catcher_id,jobma_catcher_company,jobma_functional,jobma_catcher_indus,jobma_catcher_title,jobma_catcher_otype,jobma_catcher_status,jobma_catcher_creation,jobma_catcher_type,is_premium,jobma_verified,subscription_status,sub_user,per_sub_user,live_interview_credit,pre_recorded_credit,ai_live_interview_credit,interview_cost_type,referral_credit,company_size,ai_live_interview,days_since_creation
1,Jobma,Accounting & Finance,2,0,1,0,2023-06-21,1,0,1,1,0,100,1.0,1.0,1.0,0,0,1-25,0,664.0
92,Select Source International,Accounting & Finance,2,0,1,1,2016-11-22,1,1,1,2,999,100,1.0,1.0,1.0,1,0,1-25,0,3066.0
96,Select Source International,IT Application Programming / Maintenance,IT-Software/Software Services,0,1,1,2016-01-20,0,0,1,1,0,100,1.0,1.0,1.0,1,0,1-25,0,3373.0
106,Singhal System Solutions Pvt. Ltd.,IT Software- ERP / CRM,IT-Software/Software Services,0,1,-1,2012-12-08,0,1,1,2,999,100,1.0,1.0,1.0,1,0,1-25,0,4511.0
117,Select Source International,Human Resources,"Computer (Hardware, Software, & IT)",0,1,1,2013-09-17,0,0,1,1,0,100,1.0,1.0,1.0,1,0,1-25,0,4228.0
124,Aviation Company,Airlines & Automotive,Airline,0,1,1,2013-11-15,0,1,1,2,999,100,1.0,1.0,1.0,1,0,1-25,0,4169.0
125,Uk Aviation Company,Airlines & Automotive,Airline,0,1,1,2013-11-18,0,1,1,2,999,100,1.0,1.0,1.0,1,0,1-25,0,4166.0
126,EMMINENT COMPANY,Airlines & Automotive,Airline,0,1,1,2013-11-22,0,1,1,2,999,100,1.0,1.0,1.0,1,0,1-25,0,4162.0
127,C H Robinson,Supply Chain,Shipping Services,0,1,1,2013-11-28,0,1,1,2,999,100,1.0,1.0,1.0,1,0,1-25,0,4156.0
128,Medtronic,Accounting & Finance,Accounting & Finance,0,1,1,2013-12-01,0,1,1,2,999,100,1.0,1.0,1.0,1,0,1-25,0,4153.0
129,Aegis Communications Group,Human Resources,BPO/KPO/ITES,0,1,1,2013-12-03,0,1,1,2,999,100,1.0,1.0,1.0,1,0,1-25,0,4151.0
130,"Golden Compas, LLC",Business,Business Services,0,1,1,2013-12-09,0,1,1,2,999,100,1.0,1.0,1.0,1,0,1-25,0,4145.0
131,"Pump and Meter Service, Inc",Sales,Construction,0,1,1,2014-01-06,0,1,1,2,999,100,1.0,1.0,1.0,1,0,1-25,0,4117.0
132,Vaultara ,IT & Software Development,Medical & Health/Wellbeing Services,0,1,1,2014-01-06,0,1,1,2,999,100,1.0,1.0,1.0,1,0,1-25,0,4117.0
133,Westridge Marketing,Business,Internet,0,1,1,2014-01-06,0,1,1,2,999,100,1.0,1.0,1.0,1,0,1-25,0,4117.0
134,Xigent Solutions,Professional Services,"IT Recruiting, Staffing, & Temporary Labor",0,1,1,2014-01-06,0,1,1,2,999,100,1.0,1.0,1.0,1,0,1-25,0,4117.0
136,"Creditor Advocates, Inc",Accounting & Finance,Accounting & Finance,0,1,1,2014-01-06,0,1,1,2,999,100,1.0,1.0,1.0,1,0,1-25,0,4117.0
137,Swimwear Anywhere,Marketing & Media,Clothing & Textile Manufacturing,0,1,1,2014-01-07,0,1,1,2,999,100,1.0,1.0,1.0,1,0,1-25,0,4116.0
138,Hennepin County WorkForce Center,Government,Government & Military,0,1,1,2014-01-07,0,1,1,2,999,100,1.0,1.0,1.0,1,0,1-25,0,4116.0
143,H&H Partners Inc,IT & Software Development,"Computer (Hardware, Software, & IT)",0,1,1,2014-01-14,0,1,1,2,999,100,1.0,1.0,1.0,1,0,1-25,0,4109.0
148,Case Concepts,Business,Manufacturing,0,1,1,2014-01-29,0,1,1,2,999,100,1.0,1.0,1.0,1,0,1-25,0,4094.0
151,sunwest,IT & Software Development,IT-Software/Software Services,0,1,-1,2014-01-30,0,1,1,2,999,100,1.0,1.0,1.0,1,0,1-25,0,4093.0
159,Skywings Advisors Pvt Ltd,Human Resources,"IT Recruiting, Staffing, & Temporary Labor",0,1,0,2014-02-04,0,1,1,2,999,100,1.0,1.0,1.0,1,0,1-25,0,4088.0
198,Select Source International,Other,Recruitment,0,1,1,2014-04-08,0,0,1,1,0,100,1.0,1.0,1.0,1,0,1-25,0,4025.0
203,Select Source International,Other,Recruitment,0,1,1,2014-04-08,0,0,1,1,0,100,1.0,1.0,1.0,1,0,1-25,0,4025.0
207,Select Source International,Other,Recruitment,0,1,1,2014-04-08,0,0,1,1,0,100,1.0,1.0,1.0,1,0,1-25,0,4025.0
209,Select Source International,Other,Recruitment,0,1,1,2014-04-08,0,0,1,1,0,100,1.0,1.0,1.0,1,0,1-25,0,4025.0
211,Select Source International,Other,Recruitment,0,1,1,2014-04-08,0,0,1,1,0,100,1.0,1.0,1.0,1,0,1-25,0,4025.0
212,Select Source International,Other,Recruitment,0,1,1,2014-04-08,0,0,1,1,0,100,1.0,1.0,1.0,1,0,1-25,0,4025.0
223,Select Source International,Accounting & Finance,2,0,1,1,2016-11-01,0,0,1,1,0,100,1.0,1.0,1.0,1,0,1-25,0,3087.0
241,Select Source International,Other,Recruitment,0,1,1,2014-04-08,0,0,1,1,0,100,1.0,1.0,1.0,1,0,1-25,0,4025.0
252,Nationwide,Insurance,Insurance,0,1,1,2014-05-14,0,1,1,2,999,100,1.0,1.0,1.0,1,0,1-25,0,3989.0
256,Grasslands Group of Companies Inc.,Other,Other,0,1,0,2014-05-14,0,1,1,2,999,100,1.0,1.0,1.0,1,0,1-25,0,3989.0
260,Au Consultants Inc,Engineering,Engineering,0,1,0,2014-05-24,0,1,1,2,999,100,1.0,1.0,1.0,1,0,1-25,0,3979.0
262,Pacestone Construction Ltd,Engineering,Engineering,0,1,0,2014-06-01,0,1,1,2,999,100,1.0,1.0,1.0,1,0,1-25,0,3971.0
263,Red Clay Consulting,Consulting,Energy & Utilities,0,1,1,2014-06-03,0,1,1,2,999,100,1.0,1.0,1.0,1,0,1-25,0,3969.0
264,ANNAPPA.S,Health Care & Medical,Medical & Health/Wellbeing Services,0,1,0,2014-06-06,0,1,1,2,999,100,1.0,1.0,1.0,1,0,1-25,0,3966.0
265,SRG ,Administrative & Clerical,Accounting & Finance,0,1,1,2014-06-06,0,1,1,2,999,100,1.0,1.0,1.0,1,0,1-25,0,3966.0
266,medienkreis,Sales,Real Estate & Property Management,0,1,0,2014-06-19,0,1,1,2,999,100,1.0,1.0,1.0,1,0,1-25,0,3953.0
267,DChef Catering,Business,"IT Recruiting, Staffing, & Temporary Labor",0,1,0,2014-06-19,0,1,1,2,999,100,1.0,1.0,1.0,1,0,1-25,0,3953.0
268,b.pharnacy,Pharmaceutical,Research & Analysis,0,1,0,2014-06-20,0,1,1,2,999,100,1.0,1.0,1.0,1,0,1-25,0,3952.0
269,Enter Company Name,Hospitality,"Hotels, Lodging, & Tourism",0,1,0,2014-06-21,0,1,1,2,999,100,1.0,1.0,1.0,1,0,1-25,0,3951.0
270,Rajat kumar singh,Human Resources,BPO/KPO/ITES,0,1,0,2014-06-21,0,1,1,2,999,100,1.0,1.0,1.0,1,0,1-25,0,3951.0
271,dongil,Construction,Engineering,0,1,0,2014-06-22,0,1,1,2,999,100,1.0,1.0,1.0,1,0,1-25,0,3950.0
272,syntel,IT & Software Development,"Computer (Hardware, Software, & IT)",0,1,1,2014-06-22,0,1,1,2,999,100,1.0,1.0,1.0,1,0,1-25,0,3950.0
273,PARLE,Research,Research & Analysis,0,1,0,2014-06-23,0,1,1,2,999,100,1.0,1.0,1.0,1,0,1-25,0,3949.0
274,gov job,"Installation, Maintenance, & Repair",Electronics & Appliances,0,1,0,2014-06-24,0,1,1,2,999,100,1.0,1.0,1.0,1,0,1-25,0,3948.0
275,Asian paints ltd,Supply Chain,Department Store,0,1,0,2014-06-24,0,1,1,2,999,100,1.0,1.0,1.0,1,0,1-25,0,3948.0
276,3CIT ,IT & Software Development,IT-Software/Software Services,0,1,0,2014-06-25,0,1,1,2,999,100,1.0,1.0,1.0,1,0,1-25,0,3947.0
277,Angel Broking Pvt. Ltd.,Accounting & Finance,Business Services,0,1,0,2014-06-26,0,1,1,2,999,100,1.0,1.0,1.0,1,0,1-25,0,3946.0
278,Enter Company Name,Engineering,Clothing & Textile Manufacturing,0,1,0,2014-06-27,0,1,1,2,999,100,1.0,1.0,1.0,1,0,1-25,0,3945.0
279,"paint,petrol,chemical",Manufacturing,Manufacturing,0,1,0,2014-07-01,0,1,1,2,999,100,1.0,1.0,1.0,1,0,1-25,0,3941.0
280,high torque system private limited,Manufacturing,Manufacturing,0,1,0,2014-07-01,0,1,1,2,999,100,1.0,1.0,1.0,1,0,1-25,0,3941.0
281,pune,Biotech & Science,Biotechnology & Pharmaceuticals,0,1,-1,2014-07-01,0,1,1,2,999,100,1.0,1.0,1.0,1,0,1-25,0,3941.0
282,Enter Company Name,Creative & Design,"Computer (Hardware, Software, & IT)",0,1,-1,2014-07-01,0,1,1,2,999,100,1.0,1.0,1.0,1,0,1-25,0,3941.0
283, Serco Bpo,BPO/ITES,BPO/KPO/ITES,0,1,1,2014-07-06,0,1,1,2,999,100,1.0,1.0,1.0,1,0,1-25,0,3936.0
284,Flippa,Editorial & Writing,Printing & Publishing,0,1,0,2014-07-09,0,1,1,2,999,100,1.0,1.0,1.0,1,0,1-25,0,3933.0
286,Select Source International,Consulting,"IT Recruiting, Staffing, & Temporary Labor",0,1,1,2014-07-10,0,1,1,2,999,100,1.0,1.0,1.0,1,0,1-25,0,3932.0
288,Memorial Medical Center,Health Care & Medical,Medical & Health/Wellbeing Services,0,1,1,2014-07-25,0,1,1,2,999,100,1.0,1.0,1.0,1,0,1-25,0,3917.0
289,Select Source International,Accounting & Finance,2,0,1,1,2016-11-01,0,0,1,1,0,100,1.0,1.0,1.0,1,0,1-25,0,3087.0
294,Azul Systems,IT & Software Development,IT-Software/Software Services,0,1,1,2014-08-21,0,1,1,2,999,100,1.0,1.0,1.0,1,0,1-25,0,3890.0
296,Bio-Nucleonics Inc,Biotech & Science,Biotechnology & Pharmaceuticals,0,1,1,2014-08-27,0,0,1,1,0,100,1.0,1.0,1.0,1,0,1-25,0,3884.0
297,meco ind,Accounting & Finance,Accounting & Finance,0,1,0,2014-09-03,0,1,1,2,999,100,1.0,1.0,1.0,1,0,1-25,0,3877.0
298,Perimeter Healthcare Staffing,Health Care & Medical,Recruitment,0,1,0,2014-09-03,0,1,1,2,999,100,1.0,1.0,1.0,1,0,1-25,0,3877.0
299,Testing comp,IT & Software Development,IT-Software/Software Services,0,1,1,2014-09-08,0,1,1,2,999,100,1.0,1.0,1.0,1,0,1-25,0,3872.0
303,Conquerors Market,Accounting & Finance,Accounting & Finance,0,1,0,2014-10-14,0,1,1,2,999,100,1.0,1.0,1.0,1,0,1-25,0,3836.0
305,Demo Employer,IT Software- ERP / CRM,IT-Software/Software Services,0,1,1,2014-10-18,0,0,1,1,0,100,1.0,1.0,1.0,1,0,1-25,0,3832.0
307,Alpha Gamma Delta,Consulting,Non-Profit,0,1,0,2014-10-21,0,1,1,2,999,100,1.0,1.0,1.0,1,0,1-25,0,3829.0
308,Frank Company,Skilled Labor,Construction,0,1,-1,2014-10-22,0,1,1,2,999,100,1.0,1.0,1.0,1,0,1-25,0,3828.0
309,Innovate Solutions Group,Skilled Labor,Construction,0,1,-1,2014-10-28,0,1,1,2,999,100,1.0,1.0,1.0,1,0,1-25,0,3822.0
310,jnl pty ltd,Sales,Other,0,1,-1,2014-11-14,0,1,1,2,999,100,1.0,1.0,1.0,1,0,1-25,0,3805.0
313,IT Solution Provider,IT & Software Development,IT-Software/Software Services,0,1,0,2014-12-29,0,1,1,2,999,100,1.0,1.0,1.0,1,0,1-25,0,3760.0
314,IICT,IT & Software Development,"Computer (Hardware, Software, & IT)",0,1,1,2015-01-03,0,1,1,2,999,100,1.0,1.0,1.0,1,0,1-25,0,3755.0
315,InterCo,Professional Services,"Computer (Hardware, Software, & IT)",0,1,0,2015-01-06,0,1,1,2,999,100,1.0,1.0,1.0,1,0,1-25,0,3752.0
318,Antela Developments Limited,Real Estate,Real Estate & Property Management,0,1,0,2015-01-07,0,1,1,2,999,100,1.0,1.0,1.0,1,0,1-25,0,3751.0
319,Yahoo US,Accounting & Finance,Advertising & PR Services,0,Employer,0,2015-01-08,0,1,1,2,999,100,1.0,1.0,1.0,1,0,1-25,0,3750.0
321,Gutter Force,Sales,Consumer Products,0,1,1,2015-01-09,0,1,1,2,999,100,1.0,1.0,1.0,1,0,1-25,0,3749.0
322,GTS,Accounting & Finance,Accounting & Finance,0,Employer,1,2015-01-13,0,1,1,2,999,100,1.0,1.0,1.0,1,0,1-25,0,3745.0
326,"Selectek, Inc",Professional Services,Engineering,0,Employer,1,2015-03-05,0,1,1,2,999,100,1.0,1.0,1.0,1,0,1-25,0,3694.0
327,Envision27 Recruitment Private Limited,Recruitment,Recruitment,0,Recruiting Firm,0,2015-03-06,0,1,1,2,999,100,1.0,1.0,1.0,1,0,1-25,0,3693.0
328,DaddyBrand,Accounting & Finance,Internet,0,Employer,0,2015-03-09,0,1,1,2,999,100,1.0,1.0,1.0,1,0,1-25,0,3690.0
329,DaddyJo,Accounting & Finance,"Computer (Hardware, Software, & IT)",0,Ad Agency,0,2015-03-09,0,1,1,2,999,100,1.0,1.0,1.0,1,0,1-25,0,3690.0
330,http://www.dizercorp.com/,Recruitment,"IT Recruiting, Staffing, & Temporary Labor",0,1,1,2015-03-12,0,1,1,2,999,100,1.0,1.0,1.0,1,0,1-25,0,3687.0
331,cookie,Accounting & Finance,Accounting & Finance,0,1,0,2015-03-24,0,1,1,2,999,100,1.0,1.0,1.0,1,0,1-25,0,3675.0
333,InTravelGroup,Accounting & Finance,Accounting & Finance,0,1,0,2015-03-27,0,1,1,2,999,100,1.0,1.0,1.0,1,0,1-25,0,3672.0
335,Vivir Amoura,Accounting & Finance,Advertising & PR Services,0,Employer,0,2015-04-06,0,1,1,2,999,100,1.0,1.0,1.0,1,0,1-25,0,3662.0
336,Engen Enterprises,Accounting & Finance,Accounting & Finance,0,Employer,0,2015-04-07,0,1,1,2,999,100,1.0,1.0,1.0,1,0,1-25,0,3661.0
337,www.findingengineers.com,Engineering,Engineering,0,Recruiting Firm,0,2015-04-08,0,1,1,2,999,100,1.0,1.0,1.0,1,0,1-25,0,3660.0
352,russwheeler.com,Accounting & Finance,Accounting & Finance,0,Employer,0,2015-05-02,0,1,1,2,999,100,1.0,1.0,1.0,1,0,1-25,0,3636.0
353,"Peterborough Players, Inc.",Marketing & Media,Non-Profit,0,Employer,1,2015-05-13,0,1,1,2,999,100,1.0,1.0,1.0,1,0,1-25,0,3625.0
355,Aroha Technologies Inc,Accounting & Finance,Accounting & Finance,0,Recruiting Firm,1,2015-05-18,0,1,1,2,999,100,1.0,1.0,1.0,1,0,1-25,0,3620.0
356,HPT,Accounting & Finance,Accounting & Finance,0,Employer,0,2015-05-19,0,1,1,2,999,100,1.0,1.0,1.0,1,0,1-25,0,3619.0
358,Select Source International,Consulting,"IT Recruiting, Staffing, & Temporary Labor",0,1,1,2015-05-21,0,0,1,1,0,100,1.0,1.0,1.0,1,0,1-25,0,3617.0
359,SolTech,IT & Software Development,"Computer (Hardware, Software, & IT)",0,Recruiting Firm,0,2015-05-22,0,1,1,2,999,100,1.0,1.0,1.0,1,0,1-25,0,3616.0
360,TRADING OFHOSPITAL & HEALTH CARE EDUCATIONAL,Accounting & Finance,Accounting & Finance,0,Employer,0,2015-05-25,0,1,1,2,999,100,1.0,1.0,1.0,1,0,1-25,0,3613.0
363,Cyprus home and garden,Business,Retail,0,Employer,1,2015-05-27,0,1,1,2,999,100,1.0,1.0,1.0,1,0,1-25,0,3611.0
365,Select Source International,Other,Recruitment,0,1,1,2014-04-08,0,0,1,1,0,100,1.0,1.0,1.0,1,0,1-25,0,4025.0
369,Select Source International,Other,Recruitment,0,1,1,2014-04-08,0,0,1,1,0,100,1.0,1.0,1.0,1,0,1-25,0,4025.0
372,Bhim International,Accounting & Finance,Accounting & Finance,0,Employer,0,2015-06-04,0,1,1,2,999,100,1.0,1.0,1.0,1,0,1-25,0,3603.0
373,AHM PSSPL,Accounting & Finance,Accounting & Finance,0,Recruiting Firm,0,2015-06-04,0,1,1,2,999,100,1.0,1.0,1.0,1,0,1-25,0,3603.0
379,abubakar,Human Resources,Accounting & Finance,0,Recruiting Firm,0,2015-06-15,0,1,1,2,999,100,1.0,1.0,1.0,1,0,1-25,0,3592.0
384,jobconnection,Accounting & Finance,Accounting & Finance,0,Recruiting Firm,1,2015-06-19,0,1,1,2,999,100,1.0,1.0,1.0,1,0,1-25,0,3588.0
385,HMS,Accounting & Finance,Accounting & Finance,0,Employer,1,2015-06-22,0,1,1,2,999,100,1.0,1.0,1.0,1,0,1-25,0,3585.0
387,Cobonak,Accounting & Finance,Accounting & Finance,0,Employer,1,2015-07-01,0,1,1,2,999,100,1.0,1.0,1.0,1,0,1-25,0,3576.0
389,ogonyc,Retail,Clothing & Textile Manufacturing,0,Employer,1,2015-07-02,0,1,1,2,999,100,1.0,1.0,1.0,1,0,1-25,0,3575.0
392,Acosta Tax & Advisory PA,Accounting & Finance,Accounting & Finance,0,Employer,0,2015-07-06,0,1,1,2,999,100,1.0,1.0,1.0,1,0,1-25,0,3571.0
395,global roto sheka,IT & Software Development,Printing & Publishing,0,Employer,0,2015-07-09,0,1,1,2,999,100,1.0,1.0,1.0,1,0,1-25,0,3568.0
396,instajobs,Accounting & Finance,Accounting & Finance,0,Employer,0,2015-07-12,0,1,1,2,999,100,1.0,1.0,1.0,1,0,1-25,0,3565.0
404,Pinnacle Group,IT Application Programming / Maintenance,"IT Recruiting, Staffing, & Temporary Labor",0,Recruiting Firm,1,2015-07-17,0,1,1,2,999,100,1.0,1.0,1.0,1,0,1-25,0,3560.0
407,Select Source International,Other,Recruitment,0,1,1,2014-04-08,0,0,1,1,0,100,1.0,1.0,1.0,1,0,1-25,0,4025.0
414,Contract Central,Accounting & Finance,Accounting & Finance,0,Employer,1,2015-07-29,0,1,1,2,999,100,1.0,1.0,1.0,1,0,1-25,0,3548.0
426,Select Source International,Other,Recruitment,0,1,1,2014-04-08,0,0,1,1,0,100,1.0,1.0,1.0,1,0,1-25,0,4025.0
427,Montana distributors,Administrative & Clerical,Wholesalers,0,Employer,0,2015-08-06,0,1,1,2,999,100,1.0,1.0,1.0,1,0,1-25,0,3540.0
428,goTask,Other,Other,0,Recruiting Firm,1,2015-08-11,0,1,1,2,999,100,1.0,1.0,1.0,1,0,1-25,0,3535.0
431,Engage Hospitality,Hospitality,"Hotels, Lodging, & Tourism",0,Employer,1,2015-08-13,0,1,1,2,999,100,1.0,1.0,1.0,1,0,1-25,0,3533.0
433,Sweta Singh ,Accounting & Finance,Accounting & Finance,0,Employer,1,2015-08-17,0,1,1,2,999,100,1.0,1.0,1.0,1,0,1-25,0,3529.0
434,Sita,IT Software- ERP / CRM,Business Services,0,Employer,0,2015-08-17,0,1,1,2,999,100,1.0,1.0,1.0,1,0,1-25,0,3529.0
437,Adriana Hallmark,Accounting & Finance,Accounting & Finance,0,Recruiting Firm,1,2015-08-19,0,1,1,2,999,100,1.0,1.0,1.0,1,0,1-25,0,3527.0
440,Standard Window Cleaning Inc,Skilled Labor,Accounting & Finance,0,Employer,1,2015-08-23,0,1,1,2,999,100,1.0,1.0,1.0,1,0,1-25,0,3523.0
443,Hugelife Management Services Private Limited,Sales,Management,0,Recruiting Firm,1,2015-08-26,0,1,1,2,999,100,1.0,1.0,1.0,1,0,1-25,0,3520.0
446,Select Source International,Recruitment,"IT Recruiting, Staffing, & Temporary Labor",0,1,1,2015-08-29,0,1,1,2,999,100,1.0,1.0,1.0,1,0,1-25,0,3517.0
447,WDI pvt ltd,Accounting & Finance,Accounting & Finance,0,Employer,0,2015-08-29,0,1,1,2,999,100,1.0,1.0,1.0,1,0,1-25,0,3517.0
454,Select Source International,Other,Recruitment,0,1,1,2014-04-08,0,0,1,1,0,100,1.0,1.0,1.0,1,0,1-25,0,4025.0
456,Loopat,Accounting & Finance,Accounting & Finance,0,Employer,0,2015-09-04,0,1,1,2,999,100,1.0,1.0,1.0,1,0,1-25,0,3511.0
457,Autusbridge Ltd,Business,Accounting & Finance,0,Employer,0,2015-09-05,0,1,1,2,999,100,1.0,1.0,1.0,1,0,1-25,0,3510.0
462,Envision27 Recruitment Private Limited,Recruitment,Recruitment,0,1,0,2015-09-09,0,0,1,1,0,100,1.0,1.0,1.0,1,0,1-25,0,3506.0
466,Cyber Cerebs,Accounting & Finance,Accounting & Finance,0,Employer,1,2015-09-15,0,1,1,2,999,100,1.0,1.0,1.0,1,0,1-25,0,3500.0
467,QuadRipple,Accounting & Finance,Accounting & Finance,0,Employer,1,2015-09-15,0,1,1,2,999,100,1.0,1.0,1.0,1,0,1-25,0,3500.0
469,Amazon,Recruitment,Recruitment,0,1,1,2015-09-18,0,0,1,1,0,100,1.0,1.0,1.0,1,0,1-25,0,3497.0
476,Pitch Creative ,Accounting & Finance,Accounting & Finance,0,Employer,0,2015-10-04,0,1,1,2,999,100,1.0,1.0,1.0,1,0,1-25,0,3481.0
478,Envision27 Recruitment Private Limited,Recruitment,Recruitment,0,1,1,2015-10-05,0,0,1,1,0,100,1.0,1.0,1.0,1,0,1-25,0,3480.0
481,Ajith Kumar Bairneni,Accounting & Finance,Accounting & Finance,0,Employer,0,2015-10-10,0,1,1,2,999,100,1.0,1.0,1.0,1,0,1-25,0,3475.0
482,"15, 12 spring street",Accounting & Finance,Management,0,Employer,0,2015-10-12,0,1,1,2,999,100,1.0,1.0,1.0,1,0,1-25,0,3473.0
487,Select Source International,Health Care & Medical,Biotechnology & Pharmaceuticals,0,1,1,2014-04-08,0,0,1,1,0,100,1.0,1.0,1.0,1,0,1-25,0,4025.0
488,Macquarie Group Limited,Accounting & Finance,Accounting & Finance,0,Employer,1,2015-10-20,0,1,1,2,999,100,1.0,1.0,1.0,1,0,1-25,0,3465.0
500,guci consulting,Accounting & Finance,Accounting & Finance,0,Recruiting Firm,0,2015-10-28,0,1,1,2,999,100,1.0,1.0,1.0,1,0,1-25,0,3457.0
504,lodash,Accounting & Finance,Accounting & Finance,0,Employer,0,2015-10-30,0,1,1,2,999,100,1.0,1.0,1.0,1,0,1-25,0,3455.0
507,Pinnacle Group,IT Application Programming / Maintenance,"IT Recruiting, Staffing, & Temporary Labor",0,1,1,2015-11-02,0,0,1,1,0,100,1.0,1.0,1.0,1,0,1-25,0,3452.0
508,Lucky Group,IT & Software Development,Accounting & Finance,0,Employer,0,2015-11-03,0,1,1,2,999,100,1.0,1.0,1.0,1,0,1-25,0,3451.0
514,Airwil Group,Real Estate,Real Estate & Property Management,0,Employer,1,2015-11-09,0,1,1,2,999,100,1.0,1.0,1.0,1,0,1-25,0,3445.0
516,Sprout Accounting,Accounting & Finance,Accounting & Finance,0,Employer,1,2015-11-10,0,1,1,2,999,100,1.0,1.0,1.0,1,0,1-25,0,3444.0
518,WNS Global Services Pvt Ltd,BPO/ITES,Transportation & Travel,0,Employer,1,2015-11-17,0,1,1,2,999,100,1.0,1.0,1.0,1,0,1-25,0,3437.0
521,Spectrum HR Solutions,Accounting & Finance,Recruitment,0,Recruiting Firm,1,2015-11-20,0,1,1,2,999,100,1.0,1.0,1.0,1,0,1-25,0,3434.0
527,qqq,Accounting & Finance,Accounting & Finance,0,Employer,0,2015-11-27,0,1,1,2,999,100,1.0,1.0,1.0,1,0,1-25,0,3427.0
528,keya it,Accounting & Finance,Accounting & Finance,0,Recruiting Firm,0,2015-11-29,0,1,1,2,999,100,1.0,1.0,1.0,1,0,1-25,0,3425.0
530,Demo,IT Application Programming / Maintenance,IT-Software/Software Services,0,1,0,2015-12-04,0,1,1,2,999,100,1.0,1.0,1.0,1,0,1-25,0,3420.0
531,Select Demo,Accounting & Finance,Accounting & Finance,0,1,1,2015-12-10,0,1,1,2,999,100,1.0,1.0,1.0,1,0,1-25,0,3414.0
532,ABC Consultants,Accounting & Finance,Accounting & Finance,0,Employer,0,2015-12-10,0,1,1,2,999,100,1.0,1.0,1.0,1,0,1-25,0,3414.0
533,Select Demo,IT Application Programming / Maintenance,IT-Software/Software Services,0,1,0,2015-12-14,0,1,1,2,999,100,1.0,1.0,1.0,1,0,1-25,0,3410.0
536,Select Source International,Other,Recruitment,0,1,1,2014-04-08,0,0,1,1,0,100,1.0,1.0,1.0,1,0,1-25,0,4025.0
537,Select Source International,Other,Recruitment,0,1,1,2014-04-08,0,0,1,1,0,100,1.0,1.0,1.0,1,0,1-25,0,4025.0
538,Select Source International,Other,Recruitment,0,1,1,2014-04-08,0,0,1,1,0,100,1.0,1.0,1.0,1,0,1-25,0,4025.0
539,Select Source International,Other,Recruitment,0,1,1,2014-04-08,0,0,1,1,0,100,1.0,1.0,1.0,1,0,1-25,0,4025.0
540,Select Source International,Other,Recruitment,0,1,1,2014-04-08,0,0,1,1,0,100,1.0,1.0,1.0,1,0,1-25,0,4025.0
542,Select Source International,Other,Recruitment,0,1,1,2014-04-08,0,0,1,1,0,100,1.0,1.0,1.0,1,0,1-25,0,4025.0
543,Select Source International,Other,Recruitment,0,1,1,2014-04-08,0,0,1,1,0,100,1.0,1.0,1.0,1,0,1-25,0,4025.0
546,Quant Finance Academy,Accounting & Finance,Accounting & Finance,0,Recruiting Firm,0,2015-12-15,0,1,1,2,999,100,1.0,1.0,1.0,1,0,1-25,0,3409.0
549,Demo,Accounting & Finance,Accounting & Finance,0,1,0,2015-12-28,0,1,1,2,999,100,1.0,1.0,1.0,1,0,1-25,0,3396.0
551,DOS Recruiting & Consulting,Human Resources,"IT Recruiting, Staffing, & Temporary Labor",0,Recruiting Firm,0,2016-01-01,0,1,1,2,999,100,1.0,1.0,1.0,1,0,1-25,0,3392.0
552,Demo Select ,Accounting & Finance,Accounting & Finance,0,1,1,2016-01-04,0,1,1,2,999,100,1.0,1.0,1.0,1,0,1-25,0,3389.0
553,Agentimpress.me,Accounting & Finance,Accounting & Finance,0,Employer,0,2016-01-04,0,1,1,2,999,100,1.0,1.0,1.0,1,0,1-25,0,3389.0
554,err,Insurance,Insurance,0,Employer,0,2016-01-08,0,1,1,2,999,100,1.0,1.0,1.0,1,0,1-25,0,3385.0
555,Demooo,Accounting & Finance,Accounting & Finance,0,1,0,2016-01-11,0,1,1,2,999,100,1.0,1.0,1.0,1,0,1-25,0,3382.0
556,Graduate Research Assistant,Education,Education,0,Employer,1,2016-01-12,0,1,1,2,999,100,1.0,1.0,1.0,1,0,1-25,0,3381.0
557,Select Source International,Other,Recruitment,0,1,1,2016-01-12,0,0,1,1,0,100,1.0,1.0,1.0,1,0,1-25,0,3381.0
558,Select Source International,Other,Recruitment,0,1,1,2014-04-08,0,0,1,1,0,100,1.0,1.0,1.0,1,0,1-25,0,4025.0
560,Eutopia Solutions,Accounting & Finance,"IT Recruiting, Staffing, & Temporary Labor",0,Recruiting Firm,0,2016-01-13,0,1,1,2,999,100,1.0,1.0,1.0,1,0,1-25,0,3380.0
561,Demo Selectsssss,Accounting & Finance,Accounting & Finance,0,1,0,2016-01-18,0,1,1,2,999,100,1.0,1.0,1.0,1,0,1-25,0,3375.0
563,Select Source International,Other,Recruitment,0,1,1,2016-01-20,0,0,1,1,0,100,1.0,1.0,1.0,1,0,1-25,0,3373.0
564,Select Source International,Other,Recruitment,0,1,1,2016-01-20,0,0,1,1,0,100,1.0,1.0,1.0,1,0,1-25,0,3373.0
565,Ideal Personnel Services,Recruitment,"IT Recruiting, Staffing, & Temporary Labor",0,Recruiting Firm,1,2016-01-23,0,1,1,2,999,100,1.0,1.0,1.0,1,0,1-25,0,3370.0
566,AXA LIMITED,Accounting & Finance,Accounting & Finance,0,Employer,0,2016-01-25,0,1,1,2,999,100,1.0,1.0,1.0,1,0,1-25,0,3368.0
567,Autusbridge Consulting Limited,Accounting & Finance,Management,0,Employer,0,2016-01-27,0,1,1,2,999,100,1.0,1.0,1.0,1,0,1-25,0,3366.0
568,Aditya Birla Nuvo,Consulting,Architecture & Design Services,0,Employer,0,2016-01-29,0,1,1,2,999,100,1.0,1.0,1.0,1,0,1-25,0,3364.0
569,saba,Accounting & Finance,Accounting & Finance,0,Employer,0,2016-02-01,0,1,1,2,999,100,1.0,1.0,1.0,1,0,1-25,0,3361.0
570,Liperote properties,Real Estate,Real Estate & Property Management,0,Employer,0,2016-02-01,0,1,1,2,999,100,1.0,1.0,1.0,1,0,1-25,0,3361.0
571,JWITS,Accounting & Finance,Accounting & Finance,0,Employer,0,2016-02-01,0,1,1,2,999,100,1.0,1.0,1.0,1,0,1-25,0,3361.0
572,Quikjobs,Accounting & Finance,Accounting & Finance,0,Employer,0,2016-02-02,0,1,1,2,999,100,1.0,1.0,1.0,1,0,1-25,0,3360.0
573,CV-Insider,Recruitment,Recruitment,0,Employer,0,2016-02-21,0,1,1,2,999,100,1.0,1.0,1.0,1,0,1-25,0,3341.0
574,sheba,Accounting & Finance,Accounting & Finance,0,Employer,0,2016-02-21,0,1,1,2,999,100,1.0,1.0,1.0,1,0,1-25,0,3341.0
575,Select Source International,Other,Recruitment,0,1,1,2014-04-08,0,0,1,1,0,100,1.0,1.0,1.0,1,0,1-25,0,4025.0
577,Select Source International,Other,Recruitment,0,1,1,2014-04-08,0,0,1,1,0,100,1.0,1.0,1.0,1,0,1-25,0,4025.0
579,Montclair Community Hospital,Accounting & Finance,Accounting & Finance,0,Employer,0,2016-02-26,0,1,1,2,999,100,1.0,1.0,1.0,1,0,1-25,0,3336.0
580,Sungard Financial Systems,Administrative & Clerical,Accounting & Finance,0,Employer,1,2016-03-03,0,1,1,2,999,100,1.0,1.0,1.0,1,0,1-25,0,3330.0
581,Nemo Enim Ipsam,IT & Software Development,IT-Software/Software Services,0,Employer,1,2016-03-11,0,1,1,2,999,100,1.0,1.0,1.0,1,0,1-25,0,3322.0
582,ddadad,Accounting & Finance,Accounting & Finance,0,Employer,0,2016-03-11,0,1,1,2,999,100,1.0,1.0,1.0,1,0,1-25,0,3322.0
583,Akram,IT Software- ERP / CRM,"Computer (Hardware, Software, & IT)",0,Recruiting Firm,1,2016-03-15,0,1,1,2,999,100,1.0,1.0,1.0,1,0,1-25,0,3318.0
584,Atrium Staffing,Human Resources,Research & Analysis,0,Recruiting Firm,1,2016-03-15,0,1,1,2,999,100,1.0,1.0,1.0,1,0,1-25,0,3318.0
585,Triciel Technologies Pvt Ltd,IT & Software Development,IT-Software/Software Services,0,Employer,1,2016-03-23,0,1,1,2,999,100,1.0,1.0,1.0,1,0,1-25,0,3310.0
586,Sticker Factory,Creative & Design,Printing & Publishing,0,Employer,1,2016-03-24,0,1,1,2,999,100,1.0,1.0,1.0,1,0,1-25,0,3309.0
587,Zeliant,IT & Software Development,IT-Software/Software Services,0,Employer,0,2016-04-04,0,1,1,2,999,100,1.0,1.0,1.0,1,0,1-25,0,3298.0
588,RO LTD,Retail,Accounting & Finance,0,Employer,0,2016-04-04,0,1,1,2,999,100,1.0,1.0,1.0,1,0,1-25,0,3298.0
589,Lifecare Hospital,Accounting & Finance,Accounting & Finance,0,Employer,1,2016-04-06,0,1,1,2,999,100,1.0,1.0,1.0,1,0,1-25,0,3296.0
590,Innotech Laser,Other,Manufacturing,0,Employer,1,2016-04-07,0,1,1,2,999,100,1.0,1.0,1.0,1,0,1-25,0,3295.0
591,Acme,Accounting & Finance,Accounting & Finance,0,Employer,0,2016-04-07,0,1,1,2,999,100,1.0,1.0,1.0,1,0,1-25,0,3295.0
592,Dubal Holding LLC,Manufacturing,Manufacturing,0,Employer,1,2016-04-08,0,1,1,2,999,100,1.0,1.0,1.0,1,0,1-25,0,3294.0
593,ABC Corporation,IT & Software Development,"Computer (Hardware, Software, & IT)",0,Employer,0,2016-04-10,0,1,1,2,999,100,1.0,1.0,1.0,1,0,1-25,0,3292.0
594,Origin International SRL,Accounting & Finance,Accounting & Finance,0,Employer,0,2016-04-12,0,1,1,2,999,100,1.0,1.0,1.0,1,0,1-25,0,3290.0
595,JGCM Inc.,Construction,Construction,0,1,1,2016-04-14,0,1,1,2,999,100,1.0,1.0,1.0,1,0,1-25,0,3288.0
596,Sunrun,Sales,Accounting & Finance,0,Employer,1,2016-04-19,0,1,1,2,999,100,1.0,1.0,1.0,1,0,1-25,0,3283.0
597,big ideas,Accounting & Finance,Accounting & Finance,0,Employer,0,2016-04-19,0,1,1,2,999,100,1.0,1.0,1.0,1,0,1-25,0,3283.0
598,Company m=name,IT & Software Development,"Computer (Hardware, Software, & IT)",0,Employer,0,2016-04-20,0,1,1,2,999,100,1.0,1.0,1.0,1,0,1-25,0,3282.0
599,DPM & Co,Accounting & Finance,Accounting & Finance,0,Recruiting Firm,0,2016-04-21,0,1,1,2,999,100,1.0,1.0,1.0,1,0,1-25,0,3281.0
601,"Ergo Sum Healthcare, Inc.",IT & Software Development,Medical & Health/Wellbeing Services,0,Employer,1,2016-04-28,0,1,1,2,999,100,1.0,1.0,1.0,1,0,1-25,0,3274.0
602,Source Direction,Accounting & Finance,Accounting & Finance,0,Employer,0,2016-04-28,0,1,1,2,999,100,1.0,1.0,1.0,1,0,1-25,0,3274.0
603,Adam Huda Ads Agency,Accounting & Finance,Accounting & Finance,0,Ad Agency,0,2016-04-29,0,1,1,2,999,100,1.0,1.0,1.0,1,0,1-25,0,3273.0
605,Hello,Accounting & Finance,Accounting & Finance,0,Employer,0,2016-05-02,0,1,1,2,999,100,1.0,1.0,1.0,1,0,1-25,0,3270.0
606,JWnrs,Accounting & Finance,Accounting & Finance,0,Ad Agency,0,2016-05-08,0,1,1,2,999,100,1.0,1.0,1.0,1,0,1-25,0,3264.0
607,KIPL,IT & Software Development,Accounting & Finance,0,Employer,0,2016-05-11,0,1,1,2,999,100,1.0,1.0,1.0,1,0,1-25,0,3261.0
608,Apartment Reviewers ,Real Estate,Accounting & Finance,0,Employer,0,2016-05-15,0,1,1,2,999,100,1.0,1.0,1.0,1,0,1-25,0,3257.0
609,Thijssen ,Accounting & Finance,Accounting & Finance,0,Employer,0,2016-05-16,0,1,1,2,999,100,1.0,1.0,1.0,1,0,1-25,0,3256.0
610,Prestige,Accounting & Finance,Accounting & Finance,0,Recruiting Firm,0,2016-05-19,0,1,1,2,999,100,1.0,1.0,1.0,1,0,1-25,0,3253.0
611,Jazz Marketing,Business,Business Services,0,Employer,0,2016-05-20,0,1,1,2,999,100,1.0,1.0,1.0,1,0,1-25,0,3252.0
612,Supporttalent,Accounting & Finance,Accounting & Finance,0,Recruiting Firm,1,2016-05-24,0,1,1,2,999,100,1.0,1.0,1.0,1,0,1-25,0,3248.0
614,WomenCorporateDirectors,Non-Profit,Other,0,Employer,0,2016-05-26,0,1,1,2,999,100,1.0,1.0,1.0,1,0,1-25,0,3246.0
615,Mirne,Marketing & Media,Other,0,Employer,0,2016-05-31,0,1,1,2,999,100,1.0,1.0,1.0,1,0,1-25,0,3241.0
616,Websterapp,IT & Software Development,"Computer (Hardware, Software, & IT)",0,Employer,0,2016-06-01,0,1,1,2,999,100,1.0,1.0,1.0,1,0,1-25,0,3240.0
619,Amazon,IT & Software Development,Accounting & Finance,0,Employer,1,2016-06-02,0,1,1,2,999,100,1.0,1.0,1.0,1,0,1-25,0,3239.0
621,Vasko,Accounting & Finance,Accounting & Finance,0,Employer,0,2016-06-06,0,1,1,2,999,100,1.0,1.0,1.0,1,0,1-25,0,3235.0
622,Select Source International,Other,Recruitment,0,1,1,2014-04-08,0,0,1,1,0,100,1.0,1.0,1.0,1,0,1-25,0,4025.0
623,fdgdfg,Accounting & Finance,Accounting & Finance,0,Employer,0,2016-06-06,0,1,1,2,999,100,1.0,1.0,1.0,1,0,1-25,0,3235.0
624,Select Source International,Other,Recruitment,0,1,1,2014-04-08,0,0,1,1,0,100,1.0,1.0,1.0,1,0,1-25,0,4025.0
625,Vasko Personal,Sales,Recruitment,0,Recruiting Firm,0,2016-06-09,0,1,1,2,999,100,1.0,1.0,1.0,1,0,1-25,0,3232.0
626,SS solution,Accounting & Finance,Accounting & Finance,0,Recruiting Firm,0,2016-06-11,0,1,1,2,999,100,1.0,1.0,1.0,1,0,1-25,0,3230.0
629,Select Source International,Consulting,Recruitment,0,Recruiting Firm,1,2016-06-20,0,0,1,1,0,100,1.0,1.0,1.0,1,0,1-25,0,3221.0
630,abc company,Accounting & Finance,Accounting & Finance,0,Employer,0,2016-06-21,0,1,1,2,999,100,1.0,1.0,1.0,1,0,1-25,0,3220.0
631,SSNT,Accounting & Finance,Accounting & Finance,0,Employer,0,2016-06-22,0,1,1,2,999,100,1.0,1.0,1.0,1,0,1-25,0,3219.0
633,Team Velocity Marketing,Marketing & Media,Automotive,0,Ad Agency,1,2016-06-29,0,1,1,2,999,100,1.0,1.0,1.0,1,0,1-25,0,3212.0
634,Gannett ,Marketing & Media,Advertising & PR Services,0,Employer,0,2016-06-30,0,1,1,2,999,100,1.0,1.0,1.0,1,0,1-25,0,3211.0
635,papa Johns,Accounting & Finance,Accounting & Finance,0,Employer,0,2016-06-30,0,1,1,2,999,100,1.0,1.0,1.0,1,0,1-25,0,3211.0
636,Mitchell Morrison,Consulting,Education,0,1,0,2016-07-02,0,1,1,2,999,100,1.0,1.0,1.0,1,0,1-25,0,3209.0
637,CompuSource HCC,Consulting,"Computer (Hardware, Software, & IT)",0,Recruiting Firm,1,2016-07-05,0,1,1,2,999,100,1.0,1.0,1.0,1,0,1-25,0,3206.0
638,ProVal Technologies,IT Application Programming / Maintenance,IT-Software/Software Services,0,Employer,1,2016-07-07,0,1,1,2,999,100,1.0,1.0,1.0,1,0,1-25,0,3204.0
639,Proval Technologies,Accounting & Finance,Accounting & Finance,0,Employer,1,2016-07-08,0,1,1,2,999,100,1.0,1.0,1.0,1,0,1-25,0,3203.0
641,ninehertz,Hospitality,Consumer Products,0,Employer,1,2016-07-13,0,1,1,2,999,100,1.0,1.0,1.0,1,0,1-25,0,3198.0
642,abc,Accounting & Finance,Accounting & Finance,0,Employer,0,2016-07-14,0,1,1,2,999,100,1.0,1.0,1.0,1,0,1-25,0,3197.0
643,http://www.hcsgcorp.com,Management,Medical & Health/Wellbeing Services,0,Employer,1,2016-07-26,0,1,1,2,999,100,1.0,1.0,1.0,1,0,1-25,0,3185.0
644,N/A,Accounting & Finance,Accounting & Finance,0,Recruiting Firm,0,2016-07-27,0,1,1,2,999,100,1.0,1.0,1.0,1,0,1-25,0,3184.0
645,Joel Mikelionis,Engineering,Engineering,0,1,0,2016-07-29,0,1,1,2,999,100,1.0,1.0,1.0,1,0,1-25,0,3182.0
649,Innov8 Change ,Consulting,Business Services,0,1,0,2016-08-16,0,1,1,2,999,100,1.0,1.0,1.0,1,0,1-25,0,3164.0
650,Seagate,Accounting & Finance,Accounting & Finance,0,Employer,0,2016-08-16,0,1,1,2,999,100,1.0,1.0,1.0,1,0,1-25,0,3164.0
651,TR,Accounting & Finance,Accounting & Finance,0,Employer,0,2016-08-20,0,1,1,2,999,100,1.0,1.0,1.0,1,0,1-25,0,3160.0
652,PT Dumo Diagnostik Indonesia,Distribution,Chemicals,0,Employer,1,2016-08-22,0,1,1,2,999,100,1.0,1.0,1.0,1,0,1-25,0,3158.0
653,Daimler Trucks north america,Engineering,Accounting & Finance,0,1,0,2016-08-23,0,1,1,2,999,100,1.0,1.0,1.0,1,0,1-25,0,3157.0
654,1974,Warehouse,Waste Management,0,Recruiting Firm,0,2016-08-24,0,1,1,2,999,100,1.0,1.0,1.0,1,0,1-25,0,3156.0
655,University of Michigan-Dearborn,Engineering,Industrial,0,Employer,1,2016-08-24,0,1,1,2,999,100,1.0,1.0,1.0,1,0,1-25,0,3156.0
656,De Souza Direct,Customer Service,Retail,0,Employer,0,2016-08-26,0,1,1,2,999,100,1.0,1.0,1.0,1,0,1-25,0,3154.0
657,Sanver Group,Accounting & Finance,Accounting & Finance,0,Employer,1,2016-08-31,0,1,1,2,999,100,1.0,1.0,1.0,1,0,1-25,0,3149.0
658,Einrot,Business,Business Services,0,Ad Agency,0,2016-09-02,0,1,1,2,999,100,1.0,1.0,1.0,1,0,1-25,0,3147.0
659,Nine Square Prints i Pvt Ltd,Purchasing,Printing & Publishing,0,Employer,0,2016-09-03,0,1,1,2,999,100,1.0,1.0,1.0,1,0,1-25,0,3146.0
660,The Strategic Sales Center,Accounting & Finance,Accounting & Finance,0,Employer,0,2016-09-07,0,1,1,2,999,100,1.0,1.0,1.0,1,0,1-25,0,3142.0
662,Select Source International,Other,Recruitment,0,1,1,2014-04-08,0,0,1,1,0,100,1.0,1.0,1.0,1,0,1-25,0,4025.0
663,Select Source International,Other,Recruitment,0,1,1,2014-04-08,0,0,1,1,0,100,1.0,1.0,1.0,1,0,1-25,0,4025.0
664,dji consul,Consulting,Business Services,0,Employer,0,2016-09-19,0,1,1,2,999,100,1.0,1.0,1.0,1,0,1-25,0,3130.0
665,Select Source International,Other,Recruitment,0,1,1,2014-04-08,0,0,1,1,0,100,1.0,1.0,1.0,1,0,1-25,0,4025.0
666,Select Source International,Other,Recruitment,0,1,1,2014-04-08,0,0,1,1,0,100,1.0,1.0,1.0,1,0,1-25,0,4025.0
668,Optima,Sales,Insurance,0,1,0,2016-09-22,0,1,1,2,999,100,1.0,1.0,1.0,1,0,1-25,0,3127.0
675,ABC Consulting,12,14,0,2,1,2016-10-03,1,1,1,2,999,100,1.0,1.0,1.0,1,0,1-25,0,3116.0
677,Select Source International,Other,Recruitment,0,1,1,2014-04-08,0,0,1,1,0,100,1.0,1.0,1.0,1,0,1-25,0,4025.0
687,visog,13,0,0,2,0,2016-10-16,1,1,1,2,999,100,1.0,1.0,1.0,1,0,1-25,0,3103.0
688,Maladent Bt.,34,17,0,1,1,2016-10-17,1,1,1,2,999,100,1.0,1.0,1.0,1,0,1-25,0,3102.0
691,Geekshore,Accounting & Finance,2,0,1,1,2016-10-27,1,0,1,1,0,100,1.0,1.0,1.0,1,0,1-25,0,3092.0
692,DTAWAVE,12,4,0,1,1,2016-10-28,1,1,1,2,999,100,1.0,1.0,1.0,1,0,1-25,0,3091.0
707,Cynet Systems,82,20|73,0,2,1,2016-11-08,1,1,1,2,999,100,1.0,1.0,1.0,1,0,1-25,0,3080.0
708,GeekWave,2,1,0,1,1,2016-11-08,1,1,1,2,999,100,1.0,1.0,1.0,1,0,1-25,0,3080.0
709,Select Source International 1,82,73,0,1,1,2016-11-09,1,1,1,2,999,100,1.0,1.0,1.0,1,0,1-25,0,3079.0
710,Z Staffing,18,20,0,2,1,2016-11-09,1,1,1,2,999,100,1.0,1.0,1.0,1,0,1-25,0,3079.0
711,Select Source International,Accounting & Finance,2,0,1,1,2016-11-01,0,0,1,1,0,100,1.0,1.0,1.0,1,0,1-25,0,3087.0
712,Select Source International,Accounting & Finance,2,0,1,1,2016-11-11,1,0,1,1,0,100,1.0,1.0,1.0,1,0,1-25,0,3077.0
713,Select Source International,Consulting,Recruitment,0,1,1,2016-11-11,1,0,1,1,0,100,1.0,1.0,1.0,1,0,1-25,0,3077.0
714,Select Source International,Consulting,Recruitment,0,1,1,2016-11-11,1,0,1,1,0,100,1.0,1.0,1.0,1,0,1-25,0,3077.0
715,Select Source International,Consulting,Recruitment,0,1,1,2016-11-11,1,0,1,1,0,100,1.0,1.0,1.0,1,0,1-25,0,3077.0
716,Select Source International,Consulting,Recruitment,0,1,1,2016-11-11,1,0,1,1,0,100,1.0,1.0,1.0,1,0,1-25,0,3077.0
717,Select Source International,Consulting,Recruitment,0,1,1,2016-11-11,1,0,1,1,0,100,1.0,1.0,1.0,1,0,1-25,0,3077.0
718,Select Source International,Consulting,Recruitment,0,1,1,2016-11-11,1,0,1,1,0,100,1.0,1.0,1.0,1,0,1-25,0,3077.0
719,Select Source International,Consulting,Recruitment,0,1,1,2016-11-11,1,0,1,1,0,100,1.0,1.0,1.0,1,0,1-25,0,3077.0
720,Select Source International,Consulting,Recruitment,0,1,1,2016-11-11,1,0,1,1,0,100,1.0,1.0,1.0,1,0,1-25,0,3077.0
721,Select Source International,Consulting,Recruitment,0,1,1,2016-11-11,1,0,1,1,0,100,1.0,1.0,1.0,1,0,1-25,0,3077.0
722,Select Source International,Consulting,Recruitment,0,1,1,2016-11-11,1,0,1,1,0,100,1.0,1.0,1.0,1,0,1-25,0,3077.0
723,Leading MNC comapny,Accounting & Finance,2,0,1,1,2016-11-11,1,0,1,1,0,100,1.0,1.0,1.0,1,0,1-25,0,3077.0
724,our home transitional company,3,0,0,1,1,2016-11-11,1,1,1,2,999,100,1.0,1.0,1.0,1,0,1-25,0,3077.0
725,Future Balloons,57,85,0,1,1,2016-11-16,1,1,1,2,999,100,1.0,1.0,1.0,1,0,1-25,0,3072.0
726,SSI,14|15,15,0,1,1,2016-11-16,1,1,1,2,999,100,1.0,1.0,1.0,1,0,1-25,0,3072.0
727,Geekshore,Accounting & Finance,2,0,1,1,2016-11-17,1,0,1,1,0,100,1.0,1.0,1.0,1,0,1-25,0,3071.0
728,Rising Sun Energy Center,62,80,0,1,1,2016-11-18,1,1,1,2,999,100,1.0,1.0,1.0,1,0,1-25,0,3070.0
730,Zagg Global,28,18,0,1,1,2016-11-22,1,1,1,2,999,100,1.0,1.0,1.0,1,0,1-25,0,3066.0
731,600096,81,18,0,101,1,2016-11-23,1,1,1,2,999,100,1.0,1.0,1.0,1,0,1-25,0,3065.0
732,SSI Testing,4|5|10,2|3|4,0,2,1,2016-11-24,1,1,1,2,999,100,1.0,1.0,1.0,1,0,1-25,0,3064.0
737,Stellium Consulting India Pvt Ltd,22|25,23,0,1,0,2016-11-24,1,1,1,2,999,100,1.0,1.0,1.0,1,0,1-25,0,3064.0
741,43243242,62,2,0,1,0,2016-11-26,1,1,1,2,999,100,1.0,1.0,1.0,1,0,1-25,0,3062.0
742,66464,4|5|6,2|3|4,0,1,0,2016-11-30,1,1,1,2,999,100,1.0,1.0,1.0,1,0,1-25,0,3058.0
745,Select Source International,Accounting & Finance,2,0,1,1,2016-11-30,1,0,1,1,0,100,1.0,1.0,1.0,1,0,1-25,0,3058.0
746,SSI,4|5|6|8,2|3|4,0,2,1,2016-11-30,1,1,1,2,999,100,1.0,1.0,1.0,1,0,1-25,0,3058.0
747,Select Source International,Accounting & Finance,2,0,1,1,2016-11-30,1,0,1,1,0,100,1.0,1.0,1.0,1,0,1-25,0,3058.0
748,Select Source International,Accounting & Finance,2,0,1,1,2016-11-30,1,0,1,1,0,100,1.0,1.0,1.0,1,0,1-25,0,3058.0
749,RE,50|91,113,0,1,1,2016-11-30,1,1,1,2,999,100,1.0,1.0,1.0,1,0,1-25,0,3058.0
750,DTAWAVE,Accounting & Finance,2,0,1,1,2016-12-05,1,0,1,1,0,100,1.0,1.0,1.0,1,0,1-25,0,3053.0
751,Select Source International,Accounting & Finance,2,0,1,1,2016-12-06,1,0,1,1,0,100,1.0,1.0,1.0,1,0,1-25,0,3052.0
752,Select Source International,Accounting & Finance,2,0,1,1,2016-12-06,1,0,1,1,0,100,1.0,1.0,1.0,1,0,1-25,0,3052.0
753,Select Source International,Accounting & Finance,2,0,1,1,2016-12-06,1,0,1,1,0,100,1.0,1.0,1.0,1,0,1-25,0,3052.0
755,Viifie,13,36,0,1,1,2016-12-06,1,1,1,2,999,100,1.0,1.0,1.0,1,0,1-25,0,3052.0
758,Transdev,102,121,0,1,1,2016-12-11,1,1,1,2,999,100,1.0,1.0,1.0,1,0,1-25,0,3047.0
759,Gorgeous Gorgeous,9,15,0,1,1,2016-12-14,1,1,1,2,999,100,1.0,1.0,1.0,1,0,1-25,0,3044.0
760,Belle Maison Agency,75,36,0,2,1,2016-12-19,1,1,1,2,999,100,1.0,1.0,1.0,1,0,1-25,0,3039.0
761,Pinnacle Info Services PVT LTD,39,36,0,2,1,2016-12-20,1,1,1,2,999,100,1.0,1.0,1.0,1,0,1-25,0,3038.0
763,Jobma LLc,22,24,0,1,1,2016-12-23,1,1,1,2,999,100,1.0,1.0,1.0,1,0,1-25,0,3035.0
764,Sky Blue,8,76,0,2,1,2016-12-24,1,1,1,2,999,100,1.0,1.0,1.0,1,0,1-25,0,3034.0
766,Jobma LLc,Accounting & Finance,2,0,1,1,2016-12-27,1,0,1,1,0,100,1.0,1.0,1.0,1,0,1-25,0,3031.0
767,PT Aed Oil,4,1,0,2,1,2016-12-29,1,1,1,2,999,100,1.0,1.0,1.0,1,0,1-25,0,3029.0
768,PT Angkasa Pura,13,1,0,1,1,2016-12-29,1,1,1,2,999,100,1.0,1.0,1.0,1,0,1-25,0,3029.0
769,Career Buzz,6,1,0,1,1,2016-12-31,1,1,1,2,999,100,1.0,1.0,1.0,1,0,1-25,0,3027.0
770,Select Source International,Accounting & Finance,2,0,1,1,2017-01-04,1,0,1,1,0,100,1.0,1.0,1.0,1,0,1-25,0,3023.0
771,NIH,34,28,0,1,0,2017-01-04,1,1,1,2,999,100,1.0,1.0,1.0,1,0,1-25,0,3023.0
772,National Institutes of Health,74,28,0,1,1,2017-01-04,1,1,1,2,999,100,1.0,1.0,1.0,1,0,1-25,0,3023.0
773,Groupon,23,72,0,1,1,2017-01-07,1,1,1,2,999,100,1.0,1.0,1.0,1,0,1-25,0,3020.0
774,Alexion Pharmaceutical Company,34,43,0,2,1,2017-01-09,1,1,1,2,999,100,1.0,1.0,1.0,1,0,1-25,0,3018.0
775,Xpert Conexions,66,36,0,2,1,2017-01-09,1,1,1,2,999,100,1.0,1.0,1.0,1,0,1-25,0,3018.0
777,Select Source International,Accounting & Finance,2,0,1,1,2017-01-12,1,0,1,1,0,100,1.0,1.0,1.0,1,0,1-25,0,3015.0
778,Magid Glove & Safety Manufacturing Company LLC,54,105,0,1,1,2017-01-16,1,1,1,2,999,100,1.0,1.0,1.0,1,0,1-25,0,3011.0
780,Acres Craft Cannabis ,34,107,0,1,1,2017-01-17,1,1,1,2,999,100,1.0,1.0,1.0,1,0,1-25,0,3010.0
781,DTAwave,21,23,0,1,1,2017-01-18,1,1,1,2,999,100,1.0,1.0,1.0,1,0,1-25,0,3009.0
782,Amin,78,23,0,1,1,2017-01-20,1,1,1,2,999,100,1.0,1.0,1.0,1,0,1-25,0,3007.0
783,mahal,4,78,0,1,1,2017-01-20,1,1,1,2,999,100,1.0,1.0,1.0,1,0,1-25,0,3007.0
784,TextRecruit,25,36,0,1,1,2017-01-24,1,1,1,2,999,100,1.0,1.0,1.0,1,0,1-25,0,3003.0
785,bab,8,7,0,1,1,2017-01-27,1,1,1,2,999,100,1.0,1.0,1.0,1,0,1-25,0,3000.0
787,Select Source International,Accounting & Finance,2,0,1,1,2017-01-27,1,0,1,1,0,100,1.0,1.0,1.0,1,0,1-25,0,3000.0
788,Precision Additives,57,8,0,1,1,2017-02-01,1,1,1,2,999,100,1.0,1.0,1.0,1,0,1-25,0,2995.0
789,SELECT SOURCE INTERNATIONAL,69,98,0,2,0,2017-02-02,1,1,1,2,999,100,1.0,1.0,1.0,1,0,1-25,0,2994.0
790,amazone,Accounting & Finance,2,3,1,1,2017-02-03,1,1,1,2,999,100,1.0,1.0,1.0,1,0,1-25,0,2993.0
791,websites,Accounting & Finance,2,8,2,1,2017-02-03,1,1,1,2,999,100,1.0,1.0,1.0,1,0,1-25,0,2993.0
792,1204,71,14,0,18,1,2017-02-04,1,1,1,2,999,100,1.0,1.0,1.0,1,0,1-25,0,2992.0
793,Intention Consulting,41,2,0,1,1,2017-02-04,1,1,1,2,999,100,1.0,1.0,1.0,1,0,1-25,0,2992.0
794,"Wonderlic, Inc",Accounting & Finance,2,3,1,1,2017-02-06,1,1,1,2,999,100,1.0,1.0,1.0,1,0,1-25,0,2990.0
795,Checkr Inc.,25,23,0,1,1,2017-02-06,1,1,1,2,999,100,1.0,1.0,1.0,1,0,1-25,0,2990.0
796,rtyuijhh,Accounting & Finance,2,4,1,1,2017-02-08,1,1,1,2,999,100,1.0,1.0,1.0,1,0,1-25,0,2988.0
798,Select Source International,Accounting & Finance,2,0,1,1,2017-02-28,1,0,1,1,0,100,1.0,1.0,1.0,1,0,1-25,0,2968.0
799,eeeeeeeeeeeee,78,23,0,1,0,2017-03-02,1,1,1,2,999,100,1.0,1.0,1.0,1,0,1-25,0,2966.0
800,SSI,4,10,0,1,0,2017-03-10,1,1,1,2,999,100,1.0,1.0,1.0,1,0,1-25,0,2958.0
801,Tela Network,Accounting & Finance,2,1,1,1,2017-03-18,1,1,1,2,999,100,1.0,1.0,1.0,1,0,1-25,0,2950.0
802,Recrudio,76,1,0,1,0,2017-03-20,1,1,1,2,999,100,1.0,1.0,1.0,1,0,1-25,0,2948.0
803,jobma,Accounting & Finance,2,1,1,1,2017-03-24,1,1,1,2,999,100,1.0,1.0,1.0,1,0,1-25,0,2944.0
804,Digi,Accounting & Finance,2,2,1,1,2017-03-24,1,1,1,2,999,100,1.0,1.0,1.0,1,0,1-25,0,2944.0
805,SSI,Accounting & Finance,2,3,1,1,2017-03-27,1,1,1,2,999,100,1.0,1.0,1.0,1,0,1-25,0,2941.0
806,ArteezHR Pvt. Ltd.,108,36,0,2,1,2017-04-06,1,1,1,2,999,100,1.0,1.0,1.0,1,0,1-25,0,2931.0
807,Select Source International,Accounting & Finance,2,0,1,1,2017-04-07,1,0,1,1,0,100,1.0,1.0,1.0,1,0,1-25,0,2930.0
808,JOBMA,Accounting & Finance,2,1,1,1,2017-04-14,1,1,1,2,999,100,1.0,1.0,1.0,1,0,1-25,0,2923.0
809,Select Source International,Accounting & Finance,2,0,1,1,2017-04-19,1,0,1,1,0,100,1.0,1.0,1.0,1,0,1-25,0,2918.0
810,Select Source International,Accounting & Finance,2,0,1,1,2017-04-19,1,0,1,1,0,100,1.0,1.0,1.0,1,0,1-25,0,2918.0
813,Select Source International,Accounting & Finance,2,0,1,1,2017-04-20,1,0,1,1,0,100,1.0,1.0,1.0,1,0,1-25,0,2917.0
814,NewStyle Communities,91,113,0,1,1,2017-04-20,1,1,1,2,999,100,1.0,1.0,1.0,1,0,1-25,0,2917.0
815,JAC,35,90,8,1,1,2017-04-26,1,1,1,2,999,100,1.0,1.0,1.0,1,0,1-25,0,2911.0
816,Newsom,Accounting & Finance,2,1,1,1,2017-05-05,1,1,1,2,999,100,1.0,1.0,1.0,1,0,1-25,0,2902.0
817,joe bloggs ltd,3,11,1,1,1,2017-05-06,1,1,1,2,999,100,1.0,1.0,1.0,1,0,1-25,0,2901.0
818,Bio-Rad Laboratories,13,80,2,1,1,2017-05-10,1,1,1,2,999,100,1.0,1.0,1.0,1,0,1-25,0,2897.0
819,Elite Staffing Group LLC,59|60|74|78,1|23|28|36|82,1,1,1,2017-05-18,1,1,1,2,999,100,1.0,1.0,1.0,1,0,1-25,0,2889.0
820,Select Source International,Accounting & Finance,2,0,1,1,2017-05-19,1,0,1,1,0,100,1.0,1.0,1.0,1,0,1-25,0,2888.0
821,zain,Accounting & Finance,2,1,1,1,2017-05-25,1,1,1,2,999,100,1.0,1.0,1.0,1,0,1-25,0,2882.0
822,IonIdea Inc,21|22|23|25|26|35|58,85,4,1,1,2017-05-25,1,1,1,2,999,100,1.0,1.0,1.0,1,0,1-25,0,2882.0
823,Corporate Press,35,32,4,1,1,2017-05-30,1,1,1,2,999,100,1.0,1.0,1.0,1,0,1-25,0,2877.0
824,Glenda Shop,Accounting & Finance,2,7,1,1,2017-06-05,1,1,1,2,999,100,1.0,1.0,1.0,1,0,1-25,0,2871.0
825,Lumata,21,64,2,1,1,2017-06-05,1,1,1,2,999,100,1.0,1.0,1.0,1,0,1-25,0,2871.0
826,TRINIDIGITAL,50,43,1,1,1,2017-06-08,1,1,1,2,999,100,1.0,1.0,1.0,1,0,1-25,0,2868.0
827,Industrial Fabrics,Accounting & Finance,2,4,1,1,2017-06-09,1,1,1,2,999,100,1.0,1.0,1.0,1,0,1-25,0,2867.0
828,Recrudio,76,36,2,1,0,2017-06-11,1,1,1,2,999,100,1.0,1.0,1.0,1,0,1-25,0,2865.0
829,local testing,Accounting & Finance,2,4,1,1,2017-06-12,1,1,1,2,999,100,1.0,1.0,1.0,1,0,1-25,0,2864.0
830,adad,50,100,1,1,1,2017-06-12,1,1,1,2,999,100,1.0,1.0,1.0,1,0,1-25,0,2864.0
832,Sunnylife,94,37,2,1,1,2017-06-19,1,1,1,2,999,100,1.0,1.0,1.0,1,0,1-25,0,2857.0
833,Hitachi India,Accounting & Finance,2,0,1,1,2017-06-21,1,1,1,2,999,100,1.0,1.0,1.0,1,0,1-25,0,2855.0
834,Looking For Value,6,82,8,1,1,2017-06-26,1,1,1,2,999,100,1.0,1.0,1.0,1,0,1-25,0,2850.0
837,faca export sl,Accounting & Finance,2,2,1,1,2017-06-28,1,1,1,2,999,100,1.0,1.0,1.0,1,0,1-25,0,2848.0
838,select source internanional ,62,78,1,1,0,2017-07-03,1,1,1,2,999,100,1.0,1.0,1.0,1,0,1-25,0,2843.0
839,ABC,4,2,2,1,-1,2017-07-04,1,1,1,2,999,100,1.0,1.0,1.0,1,0,1-25,0,2842.0
840,Body Sculpting Clinics,52,79,1,1,1,2017-07-11,1,1,1,2,999,100,1.0,1.0,1.0,1,0,1-25,0,2835.0
841,Mavenco,95,36,1,1,1,2017-07-11,1,1,1,2,999,100,1.0,1.0,1.0,1,0,1-25,0,2835.0
842,Trigno,Accounting & Finance,2,2,1,-1,2017-07-13,1,1,1,2,999,100,1.0,1.0,1.0,1,0,1-25,0,2833.0
843,Skye,21,23,4,1,-1,2017-07-18,1,1,1,2,999,100,1.0,1.0,1.0,1,0,1-25,0,2828.0
844,Jobma,54,36,1,1,1,2017-07-21,1,1,1,2,999,100,1.0,1.0,1.0,1,0,1-25,0,2825.0
845,MyPost,40,23|24,1,1,0,2017-07-24,1,1,1,2,999,100,1.0,1.0,1.0,1,0,1-25,0,2822.0
846,DTAWAVE,Accounting & Finance,2,0,1,0,2017-07-25,1,0,1,1,0,100,1.0,1.0,1.0,1,0,1-25,0,2821.0
847,Select Source International,76,23,2,1,0,2017-07-27,1,1,1,2,999,100,1.0,1.0,1.0,1,0,1-25,0,2819.0
848,Select Source International,Accounting & Finance,2,0,1,0,2017-07-27,1,0,1,1,0,100,1.0,1.0,1.0,1,0,1-25,0,2819.0
849,Select Source International,Accounting & Finance,2,0,1,0,2017-07-27,1,0,1,1,0,100,1.0,1.0,1.0,1,0,1-25,0,2819.0
850,Select Source International,Accounting & Finance,2,0,1,0,2017-07-27,1,0,1,1,0,100,1.0,1.0,1.0,1,0,1-25,0,2819.0
851,Select Source International,13,101,6,1,0,2017-07-27,1,1,1,2,999,100,1.0,1.0,1.0,1,0,1-25,0,2819.0
852,Easy Solution Services,52,56,2,1,1,2017-07-30,1,1,1,2,999,100,1.0,1.0,1.0,1,0,1-25,0,2816.0
853,Mindstree,4,7,2,1,0,2017-07-31,1,1,1,2,999,100,1.0,1.0,1.0,1,0,1-25,0,2815.0
855,ManSquare,Accounting & Finance,2,1,1,0,2017-08-17,1,1,1,2,999,100,1.0,1.0,1.0,1,0,1-25,0,2798.0
859,Select source int,Accounting & Finance,2,1,1,1,2017-08-22,1,1,1,2,999,100,1.0,1.0,1.0,1,0,1-25,0,2793.0
871,SELECT SOURCE INTL,"49,61",1,1,2,1,2017-03-17,1,1,1,2,999,100,1.0,1.0,1.0,0,0,1-25,0,2951.0
874,SSI_JOBMA,Accounting & Finance,2,0,1,1,2017-09-05,1,0,1,1,0,100,1.0,1.0,1.0,1,0,1-25,0,2779.0
876,Select source int,Accounting & Finance,2,1,1,1,2017-09-07,1,1,1,2,999,100,1.0,1.0,1.0,1,0,1-25,0,2777.0
877,Select source int,Accounting & Finance,2,1,1,-1,2017-09-07,1,1,1,2,999,100,1.0,1.0,1.0,1,0,1-25,0,2777.0
878,Select source int,Accounting & Finance,2,1,1,-1,2017-09-07,1,1,1,2,999,100,1.0,1.0,1.0,1,0,1-25,0,2777.0
880,SSI_JOBMA,Accounting & Finance,2,0,1,1,2017-09-11,1,0,1,1,0,100,1.0,1.0,1.0,1,0,1-25,0,2773.0
881,SSI,Accounting & Finance,2,0,1,0,2017-09-18,1,0,1,1,0,100,1.0,1.0,1.0,1,0,1-25,0,2766.0
886,ss,Accounting & Finance,2,1,1,0,2017-09-25,1,1,1,2,999,100,1.0,1.0,1.0,1,0,1-25,0,2759.0
888,1212121212,Accounting & Finance,2,2,1,1,2017-10-03,1,1,1,2,999,100,1.0,1.0,1.0,1,0,1-25,0,2751.0
889,SSI,Accounting & Finance,2,1,1,1,2017-10-03,1,1,1,2,999,100,1.0,1.0,1.0,1,0,1-25,0,2751.0
890,SSI_JOBMA,Accounting & Finance,2,0,1,1,2017-10-11,1,0,1,1,0,100,1.0,1.0,1.0,1,0,1-25,0,2743.0
893,SSI_JOBMA,Accounting & Finance,2,0,1,1,2017-10-31,1,0,1,1,0,100,1.0,1.0,1.0,1,0,1-25,0,2723.0
894,SSI_JOBMA,Accounting & Finance,2,0,1,1,2017-10-31,1,0,1,1,0,100,1.0,1.0,1.0,1,0,1-25,0,2723.0
895,Select Source International PvT. Ltd,13,23,3,2,1,2017-11-01,1,1,1,2,999,100,1.0,1.0,1.0,1,0,1-25,0,2722.0
896,SSI_JOBMA,Accounting & Finance,2,0,1,1,2017-11-01,1,0,1,1,0,100,1.0,1.0,1.0,1,0,1-25,0,2722.0
897,SSI_JOBMA,Accounting & Finance,2,0,1,1,2017-11-03,1,0,1,1,0,100,1.0,1.0,1.0,1,0,1-25,0,2720.0
898,test ssi,Accounting & Finance,2,1,1,0,2017-11-03,1,1,1,2,999,100,1.0,1.0,1.0,1,0,1-25,0,2720.0
899,test ssi,Accounting & Finance,2,3,1,0,2017-11-03,1,1,1,2,999,100,1.0,1.0,1.0,1,0,1-25,0,2720.0
901,ssi,Accounting & Finance,2,1,1,0,2017-11-06,1,1,1,2,999,100,1.0,1.0,1.0,1,0,1-25,0,2717.0
902,SSI_JOBMA,Accounting & Finance,2,0,1,1,2017-11-06,1,0,1,1,0,100,1.0,1.0,1.0,1,0,1-25,0,2717.0
903,fdgfdg,Accounting & Finance,2,3,1,0,2017-11-06,1,1,1,2,999,100,1.0,1.0,1.0,1,0,1-25,0,2717.0
904,ssi,Accounting & Finance,2,1,1,0,2017-11-06,1,1,1,2,999,100,1.0,1.0,1.0,1,0,1-25,0,2717.0
905,test ssi,Accounting & Finance,2,1,1,1,2017-11-07,1,1,1,2,999,100,1.0,1.0,1.0,1,0,1-25,0,2716.0
906,SSI_JOBMA,Accounting & Finance,2,0,1,1,2017-11-07,1,0,1,1,0,100,1.0,1.0,1.0,1,0,1-25,0,2716.0
908,ssi,61,2,2,2,-1,2017-11-10,1,1,1,2,999,100,2.0,2.0,1.0,1,0,1-25,0,2713.0
909,SSI_JOBMA,Accounting & Finance,2,0,1,1,2017-11-12,1,0,1,1,0,100,1.0,1.0,1.0,1,0,1-25,0,2711.0
910,SSI,Accounting & Finance,2,3,1,0,2017-11-15,1,1,1,2,999,100,2.0,2.0,1.0,1,0,1-25,0,2708.0
913,SSI,Accounting & Finance,2,1,1,1,2017-11-26,1,1,1,2,999,100,1.0,1.0,1.0,1,0,1-25,0,2697.0
914,SSI,Accounting & Finance,2,3,1,0,2017-11-27,1,1,1,2,999,100,1.0,1.0,1.0,1,0,1-25,0,2696.0
915,SSI,Accounting & Finance,2,1,1,0,2017-11-27,1,1,1,2,999,100,1.0,1.0,1.0,1,0,1-25,0,2696.0
916,SSI_JOBMA selectsource,Accounting & Finance,2,0,1,1,2017-11-29,1,0,1,1,0,100,1.0,1.0,1.0,1,0,1-25,0,2694.0
917,SSI_JOBMA selectsource,Accounting & Finance,2,0,1,1,2017-11-29,1,0,1,1,0,100,1.0,1.0,1.0,1,0,1-25,0,2694.0
918,Jobma Inc,Accounting & Finance,2,3,1,0,2017-11-29,1,1,1,2,999,100,1.0,1.0,1.0,1,0,1-25,0,2694.0
919,ARVIND,Accounting & Finance,2,7,1,1,2017-11-30,1,1,1,2,999,100,1.0,1.0,1.0,1,0,1-25,0,2693.0
920,SSI,Accounting & Finance,2,6,1,1,2017-11-30,1,1,1,2,999,100,1.0,1.0,1.0,1,0,1-25,0,2693.0
921,SSI,Accounting & Finance,2,1,1,0,2017-11-30,1,1,1,2,999,100,1.0,1.0,1.0,1,0,1-25,0,2693.0
922,select source,Accounting & Finance,2,2,1,0,2017-12-01,1,1,1,2,999,100,3.0,1.0,1.0,1,0,1-25,0,2692.0
923,ssi,Accounting & Finance,2,1,1,0,2017-12-05,1,1,1,2,999,100,1.0,1.0,1.0,1,0,1-25,0,2688.0
925,ssi,Accounting & Finance,2,0,1,-1,2017-12-06,1,0,1,1,0,100,1.0,1.0,1.0,1,0,1-25,0,2687.0
926,ssi,Accounting & Finance,2,0,1,-1,2017-12-06,1,0,1,1,0,100,1.0,1.0,1.0,1,0,1-25,0,2687.0
927,select source,Accounting & Finance,2,0,1,0,2017-12-15,1,0,1,1,0,100,1.0,1.0,1.0,1,0,1-25,0,2678.0
929,ssi,Accounting & Finance,2,3,1,1,2017-12-19,1,1,1,2,999,100,1.0,1.0,1.0,1,0,1-25,0,2674.0
930,ssi,Accounting & Finance,2,4,1,1,2017-12-19,1,1,1,2,999,100,1.0,1.0,1.0,1,0,1-25,0,2674.0
931,ssi,Accounting & Finance,2,0,1,0,2017-12-19,1,0,1,1,0,100,1.0,1.0,1.0,1,0,1-25,0,2674.0
932,dft,Accounting & Finance,2,6,1,0,2017-12-19,1,1,1,2,999,100,1.0,1.0,1.0,1,0,1-25,0,2674.0
933,Google,Accounting & Finance,2,3,2,1,2017-12-20,1,1,1,2,999,100,1.0,1.0,1.0,1,0,1-25,0,2673.0
934,33,1,2,0,1,0,2017-12-20,1,0,1,1,0,100,1.0,1.0,1.0,1,0,1-25,0,2673.0
935,ssi,Accounting & Finance,2,2,2,1,2017-12-27,1,1,1,2,999,100,1.0,1.0,1.0,1,0,1-25,0,2666.0
936,232,Accounting & Finance,2,4,2,1,2017-12-27,1,1,1,2,999,100,1.0,1.0,1.0,1,0,1-25,0,2666.0
937,ssi,Accounting & Finance,2,6,2,1,2017-12-28,1,1,1,2,999,100,1.0,1.0,1.0,1,0,1-25,0,2665.0
938,ssi,Accounting & Finance,2,5,1,0,2017-12-28,1,1,1,2,999,100,1.0,1.0,1.0,1,0,1-25,0,2665.0
939,12,Accounting & Finance,2,2,2,1,2017-12-29,1,1,1,2,999,100,1.0,1.0,1.0,1,0,1-25,0,2664.0
940,Select Source intl,Accounting & Finance,2,1,1,1,2017-12-29,1,1,1,2,999,100,1.0,1.0,1.0,1,0,1-25,0,2664.0
941,hdhdjdjdjf,Accounting & Finance,2,4,1,1,2018-01-11,1,1,1,2,999,100,1.0,1.0,1.0,1,0,1-25,0,2651.0
942,select source international,Accounting & Finance,2,2,2,1,2018-01-16,1,1,1,2,999,100,1.0,1.0,1.0,1,0,1-25,0,2646.0
943,ssi,Accounting & Finance,2,2,1,1,2018-01-17,1,1,1,2,999,100,1.0,1.0,1.0,1,0,1-25,0,2645.0
944,ssi,Accounting & Finance,2,0,1,0,2018-01-17,1,0,1,1,0,100,1.0,1.0,1.0,1,0,1-25,0,2645.0
945,ssi,Accounting & Finance,2,1,1,1,2018-01-23,1,1,1,2,999,100,1.0,1.0,1.0,1,0,1-25,0,2639.0
946,ssi,Accounting & Finance,2,0,1,-1,2018-01-24,1,0,1,1,0,100,1.0,1.0,1.0,1,0,1-25,0,2638.0
947,SSI_JOBMA selectsource,Accounting & Finance,2,0,1,1,2018-01-28,1,0,1,1,0,100,1.0,1.0,1.0,1,0,1-25,0,2634.0
948,SSI_JOBMA selectsource,Accounting & Finance,2,0,1,1,2018-01-29,1,0,1,1,0,100,1.0,1.0,1.0,1,0,1-25,0,2633.0
951,SSI_JOBMA selectsource,Accounting & Finance,2,0,1,1,2018-01-30,1,0,1,1,0,100,1.0,1.0,1.0,1,0,1-25,0,2632.0
952,SSI_JOBMA selectsource,Accounting & Finance,2,0,1,1,2018-01-30,1,0,1,1,0,100,1.0,1.0,1.0,1,0,1-25,0,2632.0
953,ssi,Accounting & Finance,2,2,1,1,2018-01-31,1,1,1,2,999,100,1.0,1.0,1.0,1,0,1-25,0,2631.0
954,ssi,Accounting & Finance,2,2,1,1,2018-01-31,1,1,1,2,999,100,1.0,1.0,1.0,1,0,1-25,0,2631.0
955,si,Accounting & Finance,2,2,1,1,2018-01-31,1,1,1,2,999,100,1.0,1.0,1.0,1,0,1-25,0,2631.0
956,dt,Accounting & Finance,2,1,2,1,2018-01-31,1,1,1,2,999,100,1.0,1.0,1.0,1,0,1-25,0,2631.0
957,SSI_JOBMA selectsource,Accounting & Finance,2,0,1,1,2018-02-01,1,0,1,1,0,100,1.0,1.0,1.0,1,0,1-25,0,2630.0
958,ssi,Accounting & Finance,2,3,1,1,2018-02-06,1,1,1,2,999,100,1.0,1.0,1.0,1,0,1-25,0,2625.0
959,Ssi,Accounting & Finance,2,1,1,1,2018-02-06,1,1,1,2,999,100,1.0,1.0,1.0,1,0,1-25,0,2625.0
960,cA,Accounting & Finance,2,0,1,0,2018-02-06,1,0,1,1,0,100,1.0,1.0,1.0,1,0,1-25,0,2625.0
961,cA,Accounting & Finance,2,0,1,0,2018-02-06,1,0,1,1,0,100,1.0,1.0,1.0,1,0,1-25,0,2625.0
962,Select Source intl,Accounting & Finance,2,0,1,0,2018-02-06,1,0,1,1,0,100,1.0,1.0,1.0,1,0,1-25,0,2625.0
963,jobma,Accounting & Finance,2,1,2,0,2018-02-06,1,1,1,2,999,100,1.0,1.0,1.0,1,0,1-25,0,2625.0
964,Ssi,Accounting & Finance,2,0,1,0,2018-02-06,1,0,1,1,0,100,1.0,1.0,1.0,1,0,1-25,0,2625.0
965,Ssi,Accounting & Finance,2,0,1,0,2018-02-06,1,0,1,1,0,100,1.0,1.0,1.0,1,0,1-25,0,2625.0
966,Select Source intl,Accounting & Finance,2,0,1,0,2018-02-06,1,0,1,1,0,100,1.0,1.0,1.0,1,0,1-25,0,2625.0
968,Ssi,Accounting & Finance,2,0,1,0,2018-02-06,1,0,1,1,0,100,1.0,1.0,1.0,1,0,1-25,0,2625.0
969,SSI,Accounting & Finance,2,0,1,0,2018-02-06,1,0,1,1,0,100,1.0,1.0,1.0,1,0,1-25,0,2625.0
972,ssi,Accounting & Finance,2,0,1,0,2018-02-06,1,0,1,1,0,100,1.0,1.0,1.0,1,0,1-25,0,2625.0
973,ssi,Accounting & Finance,2,0,1,0,2018-02-06,1,0,1,1,0,100,1.0,1.0,1.0,1,0,1-25,0,2625.0
974,SSI,Accounting & Finance,2,0,1,0,2018-02-06,1,0,1,1,0,100,1.0,1.0,1.0,1,0,1-25,0,2625.0
975,SSI,Accounting & Finance,2,0,1,0,2018-02-06,1,0,1,1,0,100,1.0,1.0,1.0,1,0,1-25,0,2625.0
976,websites,Accounting & Finance,2,0,1,0,2018-02-06,1,0,1,1,0,100,1.0,1.0,1.0,1,0,1-25,0,2625.0
977,jobma,Accounting & Finance,2,1,2,0,2018-02-06,1,1,1,2,999,100,1.0,1.0,1.0,1,0,1-25,0,2625.0
978,SSI_JOBMA,Accounting & Finance,2,0,1,1,2018-02-06,1,0,1,1,0,100,1.0,1.0,1.0,1,0,1-25,0,2625.0
979,ssi,Accounting & Finance,2,0,1,0,2018-02-07,1,0,1,1,0,100,1.0,1.0,1.0,1,0,1-25,0,2624.0
980,PT HM Sampoerna Tbk,Accounting & Finance,2,1,2,0,2018-02-08,1,1,1,2,999,100,1.0,1.0,1.0,1,0,1-25,0,2623.0
981,SSI_JOBMA,Accounting & Finance,2,0,1,1,2018-02-12,1,0,1,1,0,100,1.0,1.0,1.0,1,0,1-25,0,2619.0
982,Ssi,Accounting & Finance,2,4,1,1,2018-02-27,1,1,1,2,999,100,1.0,1.0,1.0,1,0,1-25,0,2604.0
983,SSI_JOBMA,Accounting & Finance,2,0,1,1,2018-02-28,1,0,1,1,0,100,1.0,1.0,1.0,1,0,1-25,0,2603.0
984,ssi,Accounting & Finance,2,1,1,1,2018-03-06,1,1,1,2,999,100,10.0,10.0,1.0,1,0,1-25,0,2597.0
985,ssi,Accounting & Finance,2,0,1,0,2018-03-06,1,0,1,1,0,100,1.0,1.0,1.0,1,0,1-25,0,2597.0
986,ssi,Accounting & Finance,2,1,1,1,2018-03-06,1,1,1,2,999,100,1.0,1.0,1.0,1,0,1-25,0,2597.0
987,rrrr,Accounting & Finance,2,1,1,1,2018-03-06,1,1,1,2,999,100,1.0,1.0,1.0,1,0,1-25,0,2597.0
988,ssi,Accounting & Finance,2,0,1,0,2018-03-06,1,0,1,1,0,100,1.0,1.0,1.0,1,0,1-25,0,2597.0
989,ssi,Accounting & Finance,2,1,1,1,2018-03-06,1,1,1,2,999,100,1.0,1.0,1.0,1,0,1-25,0,2597.0
990,SSI_JOBMA,Accounting & Finance,2,0,1,1,2018-03-07,1,0,1,1,0,100,1.0,1.0,1.0,1,0,1-25,0,2596.0
993,ssi,Accounting & Finance,2,0,1,0,2018-03-12,1,0,1,1,0,100,1.0,1.0,1.0,1,0,1-25,0,2591.0
994,ssi,Accounting & Finance,2,0,1,0,2018-03-12,1,0,1,1,0,100,1.0,1.0,1.0,1,0,1-25,0,2591.0
996,ssi,Accounting & Finance,2,0,1,0,2018-03-12,1,0,1,1,0,100,1.0,1.0,1.0,1,0,1-25,0,2591.0
997,ssi,Accounting & Finance,2,0,1,0,2018-03-12,1,0,1,1,0,100,1.0,1.0,1.0,1,0,1-25,0,2591.0
998,ssi,Accounting & Finance,2,0,1,0,2018-03-12,1,0,1,1,0,100,1.0,1.0,1.0,1,0,1-25,0,2591.0
999,ssi,Accounting & Finance,2,0,1,0,2018-03-12,1,0,1,1,0,100,1.0,1.0,1.0,1,0,1-25,0,2591.0
1000,ssi,Accounting & Finance,2,3,1,1,2018-03-12,1,1,1,2,999,100,1.0,1.0,1.0,1,0,1-25,0,2591.0
1001,ssi,Accounting & Finance,2,1,1,1,2018-03-13,1,1,1,2,999,100,1.0,1.0,1.0,1,0,1-25,0,2590.0
1002,ssi,Accounting & Finance,2,1,1,1,2018-03-13,1,1,1,2,999,100,1.0,1.0,1.0,1,0,1-25,0,2590.0
1003,ssi,Accounting & Finance,2,1,1,1,2018-03-13,1,1,1,2,999,100,1.0,1.0,1.0,1,0,1-25,0,2590.0
1004,ssi,Accounting & Finance,2,1,1,1,2018-03-13,1,1,1,2,999,100,1.0,1.0,1.0,1,0,1-25,0,2590.0
1005,ssi,Accounting & Finance,2,1,1,1,2018-03-13,1,1,1,2,999,100,1.0,1.0,1.0,1,0,1-25,0,2590.0
1006,ssi,Accounting & Finance,2,1,1,1,2018-03-13,1,1,1,2,999,100,1.0,1.0,1.0,1,0,1-25,0,2590.0
1007,ssi,Accounting & Finance,2,1,1,1,2018-03-13,1,1,1,2,999,100,1.0,1.0,1.0,1,0,1-25,0,2590.0
1008,ssi,Accounting & Finance,2,0,1,0,2018-03-13,1,0,1,1,0,100,1.0,1.0,1.0,1,0,1-25,0,2590.0
1009,ssi,Accounting & Finance,2,1,1,1,2018-03-16,1,1,1,2,999,100,1.0,1.0,1.0,1,0,1-25,0,2587.0
1010,ssi,Accounting & Finance,2,1,1,1,2018-03-16,1,1,1,2,999,100,1.0,1.0,1.0,1,0,1-25,0,2587.0
1011,Jobma,Accounting & Finance,2,3,1,1,2018-03-16,1,1,1,2,999,100,1.0,1.0,1.0,1,0,1-25,0,2587.0
1012,SSi,Accounting & Finance,2,1,1,1,2018-03-16,1,1,1,2,999,100,1.0,1.0,1.0,1,0,1-25,0,2587.0
1013,ssi,Accounting & Finance,2,1,2,1,2018-03-19,1,1,1,2,999,100,1.0,85.0,1.0,1,0,1-25,0,2584.0
1014,ffi,Accounting & Finance,2,2,1,1,2018-03-19,1,1,1,2,999,100,1.0,1.0,1.0,1,0,1-25,0,2584.0
1015,SSI,Accounting & Finance,2,1,1,1,2018-03-19,1,1,1,2,999,100,1.0,1.0,1.0,1,0,1-25,0,2584.0
1016,ssi,Accounting & Finance,2,0,1,0,2018-03-20,1,0,1,1,0,100,1.0,1.0,1.0,1,0,1-25,0,2583.0
1017,SSi,Accounting & Finance,2,1,1,1,2018-03-20,1,1,1,2,999,100,1.0,1.0,1.0,1,0,1-25,0,2583.0
1018,ssi,Accounting & Finance,2,1,1,1,2018-03-21,1,1,1,2,999,100,1.0,1.0,1.0,1,0,1-25,0,2582.0
1019,ssi,Accounting & Finance,2,1,1,1,2018-03-21,1,1,1,0,999,100,1.0,1.0,1.0,1,0,1-25,0,2582.0
1021,Archrival,Accounting & Finance,2,3,1,1,2018-04-26,1,1,1,2,999,100,1.0,1.0,1.0,1,0,1-25,0,2546.0
1022,sdfghsfh,Accounting & Finance,2,1,1,1,2018-03-27,1,1,1,2,999,100,1.0,1.0,1.0,1,0,1-25,0,2576.0
1023,ssi ssi,Accounting & Finance,2,1,2,1,2018-03-27,1,1,1,2,999,100,1.0,1.0,1.0,1,0,1-25,0,2576.0
1024,sdg,Accounting & Finance,2,1,1,1,2018-03-27,1,1,1,2,999,100,1.0,1.0,1.0,1,0,1-25,0,2576.0
1025,ssi,Accounting & Finance,2,1,1,1,2018-03-27,1,1,1,2,999,100,1.0,1.0,1.0,1,0,1-25,0,2576.0
1026,ssi,Accounting & Finance,2,1,1,1,2018-03-28,1,1,1,2,999,100,1.0,1.0,1.0,1,0,1-25,0,2575.0
1027,ssi,Accounting & Finance,2,1,1,1,2018-03-28,1,1,1,2,999,100,1.0,1.0,1.0,1,0,1-25,0,2575.0
1028,ssi,Accounting & Finance,2,1,1,1,2018-03-28,1,1,1,2,999,100,1.0,1.0,1.0,1,0,1-25,0,2575.0
1029,ssi,Accounting & Finance,2,1,1,1,2018-03-28,1,1,1,2,999,100,1.0,1.0,1.0,1,0,1-25,0,2575.0
1030,sss,Accounting & Finance,2,1,1,1,2018-03-28,1,1,1,2,999,100,1.0,1.0,1.0,1,0,1-25,0,2575.0
1031,select source international,Accounting & Finance,2,0,2,0,2018-03-30,1,0,1,1,0,100,1.0,1.0,1.0,1,0,1-25,0,2573.0
1032,select source international,Accounting & Finance,2,0,2,0,2018-03-30,1,0,1,1,0,100,1.0,1.0,1.0,1,0,1-25,0,2573.0
1033,ssi,Accounting & Finance,2,1,1,1,2018-04-02,1,1,1,2,999,100,1.0,1.0,1.0,1,0,1-25,0,2570.0
1034,ssi,Accounting & Finance,2,1,1,1,2018-04-02,1,1,1,2,999,100,1.0,1.0,1.0,1,0,1-25,0,2570.0
1035,ssi,Accounting & Finance,2,1,1,1,2018-04-02,1,1,1,2,999,100,1.0,1.0,1.0,1,0,1-25,0,2570.0
1036,SSI,Accounting & Finance,2,1,1,1,2018-04-03,1,1,1,2,999,100,1.0,1.0,1.0,1,0,1-25,0,2569.0
1037,ssi,Accounting & Finance,2,1,1,1,2018-04-03,1,1,1,2,999,100,1.0,1.0,1.0,1,0,1-25,0,2569.0
1038,Company Name,Accounting & Finance,2,1,1,1,2018-04-04,1,1,1,2,999,100,1.0,1.0,1.0,1,0,1-25,0,2568.0
1039,Arvind,Accounting & Finance,2,1,1,-1,2018-04-04,1,1,1,2,999,100,1.0,1.0,1.0,1,0,1-25,0,2568.0
1040,Arvind,Accounting & Finance,2,1,1,1,2018-04-12,1,1,1,2,999,100,1.0,1.0,1.0,1,0,1-25,0,2560.0
1041,jaskaransingh,Accounting & Finance,2,2,1,1,2018-04-16,1,1,1,2,999,100,1.0,1.0,1.0,1,0,1-25,0,2556.0
1042,jaskaransingh,Accounting & Finance,2,1,2,1,2018-04-16,1,1,1,2,999,100,1.0,1.0,1.0,1,0,1-25,0,2556.0
1043,ssi,Accounting & Finance,2,0,1,-1,2018-04-17,1,0,1,1,0,100,1.0,1.0,1.0,1,0,1-25,0,2555.0
1044,ARVIND,Accounting & Finance,2,1,1,1,2018-04-18,1,1,1,2,999,100,1.0,1.0,1.0,1,0,1-25,0,2554.0
1045,SSI ,Accounting & Finance,2,1,1,1,2018-04-19,1,1,1,2,999,100,1.0,1.0,1.0,1,0,1-25,0,2553.0
1046,SELECT SOURCE INTL,Accounting & Finance,2,0,1,1,2018-04-19,1,0,1,1,0,100,1.0,1.0,1.0,1,0,1-25,0,2553.0
1047,ssi ,Accounting & Finance,2,1,1,1,2018-04-19,1,1,1,2,999,100,1.0,1.0,1.0,1,0,1-25,0,2553.0
1048,SSI,Accounting & Finance,2,4,1,1,2018-04-19,1,1,1,2,999,100,1.0,1.0,1.0,1,0,1-25,0,2553.0
1049,SSI,Accounting & Finance,2,1,1,1,2018-04-20,1,1,1,2,999,100,1.0,1.0,1.0,1,0,1-25,0,2552.0
1050,SSI,Accounting & Finance,2,0,1,0,2018-04-20,1,0,1,1,0,100,1.0,1.0,1.0,1,0,1-25,0,2552.0
1051,SSI ,Accounting & Finance,2,1,1,-1,2018-04-20,1,1,1,2,999,100,1.0,1.0,1.0,1,0,1-25,0,2552.0
1052,ssi,Accounting & Finance,2,0,1,-1,2018-04-24,1,0,1,1,0,100,1.0,1.0,1.0,1,0,1-25,0,2548.0
1053,ssi,Accounting & Finance,2,0,1,-1,2018-04-24,1,0,1,1,0,100,1.0,1.0,1.0,1,0,1-25,0,2548.0
1054,ssi,Accounting & Finance,2,0,1,-1,2018-04-25,1,0,1,1,0,100,1.0,1.0,1.0,1,0,1-25,0,2547.0
1055,select source,Accounting & Finance,2,0,1,0,2018-04-27,1,0,1,1,0,100,1.0,1.0,1.0,1,0,1-25,0,2545.0
1057,SSI ,Accounting & Finance,2,2,1,1,2018-05-17,1,1,1,2,999,100,1.0,1.0,1.0,1,0,1-25,0,2525.0
1058,SSI,Accounting & Finance,2,0,2,1,2018-05-22,1,1,1,2,999,100,1.0,1.0,1.0,1,0,1-25,0,2520.0
1059,SSI,Accounting & Finance,2,7,1,1,2018-05-24,1,1,1,2,999,100,1.0,1.0,1.0,1,0,1-25,0,2518.0
1060,SSI,Accounting & Finance,2,7,1,1,2018-05-24,1,1,1,2,999,100,1.0,1.0,1.0,1,0,1-25,0,2518.0
1061,ssi,Accounting & Finance,2,1,1,1,2018-05-24,1,1,1,2,999,100,1.0,1.0,1.0,1,0,1-25,0,2518.0
1062,ssi,Accounting & Finance,2,1,1,1,2018-05-24,1,1,1,2,999,100,1.0,1.0,1.0,1,0,1-25,0,2518.0
1063,SSi,Accounting & Finance,2,1,1,1,2018-05-24,1,1,1,2,999,100,1.0,1.0,1.0,1,0,1-25,0,2518.0
1064,ssi,Accounting & Finance,2,1,1,1,2018-05-25,1,1,1,2,999,100,1.0,1.0,1.0,1,0,1-25,0,2517.0
1065,SSI,Accounting & Finance,2,1,1,1,2018-05-29,1,1,1,2,999,100,1.0,1.0,1.0,1,0,1-25,0,2513.0
1066,SSI,Accounting & Finance,2,1,1,1,2018-05-29,1,1,1,2,999,100,1.0,1.0,1.0,1,0,1-25,0,2513.0
1067,SSI,Accounting & Finance,2,1,1,1,2018-05-29,1,1,1,2,999,100,1.0,1.0,1.0,1,0,1-25,0,2513.0
1068,SSI,Accounting & Finance,2,1,1,1,2018-05-29,1,1,1,2,999,100,1.0,1.0,1.0,1,0,1-25,0,2513.0
1069,SSI,Accounting & Finance,2,1,1,1,2018-05-29,1,1,1,2,999,100,1.0,1.0,1.0,1,0,1-25,0,2513.0
1070,SSI,Accounting & Finance,2,1,1,1,2018-05-29,1,1,1,2,999,100,1.0,1.0,1.0,1,0,1-25,0,2513.0
1071,SSI,Accounting & Finance,2,1,1,1,2018-05-29,1,1,1,2,999,100,1.0,1.0,1.0,1,0,1-25,0,2513.0
1072,SSi,Accounting & Finance,2,1,1,1,2018-05-29,1,1,1,2,999,100,1.0,1.0,1.0,1,0,1-25,0,2513.0
1073,ssi,Accounting & Finance,2,1,1,1,2018-05-29,1,1,1,2,999,100,1.0,1.0,1.0,1,0,1-25,0,2513.0
1074,ssi,Accounting & Finance,2,1,1,1,2018-05-29,1,1,1,2,999,100,1.0,1.0,1.0,1,0,1-25,0,2513.0
1081,ssi,Accounting & Finance,2,1,1,1,2018-05-29,1,1,1,2,999,100,1.0,1.0,1.0,1,0,1-25,0,2513.0
1082,SSI ,Accounting & Finance,2,1,1,1,2018-05-29,1,1,1,2,999,100,1.0,1.0,1.0,1,0,1-25,0,2513.0
1083,SSI,Accounting & Finance,2,1,1,1,2018-05-30,1,1,1,2,999,100,1.0,1.0,1.0,1,0,1-25,0,2512.0
1084,SSI,Accounting & Finance,2,1,1,1,2018-05-30,1,1,1,2,999,100,1.0,1.0,1.0,1,0,1-25,0,2512.0
1085,SSI,Accounting & Finance,2,1,1,1,2018-05-30,1,1,1,2,999,100,1.0,1.0,1.0,1,0,1-25,0,2512.0
1086,SSI,Accounting & Finance,2,1,1,1,2018-05-30,1,1,1,2,999,100,1.0,1.0,1.0,1,0,1-25,0,2512.0
1087,SSI,Accounting & Finance,2,1,1,1,2018-05-30,1,1,1,2,999,100,1.0,1.0,1.0,1,0,1-25,0,2512.0
1088,SSI,Accounting & Finance,2,1,1,1,2018-05-30,1,1,1,2,999,100,1.0,1.0,1.0,1,0,1-25,0,2512.0
1089,SSI,Accounting & Finance,2,1,1,1,2018-05-31,1,1,1,2,999,100,1.0,1.0,1.0,1,0,1-25,0,2511.0
1090,SSI,Accounting & Finance,2,1,1,1,2018-05-31,1,1,1,2,999,100,4.0,4.0,1.0,1,0,1-25,0,2511.0
1091,ssi,Accounting & Finance,2,1,1,1,2018-06-05,1,1,1,2,999,100,1.0,1.0,1.0,1,0,1-25,0,2506.0
1092,ssi,Accounting & Finance,2,1,2,0,2018-06-05,1,1,1,2,999,100,1.0,1.0,1.0,1,0,1-25,0,2506.0
1093,ssi,Accounting & Finance,2,1,1,1,2018-06-05,1,1,1,2,999,100,1.0,1.0,1.0,1,0,1-25,0,2506.0
1094,SSI,Accounting & Finance,2,1,1,1,2018-06-05,1,1,1,2,999,100,1.0,1.0,1.0,1,0,1-25,0,2506.0
1095,ssi,Accounting & Finance,2,1,1,1,2018-06-05,1,1,1,2,999,100,1.0,1.0,1.0,1,0,1-25,0,2506.0
1096,ssi,Accounting & Finance,2,1,1,1,2018-06-05,1,1,1,2,999,100,1.0,1.0,1.0,1,0,1-25,0,2506.0
1097,ssi,Accounting & Finance,2,1,1,1,2018-06-05,1,1,1,2,999,100,1.0,1.0,1.0,1,0,1-25,0,2506.0
1098,ssi,Accounting & Finance,2,1,2,0,2018-06-05,1,1,1,2,999,100,1.0,1.0,1.0,1,0,1-25,0,2506.0
1099,ssi,Accounting & Finance,2,1,2,0,2018-06-05,1,1,1,2,999,100,1.0,1.0,1.0,1,0,1-25,0,2506.0
1100,ssi,Accounting & Finance,2,1,1,1,2018-06-06,1,1,1,2,999,100,1.0,1.0,1.0,1,0,1-25,0,2505.0
1101,SSI,Accounting & Finance,2,1,1,1,2018-06-06,1,1,1,2,999,100,1.0,1.0,1.0,1,0,1-25,0,2505.0
1102,ssi,Accounting & Finance,2,1,1,1,2018-06-06,1,1,1,2,999,100,1.0,1.0,1.0,1,0,1-25,0,2505.0
1103,ssi,Accounting & Finance,2,1,1,1,2018-06-06,1,1,1,2,999,100,1.0,1.0,1.0,1,0,1-25,0,2505.0
1104,ssi,Accounting & Finance,2,1,1,1,2018-06-06,1,1,1,2,999,100,1.0,1.0,1.0,1,0,1-25,0,2505.0
1105,ssi,Accounting & Finance,2,1,1,1,2018-06-06,1,1,1,2,999,100,1.0,1.0,1.0,1,0,1-25,0,2505.0
1106,SELECT SOURCE INTL,Accounting & Finance,2,0,1,1,2018-06-08,1,0,1,1,0,100,1.0,1.0,1.0,1,0,1-25,0,2503.0
1107,ssi,Accounting & Finance,2,1,1,1,2018-06-12,1,1,1,2,999,100,1.0,1.0,1.0,1,0,1-25,0,2499.0
1109,Ssi,Accounting & Finance,2,1,1,1,2018-06-14,1,1,1,2,999,100,1.0,1.0,1.0,1,0,1-25,0,2497.0
1110,ssi,Accounting & Finance,2,1,1,1,2018-06-14,1,1,1,2,999,100,1.0,1.0,1.0,1,0,1-25,0,2497.0
1111,ssi,Accounting & Finance,2,1,1,1,2018-06-14,1,1,1,2,999,100,1.0,1.0,1.0,1,0,1-25,0,2497.0
1112,ssi,Accounting & Finance,2,1,1,1,2018-06-14,1,1,1,2,999,100,1.0,1.0,1.0,1,0,1-25,0,2497.0
1113,ssi,Accounting & Finance,2,1,1,1,2018-06-14,1,1,1,2,999,100,1.0,1.0,1.0,1,0,1-25,0,2497.0
1114,ssi,Accounting & Finance,2,1,1,1,2018-06-14,1,1,1,2,999,100,1.0,1.0,1.0,1,0,1-25,0,2497.0
1115,ssi,Accounting & Finance,2,1,2,1,2018-06-18,1,1,1,2,999,100,1.0,1.0,1.0,1,0,1-25,0,2493.0
1116,ssi,Accounting & Finance,2,1,1,1,2018-06-18,1,1,1,2,999,100,1.0,1.0,1.0,1,0,1-25,0,2493.0
1117,ssi,Accounting & Finance,2,1,1,1,2018-06-18,1,1,1,2,999,100,1.0,1.0,1.0,1,0,1-25,0,2493.0
1118,SSI,Accounting & Finance,2,1,1,1,2018-06-19,1,1,1,2,999,100,1.0,1.0,1.0,1,0,1-25,0,2492.0
1119,SSI,Accounting & Finance,2,1,1,1,2018-06-19,1,1,1,2,999,100,1.0,1.0,1.0,1,0,1-25,0,2492.0
1120,SSI,Accounting & Finance,2,1,1,1,2018-06-19,1,1,1,2,999,100,1.0,1.0,1.0,1,0,1-25,0,2492.0
1121,SSI,Accounting & Finance,2,1,1,1,2018-06-19,1,1,1,2,999,100,1.0,1.0,1.0,1,0,1-25,0,2492.0
1122,SSI,Accounting & Finance,2,1,1,1,2018-06-19,1,1,1,2,999,100,1.0,1.0,1.0,1,0,1-25,0,2492.0
1123,SSI,Accounting & Finance,2,1,1,1,2018-06-19,1,1,1,2,999,100,1.0,1.0,1.0,1,0,1-25,0,2492.0
1124,SSI,Accounting & Finance,2,1,1,1,2018-06-19,1,1,1,2,999,100,1.0,1.0,1.0,1,0,1-25,0,2492.0
1125,SSI,Accounting & Finance,2,1,1,1,2018-06-19,1,1,1,2,999,100,1.0,1.0,1.0,1,0,1-25,0,2492.0
1126,SSI,Accounting & Finance,2,1,1,1,2018-06-19,1,1,1,2,999,100,1.0,1.0,1.0,1,0,1-25,0,2492.0
1127,ssi,Accounting & Finance,2,1,1,1,2018-06-19,1,1,1,2,999,100,1.0,1.0,1.0,1,0,1-25,0,2492.0
1128,ssi,Accounting & Finance,2,1,1,1,2018-06-19,1,1,1,2,999,100,1.0,1.0,1.0,1,0,1-25,0,2492.0
1129,select source,Accounting & Finance,2,0,1,0,2018-06-20,1,0,1,2,0,100,1.0,1.0,1.0,1,0,1-25,0,2491.0
1130,ABC ,Accounting & Finance,2,2,1,1,2018-06-21,1,1,1,2,999,100,1.0,1.0,1.0,1,0,1-25,0,2490.0
1131,ABC,Accounting & Finance,2,3,1,1,2018-06-21,1,1,1,2,999,100,1.0,1.0,1.0,1,0,1-25,0,2490.0
1132,SSI,Accounting & Finance,2,1,1,1,2018-06-26,1,1,1,2,999,100,1.0,1.0,1.0,1,0,1-25,0,2485.0
1133,ssi,Accounting & Finance,2,1,1,1,2018-06-29,1,1,1,2,999,100,1.0,1.0,1.0,1,0,1-25,0,2482.0
1134,sss,Accounting & Finance,2,4,1,1,2018-06-29,1,1,1,2,999,100,1.0,1.0,1.0,1,0,1-25,0,2482.0
1135,ssi,Accounting & Finance,2,1,1,1,2018-06-29,1,1,1,2,999,100,1.0,1.0,1.0,1,0,1-25,0,2482.0
1137,Google,Accounting & Finance,2,3,1,1,2018-07-02,1,1,1,2,999,100,1.0,1.0,1.0,1,0,1-25,0,2479.0
1138,wwwwww,Accounting & Finance,2,3,1,1,2018-07-02,1,1,1,2,999,100,1.0,1.0,1.0,1,0,1-25,0,2479.0
1139,wwwwww,Accounting & Finance,2,3,1,1,2018-07-02,1,1,1,2,999,100,1.0,1.0,1.0,1,0,1-25,0,2479.0
1140,Google,Accounting & Finance,2,1,1,1,2018-07-02,1,1,1,2,999,100,1.0,1.0,1.0,1,0,1-25,0,2479.0
1141,SSI ,Accounting & Finance,2,1,1,0,2018-07-02,1,1,1,2,999,100,1.0,1.0,1.0,1,0,1-25,0,2479.0
1142,Google,Accounting & Finance,2,4,1,0,2018-07-02,1,1,1,2,999,100,1.0,1.0,1.0,1,0,1-25,0,2479.0
1143,Google,Accounting & Finance,2,4,1,0,2018-07-02,1,1,1,2,999,100,1.0,1.0,1.0,1,0,1-25,0,2479.0
1144,JOBMA,Accounting & Finance,2,1,1,1,2018-07-02,1,1,1,2,999,100,1.0,1.0,1.0,1,0,1-25,0,2479.0
1145,abc,Accounting & Finance,2,1,1,1,2018-07-02,1,1,1,2,999,100,1.0,1.0,1.0,1,0,1-25,0,2479.0
1146,abc,Accounting & Finance,2,1,1,1,2018-07-02,1,1,1,2,999,100,1.0,1.0,1.0,1,0,1-25,0,2479.0
1147,Google,Accounting & Finance,2,3,1,1,2018-07-02,1,1,1,2,999,100,1.0,1.0,1.0,1,0,1-25,0,2479.0
1148,select source,Accounting & Finance,2,1,2,0,2018-07-03,1,1,1,2,999,100,1.0,1.0,1.0,1,0,1-25,0,2478.0
1149,select source,Accounting & Finance,2,4,1,0,2018-07-03,1,1,1,2,999,100,1.0,1.0,1.0,1,0,1-25,0,2478.0
1150,select source,Accounting & Finance,2,1,1,0,2018-07-03,1,1,1,2,999,100,1.0,1.0,1.0,1,0,1-25,0,2478.0
1151,SSI,Accounting & Finance,2,1,1,1,2018-07-03,1,1,1,2,999,100,1.0,1.0,1.0,1,0,1-25,0,2478.0
1152,Google,Accounting & Finance,2,1,1,0,2018-07-03,1,1,1,2,999,100,1.0,1.0,1.0,1,0,1-25,0,2478.0
1153,Google,Accounting & Finance,2,1,1,0,2018-07-03,1,1,1,2,999,100,1.0,1.0,1.0,1,0,1-25,0,2478.0
1154,Google,Accounting & Finance,2,1,1,0,2018-07-03,1,1,1,2,999,100,1.0,1.0,1.0,1,0,1-25,0,2478.0
1155,Google,Accounting & Finance,2,4,1,0,2018-07-03,1,1,1,2,999,100,1.0,1.0,1.0,1,0,1-25,0,2478.0
1156,Google,Accounting & Finance,2,3,1,0,2018-07-03,1,1,1,2,999,100,1.0,1.0,1.0,1,0,1-25,0,2478.0
1157,Google,Accounting & Finance,2,2,1,0,2018-07-03,1,1,1,2,999,100,1.0,1.0,1.0,1,0,1-25,0,2478.0
1158,Google,Accounting & Finance,2,1,1,0,2018-07-03,1,1,1,2,999,100,1.0,1.0,1.0,1,0,1-25,0,2478.0
1159,abc,Accounting & Finance,2,1,1,0,2018-07-03,1,1,1,2,999,100,1.0,1.0,1.0,1,0,1-25,0,2478.0
1160,abc,Accounting & Finance,2,1,1,0,2018-07-03,1,1,1,2,999,100,1.0,1.0,1.0,1,0,1-25,0,2478.0
1161,ssi,Accounting & Finance,2,1,1,1,2018-07-04,1,1,1,2,999,100,1.0,1.0,1.0,1,0,1-25,0,2477.0
1162,ssi,Accounting & Finance,2,1,2,0,2018-07-04,1,1,1,2,999,100,1.0,1.0,1.0,1,0,1-25,0,2477.0
1163,asd,Accounting & Finance,2,1,1,0,2018-07-04,1,1,1,2,999,100,1.0,1.0,1.0,1,0,1-25,0,2477.0
1164,abc,Accounting & Finance,2,1,1,0,2018-07-04,1,1,1,2,999,100,1.0,1.0,1.0,1,0,1-25,0,2477.0
1165,abc,Accounting & Finance,2,1,1,1,2018-07-04,1,1,1,2,999,100,1.0,1.0,1.0,1,0,1-25,0,2477.0
1166,ssi,Accounting & Finance,2,1,2,0,2018-07-04,1,1,1,2,999,100,1.0,1.0,1.0,1,0,1-25,0,2477.0
1167,ssi,Accounting & Finance,2,1,2,0,2018-07-04,1,1,1,2,999,100,1.0,1.0,1.0,1,0,1-25,0,2477.0
1168,ssi,Accounting & Finance,2,1,2,0,2018-07-05,1,1,1,2,999,100,1.0,1.0,1.0,1,0,1-25,0,2476.0
1169,test,Accounting & Finance,2,1,1,0,2018-07-05,1,1,1,2,999,100,1.0,1.0,1.0,1,0,1-25,0,2476.0
1170,ssi,Accounting & Finance,2,1,1,1,2018-07-06,1,1,1,2,999,100,1.0,1.0,1.0,1,0,1-25,0,2475.0
1171,ssi,Accounting & Finance,2,1,1,1,2018-07-06,1,1,1,2,999,100,1.0,1.0,1.0,1,0,1-25,0,2475.0
1172,xfdsa,Accounting & Finance,2,1,1,1,2018-07-06,1,1,1,2,999,100,1.0,1.0,1.0,1,0,1-25,0,2475.0
1174,ssi,Accounting & Finance,2,1,1,1,2018-07-10,1,1,1,2,999,100,1.0,1.0,1.0,1,0,1-25,0,2471.0
1177,SSI,Accounting & Finance,2,1,1,1,2018-07-10,1,1,1,2,999,100,1.0,1.0,1.0,1,0,1-25,0,2471.0
1178,SSI,Accounting & Finance,2,1,1,-1,2018-07-11,1,1,1,2,999,100,1.0,1.0,1.0,1,0,1-25,0,2470.0
1179,Test,Accounting & Finance,2,1,2,0,2018-07-11,1,1,1,2,999,100,1.0,1.0,1.0,1,0,1-25,0,2470.0
1181,sdasa@yopmail.com,Accounting & Finance,2,4,1,1,2018-07-12,1,1,1,2,999,100,1.0,1.0,1.0,1,0,1-25,0,2469.0
1182,ssi,Accounting & Finance,2,1,2,0,2018-07-12,1,1,1,2,999,100,1.0,1.0,1.0,1,0,1-25,0,2469.0
1183,ssi,Accounting & Finance,2,1,2,1,2018-07-12,1,1,1,2,999,100,1.0,1.0,1.0,1,0,1-25,0,2469.0
1184,test,Accounting & Finance,2,1,2,0,2018-07-12,1,1,1,2,999,100,1.0,1.0,1.0,1,0,1-25,0,2469.0
1185,authbridge,Accounting & Finance,2,1,1,0,2018-07-12,1,1,1,2,999,100,1.0,1.0,1.0,1,0,1-25,0,2469.0
1186,Ghs,Accounting & Finance,2,3,1,1,2018-07-12,1,1,1,2,999,100,1.0,1.0,1.0,1,0,1-25,0,2469.0
1187,SSI,Accounting & Finance,2,1,1,1,2018-07-12,1,1,1,2,999,100,1.0,1.0,1.0,1,0,1-25,0,2469.0
1188,fgvdghbg,Accounting & Finance,2,2,1,1,2018-07-12,1,1,1,2,999,100,1.0,1.0,1.0,1,0,1-25,0,2469.0
1189,Test,Accounting & Finance,2,1,2,0,2018-07-13,1,1,1,2,999,100,1.0,1.0,1.0,1,0,1-25,0,2468.0
1190,ssi,Accounting & Finance,2,1,1,1,2018-07-13,1,1,1,2,999,100,1.0,1.0,1.0,1,0,1-25,0,2468.0
1191,SSI,Accounting & Finance,2,1,1,1,2018-07-13,1,1,1,2,999,100,1.0,1.0,1.0,1,0,1-25,0,2468.0
1192,test,Accounting & Finance,2,1,1,1,2018-07-13,1,1,1,2,999,100,1.0,1.0,1.0,1,0,1-25,0,2468.0
1193,Ssi,Accounting & Finance,2,1,2,0,2018-07-13,1,1,1,2,999,100,1.0,1.0,1.0,1,0,1-25,0,2468.0
1194,Test,Accounting & Finance,2,0,1,0,2018-07-13,1,0,1,1,0,100,1.0,1.0,1.0,1,0,1-25,0,2468.0
1195,Test,Accounting & Finance,2,1,2,0,2018-07-13,1,1,1,2,999,100,1.0,1.0,1.0,1,0,1-25,0,2468.0
1196,Ssi,Accounting & Finance,2,1,2,0,2018-07-13,1,1,1,2,999,100,1.0,1.0,1.0,1,0,1-25,0,2468.0
1197,Ssi,Accounting & Finance,2,1,1,1,2018-07-13,1,1,1,2,999,100,1.0,1.0,1.0,1,0,1-25,0,2468.0
1198,Ssi,Accounting & Finance,2,1,2,0,2018-07-13,1,1,1,2,999,100,1.0,1.0,1.0,1,0,1-25,0,2468.0
1199,Test,Accounting & Finance,2,1,1,1,2018-07-16,1,1,1,2,999,100,1.0,1.0,1.0,1,0,1-25,0,2465.0
1200,Test,Accounting & Finance,2,1,1,1,2018-07-17,1,1,1,2,999,100,1.0,1.0,1.0,1,0,1-25,0,2464.0
1201,Test,Accounting & Finance,2,1,2,0,2018-07-17,1,1,1,2,999,100,1.0,1.0,1.0,1,0,1-25,0,2464.0
1202,test,Accounting & Finance,2,1,2,0,2018-07-17,1,1,1,2,999,100,1.0,1.0,1.0,1,0,1-25,0,2464.0
1203,Test,Accounting & Finance,2,1,1,1,2018-07-18,1,1,1,2,999,100,1.0,1.0,1.0,1,0,1-25,0,2463.0
1204,SSI,"3,4",2,1,2,1,2018-07-18,1,1,1,2,999,100,1.0,1.0,1.0,0,0,1-25,0,2463.0
1205,asdfas,Accounting & Finance,2,1,1,1,2018-07-18,1,1,1,2,999,100,1.0,1.0,1.0,1,0,1-25,0,2463.0
1206,asdfas,Accounting & Finance,2,1,1,1,2018-07-18,1,1,1,2,999,100,1.0,1.0,1.0,1,0,1-25,0,2463.0
1207,test,Accounting & Finance,2,1,1,1,2018-07-18,1,1,1,2,999,100,1.0,1.0,1.0,1,0,1-25,0,2463.0
1208,test,Accounting & Finance,2,1,2,0,2018-07-18,1,1,1,2,999,100,1.0,1.0,1.0,1,0,1-25,0,2463.0
1209,Ssi,"62,107,64",2,1,1,1,2018-07-18,1,1,1,2,999,100,1.0,1.0,1.0,0,0,1-25,0,2463.0
1210,acen,Accounting & Finance,2,1,1,1,2018-07-19,1,1,1,2,999,100,1.0,1.0,1.0,1,0,1-25,0,2462.0
1211,ntpc,Accounting & Finance,2,1,1,0,2018-07-19,1,1,1,2,999,100,1.0,1.0,1.0,1,0,1-25,0,2462.0
1212,ntpc,Accounting & Finance,2,0,1,0,2018-07-19,1,0,1,1,0,100,1.0,1.0,1.0,1,0,1-25,0,2462.0
1213,SELECT SOURCE INTL,Accounting & Finance,2,0,1,1,2018-07-24,1,0,1,1,0,100,1.0,1.0,1.0,1,0,1-25,0,2457.0
1214,SSI,Accounting & Finance,2,1,1,1,2018-07-24,1,1,1,2,999,100,1.0,1.0,1.0,1,0,1-25,0,2457.0
1215,SSI,Accounting & Finance,2,1,1,1,2018-07-24,1,1,1,2,999,100,1.0,1.0,1.0,1,0,1-25,0,2457.0
1216,SELECT SOURCE INTL,Accounting & Finance,2,0,1,1,2018-07-25,1,0,1,1,0,100,1.0,1.0,1.0,1,0,1-25,0,2456.0
1220,Ssi,Accounting & Finance,2,0,1,0,2018-07-27,1,0,1,1,0,100,1.0,1.0,1.0,1,0,1-25,0,2454.0
1221,infoi,Accounting & Finance,2,3,1,1,2018-07-27,1,1,1,2,999,100,1.0,1.0,1.0,1,0,1-25,0,2454.0
1222,elogy,Accounting & Finance,2,3,1,1,2018-07-27,1,1,1,2,999,100,1.0,1.0,1.0,0,0,1-25,0,2454.0
1223,Ssi,Accounting & Finance,2,0,1,0,2018-07-30,1,0,1,1,0,100,1.0,1.0,1.0,1,0,1-25,0,2451.0
1224,Ssi,Accounting & Finance,2,0,1,0,2018-07-30,1,0,1,1,0,100,1.0,1.0,1.0,1,0,1-25,0,2451.0
1226,SELECT SOURCE INTL,Accounting & Finance,2,0,1,1,2018-08-02,1,0,1,1,0,100,1.0,1.0,1.0,0,0,1-25,0,2448.0
1228,Ssi,Accounting & Finance,2,0,1,0,2018-08-03,1,0,1,1,0,100,1.0,1.0,1.0,0,0,1-25,0,2447.0
1229,Ssi,Accounting & Finance,2,0,1,0,2018-08-03,1,0,1,1,0,100,1.0,1.0,1.0,0,0,1-25,0,2447.0
1233,eon,Accounting & Finance,2,6,1,1,2018-08-06,1,1,1,2,999,100,1.0,1.0,1.0,0,0,1-25,0,2444.0
1234,eon,Accounting & Finance,2,0,1,0,2018-08-06,1,0,1,1,0,100,1.0,1.0,1.0,0,0,1-25,0,2444.0
1235,pop,Accounting & Finance,2,1,2,1,2018-08-07,1,1,1,2,999,100,1.0,1.0,1.0,0,0,1-25,0,2443.0
1236,test,Accounting & Finance,2,1,1,1,2018-08-07,1,1,1,2,999,100,1.0,1.0,1.0,0,0,1-25,0,2443.0
1237,ssi,Accounting & Finance,2,1,1,1,2018-08-08,1,1,1,2,999,100,1.0,1.0,1.0,0,0,1-25,0,2442.0
1238,dfds@mailinator.com,Accounting & Finance,2,1,1,1,2018-08-08,1,1,1,2,999,100,1.0,1.0,1.0,0,0,1-25,0,2442.0
1239,wqwe,Accounting & Finance,2,1,1,1,2018-08-08,1,1,1,2,999,100,1.0,1.0,1.0,0,0,1-25,0,2442.0
1240,ernest young,Accounting & Finance,2,6,1,1,2018-08-09,1,1,1,2,999,100,1.0,1.0,1.0,0,0,1-25,0,2441.0
1241,subuser,Accounting & Finance,2,0,2,0,2018-08-09,1,0,1,1,0,100,1.0,1.0,1.0,0,0,1-25,0,2441.0
1242,Google,Accounting & Finance,2,1,1,1,2018-08-09,1,1,1,2,999,100,1.0,1.0,1.0,0,0,1-25,0,2441.0
1243,Google,Accounting & Finance,2,1,1,1,2018-08-09,1,1,1,2,999,100,1.0,1.0,1.0,0,0,1-25,0,2441.0
1244,Werngo,Accounting & Finance,2,1,1,1,2018-08-09,1,1,1,2,999,100,1.0,1.0,1.0,0,0,1-25,0,2441.0
1245,ernest young,Accounting & Finance,2,0,1,0,2018-08-09,1,0,1,1,0,100,1.0,1.0,1.0,0,0,1-25,0,2441.0
1246,test,Accounting & Finance,2,1,1,1,2018-08-09,1,1,1,2,999,100,1.0,1.0,1.0,0,0,1-25,0,2441.0
1247,test,Accounting & Finance,2,1,1,1,2018-08-09,1,1,1,2,999,100,1.0,1.0,1.0,0,0,1-25,0,2441.0
1248,SSI,Accounting & Finance,2,1,1,1,2018-08-09,1,1,1,2,999,100,1.0,1.0,1.0,0,0,1-25,0,2441.0
1249,test,Accounting & Finance,2,1,1,1,2018-08-09,1,1,1,2,999,100,1.0,1.0,1.0,0,0,1-25,0,2441.0
1250,SSI,Accounting & Finance,2,1,1,1,2018-08-09,1,1,1,2,999,100,1.0,1.0,1.0,0,0,1-25,0,2441.0
1251,test,Accounting & Finance,2,1,1,1,2018-08-09,1,1,1,2,999,100,1.0,1.0,1.0,0,0,1-25,0,2441.0
1252,Google,Accounting & Finance,2,1,1,1,2018-08-09,1,1,1,2,999,100,1.0,1.0,1.0,0,0,1-25,0,2441.0
1253,test,Accounting & Finance,2,1,1,1,2018-08-09,1,1,1,2,999,100,1.0,1.0,1.0,0,0,1-25,0,2441.0
1254,try,Accounting & Finance,2,3,2,0,2018-08-09,1,1,1,2,999,100,1.0,1.0,1.0,0,0,1-25,0,2441.0
1255,postjob,Accounting & Finance,2,1,1,0,2018-08-09,1,1,1,2,999,100,1.0,1.0,1.0,1,0,1-25,0,2441.0
1256,try,Accounting & Finance,2,0,1,0,2018-08-10,1,0,1,1,0,100,1.0,1.0,1.0,0,0,1-25,0,2440.0
1257,Actiview,Accounting & Finance,2,1,1,-1,2018-08-17,1,1,1,2,999,100,1.0,1.0,1.0,0,0,1-25,0,2433.0
1258,ssi,Accounting & Finance,2,1,1,1,2018-08-17,1,1,1,2,999,100,1.0,1.0,1.0,0,0,1-25,0,2433.0
1259,test,Accounting & Finance,2,1,1,1,2018-08-20,1,1,1,2,999,100,1.0,1.0,1.0,0,0,1-25,0,2430.0
1261,test,Accounting & Finance,2,1,2,0,2018-08-20,1,1,1,2,999,100,1.0,1.0,1.0,0,0,1-25,0,2430.0
1262,pop,Accounting & Finance,2,0,2,0,2018-08-21,1,0,1,1,0,100,1.0,1.0,1.0,0,0,1-25,0,2429.0
1263,SELECT SOURCE INTL,Accounting & Finance,2,0,1,1,2018-08-22,1,0,1,1,0,100,1.0,1.0,1.0,0,0,1-25,0,2428.0
1266,pop,Accounting & Finance,2,0,2,0,2018-08-24,1,0,1,1,0,100,1.0,1.0,1.0,0,0,1-25,0,2426.0
1267,pop,Accounting & Finance,2,0,2,0,2018-08-24,1,0,1,1,0,100,1.0,1.0,1.0,0,0,1-25,0,2426.0
1268,ssi,Accounting & Finance,2,1,1,1,2018-08-28,1,1,1,2,999,100,1.0,1.0,1.0,0,0,1-25,0,2422.0
1269,ssi,Accounting & Finance,2,1,2,0,2018-08-30,1,1,1,2,999,100,1.0,1.0,1.0,0,0,1-25,0,2420.0
1270,ssi,Accounting & Finance,2,0,1,0,2018-08-31,1,0,1,1,0,100,1.0,1.0,1.0,0,0,1-25,0,2419.0
1271,auction,Accounting & Finance,2,3,2,0,2018-08-31,1,1,1,2,999,100,1.0,1.0,1.0,1,0,1-25,0,2419.0
1272,auction,Accounting & Finance,2,0,1,0,2018-08-31,1,0,1,1,0,100,1.0,1.0,1.0,0,0,1-25,0,2419.0
1273,ssi,Accounting & Finance,2,1,2,0,2018-09-01,1,1,1,2,999,100,1.0,1.0,1.0,0,0,1-25,0,2418.0
1274,ssi,Accounting & Finance,2,0,1,0,2018-09-01,1,0,1,1,0,100,1.0,1.0,1.0,0,0,1-25,0,2418.0
1275,ssi,Accounting & Finance,2,0,1,1,2018-09-03,1,1,1,2,999,100,1.0,1.0,1.0,0,0,1-25,0,2416.0
1276,Mainusereditedmobile,Accounting & Finance,2,0,1,1,2018-09-03,1,1,1,2,37,100,1.0,2.0,1.0,1,0,1-25,0,2416.0
1277,ssi,Accounting & Finance,2,0,1,0,2018-09-03,1,0,1,1,0,100,1.0,1.0,1.0,0,0,1-25,0,2416.0
1278,SSI,Accounting & Finance,2,0,1,1,2018-09-04,1,1,1,2,999,100,1.0,1.0,1.0,0,0,1-25,0,2415.0
1279,SSI,Accounting & Finance,2,0,1,0,2018-09-05,1,0,1,1,0,100,1.0,1.0,1.0,0,0,1-25,0,2414.0
1280,ssi,Accounting & Finance,2,0,1,1,2018-09-05,1,1,1,2,999,100,1.0,1.0,1.0,0,0,1-25,0,2414.0
1281,SSI ,Accounting & Finance,2,0,1,0,2018-09-05,1,1,1,2,999,100,1.0,1.0,1.0,0,0,1-25,0,2414.0
1282,ssi,Accounting & Finance,2,0,1,1,2018-09-05,1,1,1,2,999,100,1.0,1.0,1.0,0,0,1-25,0,2414.0
1283,ssi,Accounting & Finance,2,0,1,0,2018-09-05,1,1,1,2,999,100,1.0,1.0,1.0,0,0,1-25,0,2414.0
1284,ssi,Accounting & Finance,2,0,1,1,2018-09-05,1,1,1,2,999,100,1.0,1.0,1.0,0,0,1-25,0,2414.0
1285,SSIO ,Accounting & Finance,2,0,1,1,2018-09-05,1,1,1,2,999,100,1.0,1.0,1.0,0,0,1-25,0,2414.0
1286,ssi,Accounting & Finance,2,0,1,1,2018-09-05,1,1,1,2,999,100,1.0,1.0,1.0,0,0,1-25,0,2414.0
1287,111111111,Accounting & Finance,2,0,1,1,2018-09-05,1,1,1,2,999,100,1.0,1.0,1.0,0,0,1-25,0,2414.0
1288,ssi,Accounting & Finance,2,0,1,1,2018-09-06,1,1,1,2,999,100,1.0,1.0,1.0,0,0,1-25,0,2413.0
1289,ssi,Accounting & Finance,2,0,1,0,2018-09-06,1,1,1,2,999,100,1.0,1.0,1.0,0,0,1-25,0,2413.0
1290,ssi,Accounting & Finance,2,0,1,1,2018-09-06,1,1,1,2,999,100,1.0,1.0,1.0,0,0,1-25,0,2413.0
1291,ssi,Accounting & Finance,2,0,1,1,2018-09-06,1,1,1,2,999,100,1.0,1.0,1.0,0,0,1-25,0,2413.0
1292,ssi,Accounting & Finance,2,0,1,1,2018-09-07,1,1,1,2,999,100,1.0,1.0,1.0,0,0,1-25,0,2412.0
1293,Ssi,Accounting & Finance,2,1,1,1,2018-09-10,1,1,1,2,999,100,1.0,1.0,1.0,0,0,1-25,0,2409.0
1294,Ssi,Accounting & Finance,2,0,1,0,2018-09-10,1,0,1,1,0,100,1.0,1.0,1.0,0,0,1-25,0,2409.0
1295,ssi,Accounting & Finance,2,0,1,1,2018-09-10,1,1,1,2,999,100,1.0,1.0,1.0,0,0,1-25,0,2409.0
1298,ssi,Accounting & Finance,2,0,1,0,2018-09-12,1,0,1,1,0,100,1.0,1.0,1.0,0,0,1-25,0,2407.0
1299,ssi,Accounting & Finance,2,0,1,0,2018-09-12,1,0,1,1,0,100,1.0,1.0,1.0,0,0,1-25,0,2407.0
1300,ssi,Accounting & Finance,2,0,1,0,2018-09-12,1,0,1,1,0,100,1.0,1.0,1.0,0,0,1-25,0,2407.0
1301,ssi,Accounting & Finance,2,0,1,0,2018-09-12,1,0,1,1,0,100,1.0,1.0,1.0,0,0,1-25,0,2407.0
1302,ssi,Accounting & Finance,2,0,1,0,2018-09-12,1,0,1,1,0,100,1.0,1.0,1.0,0,0,1-25,0,2407.0
1303,RAM,Accounting & Finance,2,0,1,1,2018-09-14,1,1,1,2,999,100,1.0,1.0,1.0,0,0,1-25,0,2405.0
1304,ssi,Accounting & Finance,2,0,1,1,2018-09-14,1,1,1,2,999,100,1.0,1.0,1.0,0,0,1-25,0,2405.0
1305,SSI,Accounting & Finance,2,1,1,1,2018-09-17,1,1,1,2,999,100,1.0,1.0,1.0,0,0,1-25,0,2402.0
1306,TEST DATA,Accounting & Finance,2,0,1,0,2018-09-18,1,0,1,1,0,100,1.0,1.0,1.0,0,0,1-25,0,2401.0
1307,SSI,Accounting & Finance,2,1,1,1,2018-09-19,1,1,1,2,999,100,1.0,1.0,1.0,0,0,1-25,0,2400.0
1308,SSI,Accounting & Finance,2,0,1,1,2018-09-19,1,1,1,2,999,100,1.0,1.0,1.0,0,0,1-25,0,2400.0
1309,ssi,Accounting & Finance,2,2,1,1,2018-09-19,1,1,1,2,999,100,1.0,1.0,1.0,0,0,1-25,0,2400.0
1310,test,Accounting & Finance,2,0,1,0,2018-09-20,1,1,1,2,999,100,1.0,1.0,1.0,0,0,1-25,0,2399.0
1311,Ssi,Accounting & Finance,2,0,1,0,2018-09-20,1,0,1,1,0,100,1.0,1.0,1.0,0,0,1-25,0,2399.0
1312,RAM,Accounting & Finance,2,1,1,1,2018-09-21,1,1,1,2,999,100,1.0,1.0,1.0,0,0,1-25,0,2398.0
1313,JOBMA gurgaon,Accounting & Finance,2,0,1,1,2018-09-25,1,1,1,2,999,100,1.0,1.0,1.0,0,0,1-25,0,2394.0
1314,JOBMA gurgaon,Accounting & Finance,2,0,1,1,2018-09-25,1,1,1,2,999,100,1.0,1.0,1.0,0,0,1-25,0,2394.0
1315,Ssi,Accounting & Finance,2,0,1,0,2018-09-25,1,0,1,1,0,100,1.0,1.0,1.0,0,0,1-25,0,2394.0
1316,RAM,Accounting & Finance,2,0,1,1,2018-09-26,1,1,1,2,999,100,1.0,1.0,1.0,0,0,1-25,0,2393.0
1317,SSI,Accounting & Finance,2,0,1,0,2018-09-27,1,0,1,1,0,100,1.0,1.0,1.0,0,0,1-25,0,2392.0
1321,Ssi,Accounting & Finance,2,0,1,0,2018-09-28,1,0,1,1,0,100,1.0,1.0,1.0,0,0,1-25,0,2391.0
1324,SSI,Accounting & Finance,2,0,1,0,2018-10-01,1,0,1,1,0,100,1.0,1.0,1.0,0,0,1-25,0,2388.0
1325,SSI,Accounting & Finance,2,0,1,0,2018-10-01,1,0,1,1,0,100,1.0,1.0,1.0,0,0,1-25,0,2388.0
1326,SSI,Accounting & Finance,2,0,1,0,2018-10-01,1,0,1,1,0,100,1.0,1.0,1.0,0,0,1-25,0,2388.0
1330,Ssi,Accounting & Finance,2,0,1,0,2018-10-05,1,0,1,1,0,100,1.0,1.0,1.0,0,0,1-25,0,2384.0
1331,Ssi,Accounting & Finance,2,0,1,0,2018-10-05,1,0,1,1,0,100,1.0,1.0,1.0,0,0,1-25,0,2384.0
1336,Mainusereditedmobile,Accounting & Finance,2,0,1,0,2018-10-15,1,0,1,1,0,100,1.0,1.0,1.0,0,0,1-25,0,2374.0
1338,Ssi,Accounting & Finance,2,0,1,0,2018-10-18,1,0,1,1,0,100,1.0,1.0,1.0,0,0,1-25,0,2371.0
1339,Ssi,Accounting & Finance,2,0,1,0,2018-10-22,1,0,1,1,0,100,1.0,1.0,1.0,0,0,1-25,0,2367.0
1340,SELECT SOURCE INTL,Accounting & Finance,2,0,1,0,2018-10-22,1,0,1,1,0,100,1.0,1.0,1.0,0,0,1-25,0,2367.0
1341,Jobma Test,Accounting & Finance,2,0,1,1,2018-10-23,1,1,1,2,999,100,1.0,1.0,1.0,0,0,1-25,0,2366.0
1342,Jobma Test,Accounting & Finance,2,0,1,1,2018-10-23,1,1,1,2,999,100,1.0,1.0,1.0,0,0,1-25,0,2366.0
1343,Jobma Test,Accounting & Finance,2,0,1,1,2018-10-25,1,1,1,2,999,100,1.0,1.0,1.0,0,0,1-25,0,2364.0
1344,Jobma Test,Accounting & Finance,2,0,1,1,2018-10-25,1,1,1,2,999,100,1.0,1.0,1.0,0,0,1-25,0,2364.0
1345,ssi,Accounting & Finance,2,0,1,1,2018-10-25,1,1,1,2,999,100,1.0,1.0,1.0,0,0,1-25,0,2364.0
1346,abc,Accounting & Finance,2,0,1,1,2018-10-25,1,1,1,2,999,100,1.0,1.0,1.0,0,0,1-25,0,2364.0
1347,Jobma Test,Accounting & Finance,2,0,1,1,2018-10-26,1,1,1,2,999,100,1.0,1.0,1.0,0,0,1-25,0,2363.0
1348,fgdgdfgd,Accounting & Finance,2,0,1,1,2018-10-29,1,1,1,2,999,100,1.0,1.0,1.0,0,0,1-25,0,2360.0
1349,Jobma Test,Accounting & Finance,2,0,1,0,2018-10-30,1,0,1,1,0,100,1.0,1.0,1.0,0,0,1-25,0,2359.0
1350,test ssi,Accounting & Finance,2,0,1,1,2018-11-02,1,1,1,2,999,100,1.0,1.0,1.0,0,0,1-25,0,2356.0
1351,ssi test,Accounting & Finance,2,0,1,1,2018-11-02,1,1,1,2,999,100,1.0,1.0,1.0,0,0,1-25,0,2356.0
1352,ssi test,Accounting & Finance,2,0,1,1,2018-11-02,1,1,1,2,999,100,1.0,1.0,1.0,0,0,1-25,0,2356.0
1353,Jobma Test,Accounting & Finance,2,0,1,1,2018-11-02,1,1,1,2,999,100,1.0,1.0,1.0,0,0,1-25,0,2356.0
1354,Jobma Test,Accounting & Finance,2,0,1,1,2018-11-02,1,1,1,2,999,100,1.0,1.0,1.0,0,0,1-25,0,2356.0
1355,ssi,Accounting & Finance,2,0,1,1,2018-11-05,1,1,1,2,999,100,1.0,1.0,1.0,0,0,1-25,0,2353.0
1356,Jobma Test,Accounting & Finance,2,0,1,1,2018-11-05,1,1,1,2,999,100,1.0,1.0,1.0,0,0,1-25,0,2353.0
1357,Jobma Test,Accounting & Finance,2,0,1,1,2018-11-09,1,1,1,2,999,100,1.0,1.0,1.0,0,0,1-25,0,2349.0
1358,Jobma Test,Accounting & Finance,2,0,1,1,2018-11-09,1,1,1,2,999,100,1.0,1.0,1.0,0,0,1-25,0,2349.0
1359,Jobma Test,Accounting & Finance,2,0,1,1,2018-11-09,1,1,1,2,999,100,1.0,1.0,1.0,0,0,1-25,0,2349.0
1360,Mainusereditedmobile,Accounting & Finance,2,0,1,0,2018-11-09,1,0,1,1,0,100,1.0,1.0,1.0,0,0,1-25,0,2349.0
1361,test,Accounting & Finance,2,0,1,1,2018-11-13,1,1,1,2,999,100,2.0,1.5,1.0,0,0,1-25,0,2345.0
1362,test,Accounting & Finance,2,0,1,0,2018-11-13,1,0,1,1,0,100,1.0,1.0,1.0,0,0,1-25,0,2345.0
1363,ssi,Accounting & Finance,2,0,1,1,2018-11-15,1,1,1,2,999,100,1.0,1.0,1.0,0,0,1-25,0,2343.0
1364,afsv,Accounting & Finance,2,0,1,1,2018-11-15,1,1,1,1,999,100,1.0,1.0,1.0,0,0,1-25,0,2343.0
1365,test,Accounting & Finance,2,0,1,1,2018-11-16,1,1,1,2,999,100,1.0,1.0,1.0,0,0,1-25,0,2342.0
1366,rewer,Accounting & Finance,2,0,1,1,2018-11-16,1,1,1,2,999,100,1.5,1.5,1.0,0,0,1-25,0,2342.0
1367,ssi,Accounting & Finance,2,0,1,1,2018-11-18,1,1,1,2,999,100,1.0,1.0,1.0,0,0,1-25,0,2340.0
1368,SSI,Accounting & Finance,2,0,1,1,2018-11-18,1,1,1,2,999,100,1.0,1.0,1.0,0,0,1-25,0,2340.0
1369,abc,Accounting & Finance,2,0,1,1,2018-11-18,1,1,1,2,999,100,1.0,1.0,1.0,0,0,1-25,0,2340.0
1370,Ssi,Accounting & Finance,2,0,1,0,2018-11-19,1,0,1,1,0,100,1.0,1.0,1.0,0,0,1-25,0,2339.0
1371,ram june test,"49,3,10",2,0,2,1,2018-11-20,1,1,1,2,999,100,1.0,2.0,1.0,0,0,1-25,0,2338.0
1372,jobma test,107,2,0,2,1,2018-11-20,1,1,1,2,999,100,5.0,1.0,1.0,0,0,1-25,0,2338.0
1373,ssi,Accounting & Finance,2,0,1,1,2018-11-21,1,1,1,2,999,100,1.0,1.0,1.0,0,0,1-25,0,2337.0
1374,ram june test,Accounting & Finance,2,0,2,0,2018-11-21,1,0,1,1,0,100,1.0,1.0,1.0,0,0,1-25,0,2337.0
1375,sdfasd,Accounting & Finance,2,0,1,1,2018-11-22,1,1,1,2,999,100,1.5,1.5,1.0,1,0,1-25,0,2336.0
1376,dfsdf,Accounting & Finance,2,0,1,1,2018-11-22,1,1,1,2,999,100,1.33,1.33,1.0,1,0,1-25,0,2336.0
1377,Jobma Test,Accounting & Finance,2,0,1,1,2018-11-23,1,1,1,2,999,100,1.0,1.0,1.0,0,0,1-25,0,2335.0
1394,test,Accounting & Finance,2,0,1,1,2018-11-28,1,1,1,2,999,100,1.0,1.0,1.0,0,0,1-25,0,2330.0
1395,ssis,Accounting & Finance,2,0,1,1,2018-11-28,1,1,1,2,999,100,1.0,1.0,1.0,0,0,1-25,0,2330.0
1396,ssi,Accounting & Finance,2,0,1,1,2018-11-28,1,1,1,2,999,100,1.0,1.0,1.0,0,0,1-25,0,2330.0
1400,ssi,Accounting & Finance,2,0,1,1,2018-11-29,1,1,1,2,999,100,1.0,1.0,1.0,0,0,1-25,0,2329.0
1401,ssi,Accounting & Finance,2,0,1,1,2018-11-29,1,1,1,2,999,100,1.0,1.0,1.0,0,0,1-25,0,2329.0
1402,ssi,Accounting & Finance,2,0,1,1,2018-11-29,1,1,1,2,999,100,1.0,1.0,1.0,0,0,1-25,0,2329.0
1403,ssi,Accounting & Finance,2,0,1,1,2018-11-29,1,1,1,2,999,100,1.0,1.0,1.0,0,0,1-25,0,2329.0
1404,ssi,Accounting & Finance,2,0,1,1,2018-11-29,1,1,1,2,999,100,1.0,1.0,1.0,0,0,1-25,0,2329.0
1405,ssi,Accounting & Finance,2,0,1,1,2018-11-29,1,1,1,2,999,100,1.0,1.0,1.0,0,0,1-25,0,2329.0
1406,ssi,Accounting & Finance,2,0,1,1,2018-11-29,1,1,1,2,999,100,1.0,1.0,1.0,0,0,1-25,0,2329.0
1407,ssi,Accounting & Finance,2,0,1,1,2018-11-29,1,1,1,2,999,100,1.0,1.0,1.0,0,0,1-25,0,2329.0
1408,ssi,Accounting & Finance,2,0,1,1,2018-11-29,1,1,1,2,999,100,1.0,1.0,1.0,0,0,1-25,0,2329.0
1409,ssi,Accounting & Finance,2,0,1,1,2018-11-29,1,1,1,2,999,100,1.0,1.0,1.0,0,0,1-25,0,2329.0
1410,ssi,Accounting & Finance,2,0,1,1,2018-11-29,1,1,1,2,999,100,1.0,5.0,1.0,1,0,1-25,0,2329.0
1411,ssi,Accounting & Finance,2,0,1,1,2018-11-29,1,1,1,2,999,100,1.0,1.0,1.0,0,0,1-25,0,2329.0
1412,jobma,"61,63,57",2,0,2,1,2018-11-29,1,1,1,2,999,100,1.0,1.0,1.0,0,0,1-25,0,2329.0
1413,ssi,Accounting & Finance,2,0,1,1,2018-11-29,1,1,1,2,999,100,1.0,1.0,1.0,0,0,1-25,0,2329.0
1414,ssi,Accounting & Finance,2,0,1,1,2018-11-29,1,1,1,2,999,100,1.0,1.0,1.0,0,0,1-25,0,2329.0
1417,fsgdg,Accounting & Finance,2,0,1,1,2018-11-30,1,1,1,2,999,100,1.5,1.5,1.0,1,0,1-25,0,2328.0
1418,rwdgg,Accounting & Finance,2,0,1,1,2018-11-30,1,1,1,2,999,100,1.5,1.5,1.0,1,0,1-25,0,2328.0
1419,qdafsf,Accounting & Finance,2,0,1,1,2018-11-30,1,1,1,2,999,100,1.5,1.5,1.0,1,0,1-25,0,2328.0
1420,fsgg,Accounting & Finance,2,0,1,1,2018-11-30,1,1,1,2,999,12000,1.5,1.5,1.0,1,0,1-25,0,2328.0
1421,afssafgsg,Accounting & Finance,2,0,1,1,2018-11-30,1,1,1,2,999,12000,1.5,1.5,1.0,1,0,1-25,0,2328.0
1422,afsf,Accounting & Finance,2,0,1,1,2018-11-30,1,1,1,2,999,100,1.0,1.0,1.0,0,0,1-25,0,2328.0
1423,fssdgsgsg,Accounting & Finance,2,0,1,1,2018-11-30,1,1,1,2,999,12000,1.5,1.5,1.0,1,0,1-25,0,2328.0
1424,sdfsd,Accounting & Finance,2,0,1,1,2018-11-30,1,1,1,2,999,12000,1.5,1.5,1.0,1,0,1-25,0,2328.0
1425,fhyghh,Accounting & Finance,2,0,1,1,2018-11-30,1,1,1,2,999,12000,1.5,1.5,1.0,1,0,1-25,0,2328.0
1426,affsfsfsf,Accounting & Finance,2,0,1,1,2018-11-30,1,1,1,2,999,12000,1.5,1.5,1.0,1,0,1-25,0,2328.0
1427,adafs,Accounting & Finance,2,0,1,1,2018-11-30,1,1,1,2,999,12000,1.5,1.5,1.0,1,0,1-25,0,2328.0
1428,dsdas,Accounting & Finance,2,0,1,1,2018-11-30,1,1,1,2,999,12000,1.5,1.5,1.0,1,0,1-25,0,2328.0
1429,fdsdb,Accounting & Finance,2,0,1,1,2018-11-30,1,1,1,2,999,12000,1.5,1.5,1.0,1,0,1-25,0,2328.0
1430,Final Test Dev,Accounting & Finance,2,0,1,1,2018-12-03,1,1,1,2,999,100,1.5,1.5,1.0,1,0,1-25,0,2325.0
1431,sssi,Accounting & Finance,2,0,1,1,2018-12-03,1,1,1,2,999,100,1.0,1.0,1.0,0,0,1-25,0,2325.0
1432,assgsgsfs,Accounting & Finance,2,0,1,1,2018-12-03,1,1,1,2,999,100,1.0,1.0,1.0,0,0,1-25,0,2325.0
1433,test,Accounting & Finance,2,0,1,1,2018-12-03,1,1,1,2,999,12000,1.5,1.5,1.0,1,0,1-25,0,2325.0
1434,dfwer,Accounting & Finance,2,0,1,1,2018-12-03,1,1,1,2,999,12000,1.33,1.33,1.0,1,0,1-25,0,2325.0
1435,ssi test,Accounting & Finance,2,0,1,1,2018-12-04,1,1,1,2,999,100,1.0,1.0,1.0,0,0,1-25,0,2324.0
1436,test,Accounting & Finance,2,0,1,1,2018-12-04,1,1,1,2,999,100,1.0,1.0,1.0,0,0,1-25,0,2324.0
1437,adsczc,Accounting & Finance,2,0,1,1,2018-12-04,1,1,1,2,999,100,1.0,1.0,1.0,0,0,1-25,0,2324.0
1438,ssi ,Accounting & Finance,2,0,1,1,2018-12-04,1,1,1,2,999,100,1.0,1.0,1.0,0,0,1-25,0,2324.0
1439,adafsfsf,Accounting & Finance,2,0,1,1,2018-12-04,1,1,1,2,999,100,1.0,1.0,1.0,0,0,1-25,0,2324.0
1440,affsf,Accounting & Finance,2,0,1,1,2018-12-04,1,1,1,2,999,100,1.0,1.0,1.0,0,0,1-25,0,2324.0
1441,aafsgdsgsg,Accounting & Finance,2,0,1,1,2018-12-04,1,1,1,2,999,12000,1.5,1.5,1.0,1,0,1-25,0,2324.0
1443,test,Accounting & Finance,2,0,1,1,2018-12-05,1,1,1,2,999,100,1.0,1.0,1.0,0,0,1-25,0,2323.0
1444,test,Accounting & Finance,2,0,1,1,2018-12-05,1,1,1,2,999,12000,1.5,1.5,1.0,1,0,1-25,0,2323.0
1445,test,Accounting & Finance,2,0,1,1,2018-12-05,1,1,1,2,999,100,1.0,1.0,1.0,0,0,1-25,0,2323.0
1446,test,Accounting & Finance,2,0,1,1,2018-12-05,1,1,1,2,999,100,1.33,1.33,1.0,1,0,1-25,0,2323.0
1447,test,Accounting & Finance,2,0,1,1,2018-12-05,1,1,1,2,999,100,1.33,1.33,1.0,1,0,1-25,0,2323.0
1448,test,Accounting & Finance,2,0,1,1,2018-12-05,1,1,1,2,999,100,1.33,1.33,1.0,1,0,1-25,0,2323.0
1449,test,Accounting & Finance,2,0,1,1,2018-12-05,1,1,1,2,999,100,1.0,1.0,1.0,0,0,1-25,0,2323.0
1450,test,Accounting & Finance,2,0,1,1,2018-12-05,1,1,1,2,999,100,1.0,1.0,1.0,0,0,1-25,0,2323.0
1451,test,Accounting & Finance,2,0,1,1,2018-12-05,1,1,1,2,999,100,1.0,1.0,1.0,0,0,1-25,0,2323.0
1452,test,Accounting & Finance,2,0,1,1,2018-12-05,1,1,1,2,999,100,1.5,1.5,1.0,1,0,1-25,0,2323.0
1453,test,Accounting & Finance,2,0,1,1,2018-12-05,1,1,1,2,999,100,1.5,1.5,1.0,1,0,1-25,0,2323.0
1454,test,Accounting & Finance,2,0,1,1,2018-12-05,1,1,1,2,999,12000,1.5,1.5,1.0,1,0,1-25,0,2323.0
1455,test,Accounting & Finance,2,0,1,1,2018-12-05,1,1,1,2,999,100,1.5,1.5,1.0,1,0,1-25,0,2323.0
1458,dds,Accounting & Finance,2,0,1,1,2018-12-06,1,1,1,2,999,100,1.5,1.5,1.0,1,0,1-25,0,2322.0
1459,test,Accounting & Finance,2,0,1,1,2018-12-06,1,1,1,2,999,100,1.5,1.5,1.0,1,0,1-25,0,2322.0
1460,Jobma Test,Accounting & Finance,2,0,1,1,2018-12-06,1,1,1,2,999,100,1.5,1.5,1.0,1,0,1-25,0,2322.0
1461,Jobma Test,Accounting & Finance,2,0,1,1,2018-12-06,1,1,1,2,999,100,1.5,1.5,1.0,1,0,1-25,0,2322.0
1462,Jobma Test,Accounting & Finance,2,0,1,1,2018-12-06,1,1,1,2,999,100,1.5,1.5,1.0,1,0,1-25,0,2322.0
1463,Jobma Test,Accounting & Finance,2,0,1,1,2018-12-06,1,1,1,2,999,100,1.5,1.5,1.0,1,0,1-25,0,2322.0
1464,Jobma Test,Accounting & Finance,2,0,1,1,2018-12-06,1,1,1,2,999,100,1.5,1.5,1.0,1,0,1-25,0,2322.0
1465,Jobma Test,Accounting & Finance,2,0,1,1,2018-12-06,1,1,1,2,999,100,1.5,1.5,1.0,1,0,1-25,0,2322.0
1466,test,Accounting & Finance,2,0,1,1,2018-12-06,1,1,1,2,999,12000,1.5,1.5,1.0,1,0,1-25,0,2322.0
1467,Jobma Test,Accounting & Finance,2,0,1,1,2018-12-06,1,1,1,2,999,100,1.5,1.5,1.0,1,0,1-25,0,2322.0
1468,Jobma Test,Accounting & Finance,2,0,1,1,2018-12-06,1,1,1,2,999,100,1.0,1.0,1.0,0,0,1-25,0,2322.0
1469,Jobma Test,Accounting & Finance,2,0,1,1,2018-12-07,1,1,1,2,999,100,1.5,1.5,1.0,1,0,1-25,0,2321.0
1470,Jobma Test,Accounting & Finance,2,0,1,1,2018-12-08,1,1,1,2,999,12000,1.5,1.5,1.0,1,0,1-25,0,2320.0
1471,Jobma Test,Accounting & Finance,2,0,1,1,2018-12-08,1,1,1,2,999,12000,1.5,1.5,1.0,1,0,1-25,0,2320.0
1472,Jobma Test,Accounting & Finance,2,0,1,1,2018-12-08,1,1,1,2,999,100,1.5,1.5,1.0,1,0,1-25,0,2320.0
1473,Mainusereditedmobile,Accounting & Finance,2,0,1,0,2018-12-10,1,0,1,1,0,100,1.0,1.0,1.0,0,0,1-25,0,2318.0
1474,ssi,Accounting & Finance,2,0,1,0,2018-12-11,1,0,1,1,0,100,1.0,1.0,1.0,0,0,1-25,0,2317.0
1475,Mainusereditedmobile,Accounting & Finance,2,0,1,0,2018-12-11,1,0,1,1,0,100,1.0,1.0,1.0,0,0,1-25,0,2317.0
1476,Mainusereditedmobile,Accounting & Finance,2,0,1,0,2018-12-11,1,0,1,1,0,100,1.0,1.0,1.0,0,0,1-25,0,2317.0
1477,test,Accounting & Finance,2,0,1,1,2018-12-12,1,1,1,2,999,100,1.0,1.0,1.0,0,0,1-25,0,2316.0
1478,Jobma Test,Accounting & Finance,2,0,1,1,2018-12-13,1,1,1,2,999,100,1.0,1.0,1.0,0,0,1-25,0,2315.0
1479,Jobma Test,Accounting & Finance,2,0,1,1,2018-12-13,1,1,1,2,999,100,1.0,1.0,1.0,0,0,1-25,0,2315.0
1480,ssi,Accounting & Finance,2,1,1,1,2018-12-13,1,1,1,2,999,100,1.0,1.0,1.0,0,0,1-25,0,2315.0
1481,Jobma Test,Accounting & Finance,2,0,1,1,2018-12-13,1,1,1,2,999,100,1.0,1.0,1.0,0,0,1-25,0,2315.0
1482,Jobma Test,Accounting & Finance,2,0,1,1,2018-12-14,1,1,1,2,999,100,1.0,1.0,1.0,0,0,1-25,0,2314.0
1483,Jobma Test,Accounting & Finance,2,0,1,1,2018-12-14,1,1,1,2,999,100,1.0,1.0,1.0,0,0,1-25,0,2314.0
1484,Jobma Test,Accounting & Finance,2,0,1,1,2018-12-14,1,1,1,2,999,12000,1.5,1.5,1.0,1,0,1-25,0,2314.0
1485,Jobma Test,Accounting & Finance,2,0,1,1,2018-12-14,1,1,1,2,999,12000,1.5,1.5,1.0,1,0,1-25,0,2314.0
1486,Ssi,Accounting & Finance,2,0,1,0,2018-12-16,1,0,1,1,0,100,1.0,1.0,1.0,0,0,1-25,0,2312.0
1487,Test,Accounting & Finance,2,0,1,1,2018-12-17,1,1,1,2,999,100,1.0,1.0,1.0,0,0,1-25,0,2311.0
1488,Test,Accounting & Finance,2,0,1,1,2018-12-17,1,1,1,2,999,100,1.0,1.0,1.0,0,0,1-25,0,2311.0
1489,fsdf,Accounting & Finance,2,0,1,1,2018-12-18,1,1,1,2,999,100,1.0,1.0,1.0,0,0,1-25,0,2310.0
1490,test,Accounting & Finance,2,1,1,1,2018-12-20,1,1,1,2,999,100,1.0,1.0,1.0,0,0,1-25,0,2308.0
1504,Ssi,Accounting & Finance,2,0,1,0,2018-12-26,1,0,1,1,0,100,1.0,1.0,1.0,0,0,1-25,0,2302.0
1505,Ssi,Accounting & Finance,2,0,1,0,2018-12-26,1,0,1,1,0,100,1.0,1.0,1.0,0,0,1-25,0,2302.0
1506,Ssi,Accounting & Finance,2,0,1,0,2018-12-26,1,0,1,1,0,100,1.0,1.0,1.0,0,0,1-25,0,2302.0
1520,JOBMA,"62,49",2,0,2,1,2019-01-02,1,1,1,2,999,100,1.0,1.0,1.0,0,0,1-25,0,2295.0
1521,TestData,Accounting & Finance,2,0,1,0,2019-01-02,1,0,1,1,0,100,1.0,1.0,1.0,0,0,1-25,0,2295.0
1523,SSI,"62,49, 3, 6",2,0,2,0,2019-01-03,1,0,1,1,0,100,1.0,1.0,1.0,0,0,1-25,0,2294.0
1524,TestData,Accounting & Finance,2,0,1,0,2019-01-03,1,0,1,1,0,100,1.0,1.0,1.0,0,0,1-25,0,2294.0
1525,XYZ,62,2,0,2,1,2019-01-03,1,1,1,2,999,100,1.0,1.75,1.0,0,0,1-25,0,2294.0
1527,TestData,Accounting & Finance,2,0,1,0,2019-01-03,1,0,1,1,0,100,1.0,1.0,1.0,0,0,1-25,0,2294.0
1528,test,Accounting & Finance,2,0,1,1,2019-01-03,1,1,1,2,999,12000,1.33,1.33,1.0,1,0,1-25,0,2294.0
1538,XYZ,Accounting & Finance,2,0,1,0,2019-01-07,1,0,1,1,0,100,1.0,1.0,1.0,0,0,1-25,0,2290.0
1539,Mainusereditedmobile,Accounting & Finance,2,0,1,0,2019-01-07,1,0,1,1,0,100,1.0,1.0,1.0,0,0,1-25,0,2290.0
1540,Mainusereditedmobile,Accounting & Finance,2,0,1,0,2019-01-07,1,0,1,1,0,100,1.0,1.0,1.0,0,0,1-25,0,2290.0
1541,Mainusereditedmobile,Accounting & Finance,2,0,1,0,2019-01-07,1,0,1,1,0,100,1.0,1.0,1.0,0,0,1-25,0,2290.0
1542,Mainusereditedmobile,Accounting & Finance,2,0,1,0,2019-01-07,1,0,1,1,0,100,1.0,1.0,1.0,0,0,1-25,0,2290.0
1547,Tata ,Accounting & Finance,2,0,1,1,2019-01-07,1,1,1,2,999,12000,1.0,1.0,1.0,1,0,1-25,0,2290.0
1548,jobma test,Accounting & Finance,2,0,1,0,2019-01-08,1,0,1,1,0,100,1.0,1.0,1.0,0,0,1-25,0,2289.0
1550,XYZ,Accounting & Finance,2,0,1,0,2019-01-08,1,0,1,1,0,100,1.0,1.75,1.0,0,0,1-25,0,2289.0
1577,jobma test,Accounting & Finance,2,0,1,0,2019-01-12,1,0,1,1,0,100,1.0,1.0,1.0,0,0,1-25,0,2285.0
1582,ABC,Accounting & Finance,2,0,1,1,2019-01-16,1,1,1,2,999,100,1.0,1.0,1.0,0,0,1-25,0,2281.0
1583,Test,Accounting & Finance,2,0,1,1,2019-01-16,1,1,1,2,999,100,1.0,1.0,1.0,0,0,1-25,0,2281.0
1584,ABC,Accounting & Finance,2,0,2,1,2019-01-17,1,1,1,2,999,100,1.0,1.0,1.0,0,0,1-25,0,2280.0
1585,klopiutyr,Accounting & Finance,2,0,1,1,2019-01-17,1,1,1,2,999,100,1.0,1.0,1.0,0,0,1-25,0,2280.0
1586,ssi,Accounting & Finance,2,0,1,1,2019-01-17,1,1,1,2,999,100,1.0,1.0,1.0,0,0,1-25,0,2280.0
1587,ABC,Accounting & Finance,2,0,1,1,2019-01-17,1,1,1,2,999,100,1.0,1.0,1.0,0,0,1-25,0,2280.0
1588,Text,Accounting & Finance,2,0,1,0,2019-01-17,1,0,1,1,0,100,1.0,1.0,1.0,0,0,1-25,0,2280.0
1589,test,Accounting & Finance,2,0,1,1,2019-01-17,1,1,1,2,999,12000,1.5,1.5,1.0,1,0,1-25,0,2280.0
1590,ABC,Accounting & Finance,2,0,1,0,2019-01-20,1,0,1,1,0,100,1.0,1.0,1.0,0,0,1-25,0,2277.0
1591,ABC,Accounting & Finance,2,0,1,0,2019-01-21,1,0,1,1,0,100,1.0,1.0,1.0,0,0,1-25,0,2276.0
1592,ABCDE,64,2,0,1,1,2019-01-21,1,1,1,2,999,100,1.0,1.0,1.0,0,0,1-25,0,2276.0
1593,ABCDE,Accounting & Finance,2,0,1,1,2019-01-21,1,1,1,2,999,100,1.0,1.0,1.0,0,0,1-25,0,2276.0
1594,ABCDE,Accounting & Finance,2,0,1,1,2019-01-21,1,1,1,2,999,100,1.0,1.0,1.0,0,0,1-25,0,2276.0
1595,test,Accounting & Finance,2,0,1,1,2019-01-21,1,1,1,2,999,12000,1.5,1.5,1.0,1,0,1-25,0,2276.0
1596,test,Accounting & Finance,2,0,1,0,2019-01-21,1,0,1,1,0,100,1.0,1.0,1.0,0,0,1-25,0,2276.0
1598,test,Accounting & Finance,2,0,1,1,2019-01-23,1,1,1,2,999,12000,5.0,4.0,1.0,0,0,1-25,0,2274.0
1599,SSI,"3,4",2,0,1,1,2019-01-23,1,1,1,2,999,100,1.0,1.0,1.0,0,0,1-25,0,2274.0
1600,test,Accounting & Finance,2,0,1,1,2019-01-24,1,1,1,2,999,12000,1.5,1.5,1.0,1,0,1-25,0,2273.0
1601,ABCDE,Accounting & Finance,2,0,1,0,2019-01-29,1,0,1,1,0,100,1.0,1.0,1.0,0,0,1-25,0,2268.0
1602,ABC,Accounting & Finance,2,0,1,1,2019-01-29,1,1,1,2,999,100,1.0,1.0,1.0,0,0,1-25,0,2268.0
1603,fsfsfsf,Accounting & Finance,2,0,1,1,2019-01-29,1,1,1,2,999,100,1.0,1.0,1.0,0,0,1-25,0,2268.0
1604,ABC,Accounting & Finance,2,0,1,0,2019-01-29,1,0,1,1,0,100,1.0,1.0,1.0,0,0,1-25,0,2268.0
1605,gdgdgdg ,Accounting & Finance,2,0,1,1,2019-01-29,1,1,1,2,999,100,1.0,1.0,1.0,0,0,1-25,0,2268.0
1606,test,Accounting & Finance,2,0,1,1,2019-01-29,1,1,1,2,999,100,1.0,1.0,1.0,0,0,1-25,0,2268.0
1607,ABC,Accounting & Finance,2,0,1,1,2019-01-29,1,1,1,2,999,100,1.0,1.0,1.0,0,0,1-25,0,2268.0
1608,ABCD,Accounting & Finance,2,0,1,1,2019-01-29,1,1,1,2,999,100,1.0,1.0,1.0,0,0,1-25,0,2268.0
1609,test,Accounting & Finance,2,0,1,1,2019-01-29,1,1,1,2,999,100,1.0,1.0,1.0,0,0,1-25,0,2268.0
1610,test,Accounting & Finance,2,0,1,1,2019-01-29,1,1,1,2,999,100,1.0,1.0,1.0,0,0,1-25,0,2268.0
1611,test,Accounting & Finance,2,0,1,1,2019-01-29,1,1,1,2,999,100,1.0,1.0,1.0,0,0,1-25,0,2268.0
1612,test,Accounting & Finance,2,0,1,1,2019-01-29,1,1,1,2,999,100,1.0,1.0,1.0,0,0,1-25,0,2268.0
1613,test,Accounting & Finance,2,0,1,1,2019-01-29,1,1,1,2,999,100,1.0,1.0,1.0,0,0,1-25,0,2268.0
1614,ABC,Accounting & Finance,2,0,1,1,2019-01-29,1,1,1,2,999,100,1.0,1.0,1.0,0,0,1-25,0,2268.0
1615,ABC,Accounting & Finance,2,0,1,1,2019-01-29,1,1,1,2,999,100,1.0,1.0,1.0,0,0,1-25,0,2268.0
1616,test,Accounting & Finance,2,0,1,1,2019-01-29,1,1,1,2,999,100,1.0,1.0,1.0,0,0,1-25,0,2268.0
1617,test,Accounting & Finance,2,0,1,1,2019-01-29,1,1,1,2,999,100,1.0,1.0,1.0,0,0,1-25,0,2268.0
1618,test,Accounting & Finance,2,0,1,1,2019-01-29,1,1,1,2,999,12000,1.5,1.5,1.0,1,0,1-25,0,2268.0
1619,test,Accounting & Finance,2,0,1,1,2019-01-29,1,1,1,2,999,100,1.0,1.0,1.0,0,0,1-25,0,2268.0
1620,test,Accounting & Finance,2,0,1,1,2019-01-29,1,1,1,2,999,100,1.0,1.0,1.0,0,0,1-25,0,2268.0
1621,test,Accounting & Finance,2,0,1,1,2019-01-29,1,1,1,2,999,100,1.0,1.0,1.0,0,0,1-25,0,2268.0
1622,jobma test,Accounting & Finance,2,0,1,0,2019-01-30,1,0,1,1,0,100,1.0,1.0,1.0,0,0,1-25,0,2267.0
1623,jobma test,Accounting & Finance,2,0,1,0,2019-01-30,1,0,1,1,0,100,1.0,1.0,1.0,0,0,1-25,0,2267.0
1624,jobma test,Accounting & Finance,2,0,1,0,2019-01-30,1,0,1,1,0,100,1.0,1.0,1.0,0,0,1-25,0,2267.0
1625,abc,Accounting & Finance,2,0,1,0,2019-01-31,1,0,1,1,0,100,1.0,1.0,1.0,0,0,1-25,0,2266.0
1626,test,Accounting & Finance,2,0,1,0,2019-01-31,1,0,1,1,0,100,1.0,1.0,1.0,0,0,1-25,0,2266.0
1627,ABCDE,Accounting & Finance,2,0,1,1,2019-02-01,1,1,1,2,999,100,1.0,1.0,1.0,0,0,1-25,0,2265.0
1628,ssi,Accounting & Finance,2,0,1,0,2019-02-01,1,0,1,1,0,100,1.0,1.0,1.0,0,0,1-25,0,2265.0
1629,ABCDE,Accounting & Finance,2,0,1,0,2019-02-01,1,0,1,1,0,100,1.0,1.0,1.0,0,0,1-25,0,2265.0
1630,jobma test,Accounting & Finance,2,0,1,0,2019-02-04,1,0,1,1,0,100,1.0,1.0,1.0,0,0,1-25,0,2262.0
1631,ram june test,Accounting & Finance,2,0,2,0,2019-02-05,1,0,1,1,0,100,1.0,1.0,1.0,0,0,1-25,0,2261.0
1632,ABCDE,Accounting & Finance,2,0,1,0,2019-02-06,1,0,1,1,0,100,1.0,1.0,1.0,0,0,1-25,0,2260.0
1633,ABCD,Accounting & Finance,2,0,1,0,2019-02-06,1,0,1,1,0,100,1.0,1.0,1.0,0,0,1-25,0,2260.0
1634,ABC,Accounting & Finance,2,0,1,0,2019-02-07,1,0,1,1,0,100,1.0,1.0,1.0,0,0,1-25,0,2259.0
1636,test,Accounting & Finance,2,0,1,1,2019-02-12,1,1,1,2,999,100,1.0,1.0,1.0,0,0,1-25,0,2254.0
1637,test,Accounting & Finance,2,0,1,1,2019-02-14,1,1,1,2,999,100,1.0,1.0,1.0,0,0,1-25,0,2252.0
1638,test,Accounting & Finance,2,0,1,1,2019-02-14,1,1,1,2,999,12000,1.5,1.5,1.0,1,0,1-25,0,2252.0
1639,SSI,Accounting & Finance,2,0,1,1,2019-02-14,1,1,1,2,999,12000,1.5,1.5,1.0,1,0,1-25,0,2252.0
1640,ssi,Accounting & Finance,2,0,1,1,2019-02-14,1,1,1,2,999,100,1.0,1.0,1.0,0,0,1-25,0,2252.0
1641,test,Accounting & Finance,2,0,1,1,2019-02-14,1,1,1,2,999,100,1.0,1.0,1.0,0,0,1-25,0,2252.0
1642,aafsaf,Accounting & Finance,2,0,1,1,2019-02-14,1,1,1,2,999,100,1.0,1.0,1.0,0,0,1-25,0,2252.0
1643,test,Accounting & Finance,2,0,1,1,2019-02-15,1,1,1,2,999,12000,1.5,1.5,1.0,1,0,1-25,0,2251.0
1644,test,Accounting & Finance,2,0,1,1,2019-02-15,1,1,1,2,999,100,1.0,1.0,1.0,0,0,1-25,0,2251.0
1645,test,Accounting & Finance,2,0,1,1,2019-02-15,1,1,1,2,999,12000,1.33,1.33,1.0,1,0,1-25,0,2251.0
1646,tet,Accounting & Finance,2,0,1,1,2019-02-15,1,1,1,2,999,100,1.0,1.0,1.0,0,0,1-25,0,2251.0
1647,test,Accounting & Finance,2,0,1,1,2019-02-15,1,1,1,2,999,100,1.0,1.0,1.0,0,0,1-25,0,2251.0
1648,ABC,Accounting & Finance,2,0,1,0,2019-02-18,1,0,1,1,0,100,1.0,1.0,1.0,0,0,1-25,0,2248.0
1649,Select Source International,Accounting & Finance,2,0,1,0,2019-02-18,1,0,1,1,0,100,1.0,1.0,1.0,0,0,1-25,0,2248.0
1650,ssi,Accounting & Finance,2,0,1,0,2019-02-20,1,0,1,1,0,100,1.0,1.0,1.0,0,0,1-25,0,2246.0
1651,Select Source International,Accounting & Finance,2,0,1,0,2019-02-20,1,0,1,1,0,100,1.0,1.0,1.0,0,0,1-25,0,2246.0
1652,ram june test,Accounting & Finance,2,0,2,0,2019-02-20,1,0,1,1,0,100,1.0,1.0,1.0,0,0,1-25,0,2246.0
1653,Abc,Accounting & Finance,2,0,1,1,2019-02-26,1,1,1,2,999,12000,1.5,1.5,1.0,1,0,1-25,0,2240.0
1654,test,Accounting & Finance,2,0,1,0,2019-02-27,1,0,1,1,0,100,1.0,1.0,1.0,0,0,1-25,0,2239.0
1655,ABC,Accounting & Finance,2,0,1,1,2019-02-27,1,1,1,2,999,100,1.0,1.0,1.0,1,0,1-25,0,2239.0
1656,ABC,Accounting & Finance,2,0,1,0,2019-02-27,1,0,1,1,0,100,1.0,1.0,1.0,0,0,1-25,0,2239.0
1657,jobma,Accounting & Finance,2,0,1,1,2019-02-27,1,1,1,2,999,12000,1.5,1.5,1.0,1,0,1-25,0,2239.0
1658,ABC,Accounting & Finance,2,0,1,1,2019-02-28,1,1,1,2,999,100,1.0,1.0,1.0,0,0,1-25,0,2238.0
1659,ABC,Accounting & Finance,2,0,1,0,2019-03-01,1,0,1,1,0,100,1.0,1.0,1.0,0,0,1-25,0,2237.0
1660,New test,Accounting & Finance,2,0,2,1,2019-03-01,1,1,1,2,999,100,1.0,1.0,1.0,0,0,1-25,0,2237.0
1661,ssi,Accounting & Finance,2,0,1,1,2019-03-01,1,1,1,2,999,12000,1.5,1.5,1.0,1,0,1-25,0,2237.0
1662,ssi,Accounting & Finance,2,0,1,0,2019-03-04,1,0,1,1,0,100,1.0,1.0,1.0,0,0,1-25,0,2234.0
1663,ssi,Accounting & Finance,2,0,1,0,2019-03-04,1,0,1,1,0,100,1.0,1.0,1.0,0,0,1-25,0,2234.0
1664,jobma,Accounting & Finance,2,0,1,0,2019-03-04,1,0,1,1,0,100,1.0,1.0,1.0,0,0,1-25,0,2234.0
1665,ssi,Accounting & Finance,2,0,1,0,2019-03-04,1,0,1,1,0,100,1.0,1.0,1.0,0,0,1-25,0,2234.0
1666,ssi,Accounting & Finance,2,0,1,0,2019-03-04,1,0,1,1,0,100,1.0,1.0,1.0,0,0,1-25,0,2234.0
1667,jobma,Accounting & Finance,2,0,1,0,2019-03-04,1,0,1,1,0,100,1.0,1.0,1.0,0,0,1-25,0,2234.0
1668,ssi,Accounting & Finance,2,0,1,0,2019-03-04,1,0,1,1,0,100,1.0,1.0,1.0,0,0,1-25,0,2234.0
1669,ssi,Accounting & Finance,2,0,1,0,2019-03-04,1,0,1,1,0,100,1.0,1.0,1.0,0,0,1-25,0,2234.0
1670,jobma,Accounting & Finance,2,0,1,1,2019-03-04,1,1,1,2,999,12000,1.5,1.5,1.0,1,0,1-25,0,2234.0
1671,jobma,Accounting & Finance,2,0,1,0,2019-03-04,1,0,1,1,0,100,1.0,1.0,1.0,0,0,1-25,0,2234.0
1672,jobma,Accounting & Finance,2,0,1,0,2019-03-04,1,0,1,1,0,100,1.0,1.0,1.0,0,0,1-25,0,2234.0
1673,jobma,Accounting & Finance,2,0,1,0,2019-03-04,1,0,1,1,0,100,1.0,1.0,1.0,0,0,1-25,0,2234.0
1674,jobma,Accounting & Finance,2,0,1,1,2019-03-04,1,1,1,2,999,100,1.0,1.0,1.0,0,0,1-25,0,2234.0
1675,jobma,Accounting & Finance,2,0,1,0,2019-03-04,1,0,1,1,0,100,1.0,1.0,1.0,0,0,1-25,0,2234.0
1676,jobma,Accounting & Finance,2,0,1,0,2019-03-04,1,0,1,1,0,100,1.0,1.0,1.0,0,0,1-25,0,2234.0
1677,jobma,Accounting & Finance,2,0,1,0,2019-03-04,1,0,1,1,0,100,1.0,1.0,1.0,0,0,1-25,0,2234.0
1678,jobma,Accounting & Finance,2,0,1,0,2019-03-04,1,0,1,1,0,100,1.0,1.0,1.0,0,0,1-25,0,2234.0
1679,jobma,Accounting & Finance,2,0,1,0,2019-03-04,1,0,1,1,0,100,1.0,1.0,1.0,0,0,1-25,0,2234.0
1680,jobma,Accounting & Finance,2,0,1,0,2019-03-04,1,0,1,1,0,100,1.0,1.0,1.0,0,0,1-25,0,2234.0
1681,jobma,Accounting & Finance,2,0,1,0,2019-03-04,1,0,1,1,0,100,1.0,1.0,1.0,0,0,1-25,0,2234.0
1682,jobma,Accounting & Finance,2,0,1,0,2019-03-05,1,0,1,1,0,100,1.0,1.0,1.0,0,0,1-25,0,2233.0
1683,TestSetUp,Accounting & Finance,2,0,1,1,2019-03-06,1,1,1,2,999,100,1.0,1.0,1.0,0,0,1-25,0,2232.0
1684,SelectSource International,Accounting & Finance,2,0,1,1,2019-03-06,1,1,1,2,999,100,4.0,2.0,1.0,0,0,1-25,0,2232.0
1685,ABC,Accounting & Finance,2,0,1,0,2019-03-07,1,0,1,1,0,100,1.0,1.0,1.0,0,0,1-25,0,2231.0
1686,ram june test,Accounting & Finance,2,0,2,0,2019-03-07,1,0,1,1,0,100,1.0,1.0,1.0,0,0,1-25,0,2231.0
1687,no_kit@yopmail.com,Accounting & Finance,2,0,1,0,2019-03-07,1,0,1,1,0,100,1.0,1.0,1.0,0,0,1-25,0,2231.0
1688,no_kit@yopmail.com,Accounting & Finance,2,0,1,0,2019-03-07,1,0,1,1,0,100,1.0,1.0,1.0,0,0,1-25,0,2231.0
1689,ssi,Accounting & Finance,2,0,1,0,2019-03-08,1,0,1,1,0,100,1.0,1.0,1.0,0,0,1-25,0,2230.0
1690,Test,Accounting & Finance,2,0,1,0,2019-03-12,1,0,1,1,0,100,1.0,1.0,1.0,0,0,1-25,0,2226.0
1691,Test tracking,Accounting & Finance,2,0,1,1,2019-03-12,1,1,1,2,999,100,1.0,1.0,1.0,0,0,1-25,0,2226.0
1692,SSI jobma New,"3,4","2,8",0,1,1,2019-03-12,1,1,1,2,999,100,2.0,4.0,1.0,1,0,1-25,0,2226.0
1693,jobma,Accounting & Finance,2,0,1,1,2019-03-12,1,1,1,2,999,100,1.0,1.0,1.0,0,0,1-25,0,2226.0
1694,jobma,Accounting & Finance,2,0,1,0,2019-03-12,1,0,1,1,0,100,1.0,1.0,1.0,0,0,1-25,0,2226.0
1695,ram june test,Accounting & Finance,2,0,2,0,2019-03-13,1,0,1,1,0,100,1.0,1.0,1.0,0,0,1-25,0,2225.0
1696,Track,Accounting & Finance,2,0,1,0,2019-03-13,1,0,1,1,0,100,1.0,1.0,1.0,0,0,1-25,0,2225.0
1697,jobma,Accounting & Finance,2,0,1,1,2019-03-13,1,1,1,2,999,100,1.0,1.0,1.0,0,0,1-25,0,2225.0
1698,Track,Accounting & Finance,2,0,1,0,2019-03-14,1,0,1,1,0,100,1.0,1.0,1.0,0,0,1-25,0,2224.0
1699,jobma,Accounting & Finance,2,0,1,0,2019-03-14,1,0,1,1,0,100,1.0,1.0,1.0,0,0,1-25,0,2224.0
1700,ABC,Accounting & Finance,2,0,1,1,2019-03-14,1,1,1,2,999,100,1.0,1.0,1.0,0,0,1-25,0,2224.0
1701,test,Accounting & Finance,2,0,1,0,2019-03-14,1,0,1,1,0,100,1.0,1.0,1.0,0,0,1-25,0,2224.0
1702,aafsff,Accounting & Finance,2,0,1,1,2019-03-14,1,1,1,2,999,100,1.0,1.0,1.0,0,0,1-25,0,2224.0
1703,Test,Accounting & Finance,2,0,1,1,2019-03-15,1,1,1,2,999,100,1.0,1.0,1.0,0,0,1-25,0,2223.0
1704,Test,Accounting & Finance,2,0,1,0,2019-03-15,1,0,1,1,0,100,1.0,1.0,1.0,0,0,1-25,0,2223.0
1705,cugjn,Accounting & Finance,2,0,1,1,2019-03-19,1,1,1,2,999,12000,1.5,1.5,1.0,1,0,1-25,0,2219.0
1706,sfsgdgdg,Accounting & Finance,2,0,1,1,2019-03-19,1,1,1,2,999,12000,1.5,1.5,1.0,1,0,1-25,0,2219.0
1707,ram june test,Accounting & Finance,2,0,2,0,2019-03-19,1,0,1,1,0,100,1.0,1.0,1.0,0,0,1-25,0,2219.0
1708,sfsgdgdg,Accounting & Finance,2,0,1,0,2019-03-19,1,0,1,1,0,100,1.0,1.0,1.0,0,0,1-25,0,2219.0
1709,ABCD,Accounting & Finance,2,0,1,0,2019-03-19,1,0,1,1,0,100,1.0,1.0,1.0,0,0,1-25,0,2219.0
1710,jobma,Accounting & Finance,2,0,2,1,2019-03-19,1,1,1,2,999,100,1.0,1.0,1.0,0,0,1-25,0,2219.0
1711,jobma,Accounting & Finance,2,0,1,0,2019-03-19,1,0,1,1,0,100,1.0,1.0,1.0,0,0,1-25,0,2219.0
1712,Track,Accounting & Finance,2,0,1,0,2019-03-20,1,0,1,1,0,100,1.0,1.0,1.0,0,0,1-25,0,2218.0
1713,test,Accounting & Finance,2,0,1,1,2019-03-25,1,1,1,2,999,100,1.0,1.0,1.0,0,0,1-25,0,2213.0
1714,Track,Accounting & Finance,2,0,1,0,2019-03-27,1,0,1,1,0,100,1.0,1.0,1.0,0,0,1-25,0,2211.0
1715,ABC,Accounting & Finance,2,0,1,1,2019-03-27,1,1,1,2,999,100,1.0,1.0,1.0,0,0,1-25,0,2211.0
1716,ABC,Accounting & Finance,2,0,1,0,2019-03-27,1,0,1,1,0,100,1.0,1.0,1.0,0,0,1-25,0,2211.0
1717,ABC,Accounting & Finance,2,0,1,1,2019-03-28,1,1,1,2,999,100,1.0,1.0,1.0,0,0,1-25,0,2210.0
1718,Track,Accounting & Finance,2,0,1,0,2019-03-28,1,0,1,1,0,100,1.0,1.0,1.0,0,0,1-25,0,2210.0
1719,jobma,Accounting & Finance,2,0,1,1,2019-04-01,1,1,1,2,999,12000,1.5,1.5,1.0,1,0,1-25,0,2206.0
1720,ssi,Accounting & Finance,2,0,1,0,2019-04-01,1,0,1,1,0,100,1.0,1.0,1.0,0,0,1-25,0,2206.0
1721,ssi,Accounting & Finance,2,0,1,0,2019-04-01,1,0,1,1,0,100,1.0,1.0,1.0,0,0,1-25,0,2206.0
1722,jobma,Accounting & Finance,2,0,1,1,2019-04-01,1,1,1,2,999,100,1.0,1.0,1.0,0,0,1-25,0,2206.0
1723,ram june test,Accounting & Finance,2,0,2,0,2019-04-02,1,0,1,1,0,100,1.0,1.0,1.0,0,0,1-25,0,2205.0
1724,ssi,Accounting & Finance,2,0,1,1,2019-04-03,1,1,1,2,999,100,1.0,1.0,1.0,0,0,1-25,0,2204.0
1725,applicnatcompare,Accounting & Finance,2,0,1,1,2019-04-03,1,1,1,2,999,100,1.0,1.0,1.0,0,0,1-25,0,2204.0
1726,ssi,Accounting & Finance,2,0,1,1,2019-04-04,1,1,1,2,999,100,1.0,1.0,1.0,0,0,1-25,0,2203.0
1727,hfhg,Accounting & Finance,2,0,1,1,2019-04-08,1,1,1,2,999,12000,1.5,1.5,1.0,1,0,1-25,0,2199.0
1728,plans,Accounting & Finance,2,0,1,1,2019-04-08,1,1,1,2,999,100,1.0,1.0,1.0,0,0,1-25,0,2199.0
1729,ssi test,Accounting & Finance,2,0,1,1,2019-04-11,1,1,1,2,999,100,1.0,1.0,1.0,0,0,1-25,0,2196.0
1730,Automate script company name,Accounting & Finance,2,0,1,1,2019-04-12,1,1,1,2,999,100,1.0,1.0,1.0,0,0,1-25,0,2195.0
1731,ssi test,Accounting & Finance,2,0,1,0,2019-04-15,1,0,1,1,0,100,1.0,1.0,1.0,0,0,1-25,0,2192.0
1732,ssi test,Accounting & Finance,2,0,1,0,2019-04-15,1,0,1,1,0,100,1.0,1.0,1.0,0,0,1-25,0,2192.0
1733,ssi test,Accounting & Finance,2,0,1,0,2019-04-15,1,0,1,1,0,100,1.0,1.0,1.0,0,0,1-25,0,2192.0
1734,ssi,Accounting & Finance,2,0,1,0,2019-04-16,1,0,1,1,0,100,1.0,1.0,1.0,0,0,1-25,0,2191.0
1735,ssi,Accounting & Finance,2,0,1,0,2019-04-16,1,0,1,1,0,100,1.0,1.0,1.0,0,0,1-25,0,2191.0
1736,Track,Accounting & Finance,2,0,1,0,2019-04-17,1,0,1,1,0,100,1.0,1.0,1.0,0,0,1-25,0,2190.0
1737,Automate script company name,Accounting & Finance,2,0,1,0,2019-04-19,1,0,1,1,0,100,1.0,1.0,1.0,0,0,1-25,0,2188.0
1738,Automate script company name,Accounting & Finance,2,0,1,0,2019-04-19,1,0,1,1,0,100,1.0,1.0,1.0,0,0,1-25,0,2188.0
1739,Automate script company name,Accounting & Finance,2,0,1,0,2019-04-19,1,0,1,1,0,100,1.0,1.0,1.0,0,0,1-25,0,2188.0
1740,Automate script company name,Accounting & Finance,2,0,1,0,2019-04-19,1,0,1,1,0,100,1.0,1.0,1.0,0,0,1-25,0,2188.0
1741,Automate script company name,Accounting & Finance,2,0,1,0,2019-04-19,1,0,1,1,0,100,1.0,1.0,1.0,0,0,1-25,0,2188.0
1742,ssi,Accounting & Finance,2,0,1,1,2019-04-29,1,1,1,2,999,100,1.0,1.0,1.0,0,0,1-25,0,2178.0
1743,NO Name Please,Accounting & Finance,2,2,1,1,2019-05-10,1,1,1,2,999,100,1.0,1.0,1.0,0,0,1-25,0,2167.0
1744,ssi,Accounting & Finance,2,0,1,0,2019-05-14,1,0,1,1,0,100,1.0,1.0,1.0,0,0,1-25,0,2163.0
1745,ABC,Accounting & Finance,2,0,1,1,2019-05-15,1,1,1,2,999,100,1.0,1.0,1.0,0,0,1-25,0,2162.0
1746,test,Accounting & Finance,2,1,1,1,2019-05-15,1,1,1,2,999,100,1.0,1.0,1.0,0,0,1-25,0,2162.0
1747,test,Accounting & Finance,2,0,1,0,2019-05-15,1,0,1,1,0,100,1.0,1.0,1.0,0,0,1-25,0,2162.0
1748,Test ABC,Accounting & Finance,2,0,1,1,2019-05-17,1,1,1,2,999,100,1.0,1.0,1.0,0,0,1-25,0,2160.0
1749,Track,Accounting & Finance,2,0,1,0,2019-05-21,1,0,1,1,0,100,1.0,1.0,1.0,0,0,1-25,0,2156.0
1757,Track,Accounting & Finance,2,0,1,0,2019-05-30,1,0,1,1,0,100,1.0,1.0,1.0,0,0,1-25,0,2147.0
1758,SSI,Accounting & Finance,2,0,1,0,2019-05-30,1,0,1,1,0,100,1.0,1.0,1.0,0,0,1-25,0,2147.0
1759,SSI,Accounting & Finance,2,0,1,0,2019-05-30,1,0,1,1,0,100,1.0,1.0,1.0,0,0,1-25,0,2147.0
1760,SSI,Accounting & Finance,2,0,1,0,2019-05-30,1,0,1,1,0,100,1.0,1.0,1.0,0,0,1-25,0,2147.0
1761,SSI,Accounting & Finance,2,0,1,0,2019-05-30,1,0,1,1,0,100,1.0,1.0,1.0,0,0,1-25,0,2147.0
1762,Test,Accounting & Finance,2,1,1,1,2019-05-30,1,1,1,2,999,100,1.0,1.0,1.0,0,0,1-25,0,2147.0
1763,API,Accounting & Finance,2,0,1,1,2019-05-30,1,1,1,2,999,100,1.0,1.0,1.0,0,0,1-25,0,2147.0
1764,ssi,Accounting & Finance,2,0,1,0,2019-06-03,1,0,1,1,0,100,1.0,1.0,1.0,0,0,1-25,0,2143.0
1765,ssi,Accounting & Finance,2,0,1,0,2019-06-03,1,0,1,1,0,100,1.0,1.0,1.0,0,0,1-25,0,2143.0
1766,1344,Accounting & Finance,2,0,1,1,2019-06-03,1,1,1,2,999,100,1.0,1.0,1.0,0,0,1-25,0,2143.0
1767,1344,Accounting & Finance,2,0,1,0,2019-06-03,1,0,1,1,0,100,1.0,1.0,1.0,0,0,1-25,0,2143.0
1768,Track,Accounting & Finance,2,0,1,0,2019-06-04,1,0,1,1,0,100,1.0,1.0,1.0,0,0,1-25,0,2142.0
1769,ssi test,"64,57,65",2,0,2,1,2019-06-07,1,1,1,2,999,100,5.0,2.0,1.0,0,0,1-25,0,2139.0
1770,ssi,Accounting & Finance,2,0,1,1,2019-06-07,1,1,1,2,999,12000,1.5,1.5,1.0,1,0,1-25,0,2139.0
1771,ssi,Accounting & Finance,2,0,1,0,2019-06-07,1,0,1,1,0,100,1.0,1.0,1.0,0,0,1-25,0,2139.0
1772,ssi test,Accounting & Finance,2,0,1,0,2019-06-07,1,0,1,1,0,100,1.0,1.0,1.0,0,0,1-25,0,2139.0
1773,jobma,Accounting & Finance,2,0,1,0,2019-06-10,1,0,1,1,0,100,1.0,1.0,1.0,0,0,1-25,0,2136.0
1774,jobma,Accounting & Finance,2,0,1,1,2019-06-11,1,1,1,2,999,12000,1.5,1.5,1.0,1,0,1-25,0,2135.0
1775,jobma,Accounting & Finance,2,0,1,0,2019-06-11,1,0,1,1,0,100,1.0,1.0,1.0,0,0,1-25,0,2135.0
1776,jobma,Accounting & Finance,2,0,1,1,2019-06-11,1,1,1,2,999,100,1.0,1.0,1.0,0,0,1-25,0,2135.0
1777,jobma,Accounting & Finance,2,0,1,0,2019-06-11,1,0,1,1,0,100,1.0,1.0,1.0,0,0,1-25,0,2135.0
1778,wert,Accounting & Finance,2,0,1,1,2019-06-13,1,1,1,2,999,100,1.0,1.0,1.0,0,0,1-25,0,2133.0
1779,wert,Accounting & Finance,2,0,1,0,2019-06-13,1,0,1,1,0,100,1.0,1.0,1.0,0,0,1-25,0,2133.0
1780,jobma,Accounting & Finance,2,0,1,0,2019-06-13,1,0,1,1,0,100,1.0,1.0,1.0,0,0,1-25,0,2133.0
1781,test,Accounting & Finance,2,0,1,1,2019-06-13,1,1,1,2,999,100,1.0,1.0,1.0,0,0,1-25,0,2133.0
1782,test,Accounting & Finance,2,0,1,1,2019-06-13,1,1,1,2,999,100,1.0,1.0,1.0,0,0,1-25,0,2133.0
1783,test,Accounting & Finance,2,0,1,0,2019-06-13,1,0,1,1,0,100,1.0,1.0,1.0,0,0,1-25,0,2133.0
1784,ABCDE,Accounting & Finance,2,0,1,0,2019-06-17,1,0,1,1,0,100,1.0,1.0,1.0,0,0,1-25,0,2129.0
1785,ABC,Accounting & Finance,2,0,1,1,2019-06-18,1,1,1,2,999,100,1.0,1.0,1.0,0,0,1-25,0,2128.0
1786,ABC,Accounting & Finance,2,0,1,0,2019-06-19,1,0,1,1,0,100,1.0,1.0,1.0,0,0,1-25,0,2127.0
1787,ssi,Accounting & Finance,2,0,1,1,2019-06-20,1,1,1,2,999,12000,1.5,1.5,1.0,1,0,1-25,0,2126.0
1788,jobma,Accounting & Finance,2,0,1,0,2019-06-21,1,0,1,1,0,100,1.0,1.0,1.0,0,0,1-25,0,2125.0
1789,jobma,Accounting & Finance,2,0,1,0,2019-06-21,1,0,1,1,0,100,1.0,1.0,1.0,0,0,1-25,0,2125.0
1790,jobma,Accounting & Finance,2,0,1,0,2019-06-21,1,0,1,1,0,100,1.0,1.0,1.0,0,0,1-25,0,2125.0
1791,jobma,Accounting & Finance,2,0,1,0,2019-06-21,1,0,1,1,0,100,1.0,1.0,1.0,0,0,1-25,0,2125.0
1792,SSI,Accounting & Finance,2,0,1,0,2019-06-21,1,0,1,1,0,100,1.0,1.0,1.0,0,0,1-25,0,2125.0
1793,ssi test,Accounting & Finance,2,0,1,0,2019-06-21,1,0,1,1,0,100,1.0,1.0,1.0,0,0,1-25,0,2125.0
1794,ssi test,Accounting & Finance,2,0,1,0,2019-06-21,1,0,1,1,0,100,1.0,1.0,1.0,0,0,1-25,0,2125.0
1795,jobma,Accounting & Finance,2,0,1,0,2019-06-21,1,0,1,1,0,100,1.0,1.0,1.0,0,0,1-25,0,2125.0
1796,SSI,Accounting & Finance,2,0,1,1,2019-06-26,1,1,1,2,999,100,1.0,1.0,1.0,0,0,1-25,0,2120.0
1797,jobma,Accounting & Finance,2,0,1,0,2019-06-26,1,0,1,1,0,100,1.0,1.0,1.0,0,0,1-25,0,2120.0
1798,jobma,Accounting & Finance,2,0,1,0,2019-06-28,1,0,1,1,0,100,1.0,1.0,1.0,0,0,1-25,0,2118.0
1799,jobma,Accounting & Finance,2,0,1,0,2019-06-28,1,0,1,1,0,100,1.0,1.0,1.0,0,0,1-25,0,2118.0
1800,SSI,Accounting & Finance,2,0,1,1,2019-07-02,1,1,1,2,999,100,1.0,1.0,1.0,0,0,1-25,0,2114.0
1801,SSI,Accounting & Finance,2,0,1,1,2019-07-02,1,1,1,2,999,100,1.0,1.0,1.0,0,0,1-25,0,2114.0
1802,ssi,Accounting & Finance,2,0,1,1,2019-07-03,1,1,1,2,999,100,1.0,1.0,1.0,0,0,1-25,0,2113.0
1803,jobma,Accounting & Finance,2,0,1,0,2019-07-04,1,0,1,1,0,100,1.0,1.0,1.0,0,0,1-25,0,2112.0
1804,jobma,Accounting & Finance,2,0,1,0,2019-07-04,1,0,1,1,0,100,1.0,1.0,1.0,0,0,1-25,0,2112.0
1805,jobma,Accounting & Finance,2,0,1,0,2019-07-04,1,0,1,1,0,100,1.0,1.0,1.0,0,0,1-25,0,2112.0
1806,ssi,Accounting & Finance,2,0,1,0,2019-07-04,1,0,1,1,0,100,1.0,1.0,1.0,0,0,1-25,0,2112.0
1807,jobma,Accounting & Finance,2,0,1,0,2019-07-04,1,0,1,1,0,100,1.0,1.0,1.0,0,0,1-25,0,2112.0
1808,ssi,Accounting & Finance,2,0,1,0,2019-07-04,1,0,1,1,0,100,1.0,1.0,1.0,0,0,1-25,0,2112.0
1809,ssi,Accounting & Finance,2,0,1,0,2019-07-04,1,0,1,1,0,100,1.0,1.0,1.0,0,0,1-25,0,2112.0
1810,SSI,Accounting & Finance,2,0,1,1,2019-07-08,1,1,1,2,999,100,1.0,1.0,1.0,0,0,1-25,0,2108.0
1811,SSI,Accounting & Finance,2,0,1,1,2019-07-08,1,1,1,2,999,100,1.0,1.0,1.0,0,0,1-25,0,2108.0
1812,jobma test,Accounting & Finance,2,0,1,0,2019-07-10,1,0,1,1,0,100,1.0,1.0,1.0,0,0,1-25,0,2106.0
1813,jobma ssi,Accounting & Finance,2,0,1,0,2019-07-11,1,0,1,1,0,100,1.0,1.0,1.0,0,0,1-25,0,2105.0
1814,jobma ssi,Accounting & Finance,2,0,1,0,2019-07-11,1,0,1,1,0,100,1.0,1.0,1.0,0,0,1-25,0,2105.0
1815,jobma ssi,Accounting & Finance,2,0,1,0,2019-07-11,1,0,1,1,0,100,1.0,1.0,1.0,0,0,1-25,0,2105.0
1816,jobma ssi,Accounting & Finance,2,0,1,0,2019-07-11,1,0,1,1,0,100,1.0,1.0,1.0,0,0,1-25,0,2105.0
1817,jobma ssi,Accounting & Finance,2,0,1,0,2019-07-11,1,0,1,1,0,100,1.0,1.0,1.0,0,0,1-25,0,2105.0
1818,jobma ssi,Accounting & Finance,2,0,1,0,2019-07-11,1,0,1,1,0,100,1.0,1.0,1.0,0,0,1-25,0,2105.0
1819,jobma ssi,Accounting & Finance,2,0,1,0,2019-07-11,1,0,1,1,0,100,1.0,1.0,1.0,0,0,1-25,0,2105.0
1820,jobma ssi,Accounting & Finance,2,0,1,0,2019-07-11,1,0,1,1,0,100,1.0,1.0,1.0,0,0,1-25,0,2105.0
1821,jobma ssi,Accounting & Finance,2,0,1,0,2019-07-11,1,0,1,1,0,100,1.0,1.0,1.0,0,0,1-25,0,2105.0
1822,jobma test,Accounting & Finance,2,0,1,0,2019-07-11,1,0,1,1,0,100,1.0,1.0,1.0,0,0,1-25,0,2105.0
1823,jobma test,Accounting & Finance,2,0,1,0,2019-07-11,1,0,1,1,0,100,1.0,1.0,1.0,0,0,1-25,0,2105.0
1824,jobma test,Accounting & Finance,2,0,1,0,2019-07-11,1,0,1,1,0,100,1.0,1.0,1.0,0,0,1-25,0,2105.0
1825,jobma test,Accounting & Finance,2,0,1,0,2019-07-11,1,0,1,1,0,100,1.0,1.0,1.0,0,0,1-25,0,2105.0
1826,jobma ssi,Accounting & Finance,2,0,1,0,2019-07-11,1,0,1,1,0,100,1.0,1.0,1.0,0,0,1-25,0,2105.0
1827,jobma ssi,Accounting & Finance,2,0,1,0,2019-07-11,1,0,1,1,0,100,1.0,1.0,1.0,0,0,1-25,0,2105.0
1828,ssi,"62,4,63",2,0,2,1,2019-07-11,1,1,1,2,999,100,1.0,1.0,1.0,0,0,1-25,0,2105.0
1829,ssi,Accounting & Finance,2,0,2,0,2019-07-11,1,0,1,1,0,100,1.0,1.0,1.0,0,0,1-25,0,2105.0
1830,ssi,Accounting & Finance,2,0,2,0,2019-07-11,1,0,1,1,0,100,1.0,1.0,1.0,0,0,1-25,0,2105.0
1831,ssi,Accounting & Finance,2,0,2,0,2019-07-11,1,0,1,1,0,100,1.0,1.0,1.0,0,0,1-25,0,2105.0
1832,ssi,Accounting & Finance,2,0,2,0,2019-07-11,1,0,1,1,0,100,1.0,1.0,1.0,0,0,1-25,0,2105.0
1833,jobma ssi,Accounting & Finance,2,0,1,0,2019-07-11,1,0,1,1,0,100,1.0,1.0,1.0,0,0,1-25,0,2105.0
1834,ssi,Accounting & Finance,2,0,2,0,2019-07-11,1,0,1,1,0,100,1.0,1.0,1.0,0,0,1-25,0,2105.0
1835,jobma ssi,Accounting & Finance,2,0,1,0,2019-07-11,1,0,1,1,0,100,1.0,1.0,1.0,0,0,1-25,0,2105.0
1836,jobma ssi,Accounting & Finance,2,0,1,0,2019-07-11,1,0,1,1,0,100,1.0,1.0,1.0,0,0,1-25,0,2105.0
1837,jobma test,Accounting & Finance,2,0,1,0,2019-07-11,1,0,1,1,0,100,1.0,1.0,1.0,0,0,1-25,0,2105.0
1838,jobma test,Accounting & Finance,2,0,1,0,2019-07-11,1,0,1,1,0,100,1.0,1.0,1.0,0,0,1-25,0,2105.0
1839,ABCSol,Accounting & Finance,1,0,2,0,2019-07-16,1,1,1,2,10,10000,1.0,1.0,1.0,1,0,1-25,0,2100.0
1841,SSI,Accounting & Finance,2,0,1,1,2019-07-16,1,1,1,2,999,100,1.0,1.0,1.0,0,0,1-25,0,2100.0
1842,SSI,Accounting & Finance,2,0,1,1,2019-07-16,1,1,1,2,999,100,1.0,1.0,1.0,0,0,1-25,0,2100.0
1843,SSi,Accounting & Finance,2,0,1,1,2019-07-16,1,1,1,2,999,100,1.0,1.0,1.0,0,0,1-25,0,2100.0
1846,ssi,Accounting & Finance,2,0,2,0,2019-07-17,1,0,1,1,0,100,1.0,1.0,1.0,0,0,1-25,0,2099.0
1847,ABCDE,Accounting & Finance,2,0,1,0,2019-07-17,1,0,1,1,0,100,1.0,1.0,1.0,0,0,1-25,0,2099.0
1848,SSI,Accounting & Finance,2,0,1,0,2019-07-17,1,0,1,1,0,100,1.0,1.0,1.0,0,0,1-25,0,2099.0
1849,TestSetUp,Accounting & Finance,2,0,1,0,2019-07-17,1,0,1,1,0,100,1.0,1.0,1.0,0,0,1-25,0,2099.0
1850,123456,Accounting & Finance,2,0,1,1,2019-07-19,1,1,1,2,999,100,1.0,1.0,1.0,0,0,1-25,0,2097.0
1851,jobma,Accounting & Finance,2,0,1,1,2019-07-19,1,1,1,2,999,100,1.0,1.0,1.0,0,0,1-25,0,2097.0
1852,jobma,Accounting & Finance,2,0,1,1,2019-07-19,1,1,1,2,999,100,1.0,1.0,1.0,0,0,1-25,0,2097.0
1853,ssi,Accounting & Finance,2,0,1,1,2019-07-19,1,1,1,2,999,100,1.0,1.0,1.0,0,0,1-25,0,2097.0
1854,aaf sfsff,Accounting & Finance,2,0,1,1,2019-07-19,1,1,1,2,999,100,1.0,1.0,1.0,0,0,1-25,0,2097.0
1856,grouping jobma,Accounting & Finance,2,0,1,1,2019-07-19,1,1,1,2,999,12000,1.5,1.5,1.0,1,0,1-25,0,2097.0
1857,grouping jobma,Accounting & Finance,2,0,1,0,2019-07-19,1,0,1,1,0,100,1.0,1.0,1.0,0,0,1-25,0,2097.0
1858,jnhlk,Accounting & Finance,2,0,1,1,2019-07-26,1,1,1,2,999,12000,1.5,1.5,1.0,1,0,1-25,0,2090.0
1859,Zoho,Accounting & Finance,2,2,1,1,2019-07-28,1,1,1,2,999,100,1.0,1.0,1.0,0,0,1-25,0,2088.0
1860,Ssi,Accounting & Finance,2,0,1,0,2019-08-05,1,0,1,1,0,100,1.0,1.0,1.0,0,0,1-25,0,2080.0
1864,ssi,Accounting & Finance,2,0,2,0,2019-08-09,1,0,1,1,0,100,1.0,1.0,1.0,0,0,1-25,0,2076.0
1865,ssi,Accounting & Finance,2,0,2,0,2019-08-09,1,0,1,1,0,100,1.0,1.0,1.0,0,0,1-25,0,2076.0
1866,ssi,Accounting & Finance,2,0,2,0,2019-08-09,1,0,1,1,0,100,1.0,1.0,1.0,0,0,1-25,0,2076.0
1867,SSI,Accounting & Finance,2,0,1,1,2019-08-09,1,1,1,2,999,100,1.0,1.0,1.0,0,0,1-25,0,2076.0
1868,SSI,Accounting & Finance,2,0,1,1,2019-08-09,1,1,1,2,999,12000,1.5,1.5,1.0,1,0,1-25,0,2076.0
1869,ABC,Accounting & Finance,2,0,1,0,2019-08-12,1,0,1,1,0,100,1.0,1.0,1.0,0,0,1-25,0,2073.0
1870,AnsIt,Accounting & Finance,2,0,1,1,2019-08-21,1,1,1,2,999,12000,1.33,1.33,1.0,1,0,1-25,0,2064.0
1873,Jobma,"6,61,60","73,4",0,1,1,2020-06-03,1,1,1,1,999,100,2.0,5.0,2.0,0,44400,500-1000,1,1777.0
1875,JOBMA SSI TEST,Accounting & Finance,2,0,1,0,2019-08-28,1,0,1,1,0,100,1.0,1.0,1.0,0,0,1-25,0,2057.0
1876,casd da,Accounting & Finance,2,0,1,1,2019-08-29,1,1,1,2,999,12000,1.5,1.5,1.0,1,0,1-25,0,2056.0
1877,sdf s fsdfs,Accounting & Finance,2,0,1,1,2019-08-29,1,1,1,2,999,12000,1.33,1.33,1.0,1,0,1-25,0,2056.0
1878,SSI,Accounting & Finance,2,0,1,1,2019-08-29,1,1,1,2,999,100,1.0,1.0,1.0,0,0,1-25,0,2056.0
1879,ssi test,Accounting & Finance,2,0,1,0,2019-08-29,1,0,1,1,0,100,1.0,1.0,1.0,0,0,1-25,0,2056.0
1883,SSi,Accounting & Finance,2,0,1,1,2019-08-30,1,1,1,2,999,100,1.0,1.0,1.0,0,0,1-25,0,2055.0
1885,SSi,Accounting & Finance,2,0,1,1,2019-09-03,1,1,1,2,999,12000,1.5,1.5,1.0,1,0,1-25,0,2051.0
1886,SSi,Accounting & Finance,2,0,1,0,2019-09-03,1,0,1,1,0,100,1.0,1.0,1.0,0,0,1-25,0,2051.0
1887,SSi,Accounting & Finance,2,0,1,0,2019-09-03,1,0,1,1,0,100,1.0,1.0,1.0,0,0,1-25,0,2051.0
1888,SSI,Accounting & Finance,2,0,1,1,2019-09-04,1,1,1,1,999,100,1.0,1.0,1.0,0,0,1-25,0,2050.0
1889,SSI,Accounting & Finance,2,0,1,1,2019-09-04,1,1,1,2,999,100,1.0,1.0,1.0,0,0,1-25,0,2050.0
1890,SSI,Accounting & Finance,2,8,1,1,2019-09-05,1,1,1,2,999,100,1.0,1.0,1.0,0,0,1-25,0,2049.0
1891,SSI,Accounting & Finance,2,0,1,1,2019-09-06,1,1,1,2,999,100,2.0,2.0,1.0,1,0,1-25,0,2048.0
1892,SSI,Accounting & Finance,2,0,1,0,2019-09-06,1,0,1,1,0,100,1.0,1.0,1.0,0,0,1-25,0,2048.0
1893,SSI,Accounting & Finance,2,0,1,0,2019-09-06,1,0,1,1,0,100,1.0,1.0,1.0,0,0,1-25,0,2048.0
1894,SSI,Accounting & Finance,2,0,1,0,2019-09-06,1,0,1,1,0,100,1.0,1.0,1.0,0,0,1-25,0,2048.0
1895,SSI,Accounting & Finance,2,0,1,1,2019-09-06,1,1,1,2,999,12000,1.5,1.5,1.0,1,0,1-25,0,2048.0
1896,Jobma Testing,Accounting & Finance,2,0,1,1,2019-09-06,1,1,1,2,999,12000,1.5,1.5,1.0,1,0,1-25,0,2048.0
1897,SSI Gurgaon Automation,Accounting & Finance,2,0,1,1,2019-09-06,1,1,1,2,999,100,1.0,1.0,1.0,0,0,1-25,0,2048.0
1900,ssi,Accounting & Finance,2,0,1,1,2019-09-13,1,1,1,2,999,100,1.0,1.0,1.0,0,0,1-25,0,2041.0
1901,SSI jobma,Accounting & Finance,2,0,1,0,2019-09-16,1,0,1,1,0,100,1.0,1.0,1.0,0,0,1-25,0,2038.0
1902,SSI jobma,Accounting & Finance,2,0,1,0,2019-09-16,1,0,1,1,0,100,1.0,1.0,1.0,0,0,1-25,0,2038.0
1903,SSI,Accounting & Finance,2,0,1,1,2019-09-18,1,1,1,2,999,100,1.0,1.0,1.0,0,0,1-25,0,2036.0
1904,Jobma,Accounting & Finance,2,0,1,1,2019-09-18,1,1,1,2,999,100,1.0,1.0,1.0,0,0,1-25,0,2036.0
1906,JOBMA,Accounting & Finance,2,0,1,1,2019-09-18,1,1,1,2,999,100,1.0,1.0,1.0,0,0,1-25,0,2036.0
1907,JOBMA,Accounting & Finance,2,0,1,1,2019-09-18,1,1,1,2,999,100,1.0,1.0,1.0,0,0,1-25,0,2036.0
1909,SSI,Accounting & Finance,2,0,1,1,2019-09-19,1,1,1,2,999,100,1.0,1.0,1.0,0,0,1-25,0,2035.0
1910,test,Accounting & Finance,2,0,1,1,2019-09-19,1,1,1,2,999,100,1.0,1.0,1.0,0,0,1-25,0,2035.0
1911,ssi,Accounting & Finance,2,0,1,1,2019-09-20,1,1,1,2,999,12000,1.33,1.33,1.0,1,0,1-25,0,2034.0
1912,Select source international,Accounting & Finance,2,0,1,1,2019-09-20,1,1,1,2,999,12000,1.5,1.5,1.0,1,0,1-25,0,2034.0
1913,sdfg,Accounting & Finance,2,0,1,1,2019-09-20,1,1,1,2,999,12000,1.5,1.5,1.0,1,0,1-25,0,2034.0
1914,ssi,Accounting & Finance,2,0,1,1,2019-09-23,1,1,1,2,999,100,1.0,1.0,1.0,0,0,1-25,0,2031.0
1915,ssi,Accounting & Finance,2,0,1,1,2019-09-23,1,1,1,2,999,100,1.0,1.0,1.0,0,0,1-25,0,2031.0
1916,jobma,Accounting & Finance,2,0,1,1,2019-09-23,1,1,1,2,999,100,1.0,1.0,1.0,0,0,1-25,0,2031.0
1917,ssi,Accounting & Finance,2,0,1,1,2019-09-23,1,1,1,2,999,100,1.0,1.0,1.0,0,0,1-25,0,2031.0
1918,ssi,Accounting & Finance,2,0,1,1,2019-09-24,1,1,1,2,999,12000,1.5,1.5,1.0,1,0,1-25,0,2030.0
1919,ssi,Accounting & Finance,2,0,1,1,2019-09-24,1,1,1,2,999,100,1.0,1.0,1.0,0,0,1-25,0,2030.0
1920,ssi,Accounting & Finance,2,0,1,1,2019-09-24,1,1,1,2,999,12000,1.5,1.5,1.0,1,0,1-25,0,2030.0
1921,ssi,Accounting & Finance,2,0,1,1,2019-09-24,1,1,1,2,999,12000,1.5,1.5,1.0,1,0,1-25,0,2030.0
1922,SSI,Accounting & Finance,2,8,1,1,2019-09-24,1,1,1,2,999,100,1.0,1.0,1.0,0,0,1-25,0,2030.0
1923,dfg,Accounting & Finance,2,0,1,1,2019-09-24,1,1,1,2,999,12000,1.5,1.5,1.0,1,0,1-25,0,2030.0
1924,ssi,Accounting & Finance,2,0,1,1,2019-09-25,1,1,1,2,999,100,1.0,1.0,1.0,0,0,1-25,0,2029.0
1925,ssi,Accounting & Finance,2,0,2,1,2019-09-25,1,1,1,2,999,12000,1.5,1.5,1.0,1,0,1-25,0,2029.0
1926,SSI,Accounting & Finance,2,0,1,1,2019-09-25,1,1,1,2,999,12000,1.5,1.5,1.0,1,0,1-25,0,2029.0
1927,SSI New,Accounting & Finance,2,0,1,1,2019-09-25,1,1,1,2,999,12000,1.5,1.5,1.0,1,0,1-25,0,2029.0
1928,SSi,Accounting & Finance,2,0,1,1,2019-09-25,1,1,1,2,999,100,1.0,1.0,1.0,0,0,1-25,0,2029.0
1929,Select Source Intl Gurgaon,Accounting & Finance,2,0,1,1,2019-09-25,1,1,1,2,999,12000,1.5,1.5,1.0,1,0,1-25,0,2029.0
1930,SSI,Accounting & Finance,2,0,1,1,2019-09-25,1,1,1,2,999,100,1.0,1.0,1.0,0,0,1-25,0,2029.0
1931,gfds,Accounting & Finance,2,0,1,1,2019-09-25,1,1,1,2,999,12000,1.33,1.33,1.0,1,0,1-25,0,2029.0
1932,SSI jobma,Accounting & Finance,2,0,1,0,2019-09-25,1,0,1,1,0,100,1.0,1.0,1.0,0,0,1-25,0,2029.0
1933,bdhgdhh,Accounting & Finance,2,0,1,1,2019-09-25,1,1,1,2,999,12000,1.5,1.5,1.0,1,0,1-25,0,2029.0
1934,123456,Accounting & Finance,2,0,1,1,2019-09-25,1,1,1,2,999,100,1.0,1.0,1.0,0,0,1-25,0,2029.0
1935,vnvnvnv,Accounting & Finance,2,0,1,1,2019-09-25,1,1,1,2,999,100,1.0,1.0,1.0,0,0,1-25,0,2029.0
1936,SSI,Accounting & Finance,2,0,1,1,2019-09-25,1,1,1,2,999,100,1.0,1.0,1.0,0,0,1-25,0,2029.0
1937,Mainusereditedmobile,Accounting & Finance,2,0,1,0,2019-09-26,1,0,1,1,0,100,1.0,1.0,1.0,0,0,1-25,0,2028.0
1938,vnvnvnv,Accounting & Finance,2,0,1,0,2019-09-26,1,0,1,1,0,100,1.0,1.0,1.0,0,0,1-25,0,2028.0
1939,vnvnvnv,Accounting & Finance,2,0,1,0,2019-09-26,1,0,1,1,0,100,1.0,1.0,1.0,0,0,1-25,0,2028.0
1940,ssi,Accounting & Finance,2,0,1,0,2019-09-26,1,0,1,1,0,100,1.0,1.0,1.0,0,0,1-25,0,2028.0
1941,ssi,Accounting & Finance,2,0,1,0,2019-09-26,1,0,1,1,0,100,1.0,1.0,1.0,0,0,1-25,0,2028.0
1942,Test,Accounting & Finance,2,0,1,1,2019-09-26,1,1,1,2,999,100,1.0,1.0,1.0,0,0,1-25,0,2028.0
1943,sdad,Accounting & Finance,2,0,1,1,2019-09-26,1,1,1,2,999,12000,1.5,1.5,1.0,1,0,1-25,0,2028.0
1944,Test,Accounting & Finance,2,0,1,0,2019-09-26,1,0,1,1,0,100,1.0,1.0,1.0,0,0,1-25,0,2028.0
1945,Test,Accounting & Finance,2,0,1,0,2019-09-26,1,0,1,1,0,100,1.0,1.0,1.0,0,0,1-25,0,2028.0
1946,adff,Accounting & Finance,2,0,1,1,2019-09-26,1,1,1,2,999,100,1.0,1.0,1.0,0,0,1-25,0,2028.0
1947,Test,Accounting & Finance,2,0,1,0,2019-09-26,1,0,1,1,0,100,1.0,1.0,1.0,0,0,1-25,0,2028.0
1948,Test,Accounting & Finance,2,0,1,0,2019-09-26,1,0,1,1,0,100,1.0,1.0,1.0,0,0,1-25,0,2028.0
1949,Test,Accounting & Finance,2,0,1,0,2019-09-26,1,0,1,1,0,100,1.0,1.0,1.0,0,0,1-25,0,2028.0
1950,Test,Accounting & Finance,2,0,1,0,2019-09-26,1,0,1,1,0,100,1.0,1.0,1.0,0,0,1-25,0,2028.0
1951,Test,Accounting & Finance,2,0,1,0,2019-09-26,1,0,1,1,0,100,1.0,1.0,1.0,0,0,1-25,0,2028.0
1952,Test,Accounting & Finance,2,0,1,0,2019-09-26,1,0,1,1,0,100,1.0,1.0,1.0,0,0,1-25,0,2028.0
1953,Test,Accounting & Finance,2,0,1,0,2019-09-26,1,0,1,1,0,100,1.0,1.0,1.0,0,0,1-25,0,2028.0
1954,Test,Accounting & Finance,2,0,1,0,2019-09-26,1,0,1,1,0,100,1.0,1.0,1.0,0,0,1-25,0,2028.0
1955,ssi,Accounting & Finance,2,0,1,1,2019-09-26,1,1,1,2,999,100,1.0,1.0,1.0,0,0,1-25,0,2028.0
1956,ssi,Accounting & Finance,2,0,1,1,2019-09-26,1,1,1,2,999,12000,1.5,1.5,1.0,1,0,1-25,0,2028.0
1957,ssi,Accounting & Finance,2,0,1,0,2019-09-26,1,0,1,1,0,100,1.0,1.0,1.0,0,0,1-25,0,2028.0
1958,ssi,Accounting & Finance,2,0,1,0,2019-09-26,1,0,1,1,0,100,1.0,1.0,1.0,0,0,1-25,0,2028.0
1959,ssi,Accounting & Finance,2,0,1,0,2019-09-26,1,0,1,1,0,100,1.0,1.0,1.0,0,0,1-25,0,2028.0
1960,ssi,Accounting & Finance,2,0,1,1,2019-09-26,1,1,1,2,999,100,1.0,1.0,1.0,0,0,1-25,0,2028.0
1961,ssi,Accounting & Finance,2,0,1,0,2019-09-26,1,0,1,1,0,100,1.0,1.0,1.0,0,0,1-25,0,2028.0
1962,vnvnvnv,Accounting & Finance,2,0,1,0,2019-09-26,1,0,1,1,0,100,1.0,1.0,1.0,0,0,1-25,0,2028.0
1963,ssi,Accounting & Finance,2,0,1,0,2019-09-26,1,0,1,1,0,100,1.0,1.0,1.0,0,0,1-25,0,2028.0
1964,ssi,Accounting & Finance,2,0,1,0,2019-09-26,1,0,1,1,0,100,1.0,1.0,1.0,0,0,1-25,0,2028.0
1965,ssi,Accounting & Finance,2,0,1,0,2019-09-26,1,0,1,1,0,100,1.0,1.0,1.0,0,0,1-25,0,2028.0
1966,ssi,Accounting & Finance,2,0,1,0,2019-09-26,1,0,1,1,0,100,1.0,1.0,1.0,0,0,1-25,0,2028.0
1967,ssi,Accounting & Finance,2,0,1,0,2019-09-26,1,0,1,1,0,100,1.0,1.0,1.0,0,0,1-25,0,2028.0
1968,sgdgdgdh,Accounting & Finance,2,0,1,1,2019-09-26,1,1,1,2,999,100,1.0,1.0,1.0,0,0,1-25,0,2028.0
1969,sgdgdgdh,Accounting & Finance,2,0,1,0,2019-09-26,1,0,1,1,0,100,1.0,1.0,1.0,0,0,1-25,0,2028.0
1970,sgdgdgdh,Accounting & Finance,2,0,1,0,2019-09-26,1,0,1,1,0,100,1.0,1.0,1.0,0,0,1-25,0,2028.0
1971,vnvnvnv,Accounting & Finance,2,0,1,0,2019-09-26,1,0,1,1,0,100,1.0,1.0,1.0,0,0,1-25,0,2028.0
1972,vnvnvnv,Accounting & Finance,2,0,1,0,2019-09-26,1,0,1,1,0,100,1.0,1.0,1.0,0,0,1-25,0,2028.0
1973,vnvnvnv,Accounting & Finance,2,0,1,0,2019-09-26,1,0,1,1,0,100,1.0,1.0,1.0,0,0,1-25,0,2028.0
1974,vnvnvnv,Accounting & Finance,2,0,1,0,2019-09-26,1,0,1,1,0,100,1.0,1.0,1.0,0,0,1-25,0,2028.0
1975,vnvnvnv,Accounting & Finance,2,0,1,0,2019-09-26,1,0,1,1,0,100,1.0,1.0,1.0,0,0,1-25,0,2028.0
1976,vnvnvnv,Accounting & Finance,2,0,1,0,2019-09-26,1,0,1,1,0,100,1.0,1.0,1.0,0,0,1-25,0,2028.0
1977,vnvnvnv,Accounting & Finance,2,0,1,0,2019-09-26,1,0,1,1,0,100,1.0,1.0,1.0,0,0,1-25,0,2028.0
1978,sgdgdgdh,Accounting & Finance,2,0,1,0,2019-09-26,1,0,1,1,0,100,1.0,1.0,1.0,0,0,1-25,0,2028.0
1979,sgdgdgdh,Accounting & Finance,2,0,1,0,2019-09-26,1,0,1,1,0,100,1.0,1.0,1.0,0,0,1-25,0,2028.0
1980,sgdgdgdh,Accounting & Finance,2,0,1,0,2019-09-26,1,0,1,1,0,100,1.0,1.0,1.0,0,0,1-25,0,2028.0
1981,sgdgdgdh,Accounting & Finance,2,0,1,0,2019-09-26,1,0,1,1,0,100,1.0,1.0,1.0,0,0,1-25,0,2028.0
1982,sgdgdgdh,Accounting & Finance,2,0,1,0,2019-09-26,1,0,1,1,0,100,1.0,1.0,1.0,0,0,1-25,0,2028.0
1983,sgdgdgdh,Accounting & Finance,2,0,1,0,2019-09-26,1,0,1,1,0,100,1.0,1.0,1.0,0,0,1-25,0,2028.0
1984,sgdgdgdh,Accounting & Finance,2,0,1,0,2019-09-26,1,0,1,1,0,100,1.0,1.0,1.0,0,0,1-25,0,2028.0
1985,sgdgdgdh,Accounting & Finance,2,0,1,0,2019-09-26,1,0,1,1,0,100,1.0,1.0,1.0,0,0,1-25,0,2028.0
1986,SSI,Accounting & Finance,2,0,1,1,2019-09-26,1,1,1,2,999,100,1.0,1.0,1.0,0,0,1-25,0,2028.0
1987,SSI,Accounting & Finance,2,0,1,0,2019-09-26,1,0,1,1,0,100,1.0,1.0,1.0,0,0,1-25,0,2028.0
1988,Jobma,Accounting & Finance,2,0,1,1,2019-09-26,1,1,1,2,999,100,1.0,1.0,1.0,0,0,1-25,0,2028.0
1989,Jobma,Accounting & Finance,2,0,1,0,2019-09-26,1,0,1,1,0,100,1.0,1.0,1.0,0,0,1-25,0,2028.0
1990,Jobma,Accounting & Finance,2,0,1,0,2019-09-26,1,0,1,1,0,100,1.0,1.0,1.0,0,0,1-25,0,2028.0
1991,Jobma,Accounting & Finance,2,0,1,0,2019-09-26,1,0,1,1,0,100,1.0,1.0,1.0,0,0,1-25,0,2028.0
1992,Jobma,Accounting & Finance,2,0,1,0,2019-09-26,1,0,1,1,0,100,1.0,1.0,1.0,0,0,1-25,0,2028.0
1993,Jobma,Accounting & Finance,2,0,1,0,2019-09-26,1,0,1,1,0,100,1.0,1.0,1.0,0,0,1-25,0,2028.0
1994,Jobma,Accounting & Finance,2,0,1,0,2019-09-26,1,0,1,1,0,100,1.0,1.0,1.0,0,0,1-25,0,2028.0
1995,Jobma,Accounting & Finance,2,0,1,0,2019-09-26,1,0,1,1,0,100,1.0,1.0,1.0,0,0,1-25,0,2028.0
1996,Jobma,Accounting & Finance,2,0,1,0,2019-09-26,1,0,1,1,0,100,1.0,1.0,1.0,0,0,1-25,0,2028.0
1997,Jobma,Accounting & Finance,2,0,1,0,2019-09-26,1,0,1,1,0,100,1.0,1.0,1.0,0,0,1-25,0,2028.0
1998,Jobma,Accounting & Finance,2,0,1,0,2019-09-26,1,0,1,1,0,100,1.0,1.0,1.0,0,0,1-25,0,2028.0
1999,Jobma,Accounting & Finance,2,0,1,0,2019-09-26,1,0,1,1,0,100,1.0,1.0,1.0,0,0,1-25,0,2028.0
2000,Jobma,Accounting & Finance,2,0,1,0,2019-09-26,1,0,1,1,0,100,1.0,1.0,1.0,0,0,1-25,0,2028.0
2001,Jobma,Accounting & Finance,2,0,1,0,2019-09-26,1,0,1,1,0,100,1.0,1.0,1.0,0,0,1-25,0,2028.0
2002,Jobma,Accounting & Finance,2,0,1,0,2019-09-26,1,0,1,1,0,100,1.0,1.0,1.0,0,0,1-25,0,2028.0
2003,Jobma,Accounting & Finance,2,0,1,0,2019-09-26,1,0,1,1,0,100,1.0,1.0,1.0,0,0,1-25,0,2028.0
2004,Jobma,Accounting & Finance,2,0,1,0,2019-09-26,1,0,1,1,0,100,1.0,1.0,1.0,0,0,1-25,0,2028.0
2005,Jobma,Accounting & Finance,2,0,1,0,2019-09-26,1,0,1,1,0,100,1.0,1.0,1.0,0,0,1-25,0,2028.0
2006,Jobma,Accounting & Finance,2,0,1,0,2019-09-26,1,0,1,1,0,100,1.0,1.0,1.0,0,0,1-25,0,2028.0
2007,Jobma,Accounting & Finance,2,0,1,0,2019-09-26,1,0,1,1,0,100,1.0,1.0,1.0,0,0,1-25,0,2028.0
2008,Jobma,Accounting & Finance,2,0,1,0,2019-09-26,1,0,1,1,0,100,1.0,1.0,1.0,0,0,1-25,0,2028.0
2009,SSi,Accounting & Finance,2,0,1,1,2019-09-26,1,1,1,2,999,100,1.0,1.0,1.0,0,0,1-25,0,2028.0
2010,ssi,Accounting & Finance,2,0,1,1,2019-09-27,1,1,1,2,999,100,1.0,1.0,1.0,0,0,1-25,0,2027.0
2011,SSI,Accounting & Finance,2,0,1,1,2019-09-27,1,1,1,2,999,100,1.0,1.0,1.0,0,0,1-25,0,2027.0
2012,ssi,Accounting & Finance,2,0,1,1,2019-09-27,1,1,1,2,999,100,1.0,1.0,1.0,0,0,1-25,0,2027.0
2013,ssi,Accounting & Finance,2,0,1,1,2019-09-30,1,1,1,2,999,100,1.0,1.0,1.0,0,0,1-25,0,2024.0
2014,ssi,Accounting & Finance,2,0,1,0,2019-09-30,1,0,1,1,0,100,1.0,1.0,1.0,0,0,1-25,0,2024.0
2015,ssi,Accounting & Finance,2,0,1,0,2019-09-30,1,0,1,1,0,100,1.0,1.0,1.0,0,0,1-25,0,2024.0
2016,ssi,Accounting & Finance,2,0,1,0,2019-09-30,1,0,1,1,0,100,1.0,1.0,1.0,0,0,1-25,0,2024.0
2017,ssi,Accounting & Finance,2,0,1,1,2019-09-30,1,1,1,2,999,100,1.0,1.0,1.0,0,0,1-25,0,2024.0
2018,ssi,Accounting & Finance,2,0,1,0,2019-09-30,1,0,1,1,0,100,1.0,1.0,1.0,0,0,1-25,0,2024.0
2019,ssi,Accounting & Finance,2,0,1,0,2019-10-01,1,0,1,1,0,100,1.0,1.0,1.0,0,0,1-25,0,2023.0
2020,ssi,Accounting & Finance,2,0,1,0,2019-10-01,1,0,1,1,0,100,1.0,1.0,1.0,0,0,1-25,0,2023.0
2021,ssi,Accounting & Finance,2,0,1,1,2019-10-03,1,1,1,2,7,100,1.0,1.0,1.0,0,0,1-25,0,2021.0
2022,ssi,Accounting & Finance,2,0,1,0,2019-10-03,1,0,1,1,0,100,1.0,1.0,1.0,0,0,1-25,0,2021.0
2024,ssi,Accounting & Finance,2,0,1,1,2019-10-07,1,0,1,2,1,12000,1.5,1.5,1.0,1,0,1-25,0,2017.0
2025,ssi,Accounting & Finance,2,0,1,0,2019-10-07,1,0,1,1,0,100,1.0,1.0,1.0,0,0,1-25,0,2017.0
2026,jobma,Accounting & Finance,2,0,1,1,2019-10-07,1,1,1,2,3,100,1.0,1.0,1.0,0,0,1-25,0,2017.0
2027,ssi,Accounting & Finance,2,0,1,1,2019-10-07,1,1,1,2,109,90,1.0,1.0,1.0,0,0,1-25,0,2017.0
2028,SSI,Accounting & Finance,2,0,1,1,2019-10-09,1,1,1,2,3,100,1.0,1.0,1.0,0,0,1-25,0,2015.0
2029,SSI,Accounting & Finance,2,0,1,0,2019-10-09,1,0,1,1,0,100,1.0,1.0,1.0,0,0,1-25,0,2015.0
2030,ssi,Accounting & Finance,2,0,1,0,2019-10-09,1,0,1,1,0,100,1.0,1.0,1.0,0,0,1-25,0,2015.0
2031,SSI,Accounting & Finance,2,0,1,1,2019-10-10,1,0,1,2,1,100,1.0,1.0,1.0,0,0,1-25,0,2014.0
2032,SSI,Accounting & Finance,2,0,1,1,2019-10-10,1,1,1,2,12,100,1.0,1.0,1.0,0,0,1-25,0,2014.0
2033,SSI,Accounting & Finance,2,0,1,0,2019-10-10,1,0,1,1,0,100,1.0,1.0,1.0,0,0,1-25,0,2014.0
2034,SSI,Accounting & Finance,2,0,1,0,2019-10-10,1,0,1,1,0,100,1.0,1.0,1.0,0,0,1-25,0,2014.0
2035,SSI,Accounting & Finance,2,0,1,0,2019-10-10,1,0,1,1,0,100,1.0,1.0,1.0,0,0,1-25,0,2014.0
2036,SSI,Accounting & Finance,2,0,1,0,2019-10-10,1,0,1,1,0,100,1.0,1.0,1.0,0,0,1-25,0,2014.0
2037,SSI,Accounting & Finance,2,0,1,0,2019-10-10,1,0,1,1,0,100,1.0,1.0,1.0,0,0,1-25,0,2014.0
2038,SSI,Accounting & Finance,2,0,1,0,2019-10-10,1,0,1,1,0,100,1.0,1.0,1.0,0,0,1-25,0,2014.0
2039,SSI,Accounting & Finance,2,0,1,1,2019-10-10,1,1,1,2,4,100,1.0,1.0,1.0,0,0,1-25,0,2014.0
2040,SSI,Accounting & Finance,2,0,1,0,2019-10-11,1,0,1,1,0,100,1.0,1.0,1.0,0,0,1-25,0,2013.0
2041,ssi,Accounting & Finance,2,0,1,1,2019-10-14,1,0,1,2,1,100,1.0,1.0,1.0,0,0,1-25,0,2010.0
2042,ssi,Accounting & Finance,2,0,1,1,2019-10-14,1,0,1,2,1,100,1.0,1.0,1.0,0,0,1-25,0,2010.0
2043,ssi,Accounting & Finance,2,0,1,0,2019-10-15,1,0,1,1,0,100,1.0,1.0,1.0,0,0,1-25,0,2009.0
2044,ssi,Accounting & Finance,2,0,1,0,2019-10-15,1,0,1,1,0,100,1.0,1.0,1.0,0,0,1-25,0,2009.0
2045,ssi,Accounting & Finance,2,0,1,1,2019-10-15,1,1,1,2,10,100,1.0,1.0,1.0,0,0,1-25,0,2009.0
2046,"SSI- recuirtment  , it devlopment",Accounting & Finance,2,0,1,1,2019-10-15,1,1,1,2,22,100,7.0,5.0,1.0,0,0,1-25,0,2009.0
2047,ssi,Accounting & Finance,2,0,1,0,2019-10-15,1,0,1,1,0,100,1.0,1.0,1.0,0,0,1-25,0,2009.0
2048,"SSI- recuirtment  , it devlopment",Accounting & Finance,2,0,1,0,2019-10-15,1,0,1,1,0,100,1.0,1.0,1.0,0,0,1-25,0,2009.0
2049,ssi,Accounting & Finance,2,0,1,0,2019-10-15,1,0,1,1,0,100,1.0,1.0,1.0,0,0,1-25,0,2009.0
2050,"SSI- recuirtment  , it devlopment",Accounting & Finance,2,0,1,0,2019-10-15,1,0,1,1,0,100,1.0,1.0,1.0,0,0,1-25,0,2009.0
2051,"SSI- recuirtment  , it devlopment",Accounting & Finance,2,0,1,0,2019-10-15,1,0,1,1,0,100,1.0,1.0,1.0,0,0,1-25,0,2009.0
2052,"SSI- recuirtment  , it devlopment",Accounting & Finance,2,0,1,0,2019-10-15,1,0,1,1,0,100,1.0,1.0,1.0,0,0,1-25,0,2009.0
2053,ssi,Accounting & Finance,2,0,1,0,2019-10-15,1,0,1,1,0,100,1.0,1.0,1.0,0,0,1-25,0,2009.0
2054,"SSI- recuirtment  , it devlopment",Accounting & Finance,2,0,1,0,2019-10-15,1,0,1,1,0,100,1.0,1.0,1.0,0,0,1-25,0,2009.0
2055,ssi,Accounting & Finance,2,0,1,1,2019-10-15,1,1,1,2,3,100,1.0,1.0,1.0,0,0,1-25,0,2009.0
2056,SSI,Accounting & Finance,2,0,1,1,2019-10-15,1,0,1,2,1,100,1.0,1.0,1.0,0,0,1-25,0,2009.0
2057,sdf,Accounting & Finance,2,0,1,1,2019-10-15,1,0,1,2,1,100,1.0,1.0,1.0,0,0,1-25,0,2009.0
2058,ssi,Accounting & Finance,2,0,1,0,2019-10-15,1,0,1,1,0,100,1.0,1.0,1.0,0,0,1-25,0,2009.0
2059,ssi,Accounting & Finance,2,0,1,0,2019-10-15,1,0,1,1,0,100,1.0,1.0,1.0,0,0,1-25,0,2009.0
2060,ssi,Accounting & Finance,2,0,1,0,2019-10-15,1,0,1,1,0,100,1.0,1.0,1.0,0,0,1-25,0,2009.0
2061,ssi,Accounting & Finance,2,0,1,0,2019-10-15,1,0,1,1,0,100,1.0,1.0,1.0,0,0,1-25,0,2009.0
2062,"SSI- recuirtment  , it devlopment",Accounting & Finance,2,0,1,0,2019-10-15,1,0,1,1,0,100,1.0,1.0,1.0,0,0,1-25,0,2009.0
2063,"SSI- recuirtment  , it devlopment",Accounting & Finance,2,0,1,0,2019-10-15,1,0,1,1,0,100,1.0,1.0,1.0,0,0,1-25,0,2009.0
2064,"SSI- recuirtment  , it devlopment",Accounting & Finance,2,0,1,0,2019-10-15,1,0,1,1,0,100,1.0,1.0,1.0,0,0,1-25,0,2009.0
2065,"SSI- recuirtment  , it devlopment",Accounting & Finance,2,0,1,0,2019-10-15,1,0,1,1,0,100,1.0,1.0,1.0,0,0,1-25,0,2009.0
2066,"SSI- recuirtment  , it devlopment",Accounting & Finance,2,0,1,0,2019-10-15,1,0,1,1,0,100,1.0,1.0,1.0,0,0,1-25,0,2009.0
2067,"SSI- recuirtment  , it devlopment",Accounting & Finance,2,0,1,0,2019-10-15,1,0,1,1,0,100,1.0,1.0,1.0,0,0,1-25,0,2009.0
2068,"SSI- recuirtment  , it devlopment",Accounting & Finance,2,0,1,0,2019-10-15,1,0,1,1,0,100,1.0,1.0,1.0,0,0,1-25,0,2009.0
2069,"SSI- recuirtment  , it devlopment",Accounting & Finance,2,0,1,0,2019-10-15,1,0,1,1,0,100,1.0,1.0,1.0,0,0,1-25,0,2009.0
2070,"SSI- recuirtment  , it devlopment",Accounting & Finance,2,0,1,0,2019-10-15,1,0,1,1,0,100,1.0,1.0,1.0,0,0,1-25,0,2009.0
2071,SSi,Accounting & Finance,2,0,1,1,2019-10-15,1,1,1,2,5,100,1.0,1.0,1.0,0,0,1-25,0,2009.0
2072,ssi,Accounting & Finance,2,0,1,0,2019-10-15,1,0,1,1,0,100,1.0,1.0,1.0,0,0,1-25,0,2009.0
2073,SSi,Accounting & Finance,2,0,1,0,2019-10-15,1,0,1,1,0,100,1.0,1.0,1.0,0,0,1-25,0,2009.0
2074,SSi,Accounting & Finance,2,0,1,0,2019-10-15,1,0,1,1,0,100,1.0,1.0,1.0,0,0,1-25,0,2009.0
2075,SSi,Accounting & Finance,2,0,1,0,2019-10-15,1,0,1,1,0,100,1.0,1.0,1.0,0,0,1-25,0,2009.0
2076,SSi,Accounting & Finance,2,0,1,0,2019-10-15,1,0,1,1,0,100,1.0,1.0,1.0,0,0,1-25,0,2009.0
2077,ssi,Accounting & Finance,2,0,1,0,2019-10-15,1,0,1,1,0,100,1.0,1.0,1.0,0,0,1-25,0,2009.0
2078,SSi,Accounting & Finance,2,0,1,0,2019-10-15,1,0,1,1,0,100,1.0,1.0,1.0,0,0,1-25,0,2009.0
2079,ssi,Accounting & Finance,2,0,1,0,2019-10-15,1,0,1,1,0,100,1.0,1.0,1.0,0,0,1-25,0,2009.0
2080,SSi,Accounting & Finance,2,0,1,0,2019-10-15,1,0,1,1,0,100,1.0,1.0,1.0,0,0,1-25,0,2009.0
2081,ssi,Accounting & Finance,2,0,1,0,2019-10-15,1,0,1,1,0,100,1.0,1.0,1.0,0,0,1-25,0,2009.0
2082,ssi,Accounting & Finance,2,0,1,0,2019-10-15,1,0,1,1,0,100,1.0,1.0,1.0,0,0,1-25,0,2009.0
2083,ssi,Accounting & Finance,2,0,1,0,2019-10-15,1,0,1,1,0,100,1.0,1.0,1.0,0,0,1-25,0,2009.0
2084,ssi,Accounting & Finance,2,0,1,0,2019-10-15,1,0,1,1,0,100,1.0,1.0,1.0,0,0,1-25,0,2009.0
2085,"SSI- recuirtment  , it devlopment",Accounting & Finance,2,0,1,0,2019-10-16,1,0,1,1,0,100,1.0,1.0,1.0,0,0,1-25,0,2008.0
2086,"SSI- recuirtment  , it devlopment",Accounting & Finance,2,0,1,0,2019-10-16,1,0,1,1,0,100,1.0,1.0,1.0,0,0,1-25,0,2008.0
2087,"SSI- recuirtment  , it devlopment",Accounting & Finance,2,0,1,0,2019-10-16,1,0,1,1,0,100,1.0,1.0,1.0,0,0,1-25,0,2008.0
2088,"SSI- recuirtment  , it devlopment",Accounting & Finance,2,0,1,0,2019-10-16,1,0,1,1,0,100,1.0,1.0,1.0,0,0,1-25,0,2008.0
2089,ssi,Accounting & Finance,2,0,1,0,2019-10-16,1,0,1,1,0,100,1.0,1.0,1.0,0,0,1-25,0,2008.0
2090,SSI Jobma,Accounting & Finance,2,0,1,1,2019-10-16,1,1,1,2,3,100,1.0,1.0,1.0,0,0,1-25,0,2008.0
2091,SSI Jobma,Accounting & Finance,2,0,1,0,2019-10-16,1,0,1,1,0,100,1.0,1.0,1.0,0,0,1-25,0,2008.0
2092,SSI Jobma,Accounting & Finance,2,0,1,0,2019-10-16,1,0,1,1,0,100,1.0,1.0,1.0,0,0,1-25,0,2008.0
2093,SSI Jobma,Accounting & Finance,2,0,1,0,2019-10-16,1,0,1,1,0,100,1.0,1.0,1.0,0,0,1-25,0,2008.0
2094,SSI Jobma,Accounting & Finance,2,0,1,0,2019-10-16,1,0,1,1,0,100,1.0,1.0,1.0,0,0,1-25,0,2008.0
2095,ssi,Accounting & Finance,2,0,1,1,2019-10-16,1,0,1,2,1,100,1.0,1.0,1.0,0,0,1-25,0,2008.0
2096,ssi,Accounting & Finance,2,0,1,1,2019-10-16,1,0,1,2,1,100,1.0,1.0,1.0,0,0,1-25,0,2008.0
2097,ssi,Accounting & Finance,2,0,1,1,2019-10-16,1,0,1,2,1,100,1.0,1.0,1.0,0,0,1-25,0,2008.0
2098,SSI,Accounting & Finance,2,0,1,1,2019-10-16,1,1,1,2,3,100,1.0,1.0,1.0,0,0,1-25,0,2008.0
2099,SSI,Accounting & Finance,2,0,1,0,2019-10-16,1,0,1,1,0,100,1.0,1.0,1.0,0,0,1-25,0,2008.0
2100,SSI,Accounting & Finance,2,0,1,0,2019-10-16,1,0,1,1,0,100,1.0,1.0,1.0,0,0,1-25,0,2008.0
2101,SSI,Accounting & Finance,2,0,1,0,2019-10-16,1,0,1,1,0,100,1.0,1.0,1.0,0,0,1-25,0,2008.0
2102,SSI,Accounting & Finance,2,0,1,0,2019-10-16,1,0,1,1,0,100,1.0,1.0,1.0,0,0,1-25,0,2008.0
2103,SSI,Accounting & Finance,2,0,1,1,2019-10-16,1,1,1,2,2,100,1.0,1.0,1.0,0,0,1-25,0,2008.0
2104,SSI,Accounting & Finance,2,0,1,0,2019-10-16,1,0,1,1,0,100,1.0,1.0,1.0,0,0,1-25,0,2008.0
2105,SSI,Accounting & Finance,2,0,1,0,2019-10-16,1,0,1,1,0,100,1.0,1.0,1.0,0,0,1-25,0,2008.0
2106,SSI,Accounting & Finance,2,0,1,0,2019-10-16,1,0,1,1,0,100,1.0,1.0,1.0,0,0,1-25,0,2008.0
2107,ssi,Accounting & Finance,2,0,1,1,2019-10-17,1,0,1,1,1,12000,1.5,1.5,1.0,1,0,1-25,0,2007.0
2108,ssi,Accounting & Finance,2,0,1,0,2019-10-17,1,0,1,1,0,100,1.0,1.0,1.0,0,0,1-25,0,2007.0
2109,ssi,Accounting & Finance,2,0,1,0,2019-10-17,1,0,1,1,0,100,1.0,1.0,1.0,0,0,1-25,0,2007.0
2110,JOBMA,Accounting & Finance,2,0,1,1,2019-10-17,1,1,1,2,3,100,1.0,1.0,1.0,0,0,1-25,0,2007.0
2111,SSI,Accounting & Finance,2,0,1,1,2019-10-17,1,1,1,2,3,100,1.0,1.0,1.0,0,0,1-25,0,2007.0
2112,ssi,Accounting & Finance,2,0,1,1,2019-10-17,1,1,1,2,4,100,1.0,1.0,1.0,0,0,1-25,0,2007.0
2113,fghgf,Accounting & Finance,2,0,1,1,2019-10-17,1,1,1,2,2,100,1.0,1.0,1.0,0,0,1-25,0,2007.0
2114,bcgfh,Accounting & Finance,2,0,1,1,2019-10-17,1,1,1,2,6,100,1.0,1.0,1.0,0,0,1-25,0,2007.0
2115,ssi,Accounting & Finance,2,0,1,1,2019-10-17,1,1,1,2,4,100,1.0,1.0,1.0,0,0,1-25,0,2007.0
2116,cvbfxcb,Accounting & Finance,2,0,1,1,2019-10-17,1,1,1,2,6,100,1.0,1.0,1.0,0,0,1-25,0,2007.0
2117,ssi,Accounting & Finance,2,0,1,1,2019-10-17,1,1,1,2,4,100,1.0,1.0,1.0,0,0,1-25,0,2007.0
2118,dfgc,Accounting & Finance,2,0,1,1,2019-10-17,1,1,1,2,3,100,1.0,1.0,1.0,0,0,1-25,0,2007.0
2120,ssi,Accounting & Finance,2,0,1,1,2019-10-17,1,0,1,2,1,12000,1.5,1.5,1.0,1,0,1-25,0,2007.0
2121,ssi,Accounting & Finance,2,0,1,1,2019-10-17,1,0,1,2,1,12000,1.33,1.33,1.0,1,0,1-25,0,2007.0
2122,67nbvbv,Accounting & Finance,2,0,1,1,2019-10-17,1,0,1,2,1,12000,1.33,1.33,1.0,1,0,1-25,0,2007.0
2123,ssi,Accounting & Finance,2,0,1,1,2019-10-17,1,1,1,2,2,100,1.0,1.0,1.0,0,0,1-25,0,2007.0
2124,ssi,Accounting & Finance,2,0,1,1,2019-10-17,1,0,1,2,1,12000,1.33,1.33,1.0,1,0,1-25,0,2007.0
2125,SSI,Accounting & Finance,2,0,1,1,2019-10-17,1,1,1,2,2,100,1.0,1.0,1.0,0,0,1-25,0,2007.0
2126,SSI,Accounting & Finance,2,0,1,1,2019-10-17,1,1,1,2,2,100,1.0,1.0,1.0,0,0,1-25,0,2007.0
2127,SSI,Accounting & Finance,2,0,1,1,2019-10-17,1,0,1,2,1,12000,1.33,1.33,1.0,1,0,1-25,0,2007.0
2128,SSI,Accounting & Finance,2,0,1,1,2019-10-17,1,0,1,2,1,12000,1.0,1.0,1.0,1,0,1-25,0,2007.0
2129,SSI,Accounting & Finance,2,0,1,1,2019-10-17,1,1,1,2,2,100,1.0,1.0,1.0,0,0,1-25,0,2007.0
2130,ssi,Accounting & Finance,2,0,1,1,2019-10-18,1,0,1,2,1,100,1.0,1.0,1.0,0,0,1-25,0,2006.0
2131,ssi,Accounting & Finance,2,0,1,1,2019-10-18,1,0,1,2,1,12000,1.5,1.5,1.0,1,0,1-25,0,2006.0
2132,ssi,Accounting & Finance,2,0,1,1,2019-10-18,1,0,1,2,1,12000,1.5,1.5,1.0,1,0,1-25,0,2006.0
2133,jobma,Accounting & Finance,2,0,1,1,2019-10-18,1,1,1,2,3,100,1.0,1.0,1.0,0,0,1-25,0,2006.0
2134,ssi,Accounting & Finance,2,0,1,1,2019-10-18,1,0,1,2,1,100,1.0,1.0,1.0,0,0,1-25,0,2006.0
2135,hnghnjgjy,Accounting & Finance,2,0,1,1,2019-10-18,1,1,1,2,3,100,1.0,1.0,1.0,0,0,1-25,0,2006.0
2136,SSI,Accounting & Finance,2,0,1,1,2019-10-18,1,1,1,2,11,100,1.0,1.0,1.0,0,0,1-25,0,2006.0
2137,ghmghj,Accounting & Finance,2,0,1,1,2019-10-18,1,1,1,2,3,100,1.0,1.0,1.0,0,0,1-25,0,2006.0
2138,JObma,Accounting & Finance,2,0,1,1,2019-10-18,1,1,1,2,11,100,1.0,1.0,1.0,0,0,1-25,0,2006.0
2139,",jhkjh,jh",Accounting & Finance,2,0,1,1,2019-10-18,1,1,1,2,3,100,1.0,1.0,1.0,0,0,1-25,0,2006.0
2140,fsgdsgdgg,Accounting & Finance,2,0,1,1,2019-10-18,1,1,1,2,3,100,1.0,1.0,1.0,0,0,1-25,0,2006.0
2141,JOBMA,Accounting & Finance,2,0,1,1,2019-10-18,1,1,1,2,11,100,1.0,1.0,1.0,0,0,1-25,0,2006.0
2142,ssi,Accounting & Finance,2,0,1,1,2019-10-18,1,1,1,2,3,100,1.0,1.0,1.0,0,0,1-25,0,2006.0
2143,jobma,Accounting & Finance,2,0,1,1,2019-10-18,1,0,1,2,1,100,1.0,1.0,1.0,0,0,1-25,0,2006.0
2144,jobma,Accounting & Finance,2,0,1,0,2019-10-18,1,0,1,1,0,100,1.0,1.0,1.0,0,0,1-25,0,2006.0
2145,fsgdgdgd,Accounting & Finance,2,0,1,1,2019-10-18,1,0,1,2,1,100,1.0,1.0,1.0,0,0,1-25,0,2006.0
2146,"SSI- recuirtment  , it devlopment",Accounting & Finance,2,0,1,0,2019-10-21,1,0,1,1,0,100,1.0,1.0,1.0,0,0,1-25,0,2003.0
2147,jobma,Accounting & Finance,2,0,1,0,2019-10-21,1,0,1,1,0,100,1.0,1.0,1.0,0,0,1-25,0,2003.0
2148,"SSI- recuirtment  , it devlopment",Accounting & Finance,2,0,1,0,2019-10-21,1,0,1,1,0,100,1.0,1.0,1.0,0,0,1-25,0,2003.0
2149,ssi,Accounting & Finance,2,0,1,0,2019-10-21,1,0,1,1,0,100,1.0,1.0,1.0,0,0,1-25,0,2003.0
2150,"SSI- recuirtment  , it devlopment",Accounting & Finance,2,0,1,0,2019-10-21,1,0,1,1,0,100,1.0,1.0,1.0,0,0,1-25,0,2003.0
2151,ssi,Accounting & Finance,2,0,1,0,2019-10-21,1,0,1,1,0,100,1.0,1.0,1.0,0,0,1-25,0,2003.0
2153,jobma,Accounting & Finance,2,0,1,1,2019-10-23,1,0,1,2,1,100,1.0,1.0,1.0,0,0,1-25,0,2001.0
2154,SSI Jobma,Accounting & Finance,2,0,1,1,2019-10-23,1,0,1,2,1,100,1.0,1.0,1.0,0,0,1-25,0,2001.0
2155,nik ,Accounting & Finance,2,0,1,1,2019-10-23,1,0,1,2,1,12000,1.5,1.5,1.0,1,0,1-25,0,2001.0
2156,vchdgh,Accounting & Finance,2,0,1,1,2019-10-23,1,0,1,2,1,100,1.0,1.0,1.0,0,0,1-25,0,2001.0
2157,gsgdsgdg,Accounting & Finance,2,0,1,1,2019-10-25,1,0,1,2,1,100,1.0,1.0,1.0,0,0,1-25,0,1999.0
2158,etryetr,Accounting & Finance,2,0,1,0,2019-10-25,1,0,1,1,0,100,1.0,1.0,1.0,0,0,1-25,0,1999.0
2159,SSI jobma,Accounting & Finance,2,0,1,0,2019-10-25,1,0,1,1,0,100,1.0,1.0,1.0,0,0,1-25,0,1999.0
2160,SSI jobma,Accounting & Finance,2,0,1,0,2019-10-25,1,0,1,1,0,100,1.0,1.0,1.0,0,0,1-25,0,1999.0
2164,ssi,Accounting & Finance,2,0,1,0,2019-10-30,1,0,1,1,0,100,1.0,1.0,1.0,0,0,1-25,0,1994.0
2165,ssi,Accounting & Finance,2,0,1,0,2019-10-30,1,0,1,1,0,100,1.0,1.0,1.0,0,0,1-25,0,1994.0
2168,jobma,Accounting & Finance,2,0,1,1,2019-11-03,1,0,1,2,1,100,1.0,1.0,1.0,0,0,1-25,0,1990.0
2169,ssi,Accounting & Finance,"72,2,73",0,2,1,2019-11-07,1,1,1,2,1,100,1.0,1.0,1.0,0,0,1-25,0,1986.0
2170,ssi,Accounting & Finance,2,0,1,1,2019-11-08,1,0,1,2,1,12000,1.5,1.5,1.0,1,0,1-25,0,1985.0
2171,ssi,Accounting & Finance,2,0,1,1,2019-11-08,1,0,1,2,1,100,1.0,1.0,1.0,0,0,1-25,0,1985.0
2172,ssi,Accounting & Finance,2,0,1,1,2019-11-11,1,0,1,2,1,12000,1.5,1.5,1.0,1,0,1-25,0,1982.0
2173,ssi,Accounting & Finance,2,0,1,1,2019-11-12,1,0,1,2,1,12000,1.5,1.5,1.0,1,0,1-25,0,1981.0
2174,dhgdgdhdh,Accounting & Finance,2,0,1,1,2019-11-12,1,0,1,2,1,12000,1.5,1.5,1.0,1,0,1-25,0,1981.0
2175,SSi,Accounting & Finance,2,0,1,1,2019-11-12,1,1,1,2,3,100,1.0,1.0,1.0,0,0,1-25,0,1981.0
2176,SSi,Accounting & Finance,2,0,1,0,2019-11-12,1,0,1,1,0,100,1.0,1.0,1.0,0,0,1-25,0,1981.0
2177,SSi,Accounting & Finance,2,0,1,0,2019-11-12,1,0,1,1,0,100,1.0,1.0,1.0,0,0,1-25,0,1981.0
2178,JOBMA,Accounting & Finance,2,7,1,1,2019-11-12,1,0,1,2,1,100,1.0,1.0,1.0,0,0,1-25,0,1981.0
2180,SSI jobma,Accounting & Finance,2,0,1,0,2019-11-15,1,0,1,1,0,100,1.0,1.0,1.0,0,0,1-25,0,1978.0
2181,ssi,Accounting & Finance,2,0,1,1,2019-11-15,1,0,1,2,1,100,1.0,1.0,1.0,0,0,1-25,0,1978.0
2182,dfd,Accounting & Finance,2,1,1,1,2019-11-15,1,0,1,2,1,100,1.0,1.0,1.0,0,0,1-25,0,1978.0
2183,ssi,Accounting & Finance,2,0,1,1,2019-11-18,1,0,1,2,1,12000,1.5,1.5,1.0,1,0,1-25,0,1975.0
2184,ssi,Accounting & Finance,2,0,1,1,2019-11-19,1,0,1,2,1,100,1.0,1.0,1.0,0,0,1-25,0,1974.0
2185,sgdh,Accounting & Finance,2,0,1,1,2019-11-19,1,0,1,2,1,12000,1.5,1.5,1.0,1,0,1-25,0,1974.0
2186,ssi,Accounting & Finance,2,0,1,1,2019-11-21,1,0,1,2,1,100,1.0,1.0,1.0,0,0,1-25,0,1972.0
2187,ssi,Accounting & Finance,2,0,1,1,2019-11-21,1,0,1,2,1,100,1.0,1.0,1.0,0,0,1-25,0,1972.0
2188,JOBMA,Accounting & Finance,2,0,1,1,2019-11-21,1,0,1,1,1,100,1.0,1.0,1.0,0,0,1-25,0,1972.0
2189,JOBMA,Accounting & Finance,2,3,1,1,2019-11-21,1,0,1,2,1,100,1.0,1.0,1.0,0,0,1-25,0,1972.0
2190,JOBMA,Accounting & Finance,2,0,1,1,2019-11-21,1,0,1,2,1,100,1.0,1.0,1.0,0,0,1-25,0,1972.0
2191,sssi,Accounting & Finance,2,0,1,1,2019-11-22,1,0,1,2,1,100,1.0,1.0,1.0,0,0,1-25,0,1971.0
2192,ssssssf,Accounting & Finance,2,6,1,1,2019-11-22,1,0,1,2,1,100,1.0,1.0,1.0,0,0,1-25,0,1971.0
2193,sgdsgdg,Accounting & Finance,2,2,1,1,2019-11-22,1,0,1,2,1,100,1.0,1.0,1.0,0,0,1-25,0,1971.0
2194,sssi,Accounting & Finance,2,0,1,1,2019-11-22,1,0,1,2,1,100,1.0,1.0,1.0,0,0,1-25,0,1971.0
2196,ssi,Accounting & Finance,2,0,1,1,2019-11-25,1,1,1,2,5,100,1.0,1.0,1.0,0,0,1-25,0,1968.0
2197,ssi,Accounting & Finance,2,0,1,0,2019-11-27,1,0,1,1,0,100,1.0,1.0,1.0,0,0,1-25,0,1966.0
2200,ssi,Accounting & Finance,2,0,1,0,2019-11-27,1,0,1,1,0,100,1.0,1.0,1.0,0,0,1-25,0,1966.0
2201,Mainusereditedmobile,Accounting & Finance,2,0,1,0,2019-11-27,1,0,1,1,0,100,1.0,1.0,1.0,0,0,1-25,0,1966.0
2203,ssi,Accounting & Finance,2,0,1,1,2019-11-27,1,1,1,2,2,12000,1.5,1.5,1.0,1,0,1-25,0,1966.0
2204,ssi,Accounting & Finance,2,0,1,0,2019-11-27,1,0,1,1,0,100,1.0,1.0,1.0,0,0,1-25,0,1966.0
2205,ssi,Accounting & Finance,2,0,1,0,2019-11-27,1,0,1,1,0,100,1.0,1.0,1.0,0,0,1-25,0,1966.0
2206,ssi,Accounting & Finance,2,0,1,1,2019-11-27,1,0,1,2,1,100,1.0,1.0,1.0,0,0,1-25,0,1966.0
2207,ssi,Accounting & Finance,2,0,1,0,2019-11-27,1,0,1,1,0,100,1.0,1.0,1.0,0,0,1-25,0,1966.0
2208,ssi,Accounting & Finance,2,0,1,1,2019-11-27,1,1,1,2,11,100,1.0,1.0,1.0,0,0,1-25,0,1966.0
2209,ssi,Accounting & Finance,2,0,1,1,2019-11-27,1,1,1,2,11,100,1.0,1.0,1.0,0,0,1-25,0,1966.0
2210,ssi,Accounting & Finance,2,0,1,0,2019-11-27,1,0,1,1,0,100,1.0,1.0,1.0,0,0,1-25,0,1966.0
2211,ssi,Accounting & Finance,2,0,1,0,2019-11-27,1,0,1,1,0,100,1.0,1.0,1.0,0,0,1-25,0,1966.0
2212,ssi,Accounting & Finance,2,0,1,0,2019-11-27,1,0,1,1,0,100,1.0,1.0,1.0,0,0,1-25,0,1966.0
2213,ssi,Accounting & Finance,2,0,1,0,2019-11-27,1,0,1,1,0,100,1.0,1.0,1.0,0,0,1-25,0,1966.0
2214,sdfsdf,Accounting & Finance,2,0,1,1,2019-12-03,1,0,1,2,1,12000,1.5,1.5,1.0,1,0,1-25,0,1960.0
2215,ssi,Accounting & Finance,2,0,1,1,2019-12-03,1,1,1,2,3,12000,1.5,1.5,1.0,1,0,1-25,0,1960.0
2216,JOBMA,Accounting & Finance,2,0,1,1,2019-12-03,1,1,1,2,6,12000,1.5,1.5,1.0,1,0,1-25,0,1960.0
2217,132123,Accounting & Finance,2,0,1,1,2019-12-03,1,0,1,2,1,12000,1.5,1.5,1.0,1,0,1-25,0,1960.0
2218,JOBMA,Accounting & Finance,2,0,1,1,2019-12-03,1,1,1,2,5,12000,1.5,1.5,1.0,1,0,1-25,0,1960.0
2219,ssss,Accounting & Finance,2,0,1,1,2019-12-03,1,1,1,2,35,12000,1.5,1.5,1.0,1,0,1-25,0,1960.0
2220,ssi,Accounting & Finance,2,0,1,1,2019-12-03,1,1,1,2,4,12000,1.5,1.5,1.0,1,0,1-25,0,1960.0
2221,gbjgh,Accounting & Finance,2,0,1,1,2019-12-03,1,0,1,2,1,12000,1.5,1.5,1.0,1,0,1-25,0,1960.0
2222,JOBMA,Accounting & Finance,2,0,1,1,2019-12-03,1,1,1,2,2,12000,1.5,1.5,1.0,1,0,1-25,0,1960.0
2223,sdfsdfdsf,Accounting & Finance,2,0,1,1,2019-12-03,1,1,1,2,5,12000,1.5,1.5,1.0,1,0,1-25,0,1960.0
2224,sdfsdf,Accounting & Finance,2,0,1,1,2019-12-03,1,1,1,2,4,12000,1.5,1.5,1.0,1,0,1-25,0,1960.0
2225,ssi,Accounting & Finance,2,0,1,1,2019-12-03,1,1,1,2,5,12000,1.5,1.5,1.0,1,0,1-25,0,1960.0
2226,JOBMA,Accounting & Finance,2,0,1,1,2019-12-03,1,0,1,2,1,12000,1.0,1.0,1.0,1,0,1-25,0,1960.0
2227,JOBMA,Accounting & Finance,2,0,1,1,2019-12-04,1,0,1,2,1,12000,1.0,1.0,1.0,1,0,1-25,0,1959.0
2228,asd,Accounting & Finance,2,0,1,1,2019-12-04,1,0,1,2,1,12000,1.33,1.33,1.0,1,0,1-25,0,1959.0
2229,sddasdfasdf,Accounting & Finance,2,0,1,1,2019-12-04,1,1,1,2,6,100,1.0,1.0,1.0,0,0,1-25,0,1959.0
2230,132123,Accounting & Finance,2,0,1,1,2019-12-04,1,1,1,2,2,100,1.0,1.0,1.0,0,0,1-25,0,1959.0
2231,com,Accounting & Finance,2,0,1,1,2019-12-04,1,1,1,2,2,12000,1.5,1.5,1.0,1,0,1-25,0,1959.0
2232,SSI-JOBMA,Accounting & Finance,2,0,1,1,2019-12-06,1,0,1,2,1,100,1.0,1.0,1.0,0,0,1-25,0,1957.0
2233,ssi,Accounting & Finance,2,0,1,0,2019-12-09,1,0,1,1,0,100,1.0,1.0,1.0,0,0,1-25,0,1954.0
2234,ssi,Accounting & Finance,2,0,1,1,2019-12-11,1,0,1,2,1,100,1.0,1.0,1.0,0,0,1-25,0,1952.0
2235,ssi,Accounting & Finance,2,0,1,1,2019-12-11,1,0,1,2,1,12000,1.5,1.5,1.0,1,0,1-25,0,1952.0
2236,ssi,Accounting & Finance,2,0,1,1,2019-12-11,1,1,1,2,2,12000,1.5,1.5,1.0,1,0,1-25,0,1952.0
2237,test,Accounting & Finance,2,0,1,1,2019-12-11,1,0,1,2,1,12000,1.5,1.5,1.0,1,0,1-25,0,1952.0
2238,xcfgdfgh,Accounting & Finance,2,0,1,1,2019-12-11,1,0,1,2,1,12000,1.5,1.5,1.0,1,0,1-25,0,1952.0
2239,ssi,Accounting & Finance,2,0,1,0,2019-12-11,1,0,1,1,0,100,1.0,1.0,1.0,0,0,1-25,0,1952.0
2240,ssi,Accounting & Finance,2,0,1,0,2019-12-11,1,0,1,1,0,100,1.0,1.0,1.0,0,0,1-25,0,1952.0
2241,ssi,Accounting & Finance,2,0,1,0,2019-12-11,1,0,1,1,0,100,1.0,1.0,1.0,0,0,1-25,0,1952.0
2242,ssi,Accounting & Finance,2,0,1,1,2019-12-12,1,0,1,2,1,100,1.0,1.0,1.0,0,0,1-25,0,1951.0
2243,JOBMA,Accounting & Finance,2,0,1,1,2019-12-12,1,0,1,2,1,12000,1.0,1.0,1.0,1,0,1-25,0,1951.0
2244,SBI,Accounting & Finance,2,0,1,1,2019-12-12,1,0,1,2,1,12000,1.5,1.5,1.0,1,0,1-25,0,1951.0
2245,SSi,Accounting & Finance,2,0,1,1,2019-12-12,1,0,1,2,1,12000,1.5,1.5,1.0,1,0,1-25,0,1951.0
2246,SSI,Accounting & Finance,2,0,1,1,2019-12-12,1,0,1,2,1,12000,1.0,1.0,1.0,1,0,1-25,0,1951.0
2247,ssi,Accounting & Finance,2,0,1,1,2019-12-12,1,0,1,2,1,100,1.0,1.0,1.0,0,0,1-25,0,1951.0
2248,dfsdfsd sd fsdf,Accounting & Finance,2,0,1,1,2019-12-13,1,0,1,2,1,12000,1.5,1.5,1.0,1,0,1-25,0,1950.0
2249,SSI,Accounting & Finance,2,0,1,1,2019-12-13,1,0,1,2,1,12000,1.5,1.5,1.0,1,0,1-25,0,1950.0
2250,JOBMA,Accounting & Finance,2,0,1,1,2019-12-13,1,0,1,2,1,12000,1.0,1.0,1.0,1,0,1-25,0,1950.0
2251,ssi,Accounting & Finance,2,0,1,1,2019-12-15,1,0,1,2,1,100,1.0,1.0,1.0,0,0,1-25,0,1948.0
2252,sfsdfsdf,Accounting & Finance,2,0,1,1,2019-12-17,1,0,1,2,1,12000,1.5,1.5,1.0,1,0,1-25,0,1946.0
2253,ssi,Accounting & Finance,2,0,1,0,2019-12-17,1,0,1,1,0,100,1.0,1.0,1.0,0,0,1-25,0,1946.0
2254,asd,Accounting & Finance,"1,72",0,1,1,2019-12-18,1,0,1,2,1,12000,1.5,1.5,1.0,1,0,26-100,0,1945.0
2255,JOBMA,Accounting & Finance,73,0,1,1,2019-12-18,1,0,1,2,1,100,1.0,1.0,1.0,0,0,1-25,0,1945.0
2256,Jobma,Accounting & Finance,"72,74,61",0,1,1,2019-12-19,1,0,1,2,1,100,1.0,1.0,1.0,0,0,101-500,0,1944.0
2257,sdfsdf,Accounting & Finance,1,0,1,1,2019-12-19,1,0,1,2,1,12000,1.5,1.5,1.0,1,0,1-25,0,1944.0
2258,sadaf,Accounting & Finance,1,0,1,1,2019-12-19,1,0,1,2,1,12000,2.0,1.0,1.0,1,0,1-25,0,1944.0
2259,asdffsdf,Accounting & Finance,1,0,1,1,2019-12-19,1,0,1,2,1,12000,1.5,1.5,1.0,1,0,1-25,0,1944.0
2260,asdasd,Accounting & Finance,"1,2",0,1,1,2019-12-20,1,0,1,2,1,12000,1.5,1.5,1.0,1,0,26-100,0,1943.0
2261,Jobma,Accounting & Finance,"72,73,74",0,1,1,2019-12-20,1,0,1,2,1,12000,1.5,1.5,1.0,1,0,101-500,0,1943.0
2262,Jobma,Accounting & Finance,"72,73,74",0,1,1,2019-12-20,1,1,1,2,4,100,1.0,1.0,1.0,0,0,26-100,0,1943.0
2263,jobma,Accounting & Finance,"53,46",0,1,1,2019-12-23,1,0,1,2,1,12000,1.5,1.5,1.0,1,0,26-100,0,1940.0
2264,JOBMA,Accounting & Finance,"2,74",0,1,1,2019-12-25,1,0,1,2,1,100,1.0,1.0,1.0,0,0,26-100,0,1938.0
2265,gfhfghf,Accounting & Finance,83,0,1,1,2019-12-26,1,0,1,2,1,12000,1.5,1.5,1.0,1,0,26-100,0,1937.0
2266,xyz,Accounting & Finance,"72,73",0,1,1,2019-12-30,1,0,1,2,1,12000,1.5,1.5,1.0,1,0,26-100,0,1933.0
2267,ssi,Accounting & Finance,2,0,1,1,2019-12-31,1,0,1,2,1,12000,1.5,1.5,1.0,1,0,1-25,0,1932.0
2268,ssi,Accounting & Finance,2,0,1,0,2019-12-31,1,0,1,1,0,100,1.0,1.0,1.0,0,0,1-25,0,1932.0
2269,ssi,Accounting & Finance,72,0,1,1,2020-01-02,1,0,1,2,1,12000,1.5,1.5,1.0,1,0,26-100,0,1930.0
2270,ssi4,Accounting & Finance,2,0,1,1,2020-01-03,1,0,1,2,1,100,1.0,1.0,1.0,0,0,500-1000,0,1929.0
2271,ssi4,Accounting & Finance,2,0,1,0,2020-01-03,1,0,1,1,0,100,1.0,1.0,1.0,0,0,500-1000,0,1929.0
2272,JOBMAAAAA,Accounting & Finance,"72,2,74",0,1,1,2020-01-03,1,0,1,2,1,12000,1.0,1.0,1.0,1,0,26-100,0,1929.0
2274,ssi,Accounting & Finance,"72,73,74",0,1,1,2020-01-07,1,0,1,2,1,100,1.0,1.0,1.0,0,0,26-100,0,1925.0
2276,ssi,Accounting & Finance,1,0,1,1,2020-01-08,1,1,1,2,2,100,1.0,1.0,1.0,0,0,26-100,0,1924.0
2277,ssi,Accounting & Finance,2,0,1,0,2020-01-09,1,0,1,1,0,100,1.0,1.0,1.0,0,0,26-100,0,1923.0
2278,JOBMA,Accounting & Finance,2,0,1,1,2020-01-09,1,0,1,2,1,100,1.0,1.0,1.0,0,0,1-25,0,1923.0
2281,Jobma,Accounting & Finance,2,0,1,1,2020-01-09,1,0,1,2,1,100,1.0,1.0,1.0,0,0,1-25,0,1923.0
2282,JJ,Accounting & Finance,2,0,1,1,2020-01-09,1,0,1,2,1,100,1.0,1.0,1.0,0,0,1-25,0,1923.0
2283,jjj,Accounting & Finance,2,0,1,1,2020-01-09,1,0,1,2,1,100,1.0,1.0,1.0,0,0,1-25,0,1923.0
2286,Test JJ,Accounting & Finance,2,0,1,1,2020-01-09,1,1,1,2,2,100,1.0,1.0,1.0,0,0,1-25,0,1923.0
2287,jobma,Accounting & Finance,2,0,1,1,2020-01-09,1,1,1,2,2,100,1.0,1.0,1.0,0,0,1-25,0,1923.0
2288,gfh,Accounting & Finance,2,0,1,1,2020-01-09,1,0,1,2,1,100,1.0,1.0,1.0,0,0,1-25,0,1923.0
2289,Jobma,Accounting & Finance,2,0,1,1,2020-01-09,1,0,1,2,1,100,1.0,1.0,1.0,0,0,1-25,0,1923.0
2290,jobma,Accounting & Finance,"72,2",0,1,1,2020-01-09,1,0,1,2,1,100,1.0,1.0,1.0,0,0,26-100,0,1923.0
2291,Jobma,Accounting & Finance,2,0,1,1,2020-01-09,1,0,1,2,1,100,1.0,1.0,1.0,0,0,1-25,0,1923.0
2292,asdfasdfdsf,Accounting & Finance,2,0,1,1,2020-01-09,1,1,1,2,5,100,1.0,1.0,1.0,0,0,1-25,0,1923.0
2294,jobma,Accounting & Finance,2,0,1,1,2020-01-09,1,0,1,2,1,100,1.0,1.0,1.0,0,0,1-25,0,1923.0
2295,jobma,Accounting & Finance,2,0,1,1,2020-01-09,1,0,1,2,1,100,1.0,1.0,1.0,0,0,1-25,0,1923.0
2296,jobma,Accounting & Finance,2,0,1,0,2020-01-09,1,0,1,1,0,100,1.0,1.0,1.0,0,0,1-25,0,1923.0
2297,ssi,Accounting & Finance,2,0,1,1,2020-01-10,1,1,1,2,3,100,1.0,1.0,1.0,0,0,1-25,0,1922.0
2298,ssi,Accounting & Finance,2,0,1,0,2020-01-10,1,0,1,1,0,100,1.0,1.0,1.0,0,0,1-25,0,1922.0
2299,ssi,Accounting & Finance,2,0,1,0,2020-01-10,1,0,1,1,0,100,1.0,1.0,1.0,0,0,1-25,0,1922.0
2300,ssi,Accounting & Finance,2,0,1,0,2020-01-10,1,0,1,1,0,100,1.0,1.0,1.0,0,0,1-25,0,1922.0
2301,ssi,Accounting & Finance,2,0,1,1,2020-01-10,1,0,1,2,1,100,1.0,1.0,1.0,0,0,1-25,0,1922.0
2302,sfffsf,Accounting & Finance,72,0,1,1,2020-01-10,1,0,1,2,1,12000,1.5,1.5,1.0,1,0,1-25,0,1922.0
2303,ssi,Accounting & Finance,2,0,1,1,2020-01-10,1,0,1,2,1,100,1.0,1.0,1.0,0,0,1-25,0,1922.0
2304,ssi,Accounting & Finance,2,0,1,1,2020-01-10,1,0,1,2,1,12000,1.5,1.5,1.0,1,0,1-25,0,1922.0
2305,jobma,Accounting & Finance,2,0,1,1,2020-01-10,1,0,1,2,1,100,1.0,1.0,1.0,0,0,1-25,0,1922.0
2306,ssi,Accounting & Finance,2,0,1,1,2020-01-10,1,0,1,2,1,100,1.0,1.0,1.0,0,0,1-25,0,1922.0
2307,ssi,Accounting & Finance,2,0,1,1,2020-01-10,1,0,1,2,1,100,1.0,1.0,1.0,0,0,1-25,0,1922.0
2308,ssi,Accounting & Finance,2,0,1,1,2020-01-10,1,0,1,2,1,100,1.0,1.0,1.0,0,0,1-25,0,1922.0
2309,Jobma,Accounting & Finance,2,0,1,1,2020-01-10,1,0,1,2,1,100,1.0,1.0,1.0,0,0,1-25,0,1922.0
2310,JOBMA,Accounting & Finance,2,0,1,1,2020-01-10,1,1,1,2,3,100,1.0,1.0,1.0,0,0,1-25,0,1922.0
2311,Jobma,Accounting & Finance,2,0,1,1,2020-01-12,1,1,1,2,2,100,1.0,1.0,1.0,0,0,1-25,0,1920.0
2312,ssi,Accounting & Finance,2,0,1,0,2020-01-13,1,0,1,1,0,100,1.0,1.0,1.0,0,0,26-100,0,1919.0
2313,Jobma,Accounting & Finance,2,0,1,1,2020-01-13,1,0,1,2,1,100,1.0,1.0,1.0,0,0,1-25,0,1919.0
2314,JJ,Accounting & Finance,2,0,1,1,2020-01-13,1,0,1,2,1,12000,1.33,1.33,1.0,1,0,1-25,0,1919.0
2315,Jobma,Accounting & Finance,2,0,1,0,2020-01-13,1,0,1,2,1,12000,1.5,1.5,1.0,1,0,1-25,0,1919.0
2316,ssi,Accounting & Finance,1,0,1,1,2020-01-21,1,0,1,2,1,100,1.0,1.0,1.0,0,0,26-100,0,1911.0
2317,SSI,Accounting & Finance,101,0,1,1,2020-01-21,1,1,1,2,3,100,1.0,1.0,1.0,0,0,26-100,0,1911.0
2318,Jobma,Accounting & Finance,"2,73,74",0,1,1,2020-01-21,1,0,1,2,1,10000,1.33,1.33,1.0,1,0,26-100,0,1911.0
2319,Test,Accounting & Finance,72,0,1,1,2020-01-21,1,0,1,2,1,10000,50.0,50.0,1.0,1,0,26-100,0,1911.0
2320,ssi,Accounting & Finance,73,0,1,1,2020-01-21,1,0,1,2,1,10000,1.33,1.33,1.0,1,0,26-100,0,1911.0
2321,ramesh,Accounting & Finance,74,0,1,1,2020-01-21,1,1,1,2,2,10000,1.33,1.33,1.0,1,0,500-1000,0,1911.0
2322,ssi,Accounting & Finance,72,0,1,1,2020-01-21,1,0,1,2,1,100,1.0,1.0,1.0,0,0,1-25,0,1911.0
2323,ssi,Accounting & Finance,73,0,1,1,2020-01-21,1,0,1,2,1,100,1.0,1.0,1.0,0,0,1-25,0,1911.0
2324,Rahul,Accounting & Finance,51,0,1,1,2020-01-21,1,1,1,2,4,100,1.0,1.0,1.0,0,0,26-100,0,1911.0
2325,Jobma,Accounting & Finance,"2,4",0,1,1,2020-01-22,1,1,1,2,2,10000,3.0,3.0,1.0,1,0,26-100,0,1910.0
2326,ssi,Accounting & Finance,72,0,1,1,2020-01-22,1,1,1,2,2,10000,3.0,3.0,1.0,1,0,1-25,0,1910.0
2327,cisco,Accounting & Finance,85,0,1,1,2020-01-22,1,1,1,2,2,10000,15.0,15.0,1.0,1,0,101-500,0,1910.0
2328,ssi,Accounting & Finance,2,0,1,0,2020-01-22,1,0,1,1,0,100,1.0,1.0,1.0,0,0,1-25,0,1910.0
2329,ssi,Accounting & Finance,2,0,1,0,2020-01-22,1,0,1,1,0,100,1.0,1.0,1.0,0,0,26-100,0,1910.0
2330,New York,Accounting & Finance,124,0,1,1,2020-01-22,1,0,1,2,1,100,1.0,1.0,1.0,0,0,26-100,0,1910.0
2331,newagri,Accounting & Finance,74,0,1,1,2020-01-22,1,1,1,2,3,10000,15.0,15.0,1.0,1,0,26-100,0,1910.0
2332,ssi,Accounting & Finance,2,0,1,1,2020-01-22,1,0,1,2,1,10000,15.0,15.0,1.0,1,0,101-500,0,1910.0
2333,ssi,Accounting & Finance,2,0,1,0,2020-01-22,1,0,1,1,0,100,1.0,1.0,1.0,0,0,101-500,0,1910.0
2334,Achme,Accounting & Finance,73,0,1,0,2020-01-22,1,1,1,1,999,100,2.0,3.0,1.0,0,0,101-500,0,1910.0
2335,ad services,Accounting & Finance,73,0,2,1,2020-01-22,1,1,1,1,10,10000,1.0,1.0,1.0,0,0,26-100,0,1910.0
2336,ssi,Accounting & Finance,2,0,1,1,2020-01-22,1,1,1,2,2,10000,15.0,15.0,1.0,1,0,26-100,0,1910.0
2337,ssi,Accounting & Finance,72,0,1,1,2020-01-22,1,0,1,2,1,10000,3.0,3.0,1.0,1,0,26-100,0,1910.0
2338,sdgg,Accounting & Finance,1,0,1,1,2020-01-23,1,0,1,2,1,10000,15.0,15.0,1.0,1,0,1-25,0,1909.0
2339,sdfsdfsdf,Accounting & Finance,3,0,1,1,2020-01-23,1,1,1,2,3,100,1.0,1.0,1.0,0,0,26-100,0,1909.0
2340,ssi,Accounting & Finance,2,0,1,1,2020-01-23,1,1,1,2,2,10000,3.0,3.0,1.0,1,0,1-25,0,1909.0
2341,ssi,Accounting & Finance,"2,4,7",0,1,1,2020-01-23,1,1,1,2,2,100,1.0,1.0,1.0,0,0,26-100,0,1909.0
2342,Jobma,Accounting & Finance,2,0,1,1,2020-01-23,1,0,1,2,1,10000,15.0,15.0,1.0,1,0,26-100,0,1909.0
2343,dxfg,Accounting & Finance,2,0,1,1,2020-01-23,1,1,1,2,3,10000,3.0,3.0,1.0,1,0,1-25,0,1909.0
2344,dxfg,Accounting & Finance,2,0,1,0,2020-01-23,1,0,1,1,0,100,1.0,1.0,1.0,0,0,1-25,0,1909.0
2345,dxfg,Accounting & Finance,3,0,1,1,2020-01-23,1,1,1,2,2,100,1.0,1.0,1.0,0,0,26-100,0,1909.0
2346,Jobma,Accounting & Finance,"2,4",0,1,1,2020-01-23,1,0,1,2,1,10000,15.0,15.0,1.0,1,0,26-100,0,1909.0
2347,Indian Employer,Accounting & Finance,74,0,1,1,2020-01-23,1,1,1,2,2,10000,15.0,15.0,1.0,1,0,26-100,0,1909.0
2348,dxfg,Accounting & Finance,3,0,1,1,2020-01-23,1,1,1,2,3,10000,15.0,15.0,1.0,1,0,26-100,0,1909.0
2349,Jobma,Accounting & Finance,3,0,1,1,2020-01-23,1,0,1,2,1,100,1.0,1.0,1.0,0,0,26-100,0,1909.0
2350,dxfg,Accounting & Finance,2,0,1,0,2020-01-23,1,0,1,1,0,100,1.0,1.0,1.0,0,0,26-100,0,1909.0
2351,dxfg,Accounting & Finance,2,0,1,0,2020-01-23,1,0,1,1,0,100,1.0,1.0,1.0,0,0,26-100,0,1909.0
2352,dxfg,Accounting & Finance,2,0,1,0,2020-01-23,1,0,1,1,0,100,1.0,1.0,1.0,0,0,26-100,0,1909.0
2353,dxfg,Accounting & Finance,2,0,1,0,2020-01-23,1,0,1,1,0,100,1.0,1.0,1.0,0,0,26-100,0,1909.0
2354,ssdsdfdsf,Accounting & Finance,2,0,1,1,2020-01-23,1,1,1,2,4,10000,3.0,3.0,1.0,1,0,26-100,0,1909.0
2355,sdfsdfdsf,Accounting & Finance,3,0,1,1,2020-01-23,1,1,1,2,4,100,1.0,1.0,1.0,0,0,26-100,0,1909.0
2356,SSI,Accounting & Finance,3,0,1,1,2020-01-23,1,1,1,2,13,100,1.0,1.0,1.0,0,0,26-100,0,1909.0
2357,Select Source,Accounting & Finance,73,0,1,1,2020-01-23,1,0,1,2,1,10000,15.0,15.0,1.0,1,0,26-100,0,1909.0
2358,Jobma,Accounting & Finance,"73,74",0,1,1,2020-01-23,1,0,1,2,1,10000,16.0,16.0,1.0,1,0,26-100,0,1909.0
2359,Jobma,Accounting & Finance,"72,74",0,1,1,2020-01-24,1,0,1,2,1,10000,50.0,50.0,1.0,1,0,26-100,0,1908.0
2360,SSI,Accounting & Finance,23,0,1,1,2020-01-24,1,1,1,2,4,10000,15.0,15.0,1.0,1,0,26-100,0,1908.0
2361,Jobma,Accounting & Finance,"2,4",0,1,1,2020-01-24,1,0,1,2,1,10000,15.0,15.0,1.0,1,0,26-100,0,1908.0
2362,SSI,Accounting & Finance,"2,3",0,1,1,2020-01-24,1,1,1,2,2,10000,15.0,15.0,1.0,1,0,26-100,0,1908.0
2363,Jobma,Accounting & Finance,"3,4",0,1,1,2020-01-24,1,1,1,2,12,100,1.0,1.0,1.0,0,0,500-1000,0,1908.0
2364,SSI,Accounting & Finance,2,0,1,0,2020-01-24,1,0,1,1,0,100,1.0,1.0,1.0,0,0,26-100,0,1908.0
2365,samsung,Accounting & Finance,51,0,1,1,2020-01-24,1,0,1,2,1,10000,15.0,15.0,1.0,1,0,101-500,0,1908.0
2366,ssi,Accounting & Finance,72,0,1,1,2020-01-24,1,0,1,2,1,10000,50.0,50.0,1.0,1,0,26-100,0,1908.0
2367,SSI,Accounting & Finance,1,0,1,1,2020-01-24,1,1,1,2,5,100,1.0,1.0,1.0,0,0,26-100,0,1908.0
2368,ssi,Accounting & Finance,1,0,1,1,2020-01-24,1,1,1,2,5,100,1.0,1.0,1.0,0,0,26-100,0,1908.0
2369,ssi,Accounting & Finance,3,0,1,1,2020-01-24,1,1,1,2,9,100,1.0,1.0,1.0,0,0,26-100,0,1908.0
2370,ssi,Accounting & Finance,3,0,1,1,2020-01-24,1,1,1,2,9,10000,2.0,2.0,1.0,1,0,26-100,0,1908.0
2371,ssi,Accounting & Finance,3,0,1,1,2020-01-24,1,1,1,2,9,10000,2.0,2.0,1.0,1,0,101-500,0,1908.0
2372,ssi,Accounting & Finance,3,0,1,1,2020-01-24,1,1,1,2,9,10000,15.0,15.0,1.0,1,0,26-100,0,1908.0
2373,ssi,Accounting & Finance,2,0,1,0,2020-01-27,1,0,1,1,0,100,1.0,1.0,1.0,0,0,26-100,0,1905.0
2388,ssi,Accounting & Finance,"1,3,4",0,1,1,2020-01-28,1,1,1,2,11,100,1.0,1.0,1.0,0,0,26-100,0,1904.0
2391,456789,Accounting & Finance,"1,72,2",0,1,1,2020-01-28,1,0,1,2,1,100,1.0,1.0,1.0,0,0,1-25,0,1904.0
2392,ssi,Accounting & Finance,"1,2",0,1,1,2020-01-28,1,1,1,2,4,100,1.0,1.0,1.0,0,0,1-25,0,1904.0
2393,ssi,Accounting & Finance,2,0,1,0,2020-01-28,1,0,1,1,0,100,1.0,1.0,1.0,0,0,1-25,0,1904.0
2394,ssi,Accounting & Finance,"1,2",0,1,1,2020-01-28,1,1,1,2,3,10000,15.0,15.0,1.0,1,0,26-100,0,1904.0
2395,ssi,Accounting & Finance,2,0,1,0,2020-01-28,1,0,1,1,0,100,1.0,1.0,1.0,0,0,26-100,0,1904.0
2396,ssi,Accounting & Finance,1,0,1,1,2020-01-28,1,0,1,2,1,100,1.0,1.0,1.0,0,0,26-100,0,1904.0
2397,sai,Accounting & Finance,72,0,1,1,2020-01-28,1,1,1,2,2,10000,15.0,15.0,1.0,1,0,1-25,0,1904.0
2398,ssi,Accounting & Finance,2,0,1,0,2020-01-28,1,0,1,1,0,100,1.0,1.0,1.0,0,0,26-100,0,1904.0
2399,ssi,Accounting & Finance,2,0,1,0,2020-01-28,1,0,1,1,0,100,1.0,1.0,1.0,0,0,26-100,0,1904.0
2400,gfh,Accounting & Finance,2,0,1,1,2020-01-28,1,0,1,2,1,100,1.0,1.0,1.0,0,0,26-100,0,1904.0
2403,sssi,Accounting & Finance,2,0,1,1,2020-01-30,1,0,1,1,1,10000,7.0,2.0,1.0,1,0,26-100,0,1902.0
2404,ert,Accounting & Finance,2,0,1,1,2020-01-30,1,1,1,2,2,100,1.0,1.0,1.0,0,0,1-25,0,1902.0
2405,ssi,Accounting & Finance,4,0,1,1,2020-01-30,1,1,1,2,2,100,1.0,1.0,1.0,0,0,26-100,0,1902.0
2407,ssi,Accounting & Finance,"2,4",0,1,1,2020-01-30,1,1,1,2,11,100,1.0,1.0,1.0,0,0,26-100,0,1902.0
2408,sssi,Accounting & Finance,2,0,1,0,2020-01-30,1,0,1,1,0,100,1.0,1.0,1.0,0,0,26-100,0,1902.0
2409,fghfg,Accounting & Finance,2,0,1,1,2020-01-30,1,1,1,2,2,10000,1.0,1.0,1.0,1,0,26-100,0,1902.0
2410,ssi,Accounting & Finance,"2,4",0,1,1,2020-01-30,1,1,1,2,11,10000,15.0,15.0,1.0,1,0,1-25,0,1902.0
2411,sdfs,Accounting & Finance,2,0,1,1,2020-01-30,1,0,1,1,1,10000,50.0,50.0,1.0,1,0,26-100,0,1902.0
2412,ssi,Accounting & Finance,72,0,1,1,2020-01-31,1,1,1,2,11,100,1.0,1.0,1.0,0,0,26-100,0,1901.0
2413,Jobma,Accounting & Finance,"2,74",0,1,1,2020-01-31,1,0,1,2,1,100,1.0,1.0,1.0,0,0,26-100,0,1901.0
2414,dfg,Accounting & Finance,2,0,1,1,2020-01-31,1,0,1,2,1,100,1.0,1.0,1.0,0,0,1-25,0,1901.0
2415,ssi,Accounting & Finance,"72,2,73",0,1,1,2020-01-31,1,0,1,2,1,10000,15.0,15.0,1.0,1,0,26-100,0,1901.0
2416,ssi,Accounting & Finance,2,0,1,0,2020-01-31,1,0,1,1,0,100,1.0,1.0,1.0,0,0,26-100,0,1901.0
2417,ssi,Accounting & Finance,2,0,1,0,2020-01-31,1,0,1,1,0,100,1.0,1.0,1.0,0,0,26-100,0,1901.0
2418,ssi,Accounting & Finance,2,0,1,0,2020-01-31,1,1,1,1,1,100,1.0,1.0,1.0,0,0,26-100,0,1901.0
2419,ssi,Accounting & Finance,"1,2",0,1,1,2020-01-31,1,0,1,2,1,10000,0.67,0.67,1.0,1,0,26-100,0,1901.0
2420,GlowUp,Accounting & Finance,79,0,1,1,2020-02-02,1,0,1,2,1,10000,15.0,15.0,1.0,1,0,101-500,0,1899.0
2421,dfds,Accounting & Finance,72,0,1,1,2020-02-02,1,0,1,2,1,10000,15.0,15.0,1.0,1,0,26-100,0,1899.0
2422,gjy,Accounting & Finance,2,0,1,1,2020-02-02,1,0,1,2,1,10000,15.0,15.0,1.0,1,0,1-25,0,1899.0
2423,dfds,Accounting & Finance,2,0,1,0,2020-02-03,1,0,1,1,0,100,1.0,1.0,1.0,0,0,26-100,0,1898.0
2424,sdfvsdf,Accounting & Finance,72,0,1,1,2020-02-03,1,0,1,1,1,100,1.0,1.0,1.0,0,0,1-25,0,1898.0
2425,Aerocraft,Accounting & Finance,73,0,1,1,2020-02-03,1,0,1,2,1,10000,0.0,0.0,1.0,1,0,1-25,0,1898.0
2426,Adme,Accounting & Finance,72,0,1,1,2020-02-03,1,0,1,2,1,10000,0.0,0.0,1.0,1,0,1-25,0,1898.0
2427,dgfh,Accounting & Finance,1,0,1,1,2020-02-03,1,0,1,2,1,10000,0.0,0.0,1.0,1,0,1-25,0,1898.0
2428,dgfh,Accounting & Finance,2,0,1,0,2020-02-03,1,0,1,1,0,100,1.0,1.0,1.0,0,0,1-25,0,1898.0
2429,abc,Accounting & Finance,72,0,1,1,2020-02-03,1,0,1,2,1,10000,0.0,0.0,1.0,1,0,1-25,0,1898.0
2430,gfddf,Accounting & Finance,2,0,1,1,2020-02-03,1,0,1,2,1,10000,0.0,0.0,1.0,1,0,26-100,0,1898.0
2431,gfddf,Accounting & Finance,2,0,1,0,2020-02-03,1,0,1,1,0,100,1.0,1.0,1.0,0,0,1-25,0,1898.0
2432,ssi,Accounting & Finance,2,0,1,1,2020-02-03,1,1,1,2,9,100,1.0,1.0,1.0,0,0,1-25,0,1898.0
2433,ssi,Accounting & Finance,2,0,1,0,2020-02-03,1,0,1,1,0,100,1.0,1.0,1.0,0,0,1-25,0,1898.0
2434,ssi,Accounting & Finance,2,0,1,0,2020-02-03,1,0,1,1,0,100,1.0,1.0,1.0,0,0,1-25,0,1898.0
2435,ssi,Accounting & Finance,"1,2,3",0,1,1,2020-02-03,1,1,1,2,3,100,1.0,1.0,1.0,0,0,1-25,0,1898.0
2436,ssi,Accounting & Finance,2,0,1,1,2020-02-03,1,1,1,2,15,10000,15.0,15.0,1.0,1,0,1-25,0,1898.0
2437,SSI,Accounting & Finance,3,0,1,1,2020-02-03,1,1,1,2,3,100,1.0,1.0,1.0,0,0,500-1000,0,1898.0
2438,zzz,Accounting & Finance,3,0,1,1,2020-02-03,1,1,1,2,3,100,1.0,1.0,1.0,0,0,26-100,0,1898.0
2439,ssi,Accounting & Finance,"1,2,3",0,1,1,2020-02-04,1,1,1,2,3,100,1.0,1.0,1.0,0,0,1-25,0,1897.0
2440,ssi,Accounting & Finance,"1,2",0,1,1,2020-02-04,1,1,1,2,4,100,1.0,1.0,1.0,0,0,26-100,0,1897.0
2441,StartFresh,Accounting & Finance,89,0,1,1,2020-02-04,1,1,1,2,3,100,1.0,1.0,1.0,0,0,1-25,0,1897.0
2442,Abhi Nahi to Kabhi Nahi,Accounting & Finance,65,0,1,1,2020-02-04,1,1,1,2,3,100,1.0,1.0,1.0,0,0,26-100,0,1897.0
2443,arnav ltd,Accounting & Finance,2,0,1,1,2020-02-04,1,1,1,2,2,10000,15.0,15.0,1.0,1,0,26-100,0,1897.0
2444,JOBMA,Accounting & Finance,"73,74",0,1,1,2020-02-04,1,0,1,2,1,10000,0.0,0.0,1.0,1,0,101-500,0,1897.0
2445,AT&T,Accounting & Finance,73,0,1,1,2020-02-04,1,1,1,2,3,100,1.0,1.0,1.0,0,0,26-100,0,1897.0
2446,ssi,Accounting & Finance,"1,72,2",0,1,0,2020-02-04,1,1,1,2,4,10000,0.0,0.0,1.0,1,0,1-25,0,1897.0
2447,ssi,Accounting & Finance,2,0,1,0,2020-02-04,1,0,1,1,0,100,1.0,1.0,1.0,0,0,1-25,0,1897.0
2448,ssi,Accounting & Finance,2,0,1,0,2020-02-04,1,0,1,1,0,100,1.0,1.0,1.0,0,0,1-25,0,1897.0
2449,AT&T,Accounting & Finance,2,0,1,0,2020-02-05,1,0,1,1,0,100,1.0,1.0,1.0,0,0,26-100,0,1896.0
2450,ssi,Accounting & Finance,"1,2,73",0,1,1,2020-02-05,1,0,1,2,1,100,1.0,1.0,1.0,0,0,26-100,0,1896.0
2451,ssi,Accounting & Finance,"1,72,2",0,1,1,2020-02-05,1,1,1,2,15,100,1.0,1.0,1.0,0,0,1-25,0,1896.0
2452,ssi,Accounting & Finance,2,0,1,1,2020-02-05,1,0,1,1,0,100,1.0,1.0,1.0,0,0,1-25,0,1896.0
2453,ssi,Accounting & Finance,2,0,1,1,2020-02-05,1,0,1,1,0,100,1.0,1.0,1.0,0,0,1-25,0,1896.0
2454,ssi,Accounting & Finance,2,0,1,1,2020-02-05,1,0,1,1,0,100,1.0,1.0,1.0,0,0,1-25,0,1896.0
2455,AT&T,Accounting & Finance,2,0,1,0,2020-02-05,1,0,1,1,0,100,1.0,1.0,1.0,0,0,26-100,0,1896.0
2456,ssi,Accounting & Finance,2,0,1,1,2020-02-05,1,0,1,1,0,100,1.0,1.0,1.0,0,0,1-25,0,1896.0
2457,ssi,Accounting & Finance,2,0,1,1,2020-02-05,1,0,1,1,0,100,1.0,1.0,1.0,0,0,1-25,0,1896.0
2458,ssi,Accounting & Finance,2,0,1,1,2020-02-05,1,0,1,1,0,100,1.0,1.0,1.0,0,0,1-25,0,1896.0
2459,ssi,Accounting & Finance,2,0,1,1,2020-02-05,1,0,1,1,0,100,1.0,1.0,1.0,0,0,1-25,0,1896.0
2460,ssi,Accounting & Finance,2,0,1,1,2020-02-05,1,0,1,1,0,100,1.0,1.0,1.0,0,0,1-25,0,1896.0
2461,ssi,Accounting & Finance,2,0,1,1,2020-02-05,1,0,1,1,0,100,1.0,1.0,1.0,0,0,1-25,0,1896.0
2462,ssi,Accounting & Finance,2,0,1,0,2020-02-05,1,0,1,1,0,100,1.0,1.0,1.0,0,0,1-25,0,1896.0
2463,ssi,Accounting & Finance,2,0,1,0,2020-02-05,1,0,1,1,0,100,1.0,1.0,1.0,0,0,1-25,0,1896.0
2464,ssi,Accounting & Finance,"1,2,4",0,1,1,2020-02-05,1,1,1,2,3,500,15.0,15.0,1.0,1,0,1-25,0,1896.0
2465,ssi,Accounting & Finance,2,0,1,0,2020-02-05,1,0,1,1,0,100,1.0,1.0,1.0,0,0,1-25,0,1896.0
2466,ssi,Accounting & Finance,2,0,1,0,2020-02-05,1,0,1,1,0,100,1.0,1.0,1.0,0,0,1-25,0,1896.0
2467,ssi,Accounting & Finance,2,0,1,0,2020-02-05,1,0,1,1,0,100,1.0,1.0,1.0,0,0,1-25,0,1896.0
2468,ssi,Accounting & Finance,"1,2,3",0,1,1,2020-02-06,1,1,1,2,5,500,15.0,15.0,1.0,1,0,26-100,0,1895.0
2469,ssi,Accounting & Finance,2,0,1,0,2020-02-06,1,0,1,1,0,100,1.0,1.0,1.0,0,0,26-100,0,1895.0
2470,ssi,Accounting & Finance,2,0,1,0,2020-02-06,1,0,1,1,0,100,1.0,1.0,1.0,0,0,26-100,0,1895.0
2471,ssi,Accounting & Finance,2,0,1,0,2020-02-06,1,0,1,1,0,100,1.0,1.0,1.0,0,0,26-100,0,1895.0
2472,ssi,Accounting & Finance,2,0,1,0,2020-02-06,1,0,1,1,0,100,1.0,1.0,1.0,0,0,26-100,0,1895.0
2473,ssi,Accounting & Finance,"1,2,3",0,1,1,2020-02-06,1,0,1,2,1,100,1.0,1.0,1.0,0,0,1-25,0,1895.0
2474,ssi,Accounting & Finance,2,0,1,0,2020-02-06,1,0,1,1,0,100,1.0,1.0,1.0,0,0,1-25,0,1895.0
2475,fgfg,Accounting & Finance,2,0,1,1,2020-02-06,1,1,1,2,11,500,15.0,15.0,1.0,1,0,1-25,0,1895.0
2476,fgnhfghfg,Accounting & Finance,4,0,1,1,2020-02-06,1,1,1,2,17,500,15.0,15.0,1.0,1,0,26-100,0,1895.0
2477,dgfdfg,Accounting & Finance,2,0,1,1,2020-02-06,1,1,1,2,5,500,15.0,15.0,1.0,1,0,26-100,0,1895.0
2478,gdfdfg,Accounting & Finance,2,0,1,1,2020-02-06,1,1,1,2,5,100,1.0,1.0,1.0,0,0,26-100,0,1895.0
2479,jfgjf,Accounting & Finance,7,0,1,1,2020-02-06,1,1,1,2,9,500,15.0,15.0,1.0,1,0,1-25,0,1895.0
2480,ssi,Accounting & Finance,1,0,1,1,2020-02-06,1,1,1,2,7,100,1.0,1.0,1.0,0,0,26-100,0,1895.0
2481,ssi,Accounting & Finance,"1,3,4",0,1,1,2020-02-06,1,1,1,2,3,500,15.0,15.0,1.0,1,0,26-100,0,1895.0
2482,ssi,Accounting & Finance,1,0,1,1,2020-02-06,1,1,1,2,13,500,15.0,15.0,1.0,1,0,1-25,0,1895.0
2483,ssi,Accounting & Finance,"1,72",0,1,1,2020-02-06,1,1,1,2,2,500,0.0,0.0,1.0,1,0,1-25,0,1895.0
2484,ssi,Accounting & Finance,"1,72,2",0,1,1,2020-02-07,1,0,1,2,1,500,0.0,0.0,1.0,1,0,1-25,0,1894.0
2485,rese,Accounting & Finance,2,0,1,1,2020-02-11,1,0,1,2,1,500,0.0,0.0,1.0,1,0,1-25,0,1890.0
2486,ssi,Accounting & Finance,"1,2,73",0,1,1,2020-02-11,1,1,1,2,2,100,1.0,1.0,1.0,0,0,26-100,0,1890.0
2487,ssi,Accounting & Finance,2,0,1,0,2020-02-11,1,0,1,1,0,100,1.0,1.0,1.0,0,0,26-100,0,1890.0
2488,ssi,Accounting & Finance,2,0,1,0,2020-02-12,1,0,1,1,0,100,1.0,1.0,1.0,0,0,1-25,0,1889.0
2489,ssi,Accounting & Finance,2,0,1,0,2020-02-12,1,0,1,1,0,100,1.0,1.0,1.0,0,0,1-25,0,1889.0
2490,ssi,Accounting & Finance,2,0,1,0,2020-02-12,1,0,1,1,0,100,1.0,1.0,1.0,0,0,1-25,0,1889.0
2491,ssi,Accounting & Finance,2,0,1,0,2020-02-12,1,0,1,1,0,100,1.0,1.0,1.0,0,0,1-25,0,1889.0
2492,ssi,Accounting & Finance,72,0,1,1,2020-02-12,1,0,1,2,1,100,1.0,1.0,1.0,0,0,26-100,0,1889.0
2493,Jobma,Accounting & Finance,"73,74",0,1,1,2020-02-12,1,0,1,2,1,80,0.1,0.1,1.0,1,0,26-100,0,1889.0
2494,Jobma,Accounting & Finance,3,0,1,1,2020-02-12,1,1,1,2,2,100,1.0,1.0,1.0,0,0,1-25,0,1889.0
2495,ssi,Accounting & Finance,72,0,1,1,2020-02-12,1,0,1,2,1,80,0.0,0.0,1.0,1,0,1-25,0,1889.0
2496,ssi,Accounting & Finance,73,0,1,1,2020-02-12,1,1,1,2,3,80,0.1,0.1,1.0,1,0,26-100,0,1889.0
2497,ssi,Accounting & Finance,2,0,1,0,2020-02-12,1,0,1,1,0,100,1.0,1.0,1.0,0,0,26-100,0,1889.0
2498,StartupEco,Accounting & Finance,7,0,1,1,2020-02-12,1,1,1,2,2,100,1.0,1.0,1.0,0,0,26-100,0,1889.0
2499,ssi,Accounting & Finance,"3,4",0,1,1,2020-02-12,1,1,1,2,2,80,15.0,15.0,1.0,1,0,1-25,0,1889.0
2500,Ecohouse,Accounting & Finance,3,0,1,1,2020-02-13,1,1,1,2,2,80,15.0,15.0,1.0,1,0,26-100,0,1888.0
2501,Jobma,Accounting & Finance,"73,74",0,1,1,2020-02-13,1,0,1,2,1,100,1.0,1.0,1.0,0,0,101-500,0,1888.0
2502,ssi,Accounting & Finance,"1,2,73",0,1,1,2020-02-13,1,0,1,2,1,80,15.0,15.0,1.0,1,0,26-100,0,1888.0
2503,ssi,Accounting & Finance,"1,3,4",0,1,1,2020-02-14,1,1,1,2,2,80,15.0,15.0,1.0,1,0,1-25,0,1887.0
2504,ssi,Accounting & Finance,1,0,1,1,2020-02-14,1,0,1,2,1,80,15.0,15.0,1.0,1,0,1-25,0,1887.0
2505,ssi,Accounting & Finance,1,0,1,1,2020-02-14,1,1,1,2,2,80,15.0,15.0,1.0,1,0,1-25,0,1887.0
2506,JOBMA,Accounting & Finance,"4,7",0,1,1,2020-02-14,1,0,1,2,1,80,15.0,15.0,1.0,1,0,101-500,0,1887.0
2507,Jobma,Accounting & Finance,3,0,1,1,2020-02-14,1,0,1,2,1,100,1.0,1.0,1.0,0,0,26-100,0,1887.0
2508,Jobma,Accounting & Finance,"3,4",0,1,1,2020-02-14,1,0,1,2,1,80,15.0,15.0,1.0,1,0,26-100,0,1887.0
2509,ssi,Accounting & Finance,2,0,1,1,2020-02-14,1,1,1,2,2,100,1.0,1.0,1.0,0,0,1-25,0,1887.0
2510,ssi,Accounting & Finance,3,0,1,1,2020-02-14,1,1,1,2,3,100,1.0,1.0,1.0,0,0,1-25,0,1887.0
2511,ssi,Accounting & Finance,72,0,1,1,2020-02-14,1,0,1,2,1,100,1.0,1.0,1.0,0,0,26-100,0,1887.0
2512,fsfsfsf,Accounting & Finance,2,0,1,1,2020-02-14,1,0,1,2,1,100,1.0,1.0,1.0,0,0,1-25,0,1887.0
2513,ssi,Accounting & Finance,4,0,1,1,2020-02-14,1,1,1,2,3,100,1.0,1.0,1.0,0,0,26-100,0,1887.0
2514,ssi,Accounting & Finance,3,0,1,1,2020-02-14,1,1,1,2,2,100,1.0,1.0,1.0,0,0,26-100,0,1887.0
2515,gfhgf,Accounting & Finance,1,0,1,1,2020-02-14,1,1,1,2,3,100,1.0,1.0,1.0,0,0,26-100,0,1887.0
2516,nik,Accounting & Finance,3,0,1,1,2020-02-14,1,1,1,2,3,100,1.0,1.0,1.0,0,0,26-100,0,1887.0
2517,SSI,Accounting & Finance,73,0,1,1,2020-02-17,1,0,1,2,1,80,15.0,15.0,1.0,1,0,101-500,0,1884.0
2518,SSI,Accounting & Finance,2,0,1,1,2020-02-17,1,1,1,2,2,80,16.0,16.0,1.0,1,0,101-500,0,1884.0
2519,SSI,Accounting & Finance,3,0,1,1,2020-02-17,1,0,1,2,1,80,50.0,50.0,1.0,1,0,26-100,0,1884.0
2520,SSI,Accounting & Finance,73,0,1,1,2020-02-17,1,0,1,2,1,100,1.0,1.0,1.0,0,0,500-1000,0,1884.0
2521,JOBMA,Accounting & Finance,"2,74",0,1,1,2020-02-17,1,0,1,2,1,100,1.0,1.0,1.0,0,0,26-100,0,1884.0
2522,DDI,Accounting & Finance,73,0,1,1,2020-02-18,1,0,1,2,1,100,1.0,1.0,1.0,0,0,500-1000,0,1883.0
2523,SSI,Accounting & Finance,2,0,1,1,2020-02-18,1,1,1,2,5,100,1.0,1.0,1.0,0,0,26-100,0,1883.0
2524,ssi,Accounting & Finance,"1,2,73",0,1,1,2020-02-18,1,0,1,2,1,80,15.0,15.0,1.0,1,0,26-100,0,1883.0
2525,ssi,Accounting & Finance,"1,2,73",0,1,1,2020-02-18,1,0,1,2,1,80,16.0,16.0,1.0,1,0,101-500,0,1883.0
2526,ssi,Accounting & Finance,"72,73",0,1,1,2020-02-18,1,0,1,2,1,80,0.1,0.1,1.0,1,0,26-100,0,1883.0
2527,Jobma,Accounting & Finance,"73,74",0,1,1,2020-02-18,1,0,1,2,1,100,1.0,1.0,1.0,0,0,26-100,0,1883.0
2528,ssi,Accounting & Finance,2,0,1,0,2020-02-18,1,0,1,1,0,100,1.0,1.0,1.0,0,0,101-500,0,1883.0
2529,Jobma,Accounting & Finance,"2,74",0,1,1,2020-02-18,1,0,1,2,1,100,1.0,1.0,1.0,0,0,500-1000,0,1883.0
2530,Jobma,Accounting & Finance,"4,7",0,1,1,2020-02-18,1,0,1,2,1,100,1.0,1.0,1.0,0,0,26-100,0,1883.0
2531,Jobma,Accounting & Finance,"3,4",0,1,1,2020-02-18,1,0,1,2,1,100,1.0,1.0,1.0,0,0,101-500,0,1883.0
2532,SSI,Accounting & Finance,"2,73",0,1,1,2020-02-18,1,0,1,2,1,100,1.0,1.0,1.0,0,0,101-500,0,1883.0
2533,SSI,Accounting & Finance,"73,74",0,1,1,2020-02-18,1,0,1,2,1,100,1.0,1.0,1.0,0,0,101-500,0,1883.0
2534,sdf,Accounting & Finance,2,0,1,1,2020-02-18,1,1,1,2,31,80,1.0,1.0,1.0,1,0,1-25,0,1883.0
2535,SSI,Accounting & Finance,2,0,1,1,2020-02-18,1,0,1,2,1,100,1.0,1.0,1.0,0,0,26-100,0,1883.0
2536,SSi,Accounting & Finance,"2,74",0,1,1,2020-02-18,1,0,1,2,1,100,1.0,1.0,1.0,0,0,101-500,0,1883.0
2537,SSI,Accounting & Finance,2,0,1,1,2020-02-19,1,0,1,2,1,100,1.0,1.0,1.0,0,0,26-100,0,1882.0
2538,ssi,Accounting & Finance,"1,72,2",0,1,1,2020-02-19,1,0,1,2,1,80,0.0,0.0,1.0,1,0,26-100,0,1882.0
2539,ssi,Accounting & Finance,2,0,1,1,2020-02-19,1,1,1,2,3,80,1.0,1.0,1.0,1,0,1-25,0,1882.0
2540,Jobma,Accounting & Finance,"2,74",0,1,1,2020-02-19,1,0,1,2,1,100,1.0,1.0,1.0,0,0,101-500,0,1882.0
2541,ssi,Accounting & Finance,3,0,1,1,2020-02-19,1,0,1,2,1,80,1.0,1.0,1.0,1,0,1-25,0,1882.0
2542,ssi,Accounting & Finance,"2,3",0,1,1,2020-02-19,1,1,1,2,2,80,15.0,15.0,1.0,1,0,26-100,0,1882.0
2544,SSI,Accounting & Finance,2,4,1,1,2020-02-19,1,0,1,2,1,100,1.0,1.0,1.0,0,0,1-25,0,1882.0
2546,JazzHr-demio,Accounting & Finance,73,1,1,1,2020-02-19,1,0,1,1,1,100,1.0,1.0,1.0,0,0,1-25,0,1882.0
2549,sdf,Accounting & Finance,2,0,1,0,2020-02-19,1,0,1,1,0,100,1.0,1.0,1.0,0,0,1-25,0,1882.0
2550,adv,Accounting & Finance,2,0,1,1,2020-02-19,1,0,1,2,1,80,16.0,16.0,1.0,1,0,1-25,0,1882.0
2551,ssi,Accounting & Finance,2,0,1,1,2020-02-19,1,1,1,1,2,100,1.0,1.0,1.0,0,0,101-500,0,1882.0
2552,ssi,Accounting & Finance,2,0,1,0,2020-02-20,1,0,1,1,0,100,1.0,1.0,1.0,0,0,101-500,0,1881.0
2553,ssi,Accounting & Finance,73,0,1,1,2020-02-20,1,0,1,2,1,80,16.0,16.0,1.0,1,0,101-500,0,1881.0
2554,ssi,Accounting & Finance,3,0,1,-1,2020-02-20,1,1,1,2,13,80,1.22,1.22,1.0,1,0,26-100,0,1881.0
2556,ssi,Accounting & Finance,2,0,1,1,2020-02-20,1,0,1,1,0,100,1.0,1.0,1.0,0,0,1-25,0,1881.0
2557,ssi,Accounting & Finance,2,0,1,1,2020-02-20,1,0,1,1,0,100,1.0,1.0,1.0,0,0,1-25,0,1881.0
2558,ssi,Accounting & Finance,2,0,1,1,2020-02-21,1,1,1,2,3,100,1.0,1.0,1.0,0,0,26-100,0,1880.0
2559,ssi,Accounting & Finance,7,0,1,1,2020-02-21,1,1,1,2,2,100,1.0,1.0,1.0,0,0,1-25,0,1880.0
2560,AAA,Accounting & Finance,"72,74",0,1,1,2020-02-21,1,0,1,2,1,60,15.0,15.0,1.0,1,0,1-25,0,1880.0
2561,xyz,Accounting & Finance,73,0,1,1,2020-02-22,1,0,1,1,1,60,15.0,15.0,1.0,1,0,1-25,0,1879.0
2562,ghfgh,Accounting & Finance,3,0,1,1,2020-02-24,1,1,1,2,3,60,0.67,0.67,1.0,1,0,26-100,0,1877.0
2563,Eco,Accounting & Finance,"2,73,74",0,1,1,2020-02-24,1,0,1,2,1,60,16.0,16.0,1.0,1,0,26-100,0,1877.0
2564,StartupEco,Accounting & Finance,"72,73,78",0,1,1,2020-02-24,1,0,1,2,1,60,0.1,0.1,1.0,1,0,1-25,0,1877.0
2565,StartupEco,Accounting & Finance,"2,73,74",0,1,1,2020-02-24,1,0,1,2,1,60,0.1,0.1,1.0,1,0,101-500,0,1877.0
2566,cvbcvnbc,Accounting & Finance,4,0,1,1,2020-02-24,1,1,1,2,3,100,1.0,1.0,1.0,0,0,26-100,0,1877.0
2567,hgfghf,Accounting & Finance,2,0,1,1,2020-02-24,1,1,1,1,14,100,1.0,1.0,1.0,0,0,26-100,0,1877.0
2568,ghjghj,Accounting & Finance,4,0,1,1,2020-02-24,1,1,1,2,3,60,15.0,15.0,1.0,1,0,26-100,0,1877.0
2569,sfd,Accounting & Finance,73,0,1,1,2020-02-24,1,1,1,2,5,60,0.67,0.67,1.0,1,0,1-25,0,1877.0
2570,ssi,Accounting & Finance,"2,4,7",0,1,1,2020-02-24,1,1,1,2,2,60,2.0,2.0,1.0,1,0,26-100,0,1877.0
2571,hfgh,Accounting & Finance,74,0,1,1,2020-02-24,1,0,1,2,1,100,1.0,1.0,1.0,0,0,26-100,0,1877.0
2572,ssi,Accounting & Finance,2,0,1,0,2020-02-24,1,0,1,1,0,100,1.0,1.0,1.0,0,0,26-100,0,1877.0
2573,ssi,Accounting & Finance,2,0,1,0,2020-02-24,1,0,1,1,0,100,1.0,1.0,1.0,0,0,26-100,0,1877.0
2574,hfgh,Accounting & Finance,2,0,1,0,2020-02-24,1,0,1,1,0,100,1.0,1.0,1.0,0,0,26-100,0,1877.0
2575,Eco,Accounting & Finance,73,0,1,1,2020-02-24,1,0,1,2,1,60,15.0,15.0,1.0,1,0,26-100,0,1877.0
2576,Eco,Accounting & Finance,2,0,1,1,2020-02-24,1,0,1,2,1,60,16.0,16.0,1.0,1,0,26-100,0,1877.0
2577,hfgh,Accounting & Finance,4,0,1,1,2020-02-24,1,1,1,2,4,60,15.0,15.0,1.0,1,0,101-500,0,1877.0
2578,hfgh,Accounting & Finance,4,0,1,1,2020-02-24,1,1,1,2,4,100,1.0,1.0,1.0,0,0,26-100,0,1877.0
2579,Jobma,Accounting & Finance,73,0,1,-1,2020-02-24,1,0,1,2,1,100,1.0,1.0,1.0,0,0,26-100,0,1877.0
2580,Jobma,Accounting & Finance,73,0,1,1,2020-02-24,1,0,1,2,1,100,1.0,1.0,1.0,0,0,26-100,0,1877.0
2581,dfg,Accounting & Finance,2,0,1,1,2020-02-24,1,1,1,2,2,60,0.67,0.67,1.0,1,0,26-100,0,1877.0
2582,Jobma,Accounting & Finance,"73,74",0,1,1,2020-02-24,1,0,1,2,1,100,1.0,1.0,1.0,0,0,26-100,0,1877.0
2583,hfgh,Accounting & Finance,7,0,1,1,2020-02-24,1,1,1,2,4,60,15.0,15.0,1.0,1,0,1-25,0,1877.0
2584,Eco,Accounting & Finance,73,0,1,1,2020-02-24,1,0,1,2,1,60,16.0,16.0,1.0,1,0,26-100,0,1877.0
2585,hfgh,Accounting & Finance,3,0,1,1,2020-02-24,1,0,1,2,1,100,1.0,1.0,1.0,0,0,1-25,0,1877.0
2586,hfgh,Accounting & Finance,3,0,1,1,2020-02-24,1,1,1,2,3,100,1.0,1.0,1.0,0,0,26-100,0,1877.0
2587,ssi,Accounting & Finance,1,0,1,0,2020-02-24,1,1,1,2,2,100,1.0,1.0,1.0,0,0,26-100,0,1877.0
2588,fghfg,Accounting & Finance,73,0,1,1,2020-02-24,1,0,1,2,1,100,1.0,1.0,1.0,0,0,26-100,0,1877.0
2589,thfg,Accounting & Finance,4,0,1,1,2020-02-25,1,1,1,2,3,60,15.0,15.0,1.0,1,0,26-100,0,1876.0
2590,scdf,Accounting & Finance,3,0,1,1,2020-02-25,1,1,1,2,3,100,1.0,1.0,1.0,0,0,26-100,0,1876.0
2591,Gymo,Accounting & Finance,4,0,1,1,2020-02-25,1,1,1,2,3,60,15.0,15.0,1.0,1,0,101-500,0,1876.0
2592,ssi,Accounting & Finance,2,0,1,1,2020-02-25,1,0,1,1,0,100,1.0,1.0,1.0,0,0,1-25,0,1876.0
2593,ssi,Accounting & Finance,2,0,1,1,2020-02-25,1,0,1,1,0,100,1.0,1.0,1.0,0,0,1-25,0,1876.0
2594,Gymo,Accounting & Finance,2,0,1,0,2020-02-25,1,0,1,1,0,100,1.0,1.0,1.0,0,0,101-500,0,1876.0
2595,ssi,Accounting & Finance,"1,72,2",0,1,1,2020-02-25,1,1,1,2,2,60,15.0,15.0,1.0,1,0,26-100,0,1876.0
2596,ssi,Accounting & Finance,2,0,1,0,2020-02-25,1,0,1,1,0,100,1.0,1.0,1.0,0,0,26-100,0,1876.0
2597,ssi,Accounting & Finance,2,0,1,0,2020-02-25,1,0,1,1,0,100,1.0,1.0,1.0,0,0,26-100,0,1876.0
2598,hgfghf,Accounting & Finance,2,0,1,0,2020-02-25,1,0,1,1,0,100,1.0,1.0,1.0,0,0,26-100,0,1876.0
2599,456,Accounting & Finance,72,0,1,1,2020-02-25,1,1,1,2,2,100,1.0,1.0,1.0,0,0,26-100,0,1876.0
2600,456,Accounting & Finance,2,0,1,0,2020-02-25,1,0,1,1,0,100,1.0,1.0,1.0,0,0,26-100,0,1876.0
2601,ghf,Accounting & Finance,4,0,1,1,2020-02-25,1,1,1,2,2,60,15.0,15.0,1.0,1,0,1-25,0,1876.0
2602,vfdv,Accounting & Finance,3,0,1,1,2020-02-25,1,1,1,2,2,60,15.0,15.0,1.0,1,0,101-500,0,1876.0
2603,hjbjhb,Accounting & Finance,4,0,1,1,2020-02-25,1,1,1,2,4,60,15.0,15.0,1.0,1,0,26-100,0,1876.0
2604,StartupEco,Accounting & Finance,3,0,1,1,2020-02-25,1,1,1,2,3,100,1.0,1.0,1.0,0,0,26-100,0,1876.0
2605,ssi,Accounting & Finance,72,0,1,1,2020-02-25,1,0,1,2,1,100,1.0,1.0,1.0,0,0,26-100,0,1876.0
2606,ssi,Accounting & Finance,2,0,1,-1,2020-02-25,1,0,1,1,0,100,1.0,1.0,1.0,0,0,26-100,0,1876.0
2607,ssi,Accounting & Finance,2,0,1,-1,2020-02-26,1,0,1,1,0,100,1.0,1.0,1.0,0,0,26-100,0,1875.0
2608,StartupEco,Accounting & Finance,7,0,1,1,2020-02-26,1,1,1,2,2,60,15.0,15.0,1.0,1,0,101-500,0,1875.0
2609,Jobma,Accounting & Finance,"2,74",0,1,1,2020-02-26,1,0,1,2,1,100,1.0,1.0,1.0,0,0,101-500,0,1875.0
2610,Jobma,Accounting & Finance,2,0,1,-1,2020-02-26,1,0,1,1,0,100,1.0,1.0,1.0,0,0,26-100,0,1875.0
2611,StartupEco,Accounting & Finance,3,0,1,1,2020-02-26,1,1,1,2,4,60,15.0,15.0,1.0,1,0,101-500,0,1875.0
2612,hfgh,Accounting & Finance,2,0,1,0,2020-02-26,1,0,1,1,0,100,1.0,1.0,1.0,0,0,26-100,0,1875.0
2613,StartupEco,Accounting & Finance,2,0,1,0,2020-02-26,1,0,1,1,0,100,1.0,1.0,1.0,0,0,101-500,0,1875.0
2614,vfdv,Accounting & Finance,2,0,1,0,2020-02-26,1,0,1,1,0,100,1.0,1.0,1.0,0,0,101-500,0,1875.0
2615,hjbjhb,Accounting & Finance,2,0,1,1,2020-02-26,1,0,1,1,0,100,1.0,1.0,1.0,0,0,26-100,0,1875.0
2616,StartupEco,Accounting & Finance,4,0,1,1,2020-02-26,1,1,1,2,2,100,1.0,1.0,1.0,0,0,1-25,0,1875.0
2617,Ecohouse,Accounting & Finance,7,0,1,1,2020-02-26,1,1,1,2,102,100,1.0,1.0,1.0,0,0,500-1000,0,1875.0
2618,Ecohouse,Accounting & Finance,2,0,1,0,2020-02-26,1,0,1,1,0,100,1.0,1.0,1.0,0,0,500-1000,0,1875.0
2619,Shiv,Accounting & Finance,2,0,1,1,2020-02-26,1,0,1,2,1,60,15.0,15.0,1.0,1,0,101-500,0,1875.0
2620,ZOO,Accounting & Finance,3,0,1,1,2020-02-26,1,1,1,2,2,100,1.0,1.0,1.0,0,0,1-25,0,1875.0
2621,Jobma,Accounting & Finance,"2,73",0,1,1,2020-02-26,1,0,1,2,1,100,1.0,1.0,1.0,0,0,101-500,0,1875.0
2622,test,Accounting & Finance,2,0,1,1,2020-02-26,1,0,1,2,1,60,1.0,1.0,1.0,1,0,1-25,0,1875.0
2623,vcfcv,Accounting & Finance,3,0,1,1,2020-02-26,1,0,1,2,1,60,15.0,15.0,1.0,1,0,1-25,0,1875.0
2624,Sa,Accounting & Finance,2,0,1,1,2020-02-26,1,1,1,2,123,60,15.0,15.0,1.0,1,0,26-100,0,1875.0
2625,Jobma,Accounting & Finance,"2,74",0,1,1,2020-02-27,1,0,1,2,1,100,1.0,1.0,1.0,0,0,26-100,0,1874.0
2626,Jobma,Accounting & Finance,2,0,1,0,2020-02-27,1,0,1,1,0,100,1.0,1.0,1.0,0,0,26-100,0,1874.0
2627,324,Accounting & Finance,72,0,1,1,2020-02-28,1,0,1,2,1,60,1.0,1.0,1.0,1,0,26-100,0,1873.0
2628,ssi,Accounting & Finance,2,0,1,0,2020-02-28,1,0,1,1,0,100,1.0,1.0,1.0,0,0,26-100,0,1873.0
2629,Info Edge India Ltd,Accounting & Finance,"23,36",3,1,1,2020-02-28,1,0,1,2,1,60,1.0,1.0,1.0,1,0,101-500,0,1873.0
2630,dfg,Accounting & Finance,3,0,1,1,2020-02-28,1,0,1,2,1,100,1.0,1.0,1.0,0,0,101-500,0,1873.0
2631,dsadad,Accounting & Finance,4,0,1,1,2020-02-28,1,0,1,2,1,100,1.0,1.0,1.0,0,0,26-100,0,1873.0
2632,Jobma,Accounting & Finance,"4,7",0,1,1,2020-03-01,1,1,1,2,13,100,1.0,1.0,1.0,0,0,500-1000,0,1871.0
2633,Jobma,Accounting & Finance,2,0,1,1,2020-03-01,1,0,1,2,1,100,1.0,1.0,1.0,0,0,1-25,0,1871.0
2634,xxx,Accounting & Finance,2,0,1,1,2020-03-02,1,0,1,2,1,60,15.0,15.0,1.0,1,0,1-25,0,1870.0
2635,ssi,Accounting & Finance,"72,2",0,1,1,2020-03-02,1,0,1,2,1,100,1.0,1.0,1.0,0,0,26-100,0,1870.0
2636,Jobma,Accounting & Finance,"3,7",0,1,1,2020-03-02,1,0,1,2,1,100,1.0,1.0,1.0,0,0,500-1000,0,1870.0
2637,xxx,Accounting & Finance,2,0,1,0,2020-03-02,1,0,1,1,0,100,1.0,1.0,1.0,0,0,1-25,0,1870.0
2638,ssi,Accounting & Finance,72,0,1,1,2020-03-02,1,0,1,2,1,100,1.0,1.0,1.0,0,0,26-100,0,1870.0
2639,ssi,Accounting & Finance,2,0,1,0,2020-03-02,1,0,1,1,0,100,1.0,1.0,1.0,0,0,26-100,0,1870.0
2640,Jobma,Accounting & Finance,2,0,1,1,2020-03-03,1,0,1,2,1,60,15.0,15.0,1.0,1,0,101-500,0,1869.0
2641,Jobma,Accounting & Finance,72,0,1,1,2020-03-03,1,0,1,2,1,60,16.0,16.0,1.0,1,0,26-100,0,1869.0
2642,Jobma,Accounting & Finance,73,0,1,1,2020-03-03,1,1,1,2,12,100,1.0,1.0,1.0,0,0,26-100,0,1869.0
2643,Jobma,Accounting & Finance,2,0,1,1,2020-03-03,1,0,1,2,1,60,1.0,1.0,1.0,1,0,26-100,0,1869.0
2644,ssi,Accounting & Finance,"1,72",0,1,1,2020-03-03,1,0,1,2,1,100,1.0,1.0,1.0,0,0,26-100,0,1869.0
2645,ssi,Accounting & Finance,72,0,1,1,2020-03-04,1,1,1,2,2,60,0.5,0.5,1.0,1,0,26-100,0,1868.0
2646,ssi,Accounting & Finance,72,0,1,1,2020-03-04,1,0,1,2,999,10000,0.1,0.1,1.0,1,0,26-100,0,1868.0
2647,Abcd,Accounting & Finance,"72,73,3",0,1,1,2020-03-04,1,1,1,2,3,100,1.0,1.0,1.0,0,0,26-100,0,1868.0
2648,ssi,Accounting & Finance,"72,73,74",0,1,1,2020-03-04,1,0,1,2,1,60,0.1,0.1,1.0,1,0,26-100,0,1868.0
2649,ssi,Accounting & Finance,2,0,1,1,2020-03-04,1,0,1,2,1,60,0.86,0.86,1.0,1,0,101-500,0,1868.0
2650,Abcd,Accounting & Finance,2,0,1,0,2020-03-04,1,0,1,1,0,100,1.0,1.0,1.0,0,0,26-100,0,1868.0
2651,Abcd,Accounting & Finance,2,0,1,0,2020-03-04,1,0,1,1,0,100,1.0,1.0,1.0,0,0,26-100,0,1868.0
2652,Abcd,Accounting & Finance,2,0,1,0,2020-03-04,1,0,1,1,0,100,1.0,1.0,1.0,0,0,26-100,0,1868.0
2653,ssi,Accounting & Finance,2,0,1,0,2020-03-04,1,0,1,1,0,100,1.0,1.0,1.0,0,0,26-100,0,1868.0
2654,qwerty,Accounting & Finance,2,0,1,1,2020-03-04,1,1,1,2,2,100,1.0,1.0,1.0,0,0,1-25,0,1868.0
2655,qwerty,Accounting & Finance,2,0,1,0,2020-03-04,1,0,1,1,0,100,1.0,1.0,1.0,0,0,1-25,0,1868.0
2656,qwerty,Accounting & Finance,2,0,1,0,2020-03-04,1,0,1,1,0,100,1.0,1.0,1.0,0,0,1-25,0,1868.0
2657,qwerty,Accounting & Finance,4,0,1,1,2020-03-04,1,1,1,2,2,100,1.0,1.0,1.0,0,0,101-500,0,1868.0
2658,qwerty,Accounting & Finance,3,0,1,1,2020-03-04,1,1,1,2,2,100,1.0,1.0,1.0,0,0,26-100,0,1868.0
2659,qwerty,Accounting & Finance,4,0,1,1,2020-03-04,1,1,1,2,3,100,1.0,1.0,1.0,0,0,101-500,0,1868.0
2660,qwerty,Accounting & Finance,2,0,1,0,2020-03-04,1,0,1,1,0,100,1.0,1.0,1.0,0,0,101-500,0,1868.0
2661,Gs,Accounting & Finance,4,0,1,1,2020-03-04,1,1,1,2,3,100,1.0,1.0,1.0,0,0,26-100,0,1868.0
2662,Gs,Accounting & Finance,2,0,1,0,2020-03-04,1,0,1,1,0,100,1.0,1.0,1.0,0,0,26-100,0,1868.0
2663,ssss,Accounting & Finance,4,0,1,1,2020-03-04,1,1,1,2,3,100,1.0,1.0,1.0,0,0,26-100,0,1868.0
2664,ssss,Accounting & Finance,73,0,1,1,2020-03-04,1,0,1,2,1,100,1.0,1.0,1.0,0,0,26-100,0,1868.0
2665,ssss,Accounting & Finance,2,0,1,1,2020-03-04,1,0,1,2,1,100,1.0,1.0,1.0,0,0,1-25,0,1868.0
2666,ssss,Accounting & Finance,2,0,1,1,2020-03-04,1,0,1,2,1,100,1.0,1.0,1.0,0,0,1-25,0,1868.0
2667,www,Accounting & Finance,2,0,1,1,2020-03-04,1,1,1,2,3,100,1.0,1.0,1.0,0,0,101-500,0,1868.0
2668,ssi,Accounting & Finance,"1,72,2",0,1,1,2020-03-04,1,0,1,2,1,60,0.0,0.0,1.0,1,0,26-100,0,1868.0
2669,ssi,Accounting & Finance,"1,2,73",0,1,1,2020-03-04,1,0,1,2,1,60,0.0,0.0,1.0,1,0,26-100,0,1868.0
2670,ssi,Accounting & Finance,2,0,1,1,2020-03-04,1,0,1,2,1,60,0.0,0.0,1.0,1,0,26-100,0,1868.0
2671,ssi,Accounting & Finance,2,0,1,1,2020-03-04,1,0,1,2,1,60,0.0,0.0,1.0,1,0,26-100,0,1868.0
2672,Jobma,Accounting & Finance,2,0,1,1,2020-03-04,1,0,1,2,1,60,1.0,1.0,1.0,1,0,26-100,0,1868.0
2674,ssi,Accounting & Finance,3,0,1,1,2020-03-04,1,0,1,2,1,60,1.0,1.0,1.0,1,0,26-100,0,1868.0
2675,ssi,Accounting & Finance,"1,2,73",0,1,1,2020-03-04,1,0,1,2,1,100,1.0,1.0,1.0,0,0,26-100,0,1868.0
2677,Jobma,Accounting & Finance,72,0,1,1,2020-03-04,1,0,1,2,1,60,1.0,1.0,1.0,1,0,26-100,0,1868.0
2678,JObma,Accounting & Finance,2,0,1,1,2020-03-04,1,0,1,2,1,60,1.0,1.0,1.0,1,0,26-100,0,1868.0
2679,ssi,Accounting & Finance,3,0,1,1,2020-03-04,1,0,1,2,1,100,1.0,1.0,1.0,0,0,26-100,0,1868.0
2680,ssi,Accounting & Finance,3,0,1,1,2020-03-04,1,0,1,2,1,60,1.0,1.0,1.0,1,0,1-25,0,1868.0
2681,ssi,Accounting & Finance,2,0,1,1,2020-03-04,1,1,1,2,2,100,1.0,2.0,1.0,0,0,26-100,0,1868.0
2682,ssi,Accounting & Finance,72,0,1,1,2020-03-04,1,0,1,2,1,100,1.0,1.0,1.0,0,0,26-100,0,1868.0
2683,Jobma,Accounting & Finance,72,0,1,1,2020-03-04,1,0,1,2,1,60,1.0,1.0,1.0,1,0,26-100,0,1868.0
2684,Jobma,Accounting & Finance,2,0,1,0,2020-03-04,1,0,1,1,0,100,1.0,1.0,1.0,0,0,1-25,0,1868.0
2685,asdfg,Accounting & Finance,73,0,1,1,2020-03-04,1,0,1,2,1,60,1.0,1.0,1.0,1,0,101-500,0,1868.0
2686,ssi,Accounting & Finance,3,0,1,1,2020-03-04,1,1,1,2,3,60,1.0,1.0,1.0,1,0,26-100,0,1868.0
2687,ssi,Accounting & Finance,4,0,1,1,2020-03-04,1,1,1,2,3,60,1.0,1.0,1.0,1,0,1-25,0,1868.0
2688,ssss,Accounting & Finance,72,0,1,1,2020-03-05,1,0,1,2,1,60,1.0,1.0,1.0,1,0,1-25,0,1867.0
2689,ssss,Accounting & Finance,2,0,1,0,2020-03-05,1,0,1,1,0,100,1.0,1.0,1.0,0,0,1-25,0,1867.0
2692,Will Ent,Accounting & Finance,72,0,1,1,2020-03-09,1,0,1,2,1,60,1.0,1.0,1.0,1,0,26-100,0,1863.0
2693,ssi,Accounting & Finance,"72,2,73",0,1,1,2020-03-11,1,0,1,2,1,60,1.0,1.0,1.0,1,0,101-500,0,1861.0
2694,Jobma,Accounting & Finance,"72,2",0,1,1,2020-03-11,1,0,1,2,1,60,1.0,1.0,1.0,1,0,1-25,0,1861.0
2697,ssi,Accounting & Finance,"1,72,2",0,1,1,2020-03-12,1,0,1,2,1,60,1.0,1.0,1.0,1,0,1-25,0,1860.0
2698,ssi,Accounting & Finance,2,0,1,0,2020-03-12,1,0,1,1,0,100,1.0,1.0,1.0,0,0,1-25,0,1860.0
2700,ssi,Accounting & Finance,2,0,1,1,2020-03-13,1,1,1,2,2,60,1.0,1.0,1.0,1,0,1-25,0,1859.0
2701,ssi,Accounting & Finance,2,0,1,1,2020-03-13,1,1,1,2,2,60,1.0,1.0,1.0,1,0,1-25,0,1859.0
2702,ssi,Accounting & Finance,3,0,1,1,2020-03-13,1,1,1,2,2,100,1.0,1.0,1.0,0,0,26-100,0,1859.0
2703,ssi,Accounting & Finance,2,0,1,0,2020-03-14,1,0,1,1,0,100,1.0,1.0,1.0,0,0,26-100,0,1858.0
2704,ssi,Accounting & Finance,2,0,1,0,2020-03-14,1,0,1,1,0,100,1.0,1.0,1.0,0,0,26-100,0,1858.0
2705,Jobma,Accounting & Finance,72,0,1,1,2020-03-14,1,0,1,2,1,100,1.0,1.0,1.0,0,0,26-100,0,1858.0
2706,Jobma,Accounting & Finance,"3,4",0,1,1,2020-03-16,1,0,1,2,1,100,1.0,1.0,1.0,0,0,26-100,0,1856.0
2707,Jobma,Accounting & Finance,3,0,1,1,2020-03-16,1,1,1,2,2,100,1.0,1.0,1.0,0,0,26-100,0,1856.0
2708,New Jazz HR,Accounting & Finance,2,0,1,1,2020-03-16,1,1,1,2,2,100,1.0,1.0,1.0,0,0,101-500,0,1856.0
2709,zzz,Accounting & Finance,7,0,1,1,2020-03-16,1,0,1,2,1,100,1.0,1.0,1.0,0,0,26-100,0,1856.0
2710,New Jazz HR,Accounting & Finance,2,0,1,1,2020-03-16,1,0,1,2,1,100,1.0,1.0,1.0,0,0,26-100,0,1856.0
2711,Jobma,Accounting & Finance,"3,7",0,1,1,2020-03-16,1,0,1,2,1,100,1.0,1.0,1.0,0,0,26-100,0,1856.0
2712,New Jazz HR,Accounting & Finance,3,0,1,1,2020-03-16,1,1,1,2,1,100,1.0,1.0,1.0,0,0,1-25,0,1856.0
2713,jobma,Accounting & Finance,2,0,1,1,2020-03-16,1,1,1,2,2,100,1.0,1.0,1.0,0,0,1-25,0,1856.0
2714,Jobma,Accounting & Finance,"4,7",0,1,1,2020-03-16,1,1,1,2,1,100,1.0,1.0,1.0,0,0,101-500,0,1856.0
2715,Jobma,Accounting & Finance,3,0,1,1,2020-03-16,1,0,1,2,1,100,1.0,1.0,1.0,0,0,26-100,0,1856.0
2716,jobma,Accounting & Finance,2,0,1,0,2020-03-16,1,0,1,1,0,100,1.0,1.0,1.0,0,0,1-25,0,1856.0
2717,cv,Accounting & Finance,"73,85",0,1,1,2020-03-16,1,0,1,2,1,100,1.0,1.0,1.0,0,0,101-500,0,1856.0
2718,ssi,Accounting & Finance,2,0,1,1,2020-03-16,1,1,1,2,1,60,1.0,1.0,1.0,1,0,1-25,0,1856.0
2719,ssi,Accounting & Finance,2,0,1,0,2020-03-16,1,0,1,1,0,100,1.0,1.0,1.0,0,0,1-25,0,1856.0
2722,ssi,Accounting & Finance,1,0,1,1,2020-03-16,1,0,1,2,1,60,1.0,1.0,1.0,1,0,26-100,0,1856.0
2723,ssi,Accounting & Finance,"72,2",0,1,1,2020-03-16,1,0,1,2,1,60,1.0,1.0,1.0,1,0,26-100,0,1856.0
2724,Test,Accounting & Finance,2,0,1,1,2020-03-17,1,0,1,2,1,100,1.0,1.0,1.0,0,0,1-25,0,1855.0
2725,Test,Accounting & Finance,2,0,1,0,2020-03-17,1,0,1,1,0,100,1.0,1.0,1.0,0,0,1-25,0,1855.0
2726,Test,Accounting & Finance,3,0,1,1,2020-03-17,1,0,1,2,1,100,1.0,1.0,1.0,0,0,1-25,0,1855.0
2727,Jobma,Accounting & Finance,2,0,1,1,2020-03-17,1,0,1,2,1,100,1.0,1.0,1.0,0,0,26-100,0,1855.0
2728,Jobma,Accounting & Finance,4,0,1,1,2020-03-17,1,1,1,2,5,100,1.0,1.0,1.0,0,0,26-100,0,1855.0
2729,Jobma,Accounting & Finance,2,0,1,0,2020-03-17,1,0,1,1,0,100,1.0,1.0,1.0,0,0,26-100,0,1855.0
2730,Jobma,Accounting & Finance,2,0,1,0,2020-03-17,1,0,1,1,0,100,1.0,1.0,1.0,0,0,26-100,0,1855.0
2731,Jobma,Accounting & Finance,2,0,1,0,2020-03-17,1,0,1,1,0,100,1.0,1.0,1.0,0,0,26-100,0,1855.0
2732,Jobma,Accounting & Finance,2,0,1,0,2020-03-17,1,0,1,1,0,100,1.0,1.0,1.0,0,0,26-100,0,1855.0
2733,Test,Accounting & Finance,3,0,1,1,2020-03-17,1,1,1,2,1000,60,1.0,1.0,1.0,1,0,26-100,0,1855.0
2734,Test,Accounting & Finance,2,0,1,0,2020-03-17,1,0,1,1,0,100,1.0,1.0,1.0,0,0,26-100,0,1855.0
2735,Jazz,Accounting & Finance,3,0,1,1,2020-03-17,1,1,1,2,4,60,1.0,1.0,1.0,1,0,101-500,0,1855.0
2736,Jazz,Accounting & Finance,2,0,1,0,2020-03-17,1,0,1,1,0,100,1.0,1.0,1.0,0,0,101-500,0,1855.0
2737,Jazz,Accounting & Finance,2,0,1,0,2020-03-17,1,0,1,1,0,100,1.0,1.0,1.0,0,0,101-500,0,1855.0
2738,Jazz,Accounting & Finance,2,0,1,0,2020-03-17,1,0,1,1,0,100,1.0,1.0,1.0,0,0,101-500,0,1855.0
2739,Jazz,Accounting & Finance,2,0,1,0,2020-03-17,1,0,1,1,0,100,1.0,1.0,1.0,0,0,101-500,0,1855.0
2740,Jazz,Accounting & Finance,2,0,1,0,2020-03-17,1,0,1,1,0,100,1.0,1.0,1.0,0,0,101-500,0,1855.0
2741,SOFTUNIK SOLUTIONS,Accounting & Finance,23,0,1,1,2020-03-17,1,1,1,2,1,100,1.0,1.0,1.0,0,0,1-25,0,1855.0
2742,sdf,Accounting & Finance,4,0,1,1,2020-03-17,1,0,1,2,1,100,1.0,1.0,1.0,0,0,1-25,0,1855.0
2743,ssi,Accounting & Finance,3,0,1,1,2020-03-17,1,0,1,2,1,100,1.0,1.0,1.0,0,0,26-100,0,1855.0
2744,sdf,Accounting & Finance,3,0,1,1,2020-03-17,1,0,1,2,1,100,1.0,1.0,1.0,0,0,26-100,0,1855.0
2745,New Jazz HR,Accounting & Finance,3,0,1,1,2020-03-17,1,0,1,2,1,100,1.0,1.0,1.0,0,0,1-25,0,1855.0
2746,Ecosystem,Accounting & Finance,24,0,1,1,2020-03-17,1,0,1,2,1,60,1.0,1.0,1.0,1,0,26-100,0,1855.0
2747,ssi,Accounting & Finance,2,0,1,1,2020-03-18,1,1,1,2,1,100,1.0,1.0,1.0,0,0,1-25,0,1854.0
2748,ssi,Accounting & Finance,2,0,1,0,2020-03-18,1,0,1,1,0,100,1.0,1.0,1.0,0,0,1-25,0,1854.0
2749,sdf,Accounting & Finance,3,0,1,1,2020-03-18,1,1,1,2,0,100,1.0,1.0,1.0,0,0,101-500,0,1854.0
2750,Eco,Accounting & Finance,3,0,1,1,2020-03-18,1,1,1,2,1,100,1.0,1.0,1.0,0,0,101-500,0,1854.0
2751,Ecoworld,Accounting & Finance,4,0,1,1,2020-03-18,1,1,1,2,2,60,1.0,1.0,1.0,1,0,26-100,0,1854.0
2752,Ecoworld,Accounting & Finance,2,0,1,0,2020-03-18,1,0,1,1,0,100,1.0,1.0,1.0,0,0,26-100,0,1854.0
2753,Ecoworld,Accounting & Finance,2,0,1,0,2020-03-18,1,0,1,1,0,100,1.0,1.0,1.0,0,0,26-100,0,1854.0
2754,fd,Accounting & Finance,3,0,1,1,2020-03-18,1,1,1,2,0,60,1.0,1.0,1.0,1,0,1-25,0,1854.0
2755,hggh,Accounting & Finance,7,0,1,1,2020-03-18,1,1,1,2,1,100,1.0,1.0,1.0,0,0,26-100,0,1854.0
2756,dgf,Accounting & Finance,3,0,1,1,2020-03-18,1,1,1,2,4,60,1.0,1.0,1.0,1,0,26-100,0,1854.0
2757,Ecoworld,Accounting & Finance,7,0,1,1,2020-03-18,1,1,1,2,0,60,1.0,1.0,1.0,1,0,500-1000,0,1854.0
2758,Jobma,Accounting & Finance,3,0,1,1,2020-03-18,1,1,1,2,0,60,1.0,1.0,1.0,1,0,26-100,0,1854.0
2759,Ecoworld,Accounting & Finance,2,0,1,1,2020-03-18,1,1,1,2,2,60,1.0,1.0,1.0,1,0,26-100,0,1854.0
2760,AB,Accounting & Finance,85,0,1,1,2020-03-18,1,0,1,2,1,60,1.0,1.0,1.0,1,0,26-100,0,1854.0
2761,Eco,Accounting & Finance,73,0,1,1,2020-03-18,1,0,1,2,1,60,1.0,1.0,1.0,1,0,101-500,0,1854.0
2762,Jobma,Accounting & Finance,"2,73",0,1,1,2020-03-18,1,0,1,2,1,60,1.0,1.0,1.0,1,0,101-500,0,1854.0
2763,EcoTech,Accounting & Finance,2,0,1,1,2020-03-18,1,0,1,2,1,60,1.0,1.0,1.0,1,0,1-25,0,1854.0
2764,TechEco,Accounting & Finance,82,0,1,1,2020-03-19,1,0,1,2,1,60,1.0,1.0,1.0,1,0,101-500,0,1853.0
2765,KSI,Accounting & Finance,85,0,1,1,2020-03-19,1,0,1,2,1,60,1.0,1.0,1.0,1,0,26-100,0,1853.0
2766,TechEco,Accounting & Finance,73,0,1,1,2020-03-19,1,1,1,2,4,60,1.0,1.0,1.0,1,0,26-100,0,1853.0
2767,HSS,Accounting & Finance,81,0,1,1,2020-03-19,1,0,1,2,1,60,1.0,1.0,1.0,1,0,26-100,0,1853.0
2768,TechEco,Accounting & Finance,2,0,1,0,2020-03-19,1,0,1,1,0,100,1.0,1.0,1.0,0,0,26-100,0,1853.0
2769,TechEco,Accounting & Finance,2,0,1,0,2020-03-19,1,0,1,1,0,100,1.0,1.0,1.0,0,0,26-100,0,1853.0
2770,HSS,Accounting & Finance,72,0,1,1,2020-03-19,1,0,1,2,1,60,1.0,1.0,1.0,1,0,26-100,0,1853.0
2771,TSS,Accounting & Finance,74,0,1,1,2020-03-19,1,1,1,2,5,60,1.0,1.0,1.0,1,0,1-25,0,1853.0
2772,HSS,Accounting & Finance,83,0,1,1,2020-03-19,1,0,1,2,1,60,1.0,1.0,1.0,1,0,26-100,0,1853.0
2773,TechEco,Accounting & Finance,2,0,1,1,2020-03-19,1,0,1,2,1,100,1.0,1.0,1.0,0,0,26-100,0,1853.0
2774,HSS,Accounting & Finance,73,0,1,1,2020-03-19,1,0,1,2,1,60,1.0,1.0,1.0,1,0,1-25,0,1853.0
2775,TechEco,Accounting & Finance,2,0,1,0,2020-03-19,1,0,1,1,0,100,1.0,1.0,1.0,0,0,26-100,0,1853.0
2776,TechEco,Accounting & Finance,2,0,1,0,2020-03-19,1,0,1,1,0,100,1.0,1.0,1.0,0,0,26-100,0,1853.0
2777,TSS,Accounting & Finance,2,0,1,0,2020-03-19,1,0,1,1,0,100,1.0,1.0,1.0,0,0,1-25,0,1853.0
2778,TSS,Accounting & Finance,2,0,1,0,2020-03-19,1,0,1,1,0,100,1.0,1.0,1.0,0,0,1-25,0,1853.0
2779,TSS,Accounting & Finance,2,0,1,0,2020-03-19,1,0,1,1,0,100,1.0,1.0,1.0,0,0,1-25,0,1853.0
2780,TSS,Accounting & Finance,2,0,1,0,2020-03-19,1,0,1,1,0,100,1.0,1.0,1.0,0,0,1-25,0,1853.0
2781,TechEco,Accounting & Finance,73,0,1,1,2020-03-19,1,1,1,2,3,100,1.0,1.0,1.0,0,0,101-500,0,1853.0
2782,TechEco,Accounting & Finance,2,0,1,0,2020-03-19,1,0,1,1,0,100,1.0,1.0,1.0,0,0,101-500,0,1853.0
2783,HSS,Accounting & Finance,73,0,1,1,2020-03-19,1,1,1,2,2,100,1.0,1.0,1.0,0,0,26-100,0,1853.0
2784,TechEco,Accounting & Finance,3,0,1,1,2020-03-19,1,1,1,2,1,60,1.0,1.0,1.0,1,0,26-100,0,1853.0
2785,HSS,Accounting & Finance,2,0,1,0,2020-03-19,1,0,1,1,0,100,1.0,1.0,1.0,0,0,26-100,0,1853.0
2786,TechEco,Accounting & Finance,4,0,1,1,2020-03-19,1,1,1,2,0,60,1.0,1.0,1.0,1,0,26-100,0,1853.0
2787,HSS,Accounting & Finance,2,0,1,0,2020-03-19,1,0,1,1,0,100,1.0,1.0,1.0,0,0,26-100,0,1853.0
2788,HSS,Accounting & Finance,72,0,1,1,2020-03-19,1,1,1,2,2,100,1.0,1.0,1.0,0,0,1-25,0,1853.0
2789,HSS,Accounting & Finance,2,0,1,0,2020-03-19,1,0,1,1,0,100,1.0,1.0,1.0,0,0,1-25,0,1853.0
2790,HSS,Accounting & Finance,80,0,1,1,2020-03-19,1,0,1,2,1,100,1.0,1.0,1.0,0,0,26-100,0,1853.0
2791,ssi,Accounting & Finance,"2,73",0,1,1,2020-03-19,1,0,1,2,1,60,1.0,1.0,1.0,1,0,26-100,0,1853.0
2792,HSS,Accounting & Finance,27,0,1,1,2020-03-19,1,1,1,2,3,100,1.0,1.0,1.0,0,0,26-100,0,1853.0
2793,HSS,Accounting & Finance,2,0,1,0,2020-03-19,1,0,1,1,0,100,1.0,1.0,1.0,0,0,26-100,0,1853.0
2794,HSS,Accounting & Finance,2,0,1,0,2020-03-19,1,0,1,1,0,100,1.0,1.0,1.0,0,0,26-100,0,1853.0
2795,HSS,Accounting & Finance,2,0,1,0,2020-03-19,1,0,1,1,0,100,1.0,1.0,1.0,0,0,26-100,0,1853.0
2796,HSS,Accounting & Finance,3,0,1,1,2020-03-19,1,1,1,2,1,60,1.0,1.0,1.0,1,0,26-100,0,1853.0
2797,HSS,Accounting & Finance,2,0,1,0,2020-03-19,1,0,1,1,0,100,1.0,1.0,1.0,0,0,26-100,0,1853.0
2798,HSS,Accounting & Finance,3,0,1,1,2020-03-19,1,1,1,2,0,60,1.0,1.0,1.0,1,0,500-1000,0,1853.0
2801,ssi,Accounting & Finance,2,0,1,0,2020-03-19,1,0,1,1,0,100,1.0,1.0,1.0,0,0,1-25,0,1853.0
2802,ssi,Accounting & Finance,"4,8,95",0,2,1,2020-03-20,1,1,1,2,15,100,4.0,1.0,1.0,0,0,1-25,0,1852.0
2803,ssi,Accounting & Finance,2,0,2,0,2020-03-20,1,0,1,1,0,100,1.0,1.0,1.0,0,0,1-25,0,1852.0
2804,Eco,Accounting & Finance,74,0,1,1,2020-03-20,1,0,1,2,1,60,1.0,1.0,1.0,1,0,26-100,0,1852.0
2805,Eco,Accounting & Finance,2,0,1,1,2020-03-20,1,0,1,2,1,100,1.0,1.0,1.0,0,0,101-500,0,1852.0
2806,NewTech,Accounting & Finance,2,0,1,1,2020-03-20,1,0,1,2,1,60,1.0,1.0,1.0,1,0,26-100,0,1852.0
2807,JSSI,Accounting & Finance,3,0,1,1,2020-03-23,1,1,1,2,0,60,1.0,1.0,1.0,1,0,500-1000,0,1849.0
2808,SSI INDIA,Accounting & Finance,3,0,1,1,2020-03-23,1,1,1,2,1,60,1.0,1.0,1.0,1,0,26-100,0,1849.0
2809,Jobma,Accounting & Finance,2,0,1,1,2020-03-23,1,0,1,2,1,60,1.0,1.0,1.0,1,0,26-100,0,1849.0
2810,Jobma,Accounting & Finance,3,0,1,1,2020-03-23,1,1,1,2,1,60,1.0,1.0,1.0,1,0,26-100,0,1849.0
2811,Jobma,Accounting & Finance,4,0,1,1,2020-03-23,1,1,1,2,1,60,1.0,1.0,1.0,1,0,101-500,0,1849.0
2812,Jobma,Accounting & Finance,4,0,1,1,2020-03-23,1,1,1,2,1,60,1.0,1.0,1.0,1,0,101-500,0,1849.0
2813,TechiWorld,Accounting & Finance,7,0,1,1,2020-03-23,1,1,1,2,1,100,1.0,1.0,1.0,0,0,101-500,0,1849.0
2814,TechiWorld,Accounting & Finance,4,0,1,1,2020-03-23,1,1,1,2,0,60,1.0,1.0,1.0,1,0,26-100,0,1849.0
2815,TechiWorld,Accounting & Finance,4,0,1,1,2020-03-23,1,1,1,2,1,60,1.0,1.0,1.0,1,0,26-100,0,1849.0
2816,TechiWorld,Accounting & Finance,2,0,1,1,2020-03-23,1,0,1,2,1,60,1.0,1.0,1.0,1,0,26-100,0,1849.0
2817,TechiWorld,Accounting & Finance,73,0,1,1,2020-03-23,1,0,1,2,1,100,1.0,1.0,1.0,0,0,26-100,0,1849.0
2818,ssi,Accounting & Finance,3,0,1,1,2020-03-23,1,1,1,2,0,100,1.0,1.0,1.0,0,0,500-1000,0,1849.0
2819,ssi,Accounting & Finance,"2,3,7",0,1,1,2020-03-23,1,1,1,2,0,60,1.0,1.0,1.0,1,0,1-25,0,1849.0
2820,Techoo,Accounting & Finance,73,0,1,1,2020-03-23,1,1,1,2,3,60,1.0,1.0,1.0,1,0,500-1000,0,1849.0
2821,Techoo,Accounting & Finance,2,0,1,0,2020-03-23,1,0,1,1,0,100,1.0,1.0,1.0,0,0,500-1000,0,1849.0
2822,Techoo,Accounting & Finance,2,0,1,0,2020-03-23,1,0,1,1,0,100,1.0,1.0,1.0,0,0,500-1000,0,1849.0
2823,Techoo,Accounting & Finance,2,0,1,0,2020-03-23,1,0,1,1,0,100,1.0,1.0,1.0,0,0,500-1000,0,1849.0
2824,xxx,Accounting & Finance,2,0,1,1,2020-03-23,1,0,1,2,1,100,1.0,1.0,1.0,0,0,26-100,0,1849.0
2825,Techo,Accounting & Finance,73,0,1,1,2020-03-24,1,0,1,2,1,60,1.0,1.0,1.0,1,0,26-100,0,1848.0
2826,ssi,Accounting & Finance,"2,4",0,1,1,2020-03-24,1,1,1,2,0,60,1.0,1.0,1.0,1,0,26-100,0,1848.0
2827,ssi,Accounting & Finance,2,0,1,1,2020-03-24,1,1,1,2,0,60,1.0,1.0,1.0,1,0,26-100,0,1848.0
2828,SoftTech,Accounting & Finance,2,0,1,1,2020-03-25,1,1,1,2,101,60,2.0,2.0,1.0,1,0,500-1000,0,1847.0
2829,ssi,Accounting & Finance,"1,2",0,1,1,2020-03-25,1,1,1,2,1,60,1.0,1.0,1.0,1,0,26-100,0,1847.0
2830,SoftTech,Accounting & Finance,2,0,1,0,2020-03-25,1,0,1,1,0,100,1.0,1.0,1.0,0,0,500-1000,0,1847.0
2831,ssi,Accounting & Finance,2,0,1,1,2020-03-25,1,1,1,2,1,60,1.0,1.0,1.0,1,0,26-100,0,1847.0
2832,Techie,Accounting & Finance,73,0,1,1,2020-03-25,1,0,1,2,1,60,1.0,1.0,1.0,1,0,26-100,0,1847.0
2833,Aspire,Accounting & Finance,73,0,1,1,2020-03-25,1,1,1,2,2,60,1.0,1.0,1.0,1,0,500-1000,0,1847.0
2834,ssi,Accounting & Finance,2,0,1,1,2020-03-25,1,1,1,2,1,60,1.0,1.0,1.0,1,0,26-100,0,1847.0
2835,ssi,Accounting & Finance,3,0,1,1,2020-03-25,1,1,1,2,1,100,1.0,1.0,1.0,0,0,1-25,0,1847.0
2836,Aspire,Accounting & Finance,73,0,1,1,2020-03-25,1,0,1,2,1,100,1.0,1.0,1.0,0,0,26-100,0,1847.0
2837,ssi,Accounting & Finance,2,0,1,0,2020-03-25,1,0,1,1,0,100,1.0,1.0,1.0,0,0,1-25,0,1847.0
2838,sdfds,Accounting & Finance,2,0,1,1,2020-03-25,1,1,1,2,0,100,1.0,1.0,1.0,0,0,26-100,0,1847.0
2839,ssi,Accounting & Finance,3,0,1,1,2020-03-25,1,1,1,2,2,60,1.0,1.0,1.0,1,0,26-100,0,1847.0
2840,Aspire,Accounting & Finance,73,0,1,1,2020-03-25,1,1,1,2,3,100,3.0,3.0,1.0,0,0,1-25,0,1847.0
2841,ssi,Accounting & Finance,3,0,1,1,2020-03-25,1,1,1,2,2,100,1.0,1.0,1.0,0,0,26-100,0,1847.0
2842,ssi,Accounting & Finance,2,0,1,1,2020-03-25,1,1,1,2,2,100,1.0,1.0,1.0,0,0,101-500,0,1847.0
2843,Aspire,Accounting & Finance,2,0,1,0,2020-03-25,1,0,1,1,0,100,1.0,1.0,1.0,0,0,1-25,0,1847.0
2844,Aspire,Accounting & Finance,2,0,1,0,2020-03-25,1,0,1,1,0,100,1.0,1.0,1.0,0,0,1-25,0,1847.0
2845,ssi,Accounting & Finance,72,0,1,1,2020-03-25,1,1,1,2,5,60,1.0,1.0,1.0,1,0,26-100,0,1847.0
2846,ssi,Accounting & Finance,"2,3,4",0,1,1,2020-03-25,1,1,1,2,0,60,1.0,1.0,1.0,1,0,26-100,0,1847.0
2847,ssi,Accounting & Finance,72,0,1,1,2020-03-25,1,1,1,2,2,100,1.0,1.0,1.0,1,0,26-100,0,1847.0
2848,ssi,Accounting & Finance,2,0,1,1,2020-03-25,1,1,1,2,0,60,1.0,1.0,1.0,1,0,26-100,0,1847.0
2849,reset,Accounting & Finance,3,0,1,1,2020-03-26,1,1,1,2,1,60,1.0,1.0,1.0,1,0,1-25,0,1846.0
2850,ssi,Accounting & Finance,7,0,1,1,2020-03-26,1,1,1,2,1,100,1.0,1.0,1.0,0,0,26-100,0,1846.0
2851,Jobma,Accounting & Finance,3,0,1,1,2020-03-26,1,1,1,2,5,60,1.0,1.0,1.0,1,0,26-100,0,1846.0
2852,ssi,Accounting & Finance,3,0,1,1,2020-03-26,1,1,1,2,3,60,1.0,1.0,1.0,1,0,26-100,0,1846.0
2853,jobma,Accounting & Finance,2,0,1,1,2020-03-26,1,1,1,2,3,60,1.0,1.0,1.0,1,0,26-100,0,1846.0
2854,ssi,Accounting & Finance,7,0,1,1,2020-03-26,1,1,1,2,0,60,1.0,1.0,1.0,0,0,26-100,0,1846.0
2855,ssi,Accounting & Finance,"72,2,73",0,1,1,2020-03-26,1,0,1,2,1,60,1.0,1.0,1.0,1,0,26-100,0,1846.0
2856,SSI,Accounting & Finance,3,0,1,1,2020-03-26,1,1,1,2,0,60,1.0,1.0,1.0,1,0,101-500,0,1846.0
2857,ssi,Accounting & Finance,"72,2",0,1,1,2020-03-26,1,0,1,2,1,60,1.0,1.0,1.0,1,0,26-100,0,1846.0
2858,jobma,Accounting & Finance,2,0,1,1,2020-03-26,1,0,1,2,1,60,1.0,1.0,1.0,1,0,1-25,0,1846.0
2859,ssi,Accounting & Finance,2,0,1,1,2020-03-26,1,0,1,2,1,60,1.0,1.0,1.0,1,0,101-500,0,1846.0
2860,ssi,Accounting & Finance,7,0,1,1,2020-03-26,1,1,1,2,4,60,1.0,1.0,1.0,1,0,26-100,0,1846.0
2861,ssi,Accounting & Finance,2,0,1,0,2020-03-26,1,0,1,1,0,100,1.0,1.0,1.0,0,0,26-100,0,1846.0
2862,ssi,Accounting & Finance,3,0,1,1,2020-03-26,1,1,1,2,1,100,1.0,1.0,1.0,0,0,26-100,0,1846.0
2863,ssi,Accounting & Finance,3,0,1,1,2020-03-26,1,1,1,2,5,60,1.0,1.0,1.0,1,0,26-100,0,1846.0
2864,ssi,Accounting & Finance,3,0,1,1,2020-03-26,1,1,1,2,1,100,1.0,1.0,1.0,0,0,1-25,0,1846.0
2865,ssi,Accounting & Finance,2,0,1,0,2020-03-26,1,0,1,1,0,100,1.0,1.0,1.0,0,0,1-25,0,1846.0
2866,TechWorld,Accounting & Finance,7,0,1,1,2020-03-27,1,1,1,2,7,100,1.0,1.0,1.0,0,0,26-100,0,1845.0
2867,TechWorld,Accounting & Finance,4,0,1,1,2020-03-27,1,1,1,2,1,60,1.0,1.0,1.0,1,0,101-500,0,1845.0
2868,TechWorld,Accounting & Finance,2,0,1,0,2020-03-27,1,0,1,1,0,100,1.0,1.0,1.0,0,0,101-500,0,1845.0
2870,Techo,Accounting & Finance,7,0,1,1,2020-03-27,1,1,1,2,1,60,2.0,3.0,1.0,1,0,101-500,0,1845.0
2871,Texch,Accounting & Finance,"72,2,73",0,1,1,2020-03-27,1,0,1,2,1,60,1.0,1.0,1.0,1,0,26-100,0,1845.0
2872,Texch,Accounting & Finance,2,0,1,0,2020-03-27,1,0,1,1,0,100,1.0,1.0,1.0,0,0,26-100,0,1845.0
2874,ad services,Accounting & Finance,2,0,2,0,2020-04-01,1,1,1,1,3,100,1.0,1.0,1.0,0,0,26-100,0,1840.0
2875,HiringThing,Accounting & Finance,101,0,1,1,2020-04-02,1,1,1,2,1,100,1.0,1.0,1.0,0,0,500-1000,0,1839.0
2876,ssi,Accounting & Finance,72,0,1,1,2020-04-03,1,0,1,2,1,60,1.0,1.0,1.0,1,0,26-100,0,1838.0
2879,ssi,Accounting & Finance,73,0,1,1,2020-04-06,1,1,1,2,5,60,1.0,1.0,1.0,1,0,101-500,0,1835.0
2880,ssi,Accounting & Finance,2,0,1,0,2020-04-06,1,0,1,1,0,100,1.0,1.0,1.0,0,0,101-500,0,1835.0
2881,ssi,Accounting & Finance,2,0,1,0,2020-04-06,1,0,1,1,0,100,1.0,1.0,1.0,0,0,101-500,0,1835.0
2882,ssi,Accounting & Finance,2,0,1,0,2020-04-10,1,0,1,1,0,100,1.0,1.0,1.0,0,0,26-100,0,1831.0
2883,ssi,Accounting & Finance,72,0,1,1,2020-04-10,1,0,1,2,1,60,1.0,1.0,1.0,1,0,26-100,0,1831.0
2884,XXX company,Accounting & Finance,"2,74,47",0,1,1,2020-04-13,1,1,1,2,5,60,1.0,1.0,1.0,1,0,26-100,0,1828.0
2885,XXX company,Accounting & Finance,2,0,1,0,2020-04-13,1,0,1,1,0,100,1.0,1.0,1.0,0,0,26-100,0,1828.0
2886,XXX company,Accounting & Finance,72,0,1,1,2020-04-13,1,1,1,2,2,100,1.0,1.0,1.0,0,0,26-100,0,1828.0
2889,ssi,Accounting & Finance,2,0,2,0,2020-04-14,1,0,1,1,0,100,1.0,1.0,1.0,0,0,1-25,0,1827.0
2890,xedwe,Accounting & Finance,2,0,1,1,2020-04-15,1,0,1,2,1,100,1.0,1.0,1.0,0,0,26-100,0,1826.0
2891,ssi,Accounting & Finance,2,0,1,0,2020-04-15,1,0,1,1,0,100,1.0,1.0,1.0,0,0,26-100,0,1826.0
2893,ssi,Accounting & Finance,2,0,1,0,2020-04-21,1,0,1,1,0,100,1.0,1.0,1.0,0,0,26-100,0,1820.0
2894,ssi,Accounting & Finance,2,0,2,0,2020-04-22,1,0,1,1,0,100,1.0,1.0,1.0,0,0,1-25,0,1819.0
2895,ad services,Accounting & Finance,2,0,2,0,2020-04-27,1,0,1,1,0,100,1.0,1.0,1.0,0,0,26-100,0,1814.0
2896,ssi,Accounting & Finance,73,0,1,1,2020-04-27,1,0,1,2,1,60,1.0,1.0,1.0,1,0,More than 1000,0,1814.0
2897,MIT,Accounting & Finance,14,0,1,1,2020-04-27,1,1,1,2,1,100,1.0,1.0,1.0,0,0,More than 1000,0,1814.0
2898,Techie,Accounting & Finance,72,0,1,1,2020-04-28,1,0,1,2,1,60,1.0,1.0,1.0,1,0,26-100,0,1813.0
2899,ggg,Accounting & Finance,1,0,1,1,2020-04-29,1,0,1,2,1,60,1.0,1.0,1.0,1,0,1-25,0,1812.0
2900,xxx,Accounting & Finance,2,0,1,1,2020-04-29,1,0,1,2,1,60,1.0,1.0,1.0,1,0,26-100,0,1812.0
2901,xxx,Accounting & Finance,2,0,1,1,2020-04-29,1,0,1,2,1,100,1.0,1.0,1.0,0,0,1-25,0,1812.0
2902,xxx,Accounting & Finance,2,0,1,0,2020-04-29,1,0,1,1,0,100,1.0,1.0,1.0,0,0,1-25,0,1812.0
2903,ssi,Accounting & Finance,73,0,1,1,2020-04-29,1,0,1,2,1,60,1.0,1.0,1.0,1,0,101-500,0,1812.0
2904,xxx,Accounting & Finance,72,0,1,1,2020-04-29,1,0,1,2,1,100,1.0,1.0,1.0,0,0,26-100,0,1812.0
2905,sss,Accounting & Finance,2,0,1,1,2020-04-30,1,0,1,2,1,60,1.0,1.0,1.0,1,0,26-100,0,1811.0
2906,ttt,Accounting & Finance,2,0,1,1,2020-04-30,1,1,1,2,2,100,1.0,1.0,1.0,0,0,26-100,0,1811.0
2907,MIT,Accounting & Finance,2,0,1,0,2020-04-30,1,0,1,1,0,100,1.0,1.0,1.0,0,0,More than 1000,0,1811.0
2908,Techiworld,Accounting & Finance,"72,73,74",0,1,1,2020-05-04,1,0,1,2,1,60,1.0,1.0,1.0,1,0,26-100,0,1807.0
2909,Techiworld,Accounting & Finance,2,0,1,0,2020-05-04,1,0,1,1,0,100,1.0,1.0,1.0,0,0,26-100,0,1807.0
2911,ssi,Accounting & Finance,"2,73,74",0,1,1,2020-05-19,1,0,1,2,1,60,1.0,1.0,1.0,1,0,26-100,0,1792.0
2912,ttest,Accounting & Finance,"1,72,2",0,1,1,2020-05-19,1,1,1,2,2,60,1.0,1.0,1.0,1,0,1-25,0,1792.0
2913,ssi,Accounting & Finance,2,0,1,0,2020-05-19,1,0,1,1,0,100,1.0,1.0,1.0,0,0,1-25,0,1792.0
2914,ttest,Accounting & Finance,2,0,1,0,2020-05-19,1,0,1,1,0,100,1.0,1.0,1.0,0,0,1-25,0,1792.0
2915,ssi,Accounting & Finance,72,0,1,1,2020-05-20,1,0,1,2,1,60,1.0,1.0,1.0,1,0,1-25,0,1791.0
2916,Test,Accounting & Finance,72,0,1,1,2020-05-20,1,0,1,2,1,60,1.0,1.0,1.0,1,0,1-25,0,1791.0
2917,Test,Accounting & Finance,2,0,1,1,2020-05-20,1,0,1,2,1,60,1.0,1.0,1.0,1,0,1-25,0,1791.0
2918,Test,Accounting & Finance,72,0,1,1,2020-05-21,1,0,1,2,1,60,1.0,1.0,1.0,1,0,101-500,0,1790.0
2920,Test,Accounting & Finance,72,0,1,1,2020-05-21,1,0,1,2,1,60,1.0,1.0,1.0,1,0,1-25,0,1790.0
2921,ssi,Accounting & Finance,2,0,1,1,2020-05-21,1,0,1,2,1,60,1.0,1.0,1.0,1,0,26-100,0,1790.0
2922,ssi,Accounting & Finance,2,0,1,0,2020-05-22,1,0,1,1,0,100,1.0,1.0,1.0,0,0,1-25,0,1789.0
2923,ssi,Accounting & Finance,2,0,1,0,2020-05-22,1,0,1,1,0,100,1.0,1.0,1.0,0,0,1-25,0,1789.0
2924,ttest,Accounting & Finance,2,0,1,0,2020-05-22,1,0,1,1,0,100,1.0,1.0,1.0,0,0,1-25,0,1789.0
2925,Jobma,Accounting & Finance,2,0,1,1,2020-05-25,1,0,1,2,1,100,1.0,1.0,1.0,0,0,101-500,0,1786.0
2926,ad services,Accounting & Finance,2,0,2,0,2020-05-25,1,0,1,1,0,100,1.0,1.0,1.0,0,0,26-100,0,1786.0
2927,ssi,Accounting & Finance,"72,73",0,1,1,2020-05-26,1,0,1,2,1,100,1.0,1.0,1.0,0,0,1-25,0,1785.0
2929,ssi,Accounting & Finance,1,0,1,1,2020-05-27,1,0,1,2,1,100,1.0,1.0,1.0,0,0,1-25,0,1784.0
2930,Test,Accounting & Finance,72,0,1,1,2020-05-27,1,0,1,2,1,60,1.0,1.0,1.0,1,0,1-25,0,1784.0
2931,ssi,Accounting & Finance,1,0,1,1,2020-05-28,1,0,1,2,1,60,1.0,1.0,1.0,1,0,26-100,0,1783.0
2932,SSI,Accounting & Finance,2,1,1,1,2020-05-28,1,0,1,2,1,60,1.0,1.0,1.0,1,0,1-25,0,1783.0
2933,TestDemo,Accounting & Finance,"72,2,73",0,1,1,2020-05-29,1,0,1,2,1,100,1.0,1.0,1.0,0,0,1-25,0,1782.0
2934,TestDemo,Accounting & Finance,72,0,1,1,2020-05-29,1,0,1,2,1,60,1.0,1.0,1.0,1,0,1-25,0,1782.0
2935,TestDemo,Accounting & Finance,2,0,1,1,2020-05-29,1,0,1,2,1,60,1.0,1.0,1.0,1,0,26-100,0,1782.0
2936,ssi,Accounting & Finance,73,0,1,1,2020-06-01,1,0,1,2,1,60,1.0,1.0,1.0,1,0,1-25,0,1779.0
2937,Jobma,Accounting & Finance,"61,62,134,135",0,1,1,2020-06-01,1,0,1,2,1,60,1.0,1.0,1.0,1,0,101-500,0,1779.0
2938,ssi,Accounting & Finance,"136,72,137,138,139",0,1,1,2020-06-01,1,0,1,2,1,60,1.0,1.0,1.0,1,0,26-100,0,1779.0
2939,ssi,Accounting & Finance,"146,147,148",0,1,1,2020-06-01,1,0,1,2,1,60,1.0,1.0,1.0,1,0,26-100,0,1779.0
2940,ssi,Accounting & Finance,"140,136,137,149",0,1,1,2020-06-01,1,0,1,2,1,60,1.0,1.0,1.0,1,0,26-100,0,1779.0
2941,ssi,Accounting & Finance,"140,136,137",0,1,1,2020-06-02,1,0,1,2,1,60,1.0,1.0,1.0,1,0,26-100,0,1778.0
2942,Test,Accounting & Finance,1,0,1,1,2020-06-02,1,0,1,2,1,60,1.0,1.0,1.0,1,0,1-25,0,1778.0
2943,ssi,Accounting & Finance,"1,72,74",0,1,1,2020-06-02,1,0,1,2,1,60,1.0,1.0,1.0,1,0,1-25,0,1778.0
2944,Jobma,Accounting & Finance,"124,81,8",0,1,1,2020-06-02,1,0,1,2,1,100,1.0,1.0,1.0,0,0,101-500,0,1778.0
2945,SSI,Accounting & Finance,1,0,1,1,2020-06-02,1,0,1,2,1,60,1.0,1.0,1.0,1,0,26-100,0,1778.0
2946,Jobma,Accounting & Finance,"2,3",0,1,1,2020-06-02,1,1,1,2,0,100,1.0,1.0,1.0,0,0,101-500,0,1778.0
2947,ssi,Accounting & Finance,"1,72,2",0,1,1,2020-06-02,1,0,1,2,1,60,1.0,1.0,1.0,1,0,500-1000,0,1778.0
2948,ssi,Accounting & Finance,2,0,1,1,2020-06-02,1,0,1,2,1,60,1.0,1.0,1.0,1,0,1-25,0,1778.0
2949,ssi,Accounting & Finance,"72,2,73",0,1,1,2020-06-02,1,0,1,2,1,60,1.0,1.0,1.0,1,0,101-500,0,1778.0
2950,Test,Accounting & Finance,3,0,1,1,2020-06-02,1,1,1,2,0,100,1.0,1.0,1.0,0,0,101-500,0,1778.0
2951,Test,Accounting & Finance,3,0,1,1,2020-06-02,1,1,1,2,0,60,1.0,1.0,1.0,1,0,1-25,0,1778.0
2952,ssi,Accounting & Finance,"2,3,4",0,1,1,2020-06-02,1,1,1,2,1,60,1.0,1.0,1.0,1,0,1-25,0,1778.0
2953,ssi,Accounting & Finance,"153,154,155",0,1,1,2020-06-03,1,0,1,2,1,60,1.0,1.0,1.0,1,0,101-500,0,1777.0
2954,ssi,Accounting & Finance,"153,79,83",0,1,1,2020-06-03,1,0,1,2,1,60,1.0,1.0,1.0,1,0,26-100,0,1777.0
2955,ssi,Accounting & Finance,157,0,1,1,2020-06-03,1,0,1,2,1,60,1.0,1.0,1.0,1,0,1-25,0,1777.0
2956,sdds,Accounting & Finance,2,0,1,1,2020-06-04,1,0,1,2,1,60,1.0,1.0,1.0,1,0,101-500,0,1776.0
2957,ssi,Accounting & Finance,1,0,1,1,2020-06-04,1,1,1,2,7,100,1.0,1.0,1.0,0,0,1-25,0,1776.0
2958,ssi,Accounting & Finance,1,0,1,1,2020-06-04,1,0,1,2,1,60,1.0,1.0,1.0,1,0,1-25,0,1776.0
2959,ssi,Accounting & Finance,2,0,1,1,2020-06-04,1,1,1,2,4,60,1.0,1.0,1.0,1,0,26-100,0,1776.0
2960,SSI,Accounting & Finance,"158,159",0,1,1,2020-06-04,1,0,1,2,1,60,1.0,1.0,1.0,1,0,1-25,0,1776.0
2961,SSI,Accounting & Finance,"162,163",0,1,1,2020-06-04,1,0,1,2,1,60,1.0,1.0,1.0,1,0,1-25,0,1776.0
2962,ssi,Accounting & Finance,"qqqq,qqqq1",0,1,1,2020-06-04,1,1,1,2,2,60,1.0,1.0,1.0,1,0,1-25,0,1776.0
2963,ssi,Accounting & Finance,"164,165",0,1,1,2020-06-04,1,1,1,2,1,100,1.0,1.0,1.0,0,0,1-25,0,1776.0
2964,asas,Accounting & Finance,"166,167,168",0,1,1,2020-06-04,1,1,1,2,1,60,1.0,1.0,1.0,1,0,1-25,0,1776.0
2965,asas,Accounting & Finance,2,0,1,0,2020-06-04,1,0,1,1,0,100,1.0,1.0,1.0,0,0,1-25,0,1776.0
2966,ssi,Accounting & Finance,1,0,1,1,2020-06-04,1,1,1,2,1,100,1.0,1.0,1.0,0,0,26-100,0,1776.0
2967,sad,Accounting & Finance,"2,biotechnology,medical staff",0,1,1,2020-06-05,1,1,1,2,0,100,1.0,1.0,1.0,0,0,1-25,0,1775.0
2968,ssi,Accounting & Finance,"2,153,medical duty",0,1,1,2020-06-05,1,1,1,2,0,100,1.0,1.0,1.0,0,0,1-25,0,1775.0
2969,ssi,Accounting & Finance,"3,staff,housekeeping staff",0,1,1,2020-06-05,1,1,1,2,0,100,1.0,1.0,1.0,0,0,26-100,0,1775.0
2970,sds,Accounting & Finance,"7,biotech,retailer",0,1,1,2020-06-05,1,1,1,2,22,60,1.0,1.0,1.0,1,0,101-500,0,1775.0
2971,ssi,Accounting & Finance,169,1,1,1,2020-06-05,1,0,1,2,1,100,1.0,1.0,1.0,0,0,1-25,0,1775.0
2972,ssi,Accounting & Finance,170,1,1,1,2020-06-05,1,0,1,2,1,100,1.0,1.0,1.0,0,0,1-25,0,1775.0
2973,ssi,Accounting & Finance,"171,172,173",1,1,1,2020-06-05,1,0,1,2,1,100,1.0,1.0,1.0,0,0,1-25,0,1775.0
2974,ssi,Accounting & Finance,"171,automation,scientist",0,1,1,2020-06-05,1,1,1,2,2,60,1.0,1.0,1.0,1,0,101-500,0,1775.0
2975,sdf,Accounting & Finance,"2,mnc's,judge",0,1,1,2020-06-05,1,1,1,2,2,100,1.0,1.0,1.0,0,0,26-100,0,1775.0
2976,sdfds,Accounting & Finance,"3,mnc,export",0,1,1,2020-06-05,1,1,1,2,0,60,1.0,1.0,1.0,1,0,26-100,0,1775.0
2977,testaccount,Accounting & Finance,"41,iii,ddd",1,1,1,2020-06-05,1,0,1,2,1,100,1.0,1.0,1.0,0,0,1-25,0,1775.0
2978,ssi,Accounting & Finance,"61,politics,farming",1,1,1,2020-06-08,1,0,1,2,1,100,1.0,1.0,1.0,0,0,1-25,0,1772.0
2979,dfsdf,Accounting & Finance,174,0,1,1,2020-06-08,1,0,1,2,1,60,1.0,1.0,1.0,1,0,26-100,0,1772.0
2980,ssi,Accounting & Finance,"61,175,176",1,1,1,2020-06-08,1,0,1,2,1,100,1.0,1.0,1.0,0,0,1-25,0,1772.0
2981,ZXC,Accounting & Finance,"180,179,1",0,1,1,2020-06-08,1,0,1,2,1,60,1.0,1.0,1.0,1,0,26-100,0,1772.0
2982,Jobma,Accounting & Finance,179,0,1,1,2020-06-08,1,0,1,2,1,60,1.0,1.0,1.0,1,0,1-25,0,1772.0
2983,ssi,Accounting & Finance,"181,182,183",0,1,1,2020-06-08,1,0,1,2,1,60,1.0,1.0,1.0,1,0,1-25,0,1772.0
2984,SSI,Accounting & Finance,"20,184",0,1,1,2020-06-08,1,1,1,2,0,100,1.0,1.0,1.0,0,0,1-25,0,1772.0
2985,JOBMA,Accounting & Finance,"72,3,75",0,1,1,2020-06-09,1,0,1,2,1,60,1.0,1.0,1.0,1,0,1-25,0,1771.0
2986,JOBMA,Accounting & Finance,"72,3,75",0,1,1,2020-06-09,1,0,1,2,1,60,1.0,1.0,1.0,1,0,1-25,0,1771.0
2987,JOBMA,Accounting & Finance,"72,3,75",0,1,1,2020-06-09,1,0,1,2,1,60,1.0,1.0,1.0,1,0,1-25,0,1771.0
2988,JOBMA,Accounting & Finance,"72,3,75",0,1,1,2020-06-09,1,0,1,2,1,60,1.0,1.0,1.0,1,0,1-25,0,1771.0
2989,JOBMA,Accounting & Finance,"72,3,75",0,1,1,2020-06-09,1,0,1,2,1,60,1.0,1.0,1.0,1,0,1-25,0,1771.0
2990,JOBMA,Accounting & Finance,"72,3,75",0,1,1,2020-06-09,1,0,1,2,1,60,1.0,1.0,1.0,1,0,1-25,0,1771.0
2991,ssi,Accounting & Finance,"172,191,192",0,1,1,2020-06-10,1,1,1,2,0,100,1.0,1.0,1.0,0,0,26-100,0,1770.0
2992,DSFDSF,Accounting & Finance,"1,193,194",0,1,1,2020-06-10,1,1,1,2,0,60,1.0,1.0,1.0,1,0,26-100,0,1770.0
2993,sdsa,Accounting & Finance,"67,195,196",0,1,1,2020-06-10,1,1,1,2,0,100,1.0,1.0,1.0,0,0,26-100,0,1770.0
2994,tets trail account,Accounting & Finance,"74,197",1,1,1,2020-06-10,1,0,1,2,1,100,1.0,1.0,1.0,0,0,1-25,0,1770.0
2997,sads,Accounting & Finance,73,0,1,1,2020-06-10,1,0,1,2,1,60,1.0,1.0,1.0,1,0,26-100,0,1770.0
2998,JOBMA,Accounting & Finance,2,0,1,1,2020-06-10,1,0,1,2,1,60,1.0,1.0,1.0,1,0,101-500,0,1770.0
2999,SSI,Accounting & Finance,"61,198",0,1,1,2020-06-10,1,0,1,2,1,60,1.0,1.0,1.0,1,0,1-25,0,1770.0
3000,Jobma,Accounting & Finance,2,0,1,1,2020-06-11,1,0,1,2,1,60,1.0,1.0,1.0,1,0,101-500,0,1769.0
3001,JOBMA,Accounting & Finance,"72,3,75",0,1,1,2020-06-11,1,0,1,2,1,60,1.0,1.0,1.0,1,0,1-25,0,1769.0
3002,JOBMA,Accounting & Finance,"72,3,75",0,1,1,2020-06-11,1,0,1,2,1,60,1.0,1.0,1.0,1,0,1-25,0,1769.0
3003,ssi,Accounting & Finance,"199,200,201",0,1,1,2020-06-12,1,0,1,2,1,60,1.0,1.0,1.0,1,0,26-100,0,1768.0
3004,dsd,Accounting & Finance,"202,203,204",0,1,1,2020-06-12,1,0,1,2,1,60,1.0,1.0,1.0,1,0,26-100,0,1768.0
3005,ssi,Accounting & Finance,"124,205,206",0,1,1,2020-06-12,1,1,1,2,0,100,1.0,1.0,1.0,0,0,26-100,0,1768.0
3006,ssi,Accounting & Finance,"121,189,200",1,1,1,2020-06-12,1,0,1,2,1,100,1.0,1.0,1.0,0,0,1-25,0,1768.0
3007,ssi,Accounting & Finance,"189,190,207",0,1,1,2020-06-12,1,1,1,2,0,100,1.0,1.0,1.0,0,0,1-25,0,1768.0
3009,xvxc,Accounting & Finance,"189,174,208",0,1,1,2020-06-12,1,1,1,2,0,100,1.0,1.0,1.0,0,0,1-25,0,1768.0
3010,ssi,Accounting & Finance,"186,189,209",0,1,1,2020-06-12,1,1,1,2,0,100,1.0,1.0,1.0,0,0,1-25,0,1768.0
3011,ssi,Accounting & Finance,1,0,1,1,2020-06-13,1,0,1,2,1,60,1.0,1.0,1.0,1,0,1-25,0,1767.0
3012,Test,Accounting & Finance,2,0,1,1,2020-06-13,1,0,1,2,1,60,1.0,1.0,1.0,1,0,1-25,0,1767.0
3013,Jobma,Accounting & Finance,2,0,1,1,2020-06-13,1,1,1,2,3,60,1.0,1.0,1.0,1,0,500-1000,0,1767.0
3014,SSI,Accounting & Finance,3,0,1,1,2020-06-13,1,1,1,2,0,100,1.0,1.0,1.0,0,0,26-100,0,1767.0
3015,SSI,Accounting & Finance,4,0,1,1,2020-06-13,1,1,1,2,0,60,1.0,1.0,1.0,1,0,101-500,0,1767.0
3016,Test,Accounting & Finance,2,0,1,1,2020-06-13,1,1,1,2,0,100,1.0,1.0,1.0,0,0,1-25,0,1767.0
3017,Test,Accounting & Finance,1,0,1,1,2020-06-13,1,1,1,2,0,60,1.0,1.0,1.0,1,0,26-100,0,1767.0
3018,ssi,Accounting & Finance,"1,2,3",0,1,1,2020-06-13,1,1,1,2,0,60,1.0,1.0,1.0,1,0,1-25,0,1767.0
3019,Test,Accounting & Finance,2,0,1,0,2020-06-13,1,0,1,1,0,100,1.0,1.0,1.0,0,0,1-25,0,1767.0
3020,JOBMA,Accounting & Finance,"72,3,75",0,1,1,2020-06-14,1,0,1,2,1,60,1.0,1.0,1.0,1,0,1-25,0,1766.0
3021,JOBMA,Accounting & Finance,"72,3,75",0,1,1,2020-06-14,1,0,1,2,1,60,1.0,1.0,1.0,1,0,1-25,0,1766.0
3022,ssi,Accounting & Finance,"41,62,210",1,1,1,2020-06-15,1,0,1,2,1,100,1.0,1.0,1.0,0,0,1-25,0,1765.0
3023,ssi,Accounting & Finance,"185,211",0,1,0,2020-06-16,1,0,1,2,1,60,1.0,1.0,1.0,1,0,101-500,0,1764.0
3024,JOBMA,Accounting & Finance,"72,3,75",0,1,1,2020-06-17,1,0,1,2,1,60,1.0,1.0,1.0,1,0,1-25,0,1763.0
3025,JOBMA,Accounting & Finance,"72,3,75",0,1,1,2020-06-17,1,0,1,2,1,60,1.0,1.0,1.0,1,0,1-25,0,1763.0
3026,JOBMA,Accounting & Finance,"72,3,75",0,1,1,2020-06-17,1,0,1,2,1,60,1.0,1.0,1.0,1,0,1-25,0,1763.0
3027,JOBMA,Accounting & Finance,"72,3,75",0,1,1,2020-06-17,1,0,1,2,1,60,1.0,1.0,1.0,1,0,1-25,0,1763.0
3029,test,Accounting & Finance,73,0,1,1,2020-06-17,1,0,1,2,1,60,1.0,1.0,1.0,1,0,1-25,0,1763.0
3030,JOBMA,Accounting & Finance,2,0,1,0,2020-06-17,1,0,1,1,0,100,1.0,1.0,1.0,0,0,1-25,0,1763.0
3031,JOBMA,Accounting & Finance,"72,3,75",0,1,1,2020-06-18,1,0,1,2,1,60,1.0,1.0,1.0,1,0,1-25,0,1762.0
3032,JOBMA,Accounting & Finance,"72,3,75",0,1,1,2020-06-18,1,0,1,2,1,60,1.0,1.0,1.0,1,0,1-25,0,1762.0
3033,Jobma,Accounting & Finance,212,0,1,1,2020-06-19,1,0,1,2,1,60,1.0,1.0,1.0,1,0,1-25,0,1761.0
3034,ssi,Accounting & Finance,"72,2,73",0,1,1,2020-06-22,1,0,1,2,1,60,1.0,1.0,1.0,1,0,101-500,0,1758.0
3035,df,Accounting & Finance,3,0,1,1,2020-06-22,1,1,1,2,2,100,1.0,1.0,1.0,0,0,26-100,0,1758.0
3036,ssi,Accounting & Finance,3,0,1,1,2020-06-22,1,1,1,2,3,100,1.0,1.0,1.0,0,0,26-100,0,1758.0
3037,ssi,Accounting & Finance,3,0,1,0,2020-06-22,1,1,1,2,10,100,1.0,1.0,1.0,0,0,26-100,0,1758.0
3038,ssi,Accounting & Finance,2,0,1,0,2020-06-22,1,0,1,1,0,100,1.0,1.0,1.0,0,0,26-100,0,1758.0
3039,Jobma,Accounting & Finance,2,0,1,1,2020-06-23,1,1,1,2,999,100,1.0,1.0,1.0,0,0,101-500,0,1757.0
3040,Jobma,Accounting & Finance,3,0,1,1,2020-06-23,1,1,1,2,0,100,1.0,1.0,1.0,0,0,101-500,0,1757.0
3041,ssi,Accounting & Finance,"92,213,214",0,1,1,2020-06-23,1,0,1,2,1,60,1.0,1.0,1.0,1,0,1-25,0,1757.0
3043,ssi,Accounting & Finance,"73,74",1,1,1,2020-06-24,1,1,1,2,4,100,1.0,1.0,1.0,0,0,1-25,0,1756.0
3044,ssi,Accounting & Finance,2,0,1,0,2020-06-24,1,0,1,1,0,100,1.0,1.0,1.0,0,0,1-25,0,1756.0
3045,ssi,Accounting & Finance,2,0,1,0,2020-06-24,1,0,1,1,0,100,1.0,1.0,1.0,0,0,1-25,0,1756.0
3046,ssi,Accounting & Finance,"74,3,4",1,1,1,2020-06-24,1,0,1,2,1,100,1.0,1.0,1.0,0,0,1-25,0,1756.0
3047,ssi,Accounting & Finance,"1,2,74",1,1,1,2020-06-24,1,0,1,2,1,100,1.0,1.0,1.0,0,0,1-25,0,1756.0
3048,ssi,Accounting & Finance,2,0,1,0,2020-06-24,1,0,1,1,0,100,1.0,1.0,1.0,0,0,1-25,0,1756.0
3049,ssi,Accounting & Finance,73,1,1,1,2020-06-24,1,0,1,2,1,100,1.0,1.0,1.0,0,0,1-25,0,1756.0
3050,ssi,Accounting & Finance,74,1,1,1,2020-06-24,1,0,1,2,1,60,1.0,1.0,1.0,1,0,1-25,0,1756.0
3051,ssi,Accounting & Finance,2,0,1,0,2020-06-24,1,0,1,1,0,100,1.0,1.0,1.0,0,0,1-25,0,1756.0
3052,fwer,Accounting & Finance,3,1,1,1,2020-06-24,1,0,1,2,1,100,1.0,1.0,1.0,0,0,1-25,0,1756.0
3053,Test,Accounting & Finance,72,0,1,1,2020-06-24,1,0,1,2,1,100,1.0,1.0,1.0,0,0,26-100,0,1756.0
3054,ssi,Accounting & Finance,"2,4,7",0,1,1,2020-06-25,1,1,1,2,0,60,1.0,1.0,1.0,1,0,101-500,0,1755.0
3055,ssi,Accounting & Finance,"2,3,7",0,1,1,2020-06-25,1,1,1,2,2,60,1.0,1.0,1.0,1,0,500-1000,0,1755.0
3056,ssi,Accounting & Finance,3,0,1,1,2020-06-25,1,1,1,2,0,100,1.0,1.0,1.0,0,0,26-100,0,1755.0
3057,ssi,Accounting & Finance,3,0,1,1,2020-06-25,1,1,1,2,1,60,1.0,1.0,1.0,1,0,101-500,0,1755.0
3058,ssi,Accounting & Finance,3,0,1,1,2020-06-25,1,1,1,2,0,60,1.0,1.0,1.0,1,0,26-100,0,1755.0
3059,ssi,Accounting & Finance,1,0,1,1,2020-06-25,1,0,1,2,1,100,1.0,1.0,1.0,0,0,26-100,0,1755.0
3060,ssi,Accounting & Finance,2,0,1,1,2020-06-25,1,0,1,2,1,60,1.0,1.0,1.0,1,0,26-100,0,1755.0
3061,ssi,Accounting & Finance,2,0,1,0,2020-06-25,1,0,1,1,0,100,1.0,1.0,1.0,0,0,26-100,0,1755.0
3062,ssi,Accounting & Finance,"72,2,74",1,1,1,2020-06-25,1,0,1,2,1,100,1.0,1.0,1.0,0,0,1-25,0,1755.0
3063,ssi,Accounting & Finance,2,0,1,0,2020-06-25,1,0,1,1,0,100,1.0,1.0,1.0,0,0,1-25,0,1755.0
3064,ssi,Accounting & Finance,4,0,1,1,2020-06-25,1,1,1,2,3,100,1.0,1.0,1.0,0,0,101-500,0,1755.0
3065,ssi,Accounting & Finance,4,0,1,1,2020-06-25,1,1,1,2,3,100,1.0,1.0,1.0,0,0,500-1000,0,1755.0
3066,ssi,Accounting & Finance,3,0,1,1,2020-06-25,1,1,1,2,2,100,1.0,1.0,1.0,0,0,500-1000,0,1755.0
3067,ssi,Accounting & Finance,3,0,1,1,2020-06-25,1,1,1,2,3,60,1.0,1.0,1.0,1,0,500-1000,0,1755.0
3068,ssi,Accounting & Finance,2,0,1,1,2020-06-25,1,1,1,2,0,100,1.0,1.0,1.0,0,0,1-25,0,1755.0
3069,sdf,Accounting & Finance,4,0,1,1,2020-06-25,1,1,1,2,3,60,1.0,1.0,1.0,1,0,101-500,0,1755.0
3070,ssi,Accounting & Finance,4,0,1,1,2020-06-25,1,1,1,2,3,60,1.0,1.0,1.0,1,0,26-100,0,1755.0
3071,ssi,Accounting & Finance,4,0,1,1,2020-06-25,1,1,1,2,1,100,1.0,1.0,1.0,0,0,26-100,0,1755.0
3072,ssi,Accounting & Finance,4,0,1,1,2020-06-25,1,1,1,2,1,100,1.0,1.0,1.0,0,0,26-100,0,1755.0
3073,ssi,Accounting & Finance,3,0,1,1,2020-06-25,1,1,1,2,1,60,1.0,1.0,1.0,1,0,101-500,0,1755.0
3074,Test,Accounting & Finance,72,0,1,1,2020-06-25,1,0,1,2,1,60,1.0,1.0,1.0,1,0,101-500,0,1755.0
3075,ssi,Accounting & Finance,"2,3,7",0,1,1,2020-06-25,1,1,1,2,1,100,1.0,1.0,1.0,0,0,101-500,0,1755.0
3076,ssi,Accounting & Finance,3,0,1,1,2020-06-26,1,1,1,2,1,100,1.0,1.0,1.0,0,0,26-100,0,1754.0
3077,ssi,Accounting & Finance,2,0,1,0,2020-06-26,1,0,1,1,0,100,1.0,1.0,1.0,0,0,101-500,0,1754.0
3078,ssi,Accounting & Finance,1,0,1,1,2020-06-26,1,0,1,2,1,60,1.0,1.0,1.0,1,0,26-100,0,1754.0
3079,assi,Accounting & Finance,3,0,1,1,2020-06-26,1,1,1,2,0,100,1.0,1.0,1.0,0,0,1-25,0,1754.0
3081,ssi,Accounting & Finance,3,0,1,1,2020-06-26,1,1,1,2,3,60,1.0,1.0,1.0,1,0,1-25,0,1754.0
3082,jobma,Accounting & Finance,2,1,1,1,2020-06-26,1,0,1,2,1,100,1.0,1.0,1.0,0,0,1-25,0,1754.0
3084,ssi,Accounting & Finance,73,1,1,1,2020-06-26,1,0,1,2,1,100,1.0,1.0,1.0,0,0,1-25,0,1754.0
3085,ssi,Accounting & Finance,2,0,1,0,2020-06-26,1,0,1,1,0,100,1.0,1.0,1.0,0,0,26-100,0,1754.0
3087,ssi,Accounting & Finance,2,1,1,1,2020-06-26,1,0,1,2,1,100,1.0,1.0,1.0,0,0,1-25,0,1754.0
3088,ssi,Accounting & Finance,3,1,1,1,2020-06-26,1,0,1,2,1,100,1.0,1.0,1.0,0,0,1-25,0,1754.0
3089,dsfsd,Accounting & Finance,2,0,1,1,2020-06-26,1,1,1,2,3,60,1.0,1.0,1.0,1,0,1-25,0,1754.0
3090,dsfsd,Accounting & Finance,2,0,1,0,2020-06-26,1,0,1,1,0,100,1.0,1.0,1.0,0,0,1-25,0,1754.0
3091,ssi,Accounting & Finance,4,0,1,1,2020-06-26,1,1,1,2,13,100,1.0,1.0,1.0,0,0,101-500,0,1754.0
3092,New Jazz HR,Accounting & Finance,3,1,1,1,2020-06-26,1,0,1,2,1,100,1.0,1.0,1.0,0,0,1-25,0,1754.0
3093,Jobma,Accounting & Finance,3,0,1,1,2020-06-26,1,1,1,2,2,100,1.0,1.0,1.0,0,0,101-500,0,1754.0
3094,Jobma,Accounting & Finance,2,0,1,0,2020-06-26,1,0,1,1,0,100,1.0,1.0,1.0,0,0,101-500,0,1754.0
3095,Jobma,Accounting & Finance,2,0,1,0,2020-06-26,1,0,1,1,0,100,1.0,1.0,1.0,0,0,101-500,0,1754.0
3096,Jobma,Accounting & Finance,2,0,1,0,2020-06-26,1,0,1,1,0,100,1.0,1.0,1.0,0,0,101-500,0,1754.0
3098,Jobma,Accounting & Finance,2,0,1,1,2020-06-26,1,0,1,2,1,100,1.0,1.0,1.0,0,0,101-500,0,1754.0
3099,Jobma,Accounting & Finance,2,0,1,0,2020-06-26,1,0,1,1,0,100,1.0,1.0,1.0,0,0,101-500,0,1754.0
3100,ssi,Accounting & Finance,3,0,1,1,2020-06-26,1,1,1,2,4,60,1.0,1.0,1.0,1,0,101-500,0,1754.0
3101,ssi,Accounting & Finance,2,0,1,0,2020-06-26,1,0,1,1,0,100,1.0,1.0,1.0,0,0,101-500,0,1754.0
3102,ssi,Accounting & Finance,3,0,1,1,2020-06-26,1,1,1,2,2,100,1.0,1.0,1.0,0,0,1-25,0,1754.0
3103,ssi,Accounting & Finance,2,0,1,0,2020-06-26,1,0,1,1,0,100,1.0,1.0,1.0,0,0,1-25,0,1754.0
3104,sdsd,Accounting & Finance,4,0,1,1,2020-06-26,1,1,1,2,2,60,1.0,1.0,1.0,1,0,500-1000,0,1754.0
3105,sdf,Accounting & Finance,3,0,1,1,2020-06-26,1,1,1,2,2,100,1.0,1.0,1.0,0,0,500-1000,0,1754.0
3106,sdf,Accounting & Finance,2,0,1,0,2020-06-26,1,0,1,1,0,100,1.0,1.0,1.0,0,0,500-1000,0,1754.0
3107,sds,Accounting & Finance,3,0,1,1,2020-06-26,1,1,1,2,2,60,1.0,1.0,1.0,1,0,101-500,0,1754.0
3108,dsfsd,Accounting & Finance,2,0,1,0,2020-06-26,1,0,1,1,0,100,1.0,1.0,1.0,0,0,1-25,0,1754.0
3109,ssi,Accounting & Finance,4,0,1,1,2020-06-26,1,1,1,2,2,100,1.0,1.0,1.0,0,0,26-100,0,1754.0
3110,ssi,Accounting & Finance,2,0,1,0,2020-06-26,1,0,1,1,0,100,1.0,1.0,1.0,0,0,26-100,0,1754.0
3111,edasd,Accounting & Finance,3,1,1,1,2020-06-26,1,1,1,2,4,100,1.0,1.0,1.0,0,0,1-25,0,1754.0
3112,edasd,Accounting & Finance,2,0,1,0,2020-06-26,1,0,1,1,0,100,1.0,1.0,1.0,0,0,1-25,0,1754.0
3113,ssi,Accounting & Finance,"1,2,73",0,1,1,2020-06-29,1,1,1,2,3,60,1.0,1.0,1.0,1,0,101-500,0,1751.0
3114,ssi,Accounting & Finance,2,0,1,0,2020-06-29,1,0,1,1,0,100,1.0,1.0,1.0,0,0,1-25,0,1751.0
3115,ssi,Accounting & Finance,2,0,1,0,2020-06-29,1,0,1,1,0,100,1.0,1.0,1.0,0,0,1-25,0,1751.0
3116,ssi,Accounting & Finance,7,0,1,1,2020-06-29,1,1,1,2,2,100,1.0,1.0,1.0,0,0,101-500,0,1751.0
3117,ssi,Accounting & Finance,2,0,1,0,2020-06-29,1,0,1,1,0,100,1.0,1.0,1.0,0,0,101-500,0,1751.0
3118,ssii,Accounting & Finance,"2,73",0,1,1,2020-06-29,1,0,1,2,1,60,1.0,1.0,1.0,1,0,26-100,0,1751.0
3119,ssi,Accounting & Finance,"72,2,74",0,1,1,2020-06-29,1,0,1,2,1,60,1.0,1.0,1.0,1,0,26-100,0,1751.0
3120,ssi,Accounting & Finance,2,0,1,0,2020-06-29,1,0,1,1,0,100,1.0,1.0,1.0,0,0,1-25,0,1751.0
3121,ssi,Accounting & Finance,"2,73",0,1,1,2020-06-29,1,1,1,2,6,60,1.0,1.0,1.0,1,0,26-100,0,1751.0
3122,ssi,Accounting & Finance,2,0,1,0,2020-06-29,1,0,1,1,0,100,1.0,1.0,1.0,0,0,1-25,0,1751.0
3123,ssi,Accounting & Finance,2,0,1,0,2020-06-29,1,0,1,1,0,100,1.0,1.0,1.0,0,0,1-25,0,1751.0
3124,ssi,Accounting & Finance,2,0,1,0,2020-06-29,1,0,1,1,0,100,1.0,1.0,1.0,0,0,1-25,0,1751.0
3125,ssi,Accounting & Finance,3,0,1,1,2020-06-29,1,1,1,2,5,100,1.0,1.0,1.0,0,0,101-500,0,1751.0
3126,ssi,Accounting & Finance,2,0,1,0,2020-06-29,1,0,1,1,0,100,1.0,1.0,1.0,0,0,101-500,0,1751.0
3127,ssi,Accounting & Finance,2,0,1,0,2020-06-29,1,0,1,1,0,100,1.0,1.0,1.0,0,0,101-500,0,1751.0
3128,ssi,Accounting & Finance,2,0,1,0,2020-06-29,1,0,1,1,0,100,1.0,1.0,1.0,0,0,101-500,0,1751.0
3129,ssi,Accounting & Finance,2,0,1,0,2020-06-29,1,0,1,1,0,100,1.0,1.0,1.0,0,0,101-500,0,1751.0
3130,ssi,Accounting & Finance,2,0,1,0,2020-06-29,1,0,1,1,0,100,1.0,1.0,1.0,0,0,101-500,0,1751.0
3131,ssi,Accounting & Finance,"4,242323",0,1,1,2020-06-30,1,1,1,2,11,100,1.0,1.0,1.0,0,0,26-100,0,1750.0
3132,ssi,Accounting & Finance,2,0,1,0,2020-06-30,1,0,1,1,0,100,1.0,1.0,1.0,0,0,26-100,0,1750.0
3133,ssi,Accounting & Finance,2,0,1,0,2020-06-30,1,0,1,1,0,100,1.0,1.0,1.0,0,0,26-100,0,1750.0
3134,ssi,Accounting & Finance,2,0,1,0,2020-06-30,1,0,1,1,0,100,1.0,1.0,1.0,0,0,26-100,0,1750.0
3135,ssi,Accounting & Finance,2,0,1,0,2020-06-30,1,0,1,1,0,100,1.0,1.0,1.0,0,0,26-100,0,1750.0
3136,ssi,Accounting & Finance,2,0,1,0,2020-06-30,1,0,1,1,0,100,1.0,1.0,1.0,0,0,26-100,0,1750.0
3137,ssi,Accounting & Finance,2,0,1,0,2020-07-01,1,0,1,1,0,100,1.0,1.0,1.0,0,0,26-100,0,1749.0
3138,ssi,Accounting & Finance,2,0,1,0,2020-07-01,1,0,1,1,0,100,1.0,1.0,1.0,0,0,26-100,0,1749.0
3139,ssi,Accounting & Finance,"72,73,3",0,1,1,2020-07-01,1,1,1,2,4,60,1.0,1.0,1.0,1,0,500-1000,0,1749.0
3140,ssi,Accounting & Finance,2,0,1,0,2020-07-01,1,0,1,1,0,100,1.0,1.0,1.0,0,0,500-1000,0,1749.0
3141,ssi,Accounting & Finance,2,0,1,0,2020-07-01,1,0,1,1,0,100,1.0,1.0,1.0,0,0,500-1000,0,1749.0
3143,ssi,Accounting & Finance,74,1,1,1,2020-07-01,1,0,1,2,1,100,1.0,1.0,1.0,0,0,1-25,0,1749.0
3144,ssi,Accounting & Finance,2,0,1,0,2020-07-01,1,0,1,1,0,100,1.0,1.0,1.0,0,0,1-25,0,1749.0
3145,Test,Accounting & Finance,2,0,1,1,2020-07-01,1,1,1,2,2,60,1.0,1.0,1.0,1,0,26-100,0,1749.0
3146,Test,Accounting & Finance,2,0,1,0,2020-07-01,1,0,1,1,0,100,1.0,1.0,1.0,0,0,1-25,0,1749.0
3147,Test,Accounting & Finance,72,0,1,1,2020-07-01,1,1,1,2,2,100,1.0,1.0,1.0,0,0,1-25,0,1749.0
3150,Rins,Accounting & Finance,"1,51",8,1,1,2020-07-02,1,0,1,2,1,60,1.0,1.0,1.0,1,0,26-100,0,1748.0
3151,ad services,Accounting & Finance,2,0,2,0,2020-07-02,1,0,1,1,0,100,1.0,1.0,1.0,0,0,26-100,0,1748.0
3152,Jobma,Accounting & Finance,2,0,1,1,2020-07-02,1,0,1,2,1,100,1.0,1.0,1.0,0,0,101-500,0,1748.0
3153,ssi,Accounting & Finance,1,0,1,1,2020-07-02,1,1,1,2,1,100,1.0,1.0,1.0,0,0,26-100,0,1748.0
3154,Jobma,Accounting & Finance,2,0,1,0,2020-07-02,1,0,1,1,0,100,1.0,1.0,1.0,0,0,101-500,0,1748.0
3155,ssi,Accounting & Finance,2,0,1,1,2020-07-02,1,1,1,2,1,100,1.0,1.0,1.0,0,0,1-25,0,1748.0
3156,ssi,Accounting & Finance,3,0,1,1,2020-07-02,1,1,1,2,0,100,3.0,5.0,1.0,0,0,26-100,0,1748.0
3157,ssi,Accounting & Finance,2,0,1,1,2020-07-02,1,1,1,2,0,60,1.0,1.0,1.0,1,0,101-500,0,1748.0
3158,ssi,Accounting & Finance,7,0,1,1,2020-07-02,1,1,1,2,2,100,1.0,1.0,1.0,0,0,500-1000,0,1748.0
3159,ssi,Accounting & Finance,"72,73,74",0,1,1,2020-07-02,1,0,1,2,1,60,1.0,1.0,1.0,1,0,26-100,0,1748.0
3160,cdds,Accounting & Finance,3,0,1,1,2020-07-02,1,1,1,2,0,60,1.0,1.0,1.0,1,0,1-25,0,1748.0
3161,ssi,Accounting & Finance,1,0,1,1,2020-07-02,1,1,1,2,1,60,1.0,1.0,1.0,1,0,1-25,0,1748.0
3163,ssi,Accounting & Finance,215,0,1,1,2020-07-03,1,1,1,2,4,100,1.0,1.0,1.0,0,0,1-25,0,1747.0
3164,ssi,Accounting & Finance,4,0,1,1,2020-07-03,1,1,1,2,2,100,1.0,1.0,1.0,0,0,500-1000,0,1747.0
3165,ssi,Accounting & Finance,2,0,1,0,2020-07-03,1,0,1,1,0,100,1.0,1.0,1.0,0,0,500-1000,0,1747.0
3166,test,Accounting & Finance,3,0,1,1,2020-07-03,1,1,1,2,1,60,1.0,1.0,1.0,1,0,26-100,0,1747.0
3167,ad services,Accounting & Finance,2,0,2,0,2020-07-03,1,0,1,1,0,100,1.0,1.0,1.0,0,0,26-100,0,1747.0
3168,Test,Accounting & Finance,72,0,1,1,2020-07-03,1,0,1,2,1,60,1.0,1.0,1.0,1,0,1-25,0,1747.0
3169,ssi,Accounting & Finance,73,0,1,1,2020-07-03,1,0,1,2,1,60,1.0,1.0,1.0,1,0,101-500,0,1747.0
3171,ssi,Accounting & Finance,2,0,1,1,2020-07-07,1,1,1,2,2,60,1.0,1.0,1.0,1,0,26-100,0,1743.0
3172,ssi,Accounting & Finance,2,0,1,0,2020-07-07,1,0,1,1,0,100,1.0,1.0,1.0,0,0,26-100,0,1743.0
3173,ssi,Accounting & Finance,2,0,1,1,2020-07-07,1,1,1,2,1,100,1.0,1.0,1.0,0,0,1-25,0,1743.0
3174,ssi,Accounting & Finance,72,0,1,1,2020-07-07,1,0,1,2,1,60,1.0,1.0,1.0,1,0,26-100,0,1743.0
3175,ssi,Accounting & Finance,2,0,1,0,2020-07-07,1,0,1,1,0,100,1.0,1.0,1.0,0,0,26-100,0,1743.0
3176,ssi,Accounting & Finance,2,0,1,1,2020-07-08,1,0,1,2,1,60,1.0,1.0,1.0,1,0,1-25,0,1742.0
3177,ssi,Accounting & Finance,2,0,1,0,2020-07-08,1,0,1,1,0,100,1.0,1.0,1.0,0,0,1-25,0,1742.0
3178,Jobma,Accounting & Finance,2,0,1,1,2020-07-08,1,0,1,2,1,60,1.0,1.0,1.0,1,0,1-25,0,1742.0
3179,Jobma,Accounting & Finance,72,0,1,1,2020-07-08,1,0,1,2,1,100,1.0,1.0,1.0,0,0,1-25,0,1742.0
3180,Jobma,Accounting & Finance,2,0,1,0,2020-07-08,1,0,1,1,0,100,1.0,1.0,1.0,0,0,1-25,0,1742.0
3181,Jobma,Accounting & Finance,2,0,1,1,2020-07-08,1,1,1,2,1,100,1.0,1.0,1.0,0,0,1-25,0,1742.0
3182,Test,Accounting & Finance,2,0,1,0,2020-07-08,1,0,1,1,0,100,1.0,1.0,1.0,0,0,1-25,0,1742.0
3183,Demo,Accounting & Finance,3,0,1,1,2020-07-09,1,1,1,2,0,60,1.0,1.0,1.0,1,0,26-100,0,1741.0
3184,Test,Accounting & Finance,3,0,1,1,2020-07-09,1,1,1,2,0,60,1.0,1.0,1.0,1,0,1-25,0,1741.0
3185,Test,Accounting & Finance,2,0,1,1,2020-07-09,1,1,1,2,0,60,1.0,1.0,1.0,1,0,1-25,0,1741.0
3186,Test,Accounting & Finance,3,0,1,1,2020-07-09,1,1,1,2,0,100,1.0,1.0,1.0,0,0,1-25,0,1741.0
3187,Test,Accounting & Finance,2,0,1,1,2020-07-09,1,1,1,2,0,100,1.0,1.0,1.0,0,0,1-25,0,1741.0
3188,Test,Accounting & Finance,7,0,1,1,2020-07-09,1,1,1,2,0,60,1.0,1.0,1.0,1,0,1-25,0,1741.0
3189,test,Accounting & Finance,3,0,1,1,2020-07-09,1,1,1,2,0,60,1.0,1.0,1.0,1,0,26-100,0,1741.0
3190,ad services,Accounting & Finance,2,0,2,0,2020-07-09,1,0,1,1,0,100,1.0,1.0,1.0,0,0,26-100,0,1741.0
3194,ssi,Accounting & Finance,3,0,1,1,2020-07-09,1,1,1,2,0,100,1.0,1.0,1.0,0,0,26-100,0,1741.0
3196,Jobma,Accounting & Finance,3,0,1,1,2020-07-09,1,1,1,2,0,100,1.0,1.0,1.0,0,0,1-25,0,1741.0
3197,Jobma,Accounting & Finance,3,0,1,1,2020-07-09,1,1,1,2,0,100,1.0,1.0,1.0,0,0,26-100,0,1741.0
3198,Jobma,Accounting & Finance,2,0,1,1,2020-07-09,1,1,1,2,0,60,1.0,1.0,1.0,1,0,101-500,0,1741.0
3199,test,Accounting & Finance,3,0,1,1,2020-07-09,1,1,1,2,0,60,1.0,1.0,1.0,1,0,26-100,0,1741.0
3202,ad services,Accounting & Finance,2,0,2,0,2020-07-09,1,0,1,1,0,100,1.0,1.0,1.0,0,0,26-100,0,1741.0
3203,sdfsdf,Accounting & Finance,2,0,1,1,2020-07-09,1,1,1,2,100,60,1.0,1.0,1.0,1,0,1-25,0,1741.0
3205,ssi,Accounting & Finance,3,0,1,1,2020-07-09,1,1,1,2,100,60,1.0,1.0,1.0,1,0,26-100,0,1741.0
3206,ssi,Accounting & Finance,3,0,1,1,2020-07-09,1,1,1,2,100,100,1.0,10.0,1.0,0,0,1-25,0,1741.0
3207,Test,Accounting & Finance,2,0,1,0,2020-07-09,1,0,1,1,100,100,1.0,1.0,1.0,0,0,1-25,0,1741.0
3208,Jobma,Accounting & Finance,2,0,1,0,2020-07-09,1,0,1,1,100,100,1.0,1.0,1.0,0,0,101-500,0,1741.0
3209,DSFDS,Accounting & Finance,3,0,1,1,2020-07-09,1,1,1,2,0,60,1.0,1.0,1.0,1,0,101-500,0,1741.0
3213,Jobma,Accounting & Finance,2,0,1,0,2020-07-09,1,0,1,1,0,100,1.0,1.0,1.0,0,0,101-500,0,1741.0
3214,ZQ,Accounting & Finance,2,0,1,1,2020-07-09,1,1,1,2,100,100,1.0,1.0,1.0,0,0,1-25,0,1741.0
3215,ZQ,Accounting & Finance,2,0,1,0,2020-07-09,1,0,1,1,0,100,1.0,1.0,1.0,0,0,1-25,0,1741.0
3216,ssi,Accounting & Finance,2,0,1,0,2020-07-09,1,0,1,1,0,100,1.0,1.0,1.0,0,0,1-25,0,1741.0
3217,ssi,Accounting & Finance,2,0,1,0,2020-07-09,1,0,1,1,0,100,1.0,1.0,1.0,0,0,1-25,0,1741.0
3218,test,Accounting & Finance,3,0,1,1,2020-07-09,1,1,1,2,100,60,1.0,1.0,1.0,1,0,26-100,0,1741.0
3219,test,Accounting & Finance,2,0,1,0,2020-07-09,1,0,1,1,0,100,1.0,1.0,1.0,0,0,26-100,0,1741.0
3220,MS,Accounting & Finance,7,0,1,1,2020-07-09,1,1,1,2,100,60,1.0,1.0,1.0,1,0,1-25,0,1741.0
3221,sfdff,Accounting & Finance,3,0,1,1,2020-07-09,1,1,1,2,0,60,1.0,1.0,1.0,1,0,1-25,0,1741.0
3222,MS,Accounting & Finance,2,0,1,0,2020-07-09,1,0,1,1,0,100,1.0,1.0,1.0,0,0,1-25,0,1741.0
3223,dsfs,Accounting & Finance,216,0,1,1,2020-07-09,1,0,1,2,1,60,1.0,1.0,1.0,1,0,26-100,0,1741.0
3224,dsfs,Accounting & Finance,2,0,1,0,2020-07-09,1,0,1,1,0,100,1.0,1.0,1.0,0,0,1-25,0,1741.0
3225,ssi,Accounting & Finance,2,0,1,1,2020-07-10,1,1,1,2,100,100,1.0,1.0,1.0,0,0,1-25,0,1740.0
3226,ssi,Accounting & Finance,2,0,1,1,2020-07-10,1,1,1,2,100,60,1.0,1.0,1.0,1,0,26-100,0,1740.0
3227,test,Accounting & Finance,2,0,1,0,2020-07-10,1,0,1,1,0,100,1.0,1.0,1.0,0,0,26-100,0,1740.0
3228,ssi,Accounting & Finance,"3,4,7",0,1,1,2020-07-10,1,1,1,2,100,100,1.0,1.0,1.0,0,0,26-100,0,1740.0
3229,ssi,Accounting & Finance,74,1,1,1,2020-07-10,1,1,1,2,4,100,1.0,1.0,1.0,0,0,1-25,0,1740.0
3230,ssi,Accounting & Finance,2,0,1,0,2020-07-10,1,0,1,1,0,100,1.0,1.0,1.0,0,0,26-100,0,1740.0
3231,test,Accounting & Finance,2,0,1,0,2020-07-10,1,0,1,1,0,100,1.0,1.0,1.0,0,0,26-100,0,1740.0
3232,ssi,Accounting & Finance,2,0,1,0,2020-07-10,1,0,1,1,0,100,1.0,1.0,1.0,0,0,1-25,0,1740.0
3233,ssi,Accounting & Finance,2,0,1,0,2020-07-10,1,0,1,1,0,100,1.0,1.0,1.0,0,0,1-25,0,1740.0
3234,ad services,Accounting & Finance,2,0,2,0,2020-07-10,1,0,1,1,0,100,1.0,1.0,1.0,0,0,26-100,0,1740.0
3236,ssi,Accounting & Finance,2,0,1,0,2020-07-10,1,0,1,1,0,100,1.0,1.0,1.0,0,0,1-25,0,1740.0
3238,ssi,Accounting & Finance,"3,4,7",0,1,1,2020-07-10,1,1,1,2,100,100,1.0,1.0,1.0,0,0,26-100,0,1740.0
3239,ssi,Accounting & Finance,2,0,1,0,2020-07-10,1,0,1,1,0,100,1.0,1.0,1.0,0,0,26-100,0,1740.0
3240,ssi,Accounting & Finance,2,0,1,0,2020-07-10,1,0,1,1,0,100,1.0,1.0,1.0,0,0,1-25,0,1740.0
3241,ssi,Accounting & Finance,72,0,1,1,2020-07-10,1,0,1,2,1,60,1.0,1.0,1.0,1,0,26-100,0,1740.0
3242,ASD,Accounting & Finance,52,0,1,1,2020-07-10,1,1,1,2,100,60,1.0,1.0,1.0,1,0,1-25,0,1740.0
3243,ssi,Accounting & Finance,2,0,1,0,2020-07-13,1,0,1,1,0,100,1.0,1.0,1.0,0,0,26-100,0,1737.0
3244,ASD,Accounting & Finance,2,0,1,0,2020-07-13,1,0,1,1,0,100,1.0,1.0,1.0,0,0,1-25,0,1737.0
3245,ASD,Accounting & Finance,2,0,1,0,2020-07-13,1,0,1,1,0,100,1.0,1.0,1.0,0,0,1-25,0,1737.0
3246,ASD,Accounting & Finance,2,0,1,0,2020-07-13,1,0,1,1,0,100,1.0,1.0,1.0,0,0,1-25,0,1737.0
3247,ASD,Accounting & Finance,2,0,1,0,2020-07-13,1,0,1,1,0,100,1.0,1.0,1.0,0,0,1-25,0,1737.0
3248,ASD,Accounting & Finance,2,0,1,0,2020-07-13,1,0,1,1,0,100,1.0,1.0,1.0,0,0,1-25,0,1737.0
3249,Jobma,Accounting & Finance,3,0,1,1,2020-07-13,1,1,1,2,100,100,1.0,1.0,1.0,0,0,26-100,0,1737.0
3250,ssi,Accounting & Finance,1,0,1,1,2020-07-13,1,1,1,2,100,100,1.0,1.0,1.0,0,0,26-100,0,1737.0
3251,ssi,Accounting & Finance,"1,72,73",0,1,1,2020-07-13,1,1,1,2,4,60,1.0,1.0,1.0,1,0,101-500,0,1737.0
3252,ssi,Accounting & Finance,2,0,1,0,2020-07-13,1,0,1,1,0,100,1.0,1.0,1.0,0,0,1-25,0,1737.0
3253,ssi,Accounting & Finance,2,0,1,0,2020-07-13,1,0,1,1,0,100,1.0,1.0,1.0,0,0,1-25,0,1737.0
3254,Jobma,Accounting & Finance,2,0,1,0,2020-07-13,1,0,1,1,0,100,1.0,1.0,1.0,0,0,26-100,0,1737.0
3255,ssi,Accounting & Finance,2,0,1,0,2020-07-13,1,0,1,1,0,100,1.0,1.0,1.0,0,0,26-100,0,1737.0
3256,ssi,Accounting & Finance,2,0,1,0,2020-07-13,1,0,1,1,0,100,1.0,1.0,1.0,0,0,1-25,0,1737.0
3257,ssi,Accounting & Finance,2,0,1,1,2020-07-13,1,1,1,2,2,100,1.0,1.0,1.0,0,0,1-25,0,1737.0
3258,ssi,Accounting & Finance,3,0,1,1,2020-07-13,1,1,1,2,100,100,1.0,1.0,1.0,0,0,26-100,0,1737.0
3259,ssi,Accounting & Finance,2,0,1,0,2020-07-13,1,0,1,1,0,100,1.0,1.0,1.0,0,0,1-25,0,1737.0
3261,ssi,Accounting & Finance,3,0,1,1,2020-07-13,1,1,1,2,100,60,1.0,1.0,1.0,1,0,101-500,0,1737.0
3262,Jobma,Accounting & Finance,2,0,1,0,2020-07-13,1,0,1,1,0,100,1.0,1.0,1.0,0,0,26-100,0,1737.0
3263,sda,Accounting & Finance,3,0,1,1,2020-07-13,1,1,1,2,100,60,1.0,1.0,1.0,1,0,101-500,0,1737.0
3264,RinCustom,Accounting & Finance,3,0,1,1,2020-07-13,1,1,1,2,100,100,1.0,1.0,1.0,0,0,26-100,0,1737.0
3265,test,Accounting & Finance,4,0,1,1,2020-07-13,1,1,1,2,100,60,1.0,1.0,1.0,1,0,26-100,0,1737.0
3266,xzzhcgzxjkc,Accounting & Finance,4,0,1,1,2020-07-13,1,1,1,2,100,100,1.0,1.0,1.0,0,0,26-100,0,1737.0
3267,ssi,Accounting & Finance,2,0,1,1,2020-07-13,1,1,1,2,100,100,1.0,1.0,1.0,0,0,1-25,0,1737.0
3268,ssi,Accounting & Finance,72,0,1,1,2020-07-13,1,0,1,2,1,60,1.0,1.0,1.0,1,0,101-500,0,1737.0
3269,dsfsdf,Accounting & Finance,3,0,1,1,2020-07-13,1,1,1,2,100,60,1.0,1.0,1.0,1,0,26-100,0,1737.0
3270,sdf,Accounting & Finance,2,0,1,1,2020-07-13,1,1,1,2,0,60,1.0,1.0,1.0,1,0,26-100,0,1737.0
3271,ssi,Accounting & Finance,2,0,1,1,2020-07-14,1,1,1,2,100,100,1.0,1.0,1.0,0,0,101-500,0,1736.0
3272,si,Accounting & Finance,3,0,1,1,2020-07-14,1,1,1,2,0,100,1.0,1.0,1.0,0,0,1-25,0,1736.0
3273,Company,Accounting & Finance,73,3,1,1,2020-07-14,1,0,1,2,1,100,1.0,1.0,1.0,0,0,1-25,0,1736.0
3274,ssi,Accounting & Finance,2,0,1,0,2020-07-14,1,0,1,1,0,100,1.0,1.0,1.0,0,0,26-100,0,1736.0
3275,jobma,Accounting & Finance,2,0,1,1,2020-07-14,1,1,1,2,1,100,1.0,1.0,1.0,0,0,1-25,0,1736.0
3276,jobma,Accounting & Finance,2,0,1,0,2020-07-14,1,0,1,1,0,100,1.0,1.0,1.0,0,0,1-25,0,1736.0
3277,ssi,Accounting & Finance,2,0,1,1,2020-07-14,1,1,1,2,2,100,1.0,1.0,1.0,0,0,26-100,0,1736.0
3278,ssi,Accounting & Finance,2,0,1,0,2020-07-14,1,0,1,1,0,100,1.0,1.0,1.0,0,0,26-100,0,1736.0
3279,fwewr,Accounting & Finance,"72,73,74",1,1,1,2020-07-14,1,0,1,2,1,100,1.0,1.0,1.0,0,0,1-25,0,1736.0
3280,SSI,Accounting & Finance,3,0,1,1,2020-07-14,1,1,1,2,100,100,10.0,15.0,1.0,0,0,26-100,0,1736.0
3281,ds,Accounting & Finance,3,0,1,1,2020-07-14,1,1,1,2,100,100,1.0,1.0,1.0,0,0,26-100,0,1736.0
3282,Production,Accounting & Finance,2,0,1,1,2020-07-14,1,1,1,2,100,100,1.0,1.0,1.0,0,0,26-100,0,1736.0
3283,sd,Accounting & Finance,3,0,1,1,2020-07-14,1,1,1,2,100,100,1.0,1.0,1.0,0,0,101-500,0,1736.0
3284,sdf,Accounting & Finance,3,0,1,1,2020-07-14,1,1,1,2,100,60,1.0,1.0,1.0,1,0,1-25,0,1736.0
3285,dfdsf,Accounting & Finance,4,0,1,1,2020-07-14,1,1,1,2,0,100,1.0,1.0,1.0,0,0,26-100,0,1736.0
3286,Jobma,Accounting & Finance,"2,73,74",0,1,1,2020-07-14,1,0,1,2,1,60,1.0,1.0,1.0,1,0,26-100,0,1736.0
3287,ssi,Accounting & Finance,2,0,1,0,2020-07-14,1,0,1,1,0,100,1.0,1.0,1.0,0,0,1-25,0,1736.0
3288,Jobma,Accounting & Finance,"2,4",0,1,1,2020-07-14,1,1,1,2,4,100,1.0,1.0,1.0,0,0,1-25,0,1736.0
3289,ssi,Accounting & Finance,4,0,1,1,2020-07-14,1,1,1,2,2,100,1.0,1.0,1.0,0,0,26-100,0,1736.0
3290,ssi,Accounting & Finance,2,0,1,0,2020-07-14,1,0,1,1,0,100,1.0,1.0,1.0,0,0,26-100,0,1736.0
3291,sds,Accounting & Finance,2,0,1,1,2020-07-14,1,1,1,2,100,100,1.0,1.0,1.0,0,0,101-500,0,1736.0
3292,Jobma,Accounting & Finance,"3,7",0,1,1,2020-07-14,1,1,1,2,100,100,1.0,1.0,1.0,0,0,26-100,0,1736.0
3293,Jobma,Accounting & Finance,"3,7",0,1,1,2020-07-14,1,1,1,2,100,60,1.0,1.0,1.0,1,0,101-500,0,1736.0
3294,ssi,Accounting & Finance,4,0,1,1,2020-07-14,1,1,1,2,100,60,1.0,1.0,1.0,1,0,1-25,0,1736.0
3295,Jobma,Accounting & Finance,2,0,1,0,2020-07-14,1,0,1,1,0,100,1.0,1.0,1.0,0,0,26-100,0,1736.0
3296,Jobma,Accounting & Finance,2,0,1,0,2020-07-14,1,0,1,1,0,100,1.0,1.0,1.0,0,0,1-25,0,1736.0
3297,sdf,Accounting & Finance,73,1,1,1,2020-07-14,1,0,1,1,1,100,1.0,1.0,1.0,0,0,1-25,0,1736.0
3298,sdas,Accounting & Finance,2,0,1,1,2020-07-14,1,1,1,2,100,100,1.0,1.0,1.0,0,0,1-25,0,1736.0
3299,Jobma,Accounting & Finance,"2,4",0,1,1,2020-07-14,1,1,1,2,100,100,1.0,1.0,1.0,0,0,26-100,0,1736.0
3300,SSI,Accounting & Finance,2,0,1,0,2020-07-14,1,0,1,1,0,100,1.0,1.0,1.0,0,0,26-100,0,1736.0
3301,SSI,Accounting & Finance,2,0,1,0,2020-07-14,1,0,1,1,0,100,1.0,1.0,1.0,0,0,26-100,0,1736.0
3302,SSI,Accounting & Finance,2,0,1,0,2020-07-14,1,0,1,1,0,100,1.0,1.0,1.0,0,0,26-100,0,1736.0
3303,ssi,Accounting & Finance,3,0,1,1,2020-07-14,1,1,1,2,100,60,1.0,1.0,1.0,1,0,26-100,0,1736.0
3304,ssi,Accounting & Finance,4,0,1,1,2020-07-14,1,1,1,2,100,100,1.0,1.0,1.0,0,0,26-100,0,1736.0
3305,sdf,Accounting & Finance,3,0,1,1,2020-07-14,1,1,1,2,100,60,1.0,1.0,1.0,1,0,26-100,0,1736.0
3306,ssii,Accounting & Finance,4,0,1,1,2020-07-14,1,1,1,2,0,100,1.0,1.0,1.0,0,0,101-500,0,1736.0
3307,ssi,Accounting & Finance,73,0,1,1,2020-07-14,1,0,1,2,1,60,1.0,1.0,1.0,1,0,101-500,0,1736.0
3308,sdf,Accounting & Finance,73,0,1,1,2020-07-14,1,0,1,2,1,60,1.0,1.0,1.0,1,0,101-500,0,1736.0
3309,ssi,Accounting & Finance,2,0,1,1,2020-07-14,1,0,1,2,1,60,1.0,1.0,1.0,1,0,26-100,0,1736.0
3310,test,Accounting & Finance,2,0,1,1,2020-07-14,1,0,1,2,1,100,1.0,1.0,1.0,0,0,26-100,0,1736.0
3311,Jobma,Accounting & Finance,"73,74",0,1,1,2020-07-14,1,0,1,2,1,100,1.0,1.0,1.0,0,0,101-500,0,1736.0
3312,ssi,Accounting & Finance,2,0,1,1,2020-07-14,1,0,1,2,1,100,1.0,1.0,1.0,0,0,26-100,0,1736.0
3313,ssi,Accounting & Finance,73,0,1,1,2020-07-14,1,0,1,2,1,100,1.0,1.0,1.0,0,0,500-1000,0,1736.0
3314,ssi,Accounting & Finance,2,0,1,1,2020-07-14,1,0,1,2,1,60,1.0,1.0,1.0,1,0,26-100,0,1736.0
3315,Jobma,Accounting & Finance,"72,2",0,1,1,2020-07-14,1,0,1,2,1,100,1.0,1.0,1.0,0,0,26-100,0,1736.0
3316,sdf,Accounting & Finance,72,0,1,1,2020-07-14,1,0,1,2,1,60,1.0,1.0,1.0,1,0,1-25,0,1736.0
3317,Changed Comp Name,Accounting & Finance,2,0,1,1,2020-07-14,1,1,1,2,4,100,1.0,1.0,1.0,1,0,26-100,0,1736.0
3318,Test,Accounting & Finance,"72,2,73",0,1,1,2020-07-15,1,1,1,2,3,60,1.0,1.0,1.0,1,0,1-25,0,1735.0
3319,Test,Accounting & Finance,2,0,1,0,2020-07-15,1,0,1,1,0,100,1.0,1.0,1.0,0,0,1-25,0,1735.0
3320,mm,Accounting & Finance,72,0,1,1,2020-07-15,1,1,1,2,2,100,1.0,1.0,1.0,0,0,1-25,0,1735.0
3321,mm,Accounting & Finance,2,0,1,0,2020-07-15,1,0,1,1,0,100,1.0,1.0,1.0,0,0,1-25,0,1735.0
3322,Test,Accounting & Finance,3,0,1,1,2020-07-15,1,1,1,2,1,100,1.0,1.0,1.0,0,0,101-500,0,1735.0
3323,Test,Accounting & Finance,2,0,1,0,2020-07-15,1,0,1,1,0,100,1.0,1.0,1.0,0,0,101-500,0,1735.0
3324,SSI,Accounting & Finance,217,0,1,1,2020-07-15,1,0,1,2,1,60,1.0,1.0,1.0,1,0,1-25,0,1735.0
3325,Test,Accounting & Finance,4,0,1,1,2020-07-15,1,1,1,2,100,100,1.0,1.0,1.0,0,0,1-25,0,1735.0
3326,Test,Accounting & Finance,2,0,1,0,2020-07-15,1,0,1,1,0,100,1.0,1.0,1.0,0,0,1-25,0,1735.0
3327,gfb,Accounting & Finance,2,0,1,1,2020-07-15,1,1,1,2,100,60,1.0,1.0,1.0,1,0,26-100,0,1735.0
3328,Test,Accounting & Finance,4,0,1,1,2020-07-15,1,1,1,2,3,60,1.0,1.0,1.0,1,0,26-100,0,1735.0
3329,Jobma,Accounting & Finance,4,0,1,1,2020-07-15,1,1,1,2,0,100,1.0,1.0,1.0,0,0,26-100,0,1735.0
3330,Jobma,Accounting & Finance,3,0,1,1,2020-07-15,1,1,1,2,100,60,1.0,1.0,1.0,1,0,26-100,0,1735.0
3331,Test,Accounting & Finance,2,0,1,0,2020-07-15,1,0,1,1,0,100,1.0,1.0,1.0,0,0,26-100,0,1735.0
3332,Test,Accounting & Finance,2,0,1,1,2020-07-15,1,1,1,2,100,60,1.0,1.0,1.0,1,0,1-25,0,1735.0
3333,Test,Accounting & Finance,2,0,1,1,2020-07-15,1,1,1,2,100,100,1.0,1.0,1.0,0,0,1-25,0,1735.0
3334,ssi,Accounting & Finance,3,0,1,1,2020-07-15,1,1,1,2,100,100,1.0,1.0,1.0,0,0,1-25,0,1735.0
3335,SSI,Accounting & Finance,2,0,1,0,2020-07-16,1,0,1,1,0,100,1.0,1.0,1.0,0,0,1-25,0,1734.0
3336,sysi,Accounting & Finance,3,0,1,1,2020-07-17,1,0,1,2,1,60,1.0,1.0,1.0,1,0,26-100,0,1733.0
3337,sd,Accounting & Finance,2,0,1,1,2020-07-17,1,1,1,2,3,60,1.0,1.0,1.0,1,0,26-100,0,1733.0
3338,Changed Comp Name,Accounting & Finance,2,0,1,0,2020-07-17,1,0,1,1,0,100,1.0,1.0,1.0,0,0,26-100,0,1733.0
3339,dsd,Accounting & Finance,73,0,1,1,2020-07-17,1,0,1,2,1,60,1.0,1.0,1.0,1,0,26-100,0,1733.0
3340,ssi,Accounting & Finance,72,0,1,1,2020-07-17,1,1,1,2,2,100,1.0,1.0,1.0,0,0,26-100,0,1733.0
3341,ssi,Accounting & Finance,3,0,1,1,2020-07-17,1,1,1,2,100,100,1.0,1.0,1.0,0,0,101-500,0,1733.0
3342,ssi,Accounting & Finance,3,0,1,1,2020-07-17,1,1,1,2,100,60,1.0,1.0,1.0,1,0,101-500,0,1733.0
3343,sdsa,Accounting & Finance,3,0,1,1,2020-07-17,1,1,1,2,4,100,1.0,1.0,1.0,0,0,26-100,0,1733.0
3344,ssi,Accounting & Finance,3,0,1,1,2020-07-17,1,1,1,2,4,60,1.0,1.0,1.0,1,0,26-100,0,1733.0
3345,JOBMA,Accounting & Finance,"72,3,75",0,1,1,2020-07-17,1,1,1,2,15,60,1.0,1.0,1.0,1,0,1-25,0,1733.0
3346,Jobm,Accounting & Finance,218,0,1,1,2020-07-20,1,0,1,2,1,60,1.0,1.0,1.0,1,0,26-100,0,1730.0
3347,JOBMA,Accounting & Finance,"72,3,75",0,1,1,2020-07-20,1,0,1,2,1,60,1.0,1.0,1.0,1,0,1-25,0,1730.0
3348,JOBMA,Accounting & Finance,"72,3,75",0,1,1,2020-07-20,1,0,1,2,1,60,1.0,1.0,1.0,1,0,1-25,0,1730.0
3349,JOBMA,Accounting & Finance,"72,3,75",0,1,1,2020-07-20,1,0,1,2,1,60,1.0,1.0,1.0,1,0,1-25,0,1730.0
3350,JOBMA,Accounting & Finance,"72,3,75",0,1,1,2020-07-20,1,0,1,2,1,60,1.0,1.0,1.0,1,0,1-25,0,1730.0
3351,JOBMA,Accounting & Finance,"72,3,75",0,1,1,2020-07-21,1,0,1,2,1,60,1.0,1.0,1.0,1,0,1-25,0,1729.0
3352,JOBMA,Accounting & Finance,"72,3,75",0,1,1,2020-07-21,1,1,1,2,3,60,1.0,1.0,1.0,1,0,1-25,0,1729.0
3353,SSI,Accounting & Finance,"2,8,10",0,1,1,2020-07-23,1,1,1,2,2,60,1.0,1.0,1.0,1,0,1-25,0,1727.0
3354,SSI,Accounting & Finance,"2,8,10",0,1,1,2020-07-24,1,1,1,2,2,60,1.0,1.0,1.0,1,0,1-25,0,1726.0
3355,SSI,Accounting & Finance,"2,8,10",0,1,1,2020-07-24,1,1,1,2,2,60,1.0,1.0,1.0,1,0,1-25,0,1726.0
3356,SSI,Accounting & Finance,"2,8,10",0,1,1,2020-07-24,1,1,1,2,2,60,1.0,1.0,1.0,1,0,1-25,0,1726.0
3357,SSI,Accounting & Finance,"2,8,10",0,1,1,2020-07-24,1,1,1,2,2,60,1.0,1.0,1.0,1,0,1-25,0,1726.0
3358,SSI,Accounting & Finance,"2,8,10",0,1,1,2020-07-24,1,1,1,2,2,60,1.0,1.0,1.0,1,0,1-25,0,1726.0
3359,SSI,Accounting & Finance,"2,8,10",0,1,1,2020-07-24,1,1,1,2,2,60,1.0,1.0,1.0,1,0,1-25,0,1726.0
3360,SSI,Accounting & Finance,"2,8,10",0,1,1,2020-07-24,1,1,1,2,2,60,1.0,1.0,1.0,1,0,1-25,0,1726.0
3361,SSI,Accounting & Finance,"2,8,10",0,1,1,2020-07-24,1,1,1,2,2,60,1.0,1.0,1.0,1,0,1-25,0,1726.0
3362,SSI,Accounting & Finance,"2,8,10",0,1,1,2020-07-24,1,1,1,2,6,60,1.0,1.0,1.0,1,0,1-25,0,1726.0
3363,SSI,Accounting & Finance,"2,8,10",0,1,1,2020-07-24,1,1,1,2,2,60,1.0,1.0,1.0,1,0,1-25,0,1726.0
3364,ssi,Accounting & Finance,73,0,1,1,2020-07-24,1,0,1,2,1,60,1.0,1.0,1.0,1,0,26-100,0,1726.0
3365,Test,Accounting & Finance,72,0,1,1,2020-07-24,1,0,1,2,1,60,1.0,1.0,1.0,1,0,26-100,0,1726.0
3366,SSI,Accounting & Finance,"2,8,10",0,1,1,2020-07-24,1,1,1,2,2,60,1.0,1.0,1.0,1,0,1-25,0,1726.0
3367,JOBMA,Accounting & Finance,"72,3,75",0,1,1,2020-07-24,1,0,1,2,1,60,1.0,1.0,1.0,1,0,1-25,0,1726.0
3368,SSI,Accounting & Finance,"2,8,10",0,1,1,2020-07-27,1,1,1,2,1,60,1.0,1.0,1.0,1,0,1-25,0,1723.0
3369,SSI,Accounting & Finance,"2,8,10",0,1,1,2020-07-28,1,1,1,2,1,60,1.0,1.0,1.0,1,0,1-25,0,1722.0
3370,SSI,Accounting & Finance,"2,8,10",0,1,1,2020-07-28,1,1,1,2,1,60,1.0,1.0,1.0,1,0,1-25,0,1722.0
3371,SSI,Accounting & Finance,"2,8,10",0,1,1,2020-07-28,1,1,1,2,5,60,1.0,1.0,1.0,1,0,1-25,0,1722.0
3372,Jobma,Accounting & Finance,2,0,1,1,2020-07-28,1,1,1,2,100,60,1.0,1.0,1.0,1,0,26-100,0,1722.0
3373,AVM,Accounting & Finance,73,0,1,1,2020-07-28,1,0,1,2,1,60,1.0,1.0,1.0,1,0,1-25,0,1722.0
3374,AVM,Accounting & Finance,73,0,1,1,2020-07-28,1,1,1,2,2,100,1.0,1.0,1.0,0,0,26-100,0,1722.0
3375,MBV,Accounting & Finance,3,0,1,1,2020-07-28,1,1,1,2,2,100,1.0,1.0,1.0,0,0,26-100,0,1722.0
3376,SSI,Accounting & Finance,"2,8,10",0,1,1,2020-07-28,1,1,1,2,100,60,1.0,1.0,1.0,1,0,1-25,0,1722.0
3377,SSM,Accounting & Finance,4,0,1,1,2020-07-28,1,1,1,2,2,60,1.0,1.0,1.0,1,0,26-100,0,1722.0
3378,SSI,Accounting & Finance,"2,8,10",0,1,1,2020-07-29,1,1,1,2,100,60,1.0,1.0,1.0,1,0,1-25,0,1721.0
3379,SSI,Accounting & Finance,"2,8,10",0,1,1,2020-07-29,1,1,1,2,100,60,1.0,1.0,1.0,1,0,1-25,0,1721.0
3380,SSI,Accounting & Finance,"2,8,10",0,1,1,2020-07-29,1,1,1,2,100,60,1.0,1.0,1.0,1,0,1-25,0,1721.0
3381,SSI,Accounting & Finance,"2,8,10",0,1,1,2020-07-29,1,1,1,2,100,60,1.0,1.0,1.0,1,0,1-25,0,1721.0
3382,SSI,Accounting & Finance,"2,8,10",0,1,1,2020-07-29,1,1,1,2,100,60,1.0,1.0,1.0,1,0,1-25,0,1721.0
3383,SSI,Accounting & Finance,"2,8,10",0,1,1,2020-07-29,1,1,1,2,100,60,1.0,1.0,1.0,1,0,1-25,0,1721.0
3384,JOBMA,Accounting & Finance,"72,3,75",0,1,1,2020-07-29,1,0,1,2,1,60,1.0,1.0,1.0,1,0,1-25,0,1721.0
3385,JOBMA,Accounting & Finance,2,0,1,0,2020-07-30,1,0,1,1,0,100,1.0,1.0,1.0,0,0,1-25,0,1720.0
3389,ssi,Accounting & Finance,"3,4,7",0,1,1,2020-07-31,1,1,1,2,100,100,1.0,1.0,1.0,0,0,101-500,0,1719.0
3390,jobma,Accounting & Finance,72,0,1,1,2020-07-31,1,1,1,2,4,100,1.0,1.0,1.0,0,0,26-100,0,1719.0
3392,ad services,Accounting & Finance,2,0,2,0,2020-07-31,1,0,1,1,0,100,1.0,1.0,1.0,0,0,26-100,0,1719.0
3394,ssi,Accounting & Finance,2,0,1,1,2020-08-03,1,0,1,2,1,60,1.0,1.0,1.0,1,0,26-100,0,1716.0
3395,ssi,Accounting & Finance,"1,2,3",0,1,1,2020-08-03,1,1,1,2,0,60,1.0,1.0,1.0,1,0,1-25,0,1716.0
3396,ssi,Accounting & Finance,1,0,1,1,2020-08-03,1,1,1,2,0,60,1.0,1.0,1.0,1,0,1-25,0,1716.0
3397,ssi,Accounting & Finance,1,0,1,1,2020-08-03,1,1,1,2,0,60,1.0,1.0,1.0,1,0,1-25,0,1716.0
3400,JOBMA,Accounting & Finance,"72,3,75",0,1,1,2020-08-05,1,0,1,2,1,60,1.0,1.0,1.0,1,0,1-25,0,1714.0
3401,ssi,Accounting & Finance,73,0,1,1,2020-08-05,1,1,1,1,14,100,1.0,1.0,1.0,0,0,26-100,0,1714.0
3402,Jobma,Accounting & Finance,2,0,1,1,2020-08-05,1,0,1,2,1,100,1.0,1.0,1.0,0,0,26-100,0,1714.0
3403,Jobma,Accounting & Finance,2,0,1,1,2020-08-05,1,0,1,2,1,100,1.0,1.0,1.0,0,0,101-500,0,1714.0
3404,ssi,Accounting & Finance,1,0,1,1,2020-08-05,1,0,1,2,1,60,1.0,1.0,1.0,1,0,26-100,0,1714.0
3405,jobma,Accounting & Finance,72,0,1,1,2020-08-05,1,0,1,2,1,100,1.0,1.0,1.0,0,0,1-25,0,1714.0
3406,ssi,Accounting & Finance,73,0,1,1,2020-08-05,1,0,1,2,1,60,1.0,1.0,1.0,1,0,26-100,0,1714.0
3407,Jobma,Accounting & Finance,"3,7",0,1,1,2020-08-05,1,1,1,2,4,100,1.0,1.0,1.0,0,0,26-100,0,1714.0
3408,New Jazz HR,Accounting & Finance,72,0,1,1,2020-08-06,1,0,1,2,1,60,0.0,0.0,1.0,1,0,1-25,0,1713.0
3410,ssi,Accounting & Finance,"72,2",0,1,1,2020-08-07,1,0,1,2,1,100,1.0,1.0,1.0,0,0,26-100,0,1712.0
3411,ssi,Accounting & Finance,2,0,1,0,2020-08-07,1,0,1,1,0,100,1.0,1.0,1.0,0,0,26-100,0,1712.0
3412,Jobma,Accounting & Finance,"2,8,10",0,1,1,2020-08-08,1,1,1,2,2,100,1.0,1.0,1.0,0,0,26-100,0,1711.0
3413,Jobma,Accounting & Finance,"2,8,10",0,1,1,2020-08-08,1,1,1,2,2,100,1.0,1.0,1.0,0,0,26-100,0,1711.0
3414,Jobma,Accounting & Finance,"2,8,10",0,1,1,2020-08-09,1,1,1,2,2,100,1.0,1.0,1.0,0,0,26-100,0,1710.0
3415,Jobma,Accounting & Finance,"2,8,10",0,1,1,2020-08-09,1,1,1,2,2,100,1.0,1.0,1.0,0,0,26-100,0,1710.0
3417,ssi,Accounting & Finance,1,0,1,1,2020-08-24,1,1,1,2,2,60,1.0,1.0,1.0,1,0,1-25,0,1695.0
3418,SSI,Accounting & Finance,"2,8,10",0,1,1,2020-08-24,1,1,1,2,2,60,1.0,1.0,1.0,1,0,1-25,0,1695.0
3419,SSI,Accounting & Finance,"2,8,10",0,1,1,2020-08-24,1,1,1,2,1,60,1.0,1.0,1.0,1,0,1-25,0,1695.0
3420,SSI,Accounting & Finance,"2,8,10",0,1,1,2020-08-24,1,1,1,2,100,60,1.0,1.0,1.0,1,0,1-25,0,1695.0
3424,SDIL,Accounting & Finance,220,0,1,1,2020-08-25,1,0,1,2,1,60,1.0,1.0,1.0,1,0,26-100,0,1694.0
3425,Test,Accounting & Finance,2,0,1,1,2020-08-25,1,1,1,2,1,60,1.0,1.0,1.0,1,0,1-25,0,1694.0
3427,QWERTY,Accounting & Finance,221,0,1,1,2020-08-26,1,0,1,2,1,60,1.0,1.0,1.0,1,0,1-25,0,1693.0
3428,SG,Accounting & Finance,222,0,1,1,2020-08-26,1,0,1,2,1,60,1.0,1.0,1.0,1,0,1-25,0,1693.0
3429,Demo,Accounting & Finance,1,0,1,1,2020-08-26,1,1,1,2,4,100,1.0,1.0,1.0,0,0,26-100,0,1693.0
3430,Test,Accounting & Finance,8,0,1,1,2020-08-26,1,1,1,2,13,60,1.0,1.0,1.0,1,0,1-25,0,1693.0
3431,TEST,Accounting & Finance,"72,74,222",0,1,1,2020-08-26,1,0,1,2,1,60,1.0,1.0,1.0,1,0,26-100,0,1693.0
3432,AXD,Accounting & Finance,"72,222",0,1,1,2020-08-26,1,0,1,2,1,60,1.0,1.0,1.0,1,0,26-100,0,1693.0
3433,QW,Accounting & Finance,222,0,1,1,2020-08-26,1,1,1,2,2,60,1.0,1.0,1.0,1,0,1-25,0,1693.0
3434,Test,Accounting & Finance,2,0,1,0,2020-08-26,1,0,1,1,0,100,1.0,1.0,1.0,0,0,1-25,0,1693.0
3435,Test,Accounting & Finance,3,0,1,1,2020-08-26,1,1,1,2,100,60,1.0,1.0,1.0,1,0,101-500,0,1693.0
3436,GH,Accounting & Finance,"1,222",0,1,1,2020-08-26,1,0,1,2,1,60,1.0,1.0,1.0,1,0,1-25,0,1693.0
3437,Test,Accounting & Finance,2,0,1,1,2020-08-26,1,1,1,2,100,60,1.0,1.0,1.0,1,0,26-100,0,1693.0
3438,GH,Accounting & Finance,"1,222",0,1,1,2020-08-26,1,0,1,2,1,60,1.0,1.0,1.0,1,0,1-25,0,1693.0
3439,HJ,Accounting & Finance,"1,222",0,1,1,2020-08-26,1,0,1,2,1,60,1.0,1.0,1.0,1,0,1-25,0,1693.0
3440,LK,Accounting & Finance,2,0,1,1,2020-08-26,1,0,1,2,1,60,1.0,1.0,1.0,1,0,1-25,0,1693.0
3441,Test,Accounting & Finance,72,0,1,1,2020-08-27,1,1,1,2,2,60,1.0,1.0,1.0,1,0,1-25,0,1692.0
3442,sssi,Accounting & Finance,72,0,1,1,2020-08-27,1,0,1,2,1,60,1.0,1.0,1.0,1,0,1-25,0,1692.0
3443,Test,Accounting & Finance,2,0,1,1,2020-08-27,1,1,1,2,100,60,1.0,1.0,1.0,1,0,26-100,0,1692.0
3444,test,Accounting & Finance,2,0,1,1,2020-08-27,1,1,1,2,1,100,1.0,1.0,1.0,0,0,1-25,0,1692.0
3445,test,Accounting & Finance,7,0,1,1,2020-08-27,1,1,1,2,100,100,1.0,1.0,1.0,0,0,1-25,0,1692.0
3446,test,Accounting & Finance,72,0,1,1,2020-08-27,1,1,1,2,2,100,1.0,1.0,1.0,0,0,26-100,0,1692.0
3447,Test,Accounting & Finance,72,0,1,1,2020-08-27,1,1,1,2,2,60,1.0,1.0,1.0,1,0,500-1000,0,1692.0
3448,test,Accounting & Finance,2,0,1,1,2020-08-27,1,1,1,2,0,60,1.0,1.0,1.0,1,0,26-100,0,1692.0
3449,Test,Accounting & Finance,2,0,1,1,2020-08-27,1,0,1,2,1,60,1.0,1.0,1.0,1,0,26-100,0,1692.0
3450,sds,Accounting & Finance,234,0,1,1,2020-08-28,1,0,1,2,1,60,1.0,1.0,1.0,1,0,26-100,0,1691.0
3451,ssi,Accounting & Finance,3,0,1,1,2020-08-28,1,1,1,2,4,60,1.0,1.0,1.0,1,0,26-100,0,1691.0
3452,ssi,Accounting & Finance,4,0,1,1,2020-08-28,1,1,1,2,5,60,1.0,1.0,1.0,1,0,1-25,0,1691.0
3453,ssi,Accounting & Finance,2,0,1,1,2020-08-28,1,1,1,2,1,100,1.0,1.0,1.0,0,0,1-25,0,1691.0
3454,ssi,Accounting & Finance,2,0,1,1,2020-08-31,1,1,1,2,2,100,1.0,1.0,1.0,0,0,1-25,0,1688.0
3455,Test,Accounting & Finance,4,0,1,1,2020-08-31,1,1,1,2,0,100,1.0,1.0,1.0,0,0,26-100,0,1688.0
3456,ssi,Accounting & Finance,2,0,1,1,2020-08-31,1,1,1,2,2,60,1.0,1.0,1.0,1,0,1-25,0,1688.0
3457,Test,Accounting & Finance,72,0,1,1,2020-08-31,1,0,1,2,1,60,1.0,1.0,1.0,1,0,1-25,0,1688.0
3458,ssi,Accounting & Finance,"2,3",0,1,1,2020-08-31,1,1,1,2,2,60,1.0,1.0,1.0,1,0,26-100,0,1688.0
3459,jobma,Accounting & Finance,73,0,1,1,2020-08-31,1,0,1,2,1,60,1.0,1.0,1.0,1,0,26-100,0,1688.0
3460,ssi,Accounting & Finance,3,0,1,1,2020-08-31,1,1,1,2,3,60,1.0,1.0,1.0,1,0,500-1000,0,1688.0
3461,ssi,Accounting & Finance,3,0,1,1,2020-08-31,1,1,1,2,2,100,1.0,1.0,1.0,0,0,26-100,0,1688.0
3462,ssi,Accounting & Finance,2,0,1,1,2020-08-31,1,1,1,2,4,100,1.0,1.0,1.0,0,0,1-25,0,1688.0
3463,selectsource,Accounting & Finance,3,0,1,1,2020-08-31,1,1,1,2,100,100,1.0,1.0,1.0,0,0,26-100,0,1688.0
3464,ssi,Accounting & Finance,2,0,1,1,2020-08-31,1,1,1,2,1,60,1.0,1.0,1.0,1,0,101-500,0,1688.0
3466,Test,Accounting & Finance,72,0,1,1,2020-08-31,1,0,1,2,1,60,1.0,1.0,1.0,1,0,1-25,0,1688.0
3467,SSI,Accounting & Finance,73,0,1,1,2020-09-01,1,1,1,2,2,60,1.0,1.0,1.0,1,0,1-25,0,1687.0
3468,ssi,Accounting & Finance,72,0,1,1,2020-09-01,1,0,1,2,1,60,1.0,1.0,1.0,1,0,26-100,0,1687.0
3469,Jobma,Accounting & Finance,"2,74",0,1,1,2020-09-01,1,0,1,2,1,100,1.0,1.0,1.0,0,0,26-100,0,1687.0
3470,ssi,Accounting & Finance,72,0,1,1,2020-09-01,1,1,1,2,3,60,1.0,1.0,1.0,1,0,26-100,0,1687.0
3472,ssi,Accounting & Finance,2,0,1,1,2020-09-01,1,1,1,2,1,60,1.0,1.0,1.0,1,0,101-500,0,1687.0
3473,ssi,Accounting & Finance,2,0,1,1,2020-09-01,1,1,1,2,1,60,1.0,1.0,1.0,1,0,1-25,0,1687.0
3475,ssi,Accounting & Finance,72,0,1,1,2020-09-01,1,0,1,2,1,60,1.0,1.0,1.0,1,0,26-100,0,1687.0
3476,ssi,Accounting & Finance,3,0,1,1,2020-09-01,1,1,1,2,0,60,1.0,1.0,1.0,1,0,26-100,0,1687.0
3477,ssi,Accounting & Finance,2,0,1,0,2020-09-01,1,0,1,1,0,100,1.0,1.0,1.0,0,0,1-25,0,1687.0
3478,ssi,Accounting & Finance,"1,72",0,1,1,2020-09-02,1,0,1,2,1,60,1.0,1.0,1.0,1,0,26-100,0,1686.0
3480,ssi,Accounting & Finance,2,0,1,0,2020-09-02,1,0,1,1,0,100,1.0,1.0,1.0,0,0,26-100,0,1686.0
3481,Test,Accounting & Finance,72,0,1,1,2020-09-02,1,1,1,2,2,60,1.0,1.0,1.0,1,0,1-25,0,1686.0
3482,ssi,Accounting & Finance,72,0,1,1,2020-09-02,1,0,1,2,1,100,1.0,1.0,1.0,0,0,26-100,0,1686.0
3483,ssi,Accounting & Finance,2,0,1,1,2020-09-02,1,1,1,2,1,100,1.0,1.0,1.0,0,0,26-100,0,1686.0
3484,ssi,Accounting & Finance,"1,2",0,1,1,2020-09-02,1,1,1,2,5,60,1.0,1.0,1.0,1,0,26-100,0,1686.0
3488,ssi,Accounting & Finance,2,0,1,0,2020-09-02,1,0,1,1,0,100,1.0,1.0,1.0,0,0,1-25,0,1686.0
3489,ssi,Accounting & Finance,2,0,1,0,2020-09-02,1,0,1,1,0,100,1.0,1.0,1.0,0,0,1-25,0,1686.0
3490,ssi,Accounting & Finance,2,0,1,0,2020-09-02,1,0,1,1,0,100,1.0,1.0,1.0,0,0,1-25,0,1686.0
3492,Jobma,Accounting & Finance,2,0,1,1,2020-09-02,1,1,1,2,4,100,1.0,1.0,1.0,0,0,26-100,0,1686.0
3498,ssi,Accounting & Finance,3,0,1,1,2020-09-03,1,1,1,2,1,60,1.0,1.0,1.0,1,0,26-100,0,1685.0
3499,ssi,Accounting & Finance,72,0,1,1,2020-09-03,1,1,1,2,3,100,1.0,1.0,1.0,0,0,26-100,0,1685.0
3500,ssi,Accounting & Finance,2,0,1,1,2020-09-03,1,1,1,2,1,60,1.0,1.0,1.0,1,0,101-500,0,1685.0
3501,Jobma,Accounting & Finance,2,0,1,1,2020-09-03,1,1,1,2,3,100,1.0,1.0,1.0,0,0,1-25,0,1685.0
3502,ssi,Accounting & Finance,2,0,1,1,2020-09-03,1,1,1,2,9,60,1.0,1.0,1.0,1,0,26-100,0,1685.0
3503,test,Accounting & Finance,2,0,1,1,2020-09-03,1,0,1,2,1,60,1.0,1.0,1.0,1,0,26-100,0,1685.0
3504,SSI,Accounting & Finance,2,0,1,1,2020-09-03,1,0,1,2,1,60,1.0,1.0,1.0,1,0,26-100,0,1685.0
3508,ssi,Accounting & Finance,1,0,1,1,2020-09-03,1,1,1,2,1,100,1.0,1.0,1.0,0,0,1-25,0,1685.0
3510,Test,Accounting & Finance,2,0,1,1,2020-09-03,1,0,1,2,1,60,1.0,1.0,1.0,1,0,1-25,0,1685.0
3512,ssi,Accounting & Finance,2,0,1,1,2020-09-03,1,1,1,2,0,60,1.0,1.0,1.0,1,0,101-500,0,1685.0
3513,dfgsdf,Accounting & Finance,3,0,1,1,2020-09-04,1,1,1,2,0,60,1.0,1.0,1.0,1,0,26-100,0,1684.0
3514,dsgsdg,Accounting & Finance,3,0,1,1,2020-09-04,1,1,1,2,0,60,1.0,1.0,1.0,1,0,1-25,0,1684.0
3515,ssi,Accounting & Finance,"2,73,74",0,1,1,2020-09-04,1,0,1,2,1,60,1.0,1.0,1.0,1,0,26-100,0,1684.0
3516,werwer,Accounting & Finance,72,0,1,1,2020-09-04,1,0,1,2,1,60,1.0,1.0,1.0,1,0,26-100,0,1684.0
3517,ssi,Accounting & Finance,2,0,1,0,2020-09-04,1,0,1,1,0,100,1.0,1.0,1.0,0,0,26-100,0,1684.0
3518,test,Accounting & Finance,2,0,1,1,2020-09-04,1,0,1,2,1,60,1.0,1.0,1.0,1,0,1-25,0,1684.0
3522,ssi,Accounting & Finance,2,0,1,0,2020-09-07,1,0,1,1,0,100,1.0,1.0,1.0,0,0,26-100,0,1681.0
3523,ssi,Accounting & Finance,2,0,1,0,2020-09-07,1,0,1,1,0,100,1.0,1.0,1.0,0,0,26-100,0,1681.0
3535,ssi,Accounting & Finance,2,0,2,1,2020-09-07,1,1,1,1,1,100,1.0,1.0,1.0,0,0,1-25,0,1681.0
3536,IBM,Accounting & Finance,74,0,1,1,2020-09-07,1,1,1,2,3,60,1.0,1.0,1.0,1,0,1-25,0,1681.0
3538,ssi,Accounting & Finance,2,0,1,1,2020-09-08,1,0,1,2,1,60,1.0,1.0,1.0,1,0,500-1000,0,1680.0
3549,ssi,Accounting & Finance,73,0,1,1,2020-09-09,1,0,1,2,1,60,1.0,1.0,1.0,1,0,101-500,0,1679.0
3550,ssi,Accounting & Finance,73,0,1,1,2020-09-09,1,0,1,2,1,60,1.0,1.0,1.0,1,0,26-100,0,1679.0
3551,ssi,Accounting & Finance,1,0,1,1,2020-09-09,1,0,1,2,1,60,1.0,1.0,1.0,1,0,1-25,0,1679.0
3552,ssi,Accounting & Finance,73,0,1,1,2020-09-09,1,0,1,2,1,60,1.0,1.0,1.0,1,0,26-100,0,1679.0
3553,JObma,Accounting & Finance,2,0,1,1,2020-09-09,1,0,1,2,1,60,1.0,1.0,1.0,1,0,26-100,0,1679.0
3554,Jobma,Accounting & Finance,73,0,1,1,2020-09-10,1,0,1,2,1,60,1.0,1.0,1.0,1,0,26-100,0,1678.0
3555,Smart,Accounting & Finance,1,0,1,1,2020-09-10,1,0,1,2,1,60,1.0,1.0,1.0,1,0,1-25,0,1678.0
3556,Jobma,Accounting & Finance,2,0,1,0,2020-09-10,1,0,1,1,0,100,1.0,1.0,1.0,0,0,26-100,0,1678.0
3557,Dharu,Accounting & Finance,72,0,1,1,2020-09-10,1,1,1,2,2,60,1.0,1.0,1.0,1,0,1-25,0,1678.0
3558,dwadfawrfw,Accounting & Finance,2,0,1,1,2020-09-11,1,0,1,2,1,60,1.0,1.0,1.0,1,0,26-100,0,1677.0
3560,ssi,Accounting & Finance,"1,73,74",0,1,1,2020-09-11,1,1,1,2,4,60,1.0,1.0,1.0,1,0,101-500,0,1677.0
3561,JOBMA,Accounting & Finance,"72,3,75",0,1,1,2020-09-11,1,0,1,2,1,60,1.0,1.0,1.0,1,0,1-25,0,1677.0
3562,Arya,Accounting & Finance,73,0,1,1,2020-09-11,1,0,1,2,1,60,1.0,1.0,1.0,1,0,101-500,0,1677.0
3563,yathc,Accounting & Finance,72,0,1,1,2020-09-11,1,0,1,2,1,60,1.0,1.0,1.0,1,0,26-100,0,1677.0
3564,wttw,Accounting & Finance,72,0,1,1,2020-09-11,1,0,1,2,1,60,1.0,1.0,1.0,1,0,500-1000,0,1677.0
3565,hnas,Accounting & Finance,2,0,1,1,2020-09-11,1,0,1,2,1,60,1.0,1.0,1.0,1,0,101-500,0,1677.0
3566,Jobma,Accounting & Finance,72,0,1,1,2020-09-11,1,0,1,2,1,60,1.0,1.0,1.0,1,0,26-100,0,1677.0
3567,ssi,Accounting & Finance,2,0,1,1,2020-09-11,1,0,1,2,1,60,1.0,1.0,1.0,1,0,26-100,0,1677.0
3568,SSI,Accounting & Finance,74,0,1,1,2020-09-11,1,1,1,2,2,60,1.0,1.0,1.0,1,0,1-25,0,1677.0
3569,ssi,Accounting & Finance,2,0,1,1,2020-09-11,1,0,1,2,1,60,1.0,1.0,1.0,1,0,26-100,0,1677.0
3570,fsfsf,Accounting & Finance,2,0,1,1,2020-09-11,1,0,1,2,1,60,1.0,1.0,1.0,1,0,1-25,0,1677.0
3571,ssi,Accounting & Finance,73,0,1,1,2020-09-11,1,0,1,2,1,60,1.0,1.0,1.0,1,0,1-25,0,1677.0
3572,ssi,Accounting & Finance,73,0,1,1,2020-09-11,1,0,1,2,1,60,1.0,1.0,1.0,1,0,26-100,0,1677.0
3573,ssi,Accounting & Finance,73,0,1,1,2020-09-11,1,0,1,2,1,60,1.0,1.0,1.0,1,0,1-25,0,1677.0
3574,Jobma,Accounting & Finance,2,0,1,1,2020-09-11,1,0,1,2,1,60,1.0,1.0,1.0,1,0,26-100,0,1677.0
3575,Ghoda,Accounting & Finance,2,0,1,1,2020-09-11,1,0,1,2,1,60,1.0,1.0,1.0,1,0,101-500,0,1677.0
3576,ssi,Accounting & Finance,3,0,1,1,2020-09-11,1,1,1,2,6,60,1.0,1.0,1.0,1,0,26-100,0,1677.0
3577,ssi,Accounting & Finance,3,0,1,1,2020-09-11,1,1,1,2,100,60,1.0,1.0,1.0,1,0,1-25,0,1677.0
3578,ssi,Accounting & Finance,4,0,1,1,2020-09-11,1,1,1,2,2,60,1.0,1.0,1.0,1,0,1-25,0,1677.0
3579,JOBMA,Accounting & Finance,"72,3,75",0,1,1,2020-09-11,1,0,1,2,1,60,1.0,1.0,1.0,1,0,1-25,0,1677.0
3580,JOBMA,Accounting & Finance,"72,3,75",0,1,1,2020-09-11,1,0,1,2,1,60,1.0,1.0,1.0,1,0,1-25,0,1677.0
3581,JOBMA,Accounting & Finance,"72,3,75",0,1,1,2020-09-12,1,0,1,2,1,60,1.0,1.0,1.0,1,0,1-25,0,1676.0
3582,ad services,Accounting & Finance,2,0,2,0,2020-09-14,1,0,1,1,0,100,1.0,1.0,1.0,0,0,26-100,0,1674.0
3584,ad services,Accounting & Finance,2,0,2,0,2020-09-14,1,0,1,1,0,100,1.0,1.0,1.0,0,0,26-100,0,1674.0
3597,ssi,Accounting & Finance,3,0,1,1,2020-09-14,1,1,1,2,100,60,1.0,1.0,1.0,1,0,26-100,0,1674.0
3598,sdfsdf,Accounting & Finance,3,0,1,1,2020-09-14,1,1,1,2,100,60,1.0,1.0,1.0,1,0,26-100,0,1674.0
3599,SSI,Accounting & Finance,"2,8,10",0,1,1,2020-09-14,1,1,1,2,2,60,1.0,1.0,1.0,1,0,1-25,0,1674.0
3600,fgdfg,Accounting & Finance,4,0,1,1,2020-09-14,1,1,1,2,100,60,1.0,1.0,1.0,1,0,26-100,0,1674.0
3601,Test,Accounting & Finance,2,0,1,1,2020-09-14,1,0,1,2,1,60,1.0,1.0,1.0,1,0,1-25,0,1674.0
3602,Test,Accounting & Finance,2,0,1,1,2020-09-14,1,0,1,2,1,60,1.0,1.0,1.0,1,0,101-500,0,1674.0
3603,SSI,Accounting & Finance,"2,8,10",0,1,1,2020-09-14,1,1,1,2,2,60,1.0,1.0,1.0,1,0,1-25,0,1674.0
3604,ssi,Accounting & Finance,4,0,1,1,2020-09-14,1,1,1,2,4,60,1.0,1.0,1.0,1,0,26-100,0,1674.0
3605,Test,Accounting & Finance,2,0,1,1,2020-09-14,1,0,1,2,1,60,1.0,1.0,1.0,1,0,26-100,0,1674.0
3606,SSI,Accounting & Finance,"2,8,10",0,1,1,2020-09-14,1,1,1,2,2,60,1.0,1.0,1.0,1,0,1-25,0,1674.0
3607,SSI,Accounting & Finance,"2,8,10",0,1,1,2020-09-14,1,1,1,2,2,60,1.0,1.0,1.0,1,0,1-25,0,1674.0
3608,ssi,Accounting & Finance,3,0,1,1,2020-09-14,1,1,1,2,5,60,1.0,1.0,1.0,1,0,26-100,0,1674.0
3609,SSI,Accounting & Finance,"2,8,10",0,1,1,2020-09-14,1,1,1,2,2,60,1.0,1.0,1.0,1,0,1-25,0,1674.0
3610,JOBMA,Accounting & Finance,"72,3,75",0,1,1,2020-09-14,1,0,1,2,1,60,1.0,1.0,1.0,1,0,1-25,0,1674.0
3611,ssi,Accounting & Finance,4,0,1,1,2020-09-14,1,1,1,2,4,60,1.0,1.0,1.0,1,0,26-100,0,1674.0
3612,ssi,Accounting & Finance,3,0,1,1,2020-09-14,1,1,1,2,6,60,1.0,1.0,1.0,1,0,26-100,0,1674.0
3613,Jobma,Accounting & Finance,2,0,1,1,2020-09-14,1,1,1,2,0,60,1.0,1.0,1.0,1,0,1-25,0,1674.0
3614,Jobma,Accounting & Finance,"2,8,10",0,1,1,2020-09-14,1,1,1,2,2,100,1.0,1.0,1.0,0,0,26-100,0,1674.0
3615,ssi,Accounting & Finance,1,0,1,1,2020-09-14,1,1,1,2,3,100,1.0,1.0,1.0,0,0,26-100,0,1674.0
3616,ssi,Accounting & Finance,4,0,1,1,2020-09-14,1,1,1,2,103,60,1.0,1.0,1.0,1,0,26-100,0,1674.0
3617,Jobma,Accounting & Finance,"2,8,10",0,1,1,2020-09-14,1,1,1,2,2,100,1.0,1.0,1.0,0,0,26-100,0,1674.0
3618,Test,Accounting & Finance,73,0,1,1,2020-09-14,1,0,1,2,1,100,1.0,1.0,1.0,0,0,26-100,0,1674.0
3619,ssi,Accounting & Finance,2,0,1,1,2020-09-14,1,1,1,2,4,60,1.0,1.0,1.0,1,0,26-100,0,1674.0
3620,Jobma,Accounting & Finance,"2,8,10",0,1,1,2020-09-14,1,1,1,2,2,100,1.0,1.0,1.0,0,0,26-100,0,1674.0
3621,Jobma,Accounting & Finance,3,0,1,1,2020-09-14,1,1,1,2,0,100,1.0,1.0,1.0,0,0,1-25,0,1674.0
3622,ssi,Accounting & Finance,4,0,1,1,2020-09-14,1,1,1,2,100,60,1.0,1.0,1.0,1,0,101-500,0,1674.0
3623,ssi,Accounting & Finance,2,0,1,0,2020-09-14,1,0,1,1,0,100,1.0,1.0,1.0,0,0,26-100,0,1674.0
3624,ssi,Accounting & Finance,4,0,1,1,2020-09-14,1,1,1,2,6,60,1.0,1.0,1.0,1,0,26-100,0,1674.0
3625,dfdsf,Accounting & Finance,73,0,1,1,2020-09-14,1,0,1,2,1,60,1.0,1.0,1.0,1,0,26-100,0,1674.0
3626,Jobma,Accounting & Finance,"72,2",0,1,1,2020-09-15,1,1,1,2,5,60,1.0,1.0,1.0,1,0,1-25,0,1673.0
3627,Jobma,Accounting & Finance,2,0,1,0,2020-09-15,1,0,1,1,0,100,1.0,1.0,1.0,0,0,1-25,0,1673.0
3628,ssi,Accounting & Finance,2,0,1,1,2020-09-15,1,1,1,2,3,60,1.0,1.0,1.0,1,0,26-100,0,1673.0
3629,ssi,Accounting & Finance,"1,72,2",0,1,1,2020-09-15,1,1,1,2,2,60,1.0,1.0,1.0,1,0,1-25,0,1673.0
3630,ssi,Accounting & Finance,2,0,1,0,2020-09-15,1,0,1,1,0,100,1.0,1.0,1.0,0,0,1-25,0,1673.0
3631,ssi,Accounting & Finance,73,0,1,1,2020-09-15,1,1,1,2,5,60,1.0,1.0,1.0,1,0,26-100,0,1673.0
3632,ssi,Accounting & Finance,1,0,1,1,2020-09-15,1,0,1,2,1,100,1.0,1.0,1.0,0,0,1-25,0,1673.0
3633,ad services,Accounting & Finance,2,0,2,0,2020-09-15,1,0,1,1,0,100,1.0,1.0,1.0,0,0,26-100,0,1673.0
3634,ssi,Accounting & Finance,72,0,1,1,2020-09-15,1,0,1,2,1,60,1.0,1.0,1.0,1,0,1-25,0,1673.0
3635,prakash and entr,Accounting & Finance,2,0,1,1,2020-09-15,1,0,1,2,1,60,1.0,1.0,1.0,1,0,26-100,0,1673.0
3636,Test,Accounting & Finance,2,0,1,1,2020-09-15,1,0,1,2,1,60,1.0,1.0,1.0,1,0,26-100,0,1673.0
3637,Test,Accounting & Finance,73,0,1,1,2020-09-15,1,0,1,2,1,60,1.0,1.0,1.0,1,0,1-25,0,1673.0
3638,Jobma,Accounting & Finance,72,0,1,1,2020-09-15,1,0,1,2,1,60,1.0,1.0,1.0,1,0,26-100,0,1673.0
3639,Test,Accounting & Finance,72,0,1,1,2020-09-15,1,1,1,2,3,100,1.0,1.0,1.0,0,0,101-500,0,1673.0
3640,Test,Accounting & Finance,2,0,1,1,2020-09-15,1,1,1,2,0,60,1.0,1.0,1.0,1,0,26-100,0,1673.0
3641,Test,Accounting & Finance,2,0,1,1,2020-09-15,1,1,1,2,100,60,1.0,1.0,1.0,1,0,1-25,0,1673.0
3642,Test,Accounting & Finance,2,0,1,1,2020-09-15,1,1,1,2,1,60,1.0,1.0,1.0,1,0,101-500,0,1673.0
3643,Jobma,Accounting & Finance,2,0,1,1,2020-09-15,1,1,1,2,2,60,1.0,1.0,1.0,1,0,26-100,0,1673.0
3647,ssi,Accounting & Finance,73,0,1,1,2020-09-15,1,1,1,2,9,60,1.0,1.0,1.0,1,0,101-500,0,1673.0
3648,Test Pvt Ltd,Accounting & Finance,74,0,1,1,2020-09-15,1,0,1,2,1,100,1.0,1.0,1.0,0,0,1-25,0,1673.0
3649,Jobma,Accounting & Finance,72,0,1,1,2020-09-15,1,0,1,2,1,60,1.0,1.0,1.0,1,0,1-25,0,1673.0
3650,ssi,Accounting & Finance,4,0,1,1,2020-09-15,1,1,1,2,100,100,1.0,1.0,1.0,0,0,1-25,0,1673.0
3651,ssi,Accounting & Finance,"1,3",0,1,1,2020-09-15,1,1,1,2,100,100,1.0,1.0,1.0,0,0,26-100,0,1673.0
3652,ssi,Accounting & Finance,"3,4",0,1,1,2020-09-15,1,1,1,2,100,100,1.0,1.0,1.0,0,0,101-500,0,1673.0
3653,ssi,Accounting & Finance,72,0,1,1,2020-09-15,1,1,1,2,5,60,1.0,1.0,1.0,1,0,26-100,0,1673.0
3654,ssi,Accounting & Finance,1,0,1,1,2020-09-15,1,1,1,2,1,60,1.0,1.0,1.0,1,0,26-100,0,1673.0
3655,sda,Accounting & Finance,2,0,1,1,2020-09-15,1,0,1,2,1,60,1.0,1.0,1.0,1,0,1-25,0,1673.0
3656,ssi,Accounting & Finance,73,0,1,1,2020-09-15,1,0,1,2,1,60,1.0,1.0,1.0,1,0,101-500,0,1673.0
3658,ssi,Accounting & Finance,3,0,1,1,2020-09-15,1,1,1,2,100,100,1.0,1.0,1.0,0,0,101-500,0,1673.0
3659,ssi,Accounting & Finance,3,0,1,1,2020-09-18,1,1,1,2,100,60,1.0,1.0,1.0,1,0,26-100,0,1670.0
3660,ssi,Accounting & Finance,2,0,1,1,2020-09-18,1,0,1,2,1,60,1.0,1.0,1.0,1,0,26-100,0,1670.0
3661,ssi,Accounting & Finance,2,0,1,0,2020-09-18,1,0,1,1,0,100,1.0,1.0,1.0,0,0,26-100,0,1670.0
3662,ssi,Accounting & Finance,2,0,1,0,2020-09-18,1,0,1,1,0,100,1.0,1.0,1.0,0,0,1-25,0,1670.0
3663,ssi,Accounting & Finance,4,0,1,1,2020-09-18,1,1,1,2,100,100,1.0,1.0,1.0,0,0,1-25,0,1670.0
3664,ssi,Accounting & Finance,74,0,1,1,2020-09-18,1,0,1,2,1,60,1.0,1.0,1.0,1,0,26-100,0,1670.0
3665,SSP,Accounting & Finance,79,0,1,1,2020-09-18,1,0,1,2,1,60,1.0,1.0,1.0,1,0,26-100,0,1670.0
3666,ssi,Accounting & Finance,3,0,1,1,2020-09-18,1,1,1,2,5,100,1.0,1.0,1.0,0,0,26-100,0,1670.0
3667,ssi,Accounting & Finance,2,0,1,1,2020-09-18,1,1,1,2,1,60,1.0,1.0,1.0,1,0,26-100,0,1670.0
3668,SSP,Accounting & Finance,72,0,1,1,2020-09-18,1,1,1,2,3,60,1.0,1.0,1.0,1,0,1-25,0,1670.0
3669,ssi,Accounting & Finance,4,0,1,1,2020-09-18,1,1,1,2,3,60,1.0,1.0,1.0,1,0,1-25,0,1670.0
3670,ssi,Accounting & Finance,4,0,1,1,2020-09-18,1,1,1,2,3,60,1.0,1.0,1.0,1,0,26-100,0,1670.0
3671,ssi,Accounting & Finance,7,0,1,1,2020-09-18,1,1,1,2,4,60,1.0,1.0,1.0,1,0,26-100,0,1670.0
3672,ssi,Accounting & Finance,4,0,1,1,2020-09-18,1,1,1,2,100,60,1.0,1.0,1.0,1,0,101-500,0,1670.0
3673,ssi,Accounting & Finance,4,0,1,1,2020-09-18,1,1,1,2,100,60,1.0,1.0,1.0,1,0,26-100,0,1670.0
3674,ssi,Accounting & Finance,4,0,1,1,2020-09-18,1,1,1,2,100,60,1.0,1.0,1.0,1,0,26-100,0,1670.0
3675,ssi,Accounting & Finance,3,0,1,1,2020-09-18,1,1,1,2,100,60,1.0,1.0,1.0,1,0,1-25,0,1670.0
3676,SSS,Accounting & Finance,79,0,1,1,2020-09-18,1,1,1,2,100,60,1.0,1.0,1.0,1,0,1-25,0,1670.0
3677,WER,Accounting & Finance,75,0,1,1,2020-09-21,1,0,1,2,1,60,1.0,1.0,1.0,1,0,1-25,0,1667.0
3678,ssi,Accounting & Finance,72,0,1,1,2020-09-21,1,1,1,2,40,60,1.0,1.0,1.0,1,0,26-100,0,1667.0
3679,ssi,Accounting & Finance,2,0,1,0,2020-09-21,1,0,1,0,0,100,1.0,1.0,1.0,0,0,26-100,0,1667.0
3680,ad services,Accounting & Finance,2,0,2,0,2020-09-21,1,0,1,1,0,100,1.0,1.0,1.0,0,0,26-100,0,1667.0
3681,SSI,Accounting & Finance,222,0,1,1,2020-09-22,1,1,1,2,3,100,1.0,1.0,1.0,0,0,1-25,0,1666.0
3682,SSI,Accounting & Finance,4,0,1,1,2020-09-22,1,1,1,2,100,100,1.0,1.0,1.0,0,0,26-100,0,1666.0
3683,SSI,Accounting & Finance,4,0,1,1,2020-09-22,1,1,1,2,100,60,1.0,1.0,1.0,1,0,1-25,0,1666.0
3684,SSI,Accounting & Finance,4,0,1,1,2020-09-22,1,1,1,2,3,60,1.0,1.0,1.0,1,0,1-25,0,1666.0
3685,Jobma,Accounting & Finance,3,0,1,1,2020-09-22,1,1,1,2,100,60,1.0,1.0,1.0,1,0,26-100,0,1666.0
3686,ssi,Accounting & Finance,2,0,1,0,2020-09-22,1,0,1,1,0,100,1.0,1.0,1.0,0,0,1-25,0,1666.0
3687,ad services,Accounting & Finance,2,0,2,0,2020-09-22,1,1,1,1,1,100,1.0,1.0,1.0,0,0,26-100,0,1666.0
3688,Jobma,Accounting & Finance,3,0,1,1,2020-09-22,1,1,1,2,100,60,1.0,1.0,1.0,1,0,26-100,0,1666.0
3689,Test,Accounting & Finance,4,0,1,1,2020-09-22,1,1,1,2,100,60,1.0,1.0,1.0,1,0,26-100,0,1666.0
3690,Jobma,Accounting & Finance,3,0,1,1,2020-09-22,1,1,1,2,1,60,1.0,1.0,1.0,1,0,26-100,0,1666.0
3691,ssi,Accounting & Finance,1,0,1,1,2020-09-22,1,1,1,2,100,100,1.0,1.0,1.0,0,0,26-100,0,1666.0
3692,Test,Accounting & Finance,3,0,1,1,2020-09-22,1,1,1,2,0,60,1.0,1.0,1.0,1,0,500-1000,0,1666.0
3693,Jobma,Accounting & Finance,4,0,1,1,2020-09-22,1,1,1,2,100,60,1.0,1.0,1.0,1,0,26-100,0,1666.0
3694,Test,Accounting & Finance,74,0,1,1,2020-09-22,1,0,1,2,1,60,1.0,1.0,1.0,1,0,101-500,0,1666.0
3695,Jobma,Accounting & Finance,2,0,1,1,2020-09-22,1,1,1,2,100,60,1.0,1.0,1.0,1,0,26-100,0,1666.0
3696,Jobma,Accounting & Finance,3,0,1,1,2020-09-22,1,1,1,2,100,60,1.0,1.0,1.0,1,0,101-500,0,1666.0
3697,ad services,Accounting & Finance,2,0,2,0,2020-09-22,1,0,1,1,0,100,1.0,1.0,1.0,0,0,26-100,0,1666.0
3698,software developer,Accounting & Finance,2,0,1,1,2020-09-22,1,1,1,2,100,60,1.0,1.0,1.0,1,0,1-25,0,1666.0
3699,ssi,Accounting & Finance,2,0,1,1,2020-09-22,1,1,1,2,100,60,1.0,1.0,1.0,1,0,1-25,0,1666.0
3700,kjhkjh,Accounting & Finance,3,0,1,1,2020-09-22,1,1,1,2,100,60,1.0,1.0,1.0,1,0,1-25,0,1666.0
3701,ad services,Accounting & Finance,2,0,2,0,2020-09-22,1,1,1,1,1,100,1.0,1.0,1.0,0,0,26-100,0,1666.0
3702,kjhkjh,Accounting & Finance,3,0,1,1,2020-09-23,1,1,1,2,100,100,1.0,1.0,1.0,0,0,26-100,0,1665.0
3703,ad services,Accounting & Finance,2,0,2,0,2020-09-23,1,1,1,1,1,100,1.0,1.0,1.0,0,0,26-100,0,1665.0
3704,ad services,Accounting & Finance,2,0,2,0,2020-09-23,1,1,1,1,2,100,1.0,1.0,1.0,0,0,26-100,0,1665.0
3705,kjhkjh,Accounting & Finance,3,0,1,1,2020-09-23,1,1,1,2,100,100,1.0,1.0,1.0,0,0,1-25,0,1665.0
3706,ssi,Accounting & Finance,2,0,1,1,2020-09-23,1,1,1,2,100,100,1.0,1.0,1.0,0,0,101-500,0,1665.0
3707,software developer,Accounting & Finance,2,0,1,1,2020-09-23,1,1,1,2,100,100,1.0,1.0,1.0,0,0,1-25,0,1665.0
3708,Test,Accounting & Finance,73,0,1,1,2020-09-23,1,1,1,2,16,60,1.0,1.0,1.0,1,0,101-500,0,1665.0
3709,ssi,Accounting & Finance,2,0,1,1,2020-09-23,1,1,1,2,0,60,1.0,1.0,1.0,1,0,26-100,0,1665.0
3710,Test,Accounting & Finance,2,0,1,0,2020-09-23,1,1,1,1,5,100,1.0,1.0,1.0,0,0,1-25,0,1665.0
3711,ssi,Accounting & Finance,2,0,1,1,2020-09-23,1,1,1,2,0,60,1.0,1.0,1.0,1,0,26-100,0,1665.0
3712,Test,Accounting & Finance,74,0,1,1,2020-09-23,1,0,1,2,1,60,1.0,1.0,1.0,1,0,26-100,0,1665.0
3713,Test,Accounting & Finance,73,0,1,1,2020-09-23,1,1,1,2,4,60,1.0,1.0,1.0,1,0,1-25,0,1665.0
3714,Test,Accounting & Finance,2,0,1,0,2020-09-23,1,1,1,1,9,100,1.0,1.0,1.0,0,0,1-25,0,1665.0
3715,ssi,Accounting & Finance,2,0,1,1,2020-09-23,1,1,1,2,100,100,1.0,1.0,1.0,0,0,101-500,0,1665.0
3716,ssi,Accounting & Finance,2,0,1,0,2020-09-23,1,0,1,1,0,100,1.0,1.0,1.0,0,0,101-500,0,1665.0
3717,Test,Accounting & Finance,74,0,1,1,2020-09-23,1,1,1,2,7,100,1.0,1.0,1.0,0,0,1-25,0,1665.0
3718,Test,Accounting & Finance,2,0,1,0,2020-09-23,1,0,1,1,0,100,1.0,1.0,1.0,0,0,1-25,0,1665.0
3719,ssi,Accounting & Finance,2,0,1,1,2020-09-23,1,1,1,2,0,100,1.0,1.0,1.0,0,0,26-100,0,1665.0
3720,ssi,Accounting & Finance,2,0,1,1,2020-09-23,1,1,1,2,100,100,1.0,1.0,1.0,0,0,26-100,0,1665.0
3721,ssi,Accounting & Finance,1,0,1,1,2020-09-23,1,1,1,2,1,100,1.0,1.0,1.0,0,0,26-100,0,1665.0
3722,ssi,Accounting & Finance,2,0,1,0,2020-09-23,1,0,1,1,0,100,1.0,1.0,1.0,0,0,26-100,0,1665.0
3723,Test,Accounting & Finance,72,0,1,1,2020-09-23,1,1,1,2,4,60,1.0,1.0,1.0,1,0,1-25,0,1665.0
3724,ssi,Accounting & Finance,2,0,1,1,2020-09-24,1,0,1,2,1,60,1.0,1.0,1.0,1,0,101-500,0,1664.0
3725,Test,Accounting & Finance,3,0,1,1,2020-09-24,1,1,1,2,1,60,1.0,1.0,1.0,1,0,101-500,0,1664.0
3726,Test,Accounting & Finance,3,0,1,1,2020-09-24,1,1,1,2,4,60,1.0,1.0,1.0,1,0,101-500,0,1664.0
3727,Test,Accounting & Finance,3,0,1,1,2020-09-24,1,1,1,2,2,60,1.0,1.0,1.0,1,0,1-25,0,1664.0
3728,Test,Accounting & Finance,2,0,1,1,2020-09-24,1,0,1,2,1,60,1.0,1.0,1.0,1,0,26-100,0,1664.0
3729,Test,Accounting & Finance,74,1,1,1,2020-09-24,1,0,1,2,1,60,1.0,1.0,1.0,1,0,26-100,0,1664.0
3730,Test,Accounting & Finance,73,1,1,1,2020-09-24,1,0,1,2,1,60,1.0,1.0,1.0,1,0,1-25,0,1664.0
3731,Test,Accounting & Finance,72,0,1,1,2020-09-24,1,0,1,2,1,60,1.0,1.0,1.0,1,0,101-500,0,1664.0
3732,Test,Accounting & Finance,2,0,1,1,2020-09-24,1,0,1,2,1,60,1.0,1.0,1.0,1,0,1-25,0,1664.0
3733,Test,Accounting & Finance,73,1,1,1,2020-09-24,1,1,1,2,2,100,1.0,1.0,1.0,0,0,1-25,0,1664.0
3734,Test,Accounting & Finance,2,0,1,1,2020-09-24,1,1,1,2,100,100,1.0,1.0,1.0,0,0,1-25,0,1664.0
3735,jkhjlj,Accounting & Finance,72,0,1,1,2020-09-24,1,0,1,2,1,60,1.0,1.0,1.0,0,0,26-100,0,1664.0
3736,ssi,Accounting & Finance,2,0,1,0,2020-09-24,1,1,1,1,4,100,1.0,1.0,1.0,0,0,26-100,0,1664.0
3737,Test,Accounting & Finance,4,0,1,1,2020-09-24,1,1,1,2,1,60,1.0,1.0,1.0,1,0,26-100,0,1664.0
3738,Test,Accounting & Finance,2,0,1,1,2020-09-24,1,1,1,2,3,60,1.0,1.0,1.0,1,0,26-100,0,1664.0
3739,Test,Accounting & Finance,2,0,1,1,2020-09-24,1,1,1,2,2,60,1.0,1.0,1.0,1,0,1-25,0,1664.0
3740,JOBMA,Accounting & Finance,"72,3,75",0,1,1,2020-09-24,1,0,1,2,1,60,1.0,1.0,1.0,1,0,1-25,0,1664.0
3741,jkhjlj,Accounting & Finance,2,0,1,0,2020-09-24,1,0,1,1,0,100,1.0,1.0,1.0,0,0,1-25,0,1664.0
3742,ssi,Accounting & Finance,"3,75,76",2,1,1,2020-09-25,1,0,1,2,1,60,1.0,1.0,1.0,1,0,1-25,0,1663.0
3743,Test,Accounting & Finance,"2,73,74",1,1,1,2020-09-25,1,0,1,2,1,60,1.0,1.0,1.0,1,0,1-25,0,1663.0
3744,ssi,Accounting & Finance,2,0,1,0,2020-09-25,1,1,1,1,1,100,1.0,1.0,1.0,0,0,1-25,0,1663.0
3745,Test,Accounting & Finance,74,1,1,1,2020-09-25,1,0,1,2,1,60,1.0,1.0,1.0,1,0,1-25,0,1663.0
3746,fgh,Accounting & Finance,74,1,1,1,2020-09-25,1,1,1,1,13,60,1.0,1.0,1.0,1,0,1-25,0,1663.0
3747,Test,Accounting & Finance,74,1,1,1,2020-09-25,1,0,1,2,1,100,1.0,1.0,1.0,0,0,1-25,0,1663.0
3748,JOBMA,Accounting & Finance,"72,3,75",0,1,1,2020-09-25,1,0,1,2,1,60,1.0,1.0,1.0,1,0,1-25,0,1663.0
3749,ssi,Accounting & Finance,73,1,1,1,2020-09-25,1,0,1,2,1,60,1.0,1.0,1.0,1,0,1-25,0,1663.0
3750,JOBMA,Accounting & Finance,"72,3,75",0,1,1,2020-09-25,1,0,1,2,1,60,1.0,1.0,1.0,1,0,1-25,0,1663.0
3751,ssi,Accounting & Finance,73,1,1,1,2020-09-25,1,0,1,2,1,60,1.0,1.0,1.0,1,0,1-25,0,1663.0
3752,sdfsd,Accounting & Finance,74,1,1,1,2020-09-25,1,0,1,2,1,60,1.0,1.0,1.0,1,0,1-25,0,1663.0
3753,JOBMA,Accounting & Finance,"72,3,75",0,1,1,2020-09-25,1,0,1,2,1,60,1.0,1.0,1.0,1,0,1-25,0,1663.0
3754,sdfsd,Accounting & Finance,73,1,1,1,2020-09-25,1,1,1,2,4,100,1.0,1.0,1.0,0,0,1-25,0,1663.0
3755,sdfsd,Accounting & Finance,2,0,1,0,2020-09-25,1,0,1,1,0,100,1.0,1.0,1.0,0,0,1-25,0,1663.0
3756,ad services,Accounting & Finance,2,0,2,0,2020-09-25,1,0,1,1,0,100,1.0,1.0,1.0,0,0,26-100,0,1663.0
3757,ad services,Accounting & Finance,2,0,2,0,2020-09-25,1,0,1,1,0,100,1.0,1.0,1.0,0,0,26-100,0,1663.0
3758,ad services,Accounting & Finance,2,0,2,0,2020-09-25,1,0,1,1,0,100,1.0,1.0,1.0,0,0,26-100,0,1663.0
3759,ssi,Accounting & Finance,4,0,1,1,2020-09-25,1,1,1,2,100,100,1.0,1.0,1.0,0,0,101-500,0,1663.0
3760,JOBMA,Accounting & Finance,"72,3,75",0,1,1,2020-09-25,1,0,1,2,1,60,1.0,1.0,1.0,1,0,1-25,0,1663.0
3761,ssi,Accounting & Finance,4,0,1,1,2020-09-25,1,1,1,2,100,60,1.0,1.0,1.0,1,0,26-100,0,1663.0
3762,ssi,Accounting & Finance,2,0,1,0,2020-09-25,1,0,1,1,0,100,1.0,1.0,1.0,0,0,26-100,0,1663.0
3763,ssi,Accounting & Finance,3,0,1,1,2020-09-25,1,1,1,2,22,60,1.0,1.0,1.0,1,0,26-100,0,1663.0
3764,ssi,Accounting & Finance,2,0,1,0,2020-09-25,1,0,1,1,0,100,1.0,1.0,1.0,0,0,26-100,0,1663.0
3765,ssi,Accounting & Finance,2,0,1,1,2020-09-25,1,0,1,2,1,60,1.0,1.0,1.0,1,0,26-100,0,1663.0
3766,sdfsd,Accounting & Finance,3,1,1,1,2020-09-25,1,0,1,2,1,60,1.0,1.0,1.0,1,0,1-25,0,1663.0
3767,SSI,Accounting & Finance,"2,8,10",0,1,1,2020-09-25,1,1,1,2,2,60,1.0,1.0,1.0,1,0,1-25,0,1663.0
3768,hfgh,Accounting & Finance,3,0,1,1,2020-09-25,1,1,1,2,2,60,1.0,1.0,1.0,1,0,26-100,0,1663.0
3769,ssi,Accounting & Finance,2,0,1,0,2020-09-25,1,0,1,1,0,100,1.0,1.0,1.0,0,0,26-100,0,1663.0
3770,ssi,Accounting & Finance,2,0,1,0,2020-09-25,1,0,1,1,0,100,1.0,1.0,1.0,0,0,26-100,0,1663.0
3771,ssi,Accounting & Finance,3,0,1,1,2020-09-25,1,1,1,2,5,60,1.0,1.0,1.0,1,0,101-500,0,1663.0
3772,hfgh,Accounting & Finance,2,0,1,0,2020-09-25,1,0,1,1,0,100,1.0,1.0,1.0,0,0,26-100,0,1663.0
3773,ssi,Accounting & Finance,2,0,1,0,2020-09-25,1,0,1,1,0,100,1.0,1.0,1.0,0,0,101-500,0,1663.0
3774,hfgh,Accounting & Finance,3,0,1,1,2020-09-25,1,1,1,2,100,100,1.0,1.0,1.0,0,0,1-25,0,1663.0
3775,4564675765,Accounting & Finance,72,0,1,1,2020-09-25,1,0,1,2,1,100,1.0,1.0,1.0,0,0,101-500,0,1663.0
3776,4564675765,Accounting & Finance,2,0,1,0,2020-09-25,1,0,1,1,0,100,1.0,1.0,1.0,0,0,101-500,0,1663.0
3777,ssi,Accounting & Finance,1,0,1,1,2020-09-25,1,1,1,2,6,100,1.0,1.0,1.0,0,0,1-25,0,1663.0
3779,ssi,Accounting & Finance,4,0,1,1,2020-09-25,1,1,1,2,9,60,1.0,1.0,1.0,1,0,101-500,0,1663.0
3780,ssi,Accounting & Finance,2,0,1,0,2020-09-25,1,0,1,1,0,100,1.0,1.0,1.0,0,0,1-25,0,1663.0
3781,ssi,Accounting & Finance,2,0,1,0,2020-09-25,1,0,1,1,0,100,1.0,1.0,1.0,0,0,101-500,0,1663.0
3782,ssi,Accounting & Finance,2,0,1,0,2020-09-25,1,0,1,1,0,100,1.0,1.0,1.0,0,0,1-25,0,1663.0
3783,ssi,Accounting & Finance,73,0,1,1,2020-09-25,1,1,1,2,10,60,1.0,1.0,1.0,1,0,26-100,0,1663.0
3784,ssi,Accounting & Finance,2,0,1,0,2020-09-25,1,0,1,1,0,100,1.0,1.0,1.0,0,0,26-100,0,1663.0
3786,ssi,Accounting & Finance,2,0,1,0,2020-09-25,1,0,1,1,0,100,1.0,1.0,1.0,0,0,26-100,0,1663.0
3787,ssi,Accounting & Finance,4,0,1,1,2020-09-25,1,1,1,2,1,100,1.0,1.0,1.0,0,0,26-100,0,1663.0
3790,ssi,Accounting & Finance,2,0,1,0,2020-09-25,1,0,1,1,0,100,1.0,1.0,1.0,0,0,26-100,0,1663.0
3793,ssi,Accounting & Finance,73,1,1,1,2020-09-25,1,0,1,2,1,100,1.0,1.0,1.0,0,0,1-25,0,1663.0
3794,ssi,Accounting & Finance,73,1,1,1,2020-09-25,1,1,1,2,3,100,1.0,1.0,1.0,0,0,1-25,0,1663.0
3795,ssi,Accounting & Finance,73,2,1,1,2020-09-25,1,1,1,2,2,60,1.0,1.0,1.0,1,0,1-25,0,1663.0
3796,ssi,Accounting & Finance,2,0,1,0,2020-09-25,1,0,1,1,0,100,1.0,1.0,1.0,0,0,1-25,0,1663.0
3797,ssi,Accounting & Finance,74,0,1,1,2020-09-25,1,1,1,2,2,60,1.0,1.0,1.0,1,0,26-100,0,1663.0
3798,hfgh,Accounting & Finance,3,0,1,1,2020-09-25,1,1,1,2,6,60,1.0,1.0,1.0,1,0,26-100,0,1663.0
3799,ssi,Accounting & Finance,2,0,1,0,2020-09-25,1,0,1,1,0,100,1.0,1.0,1.0,0,0,1-25,0,1663.0
3800,SSI,Accounting & Finance,"2,8,10",0,1,1,2020-09-25,1,0,1,2,1,60,0.0,0.0,1.0,1,0,1-25,0,1663.0
3801,SSI,Accounting & Finance,"2,8,10",0,1,1,2020-09-25,1,0,1,2,1,100,1.0,1.0,1.0,0,0,1-25,0,1663.0
3802,Logitech,Accounting & Finance,"51,78",0,1,1,2020-09-28,1,0,1,2,1,60,1.0,1.0,1.0,1,0,500-1000,0,1660.0
3803,ssi,Accounting & Finance,4,0,1,1,2020-09-28,1,1,1,2,100,100,1.0,1.0,1.0,0,0,1-25,0,1660.0
3804,ssi,Accounting & Finance,2,0,1,0,2020-09-28,1,0,1,1,0,100,1.0,1.0,1.0,0,0,1-25,0,1660.0
3805,ssi,Accounting & Finance,3,0,1,1,2020-09-28,1,1,1,2,7,100,1.0,1.0,1.0,0,0,101-500,0,1660.0
3806,HCL,Accounting & Finance,"51,78",0,1,1,2020-09-28,1,1,1,2,12,60,1.0,1.0,1.0,1,0,500-1000,0,1660.0
3807,ssi,Accounting & Finance,2,0,1,0,2020-09-28,1,0,1,1,0,100,1.0,1.0,1.0,0,0,101-500,0,1660.0
3809,ssi,Accounting & Finance,2,0,1,0,2020-09-28,1,1,1,1,1,100,1.0,1.0,1.0,0,0,101-500,0,1660.0
3810,Test,Accounting & Finance,2,0,1,0,2020-09-28,1,0,1,1,0,100,1.0,1.0,1.0,0,0,1-25,0,1660.0
3811,ssi,Accounting & Finance,3,0,1,1,2020-09-28,1,1,1,2,2,100,1.0,1.0,1.0,0,0,26-100,0,1660.0
3812,ssi,Accounting & Finance,3,0,1,1,2020-09-28,1,1,1,2,8,100,1.0,1.0,1.0,0,0,1-25,0,1660.0
3815,ssi,Accounting & Finance,2,0,1,0,2020-09-28,1,1,1,1,1,100,1.0,1.0,1.0,0,0,1-25,0,1660.0
3816,DEMCO,Accounting & Finance,"74,75",0,1,1,2020-09-28,1,1,1,2,3,60,1.0,1.0,1.0,1,0,500-1000,0,1660.0
3818,Test,Accounting & Finance,2,0,1,1,2020-09-28,1,0,1,2,1,60,1.0,1.0,1.0,1,0,1-25,0,1660.0
3819,ssi,Accounting & Finance,1,0,1,1,2020-09-28,1,1,1,1,100,100,1.0,1.0,1.0,0,0,1-25,0,1660.0
3820,ssi,Accounting & Finance,2,0,1,0,2020-09-28,1,0,1,1,0,100,1.0,1.0,1.0,0,0,1-25,0,1660.0
3821,ssi,Accounting & Finance,2,0,1,0,2020-09-28,1,0,1,1,0,100,1.0,1.0,1.0,0,0,1-25,0,1660.0
3822,ssi,Accounting & Finance,2,0,1,0,2020-09-28,1,0,1,1,0,100,1.0,1.0,1.0,0,0,1-25,0,1660.0
3823,ssi,Accounting & Finance,2,0,1,0,2020-09-28,1,0,1,1,0,100,1.0,1.0,1.0,0,0,1-25,0,1660.0
3824,JOBMA,Accounting & Finance,"72,3,75",0,1,1,2020-09-28,1,0,1,2,1,60,1.0,1.0,1.0,1,0,1-25,0,1660.0
3825,ssi,Accounting & Finance,72,0,1,1,2020-09-28,1,1,1,2,2,100,1.0,1.0,1.0,0,0,26-100,0,1660.0
3826,ssi,Accounting & Finance,2,0,1,0,2020-09-28,1,0,1,1,0,100,1.0,1.0,1.0,0,0,26-100,0,1660.0
3827,ssi,Accounting & Finance,73,0,1,1,2020-09-28,1,1,1,2,7,100,1.0,1.0,1.0,0,0,1-25,0,1660.0
3828,ssi,Accounting & Finance,72,0,1,1,2020-09-28,1,0,1,2,1,60,0.0,0.0,1.0,1,0,26-100,0,1660.0
3829,fsdf,Accounting & Finance,72,1,1,1,2020-09-28,1,1,1,2,6,100,1.0,1.0,1.0,0,0,1-25,0,1660.0
3830,fsdf,Accounting & Finance,2,0,1,0,2020-09-28,1,0,1,1,0,100,1.0,1.0,1.0,0,0,1-25,0,1660.0
3831,SSI,Accounting & Finance,"2,8,10",0,1,1,2020-09-28,1,1,1,2,2,60,1.0,1.0,1.0,1,0,1-25,0,1660.0
3832,New Jazz HRing,Accounting & Finance,72,1,1,1,2020-09-29,1,0,1,2,1,100,1.0,1.0,1.0,0,0,1-25,0,1659.0
3833,xlq,Accounting & Finance,74,1,1,1,2020-09-29,1,0,1,2,1,100,1.0,1.0,1.0,0,0,1-25,0,1659.0
3834,hgjhgjkgk,Accounting & Finance,3,0,1,1,2020-09-29,1,0,1,2,1,60,0.0,0.0,1.0,1,0,26-100,0,1659.0
3835,Xyz,Accounting & Finance,72,1,1,1,2020-09-29,1,0,1,2,1,100,1.0,1.0,1.0,0,0,1-25,0,1659.0
3836,sdfsdf,Accounting & Finance,73,1,1,1,2020-09-29,1,0,1,2,1,100,1.0,1.0,1.0,0,0,1-25,0,1659.0
3837,Test,Accounting & Finance,74,0,1,1,2020-09-29,1,0,1,2,1,60,1.0,1.0,1.0,1,0,1-25,0,1659.0
3838,Test,Accounting & Finance,2,0,1,0,2020-09-29,1,0,1,1,0,100,1.0,1.0,1.0,0,0,1-25,0,1659.0
3839,ssi,Accounting & Finance,4,0,1,1,2020-09-29,1,1,1,2,2,60,1.0,1.0,1.0,1,0,26-100,0,1659.0
3840,ssi,Accounting & Finance,4,0,1,1,2020-09-29,1,1,1,2,0,60,1.0,1.0,1.0,1,0,101-500,0,1659.0
3841,sd,Accounting & Finance,74,1,1,1,2020-09-29,1,0,1,2,1,60,1.0,1.0,1.0,1,0,1-25,0,1659.0
3842,ssi,Accounting & Finance,3,0,1,1,2020-09-29,1,1,1,2,2,60,1.0,1.0,1.0,1,0,500-1000,0,1659.0
3843,ssi,Accounting & Finance,2,0,1,0,2020-09-29,1,0,1,1,0,100,1.0,1.0,1.0,0,0,500-1000,0,1659.0
3844,ssi,Accounting & Finance,73,0,1,1,2020-09-29,1,0,1,2,1,60,1.0,1.0,1.0,1,0,101-500,0,1659.0
3845,New Jazz HRing,Accounting & Finance,74,1,1,1,2020-09-29,1,0,1,2,1,100,1.0,1.0,1.0,0,0,1-25,0,1659.0
3846,sd,Accounting & Finance,3,0,1,1,2020-09-29,1,1,1,2,2,60,1.0,1.0,1.0,1,0,101-500,0,1659.0
3847,ssi,Accounting & Finance,74,1,1,1,2020-09-29,1,0,1,2,1,100,1.0,1.0,1.0,0,0,1-25,0,1659.0
3848,asd,Accounting & Finance,73,1,1,1,2020-09-29,1,0,1,2,1,60,1.0,1.0,1.0,1,0,1-25,0,1659.0
3849,asd,Accounting & Finance,2,0,1,0,2020-09-29,1,0,1,1,0,100,1.0,1.0,1.0,0,0,1-25,0,1659.0
3850,sd,Accounting & Finance,2,0,1,0,2020-09-29,1,0,1,1,0,100,1.0,1.0,1.0,0,0,101-500,0,1659.0
3852,NRI,Accounting & Finance,"74,75",0,1,1,2020-09-30,1,0,1,2,1,100,1.0,1.0,1.0,0,0,26-100,0,1658.0
3853,Logitech,Accounting & Finance,"7,15",0,1,1,2020-09-30,1,1,1,2,100,100,1.0,1.0,1.0,0,0,26-100,0,1658.0
3854,MIF,Accounting & Finance,"3,7",0,1,1,2020-09-30,1,1,1,2,100,60,1.0,1.0,1.0,1,0,26-100,0,1658.0
3855,Test,Accounting & Finance,2,0,1,1,2020-09-30,1,0,1,2,1,60,1.0,1.0,1.0,1,0,1-25,0,1658.0
3856,Test,Accounting & Finance,74,0,1,1,2020-09-30,1,0,1,2,1,60,1.0,1.0,1.0,1,0,1-25,0,1658.0
3857,Test,Accounting & Finance,2,0,1,1,2020-09-30,1,0,1,2,1,60,1.0,1.0,1.0,1,0,26-100,0,1658.0
3858,Test,Accounting & Finance,72,0,1,1,2020-09-30,1,0,1,2,1,60,1.0,1.0,1.0,1,0,101-500,0,1658.0
3859,Orange,Accounting & Finance,"1,73",0,1,1,2020-09-30,1,0,1,2,1,60,1.0,1.0,1.0,1,0,26-100,0,1658.0
3860,BT,Accounting & Finance,"2,73",0,1,1,2020-09-30,1,0,1,2,1,100,1.0,1.0,1.0,0,0,26-100,0,1658.0
3861,dfgdfg,Accounting & Finance,4,0,1,1,2020-09-30,1,1,1,2,2,60,1.0,1.0,1.0,1,0,26-100,0,1658.0
3862,Test,Accounting & Finance,73,0,1,1,2020-09-30,1,0,1,2,1,60,1.0,1.0,1.0,1,0,1-25,0,1658.0
3863,SSI,Accounting & Finance,74,1,1,1,2020-09-30,1,0,1,2,1,100,1.0,1.0,1.0,0,0,1-25,0,1658.0
3864,HP,Accounting & Finance,"1,3",0,1,1,2020-09-30,1,1,1,2,3,100,1.0,1.0,1.0,0,0,26-100,0,1658.0
3865,dfgdfg,Accounting & Finance,2,0,1,0,2020-09-30,1,0,1,0,0,100,1.0,1.0,1.0,0,0,26-100,0,1658.0
3866,JK TYRE,Accounting & Finance,"1,3",0,1,1,2020-09-30,1,1,1,2,3,60,1.0,1.0,1.0,1,0,26-100,0,1658.0
3867,EA,Accounting & Finance,"2,4",0,1,1,2020-09-30,1,1,1,2,3,60,1.0,1.0,1.0,1,0,26-100,0,1658.0
3868,SSI,Accounting & Finance,74,1,1,1,2020-09-30,1,0,1,2,1,100,1.0,1.0,1.0,0,0,1-25,0,1658.0
3869,Test,Accounting & Finance,"72,2",0,1,1,2020-09-30,1,0,1,2,1,60,1.0,1.0,1.0,1,0,101-500,0,1658.0
3870,Jobma,Accounting & Finance,73,0,1,1,2020-09-30,1,0,1,2,1,60,1.0,1.0,1.0,1,0,101-500,0,1658.0
3871,Test,Accounting & Finance,"1,2",0,1,1,2020-09-30,1,0,1,2,1,60,1.0,1.0,1.0,1,0,500-1000,0,1658.0
3872,Test,Accounting & Finance,72,0,1,1,2020-09-30,1,0,1,2,1,60,1.0,1.0,1.0,1,0,101-500,0,1658.0
3873,Jobma,Accounting & Finance,2,0,1,0,2020-09-30,1,0,1,1,0,100,1.0,1.0,1.0,0,0,101-500,0,1658.0
3874,Orange,Accounting & Finance,2,0,1,0,2020-09-30,1,0,1,0,0,100,1.0,1.0,1.0,0,0,26-100,0,1658.0
3875,DELL,Accounting & Finance,"2,3",0,1,1,2020-09-30,1,1,1,2,4,60,1.0,1.0,1.0,1,0,26-100,0,1658.0
3876,DELL,Accounting & Finance,4,0,1,1,2020-09-30,1,1,1,2,4,100,1.0,1.0,1.0,0,0,26-100,0,1658.0
3877,DELL,Accounting & Finance,3,0,1,1,2020-09-30,1,1,1,2,4,60,1.0,1.0,1.0,1,0,26-100,0,1658.0
3878,SSL,Accounting & Finance,"1,74",0,1,1,2020-09-30,1,0,1,2,1,60,1.0,1.0,1.0,1,0,26-100,0,1658.0
3879,Demo,Accounting & Finance,"2,73",0,1,1,2020-09-30,1,0,1,2,1,100,1.0,1.0,1.0,0,0,26-100,0,1658.0
3880,Test,Accounting & Finance,73,0,1,1,2020-09-30,1,1,1,2,2,60,1.0,1.0,1.0,1,0,101-500,0,1658.0
3881,ssi,Accounting & Finance,2,0,1,0,2020-09-30,1,0,1,1,0,100,1.0,1.0,1.0,0,0,26-100,0,1658.0
3882,Test,Accounting & Finance,72,0,1,1,2020-09-30,1,1,1,2,3,60,1.0,1.0,1.0,1,0,500-1000,0,1658.0
3883,Jobma,Accounting & Finance,2,0,1,1,2020-09-30,1,0,1,2,1,60,1.0,1.0,1.0,1,0,26-100,0,1658.0
3884,dfgdfg,Accounting & Finance,3,0,1,1,2020-09-30,1,1,1,2,1,100,1.0,1.0,1.0,0,0,26-100,0,1658.0
3885,dfgdfg,Accounting & Finance,2,0,1,0,2020-09-30,1,0,1,1,0,100,1.0,1.0,1.0,0,0,26-100,0,1658.0
3886,Jobma,Accounting & Finance,2,0,1,0,2020-09-30,1,0,1,1,0,100,1.0,1.0,1.0,0,0,26-100,0,1658.0
3887,JJ,Accounting & Finance,"3,7,16",0,1,1,2020-09-30,1,1,1,2,10,60,1.0,1.0,1.0,1,0,101-500,0,1658.0
3888,JJ,Accounting & Finance,"4,16,21",0,1,1,2020-09-30,1,1,1,2,100,60,1.0,1.0,1.0,1,0,101-500,0,1658.0
3889,JJ,Accounting & Finance,2,0,1,0,2020-09-30,1,0,1,1,0,100,1.0,1.0,1.0,0,0,101-500,0,1658.0
3890,EA,Accounting & Finance,"72,73",0,1,1,2020-09-30,1,0,1,2,1,100,1.0,1.0,1.0,0,0,26-100,0,1658.0
3891,ssi,Accounting & Finance,"2,3",0,1,1,2020-09-30,1,1,1,2,1,100,1.0,1.0,1.0,0,0,26-100,0,1658.0
3892,Jd,Accounting & Finance,"2,37,94",0,1,1,2020-09-30,1,1,1,2,10,100,1.0,1.0,1.0,0,0,26-100,0,1658.0
3893,ssi,Accounting & Finance,2,0,1,0,2020-09-30,1,0,1,1,0,100,1.0,1.0,1.0,0,0,26-100,0,1658.0
3894,SSI,Accounting & Finance,2,0,1,1,2020-09-30,1,0,1,2,1,60,1.0,1.0,1.0,1,0,1-25,0,1658.0
3895,selectsource,Accounting & Finance,72,0,1,1,2020-10-01,1,1,1,2,5,60,1.0,1.0,1.0,1,0,26-100,0,1657.0
3896,selectsource,Accounting & Finance,2,0,1,0,2020-10-01,1,0,1,1,0,100,1.0,1.0,1.0,0,0,26-100,0,1657.0
3897,ssi,Accounting & Finance,72,0,1,1,2020-10-01,1,0,1,2,1,100,1.0,1.0,1.0,0,0,26-100,0,1657.0
3898,ssi,Accounting & Finance,74,0,1,1,2020-10-01,1,1,1,1,6,60,1.0,1.0,1.0,1,0,26-100,0,1657.0
3899,Test,Accounting & Finance,72,0,1,1,2020-10-01,1,0,1,2,1,60,1.0,1.0,1.0,1,0,26-100,0,1657.0
3900,Test,Accounting & Finance,1,0,1,1,2020-10-01,1,1,1,2,3,60,1.0,1.0,1.0,1,0,101-500,0,1657.0
3901,ssi,Accounting & Finance,1,0,1,1,2020-10-01,1,0,1,2,1,100,1.0,1.0,1.0,0,0,26-100,0,1657.0
3902,ssi,Accounting & Finance,1,0,2,1,2020-10-01,1,1,1,2,17,100,1.0,1.0,1.0,0,0,26-100,0,1657.0
3903,ssi,Accounting & Finance,2,0,1,0,2020-10-01,1,0,1,1,0,100,1.0,1.0,1.0,0,0,26-100,0,1657.0
3904,Test,Accounting & Finance,2,0,1,0,2020-10-01,1,0,1,1,0,100,1.0,1.0,1.0,0,0,101-500,0,1657.0
3905,Test,Accounting & Finance,73,0,1,1,2020-10-01,1,0,1,2,1,60,1.0,1.0,1.0,1,0,26-100,0,1657.0
3906,commercial comp,Accounting & Finance,"76,4",0,2,1,2020-10-01,1,1,1,2,13,60,1.0,1.0,1.0,1,0,26-100,0,1657.0
3907,Test,Accounting & Finance,2,0,1,1,2020-10-01,1,0,1,2,1,60,1.0,1.0,1.0,1,0,500-1000,0,1657.0
3908,ssi,Accounting & Finance,2,0,1,0,2020-10-01,1,0,1,1,0,100,1.0,1.0,1.0,0,0,1-25,0,1657.0
3909,ssi,Accounting & Finance,2,0,1,0,2020-10-01,1,0,1,1,0,100,1.0,1.0,1.0,0,0,1-25,0,1657.0
3910,Test,Accounting & Finance,"1,2,74",0,1,1,2020-10-01,1,0,1,2,1,60,1.0,1.0,1.0,1,0,101-500,0,1657.0
3911,Test,Accounting & Finance,74,0,1,1,2020-10-01,1,0,1,2,1,60,1.0,1.0,1.0,1,0,1-25,0,1657.0
3912,Test,Accounting & Finance,74,0,1,1,2020-10-01,1,0,1,2,1,60,1.0,1.0,1.0,1,0,1-25,0,1657.0
3913,ssi,Accounting & Finance,3,0,1,1,2020-10-01,1,1,1,2,100,60,1.0,1.0,1.0,1,0,26-100,0,1657.0
3914,ssi,Accounting & Finance,2,0,1,0,2020-10-01,1,0,1,1,0,100,1.0,1.0,1.0,0,0,26-100,0,1657.0
3915,Test,Accounting & Finance,72,0,1,1,2020-10-01,1,0,1,2,1,60,1.0,1.0,1.0,1,0,500-1000,0,1657.0
3916,Test,Accounting & Finance,72,0,1,1,2020-10-01,1,0,1,2,1,60,1.0,1.0,1.0,1,0,101-500,0,1657.0
3917,Test,Accounting & Finance,1,0,1,1,2020-10-01,1,0,1,2,1,60,1.0,1.0,1.0,1,0,1-25,0,1657.0
3918,Test,Accounting & Finance,74,0,1,1,2020-10-01,1,0,1,2,1,60,1.0,1.0,1.0,1,0,26-100,0,1657.0
3919,Test,Accounting & Finance,3,0,1,1,2020-10-01,1,1,1,2,5,100,1.0,1.0,1.0,0,0,1-25,0,1657.0
3920,Test,Accounting & Finance,2,0,1,0,2020-10-01,1,0,1,1,0,100,1.0,1.0,1.0,0,0,1-25,0,1657.0
3921,Test,Accounting & Finance,7,0,1,1,2020-10-01,1,1,1,2,2,100,1.0,1.0,1.0,0,0,26-100,0,1657.0
3922,Test,Accounting & Finance,2,0,1,0,2020-10-01,1,0,1,1,0,100,1.0,1.0,1.0,0,0,26-100,0,1657.0
3923,EA Sports,Accounting & Finance,"72,74",0,1,1,2020-10-01,1,0,1,2,1,100,1.0,1.0,1.0,0,0,26-100,0,1657.0
3924,Test,Accounting & Finance,2,0,1,1,2020-10-01,1,0,1,2,1,60,1.0,1.0,1.0,1,0,26-100,0,1657.0
3925,ssi test,Accounting & Finance,2,0,1,1,2020-10-01,1,1,1,1,8,60,1.0,1.0,1.0,1,0,26-100,0,1657.0
3927,ssi,Accounting & Finance,2,0,1,1,2020-10-01,1,1,1,2,0,100,1.0,1.0,1.0,0,0,26-100,0,1657.0
3928,Test,Accounting & Finance,3,0,1,1,2020-10-01,1,1,1,2,0,60,1.0,1.0,1.0,1,0,101-500,0,1657.0
3929,QWE,Accounting & Finance,74,3,1,1,2020-10-01,1,0,1,2,1,100,1.0,1.0,1.0,0,0,1-25,0,1657.0
3930,QWE,Accounting & Finance,74,3,1,1,2020-10-01,1,0,1,2,1,100,1.0,1.0,1.0,0,0,1-25,0,1657.0
3931,QWE,Accounting & Finance,74,1,1,1,2020-10-01,1,0,1,2,1,60,1.0,1.0,1.0,1,0,1-25,0,1657.0
3932,QWE,Accounting & Finance,73,1,1,1,2020-10-01,1,0,1,2,1,60,1.0,1.0,1.0,1,0,26-100,0,1657.0
3933,ssi,Accounting & Finance,3,0,1,1,2020-10-01,1,1,1,2,0,60,1.0,1.0,1.0,1,0,26-100,0,1657.0
3934,ssi,Accounting & Finance,2,0,1,0,2020-10-05,1,0,1,1,0,100,1.0,1.0,1.0,0,0,26-100,0,1653.0
3935,Test,Accounting & Finance,73,0,1,1,2020-10-05,1,0,1,2,1,60,1.0,1.0,1.0,1,0,26-100,0,1653.0
3936,ssi,Accounting & Finance,73,2,1,1,2020-10-05,1,1,1,2,4,60,1.0,1.0,1.0,1,0,1-25,0,1653.0
3937,Test,Accounting & Finance,4,0,1,1,2020-10-05,1,1,1,2,2,100,1.0,1.0,1.0,0,0,26-100,0,1653.0
3938,Test,Accounting & Finance,2,0,1,0,2020-10-05,1,0,1,1,0,100,1.0,1.0,1.0,0,0,26-100,0,1653.0
3939,ssi,Accounting & Finance,2,0,1,0,2020-10-05,1,0,1,1,0,100,1.0,1.0,1.0,0,0,1-25,0,1653.0
3940,Test,Accounting & Finance,3,0,1,1,2020-10-05,1,1,1,2,3,100,1.0,1.0,1.0,0,0,26-100,0,1653.0
3941,Test,Accounting & Finance,4,0,1,1,2020-10-05,1,1,1,2,1,60,1.0,1.0,1.0,1,0,500-1000,0,1653.0
3942,ssi,Accounting & Finance,2,0,1,0,2020-10-05,1,0,1,1,0,100,1.0,1.0,1.0,0,0,26-100,0,1653.0
3944,Dell,Accounting & Finance,"73,74",0,1,1,2020-10-05,1,1,1,2,4,60,1.0,1.0,1.0,1,0,26-100,0,1653.0
3945,Test,Accounting & Finance,"3,7",0,1,1,2020-10-05,1,1,1,2,1,60,1.0,1.0,1.0,1,0,101-500,0,1653.0
3946,ssi,Accounting & Finance,73,0,1,1,2020-10-05,1,0,1,2,1,60,1.0,1.0,1.0,1,0,26-100,0,1653.0
3947,Test,Accounting & Finance,2,0,1,1,2020-10-05,1,0,1,2,1,60,1.0,1.0,1.0,1,0,26-100,0,1653.0
3948,ssi,Accounting & Finance,2,0,1,1,2020-10-05,1,0,1,1,1,60,1.0,1.0,1.0,1,0,26-100,0,1653.0
3949,Dell,Accounting & Finance,2,0,1,0,2020-10-05,1,0,1,1,0,100,1.0,1.0,1.0,0,0,26-100,0,1653.0
3950,Test,Accounting & Finance,"3,7,56",0,1,1,2020-10-05,1,1,1,2,100,100,1.0,1.0,1.0,0,0,26-100,0,1653.0
3951,Test,Accounting & Finance,2,0,1,0,2020-10-05,1,0,1,1,0,100,1.0,1.0,1.0,0,0,26-100,0,1653.0
3952,JOBMA,Accounting & Finance,"72,3,75",0,1,1,2020-10-05,1,0,1,2,1,60,1.0,1.0,1.0,1,0,1-25,0,1653.0
3953,Test,Accounting & Finance,2,0,1,1,2020-10-05,1,0,1,2,1,60,1.0,1.0,1.0,1,0,1-25,0,1653.0
3954,JOBMA,Accounting & Finance,"72,3,75",0,1,1,2020-10-05,1,0,1,2,1,60,1.0,1.0,1.0,1,0,1-25,0,1653.0
3955,JOBMA,Accounting & Finance,"72,3,75",0,1,1,2020-10-05,1,0,1,2,1,60,1.0,1.0,1.0,1,0,1-25,0,1653.0
3956,JOBMA,Accounting & Finance,"72,3,75",0,1,1,2020-10-05,1,0,1,2,1,60,1.0,1.0,1.0,1,0,1-25,0,1653.0
3957,ssi,Accounting & Finance,7,0,1,1,2020-10-05,1,1,1,2,2,100,1.0,1.0,1.0,0,0,1-25,0,1653.0
3958,JOBMA,Accounting & Finance,"72,3,75",0,1,1,2020-10-05,1,0,1,2,1,60,1.0,1.0,1.0,1,0,1-25,0,1653.0
3959,JOBMA,Accounting & Finance,"72,3,75",0,1,1,2020-10-05,1,0,1,2,1,60,1.0,1.0,1.0,1,0,1-25,0,1653.0
3960,Friday,Accounting & Finance,"74,3",0,1,1,2020-10-06,1,1,1,2,5,60,1.0,1.0,1.0,1,0,26-100,0,1652.0
3961,Friday1,Accounting & Finance,"2,73",0,1,1,2020-10-06,1,1,1,2,4,100,1.0,1.0,1.0,0,0,26-100,0,1652.0
3962,Friday1,Accounting & Finance,2,0,1,0,2020-10-06,1,0,1,1,0,100,1.0,1.0,1.0,0,0,26-100,0,1652.0
3963,Friday,Accounting & Finance,2,0,1,1,2020-10-06,1,0,1,1,0,100,1.0,1.0,1.0,0,0,26-100,0,1652.0
3964,Friday,Accounting & Finance,"3,4",0,1,1,2020-10-06,1,1,1,2,3,100,1.0,1.0,1.0,0,0,26-100,0,1652.0
3965,Friday,Accounting & Finance,2,0,1,0,2020-10-06,1,0,1,1,0,100,1.0,1.0,1.0,0,0,26-100,0,1652.0
3966,Friday,Accounting & Finance,"3,4",0,1,1,2020-10-06,1,1,1,2,3,60,1.0,1.0,1.0,1,0,26-100,0,1652.0
3967,Friday,Accounting & Finance,2,0,1,0,2020-10-06,1,0,1,1,0,100,1.0,1.0,1.0,0,0,26-100,0,1652.0
3968,ssi,Accounting & Finance,72,0,1,1,2020-10-06,1,0,1,2,1,100,1.0,1.0,1.0,0,0,26-100,0,1652.0
3969,ssi,Accounting & Finance,2,0,1,0,2020-10-06,1,0,1,1,0,100,1.0,1.0,1.0,0,0,26-100,0,1652.0
3970,Jobma,Accounting & Finance,2,0,1,1,2020-10-06,1,0,1,2,1,60,1.0,1.0,1.0,1,0,26-100,0,1652.0
3971,ssi,Accounting & Finance,4,0,1,1,2020-10-06,1,1,1,2,100,100,1.0,1.0,1.0,0,0,26-100,0,1652.0
3972,ssi,Accounting & Finance,74,1,1,1,2020-10-06,1,0,1,2,1,100,1.0,1.0,1.0,0,0,1-25,0,1652.0
3973,ssi,Accounting & Finance,2,0,1,1,2020-10-06,1,1,1,2,2,100,1.0,1.0,1.0,0,0,26-100,0,1652.0
3974,ssi,Accounting & Finance,3,0,1,1,2020-10-06,1,1,1,2,2,60,1.0,1.0,1.0,1,0,26-100,0,1652.0
3975,sds,Accounting & Finance,2,0,1,1,2020-10-06,1,0,1,2,1,60,1.0,1.0,1.0,1,0,26-100,0,1652.0
3976,ssi,Accounting & Finance,2,0,1,1,2020-10-06,1,0,1,2,1,60,1.0,1.0,1.0,1,0,101-500,0,1652.0
3977,ssi,Accounting & Finance,4,0,1,1,2020-10-07,1,1,1,2,5,100,1.0,1.0,1.0,0,0,26-100,0,1651.0
3978,select,Accounting & Finance,73,0,1,1,2020-10-07,1,1,1,2,4,60,1.0,1.0,1.0,1,0,26-100,0,1651.0
3979,ssi,Accounting & Finance,2,0,1,0,2020-10-07,1,0,1,1,0,100,1.0,1.0,1.0,0,0,26-100,0,1651.0
3980,ssi,Accounting & Finance,3,0,1,1,2020-10-07,1,1,1,2,100,100,1.0,1.0,1.0,0,0,26-100,0,1651.0
3981,ssi,Accounting & Finance,4,0,1,1,2020-10-07,1,1,1,2,12,100,1.0,1.0,1.0,0,0,26-100,0,1651.0
3982,select,Accounting & Finance,4,0,1,-1,2020-10-07,1,1,1,2,103,60,1.0,1.0,1.0,1,0,101-500,0,1651.0
3983,ssi,Accounting & Finance,2,0,1,0,2020-10-07,1,0,1,1,0,100,1.0,1.0,1.0,0,0,26-100,0,1651.0
3985,ssi,Accounting & Finance,74,1,1,1,2020-10-07,1,0,1,2,1,60,1.0,1.0,1.0,1,0,1-25,0,1651.0
3986,Jobma,Accounting & Finance,73,0,1,1,2020-10-07,1,0,1,2,1,60,0.0,0.0,1.0,1,0,500-1000,0,1651.0
3987,ssi,Accounting & Finance,74,1,1,1,2020-10-07,1,0,1,2,1,100,1.0,1.0,1.0,0,0,1-25,0,1651.0
3988,ssi,Accounting & Finance,3,1,1,1,2020-10-07,1,0,1,2,1,60,1.0,1.0,1.0,1,0,1-25,0,1651.0
3989,Test,Accounting & Finance,73,0,1,1,2020-10-08,1,0,1,2,1,60,1.0,1.0,1.0,1,0,101-500,0,1650.0
3990,Test,Accounting & Finance,2,0,1,0,2020-10-08,1,0,1,1,0,100,1.0,1.0,1.0,0,0,101-500,0,1650.0
3991,Tesr,Accounting & Finance,7,0,1,1,2020-10-08,1,1,1,2,3,60,1.0,1.0,1.0,1,0,26-100,0,1650.0
3992,Test,Accounting & Finance,2,0,1,1,2020-10-08,1,1,1,2,120,60,1.0,1.0,1.0,1,0,500-1000,0,1650.0
3993,Test,Accounting & Finance,7,0,1,1,2020-10-08,1,1,1,2,2,60,1.0,1.0,1.0,1,0,1-25,0,1650.0
3994,ssi,Accounting & Finance,2,0,1,0,2020-10-08,1,0,1,1,0,100,1.0,1.0,1.0,0,0,1-25,0,1650.0
3995,Test,Accounting & Finance,4,0,1,1,2020-10-08,1,1,1,2,2,60,1.0,1.0,1.0,1,0,101-500,0,1650.0
3996,Tesr,Accounting & Finance,2,0,1,0,2020-10-08,1,0,1,1,0,100,1.0,1.0,1.0,0,0,26-100,0,1650.0
3997,Test,Accounting & Finance,73,0,1,1,2020-10-08,1,0,1,2,1,60,1.0,1.0,1.0,1,0,26-100,0,1650.0
4000,Test,Accounting & Finance,73,0,1,1,2020-10-08,1,0,1,2,1,60,1.0,1.0,1.0,1,0,1-25,0,1650.0
4001,Test,Accounting & Finance,2,0,1,0,2020-10-08,1,0,1,1,0,100,1.0,1.0,1.0,0,0,1-25,0,1650.0
4002,SSI,Accounting & Finance,2,0,1,1,2020-10-08,1,0,1,2,1,60,1.0,1.0,1.0,1,0,500-1000,0,1650.0
4003,Jobma,Accounting & Finance,2,0,1,1,2020-10-08,1,0,1,2,1,60,1.0,1.0,1.0,1,0,500-1000,0,1650.0
4004,Jobma,Accounting & Finance,2,0,1,0,2020-10-08,1,0,1,1,0,100,1.0,1.0,1.0,0,0,1-25,0,1650.0
4005,SSI,Accounting & Finance,72,0,1,1,2020-10-08,1,0,1,2,1,60,1.0,1.0,1.0,1,0,1-25,0,1650.0
4006,ssi,Accounting & Finance,3,0,1,1,2020-10-08,1,1,1,2,100,100,1.0,1.0,1.0,0,0,101-500,0,1650.0
4007,ssi,Accounting & Finance,3,0,1,1,2020-10-08,1,1,1,2,2,100,1.0,1.0,1.0,0,0,101-500,0,1650.0
4008,SSI,Accounting & Finance,2,0,1,0,2020-10-08,1,0,1,1,0,100,1.0,1.0,1.0,0,0,1-25,0,1650.0
4009,mhghjghj,Accounting & Finance,2,0,1,1,2020-10-08,1,1,1,2,0,60,1.0,1.0,1.0,1,0,1-25,0,1650.0
4010,SSI,Accounting & Finance,72,0,1,1,2020-10-08,1,0,1,2,1,60,1.0,1.0,1.0,1,0,1-25,0,1650.0
4011,Test,Accounting & Finance,72,0,1,1,2020-10-08,1,0,1,2,1,60,1.0,1.0,1.0,1,0,101-500,0,1650.0
4012,Test,Accounting & Finance,2,0,1,0,2020-10-08,1,0,1,1,0,100,1.0,1.0,1.0,0,0,1-25,0,1650.0
4013,SSI,Accounting & Finance,"4,7",0,1,1,2020-10-09,1,1,1,2,10,100,1.0,1.0,1.0,0,0,26-100,0,1649.0
4014,SSI,Accounting & Finance,"3,4",0,1,1,2020-10-09,1,1,1,2,10,60,1.0,1.0,1.0,1,0,26-100,0,1649.0
4015,select,Accounting & Finance,2,0,1,1,2020-10-09,1,1,1,2,10,60,1.0,1.0,1.0,1,0,1-25,0,1649.0
4016,Logic2020,Accounting & Finance,"4,7",0,1,1,2020-10-09,1,1,1,2,100,60,1.0,1.0,1.0,1,0,101-500,0,1649.0
4017,ssi,Accounting & Finance,"7,124",0,1,1,2020-10-09,1,0,1,2,1,100,1.0,1.0,1.0,0,0,26-100,0,1649.0
4018,SSI,Accounting & Finance,"2,4",0,1,1,2020-10-09,1,1,1,2,100,60,1.0,1.0,1.0,1,0,101-500,0,1649.0
4020,Test,Accounting & Finance,2,0,1,1,2020-10-09,1,1,1,2,2,60,1.0,1.0,1.0,1,0,500-1000,0,1649.0
4021,SSI,Accounting & Finance,"2,4",0,1,1,2020-10-09,1,1,1,2,100,60,1.0,1.0,1.0,1,0,26-100,0,1649.0
4022,ssi,Accounting & Finance,3,0,1,1,2020-10-09,1,1,1,2,2,60,1.0,1.0,1.0,1,0,26-100,0,1649.0
4023,Jobma,Accounting & Finance,"72,74,3",1,1,1,2020-10-09,1,1,1,2,2,60,1.0,1.0,1.0,1,0,101-500,0,1649.0
4024,dshfgsjgf,Accounting & Finance,72,0,1,1,2020-10-09,1,0,1,2,1,60,1.0,1.0,1.0,1,0,26-100,0,1649.0
4025,dshfgsjgf,Accounting & Finance,2,0,1,0,2020-10-09,1,0,1,1,0,100,1.0,1.0,1.0,0,0,26-100,0,1649.0
4026,ssi,Accounting & Finance,1,0,1,1,2020-10-09,1,1,1,2,2,100,1.0,1.0,1.0,0,0,26-100,0,1649.0
4027,Jobma,Accounting & Finance,2,0,1,0,2020-10-09,1,0,1,1,0,100,1.0,1.0,1.0,0,0,101-500,0,1649.0
4028,SSi,Accounting & Finance,4,0,1,1,2020-10-09,1,1,1,2,10,60,1.0,1.0,1.0,1,0,26-100,0,1649.0
4029,select,Accounting & Finance,4,0,1,1,2020-10-09,1,1,1,2,0,60,1.0,1.0,1.0,1,0,26-100,0,1649.0
4030,SSI,Accounting & Finance,2,0,1,1,2020-10-09,1,1,1,2,100,60,1.0,1.0,1.0,1,0,26-100,0,1649.0
4031,SSI,Accounting & Finance,"2,4",0,1,1,2020-10-09,1,1,1,2,10,60,1.0,1.0,1.0,1,0,26-100,0,1649.0
4032,Test,Accounting & Finance,2,0,1,1,2020-10-09,1,0,1,2,1,60,1.0,1.0,1.0,1,0,26-100,0,1649.0
4033,SSI,Accounting & Finance,2,0,1,1,2020-10-09,1,1,1,2,100,60,1.0,1.0,1.0,1,0,101-500,0,1649.0
4034,SSI,Accounting & Finance,4,0,1,1,2020-10-09,1,1,1,2,10,60,1.0,1.0,1.0,1,0,26-100,0,1649.0
4035,SSI,Accounting & Finance,4,0,1,1,2020-10-09,1,1,1,2,100,60,1.0,1.0,1.0,1,0,101-500,0,1649.0
4036,SSI,Accounting & Finance,4,0,1,1,2020-10-09,1,1,1,2,10,60,1.0,1.0,1.0,1,0,101-500,0,1649.0
4037,select,Accounting & Finance,2,0,1,1,2020-10-09,1,1,1,1,0,60,1.0,1.0,1.0,1,0,1-25,0,1649.0
4038,reter,Accounting & Finance,3,0,1,1,2020-10-09,1,1,1,2,2,60,1.0,1.0,1.0,1,0,26-100,0,1649.0
4039,Test,Accounting & Finance,73,0,1,1,2020-10-09,1,1,1,2,3,60,1.0,1.0,1.0,1,0,500-1000,0,1649.0
4040,select,Accounting & Finance,3,0,1,1,2020-10-09,1,1,1,2,2,60,1.0,1.0,1.0,1,0,26-100,0,1649.0
4041,select,Accounting & Finance,2,0,1,0,2020-10-09,1,0,1,1,0,100,1.0,1.0,1.0,0,0,26-100,0,1649.0
4042,SSI,Accounting & Finance,"2,4",0,1,1,2020-10-09,1,1,1,2,100,60,1.0,1.0,1.0,1,0,26-100,0,1649.0
4043,ssi,Accounting & Finance,"1,72",0,1,1,2020-10-09,1,0,1,2,1,100,1.0,1.0,1.0,0,0,26-100,0,1649.0
4044,SSI,Accounting & Finance,4,0,1,1,2020-10-09,1,1,1,2,10,60,1.0,1.0,1.0,1,0,26-100,0,1649.0
4045,SSI,Accounting & Finance,2,0,1,1,2020-10-09,1,1,1,2,10,60,1.0,1.0,1.0,1,0,26-100,0,1649.0
4046,SSI,Accounting & Finance,"2,4",0,1,1,2020-10-09,1,1,1,2,100,60,1.0,1.0,1.0,1,0,101-500,0,1649.0
4047,SSI,Accounting & Finance,"2,4",0,1,1,2020-10-09,1,1,1,2,10,60,1.0,1.0,1.0,1,0,101-500,0,1649.0
4048,Jobma,Accounting & Finance,2,1,1,1,2020-10-09,1,0,1,2,1,60,1.0,1.0,1.0,1,0,1-25,0,1649.0
4049,ssi,Accounting & Finance,2,0,1,1,2020-10-09,1,1,1,2,1,100,1.0,1.0,1.0,0,0,26-100,0,1649.0
4050,Jobma,Accounting & Finance,74,1,1,1,2020-10-09,1,0,1,2,1,100,1.0,1.0,1.0,0,0,1-25,0,1649.0
4051,Jobma,Accounting & Finance,73,1,1,1,2020-10-09,1,0,1,2,1,60,1.0,1.0,1.0,1,0,1-25,0,1649.0
4052,sdfsd,Accounting & Finance,73,1,1,1,2020-10-09,1,0,1,2,1,100,1.0,1.0,1.0,0,0,1-25,0,1649.0
4053,dasDAD,Accounting & Finance,73,1,1,1,2020-10-09,1,0,1,2,1,100,1.0,1.0,1.0,0,0,1-25,0,1649.0
4054,ssi,Accounting & Finance,"2,74,3",1,1,1,2020-10-12,1,1,1,2,5,100,1.0,1.0,1.0,0,0,1-25,0,1646.0
4055,ssi,Accounting & Finance,2,0,1,0,2020-10-12,1,0,1,1,0,100,1.0,1.0,1.0,0,0,1-25,0,1646.0
4056,ssi,Accounting & Finance,2,0,1,0,2020-10-12,1,0,1,1,0,100,1.0,1.0,1.0,0,0,1-25,0,1646.0
4057,ssi,Accounting & Finance,2,0,1,0,2020-10-12,1,0,1,1,0,100,1.0,1.0,1.0,0,0,1-25,0,1646.0
4058,sdf,Accounting & Finance,3,0,1,1,2020-10-12,1,1,1,1,2,100,1.0,1.0,1.0,0,0,101-500,0,1646.0
4059,sdf,Accounting & Finance,4,0,1,1,2020-10-12,1,1,1,1,6,60,1.0,1.0,1.0,1,0,500-1000,0,1646.0
4060,sdf,Accounting & Finance,2,0,1,0,2020-10-12,1,0,1,1,0,100,1.0,1.0,1.0,0,0,500-1000,0,1646.0
4062,sdf,Accounting & Finance,3,0,1,1,2020-10-12,1,1,1,2,0,60,1.0,1.0,1.0,1,0,500-1000,0,1646.0
4063,ssi,Accounting & Finance,74,0,1,1,2020-10-12,1,1,1,2,6,60,1.0,1.0,1.0,1,0,101-500,0,1646.0
4064,dgfsdf,Accounting & Finance,73,0,1,1,2020-10-12,1,0,1,2,1,60,1.0,1.0,1.0,1,0,26-100,0,1646.0
4065,interviewrate,Accounting & Finance,"1,72,73",0,1,1,2020-10-12,1,0,1,2,1,60,1.0,1.0,1.0,1,0,26-100,0,1646.0
4066,fxdfx,Accounting & Finance,73,0,1,1,2020-10-12,1,0,1,2,1,100,1.0,1.0,1.0,0,0,101-500,0,1646.0
4067,dg,Accounting & Finance,73,0,1,1,2020-10-12,1,0,1,2,1,60,1.0,1.0,1.0,1,0,500-1000,0,1646.0
4068,dg,Accounting & Finance,2,0,1,0,2020-10-12,1,0,1,1,0,100,1.0,1.0,1.0,0,0,500-1000,0,1646.0
4070,interviewrate,Accounting & Finance,2,0,1,0,2020-10-13,1,0,1,1,0,100,1.0,1.0,1.0,0,0,26-100,0,1645.0
4071,ssi,Accounting & Finance,73,0,1,1,2020-10-13,1,1,1,2,4,60,1.0,1.0,1.0,1,0,26-100,0,1645.0
4072,ssi,Accounting & Finance,2,0,1,0,2020-10-13,1,0,1,1,0,100,1.0,1.0,1.0,0,0,1-25,0,1645.0
4073,ssi,Accounting & Finance,2,0,1,0,2020-10-13,1,0,1,1,0,100,1.0,1.0,1.0,0,0,1-25,0,1645.0
4074,ssi,Accounting & Finance,3,0,1,1,2020-10-13,1,1,1,2,3,60,1.0,1.0,1.0,1,0,26-100,0,1645.0
4075,ssi,Accounting & Finance,2,0,1,1,2020-10-13,1,1,1,2,4,60,1.0,1.0,1.0,1,0,26-100,0,1645.0
4076,ssi,Accounting & Finance,2,0,1,0,2020-10-13,1,0,1,1,0,100,1.0,1.0,1.0,0,0,26-100,0,1645.0
4077,ssi,Accounting & Finance,2,0,1,0,2020-10-13,1,0,1,1,0,100,1.0,1.0,1.0,0,0,26-100,0,1645.0
4079,Test,Accounting & Finance,72,0,1,1,2020-10-14,1,0,1,2,1,100,1.0,1.0,1.0,0,0,26-100,0,1644.0
4080,Test,Accounting & Finance,73,0,1,1,2020-10-14,1,1,1,2,5,100,1.0,1.0,1.0,0,0,500-1000,0,1644.0
4081,Test,Accounting & Finance,2,0,1,0,2020-10-14,1,0,1,1,0,100,1.0,1.0,1.0,0,0,500-1000,0,1644.0
4082,"Testing  Industries and Corporations, Private Limited",Accounting & Finance,"2,73",0,1,1,2020-10-14,1,1,1,2,4,100,1.0,1.0,1.0,0,0,101-500,0,1644.0
4083,"Testing  Industries and Corporations, Private Limited",Accounting & Finance,2,0,1,0,2020-10-14,1,0,1,1,0,100,1.0,1.0,1.0,0,0,101-500,0,1644.0
4084,Test,Accounting & Finance,72,0,1,1,2020-10-14,1,0,1,2,1,60,1.0,1.0,1.0,1,0,26-100,0,1644.0
4085,Test,Accounting & Finance,2,0,1,0,2020-10-14,1,0,1,1,0,100,1.0,1.0,1.0,0,0,26-100,0,1644.0
4086,NRI Corporations and Sons Private Limited,Accounting & Finance,"1,2,4",0,1,1,2020-10-14,1,1,1,2,100,100,1.0,1.0,1.0,0,0,1-25,0,1644.0
4087,NRI Corporations and Sons Private Limited,Accounting & Finance,2,0,1,0,2020-10-14,1,0,1,1,0,100,1.0,1.0,1.0,0,0,1-25,0,1644.0
4088,Test,Accounting & Finance,"1,2,3",0,1,1,2020-10-14,1,1,1,2,107,100,1.0,1.0,1.0,0,0,26-100,0,1644.0
4089,Test,Accounting & Finance,2,0,1,0,2020-10-14,1,0,1,1,0,100,1.0,1.0,1.0,0,0,26-100,0,1644.0
4090,Test,Accounting & Finance,2,0,1,0,2020-10-14,1,0,1,1,0,100,1.0,1.0,1.0,0,0,26-100,0,1644.0
4091,Test,Accounting & Finance,2,0,1,0,2020-10-14,1,0,1,1,0,100,1.0,1.0,1.0,0,0,26-100,0,1644.0
4092,Test,Accounting & Finance,2,0,1,0,2020-10-14,1,0,1,1,0,100,1.0,1.0,1.0,0,0,26-100,0,1644.0
4093,Test,Accounting & Finance,2,0,1,0,2020-10-14,1,0,1,1,0,100,1.0,1.0,1.0,0,0,26-100,0,1644.0
4094,SSL,Accounting & Finance,4,0,1,1,2020-10-14,1,1,1,2,2,100,1.0,1.0,1.0,0,0,26-100,0,1644.0
4095,SSL,Accounting & Finance,2,0,1,0,2020-10-14,1,0,1,1,0,100,1.0,1.0,1.0,0,0,26-100,0,1644.0
4096,Test Pvt Ltd ~!@#$%^&*()_+_+-,Accounting & Finance,3,0,1,1,2020-10-14,1,1,1,2,3,100,1.0,1.0,1.0,0,0,1-25,0,1644.0
4097,Test Pvt Ltd ~!@#$%^&*()_+_+-,Accounting & Finance,2,0,1,0,2020-10-14,1,0,1,1,0,100,1.0,1.0,1.0,0,0,1-25,0,1644.0
4098,Test Pvt Ltd ~!@#$%^&*()_+_+-,Accounting & Finance,2,0,1,0,2020-10-14,1,0,1,1,0,100,1.0,1.0,1.0,0,0,1-25,0,1644.0
4099,Test Company Pvt Ltd.,Accounting & Finance,3,0,1,1,2020-10-14,1,1,1,2,106,100,1.0,1.0,1.0,0,0,26-100,0,1644.0
4100,Test Company Pvt Ltd.,Accounting & Finance,2,0,1,0,2020-10-14,1,0,1,1,0,100,1.0,1.0,1.0,0,0,26-100,0,1644.0
4101,Test Company Pvt Ltd.,Accounting & Finance,2,0,1,0,2020-10-14,1,0,1,1,0,100,1.0,1.0,1.0,0,0,26-100,0,1644.0
4102,ssi,Accounting & Finance,2,0,1,0,2020-10-14,1,0,1,1,0,100,1.0,1.0,1.0,0,0,101-500,0,1644.0
4103,ssi,Accounting & Finance,2,0,1,1,2020-10-14,1,0,1,2,1,60,1.0,1.0,1.0,1,0,500-1000,0,1644.0
4104,ssi,Accounting & Finance,73,0,1,1,2020-10-14,1,1,1,2,7,60,1.0,1.0,1.0,1,0,500-1000,0,1644.0
4105,ssi,Accounting & Finance,74,0,1,1,2020-10-15,1,1,1,2,11,60,1.0,1.0,1.0,1,0,500-1000,0,1643.0
4106,ssi,Accounting & Finance,2,0,1,0,2020-10-15,1,0,1,1,0,100,1.0,1.0,1.0,0,0,500-1000,0,1643.0
4107,ssi,Accounting & Finance,2,0,1,0,2020-10-15,1,0,1,1,0,100,1.0,1.0,1.0,0,0,500-1000,0,1643.0
4108,ssi,Accounting & Finance,2,0,1,0,2020-10-15,1,0,1,1,0,100,1.0,1.0,1.0,0,0,500-1000,0,1643.0
4109,ssi,Accounting & Finance,3,1,1,1,2020-10-15,1,1,1,2,13,60,1.0,1.0,1.0,1,0,1-25,0,1643.0
4110,ssi,Accounting & Finance,2,0,1,0,2020-10-15,1,0,1,1,0,100,1.0,1.0,1.0,0,0,1-25,0,1643.0
4111,ssi,Accounting & Finance,2,0,1,0,2020-10-15,1,0,1,1,0,100,1.0,1.0,1.0,0,0,1-25,0,1643.0
4112,Test Company,Accounting & Finance,2,0,1,1,2020-10-15,1,1,1,2,2,60,1.0,1.0,1.0,1,0,101-500,0,1643.0
4113,ssi,Accounting & Finance,73,0,1,1,2020-10-15,1,1,1,2,5,60,1.0,1.0,1.0,1,0,500-1000,0,1643.0
4114,ssi,Accounting & Finance,2,0,1,0,2020-10-15,1,0,1,1,0,100,1.0,1.0,1.0,0,0,500-1000,0,1643.0
4115,ssi,Accounting & Finance,2,0,1,0,2020-10-15,1,0,1,1,0,100,1.0,1.0,1.0,0,0,500-1000,0,1643.0
4116,ssi,Accounting & Finance,2,0,1,1,2020-10-15,1,1,1,2,8,60,1.0,1.0,1.0,1,0,500-1000,0,1643.0
4117,ssi,Accounting & Finance,2,0,1,0,2020-10-15,1,0,1,1,0,100,1.0,1.0,1.0,0,0,500-1000,0,1643.0
4118,ssi,Accounting & Finance,2,0,1,0,2020-10-15,1,0,1,1,0,100,1.0,1.0,1.0,0,0,500-1000,0,1643.0
4119,ssi,Accounting & Finance,2,0,1,1,2020-10-15,1,0,1,2,1,100,1.0,1.0,1.0,0,0,500-1000,0,1643.0
4120,ssi,Accounting & Finance,2,0,1,0,2020-10-15,1,0,1,1,0,100,1.0,1.0,1.0,0,0,500-1000,0,1643.0
4121,ssi,Accounting & Finance,2,0,1,0,2020-10-15,1,0,1,1,0,100,1.0,1.0,1.0,0,0,1-25,0,1643.0
4122,Test,Accounting & Finance,2,0,1,1,2020-10-15,1,1,1,2,0,60,1.0,1.0,1.0,1,0,101-500,0,1643.0
4123,ssi,Accounting & Finance,2,0,1,1,2020-10-16,1,1,1,2,7,60,1.0,1.0,1.0,1,0,1-25,0,1642.0
4124,ssi,Accounting & Finance,2,0,1,1,2020-10-16,1,1,1,2,17,60,1.0,1.0,1.0,1,0,500-1000,0,1642.0
4125,ssi,Accounting & Finance,2,0,1,0,2020-10-16,1,0,1,1,0,100,1.0,1.0,1.0,0,0,500-1000,0,1642.0
4126,ssi,Accounting & Finance,2,0,1,0,2020-10-16,1,0,1,1,0,100,1.0,1.0,1.0,0,0,500-1000,0,1642.0
4129,ssi,Accounting & Finance,2,0,1,0,2020-10-16,1,0,1,1,0,100,1.0,1.0,1.0,0,0,1-25,0,1642.0
4130,ssi,Accounting & Finance,2,0,1,0,2020-10-16,1,0,1,1,0,100,1.0,1.0,1.0,0,0,500-1000,0,1642.0
4131,ssi,Accounting & Finance,2,0,1,0,2020-10-16,1,0,1,1,0,100,1.0,1.0,1.0,0,0,1-25,0,1642.0
4132,ssi,Accounting & Finance,23,0,1,1,2020-10-16,1,1,1,2,26,100,1.0,1.0,1.0,0,0,26-100,0,1642.0
4133,ssi,Accounting & Finance,2,0,1,0,2020-10-16,1,0,1,1,0,100,1.0,1.0,1.0,0,0,26-100,0,1642.0
4135,ssi,Accounting & Finance,2,0,1,0,2020-10-16,1,0,1,1,0,100,1.0,1.0,1.0,0,0,500-1000,0,1642.0
4136,ssi,Accounting & Finance,2,0,1,0,2020-10-16,1,0,1,1,0,100,1.0,1.0,1.0,0,0,26-100,0,1642.0
4137,ssi test,Accounting & Finance,2,0,1,0,2020-10-16,1,0,1,1,0,100,1.0,1.0,1.0,0,0,26-100,0,1642.0
4138,sso,Accounting & Finance,7,0,1,1,2020-10-16,1,1,1,2,2,60,1.0,1.0,1.0,1,0,500-1000,0,1642.0
4140,ssi,Accounting & Finance,2,0,1,1,2020-10-16,1,0,1,2,1,60,1.0,1.0,1.0,1,0,500-1000,0,1642.0
4141,ssi,Accounting & Finance,2,0,1,0,2020-10-16,1,0,1,1,0,100,1.0,1.0,1.0,0,0,500-1000,0,1642.0
4142,Test,Accounting & Finance,74,0,1,1,2020-10-16,1,0,1,2,1,60,1.0,1.0,1.0,1,0,1-25,0,1642.0
4143,Test & Co.,Accounting & Finance,"73,74",0,1,1,2020-10-19,1,1,1,2,4,60,1.0,1.0,1.0,1,0,101-500,0,1639.0
4144,Test & Co.,Accounting & Finance,2,0,1,0,2020-10-19,1,0,1,1,0,100,1.0,1.0,1.0,0,0,101-500,0,1639.0
4145,Test & Co.,Accounting & Finance,2,0,1,1,2020-10-19,1,1,1,2,2,60,1.0,1.0,1.0,1,0,101-500,0,1639.0
4146,Test & Co.,Accounting & Finance,2,0,1,0,2020-10-19,1,0,1,1,0,100,1.0,1.0,1.0,0,0,101-500,0,1639.0
4147,SSi,Accounting & Finance,"23,222",0,1,1,2020-10-19,1,1,1,2,4,60,1.0,1.0,1.0,1,0,26-100,0,1639.0
4148,SSi,Accounting & Finance,2,0,1,0,2020-10-19,1,0,1,1,0,100,1.0,1.0,1.0,0,0,26-100,0,1639.0
4149,Test & Co.,Accounting & Finance,72,0,1,1,2020-10-19,1,0,1,2,1,60,1.0,1.0,1.0,1,0,1-25,0,1639.0
4150,Test & Co.,Accounting & Finance,2,0,1,1,2020-10-19,1,0,1,2,1,60,1.0,1.0,1.0,1,0,1-25,0,1639.0
4151,Test & Co.,Accounting & Finance,2,0,1,0,2020-10-19,1,0,1,1,0,100,1.0,1.0,1.0,0,0,1-25,0,1639.0
4152,Test & Co.,Accounting & Finance,2,0,1,1,2020-10-19,1,0,1,2,1,60,1.0,1.0,1.0,1,0,101-500,0,1639.0
4153,Test & Co.,Accounting & Finance,2,0,1,0,2020-10-19,1,0,1,1,0,100,1.0,1.0,1.0,0,0,101-500,0,1639.0
4154,Test & Co.,Accounting & Finance,61,0,1,1,2020-10-19,1,1,1,2,2,100,1.0,1.0,1.0,0,0,26-100,0,1639.0
4155,Test & Co.,Accounting & Finance,2,0,1,0,2020-10-19,1,0,1,1,0,100,1.0,1.0,1.0,0,0,26-100,0,1639.0
4156,Test & Co.,Accounting & Finance,189,0,1,1,2020-10-19,1,1,1,2,3,60,1.0,1.0,1.0,1,0,26-100,0,1639.0
4157,Test & Co.,Accounting & Finance,2,0,1,0,2020-10-19,1,0,1,1,0,100,1.0,1.0,1.0,0,0,26-100,0,1639.0
4158,Test & Co.,Accounting & Finance,2,0,1,1,2020-10-19,1,1,1,2,2,100,1.0,1.0,1.0,0,0,101-500,0,1639.0
4159,Test & Co.,Accounting & Finance,2,0,1,0,2020-10-19,1,0,1,1,0,100,1.0,1.0,1.0,0,0,101-500,0,1639.0
4160,JOBMA,Accounting & Finance,"72,3,75",0,1,1,2020-10-19,1,0,1,2,1,60,1.0,1.0,1.0,1,0,1-25,0,1639.0
4161,JOBMA,Accounting & Finance,"72,3,75",0,1,1,2020-10-19,1,0,1,2,1,60,1.0,1.0,1.0,1,0,1-25,0,1639.0
4162,JOBMA,Accounting & Finance,"72,3,75",0,1,1,2020-10-19,1,0,1,2,1,60,1.0,1.0,1.0,1,0,1-25,0,1639.0
4163,Test & Co.,Accounting & Finance,73,0,1,1,2020-10-19,1,0,1,2,1,60,1.0,1.0,1.0,1,0,101-500,0,1639.0
4164,Test & Co.,Accounting & Finance,2,0,1,0,2020-10-19,1,0,1,1,0,100,1.0,1.0,1.0,0,0,101-500,0,1639.0
4165,Test & Co.,Accounting & Finance,72,0,1,1,2020-10-19,1,0,1,2,1,60,1.0,1.0,1.0,1,0,101-500,0,1639.0
4166,Test & Co.,Accounting & Finance,2,0,1,0,2020-10-19,1,0,1,1,0,100,1.0,1.0,1.0,0,0,101-500,0,1639.0
4167,Test & Co.,Accounting & Finance,72,0,1,1,2020-10-19,1,0,1,2,1,60,1.0,1.0,1.0,1,0,26-100,0,1639.0
4168,Test & Co.,Accounting & Finance,2,0,1,0,2020-10-19,1,0,1,1,0,100,1.0,1.0,1.0,0,0,26-100,0,1639.0
4169,ssi,Accounting & Finance,"1,2",0,1,1,2020-10-20,1,0,1,2,1,100,1.0,1.0,1.0,0,0,26-100,0,1638.0
4170,ssi,Accounting & Finance,"1,72",0,1,1,2020-10-20,1,0,1,2,1,100,1.0,1.0,1.0,0,0,26-100,0,1638.0
4171,JOBMA,Accounting & Finance,"72,3,75",0,1,1,2020-10-20,1,0,1,2,1,60,1.0,1.0,1.0,1,0,1-25,0,1638.0
4172,ssi,Accounting & Finance,2,0,1,0,2020-10-20,1,0,1,1,0,100,1.0,1.0,1.0,0,0,26-100,0,1638.0
4173,JOBMA,Accounting & Finance,"72,3,75",0,1,1,2020-10-20,1,0,1,2,1,60,1.0,1.0,1.0,1,0,1-25,0,1638.0
4174,Test Pvt Ltd,Accounting & Finance,"24,23",0,2,1,2020-10-20,1,0,1,2,1,60,1.0,1.0,1.0,1,0,500-1000,0,1638.0
4175,Test Co & Sons,Accounting & Finance,"37,66",0,1,1,2020-10-21,1,1,1,2,2,60,1.0,1.0,1.0,1,0,1-25,0,1637.0
4176,Test Co & Sons,Accounting & Finance,2,0,1,0,2020-10-21,1,0,1,1,0,100,1.0,1.0,1.0,0,0,1-25,0,1637.0
4177,JOBMA,Accounting & Finance,"72,3,75",0,1,1,2020-10-21,1,0,1,2,1,60,1.0,1.0,1.0,1,0,1-25,0,1637.0
4178,JOBMA,Accounting & Finance,"72,3,75",0,1,1,2020-10-21,1,1,1,2,2,60,1.0,1.0,1.0,1,0,1-25,0,1637.0
4179,JOBMA,Accounting & Finance,"72,3,75",0,1,1,2020-10-21,1,0,1,2,1,60,1.0,1.0,1.0,1,0,1-25,0,1637.0
4180,SSI,Accounting & Finance,"2,8,10",0,1,1,2020-10-21,1,1,1,2,2,60,1.0,1.0,1.0,1,0,1-25,0,1637.0
4181,ssi,Accounting & Finance,"1,72,2",0,1,1,2020-10-21,1,0,1,2,1,60,1.0,1.0,1.0,1,0,26-100,0,1637.0
4182,JOBMA,Accounting & Finance,"72,3,75",0,1,1,2020-10-21,1,0,1,2,1,60,1.0,1.0,1.0,1,0,1-25,0,1637.0
4183,JOBMA,Accounting & Finance,"72,3,75",0,1,1,2020-10-21,1,0,1,2,1,60,1.0,1.0,1.0,1,0,1-25,0,1637.0
4184,JOBMA,Accounting & Finance,"72,3,75",0,1,1,2020-10-21,1,0,1,2,1,60,1.0,1.0,1.0,1,0,1-25,0,1637.0
4185,SSI,Accounting & Finance,78,0,1,1,2020-10-22,1,0,1,2,1,60,1.0,1.0,1.0,1,0,26-100,0,1636.0
4186,SSI,Accounting & Finance,75,0,1,1,2020-10-22,1,1,1,2,14,100,1.0,1.0,1.0,0,0,26-100,0,1636.0
4187,SSI,Accounting & Finance,2,0,1,0,2020-10-22,1,0,1,1,0,100,1.0,1.0,1.0,0,0,26-100,0,1636.0
4188,Test,Accounting & Finance,73,0,1,1,2020-10-22,1,0,1,2,1,60,1.0,1.0,1.0,1,0,26-100,0,1636.0
4189,Test,Accounting & Finance,2,0,1,0,2020-10-22,1,0,1,1,0,100,1.0,1.0,1.0,0,0,26-100,0,1636.0
4190,SSI,Accounting & Finance,7,0,1,1,2020-10-22,1,1,1,2,100,100,1.0,1.0,1.0,0,0,101-500,0,1636.0
4191,SSI,Accounting & Finance,7,0,1,1,2020-10-22,1,1,1,2,100,100,1.0,1.0,1.0,0,0,26-100,0,1636.0
4192,Test,Accounting & Finance,72,0,1,1,2020-10-22,1,0,1,2,1,60,1.0,1.0,1.0,1,0,1-25,0,1636.0
4193,JOBMA,Accounting & Finance,"72,3,75",0,1,1,2020-10-22,1,0,1,2,1,60,1.0,1.0,1.0,1,0,1-25,0,1636.0
4194,JOBMA,Accounting & Finance,"72,3,75",0,1,1,2020-10-22,1,0,1,2,1,60,1.0,1.0,1.0,1,0,1-25,0,1636.0
4195,JOBMA,Accounting & Finance,"72,3,75",0,1,1,2020-10-23,1,0,1,2,1,60,1.0,1.0,1.0,1,0,1-25,0,1635.0
4196,Test Co.,Accounting & Finance,72,0,1,1,2020-10-23,1,1,1,2,5,100,1.0,1.0,1.0,0,0,101-500,0,1635.0
4197,Test Co.,Accounting & Finance,2,0,1,0,2020-10-23,1,0,1,1,0,100,1.0,1.0,1.0,0,0,101-500,0,1635.0
4198,SSI,Accounting & Finance,78,0,1,1,2020-10-23,1,0,1,2,1,60,1.0,1.0,1.0,1,0,26-100,0,1635.0
4199,SSI,Accounting & Finance,2,0,1,0,2020-10-23,1,0,1,1,0,100,1.0,1.0,1.0,0,0,26-100,0,1635.0
4200,Test Co.,Accounting & Finance,73,0,1,1,2020-10-23,1,1,1,2,4,100,1.0,1.0,1.0,0,0,1-25,0,1635.0
4201,SSI,Accounting & Finance,10,0,1,1,2020-10-23,1,1,1,2,103,100,1.0,1.0,1.0,0,0,26-100,0,1635.0
4202,Test Co.,Accounting & Finance,2,0,1,0,2020-10-23,1,0,1,1,0,100,1.0,1.0,1.0,0,0,1-25,0,1635.0
4203,SSI,Accounting & Finance,2,0,1,0,2020-10-23,1,0,1,1,0,100,1.0,1.0,1.0,0,0,26-100,0,1635.0
4204,ssi,Accounting & Finance,4,0,2,1,2020-10-23,1,1,1,2,3,60,1.0,1.0,1.0,1,0,500-1000,0,1635.0
4205,ssi,Accounting & Finance,2,0,2,0,2020-10-23,1,0,1,1,0,100,1.0,1.0,1.0,0,0,500-1000,0,1635.0
4206,ssi,Accounting & Finance,1,0,1,1,2020-10-23,1,0,1,2,1,60,1.0,1.0,1.0,1,0,26-100,0,1635.0
4207,Test,Accounting & Finance,2,0,1,1,2020-10-23,1,1,1,2,3,100,1.0,1.0,1.0,0,0,1-25,0,1635.0
4208,Test,Accounting & Finance,2,0,1,0,2020-10-23,1,0,1,1,0,100,1.0,1.0,1.0,0,0,1-25,0,1635.0
4209,sdfsd,Accounting & Finance,73,0,1,1,2020-10-26,1,0,1,2,1,60,1.0,1.0,1.0,1,0,26-100,0,1632.0
4210,Test Co.,Accounting & Finance,2,0,1,1,2020-10-26,1,0,1,1,1,60,1.0,1.0,1.0,1,0,500-1000,0,1632.0
4211,ssi,Accounting & Finance,2,0,1,1,2020-10-26,1,1,1,2,2,100,1.0,1.0,1.0,0,0,26-100,0,1632.0
4212,Test Co.,Accounting & Finance,72,0,1,1,2020-10-26,1,1,1,1,3,100,1.0,1.0,1.0,0,0,101-500,0,1632.0
4213,Test Co.,Accounting & Finance,73,0,1,1,2020-10-26,1,0,1,2,1,60,1.0,1.0,1.0,1,0,101-500,0,1632.0
4214,Test Co,Accounting & Finance,72,0,1,1,2020-10-26,1,1,1,2,2,60,1.0,1.0,1.0,1,0,26-100,0,1632.0
4215,Test,Accounting & Finance,3,0,1,1,2020-10-26,1,1,1,2,5,100,1.0,1.0,1.0,0,0,101-500,0,1632.0
4216,Test,Accounting & Finance,2,0,1,0,2020-10-26,1,0,1,1,0,100,1.0,1.0,1.0,0,0,101-500,0,1632.0
4217,SSI,Accounting & Finance,3,0,1,1,2020-10-26,1,1,1,2,1000,100,1.0,1.0,1.0,0,0,26-100,0,1632.0
4218,SSI,Accounting & Finance,10,0,1,1,2020-10-26,1,1,1,2,100,100,1.0,1.0,1.0,0,0,101-500,0,1632.0
4219,SSI,Accounting & Finance,15,0,1,1,2020-10-26,1,1,1,2,100,60,1.0,1.0,1.0,1,0,101-500,0,1632.0
4220,Jobma,Accounting & Finance,"72,73",0,1,1,2020-10-26,1,1,1,2,3,60,1.0,1.0,1.0,1,0,26-100,0,1632.0
4221,ssi,Accounting & Finance,72,0,1,1,2020-10-26,1,0,1,2,1,60,1.0,1.0,1.0,1,0,26-100,0,1632.0
4222,ssi,Accounting & Finance,2,0,1,0,2020-10-26,1,0,1,1,0,100,1.0,1.0,1.0,0,0,26-100,0,1632.0
4223,SSI,Accounting & Finance,72,0,1,1,2020-10-26,1,1,1,2,2,60,1.0,1.0,1.0,1,0,26-100,0,1632.0
4224,Test Co,Accounting & Finance,72,0,1,1,2020-10-26,1,0,1,2,1,60,1.0,1.0,1.0,1,0,26-100,0,1632.0
4225,ssi,Accounting & Finance,72,0,1,1,2020-10-26,1,0,1,2,1,100,1.0,1.0,1.0,0,0,26-100,0,1632.0
4226,Test,Accounting & Finance,3,0,1,1,2020-10-26,1,1,1,2,0,60,1.0,1.0,1.0,1,0,101-500,0,1632.0
4227,ssi,Accounting & Finance,2,0,1,0,2020-10-26,1,0,1,1,0,100,1.0,1.0,1.0,0,0,26-100,0,1632.0
4228,ssi,Accounting & Finance,72,0,1,1,2020-10-26,1,1,1,2,3,60,1.0,1.0,1.0,1,0,26-100,0,1632.0
4229,ssi,Accounting & Finance,2,0,1,0,2020-10-26,1,0,1,1,0,100,1.0,1.0,1.0,0,0,26-100,0,1632.0
4230,ssi,Accounting & Finance,2,0,1,0,2020-10-26,1,0,1,1,0,100,1.0,1.0,1.0,0,0,26-100,0,1632.0
4231,SSI,Accounting & Finance,2,0,1,1,2020-10-26,1,1,1,1,100,100,1.0,1.0,1.0,0,0,101-500,0,1632.0
4232,SSI,Accounting & Finance,2,0,1,1,2020-10-26,1,1,1,2,100,100,1.0,1.0,1.0,0,0,101-500,0,1632.0
4233,ssi,Accounting & Finance,"2,3",0,1,1,2020-10-26,1,1,1,2,1,100,1.0,1.0,1.0,0,0,101-500,0,1632.0
4234,JOBMA,Accounting & Finance,"72,3,75",0,1,1,2020-10-26,1,0,1,2,1,60,0.0,0.0,1.0,1,0,1-25,0,1632.0
4235,ssi,Accounting & Finance,72,0,1,1,2020-10-26,1,0,1,2,1,60,1.0,1.0,1.0,1,0,26-100,0,1632.0
4236,ssi,Accounting & Finance,72,0,1,1,2020-10-26,1,0,1,2,1,60,0.0,0.0,1.0,1,0,26-100,0,1632.0
4237,Test Co.,Accounting & Finance,2,0,1,0,2020-10-26,1,0,1,1,0,100,1.0,1.0,1.0,0,0,101-500,0,1632.0
4238,APJ,Accounting & Finance,72,1,1,1,2020-10-27,1,0,1,2,1,100,1.0,1.0,1.0,0,0,1-25,0,1631.0
4239,APJ,Accounting & Finance,2,0,1,0,2020-10-27,1,0,1,1,0,100,1.0,1.0,1.0,0,0,1-25,0,1631.0
4240,Test,Accounting & Finance,2,0,1,1,2020-10-27,1,1,1,2,100,60,1.0,1.0,1.0,1,0,26-100,0,1631.0
4242,Test,Accounting & Finance,2,0,1,0,2020-10-27,1,0,1,1,0,100,1.0,1.0,1.0,0,0,26-100,0,1631.0
4243,PUMA,Accounting & Finance,7,0,1,1,2020-10-27,1,1,1,2,130,100,1.0,1.0,1.0,0,0,26-100,0,1631.0
4244,SSI,Accounting & Finance,8,0,1,1,2020-10-27,1,1,1,2,145,100,1.0,1.0,1.0,0,0,26-100,0,1631.0
4245,Jobma,Accounting & Finance,2,0,1,1,2020-10-27,1,0,1,2,1,60,1.0,1.0,1.0,1,0,101-500,0,1631.0
4246,SSI,Accounting & Finance,2,0,1,0,2020-10-27,1,0,1,1,0,100,1.0,1.0,1.0,0,0,26-100,0,1631.0
4247,ssi,Accounting & Finance,2,0,1,0,2020-10-27,1,0,1,1,0,100,1.0,1.0,1.0,0,0,26-100,0,1631.0
4248,ssi,Accounting & Finance,2,0,1,1,2020-10-27,1,0,1,2,1,60,1.0,1.0,1.0,1,0,1-25,0,1631.0
4249,ssi,Accounting & Finance,2,0,1,0,2020-10-27,1,0,1,1,0,100,1.0,1.0,1.0,0,0,1-25,0,1631.0
4250,Jobma,Accounting & Finance,74,0,1,1,2020-10-27,1,0,1,2,1,100,1.0,1.0,1.0,0,0,101-500,0,1631.0
4251,Jobma,Accounting & Finance,2,0,1,0,2020-10-27,1,0,1,1,0,100,1.0,1.0,1.0,0,0,101-500,0,1631.0
4252,ssi,Accounting & Finance,2,0,1,0,2020-10-27,1,0,1,1,0,100,1.0,1.0,1.0,0,0,26-100,0,1631.0
4253,Test,Accounting & Finance,2,0,1,1,2020-10-27,1,1,1,2,2,60,1.0,1.0,1.0,1,0,26-100,0,1631.0
4254,ssi,Accounting & Finance,72,0,1,1,2020-10-27,1,0,1,2,1,60,1.0,1.0,1.0,1,0,26-100,0,1631.0
4255,Test,Accounting & Finance,2,0,1,0,2020-10-27,1,0,1,1,0,100,1.0,1.0,1.0,0,0,26-100,0,1631.0
4256,SSI,Accounting & Finance,74,0,1,1,2020-10-27,1,0,1,2,1,60,1.0,1.0,1.0,1,0,26-100,0,1631.0
4257,ssi,Accounting & Finance,1,0,1,1,2020-10-27,1,0,1,2,1,100,1.0,1.0,1.0,0,0,26-100,0,1631.0
4258,ssi,Accounting & Finance,2,0,1,0,2020-10-28,1,0,1,1,0,100,1.0,1.0,1.0,0,0,26-100,0,1630.0
4259,ssi,Accounting & Finance,72,0,1,1,2020-10-28,1,0,1,2,1,100,1.0,1.0,1.0,0,0,1-25,0,1630.0
4260,Apj,Accounting & Finance,1,1,1,1,2020-10-28,1,0,1,2,1,100,1.0,1.0,1.0,0,0,1-25,0,1630.0
4261,Apj,Accounting & Finance,2,0,1,0,2020-10-28,1,0,1,1,0,100,1.0,1.0,1.0,0,0,1-25,0,1630.0
4262,New Jazz HRing,Accounting & Finance,1,1,1,1,2020-10-28,1,0,1,2,1,100,1.0,1.0,1.0,0,0,1-25,0,1630.0
4263,New Jazz HRing,Accounting & Finance,2,0,1,0,2020-10-28,1,0,1,1,0,100,1.0,1.0,1.0,0,0,1-25,0,1630.0
4264,Test Co.,Accounting & Finance,72,0,1,1,2020-10-28,1,0,1,2,1,100,1.0,1.0,1.0,0,0,1-25,0,1630.0
4265,Test Co.,Accounting & Finance,2,0,1,0,2020-10-28,1,0,1,1,0,100,1.0,1.0,1.0,0,0,1-25,0,1630.0
4266,Test Co,Accounting & Finance,2,0,1,1,2020-10-28,1,0,1,1,1,60,1.0,1.0,1.0,1,0,26-100,0,1630.0
4267,JOBMA,Accounting & Finance,"72,3,75",0,1,1,2020-10-28,1,0,1,2,1,60,1.0,1.0,1.0,1,0,1-25,0,1630.0
4268,Test Co,Accounting & Finance,2,0,1,0,2020-10-28,1,0,1,1,0,100,1.0,1.0,1.0,0,0,26-100,0,1630.0
4269,Test Co,Accounting & Finance,73,0,1,1,2020-10-28,1,1,1,2,4,100,1.0,1.0,1.0,0,0,1-25,0,1630.0
4270,Test Co,Accounting & Finance,2,0,1,0,2020-10-28,1,0,1,1,0,100,1.0,1.0,1.0,0,0,1-25,0,1630.0
4271,Test,Accounting & Finance,2,0,1,1,2020-10-28,1,1,1,2,1,100,1.0,1.0,1.0,0,0,101-500,0,1630.0
4276,Test,Accounting & Finance,73,0,1,1,2020-10-30,1,0,1,2,1,60,1.0,1.0,1.0,1,0,1-25,0,1628.0
4277,New Jazz HR,Accounting & Finance,72,0,1,1,2020-10-30,1,1,1,2,5,60,1.0,1.0,1.0,1,0,1-25,0,1628.0
4278,New Jazz HR,Accounting & Finance,2,0,1,0,2020-10-30,1,0,1,1,0,100,1.0,1.0,1.0,0,0,1-25,0,1628.0
4279,New Jazz HR,Accounting & Finance,2,0,1,0,2020-10-30,1,0,1,1,0,100,1.0,1.0,1.0,0,0,1-25,0,1628.0
4280,New Jazz HR,Accounting & Finance,2,0,1,0,2020-10-30,1,0,1,1,0,100,1.0,1.0,1.0,0,0,1-25,0,1628.0
4281,New Jazz HR,Accounting & Finance,2,0,1,0,2020-10-30,1,0,1,1,0,100,1.0,1.0,1.0,0,0,1-25,0,1628.0
4283,ssi,Accounting & Finance,72,1,1,1,2020-11-02,1,0,1,2,1,100,1.0,1.0,1.0,0,0,1-25,0,1625.0
4284,ssi,Accounting & Finance,72,0,1,1,2020-11-02,1,0,1,2,1,60,2.0,2.0,1.0,1,0,26-100,0,1625.0
4285,nik,Accounting & Finance,73,0,1,1,2020-11-02,1,0,1,2,1,100,1.0,1.0,1.0,0,0,26-100,0,1625.0
4286,ssi,Accounting & Finance,72,0,1,1,2020-11-02,1,0,1,2,1,60,1.0,1.0,1.0,1,0,26-100,0,1625.0
4287,ssi,Accounting & Finance,2,0,1,1,2020-11-02,1,1,1,2,100,100,1.0,1.0,1.0,0,0,26-100,0,1625.0
4288,ssi,Accounting & Finance,"1,2,3",0,1,1,2020-11-02,1,1,1,2,2,100,1.0,1.0,1.0,0,0,26-100,0,1625.0
4289,ssi,Accounting & Finance,"108,43,56",1,1,1,2020-11-02,1,0,1,2,1,60,1.0,1.0,1.0,1,0,1-25,0,1625.0
4290,ssi,Accounting & Finance,73,0,1,1,2020-11-02,1,0,1,2,1,100,1.0,1.0,1.0,0,0,26-100,0,1625.0
4291,ssi,Accounting & Finance,2,0,1,0,2020-11-03,1,0,1,1,0,100,1.0,1.0,1.0,0,0,26-100,0,1624.0
4292,ssi,Accounting & Finance,2,0,1,0,2020-11-03,1,0,1,1,0,100,1.0,1.0,1.0,0,0,26-100,0,1624.0
4293,ssi,Accounting & Finance,2,0,1,0,2020-11-03,1,0,1,1,0,100,1.0,1.0,1.0,0,0,26-100,0,1624.0
4294,ssi,Accounting & Finance,2,0,1,0,2020-11-03,1,0,1,1,0,100,1.0,1.0,1.0,0,0,26-100,0,1624.0
4295,ssi,Accounting & Finance,2,0,1,0,2020-11-06,1,0,1,1,0,100,1.0,1.0,1.0,0,0,26-100,0,1621.0
4296,ssi,Accounting & Finance,2,0,1,0,2020-11-06,1,0,1,1,0,100,1.0,1.0,1.0,0,0,26-100,0,1621.0
4297,Jobma,Accounting & Finance,"72,2",0,1,1,2020-11-09,1,0,1,2,1,60,1.0,1.0,1.0,1,0,101-500,0,1618.0
4298,Jobma,Accounting & Finance,72,0,1,1,2020-11-09,1,1,1,2,4,60,1.0,1.0,1.0,1,0,26-100,0,1618.0
4300,Jobma,Accounting & Finance,2,0,1,1,2020-11-09,1,1,1,2,0,100,1.0,1.0,1.0,0,0,26-100,0,1618.0
4301,SSI,Accounting & Finance,4,0,1,1,2020-11-09,1,0,1,2,1,60,1.0,1.0,1.0,1,0,More than 1000,0,1618.0
4303,"Fullfill, Inc.",Accounting & Finance,227,0,1,1,2020-11-10,1,1,1,2,1,100,1.0,1.0,1.0,0,0,101-500,0,1617.0
4304,ssi,Accounting & Finance,3,0,1,1,2020-11-10,1,1,1,2,0,100,1.0,1.0,1.0,0,0,1-25,0,1617.0
4305,ssi,Accounting & Finance,3,0,1,1,2020-11-10,1,1,1,2,0,100,1.0,1.0,1.0,0,0,26-100,0,1617.0
4306,SSI,Accounting & Finance,72,0,1,1,2020-11-11,1,0,1,2,1,60,1.0,1.0,1.0,1,0,1-25,0,1616.0
4307,ssi,Accounting & Finance,4,0,1,1,2020-11-11,1,1,1,2,100,60,1.0,1.0,1.0,1,0,26-100,0,1616.0
4308,Appium,Accounting & Finance,229,0,1,1,2020-11-11,1,0,1,2,1,60,1.0,1.0,1.0,1,0,26-100,0,1616.0
4310,Appium,Accounting & Finance,72,0,1,1,2020-11-11,1,0,1,2,1,60,1.0,1.0,1.0,1,0,26-100,0,1616.0
4311,SSI,Accounting & Finance,72,0,1,1,2020-11-11,1,0,1,2,1,60,1.0,1.0,1.0,1,0,1-25,0,1616.0
4312,SSI,Accounting & Finance,2,0,1,1,2020-11-13,1,0,1,2,1,60,1.0,1.0,1.0,1,0,26-100,0,1614.0
4313,ertye,Accounting & Finance,2,0,1,1,2020-11-18,1,0,1,2,1,100,1.0,1.0,1.0,0,0,101-500,0,1609.0
4315,ertye,Accounting & Finance,2,0,1,1,2020-11-18,1,0,1,2,1,100,1.0,1.0,1.0,0,0,26-100,0,1609.0
4316,ertye,Accounting & Finance,73,0,1,1,2020-11-18,1,0,1,2,1,100,1.0,1.0,1.0,0,0,26-100,0,1609.0
4317,ssi,Accounting & Finance,"72,73,74",3,1,1,2020-11-18,1,0,1,2,1,60,1.0,1.0,1.0,1,0,1-25,0,1609.0
4318,ssi,Accounting & Finance,74,1,1,1,2020-11-18,1,0,1,2,1,100,1.0,1.0,1.0,0,0,1-25,0,1609.0
4319,ssi,Accounting & Finance,73,0,1,1,2020-11-19,1,0,1,2,1,60,1.0,1.0,1.0,1,0,26-100,0,1608.0
4320,ssi,Accounting & Finance,74,0,1,1,2020-11-21,1,0,1,2,1,60,1.0,1.0,1.0,1,0,26-100,0,1606.0
4321,ssi,Accounting & Finance,73,0,1,1,2020-11-24,1,0,1,2,1,100,1.0,1.0,1.0,0,0,26-100,0,1603.0
4322,ssi,Accounting & Finance,2,0,1,1,2020-11-24,1,0,1,2,1,60,0.0,0.0,1.0,1,0,26-100,0,1603.0
4323,ijokl,Accounting & Finance,72,0,1,1,2020-11-24,1,0,1,2,1,100,1.0,1.0,1.0,0,0,1-25,0,1603.0
4324,ghtfjfgh,Accounting & Finance,2,0,1,1,2020-11-24,1,0,1,2,1,100,1.0,1.0,1.0,0,0,26-100,0,1603.0
4325,ghbjklm,Accounting & Finance,72,0,1,1,2020-11-24,1,0,1,2,1,100,1.0,1.0,1.0,0,0,26-100,0,1603.0
4326,ghtfjfgh,Accounting & Finance,2,0,1,1,2020-11-24,1,0,1,2,1,100,1.0,1.0,1.0,0,0,1-25,0,1603.0
4327,ssi,Accounting & Finance,74,1,1,1,2020-11-24,1,0,1,2,1,100,1.0,1.0,1.0,0,0,1-25,0,1603.0
4328,ssi,Accounting & Finance,2,0,1,0,2020-11-27,1,0,1,1,0,100,1.0,1.0,1.0,0,0,1-25,0,1600.0
4329,ssi,Accounting & Finance,2,0,1,0,2020-11-27,1,0,1,1,0,100,1.0,1.0,1.0,0,0,1-25,0,1600.0
4330,sunwest,Accounting & Finance,2,0,1,0,2020-11-27,1,0,1,1,0,100,1.0,1.0,1.0,0,0,1-25,0,1600.0
4331,ssi,Accounting & Finance,185,1,1,1,2020-11-27,1,0,1,2,1,100,1.0,1.0,1.0,0,0,1-25,0,1600.0
4332,Select Source International,Accounting & Finance,2,0,1,0,2020-11-27,1,0,1,1,0,100,1.0,1.0,1.0,0,0,1-25,0,1600.0
4333,Select Source International,Accounting & Finance,2,0,1,0,2020-11-27,1,0,1,1,0,100,1.0,1.0,1.0,0,0,1-25,0,1600.0
4334,ssi,Accounting & Finance,72,0,1,1,2020-11-30,1,1,1,2,2,60,1.0,1.0,1.0,1,0,26-100,0,1597.0
4336,ssi,Accounting & Finance,2,0,1,0,2020-11-29,1,0,1,1,0,100,1.0,1.0,1.0,0,0,26-100,0,1598.0
4337,Test,Accounting & Finance,74,0,1,1,2020-12-02,1,1,1,2,11,60,1.0,1.0,1.0,1,0,500-1000,0,1595.0
4338,Test,Accounting & Finance,72,0,1,1,2020-12-02,1,0,1,2,1,60,1.0,1.0,1.0,1,0,26-100,0,1595.0
4341,Test,Accounting & Finance,2,0,1,1,2020-12-02,1,1,1,2,4,100,1.0,1.0,1.0,0,0,26-100,0,1595.0
4342,Achme,Accounting & Finance,2,0,1,1,2020-12-02,1,0,1,1,0,100,1.0,1.0,1.0,0,0,101-500,0,1595.0
4343,Test,Accounting & Finance,72,0,1,1,2020-12-02,1,0,1,2,1,100,1.0,1.0,1.0,0,0,500-1000,0,1595.0
4345,vghuyu,Accounting & Finance,72,0,1,1,2020-12-07,1,0,1,2,1,60,0.0,0.0,1.0,1,0,26-100,0,1590.0
4346,Test,Accounting & Finance,2,0,1,0,2020-12-10,1,0,1,1,0,100,1.0,1.0,1.0,0,0,26-100,0,1587.0
4347,Test,Accounting & Finance,2,0,1,0,2020-12-11,1,0,1,1,0,100,1.0,1.0,1.0,0,0,500-1000,0,1586.0
4348,ssi,Accounting & Finance,72,0,1,1,2020-12-11,1,0,1,2,1,60,0.0,0.0,1.0,1,0,26-100,0,1586.0
4352,3245234,Accounting & Finance,2,1,1,1,2020-12-14,1,0,1,2,1,100,1.0,1.0,1.0,0,0,1-25,0,1583.0
4353,sdfsd,Accounting & Finance,72,0,1,1,2020-12-14,1,0,1,2,1,60,0.0,0.0,1.0,1,0,26-100,0,1583.0
4354,ssi,Accounting & Finance,231,0,1,1,2020-12-15,1,0,1,2,1,60,0.0,0.0,1.0,1,0,26-100,0,1582.0
4355,ssi,Accounting & Finance,"231,2",0,1,1,2020-12-15,1,0,1,2,1,100,1.0,1.0,1.0,0,0,26-100,0,1582.0
4356,Jobma,Accounting & Finance,72,0,1,1,2020-12-16,1,0,1,2,1,60,1.0,1.0,1.0,1,0,26-100,0,1581.0
4357,ad services,Accounting & Finance,2,0,2,0,2020-12-16,1,0,1,1,0,100,1.0,1.0,1.0,0,0,26-100,0,1581.0
4358,SSI,Accounting & Finance,"2,8,10",0,1,1,2020-12-16,1,1,1,2,3,60,1.0,1.0,1.0,1,0,1-25,0,1581.0
4359,ad services,Accounting & Finance,2,0,2,0,2020-12-17,1,0,1,1,0,100,1.0,1.0,1.0,0,0,26-100,0,1580.0
4361,ad services,Accounting & Finance,2,0,2,0,2020-12-18,1,0,1,1,0,100,1.0,1.0,1.0,0,0,26-100,0,1579.0
4362,sssi,Accounting & Finance,1,0,1,1,2020-12-18,1,0,1,2,1,60,1.0,1.0,1.0,1,0,1-25,0,1579.0
4363,ssi,Accounting & Finance,2,0,1,0,2020-12-18,1,0,1,1,0,100,1.0,1.0,1.0,0,0,1-25,0,1579.0
4364,ssi,Accounting & Finance,"231,72,2",0,1,1,2020-12-21,1,1,1,1,7,60,1.0,1.0,1.0,1,0,26-100,0,1576.0
4365,ssi,Accounting & Finance,2,0,1,0,2020-12-21,1,0,1,1,0,100,1.0,1.0,1.0,0,0,1-25,0,1576.0
4366,ssi,Accounting & Finance,2,0,1,0,2020-12-21,1,0,1,1,0,100,1.0,1.0,1.0,0,0,26-100,0,1576.0
4367,ssi,Accounting & Finance,2,0,1,0,2020-12-21,1,0,1,1,0,100,1.0,1.0,1.0,0,0,26-100,0,1576.0
4368,ssi,Accounting & Finance,2,0,1,0,2020-12-21,1,0,1,1,0,100,1.0,1.0,1.0,0,0,26-100,0,1576.0
4369,SSI,Accounting & Finance,2,0,1,0,2020-12-21,1,0,1,1,0,100,1.0,1.0,1.0,0,0,1-25,0,1576.0
4370,ssi,Accounting & Finance,2,0,1,0,2020-12-21,1,0,1,1,0,100,1.0,1.0,1.0,0,0,26-100,0,1576.0
4371,Jobma,Accounting & Finance,231,0,1,1,2020-12-21,1,0,1,2,1,60,1.0,1.0,1.0,1,0,26-100,0,1576.0
4372,Jobma,Accounting & Finance,2,0,1,0,2020-12-21,1,0,1,1,0,100,1.0,1.0,1.0,0,0,26-100,0,1576.0
4374,ssi,Accounting & Finance,72,0,1,1,2020-12-23,1,0,1,2,1,100,1.0,1.0,1.0,0,0,1-25,0,1574.0
4375,ssi,Accounting & Finance,2,0,1,0,2020-12-23,1,0,1,1,0,100,1.0,1.0,1.0,0,0,26-100,0,1574.0
4376,123456,Accounting & Finance,2,0,1,1,2020-12-27,1,0,1,2,1,100,1.0,1.0,1.0,0,0,1-25,0,1570.0
4377,sdfsd,Accounting & Finance,2,1,1,1,2020-12-28,1,0,1,2,1,60,1.0,1.0,1.0,1,0,1-25,0,1569.0
4378,ssi,Accounting & Finance,4,0,1,1,2020-12-28,1,1,1,1,0,100,1.0,1.0,1.0,0,0,26-100,0,1569.0
4379,Jobma,Accounting & Finance,72,0,1,1,2020-12-29,1,0,1,1,1,60,1.0,1.0,1.0,1,0,101-500,0,1568.0
4380,SSI,Accounting & Finance,2,0,1,0,2020-12-30,1,0,1,1,0,100,1.0,1.0,1.0,0,0,26-100,0,1567.0
4381,SSI,Accounting & Finance,2,0,1,0,2020-12-30,1,0,1,1,0,100,1.0,1.0,1.0,0,0,26-100,0,1567.0
4382,Jobma,Accounting & Finance,72,0,1,1,2020-12-31,1,0,1,2,1,60,1.0,1.0,1.0,1,0,101-500,0,1566.0
4383,Jobma,Accounting & Finance,72,0,1,1,2020-12-31,1,0,1,2,1,60,1.0,1.0,1.0,1,0,101-500,0,1566.0
4384,Jobma,Accounting & Finance,4,0,1,1,2020-12-31,1,1,1,2,0,100,1.0,1.0,1.0,0,0,26-100,0,1566.0
4385,SSI,Accounting & Finance,2,0,1,0,2020-12-31,1,0,1,1,0,100,1.0,1.0,1.0,0,0,26-100,0,1566.0
4386,SSI,Accounting & Finance,2,0,1,0,2020-12-31,1,0,1,1,0,100,1.0,1.0,1.0,0,0,26-100,0,1566.0
4387,SSI,Accounting & Finance,2,0,1,0,2020-12-31,1,0,1,1,0,100,1.0,1.0,1.0,0,0,26-100,0,1566.0
4388,ssi,Accounting & Finance,"1,72,2",0,1,1,2021-01-04,1,0,1,2,1,60,1.0,1.0,1.0,1,0,26-100,0,1562.0
4389,Test co.,Accounting & Finance,72,0,1,1,2021-01-04,1,1,1,1,2,60,1.0,1.0,1.0,1,0,1-25,0,1562.0
4391,jobma,Accounting & Finance,1,0,1,1,2021-01-04,1,0,1,1,1,60,0.0,0.0,1.0,1,0,26-100,0,1562.0
4392,Test co.,Accounting & Finance,2,0,1,1,2021-01-04,1,0,1,1,1,60,1.0,1.0,1.0,1,0,26-100,0,1562.0
4393,Test co.,Accounting & Finance,2,0,1,0,2021-01-04,1,0,1,1,0,100,1.0,1.0,1.0,0,0,26-100,0,1562.0
4394,SSI,Accounting & Finance,"2,8,10",0,1,1,2021-01-04,1,0,1,1,1,60,0.0,0.0,1.0,1,0,1-25,0,1562.0
4395,Test co.,Accounting & Finance,2,0,1,0,2021-01-04,1,0,1,1,0,100,1.0,1.0,1.0,0,0,1-25,0,1562.0
4396,Test co.,Accounting & Finance,2,0,1,0,2021-01-04,1,0,1,1,0,100,1.0,1.0,1.0,0,0,1-25,0,1562.0
4397,SSI,Accounting & Finance,"2,8,10",0,1,1,2021-01-05,1,0,1,2,1,60,0.0,0.0,1.0,1,0,1-25,0,1561.0
4398,SSI,Accounting & Finance,"2,8,10",0,1,1,2021-01-05,1,0,1,2,1,60,0.0,0.0,1.0,1,0,1-25,0,1561.0
4399,gdff,Accounting & Finance,231,0,1,1,2021-01-05,1,1,1,2,2,100,1.0,1.0,1.0,0,0,101-500,0,1561.0
4400,SSI,Accounting & Finance,"2,8,10",0,1,1,2021-01-05,1,0,1,2,1,60,0.0,0.0,1.0,1,0,1-25,0,1561.0
4401,ssi,Accounting & Finance,2,0,1,1,2021-01-05,1,1,1,2,5,60,1.0,1.0,1.0,1,0,26-100,0,1561.0
4402,ertye,Accounting & Finance,2,0,1,1,2021-01-05,1,0,1,2,1,100,1.0,1.0,1.0,0,0,26-100,0,1561.0
4403,ssi,Accounting & Finance,72,0,1,1,2021-01-05,1,0,1,2,1,60,1.0,1.0,1.0,1,0,26-100,0,1561.0
4404,Jobma,Accounting & Finance,3,0,1,1,2021-01-05,1,1,1,2,100,60,1.0,1.0,1.0,1,0,26-100,0,1561.0
4405,ssi,Accounting & Finance,3,0,1,1,2021-01-05,1,1,1,2,100,60,1.0,1.0,1.0,1,0,26-100,0,1561.0
4406,ssi,Accounting & Finance,72,0,1,1,2021-01-06,1,1,1,2,11,100,1.0,1.0,1.0,0,0,26-100,0,1560.0
4407,ssi,Accounting & Finance,2,0,1,0,2021-01-05,1,0,1,1,0,100,1.0,1.0,1.0,0,0,26-100,0,1561.0
4408,test,Accounting & Finance,3,0,1,1,2021-01-06,1,0,1,2,1,60,0.0,0.0,1.0,1,0,26-100,0,1560.0
4409,MAX,Accounting & Finance,73,7,1,1,2021-01-06,1,0,1,2,1,60,1.0,1.0,1.0,1,0,26-100,0,1560.0
4410,New Jazz HRing,Accounting & Finance,1,1,1,1,2021-01-06,1,0,1,2,1,100,1.0,1.0,1.0,0,0,1-25,0,1560.0
4411,ad services,Accounting & Finance,2,0,2,0,2021-01-06,1,0,1,1,0,100,1.0,1.0,1.0,0,0,26-100,0,1560.0
4412,ssi,Accounting & Finance,2,0,1,0,2021-01-06,1,0,1,1,0,100,1.0,1.0,1.0,0,0,1-25,0,1560.0
4413,Test,Accounting & Finance,2,0,1,1,2021-01-06,1,1,1,2,4,60,1.0,1.0,1.0,1,0,500-1000,0,1560.0
4414,Test,Accounting & Finance,2,0,1,0,2021-01-06,1,0,1,1,0,100,1.0,1.0,1.0,0,0,500-1000,0,1560.0
4415,Test,Accounting & Finance,2,0,1,0,2021-01-06,1,0,1,1,0,100,1.0,1.0,1.0,0,0,500-1000,0,1560.0
4416,ssi,Accounting & Finance,2,0,1,0,2021-01-06,1,0,1,1,0,100,1.0,1.0,1.0,0,0,26-100,0,1560.0
4417,ssi,Accounting & Finance,2,0,1,0,2021-01-06,1,0,1,1,0,100,1.0,1.0,1.0,0,0,26-100,0,1560.0
4418,ssi,Accounting & Finance,"231,72",0,1,1,2021-01-06,1,1,1,2,2,60,1.0,1.0,1.0,1,0,26-100,0,1560.0
4419,ssi,Accounting & Finance,2,0,1,0,2021-01-06,1,0,1,1,0,100,1.0,1.0,1.0,0,0,26-100,0,1560.0
4420,ssi,Accounting & Finance,3,0,1,1,2021-01-06,1,1,1,2,0,100,1.0,1.0,1.0,0,0,101-500,0,1560.0
4421,ssi,Accounting & Finance,4,0,1,1,2021-01-06,1,1,1,2,1,100,1.0,1.0,1.0,0,0,26-100,0,1560.0
4422,ssi,Accounting & Finance,2,0,1,0,2021-01-06,1,0,1,1,0,100,1.0,1.0,1.0,0,0,26-100,0,1560.0
4423,ssi,Accounting & Finance,2,0,1,0,2021-01-06,1,0,1,1,0,100,1.0,1.0,1.0,0,0,26-100,0,1560.0
4424,ssi,Accounting & Finance,2,0,1,1,2021-01-06,1,0,1,2,1,60,1.0,1.0,1.0,1,0,101-500,0,1560.0
4425,ssi,Accounting & Finance,2,0,1,0,2021-01-06,1,0,1,1,0,100,1.0,1.0,1.0,0,0,26-100,0,1560.0
4426,ssi,Accounting & Finance,2,0,1,0,2021-01-06,1,0,1,1,0,100,1.0,1.0,1.0,0,0,101-500,0,1560.0
4427,Achme,Accounting & Finance,2,0,1,1,2021-01-06,1,0,1,1,0,100,1.0,1.0,1.0,0,0,101-500,0,1560.0
4428,ssi,Accounting & Finance,2,0,1,0,2021-01-06,1,0,1,1,0,100,1.0,1.0,1.0,0,0,26-100,0,1560.0
4429,SSI,Accounting & Finance,"2,8,10",0,1,1,2021-01-06,1,0,1,2,1,60,0.0,0.0,1.0,1,0,1-25,0,1560.0
4430,SSI,Accounting & Finance,"2,8,10",0,1,1,2021-01-06,1,0,1,2,1,60,0.0,0.0,1.0,1,0,1-25,0,1560.0
4431,pip,Accounting & Finance,2,0,1,1,2021-01-07,1,1,1,1,3,60,1.0,1.0,1.0,1,0,101-500,0,1559.0
4432,ssi,Accounting & Finance,"1,72,2",0,1,1,2021-01-07,1,1,1,2,2,60,1.0,1.0,1.0,1,0,26-100,0,1559.0
4433,JOBMA,Accounting & Finance,"231,74,3",0,1,1,2021-01-07,1,0,1,2,1,60,1.0,1.0,1.0,1,0,1-25,0,1559.0
4434,JOBMA,Accounting & Finance,"231,74,3",0,1,1,2021-01-07,1,0,1,2,1,60,1.0,1.0,1.0,1,0,1-25,0,1559.0
4435,JOBMA,Accounting & Finance,"231,74,3",0,1,1,2021-01-07,1,0,1,2,1,60,1.0,1.0,1.0,1,0,1-25,0,1559.0
4437,Select source intl,Accounting & Finance,2,0,1,1,2021-01-07,1,1,1,2,7,60,1.0,1.0,1.0,1,0,101-500,0,1559.0
4438,JOBMA,Accounting & Finance,"231,74,3",0,1,1,2021-01-07,1,0,1,2,1,60,1.0,1.0,1.0,1,0,1-25,0,1559.0
4439,JOBMA,Accounting & Finance,"231,74,3",0,1,1,2021-01-07,1,0,1,2,1,60,1.0,1.0,1.0,1,0,1-25,0,1559.0
4440,Test,Accounting & Finance,72,0,1,1,2021-01-07,1,1,1,2,6,60,1.0,1.0,1.0,1,0,26-100,0,1559.0
4441,Test,Accounting & Finance,2,0,1,0,2021-01-07,1,0,1,1,0,100,1.0,1.0,1.0,0,0,26-100,0,1559.0
4442,ssi,Accounting & Finance,2,0,1,0,2021-01-07,1,0,1,1,0,100,1.0,1.0,1.0,0,0,26-100,0,1559.0
4443,JOBMA,Accounting & Finance,"231,74,3",0,1,1,2021-01-07,1,0,1,2,1,60,1.0,1.0,1.0,1,0,1-25,0,1559.0
4444,Test,Accounting & Finance,72,0,1,1,2021-01-07,1,1,1,2,2,60,1.0,1.0,1.0,1,0,101-500,0,1559.0
4445,Test,Accounting & Finance,2,0,1,0,2021-01-07,1,0,1,1,0,100,1.0,1.0,1.0,0,0,101-500,0,1559.0
4446,Test,Accounting & Finance,231,0,1,1,2021-01-07,1,0,1,2,1,60,1.0,1.0,1.0,1,0,26-100,0,1559.0
4447,ssi,Accounting & Finance,2,0,1,1,2021-01-07,1,1,1,2,0,60,1.0,1.0,1.0,1,0,26-100,0,1559.0
4448,Test,Accounting & Finance,2,0,1,0,2021-01-07,1,0,1,1,0,100,1.0,1.0,1.0,0,0,26-100,0,1559.0
4449,JOBMA,Accounting & Finance,"231,74,3",0,1,1,2021-01-07,1,0,1,2,1,60,1.0,1.0,1.0,1,0,1-25,0,1559.0
4450,Select source intl,Accounting & Finance,4,0,1,1,2021-01-07,1,1,1,2,0,60,1.0,1.0,1.0,1,0,101-500,0,1559.0
4451,JOBMA,Accounting & Finance,"231,74,3",0,1,1,2021-01-07,1,0,1,2,1,60,1.0,1.0,1.0,1,0,1-25,0,1559.0
4452,ssi,Accounting & Finance,3,0,1,1,2021-01-08,1,1,1,2,100,100,1.0,1.0,1.0,0,0,101-500,0,1558.0
4453,ssi,Accounting & Finance,3,0,1,1,2021-01-08,1,1,1,1,5,60,1.0,1.0,1.0,1,0,26-100,0,1558.0
4454,ssi,Accounting & Finance,3,0,1,1,2021-01-08,1,1,1,2,3,60,1.0,1.0,1.0,1,0,26-100,0,1558.0
4455,ssi,Accounting & Finance,2,0,1,0,2021-01-08,1,0,1,1,0,100,1.0,1.0,1.0,0,0,26-100,0,1558.0
4456,ssi,Accounting & Finance,2,0,1,0,2021-01-08,1,0,1,1,0,100,1.0,1.0,1.0,0,0,26-100,0,1558.0
4457,JOBMA,Accounting & Finance,"231,74,3",0,1,1,2021-01-08,1,1,1,2,9,60,1.0,1.0,1.0,1,0,1-25,0,1558.0
4458,sso,Accounting & Finance,73,1,1,1,2021-01-08,1,0,1,2,1,100,1.0,1.0,1.0,0,0,1-25,0,1558.0
4459,sso,Accounting & Finance,2,0,1,0,2021-01-08,1,0,1,1,0,100,1.0,1.0,1.0,0,0,1-25,0,1558.0
4460,JOBMA,Accounting & Finance,"231,74,3",0,1,1,2021-01-08,1,0,1,2,1,60,0.0,0.0,1.0,1,0,1-25,0,1558.0
4461,dshfgsjgf,Accounting & Finance,231,0,1,1,2021-01-08,1,0,1,2,1,60,0.0,0.0,1.0,1,0,26-100,0,1558.0
4462,JOBMA,Accounting & Finance,"231,74,3",0,1,1,2021-01-08,1,0,1,2,1,60,1.0,1.0,1.0,1,0,1-25,0,1558.0
4463,SSI,Accounting & Finance,"2,8,10",0,1,1,2021-01-08,1,1,1,2,100,60,1.0,1.0,1.0,1,0,1-25,0,1558.0
4464,JOBMA,Accounting & Finance,"231,74,3",0,1,1,2021-01-08,1,0,1,2,1,60,1.0,1.0,1.0,1,0,1-25,0,1558.0
4466,JOBMA,Accounting & Finance,"231,74,3",0,1,1,2021-01-11,1,0,1,2,1,60,1.0,1.0,1.0,1,0,1-25,0,1555.0
4467,SSI,Accounting & Finance,"2,8,10",0,1,0,2021-01-11,1,1,1,2,2,60,1.0,1.0,1.0,1,0,1-25,0,1555.0
4468,SSI,Accounting & Finance,"2,8,10",0,1,1,2021-01-11,1,1,1,2,2,60,1.0,1.0,1.0,1,0,1-25,0,1555.0
4469,SSI,Accounting & Finance,"2,8,10",0,1,1,2021-01-12,1,0,1,2,1,60,0.0,0.0,1.0,1,0,1-25,0,1554.0
4470,SSI,Accounting & Finance,"2,8,10",0,1,1,2021-01-12,1,0,1,2,1,100,1.0,1.0,1.0,0,0,1-25,0,1554.0
4471,JOBMA,Accounting & Finance,"231,74,3",0,1,1,2021-01-12,1,0,1,2,1,100,1.0,1.0,1.0,0,0,1-25,0,1554.0
4472,Jobma,Accounting & Finance,72,0,1,1,2021-01-12,1,0,1,2,1,60,1.0,1.0,1.0,1,0,500-1000,0,1554.0
4473,Jobma,Accounting & Finance,231,0,1,1,2021-01-12,1,0,1,2,1,60,0.0,0.0,1.0,1,0,26-100,0,1554.0
4474,SSI,Accounting & Finance,"2,8,10",0,1,1,2021-01-12,1,0,1,2,1,60,0.0,0.0,1.0,1,0,1-25,0,1554.0
4477,SSI,Accounting & Finance,"2,8,10",0,1,1,2021-01-12,1,0,1,2,1,60,0.0,0.0,1.0,1,0,1-25,0,1554.0
4478,SSI,Accounting & Finance,"2,8,10",0,1,1,2021-01-12,1,0,1,2,1,60,0.0,0.0,1.0,1,0,1-25,0,1554.0
4479,SSI,Accounting & Finance,"2,8,10",0,1,1,2021-01-12,1,0,1,2,1,60,0.0,0.0,1.0,1,0,1-25,0,1554.0
4480,SSI,Accounting & Finance,"2,8,10",0,1,1,2021-01-12,1,0,1,2,1,60,0.0,0.0,1.0,1,0,1-25,0,1554.0
4481,Achme,Accounting & Finance,2,0,1,1,2021-01-13,1,0,1,1,0,100,1.0,1.0,1.0,0,0,101-500,0,1553.0
4482,Test Co,Accounting & Finance,72,0,1,1,2021-01-13,1,1,1,2,3,100,1.0,1.0,1.0,0,0,101-500,0,1553.0
4483,Test Co,Accounting & Finance,2,0,1,0,2021-01-13,1,0,1,1,0,100,1.0,1.0,1.0,0,0,101-500,0,1553.0
4484,SSI,Accounting & Finance,"2,8,10",0,1,1,2021-01-13,1,1,1,2,2,60,1.0,1.0,1.0,1,0,1-25,0,1553.0
4485,SSI,Accounting & Finance,"2,8,10",0,1,1,2021-01-13,1,1,1,2,2,60,1.0,1.0,1.0,1,0,1-25,0,1553.0
4486,SSI,Accounting & Finance,"2,8,10",0,1,1,2021-01-13,1,1,1,2,2,60,1.0,1.0,1.0,1,0,1-25,0,1553.0
4487,Jobma,Accounting & Finance,"2,8,10",0,1,1,2021-01-13,1,1,1,2,2,100,1.0,1.0,1.0,0,0,26-100,0,1553.0
4488,Jobma,Accounting & Finance,"2,8,10",0,1,1,2021-01-13,1,1,1,2,2,100,1.0,1.0,1.0,0,0,26-100,0,1553.0
4489,Jobma,Accounting & Finance,"2,8,10",0,1,1,2021-01-13,1,1,1,2,2,100,1.0,1.0,1.0,0,0,26-100,0,1553.0
4490,Jobma,Accounting & Finance,"2,8,10",0,1,1,2021-01-13,1,1,1,2,2,100,1.0,1.0,1.0,0,0,26-100,0,1553.0
4491,Jobma,Accounting & Finance,"2,8,10",0,1,1,2021-01-14,1,1,1,2,2,100,1.0,1.0,1.0,0,0,26-100,0,1552.0
4492,SSI,Accounting & Finance,"2,8,10",0,1,1,2021-01-14,1,0,1,2,1,60,0.0,0.0,1.0,1,0,1-25,0,1552.0
4493,SSI,Accounting & Finance,"2,8,10",0,1,1,2021-01-14,1,0,1,2,1,60,0.0,0.0,1.0,1,0,1-25,0,1552.0
4494,SSI,Accounting & Finance,"2,8,10",0,1,1,2021-01-14,1,0,1,2,1,60,0.0,0.0,1.0,1,0,1-25,0,1552.0
4495,ssi,Accounting & Finance,72,0,1,1,2021-01-14,1,0,1,2,1,60,0.0,0.0,1.0,1,0,26-100,0,1552.0
4496,SSI,Accounting & Finance,74,0,1,1,2021-01-14,1,0,1,2,1,100,1.0,1.0,1.0,0,0,101-500,0,1552.0
4497,Jobma,Accounting & Finance,3,0,1,1,2021-01-14,1,1,1,2,2,60,1.0,1.0,1.0,1,0,26-100,0,1552.0
4498,Testcomp,Accounting & Finance,73,0,1,1,2021-01-14,1,1,1,1,2,100,1.0,1.0,1.0,0,0,26-100,0,1552.0
4499,Jobma,Accounting & Finance,3,0,1,1,2021-01-14,1,1,1,1,0,60,1.0,1.0,1.0,1,0,26-100,0,1552.0
4500,BHS,Accounting & Finance,3,0,1,1,2021-01-14,1,1,1,2,2,60,1.0,1.0,1.0,1,0,1-25,0,1552.0
4501,SKP,Accounting & Finance,3,0,1,1,2021-01-14,1,1,1,2,1,60,1.0,1.0,1.0,1,0,1-25,0,1552.0
4502,Testcomp,Accounting & Finance,2,0,1,0,2021-01-14,1,0,1,1,0,100,1.0,1.0,1.0,0,0,26-100,0,1552.0
4503,KLM,Accounting & Finance,4,0,1,1,2021-01-14,1,1,1,2,0,60,1.0,1.0,1.0,1,0,1-25,0,1552.0
4504,Testcomp,Accounting & Finance,2,0,1,0,2021-01-14,1,0,1,1,0,100,1.0,1.0,1.0,0,0,26-100,0,1552.0
4505,Testcomp,Accounting & Finance,2,0,1,1,2021-01-14,1,0,1,1,1,100,1.0,1.0,1.0,0,0,26-100,0,1552.0
4506,Testcomp,Accounting & Finance,2,0,1,1,2021-01-14,1,0,1,2,1,100,1.0,1.0,1.0,0,0,26-100,0,1552.0
4507,SSI,Accounting & Finance,"2,8,10",0,1,1,2021-01-14,1,0,1,2,1,60,0.0,0.0,1.0,1,0,1-25,0,1552.0
4508,ACF,Accounting & Finance,2,0,1,1,2021-01-14,1,1,1,1,1,60,1.0,1.0,1.0,1,0,1-25,0,1552.0
4509,ssi,Accounting & Finance,73,0,1,1,2021-01-15,1,1,1,2,2,100,1.0,1.0,1.0,0,0,1-25,0,1551.0
4510,SSI,Accounting & Finance,2,0,1,0,2021-01-15,1,0,1,1,0,100,1.0,1.0,1.0,0,0,101-500,0,1551.0
4511,SSI,Accounting & Finance,"2,8,10",0,1,1,2021-01-15,1,0,1,2,1,60,0.0,0.0,1.0,1,0,1-25,0,1551.0
4512,ssi,Accounting & Finance,3,0,1,1,2021-01-15,1,1,1,1,2,100,1.0,1.0,1.0,0,0,1-25,0,1551.0
4513,ssi,Accounting & Finance,3,0,1,1,2021-01-15,1,1,1,2,100,100,1.0,1.0,1.0,0,0,1-25,0,1551.0
4514,SSI,Accounting & Finance,"2,8,10",0,1,1,2021-01-15,1,0,1,2,1,60,0.0,0.0,1.0,1,0,1-25,0,1551.0
4515,sdfsd,Accounting & Finance,73,1,1,1,2021-01-15,1,0,1,2,1,60,1.0,1.0,1.0,1,0,1-25,0,1551.0
4516,ssi,Accounting & Finance,73,1,1,1,2021-01-15,1,0,1,2,1,100,1.0,1.0,1.0,0,0,1-25,0,1551.0
4517,dd,Accounting & Finance,1,1,1,1,2021-01-15,1,0,1,2,1,100,1.0,1.0,1.0,0,0,1-25,0,1551.0
4518,SSI,Accounting & Finance,"2,8,10",0,1,1,2021-01-15,1,0,1,2,1,60,0.0,0.0,1.0,1,0,1-25,0,1551.0
4519,ssi,Accounting & Finance,72,0,1,1,2021-01-15,1,0,1,2,1,60,1.0,1.0,1.0,1,0,1-25,0,1551.0
4520,Jobma,Accounting & Finance,2,0,1,1,2021-01-15,1,0,1,2,1,100,1.0,1.0,1.0,0,0,26-100,0,1551.0
4521,SSI,Accounting & Finance,"73,74",0,1,1,2021-01-15,1,0,1,2,1,100,1.0,1.0,1.0,0,0,26-100,0,1551.0
4522,ssi,Accounting & Finance,1,0,1,1,2021-01-15,1,0,1,2,1,60,1.0,1.0,1.0,1,0,26-100,0,1551.0
4523,ssi,Accounting & Finance,72,0,1,1,2021-01-15,1,0,1,2,1,100,1.0,1.0,1.0,0,0,26-100,0,1551.0
4524,SSI,Accounting & Finance,72,0,1,1,2021-01-15,1,0,1,1,1,60,1.0,1.0,1.0,1,0,26-100,0,1551.0
4525,Test & Test Co.,Accounting & Finance,"231,72",0,1,1,2021-01-18,1,0,1,2,1,60,1.0,1.0,1.0,1,0,500-1000,0,1548.0
4526,SSI,Accounting & Finance,2,0,1,0,2021-01-18,1,0,1,1,0,100,1.0,1.0,1.0,0,0,101-500,0,1548.0
4527,BCA,Accounting & Finance,51,0,1,1,2021-01-18,1,1,1,2,2,100,1.0,1.0,1.0,0,0,1-25,0,1548.0
4528,kjhkjh,Accounting & Finance,3,0,1,1,2021-01-18,1,1,1,1,2,60,1.0,1.0,1.0,1,0,26-100,0,1548.0
4529,BCAA,Accounting & Finance,231,0,1,1,2021-01-18,1,1,1,1,6,100,1.0,1.0,1.0,0,0,1-25,0,1548.0
4530,BCAA,Accounting & Finance,2,0,1,0,2021-01-18,1,0,1,1,0,100,1.0,1.0,1.0,0,0,1-25,0,1548.0
4531,sdfsd,Accounting & Finance,72,0,1,1,2021-01-18,1,0,1,1,1,60,1.0,1.0,1.0,1,0,26-100,0,1548.0
4532,hjgj,Accounting & Finance,2,0,1,1,2021-01-18,1,0,1,2,1,60,1.0,1.0,1.0,1,0,500-1000,0,1548.0
4533,BCA,Accounting & Finance,2,0,1,0,2021-01-18,1,0,1,1,0,100,1.0,1.0,1.0,0,0,1-25,0,1548.0
4534,sdfsd,Accounting & Finance,4,0,1,1,2021-01-18,1,1,1,1,4,60,1.0,1.0,1.0,1,0,26-100,0,1548.0
4535,sdfsd,Accounting & Finance,3,0,1,1,2021-01-18,1,1,1,2,0,60,1.0,1.0,1.0,1,0,26-100,0,1548.0
4536,Test & Test Co.,Accounting & Finance,2,0,1,0,2021-01-18,1,0,1,1,0,100,1.0,1.0,1.0,0,0,500-1000,0,1548.0
4537,sdfsd,Accounting & Finance,3,0,1,1,2021-01-18,1,1,1,2,100,60,1.0,1.0,1.0,1,0,26-100,0,1548.0
4538,Jobma,Accounting & Finance,72,2,1,1,2021-01-18,1,0,1,2,1,60,1.0,1.0,1.0,1,0,500-1000,0,1548.0
4539,Testcomp,Accounting & Finance,2,0,1,1,2021-01-18,1,0,1,2,1,60,1.0,1.0,1.0,1,0,101-500,0,1548.0
4540,Jobma,Accounting & Finance,2,0,1,1,2021-01-18,1,0,1,2,1,60,0.0,0.0,1.0,1,0,101-500,0,1548.0
4541,Testcomp,Accounting & Finance,73,1,1,1,2021-01-18,1,0,1,2,1,60,1.0,1.0,1.0,1,0,101-500,0,1548.0
4542,sdfsd,Accounting & Finance,3,0,1,1,2021-01-18,1,1,1,2,100,60,1.0,1.0,1.0,1,0,1-25,0,1548.0
4543,sdfsd,Accounting & Finance,3,0,1,1,2021-01-18,1,1,1,2,0,60,1.0,1.0,1.0,1,0,26-100,0,1548.0
4544,sdfsd,Accounting & Finance,4,0,1,1,2021-01-18,1,1,1,2,0,60,1.0,1.0,1.0,1,0,101-500,0,1548.0
4545,ssi,Accounting & Finance,2,0,1,1,2021-01-18,1,0,1,2,1,100,1.0,1.0,1.0,0,0,101-500,0,1548.0
4546,BCA,Accounting & Finance,231,0,1,1,2021-01-18,1,1,1,2,100,100,1.0,1.0,1.0,0,0,1-25,0,1548.0
4547,Testcomp,Accounting & Finance,2,0,1,0,2021-01-18,1,0,1,1,0,100,1.0,1.0,1.0,0,0,101-500,0,1548.0
4548,NTW,Accounting & Finance,73,7,1,1,2021-01-19,1,0,1,2,1,60,1.0,1.0,1.0,1,0,1-25,0,1547.0
4549,SSI,Accounting & Finance,78,0,1,1,2021-01-19,1,0,1,2,1,60,1.0,1.0,1.0,1,0,26-100,0,1547.0
4551,SSI,Accounting & Finance,"2,8,10",0,1,1,2021-01-19,1,0,1,2,1,60,0.0,0.0,1.0,1,0,1-25,0,1547.0
4552,ssi,Accounting & Finance,1,0,1,1,2021-01-19,1,0,1,2,1,60,1.0,1.0,1.0,1,0,1-25,0,1547.0
4553,Test PvT Ltd,Accounting & Finance,2,0,1,1,2021-01-19,1,1,1,2,1,60,1.0,1.0,1.0,1,0,1-25,0,1547.0
4554,Test PvT Ltd,Accounting & Finance,2,0,1,0,2021-01-19,1,0,1,1,0,100,1.0,1.0,1.0,0,0,1-25,0,1547.0
4555,Test Co.,Accounting & Finance,2,0,1,1,2021-01-19,1,1,1,2,1,60,1.0,1.0,1.0,1,0,1-25,0,1547.0
4556,Test Co.,Accounting & Finance,3,0,1,1,2021-01-19,1,1,1,2,3,60,1.0,1.0,1.0,1,0,26-100,0,1547.0
4557,Test Co.,Accounting & Finance,2,0,1,0,2021-01-19,1,0,1,1,0,100,1.0,1.0,1.0,0,0,26-100,0,1547.0
4558,ssi,Accounting & Finance,231,0,1,1,2021-01-19,1,0,1,2,1,60,0.0,0.0,1.0,1,0,26-100,0,1547.0
4559,Test Co Pvt Ltd,Accounting & Finance,2,0,1,1,2021-01-19,1,0,1,2,1,60,0.0,0.0,1.0,1,0,1-25,0,1547.0
4560,SSI,Accounting & Finance,"2,8,10",0,1,1,2021-01-20,1,0,1,2,1,60,0.0,0.0,1.0,1,0,1-25,0,1546.0
4561,SSI,Accounting & Finance,"2,8,10",0,1,1,2021-01-20,1,0,1,2,1,60,0.0,0.0,1.0,1,0,1-25,0,1546.0
4562,ssi,Accounting & Finance,72,0,1,1,2021-01-20,1,0,1,2,1,60,0.0,0.0,1.0,1,0,26-100,0,1546.0
4563,SSI,Accounting & Finance,"2,8,10",0,1,1,2021-01-20,1,0,1,2,1,60,0.0,0.0,1.0,1,0,1-25,0,1546.0
4564,SSI,Accounting & Finance,"2,8,10",0,1,1,2021-01-20,1,0,1,2,1,60,0.0,0.0,1.0,1,0,1-25,0,1546.0
4565,Jobma,Accounting & Finance,72,0,1,1,2021-01-20,1,1,1,2,4,60,1.0,1.0,1.0,1,0,26-100,0,1546.0
4566,JOBMA,Accounting & Finance,"231,74,3",0,1,1,2021-01-20,1,0,1,2,1,60,0.0,0.0,1.0,1,0,1-25,0,1546.0
4567,JOBMA,Accounting & Finance,"231,74,3",0,1,1,2021-01-20,1,0,1,2,1,60,0.0,0.0,1.0,1,0,1-25,0,1546.0
4568,Jobma,Accounting & Finance,2,1,1,1,2021-01-20,1,0,1,2,1,60,1.0,1.0,1.0,1,0,1-25,0,1546.0
4569,Jobma,Accounting & Finance,231,0,1,1,2021-01-20,1,1,1,2,5,100,1.0,1.0,1.0,0,0,101-500,0,1546.0
4570,6896knkjh,Accounting & Finance,72,0,1,1,2021-01-20,1,0,1,2,1,100,1.0,1.0,1.0,0,0,26-100,0,1546.0
4571,SSI,Accounting & Finance,"2,8,10",0,1,1,2021-01-20,1,0,1,2,1,60,0.0,0.0,1.0,1,0,1-25,0,1546.0
4572,SSI,Accounting & Finance,"2,8,10",0,1,1,2021-01-20,1,0,1,2,1,60,0.0,0.0,1.0,1,0,1-25,0,1546.0
4573,BCM,Accounting & Finance,231,0,1,1,2021-01-20,1,0,1,2,1,100,1.0,1.0,1.0,0,0,1-25,0,1546.0
4574,Jobma,Accounting & Finance,4,0,1,1,2021-01-20,1,1,1,2,4,60,1.0,1.0,1.0,1,0,26-100,0,1546.0
4575,Jobma,Accounting & Finance,2,0,1,1,2021-01-20,1,0,1,1,1,60,1.0,1.0,1.0,1,0,26-100,0,1546.0
4576,ss,Accounting & Finance,73,1,1,1,2021-01-21,1,0,1,1,1,60,1.0,1.0,1.0,1,0,1-25,0,1545.0
4577,ssi,Accounting & Finance,2,1,1,1,2021-01-21,1,1,1,2,5,100,1.0,1.0,1.0,0,0,1-25,0,1545.0
4578,SSI,Accounting & Finance,"2,8,10",0,1,1,2021-01-21,1,0,1,1,1,100,1.0,1.0,1.0,0,0,1-25,0,1545.0
4579,Testcomp,Accounting & Finance,73,1,1,1,2021-01-21,1,0,1,2,1,60,1.0,1.0,1.0,1,0,1-25,0,1545.0
4580,ssi,Accounting & Finance,72,0,1,1,2021-01-21,1,0,1,2,1,60,0.0,0.0,1.0,1,0,26-100,0,1545.0
4581,Testcomp,Accounting & Finance,72,1,1,1,2021-01-21,1,0,1,2,1,100,1.0,1.0,1.0,0,0,1-25,0,1545.0
4582,Testcomp,Accounting & Finance,72,0,1,1,2021-01-21,1,0,1,2,1,60,0.0,0.0,1.0,1,0,26-100,0,1545.0
4583,ssi,Accounting & Finance,2,0,1,1,2021-01-21,1,0,1,2,1,100,1.0,1.0,1.0,0,0,101-500,0,1545.0
4584,ssi,Accounting & Finance,72,0,1,1,2021-01-21,1,0,1,1,1,60,0.0,0.0,1.0,1,0,500-1000,0,1545.0
4585,ssi,Accounting & Finance,72,0,1,1,2021-01-22,1,0,1,2,1,100,1.0,1.0,1.0,0,0,26-100,0,1544.0
4586,sdf,Accounting & Finance,3,0,1,1,2021-01-22,1,1,1,2,2,100,1.0,1.0,1.0,0,0,26-100,0,1544.0
4587,hgjk,Accounting & Finance,72,0,1,1,2021-01-22,1,0,1,2,1,100,1.0,1.0,1.0,0,0,26-100,0,1544.0
4588,Jobma,Accounting & Finance,72,0,1,1,2021-01-22,1,0,1,2,1,100,1.0,1.0,1.0,0,0,1-25,0,1544.0
4589,BCAA,Accounting & Finance,2,0,1,0,2021-01-22,1,0,1,1,0,100,1.0,1.0,1.0,0,0,1-25,0,1544.0
4590,jobma,Accounting & Finance,231,0,1,1,2021-01-22,1,0,1,2,1,100,1.0,1.0,1.0,0,0,1-25,0,1544.0
4591,JOBMA,Accounting & Finance,"231,74,3",0,1,1,2021-01-22,1,1,1,2,10,100,1.0,1.0,1.0,0,0,101-500,0,1544.0
4592,JOBMA,Accounting & Finance,"231,74,3",0,1,1,2021-01-22,1,0,1,2,1,60,0.0,0.0,1.0,1,0,101-500,0,1544.0
4593,JOBMA,Accounting & Finance,"231,74,3",0,1,1,2021-01-24,1,0,1,2,1,100,1.0,1.0,1.0,0,0,101-500,0,1542.0
4594,JOBMA,Accounting & Finance,"231,74,3",0,1,1,2021-01-25,1,1,1,2,5,100,1.0,1.0,1.0,0,0,101-500,0,1541.0
4595,Test,Accounting & Finance,72,0,1,1,2021-01-25,1,0,1,2,1,60,0.0,0.0,1.0,1,0,101-500,0,1541.0
4596,JOBMA,Accounting & Finance,"72,3,75",0,1,1,2021-01-25,1,0,1,2,1,60,0.0,0.0,1.0,1,0,1-25,0,1541.0
4597,JOBMA,Accounting & Finance,"231,74,3",0,1,1,2021-01-25,1,0,1,2,1,100,1.0,1.0,1.0,0,0,101-500,0,1541.0
4598,JOBMA,Accounting & Finance,"231,74,3",0,1,1,2021-01-25,1,0,1,2,1,100,1.0,1.0,1.0,0,0,101-500,0,1541.0
4599,JOBMA,Accounting & Finance,"231,74,3",0,1,1,2021-01-25,1,0,1,2,1,100,1.0,1.0,1.0,0,0,101-500,0,1541.0
4600,JOBMA,Accounting & Finance,"231,74,3",0,1,1,2021-01-25,1,0,1,2,1,100,1.0,1.0,1.0,0,0,101-500,0,1541.0
4601,JOBMA,Accounting & Finance,"231,74,3",0,1,1,2021-01-25,1,0,1,2,1,60,0.0,0.0,1.0,1,0,101-500,0,1541.0
4602,JOBMA,Accounting & Finance,"231,74,3",0,1,1,2021-01-25,1,0,1,2,1,100,1.0,1.0,1.0,0,0,101-500,0,1541.0
4603,JOBMA,Accounting & Finance,"231,74,3",0,1,1,2021-01-25,1,0,1,2,1,100,1.0,1.0,1.0,0,0,101-500,0,1541.0
4604,jobma,Accounting & Finance,72,0,1,1,2021-01-25,1,0,1,2,1,100,100.0,100.0,1.0,1,0,26-100,0,1541.0
4605,Jobma,Accounting & Finance,72,0,1,1,2021-01-25,1,0,1,2,1,100,1.0,1.0,1.0,0,0,26-100,0,1541.0
4606,Jobma,Accounting & Finance,231,0,1,1,2021-01-27,1,0,1,2,1,60,1000.0,1000.0,1.0,1,0,26-100,0,1539.0
4607,Jobma,Accounting & Finance,231,0,1,1,2021-01-27,1,0,1,2,1,100,1.0,1.0,1.0,0,0,26-100,0,1539.0
4608,JOBMA,Accounting & Finance,"231,74,3",0,1,1,2021-01-28,1,0,1,2,1,100,1.0,1.0,1.0,0,0,101-500,0,1538.0
4609,JOBMA,Accounting & Finance,"231,74,3",0,1,1,2021-01-28,1,1,1,2,5,100,1.0,1.0,1.0,0,0,101-500,0,1538.0
4610,JOBMA,Accounting & Finance,"231,74,3",0,1,1,2021-01-29,1,1,1,2,5,100,1.0,1.0,1.0,0,0,101-500,0,1537.0
4611,Jobma,Accounting & Finance,72,0,1,1,2021-01-29,1,0,1,2,1,60,0.0,0.0,1.0,1,0,101-500,0,1537.0
4612,JOBMA,Accounting & Finance,"231,74,3",0,1,1,2021-01-29,1,1,1,2,5,100,1.0,1.0,1.0,0,0,101-500,0,1537.0
4613,JOBMA,Accounting & Finance,"231,74,3",0,1,1,2021-01-29,1,1,1,2,5,100,1.0,1.0,1.0,0,0,101-500,0,1537.0
4614,JOBMA,Accounting & Finance,"231,74,3",0,1,1,2021-01-29,1,1,1,1,10,100,1.0,1.0,1.0,0,0,101-500,0,1537.0
4615,JOBMA,Accounting & Finance,"231,74,3",0,1,1,2021-01-29,1,1,1,2,5,100,1.0,1.0,1.0,0,0,101-500,0,1537.0
4616,JOBMA,Accounting & Finance,"231,74,3",0,1,1,2021-01-29,1,1,1,2,5,100,1.0,1.0,1.0,0,0,101-500,0,1537.0
4617,JOBMA,Accounting & Finance,"231,74,3",0,1,1,2021-01-29,1,1,1,2,5,100,1.0,1.0,1.0,0,0,101-500,0,1537.0
4618,JOBMA,Accounting & Finance,"231,74,3",0,1,1,2021-01-29,1,1,1,2,5,100,1.0,1.0,1.0,0,0,101-500,0,1537.0
4619,Jobma,Accounting & Finance,72,0,1,1,2021-02-01,1,0,1,2,1,60,1.0,1.0,1.0,1,0,26-100,0,1534.0
4620,ssi,Accounting & Finance,2,0,1,0,2021-02-01,1,0,1,1,0,100,1.0,1.0,1.0,0,0,1-25,0,1534.0
4621,Jobma,Accounting & Finance,"2,8,10",0,1,1,2021-02-01,1,1,1,2,100,100,1.0,1.0,1.0,0,0,26-100,0,1534.0
4622,Google Inc,Accounting & Finance,2,0,1,1,2021-02-01,1,0,1,2,1,60,1.0,1.0,1.0,1,0,26-100,0,1534.0
4623,Google Inc,Accounting & Finance,2,0,1,1,2021-02-01,1,1,1,2,100,60,1.0,1.0,1.0,1,0,500-1000,0,1534.0
4624,Google Inc,Accounting & Finance,72,0,1,1,2021-02-01,1,0,1,2,1,60,1.0,1.0,1.0,1,0,500-1000,0,1534.0
4625,Jobma,Accounting & Finance,"2,8,10",0,1,1,2021-02-01,1,1,1,2,2,100,1.0,1.0,1.0,0,0,26-100,0,1534.0
4626,Jobma,Accounting & Finance,"2,8,10",0,1,1,2021-02-01,1,1,1,2,6,100,1.0,1.0,1.0,0,0,26-100,0,1534.0
4627,Jobma,Accounting & Finance,"2,8,10",0,1,1,2021-02-01,1,1,1,2,100,100,1.0,1.0,1.0,0,0,26-100,0,1534.0
4629,tef77,Accounting & Finance,"1,231,72",5,1,1,2021-02-02,1,0,1,2,1,100,1.0,1.0,1.0,0,0,1-25,0,1533.0
4630,ssi,Accounting & Finance,1,0,1,1,2021-02-02,1,0,1,2,1,60,1.0,1.0,1.0,1,0,26-100,0,1533.0
4631,Jobma,Accounting & Finance,4,0,1,1,2021-02-03,1,1,1,2,100,100,1.0,1.0,1.0,0,0,26-100,0,1532.0
4632,Jobma,Accounting & Finance,3,0,1,1,2021-02-03,1,1,1,2,100,100,1.0,1.0,1.0,0,0,26-100,0,1532.0
4633,Jobma,Accounting & Finance,72,0,1,1,2021-02-03,1,0,1,2,1,60,1.0,1.0,1.0,1,0,26-100,0,1532.0
4634,ABCSol,Accounting & Finance,2,0,2,0,2021-02-03,1,0,1,1,0,100,1.0,1.0,1.0,0,0,1-25,0,1532.0
4635,Jobma,Accounting & Finance,2,0,1,0,2021-02-03,1,0,1,1,0,100,1.0,1.0,1.0,0,0,26-100,0,1532.0
4636,Jobma,Accounting & Finance,2,0,1,0,2021-02-03,1,0,1,1,0,100,1.0,1.0,1.0,0,0,26-100,0,1532.0
4637,Jobma,Accounting & Finance,72,0,1,1,2021-02-03,1,1,1,2,2,60,1.0,1.0,1.0,1,0,26-100,0,1532.0
4638,Jobma,Accounting & Finance,2,0,1,0,2021-02-03,1,0,1,1,0,100,1.0,1.0,1.0,0,0,26-100,0,1532.0
4639,Jobma,Accounting & Finance,2,0,1,0,2021-02-03,1,0,1,1,0,100,1.0,1.0,1.0,0,0,26-100,0,1532.0
4640,Jobma,Accounting & Finance,2,0,1,0,2021-02-03,1,0,1,1,0,100,1.0,1.0,1.0,0,0,26-100,0,1532.0
4643,JOBMA,Accounting & Finance,2,0,1,0,2021-02-03,1,0,1,1,0,100,1.0,1.0,1.0,0,0,101-500,0,1532.0
4644,JOBMA,Accounting & Finance,2,0,1,0,2021-02-03,1,0,1,1,0,100,1.0,1.0,1.0,0,0,101-500,0,1532.0
4646,ssi,Accounting & Finance,72,0,1,1,2021-02-08,1,0,1,2,1,60,1.0,1.0,1.0,1,0,26-100,0,1527.0
4647,ssi,Accounting & Finance,72,0,1,1,2021-02-08,1,0,1,2,1,60,1.0,1.0,1.0,1,0,26-100,0,1527.0
4648,ssi,Accounting & Finance,2,0,1,0,2021-02-08,1,0,1,1,0,100,1.0,1.0,1.0,0,0,1-25,0,1527.0
4649,ABCSol,Accounting & Finance,2,0,2,0,2021-02-10,1,0,1,1,0,100,1.0,1.0,1.0,0,0,1-25,0,1525.0
4650,ABCSol,Accounting & Finance,2,0,2,0,2021-02-11,1,0,1,1,0,100,1.0,1.0,1.0,0,0,1-25,0,1524.0
4653,SSI,Accounting & Finance,2,0,1,1,2021-03-08,0,0,1,2,1,"[""60"",""100""]",1.0,1.0,1.0,1,0,26-100,0,1499.0
4654,SSI,Accounting & Finance,3,0,1,1,2021-03-08,0,0,1,2,1,100,1.0,1.0,1.0,0,0,26-100,0,1499.0
4655,SSI,Accounting & Finance,4,0,1,1,2021-03-08,0,0,1,2,1,100,1.0,1.0,1.0,0,0,26-100,0,1499.0
4656,SSI,Accounting & Finance,3,0,1,1,2021-03-08,0,0,1,2,1,"[""60"",""100""]",1.0,1.0,1.0,1,0,26-100,0,1499.0
4657,SSI,Accounting & Finance,2,0,1,1,2021-03-08,0,0,1,2,1,"[""60"",""100""]",1.0,1.0,1.0,1,0,26-100,0,1499.0
4658,SSI,Accounting & Finance,2,0,1,1,2021-03-08,0,0,1,2,1,"[""60"",""100""]",1.0,1.0,1.0,1,0,26-100,0,1499.0
4659,SSI,Accounting & Finance,3,0,1,1,2021-03-08,0,0,1,2,1,100,1.0,1.0,1.0,0,0,26-100,0,1499.0
4660,SSI,Accounting & Finance,2,0,1,1,2021-03-08,0,0,1,2,0,100,1.0,1.0,1.0,0,0,26-100,0,1499.0
4661,SSI,Accounting & Finance,3,0,1,1,2021-03-08,0,0,1,2,1,100,1.0,1.0,1.0,0,0,26-100,0,1499.0
4662,ssi,Accounting & Finance,7,0,1,1,2021-03-08,0,0,1,2,1,"[""60"",""100""]",1.0,1.0,1.0,1,0,101-500,0,1499.0
4663,ssi,Accounting & Finance,3,0,1,1,2021-03-08,0,0,1,2,1,"[""60"",""100""]",1.0,1.0,1.0,1,0,26-100,0,1499.0
4664,sdfsd,Accounting & Finance,2,0,1,1,2021-03-08,0,0,1,2,3,100,1.0,1.0,1.0,0,0,500-1000,0,1499.0
4665,ssi,Accounting & Finance,3,0,1,1,2021-03-08,0,0,1,2,1,"[""60"",""100""]",1.0,1.0,1.0,1,0,26-100,0,1499.0
4666,ssi,Accounting & Finance,3,0,1,1,2021-03-08,0,0,1,2,0,100,1.0,1.0,1.0,0,0,500-1000,0,1499.0
4674,Test Company,Accounting & Finance,1,0,1,1,2021-03-09,0,0,1,2,1,"[""60"",""100""]",1.0,1.0,1.0,1,0,101-500,0,1498.0
4675,Test Company,Accounting & Finance,4,0,1,1,2021-03-09,0,0,1,2,1,"[""60"",""100""]",1.0,1.0,1.0,1,0,500-1000,0,1498.0
4676,Test com,Accounting & Finance,2,0,1,1,2021-03-10,0,0,1,2,1,"[""60"",""100""]",1.0,1.0,1.0,1,0,500-1000,0,1497.0
4677,Test address,Accounting & Finance,2,0,1,1,2021-03-10,0,0,1,2,1,"[""60"",""100""]",1.0,1.0,1.0,1,0,500-1000,0,1497.0
4679,Test Company,Accounting & Finance,"1,3,7",0,1,1,2021-03-11,0,1,1,1,2,100,1.0,1.0,1.0,0,0,500-1000,0,1496.0
4680,Test,Accounting & Finance,2,0,1,1,2021-03-11,0,0,1,2,1,"[""60"",""100""]",1.0,1.0,1.0,1,0,26-100,0,1496.0
4681,Test,Accounting & Finance,2,0,1,1,2021-03-11,0,0,1,2,100,100,1.0,1.0,1.0,0,0,26-100,0,1496.0
4682,Tes Company,Accounting & Finance,3,0,1,1,2021-03-11,0,0,1,2,1,100,1.0,1.0,1.0,0,0,101-500,0,1496.0
4683,Test Co,Accounting & Finance,2,0,1,0,2021-03-11,0,1,1,1,3,"[""60"",""100""]",1.0,1.0,1.0,1,0,101-500,0,1496.0
4684,Test Company,Accounting & Finance,2,0,1,1,2021-03-12,0,0,1,2,1,"[""60"",""100""]",1.0,1.0,1.0,1,0,101-500,0,1495.0
4685,WOW,Accounting & Finance,27,0,1,1,2021-03-12,0,0,1,2,1,"[""60"",""100""]",1.0,1.0,1.0,1,0,26-100,0,1495.0
4686,Test Company,Accounting & Finance,2,0,1,1,2021-03-12,0,0,1,2,1,"[""60"",""100""]",0.0,0.0,1.0,1,0,500-1000,0,1495.0
4687,Test Company,Accounting & Finance,4,0,1,1,2021-03-12,0,0,1,1,1,"[""60"",""100""]",0.0,0.0,1.0,1,0,More than 1000,0,1495.0
4688,ssi,Accounting & Finance,3,0,1,1,2021-03-12,0,0,1,2,1,100,1.0,1.0,1.0,0,0,26-100,0,1495.0
4689,Test,Accounting & Finance,2,0,1,1,2021-03-12,0,0,1,2,1,"[""60"",""100""]",0.0,0.0,1.0,1,0,500-1000,0,1495.0
4690,sdfsd,Accounting & Finance,2,0,1,1,2021-03-12,0,0,1,2,1,100,1.0,1.0,1.0,0,0,500-1000,0,1495.0
4691,erdfd,Accounting & Finance,2,0,1,1,2021-03-12,0,0,1,2,1,100,1.0,1.0,1.0,0,0,More than 1000,0,1495.0
4694,AWS,Accounting & Finance,"72,2,76",0,1,1,2021-03-15,0,0,1,2,1,"[""60"",""100""]",1.0,1.0,1.0,1,0,1-25,0,1492.0
4695,NVC,Accounting & Finance,231,0,1,1,2021-03-15,0,0,1,2,1,100,1.0,1.0,1.0,0,0,1-25,0,1492.0
4696,TEST,Accounting & Finance,72,0,1,1,2021-03-16,0,0,1,2,1,"[""60"",""100""]",1.0,1.0,1.0,1,0,26-100,0,1491.0
4697,ssi,Accounting & Finance,72,0,1,1,2021-03-16,0,0,1,2,1,"[""60"",""100""]",1.0,1.0,1.0,1,0,26-100,0,1491.0
4698,TEST,Accounting & Finance,2,0,1,1,2021-03-16,0,0,1,2,1,"[""60"",""100""]",1.0,1.0,1.0,1,0,1-25,0,1491.0
4699,ERT,Accounting & Finance,231,0,1,1,2021-03-16,0,1,1,2,2,100,1.0,1.0,1.0,0,0,1-25,0,1491.0
4700,Test,Accounting & Finance,2,0,1,1,2021-03-16,0,1,1,2,4,100,1.0,1.0,1.0,0,0,1-25,0,1491.0
4704,GBN,Accounting & Finance,3,0,1,1,2021-03-17,0,0,1,2,1,100,1.0,1.0,1.0,0,0,1-25,0,1490.0
4705,HSK,Accounting & Finance,4,0,1,1,2021-03-17,0,0,1,2,1,100,1.0,1.0,1.0,0,0,More than 1000,0,1490.0
4706,HSK,Accounting & Finance,7,0,1,1,2021-03-17,0,0,1,2,1,100,1.0,1.0,1.0,0,0,26-100,0,1490.0
4707,HKM,Accounting & Finance,72,0,1,1,2021-03-17,0,0,1,2,1,"[""60"",""100""]",1.0,1.0,1.0,1,0,1-25,0,1490.0
4708,SSI,Accounting & Finance,231,0,1,1,2021-03-17,0,0,1,2,1,"[""60"",""100""]",1.0,1.0,1.0,1,0,101-500,0,1490.0
4709,SSI,Accounting & Finance,73,0,1,1,2021-03-18,0,0,1,2,1,"[""60"",""100""]",1.0,1.0,1.0,1,0,26-100,0,1489.0
4710,Google Inc,Accounting & Finance,2,0,1,1,2021-03-18,0,0,1,2,100,100,1.0,1.0,1.0,0,0,101-500,0,1489.0
4711,Achme,Accounting & Finance,2,0,1,1,2021-03-18,1,0,1,1,0,100,1.0,1.0,1.0,0,0,101-500,0,1489.0
4712,Jobma,Accounting & Finance,231,0,1,1,2021-03-18,0,0,1,2,1,"[""60"",""100""]",1.0,1.0,1.0,1,0,1-25,0,1489.0
4713,jobma,Accounting & Finance,72,0,1,1,2021-03-18,0,0,1,2,1,"[""60"",""100""]",0.0,0.0,1.0,1,0,26-100,0,1489.0
4714,ssi,Accounting & Finance,3,0,1,1,2021-03-18,0,0,1,2,100,100,1.0,1.0,1.0,0,0,500-1000,0,1489.0
4715,Jobma,Accounting & Finance,231,0,1,1,2021-03-18,0,0,1,2,1,"[""60"",""100""]",0.0,0.0,1.0,1,0,26-100,0,1489.0
4716,BNH,Accounting & Finance,72,0,1,1,2021-03-18,0,0,1,2,1,100,1.0,1.0,1.0,0,0,1-25,0,1489.0
4717,OPP,Accounting & Finance,2,0,1,1,2021-03-18,0,0,1,2,1,"[""60"",""100""]",0.0,0.0,1.0,1,0,26-100,0,1489.0
4718,Test Coorporate,Accounting & Finance,231,0,1,1,2021-03-19,0,1,1,1,4,"[""60"",""100""]",1.0,1.0,1.0,1,0,101-500,0,1488.0
4719,Test Cooperate,Accounting & Finance,231,0,1,1,2021-03-19,0,0,1,2,1,100,1.0,1.0,1.0,0,0,More than 1000,0,1488.0
4720,ssi,Accounting & Finance,72,0,1,1,2021-03-19,0,0,1,2,1,"[""60"",""100""]",1.0,1.0,1.0,1,0,26-100,0,1488.0
4721,Pawan Intl,Accounting & Finance,1,0,1,1,2021-03-19,0,0,1,2,1,"[""60"",""100""]",1.0,1.0,1.0,1,0,1-25,0,1488.0
4722,Jobma,Accounting & Finance,231,0,1,1,2021-03-19,0,0,1,2,1,"[""60"",""100""]",1.0,1.0,1.0,1,0,1-25,0,1488.0
4723,Test Co Pvt Ltd,Accounting & Finance,2,0,1,1,2021-03-19,0,0,1,2,100,"[""60"",""100""]",1.0,1.0,1.0,1,0,26-100,0,1488.0
4724,Jobma,Accounting & Finance,2,0,1,1,2021-03-19,0,0,1,2,100,100,1.0,1.0,1.0,0,0,26-100,0,1488.0
4725,Test Cooperate,Accounting & Finance,2,0,1,1,2021-03-19,0,0,1,2,100,100,1.0,1.0,1.0,0,0,1-25,0,1488.0
4726,Pawan Intl,Accounting & Finance,1,0,1,1,2021-03-19,0,0,1,2,1,"[""60"",""100""]",1.0,1.0,1.0,1,0,1-25,0,1488.0
4727,IPL,Accounting & Finance,72,0,1,1,2021-03-19,0,0,1,2,1,"[""60"",""100""]",1.0,1.0,1.0,1,0,1-25,0,1488.0
4728,Test Company,Accounting & Finance,1,0,1,1,2021-03-19,0,0,1,2,1,100,1.0,1.0,1.0,0,0,101-500,0,1488.0
4729,Testing Co,Accounting & Finance,231,0,1,1,2021-03-19,0,1,1,2,2,"[""60"",""100""]",1.0,1.0,1.0,1,0,101-500,0,1488.0
4730,Test Company,Accounting & Finance,2,0,1,1,2021-03-19,0,0,1,2,0,"[""60"",""100""]",1.0,1.0,1.0,1,0,More than 1000,0,1488.0
4731,Pawan Intl,Accounting & Finance,1,0,1,1,2021-03-19,0,0,1,2,100,100,1.0,1.0,1.0,0,0,1-25,0,1488.0
4732,BHK,Accounting & Finance,231,0,1,1,2021-03-19,0,0,1,2,1,"[""60"",""100""]",1.0,1.0,1.0,1,0,1-25,0,1488.0
4733,MPL,Accounting & Finance,2,0,1,1,2021-03-19,0,0,1,2,100,"[""60"",""100""]",1.0,1.0,1.0,1,0,1-25,0,1488.0
4734,CVN,Accounting & Finance,72,0,1,1,2021-03-19,0,0,1,2,1,100,1.0,1.0,1.0,0,0,1-25,0,1488.0
4735,TNT,Accounting & Finance,231,0,1,1,2021-03-22,0,0,1,2,1,"[""60"",""100""]",0.0,0.0,1.0,1,0,1-25,0,1485.0
4736,Test Company,Accounting & Finance,"1,72,73",0,1,1,2021-03-22,0,1,1,2,10,100,1.0,1.0,1.0,0,0,500-1000,0,1485.0
4737,Test Company,Accounting & Finance,2,0,1,1,2021-03-22,0,0,1,2,100,100,1.0,1.0,1.0,0,0,500-1000,0,1485.0
4738,Test Coorporate,Accounting & Finance,2,0,1,0,2021-03-22,1,0,1,1,0,100,1.0,1.0,1.0,0,0,1-25,0,1485.0
4739,Test Coorporate,Accounting & Finance,2,0,1,0,2021-03-22,1,0,1,1,0,100,1.0,1.0,1.0,0,0,1-25,0,1485.0
4740,Test Coorporate,Accounting & Finance,2,0,1,0,2021-03-22,1,0,1,1,0,100,1.0,1.0,1.0,0,0,1-25,0,1485.0
4741,Test co,Accounting & Finance,2,0,1,1,2021-03-22,0,0,1,2,1,"[""60"",""100""]",1.0,1.0,1.0,1,0,1-25,0,1485.0
4742,Test Co Pvt Ltd,Accounting & Finance,2,0,1,0,2021-03-22,1,0,1,1,0,100,1.0,1.0,1.0,0,0,1-25,0,1485.0
4743,Test Co Pvt Ltd,Accounting & Finance,2,0,1,0,2021-03-22,1,0,1,1,0,100,1.0,1.0,1.0,0,0,1-25,0,1485.0
4744,Test Com,Accounting & Finance,4,0,1,1,2021-03-22,0,0,1,2,100,100,1.0,1.0,1.0,0,0,500-1000,0,1485.0
4745,Test Com,Accounting & Finance,2,0,1,1,2021-03-22,0,0,1,2,100,"[""60"",""100""]",1.0,1.0,1.0,1,0,500-1000,0,1485.0
4746,HKM,Accounting & Finance,3,0,1,1,2021-03-22,0,0,1,2,100,100,1.0,1.0,1.0,0,0,101-500,0,1485.0
4747,Test,Accounting & Finance,3,0,1,1,2021-03-22,0,0,1,2,100,"[""60"",""100""]",1.0,1.0,1.0,1,0,500-1000,0,1485.0
4748,interviewrate,Accounting & Finance,3,0,1,1,2021-03-22,0,0,1,2,100,"[""60"",""100""]",1.0,1.0,1.0,1,0,500-1000,0,1485.0
4751,kjhkjh,Accounting & Finance,2,0,1,1,2021-03-22,0,0,1,2,100,100,1.0,1.0,1.0,0,0,101-500,0,1485.0
4752,Test Coorporate,Accounting & Finance,2,0,1,0,2021-03-22,1,0,1,1,0,100,1.0,1.0,1.0,0,0,1-25,0,1485.0
4753,New Jazz HRing,Accounting & Finance,231,1,1,1,2021-03-22,0,0,1,2,1,100,1.0,1.0,1.0,0,0,1-25,0,1485.0
4754,ssi,Accounting & Finance,"72,2,73",1,1,1,2021-03-22,0,0,1,2,1,100,1.0,1.0,1.0,0,0,1-25,0,1485.0
4755,ssi,Accounting & Finance,73,1,1,1,2021-03-22,0,0,1,2,1,100,1.0,1.0,1.0,0,0,1-25,0,1485.0
4756,sssss,Accounting & Finance,1,1,1,1,2021-03-22,0,0,1,2,1,"[""60"",""100""]",1.0,1.0,1.0,1,0,1-25,0,1485.0
4757,sssss,Accounting & Finance,1,1,1,1,2021-03-22,0,0,1,2,1,"[""60"",""100""]",1.0,1.0,1.0,1,0,1-25,0,1485.0
4758,ssi,Accounting & Finance,73,1,1,1,2021-03-22,0,0,1,2,1,"[""60"",""100""]",1.0,1.0,1.0,1,0,1-25,0,1485.0
4759,ssi,Accounting & Finance,73,1,1,1,2021-03-22,0,0,1,2,1,"[""60"",""100""]",1.0,1.0,1.0,1,0,1-25,0,1485.0
4760,ssi,Accounting & Finance,73,1,1,1,2021-03-22,0,0,1,2,1,"[""60"",""100""]",1.0,1.0,1.0,1,0,1-25,0,1485.0
4761,Test Company,Accounting & Finance,231,0,1,1,2021-03-23,0,0,1,2,1,"[""60"",""100""]",1.0,1.0,1.0,1,0,26-100,0,1484.0
4762,Test Co,Accounting & Finance,72,0,1,1,2021-03-23,0,0,1,2,1,"[""60"",""100""]",0.0,0.0,1.0,1,0,500-1000,0,1484.0
4763,OPL,Accounting & Finance,"231,4",0,1,1,2021-03-23,0,0,1,2,1,100,1.0,1.0,1.0,0,0,101-500,0,1484.0
4764,LKS,Accounting & Finance,2,0,1,1,2021-03-23,0,0,1,2,1,100,1.0,1.0,1.0,0,0,1-25,0,1484.0
4765,Test Company,Accounting & Finance,231,0,1,1,2021-03-23,0,0,1,2,1,100,1.0,1.0,1.0,0,0,26-100,0,1484.0
4766,Test Company,Accounting & Finance,2,0,1,0,2021-03-23,1,0,1,1,0,100,1.0,1.0,1.0,0,0,1-25,0,1484.0
4767,Test Company,Accounting & Finance,2,0,1,0,2021-03-23,1,0,1,1,0,100,1.0,1.0,1.0,0,0,1-25,0,1484.0
4768,ssi,Accounting & Finance,72,1,1,1,2021-03-23,0,0,1,2,1,100,1.0,1.0,1.0,0,0,1-25,0,1484.0
4769,Test Company,Accounting & Finance,231,0,1,1,2021-03-23,0,0,1,2,1,100,1.0,1.0,1.0,0,0,101-500,0,1484.0
4770,Test Company,Accounting & Finance,2,0,1,0,2021-03-23,1,0,1,1,0,100,1.0,1.0,1.0,0,0,1-25,0,1484.0
4771,ssi,Accounting & Finance,2,0,1,1,2021-03-23,0,0,1,2,100,100,1.0,1.0,1.0,0,0,26-100,0,1484.0
4772,ssi,Accounting & Finance,2,0,1,0,2021-03-23,1,0,1,1,0,100,1.0,1.0,1.0,0,0,1-25,0,1484.0
4773,ssi,Accounting & Finance,2,0,1,0,2021-03-23,1,0,1,1,0,100,1.0,1.0,1.0,0,0,1-25,0,1484.0
4774,ssi,Accounting & Finance,3,0,1,1,2021-03-23,0,0,1,2,100,100,1.0,1.0,1.0,0,0,500-1000,0,1484.0
4775,tef77,Accounting & Finance,2,0,1,0,2021-03-24,1,0,1,1,0,100,1.0,1.0,1.0,0,0,1-25,0,1483.0
4776,Pawan Intl,Accounting & Finance,1,0,1,1,2021-03-24,0,0,1,2,1,"[""60"",""100""]",1.0,1.0,1.0,1,0,1-25,0,1483.0
4777,JOBMA,Accounting & Finance,2,0,1,0,2021-03-24,1,0,1,1,0,100,1.0,1.0,1.0,0,0,101-500,0,1483.0
4778,kjhkjh,Accounting & Finance,2,0,1,1,2021-03-24,0,0,1,2,1,100,1.0,1.0,1.0,0,0,101-500,0,1483.0
4779,kjhkjh,Accounting & Finance,2,0,1,0,2021-03-24,1,0,1,1,0,100,1.0,1.0,1.0,0,0,1-25,0,1483.0
4780,Test,Accounting & Finance,3,0,1,1,2021-03-24,0,0,1,2,100,100,1.0,1.0,1.0,0,0,26-100,0,1483.0
4781,Test,Accounting & Finance,3,0,1,1,2021-03-24,0,0,1,2,100,100,1.0,1.0,1.0,0,0,More than 1000,0,1483.0
4782,Test,Accounting & Finance,72,0,1,1,2021-03-24,0,0,1,2,1,"[""60"",""100""]",1.0,1.0,1.0,1,0,500-1000,0,1483.0
4783,Pawan Intl,Accounting & Finance,1,0,1,1,2021-03-24,0,0,1,2,1,"[""60"",""100""]",1.0,1.0,1.0,1,0,1-25,0,1483.0
4784,ssi,Accounting & Finance,3,0,1,1,2021-03-25,0,0,1,2,100,100,1.0,1.0,1.0,0,0,101-500,0,1482.0
4785,ssi,Accounting & Finance,3,0,1,1,2021-03-25,0,0,1,2,100,100,1.0,1.0,1.0,0,0,26-100,0,1482.0
4786,Jobma,Accounting & Finance,72,0,1,1,2021-03-25,0,0,1,2,1,"[""60"",""100""]",1.0,1.0,1.0,1,0,26-100,0,1482.0
4787,ssi,Accounting & Finance,3,0,1,1,2021-03-25,0,0,1,2,100,100,1.0,1.0,1.0,0,0,101-500,0,1482.0
4788,Jobma,Accounting & Finance,2,0,1,0,2021-03-25,1,0,1,1,0,100,1.0,1.0,1.0,0,0,1-25,0,1482.0
4789,Tester,Accounting & Finance,2,0,1,1,2021-03-25,0,1,1,2,2,100,1.0,2.0,1.0,0,0,26-100,0,1482.0
4790,ssi,Accounting & Finance,3,0,1,1,2021-03-25,0,0,1,2,100,100,1.0,1.0,1.0,0,0,500-1000,0,1482.0
4791,Test Com,Accounting & Finance,72,0,2,0,2021-03-25,0,0,1,0,100,"[""60"",""100""]",1.0,1.0,1.0,1,0,500-1000,0,1482.0
4792,SSI,Accounting & Finance,231,0,1,1,2021-03-25,0,0,1,2,1,"[""60"",""100""]",1.0,1.0,1.0,1,0,101-500,0,1482.0
4793,SSI,Accounting & Finance,72,0,1,1,2021-03-25,0,0,1,2,1,"[""60"",""100""]",1.0,1.0,1.0,1,0,26-100,0,1482.0
4794,ssi,Accounting & Finance,72,0,1,1,2021-03-25,0,0,1,2,1,"[""60"",""100""]",1.0,1.0,1.0,1,0,26-100,0,1482.0
4795,TSL,Accounting & Finance,2,0,1,1,2021-03-25,0,0,1,2,1,100,1.0,1.0,1.0,0,0,26-100,0,1482.0
4796,ssi,Accounting & Finance,3,0,1,1,2021-03-25,0,0,1,2,100,100,1.0,1.0,1.0,0,0,More than 1000,0,1482.0
4797,ASW,Accounting & Finance,3,0,1,1,2021-03-25,0,0,1,2,1,100,1.0,1.0,1.0,0,0,26-100,0,1482.0
4798,Test,Accounting & Finance,231,0,1,0,2021-03-25,0,0,1,1,100,100,1.0,1.0,1.0,0,0,1-25,0,1482.0
4799,Test Company,Accounting & Finance,231,0,1,0,2021-03-26,0,0,1,1,1,100,1.0,1.0,1.0,0,0,26-100,0,1481.0
4800,Jobma,Accounting & Finance,2,0,1,1,2021-03-26,0,0,1,2,1,"[""60"",""100""]",1.0,1.0,1.0,1,0,26-100,0,1481.0
4801,Jobma,Accounting & Finance,231,0,1,1,2021-03-26,0,0,1,2,1,100,1.0,1.0,1.0,0,0,26-100,0,1481.0
4802,Test C,Accounting & Finance,231,0,1,0,2021-03-26,0,0,1,1,1,"[""60"",""100""]",1.0,1.0,1.0,1,0,26-100,0,1481.0
4803,Test Company,Accounting & Finance,2,0,1,0,2021-03-26,1,0,1,1,0,100,1.0,1.0,1.0,0,0,1-25,0,1481.0
4804,DSC,Accounting & Finance,51,0,1,1,2021-03-26,0,0,1,2,1,"[""60"",""100""]",1.0,1.0,1.0,1,0,26-100,0,1481.0
4805,DSC,Accounting & Finance,73,0,1,1,2021-03-26,0,0,1,2,1,"[""60"",""100""]",1.0,1.0,1.0,1,0,26-100,0,1481.0
4806,ss,Accounting & Finance,72,0,1,1,2021-03-26,0,0,1,2,1,"[""60"",""100""]",1.0,1.0,1.0,1,0,26-100,0,1481.0
4807,Jobma,Accounting & Finance,2,0,1,1,2021-03-26,0,0,1,2,1,100,1.0,1.0,1.0,0,0,26-100,0,1481.0
4808,Test Company,Accounting & Finance,231,0,1,0,2021-03-30,0,0,1,2,1,"[""60"",""100""]",1.0,1.0,1.0,1,0,101-500,0,1477.0
4809,ssi,Accounting & Finance,"72,2,73",0,1,0,2021-03-30,0,1,1,1,3,"[""60"",""100""]",1.0,1.0,1.0,1,0,500-1000,0,1477.0
4810,fgcvh,Accounting & Finance,1,0,1,1,2021-03-30,0,0,1,2,1,"[""60"",""100""]",1.0,1.0,1.0,1,0,1-25,0,1477.0
4811,NEW,Accounting & Finance,3,0,1,1,2021-03-30,0,0,1,2,1,100,1.0,1.0,1.0,0,0,101-500,0,1477.0
4812,NEW,Accounting & Finance,1,0,1,1,2021-03-30,0,0,1,2,1,100,1.0,1.0,1.0,0,0,1-25,0,1477.0
4813,SSB,Accounting & Finance,231,0,1,1,2021-03-30,0,1,1,2,2,100,1.0,1.0,1.0,0,0,101-500,0,1477.0
4814,SSI,Accounting & Finance,4,0,1,1,2021-03-30,0,0,1,2,100,100,1.0,1.0,1.0,0,0,500-1000,0,1477.0
4815,ssi,Accounting & Finance,72,0,1,0,2021-03-30,0,1,1,2,2,100,1.0,1.0,1.0,0,0,101-500,0,1477.0
4816,ssi,Accounting & Finance,72,0,1,1,2021-03-30,0,0,1,2,1,100,1.0,1.0,1.0,0,0,500-1000,0,1477.0
4817,TSL,Accounting & Finance,4,0,1,1,2021-03-30,0,0,1,2,0,100,1.0,1.0,1.0,0,0,26-100,0,1477.0
4818,NVV,Accounting & Finance,4,0,1,1,2021-03-30,0,0,1,2,0,100,1.0,1.0,1.0,0,0,26-100,0,1477.0
4819,SSI,Accounting & Finance,231,0,1,0,2021-03-30,0,0,1,2,1,100,1.0,1.0,1.0,0,0,101-500,0,1477.0
4820,ssi,Accounting & Finance,2,0,1,1,2021-03-30,0,0,1,2,0,100,1.0,1.0,1.0,0,0,101-500,0,1477.0
4821,Select source intl,Accounting & Finance,2,0,1,1,2021-03-30,0,0,1,2,0,"[""60"",""100""]",1.0,1.0,1.0,1,0,101-500,0,1477.0
4822,ssi,Accounting & Finance,2,0,1,1,2021-03-30,0,0,1,2,0,"[""60"",""100""]",1.0,1.0,1.0,1,0,More than 1000,0,1477.0
4823,Jobma,Accounting & Finance,231,0,1,1,2021-03-30,0,0,1,2,1,100,1.0,1.0,1.0,0,0,26-100,0,1477.0
4824,ssi,Accounting & Finance,231,0,1,1,2021-03-30,0,0,1,2,1,100,1.0,1.0,1.0,0,0,101-500,0,1477.0
4825,Test Company,Accounting & Finance,1,0,1,1,2021-03-30,0,0,1,2,1,100,1.0,1.0,1.0,0,0,101-500,0,1477.0
4826,SSI,Accounting & Finance,4,0,1,1,2021-03-30,0,0,1,2,100,100,1.0,1.0,1.0,0,0,101-500,0,1477.0
4827,SSI,Accounting & Finance,2,0,1,1,2021-03-30,0,0,1,2,100,100,1.0,1.0,1.0,0,0,101-500,0,1477.0
4828,SSI,Accounting & Finance,2,0,1,1,2021-03-30,0,0,1,2,100,100,1.0,1.0,1.0,0,0,101-500,0,1477.0
4829,ssi,Accounting & Finance,2,0,1,1,2021-03-31,0,0,1,2,0,100,1.0,1.0,1.0,0,0,101-500,0,1476.0
4830,ssi,Accounting & Finance,3,0,1,0,2021-03-31,0,1,1,1,3,100,1.0,1.0,1.0,0,0,500-1000,0,1476.0
4831,ssi,Accounting & Finance,2,0,1,1,2021-03-31,0,0,1,2,1,100,1.0,1.0,1.0,0,0,500-1000,0,1476.0
4832,ssi,Accounting & Finance,3,0,1,0,2021-03-31,0,0,1,2,100,"[""60"",""100""]",1.0,1.0,1.0,1,0,101-500,0,1476.0
4833,Jobma,Accounting & Finance,72,0,1,1,2021-03-31,0,0,1,2,1,"[""60"",""100""]",1.0,1.0,1.0,1,0,26-100,0,1476.0
4834,ssi,Accounting & Finance,72,0,1,1,2021-03-31,0,0,1,2,1,"[""60"",""100""]",1.0,1.0,1.0,1,0,101-500,0,1476.0
4835,ssi,Accounting & Finance,2,0,1,0,2021-03-31,1,0,1,1,0,100,1.0,1.0,1.0,0,0,1-25,0,1476.0
4836,Test Company,Accounting & Finance,1,0,1,1,2021-03-31,0,0,1,2,1,"[""60"",""100""]",1.0,1.0,1.0,1,0,500-1000,0,1476.0
4837,Test Company,Accounting & Finance,72,0,1,1,2021-03-31,0,0,1,2,1,"[""60"",""100""]",1.0,1.0,1.0,1,0,500-1000,0,1476.0
4838,Test Company,Accounting & Finance,2,0,1,1,2021-03-31,0,0,1,2,1,100,1.0,1.0,1.0,0,0,26-100,0,1476.0
4839,ssi,Accounting & Finance,3,0,1,1,2021-03-31,0,0,1,2,100,100,1.0,1.0,1.0,0,0,26-100,0,1476.0
4840,SSI,Accounting & Finance,231,0,1,1,2021-03-31,0,0,1,2,1,"[""60"",""100""]",1.0,1.0,1.0,1,0,1-25,0,1476.0
4841,ssi,Accounting & Finance,3,0,1,1,2021-03-31,0,0,1,2,100,100,1.0,1.0,1.0,0,0,26-100,0,1476.0
4842,SSI,Accounting & Finance,231,0,1,1,2021-03-31,0,0,1,2,1,100,1.0,1.0,1.0,0,0,26-100,0,1476.0
4843,SSI,Accounting & Finance,231,0,1,1,2021-03-31,0,0,1,2,1,100,1.0,1.0,1.0,0,0,26-100,0,1476.0
4844,235345,Accounting & Finance,73,1,1,1,2021-03-31,0,0,1,2,1,100,1.0,1.0,1.0,0,0,1-25,0,1476.0
4845,435345,Accounting & Finance,2,1,1,0,2021-03-31,0,1,1,2,2,100,1.0,1.0,1.0,0,0,1-25,0,1476.0
4846,Jobma,Accounting & Finance,231,0,1,1,2021-03-31,0,0,1,2,1,"[""60"",""100""]",1.0,1.0,1.0,1,0,26-100,0,1476.0
4847,45645,Accounting & Finance,3,0,1,1,2021-03-31,0,1,1,2,2,100,1.0,1.0,1.0,0,0,500-1000,0,1476.0
4848,Test Company,Accounting & Finance,231,0,1,1,2021-03-31,0,0,1,2,1,100,1.0,1.0,1.0,0,0,1-25,0,1476.0
4849,Test Company,Accounting & Finance,231,0,1,1,2021-03-31,0,0,1,2,1,"[""60"",""100""]",1.0,1.0,1.0,1,0,26-100,0,1476.0
4850,ABCSol,Accounting & Finance,2,0,2,0,2021-03-31,1,0,1,1,0,100,1.0,1.0,1.0,0,0,1-25,0,1476.0
4851,Test Company,Accounting & Finance,231,0,1,1,2021-03-31,0,0,1,2,1,100,1.0,1.0,1.0,0,0,101-500,0,1476.0
4852,ssi,Accounting & Finance,231,0,1,1,2021-03-31,0,0,1,2,1,"[""60"",""100""]",0.0,0.0,1.0,1,0,1-25,0,1476.0
4853,ssi,Accounting & Finance,231,0,1,1,2021-03-31,0,0,1,2,1,"[""60"",""100""]",1.0,1.0,1.0,1,0,26-100,0,1476.0
4854,Test Company,Accounting & Finance,231,0,1,1,2021-03-31,0,0,1,2,1,"[""60"",""100""]",1.0,1.0,1.0,1,0,101-500,0,1476.0
4855,SSI,Accounting & Finance,3,0,1,1,2021-03-31,0,0,1,2,0,100,1.0,1.0,1.0,0,0,101-500,0,1476.0
4856,Test,Accounting & Finance,1,0,1,1,2021-03-31,0,0,1,2,1,100,1.0,1.0,1.0,0,0,101-500,0,1476.0
4858,fgd,Accounting & Finance,1,0,1,1,2021-04-01,0,0,1,2,100,100,1.0,1.0,1.0,0,0,500-1000,0,1475.0
4859,ssi,Accounting & Finance,2,0,1,1,2021-04-01,0,0,1,2,100,"[""60"",""100""]",1.0,1.0,1.0,1,0,500-1000,0,1475.0
4860,Test,Accounting & Finance,72,0,1,1,2021-04-01,0,0,1,2,1,"[""60"",""100""]",0.0,0.0,1.0,1,0,500-1000,0,1475.0
4861,ssi,Accounting & Finance,2,0,1,0,2021-04-01,1,0,1,1,0,100,1.0,1.0,1.0,0,0,1-25,0,1475.0
4862,Select source intl,Accounting & Finance,2,0,1,1,2021-04-01,0,0,1,2,1,100,1.0,1.0,1.0,0,0,101-500,0,1475.0
4863,tesr,Accounting & Finance,3,0,1,1,2021-04-01,0,0,1,2,100,"[""60"",""100""]",1.0,1.0,1.0,1,0,101-500,0,1475.0
4864,SSI,Accounting & Finance,2,0,1,1,2021-04-01,0,0,1,2,1,"[""60"",""100""]",1.0,1.0,1.0,1,0,26-100,0,1475.0
4865,si,Accounting & Finance,3,0,1,1,2021-04-01,0,0,1,2,100,"[""60"",""100""]",1.0,1.0,1.0,1,0,26-100,0,1475.0
4866,VIP,Accounting & Finance,3,0,1,1,2021-04-01,0,0,1,2,100,100,1.0,1.0,1.0,0,0,26-100,0,1475.0
4867,3453,Accounting & Finance,3,0,1,1,2021-04-01,0,0,1,2,0,100,1.0,1.0,1.0,0,0,101-500,0,1475.0
4868,ssi,Accounting & Finance,73,0,1,1,2021-04-01,0,0,1,2,1,"[""60"",""100""]",0.0,0.0,1.0,1,0,26-100,0,1475.0
4869,SSI,Accounting & Finance,2,0,1,1,2021-04-01,0,0,1,2,1,100,1.0,1.0,1.0,0,0,101-500,0,1475.0
4870,Jobma,Accounting & Finance,72,0,1,0,2021-04-01,0,0,1,2,1,"[""60"",""100""]",0.0,0.0,1.0,1,0,101-500,0,1475.0
4871,Select source intl,Accounting & Finance,72,0,1,0,2021-04-01,0,0,1,2,1,100,1.0,1.0,1.0,0,0,101-500,0,1475.0
4872,SSI,Accounting & Finance,231,0,1,1,2021-04-01,0,0,1,2,1,100,1.0,1.0,1.0,0,0,101-500,0,1475.0
4873,ssi,Accounting & Finance,72,0,1,1,2021-04-01,0,0,1,2,1,100,1.0,1.0,1.0,0,0,26-100,0,1475.0
4874,ssi,Accounting & Finance,72,0,1,1,2021-04-01,0,0,1,2,1,100,1.0,1.0,1.0,0,0,101-500,0,1475.0
4875,ssi,Accounting & Finance,2,0,1,0,2021-04-01,1,0,1,1,0,100,1.0,1.0,1.0,0,0,1-25,0,1475.0
4876,SSI,Accounting & Finance,2,0,1,1,2021-04-01,0,0,1,2,1,"[""60"",""100""]",0.0,0.0,1.0,1,0,26-100,0,1475.0
4877,SAQ,Accounting & Finance,3,0,1,1,2021-04-01,0,0,1,2,1,100,1.0,1.0,1.0,0,0,500-1000,0,1475.0
4878,SSI,Accounting & Finance,72,0,1,1,2021-04-01,0,0,1,2,1,100,1.0,1.0,1.0,0,0,26-100,0,1475.0
4879,ssi,Accounting & Finance,4,0,1,1,2021-04-01,0,0,1,2,1,"[""60"",""100""]",0.0,0.0,1.0,1,0,101-500,0,1475.0
4880,Jobma,Accounting & Finance,72,0,1,1,2021-04-01,0,0,1,2,1,100,1.0,1.0,1.0,0,0,26-100,0,1475.0
4881,Test C,Accounting & Finance,2,0,1,1,2021-04-01,0,0,1,2,1,100,1.0,1.0,1.0,0,0,More than 1000,0,1475.0
4882,Test,Accounting & Finance,231,0,1,0,2021-04-01,0,0,1,2,1,"[""60"",""100""]",1.0,1.0,1.0,1,0,101-500,0,1475.0
4883,Test,Accounting & Finance,1,0,1,1,2021-04-01,0,0,1,2,1,100,1.0,1.0,1.0,0,0,101-500,0,1475.0
4884,Test,Accounting & Finance,1,0,1,1,2021-04-01,0,0,1,2,1,100,1.0,1.0,1.0,0,0,101-500,0,1475.0
4885,Test,Accounting & Finance,2,0,1,0,2021-04-01,1,0,1,1,0,100,1.0,1.0,1.0,0,0,1-25,0,1475.0
4886,SSI,Accounting & Finance,72,0,1,1,2021-04-01,0,0,1,2,1,100,1.0,1.0,1.0,0,0,26-100,0,1475.0
4887,TLS,Accounting & Finance,231,0,1,1,2021-04-01,0,0,1,2,1,"[""60"",""100""]",0.0,0.0,1.0,1,0,26-100,0,1475.0
4888,Jobma,Accounting & Finance,72,0,1,1,2021-04-01,0,0,1,2,1,"[""60"",""100""]",0.0,0.0,1.0,1,0,101-500,0,1475.0
4889,Test,Accounting & Finance,1,0,1,1,2021-04-01,0,0,1,2,1,"[""60"",""100""]",0.0,0.0,1.0,1,0,101-500,0,1475.0
4890,ssi,Accounting & Finance,4,0,1,1,2021-04-01,0,0,1,2,0,100,1.0,1.0,1.0,0,0,1-25,0,1475.0
4891,interviewrate,Accounting & Finance,72,0,1,1,2021-04-01,0,0,1,2,1,100,1.0,1.0,1.0,0,0,26-100,0,1475.0
4892,Pawan Intl,Accounting & Finance,1,0,1,1,2021-04-01,0,0,1,2,1,"[""60"",""100""]",0.0,0.0,1.0,1,0,1-25,0,1475.0
4893,ssi,Accounting & Finance,2,0,1,1,2021-04-01,0,0,1,2,0,"[""60"",""100""]",1.0,1.0,1.0,1,0,26-100,0,1475.0
4894,fgd,Accounting & Finance,72,0,1,1,2021-04-01,0,0,1,2,1,"[""60"",""100""]",0.0,0.0,1.0,1,0,26-100,0,1475.0
4895,SSI,Accounting & Finance,2,0,1,0,2021-04-01,0,0,1,2,1,"[""60"",""100""]",0.0,0.0,1.0,1,0,101-500,0,1475.0
4896,ssi,Accounting & Finance,72,1,1,1,2021-04-02,0,0,1,2,1,100,1.0,1.0,1.0,0,0,1-25,0,1474.0
4897,ssi,Accounting & Finance,3,0,1,0,2021-04-02,0,0,1,2,0,100,1.0,1.0,1.0,0,0,500-1000,0,1474.0
4898,Test Company,Accounting & Finance,72,0,1,1,2021-04-02,0,0,1,2,1,"[""60"",""100""]",0.0,0.0,1.0,1,0,500-1000,0,1474.0
4900,Test,Accounting & Finance,231,0,1,1,2021-04-05,0,0,1,2,1,100,1.0,1.0,1.0,0,0,101-500,0,1471.0
4901,ssi,Accounting & Finance,3,0,1,1,2021-04-05,0,0,1,2,100,100,1.0,1.0,1.0,0,0,500-1000,0,1471.0
4902,Jobma,Accounting & Finance,73,0,2,1,2021-04-05,0,1,1,2,3,"[""60"",""100""]",1.0,1.0,1.0,1,0,101-500,0,1471.0
4906,ssi,Accounting & Finance,231,0,1,1,2021-04-06,0,0,1,2,1,"[""60"",""100""]",1.0,1.0,1.0,1,0,1-25,0,1470.0
4907,ssi,Accounting & Finance,72,0,1,1,2021-04-06,0,1,1,2,3,"[""60"",""100""]",1.0,1.0,1.0,1,0,26-100,0,1470.0
4908,Jobma,Accounting & Finance,72,0,1,1,2021-04-06,0,0,1,2,100,"[""60"",""100""]",1.0,1.0,1.0,1,0,26-100,0,1470.0
4909,Jobma,Accounting & Finance,231,0,1,1,2021-04-07,0,0,1,2,1,100,1.0,1.0,1.0,0,0,101-500,0,1469.0
4910,Jobma,Accounting & Finance,231,0,1,1,2021-04-07,0,0,1,2,1,100,1.0,1.0,1.0,0,0,26-100,0,1469.0
4912,ssi,Accounting & Finance,2,0,1,0,2021-04-08,1,0,1,1,0,100,1.0,1.0,1.0,0,0,1-25,0,1468.0
4913,ssi,Accounting & Finance,2,0,1,0,2021-04-08,1,0,1,1,0,100,1.0,1.0,1.0,0,0,1-25,0,1468.0
4915,dd,Accounting & Finance,1,1,1,1,2021-04-08,0,0,1,2,1,100,1.0,1.0,1.0,0,0,1-25,0,1468.0
4916,ssi,Accounting & Finance,2,0,1,1,2021-04-09,1,0,1,2,1,100,1.0,1.0,1.0,0,0,26-100,0,1467.0
4917,ssi,Accounting & Finance,2,0,1,0,2021-04-09,1,0,1,1,0,100,1.0,1.0,1.0,0,0,26-100,0,1467.0
4918,Test Company,Accounting & Finance,72,0,1,1,2021-04-09,1,0,1,2,1,"[""60"",""100""]",1.0,1.0,1.0,1,0,1-25,0,1467.0
4919,NVS,Accounting & Finance,231,0,1,1,2021-04-09,1,0,1,2,1,"[""60"",""100""]",0.0,0.0,1.0,1,0,26-100,0,1467.0
4925,Test,Accounting & Finance,72,0,1,1,2021-04-13,1,0,1,2,1,"[""60"",""100""]",1.0,1.0,1.0,1,0,101-500,0,1463.0
4928,Jobma,Accounting & Finance,72,0,1,1,2021-04-13,1,0,1,2,1,100,1.0,1.0,1.0,0,0,26-100,0,1463.0
4929,Jobma,Accounting & Finance,231,0,1,1,2021-04-13,1,0,1,2,1,100,1.0,1.0,1.0,0,0,26-100,0,1463.0
4930,ddx,Accounting & Finance,2,0,1,1,2021-04-13,1,0,1,2,2,100,1.0,1.0,1.0,0,0,1-25,0,1463.0
4931,Jobma,Accounting & Finance,3,0,1,1,2021-04-13,1,0,1,2,1,100,1.0,1.0,1.0,0,0,101-500,0,1463.0
4932,Jobma,Accounting & Finance,231,0,1,1,2021-04-13,1,0,1,2,1,100,1.0,1.0,1.0,0,0,26-100,0,1463.0
4933,Jobma,Accounting & Finance,231,0,1,1,2021-04-13,1,0,1,2,1,100,1.0,1.0,1.0,0,0,26-100,0,1463.0
4934,SSI,Accounting & Finance,72,0,1,1,2021-04-13,1,0,1,2,1,"[""60"",""100""]",0.0,0.0,1.0,1,0,101-500,0,1463.0
4935,NGS,Accounting & Finance,2,0,1,1,2021-04-13,1,0,1,2,1,"[""60"",""100""]",0.0,0.0,1.0,1,0,1-25,0,1463.0
4936,MIU,Accounting & Finance,2,0,1,1,2021-04-14,1,0,1,2,1,"[""60"",""100""]",1.0,1.0,1.0,1,0,26-100,0,1462.0
4939,ssi,Accounting & Finance,2,0,1,0,2021-04-15,1,0,1,1,0,100,1.0,1.0,1.0,0,0,1-25,0,1461.0
4940,ssi,Accounting & Finance,2,0,1,0,2021-04-15,1,0,1,1,0,100,1.0,1.0,1.0,0,0,1-25,0,1461.0
4941,Jobma,Accounting & Finance,3,0,1,1,2021-04-15,1,0,1,2,100,100,1.0,1.0,1.0,0,0,26-100,0,1461.0
4942,ssi,Accounting & Finance,72,0,1,1,2021-04-15,1,1,1,2,100,"[""60"",""100""]",1.0,1.0,1.0,1,0,101-500,0,1461.0
4943,ssi,Accounting & Finance,2,0,1,0,2021-04-15,1,0,1,1,0,100,1.0,1.0,1.0,0,0,101-500,0,1461.0
4944,Test New UI,Accounting & Finance,"2,73,3",0,1,1,2021-04-15,1,0,1,2,1,"[""60"",""100""]",1.0,1.0,1.0,1,0,101-500,0,1461.0
4945,Test New UI,Accounting & Finance,2,0,1,0,2021-04-15,1,0,1,1,0,100,1.0,1.0,1.0,0,0,101-500,0,1461.0
4946,Google Inc,Accounting & Finance,73,0,1,1,2021-04-16,1,0,1,2,1,"[""60"",""100""]",1.0,1.0,1.0,1,0,500-1000,0,1460.0
4947,Test,Accounting & Finance,2,0,1,1,2021-04-16,1,0,1,2,100,100,1.0,1.0,1.0,0,0,More than 1000,0,1460.0
4948,BCA,Accounting & Finance,2,0,1,1,2021-04-16,1,0,1,2,1,"[""60"",""100""]",1.0,1.0,1.0,1,0,1-25,0,1460.0
4949,Test,Accounting & Finance,72,0,1,1,2021-04-17,1,0,1,2,1,100,1.0,1.0,1.0,0,0,101-500,0,1459.0
4950,ssi,Accounting & Finance,72,0,1,1,2021-04-17,1,0,1,2,1,100,1.0,1.0,1.0,0,0,26-100,0,1459.0
4951,AACN,Accounting & Finance,2,0,1,1,2021-04-19,1,0,1,2,1,"[""60"",""100""]",1.0,1.0,1.0,1,0,26-100,0,1457.0
4952,Test,Accounting & Finance,72,0,1,1,2021-04-19,1,0,1,2,1,100,1.0,1.0,1.0,0,0,500-1000,0,1457.0
4954,Test Company,Accounting & Finance,231,0,1,1,2021-04-19,1,0,1,2,1,100,1.0,1.0,1.0,0,0,26-100,0,1457.0
4955,Test Company,Accounting & Finance,2,0,1,0,2021-04-19,1,0,1,1,0,100,1.0,1.0,1.0,0,0,1-25,0,1457.0
4956,Jobma,Accounting & Finance,2,0,2,0,2021-04-20,1,0,1,1,0,100,1.0,1.0,1.0,0,0,101-500,0,1456.0
4957,Jobma,Accounting & Finance,2,0,2,0,2021-04-20,1,0,1,1,0,100,1.0,1.0,1.0,0,0,101-500,0,1456.0
4958,Jobma,Accounting & Finance,2,0,2,0,2021-04-20,1,0,1,1,0,100,1.0,1.0,1.0,0,0,101-500,0,1456.0
4959,ssi,Accounting & Finance,2,0,1,0,2021-04-20,1,0,1,1,0,100,1.0,1.0,1.0,0,0,26-100,0,1456.0
4960,ssi,Accounting & Finance,2,0,1,0,2021-04-21,1,0,1,2,100,100,1.0,1.0,1.0,0,0,500-1000,0,1455.0
4961,ssi,Accounting & Finance,7,0,1,1,2021-04-21,1,0,1,2,0,100,1.0,1.0,1.0,0,0,101-500,0,1455.0
4962,ssi,Accounting & Finance,74,0,1,1,2021-04-21,1,0,1,2,1,"[""60"",""100""]",1.0,1.0,1.0,1,0,101-500,0,1455.0
4964,ssi,Accounting & Finance,"72,73,74",0,1,1,2021-04-21,1,0,1,2,1,"[""60"",""100""]",0.0,0.0,1.0,1,0,1-25,0,1455.0
4965,ssi,Accounting & Finance,2,0,1,0,2021-04-21,1,0,1,1,0,100,1.0,1.0,1.0,0,0,26-100,0,1455.0
4968,Jobma,Accounting & Finance,2,0,1,1,2021-04-21,1,0,1,2,100,100,1.0,1.0,1.0,0,0,26-100,0,1455.0
4970,Jobma,Accounting & Finance,2,0,1,0,2021-04-21,1,0,1,1,0,100,1.0,1.0,1.0,0,0,26-100,0,1455.0
4971,Jobma,Accounting & Finance,2,0,1,0,2021-04-21,1,0,1,1,0,100,1.0,1.0,1.0,0,0,26-100,0,1455.0
4972,Jobma,Accounting & Finance,2,0,1,0,2021-04-21,1,0,1,1,0,100,1.0,1.0,1.0,0,0,26-100,0,1455.0
4974,Jobma,Accounting & Finance,2,0,1,0,2021-04-21,1,0,1,1,0,100,1.0,1.0,1.0,0,0,26-100,0,1455.0
4976,Jobma,Accounting & Finance,2,0,1,0,2021-04-21,1,0,1,1,0,100,1.0,1.0,1.0,0,0,26-100,0,1455.0
4977,Jobma,Accounting & Finance,2,0,1,0,2021-04-21,1,0,1,1,0,100,1.0,1.0,1.0,0,0,26-100,0,1455.0
4978,ssi,Accounting & Finance,2,0,1,1,2021-04-22,1,0,1,2,1,"[""60"",""100""]",1.0,1.0,1.0,1,0,101-500,0,1454.0
4981,ABCSol,Accounting & Finance,2,0,2,0,2021-04-22,1,0,1,1,0,100,1.0,1.0,1.0,0,0,1-25,0,1454.0
4982,ABCSol,Accounting & Finance,2,0,2,0,2021-04-22,1,0,1,1,0,100,1.0,1.0,1.0,0,0,1-25,0,1454.0
4983,ABCSol,Accounting & Finance,2,0,2,0,2021-04-22,1,0,1,1,0,100,1.0,1.0,1.0,0,0,1-25,0,1454.0
4984,ABCSol,Accounting & Finance,2,0,2,0,2021-04-22,1,0,1,1,0,100,1.0,1.0,1.0,0,0,1-25,0,1454.0
4985,ABCSol,Accounting & Finance,2,0,2,0,2021-04-22,1,0,1,1,0,100,1.0,1.0,1.0,0,0,1-25,0,1454.0
4986,ABCSol,Accounting & Finance,2,0,2,0,2021-04-22,1,0,1,1,0,100,1.0,1.0,1.0,0,0,1-25,0,1454.0
4987,ABCSol,Accounting & Finance,2,0,2,0,2021-04-22,1,0,1,1,0,100,1.0,1.0,1.0,0,0,1-25,0,1454.0
4988,ssi,Accounting & Finance,2,0,1,0,2021-04-23,1,0,1,1,0,100,1.0,1.0,1.0,0,0,101-500,0,1453.0
4989,ssi,Accounting & Finance,"72,2,73",0,1,1,2021-04-23,1,0,1,2,1,"[""60"",""100""]",1.0,1.0,1.0,1,0,26-100,0,1453.0
4990,ssi,Accounting & Finance,2,0,1,0,2021-04-23,1,0,1,1,0,100,1.0,1.0,1.0,0,0,101-500,0,1453.0
4991,ssi,Accounting & Finance,72,0,1,1,2021-04-24,1,0,1,2,1,"[""60"",""100""]",0.0,0.0,1.0,1,0,26-100,0,1452.0
4992,Pawan Intl,Accounting & Finance,231,0,1,1,2021-04-25,1,0,1,2,1,"[""60"",""100""]",1.0,1.0,1.0,1,0,1-25,0,1451.0
4994,ssi,Accounting & Finance,231,0,1,0,2021-04-26,1,1,1,1,3,"[""60"",""100""]",1.0,1.0,1.0,1,0,1-25,0,1450.0
4999,Test Company,Accounting & Finance,72,0,1,0,2021-04-26,1,0,1,1,1,"[""60"",""100""]",1.0,1.0,1.0,1,0,26-100,0,1450.0
5000,ssi,Accounting & Finance,72,0,1,0,2021-04-26,1,1,1,1,12,"[""60"",""100""]",1.0,1.0,1.0,1,0,1-25,0,1450.0
5001,Test Company,Accounting & Finance,72,0,1,0,2021-04-26,1,0,1,1,1,100,1.0,1.0,1.0,0,0,26-100,0,1450.0
5002,Test Company,Accounting & Finance,72,0,1,1,2021-04-26,1,1,1,2,5,100,1.0,1.0,1.0,0,0,101-500,0,1450.0
5003,ssi,Accounting & Finance,2,0,1,0,2021-04-26,1,0,1,1,0,100,1.0,1.0,1.0,0,0,101-500,0,1450.0
5014,Test Company,Accounting & Finance,2,0,1,0,2021-04-26,1,0,1,1,0,100,1.0,1.0,1.0,0,0,101-500,0,1450.0
5015,ssi,Accounting & Finance,2,0,2,1,2021-04-26,1,0,1,1,0,100,1.0,1.0,1.0,0,0,1-25,0,1450.0
5016,ssi,Accounting & Finance,2,0,2,1,2021-04-26,1,0,1,1,0,100,1.0,1.0,1.0,0,0,1-25,0,1450.0
5024,ssi,Accounting & Finance,2,0,1,0,2021-04-27,1,0,1,0,0,100,1.0,1.0,1.0,0,0,1-25,0,1449.0
5026,ssi,Accounting & Finance,72,0,1,1,2021-04-27,1,0,1,2,1,100,1.0,1.0,1.0,0,0,101-500,0,1449.0
5027,ssi,Accounting & Finance,2,0,1,1,2021-04-27,1,0,1,2,100,100,1.0,1.0,1.0,0,0,1-25,0,1449.0
5028,ssi,Accounting & Finance,73,0,1,1,2021-04-27,1,0,1,2,1,100,1.0,1.0,1.0,0,0,500-1000,0,1449.0
5029,ssi,Accounting & Finance,2,0,1,0,2021-04-27,1,0,1,1,0,100,1.0,1.0,1.0,0,0,1-25,0,1449.0
5030,ssi,Accounting & Finance,74,0,1,1,2021-04-27,1,0,1,1,1,100,1.0,1.0,1.0,0,0,26-100,0,1449.0
5031,Test & Test company,Accounting & Finance,2,0,1,0,2021-04-27,1,0,1,1,1,100,1.0,1.0,1.0,0,0,101-500,0,1449.0
5032,SSI,Accounting & Finance,72,0,1,1,2021-04-27,1,0,1,2,1,"[""60"",""100""]",1.0,1.0,1.0,1,0,101-500,0,1449.0
5033,ssssssdddd,Accounting & Finance,72,1,1,1,2021-04-27,1,0,1,2,1,100,1.0,1.0,1.0,0,0,1-25,0,1449.0
5034,QA,Accounting & Finance,3,0,1,1,2021-04-27,1,0,1,2,0,100,1.0,1.0,1.0,0,0,101-500,0,1449.0
5035,QA,Accounting & Finance,2,0,1,1,2021-04-27,1,0,1,2,100,100,1.0,1.0,1.0,0,0,500-1000,0,1449.0
5036,NVC,Accounting & Finance,3,0,1,1,2021-04-27,1,0,1,2,0,"[""60"",""100""]",1.0,1.0,1.0,1,0,500-1000,0,1449.0
5037,ssi,Accounting & Finance,2,0,1,1,2021-04-28,1,0,1,2,1,"[""60"",""100""]",0.0,0.0,1.0,1,0,101-500,0,1448.0
5038,Pawan Intl,Accounting & Finance,231,0,1,1,2021-04-28,1,0,1,2,1,"[""60"",""100""]",1.0,1.0,1.0,1,0,1-25,0,1448.0
5039,QA,Accounting & Finance,73,1,1,1,2021-04-28,1,0,1,2,1,100,1.0,1.0,1.0,0,0,1-25,0,1448.0
5040,ssi,Accounting & Finance,74,1,1,1,2021-04-28,1,0,1,2,1,"[""60"",""100""]",1.0,1.0,1.0,1,0,1-25,0,1448.0
5041,New Steels,Accounting & Finance,7,0,1,1,2021-04-28,1,0,1,2,1,100,1.0,1.0,1.0,0,0,26-100,0,1448.0
5042,Newa,Accounting & Finance,7,0,1,1,2021-04-28,1,0,1,2,0,"[""60"",""100""]",1.0,1.0,1.0,1,0,101-500,0,1448.0
5043,CVN,Accounting & Finance,3,0,1,1,2021-04-28,1,0,1,2,0,100,1.0,1.0,1.0,0,0,26-100,0,1448.0
5044,Jobma,Accounting & Finance,3,0,1,1,2021-04-28,1,0,1,2,1,"[""60"",""100""]",1.0,1.0,1.0,1,0,26-100,0,1448.0
5045,Test Company,Accounting & Finance,"231,74",0,1,1,2021-04-28,1,0,1,2,1,"[""60"",""100""]",1.0,1.0,1.0,1,0,26-100,0,1448.0
5046,Jobma,Accounting & Finance,2,0,1,1,2021-04-28,1,0,1,2,1,"[""60"",""100""]",1.0,1.0,1.0,1,0,101-500,0,1448.0
5047,Jobma,Accounting & Finance,3,0,1,1,2021-04-28,1,0,1,2,100,100,1.0,1.0,1.0,0,0,1-25,0,1448.0
5048,Test,Accounting & Finance,"73,74",0,1,1,2021-04-28,1,1,1,2,2,"[""60"",""100""]",1.0,1.0,1.0,1,0,26-100,0,1448.0
5049,Jobma,Accounting & Finance,2,0,1,1,2021-04-28,1,0,1,2,1,"[""60"",""100""]",1.0,1.0,1.0,1,0,26-100,0,1448.0
5050,Google Inc,Accounting & Finance,75,0,1,1,2021-04-28,1,0,1,2,1,"[""60"",""100""]",1.0,1.0,1.0,1,0,26-100,0,1448.0
5051,Google Inc,Accounting & Finance,2,0,1,1,2021-04-28,1,0,1,2,1,"[""60"",""100""]",1.0,1.0,1.0,1,0,101-500,0,1448.0
5052,To The New,Accounting & Finance,2,0,1,1,2021-04-29,1,0,1,2,1,100,1.0,1.0,1.0,0,0,26-100,0,1447.0
5053,NHG,Accounting & Finance,4,0,1,1,2021-04-29,1,0,1,2,5,100,1.0,1.0,1.0,0,0,101-500,0,1447.0
5054,UAT,Accounting & Finance,"84,36",0,1,1,2021-04-29,1,0,1,2,1,100,1.0,1.0,1.0,0,0,26-100,0,1447.0
5055,ssi,Accounting & Finance,72,0,1,1,2021-04-29,1,0,1,2,100,"[""60"",""100""]",1.0,1.0,1.0,1,0,26-100,0,1447.0
5056,Pawan Intl,Accounting & Finance,231,0,1,1,2021-04-29,1,0,1,2,1,"[""60"",""100""]",1.0,1.0,1.0,1,0,1-25,0,1447.0
5057,UIT,Accounting & Finance,2,0,1,1,2021-04-29,1,0,1,2,1,100,1.0,1.0,1.0,0,0,1-25,0,1447.0
5058,Jobma,Accounting & Finance,"2,74,187",0,1,1,2021-04-29,1,1,1,2,16,"[""60"",""100""]",1.0,1.0,1.0,1,0,101-500,0,1447.0
5059,MVA,Accounting & Finance,2,0,1,1,2021-04-29,1,0,1,2,1,"[""60"",""100""]",1.0,1.0,1.0,1,0,26-100,0,1447.0
5060,ssi,Accounting & Finance,72,0,1,1,2021-04-29,1,0,1,2,1,"[""60"",""100""]",1.0,1.0,1.0,1,0,1-25,0,1447.0
5061,ssi,Accounting & Finance,72,0,1,0,2021-04-29,1,1,1,2,2,"[""60"",""100""]",1.0,1.0,1.0,1,0,26-100,0,1447.0
5062,dd,Accounting & Finance,2,0,1,1,2021-04-29,1,0,1,2,100,100,1.0,1.0,1.0,0,0,1-25,0,1447.0
5063,Jobma,Accounting & Finance,72,0,1,1,2021-04-29,1,0,1,2,1,"[""60"",""100""]",1.0,1.0,1.0,1,0,26-100,0,1447.0
5064,ssi,Accounting & Finance,231,0,1,1,2021-04-29,1,0,1,2,1,"[""60"",""100""]",1.0,1.0,1.0,1,0,26-100,0,1447.0
5065,Test,Accounting & Finance,231,0,1,1,2021-04-29,1,0,1,2,1,100,1.0,1.0,1.0,0,0,500-1000,0,1447.0
5066,Pawan Intl,Accounting & Finance,72,0,1,1,2021-04-29,1,0,1,2,1,"[""60"",""100""]",0.0,0.0,1.0,1,0,1-25,0,1447.0
5068,dskk,Accounting & Finance,2,0,1,1,2021-04-29,1,0,1,2,1,100,1.0,1.0,1.0,0,0,1-25,0,1447.0
5069,Test,Accounting & Finance,7,0,1,1,2021-04-30,1,0,1,2,999,60,1.0,1.0,1.0,1,0,1-25,0,1446.0
5070,ssi,Accounting & Finance,72,0,1,1,2021-04-30,1,1,1,2,8,"[""60"",""100""]",1.0,1.0,1.0,1,0,1-25,0,1446.0
5071,ssi,Accounting & Finance,72,0,1,1,2021-04-30,1,0,1,2,1,"[""60"",""100""]",1.0,1.0,1.0,1,0,1-25,0,1446.0
5072,ssi,Accounting & Finance,72,0,1,1,2021-04-30,1,0,1,2,1,"[""60"",""100""]",1.0,1.0,1.0,1,0,1-25,0,1446.0
5073,ssi,Accounting & Finance,3,0,1,1,2021-04-30,1,1,1,2,6,100,1.0,1.0,1.0,0,0,101-500,0,1446.0
5075,Jobma,Accounting & Finance,2,0,1,0,2021-04-30,1,0,1,1,0,100,1.0,1.0,1.0,0,0,101-500,0,1446.0
5077,ssi,Accounting & Finance,2,0,1,0,2021-04-30,1,0,1,1,0,100,1.0,1.0,1.0,0,0,1-25,0,1446.0
5080,Company Test,Accounting & Finance,4,0,1,1,2021-04-30,1,0,1,2,100,100,1.0,1.0,1.0,0,0,26-100,0,1446.0
5081,Pawan Intl,Accounting & Finance,231,0,1,1,2021-04-30,1,0,1,2,2,60,1.0,1.0,1.0,1,0,1-25,0,1446.0
5082,Pawan Intl,Accounting & Finance,2,0,1,0,2021-04-30,1,0,1,1,0,100,1.0,1.0,1.0,0,0,1-25,0,1446.0
5083,Pawan Intl,Accounting & Finance,2,0,1,0,2021-04-30,1,0,1,1,0,100,1.0,1.0,1.0,0,0,1-25,0,1446.0
5085,ssi,Accounting & Finance,2,0,1,0,2021-04-30,1,0,1,1,0,100,1.0,1.0,1.0,0,0,101-500,0,1446.0
5090,ssi,Accounting & Finance,72,0,1,1,2021-05-03,1,1,1,2,61,60,1.0,1.0,1.0,1,0,26-100,0,1443.0
5092,Pawan Intl,Accounting & Finance,231,0,1,1,2021-05-03,1,0,1,2,10,60,1.0,1.0,1.0,1,0,1-25,0,1443.0
5095,Jobma,Accounting & Finance,2,0,1,0,2021-05-03,1,0,1,1,0,100,1.0,1.0,1.0,0,0,101-500,0,1443.0
5096,New Company,Accounting & Finance,"72,2",0,1,1,2021-05-03,1,0,1,2,10,60,1.0,1.0,1.0,1,0,101-500,0,1443.0
5100,Company Test,Accounting & Finance,2,0,1,0,2021-05-03,1,0,1,1,0,100,1.0,1.0,1.0,0,0,26-100,0,1443.0
5101,ssi,Accounting & Finance,73,0,1,1,2021-05-03,1,0,1,2,60,60,1.0,1.0,1.0,1,0,26-100,0,1443.0
5102,test,Accounting & Finance,73,0,1,1,2021-05-03,1,0,1,2,999,100,1.0,1.0,1.0,0,0,101-500,0,1443.0
5103,goibibo,Accounting & Finance,1,0,1,1,2021-05-03,1,0,1,2,100,"[""60"",""100""]",1.0,1.0,1.0,1,0,26-100,0,1443.0
5104,Testcomp,Accounting & Finance,73,0,1,1,2021-05-03,1,0,1,2,999,60,1.0,1.0,1.0,1,0,101-500,0,1443.0
5105,Testcomp,Accounting & Finance,2,0,1,0,2021-05-03,1,0,1,1,0,100,1.0,1.0,1.0,0,0,101-500,0,1443.0
5106,ssi,Accounting & Finance,72,0,1,0,2021-05-03,1,0,1,2,10,60,1.0,1.0,1.0,1,0,26-100,0,1443.0
5107,ssi,Accounting & Finance,2,0,1,0,2021-05-03,1,0,1,1,0,100,1.0,1.0,1.0,0,0,26-100,0,1443.0
5108,Jobma,Accounting & Finance,2,0,1,0,2021-05-03,1,0,1,1,0,100,1.0,1.0,1.0,0,0,101-500,0,1443.0
5109,ssi,Accounting & Finance,72,0,1,1,2021-05-03,1,1,1,2,61,60,1.0,1.0,1.0,1,0,1-25,0,1443.0
5110,ssi,Accounting & Finance,2,0,1,0,2021-05-03,1,0,1,1,0,100,1.0,1.0,1.0,0,0,1-25,0,1443.0
5111,ssi,Accounting & Finance,2,0,1,0,2021-05-03,1,0,1,1,0,100,1.0,1.0,1.0,0,0,26-100,0,1443.0
5112,ssi,Accounting & Finance,72,0,1,1,2021-05-03,1,0,1,2,999,60,1.0,1.0,1.0,1,0,101-500,0,1443.0
5113,ssi,Accounting & Finance,2,0,1,0,2021-05-03,1,0,1,1,0,100,1.0,1.0,1.0,0,0,1-25,0,1443.0
5114,Jobma,Accounting & Finance,2,0,1,1,2021-05-03,1,0,1,2,999,60,1.0,1.0,1.0,1,0,101-500,0,1443.0
5115,Jobma,Accounting & Finance,2,0,1,0,2021-05-03,1,0,1,1,0,100,1.0,1.0,1.0,0,0,101-500,0,1443.0
5117,ssi,Accounting & Finance,231,0,1,1,2021-05-04,1,1,1,2,65,60,1.0,1.0,1.0,1,0,26-100,0,1442.0
5118,Pawan Intl,Accounting & Finance,231,0,1,1,2021-05-04,1,0,1,2,60,60,1.0,1.0,1.0,1,0,1-25,0,1442.0
5119,ssi,Accounting & Finance,72,0,1,1,2021-05-04,1,0,1,2,60,60,1.0,1.0,1.0,1,0,26-100,0,1442.0
5120,Test Company,Accounting & Finance,2,0,1,0,2021-05-04,1,0,1,1,0,100,1.0,1.0,1.0,0,0,101-500,0,1442.0
5121,Jobma,Accounting & Finance,73,0,1,1,2021-05-04,1,0,1,2,60,60,1.0,1.0,1.0,1,0,101-500,0,1442.0
5122,ssi,Accounting & Finance,2,0,1,0,2021-05-04,1,0,1,1,0,100,1.0,1.0,1.0,0,0,26-100,0,1442.0
5123,AMB,Accounting & Finance,73,0,1,1,2021-05-04,1,0,1,2,60,60,1.0,1.0,1.0,1,0,26-100,0,1442.0
5124,Company Test,Accounting & Finance,3,0,1,1,2021-05-04,1,0,1,2,12,100,1.0,1.0,1.0,0,0,26-100,0,1442.0
5125,ssi,Accounting & Finance,72,0,1,0,2021-05-04,1,1,1,2,11,60,1.0,1.0,1.0,1,0,1-25,0,1442.0
5126,ssi,Accounting & Finance,2,0,1,0,2021-05-04,1,0,1,1,0,100,1.0,1.0,1.0,0,0,1-25,0,1442.0
5127,TTL,Accounting & Finance,73,0,1,1,2021-05-04,1,0,1,2,100,60,1.0,1.0,1.0,1,0,101-500,0,1442.0
5128,TTL,Accounting & Finance,2,0,1,1,2021-05-04,1,0,1,1,0,100,1.0,1.0,1.0,0,0,101-500,0,1442.0
5129,Jobma,Accounting & Finance,2,0,1,0,2021-05-04,1,0,1,1,0,100,1.0,1.0,1.0,0,0,500-1000,0,1442.0
5130,ssi,Accounting & Finance,2,0,1,1,2021-05-04,1,0,1,2,100,60,1.0,1.0,1.0,1,0,101-500,0,1442.0
5131,ssi,Accounting & Finance,72,0,1,0,2021-05-04,1,0,1,2,100,60,1.0,1.0,1.0,1,0,26-100,0,1442.0
5132,ssi,Accounting & Finance,2,0,1,0,2021-05-04,1,0,1,1,0,100,1.0,1.0,1.0,0,0,26-100,0,1442.0
5134,ssi,Accounting & Finance,72,0,1,1,2021-05-04,1,0,1,2,60,60,1.0,1.0,1.0,1,0,101-500,0,1442.0
5135,ssi,Accounting & Finance,2,0,1,0,2021-05-04,1,0,1,1,0,100,1.0,1.0,1.0,0,0,101-500,0,1442.0
5136,ssi,Accounting & Finance,2,0,1,0,2021-05-04,1,0,1,1,0,100,1.0,1.0,1.0,0,0,101-500,0,1442.0
5137,test,Accounting & Finance,3,0,1,1,2021-05-04,1,0,1,2,100,"[""60"",""100""]",1.0,1.0,1.0,1,0,101-500,0,1442.0
5138,Jobma,Accounting & Finance,73,0,1,1,2021-05-04,1,0,1,2,10,60,1.0,1.0,1.0,1,0,26-100,0,1442.0
5139,nik,Accounting & Finance,72,0,1,0,2021-05-04,1,0,1,2,60,60,1.0,1.0,1.0,1,0,1-25,0,1442.0
5140,Pawan Intl,Accounting & Finance,231,0,1,1,2021-05-04,1,0,1,2,60,60,1.0,1.0,1.0,1,0,1-25,0,1442.0
5141,Pawan Intl,Accounting & Finance,231,0,1,1,2021-05-04,1,0,1,2,60,60,1.0,1.0,1.0,1,0,1-25,0,1442.0
5142,Pawan Intl,Accounting & Finance,231,0,1,1,2021-05-04,1,0,1,2,60,60,1.0,1.0,1.0,1,0,1-25,0,1442.0
5143,Jobma,Accounting & Finance,73,0,1,1,2021-05-04,1,0,1,2,60,60,1.0,1.0,1.0,1,0,26-100,0,1442.0
5144,Jobma,Accounting & Finance,2,0,1,0,2021-05-04,1,0,1,1,0,100,1.0,1.0,1.0,0,0,500-1000,0,1442.0
5145,ssi,Accounting & Finance,72,0,1,1,2021-05-05,1,0,1,2,60,60,1.0,1.0,1.0,1,0,101-500,0,1441.0
5146,SSI,Accounting & Finance,2,0,1,1,2021-05-05,1,0,1,2,0,100,1.0,1.0,1.0,0,0,26-100,0,1441.0
5147,ssi,Accounting & Finance,3,0,1,0,2021-05-05,1,0,1,2,0,100,1.0,1.0,1.0,0,0,26-100,0,1441.0
5148,1234,Accounting & Finance,"73,104",0,1,1,2021-05-05,1,0,1,2,100,60,1.0,1.0,1.0,1,0,101-500,0,1441.0
5149,essential Pvt Ltd,Accounting & Finance,231,0,1,0,2021-05-05,1,1,1,2,63,60,1.0,1.0,1.0,1,0,500-1000,0,1441.0
5150,ssi,Accounting & Finance,72,0,1,0,2021-05-05,1,0,1,2,100,60,1.0,1.0,1.0,1,0,26-100,0,1441.0
5151,dd,Accounting & Finance,2,0,1,1,2021-05-05,1,0,1,2,10,"[""60"",""100""]",1.0,1.0,1.0,1,0,1-25,0,1441.0
5152,essential Pvt Ltd,Accounting & Finance,2,0,1,0,2021-05-05,1,0,1,1,0,100,1.0,1.0,1.0,0,0,500-1000,0,1441.0
5153,ssi,Accounting & Finance,2,0,1,0,2021-05-05,1,0,1,1,0,100,1.0,1.0,1.0,0,0,1-25,0,1441.0
5154,ssi,Accounting & Finance,2,0,1,0,2021-05-05,1,0,1,1,0,100,1.0,1.0,1.0,0,0,101-500,0,1441.0
5155,ssi,Accounting & Finance,2,0,1,0,2021-05-05,1,0,1,1,0,100,1.0,1.0,1.0,0,0,101-500,0,1441.0
5156,ssi,Accounting & Finance,2,0,1,0,2021-05-05,1,0,1,1,0,100,1.0,1.0,1.0,0,0,101-500,0,1441.0
5157,ssi,Accounting & Finance,2,0,1,0,2021-05-05,1,0,1,1,0,100,1.0,1.0,1.0,0,0,101-500,0,1441.0
5158,ssi,Accounting & Finance,2,0,1,0,2021-05-05,1,0,1,1,0,100,1.0,1.0,1.0,0,0,101-500,0,1441.0
5159,ssi,Accounting & Finance,2,0,1,0,2021-05-05,1,0,1,1,0,100,1.0,1.0,1.0,0,0,101-500,0,1441.0
5160,sdf,Accounting & Finance,2,0,1,1,2021-05-05,1,0,1,2,60,60,1.0,1.0,1.0,1,0,101-500,0,1441.0
5161,sdf,Accounting & Finance,2,0,1,0,2021-05-05,1,0,1,1,0,100,1.0,1.0,1.0,0,0,101-500,0,1441.0
5162,Jobma,Accounting & Finance,2,0,1,0,2021-05-05,1,0,1,1,0,100,1.0,1.0,1.0,0,0,1-25,0,1441.0
5163,abcd,Accounting & Finance,74,1,1,1,2021-05-06,1,0,1,2,1,100,1.0,1.0,1.0,0,0,1-25,0,1440.0
5164,Pawan Intl,Accounting & Finance,231,0,1,1,2021-05-06,1,0,1,2,100,60,1.0,1.0,1.0,1,0,1-25,0,1440.0
5165,abcd,Accounting & Finance,3,0,1,1,2021-05-06,1,0,1,2,4,60,1.0,1.0,1.0,1,0,More than 1000,0,1440.0
5166,Test Limited,Accounting & Finance,4,0,1,1,2021-05-06,1,1,1,2,3,100,1.0,1.0,1.0,0,0,26-100,0,1440.0
5167,Test Company,Accounting & Finance,2,0,1,0,2021-05-06,1,0,1,1,0,100,1.0,1.0,1.0,0,0,1-25,0,1440.0
5168,ssi,Accounting & Finance,2,0,1,0,2021-05-06,1,0,1,1,0,100,1.0,1.0,1.0,0,0,26-100,0,1440.0
5169,ssi,Accounting & Finance,"3,4,7",0,1,0,2021-05-06,1,1,1,1,999,60,1.0,1.0,1.0,1,0,101-500,0,1440.0
5170,Test Limited,Accounting & Finance,2,0,1,0,2021-05-06,1,0,1,1,0,100,1.0,1.0,1.0,0,0,26-100,0,1440.0
5171,ssi,Accounting & Finance,2,0,1,0,2021-05-06,1,0,1,1,0,100,1.0,1.0,1.0,0,0,101-500,0,1440.0
5172,Test Limited,Accounting & Finance,2,0,1,0,2021-05-06,1,0,1,1,0,100,1.0,1.0,1.0,0,0,26-100,0,1440.0
5173,1234,Accounting & Finance,2,0,1,0,2021-05-06,1,0,1,1,0,100,1.0,1.0,1.0,0,0,101-500,0,1440.0
5174,abc,Accounting & Finance,2,0,1,0,2021-05-06,1,1,1,2,18,60,1.0,1.0,1.0,1,0,101-500,0,1440.0
5175,1234,Accounting & Finance,2,0,1,0,2021-05-06,1,0,1,1,0,100,1.0,1.0,1.0,0,0,101-500,0,1440.0
5176,ssi,Accounting & Finance,72,0,1,0,2021-05-06,1,0,1,2,10,60,1.0,1.0,1.0,1,0,26-100,0,1440.0
5177,abc,Accounting & Finance,2,0,1,0,2021-05-06,1,0,1,1,0,100,1.0,1.0,1.0,0,0,101-500,0,1440.0
5178,ssi,Accounting & Finance,2,0,1,1,2021-05-06,1,0,1,2,0,60,1.0,1.0,1.0,1,0,101-500,0,1440.0
5179,ssi,Accounting & Finance,2,0,1,1,2021-05-06,1,0,1,2,0,60,1.0,1.0,1.0,1,0,500-1000,0,1440.0
5180,ssi,Accounting & Finance,2,0,1,1,2021-05-06,1,0,1,2,999,60,1.0,1.0,1.0,1,0,26-100,0,1440.0
5181,Test,Accounting & Finance,2,0,1,1,2021-05-06,1,0,1,2,999,60,1.0,1.0,1.0,1,0,101-500,0,1440.0
5182,ssi,Accounting & Finance,2,0,1,0,2021-05-06,1,0,1,1,0,100,1.0,1.0,1.0,0,0,1-25,0,1440.0
5183,TEST COMPANY,Accounting & Finance,72,0,1,1,2021-05-06,1,0,1,2,60,60,1.0,1.0,1.0,1,0,1-25,0,1440.0
5184,ssi,Accounting & Finance,2,0,1,1,2021-05-07,1,0,1,2,10,60,1.0,1.0,1.0,1,0,101-500,0,1439.0
5185,ssi,Accounting & Finance,2,0,1,0,2021-05-07,1,0,1,1,0,100,1.0,1.0,1.0,0,0,101-500,0,1439.0
5186,ssi,Accounting & Finance,72,0,1,1,2021-05-07,1,0,1,2,10,60,1.0,1.0,1.0,1,0,26-100,0,1439.0
5187,ssi,Accounting & Finance,2,0,1,0,2021-05-07,1,0,1,1,0,100,1.0,1.0,1.0,0,0,26-100,0,1439.0
5188,ssi,Accounting & Finance,72,0,1,1,2021-05-07,1,0,1,2,999,60,1.0,1.0,1.0,1,0,101-500,0,1439.0
5189,ssi,Accounting & Finance,2,0,1,0,2021-05-07,1,0,1,1,0,100,1.0,1.0,1.0,0,0,101-500,0,1439.0
5190,Test Co,Accounting & Finance,72,0,1,1,2021-05-07,1,0,1,2,10,60,1.0,1.0,1.0,1,0,101-500,0,1439.0
5191,ssi,Accounting & Finance,72,0,1,1,2021-05-07,1,0,1,2,60,60,1.0,1.0,1.0,1,0,26-100,0,1439.0
5192,ssi,Accounting & Finance,2,0,1,0,2021-05-07,1,0,1,1,0,100,1.0,1.0,1.0,0,0,26-100,0,1439.0
5193,Test,Accounting & Finance,231,0,1,1,2021-05-07,1,1,1,2,999,100,1.0,1.0,1.0,0,0,101-500,0,1439.0
5194,Test,Accounting & Finance,2,0,1,0,2021-05-07,1,0,1,1,0,100,1.0,1.0,1.0,0,0,101-500,0,1439.0
5195,Test,Accounting & Finance,2,0,1,0,2021-05-07,1,0,1,1,0,100,1.0,1.0,1.0,0,0,101-500,0,1439.0
5196,Test,Accounting & Finance,2,0,1,0,2021-05-07,1,0,1,1,0,100,1.0,1.0,1.0,0,0,101-500,0,1439.0
5197,Test Co,Accounting & Finance,2,0,1,0,2021-05-07,1,0,1,1,0,100,1.0,1.0,1.0,0,0,1-25,0,1439.0
5198,Test Co,Accounting & Finance,2,0,1,0,2021-05-07,1,0,1,1,0,100,1.0,1.0,1.0,0,0,1-25,0,1439.0
5199,Test Co,Accounting & Finance,2,0,1,0,2021-05-07,1,0,1,0,0,100,1.0,1.0,1.0,0,0,1-25,0,1439.0
5200,Test Co,Accounting & Finance,2,0,1,0,2021-05-07,1,0,1,1,0,100,1.0,1.0,1.0,0,0,1-25,0,1439.0
5201,Test Comapny,Accounting & Finance,72,0,1,1,2021-05-07,1,0,1,2,999,60,1.0,1.0,1.0,1,0,26-100,0,1439.0
5202,ssi,Accounting & Finance,2,0,1,0,2021-05-07,1,0,1,1,0,100,1.0,1.0,1.0,0,0,26-100,0,1439.0
5203,ssi,Accounting & Finance,2,0,1,0,2021-05-07,1,0,1,1,0,100,1.0,1.0,1.0,0,0,26-100,0,1439.0
5204,ssi,Accounting & Finance,2,0,1,1,2021-05-07,1,0,1,2,999,60,1.0,1.0,1.0,1,0,26-100,0,1439.0
5205,fasd,Accounting & Finance,2,0,1,1,2021-05-07,1,0,1,2,60,60,1.0,1.0,1.0,1,0,500-1000,0,1439.0
5206,ssi,Accounting & Finance,72,0,1,1,2021-05-07,1,0,1,2,60,60,1.0,1.0,1.0,1,0,1-25,0,1439.0
5207,ssi,Accounting & Finance,2,0,1,1,2021-05-07,1,0,1,2,60,60,1.0,1.0,1.0,1,0,101-500,0,1439.0
5208,Test Company,Accounting & Finance,72,0,1,1,2021-05-07,1,0,1,2,999,60,1.0,1.0,1.0,1,0,101-500,0,1439.0
5210,ABCSol,Accounting & Finance,2,0,2,0,2021-05-08,1,0,1,1,0,100,1.0,1.0,1.0,0,0,1-25,0,1438.0
5211,Test,Accounting & Finance,2,0,1,0,2021-05-08,1,0,1,1,0,100,1.0,1.0,1.0,0,0,101-500,0,1438.0
5212,Testing Company,Accounting & Finance,"231,72,2",0,1,1,2021-05-08,1,0,1,2,10,60,1.0,1.0,1.0,1,0,101-500,0,1438.0
5213,TCS,Accounting & Finance,73,0,1,1,2021-05-08,1,1,1,2,13,60,1.0,1.0,1.0,1,0,101-500,0,1438.0
5214,TCS,Accounting & Finance,2,0,1,0,2021-05-08,1,0,1,1,0,100,1.0,1.0,1.0,0,0,101-500,0,1438.0
5215,Java Program,Accounting & Finance,72,0,1,1,2021-05-08,1,1,1,2,64,60,1.0,1.0,1.0,1,0,26-100,0,1438.0
5216,Test Company,Accounting & Finance,231,0,1,1,2021-05-08,1,1,1,1,0,100,1.0,1.0,1.0,0,0,1-25,0,1438.0
5217,test,Accounting & Finance,2,0,1,0,2021-05-08,1,1,1,2,10,60,1.0,1.0,1.0,1,0,26-100,0,1438.0
5218,Jobma,Accounting & Finance,2,0,1,0,2021-05-08,1,0,1,1,0,100,1.0,1.0,1.0,0,0,500-1000,0,1438.0
5219,TEST COMPANY,Accounting & Finance,72,0,1,1,2021-05-08,1,0,1,2,0,100,1.0,1.0,1.0,0,0,26-100,0,1438.0
5220,Jobma,Accounting & Finance,72,0,1,0,2021-05-08,1,1,1,1,62,60,1.0,1.0,1.0,1,0,101-500,0,1438.0
5221,Jobma,Accounting & Finance,2,0,1,1,2021-05-08,1,1,1,2,66,60,1.0,1.0,1.0,1,0,101-500,0,1438.0
5222,Jobma,Accounting & Finance,2,0,1,0,2021-05-08,1,0,1,1,0,100,1.0,1.0,1.0,0,0,101-500,0,1438.0
5223,Test Comapny,Accounting & Finance,2,0,1,0,2021-05-08,1,0,1,1,0,100,1.0,1.0,1.0,0,0,26-100,0,1438.0
5224,NYS,Accounting & Finance,2,0,1,1,2021-05-08,1,1,1,2,12,100,1.0,1.0,1.0,0,0,1-25,0,1438.0
5225,ssi,Accounting & Finance,3,0,1,0,2021-05-08,1,1,1,2,60,60,1.0,1.0,1.0,1,0,More than 1000,0,1438.0
5226,ssi,Accounting & Finance,2,0,1,0,2021-05-08,1,0,1,1,0,100,1.0,1.0,1.0,0,0,More than 1000,0,1438.0
5227,Test Company,Accounting & Finance,2,0,1,0,2021-05-08,1,0,1,1,0,100,1.0,1.0,1.0,0,0,1-25,0,1438.0
5228,Test,Accounting & Finance,92,0,1,0,2021-05-08,1,1,1,2,30,60,1.0,1.0,1.0,1,0,101-500,0,1438.0
5229,ORANGE BUSINESS SOLUTIONS PVT. LTD.,Accounting & Finance,72,0,1,1,2021-05-08,1,0,1,2,0,100,1.0,1.0,1.0,0,0,26-100,0,1438.0
5230,Test Company,Accounting & Finance,2,0,1,1,2021-05-08,1,0,1,2,1,"[""60"",""100""]",0.0,0.0,1.0,1,0,500-1000,0,1438.0
5231,Test Company,Accounting & Finance,"72,2,73",0,1,0,2021-05-08,1,0,1,1,999,60,2.0,2.0,1.0,1,0,101-500,0,1438.0
5232,Test,Accounting & Finance,2,0,1,0,2021-05-08,1,0,1,1,0,100,1.0,1.0,1.0,0,0,101-500,0,1438.0
5233,TestCompany,Accounting & Finance,3,0,1,0,2021-05-08,1,0,1,1,16,60,2.0,2.0,1.0,1,0,101-500,0,1438.0
5234,NEW COMPANY,Accounting & Finance,1,0,1,1,2021-05-09,1,0,1,2,2,100,1.0,1.0,1.0,0,0,101-500,0,1437.0
5235,NEW TEST COMPANY,Accounting & Finance,2,0,1,1,2021-05-09,1,0,1,2,10,100,1.0,1.0,1.0,0,0,26-100,0,1437.0
5236,NBS,Accounting & Finance,4,0,1,1,2021-05-09,1,0,1,2,999,100,1.0,1.0,1.0,0,0,101-500,0,1437.0
5237,nik,Accounting & Finance,3,0,1,1,2021-05-09,1,1,1,2,5,60,2.0,2.0,1.0,1,0,500-1000,0,1437.0
5238,nik,Accounting & Finance,2,0,1,0,2021-05-09,1,0,1,1,0,100,1.0,1.0,1.0,0,0,500-1000,0,1437.0
5239,NEW COMPANY NRI,Accounting & Finance,72,0,1,1,2021-05-09,1,0,1,2,999,100,1.0,1.0,1.0,0,0,26-100,0,1437.0
5240,NEW TEST,Accounting & Finance,72,0,1,1,2021-05-09,1,0,1,2,0,100,1.0,1.0,1.0,0,0,26-100,0,1437.0
5241,ssi,Accounting & Finance,2,0,1,0,2021-05-09,1,0,1,2,60,60,1.0,1.0,1.0,1,0,101-500,0,1437.0
5242,NEW COMPANY,Accounting & Finance,2,0,1,1,2021-05-09,1,0,1,2,999,100,1.0,1.0,1.0,0,0,26-100,0,1437.0
5243,ssi,Accounting & Finance,2,0,1,0,2021-05-09,1,0,1,1,0,100,1.0,1.0,1.0,0,0,101-500,0,1437.0
5244,ssi,Accounting & Finance,2,0,1,0,2021-05-09,1,0,1,1,0,100,1.0,1.0,1.0,0,0,101-500,0,1437.0
5245,ssi,Accounting & Finance,2,0,1,0,2021-05-09,1,0,1,1,0,100,1.0,1.0,1.0,0,0,101-500,0,1437.0
5246,TYU,Accounting & Finance,2,0,1,1,2021-05-09,1,0,1,2,999,100,1.0,1.0,1.0,0,0,1-25,0,1437.0
5247,NEW COMPANY,Accounting & Finance,2,0,1,0,2021-05-09,1,0,1,1,0,100,1.0,1.0,1.0,0,0,26-100,0,1437.0
5248,Jobma,Accounting & Finance,2,0,1,0,2021-05-09,1,0,1,1,0,100,1.0,1.0,1.0,0,0,101-500,0,1437.0
5249,ABC,Accounting & Finance,72,0,1,1,2021-05-09,1,0,1,1,999,10000,1.0,1.0,1.0,1,0,26-100,0,1437.0
5250,TestCompany,Accounting & Finance,7,0,1,1,2021-05-09,1,1,1,2,13,60,2.0,2.0,1.0,0,0,500-1000,0,1437.0
5251,TestCompany,Accounting & Finance,2,0,1,0,2021-05-09,1,0,1,1,0,100,1.0,1.0,1.0,0,0,500-1000,0,1437.0
5252,TESTING,Accounting & Finance,72,0,1,1,2021-05-09,1,0,1,2,0,100,1.0,1.0,1.0,0,0,26-100,0,1437.0
5253,NYS,Accounting & Finance,2,0,1,0,2021-05-09,1,0,1,1,0,100,1.0,1.0,1.0,0,0,1-25,0,1437.0
5254,Test Company,Accounting & Finance,2,0,1,0,2021-05-09,1,0,1,1,0,100,1.0,1.0,1.0,0,0,101-500,0,1437.0
5255,TestCompany,Accounting & Finance,2,0,1,0,2021-05-09,1,0,1,1,0,100,1.0,1.0,1.0,0,0,101-500,0,1437.0
5256,Test Company,Accounting & Finance,2,0,1,0,2021-05-09,1,0,1,1,0,100,1.0,1.0,1.0,0,0,101-500,0,1437.0
5257,essential Pvt Ltd,Accounting & Finance,2,0,1,0,2021-05-09,1,0,1,1,0,100,1.0,1.0,1.0,0,0,500-1000,0,1437.0
5258,ssi,Accounting & Finance,2,0,1,1,2021-05-09,1,1,1,2,13,60,1.0,1.0,1.0,1,0,26-100,0,1437.0
5259,TESTING,Accounting & Finance,231,0,1,1,2021-05-09,1,0,1,2,10,100,1.0,1.0,1.0,0,0,26-100,0,1437.0
5260,ssi,Accounting & Finance,2,0,1,0,2021-05-09,1,0,1,1,0,100,1.0,1.0,1.0,0,0,26-100,0,1437.0
5261,Test,Accounting & Finance,3,0,1,1,2021-05-09,1,1,1,2,2,100,1.0,1.0,1.0,0,0,26-100,0,1437.0
5262,NYR,Accounting & Finance,74,0,1,1,2021-05-10,1,0,1,2,0,100,1.0,1.0,1.0,0,0,1-25,0,1436.0
5269,SSI,Accounting & Finance,72,0,1,1,2021-05-11,1,0,1,2,60,60,1.0,1.0,1.0,1,0,26-100,0,1435.0
5270,ssi,Accounting & Finance,2,0,1,0,2021-05-11,1,0,1,1,1,100,1.0,1.0,1.0,0,0,1-25,0,1435.0
5273,Test,Accounting & Finance,2,0,1,0,2021-05-12,1,0,1,1,0,100,1.0,1.0,1.0,0,0,1-25,0,1434.0
5274,dd,Accounting & Finance,2,0,1,1,2021-05-12,1,0,1,2,999,100,1.0,1.0,1.0,0,0,1-25,0,1434.0
5275,Testcomp,Accounting & Finance,231,0,1,1,2021-05-12,1,0,1,2,1,100,1.0,1.0,1.0,0,0,500-1000,0,1434.0
5276,MNB,Accounting & Finance,73,0,1,1,2021-05-12,1,0,1,2,1,100,1.0,1.0,1.0,0,0,1-25,0,1434.0
5277,qwerty,Accounting & Finance,73,0,1,1,2021-05-13,1,0,1,2,10,60,1.0,1.0,1.0,1,0,1-25,0,1433.0
5278,Test com,Accounting & Finance,72,0,1,1,2021-05-14,1,0,1,2,10,60,1.0,1.0,1.0,1,0,500-1000,0,1432.0
5279,SSI,Accounting & Finance,72,0,1,1,2021-05-15,1,0,1,2,10,60,1.0,1.0,1.0,1,0,26-100,0,1431.0
5280,SSI,Accounting & Finance,72,0,1,1,2021-05-15,1,0,1,2,60,60,1.0,1.0,1.0,1,0,101-500,0,1431.0
5281,SSI,Accounting & Finance,72,0,1,1,2021-05-15,1,0,1,2,10,60,1.0,1.0,1.0,1,0,26-100,0,1431.0
5282,SSI,Accounting & Finance,2,0,1,1,2021-05-15,1,0,1,2,10,10000,1.0,1.0,1.0,1,0,26-100,0,1431.0
5283,SSI,Accounting & Finance,3,0,1,1,2021-05-15,1,0,1,2,0,100,1.0,1.0,1.0,0,0,101-500,0,1431.0
5287,SSI,Accounting & Finance,2,0,1,1,2021-05-16,1,0,1,2,10,60,1.0,1.0,1.0,1,0,101-500,0,1430.0
5289,SSI,Accounting & Finance,231,0,1,1,2021-05-16,1,0,1,2,10,60,1.0,1.0,1.0,1,0,26-100,0,1430.0
5290,SSI,Accounting & Finance,72,0,1,1,2021-05-16,1,0,1,2,10,60,1.0,1.0,1.0,1,0,26-100,0,1430.0
5292,Test Com,Accounting & Finance,72,0,1,1,2021-05-17,1,0,1,2,999,60,1.0,1.0,1.0,1,0,26-100,0,1429.0
5293,Test com,Accounting & Finance,2,0,1,1,2021-05-17,1,0,1,2,999,60,1.0,1.0,1.0,1,0,101-500,0,1429.0
5294,SSI,Accounting & Finance,72,0,1,1,2021-05-21,1,0,1,2,10,60,1.0,1.0,1.0,1,0,26-100,0,1425.0
5295,SSI,Accounting & Finance,2,0,1,1,2021-05-24,1,0,1,2,999,60,1.0,1.0,1.0,1,0,101-500,0,1422.0
5296,12345678,Accounting & Finance,231,0,1,1,2021-05-25,1,0,1,2,0,60,1.0,1.0,1.0,1,0,1-25,0,1421.0
5297,qwerty,Accounting & Finance,231,0,1,1,2021-06-14,1,0,1,2,10,10000,1.0,1.0,1.0,1,0,1-25,0,1401.0
5298,qwerty,Accounting & Finance,2,0,1,0,2021-06-14,1,0,1,1,0,100,1.0,1.0,1.0,0,0,1-25,0,1401.0
5299,SSI,Accounting & Finance,2,0,1,1,2021-06-14,1,0,1,2,1,100,1.0,1.0,1.0,1,0,26-100,0,1401.0
5300,ssi,Accounting & Finance,73,1,1,1,2021-06-14,1,0,1,2,10,10000,1.0,1.0,1.0,1,0,1-25,0,1401.0
5301,ssi,Accounting & Finance,2,0,1,0,2021-06-14,1,0,1,1,0,100,1.0,1.0,1.0,0,0,1-25,0,1401.0
5302,qwerty,Accounting & Finance,72,0,1,1,2021-06-14,1,0,1,2,10,10000,1.0,1.0,1.0,1,0,1-25,0,1401.0
5303,qwerty,Accounting & Finance,2,0,1,0,2021-06-14,1,0,1,1,0,100,1.0,1.0,1.0,0,0,1-25,0,1401.0
5304,qwerty,Accounting & Finance,72,0,1,1,2021-06-14,1,0,1,2,10,10000,1.0,1.0,1.0,1,0,1-25,0,1401.0
5305,qwerty,Accounting & Finance,2,0,1,0,2021-06-14,1,0,1,1,0,100,1.0,1.0,1.0,0,0,1-25,0,1401.0
5306,qwertyu,Accounting & Finance,2,0,1,1,2021-06-14,1,0,1,2,10,10000,1.0,1.0,1.0,1,0,1-25,0,1401.0
5307,qwertyu,Accounting & Finance,2,0,1,0,2021-06-14,1,0,1,1,0,100,1.0,1.0,1.0,0,0,1-25,0,1401.0
5308,qwerty,Accounting & Finance,72,0,1,1,2021-06-14,1,0,1,2,10,10000,1.0,1.0,1.0,1,0,1-25,0,1401.0
5309,qwerty,Accounting & Finance,2,0,1,0,2021-06-14,1,0,1,1,0,100,1.0,1.0,1.0,0,0,1-25,0,1401.0
5310,qwerty,Accounting & Finance,72,0,1,1,2021-06-14,1,0,1,2,10,10000,1.0,1.0,1.0,1,0,1-25,0,1401.0
5311,qwerty,Accounting & Finance,2,0,1,0,2021-06-14,1,0,1,1,0,100,1.0,1.0,1.0,0,0,1-25,0,1401.0
5312,qwertyu,Accounting & Finance,72,0,1,1,2021-06-14,1,0,1,2,10,10000,1.0,1.0,1.0,1,0,26-100,0,1401.0
5313,qwertyu,Accounting & Finance,2,0,1,0,2021-06-14,1,0,1,1,0,100,1.0,1.0,1.0,0,0,26-100,0,1401.0
5314,qwerty,Accounting & Finance,72,0,1,1,2021-06-14,1,0,1,2,10,10000,1.0,1.0,1.0,1,0,1-25,0,1401.0
5315,qwerty,Accounting & Finance,2,0,1,0,2021-06-14,1,0,1,1,0,100,1.0,1.0,1.0,0,0,1-25,0,1401.0
5316,qwerty,Accounting & Finance,72,0,1,1,2021-06-14,1,0,1,2,10,10000,1.0,1.0,1.0,1,0,1-25,0,1401.0
5317,qwerty,Accounting & Finance,2,0,1,0,2021-06-14,1,0,1,1,0,100,1.0,1.0,1.0,0,0,1-25,0,1401.0
5318,qwerty,Accounting & Finance,72,0,1,1,2021-06-14,1,0,1,2,10,10000,1.0,1.0,1.0,1,0,1-25,0,1401.0
5319,qwerty,Accounting & Finance,2,0,1,0,2021-06-14,1,0,1,1,0,100,1.0,1.0,1.0,0,0,1-25,0,1401.0
5320,qwerty,Accounting & Finance,72,0,1,1,2021-06-14,1,0,1,2,10,10000,1.0,1.0,1.0,1,0,1-25,0,1401.0
5321,qwerty,Accounting & Finance,2,0,1,0,2021-06-14,1,0,1,1,0,100,1.0,1.0,1.0,0,0,1-25,0,1401.0
5322,qqqqqqqqqqq,Accounting & Finance,231,0,1,1,2021-06-14,1,0,1,2,10,10000,1.0,1.0,1.0,1,0,1-25,0,1401.0
5323,qqqqqqqqqqq,Accounting & Finance,2,0,1,0,2021-06-14,1,0,1,1,0,100,1.0,1.0,1.0,0,0,1-25,0,1401.0
5324,qwerty,Accounting & Finance,72,0,1,1,2021-06-14,1,0,1,2,10,10000,1.0,1.0,1.0,1,0,1-25,0,1401.0
5325,qwerty,Accounting & Finance,2,0,1,0,2021-06-14,1,0,1,1,0,100,1.0,1.0,1.0,0,0,1-25,0,1401.0
5326,SSI,Accounting & Finance,2,0,1,1,2021-06-17,1,0,1,2,10,100,1.0,1.0,1.0,1,0,500-1000,0,1398.0
5327,SSI,Accounting & Finance,72,0,1,1,2021-06-21,1,0,1,2,1,100,1.0,1.0,1.0,1,0,26-100,0,1394.0
5328,Google Inc,Accounting & Finance,2,0,1,1,2021-06-21,1,0,1,2,1,100,1.0,1.0,1.0,1,0,101-500,0,1394.0
5329,BBD,Accounting & Finance,73,0,1,1,2021-06-21,1,0,1,2,1,10000,1.0,1.0,1.0,1,0,26-100,0,1394.0
5330,Test Compnay Pvt Ltd,Accounting & Finance,2,0,1,1,2021-06-21,1,0,1,2,10,10000,1.0,1.0,1.0,1,0,101-500,0,1394.0
5331,Pawan Intl,Accounting & Finance,231,0,1,1,2021-06-22,1,0,1,2,1,10000,1.0,1.0,1.0,1,0,1-25,0,1393.0
5332,Pawan Intl,Accounting & Finance,231,0,1,1,2021-06-22,1,0,1,2,1,100,1.0,1.0,1.0,1,0,1-25,0,1393.0
5333,Test Company,Accounting & Finance,2,0,1,1,2021-06-23,1,0,1,2,1,10000,1.0,1.0,1.0,1,0,500-1000,0,1392.0
5334,Test Company,Accounting & Finance,2,0,1,0,2021-06-23,1,0,1,1,0,100,1.0,1.0,1.0,0,0,500-1000,0,1392.0
5335,Test International Company Pvt ok,Accounting & Finance,2,0,2,0,2021-06-23,1,1,1,1,21,100,1.0,1.0,1.0,0,0,500-1000,0,1392.0
5337,Test Company,Accounting & Finance,73,0,1,1,2021-06-23,1,0,1,2,10,10000,1.0,1.0,1.0,1,0,26-100,0,1392.0
5338,Test Company,Accounting & Finance,2,0,1,0,2021-06-23,1,0,1,1,0,100,1.0,1.0,1.0,0,0,26-100,0,1392.0
5339,Jobma,Accounting & Finance,74,0,1,1,2021-06-23,1,0,1,2,1,100,1.0,1.0,1.0,1,0,101-500,0,1392.0
5340,Test,Accounting & Finance,2,0,1,1,2021-06-23,1,0,1,2,10,10000,1.0,1.0,1.0,1,0,500-1000,0,1392.0
5341,Test,Accounting & Finance,231,0,1,1,2021-06-23,1,1,1,2,1,100,1.0,1.0,1.0,1,0,500-1000,0,1392.0
5342,Jobma,Accounting & Finance,2,0,1,1,2021-06-23,1,0,1,2,1,10000,1.0,1.0,1.0,1,0,101-500,0,1392.0
5343,Jobma,Accounting & Finance,73,0,1,1,2021-06-23,1,0,1,2,1,100,1.0,1.0,1.0,1,0,500-1000,0,1392.0
5344,Test,Accounting & Finance,72,0,1,1,2021-06-23,1,1,1,2,2,100,1.0,1.0,1.0,1,0,500-1000,0,1392.0
5345,Jobma,Accounting & Finance,2,0,1,1,2021-06-23,1,0,1,2,1,100,1.0,1.0,1.0,1,0,26-100,0,1392.0
5346,test,Accounting & Finance,72,0,1,1,2021-06-23,1,0,1,2,1,100,1.0,1.0,1.0,1,0,26-100,0,1392.0
5347,Jobma,Accounting & Finance,2,0,1,0,2021-06-23,1,0,1,1,0,100,1.0,1.0,1.0,0,0,101-500,0,1392.0
5348,test,Accounting & Finance,2,0,1,0,2021-06-23,1,0,1,1,0,100,1.0,1.0,1.0,0,0,26-100,0,1392.0
5349,Jobma,Accounting & Finance,2,0,1,0,2021-06-23,1,0,1,1,0,100,1.0,1.0,1.0,0,0,26-100,0,1392.0
5350,Test Pvt Ltd,Accounting & Finance,72,0,1,1,2021-06-23,1,0,1,2,1,100,1.0,1.0,1.0,1,0,101-500,0,1392.0
5351,Test,Accounting & Finance,2,0,1,0,2021-06-23,1,0,1,1,0,100,1.0,1.0,1.0,0,0,500-1000,0,1392.0
5352,ssi,Accounting & Finance,72,0,1,1,2021-06-23,1,0,1,2,1,10000,1.0,1.0,1.0,1,0,101-500,0,1392.0
5353,ssi,Accounting & Finance,2,0,1,0,2021-06-23,1,0,1,1,0,100,1.0,1.0,1.0,0,0,101-500,0,1392.0
5354,Select Source International,Accounting & Finance,72,0,1,1,2021-06-23,1,0,1,2,1,100,1.0,1.0,1.0,1,0,26-100,0,1392.0
5355,Test,Accounting & Finance,3,0,1,1,2021-06-24,1,0,1,2,0,100,1.0,1.0,1.0,0,0,26-100,0,1391.0
5356,Jobma,Accounting & Finance,73,0,1,1,2021-06-28,1,0,1,2,10,10000,1.0,1.0,1.0,1,0,101-500,0,1387.0
5357,Jobma,Accounting & Finance,2,0,1,0,2021-06-28,1,0,1,1,0,100,1.0,1.0,1.0,0,0,101-500,0,1387.0
5358,TSV,Accounting & Finance,3,0,1,1,2021-06-28,1,0,1,2,10,100,1.0,1.0,1.0,0,0,26-100,0,1387.0
5359,TSV,Accounting & Finance,2,0,1,0,2021-06-28,1,0,1,1,0,100,1.0,1.0,1.0,0,0,26-100,0,1387.0
5360,TSV,Accounting & Finance,3,0,1,1,2021-06-28,1,0,1,2,10,10000,1.0,1.0,1.0,1,0,26-100,0,1387.0
5361,Pawan Intl,Accounting & Finance,1,0,1,1,2021-06-28,1,0,1,2,1,100,1.0,1.0,1.0,0,0,26-100,0,1387.0
5362,Pawan Intl,Accounting & Finance,1,0,1,1,2021-06-28,1,0,1,2,1,100,1.0,1.0,1.0,0,0,26-100,0,1387.0
5363,TSV,Accounting & Finance,2,0,1,1,2021-06-28,1,0,1,2,10,100,1.0,1.0,1.0,0,0,1-25,0,1387.0
5364,Jobma,Accounting & Finance,2,0,1,0,2021-06-28,1,0,1,1,0,100,1.0,1.0,1.0,0,0,500-1000,0,1387.0
5365,Jobma,Accounting & Finance,2,0,1,0,2021-06-28,1,0,1,1,0,100,1.0,1.0,1.0,0,0,500-1000,0,1387.0
5366,TSV,Accounting & Finance,2,0,1,0,2021-06-29,1,0,1,1,0,100,1.0,1.0,1.0,0,0,26-100,0,1386.0
5367,TSV,Accounting & Finance,2,0,1,0,2021-06-29,1,0,1,1,0,100,1.0,1.0,1.0,0,0,26-100,0,1386.0
5368,ssi,Accounting & Finance,72,0,1,0,2021-06-29,1,0,1,2,1,100,1.0,1.0,1.0,1,0,500-1000,0,1386.0
5369,TSVM,Accounting & Finance,2,0,1,1,2021-06-29,1,1,1,2,999,100,1.0,1.0,1.0,0,0,1-25,0,1386.0
5370,TSVM,Accounting & Finance,2,0,1,0,2021-06-29,1,0,1,1,0,100,1.0,1.0,1.0,0,0,1-25,0,1386.0
5371,ssi,Accounting & Finance,73,0,1,1,2021-06-29,1,0,1,2,10,100,1.0,1.0,1.0,1,0,101-500,0,1386.0
5372,TSVM,Accounting & Finance,2,0,1,0,2021-06-29,1,0,1,1,0,100,1.0,1.0,1.0,0,0,1-25,0,1386.0
5373,TSVM,Accounting & Finance,2,0,1,0,2021-06-29,1,0,1,1,0,100,1.0,1.0,1.0,0,0,1-25,0,1386.0
5374,Test Co Pvt Ltd,Accounting & Finance,2,0,1,1,2021-06-29,1,0,1,2,10,100,1.0,1.0,1.0,0,0,500-1000,0,1386.0
5375,ssi,Accounting & Finance,74,0,1,1,2021-06-29,1,0,1,2,1,100,1.0,1.0,1.0,1,0,500-1000,0,1386.0
5376,Jobma,Accounting & Finance,2,0,1,1,2021-06-29,1,0,1,2,10,10000,1.0,1.0,1.0,1,0,26-100,0,1386.0
5377,Jobma,Accounting & Finance,2,0,1,1,2021-06-29,1,0,1,2,10,100,1.0,1.0,1.0,1,0,101-500,0,1386.0
5378,ssi,Accounting & Finance,72,0,1,1,2021-06-30,1,0,1,2,1,10000,1.0,2.0,1.0,0,0,101-500,0,1385.0
5379,ssi,Accounting & Finance,2,0,1,0,2021-06-30,1,0,1,1,0,100,1.0,1.0,1.0,0,0,101-500,0,1385.0
5380,Jobma,Accounting & Finance,73,0,1,1,2021-06-30,1,0,1,2,1,10000,1.0,2.0,1.0,0,0,101-500,0,1385.0
5381,Jobma,Accounting & Finance,73,0,1,1,2021-06-30,1,0,1,2,1,100,1.0,1.0,1.0,1,0,101-500,0,1385.0
5382,ssi,Accounting & Finance,73,0,1,0,2021-07-01,1,1,1,2,1,10000,1.0,1.0,1.0,1,0,500-1000,0,1384.0
5383,Test,Accounting & Finance,2,0,1,0,2021-07-01,1,0,1,1,0,100,1.0,1.0,1.0,0,0,500-1000,0,1384.0
5384,Test,Accounting & Finance,2,0,1,0,2021-07-01,1,0,1,1,0,100,1.0,1.0,1.0,0,0,500-1000,0,1384.0
5385,ssi,Accounting & Finance,72,0,1,1,2021-07-01,1,0,1,2,1,100,1.0,1.0,1.0,1,0,500-1000,0,1384.0
5386,Test Company,Accounting & Finance,72,0,1,1,2021-07-01,1,1,1,2,1,100,1.0,1.0,1.0,1,0,101-500,0,1384.0
5387,Test Company,Accounting & Finance,2,0,1,0,2021-07-01,1,0,1,1,0,100,1.0,1.0,1.0,0,0,101-500,0,1384.0
5388,Test Company,Accounting & Finance,2,0,1,0,2021-07-01,1,0,1,1,0,100,1.0,1.0,1.0,0,0,101-500,0,1384.0
5389,Test,Accounting & Finance,231,0,1,1,2021-07-01,1,0,1,2,1,100,1.0,1.0,1.0,1,0,1-25,0,1384.0
5390,Test,Accounting & Finance,2,0,1,0,2021-07-01,1,0,1,1,0,100,1.0,1.0,1.0,0,0,1-25,0,1384.0
5391,ssi,Accounting & Finance,72,0,1,1,2021-07-01,1,0,1,2,10,10000,1.0,1.0,1.0,1,0,1-25,0,1384.0
5392,ssi,Accounting & Finance,2,0,1,0,2021-07-01,1,0,1,1,0,100,1.0,1.0,1.0,0,0,1-25,0,1384.0
5393,Pawan Intl,Accounting & Finance,231,0,1,1,2021-07-02,1,0,1,2,1,100,1.0,1.0,1.0,1,0,1-25,0,1383.0
5394,test,Accounting & Finance,72,0,1,1,2021-07-05,1,0,1,2,999,100,1.0,1.0,1.0,1,0,500-1000,0,1380.0
5395,Pawan Intl,Accounting & Finance,231,0,1,1,2021-07-05,1,1,1,2,2,10000,1.0,1.0,1.0,1,0,1-25,0,1380.0
5396,Jobma,Accounting & Finance,2,0,1,0,2021-07-06,1,0,1,1,0,100,1.0,1.0,1.0,0,0,101-500,0,1379.0
5397,ssi,Accounting & Finance,2,0,1,1,2021-07-06,1,0,1,2,10,10000,1.0,1.0,1.0,1,0,101-500,0,1379.0
5398,ssi,Accounting & Finance,2,0,1,0,2021-07-06,1,0,1,1,0,100,1.0,1.0,1.0,0,0,101-500,0,1379.0
5399,test,Accounting & Finance,2,0,1,0,2021-07-06,1,0,1,1,0,100,1.0,1.0,1.0,0,0,500-1000,0,1379.0
5400,ssi,Accounting & Finance,2,0,1,0,2021-07-06,1,0,1,1,0,100,1.0,1.0,1.0,0,0,500-1000,0,1379.0
5401,ets,Accounting & Finance,231,0,1,1,2021-07-06,1,0,1,2,999,100,1.0,1.0,1.0,1,0,1-25,0,1379.0
5402,test,Accounting & Finance,2,0,1,0,2021-07-06,1,0,1,1,0,100,1.0,1.0,1.0,0,0,500-1000,0,1379.0
5403,ssi,Accounting & Finance,2,0,1,1,2021-07-07,1,1,1,2,2,10000,1.0,1.0,1.0,1,0,101-500,0,1378.0
5404,ssi,Accounting & Finance,"2,73",0,1,1,2021-07-07,1,1,1,2,2,10000,1.0,1.0,1.0,1,0,26-100,0,1378.0
5405,TSTR,Accounting & Finance,3,0,1,1,2021-07-07,1,0,1,2,1,100,1.0,1.0,1.0,0,0,101-500,0,1378.0
5406,Jobma,Accounting & Finance,36,0,1,1,2021-07-07,1,0,1,2,999,100,1.0,1.0,1.0,0,0,26-100,0,1378.0
5407,ssi,Accounting & Finance,2,0,1,1,2021-07-07,1,0,1,2,10,10000,1.0,1.0,1.0,1,0,101-500,0,1378.0
5408,TSVM,Accounting & Finance,3,0,1,1,2021-07-07,1,0,1,2,10,100,1.0,1.0,1.0,0,0,26-100,0,1378.0
5409,ssi,Accounting & Finance,2,0,1,1,2021-07-07,1,0,1,2,10,10000,1.0,1.0,1.0,1,0,101-500,0,1378.0
5410,ssi,Accounting & Finance,74,0,1,1,2021-07-07,1,1,1,2,11,10000,1.0,1.0,1.0,1,0,26-100,0,1378.0
5411,ssi,Accounting & Finance,73,0,1,1,2021-07-07,1,1,1,2,5,10000,1.0,1.0,1.0,1,0,26-100,0,1378.0
5413,SSI,Accounting & Finance,2,0,1,1,2021-07-07,1,1,1,2,4,10000,1.0,1.0,1.0,1,0,26-100,0,1378.0
5414,TSVM,Accounting & Finance,3,0,1,1,2021-07-07,1,0,1,2,10,100,1.0,1.0,1.0,0,0,1-25,0,1378.0
5415,SSI,Accounting & Finance,2,0,1,0,2021-07-07,1,0,1,1,0,100,1.0,1.0,1.0,0,0,26-100,0,1378.0
5416,SSI,Accounting & Finance,2,0,1,1,2021-07-07,1,0,1,2,10,10000,1.0,1.0,1.0,0,0,101-500,0,1378.0
5417,sspg test,Accounting & Finance,1,0,1,1,2021-07-07,1,1,1,2,10,100,1.0,1.0,1.0,0,0,26-100,0,1378.0
5418,ssi,Accounting & Finance,72,0,1,1,2021-07-07,1,0,1,2,10,100,1.0,1.0,1.0,1,0,500-1000,0,1378.0
5419,ssi,Accounting & Finance,72,0,1,1,2021-07-07,1,0,1,2,10,100,1.0,1.0,1.0,1,0,500-1000,0,1378.0
5420,ssi,Accounting & Finance,72,0,1,1,2021-07-08,1,0,1,2,0,100,1.0,1.0,1.0,1,0,101-500,0,1377.0
5421,Jobma,Accounting & Finance,72,0,1,1,2021-07-08,1,1,1,2,1,100,1.0,1.0,1.0,1,0,1-25,0,1377.0
5422,Jobma,Accounting & Finance,2,0,1,0,2021-07-08,1,0,1,1,0,100,1.0,1.0,1.0,0,0,1-25,0,1377.0
5423,Jobma,Accounting & Finance,2,0,1,1,2021-07-08,1,0,1,2,1,10000,1.0,1.0,1.0,1,0,26-100,0,1377.0
5424,Jobma,Accounting & Finance,2,0,1,1,2021-07-08,1,1,1,2,3,10000,1.0,1.0,1.0,1,0,26-100,0,1377.0
5425,SSi,Accounting & Finance,72,0,1,1,2021-07-08,1,0,1,2,10,10000,1.0,1.0,1.0,1,0,101-500,0,1377.0
5426,JOBMA,Accounting & Finance,72,0,1,1,2021-07-08,1,0,1,2,10,100,1.0,1.0,1.0,1,0,26-100,0,1377.0
5427,Jobma,Accounting & Finance,2,0,1,0,2021-07-08,1,0,1,1,0,100,1.0,1.0,1.0,0,0,26-100,0,1377.0
5428,Test Company,Accounting & Finance,72,0,1,1,2021-07-09,1,0,1,2,1,10000,1.0,1.0,1.0,0,0,101-500,0,1376.0
5429,ssi,Accounting & Finance,72,0,1,1,2021-07-09,1,1,1,2,5,10000,1.0,1.0,1.0,1,0,101-500,0,1376.0
5430,SSI,Accounting & Finance,2,0,1,1,2021-07-09,1,0,1,2,10,10000,1.0,1.0,1.0,0,0,101-500,0,1376.0
5431,goibibo,Accounting & Finance,3,0,1,1,2021-07-09,1,0,1,2,999,10000,1.0,1.0,1.0,1,0,26-100,0,1376.0
5432,ssi,Accounting & Finance,72,0,1,1,2021-07-09,1,0,1,2,1,10000,1.0,1.0,1.0,1,0,500-1000,0,1376.0
5433,ssi,Accounting & Finance,2,0,1,0,2021-07-09,1,0,1,1,0,100,1.0,1.0,1.0,0,0,101-500,0,1376.0
5434,Test Company,Accounting & Finance,2,0,1,0,2021-07-09,1,0,1,1,0,100,1.0,1.0,1.0,0,0,101-500,0,1376.0
5435,Test,Accounting & Finance,72,0,1,1,2021-07-09,1,0,1,2,1,100,1.0,1.0,1.0,0,0,101-500,0,1376.0
5436,Compay,Accounting & Finance,231,1,1,1,2021-07-09,1,0,1,2,1,100,1.0,1.0,1.0,0,0,1-25,0,1376.0
5437,Google Inc,Accounting & Finance,72,0,1,1,2021-07-09,1,0,1,2,1,100,1.0,1.0,1.0,1,0,101-500,0,1376.0
5438,JOBMA,Accounting & Finance,72,0,1,1,2021-07-12,1,0,1,2,10,10000,1.0,1.0,1.0,1,0,26-100,0,1373.0
5440,SSI,Accounting & Finance,2,0,1,0,2021-07-12,1,0,1,1,0,100,1.0,1.0,1.0,0,0,101-500,0,1373.0
5441,JOBMA,Accounting & Finance,2,0,1,1,2021-07-12,1,0,1,2,1,10000,1.0,1.0,1.0,1,0,26-100,0,1373.0
5442,JOBMA,Accounting & Finance,2,0,1,0,2021-07-12,1,0,1,1,0,100,1.0,1.0,1.0,0,0,26-100,0,1373.0
5443,SSI,Accounting & Finance,2,0,1,0,2021-07-12,1,0,1,1,0,100,1.0,1.0,1.0,0,0,101-500,0,1373.0
5444,SSI,Accounting & Finance,2,0,1,0,2021-07-12,1,0,1,1,0,100,1.0,1.0,1.0,0,0,101-500,0,1373.0
5445,SSI,Accounting & Finance,2,0,1,0,2021-07-12,1,0,1,1,0,100,1.0,1.0,1.0,0,0,101-500,0,1373.0
5448,sspg test,Accounting & Finance,2,0,1,0,2021-07-12,1,0,1,1,0,100,1.0,1.0,1.0,0,0,26-100,0,1373.0
5449,ssi,Accounting & Finance,4,0,1,1,2021-07-12,1,0,1,2,1,10000,1.0,30.0,1.0,1,0,500-1000,0,1373.0
5452,ssi,Accounting & Finance,2,0,1,0,2021-07-12,1,0,1,1,0,100,1.0,1.0,1.0,0,0,500-1000,0,1373.0
5453,ssi,Accounting & Finance,73,1,1,1,2021-07-12,1,0,1,2,1,100,1.0,1.0,1.0,0,0,1-25,0,1373.0
5454,ssi,Accounting & Finance,73,8,1,1,2021-07-12,1,0,1,2,1,10000,1.0,1.0,1.0,1,0,1-25,0,1373.0
5457,ssi,Accounting & Finance,74,1,1,1,2021-07-12,1,0,1,2,1,10000,1.0,1.0,1.0,1,0,1-25,0,1373.0
5458,ssi,Accounting & Finance,74,1,1,1,2021-07-12,1,0,1,2,0,100,1.0,1.0,1.0,0,0,1-25,0,1373.0
5459,SSI,Accounting & Finance,2,0,1,0,2021-07-12,1,0,1,1,0,100,1.0,1.0,1.0,0,0,101-500,0,1373.0
5460,SSI,Accounting & Finance,2,0,1,0,2021-07-12,1,0,1,1,0,100,1.0,1.0,1.0,0,0,101-500,0,1373.0
5461,aai,Accounting & Finance,123,0,1,1,2021-07-12,1,0,1,2,1,100,1.0,1.0,1.0,1,0,26-100,0,1373.0
5462,JOBMA,Accounting & Finance,2,0,1,1,2021-07-13,1,0,1,2,999,10000,1.0,1.0,1.0,1,0,26-100,0,1372.0
5463,goibibo,Accounting & Finance,72,0,1,1,2021-07-13,1,0,1,2,1,10000,10.0,10.0,1.0,1,0,26-100,0,1372.0
5464,SSI,Accounting & Finance,3,0,1,1,2021-07-13,1,0,1,2,999,10000,1.0,1.0,1.0,1,0,101-500,0,1372.0
5465,ssi,Accounting & Finance,72,0,1,1,2021-07-13,1,0,0,2,10,100,1.0,1.0,1.0,1,0,26-100,0,1372.0
5466,ssi,Accounting & Finance,2,0,1,1,2021-07-13,1,0,0,2,1,10000,1.0,1.0,1.0,1,0,1-25,0,1372.0
5467,SSI,Accounting & Finance,2,0,1,0,2021-07-13,1,0,1,1,0,100,1.0,1.0,1.0,0,0,101-500,0,1372.0
5469,SSI,Accounting & Finance,2,0,1,0,2021-07-13,1,0,1,1,0,100,1.0,1.0,1.0,0,0,101-500,0,1372.0
5470,JOBMA,Accounting & Finance,72,0,1,1,2021-07-13,1,1,1,2,999,10000,1.0,1.0,1.0,1,0,26-100,0,1372.0
5471,SSI,Accounting & Finance,2,0,1,0,2021-07-13,1,0,1,1,0,100,1.0,1.0,1.0,0,0,101-500,0,1372.0
5473,SSI,Accounting & Finance,72,0,1,1,2021-07-13,1,0,1,2,10,100,1.0,1.0,1.0,1,0,500-1000,0,1372.0
5474,Pawan Intl,Accounting & Finance,231,0,1,1,2021-07-13,1,0,1,2,1,10000,3.0,3.0,1.0,1,0,1-25,0,1372.0
5475,ssi,Accounting & Finance,72,0,1,1,2021-07-13,1,0,1,2,1,10000,1.0,1.0,1.0,1,0,1-25,0,1372.0
5476,Pawan Intl,Accounting & Finance,231,0,1,1,2021-07-14,1,0,1,2,1,10000,1.0,1.0,1.0,1,0,1-25,0,1371.0
5477,SSI,Accounting & Finance,3,0,1,1,2021-07-14,1,0,1,2,1,10000,1.0,1.0,1.0,1,0,101-500,0,1371.0
5478,SSI,Accounting & Finance,2,0,1,1,2021-07-14,1,0,1,2,999,100,1.0,1.0,1.0,0,0,101-500,0,1371.0
5479,JOBMA,Accounting & Finance,72,0,1,1,2021-07-14,1,0,1,2,1,10000,0.0,0.0,1.0,1,0,26-100,0,1371.0
5480,JOBMA,Accounting & Finance,72,0,1,1,2021-07-14,1,0,1,2,1,10000,0.0,0.0,1.0,1,0,26-100,0,1371.0
5481,ssi,Accounting & Finance,2,0,1,0,2021-07-14,1,0,1,1,0,100,1.0,1.0,1.0,0,0,101-500,0,1371.0
5482,ssi,Accounting & Finance,74,1,1,1,2021-07-14,1,0,1,2,1,10000,1.0,1.0,1.0,1,0,1-25,0,1371.0
5483,SSI,Accounting & Finance,73,1,1,1,2021-07-14,1,0,1,2,0,100,1.0,1.0,1.0,0,0,1-25,0,1371.0
5484,Jobma,Accounting & Finance,2,0,1,0,2021-07-14,1,0,1,1,0,100,1.0,1.0,1.0,0,0,26-100,0,1371.0
5485,Jobma,Accounting & Finance,2,0,1,1,2021-07-14,1,0,1,2,1,10000,0.0,0.0,1.0,1,0,26-100,0,1371.0
5486,ssi,Accounting & Finance,72,0,1,1,2021-07-14,1,0,1,2,0,100,1.0,1.0,1.0,0,0,101-500,0,1371.0
5487,ssi,Accounting & Finance,72,0,1,1,2021-07-14,1,0,1,2,1,100,1.0,1.0,1.0,0,0,1-25,0,1371.0
5488,Jobma,Accounting & Finance,72,0,1,1,2021-07-15,1,0,1,2,0,100,1.0,1.0,1.0,1,0,101-500,0,1370.0
5489,SSI,Accounting & Finance,2,0,1,1,2021-07-15,1,0,1,2,10,100,1.0,1.0,1.0,0,0,500-1000,0,1370.0
5490,SCI,Accounting & Finance,2,0,1,1,2021-07-15,1,0,1,2,10,10000,0.0,0.0,1.0,1,0,26-100,0,1370.0
5491,ssi,Accounting & Finance,72,0,1,1,2021-07-15,1,0,1,2,0,100,1.0,1.0,1.0,1,0,101-500,0,1370.0
5492,SSI,Accounting & Finance,73,0,1,1,2021-07-15,1,1,1,2,6,10000,1.0,1.0,1.0,1,0,101-500,0,1370.0
5493,ssi,Accounting & Finance,"72,2,73",0,1,1,2021-07-15,1,0,1,2,10,100,1.0,1.0,1.0,1,0,26-100,0,1370.0
5494,ssi,Accounting & Finance,72,0,1,1,2021-07-15,1,0,1,2,10,100,1.0,1.0,1.0,1,0,26-100,0,1370.0
5495,Jobma,Accounting & Finance,2,0,1,1,2021-07-15,1,0,1,2,10,100,1.0,1.0,1.0,1,0,500-1000,0,1370.0
5496,ssi,Accounting & Finance,73,1,1,1,2021-07-15,1,0,1,2,10,100,1.0,1.0,1.0,0,0,1-25,0,1370.0
5497,TESTING,Accounting & Finance,72,0,1,1,2021-07-15,1,0,1,2,1,10000,1.0,1.0,1.0,1,0,26-100,0,1370.0
5498,ssi,Accounting & Finance,72,0,1,1,2021-07-16,1,0,1,2,1,10000,1.0,1.0,1.0,1,0,26-100,0,1369.0
5499,SSI,Accounting & Finance,73,0,1,1,2021-07-16,1,0,1,2,10,10000,1.0,1.0,1.0,1,0,26-100,0,1369.0
5500,ssi,Accounting & Finance,2,0,1,0,2021-07-16,1,0,1,1,0,100,1.0,1.0,1.0,0,0,26-100,0,1369.0
5501,SSI,Accounting & Finance,73,0,1,1,2021-07-16,1,1,1,2,140000,10000,1.0,1.0,1.0,1,0,26-100,0,1369.0
5502,goibibo,Accounting & Finance,2,0,1,1,2021-07-16,1,1,1,2,999,10000,1.0,1.0,1.0,1,0,500-1000,0,1369.0
5503,SSI,Accounting & Finance,73,0,1,1,2021-07-16,1,1,1,1,10,100,1.0,1.0,1.0,1,0,26-100,0,1369.0
5504,SSI,Accounting & Finance,72,0,1,1,2021-07-16,1,0,1,2,10,10000,1.0,1.0,1.0,1,0,500-1000,0,1369.0
5505,ssi,Accounting & Finance,231,0,1,1,2021-07-16,1,1,1,2,0,10000,1.0,1.0,1.0,1,0,26-100,0,1369.0
5506,JOBMA,Accounting & Finance,2,0,1,1,2021-07-16,1,0,1,2,1,10000,1.0,1.0,1.0,1,0,26-100,0,1369.0
5507,SSI,Accounting & Finance,2,0,1,1,2021-07-16,1,0,1,2,1,10000,1.0,1.0,1.0,1,0,26-100,0,1369.0
5508,JOBMA,Accounting & Finance,2,0,1,1,2021-07-16,1,0,1,2,1,100,1.0,1.0,1.0,1,0,26-100,0,1369.0
5509,ssi,Accounting & Finance,72,0,1,1,2021-07-19,1,0,1,2,0,100,1.0,1.0,1.0,1,0,1-25,0,1366.0
5510,ssi,Accounting & Finance,2,0,1,1,2021-07-19,1,1,1,2,10,100,1.0,1.0,1.0,1,0,26-100,0,1366.0
5511,NLP,Accounting & Finance,2,0,1,1,2021-07-19,1,1,1,2,14,100,1.0,1.0,1.0,0,0,26-100,0,1366.0
5512,ssi,Accounting & Finance,72,0,1,0,2021-07-19,1,0,1,2,999,10000,1.0,1.0,1.0,1,0,101-500,0,1366.0
5513,VCL,Accounting & Finance,2,0,1,1,2021-07-19,1,1,1,2,15,10000,1.0,1.0,1.0,1,0,101-500,0,1366.0
5514,VDI,Accounting & Finance,73,0,1,1,2021-07-19,1,1,1,2,999,10000,1.0,1.0,1.0,1,0,101-500,0,1366.0
5515,ssi,Accounting & Finance,72,0,1,1,2021-07-19,1,1,1,2,4,10000,1.0,1.0,1.0,1,0,1-25,0,1366.0
5516,VCL,Accounting & Finance,2,0,1,0,2021-07-19,1,0,1,1,0,100,1.0,1.0,1.0,0,0,101-500,0,1366.0
5517,JOBMA,Accounting & Finance,72,0,1,1,2021-07-19,1,0,1,2,10,10000,1.0,1.0,1.0,1,0,26-100,0,1366.0
5518,Test Com,Accounting & Finance,72,0,1,1,2021-07-19,1,0,1,2,1,10000,1.0,1.0,1.0,1,0,500-1000,0,1366.0
5519,JOBMA,Accounting & Finance,72,0,1,1,2021-07-19,1,0,1,2,10,100,1.0,1.0,1.0,1,0,26-100,0,1366.0
5520,JOBMA,Accounting & Finance,2,0,1,1,2021-07-19,1,0,1,2,10,10000,1.0,1.0,1.0,1,0,26-100,0,1366.0
5521,JOBMA,Accounting & Finance,72,0,1,1,2021-07-19,1,0,1,2,10,10000,1.0,1.0,1.0,1,0,26-100,0,1366.0
5522,JOBMA,Accounting & Finance,2,0,1,1,2021-07-19,1,1,1,2,2,10000,1.0,1.0,1.0,1,0,26-100,0,1366.0
5523,JOBMA,Accounting & Finance,72,0,1,1,2021-07-19,1,0,1,2,10,10000,1.0,1.0,1.0,1,0,26-100,0,1366.0
5524,ssi,Accounting & Finance,72,0,1,1,2021-07-19,1,1,1,2,15,10000,1.0,1.0,1.0,1,0,26-100,0,1366.0
5525,ssi,Accounting & Finance,2,0,1,0,2021-07-19,1,0,1,1,0,100,1.0,1.0,1.0,0,0,26-100,0,1366.0
5526,ssi,Accounting & Finance,2,0,2,1,2021-07-20,1,1,1,2,999,10000,1.0,1.0,1.0,1,0,26-100,0,1365.0
5527,ssi,Accounting & Finance,2,0,1,1,2021-07-20,1,0,1,2,1,10000,1.0,1.0,1.0,1,0,101-500,0,1365.0
5528,ssi,Accounting & Finance,73,0,1,0,2021-07-20,1,0,1,2,10,10000,1.0,1.0,1.0,1,0,26-100,0,1365.0
5529,SSI,Accounting & Finance,2,0,1,1,2021-07-21,1,0,1,2,10,10000,1.0,1.0,1.0,1,0,26-100,0,1364.0
5530,SSI,Accounting & Finance,2,0,1,1,2021-07-21,1,0,1,2,10,10000,1.0,1.0,1.0,1,0,1-25,0,1364.0
5531,Test,Accounting & Finance,72,0,1,1,2021-07-21,1,0,1,2,1,10000,1.0,1.0,1.0,1,0,101-500,0,1364.0
5532,ssi,Accounting & Finance,2,0,2,0,2021-07-21,1,0,1,1,0,100,1.0,1.0,1.0,0,0,26-100,0,1364.0
5533,SSI,Accounting & Finance,72,0,1,1,2021-07-21,1,1,1,2,4,10000,1.0,1.0,1.0,1,0,26-100,0,1364.0
5534,Test Company,Accounting & Finance,2,0,1,1,2021-07-21,1,0,1,2,1,10000,1.0,1.0,1.0,1,0,101-500,0,1364.0
5535,ssi,Accounting & Finance,72,0,1,1,2021-07-21,1,0,1,2,1,10000,1.0,1.0,1.0,1,0,1-25,0,1364.0
5536,Test Company,Accounting & Finance,2,0,1,0,2021-07-21,1,0,1,1,0,100,1.0,1.0,1.0,0,0,101-500,0,1364.0
5537,Pawan Intl,Accounting & Finance,231,0,1,1,2021-07-21,1,0,1,2,1,100,1.0,1.0,1.0,1,0,1-25,0,1364.0
5538,ssi,Accounting & Finance,72,0,1,1,2021-07-22,1,0,1,2,10,10000,1.0,1.0,1.0,1,0,26-100,0,1363.0
5539,ssi,Accounting & Finance,2,0,1,0,2021-07-22,1,0,1,1,0,100,1.0,1.0,1.0,0,0,26-100,0,1363.0
5540,ssi,Accounting & Finance,72,0,1,1,2021-07-22,1,0,1,2,1,100,1.0,1.0,1.0,1,0,26-100,0,1363.0
5541,asdas,Accounting & Finance,2,0,1,1,2021-07-22,1,0,1,2,1,100,1.0,1.0,1.0,1,0,101-500,0,1363.0
5542,ssi,Accounting & Finance,4,0,1,1,2021-07-22,1,0,1,2,1,100,1.0,1.0,1.0,0,0,101-500,0,1363.0
5543,dfas,Accounting & Finance,72,0,1,1,2021-07-22,1,0,1,2,1,100,1.0,1.0,1.0,1,0,101-500,0,1363.0
5544,SSI,Accounting & Finance,72,0,1,1,2021-07-22,1,0,1,2,1,10000,1.0,1.0,1.0,1,0,101-500,0,1363.0
5545,ssi,Accounting & Finance,2,0,1,1,2021-07-22,1,0,1,2,10,100,1.0,1.0,1.0,1,0,26-100,0,1363.0
5546,Test Company,Accounting & Finance,2,0,1,1,2021-07-22,1,1,1,2,2,10000,1.0,1.0,1.0,1,0,500-1000,0,1363.0
5547,ssi,Accounting & Finance,2,0,1,1,2021-07-22,1,0,1,2,1,100,1.0,1.0,1.0,1,0,26-100,0,1363.0
5548,ssi,Accounting & Finance,2,0,1,1,2021-07-22,1,0,1,2,1,100,1.0,1.0,1.0,1,0,26-100,0,1363.0
5549,SSI,Accounting & Finance,72,0,1,1,2021-07-22,1,0,1,2,1,10000,1.0,1.0,1.0,1,0,1-25,0,1363.0
5550,Test Company,Accounting & Finance,72,0,1,1,2021-07-22,1,0,1,1,10,100,1.0,1.0,1.0,1,0,101-500,0,1363.0
5551,JOBMA,Accounting & Finance,72,0,1,1,2021-07-22,1,0,1,2,1,100,1.0,1.0,1.0,1,0,26-100,0,1363.0
5552,Test Company,Accounting & Finance,2,0,1,1,2021-07-22,1,0,1,2,1,100,1.0,1.0,1.0,1,0,500-1000,0,1363.0
5553,ssi,Accounting & Finance,72,0,1,1,2021-07-22,1,0,1,2,1,100,1.0,1.0,1.0,1,0,101-500,0,1363.0
5554,ssi,Accounting & Finance,2,0,1,1,2021-07-22,1,0,1,2,1,100,1.0,1.0,1.0,1,0,26-100,0,1363.0
5555,ssi,Accounting & Finance,73,0,1,1,2021-07-22,1,0,1,2,1,100,1.0,1.0,1.0,1,0,1-25,0,1363.0
5556,JOBMA,Accounting & Finance,72,0,1,1,2021-07-23,1,0,1,2,10,100,1.0,1.0,1.0,1,0,26-100,0,1362.0
5557,JOBMA,Accounting & Finance,72,0,1,1,2021-07-23,1,0,1,2,1,100,1.0,1.0,1.0,1,0,26-100,0,1362.0
5558,SSI,Accounting & Finance,2,0,1,1,2021-07-23,1,0,1,2,1,10000,1.0,1.0,1.0,1,0,101-500,0,1362.0
5559,tre,Accounting & Finance,72,0,1,1,2021-07-23,1,0,1,2,1,100,1.0,1.0,1.0,1,0,26-100,0,1362.0
5560,OPq,Accounting & Finance,72,0,1,1,2021-07-23,1,0,1,2,1,100,1.0,1.0,1.0,1,0,1-25,0,1362.0
5561,TYU,Accounting & Finance,83,0,1,1,2021-07-23,1,0,1,2,1,100,1.0,1.0,1.0,1,0,1-25,0,1362.0
5562,PRE,Accounting & Finance,80,0,1,1,2021-07-23,1,0,1,2,1,100,1.0,1.0,1.0,1,0,1-25,0,1362.0
5563,JOBMA,Accounting & Finance,2,0,1,1,2021-07-23,1,0,1,2,1,100,1.0,1.0,1.0,1,0,26-100,0,1362.0
5564,Jobma New Data12,Accounting & Finance,73,0,2,0,2021-07-26,1,1,1,2,1,100,1.0,1.0,1.0,1,0,500-1000,0,1359.0
5565,Jobma,Accounting & Finance,2,0,1,1,2021-07-26,1,0,1,2,10,100,1.0,1.0,1.0,1,0,26-100,0,1359.0
5566,Jobma,Accounting & Finance,3,0,1,1,2021-07-26,1,0,1,2,1,100,1.0,1.0,1.0,0,0,101-500,0,1359.0
5567,ssi,Accounting & Finance,7,0,1,1,2021-07-26,1,0,1,2,1,100,1.0,1.0,1.0,0,0,101-500,0,1359.0
5568,Test Company,Accounting & Finance,72,0,1,1,2021-07-26,1,0,1,2,1,10000,0.0,0.0,1.0,1,0,26-100,0,1359.0
5569,Test Company,Accounting & Finance,2,0,1,1,2021-07-26,1,1,1,2,10,10000,1.0,1.0,1.0,1,0,500-1000,0,1359.0
5570,Test Company,Accounting & Finance,72,0,1,1,2021-07-26,1,0,1,2,1,10000,0.0,0.0,1.0,1,0,26-100,0,1359.0
5571,JOBMA,Accounting & Finance,2,0,1,1,2021-07-26,1,0,1,2,999,100,1.0,1.0,1.0,0,0,26-100,0,1359.0
5572,Test Company,Accounting & Finance,72,0,1,0,2021-07-26,1,0,1,2,1,10000,0.0,0.0,1.0,1,0,101-500,0,1359.0
5573,JOBMA,Accounting & Finance,2,0,1,0,2021-07-26,1,0,1,1,0,100,1.0,1.0,1.0,0,0,26-100,0,1359.0
5574,Test Company,Accounting & Finance,2,0,1,0,2021-07-26,1,0,1,1,0,100,1.0,1.0,1.0,0,0,500-1000,0,1359.0
5575,ssi,Accounting & Finance,72,0,1,-1,2021-07-27,1,1,1,2,999,60,11.0,11.0,1.0,1,0,1-25,0,1358.0
5576,ssi,Accounting & Finance,2,0,1,-1,2021-07-27,1,0,1,1,0,100,1.0,1.0,1.0,0,0,1-25,0,1358.0
5577,ssi,Accounting & Finance,2,0,1,-1,2021-07-27,1,0,1,1,0,100,1.0,1.0,1.0,0,0,1-25,0,1358.0
5578,Test Com,Accounting & Finance,2,0,1,1,2021-07-27,1,0,1,2,999,100,1.0,1.0,1.0,0,0,More than 1000,0,1358.0
5579,SSI,Accounting & Finance,2,0,1,1,2021-07-27,1,0,1,2,10,10000,1.0,1.0,1.0,1,0,26-100,0,1358.0
5580,Test Company,Accounting & Finance,2,0,1,1,2021-07-27,1,0,1,2,1,10000,1.0,1.0,1.0,1,0,26-100,0,1358.0
5581,JOBMA,Accounting & Finance,2,0,1,1,2021-07-29,1,1,1,2,15,10000,1.0,1.0,1.0,1,0,26-100,0,1356.0
5582,JOBMA,Accounting & Finance,2,0,1,0,2021-07-29,1,0,1,1,0,100,1.0,1.0,1.0,0,0,26-100,0,1356.0
5583,Test Company,Accounting & Finance,231,0,1,1,2021-07-29,1,0,1,2,1,"[""10000"",""100""]",0.0,0.0,1.0,1,0,101-500,0,1356.0
5584,Test,Accounting & Finance,73,0,1,1,2021-07-29,1,0,1,2,1,"[""10000"",""100""]",0.0,0.0,1.0,1,0,1-25,0,1356.0
5585,NBG,Accounting & Finance,2,0,1,1,2021-07-29,1,0,1,2,10,100,0.0,0.0,1.0,1,0,1-25,0,1356.0
5586,JOBMA,Accounting & Finance,2,0,1,0,2021-07-30,1,0,1,1,0,100,1.0,1.0,1.0,0,0,26-100,0,1355.0
5587,ssi,Accounting & Finance,2,0,1,1,2021-07-30,1,0,1,2,1,100,1.0,1.0,1.0,1,0,26-100,0,1355.0
5588,ssi,Accounting & Finance,2,0,1,0,2021-07-30,1,0,1,1,0,100,1.0,1.0,1.0,0,0,26-100,0,1355.0
5589,Pawan Intl,Accounting & Finance,231,0,1,1,2021-07-30,1,0,1,2,1,10000,1.0,1.0,1.0,1,0,1-25,0,1355.0
5590,ssi,Accounting & Finance,2,0,1,1,2021-07-30,1,0,1,2,1,10000,1.0,1.0,1.0,1,0,101-500,0,1355.0
5591,ssi,Accounting & Finance,73,0,1,1,2021-08-02,1,0,1,2,10,10000,1.0,1.0,1.0,1,0,26-100,0,1352.0
5592,fsf,Accounting & Finance,72,0,1,1,2021-08-02,1,0,1,2,10,10000,1.0,1.0,1.0,1,0,1-25,0,1352.0
5593,Jobma,Accounting & Finance,73,0,1,1,2021-08-02,1,0,1,2,1,10000,1.0,1.0,1.0,1,0,26-100,0,1352.0
5594,JOBMA,Accounting & Finance,72,0,1,1,2021-08-02,1,0,1,2,1,10000,1.0,1.0,1.0,1,0,26-100,0,1352.0
5595,Test Company,Accounting & Finance,2,0,1,0,2021-08-02,1,0,1,1,0,100,1.0,1.0,1.0,0,0,101-500,0,1352.0
5596,Test Company,Accounting & Finance,72,0,1,1,2021-08-02,1,0,1,2,10,10000,0.0,0.0,1.0,1,0,26-100,0,1352.0
5597,Test Company,Accounting & Finance,2,0,1,1,2021-08-02,1,0,1,2,1,10000,0.0,0.0,1.0,1,0,500-1000,0,1352.0
5598,Test Company,Accounting & Finance,72,0,1,1,2021-08-02,1,0,1,2,1,10000,1.0,1.0,1.0,1,0,101-500,0,1352.0
5599,Test Co Pvt Ltd,Accounting & Finance,2,0,1,1,2021-08-02,1,0,1,2,10,10000,0.0,0.0,1.0,1,0,500-1000,0,1352.0
5600,ssi,Accounting & Finance,3,0,1,1,2021-08-03,1,0,1,2,999,10000,1.0,1.0,1.0,1,0,More than 1000,0,1351.0
5605,ssi,Accounting & Finance,2,0,1,1,2021-08-03,1,0,1,2,1,10000,0.0,0.0,1.0,1,0,101-500,0,1351.0
5606,ssi,Accounting & Finance,74,5,1,1,2021-08-03,1,0,1,2,1,100,1.0,1.0,1.0,0,0,1-25,0,1351.0
5608,Test Co Pvt Ltd,Accounting & Finance,"3,4",0,1,1,2021-08-03,1,0,1,2,10,100,1.0,1.0,1.0,0,0,101-500,0,1351.0
5610,ssi,Accounting & Finance,74,3,1,0,2021-08-03,1,1,1,2,1,10000,1.0,1.0,1.0,1,0,1-25,0,1351.0
5612,ssi,Accounting & Finance,4,0,1,1,2021-08-04,1,0,1,2,1,10000,1.0,1.0,1.0,1,0,26-100,0,1350.0
5613,Jobma,Accounting & Finance,74,0,1,1,2021-08-04,1,1,1,2,13,10000,1.0,1.0,1.0,1,0,26-100,0,1350.0
5614,ssi,Accounting & Finance,72,0,1,0,2021-08-04,1,1,1,2,2,10000,0.0,0.0,1.0,1,0,101-500,0,1350.0
5615,ssi,Accounting & Finance,74,1,1,0,2021-08-04,1,0,1,2,1,100,1.0,1.0,1.0,1,0,1-25,0,1350.0
5616,ssi,Accounting & Finance,3,0,1,1,2021-08-04,1,0,1,2,1,10000,1.0,1.0,1.0,1,0,More than 1000,0,1350.0
5617,Jobma,Accounting & Finance,2,0,1,1,2021-08-04,1,0,1,2,1,10000,0.0,0.0,1.0,1,0,500-1000,0,1350.0
5619,Test International Company Pvt ok,Accounting & Finance,2,0,2,0,2021-08-05,1,0,1,1,0,100,1.0,1.0,1.0,0,0,500-1000,0,1349.0
5620,ssi,Accounting & Finance,3,0,1,1,2021-08-05,1,0,1,2,1,10000,1.0,1.0,1.0,1,0,101-500,0,1349.0
5621,ssi,Accounting & Finance,7,0,1,1,2021-08-05,1,0,1,2,1,10000,1.0,1.0,1.0,1,0,101-500,0,1349.0
5622,ssi,Accounting & Finance,73,1,1,0,2021-08-05,1,0,1,2,1,100,1.0,1.0,1.0,0,0,1-25,0,1349.0
5623,ssi,Accounting & Finance,74,1,1,1,2021-08-05,1,0,1,2,1,100,1.0,1.0,1.0,0,0,1-25,0,1349.0
5624,efsdfsdf,Accounting & Finance,73,1,1,1,2021-08-05,1,0,1,2,1,100,1.0,1.0,1.0,0,0,1-25,0,1349.0
5625,ssi,Accounting & Finance,73,1,1,1,2021-08-05,1,0,1,2,1,100,1.0,1.0,1.0,0,0,1-25,0,1349.0
5626,Jobma,Accounting & Finance,72,0,1,0,2021-08-05,1,0,1,2,1,10000,0.0,0.0,1.0,1,0,101-500,0,1349.0
5627,Jobma,Accounting & Finance,72,0,1,1,2021-08-05,1,0,1,2,1,10000,1.0,1.0,1.0,1,0,26-100,0,1349.0
5628,Jobma,Accounting & Finance,73,0,1,1,2021-08-05,1,0,1,2,1,10000,0.0,0.0,1.0,1,0,26-100,0,1349.0
5629,Test Co Pvt Ltd,Accounting & Finance,2,0,1,1,2021-08-05,1,0,1,2,1,10000,0.0,0.0,1.0,1,0,101-500,0,1349.0
5630,JOBMA,Accounting & Finance,72,0,1,1,2021-08-06,1,0,1,2,10,10000,1.0,1.0,1.0,1,0,26-100,0,1348.0
5631,ssi,Accounting & Finance,73,1,1,0,2021-08-06,1,0,1,2,999,10000,1.0,1.0,1.0,1,0,More than 1000,0,1348.0
5632,Test Company,Accounting & Finance,72,0,1,1,2021-08-09,1,0,1,2,10,10000,1.0,1.0,1.0,1,0,101-500,0,1345.0
5633,ssi,Accounting & Finance,2,0,1,0,2021-08-09,1,0,1,2,1,100,1.0,1.0,1.0,1,0,1-25,0,1345.0
5634,JOBMA,Accounting & Finance,231,0,1,1,2021-08-09,1,0,1,2,10,100,1.0,1.0,1.0,1,0,26-100,0,1345.0
5635,JOBMA,Accounting & Finance,2,0,1,1,2021-08-09,1,0,1,2,1,100,1.0,1.0,1.0,1,0,26-100,0,1345.0
5636,JOBMA,Accounting & Finance,2,0,1,0,2021-08-09,1,0,1,1,0,100,1.0,1.0,1.0,0,0,26-100,0,1345.0
5637,ssi,Accounting & Finance,2,0,1,0,2021-08-09,1,0,1,1,0,100,1.0,1.0,1.0,0,0,101-500,0,1345.0
5638,JOBMA,Accounting & Finance,72,0,1,1,2021-08-09,1,0,1,2,10,10000,1.0,1.0,1.0,1,0,26-100,0,1345.0
5639,Jobma,Accounting & Finance,3,0,1,1,2021-08-09,1,0,1,2,10,100,1.0,1.0,1.0,0,0,101-500,0,1345.0
5640,ssi,Accounting & Finance,2,0,1,0,2021-08-09,1,0,1,1,0,100,1.0,1.0,1.0,0,0,1-25,0,1345.0
5641,ssi,Accounting & Finance,2,0,1,1,2021-08-09,1,0,1,2,10,100,1.0,1.0,1.0,1,0,26-100,0,1345.0
5642,ssi,Accounting & Finance,2,0,1,0,2021-08-09,1,0,1,1,0,100,1.0,1.0,1.0,0,0,26-100,0,1345.0
5643,Jobma,Accounting & Finance,7,0,1,1,2021-08-09,1,0,1,2,10,100,1.0,1.0,1.0,0,0,101-500,0,1345.0
5644,select source international pvt ltd,Accounting & Finance,72,0,1,1,2021-08-10,1,0,1,2,10,100,1.0,1.0,1.0,1,0,26-100,0,1344.0
5645,ssi,Accounting & Finance,2,0,1,0,2021-08-10,1,0,1,1,0,100,1.0,1.0,1.0,0,0,26-100,0,1344.0
5646,Test Co. Pvt. Ltd.,Accounting & Finance,2,0,1,1,2021-08-10,1,1,1,1,11,100,1.0,2.0,1.0,0,0,26-100,0,1344.0
5647,select source international pvt ltd,Accounting & Finance,2,0,1,1,2021-08-10,1,0,1,2,10,100,1.0,1.0,1.0,1,0,101-500,0,1344.0
5648,Test Co. Pvt. Ltd.,Accounting & Finance,72,0,1,0,2021-08-10,1,1,1,2,2,60,1.0,1.0,1.0,1,0,101-500,0,1344.0
5649,ssi,Accounting & Finance,72,0,1,1,2021-08-10,1,0,1,2,1,10000,0.0,0.0,1.0,1,0,101-500,0,1344.0
5650,Test Co. Pvt. Ltd.,Accounting & Finance,2,0,1,0,2021-08-10,1,0,1,1,0,100,1.0,1.0,1.0,0,0,26-100,0,1344.0
5651,ssi,Accounting & Finance,72,0,1,1,2021-08-10,1,0,1,2,1,10000,0.0,0.0,1.0,1,0,26-100,0,1344.0
5652,ssi,Accounting & Finance,73,1,1,1,2021-08-10,1,0,1,2,1,100,1.0,1.0,1.0,0,0,500-1000,0,1344.0
5653,ssi,Accounting & Finance,2,0,1,0,2021-08-10,1,1,1,2,9,10000,1.0,1.0,1.0,1,0,26-100,0,1344.0
5654,ssi,Accounting & Finance,72,0,1,1,2021-08-10,1,0,1,2,1,100,1.0,1.0,1.0,1,0,101-500,0,1344.0
5655,Test,Accounting & Finance,2,1,1,1,2021-08-11,1,0,1,2,10,100,1.0,1.0,1.0,0,0,1-25,0,1343.0
5656,ssi,Accounting & Finance,2,0,1,0,2021-08-11,1,0,1,1,0,100,1.0,1.0,1.0,0,0,101-500,0,1343.0
5657,Test,Accounting & Finance,73,7,1,0,2021-08-11,1,0,1,2,1,100,1.0,1.0,1.0,0,0,1-25,0,1343.0
5658,Test,Accounting & Finance,2,0,1,1,2021-08-11,1,0,1,2,1,10000,1.0,1.0,1.0,1,0,1-25,0,1343.0
5661,JOBMA,Accounting & Finance,72,0,1,1,2021-08-12,1,0,1,2,1,100,1.0,1.0,1.0,1,0,26-100,0,1342.0
5662,dfdg,Accounting & Finance,72,0,1,1,2021-08-12,1,0,1,2,10,10000,1.0,1.0,1.0,1,0,26-100,0,1342.0
5663,mnm,Accounting & Finance,231,0,1,1,2021-08-13,1,0,1,2,10,10000,1.0,1.0,1.0,1,0,101-500,0,1341.0
5664,ghh,Accounting & Finance,72,0,1,1,2021-08-13,1,0,1,2,10,10000,1.0,1.0,1.0,1,0,26-100,0,1341.0
5665,SSI,Accounting & Finance,2,0,1,1,2021-08-16,1,0,1,2,1,10000,1.0,60.0,1.0,1,0,26-100,0,1338.0
5666,JOBMA,Accounting & Finance,2,0,1,1,2021-08-16,1,0,1,2,1,10000,1.0,1.0,1.0,1,0,26-100,0,1338.0
5667,Test company,Accounting & Finance,72,0,1,1,2021-08-16,1,0,1,2,1,10000,1.0,1.0,1.0,1,0,26-100,0,1338.0
5668,SSI,Accounting & Finance,2,0,1,0,2021-08-16,1,0,1,1,0,100,1.0,1.0,1.0,0,0,26-100,0,1338.0
5670,ssi,Accounting & Finance,2,0,1,1,2021-08-17,1,0,1,2,1,10000,1.0,1.0,1.0,1,0,26-100,0,1337.0
5672,Massachusetts Institute of Technology,Accounting & Finance,14,0,1,1,2021-08-18,1,0,1,2,1,100,1.0,1.0,1.0,0,0,500-1000,0,1336.0
5673,Aca,Accounting & Finance,53,0,1,0,2021-08-18,1,1,1,2,2,100,1.0,1.0,1.0,1,0,1-25,0,1336.0
5674,ssi,Accounting & Finance,2,0,1,0,2021-08-19,1,0,1,2,1,10000,1.0,1.0,1.0,1,0,101-500,0,1335.0
5676,ssi,Accounting & Finance,2,0,1,1,2021-08-19,1,0,1,1,0,100,1.0,1.0,1.0,0,0,26-100,0,1335.0
5677,Test Company,Accounting & Finance,72,0,1,1,2021-08-19,1,0,1,2,1,10000,0.0,0.0,1.0,1,0,1-25,0,1335.0
5678,SSI,Accounting & Finance,2,0,1,1,2021-08-19,1,0,1,2,1,10000,1.0,1.0,1.0,1,0,101-500,0,1335.0
5679,Jobma,Accounting & Finance,51,0,1,1,2021-08-19,1,1,1,2,12,10000,1.0,1.0,1.0,1,0,101-500,0,1335.0
5680,Jobma New Data12,Accounting & Finance,2,0,2,0,2021-08-20,1,0,1,1,0,100,1.0,1.0,1.0,0,0,500-1000,0,1334.0
5681,Jobma New Data12,Accounting & Finance,2,0,2,0,2021-08-20,1,0,1,1,0,100,1.0,1.0,1.0,0,0,500-1000,0,1334.0
5682,Jobma New Data12,Accounting & Finance,2,0,2,0,2021-08-20,1,0,1,1,0,100,1.0,1.0,1.0,0,0,500-1000,0,1334.0
5683,Jobma New Data12,Accounting & Finance,2,0,2,0,2021-08-20,1,0,1,1,0,100,1.0,1.0,1.0,0,0,500-1000,0,1334.0
5684,Test Co. Pvt. Ltd.,Accounting & Finance,2,0,1,0,2021-08-20,1,0,1,1,0,100,1.0,1.0,1.0,0,0,101-500,0,1334.0
5686,Jobma New Data12,Accounting & Finance,2,0,2,0,2021-08-20,1,0,1,1,0,100,1.0,1.0,1.0,0,0,500-1000,0,1334.0
5687,Test Co. Pvt. Ltd.,Accounting & Finance,2,0,1,0,2021-08-20,1,0,1,1,0,100,1.0,1.0,1.0,0,0,101-500,0,1334.0
5688,Jobma New Data12,Accounting & Finance,2,0,2,0,2021-08-20,1,0,1,1,0,100,1.0,1.0,1.0,0,0,500-1000,0,1334.0
5689,Jobma New Data12,Accounting & Finance,2,0,2,0,2021-08-20,1,0,1,1,0,100,1.0,1.0,1.0,0,0,500-1000,0,1334.0
5690,Jobma,Accounting & Finance,2,0,1,1,2021-08-20,1,0,1,2,1,100,1.0,1.0,1.0,1,0,26-100,0,1334.0
5691,Jobma,Accounting & Finance,2,0,1,0,2021-08-20,1,0,1,1,0,100,1.0,1.0,1.0,0,0,26-100,0,1334.0
5692,Jobma,Accounting & Finance,3,0,1,1,2021-08-20,1,1,1,2,1,100,1.0,1.0,1.0,0,0,500-1000,0,1334.0
5693,Jobma,Accounting & Finance,2,0,1,0,2021-08-20,1,0,1,1,0,100,1.0,1.0,1.0,0,0,500-1000,0,1334.0
5694,Test Company,Accounting & Finance,72,0,1,1,2021-08-20,1,0,1,2,10,10000,1.0,1.0,1.0,1,0,1-25,0,1334.0
5695,ssi,Accounting & Finance,"3,4",0,1,1,2021-08-20,1,0,1,2,999,100,1.0,1.0,1.0,0,0,101-500,0,1334.0
5699,dd,Accounting & Finance,1,0,1,1,2021-08-23,1,0,1,2,10,10000,1.0,1.0,1.0,1,0,1-25,0,1331.0
5701,ssi,Accounting & Finance,3,0,1,1,2021-08-23,1,0,1,2,999,100,1.0,1.0,1.0,0,0,26-100,0,1331.0
5702,ssi,Accounting & Finance,3,0,1,1,2021-08-23,1,0,1,2,1,100,1.0,1.0,1.0,0,0,500-1000,0,1331.0
5703,ssi,Accounting & Finance,3,0,1,1,2021-08-23,1,1,1,2,2,100,1.0,1.0,1.0,0,0,26-100,0,1331.0
5704,Test,Accounting & Finance,2,0,1,1,2021-08-23,1,0,1,2,1,100,1.0,1.0,1.0,0,0,500-1000,0,1331.0
5705,Jobma,Accounting & Finance,3,0,1,1,2021-08-23,1,0,1,2,10,10000,1.0,1.0,1.0,1,0,26-100,0,1331.0
5706,ssi,Accounting & Finance,2,0,1,0,2021-08-25,1,0,1,2,1,10000,1.0,1.0,1.0,1,0,1-25,0,1329.0
5707,ssi,Accounting & Finance,2,0,1,0,2021-08-25,1,0,1,1,0,100,1.0,1.0,1.0,0,0,1-25,0,1329.0
5708,test com,Accounting & Finance,72,0,1,1,2021-08-26,1,0,1,2,10,10000,1.0,1.0,1.0,1,0,1-25,0,1328.0
5709,Test Company Private Limited,Accounting & Finance,2,0,1,1,2021-08-26,1,0,1,2,999,10000,1.0,1.0,1.0,1,0,500-1000,0,1328.0
5710,test com,Accounting & Finance,72,0,1,1,2021-08-26,1,0,1,2,1,100,1.0,1.0,1.0,0,0,1-25,0,1328.0
5711,Pawan Intl,Accounting & Finance,231,0,1,1,2021-08-26,1,0,1,2,1,10000,0.0,0.0,1.0,1,0,1-25,0,1328.0
5712,test,Accounting & Finance,2,0,1,1,2021-08-27,1,0,1,2,1,10000,1.0,1.0,1.0,1,0,101-500,0,1327.0
5713,ssi,Accounting & Finance,2,0,1,1,2021-08-27,1,0,1,2,1,10000,1.0,1.0,1.0,1,0,26-100,0,1327.0
5714,ssi,Accounting & Finance,73,0,1,1,2021-08-27,1,0,1,2,1,10000,1.0,1.0,1.0,1,0,26-100,0,1327.0
5715,ssi,Accounting & Finance,72,0,1,1,2021-08-27,1,0,1,2,1,10000,1.0,1.0,1.0,1,0,1-25,0,1327.0
5716,test,Accounting & Finance,231,0,1,1,2021-08-27,1,0,1,2,1,10000,1.0,1.0,1.0,1,0,1-25,0,1327.0
5717,dd,Accounting & Finance,231,0,1,1,2021-08-27,1,0,1,2,1,10000,1.0,1.0,1.0,1,0,1-25,0,1327.0
5718,dd,Accounting & Finance,72,0,1,1,2021-08-27,1,0,1,2,1,10000,1.0,1.0,1.0,1,0,1-25,0,1327.0
5719,ssi,Accounting & Finance,72,0,1,1,2021-08-27,1,0,1,2,1,10000,1.0,1.0,1.0,1,0,101-500,0,1327.0
5720,ssi,Accounting & Finance,2,0,1,1,2021-08-27,1,0,1,2,1,100,1.0,1.0,1.0,1,0,26-100,0,1327.0
5721,dd,Accounting & Finance,231,0,1,1,2021-08-27,1,0,1,2,1,10000,1.0,1.0,1.0,1,0,1-25,0,1327.0
5722,select source intenational pvt ltd,Accounting & Finance,73,0,1,1,2021-08-27,1,1,1,2,6,10000,1.0,1.0,1.0,1,0,101-500,0,1327.0
5723,select source intenational pvt ltd,Accounting & Finance,2,0,1,0,2021-08-27,1,0,1,1,0,100,1.0,1.0,1.0,0,0,101-500,0,1327.0
5724,ssi,Accounting & Finance,2,0,1,0,2021-08-27,1,0,1,1,0,100,1.0,1.0,1.0,0,0,101-500,0,1327.0
5725,Test Co Pvt Ltd,Accounting & Finance,3,0,1,1,2021-08-30,1,1,1,2,1,100,1.0,1.0,1.0,0,0,101-500,0,1324.0
5727,Test Co Pvt Ltd,Accounting & Finance,2,0,1,0,2021-08-30,1,0,1,1,0,100,1.0,1.0,1.0,0,0,101-500,0,1324.0
5728,Test Co Pvt Ltd,Accounting & Finance,2,0,1,0,2021-08-30,1,0,1,1,0,100,1.0,1.0,1.0,0,0,101-500,0,1324.0
5729,Test Co Pvt Ltd,Accounting & Finance,2,0,1,0,2021-08-30,1,0,1,1,0,100,1.0,1.0,1.0,0,0,101-500,0,1324.0
5730,Test Company,Accounting & Finance,2,0,1,0,2021-08-30,1,0,1,1,0,100,1.0,1.0,1.0,0,0,1-25,0,1324.0
5731,Test Company,Accounting & Finance,2,0,1,0,2021-08-30,1,0,1,1,0,100,1.0,1.0,1.0,0,0,1-25,0,1324.0
5732,test com,Accounting & Finance,2,0,1,0,2021-08-30,1,0,1,1,0,100,1.0,1.0,1.0,0,0,1-25,0,1324.0
5733,test com,Accounting & Finance,2,0,1,0,2021-08-30,1,0,1,1,0,100,1.0,1.0,1.0,0,0,1-25,0,1324.0
5736,ssi,Accounting & Finance,2,0,2,0,2021-08-31,1,0,1,1,0,100,1.0,1.0,1.0,0,0,26-100,0,1323.0
5737,Test Company,Accounting & Finance,2,0,1,1,2021-08-31,1,1,1,1,1,100,1.0,1.0,1.0,0,0,500-1000,0,1323.0
5738,Achme,Accounting & Finance,2,0,1,0,2021-08-31,1,0,1,1,0,100,1.0,1.0,1.0,0,0,101-500,0,1323.0
5739,Test Company,Accounting & Finance,2,0,1,0,2021-08-31,1,0,1,1,0,100,1.0,1.0,1.0,0,0,500-1000,0,1323.0
5740,Test Company,Accounting & Finance,2,0,1,0,2021-08-31,1,0,1,1,0,100,1.0,1.0,1.0,0,0,500-1000,0,1323.0
5741,select source international private limited,Accounting & Finance,72,0,1,0,2021-09-01,1,1,1,1,3,60,1.0,1.0,1.0,1,0,26-100,0,1322.0
5742,select source intenational pvt ltd,Accounting & Finance,2,0,1,0,2021-09-01,1,0,1,1,0,100,1.0,1.0,1.0,0,0,101-500,0,1322.0
5743,select source intenational pvt ltd,Accounting & Finance,2,0,1,0,2021-09-01,1,0,1,1,0,100,1.0,1.0,1.0,0,0,101-500,0,1322.0
5744,select source intenational pvt ltd,Accounting & Finance,2,0,1,0,2021-09-01,1,0,1,1,0,100,1.0,1.0,1.0,0,0,101-500,0,1322.0
5745,select source intenational pvt ltd,Accounting & Finance,2,0,1,0,2021-09-01,1,0,1,1,0,100,1.0,1.0,1.0,0,0,101-500,0,1322.0
5746,select source international private limited,Accounting & Finance,2,0,1,0,2021-09-01,1,0,1,1,0,100,1.0,1.0,1.0,0,0,26-100,0,1322.0
5747,select source international private limited,Accounting & Finance,2,0,1,0,2021-09-01,1,0,1,1,0,100,1.0,1.0,1.0,0,0,26-100,0,1322.0
5748,Test International,Accounting & Finance,"72,2,73",0,1,1,2021-09-02,1,0,1,2,1,10000,1.0,1.0,1.0,1,0,26-100,0,1321.0
5749,ssi,Accounting & Finance,2,0,2,0,2021-09-03,1,0,1,1,0,100,1.0,1.0,1.0,0,0,26-100,0,1320.0
5750,select source international pvt ltd,Accounting & Finance,2,0,1,1,2021-09-06,1,0,1,2,1,10000,1.0,1.0,1.0,1,0,1-25,0,1317.0
5751,ssi,Accounting & Finance,72,0,1,1,2021-09-06,1,0,1,2,10,100,1.0,1.0,1.0,1,0,26-100,0,1317.0
5752,Test Comp,Accounting & Finance,72,0,1,1,2021-09-06,1,0,1,1,1,10000,1.0,1.0,1.0,1,0,1-25,0,1317.0
5753,Test Comp,Accounting & Finance,2,0,1,0,2021-09-06,1,0,1,1,0,100,1.0,1.0,1.0,0,0,1-25,0,1317.0
5754,Test International Company Pvt ok,Accounting & Finance,2,0,2,0,2021-09-06,1,0,1,1,0,100,1.0,1.0,1.0,0,0,500-1000,0,1317.0
5755,ssi,Accounting & Finance,2,0,1,1,2021-09-08,1,0,1,2,1,100,1.0,1.0,1.0,1,0,1-25,0,1315.0
5756,select source international private limited,Accounting & Finance,2,0,1,1,2021-09-13,1,0,1,2,1,10000,1.0,1.0,1.0,1,0,26-100,0,1310.0
5757,select source international private limited,Accounting & Finance,2,0,1,0,2021-09-13,1,0,1,1,0,100,1.0,1.0,1.0,0,0,26-100,0,1310.0
5758,Test Company,Accounting & Finance,4,0,1,1,2021-09-13,1,0,1,2,999,100,1.0,1.0,1.0,0,0,500-1000,0,1310.0
5759,Comanny pvt ltd,Accounting & Finance,3,0,1,0,2021-09-14,1,0,1,2,10,100,1.0,1.0,1.0,0,0,26-100,0,1309.0
5760,Comanny pvt ltd,Accounting & Finance,2,0,1,0,2021-09-14,1,0,1,1,0,100,1.0,1.0,1.0,0,0,26-100,0,1309.0
5761,Test Com,Accounting & Finance,231,0,1,1,2021-09-14,1,0,1,2,10,100,1.0,1.0,1.0,1,0,1-25,0,1309.0
5762,Test Com,Accounting & Finance,2,0,1,0,2021-09-14,1,0,1,1,0,100,1.0,1.0,1.0,0,0,1-25,0,1309.0
5763,Achme,Accounting & Finance,2,0,1,0,2021-09-14,1,0,1,1,0,100,1.0,1.0,1.0,0,0,101-500,0,1309.0
5764,DGL,Accounting & Finance,73,0,1,1,2021-09-15,1,0,1,2,1,100,1.0,1.0,1.0,1,0,1-25,0,1308.0
5765,ssi,Accounting & Finance,2,0,1,1,2021-09-15,1,0,1,1,10,100,1.0,1.0,1.0,1,0,26-100,0,1308.0
5766,Test Company,Accounting & Finance,"72,2,73",0,1,0,2021-09-15,1,1,1,1,999,10000,1.0,1.0,1.0,1,0,101-500,0,1308.0
5767,Test Company,Accounting & Finance,2,0,1,0,2021-09-15,1,0,1,1,0,100,1.0,1.0,1.0,0,0,101-500,0,1308.0
5768,helloo,Accounting & Finance,2,0,1,1,2021-09-15,1,1,1,2,10,10000,1.0,1.0,1.0,1,0,26-100,0,1308.0
5769,helloo,Accounting & Finance,2,0,1,0,2021-09-15,1,0,1,1,0,100,1.0,1.0,1.0,0,0,26-100,0,1308.0
5770,ssi,Accounting & Finance,2,0,1,0,2021-09-15,1,0,1,1,0,100,1.0,1.0,1.0,0,0,26-100,0,1308.0
5771,ssi,Accounting & Finance,72,0,1,1,2021-09-15,1,0,1,1,1,100,1.0,1.0,1.0,1,0,1-25,0,1308.0
5772,ssi,Accounting & Finance,2,0,1,0,2021-09-15,1,0,1,1,0,100,1.0,1.0,1.0,0,0,1-25,0,1308.0
5773,Test Company,Accounting & Finance,72,0,1,1,2021-09-15,1,0,1,2,10,10000,1.0,1.0,1.0,1,0,26-100,0,1308.0
5774,Test Company,Accounting & Finance,72,0,1,1,2021-09-15,1,0,1,2,1,10000,1.0,1.0,1.0,1,0,1-25,0,1308.0
5775,Test Company,Accounting & Finance,2,0,1,0,2021-09-15,1,0,1,1,999,10000,1.0,1.0,1.0,1,0,500-1000,0,1308.0
5776,ssi,Accounting & Finance,3,0,1,0,2021-09-16,1,0,1,2,10,60,1.0,1.0,1.0,1,0,1-25,0,1307.0
5777,Test Company,Accounting & Finance,72,0,1,1,2021-09-16,1,0,1,2,10,10000,1.0,1.0,1.0,1,0,26-100,0,1307.0
5778,Test Company Private Limited,Accounting & Finance,2,0,1,1,2021-09-16,1,0,1,1,999,10000,1.0,1.0,1.0,1,0,500-1000,0,1307.0
5779,Test,Accounting & Finance,2,0,1,1,2021-09-16,1,0,1,2,999,100,1.0,1.0,1.0,0,0,500-1000,0,1307.0
5780,test,Accounting & Finance,3,0,1,1,2021-09-16,1,0,1,1,999,10000,1.0,1.0,1.0,1,0,500-1000,0,1307.0
5781,Test Company,Accounting & Finance,3,0,1,0,2021-09-16,1,0,1,2,999,100,1.0,1.0,1.0,0,0,101-500,0,1307.0
5782,DGL,Accounting & Finance,2,0,1,1,2021-09-17,1,0,1,2,1,100,1.0,1.0,1.0,1,0,26-100,0,1306.0
5783,ssi,Accounting & Finance,"2,73",0,1,1,2021-09-20,1,0,1,2,1,100,1.0,1.0,1.0,1,0,26-100,0,1303.0
5784,Test Company,Accounting & Finance,2,0,1,1,2021-09-21,1,0,1,2,999,10000,0.0,0.0,1.0,1,0,26-100,0,1302.0
5785,ssssssdddd,Accounting & Finance,231,0,1,1,2021-09-21,1,0,1,2,999,10000,0.0,0.0,1.0,1,0,1-25,0,1302.0
5786,jobma,Accounting & Finance,72,0,1,1,2021-09-21,1,0,1,2,10,10000,1.0,1.0,1.0,1,0,26-100,0,1302.0
5787,ssssssdddd,Accounting & Finance,231,0,1,1,2021-09-21,1,0,1,2,999,10000,0.0,0.0,1.0,1,0,1-25,0,1302.0
5788,text,Accounting & Finance,231,0,1,1,2021-09-21,1,0,1,2,999,100,1.0,1.0,1.0,0,0,1-25,0,1302.0
5789,Test company,Accounting & Finance,2,0,1,1,2021-09-21,1,0,1,2,999,10000,0.0,0.0,1.0,1,0,101-500,0,1302.0
5790,dd,Accounting & Finance,231,0,1,1,2021-09-21,1,0,1,2,999,10000,0.0,0.0,1.0,1,0,1-25,0,1302.0
5791,dd,Accounting & Finance,1,0,1,1,2021-09-21,1,0,1,2,999,10000,0.0,0.0,1.0,1,0,1-25,0,1302.0
5792,text,Accounting & Finance,231,0,1,0,2021-09-21,1,0,1,2,1,60,0.0,0.0,1.0,1,0,1-25,0,1302.0
5793,Test Company,Accounting & Finance,2,0,1,1,2021-09-22,1,0,1,2,999,10000,0.0,0.0,1.0,1,0,26-100,0,1301.0
5794,New Jazz HRing,Accounting & Finance,231,0,1,1,2021-09-22,1,0,1,2,999,100,1.0,1.0,1.0,0,0,1-25,0,1301.0
5795,ssssssdddd,Accounting & Finance,231,0,1,1,2021-09-22,1,0,1,2,999,100,1.0,1.0,1.0,0,0,1-25,0,1301.0
5796,Test Company,Accounting & Finance,3,0,1,1,2021-09-22,1,0,1,1,999,10000,1.0,1.0,1.0,1,0,500-1000,0,1301.0
5797,Test Company,Accounting & Finance,2,0,1,0,2021-09-23,1,0,1,1,0,100,1.0,1.0,1.0,0,0,500-1000,0,1300.0
5798,Test Company,Accounting & Finance,3,0,1,1,2021-09-27,1,0,1,2,1,100,1.0,1.0,1.0,0,0,More than 1000,0,1296.0
5799,Achme,Accounting & Finance,2,0,1,0,2021-09-28,1,0,1,1,0,100,1.0,1.0,1.0,0,0,101-500,0,1295.0
5800,jobma,Accounting & Finance,72,0,1,0,2021-09-28,1,1,1,1,12,100,1.0,3.0,1.0,1,0,26-100,0,1295.0
5801,ssi,Accounting & Finance,2,0,1,1,2021-09-28,1,1,1,2,10,10000,1.0,1.0,1.0,1,0,26-100,0,1295.0
5802,ssi,Accounting & Finance,2,0,1,0,2021-09-28,1,0,1,1,0,100,1.0,1.0,1.0,0,0,26-100,0,1295.0
5803,ssi,Accounting & Finance,2,0,1,0,2021-09-29,1,0,1,1,0,100,1.0,1.0,1.0,0,0,26-100,0,1294.0
5804,jobma,Accounting & Finance,2,0,1,0,2021-09-30,1,0,1,1,0,100,1.0,1.0,1.0,0,0,26-100,0,1293.0
5805,abc,Accounting & Finance,2,0,1,0,2021-09-30,1,0,1,2,999,100,1.0,1.0,1.0,0,0,26-100,0,1293.0
5806,ssi,Accounting & Finance,73,1,1,1,2021-09-30,1,0,1,2,1,10000,1.0,1.0,1.0,1,0,More than 1000,0,1293.0
5807,ssi,Accounting & Finance,73,1,1,1,2021-09-30,1,0,1,2,1,10000,1.0,1.0,1.0,1,0,1-25,0,1293.0
5808,ssi,Accounting & Finance,2,0,1,0,2021-09-30,1,0,1,1,0,100,1.0,1.0,1.0,0,0,1-25,0,1293.0
5809,test com,Accounting & Finance,2,0,1,1,2021-09-30,1,0,1,1,10,100,1.0,1.0,1.0,0,0,1-25,0,1293.0
5810,WSws,Accounting & Finance,73,1,1,1,2021-09-30,1,0,1,1,10,100,1.0,1.0,1.0,0,0,1-25,0,1293.0
5811,WSws,Accounting & Finance,73,1,1,1,2021-09-30,1,0,1,1,10,100,1.0,1.0,1.0,0,0,1-25,0,1293.0
5812,ssi,Accounting & Finance,231,0,1,1,2021-10-01,1,0,1,2,1,10000,1.0,1.0,1.0,1,0,1-25,0,1292.0
5813,R&R traders,Accounting & Finance,72,0,1,1,2021-10-01,1,0,1,2,1,100,1.0,1.0,1.0,1,0,26-100,0,1292.0
5814,Pion,Accounting & Finance,72,0,1,1,2021-10-01,1,1,1,1,18,10000,1.0,1.0,1.0,1,0,101-500,0,1292.0
5815,R&R traders,Accounting & Finance,72,0,1,1,2021-10-01,1,0,1,2,999,100,1.0,1.0,1.0,1,0,1-25,0,1292.0
5816,test,Accounting & Finance,2,0,1,0,2021-10-01,1,0,1,1,0,100,1.0,1.0,1.0,0,0,500-1000,0,1292.0
5817,R&R traders,Accounting & Finance,231,0,1,1,2021-10-01,1,0,1,2,1,100,1.0,1.0,1.0,1,0,More than 1000,0,1292.0
5818,Pioneer,Accounting & Finance,2,0,1,0,2021-10-01,1,0,1,1,0,100,1.0,1.0,1.0,0,0,101-500,0,1292.0
5819,ssi,Accounting & Finance,2,0,1,1,2021-10-04,1,0,1,2,1,10000,0.0,0.0,1.0,1,0,26-100,0,1289.0
5820,ssi,Accounting & Finance,2,0,1,1,2021-10-04,1,0,1,2,1,10000,0.0,0.0,1.0,1,0,101-500,0,1289.0
5821,ssi,Accounting & Finance,3,0,1,1,2021-10-04,1,0,1,2,999,10000,1.0,1.0,1.0,1,0,More than 1000,0,1289.0
5822,ssi,Accounting & Finance,72,0,1,1,2021-10-04,1,0,1,2,1,10000,1.0,1.0,1.0,1,0,1-25,0,1289.0
5823,data dyamx,Accounting & Finance,78,0,2,1,2021-10-04,1,1,1,2,3,10000,1.0,1.0,1.0,1,0,1-25,0,1289.0
5824,adlas,Accounting & Finance,72,0,1,1,2021-10-04,1,0,1,2,10,100,1.0,1.0,1.0,1,0,26-100,0,1289.0
5826,ssi,Accounting & Finance,2,0,1,0,2021-10-05,1,0,1,1,0,100,1.0,1.0,1.0,0,0,1-25,0,1288.0
5827,data dyamx,Accounting & Finance,2,0,1,0,2021-10-05,1,0,1,1,0,100,1.0,1.0,1.0,0,0,1-25,0,1288.0
5828,Test Com ok,Accounting & Finance,72,0,1,1,2021-10-08,1,0,1,2,1,10000,1.0,1.0,1.0,0,0,26-100,0,1285.0
5829,Jobma,Accounting & Finance,72,0,1,1,2021-10-08,1,0,1,2,1,10000,1.0,1.0,1.0,1,0,26-100,0,1285.0
5830,ssi,Accounting & Finance,2,0,1,0,2021-10-19,1,0,1,1,0,100,1.0,1.0,1.0,0,0,26-100,0,1274.0
5831,Jobma,Accounting & Finance,72,0,1,1,2021-10-20,1,0,1,2,1,10000,1.0,1.0,1.0,1,0,26-100,0,1273.0
5832,Achme,Accounting & Finance,2,0,1,0,2021-10-20,1,0,1,1,0,100,1.0,1.0,1.0,0,0,101-500,0,1273.0
5833,Jobma,Accounting & Finance,2,0,1,0,2021-10-20,1,0,1,1,0,100,1.0,1.0,1.0,0,0,26-100,0,1273.0
5834,Freshteam,Accounting & Finance,23,0,1,0,2021-10-25,1,0,1,2,999,100,1.0,1.0,1.0,1,0,101-500,0,1268.0
5835,Test Company,Accounting & Finance,2,0,1,0,2021-11-09,1,0,1,1,0,100,1.0,1.0,1.0,0,0,More than 1000,0,1253.0
5836,ssi,Accounting & Finance,2,0,1,0,2021-11-12,1,0,1,1,0,100,1.0,1.0,1.0,0,0,26-100,0,1250.0
5837,ssi,Accounting & Finance,78,0,1,1,2021-11-12,1,1,1,2,26,100,1.0,1.0,1.0,1,0,1-25,0,1250.0
5838,Jobma,Accounting & Finance,3,0,1,1,2021-11-12,1,0,1,2,999,10000,1.0,1.0,1.0,1,0,101-500,0,1250.0
5839,jobma,Accounting & Finance,72,0,1,1,2021-11-15,1,1,1,1,5,10000,1.0,1.0,1.0,1,0,26-100,0,1247.0
5840,SSI,Accounting & Finance,72,0,1,1,2021-11-16,1,0,1,2,1,100,1.0,1.0,1.0,1,0,26-100,0,1246.0
5841,SSI,Accounting & Finance,72,0,1,1,2021-11-16,1,0,1,2,1,100,1.0,1.0,1.0,1,0,1-25,0,1246.0
5842,Jobma,Accounting & Finance,23,0,1,1,2021-11-16,1,0,1,2,1,100,1.0,1.0,1.0,1,0,101-500,0,1246.0
5843,jobma,Accounting & Finance,23,0,1,1,2021-11-16,1,0,1,2,1,100,1.0,1.0,1.0,1,0,500-1000,0,1246.0
5844,Jobma,Accounting & Finance,23,0,1,1,2021-11-16,1,0,1,2,10,100,1.0,1.0,1.0,1,0,500-1000,0,1246.0
5845,jobma,Accounting & Finance,23,0,1,1,2021-11-16,1,1,1,2,113,100,1.0,1.0,1.0,1,0,500-1000,0,1246.0
5846,Jobma,Accounting & Finance,3,0,1,1,2021-11-16,1,0,1,2,999,100,1.0,1.0,1.0,0,0,26-100,0,1246.0
5849,Jobma,Accounting & Finance,2,0,1,1,2021-11-17,1,0,1,2,10,10000,1.0,1.0,1.0,1,0,26-100,0,1245.0
5850,ggjgj,Accounting & Finance,2,0,1,1,2021-11-17,1,0,1,2,1,10000,1.0,1.0,1.0,1,0,1-25,0,1245.0
5851,jobma,Accounting & Finance,3,0,1,1,2021-11-17,1,0,1,2,10,100,1.0,1.0,1.0,0,0,101-500,0,1245.0
5852,sala,Accounting & Finance,72,0,1,1,2021-11-17,1,0,1,2,1,100,1.0,1.0,1.0,1,0,1-25,0,1245.0
5853,jobma,Accounting & Finance,3,0,1,1,2021-11-17,1,0,1,2,10,100,1.0,1.0,1.0,0,0,1-25,0,1245.0
5854,asas,Accounting & Finance,2,0,1,1,2021-11-18,1,1,1,1,3,100,1.0,1.0,1.0,0,0,101-500,0,1244.0
5855,ssi,Accounting & Finance,2,0,1,0,2021-11-23,1,0,1,1,0,100,1.0,1.0,1.0,0,0,26-100,0,1239.0
5856,Tyyyyuu,Accounting & Finance,72,0,1,1,2021-11-24,1,1,1,2,1,10000,1.0,1.0,1.0,1,0,26-100,0,1238.0
5857,abc,Accounting & Finance,72,0,1,1,2021-11-24,1,0,1,2,1,10000,1.0,1.0,1.0,1,0,26-100,0,1238.0
5858,mhjhkh,Accounting & Finance,72,0,1,1,2021-11-25,1,0,1,2,10,10000,1.0,1.0,1.0,1,0,1-25,0,1237.0
5859,JOBMA,Accounting & Finance,231,0,1,1,2021-11-29,1,0,1,2,1,100,1.0,1.0,1.0,1,0,26-100,0,1233.0
5860,Test Company,Accounting & Finance,2,0,1,0,2021-11-30,1,0,1,1,0,100,1.0,1.0,1.0,0,0,26-100,0,1232.0
5861,Test Com,Accounting & Finance,2,0,1,0,2021-11-30,1,0,1,1,0,100,1.0,1.0,1.0,0,0,26-100,0,1232.0
5862,Test Company,Accounting & Finance,2,0,1,0,2021-11-30,1,0,1,1,0,100,1.0,1.0,1.0,0,0,26-100,0,1232.0
5864,Test Company,Accounting & Finance,2,0,1,0,2021-12-01,1,0,1,1,0,100,1.0,1.0,1.0,0,0,26-100,0,1231.0
5865,Jobma,Accounting & Finance,2,0,1,0,2021-12-02,1,0,1,1,0,100,1.0,1.0,1.0,0,0,500-1000,0,1230.0
5866,Test company,Accounting & Finance,2,0,1,0,2021-12-02,1,0,1,1,0,100,1.0,1.0,1.0,0,0,26-100,0,1230.0
5868,abc,Accounting & Finance,72,0,1,1,2021-12-06,1,1,1,1,14,10000,1.0,1.0,1.0,1,0,1-25,0,1226.0
5869,abc,Accounting & Finance,2,0,1,0,2021-12-06,1,0,1,1,0,100,1.0,1.0,1.0,0,0,1-25,0,1226.0
5870,abc,Accounting & Finance,2,0,1,0,2021-12-07,1,0,1,1,0,100,1.0,1.0,1.0,0,0,1-25,0,1225.0
5871,abc,Accounting & Finance,2,0,1,0,2021-12-07,1,0,1,1,0,100,1.0,1.0,1.0,0,0,1-25,0,1225.0
5872,abc,Accounting & Finance,2,0,1,0,2021-12-07,1,0,1,1,0,100,1.0,1.0,1.0,0,0,1-25,0,1225.0
5874,Ssi,Accounting & Finance,73,0,2,0,2021-12-08,1,1,1,1,19,10000,1.0,1.0,1.0,0,0,26-100,0,1224.0
5875,Abhi solutions,Accounting & Finance,76,0,1,1,2021-12-09,1,1,1,2,2,10000,1.0,1.0,1.0,1,0,1-25,0,1223.0
5876,Abhi solutions,Accounting & Finance,2,0,1,0,2021-12-09,1,0,1,1,0,100,1.0,1.0,1.0,0,0,1-25,0,1223.0
5877,Test Company,Accounting & Finance,2,0,1,1,2021-12-09,1,0,1,2,1,100,1.0,1.0,1.0,1,0,26-100,0,1223.0
5878,zzz,Accounting & Finance,73,0,1,1,2021-12-09,1,0,1,2,1,10000,1.0,1.0,1.0,1,0,101-500,0,1223.0
5879,zzz,Accounting & Finance,2,0,1,0,2021-12-09,1,0,1,1,0,100,1.0,1.0,1.0,0,0,101-500,0,1223.0
5880,Test Company Pvt Ltd,Accounting & Finance,2,0,1,1,2021-12-09,1,0,1,2,10,10000,1.0,1.0,1.0,1,0,26-100,0,1223.0
5881,Test Company Pvt Ltd,Accounting & Finance,2,0,1,0,2021-12-09,1,0,1,1,0,100,1.0,1.0,1.0,0,0,26-100,0,1223.0
5882,Abhi solutions,Accounting & Finance,2,0,1,0,2021-12-10,1,0,1,1,0,100,1.0,1.0,1.0,0,0,1-25,0,1222.0
5883,Test Company Pvt Ltd,Accounting & Finance,2,0,1,1,2021-12-10,1,0,1,2,1,10000,1.0,1.0,1.0,1,0,101-500,0,1222.0
5884,Test Company Pvt Ltd,Accounting & Finance,2,0,1,0,2021-12-10,1,0,1,1,0,100,1.0,1.0,1.0,0,0,101-500,0,1222.0
5885,aman,Accounting & Finance,2,0,1,1,2021-12-10,1,0,1,2,10,10000,1.0,1.0,1.0,1,0,500-1000,0,1222.0
5886,Eco,Accounting & Finance,74,0,1,1,2021-12-14,1,0,1,2,10,10000,1.0,1.0,1.0,1,0,26-100,0,1218.0
5887,Test Company okay ok,Accounting & Finance,2,0,1,1,2021-12-14,1,0,1,2,10,10000,1.0,2.0,1.0,0,0,1-25,0,1218.0
5888,aman,Accounting & Finance,2,0,1,0,2021-12-15,1,0,1,1,0,100,1.0,1.0,1.0,0,0,500-1000,0,1217.0
5890,Test Company,Accounting & Finance,2,0,1,0,2021-12-15,1,0,1,1,0,100,1.0,1.0,1.0,0,0,1-25,0,1217.0
5891,abhishek,Accounting & Finance,72,0,1,1,2021-12-16,1,0,1,2,1,100,1.0,1.0,1.0,1,0,26-100,0,1216.0
5892,abc,Accounting & Finance,2,0,1,1,2021-12-17,1,0,1,2,1,100,1.0,1.0,1.0,1,0,26-100,0,1215.0
5893,anc,Accounting & Finance,2,0,1,1,2021-12-17,1,0,1,2,10,100,1.0,1.0,1.0,1,0,1-25,0,1215.0
5894,asdad,Accounting & Finance,72,0,1,1,2021-12-23,1,0,1,2,1,100,1.0,1.0,1.0,1,0,1-25,0,1209.0
5895,Pioneer,Accounting & Finance,72,0,1,1,2021-12-27,1,0,1,2,1,10000,1.0,1.0,1.0,1,0,26-100,0,1205.0
5896,Jk,Accounting & Finance,231,0,1,1,2021-12-27,1,0,1,2,10,10000,1.0,1.0,1.0,1,0,26-100,0,1205.0
5897,Test Company Pvt Ltd,Accounting & Finance,2,0,1,1,2021-12-27,1,0,1,2,1,10000,1.0,1.0,1.0,1,0,101-500,0,1205.0
5898,Optum,Accounting & Finance,76,0,1,0,2021-12-27,1,1,1,2,14,10000,1.0,2.0,1.0,0,0,26-100,0,1205.0
5899,Testing pvt ltd,Accounting & Finance,231,0,1,1,2021-12-27,1,0,1,2,10,10000,1.0,1.0,1.0,1,0,26-100,0,1205.0
5900,Test Company,Accounting & Finance,72,0,1,1,2021-12-28,1,0,1,2,10,10000,1.0,1.0,1.0,1,0,1-25,0,1204.0
5901,Test Company,Accounting & Finance,2,0,1,0,2021-12-28,1,1,1,2,1,100,1.0,2.0,1.0,0,0,1-25,0,1204.0
5902,Test Company,Accounting & Finance,2,0,1,0,2021-12-28,1,0,1,1,0,100,1.0,1.0,1.0,0,0,1-25,0,1204.0
5903,Jobma,Accounting & Finance,72,0,1,1,2021-12-28,1,1,1,2,10,100,1.0,1.0,1.0,1,0,26-100,0,1204.0
5904,Testing pvt ltd,Accounting & Finance,231,0,1,1,2021-12-28,1,0,1,2,10,10000,1.0,1.0,1.0,1,0,26-100,0,1204.0
5905,Jobma,Accounting & Finance,72,0,1,0,2021-12-28,1,1,1,1,2,10000,1.0,1.0,1.0,1,0,26-100,0,1204.0
5906,Jobma,Accounting & Finance,2,0,1,0,2021-12-29,1,0,1,1,0,100,1.0,1.0,1.0,0,0,26-100,0,1203.0
5907,Test International Company Pvt ok,Accounting & Finance,2,0,2,0,2021-12-29,1,0,1,1,0,100,1.0,1.0,1.0,0,0,500-1000,0,1203.0
5908,Jobma,Accounting & Finance,3,0,1,0,2021-12-29,1,1,1,2,4,10000,1.0,1.0,1.0,1,0,101-500,0,1203.0
5909,R&R traders,Accounting & Finance,72,0,1,0,2022-01-03,1,1,1,2,999,100,1.0,1.0,1.0,1,0,More than 1000,0,1198.0
5910,R&R traders,Accounting & Finance,2,0,1,0,2022-01-03,1,0,1,1,0,100,1.0,1.0,1.0,0,0,More than 1000,0,1198.0
5911,R&R traders,Accounting & Finance,2,0,1,0,2022-01-03,1,0,1,1,0,100,1.0,1.0,1.0,0,0,More than 1000,0,1198.0
5912,R&R traders,Accounting & Finance,2,0,1,0,2022-01-03,1,0,1,1,0,100,1.0,1.0,1.0,0,0,More than 1000,0,1198.0
5913,Test International Company Pvt ok,Accounting & Finance,2,0,2,0,2022-01-03,1,0,1,1,0,100,1.0,1.0,1.0,0,0,500-1000,0,1198.0
5914,Jobma,Accounting & Finance,2,0,1,0,2022-01-03,1,0,1,1,0,100,1.0,1.0,1.0,0,0,500-1000,0,1198.0
5916,Testing pvt ltd,Accounting & Finance,2,0,1,0,2022-01-03,1,0,1,1,0,100,1.0,1.0,1.0,0,0,26-100,0,1198.0
5917,sagitec,Accounting & Finance,2,0,1,0,2022-01-03,1,1,1,2,999,10000,1.0,1.0,1.0,1,0,26-100,0,1198.0
5918,R&R traders,Accounting & Finance,2,0,1,0,2022-01-03,1,0,1,1,0,100,1.0,1.0,1.0,0,0,More than 1000,0,1198.0
5919,sagitec,Accounting & Finance,2,0,1,0,2022-01-03,1,0,1,1,0,100,1.0,1.0,1.0,0,0,26-100,0,1198.0
5920,Testing pvt ltd,Accounting & Finance,2,0,1,0,2022-01-03,1,0,1,1,0,100,1.0,1.0,1.0,0,0,26-100,0,1198.0
5921,Test Company,Accounting & Finance,231,0,1,1,2022-01-03,1,0,1,2,1,100,1.0,1.0,1.0,1,0,26-100,0,1198.0
5922,R&R traders,Accounting & Finance,2,0,1,0,2022-01-03,1,0,1,1,0,100,1.0,1.0,1.0,0,0,More than 1000,0,1198.0
5923,Test Company,Accounting & Finance,2,0,1,0,2022-01-04,1,0,1,1,0,100,1.0,1.0,1.0,0,0,26-100,0,1197.0
5924,abhcishek,Accounting & Finance,72,0,1,1,2022-01-04,1,1,1,2,999,100,1.0,1.0,1.0,1,0,1-25,0,1197.0
5925,Navita Pvt Ltd,Accounting & Finance,3,0,1,1,2022-01-05,1,0,1,2,999,10000,1.0,1.0,1.0,1,0,More than 1000,0,1196.0
5926,Priya Pvt Ltd,Accounting & Finance,3,0,1,0,2022-01-05,1,0,1,1,1,60,1.0,1.0,1.0,1,0,500-1000,0,1196.0
5927,abhcishek,Accounting & Finance,2,0,1,0,2022-01-05,1,0,1,1,0,100,1.0,1.0,1.0,0,0,1-25,0,1196.0
5928,skoda,Accounting & Finance,72,0,1,1,2022-01-06,1,0,1,2,1,10000,0.0,0.0,1.0,1,0,26-100,0,1195.0
5929,Test Co Pvt Ltd,Accounting & Finance,3,0,1,1,2022-01-06,1,0,1,2,10,10000,0.0,0.0,1.0,1,0,500-1000,0,1195.0
5930,Test Company,Accounting & Finance,2,0,1,1,2022-01-06,1,0,1,2,1,10000,1.0,1.0,1.0,1,0,26-100,0,1195.0
5931,Test Company,Accounting & Finance,"231,72,2",0,1,1,2022-01-07,1,0,1,2,10,100,1.0,1.0,1.0,1,0,1-25,0,1194.0
5932,Test Company,Accounting & Finance,2,0,1,1,2022-01-07,1,0,1,2,999,100,1.0,1.0,1.0,0,0,More than 1000,0,1194.0
5933,SSI,Accounting & Finance,85,0,1,1,2022-01-07,1,0,1,2,1,100,1.0,1.0,1.0,1,0,101-500,0,1194.0
5934,Test Company,Accounting & Finance,2,0,1,0,2022-01-07,1,0,1,1,0,100,1.0,1.0,1.0,0,0,1-25,0,1194.0
5935,Jobma,Accounting & Finance,2,0,1,0,2022-01-07,1,0,1,1,0,100,1.0,1.0,1.0,0,0,500-1000,0,1194.0
5936,Jobma,Accounting & Finance,2,0,1,1,2022-01-07,1,0,1,2,999,10000,1.0,1.0,1.0,1,0,101-500,0,1194.0
5937,New Jazz HRing,Accounting & Finance,1,0,1,1,2022-01-07,1,0,1,2,999,100,1.0,1.0,1.0,0,0,1-25,0,1194.0
5938,dd,Accounting & Finance,1,0,1,1,2022-01-07,1,0,1,2,999,100,1.0,1.0,1.0,0,0,1-25,0,1194.0
5939,xyz,Accounting & Finance,78,0,1,1,2022-01-10,1,0,1,2,1,10000,1.0,1.0,1.0,1,0,1-25,0,1191.0
5940,aezy,Accounting & Finance,85,0,1,1,2022-01-10,1,0,1,2,1,10000,1.0,1.0,1.0,1,0,26-100,0,1191.0
5941,xyz,Accounting & Finance,85,0,1,1,2022-01-10,1,0,1,2,10,10000,1.0,1.0,1.0,1,0,1-25,0,1191.0
5942,Abhi,Accounting & Finance,72,0,1,1,2022-01-10,1,0,1,2,10,10000,1.0,1.0,1.0,1,0,26-100,0,1191.0
5943,Aezy,Accounting & Finance,84,0,1,1,2022-01-10,1,1,1,1,10,10000,1.0,1.0,1.0,1,0,26-100,0,1191.0
5944,Test Company,Accounting & Finance,2,0,1,0,2022-01-10,1,0,1,1,0,100,1.0,1.0,1.0,0,0,26-100,0,1191.0
5945,ssi,Accounting & Finance,231,0,1,1,2022-01-11,1,0,1,2,10,10000,1.0,1.0,1.0,1,0,101-500,0,1190.0
5946,iefgukhwf,Accounting & Finance,3,0,1,1,2022-01-11,1,0,1,2,999,10000,1.0,1.0,1.0,1,0,26-100,0,1190.0
5947,Sri infotech,Accounting & Finance,2,0,1,1,2022-01-11,1,1,1,1,999,100,1.0,1.0,1.0,1,0,101-500,0,1190.0
5948,Test Company,Accounting & Finance,72,0,1,1,2022-01-11,1,0,1,2,1,100,1.0,1.0,1.0,1,0,1-25,0,1190.0
5949,Test Company,Accounting & Finance,72,0,1,1,2022-01-11,1,0,1,2,1,10000,1.0,1.0,1.0,1,0,1-25,0,1190.0
5950,Test Company,Accounting & Finance,2,0,1,0,2022-01-11,1,0,1,1,0,100,1.0,1.0,1.0,0,0,1-25,0,1190.0
5951,Test Company,Accounting & Finance,2,0,1,1,2022-01-11,1,0,1,2,10,10000,1.0,1.0,1.0,1,0,26-100,0,1190.0
5952,Test,Accounting & Finance,3,0,1,1,2022-01-11,1,0,1,2,999,10000,1.0,1.0,1.0,1,0,26-100,0,1190.0
5953,Test Company,Accounting & Finance,2,0,1,1,2022-01-11,1,0,1,2,1,100,1.0,1.0,1.0,1,0,26-100,0,1190.0
5954,1234,Accounting & Finance,2,0,1,0,2022-01-11,1,0,1,1,0,100,1.0,1.0,1.0,0,0,101-500,0,1190.0
5955,Test Company Pvt Ltd,Accounting & Finance,2,0,1,0,2022-01-11,1,0,1,1,0,100,1.0,1.0,1.0,0,0,101-500,0,1190.0
5956,anccooc,Accounting & Finance,72,0,1,1,2022-01-12,1,0,1,2,10,100,1.0,1.0,1.0,1,0,26-100,0,1189.0
5957,anccooc,Accounting & Finance,2,0,1,0,2022-01-12,1,0,1,1,0,100,1.0,1.0,1.0,0,0,26-100,0,1189.0
5958,Test Company,Accounting & Finance,3,0,1,1,2022-01-12,1,0,1,2,999,100,1.0,1.0,1.0,0,0,More than 1000,0,1189.0
5959,Tata testing,Accounting & Finance,224,0,1,1,2022-01-12,1,0,1,2,1,10000,1.0,1.0,1.0,1,0,26-100,0,1189.0
5960,abhishek,Accounting & Finance,72,0,1,1,2022-01-12,1,0,1,2,1,10000,1.0,1.0,1.0,1,0,101-500,0,1189.0
5961,Navita Pvt Ltd,Accounting & Finance,2,0,1,0,2022-01-13,1,0,1,1,0,100,1.0,1.0,1.0,0,0,More than 1000,0,1188.0
5962,Aezy,Accounting & Finance,2,0,1,1,2022-01-13,1,0,1,1,0,100,1.0,1.0,1.0,0,0,26-100,0,1188.0
5963,Aezy,Accounting & Finance,2,0,1,1,2022-01-13,1,0,1,1,0,100,1.0,1.0,1.0,0,0,26-100,0,1188.0
5964,Jobma,Accounting & Finance,2,0,1,0,2022-01-13,1,0,1,1,0,100,1.0,1.0,1.0,0,0,500-1000,0,1188.0
5965,Test International Company Pvt ok,Accounting & Finance,2,0,2,0,2022-01-13,1,0,1,1,0,100,1.0,1.0,1.0,0,0,500-1000,0,1188.0
5966,srksafl,Accounting & Finance,72,0,1,1,2022-01-13,1,0,1,2,1,10000,1.0,1.0,1.0,1,0,26-100,0,1188.0
5967,xyz,Accounting & Finance,2,0,1,0,2022-01-13,1,0,1,1,0,100,1.0,1.0,1.0,0,0,1-25,0,1188.0
5968,Tatatesting,Accounting & Finance,2,0,1,0,2022-01-14,1,0,1,1,0,100,1.0,1.0,1.0,0,0,26-100,0,1187.0
5969,Test Company,Accounting & Finance,72,0,1,1,2022-01-14,1,1,1,2,2,100,1.0,1.0,1.0,1,0,26-100,0,1187.0
5970,Test Company,Accounting & Finance,2,0,1,0,2022-01-14,1,0,1,1,0,100,1.0,1.0,1.0,0,0,26-100,0,1187.0
5971,Test Company,Accounting & Finance,2,0,1,1,2022-01-17,1,0,1,2,1,10000,1.0,1.0,1.0,1,0,1-25,0,1184.0
5972,Test Company,Accounting & Finance,2,0,1,1,2022-01-17,1,0,1,2,10,10000,0.0,0.0,1.0,1,0,1-25,0,1184.0
5973,Test Co Pvt Ltd,Accounting & Finance,3,0,1,1,2022-01-17,1,0,1,2,1,100,1.0,1.0,1.0,0,0,500-1000,0,1184.0
5974,abhi1234,Accounting & Finance,76,0,1,1,2022-01-18,1,0,1,2,1,10000,1.0,1.0,1.0,1,0,101-500,0,1183.0
5975,anccooc,Accounting & Finance,2,0,1,0,2022-01-18,1,0,1,1,0,100,1.0,1.0,1.0,0,0,101-500,0,1183.0
5976,1234,Accounting & Finance,2,0,1,0,2022-01-19,1,0,1,1,0,100,1.0,1.0,1.0,0,0,101-500,0,1182.0
5978,Test Company,Accounting & Finance,2,0,1,0,2022-01-19,1,0,1,1,0,100,1.0,1.0,1.0,0,0,26-100,0,1182.0
5979,Test International Company Pvt ok,Accounting & Finance,2,0,2,0,2022-01-19,1,0,1,1,0,100,1.0,1.0,1.0,0,0,500-1000,0,1182.0
5980,RenewPower,Accounting & Finance,85,0,1,1,2022-01-20,1,0,1,2,10,10000,1.0,1.0,1.0,1,0,More than 1000,0,1181.0
5981,1234,Accounting & Finance,4,0,1,1,2022-01-20,1,0,1,2,999,10000,1.0,1.0,1.0,1,0,500-1000,0,1181.0
5983,jmd,Accounting & Finance,85,0,1,1,2022-01-20,1,0,1,2,999,10000,1.0,1.0,1.0,1,0,More than 1000,0,1181.0
5985,Test Company,Accounting & Finance,"2,3,4",0,1,1,2022-01-21,1,0,1,2,1,100,1.0,1.0,1.0,0,0,More than 1000,0,1180.0
5986,Test Company,Accounting & Finance,2,0,1,0,2022-01-21,1,0,1,1,0,100,1.0,1.0,1.0,0,0,More than 1000,0,1180.0
5987,Jobma,Accounting & Finance,2,0,1,1,2022-01-24,1,0,1,2,999,100,1.0,1.0,1.0,0,0,101-500,0,1177.0
5988,Pioneer,Accounting & Finance,72,0,1,1,2022-01-24,1,0,1,2,1,10000,1.0,1.0,1.0,1,0,26-100,0,1177.0
5989,jobma,Accounting & Finance,72,0,1,1,2022-01-24,1,0,1,2,10,10000,1.0,1.0,1.0,1,0,26-100,0,1177.0
5990,Jobma,Accounting & Finance,2,0,1,1,2022-01-24,1,0,1,2,999,10000,1.0,1.0,1.0,1,0,26-100,0,1177.0
5991,Test Indain Company,Accounting & Finance,72,0,1,1,2022-01-24,1,0,1,2,1,10000,1.0,1.0,1.0,1,0,101-500,0,1177.0
5992,Jobma,Accounting & Finance,2,0,1,1,2022-01-24,1,0,1,2,10,100,1.0,1.0,1.0,0,0,26-100,0,1177.0
5993,Jobma,Accounting & Finance,3,0,1,1,2022-01-24,1,0,1,2,999,100,1.0,1.0,1.0,0,0,101-500,0,1177.0
5994,Test Compnay,Accounting & Finance,2,0,1,1,2022-01-24,1,0,1,2,10,10000,1.0,1.0,1.0,1,0,1-25,0,1177.0
5995,Test Indain Company,Accounting & Finance,2,0,1,0,2022-01-24,1,0,1,1,0,100,1.0,1.0,1.0,0,0,101-500,0,1177.0
5996,ssi,Accounting & Finance,72,0,1,1,2022-01-24,1,0,1,2,10,100,1.0,1.0,1.0,1,0,1-25,0,1177.0
5997,abc,Accounting & Finance,2,0,1,1,2022-01-24,1,0,1,2,1,10000,1.0,1.0,1.0,1,0,26-100,0,1177.0
5998,sfsdfsd,Accounting & Finance,72,0,1,1,2022-01-24,1,0,1,2,10,10000,1.0,1.0,1.0,1,0,26-100,0,1177.0
5999,ssi,Accounting & Finance,2,0,1,0,2022-01-24,1,0,1,1,0,100,1.0,1.0,1.0,0,0,1-25,0,1177.0
6000,asjga,Accounting & Finance,2,0,1,1,2022-01-24,1,0,1,2,999,100,1.0,1.0,1.0,0,0,101-500,0,1177.0
6001,asjga,Accounting & Finance,2,0,1,0,2022-01-24,1,0,1,1,0,100,1.0,1.0,1.0,0,0,101-500,0,1177.0
6002,Test Compnay,Accounting & Finance,3,0,1,1,2022-01-24,1,0,1,2,999,10000,1.0,1.0,1.0,1,0,500-1000,0,1177.0
6003,Test Compnay,Accounting & Finance,2,0,1,0,2022-01-24,1,0,1,1,0,100,1.0,1.0,1.0,0,0,500-1000,0,1177.0
6004,wfawfwfasv,Accounting & Finance,3,0,1,1,2022-01-24,1,0,1,2,10,100,1.0,1.0,1.0,0,0,101-500,0,1177.0
6005,Test Company,Accounting & Finance,3,0,1,1,2022-01-25,1,0,1,2,999,10000,1.0,1.0,1.0,1,0,500-1000,0,1176.0
6006,Test Company,Accounting & Finance,3,0,1,1,2022-01-25,1,1,1,1,12,100,1.0,1.0,1.0,0,0,500-1000,0,1176.0
6007,Test Co Pvt Ltd,Accounting & Finance,3,0,1,1,2022-01-25,1,0,1,2,10,100,1.0,1.0,1.0,0,0,500-1000,0,1176.0
6008,vip,Accounting & Finance,2,0,1,1,2022-01-25,1,0,1,2,999,100,1.0,1.0,1.0,0,0,101-500,0,1176.0
6009,vip,Accounting & Finance,2,0,1,1,2022-01-25,1,0,1,2,999,100,1.0,1.0,1.0,0,0,1-25,0,1176.0
6010,Test Co Pvt Ltd,Accounting & Finance,2,0,1,0,2022-01-25,1,0,1,1,0,100,1.0,1.0,1.0,0,0,500-1000,0,1176.0
6011,vip,Accounting & Finance,2,0,1,0,2022-01-25,1,0,1,1,0,100,1.0,1.0,1.0,0,0,1-25,0,1176.0
6013,Test Company,Accounting & Finance,2,0,1,0,2022-01-25,1,0,1,1,0,100,1.0,1.0,1.0,0,0,500-1000,0,1176.0
6014,TesTing Urasia,Accounting & Finance,"74,75,76,4,51,78,7,124,82,83",0,2,1,2022-01-27,1,1,1,1,116,10000,1.0,1.0,1.0,0,0,500-1000,0,1174.0
6015,Tesing,Accounting & Finance,2,0,1,0,2022-01-27,1,0,1,1,0,100,1.0,1.0,1.0,0,0,101-500,0,1174.0
6016,vip,Accounting & Finance,72,0,1,1,2022-01-27,1,0,1,2,1,100,1.0,1.0,1.0,1,0,26-100,0,1174.0
6017,Testing USA,Accounting & Finance,222,0,1,1,2022-01-27,1,1,1,2,10,100,1.0,1.0,1.0,1,0,500-1000,0,1174.0
6018,Testing USA,Accounting & Finance,2,0,1,0,2022-01-27,1,0,1,1,0,100,1.0,1.0,1.0,0,0,500-1000,0,1174.0
6019,vip,Accounting & Finance,72,0,1,1,2022-01-27,1,0,1,2,1,10000,1.0,1.0,1.0,1,0,26-100,0,1174.0
6020,"234234324#(*9.d;""@#$",Accounting & Finance,2,0,1,0,2022-01-27,1,0,1,1,0,100,1.0,1.0,1.0,0,0,101-500,0,1174.0
6021,Test Company,Accounting & Finance,73,0,1,1,2022-01-28,1,1,1,2,14,100,1.0,1.0,1.0,1,0,500-1000,0,1173.0
6022,Test Company,Accounting & Finance,2,0,1,0,2022-01-28,1,0,1,1,0,100,1.0,1.0,1.0,0,0,500-1000,0,1173.0
6023,Enterprise company,Accounting & Finance,2,0,1,1,2022-01-31,1,0,1,2,999,10000,1.0,1.0,1.0,1,0,More than 1000,0,1170.0
6024,Enterprise company,Accounting & Finance,2,0,1,0,2022-01-31,1,0,1,1,0,100,1.0,1.0,1.0,0,0,More than 1000,0,1170.0
6025,vip,Accounting & Finance,2,0,1,1,2022-01-31,1,1,1,2,2,100,1.0,1.0,1.0,0,0,26-100,0,1170.0
6026,vip,Accounting & Finance,2,0,1,0,2022-01-31,1,0,1,1,0,100,1.0,1.0,1.0,0,0,26-100,0,1170.0
6027,Test,Accounting & Finance,2,0,1,1,2022-02-01,1,0,1,2,1,10000,1.0,1.0,1.0,1,0,101-500,0,1169.0
6028,Sri infotech,Accounting & Finance,231,0,1,1,2022-02-02,1,0,1,2,1,100,1.0,1.0,1.0,1,0,26-100,0,1168.0
6029,Test Company,Accounting & Finance,2,0,1,1,2022-02-03,1,1,1,2,1,100,1.0,1.0,1.0,1,0,500-1000,0,1167.0
6030,Test Company,Accounting & Finance,2,0,1,0,2022-02-03,1,0,1,1,0,100,1.0,1.0,1.0,0,0,500-1000,0,1167.0
6031,Test Co Pvt Ltd,Accounting & Finance,2,0,1,1,2022-02-03,1,0,1,2,999,100,1.0,1.0,1.0,0,0,500-1000,0,1167.0
6032,Sri infotech,Accounting & Finance,2,0,1,1,2022-02-03,1,0,1,2,999,100,1.0,1.0,1.0,0,0,26-100,0,1167.0
6033,vip,Accounting & Finance,3,0,1,1,2022-02-04,1,0,1,2,1,100,1.0,1.0,1.0,0,0,26-100,0,1166.0
6034,vip,Accounting & Finance,2,0,1,0,2022-02-04,1,0,1,1,0,100,1.0,1.0,1.0,0,0,26-100,0,1166.0
6035,Test Company,Accounting & Finance,73,0,1,1,2022-02-07,1,0,1,2,1,10000,1.0,1.0,1.0,1,0,1-25,0,1163.0
6036,Test Company,Accounting & Finance,2,0,1,1,2022-02-07,1,1,1,2,5,10000,1.0,1.0,1.0,1,0,26-100,0,1163.0
6037,Test,Accounting & Finance,2,0,1,1,2022-02-08,1,0,1,2,10,10000,1.0,1.0,1.0,1,0,More than 1000,0,1162.0
6038,Test Company Pvt Ltd,Accounting & Finance,73,0,1,1,2022-02-08,1,0,1,2,10,100,1.0,1.0,1.0,1,0,26-100,0,1162.0
6039,mdciksnd,Accounting & Finance,2,0,1,1,2022-02-08,1,0,1,2,10,10000,1.0,1.0,1.0,1,0,26-100,0,1162.0
6040,Test Company Pvt Ltd,Accounting & Finance,2,0,1,0,2022-02-08,1,0,1,1,0,100,1.0,1.0,1.0,0,0,26-100,0,1162.0
6041,mdciksnd,Accounting & Finance,2,0,1,0,2022-02-08,1,0,1,1,0,100,1.0,1.0,1.0,0,0,26-100,0,1162.0
6042,Test Compnay,Accounting & Finance,2,0,1,1,2022-02-09,1,1,1,2,12,100,1.0,1.0,1.0,0,0,26-100,0,1161.0
6043,Test Compnay,Accounting & Finance,2,0,1,0,2022-02-09,1,0,1,1,0,100,1.0,1.0,1.0,0,0,26-100,0,1161.0
6044,Test Industries,Accounting & Finance,2,0,1,1,2022-02-11,1,0,1,2,1,10000,1.0,1.0,1.0,1,0,26-100,0,1159.0
6045,Test Industries,Accounting & Finance,2,0,1,0,2022-02-11,1,0,1,1,0,100,1.0,1.0,1.0,0,0,26-100,0,1159.0
6046,test engineer,Accounting & Finance,72,0,1,1,2022-02-14,1,0,1,2,10,10000,1.0,1.0,1.0,1,0,26-100,0,1156.0
6047,Test Company,Accounting & Finance,"2,3,4",0,1,1,2022-02-16,1,0,1,2,10,100,1.0,1.0,1.0,0,0,More than 1000,0,1154.0
6048,Test Compnay,Accounting & Finance,2,0,1,0,2022-02-21,1,0,1,1,0,100,1.0,1.0,1.0,0,0,26-100,0,1149.0
6049,Test Compnay,Accounting & Finance,2,0,1,0,2022-02-21,1,0,1,1,0,100,1.0,1.0,1.0,0,0,26-100,0,1149.0
6051,Test Compnay,Accounting & Finance,2,0,1,0,2022-02-21,1,0,1,1,0,100,1.0,1.0,1.0,0,0,26-100,0,1149.0
6052,Test Compnay,Accounting & Finance,2,0,1,0,2022-02-21,1,0,1,1,0,100,1.0,1.0,1.0,0,0,26-100,0,1149.0
6053,Test Compnay,Accounting & Finance,2,0,1,0,2022-02-21,1,0,1,1,0,100,1.0,1.0,1.0,0,0,26-100,0,1149.0
6054,Test Compnay,Accounting & Finance,2,0,1,0,2022-02-21,1,0,1,1,0,100,1.0,1.0,1.0,0,0,26-100,0,1149.0
6055,Test Compnay,Accounting & Finance,2,0,1,0,2022-02-21,1,0,1,1,0,100,1.0,1.0,1.0,0,0,26-100,0,1149.0
6056,Test Compnay,Accounting & Finance,2,0,1,0,2022-02-21,1,0,1,1,0,100,1.0,1.0,1.0,0,0,26-100,0,1149.0
6057,Test Compnay,Accounting & Finance,2,0,1,0,2022-02-21,1,0,1,1,0,100,1.0,1.0,1.0,0,0,26-100,0,1149.0
6058,wfawfwfasv,Accounting & Finance,3,0,1,1,2022-02-21,1,1,1,2,10,100,1.0,1.0,1.0,0,0,More than 1000,0,1149.0
6059,wfawfwfasv,Accounting & Finance,2,0,1,0,2022-02-21,1,0,1,1,0,100,1.0,1.0,1.0,0,0,More than 1000,0,1149.0
6060,wfawfwfasv,Accounting & Finance,2,0,1,0,2022-02-21,1,0,1,1,0,100,1.0,1.0,1.0,0,0,More than 1000,0,1149.0
6061,Test Company,Accounting & Finance,2,0,1,0,2022-02-21,1,0,1,1,0,100,1.0,1.0,1.0,0,0,500-1000,0,1149.0
6062,Test Company,Accounting & Finance,2,0,1,0,2022-02-21,1,0,1,1,0,100,1.0,1.0,1.0,0,0,500-1000,0,1149.0
6063,Test Company,Accounting & Finance,2,0,1,0,2022-02-21,1,0,1,1,0,100,1.0,1.0,1.0,0,0,500-1000,0,1149.0
6064,Test Company,Accounting & Finance,2,0,1,0,2022-02-21,1,0,1,1,0,100,1.0,1.0,1.0,0,0,500-1000,0,1149.0
6065,Test Company,Accounting & Finance,2,0,1,0,2022-02-21,1,0,1,1,0,100,1.0,1.0,1.0,0,0,500-1000,0,1149.0
6066,Test Company,Accounting & Finance,2,0,1,0,2022-02-21,1,0,1,1,0,100,1.0,1.0,1.0,0,0,500-1000,0,1149.0
6067,Test Company,Accounting & Finance,2,0,1,0,2022-02-21,1,0,1,1,0,100,1.0,1.0,1.0,0,0,26-100,0,1149.0
6068,Test Company,Accounting & Finance,2,0,1,0,2022-02-21,1,0,1,1,0,100,1.0,1.0,1.0,0,0,26-100,0,1149.0
6069,SSI,Accounting & Finance,85,0,1,1,2022-02-22,1,0,1,2,10,10000,1.0,1.0,1.0,1,0,1-25,0,1148.0
6070,jobma,Accounting & Finance,72,0,1,1,2022-02-24,1,1,1,2,10,10000,1.0,1.0,1.0,1,0,26-100,0,1146.0
6071,Jobma,Accounting & Finance,2,0,1,1,2022-02-24,1,0,1,2,999,10000,1.0,1.0,1.0,1,0,26-100,0,1146.0
6072,Payment Module,Accounting & Finance,85,0,1,1,2022-02-25,1,1,1,2,3,10000,1.0,1.0,1.0,1,0,More than 1000,0,1145.0
6073,Payment Module,Accounting & Finance,2,0,1,0,2022-02-25,1,0,1,1,0,100,1.0,1.0,1.0,0,0,More than 1000,0,1145.0
6074,Payment Module,Accounting & Finance,2,0,1,0,2022-02-25,1,0,1,1,0,100,1.0,1.0,1.0,0,0,More than 1000,0,1145.0
6075,Payment Module,Accounting & Finance,2,0,1,0,2022-02-25,1,0,1,1,0,100,1.0,1.0,1.0,0,0,More than 1000,0,1145.0
6076,jobma,Accounting & Finance,72,0,1,1,2022-02-25,1,0,1,2,1,100,1.0,1.0,1.0,1,0,26-100,0,1145.0
6078,RenewPayment,Accounting & Finance,231,0,1,1,2022-02-25,1,0,1,2,1,10000,1.0,1.0,1.0,1,0,101-500,0,1145.0
6079,ralakji,Accounting & Finance,2,0,1,1,2022-02-25,1,0,1,2,1,10000,1.0,1.0,1.0,1,0,101-500,0,1145.0
6080,pay,Accounting & Finance,231,0,1,1,2022-02-25,1,0,1,2,1,10000,1.0,1.0,1.0,1,0,26-100,0,1145.0
6081,Overall Tester,Accounting & Finance,1,0,1,1,2022-03-01,1,0,1,1,999,100,1.0,1.0,1.0,1,0,More than 1000,0,1141.0
6082,Testing Overall,Accounting & Finance,2,0,1,1,2022-03-01,1,0,1,2,999,10000,1.0,1.0,1.0,1,0,500-1000,0,1141.0
6083,Testing Scope,Accounting & Finance,"7,10",0,1,1,2022-03-01,1,1,1,2,3,10000,1.0,1.0,1.0,1,0,1-25,0,1141.0
6084,Relax,Accounting & Finance,72,0,1,1,2022-03-02,1,1,1,2,102,10000,1.0,1.0,1.0,1,0,1-25,0,1140.0
6085,ABCD,Accounting & Finance,79,0,1,1,2022-03-02,1,0,1,2,1,10000,1.0,1.0,1.0,1,0,26-100,0,1140.0
6086,asd,Accounting & Finance,1,0,1,1,2022-03-02,1,0,1,2,10,10000,1.0,1.0,1.0,1,0,26-100,0,1140.0
6087,Relaxo,Accounting & Finance,2,0,1,1,2022-03-02,1,0,1,2,60,10000,1.0,1.0,1.0,1,0,More than 1000,0,1140.0
6088,jobma,Accounting & Finance,231,0,1,1,2022-03-02,1,1,1,2,10,100,1.0,1.0,1.0,1,0,26-100,0,1140.0
6089,SSI,Accounting & Finance,23,0,1,1,2022-03-02,1,0,1,2,1,10000,1.0,1.0,1.0,1,0,1-25,0,1140.0
6090,laksh,Accounting & Finance,2,0,1,1,2022-03-02,1,0,1,2,999,10000,1.0,1.0,1.0,1,0,More than 1000,0,1140.0
6091,Renewenergy,Accounting & Finance,7,0,1,1,2022-03-02,1,0,1,2,999,10000,1.0,1.0,1.0,1,0,More than 1000,0,1140.0
6092,hiwi,Accounting & Finance,4,0,1,1,2022-03-02,1,0,1,2,999,10000,1.0,1.0,1.0,1,0,More than 1000,0,1140.0
6093,Renewenergy,Accounting & Finance,3,0,1,1,2022-03-03,1,0,1,2,10,10000,1.0,1.0,1.0,1,0,500-1000,0,1139.0
6094,bakshibrothers,Accounting & Finance,1,0,1,1,2022-03-03,1,0,1,2,10,10000,1.0,1.0,1.0,1,0,26-100,0,1139.0
6095,bakshibrothers,Accounting & Finance,3,0,1,1,2022-03-03,1,0,1,2,10,10000,1.0,1.0,1.0,1,0,26-100,0,1139.0
6096,solar,Accounting & Finance,2,0,1,1,2022-03-03,1,0,1,2,1,10000,1.0,1.0,1.0,1,0,500-1000,0,1139.0
6097,Test Company,Accounting & Finance,4,0,1,1,2022-03-03,1,0,1,2,1,10000,1.0,1.0,1.0,1,0,26-100,0,1139.0
6098,rt,Accounting & Finance,3,0,1,1,2022-03-03,1,0,1,2,1,10000,1.0,1.0,1.0,1,0,101-500,0,1139.0
6099,Jobma,Accounting & Finance,3,0,1,1,2022-03-03,1,0,1,2,1,10000,1.0,1.0,1.0,1,0,101-500,0,1139.0
6100,Jobma,Accounting & Finance,3,0,1,1,2022-03-03,1,0,1,2,1,10000,1.0,1.0,1.0,1,0,101-500,0,1139.0
6101,rnalot,Accounting & Finance,72,0,1,1,2022-03-03,1,0,1,2,1,10000,1.0,1.0,1.0,1,0,26-100,0,1139.0
6102,renew,Accounting & Finance,2,0,1,1,2022-03-03,1,0,1,2,999,10000,1.0,1.0,1.0,1,0,101-500,0,1139.0
6103,wetr,Accounting & Finance,2,0,1,1,2022-03-03,1,0,1,2,10,10000,1.0,1.0,1.0,1,0,1-25,0,1139.0
6104,rebel,Accounting & Finance,2,0,1,1,2022-03-03,1,0,1,2,1,10000,1.0,1.0,1.0,1,0,500-1000,0,1139.0
6105,remorse,Accounting & Finance,2,0,1,1,2022-03-03,1,0,1,2,999,10000,1.0,1.0,1.0,1,0,500-1000,0,1139.0
6107,renew,Accounting & Finance,72,0,1,1,2022-03-03,1,1,1,2,10,100,1.0,1.0,1.0,1,0,101-500,0,1139.0
6108,JK Tech,Accounting & Finance,78,0,1,1,2022-03-03,1,0,1,2,1,10000,1.0,1.0,1.0,1,0,101-500,0,1139.0
6109,Darcl,Accounting & Finance,124,0,1,1,2022-03-03,1,1,1,2,12,10000,1.0,1.0,1.0,1,0,1-25,0,1139.0
6110,abc,Accounting & Finance,92,0,1,1,2022-03-03,1,0,1,2,1,10000,1.0,1.0,1.0,1,0,1-25,0,1139.0
6111,SSI,Accounting & Finance,23,0,1,1,2022-03-04,1,0,1,2,10,10000,1.0,1.0,1.0,1,0,1-25,0,1138.0
6112,fried,Accounting & Finance,2,0,1,1,2022-03-04,1,1,1,2,11,100,1.0,1.0,1.0,0,0,500-1000,0,1138.0
6113,wega,Accounting & Finance,2,0,1,1,2022-03-04,1,0,1,2,1,100,1.0,1.0,1.0,1,0,1-25,0,1138.0
6114,Bilki,Accounting & Finance,2,0,1,1,2022-03-04,1,0,1,2,999,100,1.0,1.0,1.0,0,0,More than 1000,0,1138.0
6115,kiler,Accounting & Finance,74,1,1,1,2022-03-04,1,0,1,2,999,100,1.0,1.0,1.0,0,0,1-25,0,1138.0
6116,kiler,Accounting & Finance,74,1,1,1,2022-03-04,1,0,1,2,999,100,1.0,1.0,1.0,0,0,1-25,0,1138.0
6117,bili,Accounting & Finance,74,1,1,1,2022-03-04,1,0,1,2,999,100,1.0,1.0,1.0,0,0,1-25,0,1138.0
6118,Testing Candidate,Accounting & Finance,"10,15,16",0,1,1,2022-03-04,1,0,1,2,999,100,1.0,1.0,1.0,0,0,101-500,0,1138.0
6119,wek,Accounting & Finance,2,0,1,1,2022-03-04,1,0,1,2,10,100,1.0,1.0,1.0,0,0,26-100,0,1138.0
6120,AEJI,Accounting & Finance,2,0,1,1,2022-03-04,1,0,1,2,10,100,1.0,1.0,1.0,0,0,101-500,0,1138.0
6121,gogo,Accounting & Finance,3,0,1,1,2022-03-04,1,0,1,2,10,100,1.0,1.0,1.0,0,0,500-1000,0,1138.0
6122,wrt,Accounting & Finance,2,0,1,1,2022-03-04,1,0,1,2,10,100,1.0,1.0,1.0,0,0,26-100,0,1138.0
6123,Testing Name,Accounting & Finance,73,7,1,1,2022-03-04,1,0,1,2,10,100,1.0,1.0,1.0,0,0,1-25,0,1138.0
6124,SenegalSoftware,Accounting & Finance,23,0,1,1,2022-03-04,1,0,1,2,1,100,1.0,1.0,1.0,1,0,500-1000,0,1138.0
6125,gugu,Accounting & Finance,2,0,1,1,2022-03-04,1,0,1,2,999,100,1.0,1.0,1.0,0,0,101-500,0,1138.0
6126,Renewpuke,Accounting & Finance,3,0,1,1,2022-03-04,1,0,1,2,999,100,1.0,1.0,1.0,0,0,101-500,0,1138.0
6127,bideg,Accounting & Finance,72,0,1,1,2022-03-04,1,0,1,2,1,100,1.0,1.0,1.0,1,0,26-100,0,1138.0
6128,akla,Accounting & Finance,4,0,1,1,2022-03-04,1,0,1,2,999,100,1.0,1.0,1.0,0,0,26-100,0,1138.0
6129,nany,Accounting & Finance,3,0,1,1,2022-03-04,1,0,1,2,999,100,1.0,1.0,1.0,0,0,More than 1000,0,1138.0
6130,fried,Accounting & Finance,2,0,1,0,2022-03-07,1,0,1,1,0,100,1.0,1.0,1.0,0,0,500-1000,0,1135.0
6131,Sri infotech,Accounting & Finance,72,0,1,1,2022-03-07,1,0,1,2,1,10000,1.0,1.0,1.0,1,0,101-500,0,1135.0
6132,sri infotech,Accounting & Finance,72,0,1,1,2022-03-07,1,0,1,2,1,10000,1.0,1.0,1.0,1,0,101-500,0,1135.0
6133,Test Company,Accounting & Finance,2,0,1,1,2022-03-07,1,0,1,2,1,10000,1.0,1.0,1.0,1,0,101-500,0,1135.0
6134,Test Compan,Accounting & Finance,2,0,1,1,2022-03-07,1,0,1,2,1,10000,1.0,1.0,1.0,1,0,1-25,0,1135.0
6135,sri infotech,Accounting & Finance,2,0,1,1,2022-03-07,1,0,1,2,1,10000,1.0,1.0,1.0,1,0,26-100,0,1135.0
6136,sri infotech,Accounting & Finance,74,0,1,1,2022-03-07,1,0,1,2,1,10000,1.0,1.0,1.0,1,0,101-500,0,1135.0
6137,Sri infotech,Accounting & Finance,2,0,1,1,2022-03-07,1,0,1,2,1,10000,1.0,1.0,1.0,1,0,26-100,0,1135.0
6138,Renew,Accounting & Finance,72,0,1,1,2022-03-07,1,0,1,2,1,10000,1.0,1.0,1.0,1,0,101-500,0,1135.0
6139,Demo,Accounting & Finance,231,0,1,1,2022-03-07,1,0,1,2,10,10000,1.0,3.0,1.0,0,0,1-25,0,1135.0
6141,Overall Tester 2,Accounting & Finance,233,0,1,1,2022-03-08,1,0,1,1,10,10000,0.0,0.0,1.0,1,0,1-25,0,1134.0
6142,TestingJobma,Accounting & Finance,72,0,1,1,2022-03-08,1,0,1,2,1,100,1.0,1.0,1.0,0,0,26-100,0,1134.0
6143,dugu,Accounting & Finance,2,0,1,1,2022-03-08,1,0,1,1,1,10000,0.0,0.0,1.0,1,0,26-100,0,1134.0
6144,sagitec,Accounting & Finance,2,0,1,1,2022-03-08,1,0,1,1,1,10000,0.0,0.0,1.0,1,0,26-100,0,1134.0
6145,ssi,Accounting & Finance,2,0,1,1,2022-03-08,1,0,1,1,10,100,1.0,1.0,1.0,0,0,101-500,0,1134.0
6146,Optum,Accounting & Finance,26,0,1,1,2022-03-08,1,0,1,2,999,10000,0.0,0.0,1.0,1,0,26-100,0,1134.0
6147,Sri infotech,Accounting & Finance,73,1,1,1,2022-03-08,1,0,1,2,10,100,1.0,1.0,1.0,0,0,1-25,0,1134.0
6148,Sri infotech,Accounting & Finance,73,1,1,1,2022-03-08,1,0,1,2,1,100,1.0,1.0,1.0,0,0,1-25,0,1134.0
6149,Testing King,Accounting & Finance,73,1,1,1,2022-03-08,1,0,1,1,999,10000,1.0,1.0,1.0,1,0,1-25,0,1134.0
6151,Sri Infotech,Accounting & Finance,3,0,1,1,2022-03-08,1,0,1,2,1,10000,1.0,1.0,1.0,1,0,1-25,0,1134.0
6152,Seller,Accounting & Finance,10,0,1,1,2022-03-08,1,0,1,2,999,10000,1.0,1.0,1.0,1,0,26-100,0,1134.0
6154,SSR,Accounting & Finance,74,0,1,1,2022-03-08,1,1,1,2,2,10000,1.0,1.0,1.0,1,0,26-100,0,1134.0
6155,abc,Accounting & Finance,2,0,1,0,2022-03-08,1,0,1,1,0,100,1.0,1.0,1.0,0,0,1-25,0,1134.0
6157,Test Company,Accounting & Finance,4,0,1,1,2022-03-08,1,0,1,2,999,100,1.0,1.0,1.0,0,0,500-1000,0,1134.0
6165,renew,Accounting & Finance,74,0,1,1,2022-03-08,1,0,1,2,1,10000,1.0,1.0,1.0,1,0,26-100,0,1134.0
6166,renew,Accounting & Finance,2,0,1,0,2022-03-08,1,0,1,1,0,100,1.0,1.0,1.0,0,0,26-100,0,1134.0
6167,capgemini,Accounting & Finance,85,0,1,1,2022-03-09,1,1,1,2,4,10000,1.0,1.0,1.0,1,0,101-500,0,1133.0
6168,Demo,Accounting & Finance,2,0,1,0,2022-03-09,1,0,1,1,0,100,1.0,1.0,1.0,0,0,1-25,0,1133.0
6169,SSI,Accounting & Finance,23,0,1,1,2022-03-09,1,0,1,1,20,10000,1.0,1.0,1.0,1,0,1-25,0,1133.0
6170,Institute Ltd,Accounting & Finance,78,0,1,0,2022-03-09,1,1,1,2,10,100,1.0,1.0,1.0,1,0,26-100,0,1133.0
6171,SSI,Accounting & Finance,23,0,1,0,2022-03-09,1,0,1,2,1,100,1.0,1.0,1.0,0,0,1-25,0,1133.0
6172,Testing pvt ltd,Accounting & Finance,2,0,1,0,2022-03-10,1,0,1,1,0,100,1.0,1.0,1.0,0,0,26-100,0,1132.0
6173,Institute Ltd,Accounting & Finance,2,0,1,0,2022-03-10,1,0,1,1,0,100,1.0,1.0,1.0,0,0,26-100,0,1132.0
6174,Test Company,Accounting & Finance,72,0,1,1,2022-03-10,1,0,1,2,1,10000,1.0,1.0,1.0,1,0,26-100,0,1132.0
6175,Select Source,Accounting & Finance,78,0,1,1,2022-03-11,1,0,1,2,1,10000,1.0,1.0,1.0,1,0,26-100,0,1131.0
6176,Source Ltd,Accounting & Finance,75,1,1,1,2022-03-11,1,0,1,2,1,100,1.0,1.0,1.0,0,0,1-25,0,1131.0
6177,ssi,Accounting & Finance,73,0,1,1,2022-03-11,1,0,1,2,1,100,1.0,1.0,1.0,0,0,26-100,0,1131.0
6178,SSI,Accounting & Finance,23,0,1,1,2022-03-11,1,0,1,2,1,10000,0.0,0.0,1.0,1,0,1-25,0,1131.0
6179,&^%&^%,Accounting & Finance,43,0,1,1,2022-03-14,1,0,1,2,1,10000,1.0,1.0,1.0,1,0,500-1000,0,1128.0
6180,Test Company,Accounting & Finance,2,0,1,1,2022-03-14,1,0,1,2,1,100,1.0,1.0,1.0,1,0,26-100,0,1128.0
6181,^&%^&%,Accounting & Finance,73,0,1,1,2022-03-14,1,0,1,2,1,10000,1.0,1.0,1.0,1,0,500-1000,0,1128.0
6182,Jobma,Accounting & Finance,73,0,1,1,2022-03-14,1,0,1,2,1,10000,1.0,1.0,1.0,1,0,26-100,0,1128.0
6183,jobma,Accounting & Finance,92,0,1,1,2022-03-14,1,1,1,2,10,10000,1.0,1.0,1.0,1,0,26-100,0,1128.0
6184,jobma,Accounting & Finance,72,0,1,1,2022-03-14,1,1,1,1,13,10000,1.0,1.0,1.0,1,0,101-500,0,1128.0
6185,SSI indore,Accounting & Finance,23,0,2,1,2022-03-15,1,1,1,1,3,10000,1.0,1.0,1.0,1,0,More than 1000,0,1127.0
6186,Jobma,Accounting & Finance,72,0,1,1,2022-03-15,1,0,1,2,1,10000,1.0,1.0,1.0,1,0,1-25,0,1127.0
6187,Demo,Accounting & Finance,2,0,1,0,2022-03-15,1,0,1,1,0,100,1.0,1.0,1.0,0,0,1-25,0,1127.0
6188,Testing Manual,Accounting & Finance,72,0,1,1,2022-03-15,1,0,1,2,1,10000,1.0,1.0,1.0,1,0,1-25,0,1127.0
6189,Abc,Accounting & Finance,235,0,1,1,2022-03-15,1,1,1,2,31,10000,1.0,1.0,1.0,1,0,1-25,0,1127.0
6190,Jobmaa,Accounting & Finance,72,0,1,1,2022-03-15,1,0,1,2,10,10000,1.0,1.0,1.0,1,0,1-25,0,1127.0
6191,jobma,Accounting & Finance,2,0,1,0,2022-03-15,1,0,1,1,0,100,1.0,1.0,1.0,0,0,26-100,0,1127.0
6192,jobma,Accounting & Finance,2,0,1,0,2022-03-15,1,0,1,1,0,100,1.0,1.0,1.0,0,0,26-100,0,1127.0
6193,jobma,Accounting & Finance,2,0,1,0,2022-03-16,1,0,1,1,0,100,1.0,1.0,1.0,0,0,26-100,0,1126.0
6194,34234,Accounting & Finance,73,0,1,1,2022-03-16,1,0,1,2,1,100,1.0,1.0,1.0,1,0,101-500,0,1126.0
6195,Sri infotech,Accounting & Finance,2,0,1,1,2022-03-16,1,0,1,2,1,10000,1.0,1.0,1.0,1,0,101-500,0,1126.0
6196,fkjslk;,Accounting & Finance,74,0,1,1,2022-03-16,1,0,1,2,1,100,1.0,1.0,1.0,1,0,101-500,0,1126.0
6197,sdkjfhasj,Accounting & Finance,73,0,1,1,2022-03-16,1,0,1,2,1,10000,1.0,1.0,1.0,1,0,101-500,0,1126.0
6199,SSI,Accounting & Finance,72,0,1,1,2022-03-16,1,0,1,2,10,10000,1.0,1.0,1.0,1,0,26-100,0,1126.0
6200,Test Company,Accounting & Finance,72,0,1,1,2022-03-16,1,0,1,2,10,10000,1.0,1.0,1.0,1,0,1-25,0,1126.0
6201,Jobma,Accounting & Finance,2,0,1,0,2022-03-17,1,0,1,1,0,100,1.0,1.0,1.0,0,0,500-1000,0,1125.0
6202,Jobma,Accounting & Finance,2,0,1,0,2022-03-17,1,0,1,1,0,100,1.0,1.0,1.0,0,0,500-1000,0,1125.0
6204,Jobma,Accounting & Finance,2,0,1,0,2022-03-17,1,0,1,1,0,100,1.0,1.0,1.0,0,0,500-1000,0,1125.0
6206,Test Company,Accounting & Finance,2,0,1,0,2022-03-17,1,0,1,1,0,100,1.0,1.0,1.0,0,0,26-100,0,1125.0
6207,Ranjan Testing,Accounting & Finance,"72,2",0,1,1,2022-03-17,1,1,1,1,11,100,1.0,1.0,1.0,1,0,26-100,0,1125.0
6208,jobma,Accounting & Finance,2,0,1,0,2022-03-21,1,0,1,1,0,100,1.0,1.0,1.0,0,0,26-100,0,1121.0
6209,SSI,Accounting & Finance,"7,124",0,1,1,2022-03-21,1,0,1,2,10,10000,1.0,1.0,1.0,1,0,500-1000,0,1121.0
6210,Fine testing,Accounting & Finance,72,0,1,1,2022-03-21,1,0,1,2,1,100,1.0,1.0,1.0,1,0,500-1000,0,1121.0
6211,Renewable,Accounting & Finance,73,0,1,1,2022-03-22,1,0,1,2,5,10000,1.0,1.0,1.0,1,0,1-25,0,1120.0
6212,Emerge Testing,Accounting & Finance,7,0,1,1,2022-03-22,1,0,1,1,10,100,1.0,1.0,1.0,0,0,26-100,0,1120.0
6213,victor,Accounting & Finance,73,0,1,1,2022-03-22,1,0,1,2,1,10000,1.0,1.0,1.0,1,0,26-100,0,1120.0
6214,Ambar Testing,Accounting & Finance,1,0,1,1,2022-03-22,1,0,1,2,10,100,1.0,1.0,1.0,0,0,26-100,0,1120.0
6215,renewti,Accounting & Finance,2,0,1,1,2022-03-22,1,0,1,2,10,10000,1.0,1.0,1.0,1,0,26-100,0,1120.0
6216,Anibh Testing,Accounting & Finance,"1,7",0,1,1,2022-03-22,1,0,1,2,1,100,1.0,1.0,1.0,0,0,26-100,0,1120.0
6217,Nirjan Testing,Accounting & Finance,72,0,1,1,2022-03-22,1,0,1,2,10,10000,1.0,1.0,1.0,1,0,101-500,0,1120.0
6218,ABCDEFGH,Accounting & Finance,4,0,1,1,2022-03-22,1,0,1,2,11,10000,1.0,1.0,1.0,1,0,500-1000,0,1120.0
6219,Renewable,Accounting & Finance,2,0,1,0,2022-03-22,1,0,1,1,0,100,1.0,1.0,1.0,0,0,1-25,0,1120.0
6220,Emerge Testing,Accounting & Finance,2,0,1,0,2022-03-22,1,0,1,1,0,100,1.0,1.0,1.0,0,0,26-100,0,1120.0
6221,Renewable,Accounting & Finance,2,0,1,0,2022-03-22,1,0,1,1,0,100,1.0,1.0,1.0,0,0,1-25,0,1120.0
6222,guitar,Accounting & Finance,72,0,1,1,2022-03-23,1,0,1,2,1,10000,1.0,1.0,1.0,1,0,1-25,0,1119.0
6223,abc,Accounting & Finance,2,0,1,1,2022-03-23,1,1,1,2,1009,100,1.0,1.0,1.0,0,0,500-1000,0,1119.0
6224,Sri infotech,Accounting & Finance,3,0,1,1,2022-03-23,1,1,1,2,1009,100,1.0,1.0,1.0,0,0,101-500,0,1119.0
6225,weelbourn,Accounting & Finance,74,1,1,1,2022-03-23,1,0,1,2,999,100,1.0,1.0,1.0,0,0,1-25,0,1119.0
6226,SSI indore,Accounting & Finance,23,0,1,1,2022-03-23,1,0,1,2,1,100,1.0,1.0,1.0,1,0,101-500,0,1119.0
6227,JOBMA Indore,Accounting & Finance,23,0,1,1,2022-03-23,1,1,1,2,11,10000,1.0,1.0,1.0,1,0,500-1000,0,1119.0
6228,ABCD,Accounting & Finance,2,0,1,0,2022-03-24,1,0,1,1,0,100,1.0,1.0,1.0,0,0,26-100,0,1118.0
6229,dsad,Accounting & Finance,72,0,1,1,2022-03-25,1,0,1,2,0,100,1.0,1.0,1.0,1,0,26-100,0,1117.0
6232,SSI,Accounting & Finance,7,0,1,1,2022-03-25,1,0,1,2,10,100,1.0,1.0,1.0,1,0,1-25,0,1117.0
6234,testingtrial,Accounting & Finance,2,0,1,1,2022-03-28,1,0,1,2,0,100,1.0,1.0,1.0,1,0,101-500,0,1114.0
6235,dfdsf,Accounting & Finance,2,0,1,1,2022-03-28,1,0,1,2,0,100,1.0,1.0,1.0,1,0,26-100,0,1114.0
6236,Test Company Pvt Ltd,Accounting & Finance,2,0,1,1,2022-03-28,1,1,1,2,1,100,1.0,1.0,1.0,1,0,26-100,0,1114.0
6237,dsfdsf,Accounting & Finance,2,0,1,1,2022-03-28,1,0,1,2,10,100,1.0,1.0,1.0,1,0,101-500,0,1114.0
6238,Basic Testing,Accounting & Finance,231,0,1,1,2022-03-28,1,1,1,2,6,100,1.0,1.0,1.0,1,0,101-500,0,1114.0
6239,Basic Testing,Accounting & Finance,2,0,1,0,2022-03-28,1,0,1,1,0,100,1.0,1.0,1.0,0,0,101-500,0,1114.0
6240,Basic Testing,Accounting & Finance,2,0,1,0,2022-03-28,1,0,1,1,0,100,1.0,1.0,1.0,0,0,101-500,0,1114.0
6241,Primary Testing NRI,Accounting & Finance,"72,73",0,1,1,2022-03-29,1,1,1,2,1,100,1.0,1.0,1.0,1,0,101-500,0,1113.0
6242,Test Company,Accounting & Finance,2,0,1,1,2022-03-29,1,0,1,2,10,100,1.0,1.0,1.0,0,0,More than 1000,0,1113.0
6243,Primary Testing NRI,Accounting & Finance,2,0,1,0,2022-03-29,1,0,1,1,0,100,1.0,1.0,1.0,0,0,101-500,0,1113.0
6244,wfawfwfasv,Accounting & Finance,2,0,1,1,2022-03-29,1,0,1,2,999,10000,1.0,1.0,1.0,1,0,More than 1000,0,1113.0
6245,jobma,Accounting & Finance,2,0,1,1,2022-03-29,1,0,1,2,0,100,1.0,1.0,1.0,1,0,101-500,0,1113.0
6246,Reko,Accounting & Finance,72,0,1,1,2022-03-29,1,0,1,2,10,100,1.0,1.0,1.0,1,0,1-25,0,1113.0
6247,rto,Accounting & Finance,2,0,1,1,2022-03-29,1,0,1,2,999,100,1.0,1.0,1.0,0,0,More than 1000,0,1113.0
6248,jobma,Accounting & Finance,72,0,1,1,2022-03-29,1,0,1,2,1,100,1.0,1.0,1.0,1,0,26-100,0,1113.0
6249,JOBMA,Accounting & Finance,231,0,1,1,2022-03-29,1,0,1,2,0,100,1.0,1.0,1.0,1,0,26-100,0,1113.0
6250,dd,Accounting & Finance,72,0,1,1,2022-03-29,1,0,1,2,1,10000,1.0,1.0,1.0,1,0,1-25,0,1113.0
6251,jobma,Accounting & Finance,72,0,1,1,2022-03-29,1,0,1,2,1,10000,1.0,1.0,1.0,1,0,1-25,0,1113.0
6252,jobma,Accounting & Finance,72,0,1,1,2022-03-29,1,0,1,2,1,10000,1.0,1.0,1.0,1,0,26-100,0,1113.0
6253,jobma,Accounting & Finance,2,0,1,1,2022-03-30,1,0,1,2,1,100,1.0,1.0,1.0,0,0,101-500,0,1112.0
6254,jobma,Accounting & Finance,3,0,1,1,2022-03-30,1,0,1,2,10,100,1.0,1.0,1.0,0,0,26-100,0,1112.0
6255,jobma,Accounting & Finance,2,0,1,1,2022-03-30,1,0,1,2,999,100,1.0,1.0,1.0,0,0,101-500,0,1112.0
6256,jobma,Accounting & Finance,2,0,1,1,2022-03-30,1,1,1,2,21,100,1.0,1.0,1.0,1,0,1-25,0,1112.0
6257,jobma,Accounting & Finance,72,0,1,0,2022-03-30,1,1,1,2,16,100,1.0,1.0,1.0,1,0,26-100,0,1112.0
6258,Jobma,Accounting & Finance,2,0,1,1,2022-03-30,1,0,1,1,999,100,1.0,1.0,1.0,0,0,26-100,0,1112.0
6259,Test Company,Accounting & Finance,72,0,1,1,2022-03-30,1,0,1,2,0,100,1.0,1.0,1.0,1,0,1-25,0,1112.0
6260,Test Company,Accounting & Finance,72,0,1,1,2022-03-30,1,0,1,2,0,100,1.0,1.0,1.0,1,0,1-25,0,1112.0
6261,jobma,Accounting & Finance,72,0,1,1,2022-03-30,1,0,1,2,0,100,1.0,1.0,1.0,1,0,1-25,0,1112.0
6262,DDI,Accounting & Finance,73,0,1,1,2022-03-31,1,1,1,2,10,10000,1.0,1.0,1.0,1,0,26-100,0,1111.0
6263,DDI,Accounting & Finance,2,0,1,0,2022-03-31,1,0,1,1,0,100,1.0,1.0,1.0,0,0,26-100,0,1111.0
6264,Test Company,Accounting & Finance,"21,41,62",0,1,1,2022-03-31,1,0,1,2,1,100,1.0,1.0,1.0,0,0,500-1000,0,1111.0
6265,Test Company,Accounting & Finance,3,0,1,1,2022-03-31,1,0,1,2,1,10000,1.0,1.0,1.0,1,0,500-1000,0,1111.0
6266,Incento,Accounting & Finance,23,0,1,1,2022-03-31,1,0,1,2,10,10000,1.0,1.0,1.0,1,0,26-100,0,1111.0
6267,Water supply company,Accounting & Finance,24,0,1,1,2022-03-31,1,0,1,2,10,100,1.0,1.0,1.0,0,0,101-500,0,1111.0
6268,Ultra tech,Accounting & Finance,14,0,1,1,2022-03-31,1,0,1,2,999,10000,1.0,1.0,1.0,1,0,26-100,0,1111.0
6269,Juke ltd,Accounting & Finance,16,0,1,1,2022-03-31,1,0,1,2,1,10000,1.0,1.0,1.0,1,0,26-100,0,1111.0
6270,darcl,Accounting & Finance,15,0,1,1,2022-03-31,1,0,1,2,999,100,1.0,1.0,1.0,0,0,101-500,0,1111.0
6271,cars24,Accounting & Finance,4,0,1,1,2022-03-31,1,0,1,2,5,100,1.0,1.0,1.0,0,0,26-100,0,1111.0
6272,Testing Properly,Accounting & Finance,2,0,1,1,2022-03-31,1,0,1,2,1,10000,1.0,1.0,1.0,1,0,26-100,0,1111.0
6273,Testing Words,Accounting & Finance,2,0,1,1,2022-03-31,1,0,1,2,999,100,1.0,1.0,1.0,0,0,101-500,0,1111.0
6276,Testing Preserverance,Accounting & Finance,231,0,1,1,2022-03-31,1,1,1,2,2,10000,1.0,1.0,1.0,1,0,26-100,0,1111.0
6277,Jobma Hiring,Accounting & Finance,72,0,1,1,2022-03-31,1,0,1,2,10,10000,1.0,1.0,1.0,1,0,101-500,0,1111.0
6278,Cooks in Minutes,Accounting & Finance,2,0,1,1,2022-03-31,1,0,1,2,999,10000,1.0,1.0,1.0,1,0,500-1000,0,1111.0
6279,Harish,Accounting & Finance,231,0,1,1,2022-03-31,1,0,1,2,10,10000,1.0,1.0,1.0,1,0,101-500,0,1111.0
6280,SSI indore,Accounting & Finance,2,0,1,0,2022-03-31,1,0,1,1,0,100,1.0,1.0,1.0,0,0,More than 1000,0,1111.0
6283,jobma,Accounting & Finance,72,0,1,1,2022-03-31,1,0,1,2,1,100,1.0,1.0,1.0,1,0,26-100,0,1111.0
6284,DDIK,Accounting & Finance,78,0,1,1,2022-03-31,1,0,1,2,10,10000,1.0,1.0,1.0,1,0,101-500,0,1111.0
6285,DARCL,Accounting & Finance,2,0,1,1,2022-03-31,1,0,1,2,0,100,1.0,1.0,1.0,1,0,101-500,0,1111.0
6286,DDIK,Accounting & Finance,73,0,1,1,2022-03-31,1,0,1,2,0,100,1.0,1.0,1.0,1,0,26-100,0,1111.0
6287,Darcl,Accounting & Finance,54,0,1,1,2022-03-31,1,1,1,1,16,100,1.0,1.0,1.0,1,0,26-100,0,1111.0
6288,DARCL,Accounting & Finance,3,0,1,1,2022-03-31,1,0,1,2,999,100,1.0,1.0,1.0,0,0,101-500,0,1111.0
6289,Hackthon,Accounting & Finance,72,0,1,1,2022-03-31,1,0,1,2,10,10000,1.0,1.0,1.0,1,0,1-25,0,1111.0
6290,JOBMA Indore,Accounting & Finance,2,0,1,0,2022-03-31,1,0,1,1,0,100,1.0,1.0,1.0,0,0,500-1000,0,1111.0
6291,JOBMA Indore,Accounting & Finance,2,0,1,0,2022-03-31,1,0,1,1,0,100,1.0,1.0,1.0,0,0,500-1000,0,1111.0
6292,JOBMA Indore,Accounting & Finance,2,0,1,0,2022-03-31,1,0,1,1,0,100,1.0,1.0,1.0,0,0,500-1000,0,1111.0
6293,Basic Testing,Accounting & Finance,72,0,1,1,2022-03-31,1,1,1,2,2,10000,1.0,1.0,1.0,1,0,26-100,0,1111.0
6294,JOBMA Indore,Accounting & Finance,2,0,1,0,2022-03-31,1,0,1,1,0,100,1.0,1.0,1.0,0,0,500-1000,0,1111.0
6295,JOBMA Indore,Accounting & Finance,2,0,1,0,2022-03-31,1,0,1,1,0,100,1.0,1.0,1.0,0,0,500-1000,0,1111.0
6296,JOBMA Indore,Accounting & Finance,2,0,1,0,2022-03-31,1,0,1,1,0,100,1.0,1.0,1.0,0,0,500-1000,0,1111.0
6297,JOBMA Indore,Accounting & Finance,2,0,1,0,2022-03-31,1,0,1,1,0,100,1.0,1.0,1.0,0,0,500-1000,0,1111.0
6298,JOBMA Indore,Accounting & Finance,2,0,1,0,2022-03-31,1,0,1,1,0,100,1.0,1.0,1.0,0,0,500-1000,0,1111.0
6299,JOBMA Indore,Accounting & Finance,2,0,1,0,2022-03-31,1,0,1,1,0,100,1.0,1.0,1.0,0,0,500-1000,0,1111.0
6300,JOBMA Indore,Accounting & Finance,2,0,1,0,2022-03-31,1,0,1,1,0,100,1.0,1.0,1.0,0,0,500-1000,0,1111.0
6301,jobma,Accounting & Finance,2,0,1,1,2022-03-31,1,0,1,2,0,100,1.0,1.0,1.0,0,0,26-100,0,1111.0
6302,Optum,Accounting & Finance,4,0,1,1,2022-03-31,1,0,1,2,999,100,1.0,1.0,1.0,0,0,101-500,0,1111.0
6303,Mama earth,Accounting & Finance,87,0,1,1,2022-03-31,1,0,1,2,0,100,1.0,1.0,1.0,1,0,101-500,0,1111.0
6304,Jk tech,Accounting & Finance,47,0,1,1,2022-03-31,1,0,1,2,0,100,1.0,1.0,1.0,1,0,101-500,0,1111.0
6305,UO Testing,Accounting & Finance,72,0,1,1,2022-03-31,1,0,1,2,0,100,1.0,1.0,1.0,1,0,26-100,0,1111.0
6306,UO Testing,Accounting & Finance,72,0,1,1,2022-03-31,1,0,1,2,0,100,1.0,1.0,1.0,1,0,26-100,0,1111.0
6307,UO Testing,Accounting & Finance,72,0,1,1,2022-03-31,1,0,1,2,0,100,1.0,1.0,1.0,1,0,26-100,0,1111.0
6308,Test,Accounting & Finance,231,0,1,1,2022-03-31,1,0,1,2,0,100,1.0,1.0,1.0,1,0,26-100,0,1111.0
6309,Test,Accounting & Finance,231,0,1,1,2022-03-31,1,0,1,2,0,100,1.0,1.0,1.0,1,0,26-100,0,1111.0
6310,IG,Accounting & Finance,2,0,1,1,2022-03-31,1,0,1,2,10,100,1.0,1.0,1.0,1,0,26-100,0,1111.0
6311,Bengal Testing,Accounting & Finance,2,0,1,1,2022-03-31,1,0,1,2,0,100,1.0,1.0,1.0,1,0,101-500,0,1111.0
6312,Gaurav Testing,Accounting & Finance,72,0,1,1,2022-04-01,1,1,1,2,10,10000,1.0,1.0,1.0,1,0,26-100,0,1110.0
6313,anand Diary,Accounting & Finance,231,0,1,1,2022-04-01,1,0,1,2,0,100,1.0,1.0,1.0,1,0,26-100,0,1110.0
6314,anand Diary,Accounting & Finance,231,0,1,1,2022-04-01,1,0,1,2,0,100,1.0,1.0,1.0,1,0,26-100,0,1110.0
6315,DDIK,Accounting & Finance,2,0,1,0,2022-04-01,1,0,1,1,0,100,1.0,1.0,1.0,0,0,101-500,0,1110.0
6316,Optum,Accounting & Finance,2,0,1,0,2022-04-01,1,0,1,1,0,100,1.0,1.0,1.0,0,0,101-500,0,1110.0
6317,Darcl,Accounting & Finance,2,0,1,0,2022-04-01,1,0,1,1,0,100,1.0,1.0,1.0,0,0,26-100,0,1110.0
6318,Select Source,Accounting & Finance,2,0,1,0,2022-04-01,1,0,1,1,0,100,1.0,1.0,1.0,0,0,26-100,0,1110.0
6319,bhu,Accounting & Finance,73,0,1,1,2022-04-01,1,0,1,2,10,10000,1.0,1.0,1.0,1,0,26-100,0,1110.0
6320,DDI,Accounting & Finance,2,0,1,0,2022-04-01,1,0,1,1,0,100,1.0,1.0,1.0,0,0,26-100,0,1110.0
6321,Testing Rishabh,Accounting & Finance,2,0,1,1,2022-04-01,1,1,1,2,11,10000,1.0,1.0,1.0,1,0,101-500,0,1110.0
6322,DDIK,Accounting & Finance,2,0,1,0,2022-04-01,1,0,1,1,0,100,1.0,1.0,1.0,0,0,101-500,0,1110.0
6323,Rishabh Testing Mails,Accounting & Finance,2,0,1,1,2022-04-01,1,1,1,2,11,10000,1.0,1.0,1.0,1,0,26-100,0,1110.0
6324,Abhit Testing Ltd,Accounting & Finance,2,0,1,1,2022-04-01,1,0,1,2,10,10000,1.0,1.0,1.0,1,0,101-500,0,1110.0
6325,Darcl,Accounting & Finance,2,0,1,0,2022-04-01,1,0,1,1,0,100,1.0,1.0,1.0,0,0,26-100,0,1110.0
6326,TRENEW,Accounting & Finance,72,0,1,1,2022-04-01,1,0,1,2,1,10000,1.0,1.0,1.0,1,0,26-100,0,1110.0
6327,DARCL,Accounting & Finance,2,0,1,0,2022-04-01,1,0,1,1,0,100,1.0,1.0,1.0,0,0,101-500,0,1110.0
6328,Naren Testing,Accounting & Finance,1,0,1,1,2022-04-01,1,0,1,2,1,10000,1.0,1.0,1.0,1,0,101-500,0,1110.0
6329,DARCL,Accounting & Finance,2,0,1,0,2022-04-01,1,0,1,1,0,100,1.0,1.0,1.0,0,0,101-500,0,1110.0
6330,Ranjan Testing,Accounting & Finance,2,0,1,0,2022-04-01,1,0,1,1,0,100,1.0,1.0,1.0,0,0,26-100,0,1110.0
6331,Testing Overall,Accounting & Finance,2,0,1,0,2022-04-01,1,0,1,1,0,100,1.0,1.0,1.0,0,0,500-1000,0,1110.0
6332,Anirudh Testing Live,Accounting & Finance,3,0,1,1,2022-04-04,1,0,1,2,999,100,1.0,1.0,1.0,0,0,101-500,0,1107.0
6333,Saurabh,Accounting & Finance,2,0,1,1,2022-04-04,1,0,1,2,0,100,1.0,1.0,1.0,0,0,1-25,0,1107.0
6334,Darcl,Accounting & Finance,2,0,1,0,2022-04-04,1,0,1,1,0,100,1.0,1.0,1.0,0,0,1-25,0,1107.0
6335,Sri infotech,Accounting & Finance,2,0,1,1,2022-04-04,1,0,1,2,999,10000,1.0,1.0,1.0,1,0,26-100,0,1107.0
6336,Sri infotech,Accounting & Finance,2,0,1,0,2022-04-04,1,0,1,1,0,100,1.0,1.0,1.0,0,0,26-100,0,1107.0
6337,Infotech,Accounting & Finance,75,0,1,1,2022-04-04,1,0,1,2,10,10000,1.0,1.0,1.0,1,0,1-25,0,1107.0
6338,Infotech,Accounting & Finance,2,0,1,0,2022-04-04,1,0,1,1,0,100,1.0,1.0,1.0,0,0,1-25,0,1107.0
6339,Sri infotech,Accounting & Finance,2,0,1,0,2022-04-04,1,0,1,1,0,100,1.0,1.0,1.0,0,0,26-100,0,1107.0
6340,Sri infotech,Accounting & Finance,2,0,1,0,2022-04-04,1,0,1,1,0,100,1.0,1.0,1.0,0,0,26-100,0,1107.0
6341,Sri infotech,Accounting & Finance,2,0,1,0,2022-04-04,1,0,1,1,0,100,1.0,1.0,1.0,0,0,26-100,0,1107.0
6342,Sri infotech,Accounting & Finance,3,0,1,1,2022-04-04,1,0,1,2,10,10000,1.0,1.0,1.0,1,0,101-500,0,1107.0
6343,Sri infotech,Accounting & Finance,2,0,1,0,2022-04-04,1,0,1,1,0,100,1.0,1.0,1.0,0,0,101-500,0,1107.0
6344,Sri infotech,Accounting & Finance,4,0,1,1,2022-04-04,1,0,1,2,1,100,1.0,1.0,1.0,0,0,101-500,0,1107.0
6345,Sri infotech,Accounting & Finance,2,0,1,0,2022-04-04,1,0,1,1,0,100,1.0,1.0,1.0,0,0,101-500,0,1107.0
6346,Sri infotech,Accounting & Finance,4,0,1,1,2022-04-04,1,0,1,2,1,10000,1.0,1.0,1.0,1,0,101-500,0,1107.0
6347,Sri infotech,Accounting & Finance,2,0,1,0,2022-04-04,1,0,1,1,0,100,1.0,1.0,1.0,0,0,101-500,0,1107.0
6348,1234,Accounting & Finance,3,0,1,1,2022-04-04,1,0,1,2,10,100,1.0,1.0,1.0,0,0,101-500,0,1107.0
6349,1234,Accounting & Finance,2,0,1,0,2022-04-04,1,0,1,1,0,100,1.0,1.0,1.0,0,0,101-500,0,1107.0
6350,Tech Big,Accounting & Finance,72,0,1,1,2022-04-04,1,0,1,2,1,10000,1.0,1.0,1.0,1,0,1-25,0,1107.0
6351,TRENEW,Accounting & Finance,2,0,1,0,2022-04-04,1,0,1,1,0,100,1.0,1.0,1.0,0,0,26-100,0,1107.0
6352,Delhivery,Accounting & Finance,7,0,1,1,2022-04-04,1,0,1,2,1,100,1.0,1.0,1.0,0,0,1-25,0,1107.0
6353,Testing Farukh,Accounting & Finance,4,0,1,1,2022-04-04,1,0,1,2,10,100,1.0,1.0,1.0,0,0,26-100,0,1107.0
6354,renew,Accounting & Finance,73,0,1,1,2022-04-04,1,0,1,2,10,10000,0.0,0.0,1.0,1,0,101-500,0,1107.0
6355,JOBMA indore,Accounting & Finance,23,0,1,1,2022-04-04,1,0,1,2,1,10000,0.0,0.0,1.0,1,0,More than 1000,0,1107.0
6356,Jobma,Accounting & Finance,73,0,1,1,2022-04-04,1,0,1,2,1,10000,0.0,0.0,1.0,1,0,101-500,0,1107.0
6357,Testing Name,Accounting & Finance,72,0,1,1,2022-04-04,1,0,1,2,10,100,1.0,1.0,1.0,0,0,26-100,0,1107.0
6358,Sri infotech,Accounting & Finance,72,0,1,1,2022-04-05,1,0,1,2,1,10000,1.0,1.0,1.0,1,0,26-100,0,1106.0
6359,Sri infotech,Accounting & Finance,72,0,1,1,2022-04-05,1,1,1,2,3,10000,1.0,1.0,1.0,1,0,101-500,0,1106.0
6360,Sri infotech,Accounting & Finance,2,0,1,0,2022-04-05,1,0,1,1,0,100,1.0,1.0,1.0,0,0,101-500,0,1106.0
6361,Test Company,Accounting & Finance,72,0,1,1,2022-04-05,1,0,1,2,0,100,1.0,1.0,1.0,1,0,26-100,0,1106.0
6362,Sri infotech,Accounting & Finance,2,0,1,1,2022-04-05,1,0,1,2,10,10000,1.0,1.0,1.0,1,0,101-500,0,1106.0
6363,abc,Accounting & Finance,72,0,1,1,2022-04-05,1,0,1,2,0,100,1.0,1.0,1.0,1,0,26-100,0,1106.0
6364,Test Company,Accounting & Finance,73,0,1,1,2022-04-05,1,0,1,2,0,100,1.0,1.0,1.0,1,0,101-500,0,1106.0
6365,Delta tower,Accounting & Finance,2,0,1,1,2022-04-05,1,0,1,2,1,100,1.0,1.0,1.0,1,0,500-1000,0,1106.0
6366,Delta tower,Accounting & Finance,2,0,1,0,2022-04-05,1,0,1,1,0,100,1.0,1.0,1.0,0,0,500-1000,0,1106.0
6367,Sri infotech,Accounting & Finance,72,0,1,1,2022-04-05,1,0,1,2,10,100,1.0,1.0,1.0,1,0,101-500,0,1106.0
6368,Sri infotech,Accounting & Finance,2,0,1,0,2022-04-05,1,0,1,1,0,100,1.0,1.0,1.0,0,0,101-500,0,1106.0
6369,Sri infotech,Accounting & Finance,73,0,1,1,2022-04-05,1,0,1,2,0,100,1.0,1.0,1.0,1,0,101-500,0,1106.0
6370,test comp,Accounting & Finance,2,0,1,1,2022-04-05,1,0,1,2,0,100,1.0,1.0,1.0,1,0,26-100,0,1106.0
6371,test company,Accounting & Finance,231,0,1,1,2022-04-05,1,0,1,2,0,100,1.0,1.0,1.0,1,0,26-100,0,1106.0
6381,jobma,Accounting & Finance,72,0,1,0,2022-04-06,1,0,1,2,0,100,1.0,1.0,1.0,1,0,26-100,0,1105.0
6382,Sri infotech,Accounting & Finance,74,0,1,1,2022-04-11,1,0,1,2,1,100,1.0,1.0,1.0,1,0,101-500,0,1100.0
6383,Test Company,Accounting & Finance,73,0,1,1,2022-04-11,1,0,1,2,0,100,1.0,1.0,1.0,1,0,26-100,0,1100.0
6384,sri infotech,Accounting & Finance,2,0,1,1,2022-04-11,1,0,1,2,0,100,1.0,1.0,1.0,1,0,26-100,0,1100.0
6385,Sri infotech,Accounting & Finance,73,0,1,-1,2022-04-11,1,0,1,2,0,100,1.0,1.0,1.0,1,0,101-500,0,1100.0
6386,Sri Infotech,Accounting & Finance,73,0,1,1,2022-04-11,1,0,1,2,0,100,1.0,1.0,1.0,1,0,101-500,0,1100.0
6387,Sri infotech,Accounting & Finance,2,0,1,1,2022-04-11,1,0,1,2,0,100,1.0,1.0,1.0,1,0,101-500,0,1100.0
6388,Sri infotech,Accounting & Finance,2,0,1,1,2022-04-11,1,0,1,2,0,100,1.0,1.0,1.0,0,0,26-100,0,1100.0
6389,Test Compnay,Accounting & Finance,72,0,1,1,2022-04-11,1,0,1,2,1,10000,1.0,1.0,1.0,1,0,1-25,0,1100.0
6390,jobma,Accounting & Finance,7,0,1,1,2022-04-11,1,0,1,2,1,10000,1.0,1.0,1.0,1,0,26-100,0,1100.0
6391,Test Company,Accounting & Finance,72,0,1,1,2022-04-11,1,0,1,2,1,100,1.0,1.0,1.0,1,0,1-25,0,1100.0
6392,abc,Accounting & Finance,51,0,1,1,2022-04-11,1,0,1,2,10,10000,1.0,1.0,1.0,1,0,26-100,0,1100.0
6393,ibm,Accounting & Finance,23,0,1,1,2022-04-11,1,0,1,2,1,100,1.0,1.0,1.0,1,0,101-500,0,1100.0
6394,Bridge,Accounting & Finance,72,0,1,1,2022-04-11,1,0,1,2,1,100,1.0,1.0,1.0,1,0,1-25,0,1100.0
6395,Sri infotech,Accounting & Finance,4,0,1,1,2022-04-11,1,0,1,2,10,100,1.0,1.0,1.0,0,0,26-100,0,1100.0
6396,jkl,Accounting & Finance,74,0,1,1,2022-04-11,1,0,1,2,10,10000,1.0,1.0,1.0,1,0,1-25,0,1100.0
6397,ibm,Accounting & Finance,231,0,1,1,2022-04-11,1,0,1,2,1,100,1.0,1.0,1.0,1,0,1-25,0,1100.0
6398,qwe,Accounting & Finance,72,0,1,1,2022-04-11,1,0,1,2,10,10000,1.0,1.0,1.0,1,0,101-500,0,1100.0
6399,dsfsdf,Accounting & Finance,2,0,1,1,2022-04-11,1,0,1,2,1,10000,1.0,1.0,1.0,1,0,26-100,0,1100.0
6400,fsdf,Accounting & Finance,2,0,1,1,2022-04-11,1,0,1,2,1,10000,1.0,1.0,1.0,1,0,26-100,0,1100.0
6401,Sri infotech,Accounting & Finance,3,0,1,1,2022-04-11,1,0,1,2,10,100,1.0,1.0,1.0,0,0,500-1000,0,1100.0
6402,Sri Infotech,Accounting & Finance,3,0,1,1,2022-04-11,1,0,1,2,11,100,1.0,1.0,1.0,0,0,26-100,0,1100.0
6403,Sri infotech,Accounting & Finance,2,0,1,1,2022-04-11,1,0,1,2,10,100,1.0,1.0,1.0,0,0,101-500,0,1100.0
6404,Test Company,Accounting & Finance,"72,2,73",0,1,1,2022-04-12,1,0,1,2,1,10000,1.0,1.0,1.0,1,0,101-500,0,1099.0
6405,Testing Coding,Accounting & Finance,72,0,1,1,2022-04-12,1,1,1,2,1,100,1.0,1.0,1.0,1,0,1-25,0,1099.0
6406,Test Company,Accounting & Finance,72,0,1,1,2022-04-12,1,0,1,2,1,100,1.0,1.0,1.0,1,0,1-25,0,1099.0
6407,Testing Coding,Accounting & Finance,2,0,1,0,2022-04-12,1,0,1,1,0,100,1.0,1.0,1.0,0,0,1-25,0,1099.0
6408,Demo,Accounting & Finance,"85,23",0,1,1,2022-04-12,1,0,1,2,10,100,1.0,1.0,1.0,1,0,1-25,0,1099.0
6409,Demo,Accounting & Finance,23,0,1,1,2022-04-13,1,0,1,2,10,10000,1.0,1.0,1.0,1,0,1-25,0,1098.0
6410,Testing,Accounting & Finance,23,0,1,1,2022-04-13,1,0,1,2,10,10000,1.0,1.0,1.0,1,0,1-25,0,1098.0
6411,jobma 12222,Accounting & Finance,"231,7",0,2,1,2022-04-13,1,1,1,1,4,10000,1.0,1.0,1.0,1,0,26-100,0,1098.0
6412,Testing,Accounting & Finance,23,0,1,1,2022-04-13,1,0,1,2,10,10000,1.0,1.0,1.0,1,0,1-25,0,1098.0
6413,SSI,Accounting & Finance,72,0,1,1,2022-04-13,1,0,1,2,1,10000,1.0,1.0,1.0,1,0,1-25,0,1098.0
6414,SelectSource,Accounting & Finance,85,0,1,1,2022-04-13,1,0,1,2,10,10000,1.0,1.0,1.0,1,0,500-1000,0,1098.0
6415,Jobma,Accounting & Finance,231,0,1,1,2022-04-14,1,0,1,2,1,10000,1.0,1.0,1.0,1,0,1-25,0,1097.0
6416,Software Development,Accounting & Finance,23,0,1,1,2022-04-14,1,0,1,2,10,10000,1.0,1.0,1.0,1,0,1-25,0,1097.0
6417,jobma,Accounting & Finance,1,0,1,1,2022-04-14,1,0,1,2,0,100,1.0,1.0,1.0,0,0,1-25,0,1097.0
6418,Jobma ssi,Accounting & Finance,23,0,1,1,2022-04-14,1,0,1,2,10,10000,1.0,1.0,1.0,1,0,500-1000,0,1097.0
6419,Jobma ssi,Accounting & Finance,2,0,1,1,2022-04-14,1,0,1,1,0,100,1.0,1.0,1.0,0,0,500-1000,0,1097.0
6420,SSI JOBMA,Accounting & Finance,23,0,1,1,2022-04-14,1,0,1,2,10,10000,1.0,1.0,1.0,1,0,500-1000,0,1097.0
6421,jobma,Accounting & Finance,72,0,1,0,2022-04-14,1,0,1,2,0,100,1.0,1.0,1.0,1,0,1-25,0,1097.0
6422,jobma us,Accounting & Finance,23,0,1,1,2022-04-14,1,0,1,2,1,100,1.0,1.0,1.0,1,0,1-25,0,1097.0
6423,jobma us,Accounting & Finance,2,0,1,0,2022-04-14,1,0,1,1,0,100,1.0,1.0,1.0,0,0,1-25,0,1097.0
6424,jobma,Accounting & Finance,231,0,1,0,2022-04-14,1,0,1,2,0,100,1.0,1.0,1.0,1,0,1-25,0,1097.0
6425,Optum,Accounting & Finance,2,0,1,0,2022-04-14,1,0,1,1,0,100,1.0,1.0,1.0,0,0,26-100,0,1097.0
6426,jobma,Accounting & Finance,2,0,1,1,2022-04-14,1,0,1,2,1,100,1.0,1.0,1.0,0,0,26-100,0,1097.0
6427,SSI indore,Accounting & Finance,233,0,1,1,2022-04-14,1,1,1,2,6,10000,1.0,1.0,1.0,1,0,1-25,0,1097.0
6428,Test Company,Accounting & Finance,2,0,1,1,2022-04-14,1,0,1,2,1,10000,1.0,1.0,1.0,1,0,1-25,0,1097.0
6429,Test Company,Accounting & Finance,72,0,1,1,2022-04-14,1,0,1,2,1,10000,1.0,1.0,1.0,1,0,26-100,0,1097.0
6430,jaymishra,Accounting & Finance,2,0,1,1,2022-04-15,1,0,1,2,10,10000,1.0,1.0,1.0,1,0,26-100,0,1096.0
6431,saad,Accounting & Finance,2,0,1,1,2022-04-15,1,0,1,2,10,10000,1.0,1.0,1.0,1,0,1-25,0,1096.0
6432,SSI indore,Accounting & Finance,2,0,1,0,2022-04-15,1,0,1,1,0,100,1.0,1.0,1.0,0,0,1-25,0,1096.0
6433,ghj,Accounting & Finance,2,0,1,1,2022-04-15,1,0,1,2,10,10000,1.0,1.0,1.0,1,0,26-100,0,1096.0
6434,SSI indore,Accounting & Finance,2,0,1,0,2022-04-15,1,0,1,1,0,100,1.0,1.0,1.0,0,0,1-25,0,1096.0
6435,SelectSource,Accounting & Finance,2,0,1,0,2022-04-15,1,0,1,1,0,100,1.0,1.0,1.0,0,0,500-1000,0,1096.0
6436,PayUMoney,Accounting & Finance,72,0,1,1,2022-04-15,1,1,1,2,10,10000,1.0,1.0,1.0,1,0,26-100,0,1096.0
6437,PaperTest,Accounting & Finance,72,0,1,1,2022-04-15,1,1,1,2,12,100,1.0,1.0,1.0,1,0,26-100,0,1096.0
6438,Jk tech,Accounting & Finance,3,0,1,1,2022-04-15,1,0,1,2,5,10000,1.0,1.0,1.0,1,0,101-500,0,1096.0
6439,Sri infotech,Accounting & Finance,4,0,1,1,2022-04-18,1,0,1,2,1,100,1.0,1.0,1.0,0,0,500-1000,0,1093.0
6440,Sri infotech,Accounting & Finance,2,0,1,0,2022-04-18,1,0,1,1,0,100,1.0,1.0,1.0,0,0,500-1000,0,1093.0
6443,Sri infotech,Accounting & Finance,4,0,1,0,2022-04-18,1,1,1,1,10,100,1.0,1.0,1.0,0,0,26-100,0,1093.0
6444,JOBMA indore,Accounting & Finance,23,0,1,1,2022-04-18,1,0,1,2,10,10000,1.0,1.0,1.0,1,0,26-100,0,1093.0
6445,Sri infotech,Accounting & Finance,3,0,1,1,2022-04-18,1,0,1,2,999,100,1.0,1.0,1.0,0,0,500-1000,0,1093.0
6446,Sri infotech,Accounting & Finance,2,0,1,0,2022-04-18,1,0,1,1,0,100,1.0,1.0,1.0,0,0,500-1000,0,1093.0
6447,ded,Accounting & Finance,1,0,1,1,2022-04-18,1,1,1,2,2,10000,1.0,1.0,1.0,1,0,26-100,0,1093.0
6448,JOBMA indore,Accounting & Finance,2,0,1,0,2022-04-18,1,0,1,1,0,100,1.0,1.0,1.0,0,0,26-100,0,1093.0
6449,Test Compnay,Accounting & Finance,72,0,1,1,2022-04-18,1,0,1,2,1,10000,1.0,1.0,1.0,1,0,26-100,0,1093.0
6450,monthlycredits,Accounting & Finance,2,0,1,1,2022-04-18,1,0,1,2,1,10000,1.0,1.0,1.0,1,0,26-100,0,1093.0
6451,Sri infotech,Accounting & Finance,4,0,1,1,2022-04-18,1,0,1,2,999,100,1.0,1.0,1.0,0,0,26-100,0,1093.0
6452,Sri infotech,Accounting & Finance,2,0,1,0,2022-04-18,1,0,1,1,0,100,1.0,1.0,1.0,0,0,26-100,0,1093.0
6453,Sri infotech,Accounting & Finance,3,0,1,1,2022-04-18,1,1,1,2,8,10000,1.0,1.0,1.0,1,0,500-1000,0,1093.0
6454,Sri infotech,Accounting & Finance,2,0,1,0,2022-04-18,1,0,1,1,0,100,1.0,1.0,1.0,0,0,500-1000,0,1093.0
6455,delta tower,Accounting & Finance,4,0,1,1,2022-04-18,1,1,1,2,27,10000,1.0,1.0,1.0,1,0,101-500,0,1093.0
6456,delta tower,Accounting & Finance,2,0,1,0,2022-04-18,1,0,1,1,0,100,1.0,1.0,1.0,0,0,101-500,0,1093.0
6457,Sri infotech,Accounting & Finance,3,0,1,1,2022-04-18,1,0,1,2,999,10000,1.0,1.0,1.0,1,0,26-100,0,1093.0
6458,Sri infotech,Accounting & Finance,2,0,1,0,2022-04-18,1,0,1,1,0,100,1.0,1.0,1.0,0,0,26-100,0,1093.0
6459,Sriinfotech,Accounting & Finance,72,0,1,1,2022-04-18,1,0,1,2,1,10000,1.0,1.0,1.0,1,0,26-100,0,1093.0
6460,Sriinfotech,Accounting & Finance,2,0,1,0,2022-04-18,1,0,1,1,0,100,1.0,1.0,1.0,0,0,26-100,0,1093.0
6461,Dekata,Accounting & Finance,2,0,1,1,2022-04-18,1,0,1,2,1,10000,1.0,1.0,1.0,1,0,500-1000,0,1093.0
6462,ssi,Accounting & Finance,2,0,1,1,2022-04-18,1,0,1,2,1,10000,1.0,1.0,1.0,1,0,26-100,0,1093.0
6463,Sri infotech,Accounting & Finance,2,0,1,1,2022-04-18,1,0,1,2,10,10000,1.0,1.0,1.0,1,0,101-500,0,1093.0
6464,Sri infotech,Accounting & Finance,2,0,1,0,2022-04-18,1,0,1,1,0,100,1.0,1.0,1.0,0,0,101-500,0,1093.0
6465,SSI Ggn,Accounting & Finance,"7,81,82",0,1,1,2022-04-18,1,0,1,2,1,10000,1.0,1.0,1.0,1,0,101-500,0,1093.0
6466,s;oixj,Accounting & Finance,236,0,1,1,2022-04-18,1,0,1,2,10,10000,1.0,1.0,1.0,1,0,500-1000,0,1093.0
6467,renew,Accounting & Finance,2,0,1,0,2022-04-18,1,0,1,1,0,100,1.0,1.0,1.0,0,0,101-500,0,1093.0
6468,delta,Accounting & Finance,72,0,1,0,2022-04-18,1,0,1,1,1,100,1.0,1.0,1.0,1,0,101-500,0,1093.0
6469,delta,Accounting & Finance,2,0,1,0,2022-04-18,1,0,1,1,0,100,1.0,1.0,1.0,0,0,101-500,0,1093.0
6470,ssi,Accounting & Finance,7,0,1,1,2022-04-18,1,0,1,2,1,10000,1.0,1.0,1.0,1,0,26-100,0,1093.0
6471,abhishek,Accounting & Finance,2,0,1,1,2022-04-18,1,1,1,2,11,100,1.0,1.0,1.0,1,0,26-100,0,1093.0
6472,abhishek,Accounting & Finance,2,0,1,0,2022-04-18,1,0,1,1,0,100,1.0,1.0,1.0,0,0,26-100,0,1093.0
6473,SSI GGN,Accounting & Finance,23,0,1,1,2022-04-18,1,0,1,2,1,10000,1.0,1.0,1.0,1,0,26-100,0,1093.0
6474,EFGH,Accounting & Finance,2,0,1,0,2022-04-18,1,0,1,1,0,100,1.0,1.0,1.0,0,0,26-100,0,1093.0
6475,ssi,Accounting & Finance,85,0,1,1,2022-04-18,1,1,1,1,1009,10000,1.0,1.0,1.0,0,0,1-25,0,1093.0
6476,SSI,Accounting & Finance,85,0,1,1,2022-04-18,1,1,1,2,3,10000,1.0,1.0,1.0,1,0,101-500,0,1093.0
6477,SSI,Accounting & Finance,85,0,1,1,2022-04-19,1,0,1,2,1,10000,1.0,1.0,1.0,1,0,1-25,0,1092.0
6478,Magma,Accounting & Finance,2,0,1,1,2022-04-19,1,0,1,2,1,10000,1.0,1.0,1.0,1,0,26-100,0,1092.0
6479,text,Accounting & Finance,72,0,1,1,2022-04-19,1,0,1,2,1,10000,1.0,1.0,1.0,1,0,1-25,0,1092.0
6480,Delta tower,Accounting & Finance,3,0,1,1,2022-04-19,1,0,1,2,999,100,1.0,1.0,1.0,0,0,101-500,0,1092.0
6481,Test Co,Accounting & Finance,73,0,1,1,2022-04-19,1,0,1,2,1,10000,1.0,1.0,1.0,1,0,500-1000,0,1092.0
6482,Delta tower,Accounting & Finance,2,0,1,0,2022-04-19,1,0,1,1,0,100,1.0,1.0,1.0,0,0,101-500,0,1092.0
6483,Delta tower,Accounting & Finance,4,0,1,1,2022-04-19,1,0,1,2,999,100,1.0,1.0,1.0,0,0,26-100,0,1092.0
6484,Delta tower,Accounting & Finance,2,0,1,0,2022-04-19,1,0,1,1,0,100,1.0,1.0,1.0,0,0,26-100,0,1092.0
6485,SSIII,Accounting & Finance,7,0,1,0,2022-04-19,1,0,1,1,999,10000,1.0,50.0,1.0,0,0,26-100,0,1092.0
6486,Kk trading group,Accounting & Finance,4,0,1,1,2022-04-19,1,0,1,2,999,10000,1.0,1.0,1.0,1,0,26-100,0,1092.0
6487,Kk trading group,Accounting & Finance,2,0,1,0,2022-04-19,1,0,1,1,0,100,1.0,1.0,1.0,0,0,26-100,0,1092.0
6488,ssi,Accounting & Finance,72,0,1,1,2022-04-19,1,0,1,2,1,10000,1.0,1.0,1.0,1,0,101-500,0,1092.0
6489,Sri infotech,Accounting & Finance,4,0,1,1,2022-04-19,1,0,1,2,999,10000,1.0,1.0,1.0,1,0,26-100,0,1092.0
6490,Sri infotech,Accounting & Finance,2,0,1,0,2022-04-19,1,0,1,1,0,100,1.0,1.0,1.0,0,0,26-100,0,1092.0
6491,5653,Accounting & Finance,3,0,1,1,2022-04-19,1,0,1,2,999,100,1.0,1.0,1.0,0,0,101-500,0,1092.0
6492,5653,Accounting & Finance,2,0,1,0,2022-04-19,1,0,1,1,0,100,1.0,1.0,1.0,0,0,101-500,0,1092.0
6493,SSI,Accounting & Finance,2,0,1,0,2022-04-19,1,0,1,1,0,100,1.0,1.0,1.0,0,0,101-500,0,1092.0
6495,ssi,Accounting & Finance,2,0,1,0,2022-04-19,1,0,1,1,0,100,1.0,1.0,1.0,0,0,1-25,0,1092.0
6496,ssi,Accounting & Finance,2,0,1,0,2022-04-19,1,0,1,1,0,100,1.0,1.0,1.0,0,0,1-25,0,1092.0
6497,ssi,Accounting & Finance,2,0,1,0,2022-04-19,1,0,1,1,0,100,1.0,1.0,1.0,0,0,1-25,0,1092.0
6498,ssi,Accounting & Finance,2,0,1,0,2022-04-19,1,0,1,1,0,100,1.0,1.0,1.0,0,0,1-25,0,1092.0
6499,SIIII,Accounting & Finance,7,0,1,0,2022-04-19,1,0,1,2,10,100,1.0,1.0,1.0,0,0,1-25,0,1092.0
6500,Sri infotech,Accounting & Finance,73,0,1,0,2022-04-20,1,0,1,2,1,60,1.0,1.0,1.0,1,0,26-100,0,1091.0
6501,Sri Infotech,Accounting & Finance,73,0,1,0,2022-04-20,1,0,1,2,10,100,1.0,1.0,1.0,1,0,500-1000,0,1091.0
6502,SIIII,Accounting & Finance,231,0,1,1,2022-04-20,1,0,1,1,10,100,1.0,1.0,1.0,1,0,1-25,0,1091.0
6503,Delta tower,Accounting & Finance,3,0,1,1,2022-04-20,1,1,1,2,101,100,1.0,1.0,1.0,0,0,26-100,0,1091.0
6504,ssll,Accounting & Finance,2,0,1,1,2022-04-20,1,0,1,2,1,10000,1.0,10.0,1.0,0,0,1-25,0,1091.0
6505,Tesing,Accounting & Finance,2,0,1,0,2022-04-20,1,0,1,1,0,100,1.0,1.0,1.0,0,0,More than 1000,0,1091.0
6506,sii,Accounting & Finance,3,0,1,1,2022-04-20,1,0,1,2,10,10000,1.0,10.0,1.0,1,0,1-25,0,1091.0
6507,Jobma,Accounting & Finance,85,0,1,1,2022-04-21,1,0,1,2,10,10000,1.0,1.0,1.0,1,0,26-100,0,1090.0
6508,delta tower,Accounting & Finance,3,0,1,0,2022-04-21,1,0,1,1,10,100,1.0,1.0,1.0,0,0,101-500,0,1090.0
6509,SSI,Accounting & Finance,85,0,1,1,2022-04-21,1,1,1,2,101,10000,1.0,1.0,1.0,1,0,1-25,0,1090.0
6510,SSI,Accounting & Finance,2,0,1,0,2022-04-21,1,0,1,1,0,100,1.0,1.0,1.0,0,0,1-25,0,1090.0
6511,SSI,Accounting & Finance,2,0,1,0,2022-04-21,1,0,1,1,0,100,1.0,1.0,1.0,0,0,1-25,0,1090.0
6512,SSI,Accounting & Finance,2,0,1,0,2022-04-21,1,0,1,1,0,100,1.0,1.0,1.0,0,0,1-25,0,1090.0
6513,dasdsa,Accounting & Finance,2,0,1,1,2022-04-21,1,0,1,2,1,100,1.0,1.0,1.0,1,0,101-500,0,1090.0
6514,SIIII,Accounting & Finance,2,0,1,1,2022-04-21,1,0,1,2,1,10000,1.0,1.0,1.0,1,0,1-25,0,1090.0
6515,fuhs,Accounting & Finance,3,0,1,1,2022-04-21,1,0,1,2,10,100,1.0,1.0,1.0,0,0,101-500,0,1090.0
6516,dcg,Accounting & Finance,1,0,1,1,2022-04-21,1,0,1,2,10,100,1.0,1.0,1.0,0,0,26-100,0,1090.0
6517,Jobma,Accounting & Finance,85,0,1,1,2022-04-21,1,0,1,2,10,10000,1.0,1.0,1.0,1,0,26-100,0,1090.0
6518,JOBMA,Accounting & Finance,2,0,1,1,2022-04-21,1,0,1,2,1,100,1.0,1.0,1.0,1,0,1-25,0,1090.0
6519,Delta tower,Accounting & Finance,74,0,1,1,2022-04-21,1,0,1,2,1,100,1.0,1.0,1.0,1,0,101-500,0,1090.0
6520,Jobma,Accounting & Finance,85,0,1,1,2022-04-21,1,0,1,2,10,10000,1.0,1.0,1.0,1,0,26-100,0,1090.0
6521,ssssssdddd,Accounting & Finance,73,1,1,1,2022-04-21,1,0,1,2,1,100,1.0,1.0,1.0,0,0,1-25,0,1090.0
6522,JOBMA,Accounting & Finance,2,0,1,0,2022-04-21,1,0,1,1,0,100,1.0,1.0,1.0,0,0,1-25,0,1090.0
6523,Sri Infotecg,Accounting & Finance,2,0,1,1,2022-04-22,1,1,1,2,110,100,1.0,1.0,1.0,1,0,500-1000,0,1089.0
6524,SSIII,Accounting & Finance,89,0,1,1,2022-04-22,1,0,1,2,10,10000,1.0,1.0,1.0,1,0,26-100,0,1089.0
6525,SSIII,Accounting & Finance,2,0,1,1,2022-04-22,1,0,1,2,10,10000,1.0,1.0,1.0,1,0,1-25,0,1089.0
6526,delta da,Accounting & Finance,73,0,1,1,2022-04-22,1,0,1,2,1,10000,1.0,1.0,1.0,1,0,500-1000,0,1089.0
6527,Test Company,Accounting & Finance,74,0,1,1,2022-04-22,1,0,1,1,10,100,1.0,1.0,1.0,1,0,101-500,0,1089.0
6528,Test Company,Accounting & Finance,73,0,1,1,2022-04-22,1,1,1,2,11,10000,1.0,1.0,1.0,1,0,26-100,0,1089.0
6529,SSI,Accounting & Finance,124,0,1,1,2022-04-22,1,0,1,2,10,10000,1.0,1.0,1.0,1,0,26-100,0,1089.0
6530,SSI,Accounting & Finance,2,0,1,1,2022-04-22,1,0,1,2,1,10000,1.0,1.0,1.0,1,0,26-100,0,1089.0
6531,asas,Accounting & Finance,2,0,1,0,2022-04-22,1,0,1,1,0,100,1.0,1.0,1.0,0,0,101-500,0,1089.0
6532,Sri infotech,Accounting & Finance,74,0,1,1,2022-04-22,1,1,1,2,12,100,1.0,1.0,1.0,1,0,500-1000,0,1089.0
6533,ssi,Accounting & Finance,2,0,1,1,2022-04-22,1,0,1,2,10,10000,1.0,10.0,1.0,0,0,26-100,0,1089.0
6534,delta tower,Accounting & Finance,4,0,1,1,2022-04-22,1,0,1,2,999,100,1.0,1.0,1.0,0,0,101-500,0,1089.0
6535,Abc,Accounting & Finance,3,0,1,1,2022-04-22,1,0,1,2,10,100,1.0,1.0,1.0,0,0,101-500,0,1089.0
6536,Yash Testing,Accounting & Finance,74,1,1,1,2022-04-22,1,0,1,1,10,100,1.0,1.0,1.0,0,0,1-25,0,1089.0
6537,Sri Enterprises,Accounting & Finance,3,0,1,1,2022-04-22,1,0,1,2,999,100,1.0,1.0,1.0,0,0,101-500,0,1089.0
6538,SpecterLitt,Accounting & Finance,103,0,1,1,2022-04-22,1,0,1,2,1,10000,1.0,1.0,1.0,1,0,500-1000,0,1089.0
6539,SpecterLitt,Accounting & Finance,2,0,1,0,2022-04-22,1,0,1,1,0,100,1.0,1.0,1.0,0,0,500-1000,0,1089.0
6540,Sii,Accounting & Finance,2,0,1,0,2022-04-22,1,0,1,1,999,60,1.0,1.0,1.0,1,0,26-100,0,1089.0
6541,Sri Enterprises,Accounting & Finance,3,0,1,1,2022-04-22,1,0,1,2,10,100,1.0,1.0,1.0,0,0,26-100,0,1089.0
6542,SSI,Accounting & Finance,4,0,1,1,2022-04-22,1,0,1,2,999,10000,1.0,1.0,1.0,1,0,26-100,0,1089.0
6543,Toxsl,Accounting & Finance,"74,11",0,1,1,2022-04-22,1,0,1,1,10,10000,1.0,2.0,1.0,1,400,More than 1000,0,1089.0
6544,Rubal Testing,Accounting & Finance,73,0,1,1,2022-04-25,1,0,1,2,10,10000,1.0,1.0,1.0,1,0,500-1000,0,1086.0
6545,Jobma,Accounting & Finance,85,0,1,1,2022-04-25,1,0,1,2,1,100,1.0,1.0,1.0,1,0,1-25,0,1086.0
6546,Sri Interprises,Accounting & Finance,74,0,1,1,2022-04-25,1,1,1,2,10,100,1.0,1.0,1.0,1,0,500-1000,0,1086.0
6547,Jobma,Accounting & Finance,85,0,1,1,2022-04-25,1,0,1,2,1,100,1.0,1.0,1.0,1,0,1-25,0,1086.0
6548,Rubal Testing,Accounting & Finance,2,0,1,0,2022-04-25,1,0,1,1,0,100,1.0,1.0,1.0,0,0,500-1000,0,1086.0
6549,SSI,Accounting & Finance,7,0,1,1,2022-04-25,1,0,1,1,1,10000,1.0,1.0,1.0,1,0,101-500,0,1086.0
6550,Sri infotech,Accounting & Finance,2,0,1,0,2022-04-25,1,0,1,1,0,100,1.0,1.0,1.0,0,0,101-500,0,1086.0
6551,iiuiu,Accounting & Finance,73,0,1,1,2022-04-25,1,1,1,2,110,100,1.0,1.0,1.0,1,0,101-500,0,1086.0
6552,Tman,Accounting & Finance,73,0,1,1,2022-04-25,1,0,1,2,1,10000,1.0,1.0,1.0,1,0,101-500,0,1086.0
6553,sri infotech,Accounting & Finance,72,0,1,1,2022-04-25,1,0,1,2,10,100,1.0,1.0,1.0,1,0,26-100,0,1086.0
6554,Sri infotech,Accounting & Finance,74,0,1,1,2022-04-25,1,0,1,2,1,100,1.0,1.0,1.0,1,0,26-100,0,1086.0
6555,JOBMA,Accounting & Finance,2,0,1,0,2022-04-25,1,0,1,1,0,100,1.0,1.0,1.0,0,0,26-100,0,1086.0
6556,jobma,Accounting & Finance,72,0,1,1,2022-04-26,1,0,1,2,1,100,1.0,1.0,1.0,1,0,26-100,0,1085.0
6557,Jobma,Accounting & Finance,85,0,1,1,2022-04-26,1,0,1,2,10,100,1.0,1.0,1.0,1,0,1-25,0,1085.0
6558,Jobma,Accounting & Finance,2,0,1,1,2022-04-26,1,0,1,2,10,100,1.0,1.0,1.0,1,0,1-25,0,1085.0
6559,ewrwer,Accounting & Finance,2,0,1,1,2022-04-26,1,0,1,1,10,100,1.0,1.0,1.0,1,0,1-25,0,1085.0
6560,jobma,Accounting & Finance,72,0,1,1,2022-04-26,1,0,1,1,10,100,1.0,1.0,1.0,1,0,26-100,0,1085.0
6561,jobma,Accounting & Finance,72,0,1,1,2022-04-26,1,0,1,2,1,100,1.0,1.0,1.0,1,0,1-25,0,1085.0
6562,jobma,Accounting & Finance,231,0,1,1,2022-04-26,1,0,1,1,10,100,1.0,1.0,1.0,1,0,1-25,0,1085.0
6563,jobma,Accounting & Finance,231,0,1,1,2022-04-26,1,0,1,1,10,100,1.0,1.0,1.0,1,0,1-25,0,1085.0
6564,SIIII,Accounting & Finance,2,0,1,1,2022-04-27,1,0,1,2,10,100,1.0,1.0,1.0,1,0,1-25,0,1084.0
6565,SIIII,Accounting & Finance,2,0,1,1,2022-04-27,1,0,1,1,1,100,1.0,1.0,1.0,1,0,26-100,0,1084.0
6566,SIIII,Accounting & Finance,3,0,1,1,2022-04-27,1,0,1,2,1,100,1.0,1.0,1.0,0,0,26-100,0,1084.0
6621,sdfsdf,Accounting & Finance,2,0,1,1,2022-04-28,1,0,1,2,10,100,1.0,1.0,1.0,1,0,1-25,0,1083.0
6622,ssi,Accounting & Finance,72,0,1,1,2022-04-28,1,0,1,2,10,10000,1.0,1.0,1.0,1,0,1-25,0,1083.0
6623,Jobma,Accounting & Finance,73,0,1,1,2022-04-28,1,1,1,1,12,100,1.0,1.0,1.0,1,0,26-100,0,1083.0
6624,ssi,Accounting & Finance,2,0,1,1,2022-04-28,1,0,1,2,1,10000,1.0,1.0,1.0,1,0,More than 1000,0,1083.0
6625,Dev@123,Accounting & Finance,73,0,1,1,2022-04-28,1,0,1,2,10,100,1.0,1.0,1.0,1,0,101-500,0,1083.0
6626,jobma,Accounting & Finance,4,0,1,1,2022-04-28,1,0,1,2,1,100,1.0,1.0,1.0,0,0,26-100,0,1083.0
6627,Test International Company Pvt ok,Accounting & Finance,2,0,2,0,2022-04-29,1,0,1,1,0,100,1.0,1.0,1.0,0,0,500-1000,0,1082.0
6628,Test International Company Pvt ok,Accounting & Finance,2,0,2,0,2022-04-29,1,0,1,1,0,100,1.0,1.0,1.0,0,0,500-1000,0,1082.0
6629,Test International Company Pvt ok,Accounting & Finance,2,0,2,0,2022-04-29,1,0,1,1,0,100,1.0,1.0,1.0,0,0,500-1000,0,1082.0
6630,data dyanamx,Accounting & Finance,2,0,1,1,2022-04-29,1,0,1,2,999,10000,1.0,1.0,1.0,1,0,101-500,0,1082.0
6631,jobma,Accounting & Finance,4,0,1,1,2022-04-29,1,0,1,1,999,100,1.0,1.0,1.0,0,0,26-100,0,1082.0
6632,jobma,Accounting & Finance,2,0,1,1,2022-04-29,1,0,1,2,1,10000,1.0,1.0,1.0,1,0,26-100,0,1082.0
6633,jobma,Accounting & Finance,73,0,1,1,2022-04-29,1,0,1,2,1,100,1.0,1.0,1.0,1,0,26-100,0,1082.0
6634,SSI-JOBMA,Accounting & Finance,23,0,1,1,2022-04-29,1,0,1,2,1,10000,1.0,1.0,1.0,1,0,500-1000,0,1082.0
6635,Test International Company Pvt ok,Accounting & Finance,2,0,2,0,2022-04-29,1,0,1,1,0,100,1.0,1.0,1.0,0,0,500-1000,0,1082.0
6636,JOBMA,Accounting & Finance,23,0,1,1,2022-04-29,1,0,1,2,10,100,1.0,1.0,1.0,0,0,More than 1000,0,1082.0
6637,Test International Company Pvt ok,Accounting & Finance,2,0,2,0,2022-04-29,1,0,1,1,0,100,1.0,1.0,1.0,0,0,500-1000,0,1082.0
6638,SSI,Accounting & Finance,23,0,1,1,2022-04-29,1,0,1,2,10,100,1.0,1.0,1.0,0,0,500-1000,0,1082.0
6639,SSI,Accounting & Finance,23,0,1,1,2022-04-29,1,0,1,2,999,100,1.0,1.0,1.0,0,0,101-500,0,1082.0
6640,jobma,Accounting & Finance,2,0,1,0,2022-04-29,1,0,1,1,0,100,1.0,1.0,1.0,0,0,26-100,0,1082.0
6641,SSI indore,Accounting & Finance,7,0,1,1,2022-04-29,1,0,1,2,999,100,1.0,1.0,1.0,0,0,500-1000,0,1082.0
6642,Jobma,Accounting & Finance,2,0,1,0,2022-04-29,1,0,1,1,0,100,1.0,1.0,1.0,0,0,26-100,0,1082.0
6643,ABC,Accounting & Finance,2,0,1,1,2022-04-29,1,0,1,2,999,10000,1.0,1.0,1.0,1,0,26-100,0,1082.0
6644,Jobma,Accounting & Finance,3,0,1,1,2022-04-29,1,0,1,1,1,100,1.0,1.0,1.0,0,0,101-500,0,1082.0
6645,SSI indore,Accounting & Finance,7,0,1,1,2022-04-29,1,1,1,2,2,10000,1.0,1.0,1.0,1,0,500-1000,0,1082.0
6646,test com,Accounting & Finance,72,0,1,1,2022-04-29,1,0,1,2,1,100,1.0,1.0,1.0,1,0,101-500,0,1082.0
6647,tset,Accounting & Finance,2,0,1,1,2022-04-29,1,0,1,2,1,10000,1.0,1.0,1.0,1,0,101-500,0,1082.0
6648,SSI,Accounting & Finance,4,0,1,1,2022-04-29,1,0,1,2,999,10000,1.0,1.0,1.0,1,0,500-1000,0,1082.0
6649,sagitec,Accounting & Finance,74,0,1,1,2022-04-29,1,0,1,2,1,10000,1.0,1.0,1.0,1,0,26-100,0,1082.0
6650,jobma,Accounting & Finance,2,0,1,1,2022-04-29,1,1,1,2,4,100,1.0,1.0,1.0,1,0,26-100,0,1082.0
6651,jobma,Accounting & Finance,2,0,1,1,2022-04-29,1,1,1,2,18,100,1.0,1.0,1.0,1,0,101-500,0,1082.0
6652,ssi,Accounting & Finance,2,0,1,1,2022-04-29,1,0,1,2,999,10000,1.0,1.0,1.0,1,0,101-500,0,1082.0
6653,jobma,Accounting & Finance,73,0,1,1,2022-04-29,1,0,1,2,10,100,1.0,1.0,1.0,1,0,101-500,0,1082.0
6654,jobma,Accounting & Finance,2,0,1,1,2022-04-29,1,0,1,2,10,100,1.0,1.0,1.0,1,0,101-500,0,1082.0
6655,JOBMA,Accounting & Finance,7,0,1,1,2022-04-29,1,0,1,2,999,10000,1.0,1.0,1.0,1,0,101-500,0,1082.0
6656,xyz,Accounting & Finance,3,0,1,1,2022-04-29,1,0,1,2,999,100,1.0,1.0,1.0,0,0,101-500,0,1082.0
6657,ssi,Accounting & Finance,124,0,1,1,2022-04-29,1,0,1,2,1,10000,1.0,1.0,1.0,1,0,101-500,0,1082.0
6658,Jobma,Accounting & Finance,3,0,1,1,2022-04-29,1,0,1,2,1,100,1.0,1.0,1.0,0,0,101-500,0,1082.0
6659,ssi,Accounting & Finance,74,0,1,1,2022-04-29,1,0,1,1,1,10000,1.0,1.0,1.0,1,0,101-500,0,1082.0
6660,ssi,Accounting & Finance,2,0,1,0,2022-04-29,1,0,1,1,0,100,1.0,1.0,1.0,0,0,101-500,0,1082.0
6661,Sri Enterprises,Accounting & Finance,73,0,1,1,2022-04-29,1,0,1,2,1,10000,1.0,1.0,1.0,1,0,500-1000,0,1082.0
6662,test comp,Accounting & Finance,72,0,1,1,2022-04-29,1,0,1,2,1,10000,1.0,1.0,1.0,1,0,26-100,0,1082.0
6663,Jobma,Accounting & Finance,2,0,1,0,2022-04-29,1,0,1,1,0,100,1.0,1.0,1.0,0,0,101-500,0,1082.0
6664,Test Com,Accounting & Finance,2,0,1,1,2022-04-29,1,0,1,2,1,10000,1.0,1.0,1.0,1,0,26-100,0,1082.0
6665,SSI,Accounting & Finance,3,0,1,1,2022-04-29,1,0,1,2,999,100,1.0,1.0,1.0,0,0,500-1000,0,1082.0
6666,JOBMA,Accounting & Finance,3,0,1,1,2022-04-29,1,0,1,2,999,10000,1.0,1.0,1.0,1,0,500-1000,0,1082.0
6667,ssi,Accounting & Finance,3,0,1,1,2022-04-29,1,1,1,2,14,10000,1.0,1.0,1.0,1,0,500-1000,0,1082.0
6668,ssi,Accounting & Finance,2,0,1,0,2022-04-29,1,0,1,1,0,100,1.0,1.0,1.0,0,0,500-1000,0,1082.0
6669,SSI,Accounting & Finance,72,0,1,1,2022-04-29,1,1,1,2,11,10000,1.0,1.0,1.0,1,0,500-1000,0,1082.0
6670,ssi,Accounting & Finance,2,0,1,1,2022-04-29,1,0,1,2,999,10000,1.0,1.0,1.0,1,0,26-100,0,1082.0
6671,jobma,Accounting & Finance,2,0,1,1,2022-04-29,1,0,1,2,10,100,1.0,1.0,1.0,1,0,26-100,0,1082.0
6672,Union Company,Accounting & Finance,73,0,1,1,2022-05-02,1,0,1,1,1,10000,1.0,1.0,1.0,1,0,500-1000,0,1079.0
6673,Union Company,Accounting & Finance,2,0,1,0,2022-05-02,1,0,1,1,0,100,1.0,1.0,1.0,0,0,500-1000,0,1079.0
6674,SSI,Accounting & Finance,2,0,1,0,2022-05-02,1,0,1,2,1,10000,1.0,1.0,1.0,1,0,101-500,0,1079.0
6675,SIIII,Accounting & Finance,24,0,1,1,2022-05-02,1,0,1,1,10,100,1.0,1.0,1.0,0,0,1-25,0,1079.0
6676,ssi,Accounting & Finance,74,0,1,1,2022-05-02,1,0,1,2,1,100,1.0,1.0,1.0,1,0,101-500,0,1079.0
6677,Sri Enterprises,Accounting & Finance,72,0,1,1,2022-05-02,1,1,1,2,22,10000,1.0,1.0,1.0,1,0,101-500,0,1079.0
6678,Test Company,Accounting & Finance,73,0,1,1,2022-05-02,1,1,1,2,2,10000,1.0,1.0,1.0,1,0,500-1000,0,1079.0
6679,jobma,Accounting & Finance,2,0,1,1,2022-05-02,1,1,1,1,12,10000,1.0,1.0,1.0,1,0,26-100,0,1079.0
6680,Test Company,Accounting & Finance,2,0,1,0,2022-05-02,1,0,1,1,0,100,1.0,1.0,1.0,0,0,500-1000,0,1079.0
6681,JOBMA Indore,Accounting & Finance,2,0,1,0,2022-05-02,1,0,1,1,0,100,1.0,1.0,1.0,0,0,500-1000,0,1079.0
6682,faidan company,Accounting & Finance,72,0,1,1,2022-05-02,1,0,1,2,10,100,1.0,1.0,1.0,1,0,101-500,0,1079.0
6683,Dev,Accounting & Finance,73,0,1,1,2022-05-02,1,1,1,2,2,100,1.0,1.0,1.0,1,0,26-100,0,1079.0
6684,ssi,Accounting & Finance,2,0,1,1,2022-05-02,1,0,1,2,10,100,1.0,1.0,1.0,1,0,26-100,0,1079.0
6685,Delta tower,Accounting & Finance,2,0,1,1,2022-05-02,1,0,1,2,1,100,1.0,1.0,1.0,1,0,101-500,0,1079.0
6686,jobma,Accounting & Finance,73,0,1,1,2022-05-02,1,1,1,2,15,10000,1.0,1.0,1.0,1,0,26-100,0,1079.0
6687,Sri interprises,Accounting & Finance,74,0,1,1,2022-05-02,1,0,1,2,10,100,1.0,1.0,1.0,1,0,500-1000,0,1079.0
6688,Test Company,Accounting & Finance,"231,72,73",0,1,0,2022-05-02,1,1,1,2,10,10000,1.0,1.0,1.0,1,0,101-500,0,1079.0
6689,Test Company,Accounting & Finance,2,0,1,0,2022-05-02,1,0,1,1,0,100,1.0,1.0,1.0,0,0,101-500,0,1079.0
6690,Test Company,Accounting & Finance,2,0,1,0,2022-05-02,1,0,1,1,0,100,1.0,1.0,1.0,0,0,101-500,0,1079.0
6691,ssi,Accounting & Finance,72,0,1,1,2022-05-02,1,0,1,2,10,100,1.0,1.0,1.0,1,0,1-25,0,1079.0
6693,ssi,Accounting & Finance,73,0,1,1,2022-05-02,1,0,1,2,10,10000,1.0,1.0,1.0,1,0,500-1000,0,1079.0
6694,hgtadf,Accounting & Finance,72,0,1,1,2022-05-02,1,0,1,2,1,10000,1.0,1.0,1.0,1,0,1-25,0,1079.0
6695,Test Company,Accounting & Finance,2,0,1,0,2022-05-02,1,0,1,1,0,100,1.0,1.0,1.0,0,0,500-1000,0,1079.0
6696,jobma,Accounting & Finance,3,0,1,1,2022-05-02,1,0,1,2,999,10000,1.0,1.0,1.0,1,0,26-100,0,1079.0
6697,Test Company,Accounting & Finance,2,0,1,0,2022-05-02,1,0,1,1,0,100,1.0,1.0,1.0,0,0,101-500,0,1079.0
6698,Test Company,Accounting & Finance,2,0,1,0,2022-05-02,1,0,1,1,0,100,1.0,1.0,1.0,0,0,101-500,0,1079.0
6699,Test Company,Accounting & Finance,2,0,1,0,2022-05-02,1,0,1,1,0,100,1.0,1.0,1.0,0,0,101-500,0,1079.0
6700,Test Company,Accounting & Finance,2,0,1,0,2022-05-02,1,0,1,1,0,100,1.0,1.0,1.0,0,0,101-500,0,1079.0
6701,Test Company,Accounting & Finance,2,0,1,0,2022-05-02,1,0,1,1,0,100,1.0,1.0,1.0,0,0,101-500,0,1079.0
6702,Delta tower,Accounting & Finance,7,0,1,1,2022-05-02,1,0,1,2,1,10000,1.0,1.0,1.0,1,0,More than 1000,0,1079.0
6703,jobma,Accounting & Finance,2,0,1,0,2022-05-02,1,0,1,1,0,100,1.0,1.0,1.0,0,0,26-100,0,1079.0
6705,SIIII,Accounting & Finance,3,0,1,1,2022-05-02,1,0,1,2,10,100,1.0,1.0,1.0,0,0,26-100,0,1079.0
6706,jobma,Accounting & Finance,2,0,1,0,2022-05-04,1,0,1,1,0,100,1.0,1.0,1.0,0,0,26-100,0,1077.0
6707,Hindustan brand liver corporation,Accounting & Finance,2,0,1,1,2022-05-04,1,1,1,2,22,100,1.0,1.0,1.0,1,0,101-500,0,1077.0
6708,ssi,Accounting & Finance,2,0,1,1,2022-05-04,1,0,1,2,999,100,1.0,1.0,1.0,0,0,500-1000,0,1077.0
6710,STR,Accounting & Finance,72,0,1,1,2022-05-04,1,0,1,2,1,100,1.0,1.0,1.0,1,0,26-100,0,1077.0
6711,asp9diufhai,Accounting & Finance,231,0,1,1,2022-05-04,1,0,1,2,10,100,1.0,1.0,1.0,1,0,101-500,0,1077.0
6712,ssi,Accounting & Finance,3,0,1,1,2022-05-04,1,0,1,1,10,100,1.0,1.0,1.0,0,0,101-500,0,1077.0
6713,Tesing,Accounting & Finance,2,0,1,0,2022-05-04,1,0,1,1,0,100,1.0,1.0,1.0,0,0,More than 1000,0,1077.0
6714,SSI,Accounting & Finance,74,0,1,1,2022-05-04,1,0,1,2,10,10000,1.0,1.0,1.0,1,0,26-100,0,1077.0
6715,International Consolidated Airlines Group SA,Accounting & Finance,74,0,1,1,2022-05-04,1,0,1,2,10,10000,1.0,1.0,1.0,1,0,26-100,0,1077.0
6716,Sri Enterprises,Accounting & Finance,2,0,1,0,2022-05-04,1,0,1,1,0,100,1.0,1.0,1.0,0,0,101-500,0,1077.0
6717,DEER,Accounting & Finance,4,0,1,1,2022-05-04,1,0,1,2,999,100,1.0,1.0,1.0,0,0,500-1000,0,1077.0
6718,jobma,Accounting & Finance,2,0,1,0,2022-05-04,1,0,1,1,0,100,1.0,1.0,1.0,0,0,26-100,0,1077.0
6719,Test Company,Accounting & Finance,73,0,1,0,2022-05-04,1,1,1,1,1,100,1.0,1.0,1.0,1,0,101-500,0,1077.0
6720,Sri Enterprises,Accounting & Finance,2,0,1,0,2022-05-04,1,0,1,1,0,100,1.0,1.0,1.0,0,0,101-500,0,1077.0
6721,SIIII,Accounting & Finance,74,0,1,0,2022-05-04,1,0,1,2,10,100,1.0,1.0,1.0,1,0,26-100,0,1077.0
6722,Test Company,Accounting & Finance,2,0,1,0,2022-05-04,1,0,1,1,0,100,1.0,1.0,1.0,0,0,101-500,0,1077.0
6723,Tesing,Accounting & Finance,2,0,1,0,2022-05-04,1,0,1,1,0,100,1.0,1.0,1.0,0,0,More than 1000,0,1077.0
6724,JFK,Accounting & Finance,51,0,1,1,2022-05-04,1,0,1,2,10,100,1.0,1.0,1.0,1,0,500-1000,0,1077.0
6725,ssi,Accounting & Finance,2,0,1,0,2022-05-04,1,0,1,1,0,100,1.0,1.0,1.0,0,0,101-500,0,1077.0
6726,jobma,Accounting & Finance,72,0,1,1,2022-05-04,1,0,1,2,10,100,1.0,1.0,1.0,1,0,1-25,0,1077.0
6727,Jobma,Accounting & Finance,73,0,1,1,2022-05-04,1,0,1,1,1,100,1.0,1.0,1.0,1,0,26-100,0,1077.0
6728,AND,Accounting & Finance,73,0,1,1,2022-05-05,1,0,1,2,10,10000,1.0,1.0,1.0,1,0,101-500,0,1076.0
6729,SSI indore,Accounting & Finance,74,0,1,1,2022-05-05,1,0,1,2,1,10000,1.0,1.0,1.0,1,0,More than 1000,0,1076.0
6730,WAN,Accounting & Finance,2,0,1,1,2022-05-05,1,0,1,1,1,100,1.0,1.0,1.0,0,0,101-500,0,1076.0
6731,JOBMA,Accounting & Finance,23,0,1,1,2022-05-05,1,1,1,2,20,10000,1.0,1.0,1.0,1,0,500-1000,0,1076.0
6732,Infosys,Accounting & Finance,2,0,1,0,2022-05-06,1,0,1,1,999,60,1.0,1.0,1.0,1,0,More than 1000,0,1075.0
6733,DEN,Accounting & Finance,1,0,1,1,2022-05-06,1,0,1,1,999,100,1.0,1.0,1.0,0,0,101-500,0,1075.0
6734,JOBMA,Accounting & Finance,",1",0,1,1,2022-05-06,1,0,1,2,999,10000,1.0,1.0,1.0,1,0,101-500,0,1075.0
6735,Infosys,Accounting & Finance,2,0,1,0,2022-05-06,1,0,1,1,0,100,1.0,1.0,1.0,0,0,More than 1000,0,1075.0
6736,JOBMA,Accounting & Finance,2,0,1,0,2022-05-06,1,0,1,1,0,100,1.0,1.0,1.0,0,0,101-500,0,1075.0
6737,Infosys,Accounting & Finance,2,0,1,0,2022-05-06,1,0,1,1,0,100,1.0,1.0,1.0,0,0,More than 1000,0,1075.0
6739,DEN,Accounting & Finance,2,0,1,0,2022-05-06,1,0,1,1,0,100,1.0,1.0,1.0,0,0,101-500,0,1075.0
6740,DEN,Accounting & Finance,2,0,1,0,2022-05-06,1,0,1,1,0,100,1.0,1.0,1.0,0,0,101-500,0,1075.0
6741,DEN,Accounting & Finance,2,0,1,0,2022-05-06,1,0,1,1,0,100,1.0,1.0,1.0,0,0,101-500,0,1075.0
6743,SSII,Accounting & Finance,72,0,1,0,2022-05-06,1,0,1,1,10,100,1.0,1.0,1.0,1,0,1-25,0,1075.0
6744,VAN,Accounting & Finance,24,0,1,0,2022-05-06,1,0,1,2,0,60,1.0,1.0,1.0,1,0,101-500,0,1075.0
6745,saurabh,Accounting & Finance,72,0,1,1,2022-05-06,1,0,1,2,1,10000,1.0,1.0,1.0,1,0,1-25,0,1075.0
6746,VAN,Accounting & Finance,2,0,1,0,2022-05-06,1,0,1,1,0,100,1.0,1.0,1.0,0,0,101-500,0,1075.0
6747,saurabh,Accounting & Finance,2,0,1,0,2022-05-06,1,0,1,1,0,100,1.0,1.0,1.0,0,0,1-25,0,1075.0
6748,JOBMA,Accounting & Finance,2,0,1,1,2022-05-06,1,0,1,2,10,10000,1.0,1.0,1.0,1,0,1-25,0,1075.0
6749,Jobma World,Accounting & Finance,"72,74",0,1,1,2022-05-09,1,1,1,2,10,10000,1.0,1.0,1.0,1,0,26-100,0,1072.0
6750,wertyui,Accounting & Finance,72,0,1,0,2022-05-09,1,0,1,2,10,100,1.0,1.0,1.0,1,0,1-25,0,1072.0
6751,asd,Accounting & Finance,2,0,1,1,2022-05-09,1,0,1,2,1,10000,1.0,1.0,1.0,1,0,1-25,0,1072.0
6752,Devloper,Accounting & Finance,73,0,1,1,2022-05-09,1,1,1,2,22,10000,1.0,1.0,1.0,1,0,1-25,0,1072.0
6753,Jitendra Testing,Accounting & Finance,"2,73,74",0,1,1,2022-05-09,1,1,1,2,10,100,1.0,1.0,1.0,1,0,1-25,0,1072.0
6754,Test Company,Accounting & Finance,"231,72,73",0,1,1,2022-05-09,1,0,1,2,10,10000,1.0,1.0,1.0,1,0,101-500,0,1072.0
6755,Test Company,Accounting & Finance,2,0,1,1,2022-05-09,1,0,1,1,1,100,1.0,1.0,1.0,1,0,1-25,0,1072.0
6756,asd,Accounting & Finance,2,0,1,1,2022-05-09,1,0,1,2,10,10000,1.0,1.0,1.0,1,0,1-25,0,1072.0
6757,Test Company,Accounting & Finance,73,0,1,1,2022-05-09,1,0,1,2,1,100,1.0,1.0,1.0,1,0,1-25,0,1072.0
6758,In,Accounting & Finance,73,0,1,1,2022-05-09,1,0,1,2,1,100,1.0,1.0,1.0,1,0,1-25,0,1072.0
6759,SSI,Accounting & Finance,72,0,1,1,2022-05-09,1,0,1,2,10,100,1.0,1.0,1.0,1,0,1-25,0,1072.0
6760,mohan,Accounting & Finance,73,0,1,1,2022-05-09,1,0,1,2,10,100,1.0,1.0,1.0,1,0,1-25,0,1072.0
6761,Disney,Accounting & Finance,2,0,1,1,2022-05-09,1,0,1,2,1,100,1.0,1.0,1.0,1,0,1-25,0,1072.0
6762,jobma,Accounting & Finance,2,0,1,1,2022-05-09,1,0,1,2,10,100,1.0,1.0,1.0,1,0,1-25,0,1072.0
6763,asd,Accounting & Finance,"2,73,74",0,1,1,2022-05-09,1,0,1,2,10,10000,1.0,1.0,1.0,1,0,1-25,0,1072.0
6764,asd,Accounting & Finance,72,0,1,1,2022-05-09,1,0,1,2,10,10000,1.0,1.0,1.0,1,0,1-25,0,1072.0
6765,mantis,Accounting & Finance,74,0,1,1,2022-05-09,1,0,1,2,10,100,1.0,1.0,1.0,1,0,1-25,0,1072.0
6766,asd,Accounting & Finance,2,0,1,1,2022-05-09,1,0,1,2,1,10000,1.0,1.0,1.0,1,0,1-25,0,1072.0
6767,asd,Accounting & Finance,72,0,1,1,2022-05-09,1,0,1,2,1,10000,1.0,1.0,1.0,1,0,1-25,0,1072.0
6768,sef,Accounting & Finance,2,0,1,1,2022-05-09,1,0,1,2,10,10000,1.0,1.0,1.0,1,0,500-1000,0,1072.0
6769,Scott,Accounting & Finance,2,0,1,1,2022-05-09,1,0,1,2,1,100,1.0,1.0,1.0,0,0,1-25,0,1072.0
6770,Sri infotech,Accounting & Finance,72,0,1,1,2022-05-09,1,1,1,2,24,100,1.0,1.0,1.0,1,0,1-25,0,1072.0
6771,SIII,Accounting & Finance,2,0,1,0,2022-05-09,1,0,1,2,10,100,1.0,1.0,1.0,0,0,26-100,0,1072.0
6772,mosam,Accounting & Finance,1,0,1,0,2022-05-09,1,0,1,2,10,100,1.0,1.0,1.0,0,0,26-100,0,1072.0
6773,vcknk,Accounting & Finance,1,0,1,1,2022-05-09,1,0,1,2,1,100,1.0,1.0,1.0,0,0,1-25,0,1072.0
6774,jobma,Accounting & Finance,72,0,1,0,2022-05-09,1,0,1,2,10,100,1.0,1.0,1.0,1,0,1-25,0,1072.0
6775,Pioneer,Accounting & Finance,2,0,1,1,2022-05-09,1,0,1,1,10,100,1.0,1.0,1.0,0,0,26-100,0,1072.0
6776,Capsicum,Accounting & Finance,2,0,1,1,2022-05-09,1,0,1,2,999,100,1.0,1.0,1.0,0,0,1-25,0,1072.0
6777,Avenger,Accounting & Finance,3,0,1,1,2022-05-09,1,0,1,2,999,100,1.0,1.0,1.0,0,0,26-100,0,1072.0
6778,asd,Accounting & Finance,72,0,1,1,2022-05-09,1,0,1,2,10,10000,1.0,1.0,1.0,1,0,1-25,0,1072.0
6779,aPDFJASDN,Accounting & Finance,2,0,1,1,2022-05-09,1,0,1,2,10,100,1.0,1.0,1.0,1,0,1-25,0,1072.0
6780,xdf,Accounting & Finance,1,0,1,1,2022-05-09,1,0,1,2,1,10000,1.0,1.0,1.0,1,0,1-25,0,1072.0
6781,jobma,Accounting & Finance,72,0,1,1,2022-05-09,1,0,1,2,10,100,1.0,1.0,1.0,1,0,1-25,0,1072.0
6782,jobma,Accounting & Finance,231,0,1,1,2022-05-09,1,0,1,1,10,100,1.0,1.0,1.0,1,0,1-25,0,1072.0
6783,jobma,Accounting & Finance,72,0,1,1,2022-05-09,1,0,1,2,10,100,1.0,1.0,1.0,1,0,1-25,0,1072.0
6784,Test Company,Accounting & Finance,73,0,1,1,2022-05-09,1,0,1,2,10,100,1.0,1.0,1.0,1,0,1-25,0,1072.0
6785,Sri infotech,Accounting & Finance,2,0,1,0,2022-05-09,1,0,1,1,0,100,1.0,1.0,1.0,0,0,1-25,0,1072.0
6786,tech,Accounting & Finance,72,0,1,1,2022-05-09,1,0,1,2,1,10000,1.0,1.0,1.0,1,0,1-25,0,1072.0
6787,ssi,Accounting & Finance,2,0,1,1,2022-05-09,1,0,1,2,999,10000,1.0,1.0,1.0,1,0,1-25,0,1072.0
6788,jjj,Accounting & Finance,1,0,1,1,2022-05-09,1,0,1,2,999,10000,1.0,1.0,1.0,1,0,101-500,0,1072.0
6789,53.,Accounting & Finance,72,0,1,1,2022-05-09,1,0,1,2,1,10000,1.0,1.0,1.0,1,0,1-25,0,1072.0
6790,delta tower,Accounting & Finance,2,0,1,1,2022-05-09,1,0,1,2,10,100,1.0,1.0,1.0,1,0,1-25,0,1072.0
6791,gdeiug,Accounting & Finance,72,0,1,1,2022-05-09,1,0,1,2,1,10000,1.0,1.0,1.0,1,0,1-25,0,1072.0
6792,sdf,Accounting & Finance,72,0,1,1,2022-05-09,1,0,1,2,10,10000,1.0,1.0,1.0,1,0,1-25,0,1072.0
6793,Mausam,Accounting & Finance,2,0,1,1,2022-05-09,1,0,1,2,1,10000,1.0,1.0,1.0,1,0,26-100,0,1072.0
6794,zipfuvhdiu,Accounting & Finance,72,0,1,1,2022-05-09,1,0,1,2,10,100,1.0,1.0,1.0,1,0,1-25,0,1072.0
6795,ssi,Accounting & Finance,2,0,1,1,2022-05-09,1,0,1,2,1,10000,1.0,1.0,1.0,1,0,1-25,0,1072.0
6796,ssi,Accounting & Finance,"72,2",0,1,1,2022-05-09,1,0,1,2,1,10000,1.0,1.0,1.0,1,0,1-25,0,1072.0
6797,info,Accounting & Finance,73,0,1,1,2022-05-09,1,0,1,2,1,100,1.0,1.0,1.0,1,0,1-25,0,1072.0
6798,ssi,Accounting & Finance,2,0,1,1,2022-05-09,1,0,1,2,1,10000,1.0,1.0,1.0,1,0,1-25,0,1072.0
6799,Delta tower,Accounting & Finance,72,0,1,1,2022-05-09,1,0,1,2,10,100,1.0,1.0,1.0,1,0,1-25,0,1072.0
6800,SSII,Accounting & Finance,72,0,1,1,2022-05-09,1,0,1,2,10,100,1.0,1.0,1.0,1,0,1-25,0,1072.0
6801,ssi,Accounting & Finance,2,0,1,1,2022-05-09,1,0,1,2,1,10000,1.0,1.0,1.0,1,0,1-25,0,1072.0
6802,SSII,Accounting & Finance,72,0,1,1,2022-05-09,1,0,1,2,10,100,1.0,1.0,1.0,1,0,1-25,0,1072.0
6803,sii,Accounting & Finance,1,0,1,1,2022-05-09,1,0,1,2,10,100,1.0,1.0,1.0,0,0,26-100,0,1072.0
6804,sodfij,Accounting & Finance,237,0,1,0,2022-05-09,1,0,1,2,10,100,1.0,1.0,1.0,1,0,1-25,0,1072.0
6805,Aezy,Accounting & Finance,2,0,1,1,2022-05-09,1,0,1,1,0,100,1.0,1.0,1.0,0,0,26-100,0,1072.0
6806,jobam,Accounting & Finance,72,0,1,1,2022-05-09,1,0,1,2,10,10000,1.0,1.0,1.0,1,0,1-25,0,1072.0
6807,sdcskdjnsdkj,Accounting & Finance,72,0,1,1,2022-05-09,1,1,1,1,27,100,1.0,1.0,1.0,1,0,1-25,0,1072.0
6808,Test Company,Accounting & Finance,73,0,1,1,2022-05-09,1,0,1,2,1,100,1.0,1.0,1.0,1,0,1-25,0,1072.0
6809,Deloite,Accounting & Finance,3,0,1,1,2022-05-09,1,0,1,2,1,10000,1.0,1.0,1.0,1,0,26-100,0,1072.0
6810,abndasnasm,Accounting & Finance,2,0,1,1,2022-05-09,1,0,1,2,10,100,1.0,1.0,1.0,1,0,1-25,0,1072.0
6811,Deloite,Accounting & Finance,73,0,1,1,2022-05-09,1,0,1,2,1,10000,1.0,1.0,1.0,1,0,1-25,0,1072.0
6812,Test Company,Accounting & Finance,3,0,1,1,2022-05-09,1,0,1,2,10,10000,1.0,1.0,1.0,1,0,26-100,0,1072.0
6813,ksdhgs,Accounting & Finance,2,0,1,1,2022-05-09,1,0,1,1,1,100,1.0,1.0,1.0,0,0,26-100,0,1072.0
6814,ewarsdtgyuh,Accounting & Finance,2,0,1,1,2022-05-09,1,0,1,2,10,100,1.0,1.0,1.0,0,0,26-100,0,1072.0
6815,lkzxjcnlksj,Accounting & Finance,2,0,1,1,2022-05-09,1,0,1,2,10,100,1.0,1.0,1.0,0,0,26-100,0,1072.0
6816,Tanmay Testing,Accounting & Finance,72,0,1,1,2022-05-10,1,0,1,2,1,10000,1.0,1.0,1.0,1,0,1-25,0,1071.0
6817,Tanmay Testing,Accounting & Finance,2,0,1,0,2022-05-10,1,0,1,1,0,100,1.0,1.0,1.0,0,0,1-25,0,1071.0
6818,jobma,Accounting & Finance,2,0,1,1,2022-05-10,1,0,1,2,1,10000,1.0,1.0,1.0,1,0,1-25,0,1071.0
6819,SSII,Accounting & Finance,72,0,1,1,2022-05-10,1,0,1,1,1,100,1.0,1.0,1.0,1,0,1-25,0,1071.0
6820,Sri Enterprisesessessss,Accounting & Finance,72,0,1,1,2022-05-10,1,1,1,2,10,10000,1.0,1.0,1.0,1,0,1-25,0,1071.0
6821,Deolite,Accounting & Finance,1,0,1,1,2022-05-10,1,1,1,1,10,10000,1.0,1.0,1.0,1,0,26-100,0,1071.0
6822,Sri infotech,Accounting & Finance,2,0,1,1,2022-05-10,1,0,1,2,1,10000,1.0,1.0,1.0,1,0,1-25,0,1071.0
6823,gdfgd,Accounting & Finance,1,0,1,1,2022-05-10,1,0,1,2,10,10000,1.0,1.0,1.0,1,0,1-25,0,1071.0
6824,jobma,Accounting & Finance,72,0,1,1,2022-05-10,1,0,1,1,1,100,1.0,1.0,1.0,1,0,1-25,0,1071.0
6825,jobma,Accounting & Finance,2,0,1,0,2022-05-10,1,0,1,1,0,100,1.0,1.0,1.0,0,0,26-100,0,1071.0
6826,JK,Accounting & Finance,23,0,1,1,2022-05-10,1,0,1,2,1,10000,1.0,1.0,1.0,1,0,1-25,0,1071.0
6827,fdgff,Accounting & Finance,2,0,1,1,2022-05-10,1,0,1,2,10,10000,1.0,1.0,1.0,1,0,1-25,0,1071.0
6828,SSII,Accounting & Finance,74,0,1,1,2022-05-10,1,0,1,2,999,100,1.0,1.0,1.0,1,0,1-25,0,1071.0
6829,gfdg,Accounting & Finance,1,0,1,1,2022-05-10,1,0,1,2,10,10000,1.0,1.0,1.0,1,0,1-25,0,1071.0
6830,Deolite,Accounting & Finance,2,0,1,0,2022-05-10,1,0,1,1,0,100,1.0,1.0,1.0,0,0,26-100,0,1071.0
6831,Test Company,Accounting & Finance,73,0,1,1,2022-05-10,1,0,1,1,10,100,1.0,1.0,1.0,1,0,500-1000,0,1071.0
6832,Deolite,Accounting & Finance,1,0,1,1,2022-05-10,1,1,1,1,17,10000,1.0,1.0,1.0,1,0,1-25,0,1071.0
6833,SSI,Accounting & Finance,74,0,1,1,2022-05-10,1,0,1,2,1,10000,1.0,1.0,1.0,1,0,1-25,0,1071.0
6834,Deolite,Accounting & Finance,2,0,1,0,2022-05-10,1,0,1,1,0,100,1.0,1.0,1.0,0,0,1-25,0,1071.0
6835,Sri Enterprice,Accounting & Finance,73,0,1,1,2022-05-10,1,1,1,1,11,10000,1.0,1.0,1.0,1,0,1-25,0,1071.0
6836,SSII,Accounting & Finance,74,0,1,1,2022-05-10,1,0,1,1,10,100,1.0,1.0,1.0,1,0,1-25,0,1071.0
6837,SSII,Accounting & Finance,73,0,1,1,2022-05-10,1,0,1,2,10,100,1.0,1.0,1.0,1,0,1-25,0,1071.0
6838,Test Company,Accounting & Finance,73,0,1,1,2022-05-10,1,0,1,2,1,100,1.0,1.0,1.0,1,0,1-25,0,1071.0
6839,SSII,Accounting & Finance,73,0,1,1,2022-05-10,1,0,1,2,10,100,1.0,1.0,1.0,1,0,1-25,0,1071.0
6840,dfgfg,Accounting & Finance,72,0,1,1,2022-05-10,1,0,1,2,10,100,1.0,1.0,1.0,1,0,1-25,0,1071.0
6841,Test Company,Accounting & Finance,2,0,1,1,2022-05-10,1,0,1,2,1,100,1.0,1.0,1.0,1,0,1-25,0,1071.0
6842,Sri Enterprice,Accounting & Finance,2,0,1,0,2022-05-10,1,0,1,1,0,100,1.0,1.0,1.0,0,0,1-25,0,1071.0
6843,SSII,Accounting & Finance,74,0,1,1,2022-05-10,1,0,1,2,10,100,1.0,1.0,1.0,1,0,1-25,0,1071.0
6844,SSII,Accounting & Finance,73,0,1,1,2022-05-10,1,0,1,2,10,100,1.0,1.0,1.0,1,0,1-25,0,1071.0
6845,SSII,Accounting & Finance,73,0,1,1,2022-05-10,1,0,1,2,10,100,1.0,1.0,1.0,1,0,1-25,0,1071.0
6846,Jobma,Accounting & Finance,"1,2",0,1,1,2022-05-10,1,0,1,2,1,100,1.0,1.0,1.0,0,0,1-25,0,1071.0
6847,Test Company,Accounting & Finance,2,0,1,1,2022-05-10,1,0,1,1,1,100,1.0,1.0,1.0,1,0,1-25,0,1071.0
6848,Test Company,Accounting & Finance,2,0,1,0,2022-05-10,1,0,1,1,0,100,1.0,1.0,1.0,0,0,1-25,0,1071.0
6849,Test Company,Accounting & Finance,4,0,1,1,2022-05-10,1,0,1,1,10,100,1.0,1.0,1.0,0,0,101-500,0,1071.0
6850,Test Company,Accounting & Finance,2,0,1,0,2022-05-10,1,0,1,1,0,100,1.0,1.0,1.0,0,0,101-500,0,1071.0
6851,ssi,Accounting & Finance,231,0,1,1,2022-05-11,1,0,1,2,10,10000,1.0,1.0,1.0,1,0,1-25,0,1070.0
6852,SSII,Accounting & Finance,74,0,1,1,2022-05-11,1,0,1,2,1,100,1.0,1.0,1.0,1,0,1-25,0,1070.0
6853,Test Company,Accounting & Finance,"2,3,4",0,1,1,2022-05-11,1,1,1,2,2,100,1.0,1.0,1.0,0,0,101-500,0,1070.0
6854,ZEN,Accounting & Finance,"231,2,73",0,1,1,2022-05-11,1,0,1,2,1,10000,1.0,1.0,1.0,1,0,1-25,0,1070.0
6855,Test Company,Accounting & Finance,2,0,1,0,2022-05-11,1,0,1,1,0,100,1.0,1.0,1.0,0,0,101-500,0,1070.0
6856,BKY,Accounting & Finance,2,0,1,0,2022-05-11,1,0,1,2,1,100,1.0,1.0,1.0,0,0,101-500,0,1070.0
6857,BradPitt,Accounting & Finance,72,0,2,1,2022-05-11,1,1,1,2,10,10000,1.0,1.0,1.0,1,0,1-25,0,1070.0
6858,Steve,Accounting & Finance,"72,2",0,1,1,2022-05-11,1,0,1,2,1,10000,1.0,1.0,1.0,1,0,More than 1000,0,1070.0
6859,PST,Accounting & Finance,2,0,1,0,2022-05-11,1,0,1,2,10,60,1.0,1.0,1.0,1,0,26-100,0,1070.0
6860,FLYAIR,Accounting & Finance,73,0,1,0,2022-05-11,1,0,1,2,10,100,1.0,1.0,1.0,0,0,101-500,0,1070.0
6861,sii,Accounting & Finance,74,0,1,1,2022-05-12,1,0,1,2,1,10000,1.0,1.0,1.0,1,0,1-25,0,1069.0
6862,RSP,Accounting & Finance,1,0,1,1,2022-05-12,1,0,1,2,999,10000,1.0,1.0,1.0,1,0,26-100,0,1069.0
6863,Test Company,Accounting & Finance,73,0,1,0,2022-05-12,1,1,1,2,10,100,1.0,1.0,1.0,1,0,500-1000,0,1069.0
6864,Test Company,Accounting & Finance,2,0,1,0,2022-05-12,1,0,1,1,0,100,1.0,1.0,1.0,0,0,500-1000,0,1069.0
6865,SFA,Accounting & Finance,2,0,1,0,2022-05-12,1,0,1,2,10,100,1.0,1.0,1.0,0,0,500-1000,0,1069.0
6866,RN,Accounting & Finance,3,0,1,1,2022-05-12,1,0,1,2,1,10000,1.0,1.0,1.0,1,0,1-25,0,1069.0
6867,Company,Accounting & Finance,73,0,1,1,2022-05-12,1,0,1,2,1,100,1.0,1.0,1.0,1,0,1-25,0,1069.0
6868,Test Company,Accounting & Finance,1,0,1,1,2022-05-12,1,0,1,1,1,100,1.0,1.0,1.0,0,0,500-1000,0,1069.0
6871,ZENX,Accounting & Finance,72,0,1,0,2022-05-13,1,0,1,1,1,100,1.0,1.0,1.0,1,0,101-500,0,1068.0
6872,Sri Enterprises,Accounting & Finance,"231,72,74",0,1,1,2022-05-13,1,1,1,1,30,100,1.0,1.0,1.0,1,0,1-25,0,1068.0
6873,SSII,Accounting & Finance,231,0,1,0,2022-05-13,1,1,1,2,999,100,1.0,1.0,1.0,1,0,1-25,0,1068.0
6874,JKPharm,Accounting & Finance,80,0,1,1,2022-05-13,1,0,1,2,1,100,1.0,1.0,1.0,1,0,101-500,0,1068.0
6875,QAir,Accounting & Finance,75,0,1,1,2022-05-13,1,0,1,2,1,100,1.0,1.0,1.0,0,0,101-500,0,1068.0
6876,Sri Enterprises,Accounting & Finance,2,0,1,0,2022-05-13,1,0,1,1,0,100,1.0,1.0,1.0,0,0,1-25,0,1068.0
6877,SSII,Accounting & Finance,2,0,1,0,2022-05-13,1,0,1,1,0,100,1.0,1.0,1.0,0,0,1-25,0,1068.0
6878,Test Company,Accounting & Finance,73,0,1,1,2022-05-13,1,0,1,2,1,100,1.0,1.0,1.0,1,0,1-25,0,1068.0
6879,GreenAgri,Accounting & Finance,3,0,1,1,2022-05-13,1,0,1,2,10,100,1.0,1.0,1.0,1,0,101-500,0,1068.0
6880,Test Company,Accounting & Finance,2,0,1,1,2022-05-13,1,0,1,1,1,100,1.0,1.0,1.0,1,0,1-25,0,1068.0
6881,SSII,Accounting & Finance,72,0,1,1,2022-05-13,1,0,1,2,10,100,1.0,1.0,1.0,1,0,1-25,0,1068.0
6882,SSII,Accounting & Finance,73,0,1,1,2022-05-13,1,0,1,2,1,100,1.0,1.0,1.0,1,0,1-25,0,1068.0
6883,Universe,Accounting & Finance,73,0,1,1,2022-05-13,1,0,1,2,1,100,1.0,1.0,1.0,0,0,101-500,0,1068.0
6884,ssi,Accounting & Finance,73,1,1,1,2022-05-13,1,0,1,2,1,100,1.0,1.0,1.0,0,0,1-25,0,1068.0
6885,ssi,Accounting & Finance,73,1,1,1,2022-05-13,1,0,1,2,1,100,1.0,1.0,1.0,0,0,1-25,0,1068.0
6886,MPharma,Accounting & Finance,80,0,1,0,2022-05-13,1,0,1,2,10,100,1.0,1.0,1.0,1,0,26-100,0,1068.0
6887,RCosmetic,Accounting & Finance,79,0,1,1,2022-05-13,1,0,1,2,10,100,1.0,1.0,1.0,0,0,26-100,0,1068.0
6888,Test Company,Accounting & Finance,2,0,1,0,2022-05-13,1,0,1,1,0,100,1.0,1.0,1.0,0,0,1-25,0,1068.0
6889,MPharma,Accounting & Finance,2,0,1,0,2022-05-13,1,0,1,1,0,100,1.0,1.0,1.0,0,0,26-100,0,1068.0
6890,Sri Enterprises,Accounting & Finance,2,0,1,1,2022-05-13,1,0,1,1,10,100,1.0,1.0,1.0,1,0,1-25,0,1068.0
6891,Test Company,Accounting & Finance,73,0,1,1,2022-05-13,1,0,1,1,1,100,1.0,1.0,1.0,1,0,26-100,0,1068.0
6892,Siii,Accounting & Finance,1,0,1,1,2022-05-13,1,0,1,2,1,100,1.0,1.0,1.0,0,0,1-25,0,1068.0
6893,Test Company,Accounting & Finance,2,0,1,0,2022-05-13,1,0,1,1,0,100,1.0,1.0,1.0,0,0,26-100,0,1068.0
6894,Test Company,Accounting & Finance,73,0,1,1,2022-05-13,1,0,1,2,10,100,1.0,1.0,1.0,1,0,1-25,0,1068.0
6895,Test Company,Accounting & Finance,2,0,1,0,2022-05-13,1,0,1,1,0,100,1.0,1.0,1.0,0,0,1-25,0,1068.0
6896,NEXT,Accounting & Finance,2,0,1,1,2022-05-13,1,0,1,2,10,100,1.0,1.0,1.0,0,0,26-100,0,1068.0
6897,NEXT,Accounting & Finance,2,0,1,0,2022-05-13,1,0,1,1,0,100,1.0,1.0,1.0,0,0,26-100,0,1068.0
6898,VSAT,Accounting & Finance,2,0,1,0,2022-05-13,1,0,1,2,10,100,1.0,1.0,1.0,1,0,1-25,0,1068.0
6899,VSAT,Accounting & Finance,2,0,1,0,2022-05-13,1,0,1,1,0,100,1.0,1.0,1.0,0,0,1-25,0,1068.0
6900,Test Company,Accounting & Finance,74,0,1,1,2022-05-13,1,0,1,2,10,100,1.0,1.0,1.0,1,0,1-25,0,1068.0
6901,Test Company,Accounting & Finance,2,0,1,0,2022-05-13,1,0,1,1,0,100,1.0,1.0,1.0,0,0,1-25,0,1068.0
6902,Test Company,Accounting & Finance,2,0,1,0,2022-05-13,1,0,1,1,999,100,1.0,1.0,1.0,1,0,1-25,0,1068.0
6903,PRT,Accounting & Finance,2,0,1,1,2022-05-13,1,0,1,2,1,100,1.0,1.0,1.0,1,0,101-500,0,1068.0
6904,XYZ,Accounting & Finance,72,0,1,1,2022-05-13,1,0,1,2,10,100,1.0,1.0,1.0,1,0,26-100,0,1068.0
6905,XYZ,Accounting & Finance,2,0,1,0,2022-05-13,1,0,1,1,0,100,1.0,1.0,1.0,0,0,26-100,0,1068.0
6906,delta rxtcyhvgj,Accounting & Finance,73,0,1,1,2022-05-13,1,1,1,1,2,10000,1.0,1.0,1.0,1,0,1-25,0,1068.0
6907,GreenAgri,Accounting & Finance,2,0,1,0,2022-05-13,1,0,1,1,0,100,1.0,1.0,1.0,0,0,101-500,0,1068.0
6908,HKA,Accounting & Finance,72,0,1,1,2022-05-16,1,0,1,2,10,100,1.0,1.0,1.0,1,0,26-100,0,1065.0
6909,Sri Enterprises,Accounting & Finance,2,0,1,1,2022-05-16,1,1,1,1,27,10000,1.0,1.0,1.0,1,0,1-25,0,1065.0
6910,SSII,Accounting & Finance,2,0,1,0,2022-05-16,1,0,1,1,10,100,1.0,1.0,1.0,1,0,1-25,0,1065.0
6911,Sri Enterprises,Accounting & Finance,2,0,1,0,2022-05-16,1,0,1,1,0,100,1.0,1.0,1.0,0,0,1-25,0,1065.0
6912,HKA,Accounting & Finance,2,0,1,0,2022-05-16,1,0,1,1,0,100,1.0,1.0,1.0,0,0,26-100,0,1065.0
6913,SSII,Accounting & Finance,2,0,1,0,2022-05-16,1,0,1,1,0,100,1.0,1.0,1.0,0,0,1-25,0,1065.0
6914,KNT,Accounting & Finance,4,0,1,0,2022-05-16,1,0,1,1,10,100,1.0,1.0,1.0,0,0,101-500,0,1065.0
6915,DWN,Accounting & Finance,8,0,1,1,2022-05-16,1,0,1,2,1,100,1.0,1.0,1.0,0,0,26-100,0,1065.0
6916,ZEN,Accounting & Finance,72,0,1,1,2022-05-16,1,0,1,1,10,100,1.0,1.0,1.0,1,0,101-500,0,1065.0
6917,ZEN,Accounting & Finance,2,0,1,0,2022-05-16,1,0,1,1,0,100,1.0,1.0,1.0,0,0,101-500,0,1065.0
6918,sri enterprises,Accounting & Finance,2,0,1,1,2022-05-16,1,0,1,2,10,10000,1.0,1.0,1.0,1,0,1-25,0,1065.0
6919,skifh,Accounting & Finance,238,0,1,1,2022-05-16,1,0,1,2,10,10000,1.0,1.0,1.0,1,0,1-25,0,1065.0
6920,Rcraft,Accounting & Finance,87,0,1,1,2022-05-16,1,0,1,2,10,100,1.0,1.0,1.0,1,0,26-100,0,1065.0
6921,GreenWay,Accounting & Finance,74,0,1,1,2022-05-16,1,0,1,2,10,10000,1.0,1.0,1.0,1,0,26-100,0,1065.0
6922,GreenWay,Accounting & Finance,2,0,1,0,2022-05-16,1,0,1,1,0,100,1.0,1.0,1.0,0,0,26-100,0,1065.0
6923,Test Company,Accounting & Finance,2,0,1,0,2022-05-16,1,0,1,1,1,100,1.0,1.0,1.0,1,0,1-25,0,1065.0
6924,XYZ,Accounting & Finance,73,0,1,1,2022-05-16,1,0,1,2,10,10000,1.0,1.0,1.0,1,0,500-1000,0,1065.0
6925,ABC,Accounting & Finance,72,0,1,1,2022-05-16,1,0,1,2,1,10000,1.0,1.0,1.0,1,0,1-25,0,1065.0
6926,ADS,Accounting & Finance,72,0,1,1,2022-05-16,1,0,1,2,1,10000,1.0,1.0,1.0,1,0,101-500,0,1065.0
6927,jobma,Accounting & Finance,72,0,1,1,2022-05-17,1,0,1,2,1,10000,1.0,1.0,1.0,1,0,1-25,0,1064.0
6928,QTest,Accounting & Finance,83,0,1,1,2022-05-17,1,0,1,2,1,10000,1.0,1.0,1.0,1,0,101-500,0,1064.0
6929,Green Agri,Accounting & Finance,74,0,1,1,2022-05-17,1,0,1,2,1,10000,1.0,1.0,1.0,1,0,101-500,0,1064.0
6930,erewrwer,Accounting & Finance,1,0,1,1,2022-05-17,1,0,1,2,10,100,1.0,1.0,1.0,0,0,1-25,0,1064.0
6931,sss,Accounting & Finance,1,0,1,1,2022-05-17,1,0,1,2,1,10000,1.0,1.0,1.0,1,0,26-100,0,1064.0
6932,Test Company,Accounting & Finance,4,0,1,1,2022-05-17,1,0,1,2,1,10000,1.0,1.0,1.0,1,0,26-100,0,1064.0
6933,ssi,Accounting & Finance,2,0,1,1,2022-05-17,1,0,1,2,1,10000,1.0,1.0,1.0,1,0,1-25,0,1064.0
6934,ssi,Accounting & Finance,1,0,1,1,2022-05-17,1,0,1,1,10,10000,1.0,1.0,1.0,1,0,26-100,0,1064.0
6935,we,Accounting & Finance,2,0,1,1,2022-05-17,1,0,1,2,1,100,1.0,1.0,1.0,0,0,101-500,0,1064.0
6936,sef,Accounting & Finance,1,0,1,1,2022-05-17,1,0,1,2,1,100,1.0,1.0,1.0,0,0,26-100,0,1064.0
6937,sdftg,Accounting & Finance,2,0,1,1,2022-05-17,1,0,1,1,10,100,1.0,1.0,1.0,0,0,101-500,0,1064.0
6938,sdc,Accounting & Finance,1,0,1,1,2022-05-17,1,0,1,2,10,100,1.0,1.0,1.0,0,0,101-500,0,1064.0
6939,Jobma,Accounting & Finance,1,0,1,1,2022-05-17,1,0,1,2,1,100,1.0,1.0,1.0,0,0,1-25,0,1064.0
6940,jobma,Accounting & Finance,231,0,1,1,2022-05-17,1,0,1,2,1,100,1.0,1.0,1.0,1,0,1-25,0,1064.0
6941,jobma,Accounting & Finance,72,0,1,1,2022-05-17,1,0,1,2,10,100,1.0,1.0,1.0,1,0,1-25,0,1064.0
6942,asd,Accounting & Finance,3,0,1,1,2022-05-17,1,0,1,1,999,100,1.0,1.0,1.0,0,0,1-25,0,1064.0
6943,asd,Accounting & Finance,1,0,1,1,2022-05-17,1,0,1,2,10,10000,1.0,1.0,1.0,1,0,26-100,0,1064.0
6944,Jimmy@123,Accounting & Finance,38,0,1,0,2022-05-17,1,0,1,2,10,100,1.0,1.0,1.0,0,0,500-1000,0,1064.0
6945,Davis & Mains,Accounting & Finance,103,0,1,1,2022-05-17,1,0,1,2,12,10000,1.0,1.0,1.0,1,0,500-1000,0,1064.0
6946,SSII,Accounting & Finance,72,0,1,1,2022-05-17,1,1,1,1,999,100,1.0,1.0,1.0,1,0,1-25,0,1064.0
6947,dsss,Accounting & Finance,2,0,1,1,2022-05-17,1,0,1,2,4,10000,1.0,1.0,1.0,1,0,101-500,0,1064.0
6948,SSII,Accounting & Finance,2,0,1,0,2022-05-17,1,0,1,1,0,100,1.0,1.0,1.0,0,0,1-25,0,1064.0
6949,asdc,Accounting & Finance,2,0,1,1,2022-05-17,1,0,1,2,1,10000,1.0,1.0,1.0,1,0,101-500,0,1064.0
6950,jobma,Accounting & Finance,72,0,1,0,2022-05-17,1,0,1,1,999,100,1.0,1.0,1.0,1,0,1-25,0,1064.0
6951,Chuck,Accounting & Finance,103,0,1,1,2022-05-17,1,0,1,2,1,100,1.0,1.0,1.0,1,0,1-25,0,1064.0
6952,jobma,Accounting & Finance,72,0,1,1,2022-05-17,1,0,1,2,1,100,1.0,1.0,1.0,1,0,1-25,0,1064.0
6953,jobma,Accounting & Finance,72,0,1,1,2022-05-17,1,0,1,2,10,100,1.0,1.0,1.0,1,0,1-25,0,1064.0
6954,jobma,Accounting & Finance,231,0,1,1,2022-05-17,1,0,1,2,10,100,1.0,1.0,1.0,1,0,1-25,0,1064.0
6955,jobma,Accounting & Finance,72,0,1,1,2022-05-17,1,0,1,2,10,100,1.0,1.0,1.0,1,0,1-25,0,1064.0
6956,jobma,Accounting & Finance,72,0,1,1,2022-05-17,1,0,1,2,10,10000,1.0,1.0,1.0,1,0,1-25,0,1064.0
6957,jobma,Accounting & Finance,2,0,1,1,2022-05-17,1,0,1,2,1,10000,1.0,1.0,1.0,1,0,1-25,0,1064.0
6958,jobma,Accounting & Finance,1,0,1,1,2022-05-17,1,0,1,2,1,100,1.0,1.0,1.0,0,0,1-25,0,1064.0
6959,jobma,Accounting & Finance,1,0,1,1,2022-05-17,1,0,1,2,1,100,1.0,1.0,1.0,0,0,26-100,0,1064.0
6960,StarSpaceUniverse,Accounting & Finance,73,0,1,1,2022-05-18,1,0,1,1,1,10000,1.0,1.0,1.0,1,0,26-100,0,1063.0
6961,dsfsdfsdf,Accounting & Finance,1,0,1,1,2022-05-18,1,0,1,2,1,100,1.0,1.0,1.0,0,0,1-25,0,1063.0
6962,qwerty,Accounting & Finance,2,0,1,1,2022-05-18,1,0,1,2,1,100,1.0,1.0,1.0,0,0,1-25,0,1063.0
6963,wsw,Accounting & Finance,1,0,1,1,2022-05-18,1,0,1,1,999,100,1.0,1.0,1.0,0,0,1-25,0,1063.0
6964,SSII,Accounting & Finance,74,0,1,0,2022-05-18,1,0,1,1,999,100,1.0,1.0,1.0,1,0,1-25,0,1063.0
6965,dddd,Accounting & Finance,3,0,1,1,2022-05-18,1,0,1,1,10,10000,1.0,1.0,1.0,1,0,26-100,0,1063.0
6966,sdaos,Accounting & Finance,72,0,1,1,2022-05-18,1,0,1,2,10,10000,1.0,1.0,1.0,1,0,1-25,0,1063.0
6968,Los Pollos Harmanos,Accounting & Finance,115,0,1,1,2022-05-18,1,0,1,1,10,10000,1.0,1.0,1.0,1,0,1-25,0,1063.0
6969,Messi,Accounting & Finance,3,0,1,1,2022-05-18,1,0,1,2,1,10000,1.0,1.0,1.0,1,0,101-500,0,1063.0
6970,sss,Accounting & Finance,3,0,1,1,2022-05-18,1,0,1,1,999,100,1.0,1.0,1.0,0,0,1-25,0,1063.0
6971,SIII,Accounting & Finance,74,0,1,1,2022-05-18,1,0,1,2,1,10000,1.0,1.0,1.0,1,0,1-25,0,1063.0
6972,Breaking Bad,Accounting & Finance,72,0,1,1,2022-05-18,1,0,1,1,10,100,1.0,1.0,1.0,1,0,1-25,0,1063.0
6973,sss,Accounting & Finance,2,0,1,1,2022-05-18,1,0,1,1,1,100,1.0,1.0,1.0,0,0,101-500,0,1063.0
6974,saf,Accounting & Finance,2,0,1,1,2022-05-18,1,0,1,1,1,100,1.0,1.0,1.0,0,0,1-25,0,1063.0
6975,wss,Accounting & Finance,1,0,1,1,2022-05-18,1,0,1,1,10,100,1.0,1.0,1.0,0,0,26-100,0,1063.0
6976,SSII,Accounting & Finance,2,0,1,0,2022-05-18,1,0,1,1,0,100,1.0,1.0,1.0,0,0,1-25,0,1063.0
6977,Test Company,Accounting & Finance,2,0,1,1,2022-05-18,1,0,1,1,999,100,1.0,1.0,1.0,0,0,101-500,0,1063.0
6978,KNT,Accounting & Finance,2,0,1,0,2022-05-18,1,0,1,1,0,100,1.0,1.0,1.0,0,0,101-500,0,1063.0
6979,Test Company,Accounting & Finance,2,0,1,0,2022-05-18,1,0,1,1,0,100,1.0,1.0,1.0,0,0,101-500,0,1063.0
6980,Testing,Accounting & Finance,231,0,1,1,2022-05-18,1,0,1,2,1,10000,1.0,1.0,1.0,1,0,1-25,0,1063.0
6981,sdvdrg,Accounting & Finance,1,0,1,1,2022-05-18,1,0,1,2,999,10000,1.0,1.0,1.0,1,0,1-25,0,1063.0
6982,TestCompany,Accounting & Finance,85,0,1,1,2022-05-18,1,0,1,1,10,100,1.0,1.0,1.0,1,0,101-500,0,1063.0
6983,TestCompany,Accounting & Finance,2,0,1,0,2022-05-18,1,0,1,1,0,100,1.0,1.0,1.0,0,0,101-500,0,1063.0
6984,dsd,Accounting & Finance,1,0,1,1,2022-05-18,1,0,1,2,10,100,1.0,1.0,1.0,0,0,1-25,0,1063.0
6985,Test Company,Accounting & Finance,2,0,1,0,2022-05-18,1,0,1,1,0,100,1.0,1.0,1.0,0,0,101-500,0,1063.0
6986,Test Company,Accounting & Finance,2,0,1,0,2022-05-18,1,0,1,1,0,100,1.0,1.0,1.0,0,0,101-500,0,1063.0
6987,Test Company,Accounting & Finance,2,0,1,0,2022-05-18,1,0,1,1,0,100,1.0,1.0,1.0,0,0,101-500,0,1063.0
6988,SSII,Accounting & Finance,74,0,1,1,2022-05-18,1,0,1,1,10,100,1.0,1.0,1.0,1,0,1-25,0,1063.0
6989,Test Company,Accounting & Finance,2,0,1,0,2022-05-18,1,0,1,1,0,100,1.0,1.0,1.0,0,0,101-500,0,1063.0
6990,Test Company,Accounting & Finance,2,0,1,0,2022-05-18,1,0,1,1,0,100,1.0,1.0,1.0,0,0,101-500,0,1063.0
6991,Test Company,Accounting & Finance,2,0,1,0,2022-05-18,1,0,1,1,0,100,1.0,1.0,1.0,0,0,101-500,0,1063.0
6992,Test Company,Accounting & Finance,2,0,1,0,2022-05-18,1,0,1,1,0,100,1.0,1.0,1.0,0,0,101-500,0,1063.0
6993,Test Company,Accounting & Finance,2,0,1,0,2022-05-18,1,0,1,1,0,100,1.0,1.0,1.0,0,0,101-500,0,1063.0
6994,Test Company,Accounting & Finance,2,0,1,0,2022-05-18,1,0,1,1,0,100,1.0,1.0,1.0,0,0,101-500,0,1063.0
6995,Test Company,Accounting & Finance,2,0,1,0,2022-05-18,1,0,1,1,0,100,1.0,1.0,1.0,0,0,101-500,0,1063.0
6996,Jobma,Accounting & Finance,72,0,1,1,2022-05-19,1,0,1,1,1,100,1.0,1.0,1.0,1,0,1-25,0,1062.0
6997,WestAgri,Accounting & Finance,3,0,1,1,2022-05-19,1,0,1,2,10,100,1.0,1.0,1.0,0,0,26-100,0,1062.0
6998,R Bank,Accounting & Finance,1,0,1,1,2022-05-19,1,0,1,1,1,100,1.0,1.0,1.0,0,0,26-100,0,1062.0
6999,Jobma,Accounting & Finance,2,0,1,0,2022-05-19,1,0,1,1,0,100,1.0,1.0,1.0,0,0,1-25,0,1062.0
7000,Sri Enterprises,Accounting & Finance,"2,73,74",0,1,1,2022-05-19,1,1,1,1,11,10000,1.0,1.0,1.0,1,0,1-25,0,1062.0
7001,Aero,Accounting & Finance,73,0,1,1,2022-05-19,1,0,1,1,10,100,1.0,1.0,1.0,0,0,101-500,0,1062.0
7002,KAdvert,Accounting & Finance,2,0,1,1,2022-05-19,1,0,1,1,999,100,1.0,1.0,1.0,0,0,500-1000,0,1062.0
7003,HHM,Accounting & Finance,74,0,1,1,2022-05-19,1,0,1,2,1,10000,0.0,0.0,1.0,1,0,1-25,0,1062.0
7004,Kevin,Accounting & Finance,2,1,1,1,2022-05-19,1,0,1,2,1,100,1.0,1.0,1.0,0,0,1-25,0,1062.0
7005,Z Test,Accounting & Finance,7,0,1,1,2022-05-19,1,0,1,2,10,100,1.0,1.0,1.0,0,0,26-100,0,1062.0
7006,Z Test,Accounting & Finance,2,0,1,0,2022-05-19,1,0,1,1,0,100,1.0,1.0,1.0,0,0,26-100,0,1062.0
7007,Sri infotech,Accounting & Finance,73,0,1,1,2022-05-19,1,0,1,1,10,10000,1.0,1.0,1.0,1,0,1-25,0,1062.0
7008,Test Company,Accounting & Finance,"2,73,74",0,1,1,2022-05-19,1,0,1,2,999,10000,1.0,1.0,1.0,1,0,26-100,0,1062.0
7009,Test Company,Accounting & Finance,2,0,1,0,2022-05-19,1,0,1,1,0,100,1.0,1.0,1.0,0,0,26-100,0,1062.0
7010,test com,Accounting & Finance,2,0,1,0,2022-05-19,1,0,1,1,999,60,1.0,1.0,1.0,1,0,26-100,0,1062.0
7011,KBPO,Accounting & Finance,7,0,1,1,2022-05-19,1,0,1,1,10,100,1.0,1.0,1.0,0,0,26-100,0,1062.0
7012,SSII,Accounting & Finance,74,0,1,0,2022-05-19,1,0,1,1,999,100,1.0,1.0,1.0,1,0,1-25,0,1062.0
7013,Test Company,Accounting & Finance,72,0,1,1,2022-05-19,1,0,1,2,999,10000,0.0,0.0,1.0,1,0,1-25,0,1062.0
7014,Test Compnay,Accounting & Finance,74,0,1,1,2022-05-19,1,0,1,2,999,100,1.0,1.0,1.0,1,0,1-25,0,1062.0
7015,Testing,Accounting & Finance,7,0,1,1,2022-05-19,1,0,1,1,10,100,1.0,1.0,1.0,0,0,101-500,0,1062.0
7016,AirSpace,Accounting & Finance,73,0,1,1,2022-05-19,1,0,1,2,1,100,1.0,1.0,1.0,0,0,26-100,0,1062.0
7017,Z Test,Accounting & Finance,1,0,1,1,2022-05-19,1,0,1,2,1,100,1.0,1.0,1.0,0,0,26-100,0,1062.0
7018,Greevn View,Accounting & Finance,3,0,1,1,2022-05-19,1,0,1,1,1,100,1.0,1.0,1.0,0,0,26-100,0,1062.0
7019,Najeeb Testing,Accounting & Finance,"78,83",0,1,1,2022-05-20,1,0,1,1,10,100,1.0,1.0,1.0,1,0,More than 1000,0,1061.0
7020,G Test,Accounting & Finance,16,0,1,1,2022-05-20,1,0,1,2,10,10000,1.0,1.0,1.0,1,0,26-100,0,1061.0
7021,Sri Enterprises,Accounting & Finance,2,0,1,0,2022-05-20,1,0,1,1,0,100,1.0,1.0,1.0,0,0,1-25,0,1061.0
7022,Najeeb Testing,Accounting & Finance,2,0,1,0,2022-05-20,1,0,1,1,0,100,1.0,1.0,1.0,0,0,More than 1000,0,1061.0
7023,Agri Green,Accounting & Finance,3,0,1,1,2022-05-20,1,0,1,2,999,10000,1.0,1.0,1.0,1,0,101-500,0,1061.0
7024,SSII,Accounting & Finance,2,0,1,0,2022-05-20,1,0,1,1,0,100,1.0,1.0,1.0,0,0,1-25,0,1061.0
7025,SpaceAir,Accounting & Finance,2,0,1,0,2022-05-20,1,0,1,1,999,60,1.0,1.0,1.0,1,0,26-100,0,1061.0
7026,Q Beauty,Accounting & Finance,79,0,1,1,2022-05-20,1,0,1,2,999,100,1.0,1.0,1.0,0,0,26-100,0,1061.0
7027,Test Company,Accounting & Finance,73,0,1,1,2022-05-20,1,0,1,1,1,100,1.0,1.0,1.0,1,0,1-25,0,1061.0
7028,jobma,Accounting & Finance,1,0,1,1,2022-05-20,1,0,1,2,1,100,1.0,1.0,1.0,0,0,26-100,0,1061.0
7029,netCom,Accounting & Finance,24,0,1,1,2022-05-20,1,0,1,1,999,10000,1.0,1.0,1.0,1,0,101-500,0,1061.0
7030,SIII,Accounting & Finance,1,0,1,1,2022-05-20,1,0,1,1,999,100,1.0,1.0,1.0,0,0,26-100,0,1061.0
7031,Organic Green,Accounting & Finance,3,0,1,1,2022-05-20,1,0,1,1,999,100,1.0,1.0,1.0,0,0,101-500,0,1061.0
7032,kanish Company,Accounting & Finance,"2,4",0,1,1,2022-05-20,1,1,1,1,11,100,1.0,1.0,1.0,1,0,500-1000,0,1061.0
7033,Tadv,Accounting & Finance,2,0,1,1,2022-05-20,1,0,1,2,1,100,1.0,1.0,1.0,0,0,101-500,0,1061.0
7034,Tadv,Accounting & Finance,2,0,1,0,2022-05-20,1,0,1,1,0,100,1.0,1.0,1.0,0,0,101-500,0,1061.0
7035,Test Company,Accounting & Finance,74,0,1,1,2022-05-20,1,0,1,1,1,100,1.0,1.0,1.0,1,0,101-500,0,1061.0
7036,jobma,Accounting & Finance,72,0,1,1,2022-05-20,1,0,1,2,10,100,1.0,1.0,1.0,1,0,1-25,0,1061.0
7037,kanish Company,Accounting & Finance,2,0,1,0,2022-05-20,1,0,1,1,0,100,1.0,1.0,1.0,0,0,500-1000,0,1061.0
7038,Eadvt,Accounting & Finance,72,0,1,0,2022-05-20,1,0,1,1,999,100,1.0,1.0,1.0,1,0,101-500,0,1061.0
7039,Eadvt,Accounting & Finance,2,0,1,0,2022-05-20,1,0,1,1,0,100,1.0,1.0,1.0,0,0,101-500,0,1061.0
7040,Space1,Accounting & Finance,73,0,1,1,2022-05-20,1,0,1,2,10,100,1.0,1.0,1.0,0,0,101-500,0,1061.0
7041,Space1,Accounting & Finance,2,0,1,0,2022-05-20,1,0,1,1,0,100,1.0,1.0,1.0,0,0,101-500,0,1061.0
7042,jobma,Accounting & Finance,231,0,1,1,2022-05-20,1,0,1,1,1,100,1.0,1.0,1.0,1,0,1-25,0,1061.0
7043,D Bank,Accounting & Finance,78,0,1,1,2022-05-20,1,0,1,1,10,100,1.0,1.0,1.0,1,0,500-1000,0,1061.0
7044,oofijaso,Accounting & Finance,3,0,1,1,2022-05-20,1,0,1,2,10,100,1.0,1.0,1.0,0,0,101-500,0,1061.0
7045,D Bank,Accounting & Finance,2,0,1,0,2022-05-20,1,0,1,1,0,100,1.0,1.0,1.0,0,0,500-1000,0,1061.0
7046,AeroDef,Accounting & Finance,73,0,1,1,2022-05-20,1,0,1,1,999,100,1.0,1.0,1.0,0,0,101-500,0,1061.0
7047,AeroDef,Accounting & Finance,2,0,1,0,2022-05-20,1,0,1,1,0,100,1.0,1.0,1.0,0,0,101-500,0,1061.0
7048,ssi,Accounting & Finance,2,0,1,1,2022-05-20,1,0,1,2,1,100,1.0,1.0,1.0,1,0,1-25,0,1061.0
7049,W Bank,Accounting & Finance,1,0,1,1,2022-05-20,1,0,1,1,10,100,1.0,1.0,1.0,0,0,101-500,0,1061.0
7050,ssi,Accounting & Finance,73,0,1,1,2022-05-20,1,0,1,2,10,100,1.0,1.0,1.0,1,0,1-25,0,1061.0
7051,W Bank,Accounting & Finance,2,0,1,0,2022-05-20,1,0,1,1,0,100,1.0,1.0,1.0,0,0,101-500,0,1061.0
7052,M Art,Accounting & Finance,4,0,1,1,2022-05-20,1,0,1,1,999,100,1.0,1.0,1.0,0,0,101-500,0,1061.0
7053,M Art,Accounting & Finance,2,0,1,0,2022-05-20,1,0,1,1,0,100,1.0,1.0,1.0,0,0,101-500,0,1061.0
7054,Test Company,Accounting & Finance,73,0,1,1,2022-05-20,1,1,1,2,4,100,1.0,1.0,1.0,1,0,1-25,0,1061.0
7055,Deslfslkd,Accounting & Finance,2,0,1,1,2022-05-20,1,0,1,2,10,100,1.0,1.0,1.0,1,0,1-25,0,1061.0
7056,J Test,Accounting & Finance,23,0,1,1,2022-05-20,1,0,1,2,10,100,1.0,1.0,1.0,1,0,101-500,0,1061.0
7057,J Test,Accounting & Finance,2,0,1,0,2022-05-20,1,0,1,1,0,100,1.0,1.0,1.0,0,0,101-500,0,1061.0
7058,onkar,Accounting & Finance,72,0,1,1,2022-05-20,1,0,1,2,1,10000,1.0,1.0,1.0,1,0,26-100,0,1061.0
7059,DELYTA,Accounting & Finance,72,0,1,1,2022-05-20,1,0,1,2,10,10000,1.0,1.0,1.0,1,0,1-25,0,1061.0
7060,uitesh company,Accounting & Finance,"2,7",0,1,1,2022-05-20,1,0,1,2,1,100,1.0,1.0,1.0,0,0,26-100,0,1061.0
7061,jobma,Accounting & Finance,72,0,1,1,2022-05-20,1,0,1,1,1,100,1.0,1.0,1.0,1,0,1-25,0,1061.0
7062,Jobma,Accounting & Finance,72,0,1,1,2022-05-20,1,0,1,2,1,100,1.0,1.0,1.0,1,0,1-25,0,1061.0
7063,Uitesh Jagtap,Accounting & Finance,"2,3",0,1,1,2022-05-20,1,0,1,2,10,100,1.0,1.0,1.0,0,0,1-25,0,1061.0
7064,SII,Accounting & Finance,74,0,1,1,2022-05-23,1,0,1,1,999,10000,1.0,1.0,1.0,1,0,1-25,0,1058.0
7065,Sri enterprises,Accounting & Finance,2,0,1,1,2022-05-23,1,1,1,1,12,100,1.0,1.0,1.0,0,0,26-100,0,1058.0
7066,Testing Eastern,Accounting & Finance,"2,3",0,1,0,2022-05-23,1,0,1,1,999,100,1.0,1.0,1.0,0,0,101-500,0,1058.0
7067,Testing Western,Accounting & Finance,"7,8",0,1,1,2022-05-23,1,0,1,2,10,100,1.0,1.0,1.0,0,0,500-1000,0,1058.0
7068,Dev@123,Accounting & Finance,"8,10",0,1,1,2022-05-23,1,0,1,1,999,100,1.0,1.0,1.0,0,0,101-500,0,1058.0
7069,Southern Testing,Accounting & Finance,"10,23",0,1,1,2022-05-23,1,0,1,1,1,10000,1.0,1.0,1.0,1,0,26-100,0,1058.0
7070,Datesh Testing,Accounting & Finance,"11,14",0,1,1,2022-05-23,1,0,1,1,10,10000,1.0,1.0,1.0,1,0,101-500,0,1058.0
7071,Dateh Singh Testing,Accounting & Finance,"15,16",0,1,1,2022-05-23,1,0,1,1,999,10000,1.0,1.0,1.0,1,0,26-100,0,1058.0
7072,Testing Western,Accounting & Finance,2,0,1,0,2022-05-23,1,0,1,1,0,100,1.0,1.0,1.0,0,0,500-1000,0,1058.0
7073,ss,Accounting & Finance,"2,73,74",0,1,1,2022-05-23,1,0,1,2,1,10000,1.0,1.0,1.0,1,0,26-100,0,1058.0
7074,Test Company,Accounting & Finance,3,0,1,1,2022-05-23,1,0,1,1,999,100,1.0,1.0,1.0,0,0,101-500,0,1058.0
7075,Test Company,Accounting & Finance,2,0,1,0,2022-05-23,1,0,1,1,0,100,1.0,1.0,1.0,0,0,101-500,0,1058.0
7076,SII,Accounting & Finance,3,0,1,0,2022-05-23,1,0,1,1,999,10000,1.0,1.0,1.0,1,0,1-25,0,1058.0
7077,Quest Testing,Accounting & Finance,"2,73",0,1,0,2022-05-23,1,1,1,1,999,100,1.0,1.0,1.0,1,0,26-100,0,1058.0
7078,gg,Accounting & Finance,"2,51,7",0,1,1,2022-05-23,1,0,1,2,1,10000,1.0,1.0,1.0,1,0,500-1000,0,1058.0
7079,Quest Testing,Accounting & Finance,2,0,1,0,2022-05-23,1,0,1,1,0,100,1.0,1.0,1.0,0,0,26-100,0,1058.0
7080,SII,Accounting & Finance,231,0,1,1,2022-05-23,1,0,1,2,10,100,1.0,1.0,1.0,1,0,1-25,0,1058.0
7081,SII,Accounting & Finance,2,0,1,0,2022-05-23,1,0,1,1,0,100,1.0,1.0,1.0,0,0,1-25,0,1058.0
7082,Testing company,Accounting & Finance,"82,11,89",0,1,1,2022-05-23,1,0,1,2,1,10000,1.0,1.0,1.0,1,0,1-25,0,1058.0
7083,SSII,Accounting & Finance,73,0,1,0,2022-05-23,1,0,1,2,999,60,1.0,1.0,1.0,1,0,1-25,0,1058.0
7084,ari iisdisd,Accounting & Finance,3,0,1,1,2022-05-23,1,0,1,2,10,100,1.0,1.0,1.0,0,0,101-500,0,1058.0
7085,dvlas;las,Accounting & Finance,2,0,1,1,2022-05-23,1,1,1,1,11,100,1.0,1.0,1.0,0,0,101-500,0,1058.0
7086,Test Company,Accounting & Finance,73,0,1,1,2022-05-23,1,1,1,1,21,100,1.0,1.0,1.0,1,0,1-25,0,1058.0
7087,delta tower,Accounting & Finance,3,0,1,1,2022-05-23,1,0,1,1,999,100,1.0,1.0,1.0,0,0,26-100,0,1058.0
7088,Incent,Accounting & Finance,84,0,1,1,2022-05-23,1,0,1,2,10,10000,1.0,1.0,1.0,1,0,1-25,0,1058.0
7089,Ranjit Testing,Accounting & Finance,"2,73",0,1,1,2022-05-23,1,0,1,2,10,100,1.0,1.0,1.0,1,0,101-500,0,1058.0
7090,SSII,Accounting & Finance,2,0,1,0,2022-05-23,1,0,1,1,0,100,1.0,1.0,1.0,0,0,1-25,0,1058.0
7091,Jagriti Company,Accounting & Finance,"80,11",0,1,1,2022-05-23,1,0,1,2,10,10000,1.0,1.0,1.0,1,0,500-1000,0,1058.0
7092,SSI,Accounting & Finance,4,0,1,1,2022-05-23,1,0,1,2,999,100,1.0,1.0,1.0,0,0,101-500,0,1058.0
7093,SSII,Accounting & Finance,73,0,1,1,2022-05-23,1,0,1,2,10,100,1.0,1.0,1.0,1,0,1-25,0,1058.0
7094,SSII,Accounting & Finance,2,0,1,0,2022-05-23,1,0,1,1,0,100,1.0,1.0,1.0,0,0,1-25,0,1058.0
7095,R Agri,Accounting & Finance,74,0,1,0,2022-05-23,1,0,1,2,10,10000,1.0,1.0,1.0,1,0,101-500,0,1058.0
7096,R Agri,Accounting & Finance,2,0,1,0,2022-05-23,1,0,1,1,0,100,1.0,1.0,1.0,0,0,101-500,0,1058.0
7097,Test,Accounting & Finance,4,0,1,0,2022-05-23,1,0,1,1,999,100,1.0,1.0,1.0,0,0,26-100,0,1058.0
7098,Sri Infotech,Accounting & Finance,2,0,1,1,2022-05-24,1,1,1,2,10,100,1.0,1.0,1.0,0,0,101-500,0,1057.0
7099,qwerty,Accounting & Finance,72,0,1,1,2022-05-24,1,0,1,1,10,60,1.0,150.0,1.0,1,0,1-25,0,1057.0
7100,qwerty,Accounting & Finance,2,0,1,0,2022-05-24,1,0,1,1,0,100,1.0,1.0,1.0,0,0,1-25,0,1057.0
7101,Testing Eastern,Accounting & Finance,2,0,1,0,2022-05-24,1,0,1,1,0,100,1.0,1.0,1.0,0,0,101-500,0,1057.0
7102,kutfytf,Accounting & Finance,2,0,1,1,2022-05-24,1,1,1,1,12,100,1.0,1.0,1.0,0,0,26-100,0,1057.0
7103,jobma,Accounting & Finance,72,0,1,1,2022-05-24,1,0,1,2,1,100,1.0,1.0,1.0,1,0,1-25,0,1057.0
7104,kutfytf,Accounting & Finance,2,0,1,0,2022-05-24,1,0,1,1,0,100,1.0,1.0,1.0,0,0,26-100,0,1057.0
7105,Test,Accounting & Finance,2,0,1,0,2022-05-24,1,0,1,1,0,100,1.0,1.0,1.0,0,0,26-100,0,1057.0
7106,SSI,Accounting & Finance,92,0,1,1,2022-05-24,1,0,1,2,1,10000,1.0,1.0,1.0,1,0,1-25,0,1057.0
7107,fsiuhsh,Accounting & Finance,3,0,1,0,2022-05-24,1,0,1,1,999,100,1.0,1.0,1.0,0,0,26-100,0,1057.0
7108,Test Company,Accounting & Finance,73,0,1,0,2022-05-24,1,0,1,1,999,10000,1.0,1.0,1.0,1,0,1-25,0,1057.0
7109,utk Testing,Accounting & Finance,"83,85",0,1,1,2022-05-24,1,0,1,2,10,100,1.0,1.0,1.0,1,0,More than 1000,0,1057.0
7110,sii,Accounting & Finance,74,0,1,1,2022-05-24,1,0,1,1,10,10000,1.0,1.0,1.0,1,0,1-25,0,1057.0
7111,Dev,Accounting & Finance,88,0,1,0,2022-05-24,1,0,1,0,10,100,1.0,1.0,1.0,1,0,More than 1000,0,1057.0
7112,opay,Accounting & Finance,84,0,1,0,2022-05-24,1,0,1,1,10,100,1.0,1.0,1.0,1,0,1-25,0,1057.0
7113,last tset,Accounting & Finance,74,0,1,1,2022-05-24,1,0,1,2,10,100,1.0,1.0,1.0,1,0,More than 1000,0,1057.0
7114,kajhdk,Accounting & Finance,2,0,1,1,2022-05-24,1,0,1,1,999,10000,1.0,1.0,1.0,1,0,101-500,0,1057.0
7115,sii,Accounting & Finance,2,0,1,0,2022-05-24,1,0,1,1,0,100,1.0,1.0,1.0,0,0,1-25,0,1057.0
7116,lidhnsf,Accounting & Finance,2,0,1,1,2022-05-24,1,0,1,1,10,10000,1.0,1.0,1.0,1,0,26-100,0,1057.0
7117,Desmdhggs,Accounting & Finance,2,0,1,1,2022-05-24,1,0,1,1,1,10000,1.0,1.0,1.0,1,0,101-500,0,1057.0
7118,nevpaypal,Accounting & Finance,73,0,1,1,2022-05-24,1,0,1,2,10,100,1.0,1.0,1.0,1,0,500-1000,0,1057.0
7119,sii,Accounting & Finance,74,0,1,1,2022-05-24,1,0,1,2,1,10000,1.0,1.0,1.0,1,0,1-25,0,1057.0
7120,sii,Accounting & Finance,74,0,1,1,2022-05-24,1,0,1,2,10,10000,1.0,1.0,1.0,1,0,1-25,0,1057.0
7121,ssi,Accounting & Finance,231,0,1,1,2022-05-24,1,0,1,2,10,10000,1.0,1.0,1.0,1,0,1-25,0,1057.0
7122,sri infotech,Accounting & Finance,2,0,1,1,2022-05-24,1,0,1,2,999,10000,1.0,1.0,1.0,1,0,101-500,0,1057.0
7123,Greenfield,Accounting & Finance,3,0,1,0,2022-05-24,1,0,1,1,10,100,1.0,1.0,1.0,0,0,101-500,0,1057.0
7124,KT Tech,Accounting & Finance,14,0,1,0,2022-05-24,1,0,1,1,10,60,1.0,1.0,1.0,1,0,101-500,0,1057.0
7125,jobma,Accounting & Finance,1,0,1,1,2022-05-24,1,0,1,2,1,10000,1.0,1.0,1.0,1,0,1-25,0,1057.0
7126,abhishek,Accounting & Finance,2,0,1,1,2022-05-24,1,0,1,2,10,10000,1.0,1.0,1.0,1,0,26-100,0,1057.0
7127,jobma,Accounting & Finance,1,0,1,1,2022-05-24,1,0,1,2,999,10000,1.0,1.0,1.0,1,0,26-100,0,1057.0
7128,Delta tower,Accounting & Finance,3,0,1,1,2022-05-24,1,0,1,2,10,10000,1.0,1.0,1.0,1,0,26-100,0,1057.0
7129,Fashion,Accounting & Finance,2,0,1,0,2022-05-24,1,0,1,1,10,100,1.0,1.0,1.0,0,0,101-500,0,1057.0
7130,jobma,Accounting & Finance,1,0,1,1,2022-05-24,1,0,1,2,999,10000,1.0,1.0,1.0,1,0,26-100,0,1057.0
7131,jobma,Accounting & Finance,1,0,1,1,2022-05-24,1,0,1,2,999,10000,1.0,1.0,1.0,1,0,1-25,0,1057.0
7132,sii,Accounting & Finance,2,0,1,0,2022-05-24,1,0,1,1,0,100,1.0,1.0,1.0,0,0,1-25,0,1057.0
7133,gjfadshajhl,Accounting & Finance,72,0,1,1,2022-05-24,1,0,1,2,10,10000,1.0,1.0,1.0,1,0,1-25,0,1057.0
7134,kshaslk,Accounting & Finance,2,0,1,1,2022-05-24,1,0,1,2,10,10000,1.0,1.0,1.0,1,0,1-25,0,1057.0
7135,3453554635335,Accounting & Finance,2,0,1,1,2022-05-24,1,0,1,2,999,10000,1.0,1.0,1.0,1,0,101-500,0,1057.0
7136,test,Accounting & Finance,4,0,1,1,2022-05-24,1,0,1,2,999,10000,1.0,1.0,1.0,1,0,26-100,0,1057.0
7137,SSII,Accounting & Finance,74,0,1,1,2022-05-24,1,0,1,1,10,100,1.0,1.0,1.0,1,0,1-25,0,1057.0
7138,SSII,Accounting & Finance,2,0,1,0,2022-05-24,1,0,1,1,0,100,1.0,1.0,1.0,0,0,1-25,0,1057.0
7139,Dev,Accounting & Finance,2,0,1,0,2022-05-24,1,0,1,1,0,100,1.0,1.0,1.0,0,0,More than 1000,0,1057.0
7140,Already,Accounting & Finance,"73,74",0,1,0,2022-05-24,1,0,1,1,10,100,1.0,1.0,1.0,1,0,26-100,0,1057.0
7141,zxc company,Accounting & Finance,"2,73",0,1,0,2022-05-25,1,0,1,1,1,10000,1.0,1.0,1.0,1,0,101-500,0,1056.0
7142,credit card,Accounting & Finance,"2,73",0,1,0,2022-05-25,1,0,1,1,1,100,1.0,1.0,1.0,1,0,101-500,0,1056.0
7143,paypal,Accounting & Finance,74,0,1,0,2022-05-25,1,0,1,1,10,100,1.0,1.0,1.0,1,0,101-500,0,1056.0
7144,ssi,Accounting & Finance,72,0,1,1,2022-05-25,1,1,1,1,11,100,1.0,1.0,1.0,1,0,1-25,0,1056.0
7145,StarSpace,Accounting & Finance,240,0,1,1,2022-05-25,1,0,1,1,999,100,1.0,1.0,1.0,0,0,101-500,0,1056.0
7146,mukesh,Accounting & Finance,"74,79",0,1,0,2022-05-25,1,0,1,2,10,10000,1.0,1.0,1.0,1,0,101-500,0,1056.0
7147,StarSpace,Accounting & Finance,2,0,1,0,2022-05-25,1,0,1,1,0,100,1.0,1.0,1.0,0,0,101-500,0,1056.0
7148,Delta tower,Accounting & Finance,"2,73,74",0,1,1,2022-05-25,1,0,1,1,1,10000,1.0,1.0,1.0,1,0,1-25,0,1056.0
7149,jobma,Accounting & Finance,72,0,1,1,2022-05-25,1,0,1,2,1,100,1.0,1.0,1.0,1,0,1-25,0,1056.0
7150,SSII,Accounting & Finance,74,0,1,0,2022-05-25,1,0,1,2,999,100,1.0,1.0,1.0,1,0,1-25,0,1056.0
7151,jindal  corp.,Accounting & Finance,85,0,1,1,2022-05-25,1,0,1,1,999,60,1.0,2.0,1.0,1,100,26-100,0,1056.0
7152,cvb,Accounting & Finance,3,0,1,1,2022-05-25,1,0,1,2,999,10000,1.0,1.0,1.0,1,0,26-100,0,1056.0
7153,vbn,Accounting & Finance,28,0,1,0,2022-05-25,1,0,1,1,999,60,1.0,1.0,1.0,1,0,26-100,0,1056.0
7154,khdsfkkj,Accounting & Finance,2,0,1,1,2022-05-25,1,0,1,1,999,10000,1.0,1.0,1.0,1,0,26-100,0,1056.0
7155,sdadas,Accounting & Finance,2,0,1,1,2022-05-25,1,0,1,2,1,10000,1.0,1.0,1.0,1,0,1-25,0,1056.0
7156,asf,Accounting & Finance,3,0,1,1,2022-05-25,1,0,1,1,999,100,1.0,1.0,1.0,0,0,26-100,0,1056.0
7157,SSII,Accounting & Finance,2,0,1,0,2022-05-25,1,0,1,1,0,100,1.0,1.0,1.0,0,0,1-25,0,1056.0
7158,Test Company,Accounting & Finance,74,0,1,1,2022-05-25,1,0,1,2,1,100,1.0,1.0,1.0,1,0,1-25,0,1056.0
7159,sdkjnskjn,Accounting & Finance,3,0,1,1,2022-05-25,1,0,1,2,999,10000,1.0,1.0,1.0,1,0,1-25,0,1056.0
7160,Siska Bankings,Accounting & Finance,78,0,1,1,2022-05-25,1,0,1,1,10,10000,1.0,1.0,1.0,1,0,101-500,0,1056.0
7161,Vivek Company,Accounting & Finance,"72,2",0,1,1,2022-05-25,1,0,1,2,10,100,1.0,1.0,1.0,1,0,26-100,0,1056.0
7162,Cheema,Accounting & Finance,74,0,1,1,2022-05-25,1,0,1,2,1,10000,1.0,1.0,1.0,1,0,1-25,0,1056.0
7163,Test Company,Accounting & Finance,73,0,1,1,2022-05-25,1,0,1,2,1,10000,1.0,1.0,1.0,1,0,1-25,0,1056.0
7164,Test Company,Accounting & Finance,73,0,1,0,2022-05-25,1,1,1,1,10,100,1.0,1.0,1.0,1,0,26-100,0,1056.0
7165,Test Company,Accounting & Finance,2,0,1,1,2022-05-25,1,0,1,2,1,10000,1.0,1.0,1.0,1,0,1-25,0,1056.0
7166,Test Company,Accounting & Finance,74,0,1,1,2022-05-25,1,0,1,2,10,100,1.0,1.0,1.0,1,0,1-25,0,1056.0
7167,Test Company,Accounting & Finance,2,0,1,1,2022-05-25,1,0,1,2,1,10000,1.0,1.0,1.0,1,0,1-25,0,1056.0
7168,Test Company,Accounting & Finance,2,0,1,1,2022-05-25,1,0,1,2,1,100,1.0,1.0,1.0,1,0,1-25,0,1056.0
7169,Test Company,Accounting & Finance,73,0,1,1,2022-05-25,1,0,1,1,10,10000,1.0,1.0,1.0,1,0,1-25,0,1056.0
7170,Meesh IT,Accounting & Finance,23,0,1,1,2022-05-25,1,1,1,1,10,10000,1.0,1.0,1.0,1,0,1-25,0,1056.0
7171,asdfg,Accounting & Finance,79,0,1,1,2022-05-25,1,0,1,2,10,10000,1.0,1.0,1.0,1,0,1-25,0,1056.0
7172,zxcvb,Accounting & Finance,83,0,1,1,2022-05-25,1,0,1,2,10,10000,1.0,1.0,1.0,1,0,1-25,0,1056.0
7173,Demo,Accounting & Finance,2,0,1,0,2022-05-25,1,0,1,1,0,100,1.0,1.0,1.0,0,0,1-25,0,1056.0
7174,vbnm,Accounting & Finance,73,0,1,1,2022-05-25,1,0,1,1,10,100,1.0,1.0,1.0,1,0,1-25,0,1056.0
7175,ghjkl,Accounting & Finance,74,0,1,1,2022-05-25,1,0,1,2,10,100,1.0,1.0,1.0,1,0,1-25,0,1056.0
7176,redfghjk,Accounting & Finance,2,0,1,1,2022-05-25,1,0,1,1,1,100,1.0,1.0,1.0,1,0,1-25,0,1056.0
7177,WTP,Accounting & Finance,78,0,1,1,2022-05-25,1,0,1,2,10,10000,1.0,1.0,1.0,1,0,1-25,0,1056.0
7178,Less,Accounting & Finance,74,0,1,1,2022-05-25,1,0,1,2,1,100,1.0,1.0,1.0,1,0,1-25,0,1056.0
7179,register,Accounting & Finance,73,0,1,1,2022-05-25,1,0,1,2,10,100,1.0,1.0,1.0,1,0,1-25,0,1056.0
7180,SSII,Accounting & Finance,74,0,1,1,2022-05-25,1,0,1,2,10,10000,1.0,1.0,1.0,1,0,1-25,0,1056.0
7181,ssi,Accounting & Finance,58,0,1,1,2022-05-25,1,0,1,2,1,100,1.0,1.0,1.0,1,0,1-25,0,1056.0
7182,SSII,Accounting & Finance,74,0,1,0,2022-05-25,1,0,1,2,10,10000,1.0,1.0,1.0,1,0,1-25,0,1056.0
7183,dipso,Accounting & Finance,7,0,1,1,2022-05-25,1,0,1,1,1,100,1.0,1.0,1.0,1,0,1-25,0,1056.0
7184,dipso,Accounting & Finance,7,0,1,1,2022-05-25,1,0,1,2,1,100,1.0,1.0,1.0,1,0,1-25,0,1056.0
7185,jobma,Accounting & Finance,2,0,1,1,2022-05-25,1,0,1,2,10,10000,1.0,1.0,1.0,1,0,1-25,0,1056.0
7186,NESW Testing,Accounting & Finance,"74,3",6,1,1,2022-05-26,1,0,1,1,10,100,1.0,1.0,1.0,0,0,101-500,0,1055.0
7187,Alle,Accounting & Finance,73,0,1,1,2022-05-26,1,1,1,2,999,10000,1.0,1.0,1.0,1,0,1-25,0,1055.0
7188,Alle,Accounting & Finance,2,0,1,0,2022-05-26,1,0,1,1,0,100,1.0,1.0,1.0,0,0,1-25,0,1055.0
7189,Delta tower,Accounting & Finance,73,0,1,1,2022-05-26,1,1,1,1,2,10000,1.0,1.0,1.0,1,0,1-25,0,1055.0
7190,vinay company,Accounting & Finance,"74,79",0,1,1,2022-05-26,1,0,1,2,1,10000,1.0,1.0,1.0,1,0,1-25,0,1055.0
7191,SSII,Accounting & Finance,74,0,1,0,2022-05-26,1,0,1,1,10,100,1.0,1.0,1.0,1,0,1-25,0,1055.0
7192,faster,Accounting & Finance,74,0,1,1,2022-05-26,1,0,1,2,10,10000,0.0,0.0,1.0,1,0,1-25,0,1055.0
7193,Delta tower,Accounting & Finance,73,0,1,1,2022-05-26,1,1,1,2,11,10000,1.0,1.0,1.0,1,0,1-25,0,1055.0
7194,Dalmia,Accounting & Finance,"2,73",0,1,1,2022-05-26,1,0,1,2,1,100,1.0,1.0,1.0,0,0,1-25,0,1055.0
7195,ert,Accounting & Finance,4,0,1,1,2022-05-26,1,0,1,2,999,10000,1.0,1.0,1.0,1,0,26-100,0,1055.0
7196,ionex,Accounting & Finance,74,0,1,1,2022-05-26,1,0,1,2,1,10000,0.0,0.0,1.0,1,0,26-100,0,1055.0
7197,hjk,Accounting & Finance,4,0,1,1,2022-05-26,1,0,1,2,999,10000,1.0,1.0,1.0,1,0,1-25,0,1055.0
7198,Sprite,Accounting & Finance,"1,2",0,1,0,2022-05-26,1,0,1,1,1,100,1.0,1.0,1.0,0,0,26-100,0,1055.0
7199,hjk,Accounting & Finance,3,0,1,1,2022-05-26,1,0,1,2,999,10000,1.0,1.0,1.0,1,0,26-100,0,1055.0
7200,SSII,Accounting & Finance,2,0,1,0,2022-05-26,1,0,1,1,0,100,1.0,1.0,1.0,0,0,1-25,0,1055.0
7202,assure,Accounting & Finance,2,0,1,1,2022-05-26,1,1,1,2,3,10000,1.0,1.0,1.0,1,0,More than 1000,0,1055.0
7203,sdkjnskjns,Accounting & Finance,72,0,1,1,2022-05-26,1,0,1,2,10,10000,1.0,1.0,1.0,1,0,1-25,0,1055.0
7204,assure,Accounting & Finance,2,0,1,0,2022-05-26,1,0,1,1,0,100,1.0,1.0,1.0,0,0,More than 1000,0,1055.0
7205,Tesing,Accounting & Finance,2,0,1,0,2022-05-26,1,0,1,1,0,100,1.0,1.0,1.0,0,0,More than 1000,0,1055.0
7206,sdkjnskjns,Accounting & Finance,2,0,1,0,2022-05-26,1,0,1,1,0,100,1.0,1.0,1.0,0,0,1-25,0,1055.0
7207,SSII,Accounting & Finance,2,0,1,0,2022-05-26,1,0,1,1,0,100,1.0,1.0,1.0,0,0,1-25,0,1055.0
7208,DELTA TOWER,Accounting & Finance,72,0,1,1,2022-05-26,1,0,1,1,10,10000,1.0,1.0,1.0,1,0,1-25,0,1055.0
7209,Test Company,Accounting & Finance,73,0,1,1,2022-05-26,1,0,1,2,10,10000,1.0,1.0,1.0,1,0,1-25,0,1055.0
7210,abhsieia,Accounting & Finance,73,0,1,1,2022-05-26,1,0,1,1,10,10000,1.0,1.0,1.0,1,0,1-25,0,1055.0
7211,mistik,Accounting & Finance,4,0,1,1,2022-05-26,1,0,1,2,10,10000,1.0,1.0,1.0,1,0,101-500,0,1055.0
7212,Diary Farms,Accounting & Finance,3,1,1,1,2022-05-26,1,0,1,2,1,100,1.0,1.0,1.0,0,0,1-25,0,1055.0
7213,better,Accounting & Finance,"7,81",0,1,1,2022-05-26,1,0,1,1,1,10000,0.0,0.0,1.0,1,0,1-25,0,1055.0
7214,abj,Accounting & Finance,2,0,1,1,2022-05-26,1,0,1,2,10,10000,1.0,1.0,1.0,1,0,26-100,0,1055.0
7215,jyrdyh,Accounting & Finance,"2,3,4",0,1,1,2022-05-26,1,0,1,1,10,10000,1.0,1.0,1.0,1,0,101-500,0,1055.0
7216,SSII,Accounting & Finance,74,0,1,1,2022-05-26,1,0,1,2,10,100,1.0,1.0,1.0,1,0,1-25,0,1055.0
7217,Anm,Accounting & Finance,3,0,1,1,2022-05-26,1,0,1,2,999,10000,1.0,1.0,1.0,1,0,101-500,0,1055.0
7218,SSII,Accounting & Finance,2,0,1,0,2022-05-26,1,0,1,1,0,100,1.0,1.0,1.0,0,0,1-25,0,1055.0
7219,lkjhgfdsas,Accounting & Finance,4,0,1,1,2022-05-26,1,0,1,1,999,10000,1.0,1.0,1.0,1,0,26-100,0,1055.0
7220,oojlkjljkl,Accounting & Finance,2,0,1,1,2022-05-26,1,0,1,2,10,10000,1.0,1.0,1.0,1,0,26-100,0,1055.0
7221,dlijsldkj,Accounting & Finance,2,0,1,1,2022-05-26,1,0,1,1,10,10000,1.0,1.0,1.0,1,0,26-100,0,1055.0
7222,sdcjhsdj,Accounting & Finance,2,0,1,1,2022-05-26,1,0,1,2,999,10000,1.0,1.0,1.0,1,0,26-100,0,1055.0
7223,jobma,Accounting & Finance,231,1,1,1,2022-05-26,1,0,1,1,1,100,1.0,1.0,1.0,0,0,1-25,0,1055.0
7224,jobma,Accounting & Finance,74,1,1,1,2022-05-26,1,0,1,1,1,100,1.0,1.0,1.0,0,0,1-25,0,1055.0
7226,jobma,Accounting & Finance,74,1,1,1,2022-05-26,1,0,1,1,1,100,1.0,1.0,1.0,0,0,1-25,0,1055.0
7227,hire,Accounting & Finance,4,0,1,1,2022-05-26,1,0,1,2,1,100,1.0,1.0,1.0,0,0,26-100,0,1055.0
7228,kjl,Accounting & Finance,3,0,1,1,2022-05-27,1,0,1,2,999,10000,1.0,1.0,1.0,1,0,101-500,0,1054.0
7229,Hardeep Comp.,Accounting & Finance,73,1,1,1,2022-05-27,1,0,1,2,1,100,1.0,1.0,1.0,0,0,1-25,0,1054.0
7230,Hardeep sons,Accounting & Finance,72,0,1,1,2022-05-27,1,0,1,1,1,100,1.0,1.0,1.0,0,0,26-100,0,1054.0
7231,ghjkl,Accounting & Finance,3,0,1,1,2022-05-27,1,0,1,2,999,10000,1.0,1.0,1.0,1,0,101-500,0,1054.0
7232,HP Sons,Accounting & Finance,83,0,1,1,2022-05-27,1,0,1,2,1,10000,0.0,0.0,1.0,1,0,26-100,0,1054.0
7233,binani,Accounting & Finance,2,0,1,1,2022-05-27,1,0,1,2,999,10000,1.0,1.0,1.0,1,0,26-100,0,1054.0
7234,adnan sons,Accounting & Finance,73,0,1,1,2022-05-27,1,0,1,1,1,100,1.0,1.0,1.0,0,0,1-25,0,1054.0
7235,nilma,Accounting & Finance,4,0,1,1,2022-05-27,1,0,1,2,999,10000,1.0,1.0,1.0,1,0,101-500,0,1054.0
7236,hinan Comp.,Accounting & Finance,2,0,1,1,2022-05-27,1,0,1,1,1,10000,0.0,0.0,1.0,1,0,1-25,0,1054.0
7237,CIPLA,Accounting & Finance,2,0,1,1,2022-05-27,1,0,1,2,999,10000,1.0,1.0,1.0,1,0,101-500,0,1054.0
7238,Test Company,Accounting & Finance,74,0,1,1,2022-05-27,1,0,1,2,1,10000,0.0,0.0,1.0,1,0,1-25,0,1054.0
7239,bornon Comp.,Accounting & Finance,73,1,1,1,2022-05-27,1,0,1,1,1,10000,1.0,1.0,1.0,1,0,1-25,0,1054.0
7240,ajkl,Accounting & Finance,3,0,1,1,2022-05-27,1,0,1,2,999,10000,1.0,1.0,1.0,1,0,101-500,0,1054.0
7241,kanish comp,Accounting & Finance,4,0,1,1,2022-05-27,1,0,1,1,1,10000,1.0,1.0,1.0,1,0,1-25,0,1054.0
7242,kunaly,Accounting & Finance,2,0,1,1,2022-05-27,1,0,1,2,1,10000,0.0,0.0,1.0,1,0,1-25,0,1054.0
7243,Sisi,Accounting & Finance,4,0,1,1,2022-05-27,1,0,1,2,999,10000,1.0,1.0,1.0,1,0,101-500,0,1054.0
7244,Test  Company,Accounting & Finance,73,0,1,0,2022-05-27,1,0,1,1,999,10000,1.0,1.0,1.0,1,0,1-25,0,1054.0
7245,opd,Accounting & Finance,2,0,1,1,2022-05-27,1,0,1,2,1,10000,1.0,1.0,1.0,1,0,101-500,0,1054.0
7246,jobma,Accounting & Finance,72,0,1,1,2022-05-27,1,0,1,2,1,10000,1.0,1.0,1.0,1,0,1-25,0,1054.0
7247,Test Company,Accounting & Finance,73,0,1,0,2022-05-27,1,0,1,1,10,100,1.0,1.0,1.0,1,0,1-25,0,1054.0
7248,jobma,Accounting & Finance,72,0,1,1,2022-05-27,1,0,1,2,1,10000,1.0,1.0,1.0,1,0,1-25,0,1054.0
7249,jobma,Accounting & Finance,72,0,1,1,2022-05-27,1,0,1,2,1,10000,1.0,1.0,1.0,1,0,1-25,0,1054.0
7250,jki,Accounting & Finance,4,0,1,1,2022-05-27,1,0,1,2,1,10000,1.0,1.0,1.0,1,0,26-100,0,1054.0
7251,cbdwjc,Accounting & Finance,73,0,1,1,2022-05-27,1,0,1,2,10,10000,1.0,1.0,1.0,1,0,1-25,0,1054.0
7252,XNKEW,Accounting & Finance,4,0,1,1,2022-05-27,1,0,1,2,10,10000,1.0,1.0,1.0,1,0,101-500,0,1054.0
7253,Test Company,Accounting & Finance,4,0,1,1,2022-05-27,1,0,1,2,999,10000,1.0,1.0,1.0,1,0,101-500,0,1054.0
7254,hybrid zone,Accounting & Finance,2,0,1,1,2022-05-27,1,0,1,2,999,10000,1.0,1.0,1.0,1,0,101-500,0,1054.0
7255,jobma,Accounting & Finance,72,0,1,1,2022-05-27,1,0,1,2,1,10000,0.0,0.0,1.0,1,0,1-25,0,1054.0
7256,Sumiraa Textile,Accounting & Finance,2,0,1,1,2022-05-27,1,0,1,2,999,10000,1.0,1.0,1.0,1,0,101-500,0,1054.0
7257,Drtyup,Accounting & Finance,1,0,1,1,2022-05-27,1,0,1,2,999,10000,1.0,1.0,1.0,1,0,101-500,0,1054.0
7258,Dgi,Accounting & Finance,73,0,1,1,2022-05-27,1,0,1,1,1,10000,1.0,1.0,1.0,1,0,1-25,0,1054.0
7259,dljbs,Accounting & Finance,2,0,1,1,2022-05-27,1,0,1,2,1,10000,0.0,0.0,1.0,1,0,26-100,0,1054.0
7260,bumig,Accounting & Finance,3,0,1,1,2022-05-27,1,0,1,2,1,10000,1.0,1.0,1.0,1,0,101-500,0,1054.0
7261,jobma,Accounting & Finance,72,0,1,1,2022-05-27,1,0,1,2,1,10000,0.0,0.0,1.0,1,0,1-25,0,1054.0
7262,Omega3,Accounting & Finance,73,0,1,1,2022-05-27,1,0,1,1,10,10000,1.0,1.0,1.0,1,0,1-25,0,1054.0
7263,umedy,Accounting & Finance,4,0,1,1,2022-05-27,1,0,1,2,10,10000,1.0,1.0,1.0,1,0,101-500,0,1054.0
7264,jobma,Accounting & Finance,72,0,1,1,2022-05-27,1,0,1,2,1,10000,0.0,0.0,1.0,1,0,1-25,0,1054.0
7267,umedy,Accounting & Finance,2,0,1,0,2022-05-27,1,0,1,1,0,100,1.0,1.0,1.0,0,0,101-500,0,1054.0
7269,gurpreet sons,Accounting & Finance,4,0,1,1,2022-05-27,1,0,1,2,1,10000,0.0,0.0,1.0,1,0,1-25,0,1054.0
7270,Company,Accounting & Finance,74,0,1,1,2022-05-27,1,0,1,1,10,10000,0.0,0.0,1.0,1,0,1-25,0,1054.0
7272,mbi,Accounting & Finance,3,0,1,1,2022-05-27,1,0,1,2,999,100,1.0,1.0,1.0,0,0,101-500,0,1054.0
7273,avdhiexpress,Accounting & Finance,73,0,1,1,2022-05-27,1,0,1,1,10,100,1.0,1.0,1.0,1,0,1-25,0,1054.0
7274,npl,Accounting & Finance,4,0,1,1,2022-05-27,1,0,1,2,999,100,1.0,1.0,1.0,0,0,101-500,0,1054.0
7275,npl,Accounting & Finance,4,0,1,1,2022-05-27,1,0,1,2,999,10000,1.0,1.0,1.0,1,0,500-1000,0,1054.0
7276,Gaurish Chaudhary and Sons,Accounting & Finance,73,0,1,0,2022-05-30,1,0,1,2,10,60,0.0,0.0,1.0,1,0,26-100,0,1051.0
7277,Shubham Sangwan and Sons,Accounting & Finance,"74,3",0,1,0,2022-05-30,1,0,1,2,1,60,0.0,0.0,1.0,1,0,26-100,0,1051.0
7278,Shubham Sangwan and Sons,Accounting & Finance,2,0,1,0,2022-05-30,1,0,1,1,0,100,1.0,1.0,1.0,0,0,26-100,0,1051.0
7279,Los Pollos Harmanos,Accounting & Finance,2,0,1,0,2022-05-30,1,0,1,1,0,100,1.0,1.0,1.0,0,0,1-25,0,1051.0
7280,Sukhbir and sons,Accounting & Finance,"72,73",0,1,1,2022-05-30,1,0,1,2,1,100,1.0,1.0,1.0,1,0,26-100,0,1051.0
7281,sdf,Accounting & Finance,72,0,1,1,2022-05-30,1,0,1,2,10,10000,1.0,1.0,1.0,1,0,1-25,0,1051.0
7282,Manjit and Sons,Accounting & Finance,"76,51",0,1,0,2022-05-30,1,0,1,1,1,100,1.0,1.0,1.0,0,0,101-500,0,1051.0
7283,Manjit and Sons,Accounting & Finance,2,0,1,0,2022-05-30,1,0,1,1,0,100,1.0,1.0,1.0,0,0,101-500,0,1051.0
7284,Test Company,Accounting & Finance,73,0,1,0,2022-05-30,1,0,1,1,1,10000,1.0,1.0,1.0,1,0,1-25,0,1051.0
7285,Test Company,Accounting & Finance,2,0,1,0,2022-05-30,1,0,1,1,0,100,1.0,1.0,1.0,0,0,1-25,0,1051.0
7286,ssi,Accounting & Finance,2,0,1,1,2022-05-30,1,0,1,1,10,10000,1.0,1.0,1.0,1,0,1-25,0,1051.0
7287,hanif raja and sons,Accounting & Finance,2,0,1,1,2022-05-30,1,0,1,1,1,10000,0.0,0.0,1.0,1,0,1-25,0,1051.0
7288,yuy,Accounting & Finance,2,0,1,1,2022-05-30,1,0,1,2,999,10000,1.0,1.0,1.0,1,0,1-25,0,1051.0
7289,yuy,Accounting & Finance,2,0,1,0,2022-05-30,1,0,1,1,0,100,1.0,1.0,1.0,0,0,1-25,0,1051.0
7290,ssi,Accounting & Finance,74,1,1,1,2022-05-30,1,0,1,2,10,10000,1.0,1.0,1.0,1,0,1-25,0,1051.0
7291,ssi,Accounting & Finance,73,1,1,1,2022-05-30,1,0,1,2,10,10000,1.0,1.0,1.0,1,0,1-25,0,1051.0
7292,ssi,Accounting & Finance,73,1,1,1,2022-05-30,1,0,1,2,10,100,1.0,1.0,1.0,0,0,1-25,0,1051.0
7293,ssi,Accounting & Finance,74,1,1,1,2022-05-30,1,0,1,2,999,10000,1.0,1.0,1.0,1,0,1-25,0,1051.0
7294,mdh and sons,Accounting & Finance,"2,4",0,1,0,2022-05-30,1,0,1,1,1,100,1.0,1.0,1.0,1,0,26-100,0,1051.0
7295,Test Company,Accounting & Finance,"231,72,74",0,1,1,2022-05-30,1,0,1,2,1,100,1.0,1.0,1.0,1,0,26-100,0,1051.0
7296,Testing Scope NRI,Accounting & Finance,"73,75",1,1,1,2022-05-30,1,0,1,2,1,10000,1.0,1.0,1.0,1,0,1-25,0,1051.0
7297,Test Company,Accounting & Finance,231,0,1,1,2022-05-30,1,0,1,2,1,100,1.0,1.0,1.0,1,0,1-25,0,1051.0
7298,ssi,Accounting & Finance,2,0,1,0,2022-05-30,1,0,1,1,0,100,1.0,1.0,1.0,0,0,1-25,0,1051.0
7299,ssi,Accounting & Finance,2,0,1,0,2022-05-30,1,0,1,1,0,100,1.0,1.0,1.0,0,0,1-25,0,1051.0
7300,Arbaz Khan and sons,Accounting & Finance,79,0,1,1,2022-05-31,1,0,1,1,10,10000,1.0,1.0,1.0,0,0,26-100,0,1050.0
7301,jashandeep and sons,Accounting & Finance,75,0,1,1,2022-05-31,1,0,1,1,1,100,1.0,1.0,1.0,0,0,26-100,0,1050.0
7302,Alle,Accounting & Finance,74,0,1,1,2022-05-31,1,0,1,2,1,100,1.0,1.0,1.0,0,0,1-25,0,1050.0
7303,jashandeep and sons,Accounting & Finance,2,0,1,0,2022-05-31,1,0,1,1,0,100,1.0,1.0,1.0,0,0,26-100,0,1050.0
7304,PeterCar,Accounting & Finance,73,0,1,1,2022-05-31,1,1,1,2,12,100,1.0,1.0,1.0,1,0,500-1000,0,1050.0
7305,ssi,Accounting & Finance,74,1,1,1,2022-05-31,1,0,1,2,10,10000,1.0,1.0,1.0,1,0,1-25,0,1050.0
7306,ssi,Accounting & Finance,74,1,1,1,2022-05-31,1,0,1,2,999,100,1.0,1.0,1.0,0,0,1-25,0,1050.0
7307,data dyanamx,Accounting & Finance,74,1,1,1,2022-05-31,1,0,1,2,10,100,1.0,1.0,1.0,0,0,1-25,0,1050.0
7308,sdf,Accounting & Finance,72,0,1,1,2022-05-31,1,0,1,2,1,10000,0.0,0.0,1.0,1,0,1-25,0,1050.0
7309,gjk,Accounting & Finance,74,0,1,1,2022-05-31,1,0,1,2,1,10000,1.0,1.0,1.0,1,0,1-25,0,1050.0
7310,ssi,Accounting & Finance,2,0,1,1,2022-05-31,1,0,1,2,10,10000,0.0,0.0,1.0,1,0,1-25,0,1050.0
7311,Goldy Masale and Sons,Accounting & Finance,"72,73",1,1,1,2022-05-31,1,0,1,2,1,10000,1.0,1.0,1.0,1,0,1-25,0,1050.0
7312,NabhMasale and sons,Accounting & Finance,74,1,1,1,2022-05-31,1,0,1,1,10,10000,1.0,1.0,1.0,1,0,1-25,0,1050.0
7313,textile,Accounting & Finance,74,0,1,1,2022-05-31,1,0,1,1,10,100,1.0,1.0,1.0,1,0,1-25,0,1050.0
7314,Testuserone,Accounting & Finance,"72,73",0,1,1,2022-05-31,1,0,1,1,10,100,1.0,1.0,1.0,1,0,1-25,0,1050.0
7315,Testuserone,Accounting & Finance,2,0,1,0,2022-05-31,1,0,1,1,0,100,1.0,1.0,1.0,0,0,1-25,0,1050.0
7316,jiol,Accounting & Finance,3,0,1,1,2022-05-31,1,0,1,2,1,100,1.0,1.0,1.0,0,0,500-1000,0,1050.0
7317,Testusertwo,Accounting & Finance,"2,4",0,1,1,2022-05-31,1,0,1,1,10,100,1.0,1.0,1.0,1,0,26-100,0,1050.0
7318,jkop,Accounting & Finance,74,1,1,1,2022-05-31,1,0,1,1,1,100,1.0,1.0,1.0,0,0,1-25,0,1050.0
7319,Testuserthree Co.,Accounting & Finance,4,0,1,1,2022-05-31,1,0,1,1,999,100,1.0,1.0,1.0,0,0,101-500,0,1050.0
7320,Testuserthree Co.,Accounting & Finance,2,0,1,0,2022-05-31,1,0,1,1,0,100,1.0,1.0,1.0,0,0,101-500,0,1050.0
7321,testuserfour and sons,Accounting & Finance,7,0,1,1,2022-05-31,1,0,1,1,10,100,1.0,1.0,1.0,0,0,101-500,0,1050.0
7322,testuserfour and sons,Accounting & Finance,2,0,1,0,2022-05-31,1,0,1,1,0,100,1.0,1.0,1.0,0,0,101-500,0,1050.0
7323,ssi,Accounting & Finance,231,1,1,1,2022-05-31,1,0,1,2,999,100,1.0,1.0,1.0,0,0,1-25,0,1050.0
7324,ssi,Accounting & Finance,72,1,1,1,2022-05-31,1,0,1,2,1,100,1.0,1.0,1.0,0,0,1-25,0,1050.0
7325,testuserfive,Accounting & Finance,74,1,1,1,2022-05-31,1,0,1,1,10,100,1.0,1.0,1.0,0,0,1-25,0,1050.0
7326,testusersix,Accounting & Finance,"73,74",1,1,1,2022-05-31,1,0,1,1,999,100,1.0,1.0,1.0,0,0,1-25,0,1050.0
7327,"n,jnj",Accounting & Finance,74,1,1,1,2022-05-31,1,0,1,2,1,100,1.0,1.0,1.0,0,0,1-25,0,1050.0
7328,jkop,Accounting & Finance,72,1,1,1,2022-05-31,1,0,1,1,999,100,1.0,1.0,1.0,0,0,1-25,0,1050.0
7329,Testuserseven and sons,Accounting & Finance,83,1,1,0,2022-06-01,1,0,1,1,1,100,1.0,1.0,1.0,0,0,1-25,0,1049.0
7330,Testuserseven and sons,Accounting & Finance,2,0,1,0,2022-06-01,1,0,1,1,0,100,1.0,1.0,1.0,0,0,1-25,0,1049.0
7331,testusereight and sons,Accounting & Finance,85,1,1,0,2022-06-01,1,0,1,2,1,100,1.0,1.0,1.0,0,0,1-25,0,1049.0
7332,fuji Films,Accounting & Finance,2,0,1,1,2022-06-01,1,0,1,2,1,100,1.0,1.0,1.0,0,0,1-25,0,1049.0
7333,regression testing,Accounting & Finance,88,1,1,0,2022-06-01,1,0,1,2,999,100,1.0,1.0,1.0,0,0,26-100,0,1049.0
7334,vivid,Accounting & Finance,72,0,1,1,2022-06-01,1,0,1,2,999,100,1.0,1.0,1.0,0,0,1-25,0,1049.0
7335,TATA,Accounting & Finance,222,0,1,1,2022-06-01,1,0,1,2,999,10000,1.0,1.0,1.0,1,0,26-100,0,1049.0
7336,dipso,Accounting & Finance,73,0,1,1,2022-06-01,1,0,1,2,999,100,1.0,1.0,1.0,0,0,1-25,0,1049.0
7337,jiolp,Accounting & Finance,72,0,1,1,2022-06-01,1,0,1,2,1,10000,1.0,1.0,1.0,1,0,1-25,0,1049.0
7338,gui Bros,Accounting & Finance,231,0,1,1,2022-06-01,1,0,1,2,1,100,1.0,1.0,1.0,0,0,1-25,0,1049.0
7339,regression testing,Accounting & Finance,2,0,1,0,2022-06-01,1,0,1,1,0,100,1.0,1.0,1.0,0,0,26-100,0,1049.0
7340,testuserten,Accounting & Finance,73,1,1,1,2022-06-01,1,0,1,2,10,100,1.0,1.0,1.0,0,0,1-25,0,1049.0
7341,KILOP,Accounting & Finance,73,1,1,1,2022-06-01,1,0,1,2,10,10000,1.0,1.0,1.0,1,0,1-25,0,1049.0
7342,fgadf,Accounting & Finance,73,1,1,1,2022-06-01,1,0,1,2,1,10000,1.0,1.0,1.0,1,0,1-25,0,1049.0
7343,kio,Accounting & Finance,74,0,1,1,2022-06-01,1,0,1,2,10,10000,0.0,0.0,1.0,1,0,1-25,0,1049.0
7344,testusereleven and sons,Accounting & Finance,89,1,1,0,2022-06-01,1,0,1,1,999,100,1.0,1.0,1.0,0,0,1-25,0,1049.0
7345,testusereleven and sons,Accounting & Finance,2,0,1,0,2022-06-01,1,0,1,1,0,100,1.0,1.0,1.0,0,0,1-25,0,1049.0
7346,fapti,Accounting & Finance,74,0,1,1,2022-06-01,1,0,1,2,999,10000,0.0,0.0,1.0,1,0,1-25,0,1049.0
7347,hjif,Accounting & Finance,72,1,1,1,2022-06-01,1,0,1,2,999,10000,1.0,1.0,1.0,1,0,1-25,0,1049.0
7348,TATA Motors,Accounting & Finance,72,0,1,1,2022-06-01,1,0,1,2,999,10000,1.0,1.0,1.0,1,0,More than 1000,0,1049.0
7349,testusertweleve and sons,Accounting & Finance,"4,22",0,1,1,2022-06-01,1,0,1,2,10,100,1.0,1.0,1.0,0,0,1-25,0,1049.0
7350,testuserthirteen and sons,Accounting & Finance,24,0,1,1,2022-06-01,1,0,1,1,10,100,1.0,1.0,1.0,0,0,26-100,0,1049.0
7351,Duggati,Accounting & Finance,72,0,1,1,2022-06-01,1,0,1,2,10,10000,0.0,0.0,1.0,1,0,1-25,0,1049.0
7352,testuserthirteen and sons,Accounting & Finance,2,0,1,0,2022-06-01,1,0,1,1,0,100,1.0,1.0,1.0,0,0,26-100,0,1049.0
7353,Darcl,Accounting & Finance,3,0,1,1,2022-06-01,1,0,1,2,999,10000,1.0,1.0,1.0,1,0,26-100,0,1049.0
7354,fgadf,Accounting & Finance,72,1,1,1,2022-06-01,1,0,1,2,10,10000,1.0,1.0,1.0,1,0,1-25,0,1049.0
7355,Nagarro,Accounting & Finance,8,0,1,1,2022-06-01,1,0,1,2,10,10000,1.0,1.0,1.0,1,0,101-500,0,1049.0
7356,dkjfnkjdfkj,Accounting & Finance,73,1,1,1,2022-06-01,1,0,1,2,10,100,1.0,1.0,1.0,0,0,1-25,0,1049.0
7357,testusertweleve and sons,Accounting & Finance,2,0,1,0,2022-06-01,1,0,1,1,0,100,1.0,1.0,1.0,0,0,1-25,0,1049.0
7358,Sagar Ratna,Accounting & Finance,20,0,1,1,2022-06-01,1,0,1,2,10,10000,1.0,1.0,1.0,1,0,101-500,0,1049.0
7359,bvgchvb,Accounting & Finance,73,1,1,1,2022-06-01,1,0,1,2,10,10000,1.0,1.0,1.0,1,0,1-25,0,1049.0
7360,nbjhvgcf,Accounting & Finance,74,1,1,1,2022-06-01,1,0,1,2,1,10000,1.0,1.0,1.0,1,0,1-25,0,1049.0
7361,jbh,Accounting & Finance,73,1,1,1,2022-06-01,1,0,1,2,999,10000,1.0,1.0,1.0,1,0,1-25,0,1049.0
7362,"njhjgnm.n,m",Accounting & Finance,2,1,1,1,2022-06-01,1,0,1,2,10,100,1.0,1.0,1.0,1,0,1-25,0,1049.0
7363,jhvj,Accounting & Finance,72,1,1,1,2022-06-01,1,0,1,2,999,10000,1.0,1.0,1.0,1,0,1-25,0,1049.0
7364,testuserfourteen,Accounting & Finance,3,0,1,1,2022-06-01,1,0,1,1,999,100,1.0,1.0,1.0,0,0,26-100,0,1049.0
7365,testuserfourteen,Accounting & Finance,2,0,1,0,2022-06-01,1,0,1,1,0,100,1.0,1.0,1.0,0,0,26-100,0,1049.0
7366,DDIK,Accounting & Finance,32,0,1,1,2022-06-01,1,0,1,2,999,10000,1.0,1.0,1.0,1,0,101-500,0,1049.0
7367,Titan,Accounting & Finance,26,0,1,1,2022-06-01,1,1,1,2,1,10000,1.0,1.0,1.0,1,0,500-1000,0,1049.0
7368,Dell,Accounting & Finance,15,0,1,1,2022-06-02,1,0,1,1,1,10000,1.0,1.0,1.0,1,0,101-500,0,1048.0
7369,DELL,Accounting & Finance,84,0,1,1,2022-06-02,1,0,1,2,1,10000,1.0,1.0,1.0,1,0,1-25,0,1048.0
7370,Mac,Accounting & Finance,7,0,1,1,2022-06-02,1,0,1,2,10,10000,1.0,1.0,1.0,1,0,500-1000,0,1048.0
7371,DDIK,Accounting & Finance,"53,64",0,1,1,2022-06-02,1,0,1,2,999,10000,1.0,1.0,1.0,1,0,101-500,0,1048.0
7372,Lenovo,Accounting & Finance,15,0,1,1,2022-06-02,1,0,1,2,5,10000,1.0,1.0,1.0,1,0,500-1000,0,1048.0
7373,SSI,Accounting & Finance,2,3,1,1,2022-06-02,1,0,1,2,1,10000,1.0,1.0,1.0,1,0,26-100,0,1048.0
7374,SSI,Accounting & Finance,74,0,1,1,2022-06-02,1,0,1,2,10,10000,1.0,1.0,1.0,1,0,1-25,0,1048.0
7375,HEISENBERG,Accounting & Finance,107,0,1,1,2022-06-02,1,0,1,2,1,10000,1.0,1.0,1.0,1,0,1-25,0,1048.0
7376,DELL,Accounting & Finance,4,0,1,1,2022-06-02,1,0,1,2,999,10000,1.0,1.0,1.0,1,0,101-500,0,1048.0
7377,Accenture,Accounting & Finance,55,0,1,0,2022-06-02,1,0,1,2,1,10000,1.0,1.0,1.0,1,0,26-100,0,1048.0
7378,sri infotech,Accounting & Finance,2,0,1,1,2022-06-02,1,0,1,2,1,10000,1.0,1.0,1.0,1,0,1-25,0,1048.0
7379,ibil,Accounting & Finance,2,0,1,1,2022-06-02,1,0,1,2,10,10000,1.0,1.0,1.0,1,0,1-25,0,1048.0
7380,SSI,Accounting & Finance,3,0,1,0,2022-06-02,1,0,1,2,10,60,1.0,1.0,1.0,1,0,1-25,0,1048.0
7381,SSI,Accounting & Finance,73,0,1,0,2022-06-02,1,0,1,2,10,60,1.0,1.0,1.0,1,0,1-25,0,1048.0
7382,Dell,Accounting & Finance,"3,75,4",3,1,1,2022-06-03,1,0,1,2,1,10000,1.0,1.0,1.0,1,0,101-500,0,1047.0
7383,Darcl,Accounting & Finance,"73,8,86",5,1,1,2022-06-03,1,0,1,2,1,10000,1.0,1.0,1.0,1,0,101-500,0,1047.0
7384,SKl,Accounting & Finance,80,0,1,1,2022-06-03,1,0,1,2,10,10000,0.0,0.0,1.0,1,0,1-25,0,1047.0
7385,Microsoft,Accounting & Finance,79,0,1,1,2022-06-03,1,0,1,1,1,10000,0.0,0.0,1.0,1,0,1-25,0,1047.0
7386,SKI,Accounting & Finance,84,0,1,1,2022-06-03,1,0,1,2,10,10000,0.0,0.0,1.0,1,0,1-25,0,1047.0
7387,SKI,Accounting & Finance,83,0,1,1,2022-06-03,1,0,1,2,10,10000,0.0,0.0,1.0,1,0,1-25,0,1047.0
7388,SKI,Accounting & Finance,53,0,1,0,2022-06-03,1,0,1,2,999,60,0.0,0.0,1.0,1,0,1-25,0,1047.0
7390,Infosys,Accounting & Finance,"106,32,64",0,1,1,2022-06-06,1,0,1,1,10,100,1.0,1.0,1.0,1,0,500-1000,0,1044.0
7391,SSII,Accounting & Finance,74,0,1,1,2022-06-06,1,0,1,1,1,100,1.0,1.0,1.0,1,0,1-25,0,1044.0
7392,sony,Accounting & Finance,"88,57",0,1,1,2022-06-06,1,0,1,1,10,100,1.0,1.0,1.0,1,0,1-25,0,1044.0
7393,testtwo,Accounting & Finance,73,0,1,1,2022-06-06,1,0,1,1,10,100,1.0,1.0,1.0,1,0,26-100,0,1044.0
7394,Sony,Accounting & Finance,73,0,1,1,2022-06-07,1,0,1,2,1,100,1.0,1.0,1.0,1,0,1-25,0,1043.0
7395,SSII,Accounting & Finance,2,0,1,0,2022-06-07,1,0,1,1,0,100,1.0,1.0,1.0,0,0,1-25,0,1043.0
7396,JOBMA,Accounting & Finance,23,0,1,1,2022-06-07,1,0,1,2,10,10000,1.0,1.0,1.0,1,0,500-1000,0,1043.0
7397,Sakilo,Accounting & Finance,74,0,1,1,2022-06-07,1,0,1,2,1,100,1.0,1.0,1.0,1,0,1-25,0,1043.0
7398,JOBMA,Accounting & Finance,2,0,1,0,2022-06-07,1,0,1,1,0,100,1.0,1.0,1.0,0,0,500-1000,0,1043.0
7399,sri infotech,Accounting & Finance,2,0,1,0,2022-06-07,1,0,1,2,999,60,1.0,1.0,1.0,1,0,1-25,0,1043.0
7400,ssi,Accounting & Finance,2,0,1,0,2022-06-07,1,0,1,1,0,100,1.0,1.0,1.0,0,0,1-25,0,1043.0
7401,sri infotech,Accounting & Finance,2,0,1,0,2022-06-07,1,0,1,1,0,100,1.0,1.0,1.0,0,0,1-25,0,1043.0
7402,ZEE Media,Accounting & Finance,1,0,1,0,2022-06-08,1,0,1,2,1,100,1.0,1.0,1.0,0,0,26-100,0,1042.0
7403,ZEE Media,Accounting & Finance,2,0,1,0,2022-06-08,1,0,1,1,0,100,1.0,1.0,1.0,0,0,26-100,0,1042.0
7405,jobma,Accounting & Finance,72,0,1,1,2022-06-09,1,0,1,2,1,100,1.0,1.0,1.0,1,0,1-25,0,1041.0
7406,jobma,Accounting & Finance,72,0,1,1,2022-06-09,1,0,1,2,1,100,1.0,1.0,1.0,1,0,1-25,0,1041.0
7407,jobma,Accounting & Finance,231,0,1,1,2022-06-09,1,0,1,1,1,100,1.0,1.0,1.0,1,0,1-25,0,1041.0
7408,jobma,Accounting & Finance,72,0,1,1,2022-06-09,1,0,1,1,1,100,1.0,1.0,1.0,1,0,1-25,0,1041.0
7409,jobma,Accounting & Finance,72,0,1,1,2022-06-09,1,0,1,2,1,100,1.0,1.0,1.0,1,0,1-25,0,1041.0
7410,jobma,Accounting & Finance,72,0,1,1,2022-06-09,1,0,1,2,1,10000,1.0,1.0,1.0,1,0,1-25,0,1041.0
7411,TATA,Accounting & Finance,2,0,1,0,2022-06-09,1,0,1,1,0,100,1.0,1.0,1.0,0,0,26-100,0,1041.0
7412,jobma,Accounting & Finance,1,0,1,1,2022-06-09,1,0,1,2,999,100,1.0,1.0,1.0,0,0,1-25,0,1041.0
7413,jobma,Accounting & Finance,2,0,1,1,2022-06-09,1,0,1,2,1,10000,1.0,1.0,1.0,1,0,1-25,0,1041.0
7414,jobma,Accounting & Finance,2,0,1,0,2022-06-09,1,0,1,1,0,100,1.0,1.0,1.0,0,0,1-25,0,1041.0
7415,SSI,Accounting & Finance,3,0,1,1,2022-06-09,1,0,1,2,10,10000,1.0,1.0,1.0,1,0,1-25,0,1041.0
7416,SSI,Accounting & Finance,73,0,1,1,2022-06-09,1,0,1,2,10,10000,1.0,1.0,1.0,1,0,1-25,0,1041.0
7417,Overall Tester,Accounting & Finance,2,0,1,0,2022-06-09,1,0,1,1,0,100,1.0,1.0,1.0,0,0,More than 1000,0,1041.0
7418,jobma,Accounting & Finance,72,0,1,1,2022-06-09,1,0,1,1,1,100,1.0,1.0,1.0,1,0,1-25,0,1041.0
7419,jobma,Accounting & Finance,72,0,1,1,2022-06-09,1,0,1,1,1,100,1.0,1.0,1.0,1,0,1-25,0,1041.0
7420,jobma,Accounting & Finance,231,0,1,1,2022-06-09,1,0,1,2,10,100,1.0,1.0,1.0,1,0,1-25,0,1041.0
7421,ADE,Accounting & Finance,72,0,1,1,2022-06-09,1,0,1,1,1,100,1.0,1.0,1.0,1,0,26-100,0,1041.0
7422,jobma,Accounting & Finance,72,0,1,1,2022-06-09,1,0,1,1,1,100,1.0,1.0,1.0,1,0,1-25,0,1041.0
7423,Go Green,Accounting & Finance,74,0,1,1,2022-06-09,1,0,1,2,999,100,1.0,1.0,1.0,0,0,101-500,0,1041.0
7424,Aero,Accounting & Finance,73,0,1,1,2022-06-09,1,0,1,1,1,100,1.0,1.0,1.0,1,0,1-25,0,1041.0
7425,vika,Accounting & Finance,74,0,1,1,2022-06-09,1,1,1,1,5,100,1.0,1.0,1.0,1,0,1-25,0,1041.0
7426,Darcl,Accounting & Finance,4,0,1,1,2022-06-09,1,0,1,2,1,10000,1.0,1.0,1.0,1,0,1-25,0,1041.0
7427,keetnasak,Accounting & Finance,74,0,1,1,2022-06-09,1,0,1,1,1,100,1.0,1.0,1.0,1,0,1-25,0,1041.0
7428,SSI,Accounting & Finance,78,0,1,1,2022-06-09,1,0,1,2,10,10000,1.0,1.0,1.0,1,0,1-25,0,1041.0
7429,Darcl,Accounting & Finance,73,0,1,1,2022-06-09,1,0,1,2,1,10000,1.0,1.0,1.0,1,0,1-25,0,1041.0
7430,Overall Tester,Accounting & Finance,2,0,1,0,2022-06-09,1,0,1,1,0,100,1.0,1.0,1.0,0,0,More than 1000,0,1041.0
7431,Darcl,Accounting & Finance,87,0,1,0,2022-06-10,1,1,1,1,11,10000,1.0,1.0,1.0,1,0,1-25,0,1040.0
7432,Mama Earth44,Accounting & Finance,"78,79",0,1,0,2022-06-10,1,0,1,2,999,60,1.0,1.0,1.0,1,0,1-25,0,1040.0
7433,JK Tech,Accounting & Finance,84,0,1,0,2022-06-10,1,0,1,2,999,60,1.0,1.0,1.0,1,0,1-25,0,1040.0
7434,Test Quality,Accounting & Finance,7,0,1,1,2022-06-10,1,0,1,1,10,100,1.0,1.0,1.0,1,0,26-100,0,1040.0
7435,Puma43,Accounting & Finance,"2,51,79",0,1,1,2022-06-10,1,0,1,1,10,10000,1.0,1.0,1.0,1,0,26-100,0,1040.0
7436,SSI,Accounting & Finance,7,0,1,1,2022-06-10,1,0,1,2,10,10000,1.0,1.0,1.0,1,0,1-25,0,1040.0
7437,JomDp,Accounting & Finance,73,0,1,1,2022-06-10,1,0,1,2,10,100,1.0,1.0,1.0,1,0,1-25,0,1040.0
7438,avdhiexpress,Accounting & Finance,72,0,1,1,2022-06-10,1,0,1,2,10,100,1.0,1.0,1.0,1,0,1-25,0,1040.0
7439,Zoom,Accounting & Finance,3,0,1,1,2022-06-10,1,0,1,2,999,10000,1.0,1.0,1.0,1,0,101-500,0,1040.0
7440,Zee media,Accounting & Finance,76,0,1,0,2022-06-10,1,0,1,2,999,60,1.0,1.0,1.0,1,0,101-500,0,1040.0
7441,vika,Accounting & Finance,2,0,1,0,2022-06-10,1,0,1,1,0,100,1.0,1.0,1.0,0,0,1-25,0,1040.0
7442,SSI,Accounting & Finance,8,0,1,0,2022-06-10,1,1,1,2,14,10000,1.0,1.0,1.0,1,0,500-1000,0,1040.0
7443,dddfdf,Accounting & Finance,82,0,1,1,2022-06-10,1,0,1,2,10,10000,1.0,1.0,1.0,1,0,1-25,0,1040.0
7444,hira,Accounting & Finance,74,0,1,1,2022-06-10,1,0,1,1,10,100,1.0,1.0,1.0,1,0,1-25,0,1040.0
7445,Testing,Accounting & Finance,72,0,1,1,2022-06-10,1,1,1,1,26,100,1.0,1.0,1.0,1,0,26-100,0,1040.0
7446,Testing,Accounting & Finance,2,0,1,0,2022-06-10,1,0,1,1,0,100,1.0,1.0,1.0,0,0,26-100,0,1040.0
7447,paradise,Accounting & Finance,74,0,1,1,2022-06-10,1,1,1,1,14,100,1.0,1.0,1.0,1,0,1-25,0,1040.0
7448,Green Agri,Accounting & Finance,74,0,1,1,2022-06-10,1,0,1,2,10,100,1.0,1.0,1.0,1,0,1-25,0,1040.0
7449,Fringes,Accounting & Finance,43,0,1,1,2022-06-13,1,0,1,1,999,10000,1.0,1.0,1.0,1,0,500-1000,0,1037.0
7450,palme,Accounting & Finance,2,0,1,1,2022-06-13,1,0,1,1,10,100,1.0,1.0,1.0,1,0,1-25,0,1037.0
7451,Darcl,Accounting & Finance,1,0,1,1,2022-06-13,1,0,1,2,999,10000,1.0,1.0,1.0,1,0,More than 1000,0,1037.0
7452,Cars24,Accounting & Finance,"84,86",0,1,0,2022-06-13,1,0,1,2,10,10000,1.0,1.0,1.0,1,0,500-1000,0,1037.0
7453,vinodi,Accounting & Finance,1,0,1,1,2022-06-13,1,0,1,2,999,100,1.0,1.0,1.0,0,0,101-500,0,1037.0
7454,Indigo,Accounting & Finance,85,0,1,1,2022-06-13,1,0,1,2,10,10000,1.0,1.0,1.0,1,0,101-500,0,1037.0
7455,Accenture,Accounting & Finance,52,0,1,1,2022-06-13,1,0,1,2,999,10000,1.0,1.0,1.0,1,0,101-500,0,1037.0
7457,vinodi,Accounting & Finance,2,0,1,0,2022-06-13,1,0,1,1,0,100,1.0,1.0,1.0,0,0,101-500,0,1037.0
7458,Q Test,Accounting & Finance,24,0,1,1,2022-06-13,1,0,1,2,999,100,1.0,1.0,1.0,0,0,26-100,0,1037.0
7459,Go Green,Accounting & Finance,74,0,1,1,2022-06-13,1,0,1,1,1,100,1.0,1.0,1.0,1,0,26-100,0,1037.0
7460,kj,Accounting & Finance,4,0,1,1,2022-06-13,1,0,1,2,999,100,1.0,1.0,1.0,0,0,26-100,0,1037.0
7461,JOBMA Indore,Accounting & Finance,23,0,1,1,2022-06-13,1,0,1,2,10,10000,1.0,1.0,1.0,1,0,500-1000,0,1037.0
7462,ssi,Accounting & Finance,72,0,1,1,2022-06-14,1,0,1,2,1,10000,1.0,1.0,1.0,1,0,1-25,0,1036.0
7463,Darbari,Accounting & Finance,2,0,1,0,2022-06-14,1,1,1,1,10,100,1.0,1.0,1.0,1,0,1-25,0,1036.0
7464,JomDp,Accounting & Finance,74,0,2,1,2022-06-14,1,1,1,2,29,100,1.0,1.0,1.0,1,0,1-25,0,1036.0
7465,yrp,Accounting & Finance,1,0,1,1,2022-06-14,1,0,1,2,999,100,1.0,1.0,1.0,0,0,26-100,0,1036.0
7466,Speed Auto,Accounting & Finance,"4,51,11",0,1,1,2022-06-14,1,0,1,2,10,100,1.0,1.0,1.0,1,0,500-1000,0,1036.0
7467,Test Company,Accounting & Finance,2,0,1,0,2022-06-14,1,0,1,2,1,100,1.0,1.0,1.0,1,0,1-25,0,1036.0
7468,SSI,Accounting & Finance,124,0,1,1,2022-06-14,1,0,1,2,1,100,1.0,1.0,1.0,1,0,1-25,0,1036.0
7469,Harshi technologies,Accounting & Finance,26,0,1,0,2022-06-14,1,0,1,2,10,10000,1.0,1.0,1.0,1,0,101-500,0,1036.0
7470,jobma,Accounting & Finance,72,0,1,1,2022-06-14,1,0,1,2,1,100,1.0,1.0,1.0,1,0,1-25,0,1036.0
7471,Ssi,Accounting & Finance,2,0,1,0,2022-06-14,1,0,1,1,0,100,1.0,1.0,1.0,0,0,26-100,0,1036.0
7472,Biki,Accounting & Finance,3,0,1,1,2022-06-14,1,0,1,2,1,100,1.0,1.0,1.0,0,0,26-100,0,1036.0
7473,SSI,Accounting & Finance,81,0,1,1,2022-06-14,1,0,1,2,1,10000,1.0,1.0,1.0,1,0,1-25,0,1036.0
7474,dell,Accounting & Finance,27,0,1,0,2022-06-14,1,0,1,2,10,10000,1.0,1.0,1.0,1,0,26-100,0,1036.0
7475,Dare,Accounting & Finance,"58,70",0,1,1,2022-06-14,1,0,1,2,999,10000,1.0,1.0,1.0,1,0,101-500,0,1036.0
7476,gang,Accounting & Finance,23,0,1,1,2022-06-14,1,0,1,1,1,10000,1.0,1.0,1.0,1,0,101-500,0,1036.0
7477,High Tech,Accounting & Finance,"21,101,107",0,1,1,2022-06-15,1,0,1,2,1,100,1.0,1.0,1.0,1,0,101-500,0,1035.0
7478,JOBMA Indore,Accounting & Finance,23,0,1,1,2022-06-15,1,1,1,2,2,10000,1.0,1.0,1.0,1,0,101-500,0,1035.0
7479,yrp,Accounting & Finance,2,0,1,1,2022-06-16,1,0,1,1,0,100,1.0,1.0,1.0,0,0,26-100,0,1034.0
7480,Tech Auto,Accounting & Finance,51,0,1,1,2022-06-16,1,0,1,2,10,100,1.0,1.0,1.0,1,0,101-500,0,1034.0
7481,dipso,Accounting & Finance,74,0,1,1,2022-06-16,1,0,1,2,10,100,1.0,1.0,1.0,1,0,1-25,0,1034.0
7482,JomDp,Accounting & Finance,2,0,1,1,2022-06-16,1,0,1,2,10,100,1.0,1.0,1.0,1,0,1-25,0,1034.0
7483,Jak,Accounting & Finance,78,0,1,1,2022-06-16,1,0,1,2,1,100,1.0,1.0,1.0,1,0,1-25,0,1034.0
7484,SSL,Accounting & Finance,86,1,1,0,2022-06-16,1,0,1,2,10,100,1.0,1.0,1.0,1,0,101-500,0,1034.0
7485,relaxo,Accounting & Finance,73,1,1,0,2022-06-16,1,0,1,2,1,100,1.0,1.0,1.0,1,0,1-25,0,1034.0
7486,Darcl,Accounting & Finance,85,1,1,1,2022-06-16,1,0,1,2,1,10000,1.0,1.0,1.0,1,0,500-1000,0,1034.0
7487,express way,Accounting & Finance,"69,66",1,1,1,2022-06-16,1,0,1,2,10,10000,1.0,1.0,1.0,1,0,26-100,0,1034.0
7488,Sparx,Accounting & Finance,"111,115",1,1,1,2022-06-16,1,0,1,2,999,10000,1.0,1.0,1.0,1,0,101-500,0,1034.0
7489,cello,Accounting & Finance,"172,50",5,1,1,2022-06-16,1,0,1,2,999,10000,1.0,1.0,1.0,1,0,101-500,0,1034.0
7490,Infosys,Accounting & Finance,98,0,1,1,2022-06-16,1,0,1,1,1,100,1.0,1.0,1.0,0,0,101-500,0,1034.0
7491,ssi,Accounting & Finance,73,6,1,1,2022-06-17,1,0,1,2,1,10000,1.0,1.0,1.0,1,0,1-25,0,1033.0
7492,Test Company,Accounting & Finance,2,0,1,1,2022-06-17,1,0,1,2,1,100,1.0,1.0,1.0,1,0,1-25,0,1033.0
7493,dipso,Accounting & Finance,74,0,1,1,2022-06-17,1,0,1,2,1,100,1.0,1.0,1.0,1,0,1-25,0,1033.0
7494,Test Company,Accounting & Finance,72,0,1,1,2022-06-17,1,0,1,2,10,100,1.0,1.0,1.0,1,0,1-25,0,1033.0
7495,Test Company,Accounting & Finance,73,0,1,1,2022-06-17,1,0,1,2,10,100,1.0,1.0,1.0,1,0,1-25,0,1033.0
7496,ADE,Accounting & Finance,2,0,1,1,2022-06-17,1,0,1,2,999,100,1.0,1.0,1.0,0,0,101-500,0,1033.0
7497,Test Company,Accounting & Finance,73,0,1,1,2022-06-17,1,0,1,2,10,100,1.0,1.0,1.0,1,0,1-25,0,1033.0
7498,giop,Accounting & Finance,8,0,1,1,2022-06-17,1,0,1,2,1,100,1.0,1.0,1.0,0,0,1-25,0,1033.0
7499,vilal,Accounting & Finance,4,0,1,1,2022-06-17,1,0,1,2,999,100,1.0,1.0,1.0,0,0,26-100,0,1033.0
7500,yopl,Accounting & Finance,4,0,1,1,2022-06-17,1,0,1,2,10,100,1.0,1.0,1.0,0,0,101-500,0,1033.0
7501,Amk,Accounting & Finance,3,0,1,1,2022-06-17,1,0,1,2,999,100,1.0,1.0,1.0,0,0,500-1000,0,1033.0
7502,ssi,Accounting & Finance,7,4,1,0,2022-06-17,1,0,1,2,1,100,1.0,1.0,1.0,1,0,1-25,0,1033.0
7503,JomDp,Accounting & Finance,2,0,1,0,2022-06-17,1,0,1,1,0,100,1.0,1.0,1.0,0,0,1-25,0,1033.0
7504,A Auto,Accounting & Finance,51,0,1,1,2022-06-17,1,0,1,2,999,100,1.0,1.0,1.0,0,0,101-500,0,1033.0
7505,JomDp,Accounting & Finance,2,0,1,0,2022-06-17,1,0,1,1,0,100,1.0,1.0,1.0,0,0,1-25,0,1033.0
7506,Darbari,Accounting & Finance,2,0,1,0,2022-06-17,1,0,1,1,0,100,1.0,1.0,1.0,0,0,1-25,0,1033.0
7507,giop,Accounting & Finance,2,0,1,0,2022-06-17,1,0,1,1,0,100,1.0,1.0,1.0,0,0,1-25,0,1033.0
7508,Fine Art,Accounting & Finance,"76,4,85",0,1,1,2022-06-17,1,0,1,2,10,100,1.0,1.0,1.0,1,0,500-1000,0,1033.0
7509,ssi,Accounting & Finance,2,0,1,1,2022-06-17,1,0,1,2,10,100,1.0,1.0,1.0,1,0,1-25,0,1033.0
7510,Darcl,Accounting & Finance,2,0,1,0,2022-06-17,1,0,1,1,0,100,1.0,1.0,1.0,0,0,1-25,0,1033.0
7511,jinol,Accounting & Finance,73,0,1,1,2022-06-17,1,0,1,2,1,100,1.0,1.0,1.0,1,0,1-25,0,1033.0
7512,TNTs,Accounting & Finance,73,0,1,1,2022-06-17,1,0,1,2,1,100,1.0,1.0,1.0,1,0,500-1000,0,1033.0
7513,Green Agri,Accounting & Finance,74,0,1,1,2022-06-20,1,0,1,2,1,100,1.0,1.0,1.0,1,0,26-100,0,1030.0
7514,jobma,Accounting & Finance,72,0,1,1,2022-06-20,1,0,1,2,1,100,1.0,1.0,1.0,1,0,1-25,0,1030.0
7515,jobma,Accounting & Finance,231,0,1,1,2022-06-20,1,0,1,2,1,100,1.0,1.0,1.0,1,0,1-25,0,1030.0
7516,jobma,Accounting & Finance,72,0,1,1,2022-06-20,1,0,1,2,1,100,1.0,1.0,1.0,1,0,1-25,0,1030.0
7517,jobma,Accounting & Finance,72,0,1,1,2022-06-20,1,0,1,2,10,100,1.0,1.0,1.0,1,0,1-25,0,1030.0
7518,jobma,Accounting & Finance,72,0,1,1,2022-06-20,1,0,1,2,1,10000,1.0,1.0,1.0,1,0,1-25,0,1030.0
7519,jobma,Accounting & Finance,72,0,1,1,2022-06-20,1,0,1,2,1,100,1.0,1.0,1.0,1,0,1-25,0,1030.0
7520,yopl,Accounting & Finance,2,0,1,0,2022-06-20,1,0,1,1,0,100,1.0,1.0,1.0,0,0,101-500,0,1030.0
7521,Auto,Accounting & Finance,98,0,1,1,2022-06-20,1,0,1,2,1,100,1.0,1.0,1.0,1,0,101-500,0,1030.0
7522,binjal,Accounting & Finance,72,0,1,1,2022-06-20,1,0,1,2,10,100,1.0,1.0,1.0,1,0,1-25,0,1030.0
7523,jobma,Accounting & Finance,72,1,1,0,2022-06-20,1,0,1,2,1,100,1.0,1.0,1.0,0,0,1-25,0,1030.0
7524,jobma,Accounting & Finance,1,0,1,1,2022-06-20,1,0,1,1,999,100,1.0,1.0,1.0,0,0,1-25,0,1030.0
7525,TestQ,Accounting & Finance,224,0,1,1,2022-06-20,1,0,1,2,999,100,1.0,1.0,1.0,0,0,500-1000,0,1030.0
7526,SSL,Accounting & Finance,2,0,1,0,2022-06-20,1,0,1,1,0,100,1.0,1.0,1.0,0,0,101-500,0,1030.0
7527,jobma,Accounting & Finance,72,1,1,1,2022-06-20,1,0,1,1,1,100,1.0,1.0,1.0,0,0,1-25,0,1030.0
7528,JOBMA Indore,Accounting & Finance,2,0,1,0,2022-06-20,1,0,1,1,0,100,1.0,1.0,1.0,0,0,101-500,0,1030.0
7529,jobma,Accounting & Finance,72,1,1,1,2022-06-20,1,0,1,2,1,100,1.0,1.0,1.0,0,0,1-25,0,1030.0
7530,jobma,Accounting & Finance,72,1,1,1,2022-06-20,1,0,1,2,1,100,1.0,1.0,1.0,0,0,1-25,0,1030.0
7531,JOBMA indore,Accounting & Finance,23,0,1,1,2022-06-20,1,0,1,2,10,10000,1.0,1.0,1.0,1,0,101-500,0,1030.0
7532,Zoom,Accounting & Finance,90,1,1,1,2022-06-20,1,0,1,2,1,10000,1.0,1.0,1.0,1,0,500-1000,0,1030.0
7533,Darcl,Accounting & Finance,"76,89",0,1,1,2022-06-20,1,0,1,2,1,10000,0.0,0.0,1.0,1,0,1-25,0,1030.0
7534,JOBMA,Accounting & Finance,23,0,1,1,2022-06-20,1,0,1,2,1,10000,1.0,1.0,1.0,1,0,1-25,0,1030.0
7535,QRG,Accounting & Finance,8,0,1,1,2022-06-20,1,0,1,2,10,10000,0.0,0.0,1.0,1,0,1-25,0,1030.0
7536,SSI INDORE,Accounting & Finance,23,0,1,1,2022-06-21,1,0,1,2,10,10000,1.0,1.0,1.0,1,0,1-25,0,1029.0
7537,Speed Auto,Accounting & Finance,51,0,1,0,2022-06-21,1,1,1,2,2,100,1.0,1.0,1.0,1,0,101-500,0,1029.0
7538,SGI,Accounting & Finance,8,0,1,0,2022-06-21,1,0,1,1,10,60,1.0,1.0,1.0,1,0,1-25,0,1029.0
7539,indigo,Accounting & Finance,8,4,1,1,2022-06-21,1,0,1,2,1,10000,1.0,1.0,1.0,1,0,1-25,0,1029.0
7540,Wework,Accounting & Finance,46,0,1,1,2022-06-21,1,0,1,2,10,10000,0.0,0.0,1.0,1,0,101-500,0,1029.0
7541,ZEE,Accounting & Finance,79,0,1,0,2022-06-21,1,0,1,2,10,10000,0.0,0.0,1.0,1,0,500-1000,0,1029.0
7542,Speed Auto,Accounting & Finance,2,0,1,0,2022-06-21,1,0,1,1,0,100,1.0,1.0,1.0,0,0,101-500,0,1029.0
7543,SSI,Accounting & Finance,24,0,1,1,2022-06-21,1,0,1,2,999,10000,1.0,1.0,1.0,1,0,101-500,0,1029.0
7544,ZEE,Accounting & Finance,2,0,1,0,2022-06-21,1,0,1,1,0,100,1.0,1.0,1.0,0,0,500-1000,0,1029.0
7545,virum,Accounting & Finance,2,0,1,1,2022-06-21,1,0,1,2,10,100,1.0,1.0,1.0,1,0,1-25,0,1029.0
7546,virum,Accounting & Finance,2,0,1,0,2022-06-21,1,0,1,1,0,100,1.0,1.0,1.0,0,0,1-25,0,1029.0
7547,jobma,Accounting & Finance,72,1,1,1,2022-06-21,1,0,1,1,1,100,1.0,1.0,1.0,0,0,1-25,0,1029.0
7548,jobma,Accounting & Finance,231,1,1,1,2022-06-21,1,0,1,2,1,10000,1.0,1.0,1.0,1,0,1-25,0,1029.0
7549,gujrati bros,Accounting & Finance,73,0,1,1,2022-06-21,1,0,1,2,1000,100,1.0,1.0,1.0,0,0,1-25,0,1029.0
7550,minopl,Accounting & Finance,73,0,1,1,2022-06-21,1,0,1,2,1,100,1.0,1.0,1.0,0,0,1-25,0,1029.0
7551,jobma,Accounting & Finance,231,1,1,1,2022-06-21,1,0,1,1,1,10000,1.0,1.0,1.0,1,0,1-25,0,1029.0
7552,Darcl,Accounting & Finance,2,0,1,0,2022-06-21,1,0,1,1,0,100,1.0,1.0,1.0,0,0,1-25,0,1029.0
7553,jobma,Accounting & Finance,72,1,1,1,2022-06-21,1,0,1,1,1,100,1.0,1.0,1.0,0,0,1-25,0,1029.0
7554,T Test,Accounting & Finance,23,0,1,1,2022-06-21,1,1,1,2,11,100,1.0,1.0,1.0,0,0,101-500,0,1029.0
7555,gujrati bros,Accounting & Finance,2,0,1,0,2022-06-21,1,0,1,1,0,100,1.0,1.0,1.0,0,0,1-25,0,1029.0
7556,Green Envi,Accounting & Finance,74,0,1,0,2022-06-21,1,0,1,2,10,100,1.0,1.0,1.0,1,0,500-1000,0,1029.0
7557,jobma,Accounting & Finance,72,0,1,1,2022-06-21,1,0,1,2,1,100,1.0,1.0,1.0,0,0,1-25,0,1029.0
7558,Test Company,Accounting & Finance,74,0,1,1,2022-06-21,1,0,1,2,1,100,1.0,1.0,1.0,0,0,1-25,0,1029.0
7559,darcl,Accounting & Finance,2,0,1,1,2022-06-21,1,0,1,2,999,10000,0.0,0.0,1.0,1,0,101-500,0,1029.0
7560,jobma,Accounting & Finance,72,1,1,0,2022-06-21,1,0,1,1,1,100,1.0,1.0,1.0,0,0,1-25,0,1029.0
7561,SSI,Accounting & Finance,2,1,1,0,2022-06-21,1,0,1,2,1,10000,1.0,1.0,1.0,1,0,1-25,0,1029.0
7562,jobma,Accounting & Finance,72,1,1,0,2022-06-21,1,0,1,2,1,60,1.0,1.0,1.0,1,0,1-25,0,1029.0
7563,jobma,Accounting & Finance,72,1,1,0,2022-06-21,1,0,1,2,10,100,1.0,1.0,1.0,0,0,1-25,0,1029.0
7564,ssi,Accounting & Finance,89,1,1,1,2022-06-21,1,0,1,2,1,10000,1.0,1.0,1.0,1,0,1-25,0,1029.0
7565,ssi,Accounting & Finance,78,0,1,1,2022-06-21,1,0,1,2,1,100,1.0,1.0,1.0,1,0,1-25,0,1029.0
7566,SSI,Accounting & Finance,15,0,1,1,2022-06-21,1,0,1,2,1,10000,1.0,1.0,1.0,1,0,101-500,0,1029.0
7567,jobma,Accounting & Finance,72,0,1,1,2022-06-21,1,0,1,2,1,100,1.0,1.0,1.0,1,0,1-25,0,1029.0
7568,jobma,Accounting & Finance,72,0,1,1,2022-06-21,1,0,1,2,1,100,1.0,1.0,1.0,1,0,1-25,0,1029.0
7569,Darcl,Accounting & Finance,54,3,1,0,2022-06-22,1,0,1,2,10,10000,1.0,1.0,1.0,1,0,101-500,0,1028.0
7570,SSG,Accounting & Finance,78,0,1,0,2022-06-22,1,0,1,2,10,10000,0.0,0.0,1.0,1,0,More than 1000,0,1028.0
7571,Puma43,Accounting & Finance,2,0,1,0,2022-06-22,1,0,1,1,0,100,1.0,1.0,1.0,0,0,26-100,0,1028.0
7575,jobma,Accounting & Finance,231,0,1,1,2022-06-22,1,0,1,2,1,100,1.0,1.0,1.0,1,0,1-25,0,1028.0
7576,Harshi technologies,Accounting & Finance,2,0,1,0,2022-06-22,1,0,1,1,0,100,1.0,1.0,1.0,0,0,101-500,0,1028.0
7577,Aerodynamic,Accounting & Finance,73,0,1,0,2022-06-22,1,0,1,2,1,10000,1.0,1.0,1.0,1,0,26-100,0,1028.0
7578,jobma,Accounting & Finance,1,0,1,1,2022-06-22,1,0,1,2,1,100,1.0,1.0,1.0,0,0,1-25,0,1028.0
7579,jobma,Accounting & Finance,2,0,1,1,2022-06-22,1,0,1,2,10,100,1.0,1.0,1.0,0,0,26-100,0,1028.0
7580,biko,Accounting & Finance,4,0,1,1,2022-06-22,1,0,1,2,1,100,1.0,1.0,1.0,0,0,26-100,0,1028.0
7581,jobma,Accounting & Finance,1,0,1,1,2022-06-22,1,0,1,2,10,100,1.0,1.0,1.0,0,0,26-100,0,1028.0
7582,niop,Accounting & Finance,2,0,1,1,2022-06-22,1,0,1,2,1,100,1.0,1.0,1.0,0,0,26-100,0,1028.0
7583,SSI indore,Accounting & Finance,2,0,1,1,2022-06-22,1,0,1,2,999,10000,1.0,1.0,1.0,1,0,1-25,0,1028.0
7584,Alle,Accounting & Finance,74,0,1,1,2022-06-22,1,0,1,2,1,10000,1.0,1.0,1.0,1,0,1-25,0,1028.0
7585,Cars 24,Accounting & Finance,28,0,1,0,2022-06-22,1,0,1,1,1,60,1.0,1.0,1.0,1,0,26-100,0,1028.0
7586,ssi,Accounting & Finance,21,0,1,1,2022-06-22,1,0,1,2,1,60,1.0,1.0,1.0,1,0,26-100,0,1028.0
7587,salk,Accounting & Finance,2,0,1,1,2022-06-22,1,0,1,2,10,10000,1.0,1.0,1.0,1,0,1-25,0,1028.0
7588,T Test,Accounting & Finance,2,0,1,0,2022-06-22,1,0,1,1,0,100,1.0,1.0,1.0,0,0,101-500,0,1028.0
7589,T Test,Accounting & Finance,2,0,1,0,2022-06-22,1,0,1,1,0,100,1.0,1.0,1.0,0,0,101-500,0,1028.0
7590,jilo,Accounting & Finance,72,1,1,1,2022-06-22,1,0,1,2,1,100,1.0,1.0,1.0,0,0,1-25,0,1028.0
7591,jop,Accounting & Finance,72,1,1,1,2022-06-22,1,0,1,2,1,100,1.0,1.0,1.0,0,0,1-25,0,1028.0
7592,Accenture,Accounting & Finance,8,0,1,1,2022-06-22,1,0,1,2,10,10000,1.0,1.0,1.0,1,0,500-1000,0,1028.0
7593,hiwal,Accounting & Finance,73,1,1,0,2022-06-22,1,0,1,1,1,100,1.0,1.0,1.0,0,0,1-25,0,1028.0
7594,hilp,Accounting & Finance,73,1,1,0,2022-06-22,1,0,1,2,10,60,1.0,1.0,1.0,1,0,1-25,0,1028.0
7595,DWF,Accounting & Finance,2,1,1,0,2022-06-22,1,0,1,2,10,10000,1.0,1.0,1.0,1,0,500-1000,0,1028.0
7596,ssi,Accounting & Finance,72,0,1,1,2022-06-22,1,0,1,2,10,10000,1.0,1.0,1.0,1,0,1-25,0,1028.0
7597,Art,Accounting & Finance,4,0,1,0,2022-06-22,1,0,1,2,10,100,1.0,1.0,1.0,1,0,101-500,0,1028.0
7598,Infosys,Accounting & Finance,73,4,1,0,2022-06-22,1,0,1,1,1,60,1.0,1.0,1.0,1,0,1-25,0,1028.0
7599,bikalam,Accounting & Finance,2,0,1,0,2022-06-22,1,0,1,2,10,100,1.0,1.0,1.0,0,0,101-500,0,1028.0
7600,Test Company,Accounting & Finance,74,0,1,1,2022-06-22,1,0,1,2,1,100,1.0,1.0,1.0,1,0,1-25,0,1028.0
7605,Oracle,Accounting & Finance,38,0,1,0,2022-06-23,1,0,1,2,10,10000,1.0,1.0,1.0,1,0,101-500,0,1027.0
7606,amaze,Accounting & Finance,2,1,1,0,2022-06-23,1,0,1,2,10,100,1.0,1.0,1.0,0,0,1-25,0,1027.0
7607,Quality Measure,Accounting & Finance,23,0,1,1,2022-06-23,1,0,1,1,999,100,1.0,1.0,1.0,0,0,101-500,0,1027.0
7608,amazul,Accounting & Finance,21,1,1,0,2022-06-23,1,0,1,2,1,100,1.0,1.0,1.0,0,0,1-25,0,1027.0
7609,ASI,Accounting & Finance,79,0,1,1,2022-06-23,1,0,1,2,1,100,1.0,1.0,1.0,1,0,1-25,0,1027.0
7610,A star,Accounting & Finance,2,0,1,1,2022-06-23,1,0,1,2,3,100,1.0,1.0,1.0,0,0,500-1000,0,1027.0
7611,Dell,Accounting & Finance,79,0,1,1,2022-06-23,1,0,1,2,10,10000,0.0,0.0,1.0,1,0,1-25,0,1027.0
7612,ssi,Accounting & Finance,4,0,1,1,2022-06-23,1,0,1,2,1,10000,0.0,0.0,1.0,1,0,1-25,0,1027.0
7613,jobma,Accounting & Finance,231,0,1,0,2022-06-23,1,0,1,1,1,100,1.0,1.0,1.0,1,0,1-25,0,1027.0
7614,afga,Accounting & Finance,74,1,1,0,2022-06-23,1,0,1,1,1,100,1.0,1.0,1.0,0,0,1-25,0,1027.0
7615,ssi,Accounting & Finance,73,1,1,0,2022-06-23,1,0,1,1,1,10000,1.0,1.0,1.0,1,0,1-25,0,1027.0
7616,bolk,Accounting & Finance,1,0,1,0,2022-06-23,1,0,1,1,10,100,1.0,1.0,1.0,0,0,26-100,0,1027.0
7617,SSI JOBMA,Accounting & Finance,23,0,1,1,2022-06-23,1,0,1,2,999,10000,1.0,1.0,1.0,1,0,26-100,0,1027.0
7618,JOBMA,Accounting & Finance,23,0,1,1,2022-06-23,1,0,1,2,1,10000,1.0,1.0,1.0,1,0,1-25,0,1027.0
7619,Jackon,Accounting & Finance,72,0,1,0,2022-06-23,1,0,1,1,1,100,1.0,1.0,1.0,0,0,1-25,0,1027.0
7620,A Test,Accounting & Finance,7,0,1,0,2022-06-23,1,0,1,2,10,100,1.0,1.0,1.0,1,0,101-500,0,1027.0
7621,A Test,Accounting & Finance,2,0,1,0,2022-06-23,1,0,1,1,0,100,1.0,1.0,1.0,0,0,101-500,0,1027.0
7622,ohman bro,Accounting & Finance,4,0,1,0,2022-06-23,1,0,1,1,1,100,1.0,1.0,1.0,0,0,500-1000,0,1027.0
7623,sri infotech,Accounting & Finance,2,0,1,0,2022-06-23,1,0,1,1,0,100,1.0,1.0,1.0,0,0,1-25,0,1027.0
7624,SSI,Accounting & Finance,23,0,1,1,2022-06-23,1,0,1,2,1,10000,1.0,1.0,1.0,1,0,101-500,0,1027.0
7625,JOBMA Indore,Accounting & Finance,2,0,1,0,2022-06-23,1,0,1,1,0,100,1.0,1.0,1.0,0,0,101-500,0,1027.0
7626,ohman bro,Accounting & Finance,2,0,1,0,2022-06-23,1,0,1,1,0,100,1.0,1.0,1.0,0,0,500-1000,0,1027.0
7627,Wework,Accounting & Finance,53,0,1,0,2022-06-23,1,0,1,2,10,10000,1.0,1.0,1.0,1,0,1-25,0,1027.0
7628,well ming,Accounting & Finance,233,0,1,0,2022-06-23,1,0,1,1,10,100,1.0,1.0,1.0,1,0,1-25,0,1027.0
7629,TWT,Accounting & Finance,15,0,1,0,2022-06-23,1,0,1,2,10,100,1.0,1.0,1.0,1,0,101-500,0,1027.0
7630,ajkl,Accounting & Finance,1,0,1,0,2022-06-23,1,0,1,1,999,100,1.0,1.0,1.0,0,0,26-100,0,1027.0
7631,DLD,Accounting & Finance,8,0,1,1,2022-06-23,1,0,1,2,10,100,1.0,1.0,1.0,1,0,101-500,0,1027.0
7632,ssi,Accounting & Finance,21,0,1,1,2022-06-23,1,0,1,2,1,10000,1.0,1.0,1.0,1,0,101-500,0,1027.0
7633,ssi,Accounting & Finance,1,0,1,1,2022-06-23,1,0,1,2,10,10000,1.0,1.0,1.0,1,0,500-1000,0,1027.0
7634,ssiq,Accounting & Finance,80,0,1,1,2022-06-23,1,0,1,2,1,10000,1.0,1.0,1.0,1,0,1-25,0,1027.0
7635,gio,Accounting & Finance,3,0,1,1,2022-06-23,1,0,1,2,999,100,1.0,1.0,1.0,0,0,26-100,0,1027.0
7636,wsssw,Accounting & Finance,231,0,1,1,2022-06-23,1,0,1,2,10,10000,1.0,1.0,1.0,1,0,1-25,0,1027.0
7637,tuna mills,Accounting & Finance,2,0,1,0,2022-06-23,1,0,1,1,10,100,1.0,1.0,1.0,1,0,1-25,0,1027.0
7638,DLD,Accounting & Finance,2,0,1,0,2022-06-23,1,0,1,1,0,100,1.0,1.0,1.0,0,0,101-500,0,1027.0
7639,Quality Measure,Accounting & Finance,2,0,1,0,2022-06-23,1,0,1,1,0,100,1.0,1.0,1.0,0,0,101-500,0,1027.0
7640,dell,Accounting & Finance,90,1,1,0,2022-06-24,1,0,1,2,10,60,1.0,1.0,1.0,1,0,1-25,0,1026.0
7641,Alle,Accounting & Finance,74,0,1,1,2022-06-24,1,0,1,2,1,100,1.0,1.0,1.0,0,0,1-25,0,1026.0
7642,yui,Accounting & Finance,74,1,1,0,2022-06-24,1,0,1,2,1,100,1.0,1.0,1.0,0,0,1-25,0,1026.0
7643,ssi,Accounting & Finance,7,0,1,0,2022-06-24,1,0,1,2,1,60,0.0,0.0,1.0,1,0,1-25,0,1026.0
7644,ssi,Accounting & Finance,16,0,1,1,2022-06-24,1,0,1,2,999,10000,1.0,1.0,1.0,1,0,26-100,0,1026.0
7645,Optum,Accounting & Finance,20,0,1,1,2022-06-24,1,0,1,1,999,10000,1.0,1.0,1.0,1,0,500-1000,0,1026.0
7646,Go Green Agri,Accounting & Finance,3,0,1,1,2022-06-24,1,0,1,2,999,10000,1.0,1.0,1.0,1,0,26-100,0,1026.0
7647,ssi,Accounting & Finance,16,0,1,0,2022-06-24,1,0,1,1,999,60,1.0,1.0,1.0,1,0,101-500,0,1026.0
7648,G Green,Accounting & Finance,3,0,1,0,2022-06-24,1,0,1,1,999,10000,1.0,1.0,1.0,1,0,26-100,0,1026.0
7649,H Pharm,Accounting & Finance,63,0,1,0,2022-06-24,1,0,1,2,10,10000,1.0,1.0,1.0,1,0,26-100,0,1026.0
7650,ssi,Accounting & Finance,7,0,1,0,2022-06-24,1,0,1,2,1,10000,1.0,1.0,1.0,1,0,1-25,0,1026.0
7651,bijk,Accounting & Finance,2,0,1,1,2022-06-24,1,0,1,2,1,100,1.0,1.0,1.0,1,0,1-25,0,1026.0
7652,ssi,Accounting & Finance,4,0,1,1,2022-06-24,1,0,1,2,10,10000,1.0,1.0,1.0,1,0,1-25,0,1026.0
7653,ssi,Accounting & Finance,81,0,1,1,2022-06-24,1,0,1,2,1,10000,1.0,1.0,1.0,1,0,1-25,0,1026.0
7654,WEN,Accounting & Finance,100,0,1,1,2022-06-24,1,0,1,2,1,100,1.0,1.0,1.0,1,0,101-500,0,1026.0
7655,jiop,Accounting & Finance,4,0,1,1,2022-06-24,1,0,1,2,999,100,1.0,1.0,1.0,0,0,101-500,0,1026.0
7656,ssi,Accounting & Finance,16,0,1,1,2022-06-24,1,0,1,2,10,10000,1.0,1.0,1.0,1,0,101-500,0,1026.0
7657,T Test,Accounting & Finance,85,0,1,1,2022-06-27,1,1,1,1,3,100,1.0,1.0,1.0,1,0,101-500,0,1023.0
7658,agilist technology,Accounting & Finance,10,7,1,1,2022-06-27,1,0,1,2,1,10000,1.0,1.0,1.0,1,0,500-1000,0,1023.0
7659,agile pvt ltd,Accounting & Finance,16,1,1,1,2022-06-27,1,0,1,2,10,10000,1.0,1.0,1.0,1,0,1-25,0,1023.0
7660,Accenture,Accounting & Finance,92,5,1,1,2022-06-27,1,0,1,2,999,10000,1.0,1.0,1.0,1,0,More than 1000,0,1023.0
7661,electro,Accounting & Finance,74,5,1,1,2022-06-27,1,0,1,2,10,10000,1.0,1.0,1.0,1,0,1-25,0,1023.0
7662,A Agri,Accounting & Finance,74,0,1,1,2022-06-27,1,0,1,1,1,100,1.0,1.0,1.0,0,0,101-500,0,1023.0
7663,Amlo,Accounting & Finance,73,0,1,1,2022-06-27,1,0,1,2,999,100,1.0,1.0,1.0,0,0,1-25,0,1023.0
7664,Art Interior,Accounting & Finance,4,0,1,1,2022-06-27,1,0,1,1,999,100,1.0,1.0,1.0,0,0,500-1000,0,1023.0
7665,gipal,Accounting & Finance,74,1,1,1,2022-06-27,1,0,1,2,1,100,1.0,1.0,1.0,0,0,1-25,0,1023.0
7666,wertm,Accounting & Finance,1,0,1,1,2022-06-27,1,0,1,2,999,100,1.0,1.0,1.0,0,0,26-100,0,1023.0
7667,ssi,Accounting & Finance,2,0,1,1,2022-06-27,1,0,1,2,1,100,1.0,1.0,1.0,1,0,1-25,0,1023.0
7668,T Test,Accounting & Finance,2,0,1,0,2022-06-27,1,0,1,1,0,100,1.0,1.0,1.0,0,0,101-500,0,1023.0
7669,Accenture,Accounting & Finance,"78,84,86",0,1,1,2022-06-27,1,0,1,2,1,100,1.0,1.0,1.0,1,0,1-25,0,1023.0
7670,Alle,Accounting & Finance,73,0,1,1,2022-06-27,1,0,1,2,1,100,1.0,1.0,1.0,1,0,1-25,0,1023.0
7671,dipso,Accounting & Finance,72,0,1,0,2022-06-27,1,0,1,1,10,100,1.0,1.0,1.0,1,0,1-25,0,1023.0
7672,ASI,Accounting & Finance,"81,82",0,1,1,2022-06-27,1,0,1,2,10,100,1.0,1.0,1.0,1,0,101-500,0,1023.0
7673,ibil,Accounting & Finance,73,0,1,1,2022-06-27,1,0,1,2,10,100,1.0,1.0,1.0,1,0,1-25,0,1023.0
7674,ssi,Accounting & Finance,74,0,1,1,2022-06-27,1,0,1,2,10,10000,1.0,1.0,1.0,1,0,1-25,0,1023.0
7675,wework,Accounting & Finance,79,0,1,1,2022-06-27,1,0,1,2,1,100,1.0,1.0,1.0,1,0,101-500,0,1023.0
7676,akon,Accounting & Finance,2,0,1,1,2022-06-27,1,0,1,2,1,10000,1.0,1.0,1.0,1,0,1-25,0,1023.0
7677,Testing Scope,Accounting & Finance,2,0,1,0,2022-06-27,1,0,1,1,0,100,1.0,1.0,1.0,0,0,1-25,0,1023.0
7678,Testing Scope,Accounting & Finance,2,0,1,0,2022-06-27,1,0,1,1,0,100,1.0,1.0,1.0,0,0,1-25,0,1023.0
7679,Testing Scope,Accounting & Finance,2,0,1,0,2022-06-27,1,0,1,1,0,100,1.0,1.0,1.0,0,0,1-25,0,1023.0
7680,K Test,Accounting & Finance,8,0,1,1,2022-06-27,1,0,1,2,10,100,1.0,1.0,1.0,1,0,1-25,0,1023.0
7681,DWN,Accounting & Finance,88,0,1,0,2022-06-28,1,0,1,2,10,100,1.0,1.0,1.0,1,0,101-500,0,1022.0
7682,SSI,Accounting & Finance,21,0,1,1,2022-06-28,1,0,1,2,999,100,1.0,1.0,1.0,0,0,500-1000,0,1022.0
7683,SSI,Accounting & Finance,26,0,1,0,2022-06-28,1,0,1,2,1,100,1.0,1.0,1.0,0,0,101-500,0,1022.0
7684,IFL,Accounting & Finance,"1,3,15",0,1,1,2022-06-28,1,0,1,2,10,100,1.0,1.0,1.0,0,0,26-100,0,1022.0
7685,ssi,Accounting & Finance,8,0,1,1,2022-06-28,1,0,1,2,1,100,1.0,1.0,1.0,0,0,26-100,0,1022.0
7686,bui,Accounting & Finance,2,0,1,1,2022-06-28,1,0,1,2,1,100,1.0,1.0,1.0,0,0,101-500,0,1022.0
7687,jdjdj,Accounting & Finance,1,0,1,1,2022-06-28,1,0,1,2,10,100,1.0,1.0,1.0,0,0,26-100,0,1022.0
7688,huba,Accounting & Finance,4,0,1,1,2022-06-28,1,0,1,2,999,100,1.0,1.0,1.0,0,0,26-100,0,1022.0
7689,mbi,Accounting & Finance,4,0,1,1,2022-06-28,1,0,1,2,999,100,1.0,1.0,1.0,0,0,101-500,0,1022.0
7690,ninl,Accounting & Finance,73,1,1,1,2022-06-28,1,0,1,2,999,100,1.0,1.0,1.0,0,0,1-25,0,1022.0
7691,JomDp,Accounting & Finance,2,0,1,1,2022-06-28,1,0,1,2,10,100,1.0,1.0,1.0,1,0,1-25,0,1022.0
7692,A One,Accounting & Finance,92,0,1,1,2022-06-28,1,0,1,2,10,100,1.0,1.0,1.0,1,0,500-1000,0,1022.0
7693,avdhiexpress,Accounting & Finance,74,0,1,1,2022-06-28,1,0,1,2,1,100,1.0,1.0,1.0,1,0,1-25,0,1022.0
7694,google,Accounting & Finance,16,0,1,1,2022-06-28,1,0,1,2,999,100,1.0,1.0,1.0,0,0,101-500,0,1022.0
7695,sisya,Accounting & Finance,2,0,1,0,2022-06-28,1,0,1,1,999,100,1.0,1.0,1.0,1,0,1-25,0,1022.0
7696,JomDp,Accounting & Finance,2,0,1,0,2022-06-28,1,0,1,1,0,100,1.0,1.0,1.0,0,0,1-25,0,1022.0
7697,sisya,Accounting & Finance,2,0,1,0,2022-06-28,1,0,1,1,0,100,1.0,1.0,1.0,0,0,1-25,0,1022.0
7698,ilo,Accounting & Finance,2,4,1,1,2022-06-28,1,0,1,2,1,100,1.0,1.0,1.0,0,0,1-25,0,1022.0
7699,Company,Accounting & Finance,73,0,1,1,2022-06-28,1,0,1,2,10,100,1.0,1.0,1.0,0,0,1-25,0,1022.0
7700,jobma,Accounting & Finance,72,1,1,1,2022-06-28,1,0,1,2,999,100,1.0,1.0,1.0,0,0,1-25,0,1022.0
7701,jobma,Accounting & Finance,72,1,1,1,2022-06-28,1,0,1,2,1,100,1.0,1.0,1.0,0,0,1-25,0,1022.0
7702,ssi,Accounting & Finance,3,0,1,1,2022-06-28,1,0,1,2,10,100,1.0,1.0,1.0,0,0,1-25,0,1022.0
7703,ssi,Accounting & Finance,73,0,1,1,2022-06-28,1,0,1,2,10,10000,1.0,1.0,1.0,1,0,1-25,0,1022.0
7704,KWL,Accounting & Finance,82,0,1,0,2022-06-28,1,0,1,2,10,100,1.0,1.0,1.0,1,0,101-500,0,1022.0
7705,steel,Accounting & Finance,96,0,1,1,2022-06-28,1,0,1,2,1,100,1.0,1.0,1.0,0,0,1-25,0,1022.0
7706,Test International Company Pvt ok,Accounting & Finance,2,0,2,0,2022-06-28,1,0,1,1,0,100,1.0,1.0,1.0,0,0,500-1000,0,1022.0
7707,AWSQ,Accounting & Finance,2,0,1,1,2022-06-28,1,0,1,2,1,100,1.0,1.0,1.0,0,0,1-25,0,1022.0
7708,Test International Company Pvt ok,Accounting & Finance,2,0,2,0,2022-06-28,1,0,1,1,0,100,1.0,1.0,1.0,0,0,500-1000,0,1022.0
7709,steel,Accounting & Finance,2,0,1,0,2022-06-28,1,0,1,1,0,100,1.0,1.0,1.0,0,0,1-25,0,1022.0
7710,oriflame,Accounting & Finance,79,0,1,1,2022-06-29,1,0,1,2,999,100,1.0,1.0,1.0,0,0,101-500,0,1021.0
7711,Quality Test,Accounting & Finance,"118,124",0,1,1,2022-06-29,1,0,1,2,999,100,1.0,1.0,1.0,0,0,101-500,0,1021.0
7712,jwell,Accounting & Finance,85,4,1,1,2022-06-29,1,0,1,2,1,100,1.0,1.0,1.0,0,0,1-25,0,1021.0
7713,dell,Accounting & Finance,2,3,1,1,2022-06-29,1,0,1,2,1,10000,1.0,1.0,1.0,1,0,1-25,0,1021.0
7714,Quality Test,Accounting & Finance,2,0,1,0,2022-06-29,1,0,1,1,0,100,1.0,1.0,1.0,0,0,101-500,0,1021.0
7715,NM,Accounting & Finance,72,0,1,1,2022-06-29,1,0,1,2,999,100,1.0,1.0,1.0,1,0,101-500,0,1021.0
7716,yahoo,Accounting & Finance,7,0,1,1,2022-06-29,1,0,1,2,1,100,1.0,1.0,1.0,0,0,101-500,0,1021.0
7717,tata group,Accounting & Finance,51,0,1,1,2022-06-29,1,0,1,2,10,100,1.0,1.0,1.0,1,0,More than 1000,0,1021.0
7718,ssi,Accounting & Finance,190,0,1,1,2022-06-29,1,0,1,2,10,100,1.0,1.0,1.0,1,0,1-25,0,1021.0
7719,kito,Accounting & Finance,3,0,1,1,2022-06-29,1,0,1,2,999,100,1.0,1.0,1.0,0,0,101-500,0,1021.0
7720,kito,Accounting & Finance,2,0,1,0,2022-06-29,1,0,1,1,0,100,1.0,1.0,1.0,0,0,101-500,0,1021.0
7721,JOBMA ssi,Accounting & Finance,23,0,1,1,2022-06-29,1,0,1,2,1,10000,1.0,1.0,1.0,1,0,1-25,0,1021.0
7722,dell,Accounting & Finance,79,0,1,1,2022-06-29,1,0,1,2,10,100,1.0,1.0,1.0,1,0,1-25,0,1021.0
7723,Pvr,Accounting & Finance,2,0,1,0,2022-06-29,1,0,1,1,10,100,1.0,1.0,1.0,1,0,1-25,0,1021.0
7724,Pvr,Accounting & Finance,2,0,1,0,2022-06-29,1,0,1,1,0,100,1.0,1.0,1.0,0,0,1-25,0,1021.0
7725,Ssi,Accounting & Finance,75,0,1,1,2022-06-29,1,0,1,2,1,100,1.0,1.0,1.0,1,0,1-25,0,1021.0
7726,ssi,Accounting & Finance,4,0,1,1,2022-06-30,1,0,1,2,1,100,1.0,1.0,1.0,1,0,1-25,0,1020.0
7727,ssi,Accounting & Finance,2,0,1,1,2022-06-30,1,0,1,2,10,100,1.0,1.0,1.0,1,0,1-25,0,1020.0
7728,sssi,Accounting & Finance,72,0,1,1,2022-06-30,1,0,1,2,1,100,1.0,1.0,1.0,1,0,1-25,0,1020.0
7729,ssi,Accounting & Finance,2,0,1,1,2022-06-30,1,0,1,2,10,100,1.0,1.0,1.0,0,0,1-25,0,1020.0
7730,ssi,Accounting & Finance,76,0,1,1,2022-06-30,1,0,1,2,1,100,1.0,1.0,1.0,1,0,1-25,0,1020.0
7731,DEN,Accounting & Finance,2,0,1,1,2022-06-30,1,0,1,2,1,100,1.0,1.0,1.0,1,0,101-500,0,1020.0
7732,dell,Accounting & Finance,79,0,1,1,2022-06-30,1,0,1,2,10,100,1.0,1.0,1.0,1,0,1-25,0,1020.0
7733,ssi,Accounting & Finance,76,0,1,1,2022-06-30,1,0,1,2,1,100,1.0,1.0,1.0,1,0,1-25,0,1020.0
7734,ssi,Accounting & Finance,72,0,1,1,2022-06-30,1,0,1,2,10,100,1.0,1.0,1.0,1,0,1-25,0,1020.0
7735,DEN,Accounting & Finance,2,0,1,0,2022-06-30,1,0,1,1,0,100,1.0,1.0,1.0,0,0,101-500,0,1020.0
7736,SSI,Accounting & Finance,4,0,1,1,2022-06-30,1,0,1,2,1,100,1.0,1.0,1.0,0,0,26-100,0,1020.0
7737,JKL,Accounting & Finance,81,0,1,1,2022-06-30,1,0,1,1,10,100,1.0,1.0,1.0,0,0,500-1000,0,1020.0
7738,GH,Accounting & Finance,97,0,1,1,2022-06-30,1,0,1,2,10,100,1.0,1.0,1.0,0,0,26-100,0,1020.0
7739,SSI,Accounting & Finance,16,0,1,1,2022-06-30,1,0,1,1,999,100,1.0,1.0,1.0,0,0,101-500,0,1020.0
7740,GH,Accounting & Finance,2,0,1,0,2022-06-30,1,0,1,1,0,100,1.0,1.0,1.0,0,0,26-100,0,1020.0
7741,hibrid,Accounting & Finance,79,0,1,1,2022-06-30,1,0,1,2,1,100,1.0,1.0,1.0,1,0,1-25,0,1020.0
7742,ibil,Accounting & Finance,233,0,1,1,2022-06-30,1,0,1,2,10,100,1.0,1.0,1.0,1,0,1-25,0,1020.0
7743,Alle,Accounting & Finance,73,0,1,1,2022-06-30,1,0,1,2,1,100,1.0,1.0,1.0,1,0,1-25,0,1020.0
7744,GDF,Accounting & Finance,2,0,1,1,2022-06-30,1,0,1,1,1,100,1.0,1.0,1.0,1,0,26-100,0,1020.0
7745,GYN,Accounting & Finance,2,0,1,1,2022-06-30,1,0,1,2,10,100,1.0,1.0,1.0,1,0,26-100,0,1020.0
7746,avdhiexpress,Accounting & Finance,2,0,1,1,2022-06-30,1,0,1,2,10,100,1.0,1.0,1.0,0,0,1-25,0,1020.0
7747,ssi,Accounting & Finance,190,0,1,1,2022-06-30,1,0,1,2,10,100,1.0,1.0,1.0,0,0,1-25,0,1020.0
7748,ssi,Accounting & Finance,75,0,1,1,2022-06-30,1,0,1,2,10,100,1.0,1.0,1.0,1,0,1-25,0,1020.0
7749,dell,Accounting & Finance,2,0,1,1,2022-06-30,1,0,1,2,10,100,1.0,1.0,1.0,1,0,1-25,0,1020.0
7750,airline,Accounting & Finance,15,0,1,1,2022-06-30,1,0,1,2,10,100,1.0,1.0,1.0,0,0,26-100,0,1020.0
7751,wework,Accounting & Finance,80,0,1,1,2022-07-01,1,1,1,2,6,100,1.0,1.0,1.0,1,0,1-25,0,1019.0
7752,ibil,Accounting & Finance,73,0,1,1,2022-07-01,1,0,1,2,10,10000,1.0,1.0,1.0,1,0,1-25,0,1019.0
7753,nio,Accounting & Finance,73,0,1,1,2022-07-01,1,0,1,2,10,10000,1.0,1.0,1.0,1,0,1-25,0,1019.0
7754,jobma,Accounting & Finance,231,2,1,1,2022-07-03,1,0,1,2,1,100,1.0,1.0,1.0,0,0,1-25,0,1017.0
7755,jobma,Accounting & Finance,231,2,1,1,2022-07-04,1,0,1,2,1,100,1.0,1.0,1.0,0,0,1-25,0,1016.0
7756,jobma,Accounting & Finance,231,1,1,1,2022-07-04,1,0,1,1,1,100,1.0,1.0,1.0,0,0,1-25,0,1016.0
7757,wallmart,Accounting & Finance,3,0,1,1,2022-07-04,1,0,1,2,1,100,1.0,1.0,1.0,0,0,26-100,0,1016.0
7758,gyt,Accounting & Finance,73,1,1,1,2022-07-04,1,0,1,2,999,100,1.0,1.0,1.0,0,0,1-25,0,1016.0
7759,bvn,Accounting & Finance,2,1,1,1,2022-07-04,1,0,1,2,999,100,1.0,1.0,1.0,0,0,1-25,0,1016.0
7760,IJK,Accounting & Finance,72,1,1,1,2022-07-04,1,0,1,2,999,100,1.0,1.0,1.0,0,0,1-25,0,1016.0
7761,IJK,Accounting & Finance,72,1,1,1,2022-07-04,1,0,1,2,999,100,1.0,1.0,1.0,0,0,1-25,0,1016.0
7762,bio,Accounting & Finance,2,1,1,1,2022-07-05,1,0,1,2,999,100,1.0,1.0,1.0,0,0,More than 1000,0,1015.0
7763,fui,Accounting & Finance,2,1,1,1,2022-07-05,1,0,1,2,10,100,1.0,1.0,1.0,0,0,1-25,0,1015.0
7764,ABD,Accounting & Finance,"2,3,4",0,1,0,2022-07-05,1,0,1,2,10,100,1.0,1.0,1.0,0,0,26-100,0,1015.0
7765,ssi,Accounting & Finance,124,0,1,1,2022-07-05,1,0,1,2,1,10000,1.0,1.0,1.0,1,0,1-25,0,1015.0
7766,mbi,Accounting & Finance,73,1,1,1,2022-07-05,1,0,1,2,999,100,1.0,1.0,1.0,0,0,1-25,0,1015.0
7767,dell,Accounting & Finance,76,0,1,1,2022-07-05,1,0,1,2,10,10000,1.0,1.0,1.0,1,0,1-25,0,1015.0
7768,mbi,Accounting & Finance,2,1,1,1,2022-07-05,1,0,1,2,1,100,1.0,1.0,1.0,0,0,1-25,0,1015.0
7769,hui,Accounting & Finance,73,1,1,1,2022-07-05,1,0,1,2,1,100,1.0,1.0,1.0,0,0,1-25,0,1015.0
7770,vio,Accounting & Finance,73,1,1,1,2022-07-05,1,0,1,2,1,100,1.0,1.0,1.0,0,0,1-25,0,1015.0
7771,jui,Accounting & Finance,2,0,1,1,2022-07-05,1,0,1,2,1,100,1.0,1.0,1.0,0,0,500-1000,0,1015.0
7772,yrp,Accounting & Finance,172,1,1,1,2022-07-05,1,0,1,1,999,100,1.0,1.0,1.0,0,0,1-25,0,1015.0
7773,ssi,Accounting & Finance,10,0,1,1,2022-07-05,1,0,1,2,1,10000,1.0,1.0,1.0,1,0,26-100,0,1015.0
7774,sso,Accounting & Finance,2,0,1,1,2022-07-05,1,0,1,2,10,10000,1.0,1.0,1.0,1,0,26-100,0,1015.0
7775,vv,Accounting & Finance,73,1,1,1,2022-07-05,1,0,1,2,10,100,1.0,1.0,1.0,0,0,1-25,0,1015.0
7776,SSI,Accounting & Finance,2,0,1,0,2022-07-05,1,0,1,1,0,100,1.0,1.0,1.0,0,0,500-1000,0,1015.0
7777,fyi,Accounting & Finance,74,1,1,1,2022-07-05,1,0,1,2,1,100,1.0,1.0,1.0,0,0,1-25,0,1015.0
7778,fyi,Accounting & Finance,2,0,1,0,2022-07-05,1,0,1,1,0,100,1.0,1.0,1.0,0,0,1-25,0,1015.0
7779,jobma,Accounting & Finance,72,2,1,1,2022-07-05,1,0,1,2,10,100,1.0,1.0,1.0,0,0,1-25,0,1015.0
7780,vv,Accounting & Finance,2,0,1,0,2022-07-05,1,0,1,1,0,100,1.0,1.0,1.0,0,0,1-25,0,1015.0
7781,JKL,Accounting & Finance,"72,2,73,83",1,1,1,2022-07-05,1,0,1,2,10,100,1.0,1.0,1.0,0,0,26-100,0,1015.0
7782,SSI indore,Accounting & Finance,2,0,1,0,2022-07-05,1,0,1,1,0,100,1.0,1.0,1.0,0,0,1-25,0,1015.0
7783,Test Company Pvt Ltd,Accounting & Finance,4,0,1,1,2022-07-05,1,0,1,2,1,100,1.0,1.0,1.0,0,0,26-100,0,1015.0
7784,DSE,Accounting & Finance,"2,3,4",0,1,0,2022-07-05,1,0,1,2,10,100,1.0,1.0,1.0,0,0,1-25,0,1015.0
7785,mbi,Accounting & Finance,3,0,1,1,2022-07-05,1,0,1,1,1,100,1.0,1.0,1.0,0,0,500-1000,0,1015.0
7786,mbi,Accounting & Finance,2,0,1,0,2022-07-05,1,0,1,1,0,100,1.0,1.0,1.0,0,0,500-1000,0,1015.0
7787,upo,Accounting & Finance,3,0,1,1,2022-07-05,1,0,1,2,10,100,1.0,1.0,1.0,0,0,More than 1000,0,1015.0
7788,gyi,Accounting & Finance,3,0,1,1,2022-07-06,1,0,1,1,999,100,1.0,1.0,1.0,0,0,500-1000,0,1014.0
7789,ASD,Accounting & Finance,"72,2",3,1,1,2022-07-06,1,0,1,2,10,100,1.0,1.0,1.0,0,0,26-100,0,1014.0
7790,huba,Accounting & Finance,73,1,1,1,2022-07-06,1,0,1,2,999,100,1.0,1.0,1.0,0,0,1-25,0,1014.0
7791,ssi,Accounting & Finance,2,0,1,1,2022-07-06,1,0,1,2,1,10000,1.0,1.0,1.0,1,0,1-25,0,1014.0
7792,grt,Accounting & Finance,2,1,1,1,2022-07-06,1,0,1,2,999,100,1.0,1.0,1.0,0,0,1-25,0,1014.0
7793,Test Company Pvt Ltd,Accounting & Finance,23,2,1,1,2022-07-06,1,0,1,2,10,100,1.0,1.0,1.0,0,0,101-500,0,1014.0
7794,AWD,Accounting & Finance,72,3,1,0,2022-07-06,1,0,1,1,10,100,1.0,1.0,1.0,0,0,1-25,0,1014.0
7795,tell,Accounting & Finance,73,4,1,1,2022-07-06,1,0,1,2,1,10000,1.0,1.0,1.0,1,0,1-25,0,1014.0
7796,ssi,Accounting & Finance,72,1,1,1,2022-07-06,1,0,1,2,1,10000,1.0,1.0,1.0,1,0,500-1000,0,1014.0
7797,ssi,Accounting & Finance,47,1,1,1,2022-07-06,1,0,1,2,1,10000,1.0,1.0,1.0,1,0,More than 1000,0,1014.0
7798,zz,Accounting & Finance,94,1,1,0,2022-07-06,1,1,1,1,11,100,1.0,1.0,1.0,0,0,1-25,0,1014.0
7799,ssi,Accounting & Finance,172,3,1,0,2022-07-06,1,0,1,1,10,60,1.0,1.0,1.0,1,0,More than 1000,0,1014.0
7800,zz,Accounting & Finance,2,0,1,0,2022-07-06,1,0,1,1,0,100,1.0,1.0,1.0,0,0,1-25,0,1014.0
7801,kj,Accounting & Finance,172,1,1,1,2022-07-06,1,0,1,2,1,100,1.0,1.0,1.0,0,0,1-25,0,1014.0
7802,SSI,Accounting & Finance,1,0,1,1,2022-07-06,1,0,1,2,999,10000,1.0,1.0,1.0,1,0,26-100,0,1014.0
7803,yrp,Accounting & Finance,231,1,1,1,2022-07-06,1,0,1,2,999,100,1.0,1.0,1.0,0,0,1-25,0,1014.0
7804,AQZ,Accounting & Finance,"2,76,78",7,1,1,2022-07-06,1,0,1,2,1,100,1.0,1.0,1.0,0,0,26-100,0,1014.0
7805,dell,Accounting & Finance,10,0,1,0,2022-07-06,1,0,1,2,10,60,1.0,1.0,1.0,1,0,101-500,0,1014.0
7806,AQZ,Accounting & Finance,2,0,1,0,2022-07-06,1,0,1,1,0,100,1.0,1.0,1.0,0,0,26-100,0,1014.0
7807,mbi,Accounting & Finance,73,1,1,1,2022-07-06,1,0,1,2,999,100,1.0,1.0,1.0,0,0,101-500,0,1014.0
7808,npl,Accounting & Finance,74,1,1,1,2022-07-06,1,0,1,2,1,100,1.0,1.0,1.0,0,0,101-500,0,1014.0
7809,kj,Accounting & Finance,72,1,1,1,2022-07-06,1,0,1,2,10,100,1.0,1.0,1.0,0,0,101-500,0,1014.0
7810,apple company,Accounting & Finance,7,0,1,1,2022-07-06,1,1,1,1,14,100,1.0,1.0,1.0,0,0,101-500,0,1014.0
7811,juy,Accounting & Finance,4,0,1,1,2022-07-07,1,0,1,2,999,10000,1.0,1.0,1.0,1,0,101-500,0,1013.0
7812,gio,Accounting & Finance,74,1,1,1,2022-07-07,1,0,1,0,999,100,1.0,1.0,1.0,0,0,101-500,0,1013.0
7813,SWQ,Accounting & Finance,73,4,1,1,2022-07-07,1,0,1,2,10,100,1.0,1.0,1.0,0,0,500-1000,0,1013.0
7814,gio,Accounting & Finance,2,0,1,0,2022-07-07,1,0,1,1,0,100,1.0,1.0,1.0,0,0,101-500,0,1013.0
7815,ssi,Accounting & Finance,78,0,1,1,2022-07-07,1,0,1,2,1,10000,1.0,1.0,1.0,1,0,1-25,0,1013.0
7816,KYT,Accounting & Finance,"2,3,4",0,1,1,2022-07-07,1,0,1,2,999,100,1.0,1.0,1.0,0,0,26-100,0,1013.0
7817,gio,Accounting & Finance,74,1,1,1,2022-07-07,1,0,1,2,1,100,1.0,1.0,1.0,0,0,26-100,0,1013.0
7818,dell,Accounting & Finance,74,0,1,1,2022-07-07,1,0,1,2,10,10000,1.0,1.0,1.0,1,0,1-25,0,1013.0
7819,ssi,Accounting & Finance,72,0,1,1,2022-07-07,1,0,1,1,1,60,1.0,1.0,1.0,1,0,1-25,0,1013.0
7820,yrp,Accounting & Finance,2,0,1,1,2022-07-07,1,0,1,2,999,100,1.0,1.0,1.0,0,0,101-500,0,1013.0
7821,yrp,Accounting & Finance,2,0,1,0,2022-07-07,1,0,1,1,0,100,1.0,1.0,1.0,0,0,101-500,0,1013.0
7822,ssi,Accounting & Finance,2,0,1,0,2022-07-07,1,0,1,1,0,100,1.0,1.0,1.0,0,0,1-25,0,1013.0
7823,diop,Accounting & Finance,73,1,1,1,2022-07-07,1,0,1,2,10,100,1.0,1.0,1.0,0,0,101-500,0,1013.0
7824,kio,Accounting & Finance,73,1,1,1,2022-07-07,1,0,1,2,1,100,1.0,1.0,1.0,0,0,1-25,0,1013.0
7825,kio,Accounting & Finance,73,1,1,1,2022-07-07,1,0,1,2,10,100,1.0,1.0,1.0,0,0,1-25,0,1013.0
7826,kio,Accounting & Finance,2,0,1,0,2022-07-07,1,0,1,1,0,100,1.0,1.0,1.0,0,0,1-25,0,1013.0
7827,Test Company Pvt Ltd,Accounting & Finance,2,0,1,0,2022-07-07,1,0,1,1,0,100,1.0,1.0,1.0,0,0,101-500,0,1013.0
7828,apple company,Accounting & Finance,2,0,1,0,2022-07-07,1,0,1,1,0,100,1.0,1.0,1.0,0,0,101-500,0,1013.0
7829,fty,Accounting & Finance,"72,2",1,1,1,2022-07-07,1,1,1,1,999,100,1.0,1.0,1.0,0,0,500-1000,0,1013.0
7830,guip,Accounting & Finance,2,1,1,1,2022-07-07,1,1,1,2,10,100,1.0,1.0,1.0,0,0,101-500,0,1013.0
7831,huim,Accounting & Finance,74,1,1,1,2022-07-07,1,0,1,2,999,100,1.0,1.0,1.0,0,0,500-1000,0,1013.0
7832,kj,Accounting & Finance,2,0,1,1,2022-07-07,1,1,1,1,1,100,1.0,1.0,1.0,0,0,26-100,0,1013.0
7833,yrp,Accounting & Finance,1,0,1,1,2022-07-07,1,0,1,1,10,100,1.0,1.0,1.0,0,0,26-100,0,1013.0
7834,relpy,Accounting & Finance,3,0,1,1,2022-07-07,1,0,1,2,999,100,1.0,1.0,1.0,0,0,500-1000,0,1013.0
7835,relegar,Accounting & Finance,73,4,1,1,2022-07-07,1,0,1,2,1,100,1.0,1.0,1.0,0,0,1-25,0,1013.0
7836,we,Accounting & Finance,15,1,1,0,2022-07-07,1,0,1,2,1,10000,1.0,1.0,1.0,1,0,1-25,0,1013.0
7837,yrp,Accounting & Finance,2,0,1,0,2022-07-07,1,0,1,1,0,100,1.0,1.0,1.0,0,0,26-100,0,1013.0
7838,innostax,Accounting & Finance,10,1,1,0,2022-07-07,1,0,1,2,1,10000,1.0,1.0,1.0,1,0,500-1000,0,1013.0
7839,ssi,Accounting & Finance,97,1,1,0,2022-07-07,1,0,1,1,1,10000,1.0,1.0,1.0,1,0,500-1000,0,1013.0
7840,biko,Accounting & Finance,74,1,1,0,2022-07-07,1,0,1,2,1,10000,1.0,1.0,1.0,1,0,1-25,0,1013.0
7841,fty,Accounting & Finance,2,0,1,1,2022-07-08,1,0,1,1,0,100,1.0,1.0,1.0,0,0,500-1000,0,1012.0
7842,guip,Accounting & Finance,2,0,1,0,2022-07-08,1,0,1,1,0,100,1.0,1.0,1.0,0,0,101-500,0,1012.0
7843,AWQ,Accounting & Finance,"231,2,73",1,1,1,2022-07-08,1,0,1,1,1,100,1.0,1.0,1.0,0,0,101-500,0,1012.0
7844,AWQ,Accounting & Finance,2,0,1,0,2022-07-08,1,0,1,1,0,100,1.0,1.0,1.0,0,0,101-500,0,1012.0
7845,kj,Accounting & Finance,2,0,1,1,2022-07-08,1,0,1,1,0,100,1.0,1.0,1.0,0,0,26-100,0,1012.0
7846,npl,Accounting & Finance,73,1,1,1,2022-07-08,1,0,1,2,1,100,1.0,1.0,1.0,0,0,101-500,0,1012.0
7847,yrp,Accounting & Finance,3,0,1,1,2022-07-08,1,0,1,2,2,100,1.0,1.0,1.0,0,0,101-500,0,1012.0
7848,yrp,Accounting & Finance,74,1,1,1,2022-07-08,1,0,1,2,10,100,1.0,1.0,1.0,0,0,26-100,0,1012.0
7849,QAS,Accounting & Finance,"231,2,73",1,1,1,2022-07-08,1,0,1,2,1,100,1.0,1.0,1.0,0,0,101-500,0,1012.0
7850,AQW,Accounting & Finance,"72,73",1,1,1,2022-07-08,1,0,1,2,1,100,1.0,1.0,1.0,0,0,500-1000,0,1012.0
7851,fty,Accounting & Finance,2,0,1,1,2022-07-08,1,0,1,1,0,100,1.0,1.0,1.0,0,0,500-1000,0,1012.0
7852,hui,Accounting & Finance,73,1,1,1,2022-07-08,1,0,1,1,10,100,1.0,1.0,1.0,0,0,500-1000,0,1012.0
7853,WEST,Accounting & Finance,"1,3,4",0,1,1,2022-07-08,1,0,1,2,10,100,1.0,1.0,1.0,0,0,26-100,0,1012.0
7854,HDF,Accounting & Finance,2,0,1,1,2022-07-08,1,0,1,2,16,100,1.0,1.0,1.0,0,0,26-100,0,1012.0
7855,kio,Accounting & Finance,47,0,1,1,2022-07-08,1,0,1,2,999,100,1.0,1.0,1.0,0,0,101-500,0,1012.0
7856,hui,Accounting & Finance,57,0,1,1,2022-07-08,1,0,1,2,2,100,1.0,1.0,1.0,0,0,500-1000,0,1012.0
7857,gui,Accounting & Finance,1,0,1,1,2022-07-08,1,0,1,2,100,100,1.0,1.0,1.0,0,0,26-100,0,1012.0
7858,hui,Accounting & Finance,3,0,1,1,2022-07-08,1,0,1,2,999,100,1.0,1.0,1.0,0,0,26-100,0,1012.0
7859,jui,Accounting & Finance,2,0,1,1,2022-07-08,1,0,1,2,999,100,1.0,1.0,1.0,0,0,1-25,0,1012.0
7860,jio,Accounting & Finance,1,0,1,1,2022-07-08,1,0,1,2,1,100,1.0,1.0,1.0,0,0,1-25,0,1012.0
7861,jui,Accounting & Finance,1,0,1,1,2022-07-08,1,0,1,2,999,100,1.0,1.0,1.0,0,0,1-25,0,1012.0
7862,hui,Accounting & Finance,3,0,1,1,2022-07-08,1,0,1,2,999,100,1.0,1.0,1.0,0,0,101-500,0,1012.0
7863,GTR,Accounting & Finance,"2,73",1,1,1,2022-07-08,1,0,1,2,999,100,1.0,1.0,1.0,0,0,26-100,0,1012.0
7864,fty,Accounting & Finance,2,0,1,1,2022-07-08,1,0,1,1,0,100,1.0,1.0,1.0,0,0,500-1000,0,1012.0
7865,Jobma,Accounting & Finance,2,0,1,0,2022-07-08,1,0,1,1,0,100,1.0,1.0,1.0,0,0,500-1000,0,1012.0
7866,ssi,Accounting & Finance,3,0,1,1,2022-07-08,1,0,1,2,1,100,1.0,1.0,1.0,0,0,1-25,0,1012.0
7867,hui,Accounting & Finance,61,0,1,0,2022-07-08,1,0,1,2,1,100,1.0,1.0,1.0,0,0,101-500,0,1012.0
7869,Jobma,Accounting & Finance,2,0,1,0,2022-07-08,1,0,1,1,0,100,1.0,1.0,1.0,0,0,500-1000,0,1012.0
7870,Test Company Pvt Ltd,Accounting & Finance,"2,3,4",0,1,1,2022-07-08,1,0,1,2,999,100,1.0,1.0,1.0,0,0,101-500,0,1012.0
7871,Test Compnay,Accounting & Finance,4,0,1,1,2022-07-08,1,0,1,2,10,100,1.0,1.0,1.0,0,0,1-25,0,1012.0
7872,JKL,Accounting & Finance,"2,73",1,1,1,2022-07-08,1,0,1,1,999,100,1.0,1.0,1.0,0,0,1-25,0,1012.0
7873,Test Compnay,Accounting & Finance,4,0,1,1,2022-07-08,1,0,1,2,999,100,1.0,1.0,1.0,0,0,26-100,0,1012.0
7874,yrp,Accounting & Finance,2,0,1,1,2022-07-08,1,0,1,2,1,100,1.0,1.0,1.0,0,0,101-500,0,1012.0
7875,STR,Accounting & Finance,2,0,1,0,2022-07-08,1,0,1,1,1,100,1.0,1.0,1.0,0,0,26-100,0,1012.0
7876,TRS,Accounting & Finance,"2,3",0,1,1,2022-07-08,1,0,1,2,10,100,1.0,1.0,1.0,0,0,26-100,0,1012.0
7877,huy,Accounting & Finance,3,0,1,1,2022-07-08,1,0,1,2,1,100,1.0,1.0,1.0,0,0,101-500,0,1012.0
7878,npl,Accounting & Finance,3,0,1,1,2022-07-08,1,0,1,2,10,100,1.0,1.0,1.0,0,0,101-500,0,1012.0
7879,mbi,Accounting & Finance,2,0,1,1,2022-07-08,1,0,1,2,999,100,1.0,1.0,1.0,1,0,500-1000,0,1012.0
7880,ssi,Accounting & Finance,2,0,1,0,2022-07-08,1,0,1,1,0,100,1.0,1.0,1.0,0,0,1-25,0,1012.0
7881,SSG,Accounting & Finance,2,0,1,1,2022-07-11,1,0,1,2,999,10000,1.0,1.0,1.0,1,0,26-100,0,1009.0
7882,udei,Accounting & Finance,4,0,1,1,2022-07-11,1,0,1,2,1,100,1.0,1.0,1.0,0,0,101-500,0,1009.0
7883,DWQ,Accounting & Finance,"231,2,73",1,1,0,2022-07-11,1,1,1,1,14,100,1.0,1.0,1.0,0,0,26-100,0,1009.0
7884,aceloc,Accounting & Finance,74,0,1,1,2022-07-11,1,0,1,2,1,10000,1.0,1.0,1.0,1,0,1-25,0,1009.0
7885,wework,Accounting & Finance,"87,46",6,1,0,2022-07-11,1,0,1,2,10,10000,1.0,1.0,1.0,1,0,101-500,0,1009.0
7886,gyui,Accounting & Finance,1,0,1,1,2022-07-11,1,0,1,1,3,100,1.0,1.0,1.0,0,0,101-500,0,1009.0
7887,Accenture,Accounting & Finance,24,0,1,0,2022-07-11,1,1,1,1,3,10000,1.0,1.0,1.0,1,0,26-100,0,1009.0
7888,Accenture,Accounting & Finance,2,0,1,0,2022-07-11,1,0,1,1,0,100,1.0,1.0,1.0,0,0,26-100,0,1009.0
7889,DWQ,Accounting & Finance,2,0,1,0,2022-07-11,1,0,1,1,0,100,1.0,1.0,1.0,0,0,26-100,0,1009.0
7890,huim,Accounting & Finance,2,0,1,0,2022-07-11,1,0,1,1,0,100,1.0,1.0,1.0,0,0,500-1000,0,1009.0
7891,Test Company Pvt Ltd,Accounting & Finance,"3,4,189",0,1,0,2022-07-11,1,1,1,2,4,100,1.0,1.0,1.0,0,0,101-500,0,1009.0
7892,yui,Accounting & Finance,62,1,1,1,2022-07-11,1,0,1,2,1,100,1.0,1.0,1.0,0,0,1-25,0,1009.0
7893,DWQ,Accounting & Finance,2,0,1,0,2022-07-11,1,0,1,1,0,100,1.0,1.0,1.0,0,0,26-100,0,1009.0
7894,TRS,Accounting & Finance,"2,3",0,1,1,2022-07-11,1,0,1,2,1,100,1.0,1.0,1.0,0,0,26-100,0,1009.0
7895,Test Company Pvt Ltd,Accounting & Finance,2,0,1,0,2022-07-11,1,0,1,1,0,100,1.0,1.0,1.0,0,0,101-500,0,1009.0
7896,DYT,Accounting & Finance,2,0,1,1,2022-07-11,1,0,1,2,1,100,1.0,1.0,1.0,0,0,26-100,0,1009.0
7897,KTY,Accounting & Finance,"2,15",0,1,0,2022-07-11,1,0,1,1,10,100,1.0,1.0,1.0,0,0,26-100,0,1009.0
7898,ftyu,Accounting & Finance,1,0,1,0,2022-07-11,1,0,1,1,1,100,1.0,1.0,1.0,0,0,26-100,0,1009.0
7899,kaka,Accounting & Finance,20,0,1,1,2022-07-11,1,0,1,2,999,10000,1.0,1.0,1.0,1,0,101-500,0,1009.0
7900,ssi,Accounting & Finance,24,0,1,1,2022-07-11,1,0,1,1,10,10000,1.0,1.0,1.0,1,0,101-500,0,1009.0
7901,udei,Accounting & Finance,2,1,1,1,2022-07-12,1,0,1,2,999,100,1.0,1.0,1.0,0,0,101-500,0,1008.0
7902,uyt,Accounting & Finance,2,1,1,1,2022-07-12,1,0,1,2,1,100,1.0,1.0,1.0,0,0,26-100,0,1008.0
7903,npl,Accounting & Finance,72,1,1,1,2022-07-12,1,0,1,2,1,100,1.0,1.0,1.0,0,0,500-1000,0,1008.0
7904,Test Company Pvt Ltd,Accounting & Finance,2,0,1,0,2022-07-12,1,0,1,1,0,100,1.0,1.0,1.0,0,0,101-500,0,1008.0
7905,JRT,Accounting & Finance,2,0,1,0,2022-07-12,1,0,1,1,10,100,1.0,1.0,1.0,0,0,26-100,0,1008.0
7906,HTR,Accounting & Finance,"1,3",0,1,1,2022-07-12,1,0,1,1,999,10000,1.0,1.0,1.0,1,0,26-100,0,1008.0
7907,gui,Accounting & Finance,4,0,1,1,2022-07-12,1,0,1,2,20,100,1.0,1.0,1.0,0,0,1-25,0,1008.0
7908,ftyu,Accounting & Finance,4,0,1,1,2022-07-12,1,0,1,2,1,100,1.0,1.0,1.0,0,0,1-25,0,1008.0
7909,"nkj,",Accounting & Finance,3,0,1,1,2022-07-12,1,0,1,2,20,100,1.0,1.0,1.0,0,0,26-100,0,1008.0
7910,ssi,Accounting & Finance,16,0,1,0,2022-07-12,1,1,1,2,999,60,1.0,1.0,1.0,1,0,26-100,0,1008.0
7911,ssi,Accounting & Finance,2,0,1,0,2022-07-12,1,0,1,1,0,100,1.0,1.0,1.0,0,0,26-100,0,1008.0
7912,yuio,Accounting & Finance,2,0,1,1,2022-07-12,1,0,1,2,1,100,1.0,1.0,1.0,0,0,101-500,0,1008.0
7913,ssi,Accounting & Finance,2,0,1,0,2022-07-12,1,0,1,1,0,100,1.0,1.0,1.0,0,0,26-100,0,1008.0
7914,huy,Accounting & Finance,1,0,1,1,2022-07-12,1,0,1,2,20,100,1.0,1.0,1.0,0,0,26-100,0,1008.0
7915,mbi,Accounting & Finance,1,0,1,0,2022-07-12,1,0,1,2,20,100,1.0,1.0,1.0,0,0,101-500,0,1008.0
7916,JRT,Accounting & Finance,2,0,1,0,2022-07-12,1,0,1,1,0,100,1.0,1.0,1.0,0,0,26-100,0,1008.0
7917,ssd,Accounting & Finance,22,0,1,1,2022-07-12,1,0,1,2,1,10000,1.0,1.0,1.0,1,0,500-1000,0,1008.0
7918,huba,Accounting & Finance,2,0,1,1,2022-07-12,1,0,1,2,1,100,1.0,1.0,1.0,0,0,1-25,0,1008.0
7919,ssd,Accounting & Finance,2,0,1,0,2022-07-12,1,0,1,1,0,100,1.0,1.0,1.0,0,0,500-1000,0,1008.0
7920,yrp,Accounting & Finance,3,0,1,1,2022-07-12,1,0,1,1,1,100,1.0,1.0,1.0,0,0,26-100,0,1008.0
7921,TQA,Accounting & Finance,2,0,1,1,2022-07-12,1,0,1,2,1,100,1.0,1.0,1.0,0,0,26-100,0,1008.0
7922,WQA,Accounting & Finance,1,0,1,0,2022-07-12,1,0,1,2,10,100,1.0,1.0,1.0,0,0,26-100,0,1008.0
7923,yrp,Accounting & Finance,64,0,1,1,2022-07-12,1,0,1,2,1,100,1.0,1.0,1.0,0,0,101-500,0,1008.0
7924,kj,Accounting & Finance,2,0,1,1,2022-07-12,1,0,1,2,1,100,1.0,1.0,1.0,0,0,101-500,0,1008.0
7925,guj,Accounting & Finance,62,0,1,1,2022-07-12,1,0,1,2,1,100,1.0,1.0,1.0,0,0,500-1000,0,1008.0
7926,fui,Accounting & Finance,1,0,1,1,2022-07-13,1,0,1,1,1,100,1.0,1.0,1.0,0,0,1-25,0,1007.0
7927,QRG,Accounting & Finance,79,0,1,1,2022-07-13,1,0,1,2,10,10000,1.0,1.0,1.0,1,0,1-25,0,1007.0
7929,QRG,Accounting & Finance,2,0,1,0,2022-07-13,1,0,1,1,0,100,1.0,1.0,1.0,0,0,1-25,0,1007.0
7930,ACO,Accounting & Finance,4,0,1,1,2022-07-13,1,0,1,2,1,10000,1.0,1.0,1.0,1,0,1-25,0,1007.0
7931,WSE,Accounting & Finance,72,1,1,1,2022-07-13,1,1,1,1,16,100,1.0,1.0,1.0,0,0,101-500,0,1007.0
7932,TRA,Accounting & Finance,4,0,1,1,2022-07-13,1,0,1,2,15,100,1.0,1.0,1.0,0,0,26-100,0,1007.0
7933,HTR,Accounting & Finance,"2,51",1,1,1,2022-07-13,1,0,1,1,999,100,1.0,1.0,1.0,0,0,26-100,0,1007.0
7934,innostax,Accounting & Finance,2,0,1,0,2022-07-13,1,0,1,1,0,100,1.0,1.0,1.0,0,0,500-1000,0,1007.0
7935,HTR,Accounting & Finance,2,0,1,0,2022-07-13,1,0,1,1,0,100,1.0,1.0,1.0,0,0,26-100,0,1007.0
7936,hra,Accounting & Finance,3,0,1,1,2022-07-13,1,0,1,2,1,100,1.0,1.0,1.0,0,0,26-100,0,1007.0
7937,hui,Accounting & Finance,4,0,1,1,2022-07-13,1,0,1,2,20,100,1.0,1.0,1.0,0,0,101-500,0,1007.0
7938,jiu,Accounting & Finance,2,0,1,1,2022-07-13,1,0,1,1,1,100,1.0,1.0,1.0,0,0,101-500,0,1007.0
7939,apple company,Accounting & Finance,2,0,1,0,2022-07-13,1,0,1,1,0,100,1.0,1.0,1.0,0,0,101-500,0,1007.0
7940,ssi,Accounting & Finance,118,0,1,1,2022-07-14,1,0,1,2,1,10000,1.0,1.0,1.0,1,0,500-1000,0,1006.0
7941,ssi,Accounting & Finance,2,0,1,0,2022-07-14,1,0,1,1,0,100,1.0,1.0,1.0,0,0,500-1000,0,1006.0
7942,HRQ,Accounting & Finance,"72,73,74",1,1,1,2022-07-14,1,0,1,2,5,100,1.0,1.0,1.0,0,0,101-500,0,1006.0
7943,mbi,Accounting & Finance,2,1,1,1,2022-07-14,1,0,1,2,10,100,1.0,1.0,1.0,0,0,26-100,0,1006.0
7944,riko,Accounting & Finance,3,0,1,1,2022-07-14,1,0,1,1,999,10000,1.0,1.0,1.0,1,0,26-100,0,1006.0
7945,ssi,Accounting & Finance,16,0,1,1,2022-07-14,1,0,1,2,10,10000,1.0,1.0,1.0,1,0,101-500,0,1006.0
7946,jobma,Accounting & Finance,72,0,1,1,2022-07-14,1,0,1,2,1,100,1.0,1.0,1.0,1,0,1-25,0,1006.0
7947,WRT,Accounting & Finance,"72,73,74",1,1,1,2022-07-15,1,0,1,2,15,100,1.0,1.0,1.0,0,0,101-500,0,1005.0
7948,TGF,Accounting & Finance,"72,73,74",0,1,1,2022-07-15,1,0,1,2,1,100,1.0,1.0,1.0,1,0,26-100,0,1005.0
7949,TRD,Accounting & Finance,"72,2,73",0,1,1,2022-07-15,1,0,1,2,10,10000,1.0,1.0,1.0,1,0,26-100,0,1005.0
7950,WSA,Accounting & Finance,2,0,1,1,2022-07-15,1,0,1,2,1,100,1.0,1.0,1.0,1,0,26-100,0,1005.0
7951,TRD,Accounting & Finance,"72,2,73",1,1,1,2022-07-15,1,0,1,1,10,100,1.0,1.0,1.0,0,0,101-500,0,1005.0
7952,npl,Accounting & Finance,3,0,1,1,2022-07-15,1,0,1,1,10,60,1.0,1.0,1.0,1,0,101-500,0,1005.0
7953,Jobma,Accounting & Finance,2,0,1,0,2022-07-15,1,0,1,1,0,100,1.0,1.0,1.0,0,0,500-1000,0,1005.0
7954,hui,Accounting & Finance,3,0,1,1,2022-07-15,1,0,1,2,10,60,1.0,1.0,1.0,1,0,500-1000,0,1005.0
7956,hui,Accounting & Finance,2,0,1,0,2022-07-15,1,0,1,1,0,100,1.0,1.0,1.0,0,0,500-1000,0,1005.0
7957,yrp,Accounting & Finance,73,1,1,1,2022-07-15,1,0,1,2,2,100,1.0,1.0,1.0,0,0,500-1000,0,1005.0
7958,huba,Accounting & Finance,73,1,1,1,2022-07-15,1,0,1,2,5,100,1.0,1.0,1.0,0,0,500-1000,0,1005.0
7959,SSI,Accounting & Finance,78,0,1,1,2022-07-18,1,0,1,2,1,10000,1.0,1.0,1.0,1,0,1-25,0,1002.0
7960,WER,Accounting & Finance,"72,2,73",1,1,1,2022-07-18,1,1,1,1,11,100,1.0,1.0,1.0,0,0,101-500,0,1002.0
7961,trif,Accounting & Finance,73,1,1,1,2022-07-18,1,1,1,1,1,100,1.0,1.0,1.0,0,0,101-500,0,1002.0
7962,trif,Accounting & Finance,2,0,1,0,2022-07-18,1,0,1,1,0,100,1.0,1.0,1.0,0,0,101-500,0,1002.0
7963,wework,Accounting & Finance,76,0,1,1,2022-07-18,1,0,1,1,10,10000,1.0,1.0,1.0,1,0,101-500,0,1002.0
7964,Test Company Pvt Ltd,Accounting & Finance,"2,3,4",0,1,1,2022-07-18,1,0,1,1,15,100,1.0,1.0,1.0,0,0,More than 1000,0,1002.0
7965,QELL,Accounting & Finance,21,0,1,1,2022-07-18,1,0,1,2,10,10000,1.0,1.0,1.0,1,0,500-1000,0,1002.0
7966,bajaj,Accounting & Finance,21,0,1,1,2022-07-18,1,0,1,1,999,10000,1.0,1.0,1.0,1,0,101-500,0,1002.0
7967,bajaj,Accounting & Finance,2,0,1,0,2022-07-18,1,0,1,1,0,100,1.0,1.0,1.0,0,0,101-500,0,1002.0
7968,kj,Accounting & Finance,2,0,1,0,2022-07-18,1,0,1,1,0,100,1.0,1.0,1.0,0,0,26-100,0,1002.0
7969,ssk,Accounting & Finance,2,0,1,1,2022-07-18,1,0,1,2,1,10000,1.0,1.0,1.0,1,0,1-25,0,1002.0
7970,Jobma,Accounting & Finance,2,0,1,0,2022-07-18,1,0,1,1,0,100,1.0,1.0,1.0,0,0,500-1000,0,1002.0
7971,nodee,Accounting & Finance,23,0,1,1,2022-07-18,1,0,1,2,999,10000,1.0,1.0,1.0,1,0,26-100,0,1002.0
7973,kj,Accounting & Finance,74,1,1,1,2022-07-18,1,0,1,1,999,100,1.0,1.0,1.0,0,0,500-1000,0,1002.0
7974,Test Company Pvt Ltd,Accounting & Finance,2,0,1,0,2022-07-18,1,0,1,1,0,100,1.0,1.0,1.0,0,0,More than 1000,0,1002.0
7975,Test Company Pvt Ltd,Accounting & Finance,2,0,1,0,2022-07-18,1,0,1,1,0,100,1.0,1.0,1.0,0,0,More than 1000,0,1002.0
7976,ssd,Accounting & Finance,32,0,1,1,2022-07-18,1,0,1,1,1,60,1.0,1.0,1.0,1,0,101-500,0,1002.0
7977,avdhiexpress,Accounting & Finance,73,0,1,1,2022-07-18,1,0,1,2,10,100,1.0,1.0,1.0,1,0,1-25,0,1002.0
7978,avdhiexpress,Accounting & Finance,2,0,1,0,2022-07-18,1,0,1,1,0,100,1.0,1.0,1.0,0,0,1-25,0,1002.0
7979,tata motors,Accounting & Finance,"87,11",8,2,1,2022-07-18,1,0,1,2,10,60,1.0,5.0,1.0,1,0,101-500,0,1002.0
7980,QAS,Accounting & Finance,"72,73,75",0,1,1,2022-07-18,1,1,1,1,1,100,1.0,1.0,1.0,1,0,26-100,0,1002.0
7981,avdhiexpress,Accounting & Finance,2,0,1,0,2022-07-18,1,0,1,1,0,100,1.0,1.0,1.0,0,0,1-25,0,1002.0
7982,jiopl,Accounting & Finance,4,0,1,1,2022-07-18,1,0,1,2,999,100,1.0,1.0,1.0,0,0,500-1000,0,1002.0
7983,jiopl,Accounting & Finance,2,0,1,0,2022-07-18,1,0,1,1,0,100,1.0,1.0,1.0,0,0,500-1000,0,1002.0
7984,tata motors,Accounting & Finance,2,0,1,0,2022-07-18,1,0,1,1,0,100,1.0,1.0,1.0,0,0,101-500,0,1002.0
7985,tata motors,Accounting & Finance,2,0,1,0,2022-07-18,1,0,1,1,0,100,1.0,1.0,1.0,0,0,101-500,0,1002.0
7986,tata motors,Accounting & Finance,2,0,1,0,2022-07-18,1,0,1,1,0,100,1.0,1.0,1.0,0,0,101-500,0,1002.0
7987,yui,Accounting & Finance,231,1,1,1,2022-07-19,1,0,1,1,999,100,1.0,1.0,1.0,0,0,500-1000,0,1001.0
7988,DWQ,Accounting & Finance,"1,2",0,1,1,2022-07-19,1,0,1,1,6,100,1.0,1.0,1.0,0,0,26-100,0,1001.0
7989,Sri Infotech,Accounting & Finance,1,0,1,1,2022-07-20,1,1,1,1,11,100,1.0,120.0,1.0,0,0,More than 1000,0,1000.0
7990,Test Company Pvt Ltd,Accounting & Finance,2,0,1,1,2022-07-21,1,0,1,2,10,100,1.0,1.0,1.0,0,0,500-1000,0,999.0
7991,Test Company Pvt Ltd,Accounting & Finance,2,0,1,0,2022-07-21,1,0,1,1,0,100,1.0,1.0,1.0,0,0,500-1000,0,999.0
7992,Sri Infotech,Accounting & Finance,2,0,1,0,2022-07-21,1,0,1,1,0,100,1.0,1.0,1.0,0,0,More than 1000,0,999.0
7993,HTR,Accounting & Finance,74,1,1,1,2022-07-22,1,0,1,2,999,100,1.0,1.0,1.0,0,0,101-500,0,998.0
7994,WSD,Accounting & Finance,72,1,1,1,2022-07-22,1,0,1,2,999,100,1.0,1.0,1.0,0,0,101-500,0,998.0
7995,huba,Accounting & Finance,2,1,1,1,2022-07-22,1,0,1,2,999,100,1.0,1.0,1.0,0,0,26-100,0,998.0
7996,Sri Infotech,Accounting & Finance,2,0,1,1,2022-07-22,1,0,1,1,1,100,1.0,9999.99,1.0,0,0,500-1000,0,998.0
7997,Select Source International,Accounting & Finance,2,0,1,0,2022-07-22,1,0,1,1,0,100,1.0,1.0,1.0,0,0,1-25,0,998.0
7998,SSI,Accounting & Finance,23,0,1,1,2022-07-22,1,0,1,2,999,100,1.0,1.0,1.0,1,0,26-100,0,998.0
7999,Ali,Accounting & Finance,1,0,1,1,2022-07-25,1,0,1,2,100,100,1.0,1.0,1.0,0,0,26-100,0,995.0
8000,SSI,Accounting & Finance,2,0,1,0,2022-07-25,1,0,1,1,0,100,1.0,1.0,1.0,0,0,26-100,0,995.0
8001,Jobma,Accounting & Finance,2,0,1,0,2022-07-27,1,0,1,1,0,100,1.0,1.0,1.0,0,0,500-1000,0,993.0
8002,ssi,Accounting & Finance,231,0,1,1,2022-07-28,1,0,1,2,10,10000,1.0,1.0,1.0,1,0,26-100,0,992.0
8003,jobma,Accounting & Finance,72,0,1,1,2022-07-28,1,0,1,2,1,100,1.0,1.0,1.0,1,0,1-25,0,992.0
8004,ssi,Accounting & Finance,72,0,1,1,2022-07-29,1,0,1,2,10,10000,1.0,1.0,1.0,1,0,1-25,0,991.0
8005,POLICY,Accounting & Finance,23,0,1,1,2022-07-29,1,0,1,2,10,10000,1.0,1.0,1.0,1,0,1-25,0,991.0
8006,SSI,Accounting & Finance,231,0,1,1,2022-07-29,1,0,1,2,10,10000,1.0,1.0,1.0,1,0,1-25,0,991.0
8007,Test Company Pvt Ltd,Accounting & Finance,4,0,1,1,2022-07-29,1,0,1,2,1,100,1.0,1.0,1.0,0,0,101-500,0,991.0
8008,HCL,Accounting & Finance,2,0,1,1,2022-07-29,1,0,1,2,1,10000,1.0,1.0,1.0,1,0,1-25,0,991.0
8009,Amardeep Singh and Sons,Accounting & Finance,2,0,1,1,2022-07-29,1,0,1,2,10,100,1.0,1.0,1.0,0,0,26-100,0,991.0
8010,abc,Accounting & Finance,92,0,1,1,2022-07-29,1,0,1,2,10,10000,1.0,1.0,1.0,1,0,1-25,0,991.0
8011,jobma,Accounting & Finance,72,0,1,1,2022-07-29,1,0,1,2,1,10000,1.0,1.0,1.0,1,0,1-25,0,991.0
8012,jobma,Accounting & Finance,72,0,1,1,2022-07-29,1,0,1,2,10,10000,1.0,1.0,1.0,1,0,1-25,0,991.0
8013,jobma,Accounting & Finance,72,0,1,1,2022-07-29,1,0,1,2,1,10000,1.0,1.0,1.0,1,0,1-25,0,991.0
8014,Sri Enterprises,Accounting & Finance,23,0,1,1,2022-07-29,1,0,1,2,1,10000,1.0,1.0,1.0,1,0,1-25,0,991.0
8015,Ali,Accounting & Finance,2,0,1,0,2022-07-29,1,0,1,1,0,100,1.0,1.0,1.0,0,0,26-100,0,991.0
8016,jobma,Accounting & Finance,72,0,1,1,2022-07-29,1,0,1,2,1,100,1.0,1.0,1.0,1,0,1-25,0,991.0
8017,jobma,Accounting & Finance,72,0,1,1,2022-07-29,1,0,1,2,1,100,1.0,1.0,1.0,1,0,1-25,0,991.0
8018,jobma,Accounting & Finance,72,0,1,1,2022-07-29,1,0,1,2,1,100,1.0,1.0,1.0,1,0,1-25,0,991.0
8019,JOBMA_shashank,Accounting & Finance,101,0,1,1,2022-07-29,1,0,1,2,10,10000,1.0,1.0,1.0,1,0,1-25,0,991.0
8020,Select Source International,Accounting & Finance,2,0,1,0,2022-08-01,1,0,1,1,0,100,1.0,1.0,1.0,0,0,1-25,0,988.0
8021,Select Source International,Accounting & Finance,2,0,1,0,2022-08-01,1,0,1,1,0,100,1.0,1.0,1.0,0,0,1-25,0,988.0
8022,Select Source International,Accounting & Finance,2,0,1,0,2022-08-01,1,0,1,1,0,100,1.0,1.0,1.0,0,0,1-25,0,988.0
8023,Select Source International,Accounting & Finance,2,0,1,0,2022-08-01,1,0,1,1,0,100,1.0,1.0,1.0,0,0,1-25,0,988.0
8024,ACC,Accounting & Finance,"72,74,83",0,1,1,2022-08-01,1,0,1,2,10,100,1.0,1.0,1.0,1,0,1-25,0,988.0
8025,Sri infotech,Accounting & Finance,72,0,1,1,2022-08-01,1,0,1,2,1,10000,1.0,1.0,1.0,1,0,1-25,0,988.0
8026,Wework,Accounting & Finance,51,0,1,1,2022-08-01,1,0,1,2,10,100,1.0,1.0,1.0,1,0,500-1000,0,988.0
8027,Select Source International,Accounting & Finance,2,0,1,0,2022-08-01,1,0,1,1,0,100,1.0,1.0,1.0,0,0,1-25,0,988.0
8028,ESL,Accounting & Finance,"7,11",0,1,1,2022-08-01,1,0,1,2,999,100,1.0,1.0,1.0,0,0,More than 1000,0,988.0
8029,QRG,Accounting & Finance,76,0,1,1,2022-08-01,1,0,1,2,1,100,1.0,1.0,1.0,1,0,500-1000,0,988.0
8030,WQA,Accounting & Finance,2,0,1,1,2022-08-01,1,0,1,2,1,100,1.0,1.0,1.0,1,0,1-25,0,988.0
8031,KTR,Accounting & Finance,"76,51,78",0,1,1,2022-08-01,1,0,1,2,10,100,1.0,1.0,1.0,1,0,101-500,0,988.0
8032,trell,Accounting & Finance,72,0,1,1,2022-08-01,1,0,1,2,1,10000,1.0,1.0,1.0,1,0,More than 1000,0,988.0
8033,Accenture,Accounting & Finance,79,0,1,1,2022-08-01,1,0,1,2,10,100,1.0,1.0,1.0,1,0,1-25,0,988.0
8034,Select Source International,Accounting & Finance,2,0,1,0,2022-08-01,1,0,1,1,0,100,1.0,1.0,1.0,0,0,1-25,0,988.0
8035,Accenture,Accounting & Finance,83,0,1,1,2022-08-01,1,0,1,2,10,100,1.0,1.0,1.0,1,0,1-25,0,988.0
8036,ssi,Accounting & Finance,72,0,1,1,2022-08-01,1,0,1,2,1,10000,1.0,1.0,1.0,1,0,1-25,0,988.0
8037,Select Source International,Accounting & Finance,2,0,1,0,2022-08-01,1,0,1,1,0,100,1.0,1.0,1.0,0,0,1-25,0,988.0
8038,ffi,Accounting & Finance,73,0,1,1,2022-08-01,1,0,1,2,10,10000,1.0,1.0,1.0,1,0,1-25,0,988.0
8039,PTR,Accounting & Finance,2,0,1,1,2022-08-01,1,0,1,2,1,100,1.0,1.0,1.0,1,0,101-500,0,988.0
8040,WQR,Accounting & Finance,73,0,1,1,2022-08-01,1,0,1,2,1,100,1.0,1.0,1.0,1,0,1-25,0,988.0
8041,DWQ,Accounting & Finance,80,0,1,1,2022-08-01,1,0,1,1,10,100,1.0,1.0,1.0,1,0,500-1000,0,988.0
8042,sds,Accounting & Finance,72,0,1,1,2022-08-01,1,0,1,1,10,100,1.0,1.0,1.0,1,0,1-25,0,988.0
8043,RWQ,Accounting & Finance,"2,4,8",0,1,1,2022-08-01,1,0,1,2,999,100,1.0,1.0,1.0,0,0,101-500,0,988.0
8044,tft,Accounting & Finance,74,0,1,1,2022-08-01,1,0,1,2,1,100,1.0,1.0,1.0,1,0,101-500,0,988.0
8045,ddk,Accounting & Finance,3,0,1,1,2022-08-01,1,0,1,2,1,100,1.0,1.0,1.0,0,0,101-500,0,988.0
8046,TEW,Accounting & Finance,72,0,1,1,2022-08-01,1,0,1,2,1,100,1.0,1.0,1.0,1,0,26-100,0,988.0
8047,yu,Accounting & Finance,2,0,1,1,2022-08-01,1,0,1,1,1,100,1.0,1.0,1.0,1,0,1-25,0,988.0
8048,KTR,Accounting & Finance,"2,73",0,1,1,2022-08-01,1,0,1,2,1,10000,1.0,1.0,1.0,1,0,101-500,0,988.0
8049,JOBMA,Accounting & Finance,23,0,1,1,2022-08-01,1,0,1,2,999,100,1.0,1.0,1.0,1,0,1-25,0,988.0
8050,ssi,Accounting & Finance,21,0,1,1,2022-08-01,1,0,1,2,999,100,1.0,1.0,1.0,0,0,500-1000,0,988.0
8051,ssdio,Accounting & Finance,4,0,1,1,2022-08-01,1,0,1,2,10,100,1.0,1.0,1.0,1,0,More than 1000,0,988.0
8052,HQA,Accounting & Finance,2,0,1,1,2022-08-02,1,0,1,2,1,100,1.0,1.0,1.0,1,0,101-500,0,987.0
8053,TYG,Accounting & Finance,"2,73,74",0,1,1,2022-08-02,1,0,1,2,999,100,1.0,1.0,1.0,1,0,101-500,0,987.0
8054,REQ,Accounting & Finance,72,1,1,1,2022-08-02,1,0,1,1,999,100,1.0,1.0,1.0,0,0,101-500,0,987.0
8055,Bahrain Industries,Accounting & Finance,58,0,1,1,2022-08-02,1,0,1,2,1,100,1.0,1.0,1.0,1,0,1-25,0,987.0
8056,kumar,Accounting & Finance,2,0,1,1,2022-08-02,1,0,1,2,10,100,1.0,1.0,1.0,0,0,26-100,0,987.0
8057,TYG,Accounting & Finance,2,0,1,0,2022-08-02,1,0,1,1,0,100,1.0,1.0,1.0,0,0,101-500,0,987.0
8058,WRE,Accounting & Finance,"72,2,73",0,1,1,2022-08-02,1,0,1,2,1,10000,1.0,1.0,1.0,1,0,26-100,0,987.0
8059,SSI,Accounting & Finance,124,0,1,1,2022-08-03,1,0,1,2,1,100,1.0,1.0,1.0,1,0,101-500,0,986.0
8060,GTR,Accounting & Finance,"72,73",0,1,1,2022-08-03,1,0,1,2,1,100,1.0,1.0,1.0,1,0,26-100,0,986.0
8061,DSA,Accounting & Finance,72,0,1,1,2022-08-03,1,1,1,2,2,100,1.0,1.0,1.0,1,0,26-100,0,986.0
8062,TRF,Accounting & Finance,2,0,1,1,2022-08-03,1,0,1,1,10,100,1.0,1.0,1.0,1,0,101-500,0,986.0
8063,SSI Indore,Accounting & Finance,23,0,1,1,2022-08-03,1,0,1,2,10,100,1.0,1.0,1.0,1,0,1-25,0,986.0
8064,Yashwant Mobile Corps,Accounting & Finance,90,0,1,1,2022-08-04,1,0,1,1,10,100,1.0,1.0,1.0,1,0,101-500,0,985.0
8065,dell,Accounting & Finance,2,0,1,1,2022-08-04,1,0,1,2,10,10000,1.0,1.0,1.0,1,0,More than 1000,0,985.0
8066,Opera Testing and Sons,Accounting & Finance,73,0,1,1,2022-08-04,1,0,1,1,10,100,1.0,1.0,1.0,1,0,More than 1000,0,985.0
8067,facebook,Accounting & Finance,73,0,1,1,2022-08-04,1,0,1,2,10,10000,1.0,1.0,1.0,1,0,More than 1000,0,985.0
8068,Australia Canberra and Sons,Accounting & Finance,"73,74",0,1,1,2022-08-04,1,0,1,1,1,100,1.0,1.0,1.0,1,0,101-500,0,985.0
8069,Avenue and Sons,Accounting & Finance,53,0,1,1,2022-08-04,1,0,1,1,10,100,1.0,1.0,1.0,1,0,More than 1000,0,985.0
8070,Yashwant Mobile Corps,Accounting & Finance,2,0,1,0,2022-08-04,1,0,1,1,0,100,1.0,1.0,1.0,0,0,101-500,0,985.0
8071,Haryana and Sons,Accounting & Finance,"73,74",0,1,1,2022-08-04,1,0,1,1,1,10000,1.0,1.0,1.0,1,0,500-1000,0,985.0
8072,SSI indore,Accounting & Finance,23,0,1,1,2022-08-04,1,0,1,2,10,10000,1.0,1.0,1.0,1,0,1-25,0,985.0
8073,Unknown and sons,Accounting & Finance,2,0,1,1,2022-08-04,1,0,1,2,1,100,1.0,1.0,1.0,1,0,101-500,0,985.0
8074,Mansukh and Sons,Accounting & Finance,"72,73",0,1,1,2022-08-04,1,0,1,1,10,100,1.0,1.0,1.0,1,0,More than 1000,0,985.0
8075,Uttar Pradesh Territory,Accounting & Finance,"231,72",0,1,1,2022-08-04,1,0,1,1,10,10000,1.0,1.0,1.0,1,0,26-100,0,985.0
8076,Mandhir Testing,Accounting & Finance,"72,2",0,1,1,2022-08-04,1,0,1,2,1,100,1.0,1.0,1.0,1,0,101-500,0,985.0
8077,Trustradius and Sons,Accounting & Finance,3,0,1,1,2022-08-04,1,0,1,2,999,100,1.0,1.0,1.0,0,0,101-500,0,985.0
8078,Select Source International,Accounting & Finance,2,0,1,0,2022-08-05,1,0,1,1,0,100,1.0,1.0,1.0,0,0,1-25,0,984.0
8079,Kahaani and Company,Accounting & Finance,2,0,1,1,2022-08-05,1,0,1,2,1,100,1.0,1.0,1.0,1,0,101-500,0,984.0
8080,Better Version Testing Center,Accounting & Finance,2,0,1,1,2022-08-05,1,0,1,2,1,10000,1.0,1.0,1.0,1,0,101-500,0,984.0
8081,Alfreda Tucker,Accounting & Finance,121,0,1,1,2022-08-05,1,0,1,2,10,10000,1.0,1.0,1.0,1,0,1-25,0,984.0
8082,Jobma,Accounting & Finance,2,0,1,0,2022-08-08,1,0,1,1,0,100,1.0,1.0,1.0,0,0,500-1000,0,981.0
8083,Test Company,Accounting & Finance,74,0,1,1,2022-08-09,1,0,1,1,1,60,1.0,1.0,1.0,1,0,1-25,0,980.0
8084,facebook,Accounting & Finance,2,0,1,0,2022-08-09,1,0,1,1,0,100,1.0,1.0,1.0,0,0,More than 1000,0,980.0
8085,Test Company Pvt Ltd,Accounting & Finance,4,0,1,1,2022-08-09,1,0,1,2,1,100,1.0,1.0,1.0,0,0,26-100,0,980.0
8086,Test Company Pvt Ltd,Accounting & Finance,4,0,1,1,2022-08-10,1,0,1,2,999,100,1.0,1.0,1.0,1,0,1-25,0,979.0
8087,joy,Accounting & Finance,3,0,1,1,2022-08-10,1,0,1,2,1,100,1.0,1.0,1.0,0,0,1-25,0,979.0
8088,Jobma,Accounting & Finance,2,0,1,0,2022-08-10,1,0,1,1,0,100,1.0,1.0,1.0,0,0,500-1000,0,979.0
8089,Test Company Pvt Ltd,Accounting & Finance,2,0,1,1,2022-08-10,1,1,1,2,26,100,1.0,1.0,1.0,0,0,1-25,0,979.0
8090,jute,Accounting & Finance,2,1,1,1,2022-08-10,1,0,1,2,10,100,1.0,1.0,1.0,0,0,1-25,0,979.0
8091,Jobma,Accounting & Finance,2,0,1,0,2022-08-10,1,0,1,1,0,100,1.0,1.0,1.0,0,0,500-1000,0,979.0
8092,Dell,Accounting & Finance,3,0,1,1,2022-08-10,1,0,1,2,999,10000,1.0,1.0,1.0,1,0,1-25,0,979.0
8093,jobma,Accounting & Finance,231,1,1,1,2022-08-10,1,0,1,2,1,10000,1.0,1.0,1.0,1,0,1-25,0,979.0
8094,dgfd,Accounting & Finance,231,1,1,1,2022-08-10,1,0,1,2,1,10000,1.0,1.0,1.0,1,0,26-100,0,979.0
8095,ggdgd,Accounting & Finance,72,1,1,1,2022-08-10,1,0,1,2,1,100,1.0,1.0,1.0,0,0,1-25,0,979.0
8096,WER,Accounting & Finance,"2,4,14",0,1,1,2022-08-11,1,0,1,2,999,10000,1.0,1.0,1.0,1,0,26-100,0,978.0
8097,Dell,Accounting & Finance,3,0,1,1,2022-08-11,1,0,1,2,1,10000,1.0,1.0,1.0,1,0,26-100,0,978.0
8098,AQW,Accounting & Finance,"72,73",1,1,1,2022-08-11,1,0,1,2,1,10000,1.0,1.0,1.0,1,0,101-500,0,978.0
8101,TRE,Accounting & Finance,"2,3,4",0,1,1,2022-08-11,1,0,1,2,1,10000,1.0,1.0,1.0,1,0,101-500,0,978.0
8102,accenture,Accounting & Finance,2,0,1,1,2022-08-11,1,0,1,2,10,10000,1.0,1.0,1.0,1,0,500-1000,0,978.0
8103,TRD,Accounting & Finance,2,1,1,1,2022-08-11,1,0,1,2,10,10000,1.0,1.0,1.0,1,0,26-100,0,978.0
8104,TUS,Accounting & Finance,"72,73",1,1,1,2022-08-11,1,1,1,1,11,100,1.0,1.0,1.0,0,0,101-500,0,978.0
8105,TEU,Accounting & Finance,"1,2",0,1,1,2022-08-11,1,0,1,1,10,10000,1.0,1.0,1.0,1,0,26-100,0,978.0
8106,DSW,Accounting & Finance,"2,4",0,1,1,2022-08-11,1,0,1,2,1,10000,1.0,1.0,1.0,1,0,26-100,0,978.0
8107,TQA,Accounting & Finance,"2,3",0,1,1,2022-08-11,1,0,1,2,10,10000,1.0,1.0,1.0,1,0,101-500,0,978.0
8108,jhjjjjgjgj,Accounting & Finance,72,1,1,1,2022-08-12,1,0,1,2,1,10000,1.0,1.0,1.0,1,0,1-25,0,977.0
8109,fhfhfgf,Accounting & Finance,231,1,1,1,2022-08-12,1,0,1,2,1,10000,1.0,1.0,1.0,1,0,1-25,0,977.0
8110,gfjgfj,Accounting & Finance,231,1,1,1,2022-08-12,1,0,1,2,1,10000,1.0,1.0,1.0,1,0,1-25,0,977.0
8111,fdhfhfhfgh,Accounting & Finance,231,1,1,1,2022-08-12,1,0,1,2,1,10000,1.0,1.0,1.0,1,0,1-25,0,977.0
8112,dfghdfdhdh,Accounting & Finance,231,1,1,1,2022-08-12,1,0,1,2,1,100,1.0,1.0,1.0,0,0,1-25,0,977.0
8113,gfgdgd,Accounting & Finance,72,1,1,1,2022-08-12,1,0,1,2,10,100,1.0,1.0,1.0,0,0,1-25,0,977.0
8114,jjhgjgj,Accounting & Finance,231,1,1,1,2022-08-12,1,0,1,2,10,10000,1.0,1.0,1.0,1,0,1-25,0,977.0
8115,WQA,Accounting & Finance,72,1,1,1,2022-08-12,1,0,1,1,1,10000,1.0,1.0,1.0,1,0,26-100,0,977.0
8116,ASD,Accounting & Finance,"231,2,73",1,1,1,2022-08-12,1,0,1,2,10,10000,1.0,1.0,1.0,1,0,101-500,0,977.0
8117,WSD,Accounting & Finance,"2,3,4",0,1,1,2022-08-12,1,0,1,2,999,10000,1.0,1.0,1.0,1,0,101-500,0,977.0
8118,AQW,Accounting & Finance,72,1,1,1,2022-08-12,1,0,1,2,10,10000,1.0,1.0,1.0,1,0,101-500,0,977.0
8119,Test Company Pvt Ltd,Accounting & Finance,3,0,1,1,2022-08-12,1,1,1,2,10,10000,1.0,1.0,1.0,1,0,101-500,0,977.0
8120,SRI INFOTECH,Accounting & Finance,1,0,1,1,2022-08-12,1,1,1,1,11,10000,1.0,1.0,1.0,1,0,26-100,0,977.0
8121,Test Company Pvt Ltd,Accounting & Finance,3,0,1,1,2022-08-12,1,0,1,2,10,10000,1.0,1.0,1.0,1,0,101-500,0,977.0
8123,Oorwin,Accounting & Finance,36,0,1,1,2022-08-12,1,0,1,2,10,100,1.0,1.0,1.0,0,0,More than 1000,0,977.0
8124,SRI INFOTECH,Accounting & Finance,1,0,1,1,2022-08-12,1,0,1,2,1,10000,1.0,1.0,1.0,1,0,1-25,0,977.0
8125,SRI INFOTECH,Accounting & Finance,2,0,1,0,2022-08-12,1,0,1,1,0,100,1.0,1.0,1.0,0,0,1-25,0,977.0
8126,SRI INFOTECH,Accounting & Finance,2,0,1,0,2022-08-12,1,0,1,1,0,100,1.0,1.0,1.0,0,0,1-25,0,977.0
8127,SRI INFOTECH,Accounting & Finance,2,0,1,0,2022-08-12,1,0,1,1,0,100,1.0,1.0,1.0,0,0,1-25,0,977.0
8128,Sri infotech,Accounting & Finance,1,0,1,1,2022-08-16,1,0,1,2,1,100,1.0,1.0,1.0,0,0,500-1000,0,973.0
8129,Jobma,Accounting & Finance,1,0,1,1,2022-08-16,1,0,1,2,1,10000,1.0,1.0,1.0,1,0,1-25,0,973.0
8130,ssi,Accounting & Finance,1,0,1,1,2022-08-16,1,0,1,2,1,10000,1.0,1.0,1.0,1,0,1-25,0,973.0
8131,Abvay Jeet Singh and Sons,Accounting & Finance,"1,4",0,1,1,2022-08-16,1,1,1,1,14,100,1.0,1.0,1.0,0,0,500-1000,0,973.0
8132,jobma,Accounting & Finance,23,0,1,1,2022-08-16,1,0,1,2,999,10000,1.0,1.0,1.0,1,0,101-500,0,973.0
8133,Nokia and Sons,Accounting & Finance,1,0,1,1,2022-08-16,1,0,1,2,1,100,1.0,1.0,1.0,0,0,26-100,0,973.0
8134,Quick Links,Accounting & Finance,3,0,1,1,2022-08-16,1,0,1,2,10,100,1.0,1.0,1.0,0,0,500-1000,0,973.0
8135,nriessential1122@yopmail.com,Accounting & Finance,4,0,1,1,2022-08-16,1,0,1,1,10,100,1.0,1.0,1.0,0,0,101-500,0,973.0
8136,Test Company Pvt Ltd,Accounting & Finance,7,0,1,1,2022-08-16,1,0,1,2,1,10000,1.0,1.0,1.0,1,0,101-500,0,973.0
8137,nriprofessional and sons,Accounting & Finance,73,1,1,1,2022-08-16,1,0,1,1,10,100,1.0,1.0,1.0,0,0,500-1000,0,973.0
8138,Test Company Pvt Ltd,Accounting & Finance,2,0,1,0,2022-08-16,1,0,1,1,0,100,1.0,1.0,1.0,0,0,101-500,0,973.0
8139,user029330@yopmail.com,Accounting & Finance,1,0,1,1,2022-08-16,1,0,1,2,999,10000,1.0,1.0,1.0,1,0,500-1000,0,973.0
8140,nrienterprise1155,Accounting & Finance,2,0,1,1,2022-08-16,1,0,1,1,999,100,1.0,1.0,1.0,0,0,500-1000,0,973.0
8141,Akshay Mahapatra and Sons,Accounting & Finance,73,1,1,1,2022-08-17,1,0,1,1,10,100,1.0,1.0,1.0,0,0,500-1000,0,972.0
8142,Akshay Mandal and sons,Accounting & Finance,3,0,1,1,2022-08-17,1,1,1,1,11,100,1.0,1.0,1.0,0,0,101-500,0,972.0
8143,Akshay Mandal and sons,Accounting & Finance,2,0,1,0,2022-08-17,1,0,1,1,0,100,1.0,1.0,1.0,0,0,101-500,0,972.0
8144,AkshayDhule2211@yopmail.com,Accounting & Finance,73,1,1,1,2022-08-17,1,0,1,1,999,100,1.0,1.0,1.0,0,0,101-500,0,972.0
8145,Vidisha and sons,Accounting & Finance,74,1,1,1,2022-08-17,1,0,1,2,10,100,1.0,1.0,1.0,0,0,500-1000,0,972.0
8146,Karthik Manveer,Accounting & Finance,72,1,1,1,2022-08-17,1,0,1,1,999,100,1.0,1.0,1.0,0,0,26-100,0,972.0
8147,Karthik Manveer,Accounting & Finance,2,0,1,0,2022-08-17,1,0,1,1,0,100,1.0,1.0,1.0,0,0,26-100,0,972.0
8148,Test Company Pvt Ltd,Accounting & Finance,"2,4",0,2,1,2022-08-17,1,1,1,1,11,100,1.0,1.0,1.0,0,0,500-1000,0,972.0
8149,AkshayDhule2211@yopmail.com,Accounting & Finance,2,0,1,0,2022-08-17,1,0,1,1,0,100,1.0,1.0,1.0,0,0,101-500,0,972.0
8150,Adminabc,Accounting & Finance,73,1,1,1,2022-08-17,1,0,1,2,1,100,1.0,1.0,1.0,0,0,1-25,0,972.0
8151,Tushar Meht22333a,Accounting & Finance,78,1,1,1,2022-08-17,1,0,1,2,10,100,1.0,1.0,1.0,0,0,1-25,0,972.0
8152,Adminabcd,Accounting & Finance,231,1,1,1,2022-08-17,1,0,1,1,1,100,1.0,1.0,1.0,0,0,1-25,0,972.0
8153,Adminabcd,Accounting & Finance,2,0,1,0,2022-08-17,1,0,1,1,0,100,1.0,1.0,1.0,0,0,1-25,0,972.0
8154,Jobma,Accounting & Finance,2,0,1,0,2022-08-17,1,0,1,1,0,100,1.0,1.0,1.0,0,0,500-1000,0,972.0
8155,JOBMA,Accounting & Finance,2,0,1,0,2022-08-17,1,0,1,1,0,100,1.0,1.0,1.0,0,0,1-25,0,972.0
8156,Jobma,Accounting & Finance,2,0,1,0,2022-08-17,1,0,1,1,0,100,1.0,1.0,1.0,0,0,500-1000,0,972.0
8158,Jobma,Accounting & Finance,2,0,1,0,2022-08-17,1,0,1,1,0,100,1.0,1.0,1.0,0,0,500-1000,0,972.0
8159,Test Company Pvt Ltd,Accounting & Finance,2,0,1,0,2022-08-17,1,0,1,1,0,100,1.0,1.0,1.0,0,0,500-1000,0,972.0
8160,Test International Company Pvt ok,Accounting & Finance,2,0,2,0,2022-08-17,1,0,1,1,0,100,1.0,1.0,1.0,0,0,500-1000,0,972.0
8161,Jobma,Accounting & Finance,2,0,1,0,2022-08-17,1,0,1,1,0,100,1.0,1.0,1.0,0,0,500-1000,0,972.0
8162,Akshay Mahapatra and Sons,Accounting & Finance,2,0,1,0,2022-08-17,1,0,1,1,0,100,1.0,1.0,1.0,0,0,500-1000,0,972.0
8163,adminessential1122@yopmail.com,Accounting & Finance,1,0,1,1,2022-08-17,1,0,1,1,1,100,1.0,1.0,1.0,0,0,101-500,0,972.0
8164,Test International Company Pvt ok,Accounting & Finance,2,0,2,0,2022-08-17,1,0,1,1,0,100,1.0,1.0,1.0,0,0,500-1000,0,972.0
8165,Jobma,Accounting & Finance,2,0,1,0,2022-08-17,1,0,1,1,0,100,1.0,1.0,1.0,0,0,500-1000,0,972.0
8169,Test International Company Pvt ok,Accounting & Finance,2,0,2,0,2022-08-18,1,0,1,1,0,100,1.0,1.0,1.0,0,0,500-1000,0,971.0
8170,Test International Company Pvt ok,Accounting & Finance,2,0,2,0,2022-08-18,1,0,1,1,0,100,1.0,1.0,1.0,0,0,500-1000,0,971.0
8172,Jobma,Accounting & Finance,2,0,1,0,2022-08-18,1,0,1,1,0,100,1.0,1.0,1.0,0,0,500-1000,0,971.0
8177,Sri infotech,Accounting & Finance,23,0,1,1,2022-08-19,1,1,1,2,10,60,1.0,1.0,1.0,1,0,500-1000,0,970.0
8178,JB,Accounting & Finance,2,0,1,1,2022-08-19,1,0,1,2,1,10000,1.0,1.0,1.0,1,0,101-500,0,970.0
8179,SSI,Accounting & Finance,1,0,1,1,2022-08-21,1,0,1,2,999,10000,1.0,1.0,1.0,1,0,1-25,0,968.0
8180,Sri infotec,Accounting & Finance,1,0,1,1,2022-08-22,1,1,1,2,106,100,1.0,1.0,1.0,0,0,101-500,0,967.0
8181,hio,Accounting & Finance,2,0,1,1,2022-08-22,1,0,1,2,1,100,1.0,1.0,1.0,0,0,26-100,0,967.0
8182,hui,Accounting & Finance,1,0,1,1,2022-08-22,1,0,1,2,1,100,1.0,1.0,1.0,0,0,1-25,0,967.0
8183,Sri infotec,Accounting & Finance,2,0,1,0,2022-08-22,1,0,1,1,0,100,1.0,1.0,1.0,0,0,101-500,0,967.0
8184,Sri infotec,Accounting & Finance,2,0,1,0,2022-08-22,1,0,1,1,0,100,1.0,1.0,1.0,0,0,101-500,0,967.0
8185,Sri infotec,Accounting & Finance,2,0,1,0,2022-08-22,1,0,1,1,0,100,1.0,1.0,1.0,0,0,101-500,0,967.0
8186,Sri infotec,Accounting & Finance,2,0,1,0,2022-08-22,1,0,1,1,0,100,1.0,1.0,1.0,0,0,101-500,0,967.0
8187,Sri infotec,Accounting & Finance,2,0,1,0,2022-08-22,1,0,1,1,0,100,1.0,1.0,1.0,0,0,101-500,0,967.0
8188,Sri infotec,Accounting & Finance,2,0,1,0,2022-08-22,1,0,1,1,0,100,1.0,1.0,1.0,0,0,101-500,0,967.0
8189,Sri infotec,Accounting & Finance,2,0,1,0,2022-08-22,1,0,1,1,0,100,1.0,1.0,1.0,0,0,101-500,0,967.0
8190,Test Company Pvt Ltd,Accounting & Finance,2,0,1,0,2022-08-22,1,0,1,1,0,100,1.0,1.0,1.0,0,0,1-25,0,967.0
8191,Test Company Pvt Ltd,Accounting & Finance,2,0,1,0,2022-08-22,1,0,1,1,0,100,1.0,1.0,1.0,0,0,101-500,0,967.0
8193,Delta,Accounting & Finance,1,0,1,1,2022-08-23,1,1,1,2,110,100,1.0,1.0,1.0,0,0,26-100,0,966.0
8194,delta 1,Accounting & Finance,1,0,1,1,2022-08-23,1,0,1,1,999,100,1.0,1.0,1.0,0,0,500-1000,0,966.0
8195,delta 1,Accounting & Finance,2,0,1,0,2022-08-23,1,0,1,1,0,100,1.0,1.0,1.0,0,0,500-1000,0,966.0
8196,Delta,Accounting & Finance,2,0,1,0,2022-08-23,1,0,1,1,0,100,1.0,1.0,1.0,0,0,26-100,0,966.0
8197,dev,Accounting & Finance,1,0,1,1,2022-08-23,1,1,1,1,73,100,1.0,1.0,1.0,0,0,1-25,0,966.0
8198,JOBMA,Accounting & Finance,2,0,1,0,2022-08-23,1,0,1,1,0,100,1.0,1.0,1.0,0,0,1-25,0,966.0
8199,addads,Accounting & Finance,1,0,1,1,2022-08-23,1,0,1,1,10,100,1.0,1.0,1.0,0,0,101-500,0,966.0
8200,sdsdsd,Accounting & Finance,2,0,1,1,2022-08-23,1,0,1,2,10,100,1.0,1.0,1.0,0,0,26-100,0,966.0
8201,dev,Accounting & Finance,2,0,1,1,2022-08-23,1,0,1,1,999,100,1.0,1.0,1.0,0,0,101-500,0,966.0
8202,dev,Accounting & Finance,2,0,1,0,2022-08-24,1,0,1,1,0,100,1.0,1.0,1.0,0,0,1-25,0,965.0
8203,dev,Accounting & Finance,2,0,1,0,2022-08-24,1,0,1,1,0,100,1.0,1.0,1.0,0,0,1-25,0,965.0
8204,JB,Accounting & Finance,2,0,1,0,2022-08-24,1,0,1,1,0,100,1.0,1.0,1.0,0,0,101-500,0,965.0
8205,dev,Accounting & Finance,2,0,1,0,2022-08-24,1,0,1,1,0,100,1.0,1.0,1.0,0,0,1-25,0,965.0
8206,wallmart,Accounting & Finance,2,0,1,0,2022-08-24,1,0,1,1,0,100,1.0,1.0,1.0,0,0,26-100,0,965.0
8207,testing,Accounting & Finance,3,0,1,1,2022-08-24,1,0,1,2,1,100,1.0,1.0,1.0,0,0,26-100,0,965.0
8208,Testing All,Accounting & Finance,8,0,1,1,2022-08-24,1,0,1,2,10,100,1.0,1.0,1.0,0,0,500-1000,0,965.0
8209,dev,Accounting & Finance,1,0,1,1,2022-08-24,1,0,1,2,10,100,1.0,1.0,1.0,0,0,1-25,0,965.0
8210,dev,Accounting & Finance,2,0,1,0,2022-08-24,1,0,1,1,0,100,1.0,1.0,1.0,0,0,1-25,0,965.0
8211,usereueieowo@yopmail.com,Accounting & Finance,1,0,1,1,2022-08-24,1,0,1,2,1,100,1.0,1.0,1.0,0,0,500-1000,0,965.0
8212,kumae,Accounting & Finance,1,0,1,1,2022-08-24,1,0,1,1,10,100,1.0,1.0,1.0,0,0,26-100,0,965.0
8213,cred,Accounting & Finance,2,0,1,1,2022-08-25,1,0,1,2,1,100,1.0,1.0,1.0,0,0,500-1000,0,964.0
8214,credr sas,Accounting & Finance,2,0,1,1,2022-08-25,1,0,1,2,1,10000,1.0,1.0,1.0,1,0,101-500,0,964.0
8215,credr sas,Accounting & Finance,2,0,1,0,2022-08-25,1,0,1,1,0,100,1.0,1.0,1.0,0,0,101-500,0,964.0
8217,IBM,Accounting & Finance,23,0,1,1,2022-08-25,1,0,1,2,999,10000,1.0,1.0,1.0,1,0,26-100,0,964.0
8218,user91,Accounting & Finance,74,4,1,1,2022-08-25,1,1,1,2,2,100,9.0,1.0,1.0,0,0,500-1000,0,964.0
8219,Test Compnay,Accounting & Finance,"2,73,74",1,1,1,2022-08-25,1,0,1,2,5,100,1.0,1.0,1.0,0,0,26-100,0,964.0
8220,Test Compnay,Accounting & Finance,2,0,1,0,2022-08-25,1,0,1,1,0,100,1.0,1.0,1.0,0,0,26-100,0,964.0
8221,Los Pollos Harmanos,Accounting & Finance,2,0,1,0,2022-08-25,1,0,1,1,0,100,1.0,1.0,1.0,0,0,1-25,0,964.0
8222,sri infotech,Accounting & Finance,3,0,1,1,2022-08-26,1,0,1,2,1,10000,1.0,1.0,1.0,1,0,500-1000,0,963.0
8223,sriinfotech,Accounting & Finance,1,0,1,1,2022-08-26,1,0,1,2,1,10000,1.0,1.0,1.0,1,0,500-1000,0,963.0
8224,health,Accounting & Finance,2,0,1,1,2022-08-29,1,1,1,1,11,100,1.0,30.0,1.0,0,0,101-500,0,960.0
8225,health,Accounting & Finance,2,0,1,0,2022-08-29,1,0,1,1,0,100,1.0,1.0,1.0,0,0,101-500,0,960.0
8226,sim,Accounting & Finance,3,0,1,1,2022-08-29,1,0,1,2,1,100,1.0,1.0,1.0,0,0,1-25,0,960.0
8227,parveen,Accounting & Finance,1,0,1,1,2022-08-29,1,1,1,2,11,100,1.0,1.0,1.0,0,0,500-1000,0,960.0
8228,tesing interview,Accounting & Finance,1,0,1,1,2022-08-29,1,0,1,2,999,100,1.0,1.0,1.0,0,0,500-1000,0,960.0
8229,fdsfdsf,Accounting & Finance,72,1,1,1,2022-08-31,1,0,1,2,1,100,1.0,1.0,1.0,0,0,1-25,0,958.0
8230,statestestunited@gmail.com,Accounting & Finance,2,0,1,1,2022-09-01,1,0,1,2,1,100,1.0,1.0,1.0,0,0,500-1000,0,957.0
8231,Company C0.,Accounting & Finance,15,0,1,1,2022-09-02,1,0,1,2,10,100,1.0,1.0,1.0,0,0,101-500,0,956.0
8233,Effort Testing and Company,Accounting & Finance,21,0,1,1,2022-09-02,1,0,1,1,10,10000,1.0,1.0,1.0,1,0,101-500,0,956.0
8234,Essentialuser and Sons,Accounting & Finance,4,0,1,1,2022-09-05,1,1,1,2,11,10000,1.0,1.0,1.0,1,0,500-1000,0,953.0
8235,tesing interview,Accounting & Finance,2,0,1,0,2022-09-05,1,0,1,1,0,100,1.0,1.0,1.0,0,0,500-1000,0,953.0
8236,Manish,Accounting & Finance,"3,4",0,1,1,2022-09-05,1,0,1,2,1,100,1.0,1.0,1.0,0,0,101-500,0,953.0
8237,tesing interview,Accounting & Finance,2,0,1,0,2022-09-05,1,0,1,1,0,100,1.0,1.0,1.0,0,0,500-1000,0,953.0
8240,Plan Details and Company,Accounting & Finance,15,0,1,1,2022-09-06,1,1,1,2,2,10000,1.0,1.0,1.0,1,0,500-1000,0,952.0
8241,Los Pollos Harmanos,Accounting & Finance,2,0,1,0,2022-09-06,1,0,1,1,0,100,1.0,1.0,1.0,0,0,1-25,0,952.0
8242,Los Pollos Harmanos,Accounting & Finance,2,0,1,0,2022-09-06,1,0,1,1,0,100,1.0,1.0,1.0,0,0,1-25,0,952.0
8243,Los Pollos Harmanos,Accounting & Finance,2,0,1,0,2022-09-06,1,0,1,1,0,100,1.0,1.0,1.0,0,0,1-25,0,952.0
8244,Devendra and Sons,Accounting & Finance,"2,4",0,1,1,2022-09-06,1,0,1,2,1,10000,1.0,1.0,1.0,1,0,101-500,0,952.0
8245,Amarinder and Sons,Accounting & Finance,7,0,1,1,2022-09-06,1,0,1,2,1,10000,1.0,1.0,1.0,1,0,101-500,0,952.0
8246,Gajendra and Co.,Accounting & Finance,73,1,1,1,2022-09-06,1,1,1,2,3,10000,1.0,1.0,1.0,1,0,500-1000,0,952.0
8247,adsas,Accounting & Finance,4,0,1,1,2022-09-06,1,0,1,2,1,100,1.0,1.0,1.0,0,0,101-500,0,952.0
8248,Gajendra and Co.,Accounting & Finance,2,0,1,0,2022-09-06,1,0,1,1,0,100,1.0,1.0,1.0,0,0,500-1000,0,952.0
8249,sri infotech,Accounting & Finance,4,0,1,1,2022-09-06,1,0,1,2,10,10000,1.0,1.0,1.0,1,0,500-1000,0,952.0
8250,Tesing,Accounting & Finance,2,0,1,0,2022-09-07,1,0,1,1,0,100,1.0,1.0,1.0,0,0,More than 1000,0,951.0
8251,Sri infotech,Accounting & Finance,1,0,1,1,2022-09-07,1,0,1,2,1,10000,1.0,1.0,1.0,0,0,101-500,0,951.0
8252,Sri infotech,Accounting & Finance,2,0,1,0,2022-09-07,1,0,1,1,0,100,1.0,1.0,1.0,0,0,101-500,0,951.0
8253,Gajendra and Co.,Accounting & Finance,2,0,1,0,2022-09-08,1,0,1,1,0,100,1.0,1.0,1.0,0,0,500-1000,0,950.0
8254,Jobma,Accounting & Finance,2,0,1,0,2022-09-08,1,0,1,1,0,100,1.0,1.0,1.0,0,0,500-1000,0,950.0
8255,Jobma,Accounting & Finance,2,0,1,0,2022-09-08,1,0,1,1,0,100,1.0,1.0,1.0,0,0,500-1000,0,950.0
8256,Gajendra and Co.,Accounting & Finance,2,0,1,0,2022-09-08,1,0,1,1,0,100,1.0,1.0,1.0,0,0,500-1000,0,950.0
8257,Tesing,Accounting & Finance,2,0,1,0,2022-09-08,1,0,1,1,0,100,1.0,1.0,1.0,0,0,More than 1000,0,950.0
8258,health,Accounting & Finance,2,0,1,0,2022-09-08,1,0,1,1,0,100,1.0,1.0,1.0,0,0,101-500,0,950.0
8259,Tesing,Accounting & Finance,2,0,1,0,2022-09-08,1,0,1,1,0,100,1.0,1.0,1.0,0,0,More than 1000,0,950.0
8260,Tesing,Accounting & Finance,2,0,1,0,2022-09-08,1,0,1,1,0,100,1.0,1.0,1.0,0,0,More than 1000,0,950.0
8261,Tesing,Accounting & Finance,2,0,1,0,2022-09-08,1,0,1,1,0,100,1.0,1.0,1.0,0,0,More than 1000,0,950.0
8262,Tesing,Accounting & Finance,2,0,1,0,2022-09-08,1,0,1,1,0,100,1.0,1.0,1.0,0,0,More than 1000,0,950.0
8263,Tesing,Accounting & Finance,2,0,1,0,2022-09-08,1,0,1,1,0,100,1.0,1.0,1.0,0,0,More than 1000,0,950.0
8264,Tesing,Accounting & Finance,2,0,1,0,2022-09-08,1,0,1,1,0,100,1.0,1.0,1.0,0,0,More than 1000,0,950.0
8265,Tesing,Accounting & Finance,2,0,1,0,2022-09-08,1,0,1,1,0,100,1.0,1.0,1.0,0,0,More than 1000,0,950.0
8266,JomDp,Accounting & Finance,2,0,1,0,2022-09-08,1,0,1,1,0,100,1.0,1.0,1.0,0,0,1-25,0,950.0
8267,Jobma,Accounting & Finance,1,0,1,1,2022-09-09,1,0,1,2,1,100,1.0,1.0,1.0,0,0,101-500,0,949.0
8268,Jobma,Accounting & Finance,2,0,1,0,2022-09-09,1,0,1,1,0,100,1.0,1.0,1.0,0,0,500-1000,0,949.0
8269,Sri infotech,Accounting & Finance,2,0,1,1,2022-09-12,1,0,1,2,10,10000,1.0,30.0,1.0,0,0,1-25,0,946.0
8270,SSI,Accounting & Finance,1,0,1,1,2022-09-12,1,0,1,2,1,100,1.0,1.0,1.0,0,0,26-100,0,946.0
8271,Jobma,Accounting & Finance,1,0,1,1,2022-09-12,1,0,1,2,999,10000,1.0,1.0,1.0,1,0,26-100,0,946.0
8272,Sri,Accounting & Finance,1,0,1,1,2022-09-12,1,0,1,2,10,100,1.0,100.0,1.0,0,0,101-500,0,946.0
8273,Jobma,Accounting & Finance,2,0,1,0,2022-09-12,1,0,1,1,0,100,1.0,1.0,1.0,0,0,500-1000,0,946.0
8274,Sri infotech,Accounting & Finance,1,0,1,1,2022-09-13,1,0,1,2,10,10000,1.0,2.0,1.0,0,0,500-1000,0,945.0
8275,gio,Accounting & Finance,15,0,1,1,2022-09-14,1,0,1,2,1,10000,1.0,1.0,1.0,1,0,26-100,0,944.0
8276,Test NRI,Accounting & Finance,"2,1",0,1,1,2022-09-14,1,0,1,2,1,100,1.0,1.0,1.0,0,0,101-500,0,944.0
8277,gio,Accounting & Finance,2,0,1,0,2022-09-14,1,0,1,1,0,100,1.0,1.0,1.0,0,0,26-100,0,944.0
8278,Test NRI Professional,Accounting & Finance,"73,7",1,1,1,2022-09-14,1,0,1,1,10,100,1.0,1.0,1.0,0,0,101-500,0,944.0
8279,itake,Accounting & Finance,23,0,1,1,2022-09-14,1,0,1,2,1,10000,1.0,1.0,1.0,1,0,1-25,0,944.0
8281,Testing Account Zeb,Accounting & Finance,1,0,1,1,2022-09-14,1,0,1,2,1,10000,1.0,1.0,1.0,0,0,500-1000,0,944.0
8282,Sri infotech,Accounting & Finance,2,0,1,0,2022-09-14,1,0,1,1,0,100,1.0,1.0,1.0,0,0,500-1000,0,944.0
8283,etake,Accounting & Finance,23,0,1,1,2022-09-15,1,0,1,2,10,10000,1.0,1.0,1.0,1,0,1-25,0,943.0
8284,etake,Accounting & Finance,2,0,1,0,2022-09-15,1,0,1,1,0,100,1.0,1.0,1.0,0,0,1-25,0,943.0
8285,testing,Accounting & Finance,1,0,1,1,2022-09-15,1,0,1,2,10,100,1.0,2.0,1.0,0,0,1-25,0,943.0
8286,testing,Accounting & Finance,2,0,1,0,2022-09-15,1,0,1,1,0,100,1.0,1.0,1.0,0,0,1-25,0,943.0
8287,Jobma,Accounting & Finance,4,0,1,1,2022-09-15,1,1,1,2,13,100,1.0,1.0,1.0,0,0,101-500,0,943.0
8288,Jobma,Accounting & Finance,2,0,1,0,2022-09-15,1,0,1,1,0,100,1.0,1.0,1.0,0,0,101-500,0,943.0
8289,Jobma,Accounting & Finance,2,0,1,0,2022-09-15,1,0,1,1,0,100,1.0,1.0,1.0,0,0,101-500,0,943.0
8290,Jobma,Accounting & Finance,2,0,1,0,2022-09-15,1,0,1,1,0,100,1.0,1.0,1.0,0,0,101-500,0,943.0
8291,Jobma,Accounting & Finance,2,0,1,0,2022-09-15,1,0,1,1,0,100,1.0,1.0,1.0,0,0,101-500,0,943.0
8292,Jobma,Accounting & Finance,2,0,1,0,2022-09-15,1,0,1,1,0,100,1.0,1.0,1.0,0,0,101-500,0,943.0
8293,Jobma,Accounting & Finance,2,0,1,0,2022-09-15,1,0,1,1,0,100,1.0,1.0,1.0,0,0,101-500,0,943.0
8294,Jobma,Accounting & Finance,2,0,1,0,2022-09-15,1,0,1,1,0,100,1.0,1.0,1.0,0,0,101-500,0,943.0
8295,Jobma,Accounting & Finance,2,0,1,0,2022-09-15,1,0,1,1,0,100,1.0,1.0,1.0,0,0,101-500,0,943.0
8296,Jobma,Accounting & Finance,2,0,1,0,2022-09-15,1,0,1,1,0,100,1.0,1.0,1.0,0,0,101-500,0,943.0
8297,Jobma,Accounting & Finance,2,0,1,0,2022-09-15,1,0,1,1,0,100,1.0,1.0,1.0,0,0,101-500,0,943.0
8298,Jobma,Accounting & Finance,2,0,1,0,2022-09-15,1,0,1,1,0,100,1.0,1.0,1.0,0,0,101-500,0,943.0
8299,Test Company Pvt. Ltd.,Accounting & Finance,4,0,1,1,2022-09-16,1,0,1,2,1,60,1.0,1.0,1.0,1,0,101-500,0,942.0
8300,Test India,Accounting & Finance,7,0,2,1,2022-09-18,1,0,1,2,10,10000,1.0,1.0,1.0,0,0,500-1000,0,940.0
8301,hayat,Accounting & Finance,2,0,1,1,2022-09-19,1,0,1,2,1,100,1.0,1.0,1.0,0,0,26-100,0,939.0
8302,Test Upcoming interviews and Co.,Accounting & Finance,4,0,1,1,2022-09-19,1,0,1,2,1,100,1.0,1.0,1.0,0,0,500-1000,0,939.0
8303,shah,Accounting & Finance,2,0,1,1,2022-09-19,1,0,1,2,10,10000,1.0,1.0,1.0,1,0,26-100,0,939.0
8304,QAS,Accounting & Finance,2,0,1,1,2022-09-19,1,0,1,2,1,100,1.0,1.0,1.0,0,0,26-100,0,939.0
8305,Tech,Accounting & Finance,23,0,1,1,2022-09-19,1,0,1,2,10,10000,1.0,2.0,1.0,0,0,1-25,0,939.0
8306,testinmgnf,Accounting & Finance,1,0,1,1,2022-09-19,1,0,1,2,1,10000,1.0,1.0,1.0,1,0,1-25,0,939.0
8307,Test Universal,Accounting & Finance,1,0,1,1,2022-09-20,1,0,1,2,1,100,1.0,1.0,1.0,0,0,101-500,0,938.0
8308,TestSolutions and Company,Accounting & Finance,1,0,1,1,2022-09-20,1,1,1,2,10,10000,1.0,100.0,1.0,0,0,101-500,0,938.0
8309,TestSolutions and Company,Accounting & Finance,2,0,1,0,2022-09-20,1,0,1,1,0,100,1.0,1.0,1.0,0,0,101-500,0,938.0
8310,Jobma,Accounting & Finance,2,0,1,0,2022-09-20,1,0,1,1,0,100,1.0,1.0,1.0,0,0,101-500,0,938.0
8311,Test Company,Accounting & Finance,2,0,1,1,2022-09-20,1,1,1,2,2,10000,1.0,1.0,1.0,1,0,26-100,0,938.0
8312,Test Company,Accounting & Finance,2,0,1,0,2022-09-20,1,0,1,1,0,100,1.0,1.0,1.0,0,0,26-100,0,938.0
8313,Test Company,Accounting & Finance,2,0,1,0,2022-09-20,1,0,1,1,0,100,1.0,1.0,1.0,0,0,26-100,0,938.0
8314,test pvt ltd,Accounting & Finance,2,0,1,1,2022-09-20,1,0,1,2,999,100,1.0,1.0,1.0,0,0,101-500,0,938.0
8315,test pvt ltd,Accounting & Finance,2,0,1,0,2022-09-20,1,0,1,1,0,100,1.0,1.0,1.0,0,0,101-500,0,938.0
8316,Testing523indian,Accounting & Finance,4,0,1,1,2022-09-20,1,0,1,2,1,10000,1.0,1.0,1.0,1,0,26-100,0,938.0
8317,Testingnri 523,Accounting & Finance,4,0,1,1,2022-09-20,1,0,1,2,1,100,1.0,1.0,1.0,0,0,101-500,0,938.0
8318,Testingpopups12@yopmail.com,Accounting & Finance,3,0,1,1,2022-09-21,1,1,1,1,3,100,1.0,1.0,1.0,0,0,26-100,0,937.0
8319,Testingpopupsindian,Accounting & Finance,"3,4",0,1,1,2022-09-21,1,0,1,2,1,10000,1.0,1.0,1.0,1,0,101-500,0,937.0
8320,TestingIndianuserpopups12@yopmail.com,Accounting & Finance,"3,4",0,1,1,2022-09-21,1,1,1,1,26,10000,1.0,1.0,1.0,1,0,101-500,0,937.0
8321,Testing Account Zeb,Accounting & Finance,2,0,1,0,2022-09-21,1,0,1,1,0,100,1.0,1.0,1.0,0,0,500-1000,0,937.0
8322,Testingenterpriseuserind,Accounting & Finance,"3,4",0,1,1,2022-09-21,1,0,1,2,10,10000,1.0,1.0,1.0,1,0,101-500,0,937.0
8323,Testing NRI enterprise,Accounting & Finance,4,0,1,1,2022-09-21,1,1,1,2,1,100,1.0,1.0,1.0,0,0,500-1000,0,937.0
8324,Test India,Accounting & Finance,2,0,1,0,2022-09-21,1,0,1,1,0,100,1.0,1.0,1.0,0,0,500-1000,0,937.0
8325,Testingpopups12@yopmail.com,Accounting & Finance,2,0,1,0,2022-09-22,1,0,1,1,0,100,1.0,1.0,1.0,0,0,26-100,0,936.0
8326,JOBMA,Accounting & Finance,2,0,1,0,2022-09-22,1,0,1,1,0,100,1.0,1.0,1.0,0,0,101-500,0,936.0
8327,JOBMA,Accounting & Finance,2,0,1,0,2022-09-22,1,0,1,1,0,100,1.0,1.0,1.0,0,0,101-500,0,936.0
8328,JOBMA,Accounting & Finance,2,0,1,0,2022-09-22,1,0,1,1,0,100,1.0,1.0,1.0,0,0,101-500,0,936.0
8329,Test Co. Pvt. Ltd.,Accounting & Finance,2,0,1,0,2022-09-22,1,0,1,1,0,100,1.0,1.0,1.0,0,0,26-100,0,936.0
8330,Test Co. Pvt. Ltd.,Accounting & Finance,2,0,1,0,2022-09-22,1,0,1,1,0,100,1.0,1.0,1.0,0,0,26-100,0,936.0
8331,Test Co. Pvt. Ltd.,Accounting & Finance,2,0,1,0,2022-09-22,1,0,1,1,0,100,1.0,1.0,1.0,0,0,26-100,0,936.0
8332,Test Co. Pvt. Ltd.,Accounting & Finance,2,0,1,0,2022-09-22,1,0,1,1,0,100,1.0,1.0,1.0,0,0,26-100,0,936.0
8333,Test Co. Pvt. Ltd.,Accounting & Finance,2,0,1,0,2022-09-22,1,0,1,1,0,100,1.0,1.0,1.0,0,0,26-100,0,936.0
8334,Test Co. Pvt. Ltd.,Accounting & Finance,2,0,1,0,2022-09-22,1,0,1,1,0,100,1.0,1.0,1.0,0,0,26-100,0,936.0
8335,Test Co. Pvt. Ltd.,Accounting & Finance,2,0,1,0,2022-09-22,1,0,1,1,0,100,1.0,1.0,1.0,0,0,26-100,0,936.0
8336,Test Co. Pvt. Ltd.,Accounting & Finance,2,0,1,0,2022-09-22,1,0,1,1,0,100,1.0,1.0,1.0,0,0,26-100,0,936.0
8337,Test Co. Pvt. Ltd.,Accounting & Finance,2,0,1,0,2022-09-22,1,0,1,1,0,100,1.0,1.0,1.0,0,0,26-100,0,936.0
8338,Test Co. Pvt. Ltd.,Accounting & Finance,2,0,1,0,2022-09-22,1,0,1,1,0,100,1.0,1.0,1.0,0,0,26-100,0,936.0
8339,Test Private Company,Accounting & Finance,72,1,1,1,2022-09-22,1,1,1,2,11,100,1.0,1.0,1.0,0,0,500-1000,0,936.0
8340,Test Private Company,Accounting & Finance,2,0,1,0,2022-09-22,1,0,1,1,0,100,1.0,1.0,1.0,0,0,500-1000,0,936.0
8341,Test Private Company,Accounting & Finance,2,0,1,0,2022-09-22,1,0,1,1,0,100,1.0,1.0,1.0,0,0,500-1000,0,936.0
8342,Test Private Company,Accounting & Finance,2,0,1,0,2022-09-22,1,0,1,1,0,100,1.0,1.0,1.0,0,0,500-1000,0,936.0
8343,Test Private Company,Accounting & Finance,2,0,1,0,2022-09-22,1,0,1,1,0,100,1.0,1.0,1.0,0,0,500-1000,0,936.0
8344,Test Private Company,Accounting & Finance,2,0,1,0,2022-09-22,1,0,1,1,0,100,1.0,1.0,1.0,0,0,500-1000,0,936.0
8345,Test Private Company,Accounting & Finance,2,0,1,0,2022-09-22,1,0,1,1,0,100,1.0,1.0,1.0,0,0,500-1000,0,936.0
8346,Test Private Company,Accounting & Finance,2,0,1,0,2022-09-22,1,0,1,1,0,100,1.0,1.0,1.0,0,0,500-1000,0,936.0
8347,Test Private Company,Accounting & Finance,2,0,1,0,2022-09-22,1,0,1,1,0,100,1.0,1.0,1.0,0,0,500-1000,0,936.0
8348,Test Private Company,Accounting & Finance,2,0,1,0,2022-09-22,1,0,1,1,0,100,1.0,1.0,1.0,0,0,500-1000,0,936.0
8349,Test Private Company,Accounting & Finance,2,0,1,0,2022-09-22,1,0,1,1,0,100,1.0,1.0,1.0,0,0,500-1000,0,936.0
8350,Test Private Company,Accounting & Finance,2,0,1,0,2022-09-22,1,0,1,1,0,100,1.0,1.0,1.0,0,0,500-1000,0,936.0
8351,Test Private Company,Accounting & Finance,3,0,1,1,2022-09-22,1,1,1,1,12,100,1.0,1.0,1.0,0,0,26-100,0,936.0
8352,Test Private Company,Accounting & Finance,2,0,1,0,2022-09-22,1,0,1,1,0,100,1.0,1.0,1.0,0,0,26-100,0,936.0
8353,Test Private Company,Accounting & Finance,2,0,1,0,2022-09-22,1,0,1,1,0,100,1.0,1.0,1.0,0,0,26-100,0,936.0
8354,Test Private Company,Accounting & Finance,2,0,1,0,2022-09-22,1,0,1,1,0,100,1.0,1.0,1.0,0,0,26-100,0,936.0
8355,Test Private Company,Accounting & Finance,2,0,1,0,2022-09-22,1,0,1,1,0,100,1.0,1.0,1.0,0,0,26-100,0,936.0
8356,Test Private Company,Accounting & Finance,2,0,1,0,2022-09-22,1,0,1,1,0,100,1.0,1.0,1.0,0,0,26-100,0,936.0
8357,Test Private Company,Accounting & Finance,2,0,1,0,2022-09-22,1,0,1,1,0,100,1.0,1.0,1.0,0,0,26-100,0,936.0
8358,Test Private Company,Accounting & Finance,2,0,1,0,2022-09-22,1,0,1,1,0,100,1.0,1.0,1.0,0,0,26-100,0,936.0
8359,Test Private Company,Accounting & Finance,2,0,1,0,2022-09-22,1,0,1,1,0,100,1.0,1.0,1.0,0,0,26-100,0,936.0
8360,Test Private Company,Accounting & Finance,2,0,1,0,2022-09-22,1,0,1,1,0,100,1.0,1.0,1.0,0,0,26-100,0,936.0
8361,Test Private Company,Accounting & Finance,2,0,1,0,2022-09-22,1,0,1,1,0,100,1.0,1.0,1.0,0,0,26-100,0,936.0
8362,Test Private Company,Accounting & Finance,2,0,1,0,2022-09-22,1,0,1,1,0,100,1.0,1.0,1.0,0,0,26-100,0,936.0
8363,Test Virendra and Co.,Accounting & Finance,4,0,1,1,2022-09-22,1,0,1,2,1,100,1.0,1.0,1.0,0,0,101-500,0,936.0
8364,Test Virendra and Co.,Accounting & Finance,2,0,1,0,2022-09-22,1,0,1,1,0,100,1.0,1.0,1.0,0,0,101-500,0,936.0
8365,Test Company Pvt Ltd,Accounting & Finance,2,0,1,0,2022-09-22,1,0,1,1,0,100,1.0,1.0,1.0,0,0,500-1000,0,936.0
8366,Test Company Pvt Ltd,Accounting & Finance,2,0,1,0,2022-09-22,1,0,1,1,0,100,1.0,1.0,1.0,0,0,500-1000,0,936.0
8367,Test Company Pvt Ltd,Accounting & Finance,2,0,1,0,2022-09-22,1,0,1,1,0,100,1.0,1.0,1.0,0,0,500-1000,0,936.0
8368,Test Company Pvt Ltd,Accounting & Finance,2,0,1,0,2022-09-22,1,0,1,1,0,100,1.0,1.0,1.0,0,0,500-1000,0,936.0
8369,Test Company Pvt Ltd,Accounting & Finance,2,0,1,0,2022-09-22,1,0,1,1,0,100,1.0,1.0,1.0,0,0,500-1000,0,936.0
8370,Test Company Pvt Ltd,Accounting & Finance,2,0,1,0,2022-09-22,1,0,1,1,0,100,1.0,1.0,1.0,0,0,500-1000,0,936.0
8371,Test Company Pvt Ltd,Accounting & Finance,2,0,1,0,2022-09-22,1,0,1,1,0,100,1.0,1.0,1.0,0,0,500-1000,0,936.0
8372,Test Company Pvt Ltd,Accounting & Finance,2,0,1,0,2022-09-22,1,0,1,1,0,100,1.0,1.0,1.0,0,0,500-1000,0,936.0
8373,Test Company Pvt Ltd,Accounting & Finance,2,0,1,0,2022-09-22,1,0,1,1,0,100,1.0,1.0,1.0,0,0,500-1000,0,936.0
8374,Test Company Pvt Ltd,Accounting & Finance,2,0,1,0,2022-09-22,1,0,1,1,0,100,1.0,1.0,1.0,0,0,500-1000,0,936.0
8375,Test Private Company,Accounting & Finance,72,1,1,1,2022-09-23,1,1,1,2,53,100,1.0,1.0,1.0,0,0,101-500,0,935.0
8376,Test Private Company,Accounting & Finance,2,0,1,0,2022-09-23,1,0,1,1,0,100,1.0,1.0,1.0,0,0,101-500,0,935.0
8377,Test Private Company,Accounting & Finance,2,0,1,0,2022-09-23,1,0,1,1,0,100,1.0,1.0,1.0,0,0,101-500,0,935.0
8378,Test Private Company,Accounting & Finance,2,0,1,0,2022-09-23,1,0,1,1,0,100,1.0,1.0,1.0,0,0,101-500,0,935.0
8379,Test Private Company,Accounting & Finance,2,0,1,0,2022-09-23,1,0,1,1,0,100,1.0,1.0,1.0,0,0,101-500,0,935.0
8380,Test Private Company,Accounting & Finance,2,0,1,0,2022-09-23,1,0,1,1,0,100,1.0,1.0,1.0,0,0,101-500,0,935.0
8381,Test Private Company,Accounting & Finance,2,0,1,0,2022-09-23,1,0,1,1,0,100,1.0,1.0,1.0,0,0,101-500,0,935.0
8382,Test Private Company,Accounting & Finance,2,0,1,0,2022-09-23,1,0,1,1,0,100,1.0,1.0,1.0,0,0,101-500,0,935.0
8383,Test Private Company,Accounting & Finance,2,0,1,0,2022-09-23,1,0,1,1,0,100,1.0,1.0,1.0,0,0,101-500,0,935.0
8384,Test Private Company,Accounting & Finance,2,0,1,0,2022-09-23,1,0,1,1,0,100,1.0,1.0,1.0,0,0,101-500,0,935.0
8385,Test Private Company,Accounting & Finance,2,0,1,0,2022-09-23,1,0,1,1,0,100,1.0,1.0,1.0,0,0,101-500,0,935.0
8386,Test Private Company,Accounting & Finance,2,0,1,0,2022-09-23,1,0,1,1,0,100,1.0,1.0,1.0,0,0,101-500,0,935.0
8387,To The New,Accounting & Finance,2,0,1,1,2022-09-23,1,0,1,2,1,10000,1.0,1.0,1.0,1,0,26-100,0,935.0
8388,scrum,Accounting & Finance,2,0,1,1,2022-09-23,1,0,1,2,999,100,1.0,1.0,1.0,1,0,500-1000,0,935.0
8389,Test Puneet and Company,Accounting & Finance,4,0,1,1,2022-09-26,1,0,1,2,23,100,1.0,1.0,1.0,0,0,101-500,0,932.0
8390,SSI,Accounting & Finance,2,0,1,1,2022-09-26,1,0,1,1,2,60,1.0,1.0,1.0,1,0,26-100,0,932.0
8391,Tesing,Accounting & Finance,2,0,1,0,2022-09-26,1,0,1,1,0,100,1.0,1.0,1.0,0,0,More than 1000,0,932.0
8392,JomDp,Accounting & Finance,2,0,1,0,2022-09-27,1,0,1,1,0,100,1.0,1.0,1.0,0,0,1-25,0,931.0
8393,JomDp,Accounting & Finance,2,0,1,0,2022-09-27,1,0,1,1,0,100,1.0,1.0,1.0,0,0,1-25,0,931.0
8394,JomDp,Accounting & Finance,2,0,1,0,2022-09-27,1,0,1,1,0,100,1.0,1.0,1.0,0,0,1-25,0,931.0
8395,Test Private Company,Accounting & Finance,2,0,1,0,2022-09-27,1,0,1,1,0,100,1.0,1.0,1.0,0,0,26-100,0,931.0
8396,Test Private Company,Accounting & Finance,3,0,1,1,2022-09-27,1,1,1,2,22,100,1.0,1.0,1.0,0,0,1-25,0,931.0
8397,Test Private Company,Accounting & Finance,2,0,1,0,2022-09-27,1,0,1,1,0,100,1.0,1.0,1.0,0,0,1-25,0,931.0
8398,Test Private Company,Accounting & Finance,2,0,1,0,2022-09-27,1,0,1,1,0,100,1.0,1.0,1.0,0,0,1-25,0,931.0
8399,Test Private Company,Accounting & Finance,2,0,1,0,2022-09-27,1,0,1,1,0,100,1.0,1.0,1.0,0,0,1-25,0,931.0
8400,Test Private Company,Accounting & Finance,2,0,1,0,2022-09-27,1,0,1,1,0,100,1.0,1.0,1.0,0,0,1-25,0,931.0
8401,Test Private Company,Accounting & Finance,2,0,1,0,2022-09-27,1,0,1,1,0,100,1.0,1.0,1.0,0,0,1-25,0,931.0
8402,Test Private Company,Accounting & Finance,2,0,1,0,2022-09-27,1,0,1,1,0,100,1.0,1.0,1.0,0,0,1-25,0,931.0
8403,Test Private Company,Accounting & Finance,2,0,1,0,2022-09-27,1,0,1,1,0,100,1.0,1.0,1.0,0,0,1-25,0,931.0
8404,Test Private Company,Accounting & Finance,2,0,1,0,2022-09-27,1,0,1,1,0,100,1.0,1.0,1.0,0,0,1-25,0,931.0
8405,Test Private Company,Accounting & Finance,2,0,1,0,2022-09-27,1,0,1,1,0,100,1.0,1.0,1.0,0,0,1-25,0,931.0
8406,Test Private Company,Accounting & Finance,2,0,1,0,2022-09-27,1,0,1,1,0,100,1.0,1.0,1.0,0,0,1-25,0,931.0
8407,Test Private Company,Accounting & Finance,2,0,1,0,2022-09-27,1,0,1,1,0,100,1.0,1.0,1.0,0,0,1-25,0,931.0
8408,Test Private Company,Accounting & Finance,2,0,1,0,2022-09-27,1,0,1,1,0,100,1.0,1.0,1.0,0,0,1-25,0,931.0
8409,Test Private Company,Accounting & Finance,2,0,1,0,2022-09-27,1,0,1,1,0,100,1.0,1.0,1.0,0,0,1-25,0,931.0
8410,Test Private Company,Accounting & Finance,2,0,1,0,2022-09-27,1,0,1,1,0,100,1.0,1.0,1.0,0,0,1-25,0,931.0
8411,Test India,Accounting & Finance,2,0,1,0,2022-09-27,1,0,1,1,0,100,1.0,1.0,1.0,0,0,500-1000,0,931.0
8412,Test Private Company,Accounting & Finance,3,0,1,1,2022-09-27,1,1,1,1,22,10000,1.0,1.0,1.0,1,0,101-500,0,931.0
8413,Test Private Company,Accounting & Finance,2,0,1,0,2022-09-27,1,0,1,1,0,100,1.0,1.0,1.0,0,0,101-500,0,931.0
8414,Test Private Company,Accounting & Finance,2,0,1,0,2022-09-27,1,0,1,1,0,100,1.0,1.0,1.0,0,0,101-500,0,931.0
8415,Test Private Company,Accounting & Finance,2,0,1,0,2022-09-27,1,0,1,1,0,100,1.0,1.0,1.0,0,0,101-500,0,931.0
8416,Test Private Company,Accounting & Finance,2,0,1,0,2022-09-27,1,0,1,1,0,100,1.0,1.0,1.0,0,0,101-500,0,931.0
8417,Test Private Company,Accounting & Finance,2,0,1,0,2022-09-27,1,0,1,1,0,100,1.0,1.0,1.0,0,0,101-500,0,931.0
8418,Test Private Company,Accounting & Finance,2,0,1,0,2022-09-27,1,0,1,1,0,100,1.0,1.0,1.0,0,0,101-500,0,931.0
8419,Test Private Company,Accounting & Finance,2,0,1,0,2022-09-27,1,0,1,1,0,100,1.0,1.0,1.0,0,0,101-500,0,931.0
8420,Test Private Company,Accounting & Finance,2,0,1,0,2022-09-27,1,0,1,1,0,100,1.0,1.0,1.0,0,0,101-500,0,931.0
8421,Test Private Company,Accounting & Finance,2,0,1,0,2022-09-27,1,0,1,1,0,100,1.0,1.0,1.0,0,0,101-500,0,931.0
8422,Test Private Company,Accounting & Finance,2,0,1,0,2022-09-27,1,0,1,1,0,100,1.0,1.0,1.0,0,0,101-500,0,931.0
8423,Test Private Company,Accounting & Finance,2,0,1,0,2022-09-27,1,0,1,1,0,100,1.0,1.0,1.0,0,0,101-500,0,931.0
8424,Test Private Company,Accounting & Finance,2,0,1,0,2022-09-27,1,0,1,1,0,100,1.0,1.0,1.0,0,0,101-500,0,931.0
8425,Test Private Company,Accounting & Finance,2,0,1,0,2022-09-27,1,0,1,1,0,100,1.0,1.0,1.0,0,0,101-500,0,931.0
8426,SSI,Accounting & Finance,1,0,1,1,2022-10-04,1,0,1,2,999,10000,1.0,1.0,1.0,1,0,1-25,0,924.0
8427,SSI,Accounting & Finance,1,0,1,1,2022-10-04,1,0,1,2,999,10000,1.0,1.0,1.0,1,0,1-25,0,924.0
8428,eshop,Accounting & Finance,23,0,1,1,2022-10-04,1,0,1,2,1,10000,1.0,1.0,1.0,1,0,1-25,0,924.0
8429,SSI,Accounting & Finance,1,0,1,1,2022-10-04,1,0,1,2,999,10000,1.0,1.0,1.0,1,0,26-100,0,924.0
8430,HighTech,Accounting & Finance,23,0,1,1,2022-10-04,1,0,1,2,1,10000,1.0,2.0,1.0,0,0,1-25,0,924.0
8431,Job Tech,Accounting & Finance,1,0,1,1,2022-10-04,1,0,1,2,999,10000,1.0,1.0,1.0,1,0,1-25,0,924.0
8432,SSI,Accounting & Finance,1,0,1,1,2022-10-10,1,0,1,2,999,10000,1.0,1.0,1.0,1,0,1-25,0,918.0
8433,jispel,Accounting & Finance,1,0,1,1,2022-10-10,1,0,1,2,1,100,1.0,1.0,1.0,0,0,1-25,0,918.0
8434,gilak,Accounting & Finance,2,0,1,1,2022-10-12,1,0,1,2,1,100,1.0,1.0,1.0,0,0,1-25,0,916.0
8435,Jobma,Accounting & Finance,1,0,1,1,2022-10-13,1,0,1,2,999,10000,1.0,1.0,1.0,1,0,1-25,0,915.0
8436,Verified First,Accounting & Finance,85,1,1,1,2022-10-13,1,0,1,2,999,100,1.0,1.0,1.0,0,0,26-100,0,915.0
8437,satya info,Accounting & Finance,23,0,1,1,2022-10-17,1,0,1,1,1,10000,1.0,20.0,1.0,1,0,1-25,0,911.0
8438,JOBMA,Accounting & Finance,1,0,1,1,2022-10-19,1,0,1,2,1,10000,1.0,1.0,1.0,1,0,26-100,0,909.0
8439,SSI,Accounting & Finance,3,0,1,1,2022-10-19,1,0,1,2,1,10000,1.0,1.0,1.0,1,0,More than 1000,0,909.0
8440,Testing Route,Accounting & Finance,"7,10",0,1,1,2022-10-19,1,0,1,2,1,10000,1.0,1.0,1.0,1,0,101-500,0,909.0
8441,JOBMASSI,Accounting & Finance,79,0,1,1,2022-10-20,1,0,1,2,999,10000,1.0,1.0,1.0,1,0,26-100,0,908.0
8442,Jobma,Accounting & Finance,124,0,1,1,2022-10-20,1,0,1,2,10,10000,1.0,1.0,1.0,1,0,500-1000,0,908.0
8443,JOBMASSI7,Accounting & Finance,1,0,1,1,2022-10-20,1,0,1,2,999,10000,1.0,1.0,1.0,1,0,26-100,0,908.0
8444,jobma,Accounting & Finance,1,0,1,1,2022-10-26,1,0,1,2,1,100,1.0,1.0,1.0,0,0,26-100,0,902.0
8445,jobma,Accounting & Finance,1,0,1,1,2022-10-26,1,0,1,2,1,10000,1.0,1.0,1.0,1,0,26-100,0,902.0
8446,jobma,Accounting & Finance,1,0,1,1,2022-10-26,1,0,1,2,10,10000,1.0,1.0,1.0,1,0,1-25,0,902.0
8447,JomDp,Accounting & Finance,2,0,1,0,2022-10-26,1,0,1,1,0,100,1.0,1.0,1.0,0,0,1-25,0,902.0
8448,jobma,Accounting & Finance,1,0,1,1,2022-10-26,1,0,1,2,1,100,1.0,1.0,1.0,0,0,1-25,0,902.0
8450,Sri infotech,Accounting & Finance,2,0,1,1,2022-11-04,1,0,1,2,1,100,1.0,1.0,1.0,0,0,101-500,0,893.0
8451,JOBMA,Accounting & Finance,26,0,1,1,2022-11-08,1,0,1,1,999,10000,1.0,1.0,1.0,1,0,500-1000,0,889.0
8452,JOBMA,Accounting & Finance,2,0,1,0,2022-11-08,1,0,1,1,0,100,1.0,1.0,1.0,0,0,500-1000,0,889.0
8453,Jobma LLC,Accounting & Finance,72,1,1,1,2022-11-10,1,0,1,2,10,100,1.0,1.0,1.0,0,0,101-500,0,887.0
8458,Hiring Thing,Accounting & Finance,101,1,1,1,2022-11-17,1,0,1,2,10,100,1.0,1.0,1.0,0,0,101-500,0,880.0
8460,itake,Accounting & Finance,2,0,1,1,2022-11-18,1,0,1,1,1,10000,1.0,1.0,1.0,1,0,101-500,0,879.0
8461,ssi,Accounting & Finance,72,1,1,1,2022-11-18,1,1,1,2,2,10000,1.0,1.0,1.0,1,0,500-1000,0,879.0
8462,TRE,Accounting & Finance,72,1,1,1,2022-11-18,1,1,1,1,2,100,1.0,1.0,1.0,0,0,26-100,0,879.0
8463,Loki Inc,Accounting & Finance,23,0,1,1,2022-11-21,1,0,1,2,1,10000,1.0,1.0,1.0,1,0,1-25,0,876.0
8464,Jobma,Accounting & Finance,231,1,1,1,2022-11-22,1,0,1,1,999,100,1.0,1.0,1.0,0,200,1-25,1,875.0
8465,qwerty,Accounting & Finance,2,0,1,1,2022-11-22,1,0,1,2,1009,100,1.0,1.0,1.0,0,0,1-25,0,875.0
8466,shah,Accounting & Finance,2,0,1,0,2022-11-24,1,0,1,1,0,100,1.0,1.0,1.0,0,0,26-100,0,873.0
8467,Morgan Group of Industries,Accounting & Finance,4,0,1,1,2022-11-29,1,0,1,2,11,100,1.0,1.0,1.0,0,0,500-1000,0,868.0
8468,JobAdder,Accounting & Finance,101,6,2,1,2022-12-02,1,0,1,2,999,100,1.0,1.0,1.0,0,0,500-1000,0,865.0
8469,ArturoReman Corporations.,Accounting & Finance,3,0,1,1,2022-12-04,1,0,1,2,1,10000,1.0,1.0,1.0,1,0,101-500,0,863.0
8470,ArturoReman Corporations.,Accounting & Finance,2,0,1,0,2022-12-05,1,0,1,1,0,100,1.0,1.0,1.0,0,0,101-500,0,862.0
8471,Massachusetts Institute of Technology,Accounting & Finance,2,0,1,0,2022-12-05,1,0,1,2,0,100,1.0,1.0,1.0,0,0,500-1000,0,862.0
8473,itake,Accounting & Finance,2,0,1,0,2022-12-07,1,0,1,1,0,100,1.0,1.0,1.0,0,0,101-500,0,860.0
8474,SSSI,Accounting & Finance,1,0,1,1,2022-12-09,1,0,1,2,1000,60,1.0,1.0,1.0,1,0,26-100,0,858.0
8475,Jackon,Accounting & Finance,2,0,1,0,2022-12-14,1,0,1,1,0,100,1.0,1.0,1.0,0,0,1-25,0,853.0
8476,Morgan Group of Industries,Accounting & Finance,2,0,1,0,2022-12-16,1,0,1,1,0,100,1.0,1.0,1.0,0,0,500-1000,0,851.0
8477,Sri infotech,Accounting & Finance,3,0,1,1,2022-12-22,1,0,1,2,1,100,1.0,1.0,1.0,0,0,1-25,0,845.0
8478,Sri infotech,Accounting & Finance,2,0,1,0,2022-12-26,1,0,1,1,0,100,1.0,1.0,1.0,0,0,1-25,0,841.0
8479,Sri infotech,Accounting & Finance,4,0,1,1,2022-12-27,1,0,1,1,999,100,1.0,1.0,1.0,0,0,500-1000,0,840.0
8480,Jobma,Accounting & Finance,231,1,1,1,2023-01-11,1,0,1,2,10,100,1.0,1.0,1.0,0,0,1-25,0,825.0
8481,Select source,Accounting & Finance,23,0,1,1,2023-01-16,1,0,1,2,999,10000,1.0,1.0,1.0,1,0,101-500,0,820.0
8482,"Trent Design, Inc",Accounting & Finance,51,1,1,1,2023-01-18,1,0,1,2,1,100,1.0,1.0,1.0,0,0,101-500,0,818.0
8483,Test_Jobma,Accounting & Finance,1,0,1,1,2023-01-24,1,0,1,2,66,100,1.0,2.0,1.0,0,0,26-100,0,812.0
8484,Jobma,Accounting & Finance,231,1,1,1,2023-01-25,1,0,1,2,10,10000,1.0,1.0,1.0,1,0,1-25,0,811.0
8485,Freelance.com,Accounting & Finance,2,0,1,1,2023-01-27,1,0,1,2,1,100,1.0,1.0,1.0,0,0,1-25,0,809.0
8486,theme,Accounting & Finance,231,1,1,1,2023-01-27,1,0,1,2,1,100,1.0,1.0,1.0,0,0,1-25,0,809.0
8487,Testing Dev regression,Accounting & Finance,1,0,1,1,2023-01-27,1,0,1,1,1,100,1.0,1.0,1.0,0,0,500-1000,0,809.0
8488,hhfhhf,Accounting & Finance,1,0,1,1,2023-01-27,1,1,1,2,14,10000,1.0,1.0,1.0,1,0,1-25,0,809.0
8489,user,Accounting & Finance,1,0,1,1,2023-01-27,1,1,1,1,14,100,1.0,1.0,1.0,0,0,1-25,0,809.0
8490,asdkgasd,Accounting & Finance,1,0,1,1,2023-01-27,1,1,1,2,110,100,1.0,1.0,1.0,0,0,1-25,0,809.0
8491,sgdsgs,Accounting & Finance,1,0,1,1,2023-01-31,1,0,1,2,1,100,1.0,1.0,1.0,0,0,1-25,0,805.0
8492,sri infotech,Accounting & Finance,1,0,1,1,2023-01-31,1,0,1,2,11,100,1.0,1.0,1.0,0,0,1-25,0,805.0
8493,jobma,Accounting & Finance,1,0,1,1,2023-02-01,1,0,1,2,999,10000,1.0,1.0,1.0,1,0,1-25,0,804.0
8494,jobma,Accounting & Finance,1,0,1,1,2023-02-01,1,0,1,2,999,10000,1.0,1.0,1.0,1,0,26-100,0,804.0
8495,jobma,Accounting & Finance,1,0,1,1,2023-02-01,1,0,1,2,999,10000,1.0,1.0,1.0,1,0,1-25,0,804.0
8496,jobma,Accounting & Finance,1,0,1,1,2023-02-01,1,0,1,2,999,10000,1.0,1.0,1.0,1,0,1-25,0,804.0
8497,jobma,Accounting & Finance,1,0,1,1,2023-02-01,1,0,1,2,1000,60,1.0,1.0,1.0,1,0,1-25,0,804.0
8498,jobma,Accounting & Finance,1,0,1,1,2023-02-01,1,0,1,2,1,10000,1.0,1.0,1.0,1,0,1-25,0,804.0
8499,jobma,Accounting & Finance,1,0,1,1,2023-02-01,1,0,1,2,999,100,1.0,1.0,1.0,0,0,1-25,0,804.0
8500,jobma,Accounting & Finance,1,0,1,1,2023-02-01,1,0,1,1,1001,100,1.0,1.0,1.0,0,0,1-25,0,804.0
8501,jobma,Accounting & Finance,1,0,1,1,2023-02-01,1,0,1,2,1,100,1.0,1.0,1.0,0,0,1-25,0,804.0
8502,jobma,Accounting & Finance,1,0,1,1,2023-02-01,1,0,1,2,1,10000,1.0,1.0,1.0,1,0,1-25,0,804.0
8503,jobma,Accounting & Finance,1,0,1,1,2023-02-09,1,0,1,2,1,100,1.0,1.0,1.0,0,0,1-25,0,796.0
8504,jobma,Accounting & Finance,1,0,1,1,2023-02-09,1,0,1,2,1,100,1.0,1.0,1.0,0,0,1-25,0,796.0
8505,jobma,Accounting & Finance,1,0,1,1,2023-02-09,1,0,1,2,1,100,1.0,1.0,1.0,0,0,1-25,0,796.0
8506,jobma,Accounting & Finance,1,0,1,1,2023-02-09,1,0,1,2,1,10000,1.0,1.0,1.0,1,0,1-25,0,796.0
8507,jobma,Accounting & Finance,1,0,1,1,2023-02-09,1,0,1,2,1,100,1.0,1.0,1.0,0,0,1-25,0,796.0
8508,jobma,Accounting & Finance,2,0,1,1,2023-02-09,1,0,1,2,1,100,1.0,1.0,1.0,0,0,26-100,0,796.0
8509,jobma,Accounting & Finance,1,0,1,1,2023-02-09,1,0,1,2,1,10000,1.0,1.0,1.0,1,0,1-25,0,796.0
8510,jobma,Accounting & Finance,1,0,1,1,2023-02-10,1,0,1,2,999,100,1.0,1.0,1.0,0,0,1-25,0,795.0
8511,Jobma,Accounting & Finance,73,1,1,1,2023-02-23,1,0,1,2,10,100,1.0,1.0,1.0,0,0,1-25,0,782.0
8512,lever Integrations,Accounting & Finance,36,1,1,1,2023-03-15,1,0,1,2,999,100,1.0,3.0,1.0,0,0,500-1000,0,762.0
8513,LEVER ATS,Accounting & Finance,73,1,1,1,2023-03-22,1,0,1,2,1,100,1.0,1.0,1.0,0,0,101-500,0,755.0
8514,Lever Corp.,Accounting & Finance,1,0,1,1,2023-03-23,1,0,1,2,1,100,1.0,1.0,1.0,0,0,101-500,0,754.0
8515,lever.com,Accounting & Finance,",1",0,1,1,2023-03-23,1,0,1,2,1,100,1.0,1.0,1.0,0,0,26-100,0,754.0
8516,Clay HR,Accounting & Finance,241,1,1,1,2023-03-31,1,0,1,2,1,100,1.0,1.0,1.0,0,0,1-25,0,746.0
8517,SSI,Accounting & Finance,74,1,1,1,2023-04-07,1,0,1,2,10,10000,1.0,1.0,1.0,1,0,1-25,0,739.0
8518,SSI,Accounting & Finance,74,1,1,1,2023-04-07,1,0,1,2,999,10000,1.0,1.0,1.0,1,0,More than 1000,0,739.0
8519,Lever,Accounting & Finance,36,1,2,1,2023-04-07,1,0,1,2,999,100,1.0,1.0,1.0,0,0,500-1000,0,739.0
8520,lever,Accounting & Finance,36,1,2,1,2023-04-07,1,0,1,2,999,100,1.0,1.0,1.0,0,0,500-1000,0,739.0
8521,SSI,Accounting & Finance,73,1,1,1,2023-04-10,1,0,1,2,10,10000,1.0,3.0,1.0,1,0,500-1000,0,736.0
8522,Dev Enterprise,Accounting & Finance,75,1,1,1,2023-04-12,1,0,1,2,999,100,1.0,2.0,1.0,0,0,500-1000,0,734.0
8523,JOBMASSI7,Accounting & Finance,73,1,1,1,2023-04-12,1,0,1,2,999,10000,1.0,1.0,1.0,1,0,More than 1000,0,734.0
8524,23,Accounting & Finance,"231,72",1,1,1,2023-04-13,1,0,1,2,999,100,1.0,1.0,1.0,0,0,101-500,0,733.0
8525,SSI,Accounting & Finance,72,1,1,1,2023-04-13,1,0,0,2,999,10000,1.0,1.0,1.0,1,0,1-25,0,733.0
8526,SSI,Accounting & Finance,1,0,1,1,2023-04-13,1,0,1,2,999,100,1.0,1.0,1.0,0,0,26-100,0,733.0
8527,SSA,Accounting & Finance,",1",0,1,1,2023-04-13,1,0,1,2,999,100,1.0,1.0,1.0,0,0,500-1000,0,733.0
8528,CATS,Accounting & Finance,36,0,1,1,2023-04-20,1,0,1,2,999,100,1.0,1.0,1.0,0,0,500-1000,0,726.0
8530,jobma,Accounting & Finance,1,0,1,1,2023-06-21,1,0,1,1,999,100,1.0,1.0,1.0,0,0,26-100,0,664.0
8531,jobma,Accounting & Finance,2,0,1,1,2023-06-21,1,0,1,1,999,100,1.0,1.0,1.0,0,0,26-100,0,664.0
8532,jobma,Accounting & Finance,1,0,1,1,2023-06-21,1,0,1,1,999,100,1.0,1.0,1.0,0,0,101-500,0,664.0
8533,jobma,Accounting & Finance,3,0,1,1,2023-06-22,1,0,1,1,10,100,1.0,1.0,1.0,0,0,101-500,0,663.0
8534,jobma,Accounting & Finance,2,0,1,1,2023-06-22,1,0,1,1,10,100,1.0,1.0,1.0,0,0,26-100,0,663.0
8535,jobma,Accounting & Finance,2,0,1,1,2023-06-22,1,0,1,1,10,100,1.0,1.0,1.0,0,0,26-100,0,663.0
8536,jobma,Accounting & Finance,2,0,1,1,2023-06-22,1,0,1,1,10,100,1.0,1.0,1.0,0,0,26-100,0,663.0
8537,Jobma,Accounting & Finance,2,0,1,0,2023-06-22,1,0,1,1,0,100,1.0,1.0,1.0,0,0,500-1000,0,663.0
8538,jobma,Accounting & Finance,72,1,1,1,2023-06-22,1,0,1,1,1,100,1.0,1.0,1.0,0,0,26-100,0,663.0
8539,WebHR,Accounting & Finance,101,1,2,1,2023-06-22,1,0,1,1,999,100,1.0,1.0,1.0,0,0,26-100,0,663.0
8540,jobma,Accounting & Finance,1,0,1,1,2023-06-22,1,0,1,1,999,100,1.0,1.0,1.0,0,0,26-100,0,663.0
8541,jobma,Accounting & Finance,1,0,1,1,2023-06-22,1,0,1,1,1,100,1.0,1.0,1.0,0,0,26-100,0,663.0
8542,jobma,Accounting & Finance,2,0,1,1,2023-06-22,1,1,1,1,3,100,1.0,1.0,1.0,0,0,26-100,0,663.0
8543,jobma,Accounting & Finance,2,0,1,1,2023-06-23,1,0,1,2,10,100,1.0,1.0,1.0,0,0,26-100,0,662.0
8544,jobma,Accounting & Finance,231,1,1,1,2023-06-23,1,0,1,1,10,10000,0.0,0.0,1.0,1,0,1-25,0,662.0
8545,jobma,Accounting & Finance,2,0,1,1,2023-06-23,1,0,1,1,1,100,1.0,1.0,1.0,0,0,500-1000,0,662.0
8546,La Casa Da Papel,Accounting & Finance,51,0,1,1,2023-06-23,1,0,1,1,999,100,1.0,1.0,1.0,0,0,101-500,0,662.0
8549,RIZ23,Accounting & Finance,2,5,1,1,2023-06-26,1,0,1,1,1,100,1.0,1.0,1.0,0,0,26-100,0,659.0
8550,Quality control ltd.,Accounting & Finance,73,1,1,1,2023-06-26,1,0,1,1,10,100,1.0,1.0,1.0,0,0,26-100,0,659.0
8551,jobma,Accounting & Finance,4,0,1,1,2023-06-26,1,0,1,2,1,100,1.0,1.0,1.0,0,0,101-500,0,659.0
8552,S32,Accounting & Finance,2,1,2,1,2023-06-26,1,0,1,2,1,100,1.0,1.0,1.0,1,0,1-25,0,659.0
8553,NDS,Accounting & Finance,"7,23",0,1,1,2023-06-26,1,0,1,1,1,100,1.0,1.0,1.0,0,0,26-100,0,659.0
8554,WebHR,Accounting & Finance,101,1,2,1,2023-06-27,1,0,1,2,999,100,1.0,1.0,1.0,0,0,500-1000,0,658.0
8555,jobma,Accounting & Finance,1,0,1,1,2023-07-03,1,0,1,1,10,100,1.0,1.0,1.0,0,0,1-25,0,652.0
8556,jobma,Accounting & Finance,1,0,1,1,2023-07-05,1,0,1,1,2,100,1.0,1.0,1.0,0,0,1-25,0,650.0
8557,releasetoday@yopmail.com,Accounting & Finance,72,1,1,1,,1,0,1,2,10,10000,1.0,1.0,1.0,1,0,More than 1000,0,0.0
8558,releasetoday@yopmail.com,Accounting & Finance,2,0,1,0,2023-07-19,1,0,1,1,0,100,1.0,1.0,1.0,0,0,More than 1000,0,636.0
8559,Select Source International,Accounting & Finance,76,1,1,1,,1,0,1,1,1,100,1.0,1.0,1.0,0,0,500-1000,0,0.0
8560,Infinite,Accounting & Finance,23,1,1,1,,1,0,1,1,1,100,1.0,1.0,1.0,0,0,500-1000,0,0.0
8561,jobma,Accounting & Finance,72,1,1,1,,1,0,1,1,1,100,1.0,1.0,1.0,1,0,1-25,0,0.0
8562,jobma,Accounting & Finance,231,1,1,1,,1,0,1,1,1,100,1.0,1.0,1.0,1,0,1-25,0,0.0
8563,Jobma,Accounting & Finance,2,0,1,0,2023-08-09,1,0,1,1,0,100,1.0,1.0,1.0,0,0,500-1000,0,615.0
8564,shrey,Accounting & Finance,72,3,1,1,,1,0,1,1,999,60,1.0,1.0,1.0,1,0,500-1000,0,0.0
8565,JOBMA,Accounting & Finance,231,1,1,1,,1,0,1,1,10,100,1.0,1.0,1.0,1,600,1-25,1,0.0
8566,JOBMA,Accounting & Finance,2,1,1,1,,1,0,1,1,999,100,1.0,1.0,1.0,1,0,1-25,0,0.0
8574,srs,Accounting & Finance,1,0,1,1,,1,0,0,1,999,60,1.0,1.0,1.0,1,0,500-1000,0,0.0
8595,Fast Track FBA,Accounting & Finance,36,1,2,1,,1,0,1,1,999,100,1.0,1.0,1.0,0,0,1-25,0,0.0
8597,Jobma,Accounting & Finance,1,0,1,1,,1,0,1,1,10,100,1.0,1.0,1.0,0,100,1-25,1,0.0
8599,NativeAppsAI,Accounting & Finance,72,1,1,1,,1,0,1,1,10,100,1.0,1.0,1.0,0,0,1-25,0,0.0
8621,srs pvt ltd,Accounting & Finance,81,7,1,1,,1,0,1,1,999,100,1.0,1.0,1.0,1,0,500-1000,0,0.0
8623,asdfasedf,Accounting & Finance,2,1,1,1,,1,0,1,1,999,100,1.0,1.0,1.0,0,0,1-25,0,0.0
8625,JOBMA,Accounting & Finance,72,1,1,1,,1,0,1,1,10,100,1.0,1.0,1.0,1,0,1-25,0,0.0
8627,Jobma,Accounting & Finance,2,0,1,0,2023-10-19,1,0,1,1,0,100,1.0,1.0,1.0,0,0,500-1000,0,544.0
8687,Jobma,Accounting & Finance,1,0,1,1,,1,0,1,1,999,10000,1.0,1.0,1.0,1,0,1-25,0,0.0
8699,lever Integrations,Accounting & Finance,2,0,1,0,2023-11-02,1,0,1,1,0,100,1.0,1.0,1.0,0,0,500-1000,0,530.0
8701,qwer,Accounting & Finance,72,1,1,1,,1,0,1,1,999,100,1.0,1.0,1.0,0,0,1-25,0,0.0
8703,jobma,Accounting & Finance,231,1,1,1,,1,0,1,1,999,100,1.0,1.0,1.0,0,0,1-25,0,0.0
8705,Jobma,Accounting & Finance,2,0,1,0,2023-11-03,1,0,1,1,0,100,1.0,1.0,1.0,0,0,1-25,0,529.0
8707,jobma,Accounting & Finance,2,0,1,0,2023-11-03,1,0,1,1,0,100,1.0,1.0,1.0,0,0,1-25,0,529.0
8709,jobma,Accounting & Finance,2,0,1,0,2023-11-03,1,0,1,1,0,100,1.0,1.0,1.0,0,0,1-25,0,529.0
8711,jobma,Accounting & Finance,2,0,1,0,2023-11-03,1,0,1,1,0,100,1.0,1.0,1.0,0,0,1-25,0,529.0
8713,testing Account,Accounting & Finance,231,1,1,1,,1,0,1,2,999,10000,1.0,1.0,1.0,1,0,1-25,0,0.0
8715,jobma,Accounting & Finance,231,1,1,1,,1,0,1,1,999,100,1.0,1.0,1.0,0,0,1-25,0,0.0
8717,jobma,Accounting & Finance,2,0,1,0,2023-11-06,1,0,1,1,0,100,1.0,1.0,1.0,0,0,26-100,0,526.0
8719,jobma,Accounting & Finance,2,0,1,0,2023-11-06,1,0,1,1,0,100,1.0,1.0,1.0,0,0,26-100,0,526.0
8721,jobma,Accounting & Finance,2,1,1,1,,1,0,1,1,999,100,1.0,1.0,1.0,0,0,1-25,0,0.0
8723,Jobma,Accounting & Finance,2,0,1,1,,1,0,1,1,10,60,1.0,1.0,1.0,1,0,1-25,0,0.0
8725,asas,Accounting & Finance,2,0,1,0,2023-11-08,1,0,1,1,0,100,1.0,1.0,1.0,0,0,101-500,0,524.0
8727,jobma,Accounting & Finance,2,0,1,0,2023-11-08,1,0,1,1,0,100,1.0,1.0,1.0,0,0,26-100,0,524.0
8729,Posted Jobs,Accounting & Finance,2,1,1,1,,1,0,1,1,999,100,1.0,1.0,1.0,1,0,1-25,0,0.0
8731,SRS,Accounting & Finance,23,7,1,1,,1,1,1,1,62,100,1.0,1.0,1.0,1,0,1-25,0,0.0
8733,jobma,Accounting & Finance,2,0,1,0,2023-11-10,1,0,1,1,1,100,1.0,1.0,1.0,0,0,1-25,0,522.0
8737,SRS,Accounting & Finance,2,0,1,0,2023-11-13,1,0,1,1,0,100,1.0,1.0,1.0,0,0,1-25,0,519.0
8739,jobma,Accounting & Finance,2,0,1,0,2023-11-13,1,0,1,1,1,100,1.0,1.0,1.0,0,0,1-25,0,519.0
8741,shrey,Accounting & Finance,2,0,1,0,2023-11-13,1,0,1,1,0,100,1.0,1.0,1.0,0,0,500-1000,0,519.0
8743,Jobma,Accounting & Finance,2,0,1,0,2023-11-13,1,0,1,1,1,100,1.0,1.0,1.0,0,0,500-1000,0,519.0
8745,Jobma,Accounting & Finance,2,0,1,0,2023-11-13,1,0,1,1,1,100,1.0,1.0,1.0,0,0,500-1000,0,519.0
8749,jobma,Accounting & Finance,2,0,1,0,2023-11-13,1,0,1,1,1,100,1.0,1.0,1.0,0,0,1-25,0,519.0
8751,jobma,Accounting & Finance,2,0,1,0,2023-11-13,1,0,1,1,1,100,1.0,1.0,1.0,0,0,1-25,0,519.0
8753,jobma,Accounting & Finance,2,0,1,0,2023-11-13,1,0,1,1,1,100,1.0,1.0,1.0,0,0,1-25,0,519.0
8755,jobma,Accounting & Finance,2,0,1,0,2023-11-13,1,0,1,1,1,100,1.0,1.0,1.0,0,0,1-25,0,519.0
8759,SRS,Accounting & Finance,2,0,1,0,2023-11-13,1,0,1,1,0,100,1.0,1.0,1.0,0,0,1-25,0,519.0
8769,jobma,Accounting & Finance,2,0,1,0,2023-11-13,1,0,1,1,1,100,1.0,1.0,1.0,0,0,1-25,0,519.0
8795,SRS,Accounting & Finance,2,0,1,0,2023-11-14,1,0,1,1,0,100,1.0,1.0,1.0,0,0,1-25,0,518.0
8849,jobma,Accounting & Finance,2,0,1,0,2023-11-15,1,0,1,1,1,100,1.0,1.0,1.0,0,0,1-25,0,517.0
8851,jobma,Accounting & Finance,2,0,1,0,2023-11-15,1,0,1,1,1,100,1.0,1.0,1.0,0,0,1-25,0,517.0
8853,Shelf company,Accounting & Finance,73,1,1,1,,1,0,1,1,1,100,1.0,2.0,1.0,1,0,1-25,0,0.0
8857,jobma,Accounting & Finance,72,1,1,1,,1,0,1,1,1,100,1.0,1.0,1.0,1,0,1-25,0,0.0
8858,jobma,Accounting & Finance,72,1,1,1,,1,0,1,1,999,100,1.0,1.0,1.0,1,0,1-25,0,0.0
8859,jobma,Accounting & Finance,72,1,1,1,,1,0,1,1,999,100,1.0,1.0,1.0,1,0,1-25,0,0.0
8860,jobma,Accounting & Finance,72,1,1,1,,1,0,1,1,10,100,1.0,1.0,1.0,1,0,1-25,0,0.0
8861,jobma,Accounting & Finance,72,1,1,1,,1,0,1,1,10,100,1.0,1.0,1.0,1,0,1-25,0,0.0
8862,jobma,Accounting & Finance,72,1,1,1,,1,0,1,1,999,100,1.0,1.0,1.0,1,0,1-25,0,0.0
8863,jobma,Accounting & Finance,72,1,1,1,,1,0,1,1,999,100,1.0,1.0,1.0,1,0,1-25,0,0.0
8864,jobma,Accounting & Finance,72,1,1,1,,1,0,1,1,1,100,1.0,1.0,1.0,1,0,1-25,0,0.0
8865,cqwfqewfqewd,Accounting & Finance,67,0,1,1,,1,0,1,1,1,100,1.0,1.0,1.0,0,0,101-500,0,0.0
8866,Jobma,Accounting & Finance,2,0,1,0,2023-12-20,1,0,1,1,0,100,1.0,1.0,1.0,0,0,1-25,0,482.0
8867,Jobma,Accounting & Finance,2,0,1,0,2023-12-27,1,0,1,1,0,100,1.0,1.0,1.0,0,0,1-25,0,475.0
8868,testing Account,Accounting & Finance,2,0,1,0,2023-12-27,1,0,1,1,0,100,1.0,1.0,1.0,0,0,1-25,0,475.0
8869,Travels UK,Accounting & Finance,2,1,1,1,,1,1,1,1,11,100,1.0,3.0,1.0,1,0,26-100,0,0.0
8871,kjegkn,Accounting & Finance,2,2,1,1,,1,0,1,1,10,100,1.0,1.0,1.0,1,0,1-25,0,0.0
8873,Ifrit pvt ltd,Accounting & Finance,"3,1",7,1,1,,1,1,0,1,21,100,1.0,3.0,1.0,0,100,1-25,0,0.0
8877,Jobma,Accounting & Finance,1,0,1,1,,1,0,1,1,10,100,1.0,1.0,1.0,0,0,1-25,0,0.0
8879,Shelf company,Accounting & Finance,2,1,1,1,,1,0,1,1,1,100,1.0,1.0,1.0,1,0,1-25,0,0.0
8881,New Dev  Development and Testing Account,Accounting & Finance,222,1,1,1,,1,0,1,1,50,100,1.0,1.0,1.0,1,0,1-25,0,0.0
8883,Travels UK,Accounting & Finance,2,0,1,0,2024-02-16,1,0,1,1,1,100,1.0,1.0,1.0,0,0,26-100,0,424.0
8885,ssi,Accounting & Finance,2,0,1,1,,1,1,1,1,2,100,1.0,2.0,1.0,0,0,500-1000,0,0.0
8887,Travels UK,Accounting & Finance,2,0,1,0,2024-02-20,1,0,1,1,1,100,1.0,1.0,1.0,0,0,26-100,0,420.0
8891,Development and Testing,Accounting & Finance,23,1,1,1,,1,0,1,1,50,100,1.0,1.0,1.0,1,0,1-25,0,0.0
8893,Jobma,Accounting & Finance,231,7,1,1,,1,0,1,1,5,100,1.0,2.0,1.0,0,0,101-500,0,0.0
8897,Brutus media,Accounting & Finance,27,7,1,1,,1,1,1,1,18,100,1.0,3.0,1.0,1,0,1-25,0,0.0
8899,mavens,Accounting & Finance,2,0,1,1,,1,0,1,1,999,100,1.0,2.0,1.0,0,0,500-1000,0,0.0
8905,Jobma,Accounting & Finance,231,7,1,1,,1,0,1,1,999,100,1.0,1.0,1.0,1,0,1-25,0,0.0
8923,jobma,Accounting & Finance,72,1,1,1,,1,0,1,1,999,10000,1.0,1.0,1.0,1,0,1-25,0,0.0
8925,Sri infotech,Accounting & Finance,2,1,1,1,,1,0,1,1,999,100,1.0,1.0,1.0,0,0,500-1000,0,0.0
8927,jobma,Accounting & Finance,2,1,1,1,,1,0,1,1,999,100,1.0,1.0,1.0,0,0,1-25,0,0.0
8929,kkkaj,Accounting & Finance,73,1,1,1,,1,0,1,1,999,100,1.0,1.0,1.0,0,0,500-1000,0,0.0
8931,Test,Accounting & Finance,73,1,1,1,,1,0,1,1,999,100,1.0,1.0,1.0,0,0,500-1000,0,0.0
8933,Test Vaibhav,Accounting & Finance,76,1,1,1,,1,0,1,1,999,100,1.0,1.0,1.0,0,0,101-500,0,0.0
8935,testing Account,Accounting & Finance,2,0,1,0,2024-03-05,1,0,1,1,0,100,1.0,1.0,1.0,0,0,1-25,0,406.0
8937,testing Account,Accounting & Finance,2,0,1,0,2024-03-05,1,0,1,1,0,100,1.0,1.0,1.0,0,0,1-25,0,406.0
8939,testing Account,Accounting & Finance,2,0,1,0,2024-03-05,1,0,1,1,0,100,1.0,1.0,1.0,0,0,1-25,0,406.0
8941,Test Vaibhav,Accounting & Finance,2,0,1,0,2024-03-05,1,0,1,1,0,100,1.0,1.0,1.0,0,0,101-500,0,406.0
8943,qwdqsd,Accounting & Finance,72,1,1,1,,1,0,1,1,1,100,1.0,1.0,1.0,1,0,1-25,0,0.0
8945,Jobma,Accounting & Finance,73,1,1,1,,1,0,1,1,999,100,1.0,1.0,1.0,0,0,1-25,0,0.0
8947,jobma,Accounting & Finance,72,7,1,1,,1,1,1,1,13,100,1.0,1.0,1.0,1,200,1-25,0,0.0
8957,jobma,Accounting & Finance,73,1,1,1,,1,0,1,1,999,100,1.0,1.0,1.0,0,0,26-100,0,0.0
8963,FORD,Accounting & Finance,72,1,1,1,,1,1,1,1,2,100,1.0,3.0,1.0,1,0,1-25,0,0.0
8965,FORD,Accounting & Finance,2,0,1,0,2024-03-08,1,0,1,1,1,100,1.0,1.0,1.0,0,0,1-25,0,403.0
8967,NDI,Accounting & Finance,4,0,1,1,,1,0,1,1,999,100,1.0,1.0,1.0,0,0,More than 1000,0,0.0
8969,Jobma LLC,Accounting & Finance,73,1,1,1,,1,0,1,1,10,100,1.0,1.0,1.0,1,0,1-25,0,0.0
8971,Jobma LLC,Accounting & Finance,2,1,1,1,,1,0,1,1,10,100,1.0,1.0,1.0,1,0,1-25,0,0.0
8977,Testing Namit and Sons,Accounting & Finance,1,0,1,1,,1,0,1,1,10,100,1.0,1.0,1.0,0,0,500-1000,0,0.0
8979,Jwt pvt ltd,Accounting & Finance,2,0,1,1,,1,0,1,1,1,100,1.0,1.0,1.0,0,0,1-25,0,0.0
8981,JWT LTD. PVT,Accounting & Finance,2,0,1,1,,1,0,1,1,1,100,1.0,1.0,1.0,0,0,1-25,0,0.0
8987,Test Vaibhav,Accounting & Finance,2,1,1,1,,1,0,1,1,999,100,1.0,1.0,1.0,0,0,101-500,0,0.0
8991,dsg,Accounting & Finance,2,1,1,1,,1,0,1,1,999,100,1.0,1.0,1.0,0,0,1-25,0,0.0
8993,Test Union,Accounting & Finance,73,1,1,1,,1,0,1,1,10,100,1.0,1.0,1.0,0,0,500-1000,0,0.0
8995,Jobma,Accounting & Finance,73,1,1,1,,1,0,1,1,10,100,1.0,1.0,1.0,1,0,1-25,0,0.0
9001,asds,Accounting & Finance,72,1,1,1,,1,0,1,1,10,100,1.0,1.0,1.0,0,0,1-25,0,0.0
9003,sdf,Accounting & Finance,73,1,1,1,,1,0,1,1,10,100,1.0,1.0,1.0,0,0,1-25,0,0.0
9005,asdf,Accounting & Finance,2,0,1,1,,1,0,1,1,10,100,1.0,1.0,1.0,0,0,1-25,0,0.0
9007,Jobma,Accounting & Finance,2,1,1,1,,1,0,1,2,10,100,1.0,1.0,1.0,1,0,1-25,0,0.0
9009,sdfdsgsgd,Accounting & Finance,2,1,1,1,,1,0,1,1,999,100,1.0,1.0,1.0,0,0,1-25,0,0.0
9011,job,Accounting & Finance,72,1,1,1,,1,0,1,2,999,100,1.0,1.0,1.0,1,0,1-25,0,0.0
9013,Sri Infotech,Accounting & Finance,3,0,1,1,,1,0,1,1,10,100,1.0,1.0,1.0,0,0,101-500,0,0.0
9015,Jobma,Accounting & Finance,73,1,1,1,,1,0,1,2,10,100,1.0,1.0,1.0,1,0,1-25,0,0.0
9017,Job,Accounting & Finance,73,1,1,1,,1,0,1,2,999,100,1.0,1.0,1.0,1,0,1-25,0,0.0
9019,Jonma,Accounting & Finance,73,1,1,1,,1,0,1,2,999,100,1.0,1.0,1.0,1,0,1-25,0,0.0
9021,Jonma,Accounting & Finance,73,1,1,1,,1,0,1,2,999,100,1.0,1.0,1.0,1,0,1-25,0,0.0
9023,Jobma,Accounting & Finance,73,1,1,1,,1,0,1,2,10,100,1.0,1.0,1.0,1,0,1-25,0,0.0
9025,Jobma,Accounting & Finance,231,1,1,1,,1,0,1,2,999,100,1.0,1.0,1.0,1,0,1-25,0,0.0
9027,creda,Accounting & Finance,1,0,1,1,,1,0,1,1,10,100,1.0,1.0,1.0,0,0,500-1000,0,0.0
9031,Jobma,Accounting & Finance,73,1,1,1,,1,0,1,2,10,100,1.0,1.0,1.0,0,0,1-25,0,0.0
9033,Job,Accounting & Finance,73,1,1,1,,1,0,1,2,1,100,1.0,1.0,1.0,0,0,1-25,0,0.0
9035,Jobma pvt ltd.,Accounting & Finance,"231,2",0,1,1,,1,1,1,1,3,100,1.0,5.0,1.0,0,0,1-25,0,0.0
9037,dfgd,Accounting & Finance,72,1,1,1,,1,0,1,1,10,10000,1.0,1.0,1.0,1,0,26-100,0,0.0
9055,ssi,Accounting & Finance,2,0,1,0,2024-03-20,1,0,1,1,1,100,1.0,1.0,1.0,0,0,1-25,0,391.0
9059,U.S Airforce,Accounting & Finance,2,0,1,0,2024-03-27,1,0,1,1,1,100,1.0,1.0,1.0,0,0,1-25,0,384.0
9061,jindal  corp.,Accounting & Finance,2,0,1,0,2024-03-29,1,0,1,1,0,100,1.0,1.0,1.0,0,0,26-100,0,382.0
9063,jindal  corp.,Accounting & Finance,2,0,1,0,2024-03-29,1,0,1,1,0,100,1.0,1.0,1.0,0,0,26-100,0,382.0
9065,Jobma,Accounting & Finance,2,0,1,0,2024-03-29,1,0,1,1,0,100,1.0,1.0,1.0,0,0,500-1000,0,382.0
9067,jindal  corp.,Accounting & Finance,2,0,1,0,2024-03-29,1,0,1,1,0,100,1.0,1.0,1.0,0,0,26-100,0,382.0
9069,Brutus media,Accounting & Finance,2,0,1,0,2024-04-02,1,0,1,1,1,100,1.0,1.0,1.0,0,0,1-25,0,378.0
9071,Brutus media,Accounting & Finance,2,0,1,0,2024-04-02,1,0,1,1,1,100,1.0,1.0,1.0,0,0,1-25,0,378.0
9073,U.S Airforce,Accounting & Finance,2,0,1,0,2024-04-02,1,0,1,1,1,100,1.0,1.0,1.0,0,0,1-25,0,378.0
9075,U.S Airforce,Accounting & Finance,2,0,1,0,2024-04-02,1,0,1,1,1,100,1.0,1.0,1.0,0,0,1-25,0,378.0
9083,jobma,Accounting & Finance,72,1,1,1,,1,0,1,1,10,10000,1.0,1.0,1.0,1,0,1-25,0,0.0
9085,sgds,Accounting & Finance,74,1,1,1,,1,0,1,1,1,10000,1.0,1.0,1.0,1,0,1-25,0,0.0
9087,Jobma,Accounting & Finance,124,1,1,1,,1,0,1,1,10,10000,1.0,1.0,1.0,1,0,1-25,0,0.0
9089,Abhijay Singh and Sons,Accounting & Finance,86,1,1,1,,1,0,1,1,10,10000,1.0,1.0,1.0,1,0,500-1000,0,0.0
9091,ssi,Accounting & Finance,4,1,1,1,,1,0,1,1,10,10000,1.0,1.0,1.0,1,0,1-25,0,0.0
9093,jobma,Accounting & Finance,73,1,1,1,,1,0,1,1,10,10000,1.0,1.0,1.0,1,0,1-25,0,0.0
9095,Sri infotech,Accounting & Finance,73,1,1,1,,1,0,1,1,10,100,1.0,1.0,1.0,0,0,500-1000,0,0.0
9097,Brutus media,Accounting & Finance,2,0,1,0,2024-04-04,1,0,1,1,1,100,1.0,1.0,1.0,0,0,1-25,0,376.0
9099,Jobma,Accounting & Finance,2,1,1,1,,1,0,1,1,10,100,1.0,1.0,1.0,1,0,1-25,0,0.0
9101,Jobma,Accounting & Finance,73,1,1,1,,1,0,1,1,10,100,1.0,1.0,1.0,1,0,1-25,0,0.0
9103,Jobma,Accounting & Finance,73,1,1,1,,1,0,1,2,10,100,1.0,1.0,1.0,1,0,1-25,0,0.0
9105,Jobma,Accounting & Finance,73,1,1,1,,1,0,1,1,10,100,1.0,1.0,1.0,1,0,1-25,0,0.0
9107,Jobma,Accounting & Finance,73,1,1,1,,1,0,1,2,10,100,1.0,1.0,1.0,1,0,1-25,0,0.0
9109,Jobma,Accounting & Finance,73,1,1,1,,1,0,1,2,10,100,1.0,1.0,1.0,1,0,1-25,0,0.0
9111,Brutus media,Accounting & Finance,2,0,1,0,2024-04-04,1,0,1,1,1,100,1.0,1.0,1.0,0,0,1-25,0,376.0
9113,Brutus media,Accounting & Finance,2,0,1,0,2024-04-04,1,0,1,1,1,100,1.0,1.0,1.0,0,0,1-25,0,376.0
9115,Jobma,Accounting & Finance,2,1,1,1,,1,0,1,2,10,100,1.0,1.0,1.0,1,0,1-25,0,0.0
9117,Jobma,Accounting & Finance,73,1,1,1,,1,0,1,2,10,100,1.0,1.0,1.0,1,0,1-25,0,0.0
9119,Jobma,Accounting & Finance,73,1,1,1,,1,0,1,2,10,100,1.0,1.0,1.0,1,0,1-25,0,0.0
9121,Jobma,Accounting & Finance,74,1,1,1,,1,0,1,2,10,100,1.0,1.0,1.0,1,0,1-25,0,0.0
9123,Jobma,Accounting & Finance,73,1,1,1,,1,0,1,2,10,100,1.0,1.0,1.0,1,0,1-25,0,0.0
9125,Sri Infotech,Accounting & Finance,3,0,1,1,,1,0,1,1,10,100,1.0,1.0,1.0,0,0,101-500,0,0.0
9127,Sri Infotech,Accounting & Finance,3,0,1,1,,1,0,1,1,10,100,1.0,1.0,1.0,0,0,101-500,0,0.0
9129,Sri Infotech,Accounting & Finance,3,0,1,1,,1,0,1,1,10,100,1.0,1.0,1.0,0,0,101-500,0,0.0
9131,Sri Infotech,Accounting & Finance,3,0,1,1,,1,0,1,1,10,100,1.0,1.0,1.0,0,0,101-500,0,0.0
9133,Sri Infotech,Accounting & Finance,3,0,1,1,,1,0,1,1,10,100,1.0,1.0,1.0,0,0,101-500,0,0.0
9135,Sri Infotech,Accounting & Finance,3,1,1,1,,1,0,1,1,10,100,1.0,1.0,1.0,0,0,101-500,0,0.0
9137,Sri Infotech,Accounting & Finance,3,1,1,1,,1,0,1,1,10,100,1.0,1.0,1.0,0,0,101-500,0,0.0
9139,Sri Infotech,Accounting & Finance,3,1,1,1,,1,0,1,1,10,100,1.0,1.0,1.0,0,0,101-500,0,0.0
9141,fhhf,Accounting & Finance,3,0,1,1,,1,0,1,1,10,100,1.0,1.0,1.0,0,0,1-25,0,0.0
9143,fhhf,Accounting & Finance,2,1,1,1,,1,0,1,1,10,100,1.0,1.0,1.0,0,0,1-25,0,0.0
9145,fhhf,Accounting & Finance,74,1,1,1,,1,0,1,1,10,100,1.0,1.0,1.0,0,0,1-25,0,0.0
9147,abhishej,Accounting & Finance,75,1,1,1,,1,0,1,1,10,100,1.0,1.0,1.0,0,0,101-500,0,0.0
9149,Test Company,Accounting & Finance,74,1,1,1,,1,0,1,1,10,100,1.0,1.0,1.0,0,0,101-500,0,0.0
9151,Jobma,Accounting & Finance,73,1,1,1,,1,0,1,2,10,100,1.0,1.0,1.0,1,0,1-25,0,0.0
9153,Jobma,Accounting & Finance,51,1,1,1,,1,0,1,2,10,100,1.0,1.0,1.0,1,0,1-25,0,0.0
9155,Jobma,Accounting & Finance,3,1,1,1,,1,0,1,2,10,100,1.0,1.0,1.0,1,0,1-25,0,0.0
9157,Jobma,Accounting & Finance,75,1,1,1,,1,0,1,2,10,100,1.0,1.0,1.0,1,0,1-25,0,0.0
9159,Jobma,Accounting & Finance,75,1,1,1,,1,0,1,2,10,100,1.0,1.0,1.0,1,0,1-25,0,0.0
9161,Jobma,Accounting & Finance,82,1,1,1,,1,0,1,2,10,100,1.0,1.0,1.0,1,0,1-25,0,0.0
9163,Jobma,Accounting & Finance,73,1,1,1,,1,0,1,2,10,100,1.0,1.0,1.0,1,0,1-25,0,0.0
9165,Jobma,Accounting & Finance,74,1,1,1,,1,0,1,2,10,100,1.0,1.0,1.0,1,0,1-25,0,0.0
9167,Jobma,Accounting & Finance,74,1,1,1,,1,0,1,2,10,100,1.0,1.0,1.0,1,0,1-25,0,0.0
9169,Jobma,Accounting & Finance,74,1,1,1,,1,0,1,2,10,100,1.0,1.0,1.0,1,0,1-25,0,0.0
9171,Jobma,Accounting & Finance,74,1,1,1,,1,0,1,2,10,100,1.0,1.0,1.0,1,0,1-25,0,0.0
9173,Jobma,Accounting & Finance,2,1,1,1,,1,0,1,2,10,100,1.0,1.0,1.0,1,0,1-25,0,0.0
9175,Jobma,Accounting & Finance,76,1,1,1,,1,0,1,2,10,100,1.0,1.0,1.0,1,0,1-25,0,0.0
9177,fgjjfjfjf,Accounting & Finance,3,0,1,1,,1,0,1,1,10,100,1.0,1.0,1.0,0,0,1-25,0,0.0
9179,fgjjfjfjf,Accounting & Finance,3,0,1,1,,1,0,1,1,10,100,1.0,1.0,1.0,0,0,1-25,0,0.0
9181,jobma,Accounting & Finance,2,0,1,1,,1,0,1,1,10,100,1.0,1.0,1.0,0,0,1-25,0,0.0
9183,Test Compnay,Accounting & Finance,3,0,1,1,,1,0,1,1,10,100,1.0,1.0,1.0,0,0,101-500,0,0.0
9185,Jobma,Accounting & Finance,2,1,1,1,,1,0,1,2,10,100,1.0,1.0,1.0,1,0,1-25,0,0.0
9187,Jobma,Accounting & Finance,231,1,1,1,,1,0,1,2,10,100,1.0,1.0,1.0,1,0,1-25,0,0.0
9189,Test New Dev Account,Accounting & Finance,3,0,1,1,,1,0,1,1,10,100,1.0,1.0,1.0,0,0,101-500,0,0.0
9191,Jobma,Accounting & Finance,231,1,1,1,,1,0,1,2,10,100,1.0,1.0,1.0,1,0,1-25,0,0.0
9193,Jobma,Accounting & Finance,231,1,1,1,,1,0,1,2,10,100,1.0,1.0,1.0,1,0,1-25,0,0.0
9195,Jobma,Accounting & Finance,231,1,1,1,,1,0,1,2,10,100,1.0,1.0,1.0,1,0,1-25,0,0.0
9197,Jobma,Accounting & Finance,72,1,1,1,,1,0,1,2,10,100,1.0,1.0,1.0,1,0,1-25,0,0.0
9199,Jobma,Accounting & Finance,72,1,1,1,,1,0,1,2,10,100,1.0,1.0,1.0,1,0,1-25,0,0.0
9201,Jobma,Accounting & Finance,3,1,1,1,,1,0,1,2,10,100,1.0,1.0,1.0,1,0,1-25,0,0.0
9203,sri info,Accounting & Finance,3,1,1,1,,1,0,1,1,10,100,1.0,1.0,1.0,0,0,101-500,0,0.0
9205,Jobma,Accounting & Finance,231,1,1,1,,1,0,1,2,10,100,1.0,1.0,1.0,1,0,1-25,0,0.0
9207,Company name,Accounting & Finance,72,1,1,1,,1,0,1,1,10,100,1.0,1.0,1.0,0,0,1-25,0,0.0
9209,programming llc@yopmail.com,Accounting & Finance,231,1,1,1,,1,0,1,1,10,100,1.0,1.0,1.0,0,0,101-500,0,0.0
9211,programming llc@yopmail.com,Accounting & Finance,72,1,1,1,,1,0,1,2,10,100,1.0,1.0,1.0,0,0,101-500,0,0.0
9213,programming llc@yopmail.com,Accounting & Finance,231,1,1,1,,1,0,1,2,1,100,1.0,1.0,1.0,0,0,101-500,0,0.0
9215,Jobma,Accounting & Finance,72,1,1,1,,1,0,1,2,10,100,1.0,1.0,1.0,1,0,1-25,0,0.0
9217,Jobma,Accounting & Finance,72,1,1,1,,1,0,1,2,10,100,1.0,1.0,1.0,0,0,1-25,0,0.0
9219,Jobma,Accounting & Finance,74,1,1,1,,1,0,1,2,1,100,1.0,1.0,1.0,0,0,1-25,0,0.0
9221,programming llc@yopmail.com,Accounting & Finance,4,0,1,1,,1,0,1,1,10,100,1.0,1.0,1.0,0,0,101-500,0,0.0
9223,programming llc@yopmail.com,Accounting & Finance,3,0,1,1,,1,0,1,1,10,100,1.0,1.0,1.0,0,0,101-500,0,0.0
9225,programming llc@yopmail.com,Accounting & Finance,3,0,1,1,,1,0,1,1,10,100,1.0,1.0,1.0,0,0,101-500,0,0.0
9227,U.S Airforce,Accounting & Finance,2,0,1,0,2024-04-08,1,0,1,1,1,100,1.0,1.0,1.0,0,0,1-25,0,372.0
9229,dsfsd,Accounting & Finance,3,0,1,1,,1,0,1,1,10,100,1.0,1.0,1.0,0,0,26-100,0,0.0
9231,dsfsd,Accounting & Finance,4,0,1,1,,1,0,1,1,10,100,1.0,1.0,1.0,0,0,26-100,0,0.0
9233,Jobma,Accounting & Finance,2,1,1,1,,1,0,1,2,10,100,1.0,1.0,1.0,1,0,1-25,0,0.0
9235,dsfsd,Accounting & Finance,2,0,1,1,,1,0,1,1,10,100,1.0,1.0,1.0,0,0,26-100,0,0.0
9237,dsfsd,Accounting & Finance,2,0,1,1,,1,0,1,1,10,100,1.0,1.0,1.0,0,0,26-100,0,0.0
9239,dsfsd,Accounting & Finance,3,0,1,1,,1,0,1,1,10,100,1.0,1.0,1.0,0,0,26-100,0,0.0
9241,dsfsd,Accounting & Finance,3,0,1,1,,1,0,1,1,10,100,1.0,1.0,1.0,0,0,26-100,0,0.0
9243,dsfsd,Accounting & Finance,2,0,1,1,,1,0,1,1,10,100,1.0,1.0,1.0,0,0,26-100,0,0.0
9245,dsfsd,Accounting & Finance,3,0,1,1,,1,0,1,1,10,100,1.0,1.0,1.0,0,0,26-100,0,0.0
9247,dsfsd,Accounting & Finance,3,0,1,1,,1,0,1,1,10,100,1.0,1.0,1.0,0,0,26-100,0,0.0
9249,Jobma,Accounting & Finance,2,0,1,0,2024-04-09,1,0,1,1,1,100,1.0,1.0,1.0,0,0,1-25,0,371.0
9251,dsfsd,Accounting & Finance,3,0,1,1,,1,0,1,1,10,100,1.0,1.0,1.0,0,0,26-100,0,0.0
9253,dsfsd,Accounting & Finance,4,0,1,1,,1,0,1,1,10,100,1.0,1.0,1.0,0,0,26-100,0,0.0
9255,Jobma,Accounting & Finance,2,0,1,0,2024-04-09,1,0,1,1,1,100,1.0,1.0,1.0,0,0,1-25,0,371.0
9257,dsfsd,Accounting & Finance,3,0,1,1,,1,0,1,1,10,100,1.0,1.0,1.0,0,0,26-100,0,0.0
9259,Jobma,Accounting & Finance,2,0,1,0,2024-04-09,1,0,1,1,1,100,1.0,1.0,1.0,0,0,1-25,0,371.0
9265,Jobma,Accounting & Finance,2,0,1,0,2024-04-09,1,0,1,1,1,100,1.0,1.0,1.0,0,0,500-1000,0,371.0
9279,company,Accounting & Finance,231,1,1,1,,1,0,1,1,10,100,1.0,1.0,1.0,0,0,1-25,0,0.0
9283,Jobma,Accounting & Finance,72,1,1,1,,1,0,1,2,10,100,1.0,1.0,1.0,1,0,1-25,0,0.0
9287,Utkarshdubey123@yopmail.com,Accounting & Finance,2,1,1,1,,1,0,1,1,1,100,1.0,1.0,1.0,0,0,26-100,0,0.0
9289,Select Source International,Accounting & Finance,"1,2",0,1,1,,1,0,1,1,1,100,1.0,1.0,1.0,0,0,1-25,0,0.0
9293,US Navy,Accounting & Finance,66,0,1,1,,1,0,1,1,999,100,1.0,1.0,1.0,0,0,101-500,0,0.0
9297,ssi,Accounting & Finance,2,0,1,1,,1,0,1,1,999,100,1.0,1.0,1.0,0,0,500-1000,0,0.0
9299,Jobma,Accounting & Finance,231,1,1,1,,1,0,1,1,1,100,1.0,1.0,1.0,0,0,1-25,1,0.0
9305,ssi,Accounting & Finance,2,0,1,0,2024-05-01,1,0,1,1,1,100,1.0,1.0,1.0,0,0,1-25,0,349.0
9307,US Navy,Accounting & Finance,2,0,1,0,2024-05-01,1,0,1,1,1,100,1.0,1.0,1.0,0,0,1-25,0,349.0
9309,U.S Airforce,Accounting & Finance,2,0,1,0,2024-05-07,1,0,1,1,1,100,1.0,1.0,1.0,0,0,1-25,0,343.0
9311,Jobma,Accounting & Finance,72,1,1,1,,1,0,1,1,10,100,1.0,1.0,1.0,0,0,1-25,0,0.0
9313,US AirForce,Accounting & Finance,1,0,1,1,,1,0,1,1,1,100,1.0,9.0,1.0,0,0,500-1000,1,0.0
9314,US AirForce,Accounting & Finance,2,0,1,0,2024-05-28,1,0,1,1,1,100,1.0,1.0,1.0,0,0,1-25,0,322.0
9315,HP,Accounting & Finance,85,1,1,1,,1,0,1,1,999,100,1.0,1.0,1.0,0,0,More than 1000,0,0.0
9319,IND,Accounting & Finance,72,4,1,1,,1,0,1,1,999,100,1.0,1.0,1.0,1,0,1-25,0,0.0
9321,Travels UK,Accounting & Finance,2,0,1,0,2024-06-24,1,0,1,1,0,100,1.0,1.0,1.0,0,0,26-100,0,295.0
9323,Jobma,Accounting & Finance,2,0,1,0,2024-06-25,1,0,1,1,0,100,1.0,1.0,1.0,0,0,500-1000,0,294.0
9325,Jobma,Accounting & Finance,2,0,1,0,2024-06-28,1,0,1,1,0,100,1.0,1.0,1.0,0,0,500-1000,0,291.0
9333,Jobma,Accounting & Finance,2,0,1,0,2024-07-03,1,0,1,1,0,100,1.0,1.0,1.0,0,0,500-1000,0,286.0
9335,US Navy,Accounting & Finance,2,0,1,0,2024-07-10,1,0,1,1,1,100,1.0,1.0,1.0,0,0,1-25,0,279.0
9337,US Navy,Accounting & Finance,2,0,1,0,2024-07-10,1,0,1,1,1,100,1.0,1.0,1.0,0,0,1-25,0,279.0
9339,US Navy,Accounting & Finance,2,0,1,0,2024-07-10,1,0,1,1,1,100,1.0,1.0,1.0,0,0,1-25,0,279.0
9341,US Navy,Accounting & Finance,2,0,1,0,2024-07-10,1,0,1,1,1,100,1.0,1.0,1.0,0,0,1-25,0,279.0
9343,US Navy,Accounting & Finance,2,0,1,0,2024-07-10,1,0,1,1,1,100,1.0,1.0,1.0,0,0,1-25,0,279.0
9345,US Navy,Accounting & Finance,2,0,1,0,2024-07-10,1,0,1,1,1,100,1.0,1.0,1.0,0,0,1-25,0,279.0
9347,US Navy,Accounting & Finance,2,0,1,0,2024-07-10,1,0,1,1,1,100,1.0,1.0,1.0,0,0,1-25,0,279.0
9349,US Navy,Accounting & Finance,2,0,1,0,2024-07-10,1,0,1,1,1,100,1.0,1.0,1.0,0,0,1-25,0,279.0
9351,US Navy,Accounting & Finance,2,0,1,0,2024-07-10,1,0,1,1,1,100,1.0,1.0,1.0,0,0,1-25,0,279.0
9353,US Navy,Accounting & Finance,2,0,1,0,2024-07-10,1,0,1,1,1,100,1.0,1.0,1.0,0,0,1-25,0,279.0
9355,US Navy,Accounting & Finance,2,0,1,0,2024-07-10,1,0,1,1,1,100,1.0,1.0,1.0,0,0,1-25,0,279.0
9357,US Navy,Accounting & Finance,2,0,1,0,2024-07-10,1,0,1,1,1,100,1.0,1.0,1.0,0,0,1-25,0,279.0
9359,US Navy,Accounting & Finance,2,0,1,0,2024-07-10,1,0,1,1,1,100,1.0,1.0,1.0,0,0,1-25,0,279.0
9361,US Navy,Accounting & Finance,2,0,1,0,2024-07-10,1,0,1,1,1,100,1.0,1.0,1.0,0,0,1-25,0,279.0
9363,US Navy,Accounting & Finance,2,0,1,0,2024-07-10,1,0,1,1,1,100,1.0,1.0,1.0,0,0,1-25,0,279.0
9365,SSI,Accounting & Finance,1,0,1,1,,1,1,1,1,21,100,1.0,3.0,1.0,0,0,26-100,0,0.0
9371,SSI,Accounting & Finance,2,0,1,0,2024-07-22,1,0,1,1,1,100,1.0,1.0,1.0,0,0,1-25,0,267.0
9373,SSI,Accounting & Finance,2,0,1,0,2024-07-22,1,0,1,1,1,100,1.0,1.0,1.0,0,0,1-25,0,267.0
9375,SSI,Accounting & Finance,2,0,1,0,2024-07-22,1,0,1,1,1,100,1.0,1.0,1.0,0,0,1-25,0,267.0
9377,SSI,Accounting & Finance,2,0,1,0,2024-07-22,1,0,1,1,1,100,1.0,1.0,1.0,0,0,1-25,0,267.0
9379,SSI,Accounting & Finance,2,0,1,0,2024-07-22,1,0,1,1,1,100,1.0,1.0,1.0,0,0,1-25,0,267.0
9381,SSI,Accounting & Finance,2,0,1,0,2024-07-22,1,0,1,1,1,100,1.0,1.0,1.0,0,0,1-25,0,267.0
9383,SSI,Accounting & Finance,2,0,1,0,2024-07-22,1,0,1,1,1,100,1.0,1.0,1.0,0,0,1-25,0,267.0
9385,SSI,Accounting & Finance,2,0,1,0,2024-07-22,1,0,1,1,1,100,1.0,1.0,1.0,0,0,1-25,0,267.0
9387,SSI,Accounting & Finance,2,0,1,0,2024-07-22,1,0,1,1,1,100,1.0,1.0,1.0,0,0,1-25,0,267.0
9389,SSI,Accounting & Finance,2,0,1,0,2024-07-22,1,0,1,1,1,100,1.0,1.0,1.0,0,0,1-25,0,267.0
9391,SSI,Accounting & Finance,2,0,1,0,2024-07-22,1,0,1,1,1,100,1.0,1.0,1.0,0,0,1-25,0,267.0
9393,SSI,Accounting & Finance,2,0,1,0,2024-07-22,1,0,1,1,1,100,1.0,1.0,1.0,0,0,1-25,0,267.0
9395,SSI,Accounting & Finance,2,0,1,0,2024-07-22,1,0,1,1,1,100,1.0,1.0,1.0,0,0,1-25,0,267.0
9397,SSI,Accounting & Finance,2,0,1,0,2024-07-22,1,0,1,1,1,100,1.0,1.0,1.0,0,0,1-25,0,267.0
9399,SSI,Accounting & Finance,2,0,1,0,2024-07-22,1,0,1,1,1,100,1.0,1.0,1.0,0,0,1-25,0,267.0
9401,SSI,Accounting & Finance,2,0,1,0,2024-07-22,1,0,1,1,1,100,1.0,1.0,1.0,0,0,1-25,0,267.0
9403,Jobma,Accounting & Finance,2,0,1,0,2024-08-28,1,0,1,1,0,100,1.0,1.0,1.0,0,0,500-1000,0,230.0
9405,Jobma Share Holder,Accounting & Finance,85,1,1,1,,1,0,1,1,999,100,1.0,1.0,1.0,1,0,1-25,0,0.0
9411,HP,Accounting & Finance,2,0,1,0,2024-09-18,1,0,1,1,0,100,1.0,1.0,1.0,0,0,More than 1000,0,209.0
9413,Company name,Accounting & Finance,1,0,1,1,,1,0,1,1,10,100,5.0,1.0,1.0,0,0,101-500,1,0.0
9415,HP,Accounting & Finance,2,0,1,0,2024-11-26,1,0,1,1,0,100,1.0,1.0,1.0,0,0,More than 1000,0,140.0
9417,Ifrit pvt ltd,Accounting & Finance,2,0,1,0,2024-12-02,1,0,1,1,1,100,1.0,1.0,1.0,0,0,1-25,0,134.0
9419,Ifrit pvt ltd,Accounting & Finance,2,0,1,0,2024-12-02,1,0,1,1,1,100,1.0,1.0,1.0,0,0,1-25,0,134.0
9423,IND,Accounting & Finance,2,0,1,0,2024-12-23,1,0,1,1,0,100,1.0,1.0,1.0,0,0,1-25,0,113.0
9425,IND,Accounting & Finance,2,0,1,0,2024-12-23,1,0,1,1,0,100,1.0,1.0,1.0,0,0,1-25,0,113.0
9427,Jobma,Accounting & Finance,2,0,1,0,2024-12-28,1,0,1,1,0,100,1.0,1.0,1.0,0,0,500-1000,0,108.0
9429,Jobma,Accounting & Finance,2,0,1,0,2025-01-06,1,0,1,1,0,100,1.0,1.0,1.0,0,0,500-1000,0,99.0
9431,JOBMA,Accounting & Finance,2,0,1,0,2025-02-17,1,0,1,1,0,100,1.0,1.0,1.0,0,0,1-25,0,57.0
9433,Jobma,Accounting & Finance,2,0,1,0,2025-03-05,1,0,1,1,0,100,1.0,1.0,1.0,0,0,500-1000,0,41.0
9435,JOBMA,Accounting & Finance,2,0,1,0,2025-03-11,1,0,1,1,0,100,1.0,1.0,1.0,0,0,1-25,0,35.0
9437,JOBMA,Accounting & Finance,2,0,1,0,2025-03-11,1,0,1,1,0,100,1.0,1.0,1.0,0,0,1-25,0,35.0
9439,JOBMA,Accounting & Finance,2,0,1,0,2025-03-11,1,0,1,1,0,100,1.0,1.0,1.0,0,0,1-25,0,35.0
9441,JOBMA,Accounting & Finance,2,0,1,0,2025-03-11,1,0,1,1,0,100,1.0,1.0,1.0,0,0,1-25,0,35.0
9443,Jobma,Accounting & Finance,2,0,1,0,2025-03-12,1,0,1,1,0,100,1.0,1.0,1.0,0,0,500-1000,0,34.0
9445,Jobma,Accounting & Finance,74,1,1,1,,1,0,1,1,10,100,1.0,1.0,1.0,0,0,1-25,0,0.0
