id,catcher_id,credit_amount,wallet_amount,subscription_type,plan_type,is_unlimited,premium_storage,trial_account_type,billing_cycle_status
1,669,,0.0,0,0,0,0,,0
2,92,,34.0,0,0,0,0,0.0,0
3,898,,0.0,0,0,0,0,,0
4,912,,0.0,0,0,0,0,,0
5,92,,3.0,0,0,0,0,0.0,0
6,898,,0.0,0,0,0,0,,0
15,106,,0.0,0,0,0,0,,0
31,124,,0.0,0,0,0,0,,0
32,125,,0.0,0,0,0,0,,0
33,126,,0.0,0,0,0,0,,0
34,127,,0.0,0,0,0,0,,0
35,128,,0.0,0,0,0,0,,0
36,129,,0.0,0,0,0,0,,0
37,130,,0.0,0,0,0,0,,0
38,131,,0.0,0,0,0,0,,0
39,132,,0.0,0,0,0,0,,0
40,133,,0.0,0,0,0,0,,0
41,134,,0.0,0,0,0,0,,0
42,135,,0.0,0,0,0,0,,0
43,136,,0.0,0,0,0,0,,0
44,137,,0.0,0,0,0,0,,0
45,138,,0.0,0,0,0,0,,0
46,139,,0.0,0,0,0,0,,0
47,141,,0.0,0,0,0,0,,0
49,143,,0.0,0,0,0,0,,0
50,144,,0.0,0,0,0,0,,0
54,148,,0.0,0,0,0,0,,0
57,151,,11107.0,0,0,0,0,,0
65,159,,0.0,0,0,0,0,,0
106,252,,0.0,0,0,0,0,,0
107,256,,0.0,0,0,0,0,,0
108,260,,0.0,0,0,0,0,,0
109,262,,0.0,0,0,0,0,,0
110,263,,0.0,0,0,0,0,,0
111,264,,0.0,0,0,0,0,,0
112,265,,0.0,0,0,0,0,,0
113,266,,0.0,0,0,0,0,,0
114,267,,0.0,0,0,0,0,,0
115,268,,0.0,0,0,0,0,,0
116,269,,0.0,0,0,0,0,,0
117,270,,0.0,0,0,0,0,,0
118,271,,0.0,0,0,0,0,,0
119,272,,0.0,0,0,0,0,,0
120,273,,0.0,0,0,0,0,,0
121,274,,0.0,0,0,0,0,,0
122,275,,0.0,0,0,0,0,,0
123,276,,0.0,0,0,0,0,,0
124,277,,0.0,0,0,0,0,,0
125,278,,0.0,0,0,0,0,,0
126,279,,0.0,0,0,0,0,,0
127,280,,0.0,0,0,0,0,,0
128,281,,0.0,0,0,0,0,,0
129,282,,0.0,0,0,0,0,,0
130,283,,0.0,0,0,0,0,,0
131,284,,0.0,0,0,0,0,,0
132,286,,0.0,0,0,0,0,,0
133,288,,0.0,0,0,0,0,,0
134,294,,0.0,0,0,0,0,,0
135,297,,0.0,0,0,0,0,,0
136,298,,0.0,0,0,0,0,,0
137,299,,0.0,0,0,0,0,,0
138,303,,0.0,0,0,0,0,,0
139,307,,0.0,0,0,0,0,,0
140,308,,0.0,0,0,0,0,,0
141,309,,0.0,0,0,0,0,,0
142,310,,0.0,0,0,0,0,,0
143,313,,0.0,0,0,0,0,,0
144,314,,0.0,0,0,0,0,,0
145,315,,0.0,0,0,0,0,,0
146,318,,0.0,0,0,0,0,,0
147,319,,0.0,0,0,0,0,,0
148,321,,0.0,0,0,0,0,,0
149,322,,0.0,0,0,0,0,,0
150,326,,0.0,0,0,0,0,,0
151,327,,0.0,0,0,0,0,,0
152,328,,0.0,0,0,0,0,,0
153,329,,0.0,0,0,0,0,,0
154,330,,0.0,0,0,0,0,,0
155,331,,0.0,0,0,0,0,,0
156,333,,0.0,0,0,0,0,,0
157,335,,0.0,0,0,0,0,,0
158,336,,0.0,0,0,0,0,,0
159,337,,0.0,0,0,0,0,,0
160,352,,0.0,0,0,0,0,,0
161,353,,0.0,0,0,0,0,,0
162,355,,0.0,0,0,0,0,,0
163,356,,0.0,0,0,0,0,,0
164,359,,0.0,0,0,0,0,,0
165,360,,0.0,0,0,0,0,,0
166,363,,0.0,0,0,0,0,,0
167,372,,0.0,0,0,0,0,,0
168,373,,0.0,0,0,0,0,,0
169,379,,0.0,0,0,0,0,,0
170,384,,0.0,0,0,0,0,,0
171,385,,0.0,0,0,0,0,,0
172,387,,0.0,0,0,0,0,,0
173,389,,0.0,0,0,0,0,,0
174,392,,0.0,0,0,0,0,,0
175,395,,0.0,0,0,0,0,,0
176,396,,0.0,0,0,0,0,,0
177,404,,0.0,0,0,0,0,,0
178,414,,0.0,0,0,0,0,,0
179,427,,0.0,0,0,0,0,,0
180,428,,0.0,0,0,0,0,,0
181,431,,0.0,0,0,0,0,,0
182,433,,0.0,0,0,0,0,,0
183,434,,0.0,0,0,0,0,,0
184,437,,0.0,0,0,0,0,,0
185,440,,0.0,0,0,0,0,,0
186,443,,0.0,0,0,0,0,,0
187,446,,0.0,1,0,0,0,0.0,0
188,447,,0.0,0,0,0,0,,0
189,456,,0.0,0,0,0,0,,0
190,457,,0.0,0,0,0,0,,0
191,466,,0.0,0,0,0,0,,0
192,467,,0.0,0,0,0,0,,0
193,476,,0.0,0,0,0,0,,0
194,481,,0.0,0,0,0,0,,0
195,482,,0.0,0,0,0,0,,0
196,488,,0.0,0,0,0,0,,0
197,500,,0.0,0,0,0,0,,0
198,504,,0.0,0,0,0,0,,0
199,508,,0.0,0,0,0,0,,0
200,514,,0.0,0,0,0,0,,0
201,516,,0.0,0,0,0,0,,0
202,518,,0.0,0,0,0,0,,0
203,521,,0.0,0,0,0,0,,0
204,527,,0.0,0,0,0,0,,0
205,528,,0.0,0,0,0,0,,0
206,530,,0.0,0,0,0,0,,0
207,531,,0.0,0,0,0,0,,0
208,532,,0.0,0,0,0,0,,0
209,533,,0.0,0,0,0,0,,0
210,546,,0.0,0,0,0,0,,0
211,549,,0.0,0,0,0,0,,0
212,551,,0.0,0,0,0,0,,0
213,552,,0.0,0,0,0,0,,0
214,553,,0.0,0,0,0,0,,0
215,554,,0.0,0,0,0,0,,0
216,555,,0.0,0,0,0,0,,0
217,556,,0.0,0,0,0,0,,0
218,560,,0.0,0,0,0,0,,0
219,561,,0.0,0,0,0,0,,0
220,565,,0.0,0,0,0,0,,0
221,566,,0.0,0,0,0,0,,0
222,567,,0.0,0,0,0,0,,0
223,568,,0.0,0,0,0,0,,0
224,569,,0.0,0,0,0,0,,0
225,570,,0.0,0,0,0,0,,0
226,571,,0.0,0,0,0,0,,0
227,572,,0.0,0,0,0,0,,0
228,573,,0.0,0,0,0,0,,0
229,574,,0.0,0,0,0,0,,0
230,579,,0.0,0,0,0,0,,0
231,580,,0.0,0,0,0,0,,0
232,581,,280.0,0,0,0,0,0.0,0
233,582,,0.0,0,0,0,0,,0
234,583,,0.0,0,0,0,0,,0
235,584,,0.0,0,0,0,0,,0
236,585,,0.0,0,0,0,0,,0
237,586,,0.0,0,0,0,0,,0
238,587,,0.0,0,0,0,0,,0
239,588,,0.0,0,0,0,0,,0
240,589,,0.0,0,0,0,0,,0
241,590,,0.0,0,0,0,0,,0
242,591,,0.0,0,0,0,0,,0
243,592,,0.0,0,0,0,0,,0
244,593,,0.0,0,0,0,0,,0
245,594,,0.0,0,0,0,0,,0
246,595,,0.0,0,0,0,0,,0
247,596,,0.0,0,0,0,0,,0
248,597,,0.0,0,0,0,0,,0
249,598,,0.0,0,0,0,0,,0
250,599,,0.0,0,0,0,0,,0
251,601,,0.0,0,0,0,0,,0
252,602,,0.0,0,0,0,0,,0
253,603,,0.0,0,0,0,0,,0
254,605,,0.0,0,0,0,0,,0
255,606,,0.0,0,0,0,0,,0
256,607,,0.0,0,0,0,0,,0
257,608,,0.0,0,0,0,0,,0
258,609,,0.0,0,0,0,0,,0
259,610,,0.0,0,0,0,0,,0
260,611,,0.0,0,0,0,0,,0
261,612,,0.0,0,0,0,0,,0
262,614,,0.0,0,0,0,0,,0
263,615,,0.0,0,0,0,0,,0
264,616,,0.0,0,0,0,0,,0
265,619,,0.0,0,0,0,0,,0
266,621,,0.0,0,0,0,0,,0
267,623,,0.0,0,0,0,0,,0
268,625,,0.0,0,0,0,0,,0
269,626,,0.0,0,0,0,0,,0
270,630,,0.0,0,0,0,0,,0
271,631,,0.0,0,0,0,0,,0
272,633,,0.0,0,0,0,0,,0
273,634,,0.0,0,0,0,0,,0
274,635,,0.0,0,0,0,0,,0
275,636,,0.0,0,0,0,0,,0
276,637,,0.0,0,0,0,0,,0
277,638,,0.0,0,0,0,0,,0
278,639,,0.0,0,0,0,0,,0
279,641,,0.0,0,0,0,0,,0
280,642,,0.0,0,0,0,0,,0
281,643,,0.0,0,0,0,0,,0
282,644,,0.0,0,0,0,0,,0
283,645,,0.0,0,0,0,0,,0
284,649,,0.0,0,0,0,0,,0
285,650,,0.0,0,0,0,0,,0
286,651,,0.0,0,0,0,0,,0
287,652,,0.0,0,0,0,0,,0
288,653,,0.0,0,0,0,0,,0
289,654,,0.0,0,0,0,0,,0
290,655,,0.0,0,0,0,0,,0
291,656,,0.0,0,0,0,0,,0
292,657,,0.0,0,0,0,0,,0
293,658,,0.0,0,0,0,0,,0
294,659,,0.0,0,0,0,0,,0
295,660,,0.0,0,0,0,0,,0
296,664,,0.0,0,0,0,0,,0
297,668,,0.0,0,0,0,0,,0
298,675,,0.0,0,0,0,0,,0
299,687,,0.0,0,0,0,0,,0
300,688,,0.0,0,0,0,0,,0
301,692,,0.0,0,0,0,0,,0
302,707,,0.0,0,0,0,0,,0
303,708,,0.0,0,0,0,0,,0
304,709,,1099.0,0,0,0,0,,0
305,710,,0.0,0,0,0,0,,0
306,724,,0.0,0,0,0,0,,0
307,725,,0.0,0,0,0,0,,0
308,726,,0.0,0,0,0,0,,0
309,728,,0.0,0,0,0,0,,0
310,730,,0.0,0,0,0,0,,0
311,731,,0.0,0,0,0,0,,0
312,732,,0.0,0,0,0,0,,0
313,737,,0.0,0,0,0,0,,0
314,741,,0.0,0,0,0,0,,0
315,742,,0.0,0,0,0,0,,0
316,746,,2221.0,0,0,0,0,,0
317,749,,0.0,0,0,0,0,,0
318,755,,0.0,0,0,0,0,,0
319,758,,0.0,0,0,0,0,,0
320,759,,0.0,0,0,0,0,,0
321,760,,0.0,0,0,0,0,,0
322,761,,0.0,0,0,0,0,,0
323,763,,100.0,0,0,0,0,,0
324,764,,0.0,0,0,0,0,,0
325,767,,0.0,0,0,0,0,,0
326,768,,0.0,0,0,0,0,,0
327,769,,0.0,0,0,0,0,,0
328,771,,0.0,0,0,0,0,,0
329,772,,0.0,0,0,0,0,,0
330,773,,0.0,0,0,0,0,,0
331,774,,0.0,0,0,0,0,,0
332,775,,0.0,0,0,0,0,,0
333,778,,0.0,0,0,0,0,,0
334,780,,0.0,0,0,0,0,,0
335,781,,0.0,0,0,0,0,,0
336,782,,0.0,0,0,0,0,,0
337,783,,0.0,0,0,0,0,,0
338,784,,0.0,0,0,0,0,,0
339,785,,0.0,0,0,0,0,,0
340,788,,0.0,0,0,0,0,,0
341,789,,0.0,0,0,0,0,,0
342,790,,0.0,0,0,0,0,,0
343,791,,0.0,0,0,0,0,,0
344,792,,0.0,0,0,0,0,,0
345,793,,0.0,0,0,0,0,,0
346,794,,0.0,0,0,0,0,,0
347,795,,0.0,0,0,0,0,,0
348,796,,0.0,0,0,0,0,,0
349,799,,0.0,0,0,0,0,,0
350,800,,0.0,0,0,0,0,,0
351,801,,0.0,0,0,0,0,,0
352,802,,0.0,0,0,0,0,,0
353,803,,0.0,0,0,0,0,,0
354,804,,12.0,1,0,0,0,,0
355,805,,0.0,0,0,0,0,,0
356,806,,0.0,0,0,0,0,,0
357,808,,0.0,0,0,0,0,,0
358,814,,0.0,0,0,0,0,,0
359,815,,0.0,0,0,0,0,,0
360,816,,0.0,0,0,0,0,,0
361,817,,0.0,0,0,0,0,,0
362,818,,0.0,0,0,0,0,,0
363,819,,0.0,0,0,0,0,,0
364,821,,0.0,0,0,0,0,,0
365,822,,0.0,0,0,0,0,,0
366,823,,0.0,0,0,0,0,,0
367,824,,0.0,0,0,0,0,,0
368,825,,0.0,0,0,0,0,,0
369,826,,0.0,0,0,0,0,,0
370,827,,0.0,0,0,0,0,,0
371,828,,0.0,0,0,0,0,,0
372,829,,0.0,0,0,0,0,,0
373,830,,0.0,0,0,0,0,,0
374,832,,0.0,0,0,0,0,,0
375,833,,0.0,0,0,0,0,,0
376,834,,0.0,0,0,0,0,,0
377,837,,0.0,0,0,0,0,,0
378,838,,0.0,0,0,0,0,,0
379,839,,0.0,0,0,0,0,,0
380,840,,0.0,0,0,0,0,,0
381,841,,0.0,0,0,0,0,,0
382,842,,0.0,0,0,0,0,,0
383,843,,0.0,0,0,0,0,,0
384,844,,0.0,0,0,0,0,,0
385,845,,0.0,0,0,0,0,,0
386,847,,0.0,0,0,0,0,,0
387,851,,0.0,0,0,0,0,,0
388,852,,0.0,0,0,0,0,,0
389,853,,0.0,0,0,0,0,,0
390,855,,0.0,0,0,0,0,,0
391,859,,0.0,0,0,0,0,,0
392,865,,0.0,0,0,0,0,,0
393,871,,882.0,0,0,0,0,0.0,0
394,876,,0.0,0,0,0,0,,0
395,877,,0.0,0,0,0,0,,0
396,878,,0.0,0,0,0,0,,0
397,886,,0.0,0,0,0,0,,0
398,888,,0.0,0,0,0,0,,0
399,889,,0.0,0,0,0,0,,0
400,895,,0.0,0,0,0,0,,0
515,899,,0.0,0,0,0,0,,0
516,900,,0.0,0,0,0,0,,0
517,901,,0.0,1,0,0,0,,0
518,903,,80.0,1,0,0,0,,0
519,904,,80.0,0,0,0,0,,0
520,905,,80.0,1,0,0,0,,0
521,907,,16.0,1,0,0,0,,0
522,908,,1340.0,0,0,0,0,,0
523,910,,89.0,1,0,0,0,,0
524,913,,10.0,1,0,0,0,,0
525,914,,10.0,0,0,0,0,,0
526,915,,10.0,0,0,0,0,,0
527,918,,10.0,0,0,0,0,,0
528,919,,10.0,0,0,0,0,,0
529,920,,59.0,1,0,0,0,,0
530,921,,260.0,0,0,0,0,,0
531,922,,0.0,0,0,0,0,0.0,0
532,923,,100112.0,0,0,0,0,,0
534,929,,5.0,0,0,0,0,,0
535,930,,4.0,0,0,0,0,,0
536,932,,5.0,0,0,0,0,,0
537,933,,0.0,0,0,0,0,,0
538,935,,100.0,0,0,0,0,,0
539,936,,4.0,0,0,0,0,,0
540,937,,0.0,0,0,0,0,,0
541,938,,5.0,0,0,0,0,,0
542,939,,5.0,0,0,0,0,,0
543,940,,25.0,0,0,0,0,,0
544,941,,10.0,0,0,0,0,,0
545,942,,84.0,0,0,0,0,,0
546,943,,23.0,1,0,0,0,,0
547,945,,10.0,0,0,0,0,,0
548,953,,10.0,0,0,0,0,,0
549,954,,10.0,0,0,0,0,,0
550,955,,10.0,0,0,0,0,,0
551,956,,10.0,0,0,0,0,,0
552,958,,10.0,0,0,0,0,,0
553,959,,10.0,0,0,0,0,,0
554,963,,5.0,0,0,0,0,,0
555,977,,5.0,0,0,0,0,,0
556,980,,5.0,0,0,0,0,,0
557,982,,10.0,0,0,0,0,,0
558,984,,30.0,0,0,0,0,,0
559,986,,10.0,0,0,0,0,,0
560,987,,8.0,0,0,0,0,,0
561,989,,160.0,0,0,0,0,,0
562,1000,,130.0,0,0,0,0,,0
563,1002,,10.0,0,0,0,0,,0
564,1004,,10.0,0,0,0,0,,0
565,1003,,10.0,0,0,0,0,,0
566,1001,,10.0,0,0,0,0,,0
567,1005,,10.0,0,0,0,0,,0
568,1006,,10.0,0,0,0,0,,0
569,1007,,10.0,0,0,0,0,,0
570,1009,,111.0,0,0,0,0,,0
571,1010,,10.0,0,0,0,0,,0
572,1011,,10.0,0,0,0,0,,0
573,1012,,10.0,0,0,0,0,,0
574,1013,,100.0,0,0,0,0,,0
575,1014,,5.0,0,0,0,0,,0
576,1015,,10.0,0,0,0,0,,0
577,1017,,10.0,0,0,0,0,,0
578,1018,,122.0,0,0,0,0,,0
579,1019,,240.0,0,0,0,0,,0
580,1020,,70.0,0,0,0,0,,0
581,1021,,10.0,0,0,0,0,,0
582,1022,,10.0,0,0,0,0,,0
583,1023,,8.0,0,0,0,0,,0
584,1024,,20.0,0,0,0,0,,0
585,1025,,330.0,0,0,0,0,,0
586,1026,,7.0,0,0,0,0,,0
587,1027,,30.0,0,0,0,0,,0
588,1028,,10.0,0,0,0,0,,0
589,1029,,10.0,0,0,0,0,,0
590,1030,,50.0,0,0,0,0,,0
591,1033,,30.0,1,0,0,0,,0
592,1034,,10.0,0,0,0,0,,0
593,1035,,10.0,0,0,0,0,,0
594,1036,,10.0,0,0,0,0,,0
595,1037,,10.0,0,0,0,0,,0
596,1038,,10.0,0,0,0,0,,0
597,1039,,10.0,0,0,0,0,,0
598,1040,,7.0,0,0,0,0,,0
599,1041,,10.0,0,0,0,0,0.0,0
600,1042,,30.0,0,0,0,0,0.0,0
601,1044,,173.0,0,0,0,0,0.0,0
602,1045,,340.0,0,0,0,0,0.0,0
603,1047,,10.0,0,0,0,0,0.0,0
604,1048,,221.0,0,0,0,0,0.0,0
605,1049,,308.0,0,0,0,0,0.0,0
606,1051,,10.0,0,0,0,0,1.0,0
607,1057,,53.0,0,0,0,0,0.0,0
608,1058,,10.0,0,0,0,0,0.0,0
609,1059,,5.0,1,0,0,0,1.0,0
610,1060,,10.0,0,0,0,0,0.0,0
611,1061,,5.0,0,0,0,0,1.0,0
612,1062,,5.0,0,0,0,0,0.0,0
613,1063,,5.0,0,0,0,0,1.0,0
614,1064,,10.0,0,0,0,0,0.0,0
615,1065,,10.0,0,0,0,0,0.0,0
616,1066,,0.0,0,0,0,0,0.0,0
617,1067,,0.0,0,0,0,0,0.0,0
618,1068,,20.0,0,0,0,0,0.0,0
619,1069,,111.0,0,0,0,0,0.0,0
620,1070,,50.0,0,0,0,0,0.0,0
621,1071,,20.0,0,0,0,0,0.0,0
622,1072,,100.0,0,0,0,0,0.0,0
623,1073,,0.0,0,0,0,0,0.0,0
624,1074,,25.0,0,0,0,0,0.0,0
625,1081,,25.0,0,0,0,0,0.0,0
626,1082,,0.0,0,0,0,0,0.0,0
627,1083,,0.0,0,0,0,0,0.0,0
628,1084,,25.0,0,0,0,0,0.0,0
629,1085,,50.0,0,0,0,0,0.0,0
630,1086,,0.0,0,0,0,0,0.0,0
631,1087,,0.0,0,0,0,0,0.0,0
632,1088,,100.0,0,0,0,0,0.0,0
633,1089,,100.0,0,0,0,0,0.0,0
634,1090,,222.0,0,0,0,0,0.0,0
635,1091,,0.0,0,0,0,0,0.0,0
636,1092,,100.0,0,0,0,0,0.0,0
637,1093,,10.0,0,0,0,0,0.0,0
638,1094,,0.0,0,0,0,0,0.0,0
639,1095,,0.0,0,0,0,0,0.0,0
640,1096,,0.0,0,0,0,0,0.0,0
641,1097,,100.0,0,0,0,0,0.0,0
642,1098,,0.0,0,0,0,0,0.0,0
643,1099,,100.0,0,0,0,0,0.0,0
644,1100,,100.0,0,0,0,0,0.0,0
645,1101,,100.0,0,0,0,0,0.0,0
646,1102,,100.0,0,0,0,0,0.0,0
647,1103,,100.0,0,0,0,0,0.0,0
648,1104,,100.0,0,0,0,0,0.0,0
649,1105,,0.0,0,0,0,0,0.0,0
650,1107,,0.0,0,0,0,0,0.0,0
651,1109,,210.0,0,0,0,0,0.0,0
652,1110,,210.0,0,0,0,0,0.0,0
653,1111,,1100.0,0,0,0,0,0.0,0
654,1112,,1100.0,0,0,0,0,0.0,0
655,1113,,0.0,0,0,0,0,0.0,0
656,1114,,0.0,0,0,0,0,0.0,0
657,1115,,100.0,0,0,0,0,0.0,0
658,1116,,100.0,0,0,0,0,0.0,0
659,1117,,100.0,0,0,0,0,0.0,0
660,1118,,1100.0,0,0,0,0,0.0,0
661,1119,,1100.0,0,0,0,0,0.0,0
662,1120,,1100.0,0,0,0,0,0.0,0
663,1121,,1100.0,0,0,0,0,0.0,0
664,1122,,100.0,0,0,0,0,0.0,0
665,1123,,100.0,0,0,0,0,0.0,0
666,1124,,0.0,0,0,0,0,0.0,0
667,1125,,0.0,0,0,0,0,0.0,0
668,1126,,0.0,0,0,0,0,0.0,0
669,1127,,0.0,0,0,0,0,0.0,0
670,1128,,0.0,0,0,0,0,0.0,0
671,1130,,100.0,0,0,0,0,0.0,0
672,1131,,0.0,0,0,0,0,0.0,0
673,1132,,1100.0,0,0,0,0,0.0,0
674,1133,,100.0,0,0,0,0,0.0,0
675,1134,,0.0,0,0,0,0,0.0,0
676,1135,,0.0,0,0,0,0,0.0,0
678,1137,,0.0,0,0,0,0,0.0,0
679,1138,,210.0,0,0,0,0,0.0,0
680,1139,,210.0,0,0,0,0,0.0,0
681,1140,,100.0,0,0,0,0,0.0,0
682,1141,,0.0,0,0,0,0,0.0,0
683,1142,,100.0,0,0,0,0,0.0,0
684,1143,,210.0,0,0,0,0,0.0,0
685,1144,,0.0,0,0,0,0,0.0,0
686,1145,,0.0,0,0,0,0,0.0,0
687,1146,,1120.0,0,0,0,0,0.0,0
688,1147,,210.0,0,0,0,0,0.0,0
689,1148,,210.0,0,0,0,0,0.0,0
690,1149,,210.0,1,0,0,0,0.0,0
691,1150,,1500.0,1,0,0,0,0.0,0
692,1151,,500.0,0,0,0,0,0.0,0
693,1152,,0.0,0,0,0,0,0.0,0
694,1153,,210.0,0,0,0,0,0.0,0
695,1154,,0.0,0,0,0,0,0.0,0
696,1155,,100.0,0,0,0,0,0.0,0
697,1156,,210.0,0,0,0,0,0.0,0
698,1157,,100.0,0,0,0,0,0.0,0
699,1158,,210.0,0,0,0,0,0.0,0
700,1159,,100.0,0,0,0,0,0.0,0
701,1160,,1100.0,0,0,0,0,0.0,0
702,1161,,0.0,0,0,0,0,0.0,0
703,1162,,0.0,0,0,0,0,0.0,0
704,1163,,1100.0,0,0,0,0,0.0,0
705,1164,,543.0,0,0,0,0,0.0,0
706,1165,,0.0,0,0,0,0,0.0,0
707,1166,,0.0,0,0,0,0,0.0,0
708,1167,,1300.0,0,0,0,0,0.0,0
709,1168,,1100.0,0,0,0,0,0.0,0
710,1169,,1100.0,0,0,0,0,0.0,0
711,1170,,5.0,0,0,0,0,1.0,0
712,1171,,5.0,0,0,0,0,1.0,0
713,1172,,5.0,0,0,0,0,1.0,0
715,1174,,5.0,0,0,0,0,1.0,0
716,1177,,5.0,0,0,0,0,1.0,0
717,1178,,10.0,0,0,0,0,1.0,0
718,1179,,210.0,0,0,0,0,0.0,0
720,1181,,0.0,0,0,0,0,0.0,0
721,1182,,0.0,0,0,0,0,0.0,0
722,1183,,1100.0,0,0,0,0,0.0,0
723,1184,,2000.0,0,0,0,0,0.0,0
724,1185,,30.0,0,0,0,0,1.0,0
725,1186,,1100.0,0,0,0,0,0.0,0
726,1187,,5.0,0,0,0,0,1.0,0
727,1188,,5.0,0,0,0,0,1.0,0
728,1189,,1100.0,0,0,0,0,0.0,0
729,1190,,10.0,0,0,0,0,1.0,0
730,1191,,131.0,0,0,0,0,1.0,0
731,1192,,15.0,0,0,0,0,1.0,0
732,1193,,0.0,0,0,0,0,0.0,0
733,1195,,0.0,0,0,0,0,0.0,0
734,1196,,2000.0,0,0,0,0,0.0,0
735,1197,,0.0,0,0,0,0,0.0,0
736,1198,,1100.0,0,0,0,0,0.0,0
737,1199,,2000.0,0,0,0,0,0.0,0
738,1200,,1100.0,0,0,0,0,0.0,0
739,1201,,100.0,0,0,0,0,0.0,0
740,1202,,1100.0,0,0,0,0,0.0,0
741,1203,,0.0,0,0,0,0,0.0,0
742,1204,,131.0,0,0,0,0,0.0,0
743,1205,,0.0,0,0,0,0,0.0,0
744,1206,,0.0,0,0,0,0,0.0,0
745,1207,,0.0,0,0,0,0,0.0,0
746,1208,,600.0,0,0,0,0,0.0,0
747,1209,,0.0,0,0,0,0,0.0,0
748,1210,,1211.0,0,0,0,0,0.0,0
749,1211,,0.0,0,0,0,0,0.0,0
750,1214,,1100.0,0,0,0,0,0.0,0
751,1215,,207.0,0,0,0,0,0.0,0
752,1221,,100.0,0,0,0,0,0.0,0
753,1222,,0.0,0,0,0,0,0.0,0
754,1233,,97.0,0,0,0,0,0.0,0
755,1235,,500000.0,0,0,1,0,0.0,0
756,1236,,0.0,0,0,0,0,0.0,0
757,1237,,97.0,0,0,0,0,0.0,0
758,1238,,100.0,0,0,0,0,0.0,0
759,1239,,100.0,0,0,0,0,0.0,0
760,1240,,97.0,0,0,0,0,0.0,0
761,1242,,100.0,0,0,0,0,0.0,0
762,1243,,100.0,0,0,0,0,0.0,0
763,1244,,100.0,0,0,0,0,0.0,0
764,1246,,0.0,0,0,0,0,0.0,0
765,1247,,0.0,0,0,0,0,0.0,0
766,1248,,100.0,0,0,0,0,0.0,0
767,1249,,0.0,0,0,0,0,0.0,0
768,1250,,0.0,0,0,0,0,0.0,0
769,1251,,0.0,0,0,0,0,0.0,0
770,1252,,0.0,0,0,0,0,0.0,0
771,1253,,0.0,0,0,0,0,0.0,0
772,1254,,93.0,0,0,0,0,0.0,0
773,1255,,0.0,0,0,0,0,0.0,0
774,1257,,100.0,0,0,0,0,0.0,0
775,1258,,0.0,0,0,0,0,0.0,0
776,1259,,0.0,0,0,0,0,0.0,0
778,1261,,0.0,0,0,0,0,0.0,0
779,1268,,100.0,0,0,0,0,0.0,0
780,1269,,89.0,0,0,0,0,0.0,0
781,1271,,68.0,0,0,0,0,0.0,0
782,1273,,28.0,0,0,0,0,0.0,0
783,1275,,1100.0,0,0,0,0,0.0,0
784,1276,,469.0,0,0,0,0,0.0,0
785,1278,,100.0,0,0,0,0,0.0,0
786,1280,,100.0,0,0,0,0,0.0,0
787,1281,,100.0,0,0,0,0,0.0,0
788,1282,,0.0,0,0,0,0,0.0,0
789,1283,,0.0,0,0,0,0,0.0,0
790,1284,,1302.0,0,0,0,0,0.0,0
791,1285,,500.0,0,0,0,0,0.0,0
792,1286,,1100.0,0,0,0,0,0.0,0
793,1287,,0.0,0,0,0,0,0.0,0
794,1288,,100.0,0,0,0,0,0.0,0
795,1289,,25903.0,0,0,0,0,0.0,0
796,1290,,1100.0,0,0,0,0,0.0,0
797,1291,,100.0,0,0,0,0,0.0,0
798,1292,,812.0,0,0,0,0,0.0,0
799,1293,,10.0,0,0,0,0,1.0,0
800,1295,,100.0,0,0,0,0,0.0,0
801,1303,,0.0,0,0,0,0,0.0,0
802,1304,,210.0,0,0,0,0,0.0,0
803,1305,,20.0,0,0,0,0,1.0,0
804,1307,,14.0,0,0,0,0,1.0,0
805,1308,,5.0,0,0,0,0,1.0,0
806,1309,,10.0,0,0,0,0,1.0,0
807,1310,,1100.0,0,0,0,0,0.0,0
808,1312,,105.0,0,0,0,0,1.0,0
809,1313,,109.0,0,0,0,0,0.0,0
810,1314,,109.0,0,0,0,0,0.0,0
811,1316,,100.0,0,0,0,0,0.0,0
825,1341,,100.0,0,0,0,0,0.0,0
826,1342,,100.0,0,0,0,0,0.0,0
827,1343,,100.0,0,0,0,0,0.0,0
828,1344,,100.0,0,0,0,0,0.0,0
829,1345,,0.0,0,0,0,0,0.0,0
830,1346,,210.0,0,0,0,0,0.0,0
831,1347,,100.0,0,0,0,0,0.0,0
832,1348,,0.0,0,0,0,0,0.0,0
833,1350,,100.0,0,0,0,0,0.0,0
834,1351,,221.0,0,0,0,0,0.0,0
835,1352,,0.0,0,0,0,0,0.0,0
836,1353,,100.0,0,0,0,0,0.0,0
837,1354,,100.0,0,0,0,0,0.0,0
838,1355,,100.0,0,0,0,0,0.0,0
839,1356,,100.0,0,0,0,0,0.0,0
840,1357,,100.0,0,0,0,0,0.0,0
841,1358,,100.0,0,0,0,0,0.0,0
842,1359,,100.0,0,0,0,0,0.0,0
843,1361,,1500.0,0,1,0,0,0.0,0
844,1363,,100.0,0,0,0,0,0.0,0
845,1364,,20.0,0,0,0,0,1.0,0
846,1365,,0.0,0,0,0,0,0.0,0
847,1366,,1500.0,0,1,0,0,0.0,0
848,1367,,200.0,0,0,0,0,0.0,0
849,1368,,0.0,0,0,0,0,0.0,0
850,1369,,91.0,0,0,0,0,0.0,0
851,1371,,107.0,0,0,0,0,0.0,0
852,1372,,78.0,0,0,1,0,0.0,0
853,1373,,210.0,0,0,0,0,0.0,0
854,1375,,1500.0,0,1,0,0,0.0,0
855,1376,,4000.0,0,1,0,0,0.0,0
856,1377,,100.0,0,0,0,0,0.0,0
857,1394,,0.0,0,0,0,0,0.0,0
858,1395,,100.0,0,0,0,0,0.0,0
859,1396,,0.0,0,0,0,0,0.0,0
860,1400,,0.0,0,0,0,0,0.0,0
861,1401,,0.0,0,0,0,0,0.0,0
862,1402,,100.0,0,0,0,0,0.0,0
863,1403,,0.0,0,0,0,0,0.0,0
864,1404,,1194.0,0,0,0,0,0.0,0
865,1405,,1100.0,0,0,0,0,0.0,0
866,1406,,122.0,0,0,0,0,0.0,0
867,1407,,100.0,0,0,0,0,0.0,0
868,1408,,0.0,0,0,0,0,0.0,0
869,1409,,0.0,0,0,0,0,0.0,0
870,1410,,292.0,0,0,0,0,0.0,0
871,1411,,0.0,0,0,0,0,0.0,0
872,1412,,81.0,0,0,0,0,0.0,0
873,1413,,100.0,0,0,0,0,0.0,0
874,1414,,100.0,0,0,0,0,0.0,0
875,1417,,1500.0,0,1,0,0,0.0,0
876,1418,,1500.0,0,1,0,0,0.0,0
877,1419,,1500.0,0,1,0,0,0.0,0
878,1420,,1500.0,0,1,0,0,0.0,0
879,1421,,1500.0,0,1,0,0,0.0,0
880,1422,,1100.0,0,0,0,0,0.0,0
881,1423,,1500.0,0,1,0,0,0.0,0
882,1424,,1500.0,0,1,0,0,0.0,0
883,1425,,1500.0,0,1,0,0,0.0,0
884,1426,,1500.0,0,1,0,0,0.0,0
885,1427,,1500.0,0,1,0,0,0.0,0
886,1428,,1500.0,0,1,0,0,0.0,0
887,1429,,1500.0,0,1,0,0,0.0,0
888,1430,,1495.5,0,1,0,0,0.0,0
889,1431,,1100.0,0,0,0,0,0.0,0
890,1432,,100.0,0,0,0,0,0.0,0
891,1433,,1500.0,0,1,0,0,0.0,0
892,1434,,4000.0,0,1,0,0,0.0,0
893,1435,,550.0,0,0,0,0,0.0,0
894,1436,,550.0,0,0,0,0,0.0,0
895,1437,,550.0,0,0,0,0,0.0,0
896,1438,,550.0,0,0,0,0,0.0,0
897,1439,,200.0,0,0,0,0,0.0,0
898,1440,,100.0,0,0,0,0,0.0,0
899,1441,,1500.0,0,1,0,0,0.0,0
900,1443,,550.0,0,0,0,0,0.0,0
901,1444,,1500.0,0,1,0,0,0.0,0
902,1445,,550.0,0,0,0,0,0.0,0
903,1446,,4000.0,0,1,0,0,0.0,0
904,1447,,4000.0,0,1,0,0,0.0,0
905,1448,,4000.0,0,1,0,0,0.0,0
906,1449,,550.0,0,0,0,0,0.0,0
907,1450,,550.0,0,0,0,0,0.0,0
908,1451,,550.0,0,0,0,0,0.0,0
909,1452,,1500.0,0,1,0,0,0.0,0
910,1453,,1500.0,0,1,0,0,0.0,0
911,1454,,1500.0,0,1,0,0,0.0,0
912,1455,,1500.0,0,1,0,0,0.0,0
913,1458,,1500.0,0,1,0,0,0.0,0
914,1459,,1500.0,0,1,0,0,0.0,0
915,1460,,1500.0,0,1,0,0,0.0,0
916,1461,,1500.0,0,1,0,0,0.0,0
917,1462,,1500.0,0,1,0,0,0.0,0
918,1463,,1500.0,0,1,0,0,0.0,0
919,1464,,1500.0,0,1,0,0,0.0,0
920,1465,,1500.0,0,1,0,0,0.0,0
921,1466,,1500.0,0,1,0,0,0.0,0
922,1467,,1500.0,0,1,0,0,0.0,0
923,1468,,750.0,0,0,0,0,0.0,0
924,1469,,1500.0,0,1,0,0,0.0,0
925,1470,,1500.0,0,1,0,0,0.0,0
926,1471,,1500.0,0,1,0,0,0.0,0
927,1472,,1611.0,0,1,0,0,0.0,0
928,1477,,100.0,0,0,0,0,0.0,0
929,1478,,550.0,0,0,0,0,0.0,0
930,1479,,550.0,0,0,0,0,0.0,0
931,1480,,100.0,0,0,0,0,0.0,0
932,1481,,550.0,0,0,0,0,0.0,0
933,1482,,550.0,0,0,0,0,0.0,0
934,1483,,100.0,0,0,0,0,0.0,0
935,1484,,1500.0,0,1,0,0,0.0,0
936,1485,,1500.0,0,1,0,0,0.0,0
937,1487,,99.0,0,0,0,0,0.0,0
938,1488,,100.0,0,0,0,0,0.0,0
939,1489,,100.0,0,0,0,0,0.0,0
940,1490,,110.0,0,0,0,0,0.0,0
956,1520,,694.0,0,0,0,0,0.0,0
958,1525,,38.75,0,0,0,0,0.0,0
960,1528,,4000.0,0,1,0,0,0.0,0
974,1547,,1497.0,0,1,0,0,0.0,0
996,1582,,0.0,0,0,0,0,0.0,0
997,1583,,200.0,0,0,0,0,0.0,0
998,1584,,284.0,0,0,0,0,0.0,0
999,1585,,550.0,0,0,0,0,0.0,0
1000,1586,,550.0,0,0,0,0,0.0,0
1001,1587,,294.0,0,0,0,0,0.0,0
1002,1589,,1500.0,0,1,0,0,0.0,0
1003,1592,,536.0,0,0,0,0,0.0,0
1004,1593,,0.0,0,0,0,0,0.0,0
1005,1594,,550.0,0,0,0,0,0.0,0
1006,1595,,1500.0,0,1,0,0,0.0,0
1008,1598,,50008.33,0,1,0,0,0.0,0
1009,1599,,0.0,1,0,0,0,0.0,0
1010,1600,,6998.9,0,1,0,0,0.0,0
1011,1602,,641.0,0,0,0,0,0.0,0
1012,1603,,650.0,0,0,0,0,0.0,0
1013,1605,,650.0,0,0,0,0,0.0,0
1014,1606,,650.0,0,0,0,0,0.0,0
1015,1607,,648.0,0,0,0,0,0.0,0
1016,1608,,2389.0,0,0,0,0,0.0,0
1017,1609,,650.0,0,0,0,0,0.0,0
1018,1610,,2400.0,0,0,0,0,0.0,0
1019,1611,,650.0,0,0,0,0,0.0,0
1020,1612,,650.0,0,0,0,0,0.0,0
1021,1613,,650.0,0,0,0,0,0.0,0
1022,1614,,650.0,0,0,0,0,0.0,0
1023,1615,,650.0,0,0,0,0,0.0,0
1024,1616,,200.0,0,0,0,0,0.0,0
1025,1617,,650.0,0,0,0,0,0.0,0
1026,1618,,1600.0,0,1,0,0,0.0,0
1027,1619,,650.0,0,0,0,0,0.0,0
1028,1620,,650.0,0,0,0,0,0.0,0
1029,1621,,650.0,0,0,0,0,0.0,0
1030,1627,,643.0,0,0,0,0,0.0,0
1031,1636,,650.0,0,0,0,0,0.0,0
1032,1637,,197.0,0,0,0,0,0.0,0
1033,1638,,1600.0,0,1,0,0,0.0,0
1034,1639,,1600.0,0,1,0,0,0.0,0
1035,1640,,650.0,0,0,0,0,0.0,0
1036,1641,,200.0,0,0,0,0,0.0,0
1037,1642,,650.0,0,0,0,0,0.0,0
1038,1643,,1600.0,0,1,0,0,0.0,0
1039,1644,,2400.0,0,0,0,0,0.0,0
1040,1645,,4100.0,0,1,0,0,0.0,0
1041,1646,,200.0,0,0,0,0,0.0,0
1042,1647,,650.0,0,0,0,0,0.0,0
1043,1653,,4100.0,0,1,0,0,0.0,0
1044,1655,,830.0,0,0,0,0,0.0,0
1045,1657,,7113.08,0,1,0,0,0.0,0
1046,1658,,649.0,0,0,0,0,0.0,0
1047,1660,,200.0,0,0,0,0,0.0,0
1048,1661,,1600.0,0,1,0,0,0.0,0
1049,1670,,1598.5,0,1,0,0,0.0,0
1050,1674,,650.0,0,0,0,0,0.0,0
1051,1683,,100.0,0,0,0,0,0.0,0
1052,1684,,167.0,0,0,0,0,0.0,0
1053,1691,,200.0,0,0,0,0,0.0,0
1054,1692,,174.0,0,0,0,0,0.0,0
1055,1693,,650.0,0,0,0,0,0.0,0
1056,1697,,642.0,0,0,0,0,0.0,0
1057,1700,,199.0,0,0,0,0,0.0,0
1058,1702,,650.0,0,0,0,0,0.0,0
1059,1703,,200.0,0,0,0,0,0.0,0
1060,1705,,1600.0,0,1,0,0,0.0,0
1061,1706,,1595.5,0,1,0,0,0.0,0
1062,1710,,624.0,0,0,0,0,0.0,0
1063,1713,,280.0,0,0,0,0,0.0,0
1064,1715,,180.0,0,0,0,0,0.0,0
1065,1717,,180.0,0,0,0,0,0.0,0
1066,1719,,1580.0,0,1,0,0,0.0,0
1067,1722,,629.0,0,0,0,0,0.0,0
1068,1724,,624.0,0,0,0,0,0.0,0
1069,1725,,629.0,0,0,0,0,0.0,0
1070,1726,,622.0,0,0,0,0,0.0,0
1071,1727,,1580.0,0,1,0,0,0.0,0
1072,1728,,180.0,0,0,0,0,0.0,0
1073,1729,,5.0,0,0,0,0,1.0,0
1074,1730,,1235.0,0,0,0,0,0.0,0
1075,1742,,630.0,0,0,0,0,0.0,0
1076,1743,,80.0,0,0,0,0,0.0,0
1077,1745,,630.0,0,0,0,0,0.0,0
1078,1746,,5.0,0,0,0,0,1.0,0
1079,1748,,156.0,0,0,0,0,0.0,0
1080,1762,,5.0,0,0,0,0,1.0,0
1081,1763,,2.0,0,0,0,0,1.0,0
1082,1766,,628.0,0,0,0,0,0.0,0
1083,1769,,598.0,0,0,0,0,0.0,0
1084,1770,,1580.0,0,1,0,0,0.0,0
1085,1774,,1572.5,0,1,0,0,0.0,0
1086,1776,,628.0,0,0,0,0,0.0,0
1087,1778,,180.0,0,0,0,0,0.0,0
1088,1781,,180.0,0,0,0,0,0.0,0
1089,1782,,630.0,0,0,0,0,0.0,0
1090,1785,,180.0,0,0,0,0,0.0,0
1091,1787,,1580.0,0,1,0,0,0.0,0
1092,1796,,180.0,0,0,0,0,0.0,0
1093,1800,,180.0,0,0,0,0,0.0,0
1094,1801,,180.0,0,0,0,0,0.0,0
1095,1802,,627.0,0,0,0,0,0.0,0
1096,1810,,180.0,0,0,0,0,0.0,0
1097,1811,,180.0,0,0,0,0,0.0,0
1098,1828,,80.0,0,0,1,0,0.0,0
1099,1839,,300.0,0,1,0,0,0.0,0
1100,1841,,730.0,0,0,0,0,0.0,0
1101,1842,,100.0,0,0,0,0,0.0,0
1102,1843,,2380.0,0,0,0,0,0.0,0
1103,1850,,630.0,0,0,0,0,0.0,0
1104,1851,,630.0,0,0,0,0,0.0,0
1105,1852,,626.0,0,0,0,0,0.0,0
1106,1853,,630.0,0,0,0,0,0.0,0
1107,1854,,180.0,0,0,0,0,0.0,0
1108,1856,,1578.5,0,1,0,0,0.0,0
1109,1858,,1580.0,0,1,0,0,0.0,0
1110,1859,,189.0,0,0,0,0,0.0,0
1111,1867,,180.0,0,0,0,0,0.0,0
1112,1868,,1580.0,0,1,0,0,0.0,0
1113,1870,,4078.67,0,1,0,0,0.0,0
1114,1873,110.0,882.0,0,0,0,0,0.0,1
1115,1876,,1580.0,0,1,0,0,0.0,0
1116,1877,,4080.0,0,1,0,0,0.0,0
1117,1878,,190.0,0,0,0,0,0.0,0
1118,1883,,505.0,0,0,0,0,0.0,0
1119,1885,,1590.0,0,1,0,0,0.0,0
1120,1888,,239.0,0,0,0,0,0.0,0
1121,1889,,191.0,0,0,0,0,0.0,0
1122,1890,,116.0,0,0,0,0,0.0,0
1123,1891,,170.0,0,0,0,0,0.0,0
1124,1895,,1580.0,0,1,0,0,0.0,0
1125,1896,,1580.0,0,1,0,0,0.0,0
1126,1897,,630.0,0,0,0,0,0.0,0
1127,1900,,740.0,0,0,0,0,0.0,0
1128,1903,,180.0,0,0,0,0,0.0,0
1129,1904,,90.0,0,0,0,0,0.0,0
1131,1906,,146.0,0,0,0,0,0.0,0
1132,1907,,146.0,0,0,0,0,0.0,0
1134,1909,,89.0,0,0,0,0,0.0,0
1135,1910,,92.0,0,0,0,0,0.0,0
1136,1911,,4080.0,0,1,0,0,0.0,0
1137,1912,,1580.0,0,1,0,0,0.0,0
1138,1913,,1580.0,0,1,0,0,0.0,0
1139,1914,,97.0,0,0,0,0,0.0,0
1140,1915,,200.0,0,0,0,0,0.0,0
1141,1916,,200.0,0,0,0,0,0.0,0
1142,1917,,80.0,0,0,0,0,0.0,0
1143,1918,,1577.0,0,1,0,0,0.0,0
1144,1919,,100.0,0,0,0,0,0.0,0
1145,1920,,1580.0,0,1,0,0,0.0,0
1146,1921,,1580.0,0,1,0,0,0.0,0
1147,1922,,10.0,0,0,0,0,1.0,0
1148,1923,,1580.0,0,1,0,0,0.0,0
1149,1924,,630.0,0,0,0,0,0.0,0
1150,1925,,1562.0,0,1,0,0,0.0,0
1151,1926,,1580.0,0,1,0,0,0.0,0
1152,1927,,1580.0,0,1,0,0,0.0,0
1153,1928,,180.0,0,0,0,0,0.0,0
1154,1929,,1580.0,0,1,0,0,0.0,0
1155,1930,,90.0,0,0,0,0,0.0,0
1156,1931,,4080.0,0,1,0,0,0.0,0
1157,1933,,1580.0,0,1,0,0,0.0,0
1158,1934,,630.0,0,0,0,0,0.0,0
1159,1935,,380.0,0,0,0,0,0.0,0
1160,1936,,92.0,0,0,0,0,0.0,0
1161,1942,,89.0,0,0,0,0,0.0,0
1162,1943,,1580.0,0,1,0,0,0.0,0
1163,1946,,180.0,0,0,0,0,0.0,0
1164,1955,,660.0,0,0,0,0,0.0,0
1165,1956,,1580.0,0,1,0,0,0.0,0
1166,1960,,2430.0,0,0,0,0,0.0,0
1167,1968,,630.0,0,0,0,0,0.0,0
1168,1986,,121.0,0,0,0,0,0.0,0
1169,1988,,231.0,0,0,0,0,0.0,0
1170,2009,,179.0,0,0,0,0,0.0,0
1171,2010,,130.0,0,0,0,0,0.0,0
1172,2011,,81.0,0,0,0,0,0.0,0
1173,2012,,107.0,0,0,0,0,0.0,0
1174,2013,,130.0,0,0,0,0,0.0,0
1175,2017,,547.0,0,0,0,0,0.0,0
1176,2021,,621.0,0,0,0,0,0.0,0
1177,2024,,1580.0,0,1,0,0,0.0,0
1178,2026,,630.0,0,0,0,0,0.0,0
1179,2027,,630.0,0,0,0,0,0.0,0
1180,2028,,90.0,0,0,0,0,0.0,0
1181,2031,,301.0,0,0,0,0,0.0,0
1182,2032,,180.0,0,0,0,0,0.0,0
1183,2039,,80.0,0,0,0,0,0.0,0
1184,2041,,630.0,0,0,0,0,0.0,0
1185,2042,,630.0,0,0,0,0,0.0,0
1186,2045,,626.0,0,0,0,0,0.0,0
1187,2046,,1926.0,0,0,0,0,0.0,0
1188,2055,,629.0,0,0,0,0,0.0,0
1189,2056,,630.0,0,0,0,0,0.0,0
1190,2057,,630.0,0,0,0,0,0.0,0
1191,2071,,80.0,0,0,0,0,0.0,0
1192,2090,,90.0,0,0,0,0,0.0,0
1193,2095,,630.0,0,0,0,0,0.0,0
1194,2096,,630.0,0,0,0,0,0.0,0
1195,2097,,630.0,0,0,0,0,0.0,0
1196,2098,,80.0,0,0,0,0,0.0,0
1197,2103,,80.0,0,0,0,0,0.0,0
1198,2107,,1500.0,0,1,0,0,0.0,0
1199,2110,,230.0,0,0,0,0,0.0,0
1200,2111,,208.0,0,0,0,0,0.0,0
1201,2112,,150.0,0,0,0,0,0.0,0
1202,2113,,580.0,0,0,0,0,0.0,0
1203,2114,,85.0,0,0,0,0,0.0,0
1204,2115,,150.0,0,0,0,0,0.0,0
1205,2116,,180.0,0,0,0,0,0.0,0
1206,2117,,150.0,0,0,0,0,0.0,0
1207,2118,,279.0,0,0,0,0,0.0,0
1208,2120,,1850.0,0,1,0,0,0.0,0
1209,2121,,4800.0,0,1,0,0,0.0,0
1210,2122,,4080.0,0,1,0,0,0.0,0
1211,2123,,180.0,0,0,0,0,0.0,0
1212,2124,,4080.0,0,1,0,0,0.0,0
1213,2125,,180.0,0,0,0,0,0.0,0
1214,2126,,180.0,0,0,0,0,0.0,0
1215,2127,,4080.0,0,1,0,0,0.0,0
1216,2128,,90.0,0,1,0,0,0.0,0
1217,2129,,140.0,0,0,0,0,0.0,0
1218,2130,,630.0,0,0,0,0,0.0,0
1219,2131,,1580.0,0,1,0,0,0.0,0
1220,2132,,1580.0,0,1,0,0,0.0,0
1221,2133,,1420.0,0,0,0,0,0.0,0
1222,2134,,630.0,0,0,0,0,0.0,0
1223,2135,,130.0,0,0,0,0,0.0,0
1224,2136,,82.0,0,0,0,0,0.0,0
1225,2137,,85.0,0,0,0,0,0.0,0
1226,2138,,82.0,0,0,0,0,0.0,0
1227,2139,,85.0,0,0,0,0,0.0,0
1228,2140,,85.0,0,0,0,0,0.0,0
1229,2141,,82.0,0,0,0,0,0.0,0
1230,2142,,202.0,0,0,0,0,0.0,0
1231,2143,,201.0,0,0,0,0,0.0,0
1232,2145,,630.0,0,0,0,0,0.0,0
1233,2153,,630.0,0,0,0,0,0.0,0
1234,2154,,290.0,0,0,0,0,0.0,0
1235,2155,,1556.0,0,1,0,0,0.0,0
1236,2156,,640.0,0,0,0,0,0.0,0
1237,2157,,829.0,0,0,0,0,0.0,0
1238,2168,,1628.0,0,0,0,0,0.0,0
1239,2169,,499999.0,0,0,0,0,0.0,0
1240,2170,,1580.0,0,1,0,0,0.0,0
1241,2171,,630.0,0,0,0,0,0.0,0
1242,2172,,1580.0,0,1,0,0,0.0,0
1243,2173,,1580.0,0,1,0,0,0.0,0
1244,2174,,1580.0,0,1,0,0,0.0,0
1245,2175,,630.0,0,0,0,0,0.0,0
1246,2178,,95.0,0,0,0,0,0.0,0
1247,2181,,630.0,0,0,0,0,0.0,0
1248,2182,,5.0,0,0,0,0,1.0,0
1249,2183,,1559.0,0,1,0,0,0.0,0
1250,2184,,630.0,0,0,0,0,0.0,0
1251,2185,,1580.0,0,1,0,0,0.0,0
1252,2186,,628.0,0,0,0,0,0.0,0
1253,2187,,622.0,0,0,0,0,0.0,0
1254,2188,,380.0,0,0,0,0,0.0,0
1255,2189,,117.0,0,0,0,0,0.0,0
1256,2190,,298.0,0,0,0,0,0.0,0
1257,2191,,630.0,0,0,0,0,0.0,0
1258,2192,,5.0,0,0,0,0,1.0,0
1259,2193,,5.0,0,0,0,0,1.0,0
1260,2194,,630.0,0,0,0,0,0.0,0
1261,2196,,508.0,0,0,0,0,0.0,0
1262,2203,,1580.0,0,1,0,0,0.0,0
1263,2206,,630.0,0,0,0,0,0.0,0
1264,2208,,180.0,0,0,0,0,0.0,0
1265,2209,,180.0,0,0,0,0,0.0,0
1266,2214,,1580.0,0,1,0,0,0.0,0
1267,2215,,81.0,0,1,0,0,0.0,0
1268,2216,,94.0,0,1,0,0,0.0,0
1269,2217,,1580.0,0,1,0,0,0.0,0
1270,2218,,3077.59,0,1,0,0,0.0,0
1271,2219,,82.0,0,1,0,0,0.0,0
1272,2220,,90.0,0,1,0,0,0.0,0
1273,2221,,1580.0,0,1,0,0,0.0,0
1274,2222,,81.0,0,1,0,0,0.0,0
1275,2223,,100.0,0,1,0,0,0.0,0
1276,2224,,130.0,0,1,0,0,0.0,0
1277,2225,,90.0,0,1,0,0,0.0,0
1278,2226,,90.0,0,1,0,0,0.0,0
1279,2227,,1598.64,0,1,0,0,0.0,0
1280,2228,,4080.0,0,1,0,0,0.0,0
1281,2229,,130.0,0,0,0,0,0.0,0
1282,2230,,180.0,0,0,0,0,0.0,0
1283,2231,,180.0,0,1,0,0,0.0,0
1284,2232,,180.0,0,0,0,0,0.0,0
1285,2234,,630.0,0,0,0,0,0.0,0
1286,2235,,1580.0,0,1,0,0,0.0,0
1287,2236,,1580.0,0,1,0,0,0.0,0
1288,2237,,1580.0,0,1,0,0,0.0,0
1289,2238,,1580.0,0,1,0,0,0.0,0
1290,2242,,630.0,0,0,0,0,0.0,0
1291,2243,,1580.0,0,1,0,0,0.0,0
1292,2244,,1580.0,0,1,0,0,0.0,0
1293,2245,,1580.0,0,1,0,0,0.0,0
1294,2246,,90.0,0,1,0,0,0.0,0
1295,2247,,629.0,0,0,0,0,0.0,0
1296,2248,,1580.0,0,1,0,0,0.0,0
1297,2249,,1580.0,0,1,0,0,0.0,0
1298,2250,,90.0,0,1,0,0,0.0,0
1299,2251,,625.0,0,0,0,0,0.0,0
1300,2252,,1580.0,0,1,0,0,0.0,0
1301,2254,,1580.0,0,1,0,0,0.0,0
1302,2255,,179.0,0,0,0,0,0.0,0
1303,2256,,180.0,0,0,0,0,0.0,0
1304,2257,,1580.0,0,1,0,0,0.0,0
1305,2258,,1580.0,0,1,0,0,0.0,0
1306,2259,,1580.0,0,1,0,0,0.0,0
1307,2260,,1580.0,0,1,0,0,0.0,0
1308,2261,,1580.0,0,1,0,0,0.0,0
1309,2262,,280.0,0,0,0,0,0.0,0
1310,2263,,1580.0,0,1,0,0,0.0,0
1311,2264,,180.0,0,0,0,0,0.0,0
1312,2265,,1680.0,0,1,0,0,0.0,0
1313,2266,,1575.5,0,1,0,0,0.0,0
1314,2267,,1580.0,0,1,0,0,0.0,0
1315,2269,,1580.0,0,1,0,0,0.0,0
1316,2270,,67644.0,0,0,0,0,0.0,0
1317,2272,,90.0,0,1,0,0,0.0,0
1318,2274,,735.0,1,0,1,0,0.0,0
1319,2276,,587.0,1,0,0,0,0.0,0
1320,2278,,180.0,0,0,0,0,0.0,0
1321,2281,,180.0,0,0,0,0,0.0,0
1322,2282,,80.0,0,0,0,0,0.0,0
1323,2283,,81.0,0,0,0,0,0.0,0
1324,2286,,180.0,0,0,0,0,0.0,0
1325,2287,,80.0,0,0,0,0,0.0,0
1326,2288,,180.0,0,0,0,0,0.0,0
1327,2289,,80.0,0,0,0,0,0.0,0
1328,2290,,180.0,0,0,0,0,0.0,0
1329,2291,,180.0,0,0,0,0,0.0,0
1330,2292,,80.0,0,0,0,0,0.0,0
1331,2294,,180.0,0,0,0,0,0.0,0
1332,2295,,84.0,0,0,0,0,0.0,0
1333,2297,,90.0,0,0,0,0,0.0,0
1334,2301,,180.0,0,0,0,0,0.0,0
1335,2302,,1580.0,0,1,0,0,0.0,0
1336,2303,,140.0,0,0,0,0,0.0,0
1337,2304,,180.0,0,1,0,0,0.0,0
1338,2305,,315.0,0,0,0,0,0.0,0
1339,2306,,80.0,0,0,0,0,0.0,0
1340,2307,,222.0,0,0,0,0,0.0,0
1341,2308,,184.0,0,0,0,0,0.0,0
1342,2309,,190.0,0,0,0,0,0.0,0
1343,2310,,204.0,0,0,0,0,0.0,0
1344,2311,,290.0,0,0,0,0,0.0,0
1345,2313,,220.0,0,0,0,0,0.0,0
1346,2314,,4091.26,0,1,0,0,0.0,0
1347,2315,,81.0,0,1,0,0,0.0,0
1348,2316,200.0,280.0,1,1,0,0,0.0,0
1349,2317,500.0,630.0,1,1,0,0,0.0,0
1350,2318,118.0,3080.0,1,1,0,0,0.0,0
1351,2319,5900.0,3180.0,0,1,0,0,0.0,0
1352,2320,118.0,3080.0,0,1,0,0,0.0,0
1353,2321,118.0,3080.0,0,1,0,0,0.0,0
1354,2322,500.0,630.0,1,0,0,0,0.0,0
1355,2323,500.0,640.0,0,0,0,0,0.0,0
1356,2324,500.0,630.0,0,0,0,0,0.0,0
1357,2325,354.0,190.0,0,1,0,0,0.0,0
1358,2326,384.0,404.0,0,1,0,0,0.0,0
1359,2327,5.0,180.0,0,1,0,0,0.0,0
1360,2330,500.0,630.0,0,0,0,0,0.0,0
1361,2331,5.0,180.0,0,1,0,0,0.0,0
1362,2332,5.0,180.0,0,1,0,0,0.0,0
1363,2334,500.0,500000.0,0,0,1,0,0.0,0
1364,2335,354.0,500142.0,0,1,0,0,0.0,0
1365,2336,670.0,750.0,0,1,0,0,0.0,0
1366,2337,354.0,280.0,0,1,0,0,0.0,0
1367,2338,5.0,180.0,0,1,0,0,0.0,0
1368,2339,560.0,851.0,0,0,0,0,0.0,0
1369,2340,374.0,200.0,0,1,0,0,0.0,0
1370,2341,100.0,1180.0,0,0,0,0,0.0,0
1371,2342,5.0,180.0,0,1,0,0,0.0,0
1372,2343,374.0,530.0,0,1,0,0,0.0,0
1373,2345,10.0,6090.0,0,0,0,0,0.0,0
1374,2346,0.0,80.0,0,1,0,0,0.0,0
1375,2347,0.0,81.0,0,1,0,0,0.0,0
1376,2348,0.0,80.0,0,1,0,0,0.0,0
1377,2349,0.0,1180.0,0,0,0,0,0.0,0
1378,2354,354.0,200.0,0,1,0,0,0.0,0
1379,2355,23.6,82.0,0,0,0,0,0.0,0
1380,2356,7800.0,7890.0,0,0,0,0,0.0,0
1381,2357,5900.0,180.0,0,1,0,0,0.0,0
1382,2358,11800.0,330.0,0,1,0,0,0.0,0
1383,2359,590.0,340.0,0,1,0,0,0.0,0
1384,2360,0.0,90.0,0,1,0,0,0.0,0
1385,2361,0.0,90.0,0,1,0,0,0.0,0
1386,2362,2360.0,100.0,0,1,0,0,0.0,0
1387,2363,100.0,300.0,0,0,0,0,0.0,0
1388,2365,5900.0,135.0,0,1,0,0,0.0,0
1389,2366,590.0,190.0,0,1,0,0,0.0,0
1390,2367,0.0,80.0,0,0,0,0,0.0,0
1391,2368,0.0,60.0,0,0,0,0,0.0,0
1392,2369,500.0,580.0,0,0,0,0,0.0,0
1393,2370,236.0,190.0,0,1,0,0,0.0,0
1394,2371,236.0,189.0,0,1,0,0,0.0,0
1395,2372,23.6,100.0,0,1,0,0,0.0,0
1396,2388,100.0,180.0,0,0,0,0,0.0,0
1397,2391,500.0,630.0,0,0,0,0,0.0,0
1398,2392,100.0,212.0,0,0,0,0,0.0,0
1399,2394,5900.0,230.0,0,1,0,0,0.0,0
1400,2396,0.0,182.0,0,0,0,0,0.0,0
1401,2397,5900.0,180.0,0,1,0,0,0.0,0
1402,2400,600.0,830.0,0,0,0,0,0.0,0
1403,2403,118.0,495.0,0,1,0,0,0.0,0
1404,2404,30.0,30.0,0,0,0,0,0.0,0
1405,2405,10.0,10.0,0,0,0,0,0.0,0
1406,2407,50.0,50.0,0,0,0,0,0.0,0
1407,2409,118.0,119.0,0,1,0,0,0.0,0
1408,2410,30.0,30.0,0,1,0,0,0.0,0
1409,2411,590.0,884.0,0,1,0,0,0.0,0
1410,2412,2000.0,1346.0,0,0,0,0,0.0,0
1411,2413,1000.0,109.0,0,0,0,0,0.0,0
1412,2414,100.0,200.0,0,0,1,0,0.0,0
1413,2415,5900.0,180.0,0,1,0,0,0.0,0
1414,2419,33.0,140.0,0,1,0,0,0.0,0
1415,2420,5900.0,100.0,0,1,0,0,0.0,0
1416,2421,5900.0,100.0,0,1,0,0,0.0,0
1417,2422,5900.0,100.0,0,1,0,0,0.0,0
1418,2424,500.0,550.0,0,0,0,0,0.0,0
1419,2425,26.0,296.0,0,1,0,0,0.0,0
1420,2426,296.0,150.0,0,1,0,0,0.0,0
1421,2427,26.0,50.0,0,1,0,0,0.0,0
1422,2429,296.0,151.0,0,1,0,0,0.0,0
1423,2430,296.0,151.0,0,1,0,0,0.0,0
1424,2432,500.0,550.0,0,0,0,0,0.0,0
1425,2435,30.0,90.0,0,0,0,0,0.0,0
1426,2436,40.0,70.0,0,1,0,0,0.0,0
1427,2437,250.0,250.0,0,0,0,0,0.0,0
1428,2438,0.0,0.0,0,0,0,0,0.0,0
1429,2439,30.0,100.0,0,0,0,0,0.0,0
1430,2440,30.0,30.0,0,0,0,0,0.0,0
1431,2441,0.0,100.0,0,0,0,0,0.0,0
1432,2442,500.0,500.0,0,0,0,0,0.0,0
1433,2443,50.0,50.0,0,1,0,0,0.0,0
1434,2444,296.0,151.0,0,1,0,0,0.0,0
1435,2445,500.0,550.0,0,0,0,0,0.0,0
1436,2446,26.0,110.0,0,1,0,0,0.0,0
1437,2450,500.0,700.0,0,0,0,0,0.0,0
1438,2451,100.0,203.0,0,0,0,0,0.0,0
1439,2464,10.0,10.0,0,1,0,0,0.0,0
1440,2468,11.8,10.0,0,1,0,0,0.0,0
1441,2473,10.0,10.0,0,0,0,0,0.0,0
1442,2475,100.0,100.0,0,1,0,0,0.0,0
1443,2476,23.6,20.0,0,1,0,0,0.0,0
1444,2477,59.0,50.0,0,1,0,0,0.0,0
1445,2478,118.0,100.0,0,0,0,0,0.0,0
1446,2479,118.0,100.0,0,1,0,0,0.0,0
1447,2480,30.0,29.0,0,0,0,0,0.0,0
1448,2481,30.0,30.0,0,1,0,0,0.0,0
1449,2482,20.0,20.0,0,1,0,0,0.0,0
1450,2483,26.0,50.0,0,1,0,0,0.0,0
1451,2484,26.0,50.0,0,1,0,0,0.0,0
1452,2485,26.0,50.0,0,1,0,0,0.0,0
1453,2486,500.0,550.0,0,0,0,0,0.0,0
1454,2492,500.0,550.0,0,0,0,0,0.0,0
1455,2493,12.0,100.0,0,1,0,0,0.0,0
1456,2494,100.0,0.0,0,0,0,0,0.0,0
1457,2495,26.0,50.0,0,1,0,0,0.0,0
1458,2496,12.0,100.0,0,1,0,0,0.0,0
1459,2498,500.0,0.0,0,0,0,0,0.0,0
1460,2499,1.0,1.0,0,1,0,0,0.0,0
1461,2500,100.0,100.0,0,1,0,0,0.0,0
1462,2501,100.0,500.0,0,0,0,0,0.0,0
1463,2502,5900.0,100.0,0,1,0,0,0.0,0
1464,2503,0.0,0.0,0,1,0,0,0.0,0
1465,2504,5900.0,100.0,0,1,0,0,0.0,0
1466,2505,0.0,0.0,0,1,0,0,0.0,0
1467,2506,0.0,0.0,0,1,0,0,0.0,0
1468,2507,100.0,200.0,0,0,0,0,0.0,0
1469,2508,26.0,226.0,0,1,0,0,0.0,0
1470,2509,1.0,1.0,0,0,0,0,0.0,0
1471,2510,100.0,100.0,0,0,0,0,0.0,0
1472,2511,500.0,550.0,0,0,0,0,0.0,0
1473,2512,500.0,550.0,0,0,0,0,0.0,0
1474,2513,100.0,100.0,0,0,0,0,0.0,0
1475,2514,1.0,1.0,0,0,0,0,0.0,0
1476,2515,100.0,100.0,0,0,0,0,0.0,0
1477,2516,100.0,100.0,0,0,0,0,0.0,0
1478,2517,5900.0,100.0,0,1,0,0,0.0,0
1479,2518,11800.0,300.0,0,1,0,0,0.0,0
1480,2519,590.0,5010.0,0,1,0,0,0.0,0
1481,2520,2000.0,800.0,0,0,0,0,0.0,0
1482,2521,1000.0,650.0,0,0,0,0,0.0,0
1483,2522,1000.0,650.0,0,0,0,0,0.0,0
1484,2523,1000.0,2807.0,0,0,0,0,0.0,0
1485,2524,5900.0,100.0,0,1,0,0,0.0,0
1486,2525,11800.0,218.0,0,1,0,0,0.0,0
1487,2526,12.0,100.0,0,1,0,0,0.0,0
1488,2527,1000.0,1423.0,0,0,0,0,0.0,0
1489,2529,1000.0,2363.0,0,0,0,0,0.0,0
1490,2530,100.0,2100.0,0,0,0,0,0.0,0
1491,2531,1000.0,1000.0,0,0,0,0,0.0,0
1492,2532,4.0,310.0,0,0,0,0,0.0,0
1493,2533,100.0,100.0,0,0,0,0,0.0,0
1494,2534,118.0,815.0,0,1,0,0,0.0,0
1495,2535,500.0,550.0,0,0,0,0,0.0,0
1496,2536,200.0,200.0,0,0,0,0,0.0,0
1497,2537,1000.0,1150.0,0,0,0,0,0.0,0
1498,2538,513.0,2453.0,0,1,0,0,0.0,0
1499,2539,118.0,300.0,0,1,0,0,0.0,0
1500,2540,2000.0,2300.0,0,0,0,0,0.0,0
1501,2541,118.0,242.0,0,1,0,0,0.0,0
1502,2542,0.0,0.0,0,1,0,0,0.0,0
1503,2544,0.0,30.0,0,0,0,0,0.0,0
1504,2546,0.0,145.0,0,0,0,0,0.0,0
1505,2550,11800.0,280.0,0,1,0,0,0.0,0
1506,2551,141.0,145.0,0,0,0,0,0.0,0
1507,2553,11800.0,45.0,0,1,0,0,0.0,0
1508,2554,14.16,112.0,0,1,0,0,0.0,0
1509,2558,100.0,310.0,0,0,0,0,0.0,0
1510,2559,50.0,53.0,0,0,0,0,0.0,0
1511,2560,5900.0,100.0,0,1,0,0,0.0,0
1512,2561,,140.0,0,1,0,0,0.0,0
1513,2562,,80.0,0,1,0,0,0.0,0
1514,2563,,350.0,0,1,0,0,0.0,0
1515,2564,,300.0,0,1,0,0,0.0,0
1516,2565,,300.0,0,1,0,0,0.0,0
1517,2566,,300.0,0,0,0,0,0.0,0
1518,2567,,501.0,0,0,0,0,0.0,0
1519,2568,,200.0,0,1,0,0,0.0,0
1520,2569,,709.33,0,1,0,0,0.0,0
1521,2570,,896.0,0,1,0,0,0.0,0
1522,2571,,1000.0,0,0,0,0,0.0,0
1523,2575,,100.0,0,1,0,0,0.0,0
1524,2576,,250.0,0,1,0,0,0.0,0
1525,2577,,100.0,0,1,0,0,0.0,0
1526,2578,,200.0,0,0,0,0,0.0,0
1527,2579,,550.0,0,0,0,0,0.0,0
1528,2580,,550.0,0,0,0,0,0.0,0
1529,2581,,45.0,0,1,0,0,0.0,0
1530,2582,,100.0,0,0,0,0,0.0,0
1531,2583,,200.0,0,1,0,0,0.0,0
1532,2584,,250.0,0,1,0,0,0.0,0
1533,2585,,100.0,0,0,0,0,0.0,0
1534,2586,,200.0,0,0,0,0,0.0,0
1535,2587,,600.0,0,0,0,0,0.0,0
1536,2588,,650.0,0,0,0,0,0.0,0
1537,2589,,100.0,0,1,0,0,0.0,0
1538,2590,,100.0,0,0,0,0,0.0,0
1539,2591,,1000.0,0,1,0,0,0.0,0
1540,2595,,100.0,0,1,0,0,0.0,0
1541,2599,,550.0,0,0,0,0,0.0,0
1542,2601,,100.0,0,1,0,0,0.0,0
1543,2602,,100.0,0,1,0,0,0.0,0
1544,2603,,100.0,0,1,0,0,0.0,0
1545,2604,,550.0,0,0,0,0,0.0,0
1546,2605,,550.0,0,0,0,0,0.0,0
1547,2608,,300.0,0,1,0,0,0.0,0
1548,2609,,2300.0,0,0,0,0,0.0,0
1549,2611,,1500.0,0,1,0,0,0.0,0
1550,2616,,200.0,0,0,0,0,0.0,0
1551,2617,,202.0,0,0,0,0,0.0,0
1552,2619,,100.0,0,1,0,0,0.0,0
1553,2620,,100.0,0,0,0,0,0.0,0
1554,2621,,550.0,0,0,0,0,0.0,0
1555,2622,,15.0,0,1,0,0,0.0,0
1556,2623,,15.0,0,1,0,0,0.0,0
1557,2624,,100.0,0,1,0,0,0.0,0
1558,2625,,544.0,0,0,0,0,0.0,0
1559,2627,,497.0,0,1,0,0,0.0,0
1560,2629,,5.0,0,0,0,0,1.0,0
1561,2630,,0.0,0,0,0,0,0.0,0
1562,2631,,1.0,0,0,0,0,0.0,0
1563,2632,,312.0,0,0,0,0,0.0,0
1564,2633,,100.0,0,0,0,0,0.0,0
1565,2634,,25.0,0,1,0,0,0.0,0
1566,2635,,649.0,0,0,0,0,0.0,0
1567,2636,,301.0,0,0,0,0,0.0,0
1568,2638,,547.0,0,0,0,0,0.0,0
1569,2640,,100.0,0,1,0,0,0.0,0
1570,2641,,250.0,0,1,0,0,0.0,0
1571,2642,,550.0,0,0,0,0,0.0,0
1572,2643,,200.0,0,1,0,0,0.0,0
1573,2644,,550.0,0,0,0,0,0.0,0
1574,2645,,310.0,0,1,0,0,0.0,0
1575,2646,,500000.0,0,1,1,0,0.0,0
1576,2647,,800.0,0,0,0,0,0.0,0
1577,2648,,100.0,0,1,0,0,0.0,0
1578,2649,,693.0,0,1,0,0,0.0,0
1579,2654,,650.0,0,0,0,0,0.0,0
1580,2657,,100.0,0,0,0,0,0.0,0
1581,2658,,100.0,0,0,0,0,0.0,0
1582,2659,,100.0,0,0,0,0,0.0,0
1583,2661,,150.0,0,0,0,0,0.0,0
1584,2663,,300.0,0,0,0,0,0.0,0
1585,2664,,700.0,0,0,0,0,0.0,0
1586,2665,,700.0,0,0,0,0,0.0,0
1587,2666,,600.0,0,0,0,0,0.0,0
1588,2667,,650.0,0,0,0,0,0.0,0
1589,2668,,60.0,0,1,0,0,0.0,0
1590,2669,,60.0,0,1,0,0,0.0,0
1591,2670,,5.0,0,1,0,0,0.0,0
1592,2671,,4.0,0,1,0,0,0.0,0
1593,2672,,99.0,0,1,0,0,0.0,0
1595,2674,,12.0,0,1,0,0,0.0,0
1596,2675,,550.0,0,0,0,0,0.0,0
1597,2677,,60.0,0,1,0,0,0.0,0
1598,2678,,149.0,0,1,0,0,0.0,0
1599,2679,,20.0,0,0,0,0,0.0,0
1600,2680,,20.0,0,1,0,0,0.0,0
1601,2681,,30.0,0,0,0,0,0.0,0
1602,2682,,650.0,0,0,0,0,0.0,0
1603,2683,,299.0,0,1,0,0,0.0,0
1604,2685,,403.0,0,1,0,0,0.0,0
1605,2686,,50.0,0,1,0,0,0.0,0
1606,2687,,50.0,0,1,0,0,0.0,0
1607,2688,,293.0,0,1,0,0,0.0,0
1608,2692,,100.0,0,1,0,0,0.0,0
1609,2693,,300.0,0,1,0,0,0.0,0
1610,2694,,60.0,0,1,0,0,0.0,0
1611,2697,,100.0,0,1,0,0,0.0,0
1612,2700,,100.0,0,1,0,0,0.0,0
1613,2701,,100.0,0,1,0,0,0.0,0
1614,2702,,199.0,0,0,0,0,0.0,0
1615,2705,,100.0,0,0,0,0,0.0,0
1616,2706,,0.0,0,0,0,0,0.0,0
1617,2707,,0.0,0,0,0,0,0.0,0
1618,2708,,100.0,0,0,0,0,0.0,0
1619,2709,,550.0,0,0,0,0,0.0,0
1620,2710,,0.0,0,0,0,0,0.0,0
1621,2711,,12.0,0,0,0,0,0.0,0
1622,2712,,0.0,0,0,0,0,0.0,0
1623,2713,,200.0,0,0,0,0,0.0,0
1624,2714,,8.0,0,0,0,0,0.0,0
1625,2715,,12.0,0,0,0,0,0.0,0
1626,2717,,550.0,0,0,0,0,0.0,0
1627,2718,,30.0,0,1,0,0,0.0,0
1628,2722,,30.0,0,1,0,0,0.0,0
1629,2723,,100.0,0,1,0,0,0.0,0
1630,2724,,1150.0,0,0,0,0,0.0,0
1631,2726,,0.0,0,0,0,0,0.0,0
1632,2727,,700.0,0,0,0,0,0.0,0
1633,2728,,14.0,0,0,0,0,0.0,0
1634,2733,,139.0,0,1,0,0,0.0,0
1635,2735,,90.0,0,1,0,0,0.0,0
1636,2741,,97.0,0,0,0,0,0.0,0
1637,2742,,0.0,0,0,0,0,0.0,0
1638,2743,,0.0,0,0,0,0,0.0,0
1639,2744,,0.0,0,0,0,0,0.0,0
1640,2745,,0.0,0,0,0,0,0.0,0
1641,2746,,300.0,0,1,0,0,0.0,0
1642,2747,,1.0,0,0,0,0,0.0,0
1643,2749,,1.0,0,0,0,0,0.0,0
1644,2750,,500.0,0,0,0,0,0.0,0
1645,2751,,100.0,0,1,0,0,0.0,0
1646,2754,,0.0,0,1,0,0,0.0,0
1647,2755,,0.0,0,0,0,0,0.0,0
1648,2756,,78.0,0,1,0,0,0.0,0
1649,2757,,100.0,0,1,0,0,0.0,0
1650,2758,,15.0,0,1,0,0,0.0,0
1651,2759,,105.0,0,1,0,0,0.0,0
1652,2760,,95.0,0,1,0,0,0.0,0
1653,2761,,164.0,0,1,0,0,0.0,0
1654,2762,,104.0,0,1,0,0,0.0,0
1655,2763,,4.0,0,1,0,0,0.0,0
1656,2764,,300.0,0,1,0,0,0.0,0
1657,2765,,60.0,0,1,0,0,0.0,0
1658,2766,,470.0,0,1,0,0,0.0,0
1659,2767,,4.0,0,1,0,0,0.0,0
1660,2770,,100.0,0,1,0,0,0.0,0
1661,2771,,340.0,0,1,0,0,0.0,0
1662,2772,,100.0,0,1,0,0,0.0,0
1663,2773,,550.0,0,0,0,0,0.0,0
1664,2774,,250.0,0,1,0,0,0.0,0
1665,2781,,200.0,0,0,0,0,0.0,0
1666,2783,,350.0,0,0,0,0,0.0,0
1667,2784,,1000.0,0,1,0,0,0.0,0
1668,2786,,1000.0,0,1,0,0,0.0,0
1669,2788,,550.0,0,0,0,0,0.0,0
1670,2790,,100.0,0,0,0,0,0.0,0
1671,2791,,140.0,0,1,0,0,0.0,0
1672,2792,,632.0,0,0,0,0,0.0,0
1673,2796,,80.0,0,1,0,0,0.0,0
1674,2798,,1000.0,0,1,0,0,0.0,0
1675,2802,,223.0,0,0,0,0,0.0,0
1676,2804,,60.0,0,1,0,0,0.0,0
1677,2805,,1150.0,0,0,0,0,0.0,0
1678,2806,,60.0,0,1,0,0,0.0,0
1679,2807,,1.0,0,1,0,0,0.0,0
1680,2808,,15000.0,0,1,0,0,0.0,0
1681,2809,,60.0,0,1,0,0,0.0,0
1682,2810,,1000.0,0,1,0,0,0.0,0
1683,2811,,1500.0,0,1,0,0,0.0,0
1684,2812,,15000.0,0,1,0,0,0.0,0
1685,2813,,100.0,0,0,0,0,0.0,0
1686,2814,,50.0,0,1,0,0,0.0,0
1687,2815,,70.0,0,1,0,0,0.0,0
1688,2816,,60.0,0,1,0,0,0.0,0
1689,2817,,550.0,0,0,0,0,0.0,0
1690,2818,,10.0,0,0,0,0,0.0,0
1691,2819,,110.0,0,1,0,0,0.0,0
1692,2820,,130.0,0,1,0,0,0.0,0
1693,2824,,550.0,0,0,0,0,0.0,0
1694,2825,,400.0,0,1,0,0,0.0,0
1695,2826,,0.0,0,1,0,0,0.0,0
1696,2827,,99.0,0,1,0,0,0.0,0
1697,2828,,1270.0,0,1,0,0,0.0,0
1698,2829,,390.0,0,1,0,0,0.0,0
1699,2831,,140.0,0,1,0,0,0.0,0
1700,2832,,0.0,0,1,0,0,0.0,0
1701,2833,,199.0,0,1,0,0,0.0,0
1702,2834,,0.0,0,1,0,0,0.0,0
1703,2835,,199.0,0,0,0,0,0.0,0
1704,2836,,550.0,0,0,0,0,0.0,0
1705,2838,,100.0,0,0,0,0,0.0,0
1706,2839,,199.0,0,1,0,0,0.0,0
1707,2840,,680.0,0,0,0,0,0.0,0
1708,2841,,199.0,0,0,0,0,0.0,0
1709,2842,,650.0,0,0,0,0,0.0,0
1710,2845,,100.0,0,1,0,0,0.0,0
1711,2846,,60.0,0,1,0,0,0.0,0
1712,2847,,98660.0,0,0,0,0,0.0,0
1713,2848,,60.0,0,1,0,0,0.0,0
1714,2849,,268.0,0,1,0,0,0.0,0
1715,2850,,565.0,0,0,0,0,0.0,0
1716,2851,,20100.0,0,1,0,0,0.0,0
1717,2852,,170.0,0,1,0,0,0.0,0
1718,2853,,0.0,0,1,0,0,0.0,0
1719,2854,,1000.0,0,1,0,0,0.0,0
1720,2855,,200.0,0,1,0,0,0.0,0
1721,2856,,100.0,0,1,0,0,0.0,0
1722,2857,,100.0,0,1,0,0,0.0,0
1723,2858,,60.0,0,1,0,0,0.0,0
1724,2859,,131.0,0,1,0,0,0.0,0
1725,2860,,100.0,0,1,0,0,0.0,0
1726,2862,,122.0,0,0,0,0,0.0,0
1727,2863,,100.0,0,1,0,0,0.0,0
1728,2864,,122.0,0,0,0,0,0.0,0
1729,2866,,300.0,0,0,0,0,0.0,0
1730,2867,,947.0,0,1,0,0,0.0,0
1731,2870,,927.0,0,1,0,0,0.0,0
1732,2871,,28.0,0,1,0,0,0.0,0
1733,2875,,100.0,0,0,0,0,0.0,0
1734,2876,,30.0,0,1,0,0,0.0,0
1735,2879,,30.0,0,1,0,0,0.0,0
1736,2883,,100.0,0,1,0,0,0.0,0
1737,2884,,130.0,0,1,0,0,0.0,0
1738,2886,,650.0,0,0,0,0,0.0,0
1739,2890,,200.0,0,0,0,0,0.0,0
1740,2896,,30.0,0,1,0,0,0.0,0
1741,2897,,87.0,0,0,0,0,0.0,0
1742,2898,,60.0,0,1,0,0,0.0,0
1743,2899,,60.0,0,1,0,0,0.0,0
1744,2900,,60.0,0,1,0,0,0.0,0
1745,2901,,550.0,0,0,0,0,0.0,0
1746,2903,,60.0,0,1,0,0,0.0,0
1747,2904,,550.0,0,0,0,0,0.0,0
1748,2905,,60.0,0,1,0,0,0.0,0
1749,2906,,550.0,0,0,0,0,0.0,0
1750,2908,,30.0,0,1,0,0,0.0,0
1751,2911,,60.0,0,1,0,0,0.0,0
1752,2912,,60.0,0,1,0,0,0.0,0
1753,2915,,30.0,0,1,0,0,0.0,0
1754,2916,,60.0,0,1,0,0,0.0,0
1755,2917,,60.0,0,1,0,0,0.0,0
1756,2918,,60.0,0,1,0,0,0.0,0
1757,2920,,60.0,0,1,0,0,0.0,0
1758,2921,,250.0,0,1,0,0,0.0,0
1759,2925,,100.0,0,0,0,0,0.0,0
1760,2927,,550.0,0,0,0,0,0.0,0
1761,2929,,550.0,0,0,0,0,0.0,0
1762,2930,,160.0,0,1,0,0,0.0,0
1763,2931,,100.0,0,1,0,0,0.0,0
1764,2932,,30.0,0,1,0,0,0.0,0
1765,2933,,550.0,0,0,0,0,0.0,0
1766,2934,,60.0,0,1,0,0,0.0,0
1767,2935,,30.0,0,1,0,0,0.0,0
1768,2936,,4.0,0,1,0,0,0.0,0
1769,2937,,4.0,0,1,0,0,0.0,0
1770,2938,,0.0,0,1,0,0,0.0,0
1771,2939,,250.0,0,1,0,0,0.0,0
1772,2940,,60.0,0,1,0,0,0.0,0
1773,2941,,100.0,0,1,0,0,0.0,0
1774,2942,,60.0,0,1,0,0,0.0,0
1775,2943,,60.0,0,1,0,0,0.0,0
1776,2944,,100.0,0,0,0,0,0.0,0
1777,2945,,4.0,0,1,0,0,0.0,0
1778,2946,,10.0,0,0,0,0,0.0,0
1779,2947,,60.0,0,1,0,0,0.0,0
1780,2948,,4.0,0,1,0,0,0.0,0
1781,2949,,4.0,0,1,0,0,0.0,0
1782,2950,,500.0,0,0,0,0,0.0,0
1783,2951,,500.0,0,1,0,0,0.0,0
1784,2952,,1.0,0,1,0,0,0.0,0
1785,2953,,60.0,0,1,0,0,0.0,0
1786,2954,,100.0,0,1,0,0,0.0,0
1787,2955,,100.0,0,1,0,0,0.0,0
1788,2956,,250.0,0,1,0,0,0.0,0
1789,2957,,98.0,0,0,0,0,0.0,0
1790,2958,,60.0,0,1,0,0,0.0,0
1791,2959,,4.0,0,1,0,0,0.0,0
1792,2960,,30.0,0,1,0,0,0.0,0
1793,2961,,30.0,0,1,0,0,0.0,0
1794,2962,,50.0,0,1,0,0,0.0,0
1795,2963,,50.0,0,0,0,0,0.0,0
1796,2964,,0.0,0,1,0,0,0.0,0
1797,2966,,50.0,0,0,0,0,0.0,0
1798,2967,,0.0,0,0,0,0,0.0,0
1799,2968,,0.0,0,0,0,0,0.0,0
1800,2969,,0.0,0,0,0,0,0.0,0
1801,2970,,0.0,0,1,0,0,0.0,0
1802,2971,,5.0,0,0,0,0,1.0,0
1803,2972,,5.0,0,0,0,0,1.0,0
1804,2973,,5.0,0,0,0,0,1.0,0
1805,2974,,0.0,0,1,0,0,0.0,0
1806,2975,,0.0,0,0,0,0,0.0,0
1807,2976,,0.0,0,1,0,0,0.0,0
1808,2977,,5.0,0,0,0,0,1.0,0
1809,2978,,5.0,0,0,0,0,1.0,0
1810,2979,,4.0,0,1,0,0,0.0,0
1811,2980,,5.0,0,0,0,0,1.0,0
1812,2981,,100.0,0,1,0,0,0.0,0
1813,2982,,4.0,0,1,0,0,0.0,0
1814,2983,,250.0,0,1,0,0,0.0,0
1815,2984,,10.0,0,0,0,0,0.0,0
1816,2985,,100.0,0,1,0,0,0.0,0
1817,2986,,100.0,0,1,0,0,0.0,0
1818,2987,,100.0,0,1,0,0,0.0,0
1819,2988,,100.0,0,1,0,0,0.0,0
1820,2989,,100.0,0,1,0,0,0.0,0
1821,2990,,100.0,0,1,0,0,0.0,0
1822,2991,,0.0,0,0,0,0,0.0,0
1823,2992,,0.0,0,1,0,0,0.0,0
1824,2993,,0.0,0,0,0,0,0.0,0
1825,2994,,5.0,0,0,0,0,1.0,0
1826,2997,,30.0,0,1,0,0,0.0,0
1827,2998,,100.0,0,1,0,0,0.0,0
1828,2999,,30.0,0,1,0,0,0.0,0
1829,3000,,100.0,0,1,0,0,0.0,0
1830,3001,,100.0,0,1,0,0,0.0,0
1831,3002,,99.0,0,1,0,0,0.0,0
1832,3003,,250.0,0,1,0,0,0.0,0
1833,3004,,30.0,0,1,0,0,0.0,0
1834,3005,,0.0,0,0,0,0,0.0,0
1835,3006,,5.0,0,0,0,0,1.0,0
1836,3007,,0.0,0,0,0,0,0.0,0
1837,3009,,0.0,0,0,0,0,0.0,0
1838,3010,,0.0,0,0,0,0,0.0,0
1839,3011,,30.0,0,1,0,0,0.0,0
1840,3012,,29.0,0,1,0,0,0.0,0
1841,3013,,102.0,0,1,0,0,0.0,0
1842,3014,,10.0,0,0,0,0,0.0,0
1843,3015,,12.0,0,1,0,0,0.0,0
1844,3016,,100.0,0,0,0,0,0.0,0
1845,3017,,100.0,0,1,0,0,0.0,0
1846,3018,,100.0,0,1,0,0,0.0,0
1847,3020,,100.0,0,1,0,0,0.0,0
1848,3021,,100.0,0,1,0,0,0.0,0
1849,3022,,5.0,0,0,0,0,1.0,0
1850,3023,,30.0,0,1,0,0,0.0,0
1851,3024,,100.0,0,1,0,0,0.0,0
1852,3025,,100.0,0,1,0,0,0.0,0
1853,3026,,100.0,0,1,0,0,0.0,0
1854,3027,,100.0,0,1,0,0,0.0,0
1855,3029,,34.0,0,1,0,0,0.0,0
1856,3031,,100.0,0,1,0,0,0.0,0
1857,3032,,100.0,0,1,0,0,0.0,0
1858,3033,,60.0,0,1,0,0,0.0,0
1859,3034,,250.0,0,1,0,0,0.0,0
1860,3035,,0.0,0,0,0,0,0.0,0
1861,3036,,0.0,0,0,0,0,0.0,0
1862,3037,,500000.0,0,0,1,0,0.0,0
1863,3039,,500000.0,0,0,1,0,0.0,0
1864,3040,,10.0,0,0,0,0,0.0,0
1865,3041,,2.0,0,1,0,0,0.0,0
1866,3043,,5.0,0,0,0,0,1.0,0
1867,3046,,5.0,0,0,0,0,1.0,0
1868,3047,,5.0,0,0,0,0,1.0,0
1869,3049,,5.0,0,0,0,0,1.0,0
1870,3050,,5.0,0,0,0,0,1.0,0
1871,3052,,5.0,0,0,0,0,1.0,0
1872,3053,,650.0,0,0,0,0,0.0,0
1873,3054,,100000.0,0,1,0,0,0.0,0
1874,3055,,0.0,0,1,0,0,0.0,0
1875,3056,,0.0,0,0,1,0,0.0,0
1876,3057,,0.0,0,1,0,0,0.0,0
1877,3058,,0.0,0,1,0,0,0.0,0
1878,3059,,550.0,0,0,0,0,0.0,0
1879,3060,,30.0,0,1,0,0,0.0,0
1880,3062,,5.0,0,0,0,0,1.0,0
1881,3064,,0.0,0,0,1,0,0.0,0
1882,3065,,500000.0,0,0,1,0,0.0,0
1883,3066,,100.0,0,0,0,0,0.0,0
1884,3067,,5000.0,0,1,0,0,0.0,0
1885,3068,,200.0,0,0,0,0,0.0,0
1886,3069,,250.0,0,1,0,0,0.0,0
1887,3070,,100.0,0,1,0,0,0.0,0
1888,3071,,1000.0,0,0,1,0,0.0,0
1889,3072,,1000.0,0,0,1,0,0.0,0
1890,3073,,1000.0,0,1,0,0,0.0,0
1891,3074,,160.0,0,1,0,0,0.0,0
1892,3075,,1000.0,0,0,1,0,0.0,0
1893,3076,,0.0,0,0,1,0,0.0,0
1894,3078,,30.0,0,1,0,0,0.0,0
1895,3079,,1.0,0,0,1,0,0.0,0
1896,3081,,19.0,0,1,0,0,0.0,0
1897,3082,,5.0,0,0,0,0,1.0,0
1898,3084,,5.0,0,0,0,0,1.0,0
1899,3087,,5.0,0,0,0,0,1.0,0
1900,3088,,5.0,0,0,0,0,1.0,0
1901,3089,,1000.0,0,1,0,0,0.0,0
1902,3091,,100.0,0,0,0,0,0.0,0
1903,3092,,5.0,0,0,0,0,1.0,0
1904,3093,,100.0,0,0,0,0,0.0,0
1905,3098,,100.0,0,0,0,0,0.0,0
1906,3100,,100.0,0,1,0,0,0.0,0
1907,3102,,100.0,0,0,1,0,0.0,0
1908,3104,,1000.0,0,1,0,0,0.0,0
1909,3105,,1000.0,0,0,1,0,0.0,0
1910,3107,,100.0,0,1,0,0,0.0,0
1911,3109,,200.0,0,0,1,0,0.0,0
1912,3111,,5.0,0,0,0,0,1.0,0
1913,3113,,72.0,0,1,0,0,0.0,0
1914,3116,,1000.0,0,0,1,0,0.0,0
1915,3118,,30.0,0,1,0,0,0.0,0
1916,3119,,0.0,0,1,0,0,0.0,0
1917,3121,,2.0,0,1,0,0,0.0,0
1918,3125,,1000.0,0,0,0,0,0.0,0
1919,3131,,5.0,0,0,1,0,0.0,0
1920,3139,,2.0,0,1,0,0,0.0,0
1921,3143,,5.0,0,0,0,0,1.0,0
1922,3145,,130.0,0,1,0,0,0.0,0
1923,3147,,650.0,0,0,0,0,0.0,0
1924,3150,,133.0,0,0,0,0,0.0,0
1925,3152,,100.0,0,0,0,0,0.0,0
1926,3153,,30.0,0,0,0,0,0.0,0
1927,3155,,499999.0,0,0,1,0,0.0,0
1928,3156,,499995.0,0,0,1,0,0.0,0
1929,3157,,500000.0,0,1,0,0,0.0,0
1930,3158,,109.0,0,0,0,0,0.0,0
1931,3159,,59.0,0,1,0,0,0.0,0
1932,3160,,0.0,0,1,0,0,0.0,0
1933,3161,,100.0,0,1,0,0,0.0,0
1934,3163,,242.0,0,0,0,0,0.0,0
1935,3164,,351.0,0,0,0,0,0.0,0
1936,3166,,200.0,0,1,0,0,0.0,0
1937,3168,,60.0,0,1,0,0,0.0,0
1938,3169,,60.0,0,1,0,0,0.0,0
1939,3171,,500000.0,0,1,1,0,0.0,0
1940,3173,,38.0,0,0,0,0,0.0,0
1941,3174,,250.0,0,1,0,0,0.0,0
1942,3176,,30.0,0,1,0,0,0.0,0
1943,3178,,60.0,0,1,0,0,0.0,0
1944,3179,,112.0,0,0,0,0,0.0,0
1945,3181,,10.0,0,0,0,0,0.0,0
1946,3183,,500000.0,0,1,0,0,0.0,0
1947,3184,,500000.0,0,1,0,0,0.0,0
1948,3185,,500000.0,0,1,1,0,0.0,0
1949,3186,,500000.0,0,0,1,0,0.0,0
1950,3187,,500000.0,0,0,1,0,0.0,0
1951,3188,,500000.0,0,1,1,0,0.0,0
1952,3189,,500000.0,0,1,1,0,0.0,0
1953,3194,,500000.0,0,0,1,0,0.0,0
1954,3196,,12.0,0,0,0,0,0.0,0
1955,3197,,500000.0,0,0,1,0,0.0,0
1956,3198,,500000.0,0,1,1,0,0.0,0
1957,3199,,500000.0,0,1,1,0,0.0,0
1958,3203,,500000.0,0,1,1,0,0.0,0
1959,3205,,500000.0,0,1,1,0,0.0,0
1960,3206,,499989.0,0,0,1,0,0.0,0
1961,3209,,500000.0,0,1,1,0,0.0,0
1962,3214,,500000.0,0,0,1,0,0.0,0
1963,3218,,500000.0,0,1,1,0,0.0,0
1964,3220,,500000.0,0,1,1,0,0.0,0
1965,3221,,0.0,0,1,0,0,0.0,0
1966,3223,,60.0,0,1,0,0,0.0,0
1967,3225,,500000.0,0,0,1,0,0.0,0
1968,3226,,500000.0,0,1,1,0,0.0,0
1969,3228,,501000.0,0,0,1,0,0.0,0
1970,3229,,5.0,0,0,0,0,1.0,0
1971,3238,,500000.0,0,0,1,0,0.0,0
1972,3241,,30.0,0,1,0,0,0.0,0
1973,3242,,500000.0,0,1,1,0,0.0,0
1974,3249,,500000.0,0,0,1,0,0.0,0
1975,3250,,500000.0,0,0,1,0,0.0,0
1976,3251,,100.0,0,1,0,0,0.0,0
1977,3257,,15.0,0,0,0,0,0.0,0
1978,3258,,500000.0,0,0,1,0,0.0,0
1979,3261,,500000.0,0,1,1,0,0.0,0
1980,3263,,100.0,0,1,1,0,0.0,0
1981,3264,,499998.0,0,0,1,0,0.0,0
1982,3265,,499999.0,0,1,1,0,0.0,0
1983,3266,,500000.0,0,0,1,0,0.0,0
1984,3267,,500000.0,0,0,1,0,0.0,0
1985,3268,,100.0,0,1,0,0,0.0,0
1986,3269,,500000.0,0,1,1,0,0.0,0
1987,3270,,10000.0,0,1,0,0,0.0,0
1988,3271,,500122.0,0,0,1,0,0.0,0
1989,3272,,2000.0,0,0,0,0,0.0,0
1990,3273,,5.0,0,0,0,0,1.0,0
1991,3275,,310.0,0,0,0,0,0.0,0
1992,3277,,550.0,0,0,0,0,0.0,0
1993,3279,,110.0,0,0,0,0,0.0,0
1994,3280,,499985.0,0,0,1,0,0.0,0
1995,3281,,500000.0,0,0,1,0,0.0,0
1996,3282,,500000.0,0,0,1,0,0.0,0
1997,3283,,500200.0,0,0,1,0,0.0,0
1998,3284,,500000.0,0,1,1,0,0.0,0
1999,3285,,100.0,0,0,0,0,0.0,0
2000,3286,,60.0,0,1,0,0,0.0,0
2001,3288,,810.0,0,0,0,0,0.0,0
2002,3289,,141.0,0,0,0,0,0.0,0
2003,3291,,500100.0,0,0,1,0,0.0,0
2004,3292,,500000.0,0,0,1,0,0.0,0
2005,3293,,499999.0,0,1,1,0,0.0,0
2006,3294,,500100.0,0,1,1,0,0.0,0
2007,3297,,1122.0,0,0,0,0,0.0,0
2008,3298,,500100.0,0,0,1,0,0.0,0
2009,3299,,500000.0,0,0,1,0,0.0,0
2010,3303,,500000.0,0,1,1,0,0.0,0
2011,3304,,500000.0,0,0,1,0,0.0,0
2012,3305,,499999.0,0,1,1,0,0.0,0
2013,3306,,15.0,0,0,0,0,0.0,0
2014,3307,,2.0,0,1,0,0,0.0,0
2015,3308,,30.0,0,1,0,0,0.0,0
2016,3309,,30.0,0,1,0,0,0.0,0
2017,3310,,320.0,0,0,0,0,0.0,0
2018,3311,,300.0,0,0,0,0,0.0,0
2019,3312,,320.0,0,0,0,0,0.0,0
2020,3313,,2300.0,0,0,0,0,0.0,0
2021,3314,,4.0,0,1,0,0,0.0,0
2022,3315,,320.0,0,0,0,0,0.0,0
2023,3316,,30.0,0,1,0,0,0.0,0
2024,3317,,1750.0,0,0,0,0,0.0,0
2025,3318,,130.0,0,1,0,0,0.0,0
2026,3320,,650.0,0,0,0,0,0.0,0
2027,3322,,50100.0,0,0,0,0,0.0,0
2028,3324,,12.0,0,1,0,0,0.0,0
2029,3325,,500000.0,0,0,1,0,0.0,0
2030,3327,,500000.0,0,1,1,0,0.0,0
2031,3328,,860.0,0,1,0,0,0.0,0
2032,3329,,10.0,0,0,0,0,0.0,0
2033,3330,,500000.0,0,1,1,0,0.0,0
2034,3332,,500000.0,0,1,1,0,0.0,0
2035,3333,,500000.0,0,0,1,0,0.0,0
2036,3334,,500100.0,0,0,1,0,0.0,0
2037,3336,,60.0,0,1,0,0,0.0,0
2038,3337,,350.0,0,1,0,0,0.0,0
2039,3339,,601.0,0,1,0,0,0.0,0
2040,3340,,200.0,0,0,0,0,0.0,0
2041,3341,,500000.0,0,0,1,0,0.0,0
2042,3342,,500100.0,0,1,1,0,0.0,0
2043,3343,,5500.0,0,0,0,0,0.0,0
2044,3344,,2000.0,0,1,0,0,0.0,0
2045,3345,,100.0,0,1,0,0,0.0,0
2046,3346,,0.0,0,1,0,0,0.0,0
2047,3347,,100.0,0,1,0,0,0.0,0
2048,3348,,100.0,0,1,0,0,0.0,0
2049,3349,,100.0,0,1,0,0,0.0,0
2050,3350,,100.0,0,1,0,0,0.0,0
2051,3351,,100.0,0,1,0,0,0.0,0
2052,3352,,100.0,0,1,0,0,0.0,0
2053,3353,,2500.0,0,1,0,0,0.0,0
2054,3354,,2500.0,0,1,0,0,0.0,0
2055,3355,,2500.0,0,1,0,0,0.0,0
2056,3356,,2500.0,0,1,0,0,0.0,0
2057,3357,,2500.0,0,1,0,0,0.0,0
2058,3358,,2500.0,0,1,0,0,0.0,0
2059,3359,,2500.0,0,1,0,0,0.0,0
2060,3360,,2500.0,0,1,0,0,0.0,0
2061,3361,,2500.0,0,1,0,0,0.0,0
2062,3362,,2500.0,0,1,0,0,0.0,0
2063,3363,,2500.0,0,1,0,0,0.0,0
2064,3364,,60.0,0,1,0,0,0.0,0
2065,3365,,0.0,0,1,0,0,0.0,0
2066,3366,,2500.0,0,1,0,0,0.0,0
2067,3367,,100.0,0,1,0,0,0.0,0
2068,3368,,10000.0,0,1,0,0,0.0,0
2069,3369,,10000.0,0,1,0,0,0.0,0
2070,3370,,10000.0,0,1,0,0,0.0,0
2071,3371,,10000.0,0,1,0,0,0.0,0
2072,3372,,500000.0,0,1,1,0,0.0,0
2073,3373,,4.0,0,1,0,0,0.0,0
2074,3374,,100.0,0,0,0,0,0.0,0
2075,3375,,100.0,0,0,0,0,0.0,0
2076,3376,,500000.0,0,1,1,0,0.0,0
2077,3377,,0.0,0,1,0,0,0.0,0
2078,3378,,500000.0,0,1,1,0,0.0,0
2079,3379,,500000.0,0,1,1,0,0.0,0
2080,3380,,500000.0,0,1,1,0,0.0,0
2081,3381,,500000.0,0,1,1,0,0.0,0
2082,3382,,500234.0,0,1,1,0,0.0,0
2083,3383,,500000.0,0,1,1,0,0.0,0
2084,3384,,101.0,0,1,0,0,0.0,0
2085,3389,,500000.0,0,0,1,0,0.0,0
2086,3390,,100.0,0,0,0,0,0.0,0
2087,3394,,60.0,0,1,0,0,0.0,0
2088,3395,,1.0,0,1,0,0,0.0,0
2089,3396,,1.0,0,1,0,0,0.0,0
2090,3397,,1.0,0,1,0,0,0.0,0
2091,3400,,130.0,0,1,0,0,0.0,0
2092,3401,,850.0,0,0,0,0,0.0,0
2093,3402,,100.0,0,0,0,0,0.0,0
2094,3403,,100.0,0,0,0,0,0.0,0
2095,3404,,2.0,0,1,0,0,0.0,0
2096,3405,,550.0,0,0,0,0,0.0,0
2097,3406,,0.0,0,1,0,0,0.0,0
2098,3407,,1010.0,0,0,0,0,0.0,0
2099,3408,,0.0,0,0,,0,1.0,0
2100,3410,,0.0,0,0,0,0,1.0,0
2101,3412,,500.0,0,0,0,0,0.0,0
2102,3413,,500.0,0,0,0,0,0.0,0
2103,3414,,500.0,0,0,0,0,0.0,0
2104,3415,,500.0,0,0,0,0,0.0,0
2105,3417,,2.0,0,1,0,0,0.0,0
2106,3418,,2500.0,0,1,0,0,0.0,0
2107,3419,,10000.0,0,1,0,0,0.0,0
2108,3420,,500000.0,0,1,1,0,0.0,0
2110,3424,,4.0,0,1,0,0,0.0,0
2111,3425,,1000.0,0,1,0,0,0.0,0
2112,3427,,4.0,0,1,0,0,0.0,0
2113,3428,,4.0,0,1,0,0,0.0,0
2114,3429,,650.0,0,0,0,0,0.0,0
2115,3430,,530.0,0,1,0,0,0.0,0
2116,3431,,4.0,0,1,0,0,0.0,0
2117,3432,,4.0,0,1,0,0,0.0,0
2118,3433,,65.0,0,1,0,0,0.0,0
2119,3435,,500000.0,0,1,1,0,0.0,0
2120,3436,,4.0,0,1,0,0,0.0,0
2121,3437,,500000.0,0,1,1,0,0.0,0
2122,3438,,4.0,0,1,0,0,0.0,0
2123,3439,,4.0,0,1,0,0,0.0,0
2124,3440,,4.0,0,1,0,0,0.0,0
2125,3441,,4.0,0,1,0,0,0.0,0
2126,3442,,1.0,0,1,0,0,0.0,0
2127,3443,,500000.0,0,1,1,0,0.0,0
2128,3444,,112.0,0,0,0,0,0.0,0
2129,3445,,500000.0,0,0,1,0,0.0,0
2130,3446,,550.0,0,0,0,0,0.0,0
2131,3447,,1.0,0,1,0,0,0.0,0
2132,3448,,13.0,0,1,0,0,0.0,0
2133,3449,,2.0,0,1,0,0,0.0,0
2134,3450,,250.0,0,1,0,0,0.0,0
2135,3451,,50.0,0,1,0,0,0.0,0
2136,3452,,60.0,0,1,0,0,0.0,0
2137,3453,,1.0,0,0,0,0,0.0,0
2138,3454,,50.0,0,0,0,0,0.0,0
2139,3455,,10.0,0,0,0,0,0.0,0
2140,3456,,50.0,0,1,0,0,0.0,0
2141,3457,,1.0,0,1,0,0,0.0,0
2142,3458,,50.0,0,1,0,0,0.0,0
2143,3459,,1.0,0,1,0,0,0.0,0
2144,3460,,305.0,0,1,0,0,0.0,0
2145,3461,,100.0,0,0,0,0,0.0,0
2146,3462,,824.0,0,0,0,0,0.0,0
2147,3463,,260.0,0,0,1,0,0.0,0
2148,3464,,130.0,0,1,0,0,0.0,0
2149,3466,,60.0,0,1,0,0,0.0,0
2150,3467,,61.0,0,1,0,0,0.0,0
2151,3468,,1.0,0,1,0,0,0.0,0
2152,3469,,100.0,0,0,0,0,0.0,0
2153,3470,,2.0,0,1,0,0,0.0,0
2154,3472,,15.0,0,1,0,0,0.0,0
2155,3473,,165.0,0,1,0,0,0.0,0
2156,3475,,1.0,0,1,0,0,0.0,0
2157,3476,,25.0,0,1,0,0,0.0,0
2158,3478,,30.0,0,1,0,0,0.0,0
2159,3481,,151.0,0,1,0,0,0.0,0
2160,3482,,550.0,0,0,0,0,0.0,0
2161,3483,,60.0,0,0,0,0,0.0,0
2162,3484,,270.0,0,1,0,0,0.0,0
2163,3492,,550.0,0,0,0,0,0.0,0
2164,3498,,80.0,0,1,0,0,0.0,0
2165,3499,,200.0,0,0,0,0,0.0,0
2166,3500,,50.0,0,1,0,0,0.0,0
2167,3501,,100.0,0,0,0,0,0.0,0
2168,3502,,3520.0,0,1,0,0,0.0,0
2169,3503,,0.0,0,1,0,0,0.0,0
2170,3504,,1.0,0,1,0,0,0.0,0
2171,3508,,100.0,0,0,0,0,0.0,0
2172,3510,,1.0,0,1,0,0,0.0,0
2174,3512,,450.0,0,1,0,0,0.0,0
2175,3513,,200.0,0,1,0,0,0.0,0
2176,3514,,200.0,0,1,0,0,0.0,0
2177,3515,,2.0,0,1,0,0,0.0,0
2178,3516,,2.0,0,1,0,0,0.0,0
2179,3518,,1.0,0,1,0,0,0.0,0
2180,3536,,260.0,0,1,0,0,0.0,0
2181,3538,,2.0,0,1,0,0,0.0,0
2182,3549,,2.0,0,1,0,0,0.0,0
2183,3550,,2.0,0,1,0,0,0.0,0
2184,3551,,2.0,0,1,0,0,0.0,0
2185,3552,,2.0,0,1,0,0,0.0,0
2186,3553,,100.0,0,1,0,0,0.0,0
2187,3554,,100.0,0,1,0,0,0.0,0
2188,3555,,500.0,0,1,0,0,0.0,0
2189,3557,,2.0,0,1,0,0,0.0,0
2190,3558,,2.0,0,1,0,0,0.0,0
2191,3560,,151.0,0,1,0,0,0.0,0
2192,3561,,100.0,0,1,0,0,0.0,0
2193,3562,,2.0,0,1,0,0,0.0,0
2194,3563,,100.0,0,1,0,0,0.0,0
2195,3564,,2.0,0,1,0,0,0.0,0
2196,3565,,2.0,0,1,0,0,0.0,0
2197,3566,,600.0,0,1,0,0,0.0,0
2198,3567,,4.0,0,1,0,0,0.0,0
2199,3568,,2.0,0,1,0,0,0.0,0
2200,3569,,4.0,0,1,0,0,0.0,0
2201,3570,,100.0,0,1,0,0,0.0,0
2202,3571,,5.0,0,1,0,0,0.0,0
2203,3572,,2.0,0,1,0,0,0.0,0
2204,3573,,2.0,0,1,0,0,0.0,0
2205,3574,,100.0,0,1,0,0,0.0,0
2206,3575,,2.0,0,1,0,0,0.0,0
2207,3576,,1030.0,0,1,0,0,0.0,0
2208,3577,,500000.0,0,1,1,0,0.0,0
2209,3578,,1000.0,0,1,0,0,0.0,0
2210,3579,,100.0,0,1,0,0,0.0,0
2211,3580,,100.0,0,1,0,0,0.0,0
2212,3581,,100.0,0,1,0,0,0.0,0
2213,3597,,500000.0,0,1,1,0,0.0,0
2214,3598,,500000.0,0,1,1,0,0.0,0
2215,3599,,2500.0,0,1,0,0,0.0,0
2216,3600,,500000.0,0,1,1,0,0.0,0
2217,3601,,1.0,0,1,0,0,0.0,0
2218,3602,,1.0,0,1,0,0,0.0,0
2219,3603,,2500.0,0,1,0,0,0.0,0
2220,3604,,551.0,0,1,0,0,0.0,0
2221,3605,,100.0,0,1,0,0,0.0,0
2222,3606,,2500.0,0,1,0,0,0.0,0
2223,3607,,2500.0,0,1,0,0,0.0,0
2224,3608,,250.0,0,1,0,0,0.0,0
2225,3609,,2500.0,0,1,0,0,0.0,0
2226,3610,,100.0,0,1,0,0,0.0,0
2227,3611,,10.0,0,1,0,0,0.0,0
2228,3612,,150.0,0,1,0,0,0.0,0
2229,3613,,101.0,0,1,0,0,0.0,0
2230,3614,,500.0,0,0,0,0,0.0,0
2231,3615,,550.0,0,0,0,0,0.0,0
2232,3616,,101.0,0,1,0,0,0.0,0
2233,3617,,500.0,0,0,0,0,0.0,0
2234,3618,,550.0,0,0,0,0,0.0,0
2235,3619,,50.0,0,1,0,0,0.0,0
2236,3620,,500.0,0,0,0,0,0.0,0
2237,3621,,300.0,0,0,0,0,0.0,0
2238,3622,,500000.0,0,1,1,0,0.0,0
2239,3624,,100.0,0,1,0,0,0.0,0
2240,3625,,1.0,0,1,0,0,0.0,0
2241,3626,,302.0,0,1,0,0,0.0,0
2242,3628,,350.0,0,1,0,0,0.0,0
2243,3629,,50.0,0,1,0,0,0.0,0
2244,3631,,1002.0,0,1,0,0,0.0,0
2245,3632,,550.0,0,0,0,0,0.0,0
2246,3634,,200.0,0,1,0,0,0.0,0
2247,3635,,100.0,0,1,0,0,0.0,0
2248,3636,,30.0,0,1,0,0,0.0,0
2249,3637,,0.0,0,1,0,0,0.0,0
2250,3638,,202.0,0,1,0,0,0.0,0
2251,3639,,550.0,0,0,0,0,0.0,0
2252,3640,,50.0,0,1,0,0,0.0,0
2253,3641,,500000.0,0,1,1,0,0.0,0
2254,3642,,10.0,0,1,0,0,0.0,0
2255,3643,,251.0,0,1,0,0,0.0,0
2256,3647,,302.0,0,1,0,0,0.0,0
2257,3648,,650.0,0,0,0,0,0.0,0
2258,3649,,102.0,0,1,0,0,0.0,0
2259,3650,,500000.0,0,0,1,0,0.0,0
2260,3651,,500000.0,0,0,1,0,0.0,0
2261,3652,,500200.0,0,0,1,0,0.0,0
2262,3653,,550.0,0,1,0,0,0.0,0
2263,3654,,300.0,0,1,0,0,0.0,0
2264,3655,,301.0,0,1,0,0,0.0,0
2265,3656,,151.0,0,1,0,0,0.0,0
2266,3658,,500000.0,0,0,1,0,0.0,0
2267,3659,,500000.0,0,1,1,0,0.0,0
2268,3660,,51.0,0,1,0,0,0.0,0
2269,3663,,500000.0,0,0,1,0,0.0,0
2270,3664,,200.0,0,1,0,0,0.0,0
2271,3665,,100.0,0,1,0,0,0.0,0
2272,3666,,200.0,0,0,0,0,0.0,0
2273,3667,,1000.0,0,1,0,0,0.0,0
2274,3668,,250.0,0,1,0,0,0.0,0
2275,3669,,100.0,0,1,0,0,0.0,0
2276,3670,,100.0,0,1,0,0,0.0,0
2277,3671,,100.0,0,1,0,0,0.0,0
2278,3672,,500000.0,0,1,1,0,0.0,0
2279,3673,,500000.0,0,1,1,0,0.0,0
2280,3674,,500000.0,0,1,1,0,0.0,0
2281,3675,,500000.0,0,1,1,0,0.0,0
2282,3676,,500000.0,0,1,1,0,0.0,0
2283,3677,,60.0,0,1,0,0,0.0,0
2284,3678,,8.0,0,1,0,0,0.0,0
2285,3681,,70000.0,0,0,0,0,0.0,0
2286,3682,,500000.0,0,0,1,0,0.0,0
2287,3683,,500000.0,0,1,1,0,0.0,0
2288,3684,,5000.0,0,1,0,0,0.0,0
2289,3685,,500000.0,0,1,1,0,0.0,0
2290,3688,,500000.0,0,1,1,0,0.0,0
2291,3689,,500000.0,0,1,1,0,0.0,0
2292,3690,,100.0,0,1,0,0,0.0,0
2293,3691,,500000.0,0,0,1,0,0.0,0
2294,3692,,300.0,0,1,0,0,0.0,0
2295,3693,,500000.0,0,1,1,0,0.0,0
2296,3694,,0.0,0,1,0,0,0.0,0
2297,3695,,500000.0,0,1,1,0,0.0,0
2298,3696,,500000.0,0,1,1,0,0.0,0
2299,3698,,500000.0,0,1,1,0,0.0,0
2300,3699,,500000.0,0,1,1,0,0.0,0
2301,3700,,500000.0,0,1,1,0,0.0,0
2302,3702,,500000.0,0,0,1,0,0.0,0
2303,3705,,500000.0,0,0,1,0,0.0,0
2304,3706,,500000.0,0,0,1,0,0.0,0
2305,3707,,500000.0,0,0,1,0,0.0,0
2306,3708,,1403.0,0,1,0,0,0.0,0
2307,3709,,0.0,0,1,0,0,0.0,0
2308,3711,,0.0,0,1,0,0,0.0,0
2309,3712,,250.0,0,1,0,0,0.0,0
2310,3713,,110.0,0,1,0,0,0.0,0
2311,3715,,500000.0,0,0,1,0,0.0,0
2312,3717,,3646.0,0,0,0,0,0.0,0
2313,3719,,0.0,0,0,0,0,0.0,0
2314,3720,,500000.0,0,0,1,0,0.0,0
2315,3721,,10.0,0,0,0,0,0.0,0
2316,3723,,1.0,0,1,0,0,0.0,0
2317,3724,,198.0,0,,0,0,0.0,0
2318,3725,,0.0,0,,0,0,0.0,0
2319,3726,,100.0,0,1,0,0,0.0,0
2320,3727,,750.0,0,,0,0,0.0,0
2321,3728,,200.0,0,,0,0,0.0,0
2322,3729,,5.0,0,1,0,0,1.0,0
2323,3730,,5.0,0,1,0,0,1.0,0
2324,3731,,0.0,0,,0,0,0.0,0
2325,3732,,1.0,0,,0,0,0.0,0
2326,3733,,607.0,0,0,0,0,0.0,0
2327,3734,,500000.0,0,0,1,0,0.0,0
2328,3735,,74.0,0,1,0,0,0.0,0
2329,3737,,50.0,0,1,0,0,0.0,0
2330,3738,,0.0,0,1,0,0,0.0,0
2331,3739,,200.0,0,1,0,0,0.0,0
2332,3740,,100.0,0,1,0,0,0.0,0
2333,3742,,1610.0,0,1,0,0,0.0,0
2334,3743,,1005.0,0,1,0,0,0.0,0
2335,3745,,505.0,0,1,0,0,0.0,0
2336,3746,,27170.0,0,1,0,0,0.0,0
2337,3747,,1520.0,0,0,0,0,0.0,0
2338,3748,,100.0,0,1,0,0,0.0,0
2339,3749,,5.0,0,1,0,0,1.0,0
2340,3750,,100.0,0,1,0,0,0.0,0
2341,3751,,5.0,0,1,0,0,1.0,0
2342,3752,,5.0,0,1,0,0,1.0,0
2343,3753,,100.0,0,1,0,0,0.0,0
2344,3754,,266.0,0,0,0,0,0.0,0
2345,3759,,500000.0,0,0,1,0,0.0,0
2346,3760,,100.0,0,1,0,0,0.0,0
2347,3761,,500070.0,0,1,1,0,0.0,0
2348,3763,,411.0,0,1,0,0,0.0,0
2349,3765,,3.0,0,1,0,0,0.0,0
2350,3766,,505.0,0,1,0,0,0.0,0
2351,3767,,2500.0,0,1,0,0,0.0,0
2352,3768,,100.0,0,1,0,0,0.0,0
2353,3771,,2570.0,0,1,0,0,0.0,0
2354,3774,,500000.0,0,0,1,0,0.0,0
2355,3775,,100.0,0,0,0,0,0.0,0
2356,3777,,570.0,0,0,0,0,0.0,0
2357,3779,,200.0,0,1,0,0,0.0,0
2358,3783,,570.0,0,1,0,0,0.0,0
2359,3787,,150.0,0,0,0,0,0.0,0
2360,3793,,205.0,0,0,0,0,0.0,0
2361,3794,,491.0,0,0,0,0,0.0,0
2362,3795,,5.0,0,1,0,0,0.0,0
2363,3797,,1070.0,0,1,0,0,0.0,0
2364,3798,,1.0,0,1,0,0,0.0,0
2365,3800,,0.0,0,0,,0,1.0,0
2366,3801,,0.0,0,0,,0,1.0,0
2367,3802,,1.0,0,1,0,0,0.0,0
2368,3803,,750.0,0,0,1,0,0.0,0
2369,3805,,500.0,0,0,0,0,0.0,0
2370,3806,,754.0,0,1,0,0,0.0,0
2371,3811,,600.0,0,0,0,0,0.0,0
2372,3812,,550.0,0,0,0,0,0.0,0
2373,3816,,422.0,0,1,0,0,0.0,0
2374,3818,,0.0,0,1,0,0,0.0,0
2375,3819,,500250.0,0,0,1,0,0.0,0
2376,3824,,200.0,0,1,0,0,0.0,0
2377,3825,,9710.0,0,0,0,0,0.0,0
2378,3827,,100.0,0,0,0,0,0.0,0
2379,3828,,100.0,0,0,,0,0.0,0
2380,3829,,1820.0,0,0,0,0,0.0,0
2381,3831,,2500.0,0,1,0,0,0.0,0
2382,3832,,5.0,0,0,0,0,1.0,0
2383,3833,,20.0,0,0,0,0,1.0,0
2384,3834,,0.0,0,0,0,0,1.0,0
2385,3835,,5.0,0,0,0,0,1.0,0
2386,3836,,55.0,0,0,0,0,0.0,0
2387,3837,,0.0,0,1,0,0,0.0,0
2388,3839,,750.0,0,1,0,0,0.0,0
2389,3840,,351.0,0,1,0,0,0.0,0
2390,3841,,2.0,0,1,0,0,0.0,0
2391,3842,,1010.0,0,1,0,0,0.0,0
2392,3844,,132.0,0,1,0,0,0.0,0
2393,3845,,20.0,0,0,0,0,1.0,0
2394,3846,,394.0,0,1,0,0,0.0,0
2395,3847,,48.0,0,0,0,0,0.0,0
2396,3848,,455.0,0,1,0,0,0.0,0
2397,3852,,100.0,0,0,0,0,0.0,0
2398,3853,,5.0,0,0,0,0,0.0,0
2399,3854,,5.0,0,1,0,0,0.0,0
2400,3855,,50.0,0,1,0,0,0.0,0
2401,3856,,0.0,0,1,0,0,0.0,0
2402,3857,,80.0,0,1,0,0,0.0,0
2403,3858,,1.0,0,1,0,0,0.0,0
2404,3859,,502.0,0,1,0,0,0.0,0
2405,3860,,100.0,0,0,0,0,0.0,0
2406,3861,,547.0,0,1,0,0,0.0,0
2407,3862,,2.0,0,1,0,0,0.0,0
2408,3863,,15.0,0,0,0,0,1.0,0
2409,3864,,100.0,0,0,0,0,0.0,0
2410,3866,,100.0,0,1,0,0,0.0,0
2411,3867,,100.0,0,1,0,0,0.0,0
2412,3868,,15.0,0,0,0,0,1.0,0
2413,3869,,51.0,0,1,0,0,0.0,0
2414,3870,,100.0,0,1,0,0,0.0,0
2415,3871,,300.0,0,1,0,0,0.0,0
2416,3872,,500.0,0,1,0,0,0.0,0
2417,3875,,1000.0,0,1,0,0,0.0,0
2418,3876,,1000.0,0,0,0,0,0.0,0
2419,3877,,1000.0,0,1,0,0,0.0,0
2420,3878,,250.0,0,1,0,0,0.0,0
2421,3879,,200.0,0,0,0,0,0.0,0
2422,3880,,281.0,0,1,0,0,0.0,0
2423,3882,,251.0,0,1,0,0,0.0,0
2424,3883,,60.0,0,1,0,0,0.0,0
2425,3884,,100.0,0,0,0,0,0.0,0
2426,3887,,101.0,0,1,0,0,0.0,0
2427,3888,,500000.0,0,1,1,0,0.0,0
2428,3890,,100.0,0,0,0,0,0.0,0
2429,3891,,100.0,0,0,0,0,0.0,0
2430,3892,,100.0,0,0,0,0,0.0,0
2431,3894,,50.0,0,1,0,0,0.0,0
2432,3895,,372.0,0,1,0,0,0.0,0
2433,3897,,1080.0,0,0,0,0,0.0,0
2434,3898,,1400.0,0,1,0,0,0.0,0
2435,3899,,250.0,0,1,0,0,0.0,0
2436,3900,,471.0,0,1,0,0,0.0,0
2437,3901,,550.0,0,0,0,0,0.0,0
2438,3902,,670.0,0,0,0,0,0.0,0
2439,3905,,250.0,0,1,0,0,0.0,0
2440,3906,,0.0,0,1,0,0,0.0,0
2441,3907,,110.0,0,1,0,0,0.0,0
2442,3910,,51.0,0,1,0,0,0.0,0
2443,3911,,62.0,0,1,0,0,0.0,0
2444,3912,,50.0,0,1,0,0,0.0,0
2445,3913,,500000.0,0,1,1,0,0.0,0
2446,3915,,50.0,0,1,0,0,0.0,0
2447,3916,,50.0,0,1,0,0,0.0,0
2448,3917,,114.0,0,1,0,0,0.0,0
2449,3918,,50.0,0,1,0,0,0.0,0
2450,3919,,2240.0,0,0,0,0,0.0,0
2451,3921,,5.0,0,0,0,0,0.0,0
2452,3923,,650.0,0,0,0,0,0.0,0
2453,3924,,110.0,0,1,0,0,0.0,0
2454,3925,,2171.0,0,1,0,0,0.0,0
2455,3927,,100.0,0,0,0,0,0.0,0
2456,3928,,370.0,0,1,0,0,0.0,0
2457,3929,,5.0,0,0,0,0,1.0,0
2458,3930,,5.0,0,0,0,0,1.0,0
2459,3931,,5.0,0,1,0,0,1.0,0
2460,3932,,5.0,0,1,0,0,1.0,0
2461,3933,,55.0,0,1,0,0,0.0,0
2462,3935,,50.0,0,1,0,0,0.0,0
2463,3936,,76.0,0,1,0,0,0.0,0
2464,3937,,500.0,0,0,0,0,0.0,0
2465,3940,,50.0,0,0,0,0,0.0,0
2466,3941,,170.0,0,1,0,0,0.0,0
2467,3944,,51.0,0,1,0,0,0.0,0
2468,3945,,50.0,0,1,0,0,0.0,0
2469,3946,,50.0,0,1,0,0,0.0,0
2470,3947,,80.0,0,1,0,0,0.0,0
2471,3948,,378.0,0,1,0,0,0.0,0
2472,3950,,500300.0,0,0,1,0,0.0,0
2473,3952,,100.0,0,1,0,0,0.0,0
2474,3953,,50.0,0,1,0,0,0.0,0
2475,3954,,100.0,0,1,0,0,0.0,0
2476,3955,,100.0,0,1,0,0,0.0,0
2477,3956,,100.0,0,1,0,0,0.0,0
2478,3957,,1100.0,0,0,0,0,0.0,0
2479,3958,,300.0,0,1,0,0,0.0,0
2480,3959,,100.0,0,1,0,0,0.0,0
2481,3960,,453.0,0,1,0,0,0.0,0
2482,3961,,1200.0,0,0,0,0,0.0,0
2483,3964,,1200.0,0,0,0,0,0.0,0
2484,3966,,1650.0,0,1,0,0,0.0,0
2485,3968,,280.0,0,0,0,0,0.0,0
2486,3970,,149.0,0,1,0,0,0.0,0
2487,3971,,500000.0,0,0,1,0,0.0,0
2488,3972,,105.0,0,0,0,0,0.0,0
2489,3973,,200.0,0,0,0,0,0.0,0
2490,3974,,300.0,0,1,0,0,0.0,0
2491,3975,,250.0,0,1,0,0,0.0,0
2492,3976,,5172.0,0,1,0,0,0.0,0
2493,3977,,1470.0,0,0,0,0,0.0,0
2494,3978,,300.0,0,1,0,0,0.0,0
2495,3980,,500300.0,0,0,1,0,0.0,0
2496,3981,,2150.0,0,0,0,0,0.0,0
2497,3982,,101.0,0,1,0,0,0.0,0
2498,3985,,141.0,0,1,0,0,0.0,0
2499,3986,,0.0,0,0,,0,1.0,0
2500,3987,,305.0,0,0,0,0,0.0,0
2501,3988,,825.0,0,1,0,0,0.0,0
2502,3989,,350.0,0,1,0,0,0.0,0
2503,3991,,450.0,0,1,0,0,0.0,0
2504,3992,,210.0,0,1,0,0,0.0,0
2505,3993,,0.0,0,1,0,0,0.0,0
2506,3995,,500.0,0,1,0,0,0.0,0
2507,3997,,300.0,0,1,0,0,0.0,0
2508,4000,,400.0,0,1,0,0,0.0,0
2509,4002,,950.0,0,1,0,0,0.0,0
2510,4003,,100.0,0,1,0,0,0.0,0
2511,4005,,350.0,0,1,0,0,0.0,0
2512,4006,,500000.0,0,0,1,0,0.0,0
2513,4007,,850.0,0,0,0,0,0.0,0
2514,4009,,0.0,0,1,0,0,0.0,0
2515,4010,,50.0,0,1,0,0,0.0,0
2516,4011,,50.0,0,1,0,0,0.0,0
2517,4013,,1000.0,0,0,0,0,0.0,0
2518,4014,,1000.0,0,1,0,0,0.0,0
2519,4015,,50.0,0,1,0,0,0.0,0
2520,4016,,500000.0,0,1,1,0,0.0,0
2521,4017,,270.0,0,0,0,0,0.0,0
2522,4018,,500000.0,0,1,1,0,0.0,0
2523,4020,,458.0,0,1,0,0,0.0,0
2524,4021,,500000.0,0,1,1,0,0.0,0
2525,4022,,6600.0,0,1,0,0,0.0,0
2526,4023,,555.0,0,1,0,0,0.0,0
2527,4024,,53.0,0,1,0,0,0.0,0
2528,4026,,80.0,0,0,0,0,0.0,0
2529,4028,,1000.0,0,1,0,0,0.0,0
2530,4029,,1200.0,0,1,0,0,0.0,0
2531,4030,,500000.0,0,1,1,0,0.0,0
2532,4031,,1000.0,0,1,0,0,0.0,0
2533,4032,,100.0,0,1,0,0,0.0,0
2534,4033,,500000.0,0,1,1,0,0.0,0
2535,4034,,1000.0,0,1,0,0,0.0,0
2536,4035,,500000.0,0,1,1,0,0.0,0
2537,4036,,1000.0,0,1,0,0,0.0,0
2538,4037,,850.0,0,1,0,0,0.0,0
2539,4038,,3360.0,0,1,0,0,0.0,0
2540,4039,,221.0,0,1,0,0,0.0,0
2541,4040,,1105.0,0,1,0,0,0.0,0
2542,4042,,500000.0,0,1,1,0,0.0,0
2543,4043,,100.0,0,0,0,0,0.0,0
2544,4044,,1000.0,0,1,0,0,0.0,0
2545,4045,,1000.0,0,1,0,0,0.0,0
2546,4046,,500000.0,0,1,1,0,0.0,0
2547,4047,,1000.0,0,1,0,0,0.0,0
2548,4048,,405.0,0,1,0,0,0.0,0
2549,4049,,0.0,0,0,0,0,0.0,0
2550,4050,,5.0,0,0,0,0,0.0,0
2551,4051,,55.0,0,1,0,0,0.0,0
2552,4052,,815.0,0,0,0,0,0.0,0
2553,4053,,5.0,0,0,0,0,1.0,0
2554,4054,,605.0,0,0,0,0,0.0,0
2555,4058,,3643.0,0,0,0,0,0.0,0
2556,4059,,2501.0,0,1,0,0,0.0,0
2557,4062,,400.0,0,1,0,0,0.0,0
2558,4063,,4700.0,0,1,0,0,0.0,0
2559,4064,,2.0,0,1,0,0,0.0,0
2560,4065,,99.0,0,1,0,0,0.0,0
2561,4066,,770.0,0,0,0,0,0.0,0
2562,4067,,4255.0,0,1,0,0,0.0,0
2563,4071,,8255.0,0,1,0,0,0.0,0
2564,4074,,200.0,0,1,0,0,0.0,0
2565,4075,,4005.0,0,1,0,0,0.0,0
2566,4079,,200.0,0,0,0,0,0.0,0
2567,4080,,100.0,0,0,0,0,0.0,0
2568,4082,,550.0,0,0,0,0,0.0,0
2569,4084,,250.0,0,1,0,0,0.0,0
2570,4086,,500000.0,0,0,1,0,0.0,0
2571,4088,,0.0,0,0,0,0,0.0,0
2572,4094,,0.0,0,0,0,0,0.0,0
2573,4096,,30.0,0,0,0,0,0.0,0
2574,4099,,0.0,0,0,0,0,0.0,0
2575,4103,,2000.0,0,1,0,0,0.0,0
2576,4104,,2005.0,0,1,0,0,0.0,0
2577,4105,,2570.0,0,1,0,0,0.0,0
2578,4109,,110.0,0,1,0,0,0.0,0
2579,4112,,3055.0,0,1,0,0,0.0,0
2580,4113,,160.0,0,1,0,0,0.0,0
2581,4116,,405.0,0,1,0,0,0.0,0
2582,4119,,100.0,0,0,0,0,0.0,0
2583,4122,,500.0,0,1,0,0,0.0,0
2584,4123,,50.0,0,1,0,0,0.0,0
2585,4124,,15.0,0,1,0,0,0.0,0
2586,4132,,901.0,0,0,0,0,0.0,0
2587,4138,,230.0,0,1,0,0,0.0,0
2588,4140,,16.0,0,1,0,0,0.0,0
2589,4142,,200.0,0,1,0,0,0.0,0
2590,4143,,256.0,0,1,0,0,0.0,0
2591,4145,,115.0,0,1,0,0,0.0,0
2592,4147,,255.0,0,1,0,0,0.0,0
2593,4149,,110.0,0,1,0,0,0.0,0
2594,4150,,110.0,0,1,0,0,0.0,0
2595,4152,,110.0,0,1,0,0,0.0,0
2596,4154,,250.0,0,0,0,0,0.0,0
2597,4156,,1.0,0,1,0,0,0.0,0
2598,4158,,300.0,0,0,0,0,0.0,0
2599,4160,,100.0,0,1,0,0,0.0,0
2600,4161,,100.0,0,1,0,0,0.0,0
2601,4162,,100.0,0,1,0,0,0.0,0
2602,4163,,110.0,0,1,0,0,0.0,0
2603,4165,,211.0,0,1,0,0,0.0,0
2604,4167,,110.0,0,1,0,0,0.0,0
2605,4169,,100.0,0,0,0,0,0.0,0
2606,4170,,100.0,0,0,0,0,0.0,0
2607,4171,,100.0,0,1,0,0,0.0,0
2608,4173,,100.0,0,1,0,0,0.0,0
2609,4174,,250.0,0,1,0,0,0.0,0
2610,4175,,61.0,0,1,0,0,0.0,0
2611,4177,,100.0,0,1,0,0,0.0,0
2612,4178,,100.0,0,1,0,0,0.0,0
2613,4179,,100.0,0,1,0,0,0.0,0
2614,4180,,2500.0,0,1,0,0,0.0,0
2615,4181,,50.0,0,1,0,0,0.0,0
2616,4182,,100.0,0,1,0,0,0.0,0
2617,4183,,100.0,0,1,0,0,0.0,0
2618,4184,,100.0,0,1,0,0,0.0,0
2619,4185,,250.0,0,1,0,0,0.0,0
2620,4186,,2629.0,0,0,0,0,0.0,0
2621,4188,,250.0,0,1,0,0,0.0,0
2622,4190,,100.0,0,0,0,0,0.0,0
2623,4191,,500000.0,0,0,1,0,0.0,0
2624,4192,,560.0,0,1,0,0,0.0,0
2625,4193,,100.0,0,1,0,0,0.0,0
2626,4194,,100.0,0,1,0,0,0.0,0
2627,4195,,100.0,0,1,0,0,0.0,0
2628,4196,,400.0,0,0,0,0,0.0,0
2629,4198,,250.0,0,1,0,0,0.0,0
2630,4200,,1040.0,0,0,0,0,0.0,0
2631,4201,,100.0,0,0,0,0,0.0,0
2632,4204,,580.0,0,1,0,0,0.0,0
2633,4206,,1350.0,0,1,0,0,0.0,0
2634,4207,,900.0,0,0,0,0,0.0,0
2635,4209,,50.0,0,1,0,0,0.0,0
2636,4210,,2906.0,0,1,0,0,0.0,0
2637,4211,,1535.0,0,0,0,0,0.0,0
2638,4212,,1450.0,0,0,0,0,0.0,0
2639,4213,,1100.0,0,1,0,0,0.0,0
2640,4214,,261.0,0,1,0,0,0.0,0
2641,4215,,1132.0,0,0,0,0,0.0,0
2642,4217,,200.0,0,0,0,0,0.0,0
2643,4218,,100.0,0,0,0,0,0.0,0
2644,4219,,100.0,0,1,0,0,0.0,0
2645,4220,,150.0,0,1,0,0,0.0,0
2646,4221,,50.0,0,1,0,0,0.0,0
2647,4223,,255.0,0,1,0,0,0.0,0
2648,4224,,450.0,0,1,0,0,0.0,0
2649,4225,,99.0,0,0,0,0,0.0,0
2650,4226,,870.0,0,1,0,0,0.0,0
2651,4228,,50.0,0,1,0,0,0.0,0
2652,4231,,2500.0,0,0,0,0,0.0,0
2653,4232,,100.0,0,0,0,0,0.0,0
2654,4233,,100.0,0,0,0,0,0.0,0
2655,4234,,0.0,0,0,0,0,1.0,0
2656,4235,,200.0,0,1,0,0,0.0,0
2657,4236,,0.0,0,0,0,0,1.0,0
2658,4238,,1005.0,0,0,0,0,1.0,0
2659,4240,,503750.0,0,1,1,0,0.0,0
2660,4243,,100.0,0,0,0,0,0.0,0
2661,4244,,877.0,0,1,0,0,0.0,0
2662,4245,,50.0,0,1,0,0,0.0,0
2663,4248,,50.0,0,1,0,0,0.0,0
2664,4250,,491.0,0,0,0,0,0.0,0
2665,4253,,733.0,0,1,0,0,0.0,0
2666,4254,,70.0,0,1,0,0,0.0,0
2667,4256,,50.0,0,1,0,0,0.0,0
2668,4257,,100.0,0,0,0,0,0.0,0
2669,4259,,0.0,0,0,0,0,1.0,0
2670,4260,,5.0,0,0,0,0,1.0,0
2671,4262,,5.0,0,0,0,0,1.0,0
2672,4264,,0.0,0,0,0,0,1.0,0
2673,4266,,11257.0,0,1,0,0,0.0,0
2674,4267,,310.0,0,1,0,0,0.0,0
2675,4269,,320.0,0,0,0,0,0.0,0
2676,4271,,140.0,0,0,0,0,0.0,0
2677,4276,,250.0,0,1,0,0,0.0,0
2678,4277,,650.0,0,1,0,0,0.0,0
2679,4283,,5.0,0,0,0,0,1.0,0
2680,4284,,0.0,0,0,0,0,1.0,0
2681,4285,,0.0,0,0,0,0,0.0,0
2682,4286,,50.0,0,1,0,0,0.0,0
2683,4287,,500000.0,0,0,1,0,0.0,0
2684,4288,,151.0,0,0,0,0,0.0,0
2685,4289,,5.0,0,1,0,0,1.0,0
2686,4290,,423.0,0,0,0,0,0.0,0
2687,4297,,56.0,0,1,0,0,0.0,0
2688,4298,,250.0,0,1,0,0,0.0,0
2689,4300,,180.0,0,0,0,0,0.0,0
2690,4301,,50.0,0,1,0,0,0.0,0
2691,4303,,92.0,0,0,0,0,0.0,0
2692,4304,,99999999.99,0,0,0,0,0.0,0
2693,4305,,99999999.99,0,0,0,0,0.0,0
2694,4306,,250.0,0,1,0,0,0.0,0
2695,4307,,500000.0,0,1,1,0,0.0,0
2696,4308,,500000.0,0,1,0,0,0.0,0
2697,4310,,5.0,0,1,0,0,0.0,0
2698,4311,,250.0,0,1,0,0,0.0,0
2699,4312,,250.0,0,1,0,0,0.0,0
2700,4313,,550.0,0,0,0,0,0.0,0
2701,4315,,320.0,0,0,0,0,0.0,0
2702,4316,,120.0,0,0,0,0,0.0,0
2703,4317,,5.0,0,1,0,0,1.0,0
2704,4318,,5.0,0,0,0,0,1.0,0
2705,4319,,100.0,0,1,0,0,0.0,0
2706,4320,,50.0,0,1,0,0,0.0,0
2707,4321,,0.0,0,0,,0,1.0,0
2708,4322,,0.0,0,0,,0,1.0,0
2709,4323,,0.0,0,0,0,0,1.0,0
2710,4324,,0.0,0,0,,0,1.0,0
2711,4325,,0.0,0,0,,0,1.0,0
2712,4326,,0.0,0,0,,0,1.0,0
2713,4327,,5.0,0,0,0,0,1.0,0
2714,4331,,5.0,0,0,0,0,1.0,0
2715,4334,,750.0,0,1,0,0,0.0,0
2716,4337,,210.0,0,1,0,0,0.0,0
2717,4338,,200.0,0,1,0,0,0.0,0
2718,4341,,100.0,0,0,0,0,0.0,0
2719,4343,,0.0,0,0,0,0,0.0,0
2720,4345,,0.0,0,0,0,0,1.0,0
2721,4348,,0.0,0,0,0,0,1.0,0
2723,4352,,5.0,0,0,0,0,0.0,0
2724,4353,,0.0,0,0,,0,1.0,0
2725,4354,,0.0,0,0,,0,1.0,0
2726,4355,,75.0,0,0,,0,1.0,0
2727,4356,,50.0,0,1,0,0,0.0,0
2728,4358,,2560.0,0,1,0,0,0.0,0
2729,4362,,50.0,0,1,0,0,0.0,0
2730,4364,,50.0,0,1,0,0,0.0,0
2731,4371,,50.0,0,1,0,0,0.0,0
2732,4374,,100.0,0,0,0,0,0.0,0
2733,4377,,115.0,0,1,0,0,0.0,0
2734,4378,,10.0,0,0,0,0,0.0,0
2735,4379,,50.0,0,1,0,0,0.0,0
2736,4382,,250.0,0,1,0,0,0.0,0
2737,4383,,250.0,0,1,0,0,0.0,0
2738,4384,,60.0,0,1,0,0,0.0,0
2739,4388,,60.0,0,1,0,0,0.0,0
2740,4389,,301.0,0,1,0,0,0.0,0
2741,4391,,205.0,0,0,,0,1.0,0
2742,4392,,300.0,0,1,0,0,0.0,0
2743,4394,,515.0,0,0,,0,0.0,0
2744,4397,,155.0,0,0,,0,1.0,0
2745,4398,,155.0,0,0,,0,1.0,0
2746,4399,,105.0,0,0,,0,1.0,0
2747,4400,,105.0,0,0,,0,1.0,0
2748,4401,,366.0,0,1,0,0,0.0,0
2749,4402,,5.0,0,0,0,0,1.0,0
2750,4403,,100.0,0,1,0,0,0.0,0
2751,4404,,500250.0,0,1,0,0,0.0,0
2752,4405,,500000.0,0,1,1,0,0.0,0
2753,4406,,2600.0,0,0,0,0,0.0,0
2754,4408,,105.0,0,0,,0,1.0,0
2755,4409,,5.0,0,1,0,0,1.0,0
2756,4410,,5.0,0,0,0,0,1.0,0
2757,4413,,500000.0,0,1,1,0,0.0,0
2758,4418,,50.0,0,1,0,0,0.0,0
2759,4420,,1000.0,0,0,0,0,0.0,0
2760,4421,,2800.0,0,0,0,0,0.0,0
2761,4424,,50.0,0,1,0,0,0.0,0
2762,4429,,405.0,0,0,,0,1.0,0
2763,4430,,305.0,0,0,,0,1.0,0
2764,4431,,2441.0,0,1,0,0,0.0,0
2765,4432,,688.0,0,1,0,0,0.0,0
2766,4433,,100.0,0,1,0,0,0.0,0
2767,4434,,100.0,0,1,0,0,0.0,0
2768,4435,,100.0,0,1,0,0,0.0,0
2769,4437,,505.0,0,1,0,0,0.0,0
2770,4438,,100.0,0,1,0,0,0.0,0
2771,4439,,100.0,0,1,0,0,0.0,0
2772,4440,,275.0,0,1,0,0,0.0,0
2773,4443,,100.0,0,1,0,0,0.0,0
2774,4444,,271.0,0,1,0,0,0.0,0
2775,4446,,300.0,0,1,0,0,0.0,0
2776,4447,,100.0,0,1,0,0,0.0,0
2777,4449,,110.0,0,1,0,0,0.0,0
2778,4450,,100.0,0,1,0,0,0.0,0
2779,4451,,100.0,0,1,0,0,0.0,0
2780,4452,,500000.0,0,0,1,0,0.0,0
2781,4453,,2360.0,0,1,0,0,0.0,0
2782,4454,,710.0,0,1,0,0,0.0,0
2783,4457,,100.0,0,1,0,0,0.0,0
2784,4458,,855.0,0,0,0,0,0.0,0
2785,4460,,220.0,0,0,,0,1.0,0
2786,4461,,205.0,0,0,,0,1.0,0
2787,4462,,100.0,0,1,0,0,0.0,0
2788,4463,,500000.0,0,1,1,0,0.0,0
2789,4464,,100.0,0,1,0,0,0.0,0
2790,4466,,0.0,0,1,0,0,0.0,0
2791,4467,,2500.0,0,1,0,0,0.0,0
2792,4468,,2500.0,0,1,0,0,0.0,0
2793,4469,,1505.0,0,0,,0,1.0,0
2794,4470,,55.0,0,0,,0,1.0,0
2795,4471,,65.0,0,0,,0,1.0,0
2796,4472,,250.0,0,1,0,0,0.0,0
2797,4473,,65.0,0,0,,0,1.0,0
2798,4474,,20.0,0,0,0,0,1.0,0
2799,4477,,5.0,0,0,0,0,1.0,0
2800,4478,,5.0,0,0,0,0,1.0,0
2801,4479,,20.0,0,0,,0,1.0,0
2802,4480,,5.0,0,0,0,0,1.0,0
2803,4482,,300.0,0,0,0,0,0.0,0
2804,4484,,2500.0,0,1,0,0,0.0,0
2805,4485,,2500.0,0,1,0,0,0.0,0
2806,4486,,2500.0,0,1,0,0,0.0,0
2807,4487,,500.0,0,0,0,0,0.0,0
2808,4488,,500.0,0,0,0,0,0.0,0
2809,4489,,500.0,0,0,0,0,0.0,0
2810,4490,,500.0,0,0,0,0,0.0,0
2811,4491,,500.0,0,0,0,0,0.0,0
2812,4492,,5.0,0,0,0,0,1.0,0
2813,4493,,5.0,0,0,0,0,1.0,0
2814,4494,,5.0,0,0,0,0,1.0,0
2815,4495,,15.0,0,0,,0,1.0,0
2816,4496,,5.0,0,0,0,0,1.0,0
2817,4497,,100.0,0,1,0,0,0.0,0
2818,4498,,650.0,0,0,0,0,0.0,0
2819,4499,,301.0,0,1,0,0,0.0,0
2820,4500,,3703.0,0,1,0,0,0.0,0
2821,4501,,50.0,0,1,0,0,0.0,0
2822,4503,,100.0,0,1,0,0,0.0,0
2823,4505,,100.0,0,0,0,0,0.0,0
2824,4506,,130.0,0,0,0,0,0.0,0
2825,4507,,5.0,0,0,0,0,1.0,0
2826,4508,,820.0,0,1,0,0,0.0,0
2827,4509,,2009.0,0,0,0,0,0.0,0
2828,4511,,105.0,0,0,,0,0.0,0
2829,4512,,1310.0,0,0,0,0,0.0,0
2830,4513,,500020.0,0,0,1,0,0.0,0
2831,4514,,25.0,0,0,,0,0.0,0
2832,4515,,125.0,0,1,0,0,0.0,0
2833,4516,,5.0,0,0,0,0,1.0,0
2834,4517,,5.0,0,0,0,0,1.0,0
2835,4518,,115.0,0,0,0,0,0.0,0
2836,4519,,50.0,0,1,0,0,0.0,0
2837,4520,,1005.0,0,0,,0,0.0,0
2838,4521,,635.0,0,0,0,0,0.0,0
2839,4522,,300.0,0,1,0,0,0.0,0
2840,4523,,200.0,0,0,0,0,0.0,0
2841,4524,,4396.0,0,1,0,0,0.0,0
2842,4525,,197.0,0,1,0,0,0.0,0
2843,4527,,2379.0,0,0,0,0,0.0,0
2844,4528,,7581.0,0,1,0,0,0.0,0
2845,4529,,2762.0,0,0,0,0,0.0,0
2846,4531,,425.0,0,1,0,0,0.0,0
2847,4532,,3342.0,0,1,0,0,0.0,0
2848,4534,,2057.0,0,1,0,0,0.0,0
2849,4535,,550.0,0,1,0,0,0.0,0
2850,4537,,80.0,0,1,1,0,0.0,0
2851,4538,,5.0,0,1,0,0,1.0,0
2852,4539,,5.0,0,1,0,0,0.0,0
2853,4540,,105.0,0,0,,0,0.0,0
2854,4541,,5.0,0,1,0,0,1.0,0
2855,4542,,1000.0,0,1,1,0,0.0,0
2856,4543,,50.0,0,1,0,0,0.0,0
2857,4544,,59.0,0,1,0,0,0.0,0
2858,4545,,17.0,0,0,,0,0.0,0
2859,4546,,500000.0,0,0,1,0,0.0,0
2860,4548,,10.0,0,1,0,0,1.0,0
2861,4549,,49.0,0,1,0,0,0.0,0
2862,4551,,15.0,0,0,0,0,0.0,0
2863,4552,,50.0,0,1,0,0,0.0,0
2864,4553,,200.0,0,1,0,0,0.0,0
2865,4555,,100.0,0,1,0,0,0.0,0
2866,4556,,565.0,0,1,0,0,0.0,0
2867,4558,,5.0,0,0,0,0,1.0,0
2868,4559,,10.0,0,0,0,0,1.0,0
2869,4560,,5.0,0,0,0,0,1.0,0
2870,4561,,5.0,0,0,0,0,1.0,0
2871,4562,,925.0,0,0,,0,0.0,0
2872,4563,,20.0,0,0,0,0,1.0,0
2873,4564,,20.0,0,0,0,0,1.0,0
2874,4565,,105.0,0,1,0,0,0.0,0
2875,4566,,105.0,0,1,0,0,0.0,0
2876,4567,,20.0,0,1,0,0,0.0,0
2877,4568,,60.0,0,1,0,0,0.0,0
2878,4569,,55.0,0,0,0,0,0.0,0
2879,4570,,15.0,0,0,0,0,0.0,0
2880,4571,,20.0,0,1,0,0,1.0,0
2881,4572,,165.0,0,1,0,0,0.0,0
2882,4573,,35.0,0,0,0,0,0.0,0
2883,4574,,400.0,0,1,0,0,0.0,0
2884,4575,,1166.0,0,1,0,0,0.0,0
2885,4576,,1090.0,0,1,0,0,0.0,0
2886,4577,,590.0,0,0,0,0,0.0,0
2887,4578,,5.0,0,0,0,0,0.0,0
2888,4579,,152.0,0,1,0,0,0.0,0
2889,4580,,850.0,0,1,0,0,0.0,0
2890,4581,,6.0,0,0,0,0,1.0,0
2891,4582,,6.0,0,1,0,0,0.0,0
2892,4583,,100.0,0,0,0,0,0.0,0
2893,4584,,1006.0,0,1,0,0,0.0,0
2894,4585,,50.0,0,0,0,0,0.0,0
2895,4586,,505.0,0,0,0,0,0.0,0
2896,4587,,5.0,0,0,0,0,1.0,0
2897,4588,,100.0,0,0,0,0,0.0,0
2898,4590,,200.0,0,0,0,0,0.0,0
2899,4591,,400.0,0,0,0,0,0.0,0
2900,4592,,50.0,0,1,0,0,0.0,0
2901,4593,,200.0,0,0,0,0,0.0,0
2902,4594,,200.0,0,0,0,0,0.0,0
2903,4595,,5.0,0,1,0,0,1.0,0
2904,4596,,5.0,0,1,0,0,1.0,0
2905,4597,,5.0,0,0,0,0,1.0,0
2906,4598,,505.0,0,0,0,0,0.0,0
2907,4599,,55.0,0,0,0,0,0.0,0
2908,4600,,50.0,0,0,0,0,0.0,0
2909,4601,,505.0,0,1,0,0,0.0,0
2910,4602,,5.0,0,0,0,0,1.0,0
2911,4603,,5.0,0,0,0,0,1.0,0
2912,4604,,5.0,0,0,0,0,1.0,0
2913,4605,,10210.0,0,0,0,0,0.0,0
2914,4606,,1000100.0,0,1,0,0,0.0,0
2915,4607,,200.0,0,0,0,0,0.0,0
2916,4608,,200.0,0,0,0,0,0.0,0
2917,4609,,500.0,0,0,0,0,0.0,0
2918,4610,,500.0,0,0,0,0,0.0,0
2919,4611,,55.0,0,1,0,0,0.0,0
2920,4612,,400.0,0,0,0,0,0.0,0
2921,4613,,500000.0,0,0,1,0,0.0,0
2922,4614,,2210.0,0,0,0,0,0.0,0
2923,4615,,400.0,0,0,0,0,0.0,0
2924,4616,,700.0,0,0,0,0,0.0,0
2925,4617,,400.0,0,0,0,0,0.0,0
2926,4618,,700.0,0,0,0,0,0.0,0
2927,4619,,250.0,0,1,0,0,0.0,0
2928,4621,,500000.0,0,0,1,0,0.0,0
2929,4622,,50.0,0,1,0,0,0.0,0
2930,4623,,200.0,0,1,1,0,0.0,0
2931,4624,,200.0,0,1,0,0,0.0,0
2932,4625,,500.0,0,0,0,0,0.0,0
2933,4626,,500000.0,0,0,1,0,0.0,0
2934,4627,,500000.0,0,0,1,0,0.0,0
2935,4629,,10.0,0,0,0,0,0.0,0
2936,4630,,500000.0,0,1,1,0,0.0,0
2937,4631,,0.0,0,0,0,0,0.0,0
2938,4632,,500000.0,0,0,1,0,0.0,0
2939,4633,,60.0,0,1,0,0,0.0,0
2940,4637,,500000.0,0,1,1,0,0.0,0
2941,4646,,100.0,0,1,0,0,0.0,0
2942,4647,,100.0,0,1,0,0,0.0,0
2943,4653,,100.0,0,1,0,0,0.0,0
2944,4654,,200.0,0,0,0,0,0.0,0
2945,4655,,100.0,0,0,0,0,0.0,0
2946,4656,,250.0,0,1,0,0,0.0,0
2947,4657,,250.0,0,1,0,0,0.0,0
2948,4658,,100.0,0,1,0,0,0.0,0
2949,4659,,100.0,0,0,0,0,0.0,0
2950,4660,,123.0,0,0,0,0,0.0,0
2951,4661,,550.0,0,0,0,0,0.0,0
2952,4662,,50.0,0,1,0,0,0.0,0
2953,4663,,50.0,0,1,0,0,0.0,0
2954,4664,,10.0,0,0,0,0,0.0,0
2955,4665,,60.0,0,1,0,0,0.0,0
2956,4666,,0.0,0,0,0,0,0.0,0
2957,4674,,0.0,0,1,0,0,0.0,0
2958,4675,,0.0,0,1,0,0,0.0,0
2959,4676,,0.0,0,1,0,0,0.0,0
2960,4677,,30.0,0,1,0,0,0.0,0
2961,4679,,223.0,0,0,0,0,0.0,0
2962,4680,,0.0,0,1,0,0,0.0,0
2963,4681,,500000.0,0,0,1,0,0.0,0
2964,4682,,550.0,0,0,0,0,0.0,0
2965,4683,,1042.0,0,1,0,0,0.0,0
2966,4684,,30.0,0,1,0,0,0.0,0
2967,4685,,2453.0,0,1,0,0,0.0,0
2968,4686,,5.0,0,0,0,0,1.0,0
2969,4687,,30.0,0,0,,0,0.0,0
2970,4688,,5.0,0,0,0,0,1.0,0
2971,4689,,5.0,0,0,0,0,1.0,0
2972,4690,,5.0,0,0,0,0,1.0,0
2973,4691,,5.0,0,0,0,0,1.0,0
2974,4694,,50.0,0,1,0,0,0.0,0
2975,4695,,100.0,0,0,0,0,0.0,0
2976,4696,,67.0,0,1,0,0,0.0,0
2977,4697,,5.0,0,1,0,0,0.0,0
2978,4698,,5.0,0,1,0,0,0.0,0
2979,4699,,100.0,0,0,0,0,0.0,0
2980,4700,,350.0,0,0,0,0,0.0,0
2981,4704,,500.0,0,0,0,0,0.0,0
2982,4705,,0.0,0,0,0,0,0.0,0
2983,4706,,0.0,0,0,0,0,0.0,0
2984,4707,,5.0,0,1,0,0,0.0,0
2985,4708,,67.0,0,1,0,0,0.0,0
2986,4709,,67.0,0,1,0,0,0.0,0
2987,4710,,500000.0,0,0,1,0,0.0,0
2988,4712,,5.0,0,1,0,0,0.0,0
2989,4713,,220.0,0,0,,0,0.0,0
2990,4714,,500000.0,0,0,1,0,0.0,0
2991,4715,,30.0,0,0,,0,0.0,0
2992,4716,,2300.0,0,0,0,0,0.0,0
2993,4717,,105.0,0,0,,0,0.0,0
2994,4718,,167.0,0,1,0,0,0.0,0
2995,4719,,550.0,0,0,0,0,0.0,0
2996,4720,,5.0,0,1,0,0,0.0,0
2997,4721,,5.0,0,1,0,0,0.0,0
2998,4722,,5.0,0,1,0,0,0.0,0
2999,4723,,500000.0,0,1,1,0,0.0,0
3000,4724,,500000.0,0,0,1,0,0.0,0
3001,4725,,500000.0,0,0,1,0,0.0,0
3002,4726,,5.0,0,1,0,0,0.0,0
3003,4727,,5.0,0,1,0,0,0.0,0
3004,4728,,100.0,0,0,0,0,0.0,0
3005,4729,,30.0,0,1,0,0,0.0,0
3006,4730,,8.0,0,1,0,0,0.0,0
3007,4731,,500000.0,0,0,1,0,0.0,0
3008,4732,,5.0,0,1,0,0,0.0,0
3009,4733,,500000.0,0,1,1,0,0.0,0
3010,4734,,200.0,0,0,0,0,0.0,0
3011,4735,,110.0,0,0,,0,0.0,0
3012,4736,,500000.0,0,0,1,0,0.0,0
3013,4737,,500000.0,0,0,1,0,0.0,0
3014,4741,,250.0,0,1,0,0,0.0,0
3015,4744,,500000.0,0,0,1,0,0.0,0
3016,4745,,500000.0,0,1,1,0,0.0,0
3017,4746,,500000.0,0,0,1,0,0.0,0
3018,4747,,500000.0,0,1,1,0,0.0,0
3019,4748,,500000.0,0,1,1,0,0.0,0
3020,4751,,500000.0,0,0,1,0,0.0,0
3021,4753,,5.0,0,0,0,0,1.0,0
3022,4754,,5.0,0,0,0,0,1.0,0
3023,4755,,5.0,0,0,0,0,1.0,0
3024,4756,,5.0,0,1,0,0,1.0,0
3025,4757,,5.0,0,1,0,0,1.0,0
3026,4758,,5.0,0,1,0,0,1.0,0
3027,4759,,5.0,0,1,0,0,1.0,0
3028,4760,,5.0,0,1,0,0,1.0,0
3029,4761,,100.0,0,1,0,0,0.0,0
3030,4762,,5.0,0,0,0,0,1.0,0
3031,4763,,220.0,0,0,,0,0.0,0
3032,4764,,350.0,0,0,,0,0.0,0
3033,4765,,500000.0,0,0,1,0,0.0,0
3034,4768,,350.0,0,0,,0,0.0,0
3035,4769,,100.0,0,0,0,0,0.0,0
3036,4771,,500000.0,0,0,1,0,0.0,0
3037,4774,,500000.0,0,0,1,0,0.0,0
3038,4776,,5.0,0,1,0,0,0.0,0
3039,4778,,105.0,0,0,,0,0.0,0
3040,4780,,500000.0,0,0,1,0,0.0,0
3041,4781,,500000.0,0,0,1,0,0.0,0
3042,4782,,67.0,0,1,0,0,0.0,0
3043,4783,,350.0,0,1,0,0,0.0,0
3044,4784,,500000.0,0,0,1,0,0.0,0
3045,4785,,500000.0,0,0,1,0,0.0,0
3046,4786,,67.0,0,1,0,0,0.0,0
3047,4787,,500000.0,0,0,1,0,0.0,0
3048,4789,,92.0,0,0,0,0,0.0,0
3049,4790,,500000.0,0,0,1,0,0.0,0
3050,4791,,1183.0,0,1,1,0,0.0,0
3051,4792,,67.0,0,1,0,0,0.0,0
3052,4793,,50.0,0,1,0,0,0.0,0
3053,4794,,67.0,0,1,0,0,0.0,0
3054,4795,,100.0,0,0,0,0,0.0,0
3055,4796,,500000.0,0,0,1,0,0.0,0
3056,4797,,20.0,0,0,0,0,0.0,0
3057,4798,,500000.0,0,0,1,0,0.0,0
3058,4799,,1330.0,0,0,0,0,0.0,0
3059,4800,,67.0,0,1,0,0,0.0,0
3060,4801,,200.0,0,0,0,0,0.0,0
3061,4802,,33317.0,0,1,0,0,0.0,0
3062,4804,,5.0,0,1,0,0,0.0,0
3063,4805,,5.0,0,1,0,0,0.0,0
3064,4806,,5.0,0,1,0,0,0.0,0
3065,4807,,34539.0,0,0,,0,0.0,0
3066,4808,,300.0,0,1,0,0,0.0,0
3067,4809,,10506.0,0,1,0,0,0.0,0
3068,4810,,5.0,0,1,0,0,0.0,0
3069,4811,,200.0,0,0,0,0,0.0,0
3070,4812,,100.0,0,0,0,0,0.0,0
3071,4813,,550.0,0,0,0,0,0.0,0
3072,4814,,500000.0,0,0,1,0,0.0,0
3073,4815,,631.0,0,0,0,0,0.0,0
3074,4816,,100.0,0,0,0,0,0.0,0
3075,4817,,12.0,0,0,0,0,0.0,0
3076,4818,,12.0,0,0,0,0,0.0,0
3077,4819,,700.0,0,0,0,0,0.0,0
3078,4820,,5.0,0,0,0,0,0.0,0
3079,4821,,5.0,0,1,0,0,0.0,0
3080,4822,,0.0,0,1,0,0,0.0,0
3081,4823,,2300.0,0,0,0,0,0.0,0
3082,4824,,100.0,0,0,0,0,0.0,0
3083,4825,,100.0,0,0,0,0,0.0,0
3084,4826,,500000.0,0,0,1,0,0.0,0
3085,4827,,500000.0,0,0,1,0,0.0,0
3086,4828,,500000.0,0,0,1,0,0.0,0
3087,4829,,44.0,0,0,0,0,0.0,0
3088,4830,,1642.0,0,0,0,0,0.0,0
3089,4831,,34.0,0,0,0,0,0.0,0
3090,4832,,500000.0,0,1,1,0,0.0,0
3091,4833,,67.0,0,1,0,0,0.0,0
3092,4834,,67.0,0,1,0,0,0.0,0
3093,4836,,45100.0,0,1,0,0,0.0,0
3094,4837,,601.0,0,1,0,0,0.0,0
3095,4838,,100.0,0,0,0,0,0.0,0
3096,4839,,500000.0,0,0,1,0,0.0,0
3097,4840,,67.0,0,1,0,0,0.0,0
3098,4841,,500000.0,0,0,1,0,0.0,0
3099,4842,,100.0,0,0,0,0,0.0,0
3100,4843,,100.0,0,0,0,0,0.0,0
3101,4844,,5.0,0,0,0,0,1.0,0
3102,4845,,692.0,0,0,0,0,0.0,0
3103,4846,,137.0,0,1,0,0,0.0,0
3104,4847,,1101.0,0,0,0,0,0.0,0
3105,4848,,83.0,0,0,,0,0.0,0
3106,4849,,137.0,0,1,0,0,0.0,0
3107,4851,,350.0,0,0,,0,0.0,0
3108,4852,,3458.0,0,0,,0,0.0,0
3109,4853,,5013.0,0,1,0,0,0.0,0
3110,4854,,220.0,0,1,0,0,0.0,0
3111,4855,,123.0,0,0,0,0,0.0,0
3112,4856,,1100.0,0,0,0,0,0.0,0
3113,4858,,500000.0,0,0,1,0,0.0,0
3114,4859,,500000.0,0,1,1,0,0.0,0
3115,4860,,1005.0,0,0,,0,0.0,0
3116,4862,,15.0,0,0,,0,0.0,0
3117,4863,,500000.0,0,1,1,0,0.0,0
3118,4864,,67.0,0,1,0,0,0.0,0
3119,4865,,500000.0,0,1,1,0,0.0,0
3120,4866,,500000.0,0,0,1,0,0.0,0
3121,4867,,7999.0,0,0,0,0,0.0,0
3122,4868,,105.0,0,0,,0,0.0,0
3123,4869,,105.0,0,0,,0,0.0,0
3124,4870,,100350.0,0,0,,0,0.0,0
3125,4871,,10050.0,0,0,,0,0.0,0
3126,4872,,5.0,0,0,0,0,1.0,0
3127,4873,,200.0,0,0,0,0,0.0,0
3128,4874,,99.0,0,0,0,0,0.0,0
3129,4876,,105.0,0,1,,0,0.0,0
3130,4877,,105.0,0,0,,0,0.0,0
3131,4878,,1005.0,0,0,,0,0.0,0
3132,4879,,105.0,0,0,,0,0.0,0
3133,4880,,1005.0,0,0,,0,0.0,0
3134,4881,,1005.0,0,0,,0,0.0,0
3135,4882,,1100.0,0,1,0,0,0.0,0
3136,4883,,100.0,0,0,0,0,0.0,0
3137,4884,,100.0,0,0,0,0,0.0,0
3138,4886,,55.0,0,0,,0,0.0,0
3139,4887,,239.0,0,0,,0,0.0,0
3140,4888,,105.0,0,0,,0,0.0,0
3141,4889,,105.0,0,1,,0,0.0,0
3142,4890,,234.0,0,0,0,0,0.0,0
3143,4891,,105.0,0,0,,0,0.0,0
3144,4892,,105.0,0,1,,0,0.0,0
3145,4893,,234.0,0,1,0,0,0.0,0
3146,4894,,339.0,0,1,,0,0.0,0
3147,4895,,384.0,0,1,,0,0.0,0
3148,4896,,5.0,0,0,0,0,1.0,0
3149,4897,,355.0,0,0,0,0,0.0,0
3150,4898,,105.0,0,1,,0,0.0,0
3151,4900,,505.0,0,0,,0,0.0,0
3152,4901,,500000.0,0,0,1,0,0.0,0
3153,4902,,2161.0,0,1,1,0,0.0,0
3154,4906,,2453.0,0,1,0,0,0.0,0
3155,4907,,2453.0,0,1,0,0,0.0,0
3156,4908,,500000.0,0,1,1,0,0.0,0
3157,4909,,100.0,0,0,0,0,0.0,0
3158,4910,,100.0,0,0,0,0,0.0,0
3159,4915,,5.0,0,0,0,0,1.0,0
3160,4916,,100.0,0,0,0,0,0.0,0
3161,4918,,100.0,0,1,0,0,0.0,0
3162,4919,,105.0,0,1,,0,0.0,0
3163,4925,,250.0,0,1,0,0,0.0,0
3164,4928,,105.0,0,0,,0,0.0,0
3165,4929,,110.0,0,0,0,0,0.0,0
3166,4930,,100.0,0,0,0,0,0.0,0
3167,4931,,105.0,0,0,,0,0.0,0
3168,4932,,115.0,0,0,,0,0.0,0
3169,4933,,105.0,0,0,,0,0.0,0
3170,4934,,15.0,0,1,,0,0.0,0
3171,4935,,15.0,0,1,,0,0.0,0
3172,4936,,67.0,0,1,0,0,0.0,0
3173,4941,,500000.0,0,0,1,0,0.0,0
3174,4942,,500000.0,0,1,1,0,0.0,0
3175,4944,,100.0,0,1,0,0,0.0,0
3176,4946,,67.0,0,1,0,0,0.0,0
3177,4947,,500000.0,0,0,1,0,0.0,0
3178,4948,,50.0,0,1,0,0,0.0,0
3179,4949,,605.0,0,0,,0,0.0,0
3180,4950,,405.0,0,0,,0,0.0,0
3181,4951,,30.0,0,1,0,0,0.0,0
3182,4952,,45.0,0,0,,0,0.0,0
3183,4954,,45.0,0,0,,0,0.0,0
3184,4960,,900.0,0,0,1,0,0.0,0
3185,4961,,50.0,0,0,0,0,0.0,0
3186,4962,,500000.0,0,1,1,0,0.0,0
3187,4964,,500000.0,0,1,1,0,0.0,0
3188,4968,,500000.0,0,0,1,0,0.0,0
3189,4978,,500000.0,0,1,1,0,0.0,0
3190,4989,,74.49,0,1,0,0,0.0,0
3191,4991,,105.0,0,1,,0,0.0,0
3192,4992,,0.0,0,1,0,0,0.0,0
3193,4994,,991.36,0,1,0,0,0.0,0
3194,4999,,250.0,0,1,0,0,0.0,0
3195,5000,,1399.91,0,1,0,0,0.0,0
3196,5001,,250.0,0,0,0,0,0.0,0
3197,5002,,498.0,0,0,0,0,0.0,0
3198,5026,,100.0,0,0,0,0,0.0,0
3199,5027,,100.0,0,0,0,0,0.0,0
3200,5028,,5.0,0,0,0,0,1.0,0
3201,5030,,105.0,0,0,,0,0.0,0
3202,5031,,1100.0,0,0,0,0,0.0,0
3203,5032,,0.0,0,1,0,0,0.0,0
3204,5033,,5.0,0,0,0,0,1.0,0
3205,5034,,50.0,0,0,0,0,0.0,0
3206,5035,,500000.0,0,0,1,0,0.0,0
3207,5036,,89.49,0,1,0,0,0.0,0
3208,5037,,165.0,0,1,,0,0.0,0
3209,5038,,0.0,0,1,0,0,0.0,0
3210,5039,,5.0,0,0,0,0,0.0,0
3211,5040,,5.0,0,1,0,0,0.0,0
3212,5041,,100.0,0,0,0,0,0.0,0
3213,5042,,120.0,0,1,0,0,0.0,0
3214,5043,,60.0,0,0,0,0,0.0,0
3215,5044,,100.0,0,1,0,0,0.0,0
3216,5045,,0.0,0,1,0,0,0.0,0
3217,5046,,100.0,0,1,0,0,0.0,0
3218,5047,,500000.0,0,0,1,0,0.0,0
3219,5048,,0.0,0,1,0,0,0.0,0
3220,5049,,0.0,0,1,0,0,0.0,0
3221,5050,,0.0,0,1,0,0,0.0,0
3222,5051,,0.0,0,1,0,0,0.0,0
3223,5052,,1.0,0,0,0,0,0.0,0
3224,5053,,2000.0,0,0,0,0,0.0,0
3225,5054,,500.0,0,0,0,0,0.0,0
3226,5055,,500000.0,0,1,1,0,0.0,0
3227,5056,,0.0,0,1,0,0,0.0,0
3228,5057,,700.0,0,0,0,0,0.0,0
3229,5058,,535.49,0,1,0,0,0.0,0
3230,5059,,0.0,0,1,0,0,0.0,0
3231,5060,,0.0,0,1,0,0,0.0,0
3232,5061,,502.74,0,1,0,0,0.0,0
3233,5062,,500000.0,0,0,1,0,0.0,0
3234,5063,,0.0,0,1,0,0,0.0,0
3235,5064,,0.0,0,1,0,0,0.0,0
3236,5065,,95.0,0,0,,0,0.0,0
3237,5066,,105.0,0,1,,0,0.0,0
3238,5068,,500.0,0,0,0,0,0.0,0
3239,5069,,500000.0,0,1,1,0,0.0,0
3240,5070,,50.0,0,1,0,0,0.0,0
3241,5071,,50.0,0,1,0,0,0.0,0
3242,5072,,300.0,0,1,0,0,0.0,0
3243,5073,,300.0,0,0,0,0,0.0,0
3244,5080,,500000.0,0,0,1,0,0.0,0
3245,5081,,500000.0,0,1,1,0,0.0,0
3246,5090,,1465.0,0,1,0,0,0.0,0
3247,5092,,500000.0,0,1,1,0,0.0,0
3248,5096,,500000.0,0,1,1,0,0.0,0
3249,5101,,3000.0,0,1,0,0,0.0,0
3250,5102,,500000.0,0,0,1,0,0.0,0
3251,5103,,500000.0,0,1,0,0,0.0,0
3252,5104,,500000.0,0,1,1,0,0.0,0
3253,5106,,500200.0,0,1,1,0,0.0,0
3254,5109,,405.0,0,1,0,0,0.0,0
3255,5112,,500000.0,0,1,1,0,0.0,0
3256,5114,,500000.0,0,1,1,0,0.0,0
3257,5117,,260.0,0,1,0,0,0.0,0
3258,5118,,120.0,0,1,0,0,0.0,0
3259,5119,,60.0,0,1,0,0,0.0,0
3260,5121,,70.0,0,1,0,0,0.0,0
3261,5123,,60.0,0,1,0,0,0.0,0
3262,5124,,100.0,0,0,0,0,0.0,0
3263,5125,,500100.0,0,1,1,0,0.0,0
3264,5127,,499999.0,0,1,1,0,0.0,0
3265,5130,,500000.0,0,1,1,0,0.0,0
3266,5131,,500200.0,0,1,1,0,0.0,0
3267,5134,,60.0,0,1,0,0,0.0,0
3268,5137,,500000.0,0,1,0,0,0.0,0
3269,5138,,500000.0,0,1,1,0,0.0,0
3270,5139,,260.0,0,1,0,0,0.0,0
3271,5140,,60.0,0,1,0,0,0.0,0
3272,5141,,60.0,0,1,0,0,0.0,0
3273,5142,,160.0,0,1,0,0,0.0,0
3274,5143,,70.0,0,1,0,0,0.0,0
3275,5145,,60.0,0,1,0,0,0.0,0
3276,5146,,66.0,0,0,0,0,0.0,0
3277,5147,,743.0,0,0,0,0,0.0,0
3278,5148,,500000.0,0,1,1,0,0.0,0
3279,5149,,270.0,0,1,0,0,0.0,0
3280,5150,,500100.0,0,1,1,0,0.0,0
3281,5151,,0.0,0,1,0,0,0.0,0
3282,5160,,60.0,0,1,0,0,0.0,0
3283,5163,,5.0,0,0,0,0,1.0,0
3284,5164,,500000.0,0,1,1,0,0.0,0
3285,5165,,60.0,0,1,0,0,0.0,0
3286,5166,,400.0,0,0,0,0,0.0,0
3287,5169,,500000.0,0,1,1,0,0.0,0
3288,5174,,501222.0,0,1,1,0,0.0,0
3289,5176,,501222.0,0,1,1,0,0.0,0
3290,5178,,500000.0,0,1,1,0,0.0,0
3291,5179,,393.0,0,1,0,0,0.0,0
3292,5180,,500000.0,0,1,1,0,0.0,0
3293,5181,,500000.0,0,1,1,0,0.0,0
3294,5183,,60.0,0,1,0,0,0.0,0
3295,5184,,500000.0,0,1,1,0,0.0,0
3296,5186,,500000.0,0,1,1,0,0.0,0
3297,5188,,500000.0,0,1,1,0,0.0,0
3298,5190,,500000.0,0,1,1,0,0.0,0
3299,5191,,120.0,0,1,0,0,0.0,0
3300,5193,,500000.0,0,0,1,0,0.0,0
3301,5201,,500000.0,0,1,1,0,0.0,0
3302,5204,,500000.0,0,1,1,0,0.0,0
3303,5205,,120.0,0,1,0,0,0.0,0
3304,5206,,60.0,0,1,0,0,0.0,0
3305,5207,,120.0,0,1,0,0,0.0,0
3306,5208,,500000.0,0,1,1,0,0.0,0
3307,5212,,500000.0,0,1,1,0,0.0,0
3308,5213,,500000.0,0,1,1,0,0.0,0
3309,5215,,60.0,0,1,0,0,0.0,0
3310,5216,,100.0,0,0,0,0,0.0,0
3311,5217,,500000.0,0,1,1,0,0.0,0
3312,5219,,100.0,0,0,0,0,0.0,0
3313,5220,,210.0,0,1,0,0,0.0,0
3314,5221,,60.0,0,1,0,0,0.0,0
3315,5224,,500000.0,0,0,1,0,0.0,0
3316,5225,,60.0,0,1,0,0,0.0,0
3317,5228,,500.0,0,1,1,0,0.0,0
3318,5229,,0.0,0,0,0,0,0.0,0
3319,5230,,105.0,0,1,0,0,0.0,0
3320,5231,,500200.0,0,1,1,0,0.0,0
3321,5233,,500110.0,0,1,1,0,0.0,0
3322,5234,,100.0,0,0,0,0,0.0,0
3323,5235,,500000.0,0,0,1,0,0.0,0
3324,5236,,500000.0,0,0,1,0,0.0,0
3325,5237,,189.0,0,1,0,0,0.0,0
3326,5239,,500000.0,0,0,1,0,0.0,0
3327,5240,,100.0,0,0,0,0,0.0,0
3328,5241,,419.0,0,1,0,0,0.0,0
3329,5242,,500000.0,0,0,1,0,0.0,0
3330,5246,,500000.0,0,0,1,0,0.0,0
3331,5249,,500150.0,0,1,0,0,0.0,0
3332,5250,,500000.0,0,1,1,0,0.0,0
3333,5252,,100.0,0,0,0,0,0.0,0
3334,5258,,500000.0,0,1,1,0,0.0,0
3335,5259,,500000.0,0,0,1,0,0.0,0
3336,5261,,100.0,0,0,0,0,0.0,0
3337,5262,,500000.0,0,0,1,0,0.0,0
3338,5269,,60.0,0,1,0,0,0.0,0
3339,5274,,500000.0,0,0,1,0,0.0,0
3340,5275,,105.0,0,0,0,0,0.0,0
3341,5276,,105.0,0,0,0,0,0.0,0
3342,5277,,500000.0,0,1,1,0,0.0,0
3343,5278,,500000.0,0,1,1,0,0.0,0
3344,5279,,500000.0,0,1,1,0,0.0,0
3345,5280,,60.0,0,1,0,0,0.0,0
3346,5281,,500000.0,0,1,1,0,0.0,0
3347,5282,,500150.0,0,1,0,0,0.0,0
3348,5283,,100.0,0,0,0,0,0.0,0
3349,5284,,500000.0,0,0,1,0,0.0,0
3350,5285,,500000.0,0,1,1,0,0.0,0
3351,5286,,500000.0,0,1,1,0,0.0,0
3352,5287,,500000.0,0,1,1,0,0.0,0
3353,5288,,500000.0,0,1,1,0,0.0,0
3354,5289,,500000.0,0,1,1,0,0.0,0
3355,5290,,500000.0,0,1,1,0,0.0,0
3356,5292,,500000.0,0,1,1,0,0.0,0
3357,5293,,500000.0,0,1,1,0,0.0,0
3358,5294,,500000.0,0,1,1,0,0.0,0
3359,5295,,500000.0,0,1,1,0,0.0,0
3360,5296,,60.0,0,1,0,0,0.0,0
3361,5297,,200.0,0,1,0,0,0.0,0
3362,5299,,200.0,0,0,0,0,0.0,0
3363,5300,,500000.0,0,1,1,0,0.0,0
3364,5302,,200.0,0,1,0,0,0.0,0
3365,5304,,200.0,0,1,0,0,0.0,0
3366,5306,,200.0,0,1,0,0,0.0,0
3367,5308,,200.0,0,1,0,0,0.0,0
3368,5310,,3500.0,0,1,0,0,0.0,0
3369,5312,,200.0,0,1,0,0,0.0,0
3370,5314,,800.0,0,1,0,0,0.0,0
3371,5316,,200.0,0,1,0,0,0.0,0
3372,5318,,200.0,0,1,0,0,0.0,0
3373,5320,,200.0,0,1,0,0,0.0,0
3374,5322,,1550.0,0,1,0,0,0.0,0
3375,5324,,1395.0,0,1,0,0,0.0,0
3376,5326,,500000.0,0,0,1,0,0.0,0
3377,5327,,200.0,0,0,0,0,0.0,0
3378,5328,,520.0,0,0,0,0,0.0,0
3379,5329,,50.0,0,1,0,0,0.0,0
3380,5330,,150.0,0,1,0,0,0.0,0
3381,5331,,395.0,0,1,0,0,0.0,0
3382,5332,,520.0,0,0,0,0,0.0,0
3383,5333,,659.0,0,1,0,0,0.0,0
3384,5335,,1910.0,0,0,0,0,0.0,0
3385,5337,,421.0,0,1,0,0,0.0,0
3386,5339,,300.0,0,0,0,0,0.0,0
3387,5340,,150.0,0,1,0,0,0.0,0
3388,5341,,195.0,0,0,0,0,0.0,0
3389,5342,,50.0,0,1,0,0,0.0,0
3390,5343,,200.0,0,0,0,0,0.0,0
3391,5344,,10600.0,0,0,0,0,0.0,0
3392,5345,,200.0,0,0,0,0,0.0,0
3393,5346,,200.0,0,1,0,0,0.0,0
3394,5350,,200.0,0,0,0,0,0.0,0
3395,5352,,50.0,0,1,0,0,0.0,0
3396,5354,,200.0,0,0,0,0,0.0,0
3397,5355,,10.0,0,0,0,0,0.0,0
3398,5356,,506.0,0,1,0,0,0.0,0
3399,5358,,500000.0,0,0,1,0,0.0,0
3400,5360,,300.0,0,1,0,0,0.0,0
3401,5361,,200.0,0,0,0,0,0.0,0
3402,5362,,200.0,0,0,0,0,0.0,0
3403,5363,,500000.0,0,0,1,0,0.0,0
3404,5368,,420.0,0,0,0,0,0.0,0
3405,5369,,500000.0,0,0,1,0,0.0,0
3406,5371,,500270.0,0,0,1,0,0.0,0
3407,5374,,500000.0,0,0,1,0,0.0,0
3408,5375,,200.0,0,0,0,0,0.0,0
3409,5376,,200.0,0,1,0,0,0.0,0
3410,5377,,500000.0,0,0,1,0,0.0,0
3411,5378,,35.0,0,1,0,0,0.0,0
3412,5380,,101.0,0,1,0,0,0.0,0
3413,5381,,200.0,0,0,0,0,0.0,0
3414,5382,,57.0,0,1,0,0,0.0,0
3415,5385,,200.0,0,0,0,0,0.0,0
3416,5386,,600.0,0,0,0,0,0.0,0
3417,5389,,96.0,0,0,0,0,0.0,0
3418,5391,,150.0,0,1,0,0,0.0,0
3419,5393,,410.0,0,0,0,0,0.0,0
3420,5394,,500000.0,0,0,1,0,0.0,0
3421,5395,,50.0,0,1,0,0,0.0,0
3422,5397,,145.0,0,1,0,0,0.0,0
3423,5401,,499998.0,0,0,1,0,0.0,0
3424,5403,,1597.0,0,1,0,0,0.0,0
3425,5404,,698.0,0,1,0,0,0.0,0
3426,5405,,210.0,0,0,0,0,0.0,0
3427,5406,,500000.0,0,0,1,0,0.0,0
3428,5407,,150.0,0,1,0,0,0.0,0
3429,5408,,500000.0,0,0,1,0,0.0,0
3430,5409,,150.0,0,1,0,0,0.0,0
3431,5410,,150.0,0,1,0,0,0.0,0
3432,5411,,56.0,0,1,0,0,0.0,0
3433,5413,,58.0,0,1,0,0,0.0,0
3434,5414,,500000.0,0,0,1,0,0.0,0
3435,5416,,141.0,0,1,0,0,0.0,0
3436,5417,,500008.0,0,0,1,0,0.0,0
3437,5418,,500000.0,0,0,1,0,0.0,0
3438,5419,,500000.0,0,0,1,0,0.0,0
3439,5420,,10.0,0,0,0,0,0.0,0
3440,5421,,0.0,0,0,0,0,0.0,0
3441,5423,,50.0,0,1,0,0,0.0,0
3442,5424,,62.0,0,1,0,0,0.0,0
3443,5425,,148.0,0,1,0,0,0.0,0
3444,5426,,500000.0,0,0,1,0,0.0,0
3445,5428,,115.0,0,1,0,0,0.0,0
3446,5429,,50.0,0,1,0,0,0.0,0
3447,5430,,134.0,0,1,0,0,0.0,0
3448,5431,,500000.0,0,1,1,0,0.0,0
3449,5432,,50.0,0,1,0,0,0.0,0
3450,5435,,5.0,0,0,0,0,1.0,0
3451,5436,,3560.0,0,0,0,0,1.0,0
3452,5437,,200.0,0,0,0,0,0.0,0
3453,5438,,150.0,0,1,0,0,0.0,0
3454,5441,,48.0,0,1,0,0,0.0,0
3455,5449,,5.0,0,1,0,0,0.0,0
3456,5453,,205.0,0,0,0,0,0.0,0
3457,5454,,5.0,0,1,0,0,1.0,0
3458,5457,,10.0,0,1,0,0,1.0,0
3459,5458,,5.0,0,0,0,0,1.0,0
3460,5461,,209.0,0,0,0,0,0.0,0
3461,5462,,500000.0,0,1,1,0,0.0,0
3462,5463,,62.0,0,1,0,0,0.0,0
3463,5464,,500000.0,0,1,1,0,0.0,0
3464,5465,,500000.0,0,0,1,0,0.0,0
3465,5466,,395.0,0,1,0,0,0.0,0
3466,5470,,500000.0,0,1,1,0,0.0,0
3467,5473,,500000.0,0,0,1,0,0.0,0
3468,5474,,740.0,0,0,0,0,0.0,0
3469,5475,,50.0,0,1,0,0,0.0,0
3470,5476,,50.0,0,1,0,0,0.0,0
3471,5477,,50.0,0,1,0,0,0.0,0
3472,5478,,500000.0,0,0,1,0,0.0,0
3473,5479,,50.0,0,0,0,0,1.0,0
3474,5480,,51.0,0,0,0,0,0.0,0
3475,5482,,5.0,0,1,0,0,1.0,0
3476,5483,,5.0,0,0,0,0,1.0,0
3477,5485,,250.0,0,0,0,0,0.0,0
3478,5486,,10.0,0,0,0,0,1.0,0
3479,5487,,100.0,0,0,0,0,0.0,0
3480,5488,,10.0,0,0,0,0,0.0,0
3481,5489,,500000.0,0,0,1,0,0.0,0
3482,5490,,150.0,0,0,0,0,0.0,0
3483,5491,,10.0,0,0,0,0,0.0,0
3484,5492,,390.0,0,1,0,0,0.0,0
3485,5493,,500000.0,0,0,1,0,0.0,0
3486,5494,,500000.0,0,0,1,0,0.0,0
3487,5495,,500000.0,0,0,1,0,0.0,0
3488,5496,,500000.0,0,0,1,0,0.0,0
3489,5497,,50.0,0,1,0,0,0.0,0
3490,5498,,50.0,0,1,0,0,0.0,0
3491,5499,,150.0,0,1,0,0,0.0,0
3492,5501,,14000.0,0,1,0,0,0.0,0
3493,5502,,500000.0,0,1,1,0,0.0,0
3494,5503,,500000.0,0,0,1,0,0.0,0
3495,5504,,200.0,0,1,0,0,0.0,0
3496,5505,,0.0,0,1,0,0,0.0,0
3497,5506,,50.0,0,1,0,0,0.0,0
3498,5507,,50.0,0,1,0,0,0.0,0
3499,5508,,300.0,0,0,0,0,0.0,0
3500,5509,,10.0,0,0,0,0,0.0,0
3501,5510,,500000.0,0,0,1,0,0.0,0
3502,5511,,200.0,0,0,0,0,0.0,0
3503,5512,,500000.0,0,1,1,0,0.0,0
3504,5513,,75.0,0,1,0,0,0.0,0
3505,5514,,500000.0,0,1,1,0,0.0,0
3506,5515,,0.0,0,1,0,0,0.0,0
3507,5517,,545.0,0,1,0,0,0.0,0
3508,5518,,50.0,0,1,0,0,0.0,0
3509,5519,,500000.0,0,1,1,0,0.0,0
3510,5520,,150.0,0,1,0,0,0.0,0
3511,5521,,545.0,0,1,0,0,0.0,0
3512,5522,,50.0,0,1,0,0,0.0,0
3513,5523,,200.0,0,1,0,0,0.0,0
3514,5524,,495.0,0,1,0,0,0.0,0
3515,5526,,500000.0,0,1,1,0,0.0,0
3516,5527,,50.0,0,1,0,0,0.0,0
3517,5528,,150.0,0,1,0,0,0.0,0
3518,5529,,839.0,0,1,0,0,0.0,0
3519,5530,,248.0,0,1,0,0,0.0,0
3520,5531,,150.0,0,1,0,0,0.0,0
3521,5533,,395.0,0,1,0,0,0.0,0
3522,5534,,401.0,0,1,0,0,0.0,0
3523,5535,,50.0,0,1,0,0,0.0,0
3524,5537,,1200.0,0,0,0,0,0.0,0
3525,5538,,145.0,0,1,0,0,0.0,0
3526,5540,,400.0,0,0,0,0,0.0,0
3527,5541,,200.0,0,0,0,0,0.0,0
3528,5542,,200.0,0,0,0,0,0.0,0
3529,5543,,13200.0,0,0,0,0,0.0,0
3530,5544,,50.0,0,1,0,0,0.0,0
3531,5545,,500000.0,0,0,1,0,0.0,0
3532,5546,,50.0,0,1,0,0,0.0,0
3533,5547,,200.0,0,0,0,0,0.0,0
3534,5548,,200.0,0,0,0,0,0.0,0
3535,5549,,50.0,0,1,0,0,0.0,0
3536,5550,,100.0,0,0,0,0,0.0,0
3537,5551,,200.0,0,0,0,0,0.0,0
3538,5552,,200.0,0,0,0,0,0.0,0
3539,5553,,200.0,0,0,0,0,0.0,0
3540,5554,,200.0,0,0,0,0,0.0,0
3541,5555,,200.0,0,0,0,0,0.0,0
3542,5556,,500000.0,0,0,1,0,0.0,0
3543,5557,,200.0,0,0,0,0,0.0,0
3544,5558,,50.0,0,1,0,0,0.0,0
3545,5559,,200.0,0,0,0,0,0.0,0
3546,5560,,200.0,0,0,0,0,0.0,0
3547,5561,,200.0,0,0,0,0,0.0,0
3548,5562,,200.0,0,0,0,0,0.0,0
3549,5563,,200.0,0,0,0,0,0.0,0
3550,5564,,486.0,0,0,0,0,0.0,0
3551,5565,,500000.0,0,0,1,0,0.0,0
3552,5566,,200.0,0,0,0,0,0.0,0
3553,5567,,200.0,0,0,0,0,0.0,0
3554,5568,,100.0,0,0,0,0,0.0,0
3555,5569,,347.0,0,1,0,0,0.0,0
3556,5570,,50.0,0,0,0,0,1.0,0
3557,5571,,500000.0,0,0,1,0,0.0,0
3558,5572,,50.0,0,0,0,0,0.0,0
3559,5575,,500000.0,0,1,1,0,0.0,0
3560,5578,,499998.0,0,0,1,0,0.0,0
3561,5579,,150.0,0,1,0,0,0.0,0
3562,5580,,50.0,0,1,0,0,0.0,0
3563,5581,,245.0,0,1,0,0,0.0,0
3564,5583,,12.0,0,0,0,0,0.0,0
3565,5584,,2.0,0,0,0,0,0.0,0
3566,5585,,500000.0,0,0,1,0,0.0,0
3567,5587,,200.0,0,0,0,0,0.0,0
3568,5589,,395.0,0,1,0,0,0.0,0
3569,5590,,50.0,0,1,0,0,0.0,0
3570,5591,,150.0,0,1,0,0,0.0,0
3571,5592,,150.0,0,1,0,0,0.0,0
3572,5593,,50.0,0,1,0,0,0.0,0
3573,5594,,50.0,0,1,0,0,0.0,0
3574,5596,,150.0,0,0,0,0,1.0,0
3575,5597,,50.0,0,0,0,0,1.0,0
3576,5598,,395.0,0,1,0,0,0.0,0
3577,5599,,150.0,0,0,0,0,1.0,0
3578,5600,,500000.0,0,1,1,0,0.0,0
3579,5605,,50.0,0,0,0,0,1.0,0
3580,5606,,5.0,0,0,0,0,1.0,0
3581,5608,,500000.0,0,0,1,0,1.0,0
3582,5610,,790.0,0,1,0,0,0.0,0
3583,5612,,50.0,0,1,0,0,0.0,0
3584,5613,,150.0,0,1,0,0,0.0,0
3585,5614,,420.0,0,1,0,0,1.0,0
3586,5615,,30.0,0,1,0,0,0.0,0
3587,5616,,48.0,0,1,0,0,0.0,0
3588,5617,,100.0,0,1,0,0,0.0,0
3589,5620,,50.0,0,1,0,0,0.0,0
3590,5621,,50.0,0,1,0,0,0.0,0
3591,5622,,36.0,0,0,0,0,1.0,0
3592,5623,,5.0,0,0,0,0,1.0,0
3593,5624,,5.0,0,0,0,0,1.0,0
3594,5625,,5.0,0,0,0,0,1.0,0
3595,5626,,100.0,0,1,0,0,0.0,0
3596,5627,,50.0,0,1,0,0,0.0,0
3597,5628,,50.0,0,1,0,0,0.0,0
3598,5629,,50.0,0,1,0,0,0.0,0
3599,5630,,150.0,0,1,0,0,0.0,0
3600,5631,,500010.0,0,1,1,0,1.0,0
3601,5632,,297.0,0,1,0,0,0.0,0
3602,5633,,100.0,0,0,0,0,0.0,0
3603,5634,,500000.0,0,0,1,0,0.0,0
3604,5635,,800.0,0,0,0,0,0.0,0
3605,5638,,550.0,0,1,0,0,0.0,0
3606,5639,,500000.0,0,0,1,0,0.0,0
3607,5641,,500000.0,0,0,1,0,0.0,0
3608,5643,,500000.0,0,0,1,0,0.0,0
3609,5644,,500000.0,0,0,1,0,0.0,0
3610,5646,,5400.0,0,0,0,0,0.0,0
3611,5647,,500000.0,0,0,1,0,0.0,0
3612,5648,,100.0,0,1,0,0,0.0,0
3613,5649,,250.0,0,1,0,0,0.0,0
3614,5651,,250.0,0,1,0,0,0.0,0
3615,5652,,10.0,0,0,0,0,0.0,0
3616,5653,,9.0,0,1,0,0,0.0,0
3617,5654,,2000.0,0,0,0,0,0.0,0
3618,5655,,500000.0,0,0,1,0,0.0,0
3619,5657,,5.0,0,0,0,0,0.0,0
3620,5658,,50.0,0,1,0,0,0.0,0
3621,5661,,200.0,0,0,0,0,0.0,0
3622,5662,,150.0,0,1,0,0,0.0,0
3623,5663,,150.0,0,1,0,0,0.0,0
3624,5664,,150.0,0,1,0,0,0.0,0
3625,5665,,101.0,0,1,0,0,0.0,0
3626,5666,,50.0,0,1,0,0,0.0,0
3627,5667,,50.0,0,1,0,0,0.0,0
3628,5670,,50.0,0,1,0,0,0.0,0
3630,5672,,625.0,0,0,0,0,0.0,0
3631,5673,,145.0,0,0,0,0,0.0,0
3632,5674,,576.0,0,1,0,0,0.0,0
3633,5677,,100.0,0,1,0,0,0.0,0
3634,5678,,50.0,0,1,0,0,0.0,0
3635,5679,,276.0,0,1,0,0,0.0,0
3636,5690,,100.0,0,0,0,0,0.0,0
3637,5692,,100.0,0,0,0,0,0.0,0
3638,5694,,204.0,0,1,0,0,0.0,0
3639,5695,,500000.0,0,0,1,0,0.0,0
3640,5699,,150.0,0,1,0,0,0.0,0
3641,5701,,500000.0,0,0,1,0,0.0,0
3642,5702,,100.0,0,0,0,0,0.0,0
3643,5703,,10.0,0,0,0,0,0.0,0
3644,5704,,10.0,0,0,0,0,0.0,0
3645,5705,,210.0,0,1,0,0,0.0,0
3646,5706,,326.0,0,1,0,0,0.0,0
3647,5708,,149.0,0,1,0,0,0.0,0
3648,5709,,500000.0,0,1,1,0,0.0,0
3649,5710,,100.0,0,0,0,0,0.0,0
3650,5711,,50.0,0,1,0,0,0.0,0
3651,5712,,50.0,0,1,0,0,0.0,0
3652,5713,,50.0,0,1,0,0,0.0,0
3653,5714,,50.0,0,1,0,0,0.0,0
3654,5715,,50.0,0,1,0,0,0.0,0
3655,5716,,50.0,0,1,0,0,0.0,0
3656,5717,,50.0,0,1,0,0,0.0,0
3657,5718,,50.0,0,1,0,0,0.0,0
3658,5719,,50.0,0,1,0,0,0.0,0
3659,5720,,100.0,0,0,0,0,0.0,0
3660,5721,,50.0,0,1,0,0,0.0,0
3661,5722,,240.0,0,1,0,0,0.0,0
3662,5725,,200.0,0,0,0,0,0.0,0
3663,5737,,1300.0,0,0,0,0,0.0,0
3664,5741,,535.0,0,1,0,0,0.0,0
3665,5748,,50.0,0,1,0,0,0.0,0
3666,5750,,50.0,0,1,0,0,0.0,0
3667,5751,,500000.0,0,0,1,0,0.0,0
3668,5752,,397.0,0,1,0,0,0.0,0
3669,5755,,99.0,0,0,0,0,0.0,0
3670,5756,,49.0,0,1,0,0,0.0,0
3671,5758,,500000.0,0,0,1,0,1.0,0
3672,5759,,500000.0,0,0,1,0,0.0,0
3673,5761,,500000.0,0,0,1,0,0.0,0
3674,5764,,100.0,0,1,0,0,0.0,0
3675,5765,,500012.0,0,0,1,0,0.0,0
3676,5766,,500000.0,0,1,1,0,0.0,0
3677,5768,,815.0,0,1,0,0,0.0,0
3678,5771,,300.0,0,0,0,0,0.0,0
3679,5773,,300.0,0,1,0,0,0.0,0
3680,5774,,100.0,0,1,0,0,0.0,0
3681,5775,,500000.0,0,1,1,0,0.0,0
3682,5776,,520.0,0,1,0,0,0.0,0
3683,5777,,300.0,0,1,0,0,0.0,0
3684,5778,,500000.0,0,1,1,0,0.0,0
3685,5779,,500000.0,0,0,1,0,0.0,0
3686,5780,,500012.0,0,1,1,0,0.0,0
3687,5781,,500000.0,0,0,1,0,0.0,0
3688,5782,,1100.0,0,0,0,0,0.0,0
3689,5783,,15578.0,0,0,0,0,0.0,0
3690,5784,,500000.0,0,1,1,0,0.0,0
3691,5785,,500000.0,0,1,1,0,0.0,0
3692,5786,,300.0,0,1,0,0,0.0,0
3693,5787,,500000.0,0,1,1,0,0.0,0
3694,5788,,500000.0,0,0,1,0,0.0,0
3695,5789,,500000.0,0,1,1,0,1.0,0
3696,5790,,500000.0,0,1,1,0,1.0,0
3697,5791,,500000.0,0,1,1,0,1.0,0
3698,5792,,50.0,0,1,0,0,0.0,0
3699,5793,,500000.0,0,1,1,0,1.0,0
3700,5794,,500000.0,0,0,1,0,1.0,0
3701,5795,,500000.0,0,0,1,0,1.0,0
3702,5796,,500000.0,0,1,1,0,0.0,0
3703,5798,,100.0,0,0,0,0,0.0,0
3704,5800,,1935.0,0,0,0,0,0.0,0
3705,5801,,388.0,0,1,0,0,0.0,0
3706,5805,,500000.0,0,0,1,0,0.0,0
3707,5806,,10.0,0,1,0,0,1.0,0
3708,5807,,5.0,0,1,0,0,1.0,0
3709,5809,,500000.0,0,0,1,0,0.0,0
3710,5810,,500000.0,0,0,1,0,1.0,0
3711,5811,,500000.0,0,0,1,0,0.0,0
3712,5812,,50.0,0,1,0,0,0.0,0
3713,5813,,100.0,0,0,0,0,0.0,0
3714,5814,,493.0,0,1,0,0,0.0,0
3715,5815,,500000.0,0,0,1,0,0.0,0
3716,5817,,100.0,0,0,0,0,0.0,0
3717,5819,,1000.0,0,1,0,0,1.0,0
3718,5820,,99999999.99,0,1,0,0,0.0,0
3719,5821,,500000.0,0,1,1,0,0.0,0
3720,5822,,45.0,0,1,0,0,0.0,0
3721,5823,,48.0,0,1,0,0,0.0,0
3722,5824,,500000.0,0,0,1,0,0.0,0
3723,5828,,43.0,0,1,0,0,0.0,0
3724,5829,,49.0,0,1,0,0,0.0,0
3725,5831,,48.0,0,1,0,0,0.0,0
3726,5834,,499998.0,0,0,1,0,0.0,0
3727,5837,,500000.0,0,0,1,0,0.0,0
3728,5838,,500000.0,0,1,1,0,0.0,0
3729,5839,,220.0,0,1,0,0,0.0,0
3730,5840,,100.0,0,0,0,0,0.0,0
3731,5841,,100.0,0,0,0,0,0.0,0
3732,5842,,100.0,0,0,0,0,0.0,0
3733,5843,,100.0,0,0,0,0,0.0,0
3734,5844,,500000.0,0,0,1,0,0.0,0
3735,5845,,500000.0,0,0,1,0,0.0,0
3736,5846,,499999.0,0,0,1,0,0.0,0
3737,5849,,200.0,0,1,0,0,0.0,0
3738,5850,,50.0,0,1,0,0,0.0,0
3739,5851,,500000.0,0,0,1,0,0.0,0
3740,5852,,76.0,0,0,0,0,0.0,0
3741,5853,,500000.0,0,0,1,0,0.0,0
3742,5854,,1093.0,0,0,0,0,0.0,0
3743,5856,,157.0,0,1,0,0,0.0,0
3744,5857,,50.0,0,1,0,0,0.0,0
3745,5858,,100.0,0,1,0,0,0.0,1
3746,5859,,290.0,0,0,0,0,0.0,0
3747,5868,,108.0,0,1,0,0,0.0,0
3748,5874,,137.0,0,1,0,0,0.0,0
3749,5875,,106.0,0,1,0,0,0.0,0
3750,5877,,100.0,0,0,0,0,0.0,0
3751,5878,,50.0,0,1,0,0,0.0,0
3752,5880,,150.0,0,1,0,0,0.0,0
3753,5883,,37.0,0,1,0,0,0.0,0
3754,5885,,177.0,0,1,0,0,0.0,0
3755,5886,,150.0,0,1,0,0,0.0,0
3756,5887,,106.0,0,1,0,0,0.0,0
3757,5891,,92.0,0,0,0,0,0.0,0
3758,5892,,100.0,0,0,0,0,0.0,0
3759,5893,,500000.0,0,0,1,0,0.0,0
3760,5894,,100.0,0,0,0,0,0.0,0
3761,5895,,50.0,0,1,0,0,0.0,0
3762,5896,,200.0,0,1,0,0,0.0,0
3763,5897,,50.0,0,1,0,0,0.0,0
3764,5898,,732.0,0,1,0,0,0.0,0
3765,5899,,150.0,0,1,0,0,0.0,0
3766,5900,,150.0,0,1,0,0,0.0,0
3767,5901,,100.0,0,0,0,0,0.0,0
3768,5903,,500000.0,0,0,1,0,0.0,0
3769,5904,,300.0,0,1,0,0,0.0,0
3770,5905,,370.0,0,1,0,0,0.0,0
3771,5908,,250.0,0,1,0,0,0.0,0
3772,5909,,500000.0,0,0,1,0,0.0,0
3773,5917,,500000.0,0,1,1,0,0.0,0
3774,5921,,100.0,0,1,0,0,0.0,0
3775,5924,,500000.0,0,0,1,0,0.0,0
3776,5925,,499999.0,0,1,1,0,0.0,0
3777,5926,,5.0,0,1,0,0,0.0,0
3778,5928,,50.0,0,1,0,0,0.0,0
3779,5929,,300.0,0,1,0,0,0.0,0
3780,5930,,1046.0,0,1,0,0,0.0,0
3781,5931,,500000.0,0,0,1,0,0.0,0
3782,5932,,500000.0,0,0,1,0,0.0,0
3783,5933,,100.0,0,0,0,0,0.0,0
3784,5936,,500000.0,0,1,1,0,0.0,0
3785,5937,,500000.0,0,0,1,0,0.0,0
3786,5938,,500000.0,0,0,1,0,0.0,0
3787,5939,,50.0,0,1,0,0,0.0,0
3788,5940,,50.0,0,1,0,0,0.0,0
3789,5941,,200.0,0,1,0,0,0.0,0
3790,5942,,150.0,0,1,0,0,0.0,0
3791,5943,,899.0,0,1,0,0,0.0,0
3792,5945,,145.0,0,1,0,0,0.0,0
3793,5946,,500000.0,0,1,1,0,0.0,0
3794,5947,,499941.0,0,1,1,0,0.0,0
3795,5948,,100.0,0,0,0,0,0.0,0
3796,5949,,42.0,0,1,0,0,0.0,0
3797,5951,,150.0,0,1,0,0,0.0,0
3798,5952,,500000.0,0,1,1,0,0.0,0
3799,5953,,100.0,0,0,0,0,0.0,0
3800,5956,,499999.0,0,0,1,0,0.0,0
3801,5958,,500000.0,0,0,1,0,0.0,0
3802,5959,,108.0,0,1,0,0,0.0,0
3803,5960,,50.0,0,1,0,0,0.0,0
3804,5966,,50.0,0,1,0,0,0.0,0
3805,5969,,298.0,0,0,0,0,0.0,0
3806,5971,,50.0,0,1,0,0,0.0,0
3807,5972,,150.0,0,1,0,0,1.0,0
3808,5973,,100.0,0,0,0,0,0.0,0
3809,5974,,20.0,0,1,0,0,0.0,0
3810,5980,,150.0,0,1,0,0,0.0,0
3811,5981,,500000.0,0,1,1,0,0.0,0
3812,5983,,500000.0,0,1,1,0,0.0,0
3813,5985,,96.0,0,0,0,0,0.0,0
3814,5987,,500000.0,0,0,1,0,0.0,0
3815,5988,,50.0,0,1,0,0,0.0,0
3816,5989,,150.0,0,1,0,0,0.0,0
3817,5990,,500000.0,0,1,1,0,0.0,0
3818,5991,,75.0,0,1,0,0,0.0,0
3819,5992,,500000.0,0,0,1,0,0.0,0
3820,5993,,500000.0,0,0,1,0,0.0,0
3821,5994,,147.0,0,1,0,0,0.0,0
3822,5996,,499992.0,0,0,1,0,0.0,0
3823,5997,,49.0,0,1,0,0,0.0,0
3824,5998,,149.0,0,1,0,0,0.0,0
3825,6000,,500000.0,0,0,1,0,0.0,0
3826,6002,,500000.0,0,1,1,0,0.0,0
3827,6004,,500000.0,0,0,1,0,0.0,0
3828,6005,,500000.0,0,1,1,0,0.0,0
3829,6006,,150.0,0,0,0,0,0.0,0
3830,6007,,500000.0,0,0,1,0,0.0,0
3831,6008,,500000.0,0,0,1,0,0.0,0
3832,6009,,499999.0,0,0,1,0,0.0,0
3833,6014,,128.0,0,1,0,0,0.0,0
3834,6016,,99.0,0,0,0,0,0.0,0
3835,6017,,1800.0,0,0,0,0,0.0,0
3836,6019,,50.0,0,1,0,0,0.0,0
3837,6021,,150.0,0,0,0,0,0.0,0
3838,6023,,500000.0,0,1,1,0,0.0,0
3839,6025,,36.0,0,0,0,0,0.0,0
3840,6027,,50.0,0,1,0,0,0.0,0
3841,6028,,95.0,0,0,0,0,0.0,0
3842,6029,,399.0,0,0,0,0,0.0,0
3843,6031,,500000.0,0,0,1,0,0.0,0
3844,6032,,499996.0,0,0,1,0,0.0,0
3845,6033,,500100.0,0,0,0,0,0.0,0
3846,6035,,50.0,0,1,0,0,0.0,0
3847,6036,,186.0,0,1,0,0,0.0,0
3848,6037,,450.0,0,1,0,0,0.0,0
3849,6038,,150.0,0,0,0,0,0.0,0
3850,6039,,200.0,0,1,0,0,0.0,0
3851,6042,,150.0,0,0,0,0,0.0,0
3852,6044,,50.0,0,1,0,0,0.0,0
3853,6046,,150.0,0,1,0,0,0.0,0
3854,6047,,150.0,0,0,0,0,0.0,0
3855,6058,,500000.0,0,0,1,0,0.0,0
3856,6069,,150.0,0,1,0,0,0.0,0
3857,6070,,610.0,0,1,0,0,0.0,0
3858,6071,,500000.0,0,1,1,0,0.0,0
3859,6072,,241.0,0,1,0,0,0.0,0
3860,6076,,100.0,0,0,0,0,0.0,0
3861,6078,,50.0,0,1,0,0,0.0,0
3862,6079,,50.0,0,1,0,0,0.0,0
3863,6080,,50.0,0,1,0,0,0.0,0
3864,6081,,500000.0,0,1,1,0,0.0,0
3865,6082,,500000.0,0,1,1,0,0.0,0
3866,6083,,500.0,0,1,0,0,0.0,0
3867,6084,,390.0,0,1,0,0,0.0,0
3868,6085,,1368.0,0,1,0,0,0.0,0
3869,6086,,150.0,0,1,0,0,0.0,0
3870,6087,,330.0,0,1,0,0,0.0,0
3871,6088,,500000.0,0,0,1,0,0.0,0
3872,6089,,50.0,0,1,0,0,0.0,0
3873,6090,,500000.0,0,1,1,0,0.0,0
3874,6091,,500000.0,0,1,1,0,0.0,0
3875,6092,,500000.0,0,1,1,0,0.0,0
3876,6093,,150.0,0,1,0,0,0.0,0
3877,6094,,150.0,0,1,0,0,0.0,0
3878,6095,,150.0,0,1,0,0,0.0,0
3879,6096,,50.0,0,1,0,0,0.0,0
3880,6097,,50.0,0,1,0,0,0.0,0
3881,6098,,50.0,0,1,0,0,0.0,0
3882,6099,,50.0,0,1,0,0,0.0,0
3883,6100,,50.0,0,1,0,0,0.0,0
3884,6101,,50.0,0,1,0,0,0.0,0
3885,6102,,500000.0,0,1,1,0,0.0,0
3886,6103,,150.0,0,1,0,0,0.0,0
3887,6104,,50.0,0,1,0,0,0.0,0
3888,6105,,500000.0,0,1,1,0,0.0,0
3889,6106,,139.0,0,1,0,0,0.0,0
3890,6107,,1900.0,0,0,0,0,0.0,0
3891,6108,,120.0,0,1,0,0,0.0,0
3892,6109,,1020.0,0,1,0,0,0.0,0
3893,6110,,0.0,0,1,0,0,0.0,0
3894,6111,,139.0,0,1,0,0,0.0,0
3895,6112,,500000.0,0,0,1,0,0.0,0
3896,6113,,100.0,0,0,0,0,0.0,0
3897,6114,,500000.0,0,0,1,0,0.0,0
3898,6115,,500000.0,0,0,1,0,1.0,0
3899,6116,,500000.0,0,0,1,0,1.0,0
3900,6117,,500000.0,0,0,1,0,1.0,0
3901,6118,,500000.0,0,0,1,0,0.0,0
3902,6119,,500000.0,0,0,1,0,0.0,0
3903,6120,,500000.0,0,0,1,0,0.0,0
3904,6121,,500000.0,0,0,1,0,0.0,0
3905,6122,,500000.0,0,0,1,0,0.0,0
3906,6123,,500000.0,0,0,1,0,1.0,0
3907,6124,,100.0,0,0,0,0,0.0,0
3908,6125,,500000.0,0,0,1,0,0.0,0
3909,6126,,500000.0,0,0,1,0,0.0,0
3910,6127,,100.0,0,0,0,0,0.0,0
3911,6128,,500000.0,0,0,1,0,0.0,0
3912,6129,,500000.0,0,0,1,0,0.0,0
3913,6131,,50.0,0,1,0,0,0.0,0
3914,6132,,50.0,0,1,0,0,0.0,0
3915,6133,,50.0,0,1,0,0,0.0,0
3916,6134,,50.0,0,1,0,0,0.0,0
3917,6135,,50.0,0,1,0,0,0.0,0
3918,6136,,50.0,0,1,0,0,0.0,0
3919,6137,,50.0,0,1,0,0,0.0,0
3920,6138,,50.0,0,1,0,0,0.0,0
3921,6139,,199.0,0,1,0,0,0.0,0
3922,6141,,150.0,0,1,0,0,0.0,0
3923,6142,,100.0,0,0,0,0,0.0,0
3924,6143,,50.0,0,1,0,0,1.0,0
3925,6144,,50.0,0,1,0,0,0.0,0
3926,6145,,500000.0,0,0,1,0,0.0,0
3927,6146,,500000.0,0,1,1,0,0.0,0
3928,6147,,500000.0,0,0,1,0,1.0,0
3929,6148,,5.0,0,0,0,0,1.0,0
3930,6149,,500000.0,0,1,1,0,1.0,0
3931,6151,,1190.0,0,1,0,0,0.0,0
3932,6152,,500000.0,0,1,1,0,0.0,0
3933,6154,,450.0,0,1,0,0,0.0,0
3934,6157,,500000.0,0,0,1,0,0.0,0
3935,6165,,50.0,0,1,0,0,0.0,0
3936,6167,,50.0,0,1,0,0,0.0,0
3937,6169,,200.0,0,1,0,0,0.0,0
3938,6170,,500000.0,0,0,1,0,0.0,0
3939,6171,,50.0,0,0,0,0,0.0,0
3940,6174,,50.0,0,1,0,0,0.0,0
3941,6175,,200.0,0,1,0,0,0.0,0
3942,6176,,5.0,0,0,0,0,1.0,0
3943,6177,,100.0,0,0,0,0,0.0,0
3944,6178,,50.0,0,1,0,0,1.0,0
3945,6179,,50.0,0,1,0,0,0.0,0
3946,6180,,332.0,0,0,0,0,0.0,0
3947,6181,,50.0,0,1,0,0,0.0,0
3948,6182,,50.0,0,1,0,0,0.0,0
3949,6183,,385.0,0,1,0,0,0.0,0
3950,6184,,5010.0,0,1,0,0,0.0,0
3951,6185,,273.0,0,1,0,0,0.0,0
3952,6186,,50.0,0,1,0,0,0.0,0
3953,6188,,50.0,0,1,0,0,0.0,0
3954,6189,,113.0,0,1,0,0,0.0,0
3955,6190,,148.0,0,1,0,0,0.0,0
3956,6194,,100.0,0,0,0,0,0.0,0
3957,6195,,50.0,0,1,0,0,0.0,0
3958,6196,,100.0,0,0,0,0,0.0,0
3959,6197,,50.0,0,1,0,0,0.0,0
3960,6199,,150.0,0,1,0,0,0.0,0
3961,6200,,150.0,0,1,0,0,0.0,0
3962,6207,,500000.0,0,0,1,0,0.0,0
3963,6209,,150.0,0,1,0,0,0.0,0
3964,6210,,100.0,0,0,0,0,0.0,0
3965,6211,,2.0,0,1,0,0,0.0,0
3966,6212,,500000.0,0,0,1,0,0.0,0
3967,6213,,150.0,0,1,0,0,0.0,0
3968,6214,,500000.0,0,0,1,0,0.0,0
3969,6215,,150.0,0,1,0,0,0.0,0
3970,6216,,10.0,0,0,0,0,0.0,0
3971,6217,,250.0,0,1,0,0,0.0,0
3972,6218,,100.0,0,1,0,0,0.0,0
3973,6222,,50.0,0,1,0,0,0.0,0
3974,6223,,100.0,0,0,0,0,0.0,0
3975,6224,,100.0,0,0,0,0,0.0,0
3976,6225,,500000.0,0,0,1,0,1.0,0
3977,6226,,100.0,0,0,0,0,0.0,0
3978,6227,,185.0,0,1,0,0,0.0,0
3979,6229,,10.0,0,0,0,0,0.0,0
3980,6232,,500000.0,0,0,1,0,0.0,0
3981,6234,,10.0,0,0,0,0,1.0,0
3982,6235,,10.0,0,0,0,0,0.0,0
3983,6236,,10.0,0,0,0,0,0.0,0
3984,6237,,1000.0,0,0,0,0,0.0,0
3985,6238,,10.0,0,0,0,0,0.0,0
3986,6241,,7.0,0,0,0,0,0.0,0
3987,6242,,1000.0,0,0,0,0,0.0,0
3988,6244,,500000.0,0,1,1,0,0.0,0
3989,6245,,10.0,0,0,0,0,0.0,0
3990,6246,,1000.0,0,0,0,0,0.0,0
3991,6247,,500000.0,0,0,1,0,0.0,0
3992,6248,,100.0,0,0,0,0,0.0,0
3993,6249,,10.0,0,0,0,0,0.0,0
3994,6250,,50.0,0,1,0,0,0.0,0
3995,6251,,50.0,0,1,0,0,0.0,0
3996,6252,,50.0,0,1,0,0,0.0,0
3997,6253,,100.0,0,0,0,0,0.0,0
3998,6254,,1000.0,0,0,0,0,0.0,0
3999,6255,,500000.0,0,0,1,0,0.0,0
4000,6256,,2320.0,0,0,0,0,0.0,0
4001,6257,,5350.0,0,0,0,0,0.0,0
4002,6258,,500000.0,0,0,1,0,0.0,0
4003,6259,,10.0,0,0,0,0,0.0,0
4004,6260,,10.0,0,0,0,0,0.0,0
4005,6261,,10.0,0,0,0,0,0.0,0
4006,6262,,266.0,0,1,0,0,0.0,0
4007,6264,,100.0,0,0,0,0,0.0,0
4008,6265,,50.0,0,1,0,0,0.0,0
4009,6266,,150.0,0,1,0,0,0.0,0
4010,6267,,1000.0,0,0,0,0,0.0,0
4011,6268,,500000.0,0,1,1,0,0.0,0
4012,6269,,50.0,0,1,0,0,0.0,0
4013,6270,,500000.0,0,0,1,0,0.0,0
4014,6271,,10.0,0,0,0,0,0.0,0
4015,6272,,50.0,0,1,0,0,0.0,0
4016,6273,,500000.0,0,0,1,0,0.0,0
4017,6276,,120.0,0,1,0,0,0.0,0
4018,6277,,150.0,0,1,0,0,0.0,0
4019,6278,,500000.0,0,1,1,0,0.0,0
4020,6279,,150.0,0,1,0,0,0.0,0
4021,6283,,100.0,0,0,0,0,0.0,0
4022,6284,,150.0,0,1,0,0,0.0,0
4023,6285,,10.0,0,0,0,0,0.0,0
4024,6286,,10.0,0,0,0,0,0.0,0
4025,6287,,150.0,0,0,0,0,0.0,0
4026,6288,,500000.0,0,0,1,0,0.0,0
4027,6289,,150.0,0,1,0,0,0.0,0
4028,6293,,50.0,0,1,0,0,0.0,0
4029,6301,,10.0,0,0,0,0,0.0,0
4030,6302,,499992.0,0,0,1,0,0.0,0
4031,6303,,10.0,0,0,0,0,0.0,0
4032,6304,,10.0,0,0,0,0,0.0,0
4033,6305,,10.0,0,0,0,0,0.0,0
4034,6306,,10.0,0,0,0,0,0.0,0
4035,6307,,10.0,0,0,0,0,0.0,0
4036,6308,,10.0,0,0,0,0,0.0,0
4037,6309,,10.0,0,0,0,0,0.0,0
4038,6310,,1000.0,0,0,0,0,0.0,0
4039,6311,,10.0,0,0,0,0,0.0,0
4040,6312,,200.0,0,1,0,0,0.0,0
4041,6313,,10.0,0,0,0,0,0.0,0
4042,6314,,10.0,0,0,0,0,0.0,0
4043,6319,,150.0,0,1,0,0,0.0,0
4044,6321,,150.0,0,1,0,0,0.0,0
4045,6323,,150.0,0,1,0,0,0.0,0
4046,6324,,150.0,0,1,0,0,0.0,0
4047,6326,,28.0,0,1,0,0,0.0,0
4048,6328,,50.0,0,1,0,0,0.0,0
4049,6332,,500000.0,0,0,1,0,0.0,0
4050,6333,,10.0,0,0,0,0,0.0,0
4051,6335,,500000.0,0,1,1,0,0.0,0
4052,6337,,150.0,0,1,0,0,0.0,0
4053,6342,,150.0,0,1,0,0,0.0,0
4054,6344,,92.0,0,0,0,0,0.0,0
4055,6346,,50.0,0,1,0,0,0.0,0
4056,6348,,1100.0,0,0,0,0,0.0,0
4057,6350,,50.0,0,1,0,0,0.0,0
4058,6352,,100.0,0,0,0,0,1.0,0
4059,6353,,1000.0,0,0,0,0,0.0,0
4060,6354,,150.0,0,1,0,0,0.0,0
4061,6355,,50.0,0,1,0,0,1.0,0
4062,6356,,50.0,0,1,0,0,0.0,0
4063,6357,,1000.0,0,0,0,0,0.0,0
4064,6358,,50.0,0,1,0,0,0.0,0
4065,6359,,120.0,0,1,0,0,0.0,0
4066,6361,,10.0,0,0,0,0,0.0,0
4067,6362,,150.0,0,1,0,0,0.0,0
4068,6363,,10.0,0,0,0,0,0.0,0
4069,6364,,10.0,0,0,0,0,0.0,0
4070,6365,,100.0,0,0,0,0,0.0,0
4071,6367,,1000.0,0,0,0,0,0.0,0
4072,6369,,10.0,0,0,0,0,0.0,0
4073,6370,,10.0,0,0,0,0,0.0,0
4074,6371,,10.0,0,0,0,0,0.0,0
4075,6381,,10.0,0,0,0,0,0.0,0
4076,6382,,10.0,0,0,0,0,0.0,0
4077,6383,,10.0,0,0,0,0,0.0,0
4078,6384,,10.0,0,0,0,0,0.0,0
4079,6385,,10.0,0,0,0,0,0.0,0
4080,6386,,10.0,0,0,0,0,0.0,0
4081,6387,,10.0,0,0,0,0,0.0,0
4082,6388,,10.0,0,0,0,0,0.0,0
4083,6389,,50.0,0,1,0,0,0.0,0
4084,6390,,50.0,0,1,0,0,0.0,0
4085,6391,,100.0,0,0,0,0,0.0,0
4086,6392,,150.0,0,1,0,0,0.0,0
4087,6393,,100.0,0,0,0,0,0.0,0
4088,6394,,100.0,0,0,0,0,0.0,0
4089,6395,,10.0,0,0,0,0,0.0,0
4090,6396,,150.0,0,1,0,0,0.0,0
4091,6397,,100.0,0,0,0,0,0.0,0
4092,6398,,150.0,0,1,0,0,0.0,0
4093,6399,,50.0,0,1,0,0,0.0,0
4094,6400,,50.0,0,1,0,0,0.0,0
4095,6401,,10.0,0,0,0,0,0.0,0
4096,6402,,9000.0,0,0,0,0,0.0,0
4097,6403,,37.0,0,0,0,0,0.0,0
4098,6404,,50.0,0,1,0,0,0.0,0
4099,6405,,10.0,0,0,0,0,0.0,0
4100,6406,,100.0,0,0,0,0,0.0,0
4101,6408,,1000.0,0,1,0,0,0.0,0
4102,6409,,150.0,0,1,0,0,0.0,0
4103,6410,,150.0,0,1,0,0,0.0,0
4104,6411,,5307.0,0,1,0,0,0.0,0
4105,6412,,150.0,0,1,0,0,0.0,0
4106,6413,,50.0,0,1,0,0,0.0,0
4107,6414,,144.0,0,1,0,0,0.0,0
4108,6415,,50.0,0,1,0,0,0.0,0
4109,6416,,150.0,0,1,0,0,0.0,0
4110,6417,,10.0,0,0,0,0,0.0,0
4111,6418,,370.0,0,1,0,0,0.0,0
4112,6420,,270.0,0,1,0,0,0.0,0
4113,6421,,10.0,0,0,0,0,0.0,0
4114,6422,,49.0,0,0,0,0,0.0,0
4115,6424,,10.0,0,0,0,0,0.0,0
4116,6426,,48.0,0,0,0,0,0.0,0
4117,6427,,35.0,0,1,0,0,0.0,0
4118,6428,,50.0,0,1,0,0,0.0,0
4119,6429,,50.0,0,1,0,0,0.0,0
4120,6430,,250.0,0,1,0,0,0.0,0
4121,6431,,150.0,0,1,0,0,0.0,0
4122,6433,,150.0,0,1,0,0,0.0,0
4123,6436,,470.0,0,1,0,0,0.0,0
4124,6437,,1300.0,0,0,0,0,0.0,0
4125,6438,,100.0,0,1,0,0,0.0,0
4126,6439,,50.0,0,0,0,0,0.0,0
4127,6443,,150.0,0,0,0,0,0.0,0
4128,6444,,150.0,0,1,0,0,0.0,0
4129,6445,,500000.0,0,0,1,0,0.0,0
4130,6447,,50.0,0,1,0,0,0.0,0
4131,6449,,50.0,0,1,0,0,0.0,0
4132,6450,,50.0,0,1,0,0,0.0,0
4133,6451,,500000.0,0,0,1,0,0.0,0
4134,6453,,50.0,0,1,0,0,0.0,0
4135,6455,,150.0,0,1,0,0,0.0,0
4136,6457,,500000.0,0,1,1,0,0.0,0
4137,6459,,50.0,0,1,0,0,0.0,0
4138,6461,,50.0,0,1,0,0,0.0,0
4139,6462,,50.0,0,1,0,0,0.0,0
4140,6463,,150.0,0,1,0,0,0.0,0
4141,6465,,50.0,0,1,0,0,0.0,0
4142,6466,,150.0,0,1,0,0,0.0,0
4143,6468,,50.0,0,0,0,0,0.0,0
4144,6470,,50.0,0,1,0,0,0.0,0
4145,6471,,150.0,0,0,0,0,0.0,0
4146,6473,,50.0,0,1,0,0,0.0,0
4147,6475,,99999999.99,0,1,0,0,0.0,0
4148,6476,,217.0,0,1,0,0,0.0,0
4149,6477,,50.0,0,1,0,0,0.0,0
4150,6478,,50.0,0,1,0,0,0.0,0
4151,6479,,50.0,0,1,0,0,0.0,0
4152,6480,,500000.0,0,0,1,0,0.0,0
4153,6481,,50.0,0,1,0,0,0.0,0
4154,6483,,500000.0,0,0,1,0,0.0,0
4155,6485,,500000.0,0,1,1,0,0.0,0
4156,6486,,500000.0,0,1,1,0,0.0,0
4157,6488,,50.0,0,1,0,0,0.0,0
4158,6489,,500000.0,0,1,1,0,0.0,0
4159,6491,,500000.0,0,0,1,0,0.0,0
4160,6499,,750.0,0,0,0,0,0.0,0
4161,6500,,50.0,0,1,0,0,0.0,0
4162,6501,,150.0,0,0,0,0,0.0,0
4163,6502,,150.0,0,0,0,0,0.0,0
4164,6503,,50.0,0,0,0,0,0.0,0
4165,6504,,50.0,0,1,0,0,0.0,0
4166,6506,,150.0,0,1,0,0,0.0,0
4167,6507,,150.0,0,1,0,0,0.0,0
4168,6508,,250.0,0,0,0,0,0.0,0
4169,6509,,50.0,0,1,0,0,0.0,0
4170,6513,,50.0,0,0,0,0,0.0,0
4171,6514,,50.0,0,1,0,0,0.0,0
4172,6515,,175.0,0,0,0,0,0.0,0
4173,6516,,175.0,0,0,0,0,0.0,0
4174,6517,,150.0,0,1,0,0,0.0,0
4175,6518,,50.0,0,0,0,0,0.0,0
4176,6519,,50.0,0,0,0,0,0.0,0
4177,6520,,150.0,0,1,0,0,0.0,0
4178,6521,,50.0,0,0,0,0,1.0,0
4179,6523,,150.0,0,0,0,0,0.0,0
4180,6524,,150.0,0,1,0,0,0.0,0
4181,6525,,150.0,0,1,0,0,0.0,0
4182,6526,,50.0,0,1,0,0,0.0,0
4183,6527,,150.0,0,0,0,0,0.0,0
4184,6528,,150.0,0,1,0,0,0.0,0
4185,6529,,150.0,0,1,0,0,0.0,0
4186,6530,,50.0,0,1,0,0,0.0,0
4187,6532,,150.0,0,0,0,0,0.0,0
4188,6533,,150.0,0,1,0,0,0.0,0
4189,6534,,500000.0,0,0,1,0,0.0,0
4190,6535,,150.0,0,0,0,0,0.0,0
4191,6536,,150.0,0,0,0,0,1.0,0
4192,6537,,500000.0,0,0,1,0,0.0,0
4193,6538,,48.0,0,1,0,0,0.0,0
4194,6540,,500000.0,0,1,1,0,0.0,0
4195,6541,,1.0,0,0,0,0,0.0,0
4196,6542,,500000.0,0,1,1,0,0.0,0
4197,6543,,99939487.0,0,1,0,0,0.0,0
4198,6544,,150.0,0,1,0,0,0.0,0
4199,6545,,50.0,0,0,0,0,0.0,0
4200,6546,,150.0,0,0,0,0,0.0,0
4201,6547,,50.0,0,0,0,0,0.0,0
4202,6549,,50.0,0,1,0,0,0.0,0
4203,6551,,150.0,0,0,0,0,0.0,0
4204,6552,,50.0,0,1,0,0,0.0,0
4205,6553,,150.0,0,0,0,0,0.0,0
4206,6554,,50.0,0,0,0,0,0.0,0
4207,6556,,50.0,0,0,0,0,0.0,0
4208,6557,,150.0,0,0,0,0,0.0,0
4209,6558,,150.0,0,0,0,0,0.0,0
4210,6559,,888.0,0,0,0,0,0.0,0
4211,6560,,250.0,0,0,0,0,0.0,0
4212,6561,,50.0,0,0,0,0,0.0,0
4213,6562,,400.0,0,0,0,0,0.0,0
4214,6563,,50.0,0,0,0,0,0.0,0
4215,6564,,150.0,0,0,0,0,0.0,0
4216,6565,,50.0,0,0,0,0,0.0,0
4217,6566,,50.0,0,0,0,0,0.0,0
4218,6621,,150.0,0,0,0,0,0.0,0
4219,6622,,150.0,0,1,0,0,0.0,0
4220,6623,,150.0,0,0,0,0,0.0,0
4221,6624,,50.0,0,1,0,0,0.0,0
4222,6625,,150.0,0,0,0,0,0.0,0
4223,6626,,50.0,0,0,0,0,0.0,0
4224,6630,,500000.0,0,1,1,0,0.0,0
4225,6631,,500000.0,0,0,1,0,0.0,0
4226,6632,,50.0,0,1,0,0,0.0,0
4227,6633,,50.0,0,0,0,0,0.0,0
4228,6634,,50.0,0,1,0,0,0.0,0
4229,6636,,150.0,0,0,0,0,0.0,0
4230,6638,,150.0,0,0,0,0,0.0,0
4231,6639,,500000.0,0,0,1,0,0.0,0
4232,6641,,500000.0,0,0,1,0,0.0,0
4233,6643,,500000.0,0,1,1,0,0.0,0
4234,6644,,66.0,0,0,0,0,0.0,0
4235,6645,,50.0,0,1,0,0,0.0,0
4236,6646,,50.0,0,0,0,0,0.0,0
4237,6647,,50.0,0,1,0,0,0.0,0
4238,6648,,500000.0,0,1,1,0,0.0,0
4239,6649,,50.0,0,1,0,0,0.0,0
4240,6650,,10049.0,0,0,0,0,0.0,0
4241,6651,,148.0,0,0,0,0,0.0,0
4242,6652,,500000.0,0,1,1,0,0.0,0
4243,6653,,150.0,0,0,0,0,0.0,0
4244,6654,,150.0,0,0,0,0,0.0,0
4245,6655,,500000.0,0,1,1,0,0.0,0
4246,6656,,500000.0,0,0,1,0,0.0,0
4247,6657,,500000.0,0,1,1,0,0.0,0
4248,6658,,50.0,0,0,0,0,0.0,0
4249,6659,,50.0,0,1,0,0,0.0,0
4250,6661,,50.0,0,1,0,0,0.0,0
4251,6662,,50.0,0,1,0,0,0.0,0
4252,6664,,50.0,0,1,0,0,0.0,0
4253,6665,,500000.0,0,0,1,0,0.0,0
4254,6666,,500000.0,0,1,1,0,0.0,0
4255,6667,,500000.0,0,1,1,0,0.0,0
4256,6669,,500000.0,0,1,1,0,0.0,0
4257,6670,,500000.0,0,1,1,0,0.0,0
4258,6671,,150.0,0,0,0,0,0.0,0
4259,6672,,150.0,0,1,0,0,0.0,0
4260,6674,,50.0,0,1,0,0,0.0,0
4261,6675,,150.0,0,0,0,0,0.0,0
4262,6676,,50.0,0,0,0,0,0.0,0
4263,6677,,150.0,0,1,0,0,0.0,0
4264,6678,,260.0,0,1,0,0,0.0,0
4265,6679,,494.0,0,1,0,0,0.0,0
4266,6682,,149.0,0,0,0,0,0.0,0
4267,6683,,31050.0,0,0,0,0,0.0,0
4268,6684,,150.0,0,0,0,0,0.0,0
4269,6685,,50.0,0,0,0,0,0.0,0
4270,6686,,149.0,0,1,0,0,0.0,0
4271,6687,,150.0,0,0,0,0,0.0,0
4272,6688,,500000.0,0,1,1,0,0.0,0
4273,6691,,150.0,0,0,0,0,0.0,0
4274,6693,,150.0,0,1,0,0,0.0,0
4275,6694,,50.0,0,1,0,0,0.0,0
4276,6696,,500000.0,0,1,1,0,0.0,0
4277,6702,,100.0,0,1,0,0,0.0,0
4278,6705,,150.0,0,0,0,0,0.0,0
4279,6707,,550.0,0,0,0,0,0.0,0
4280,6708,,500000.0,0,0,1,0,0.0,0
4281,6710,,50.0,0,0,0,0,0.0,0
4282,6711,,300.0,0,0,0,0,0.0,0
4283,6712,,2534.0,0,0,0,0,0.0,0
4284,6714,,198.0,0,1,0,0,0.0,0
4285,6715,,289.0,0,1,0,0,0.0,0
4286,6717,,500000.0,0,0,1,0,0.0,0
4287,6719,,250.0,0,0,0,0,0.0,0
4288,6721,,905.0,0,0,0,0,0.0,0
4289,6724,,450.0,0,0,0,0,0.0,0
4290,6726,,600.0,0,0,0,0,0.0,0
4291,6727,,50.0,0,0,0,0,0.0,0
4292,6728,,450.0,0,1,0,0,0.0,0
4293,6729,,50.0,0,1,0,0,0.0,0
4294,6730,,50.0,0,0,0,0,0.0,0
4295,6731,,370.0,0,1,0,0,0.0,0
4296,6732,,500000.0,0,1,1,0,0.0,0
4297,6733,,500000.0,0,0,1,0,0.0,0
4298,6734,,500000.0,0,1,1,0,0.0,0
4299,6743,,50.0,0,0,0,0,0.0,0
4300,6744,,45.0,0,1,0,0,0.0,0
4301,6745,,50.0,0,1,0,0,0.0,0
4302,6748,,300.0,0,1,0,0,0.0,0
4303,6749,,320.0,0,1,0,0,0.0,0
4304,6750,,250.0,0,0,0,0,0.0,0
4305,6751,,50.0,0,1,0,0,0.0,0
4306,6752,,169.0,0,1,0,0,0.0,0
4307,6753,,150.0,0,0,0,0,0.0,0
4308,6754,,150.0,0,1,0,0,0.0,0
4309,6755,,50.0,0,0,0,0,0.0,0
4310,6756,,150.0,0,1,0,0,0.0,0
4311,6757,,1300.0,0,0,0,0,0.0,0
4312,6758,,50.0,0,0,0,0,0.0,0
4313,6759,,400.0,0,0,0,0,0.0,0
4314,6760,,150.0,0,0,0,0,0.0,0
4315,6761,,50.0,0,0,0,0,0.0,0
4316,6762,,400.0,0,0,0,0,0.0,0
4317,6763,,150.0,0,1,0,0,0.0,0
4318,6764,,150.0,0,1,0,0,0.0,0
4319,6765,,150.0,0,0,0,0,0.0,0
4320,6766,,50.0,0,1,0,0,0.0,0
4321,6767,,50.0,0,1,0,0,0.0,0
4322,6768,,150.0,0,1,0,0,0.0,0
4323,6769,,50.0,0,0,0,0,0.0,0
4324,6770,,950.0,0,0,0,0,0.0,0
4325,6771,,350.0,0,0,0,0,0.0,0
4326,6772,,850.0,0,0,0,0,0.0,0
4327,6773,,50.0,0,0,0,0,0.0,0
4328,6774,,350.0,0,0,0,0,0.0,0
4329,6775,,2150.0,0,0,0,0,0.0,0
4330,6776,,500000.0,0,0,1,0,0.0,0
4331,6777,,500000.0,0,0,1,0,0.0,0
4332,6778,,150.0,0,1,0,0,0.0,0
4333,6779,,150.0,0,0,0,0,0.0,0
4334,6780,,50.0,0,1,0,0,0.0,0
4335,6781,,150.0,0,0,0,0,0.0,0
4336,6782,,1650.0,0,0,0,0,0.0,0
4337,6783,,250.0,0,0,0,0,0.0,0
4338,6784,,350.0,0,0,0,0,0.0,0
4339,6786,,50.0,0,1,0,0,0.0,0
4340,6787,,500000.0,0,1,1,0,0.0,0
4341,6788,,500000.0,0,1,1,0,0.0,0
4342,6789,,50.0,0,1,0,0,0.0,0
4343,6790,,150.0,0,0,0,0,0.0,0
4344,6791,,50.0,0,1,0,0,0.0,0
4345,6792,,150.0,0,1,0,0,0.0,0
4346,6793,,50.0,0,1,0,0,0.0,0
4347,6794,,450.0,0,0,0,0,0.0,0
4348,6795,,50.0,0,1,0,0,0.0,0
4349,6796,,50.0,0,1,0,0,0.0,0
4350,6797,,50.0,0,0,0,0,0.0,0
4351,6798,,50.0,0,1,0,0,0.0,0
4352,6799,,750.0,0,0,0,0,0.0,0
4353,6800,,50.0,0,0,0,0,0.0,0
4354,6801,,50.0,0,1,0,0,0.0,0
4355,6802,,300.0,0,0,0,0,0.0,0
4356,6803,,150.0,0,0,0,0,0.0,0
4357,6804,,300.0,0,0,0,0,0.0,0
4358,6806,,150.0,0,1,0,0,0.0,0
4359,6807,,600.0,0,0,0,0,0.0,0
4360,6808,,200.0,0,0,0,0,0.0,0
4361,6809,,50.0,0,1,0,0,0.0,0
4362,6810,,10300.0,0,0,0,0,0.0,0
4363,6811,,50.0,0,1,0,0,0.0,0
4364,6812,,150.0,0,1,0,0,0.0,0
4365,6813,,150.0,0,0,0,0,0.0,0
4366,6814,,150.0,0,0,0,0,0.0,0
4367,6815,,300.0,0,0,0,0,0.0,0
4368,6816,,50.0,0,1,0,0,0.0,0
4369,6818,,50.0,0,1,0,0,0.0,0
4370,6819,,2250.0,0,0,0,0,0.0,0
4371,6820,,250.0,0,1,0,0,0.0,0
4372,6821,,500.0,0,1,0,0,0.0,0
4373,6822,,120.0,0,1,0,0,0.0,0
4374,6823,,250.0,0,1,0,0,0.0,0
4375,6824,,50.0,0,0,0,0,0.0,0
4376,6826,,50.0,0,1,0,0,0.0,0
4377,6827,,250.0,0,1,0,0,0.0,0
4378,6828,,500000.0,0,0,1,0,0.0,0
4379,6829,,250.0,0,1,0,0,0.0,0
4380,6831,,200.0,0,0,0,0,0.0,0
4381,6832,,809.0,0,1,0,0,0.0,0
4382,6833,,100.0,0,1,0,0,0.0,0
4383,6835,,670.0,0,1,0,0,0.0,0
4384,6836,,400.0,0,0,0,0,0.0,0
4385,6837,,200.0,0,0,0,0,0.0,0
4386,6838,,400.0,0,0,0,0,0.0,0
4387,6839,,200.0,0,0,0,0,0.0,0
4388,6840,,150.0,0,0,0,0,0.0,0
4389,6841,,900.0,0,0,0,0,0.0,0
4390,6843,,150.0,0,0,0,0,0.0,0
4391,6844,,400.0,0,0,0,0,0.0,0
4392,6845,,150.0,0,0,0,0,0.0,0
4393,6846,,50.0,0,0,0,0,0.0,0
4394,6847,,3500.0,0,0,0,0,0.0,0
4395,6849,,550.0,0,0,0,0,0.0,0
4396,6851,,150.0,0,1,0,0,0.0,0
4397,6852,,400.0,0,0,0,0,0.0,0
4398,6853,,50.0,0,0,0,0,0.0,0
4399,6854,,49.0,0,1,0,0,0.0,0
4400,6856,,500000.0,0,0,1,0,0.0,0
4401,6857,,420.0,0,1,0,0,0.0,0
4402,6858,,50.0,0,1,0,0,0.0,0
4403,6859,,270.0,0,1,0,0,0.0,0
4404,6860,,150.0,0,0,0,0,0.0,0
4405,6861,,50.0,0,1,0,0,0.0,0
4406,6862,,500000.0,0,1,1,0,0.0,0
4407,6863,,500000.0,0,0,1,0,0.0,0
4408,6865,,520.0,0,0,0,0,0.0,0
4409,6866,,50.0,0,1,0,0,0.0,0
4410,6867,,50.0,0,0,0,0,0.0,0
4411,6868,,5550.0,0,0,0,0,0.0,0
4412,6871,,50.0,0,0,0,0,0.0,0
4413,6872,,150.0,0,0,0,0,0.0,0
4414,6873,,200.0,0,0,0,0,0.0,0
4415,6874,,50.0,0,0,0,0,0.0,0
4416,6875,,50.0,0,0,0,0,0.0,0
4417,6878,,50.0,0,0,0,0,0.0,0
4418,6879,,450.0,0,0,0,0,0.0,0
4419,6880,,650.0,0,0,0,0,0.0,0
4420,6881,,150.0,0,0,0,0,0.0,0
4421,6882,,50.0,0,0,0,0,0.0,0
4422,6883,,350.0,0,0,0,0,0.0,0
4423,6884,,50.0,0,0,0,0,1.0,0
4424,6885,,50.0,0,0,0,0,1.0,0
4425,6886,,150.0,0,0,0,0,0.0,0
4426,6887,,150.0,0,0,0,0,0.0,0
4427,6890,,150.0,0,0,0,0,0.0,0
4428,6891,,50.0,0,0,0,0,0.0,0
4429,6892,,50.0,0,0,0,0,0.0,0
4430,6894,,150.0,0,0,0,0,0.0,0
4431,6896,,150.0,0,0,0,0,0.0,0
4432,6898,,150.0,0,0,0,0,0.0,0
4433,6900,,150.0,0,0,0,0,0.0,0
4434,6902,,500000.0,0,0,1,0,0.0,0
4435,6903,,50.0,0,0,0,0,0.0,0
4436,6904,,150.0,0,0,0,0,0.0,0
4437,6906,,100.0,0,1,0,0,0.0,0
4438,6908,,750.0,0,0,0,0,0.0,0
4439,6909,,1038.0,0,1,0,0,0.0,0
4440,6910,,650.0,0,0,0,0,0.0,0
4441,6914,,2170.0,0,0,0,0,0.0,0
4442,6915,,50.0,0,0,0,0,0.0,0
4443,6916,,300.0,0,0,0,0,0.0,0
4444,6918,,150.0,0,1,0,0,0.0,0
4445,6919,,150.0,0,1,0,0,0.0,0
4446,6920,,150.0,0,0,0,0,0.0,0
4447,6921,,560.0,0,1,0,0,0.0,0
4448,6923,,50.0,0,0,0,0,0.0,0
4449,6924,,510.0,0,1,0,0,0.0,0
4450,6925,,410.0,0,1,0,0,0.0,0
4451,6926,,50.0,0,1,0,0,0.0,0
4452,6927,,50.0,0,1,0,0,0.0,0
4453,6928,,50.0,0,1,0,0,0.0,0
4454,6929,,50.0,0,1,0,0,0.0,0
4455,6930,,150.0,0,0,0,0,0.0,0
4456,6931,,50.0,0,1,0,0,0.0,0
4457,6932,,50.0,0,1,0,0,0.0,0
4458,6933,,50.0,0,1,0,0,0.0,0
4459,6934,,450.0,0,1,0,0,0.0,0
4460,6935,,50.0,0,0,0,0,0.0,0
4461,6936,,50.0,0,0,0,0,0.0,0
4462,6937,,150.0,0,0,0,0,0.0,0
4463,6938,,150.0,0,0,0,0,0.0,0
4464,6939,,500000.0,0,0,1,0,0.0,0
4465,6940,,600.0,0,0,0,0,0.0,0
4466,6941,,1800.0,0,0,0,0,0.0,0
4467,6942,,500000.0,0,0,1,0,0.0,0
4468,6943,,150.0,0,1,0,0,0.0,0
4469,6944,,5989.0,0,0,0,0,0.0,0
4470,6945,,500.0,0,1,0,0,0.0,0
4471,6946,,500000.0,0,0,1,0,0.0,0
4472,6947,,50.0,0,1,0,0,0.0,0
4473,6949,,50.0,0,1,0,0,0.0,0
4474,6950,,500000.0,0,0,1,0,0.0,0
4475,6951,,600.0,0,0,0,0,0.0,0
4476,6952,,600.0,0,0,0,0,0.0,0
4477,6953,,1800.0,0,0,0,0,0.0,0
4478,6954,,1800.0,0,0,0,0,0.0,0
4479,6955,,1800.0,0,0,0,0,0.0,0
4480,6956,,250.0,0,1,0,0,0.0,0
4481,6957,,50.0,0,1,0,0,0.0,0
4482,6958,,50.0,0,0,0,0,0.0,0
4483,6959,,650.0,0,0,0,0,0.0,0
4484,6960,,98.0,0,1,0,0,0.0,0
4485,6961,,50.0,0,0,0,0,0.0,0
4486,6962,,50.0,0,0,0,0,0.0,0
4487,6963,,500000.0,0,0,1,0,0.0,0
4488,6964,,500000.0,0,0,1,0,0.0,0
4489,6965,,300.0,0,1,0,0,0.0,0
4490,6966,,250.0,0,1,0,0,0.0,0
4491,6968,,266.0,0,1,0,0,0.0,0
4492,6969,,50.0,0,1,0,0,0.0,0
4493,6970,,500000.0,0,0,1,0,0.0,0
4494,6971,,250.0,0,1,0,0,0.0,0
4495,6972,,5400.0,0,0,0,0,0.0,0
4496,6973,,50.0,0,0,0,0,0.0,0
4497,6974,,1250.0,0,0,0,0,0.0,0
4498,6975,,9075.0,0,0,0,0,0.0,0
4499,6977,,500000.0,0,0,1,0,0.0,0
4500,6980,,50.0,0,1,0,0,0.0,0
4501,6981,,500000.0,0,1,1,0,0.0,0
4502,6982,,3600.0,0,0,0,0,0.0,0
4503,6984,,250.0,0,0,0,0,0.0,0
4504,6988,,3600.0,0,0,0,0,0.0,0
4505,6996,,3000.0,0,0,0,0,0.0,0
4506,6997,,1800.0,0,0,0,0,0.0,0
4507,6998,,1250.0,0,0,0,0,0.0,0
4508,7000,,1189.0,0,1,0,0,0.0,0
4509,7001,,3750.0,0,0,0,0,0.0,0
4510,7002,,500000.0,0,0,1,0,0.0,0
4511,7003,,50.0,0,1,0,0,1.0,0
4512,7004,,10.0,0,0,0,0,1.0,0
4513,7005,,1800.0,0,0,0,0,0.0,0
4514,7007,,450.0,0,1,0,0,0.0,0
4515,7008,,500000.0,0,1,1,0,0.0,0
4516,7010,,500000.0,0,1,1,0,0.0,0
4517,7011,,2031.0,0,0,0,0,0.0,0
4518,7012,,500000.0,0,0,1,0,0.0,0
4519,7013,,500000.0,0,1,1,0,0.0,0
4520,7014,,500000.0,0,0,1,0,0.0,0
4521,7015,,1950.0,0,0,0,0,0.0,0
4522,7016,,50.0,0,0,0,0,0.0,0
4523,7017,,50.0,0,0,0,0,0.0,0
4524,7018,,50.0,0,0,0,0,0.0,0
4525,7019,,33022.0,0,0,0,0,0.0,0
4526,7020,,410.0,0,1,0,0,0.0,0
4527,7023,,500000.0,0,1,1,0,0.0,0
4528,7025,,500000.0,0,1,1,0,0.0,0
4529,7026,,500000.0,0,0,1,0,0.0,0
4530,7027,,1250.0,0,0,0,0,0.0,0
4531,7028,,50.0,0,0,0,0,0.0,0
4532,7029,,500000.0,0,1,1,0,0.0,0
4533,7030,,500000.0,0,0,1,0,0.0,0
4534,7031,,500000.0,0,0,1,0,0.0,0
4535,7032,,15800.0,0,0,0,0,0.0,0
4536,7033,,650.0,0,0,0,0,0.0,0
4537,7035,,650.0,0,0,0,0,0.0,0
4538,7036,,1800.0,0,0,0,0,0.0,0
4539,7038,,500000.0,0,0,1,0,0.0,0
4540,7040,,1800.0,0,0,0,0,0.0,0
4541,7042,,1800.0,0,0,0,0,0.0,0
4542,7043,,3600.0,0,0,0,0,0.0,0
4543,7044,,3950.0,0,0,0,0,0.0,0
4544,7046,,500000.0,0,0,1,0,0.0,0
4545,7048,,600.0,0,0,0,0,0.0,0
4546,7049,,1950.0,0,0,0,0,0.0,0
4547,7050,,1800.0,0,0,0,0,0.0,0
4548,7052,,500000.0,0,0,1,0,0.0,0
4549,7054,,1000.0,0,0,0,0,0.0,0
4550,7055,,1800.0,0,0,0,0,0.0,0
4551,7056,,1800.0,0,0,0,0,0.0,0
4552,7058,,50.0,0,1,0,0,0.0,0
4553,7059,,200.0,0,1,0,0,0.0,0
4554,7060,,600.0,0,0,0,0,0.0,0
4555,7061,,3000.0,0,0,0,0,0.0,0
4556,7062,,750.0,0,0,0,0,0.0,0
4557,7063,,1800.0,0,0,0,0,0.0,0
4558,7064,,500000.0,0,1,1,0,0.0,0
4559,7065,,3600.0,0,0,0,0,0.0,0
4560,7066,,500000.0,0,0,1,0,0.0,0
4561,7067,,200.0,0,0,0,0,0.0,0
4562,7068,,500000.0,0,0,1,0,0.0,0
4563,7069,,50.0,0,1,0,0,0.0,0
4564,7070,,150.0,0,1,0,0,0.0,0
4565,7071,,500000.0,0,1,1,0,0.0,0
4566,7073,,50.0,0,1,0,0,0.0,0
4567,7074,,500000.0,0,0,1,0,0.0,0
4568,7076,,500000.0,0,1,1,0,0.0,0
4569,7077,,500000.0,0,0,1,0,0.0,0
4570,7078,,50.0,0,1,0,0,0.0,0
4571,7080,,1800.0,0,0,0,0,0.0,0
4572,7082,,50.0,0,1,0,0,0.0,0
4573,7083,,500000.0,0,1,1,0,0.0,0
4574,7084,,150.0,0,0,0,0,0.0,0
4575,7085,,3953.0,0,0,0,0,0.0,0
4576,7086,,6230.0,0,0,0,0,0.0,0
4577,7087,,500000.0,0,0,1,0,0.0,0
4578,7088,,150.0,0,1,0,0,0.0,0
4579,7089,,1800.0,0,0,0,0,0.0,0
4580,7091,,320.0,0,1,0,0,0.0,0
4581,7092,,500000.0,0,0,1,0,0.0,0
4582,7093,,1800.0,0,0,0,0,0.0,0
4583,7095,,400.0,0,1,0,0,0.0,0
4584,7097,,500000.0,0,0,1,0,0.0,0
4585,7098,,1800.0,0,0,0,0,0.0,0
4586,7099,,150.0,0,1,0,0,0.0,0
4587,7102,,12004.0,0,0,0,0,0.0,0
4588,7103,,710.0,0,0,0,0,0.0,0
4589,7106,,38.0,0,1,0,0,0.0,0
4590,7107,,500000.0,0,0,1,0,0.0,0
4591,7108,,500000.0,0,1,1,0,0.0,0
4592,7109,,1800.0,0,0,0,0,0.0,0
4593,7110,,880.0,0,1,0,0,0.0,0
4594,7111,,2100.0,0,0,0,0,0.0,0
4595,7112,,2100.0,0,0,0,0,0.0,0
4596,7113,,2122.0,0,0,0,0,0.0,0
4597,7114,,500000.0,0,1,1,0,0.0,0
4598,7116,,300.0,0,1,0,0,0.0,0
4599,7117,,100.0,0,1,0,0,0.0,0
4600,7118,,1800.0,0,0,0,0,0.0,0
4601,7119,,50.0,0,1,0,0,0.0,0
4602,7120,,490.0,0,1,0,0,0.0,0
4603,7121,,150.0,0,1,0,0,0.0,0
4604,7122,,500000.0,0,1,1,0,0.0,0
4605,7123,,400.0,0,0,0,0,0.0,0
4606,7124,,300.0,0,1,0,0,0.0,0
4607,7125,,50.0,0,1,0,0,0.0,0
4608,7126,,150.0,0,1,0,0,0.0,0
4609,7127,,500000.0,0,1,1,0,0.0,0
4610,7128,,250.0,0,1,0,0,0.0,0
4611,7129,,200.0,0,0,0,0,0.0,0
4612,7130,,500000.0,0,1,1,0,0.0,0
4613,7131,,500000.0,0,1,1,0,0.0,0
4614,7133,,200.0,0,1,0,0,0.0,0
4615,7134,,150.0,0,1,0,0,0.0,0
4616,7135,,500000.0,0,1,1,0,0.0,0
4617,7136,,500000.0,0,1,1,0,0.0,0
4618,7137,,3860.0,0,0,0,0,0.0,0
4619,7140,,800.0,0,0,0,0,0.0,0
4620,7141,,650.0,0,1,0,0,0.0,0
4621,7142,,4430.0,0,0,0,0,0.0,0
4622,7143,,4500.0,0,0,0,0,0.0,0
4623,7144,,3600.0,0,0,0,0,0.0,0
4624,7145,,500000.0,0,0,1,0,0.0,0
4625,7146,,920.0,0,1,0,0,0.0,0
4626,7148,,100.0,0,1,0,0,0.0,0
4627,7149,,600.0,0,0,0,0,0.0,0
4628,7150,,500000.0,0,0,1,0,0.0,0
4629,7151,,500000.0,0,1,1,0,0.0,0
4630,7152,,500000.0,0,1,1,0,0.0,0
4631,7153,,500000.0,0,1,1,0,0.0,0
4632,7154,,500000.0,0,1,1,0,0.0,0
4633,7155,,50.0,0,1,0,0,0.0,0
4634,7156,,500000.0,0,0,1,0,0.0,0
4635,7158,,600.0,0,0,0,0,0.0,0
4636,7159,,500000.0,0,1,1,0,0.0,0
4637,7160,,350.0,0,1,0,0,0.0,0
4638,7161,,2122.0,0,0,0,0,0.0,0
4639,7162,,50.0,0,1,0,0,0.0,0
4640,7163,,50.0,0,1,0,0,0.0,0
4641,7164,,1950.0,0,0,0,0,0.0,0
4642,7165,,50.0,0,1,0,0,0.0,0
4643,7166,,1800.0,0,0,0,0,0.0,0
4644,7167,,50.0,0,1,0,0,0.0,0
4645,7168,,600.0,0,0,0,0,0.0,0
4646,7169,,300.0,0,1,0,0,0.0,0
4647,7170,,520.0,0,1,0,0,0.0,0
4648,7171,,520.0,0,1,0,0,0.0,0
4649,7172,,150.0,0,1,0,0,0.0,0
4650,7174,,3600.0,0,0,0,0,0.0,0
4651,7175,,1800.0,0,0,0,0,0.0,0
4652,7176,,5565.0,0,0,0,0,0.0,0
4653,7177,,150.0,0,1,0,0,0.0,0
4654,7178,,600.0,0,0,0,0,0.0,0
4655,7179,,1800.0,0,0,0,0,0.0,0
4656,7180,,340.0,0,1,0,0,0.0,0
4657,7181,,600.0,0,0,0,0,0.0,0
4658,7182,,580.0,0,1,0,0,0.0,0
4659,7183,,1400.0,0,0,0,0,0.0,0
4660,7184,,600.0,0,0,0,0,0.0,0
4661,7185,,200.0,0,1,0,0,0.0,0
4662,7186,,6000.0,0,0,0,0,0.0,0
4663,7187,,500000.0,0,1,1,0,0.0,0
4664,7189,,500220.0,0,1,0,0,0.0,0
4665,7190,,50.0,0,1,0,0,0.0,0
4666,7191,,6010.0,0,0,0,0,0.0,0
4667,7192,,150.0,0,1,0,0,1.0,0
4668,7193,,390.0,0,1,0,0,0.0,0
4669,7194,,50.0,0,0,0,0,1.0,0
4670,7195,,500000.0,0,1,1,0,0.0,0
4671,7196,,50.0,0,1,0,0,0.0,0
4672,7197,,500000.0,0,1,1,0,0.0,0
4673,7198,,50.0,0,0,0,0,0.0,0
4674,7199,,500000.0,0,1,1,0,0.0,0
4675,7202,,350.0,0,1,0,0,0.0,0
4676,7203,,220.0,0,1,0,0,0.0,0
4677,7208,,600.0,0,1,0,0,0.0,0
4678,7209,,150.0,0,1,0,0,0.0,0
4679,7210,,300.0,0,1,0,0,0.0,0
4680,7211,,150.0,0,1,0,0,0.0,0
4681,7212,,20.0,0,0,0,0,1.0,0
4682,7213,,50.0,0,1,0,0,0.0,0
4683,7214,,150.0,0,1,0,0,0.0,0
4684,7215,,400.0,0,1,0,0,0.0,0
4685,7216,,2010.0,0,0,0,0,0.0,0
4686,7217,,500000.0,0,1,1,0,0.0,0
4687,7219,,500000.0,0,1,1,0,0.0,0
4688,7220,,150.0,0,1,0,0,0.0,0
4689,7221,,600.0,0,1,0,0,0.0,0
4690,7222,,500000.0,0,1,1,0,0.0,0
4691,7223,,20.0,0,0,0,0,1.0,0
4692,7224,,20.0,0,0,0,0,1.0,0
4693,7226,,20.0,0,0,0,0,1.0,0
4694,7227,,50.0,0,0,0,0,0.0,0
4695,7228,,500000.0,0,1,1,0,0.0,0
4696,7229,,20.0,0,0,0,0,1.0,0
4697,7230,,50.0,0,0,0,0,1.0,0
4698,7231,,500000.0,0,1,1,0,0.0,0
4699,7232,,250.0,0,1,0,0,1.0,0
4700,7233,,500000.0,0,1,1,0,0.0,0
4701,7234,,550.0,0,0,0,0,0.0,0
4702,7235,,500000.0,0,1,1,0,0.0,0
4703,7236,,50.0,0,1,0,0,0.0,0
4704,7237,,500000.0,0,1,1,0,0.0,0
4705,7238,,50.0,0,1,0,0,0.0,0
4706,7239,,5.0,0,1,0,0,1.0,0
4707,7240,,500000.0,0,1,1,0,0.0,0
4708,7241,,50.0,0,1,0,0,0.0,0
4709,7242,,50.0,0,1,0,0,0.0,0
4710,7243,,500000.0,0,1,1,0,0.0,0
4711,7244,,500000.0,0,1,1,0,0.0,0
4712,7245,,50.0,0,1,0,0,0.0,0
4713,7246,,50.0,0,1,0,0,0.0,0
4714,7247,,1050.0,0,0,0,0,0.0,0
4715,7248,,50.0,0,1,0,0,0.0,0
4716,7249,,50.0,0,1,0,0,0.0,0
4717,7250,,50.0,0,1,0,0,0.0,0
4718,7251,,150.0,0,1,0,0,0.0,0
4719,7252,,150.0,0,1,0,0,0.0,0
4720,7253,,500000.0,0,1,1,0,0.0,0
4721,7254,,500000.0,0,1,1,0,0.0,0
4722,7255,,50.0,0,1,0,0,0.0,0
4723,7256,,500000.0,0,1,1,0,0.0,0
4724,7257,,500000.0,0,1,1,0,0.0,0
4725,7258,,100.0,0,1,0,0,0.0,0
4726,7259,,50.0,0,1,0,0,0.0,0
4727,7260,,100.0,0,1,0,0,0.0,0
4728,7261,,50.0,0,1,0,0,0.0,0
4729,7262,,300.0,0,1,0,0,0.0,0
4730,7263,,300.0,0,1,0,0,0.0,0
4731,7264,,50.0,0,1,0,0,0.0,0
4732,7269,,50.0,0,1,0,0,0.0,0
4733,7270,,465.0,0,1,0,0,0.0,0
4734,7272,,500000.0,0,0,1,0,0.0,0
4735,7273,,7200.0,0,0,0,0,0.0,0
4736,7274,,500000.0,0,0,1,0,0.0,0
4737,7275,,500000.0,0,1,1,0,0.0,0
4738,7276,,550.0,0,1,0,0,0.0,0
4739,7277,,50.0,0,1,0,0,0.0,0
4740,7280,,600.0,0,0,0,0,0.0,0
4741,7281,,440.0,0,1,0,0,0.0,0
4742,7282,,950.0,0,0,0,0,0.0,0
4743,7284,,1499.0,0,1,0,0,0.0,0
4744,7286,,470.0,0,1,0,0,0.0,0
4745,7287,,50.0,0,1,0,0,0.0,0
4746,7288,,500000.0,0,1,1,0,0.0,0
4747,7290,,5.0,0,1,0,0,1.0,0
4748,7291,,5.0,0,1,0,0,1.0,0
4749,7292,,10.0,0,0,0,0,1.0,0
4750,7293,,500000.0,0,1,1,0,1.0,0
4751,7294,,950.0,0,0,0,0,0.0,0
4752,7295,,600.0,0,0,0,0,0.0,0
4753,7296,,20.0,0,1,0,0,1.0,0
4754,7297,,600.0,0,0,0,0,0.0,0
4755,7300,,650.0,0,0,0,0,0.0,0
4756,7301,,1650.0,0,0,0,0,0.0,0
4757,7302,,50.0,0,0,0,0,0.0,0
4758,7304,,150.0,0,0,0,0,0.0,0
4759,7305,,5.0,0,1,0,0,1.0,0
4760,7306,,500000.0,0,0,1,0,1.0,0
4761,7307,,1805.0,0,0,0,0,0.0,0
4762,7308,,50.0,0,1,0,0,1.0,0
4763,7309,,50.0,0,1,0,0,0.0,0
4764,7310,,221.0,0,1,0,0,0.0,0
4765,7311,,15.0,0,1,0,0,1.0,0
4766,7312,,15.0,0,1,0,0,1.0,0
4767,7313,,3600.0,0,0,0,0,0.0,0
4768,7314,,3800.0,0,0,0,0,0.0,0
4769,7316,,650.0,0,0,0,0,0.0,0
4770,7317,,5600.0,0,0,0,0,0.0,0
4771,7318,,605.0,0,0,0,0,0.0,0
4772,7319,,500000.0,0,0,1,0,0.0,0
4773,7321,,3600.0,0,0,0,0,0.0,0
4774,7323,,500000.0,0,0,1,0,1.0,0
4775,7324,,5.0,0,0,0,0,1.0,0
4776,7325,,10.0,0,0,0,0,1.0,0
4777,7326,,500000.0,0,0,1,0,1.0,0
4778,7327,,5.0,0,0,0,0,1.0,0
4779,7328,,500000.0,0,0,1,0,1.0,0
4780,7329,,2605.0,0,0,0,0,0.0,0
4781,7331,,70.0,0,0,0,0,0.0,0
4782,7332,,50.0,0,0,0,0,1.0,0
4783,7333,,500000.0,0,0,1,0,0.0,0
4784,7334,,500000.0,0,0,1,0,1.0,0
4785,7335,,500000.0,0,1,1,0,0.0,0
4786,7336,,500000.0,0,0,1,0,0.0,0
4787,7337,,49.0,0,1,0,0,1.0,0
4788,7338,,48.0,0,0,0,0,1.0,0
4789,7340,,5.0,0,0,0,0,1.0,0
4790,7341,,5.0,0,1,0,0,1.0,0
4791,7342,,5.0,0,1,0,0,1.0,0
4792,7343,,150.0,0,1,0,0,1.0,0
4793,7344,,500000.0,0,0,1,0,0.0,0
4794,7346,,500000.0,0,1,1,0,1.0,0
4795,7347,,500000.0,0,1,1,0,1.0,0
4796,7348,,500000.0,0,1,1,0,0.0,0
4797,7349,,2000.0,0,0,0,0,0.0,0
4798,7350,,3950.0,0,0,0,0,0.0,0
4799,7351,,450.0,0,1,0,0,0.0,0
4800,7353,,500000.0,0,1,1,0,0.0,0
4801,7354,,5.0,0,1,0,0,1.0,0
4802,7355,,270.0,0,1,0,0,0.0,0
4803,7356,,5.0,0,0,0,0,1.0,0
4804,7358,,150.0,0,1,0,0,0.0,0
4805,7359,,5.0,0,1,0,0,1.0,0
4806,7360,,5.0,0,1,0,0,1.0,0
4807,7361,,500000.0,0,1,1,0,1.0,0
4808,7362,,1805.0,0,1,0,0,0.0,0
4809,7363,,500000.0,0,1,1,0,1.0,0
4810,7364,,500000.0,0,0,1,0,0.0,0
4811,7366,,500000.0,0,1,1,0,0.0,0
4812,7367,,110.0,0,1,0,0,0.0,0
4813,7368,,5.0,0,1,0,0,0.0,0
4814,7369,,120.0,0,1,0,0,0.0,0
4815,7370,,150.0,0,1,0,0,0.0,0
4816,7371,,500000.0,0,1,1,0,0.0,0
4817,7372,,220.0,0,1,0,0,0.0,0
4818,7373,,20.0,0,1,0,0,1.0,0
4819,7374,,150.0,0,1,0,0,0.0,0
4820,7375,,50.0,0,1,0,0,0.0,0
4821,7376,,500000.0,0,1,1,0,0.0,0
4822,7377,,400.0,0,1,0,0,0.0,0
4823,7378,,50.0,0,1,0,0,0.0,0
4824,7379,,150.0,0,1,0,0,0.0,0
4825,7380,,200.0,0,1,0,0,0.0,0
4826,7381,,355.0,0,1,0,0,0.0,0
4827,7382,,10.0,0,1,0,0,1.0,0
4828,7383,,10.0,0,1,0,0,1.0,0
4829,7384,,150.0,0,1,0,0,1.0,0
4830,7385,,50.0,0,1,0,0,1.0,0
4831,7386,,150.0,0,1,0,0,1.0,0
4832,7387,,150.0,0,1,0,0,1.0,0
4833,7388,,500000.0,0,1,1,0,0.0,0
4834,7390,,5675.0,0,0,0,0,0.0,0
4835,7391,,1200.0,0,0,0,0,0.0,0
4836,7392,,11070.0,0,0,0,0,0.0,0
4837,7393,,3600.0,0,0,0,0,0.0,0
4838,7394,,600.0,0,0,0,0,0.0,0
4839,7396,,140.0,0,1,0,0,0.0,0
4840,7397,,600.0,0,0,0,0,0.0,0
4841,7399,,499933.0,0,1,1,0,0.0,0
4842,7402,,100.0,0,0,0,0,0.0,0
4843,7405,,600.0,0,0,0,0,0.0,0
4844,7406,,600.0,0,0,0,0,0.0,0
4845,7407,,7400.0,0,0,0,0,0.0,0
4846,7408,,7950.0,0,0,0,0,0.0,0
4847,7409,,600.0,0,0,0,0,0.0,0
4848,7410,,50.0,0,1,0,0,0.0,0
4849,7412,,500000.0,0,0,1,0,0.0,0
4850,7413,,50.0,0,1,0,0,0.0,0
4851,7415,,200.0,0,1,0,0,0.0,0
4852,7416,,200.0,0,1,0,0,0.0,0
4853,7418,,6000.0,0,0,0,0,0.0,0
4854,7419,,9600.0,0,0,0,0,0.0,0
4855,7420,,1800.0,0,0,0,0,0.0,0
4856,7421,,9600.0,0,0,0,0,0.0,0
4857,7422,,9000.0,0,0,0,0,0.0,0
4858,7423,,500000.0,0,0,1,0,0.0,0
4859,7424,,9000.0,0,0,0,0,0.0,0
4860,7425,,8700.0,0,0,0,0,0.0,0
4861,7426,,50.0,0,1,0,0,0.0,0
4862,7427,,9000.0,0,0,0,0,0.0,0
4863,7428,,150.0,0,1,0,0,0.0,0
4864,7429,,50.0,0,1,0,0,0.0,0
4865,7431,,458.0,0,1,0,0,0.0,0
4866,7432,,500000.0,0,1,1,0,0.0,0
4867,7433,,500000.0,0,1,1,0,0.0,0
4868,7434,,12640.0,0,0,0,0,0.0,0
4869,7435,,456.0,0,1,0,0,0.0,0
4870,7436,,150.0,0,1,0,0,0.0,0
4871,7437,,3600.0,0,0,0,0,0.0,0
4872,7438,,2100.0,0,0,0,0,0.0,0
4873,7439,,500000.0,0,1,1,0,0.0,0
4874,7440,,500000.0,0,1,1,0,0.0,0
4875,7442,,150.0,0,1,0,0,0.0,0
4876,7443,,150.0,0,1,0,0,0.0,0
4877,7444,,3600.0,0,0,0,0,0.0,0
4878,7445,,7200.0,0,0,0,0,0.0,0
4879,7447,,5700.0,0,0,0,0,0.0,0
4880,7448,,1800.0,0,0,0,0,0.0,0
4881,7449,,500000.0,0,1,1,0,0.0,0
4882,7450,,23400.0,0,0,0,0,0.0,0
4883,7451,,500000.0,0,1,1,0,0.0,0
4884,7452,,100.0,0,1,0,0,0.0,0
4885,7453,,500000.0,0,0,1,0,0.0,0
4886,7454,,200.0,0,1,0,0,0.0,0
4887,7455,,500000.0,0,1,1,0,0.0,0
4888,7458,,500000.0,0,0,1,0,0.0,0
4889,7459,,4200.0,0,0,0,0,0.0,0
4890,7460,,500000.0,0,0,1,0,0.0,0
4891,7461,,149.0,0,1,0,0,0.0,0
4892,7462,,50.0,0,1,0,0,0.0,0
4893,7463,,8600.0,0,0,0,0,0.0,0
4894,7464,,0.0,0,0,0,0,0.0,0
4895,7465,,500000.0,0,0,1,0,0.0,0
4896,7466,,9000.0,0,0,0,0,0.0,0
4897,7467,,158.0,0,0,0,0,0.0,0
4898,7468,,600.0,0,0,0,0,0.0,0
4899,7469,,410.0,0,1,0,0,0.0,0
4900,7470,,700.0,0,0,0,0,0.0,0
4901,7472,,50.0,0,0,0,0,0.0,0
4902,7473,,50.0,0,1,0,0,0.0,0
4903,7474,,300.0,0,1,0,0,0.0,0
4904,7475,,500000.0,0,1,1,0,0.0,0
4905,7476,,50.0,0,1,0,0,0.0,0
4906,7477,,1200.0,0,0,0,0,0.0,0
4907,7478,,43.0,0,1,0,0,0.0,0
4908,7480,,5400.0,0,0,0,0,0.0,0
4909,7481,,1800.0,0,0,0,0,0.0,0
4910,7482,,1800.0,0,0,0,0,0.0,0
4911,7483,,1200.0,0,0,0,0,0.0,0
4912,7484,,430.0,0,1,0,0,0.0,0
4913,7485,,60.0,0,1,0,0,0.0,0
4914,7486,,20.0,0,1,0,0,1.0,0
4915,7487,,15.0,0,1,0,0,1.0,0
4916,7488,,500000.0,0,1,1,0,1.0,0
4917,7489,,500000.0,0,1,1,0,1.0,0
4918,7490,,50.0,0,0,0,0,0.0,0
4919,7491,,5.0,0,1,0,0,1.0,0
4920,7492,,600.0,0,0,0,0,0.0,0
4921,7493,,600.0,0,0,0,0,0.0,0
4922,7494,,1800.0,0,0,0,0,0.0,0
4923,7495,,1800.0,0,0,0,0,0.0,0
4924,7496,,500000.0,0,0,1,0,0.0,0
4925,7497,,1800.0,0,0,0,0,0.0,0
4926,7498,,23800.0,0,0,0,0,0.0,0
4927,7499,,500000.0,0,0,1,0,0.0,0
4928,7500,,9500.0,0,0,0,0,0.0,0
4929,7501,,500000.0,0,0,1,0,0.0,0
4930,7502,,70.0,0,1,0,0,0.0,0
4931,7504,,500000.0,0,0,1,0,0.0,0
4932,7508,,1800.0,0,0,0,0,0.0,0
4933,7509,,1800.0,0,0,0,0,0.0,0
4934,7511,,600.0,0,0,0,0,0.0,0
4935,7512,,1500.0,0,0,0,0,0.0,0
4936,7513,,600.0,0,0,0,0,0.0,0
4937,7514,,600.0,0,0,0,0,0.0,0
4938,7515,,600.0,0,0,0,0,0.0,0
4939,7516,,600.0,0,0,0,0,0.0,0
4940,7517,,1800.0,0,0,0,0,0.0,0
4941,7518,,50.0,0,1,0,0,0.0,0
4942,7519,,600.0,0,0,0,0,0.0,0
4943,7521,,1200.0,0,0,0,0,0.0,0
4944,7522,,1800.0,0,0,0,0,0.0,0
4945,7523,,60.0,0,0,0,0,0.0,0
4946,7524,,500000.0,0,0,1,0,0.0,0
4947,7525,,500000.0,0,0,1,0,0.0,0
4948,7527,,605.0,0,0,0,0,0.0,0
4949,7529,,5.0,0,0,0,0,1.0,0
4950,7530,,5.0,0,0,0,0,1.0,0
4951,7531,,150.0,0,1,0,0,0.0,0
4952,7532,,5.0,0,1,0,0,1.0,0
4953,7533,,50.0,0,1,0,0,1.0,0
4954,7534,,50.0,0,1,0,0,0.0,0
4955,7535,,150.0,0,1,0,0,1.0,0
4956,7536,,150.0,0,1,0,0,0.0,0
4957,7537,,3300.0,0,0,0,0,0.0,0
4958,7538,,1050.0,0,1,0,0,0.0,0
4959,7539,,5.0,0,1,0,0,1.0,0
4960,7540,,200.0,0,1,0,0,0.0,0
4961,7541,,510.0,0,1,0,0,0.0,0
4962,7543,,500000.0,0,1,1,0,0.0,0
4963,7545,,1800.0,0,0,0,0,0.0,0
4964,7547,,605.0,0,0,0,0,0.0,0
4965,7548,,5.0,0,1,0,0,1.0,0
4966,7549,,0.0,0,0,0,0,0.0,0
4967,7550,,1100.0,0,0,0,0,0.0,0
4968,7551,,125.0,0,1,0,0,0.0,0
4969,7553,,605.0,0,0,0,0,0.0,0
4970,7554,,4150.0,0,0,0,0,0.0,0
4971,7556,,2850.0,0,0,0,0,0.0,0
4972,7557,,600.0,0,0,0,0,0.0,0
4973,7558,,50.0,0,0,0,0,1.0,0
4974,7559,,500000.0,0,1,1,0,0.0,0
4975,7560,,1200.0,0,0,0,0,0.0,0
4976,7561,,10.0,0,1,0,0,1.0,0
4977,7562,,615.0,0,1,0,0,1.0,0
4978,7563,,150.0,0,0,0,0,0.0,0
4979,7564,,5.0,0,1,0,0,1.0,0
4980,7565,,1300.0,0,0,0,0,0.0,0
4981,7566,,50.0,0,1,0,0,0.0,0
4982,7567,,600.0,0,0,0,0,0.0,0
4983,7568,,600.0,0,0,0,0,0.0,0
4984,7569,,170.0,0,1,0,0,0.0,0
4985,7570,,155.0,0,1,0,0,1.0,0
4986,7575,,600.0,0,0,0,0,0.0,0
4987,7577,,115.0,0,1,0,0,0.0,0
4988,7578,,50.0,0,0,0,0,0.0,0
4989,7579,,150.0,0,0,0,0,0.0,0
4990,7580,,50.0,0,0,0,0,0.0,0
4991,7581,,150.0,0,0,0,0,0.0,0
4992,7582,,50.0,0,0,0,0,0.0,0
4993,7583,,500000.0,0,1,1,0,0.0,0
4994,7584,,50.0,0,1,0,0,0.0,0
4995,7585,,251.0,0,1,0,0,0.0,0
4996,7586,,50.0,0,1,0,0,0.0,0
4997,7587,,150.0,0,1,0,0,0.0,0
4998,7590,,605.0,0,0,0,0,0.0,0
4999,7591,,605.0,0,0,0,0,0.0,0
5000,7592,,150.0,0,1,0,0,0.0,0
5001,7593,,1205.0,0,0,0,0,0.0,0
5002,7594,,150.0,0,1,0,0,0.0,0
5003,7595,,465.0,0,1,0,0,0.0,0
5004,7596,,130.0,0,1,0,0,0.0,0
5005,7597,,840.0,0,0,0,0,0.0,0
5006,7598,,295.0,0,1,0,0,0.0,0
5007,7599,,500.0,0,0,0,0,0.0,0
5008,7600,,600.0,0,0,0,0,0.0,0
5009,7605,,370.0,0,1,0,0,0.0,0
5010,7606,,2054.0,0,0,0,0,0.0,0
5011,7607,,500000.0,0,0,1,0,0.0,0
5012,7608,,425.0,0,0,0,0,1.0,0
5013,7609,,600.0,0,0,0,0,0.0,0
5014,7610,,50.0,0,0,0,0,0.0,0
5015,7611,,150.0,0,1,0,0,1.0,0
5016,7612,,50.0,0,1,0,0,1.0,0
5017,7613,,1250.0,0,0,0,0,0.0,0
5018,7614,,655.0,0,0,0,0,0.0,0
5019,7615,,110.0,0,1,0,0,0.0,0
5020,7616,,2000.0,0,0,0,0,0.0,0
5021,7617,,500000.0,0,1,1,0,0.0,0
5022,7618,,50.0,0,1,0,0,0.0,0
5023,7619,,2359.0,0,0,0,0,0.0,0
5024,7620,,350.0,0,0,0,0,0.0,0
5025,7622,,2550.0,0,0,0,0,0.0,0
5026,7624,,50.0,0,1,0,0,0.0,0
5027,7627,,350.0,0,1,0,0,0.0,0
5028,7628,,9700.0,0,0,0,0,0.0,0
5029,7629,,750.0,0,0,0,0,0.0,0
5030,7630,,500000.0,0,0,1,0,0.0,0
5031,7631,,150.0,0,0,0,0,0.0,0
5032,7632,,50.0,0,1,0,0,0.0,0
5033,7633,,150.0,0,1,0,0,0.0,0
5034,7634,,50.0,0,1,0,0,0.0,0
5035,7635,,500000.0,0,0,1,0,0.0,0
5036,7636,,150.0,0,1,0,0,0.0,0
5037,7637,,3700.0,0,0,0,0,0.0,0
5038,7640,,425.0,0,1,0,0,0.0,0
5039,7641,,50.0,0,0,0,0,1.0,0
5040,7642,,60.0,0,0,0,0,0.0,0
5041,7643,,320.0,0,1,0,0,0.0,0
5042,7644,,500000.0,0,1,1,0,0.0,0
5043,7645,,500000.0,0,1,1,0,0.0,0
5044,7646,,500000.0,0,1,1,0,0.0,0
5045,7647,,500000.0,0,1,1,0,0.0,0
5046,7648,,500000.0,0,1,1,0,0.0,0
5047,7649,,520.0,0,1,0,0,0.0,0
5048,7650,,200.0,0,1,0,0,0.0,0
5049,7651,,600.0,0,0,0,0,0.0,0
5050,7652,,150.0,0,1,0,0,0.0,0
5051,7653,,50.0,0,1,0,0,0.0,0
5052,7654,,600.0,0,0,0,0,0.0,0
5053,7655,,500000.0,0,0,1,0,0.0,0
5054,7656,,150.0,0,1,0,0,0.0,0
5055,7657,,1550.0,0,0,0,0,0.0,0
5056,7658,,10.0,0,1,0,0,1.0,0
5057,7659,,20.0,0,1,0,0,1.0,0
5058,7660,,500000.0,0,1,1,0,1.0,0
5059,7661,,15.0,0,1,0,0,1.0,0
5060,7662,,650.0,0,0,0,0,0.0,0
5061,7663,,500000.0,0,0,1,0,1.0,0
5062,7664,,500000.0,0,0,1,0,1.0,0
5063,7665,,5.0,0,0,0,0,1.0,0
5064,7666,,500000.0,0,0,1,0,0.0,0
5065,7667,,600.0,0,0,0,0,0.0,0
5066,7669,,600.0,0,0,0,0,0.0,0
5067,7670,,600.0,0,0,0,0,0.0,0
5068,7671,,1950.0,0,0,0,0,0.0,0
5069,7672,,1800.0,0,0,0,0,0.0,0
5070,7673,,1800.0,0,0,0,0,0.0,0
5071,7674,,150.0,0,1,0,0,0.0,0
5072,7675,,600.0,0,0,0,0,0.0,0
5073,7676,,50.0,0,1,0,0,0.0,0
5074,7680,,1800.0,0,0,0,0,0.0,0
5075,7681,,1050.0,0,0,0,0,0.0,0
5076,7682,,500000.0,0,0,1,0,0.0,0
5077,7683,,1455.0,0,0,0,0,0.0,0
5078,7684,,1950.0,0,0,0,0,0.0,0
5079,7685,,50.0,0,0,0,0,0.0,0
5080,7686,,50.0,0,0,0,0,0.0,0
5081,7687,,150.0,0,0,0,0,0.0,0
5082,7688,,500000.0,0,0,1,0,0.0,0
5083,7689,,500000.0,0,0,1,0,0.0,0
5084,7690,,500000.0,0,0,1,0,1.0,0
5085,7691,,3600.0,0,0,0,0,0.0,0
5086,7692,,5950.0,0,0,0,0,0.0,0
5087,7693,,600.0,0,0,0,0,0.0,0
5088,7694,,500000.0,0,0,1,0,0.0,0
5089,7695,,500000.0,0,0,1,0,0.0,0
5090,7698,,5.0,0,0,0,0,1.0,0
5091,7699,,150.0,0,0,0,0,0.0,0
5092,7700,,500000.0,0,0,1,0,1.0,0
5093,7701,,5.0,0,0,0,0,1.0,0
5094,7702,,150.0,0,0,0,0,0.0,0
5095,7703,,150.0,0,1,0,0,0.0,0
5096,7704,,1550.0,0,0,0,0,0.0,0
5097,7705,,900.0,0,0,0,0,0.0,0
5098,7707,,150.0,0,0,0,0,1.0,0
5099,7710,,500000.0,0,0,1,0,0.0,0
5100,7711,,500000.0,0,0,1,0,0.0,0
5101,7712,,765.0,0,0,0,0,0.0,0
5102,7713,,20.0,0,1,0,0,1.0,0
5103,7715,,500000.0,0,0,1,0,0.0,0
5104,7716,,50.0,0,0,0,0,0.0,0
5105,7717,,1800.0,0,0,0,0,0.0,0
5106,7718,,1800.0,0,0,0,0,0.0,0
5107,7719,,600.0,0,0,0,0,0.0,0
5108,7721,,50.0,0,1,0,0,0.0,0
5109,7722,,1800.0,0,0,0,0,0.0,0
5110,7723,,5750.0,0,0,0,0,0.0,0
5111,7725,,600.0,0,0,0,0,0.0,0
5112,7726,,600.0,0,0,0,0,0.0,0
5113,7727,,1800.0,0,0,0,0,0.0,0
5114,7728,,600.0,0,0,0,0,0.0,0
5115,7729,,1800.0,0,0,0,0,0.0,0
5116,7730,,600.0,0,0,0,0,0.0,0
5117,7731,,700.0,0,0,0,0,0.0,0
5118,7732,,1800.0,0,0,0,0,0.0,0
5119,7733,,600.0,0,0,0,0,0.0,0
5120,7734,,1800.0,0,0,0,0,0.0,0
5121,7736,,50.0,0,0,0,0,0.0,0
5122,7737,,150.0,0,0,0,0,0.0,0
5123,7738,,1950.0,0,0,0,0,0.0,0
5124,7739,,500000.0,0,0,1,0,0.0,0
5125,7741,,600.0,0,0,0,0,0.0,0
5126,7742,,1800.0,0,0,0,0,0.0,0
5127,7743,,600.0,0,0,0,0,0.0,0
5128,7744,,2000.0,0,0,0,0,0.0,0
5129,7745,,150.0,0,0,0,0,0.0,0
5130,7746,,150.0,0,0,0,0,0.0,0
5131,7747,,150.0,0,0,0,0,1.0,0
5132,7748,,1800.0,0,0,0,0,0.0,0
5133,7749,,2000.0,0,0,0,0,0.0,0
5134,7750,,2400.0,0,0,0,0,0.0,0
5135,7751,,600.0,0,0,0,0,0.0,0
5136,7752,,150.0,0,1,0,0,0.0,0
5137,7753,,650.0,0,1,0,0,0.0,0
5138,7754,,0.0,0,0,0,0,0.0,0
5139,7755,,0.0,0,0,0,0,0.0,0
5140,7756,,650.0,0,0,0,0,0.0,0
5141,7757,,600.0,0,0,0,0,0.0,0
5142,7758,,500000.0,0,0,1,0,0.0,0
5143,7759,,500000.0,0,0,1,0,0.0,0
5144,7760,,500000.0,0,0,1,0,0.0,0
5145,7761,,500000.0,0,0,1,0,0.0,0
5146,7762,,500000.0,0,0,1,0,0.0,0
5147,7763,,150.0,0,0,0,0,0.0,0
5148,7764,,200.0,0,0,0,0,0.0,0
5149,7765,,50.0,0,1,0,0,0.0,0
5150,7766,,500000.0,0,0,1,0,0.0,0
5151,7767,,150.0,0,1,0,0,0.0,0
5152,7768,,600.0,0,0,0,0,0.0,0
5153,7769,,600.0,0,0,0,0,0.0,0
5154,7770,,600.0,0,0,0,0,0.0,0
5155,7771,,600.0,0,0,0,0,0.0,0
5156,7772,,499993.0,0,0,1,0,0.0,0
5157,7773,,50.0,0,1,0,0,0.0,0
5158,7774,,15.0,0,1,0,0,0.0,0
5159,7775,,4200.0,0,0,0,0,0.0,0
5160,7777,,2105.0,0,0,0,0,0.0,0
5161,7779,,1500.0,0,0,0,0,0.0,0
5162,7781,,150.0,0,0,0,0,0.0,0
5163,7783,,50.0,0,0,0,0,0.0,0
5164,7784,,240.0,0,0,0,0,0.0,0
5165,7785,,2900.0,0,0,0,0,0.0,0
5166,7787,,1800.0,0,0,0,0,0.0,0
5167,7788,,500000.0,0,0,1,0,0.0,0
5168,7789,,250.0,0,0,0,0,0.0,0
5169,7790,,500000.0,0,0,1,0,0.0,0
5170,7791,,50.0,0,1,0,0,0.0,0
5171,7792,,500000.0,0,0,1,0,0.0,0
5172,7793,,115.0,0,0,0,0,0.0,0
5173,7794,,2000.0,0,0,0,0,0.0,0
5174,7795,,60.0,0,1,0,0,0.0,0
5175,7796,,20.0,0,1,0,0,1.0,0
5176,7797,,65.0,0,1,0,0,0.0,0
5177,7798,,9310.0,0,0,0,0,0.0,0
5178,7799,,620.0,0,1,0,0,0.0,0
5179,7801,,600.0,0,0,0,0,0.0,0
5180,7802,,500000.0,0,1,1,0,0.0,0
5181,7803,,500000.0,0,0,1,0,0.0,0
5182,7804,,50.0,0,0,0,0,0.0,0
5183,7805,,250.0,0,1,0,0,0.0,0
5184,7807,,500000.0,0,0,1,0,0.0,0
5185,7808,,600.0,0,0,0,0,0.0,0
5186,7809,,150.0,0,0,0,0,0.0,0
5187,7810,,22106.0,0,0,0,0,0.0,0
5188,7811,,500000.0,0,1,1,0,0.0,0
5189,7812,,500000.0,0,0,1,0,0.0,0
5190,7813,,2251.0,0,0,0,0,0.0,0
5191,7815,,150.0,0,1,0,0,0.0,0
5192,7816,,500000.0,0,0,1,0,0.0,0
5193,7817,,50.0,0,0,0,0,0.0,0
5194,7818,,150.0,0,1,0,0,0.0,0
5195,7819,,520.0,0,1,0,0,0.0,0
5196,7820,,500000.0,0,0,1,0,0.0,0
5197,7823,,1800.0,0,0,0,0,0.0,0
5198,7824,,5.0,0,0,0,0,1.0,0
5199,7825,,1927.0,0,0,0,0,0.0,0
5200,7829,,2750.0,0,0,0,0,0.0,0
5201,7830,,11150.0,0,0,0,0,0.0,0
5202,7831,,500000.0,0,0,1,0,0.0,0
5203,7832,,900.0,0,0,0,0,0.0,0
5204,7833,,11300.0,0,0,0,0,0.0,0
5205,7834,,500000.0,0,0,1,0,0.0,0
5206,7835,,5.0,0,0,0,0,1.0,0
5207,7836,,10.0,0,1,0,0,1.0,0
5208,7838,,20.0,0,1,0,0,1.0,0
5209,7839,,110.0,0,1,0,0,0.0,0
5210,7840,,10.0,0,1,0,0,1.0,0
5211,7843,,640.0,0,0,0,0,0.0,0
5212,7846,,50.0,0,0,0,0,0.0,0
5213,7847,,50.0,0,0,0,0,0.0,0
5214,7848,,150.0,0,0,0,0,0.0,0
5215,7849,,50.0,0,0,0,0,0.0,0
5216,7850,,50.0,0,0,0,0,0.0,0
5217,7852,,2000.0,0,0,0,0,0.0,0
5218,7853,,150.0,0,0,0,0,0.0,0
5219,7854,,270.0,0,0,0,0,0.0,0
5220,7855,,500000.0,0,0,1,0,0.0,0
5221,7856,,600.0,0,0,0,0,0.0,0
5222,7857,,1800.0,0,0,0,0,0.0,0
5223,7858,,500000.0,0,0,1,0,0.0,0
5224,7859,,500000.0,0,0,1,0,0.0,0
5225,7860,,50.0,0,0,0,0,0.0,0
5226,7861,,500000.0,0,0,1,0,0.0,0
5227,7862,,500000.0,0,0,1,0,0.0,0
5228,7863,,500000.0,0,0,1,0,0.0,0
5229,7866,,50.0,0,0,0,0,1.0,0
5230,7867,,650.0,0,0,0,0,0.0,0
5231,7870,,500000.0,0,0,1,0,0.0,0
5232,7871,,150.0,0,0,0,0,0.0,0
5233,7872,,500000.0,0,0,1,0,0.0,0
5234,7873,,500000.0,0,0,1,0,0.0,0
5235,7874,,50.0,0,0,0,0,0.0,0
5236,7875,,100.0,0,0,0,0,0.0,0
5237,7876,,150.0,0,0,0,0,0.0,0
5238,7877,,122.0,0,0,0,0,0.0,0
5239,7878,,150.0,0,0,0,0,0.0,0
5240,7879,,500000.0,0,1,1,0,0.0,0
5241,7881,,500000.0,0,1,1,0,0.0,0
5242,7882,,272.0,0,0,0,0,0.0,0
5243,7883,,4020.0,0,0,0,0,0.0,0
5244,7884,,50.0,0,1,0,0,0.0,0
5245,7885,,280.0,0,1,0,0,0.0,0
5246,7886,,750.0,0,0,0,0,0.0,0
5247,7887,,300.0,0,1,0,0,0.0,0
5248,7891,,418.0,0,0,0,0,0.0,0
5249,7892,,105.0,0,0,0,0,1.0,0
5250,7894,,100.0,0,0,0,0,0.0,0
5251,7896,,650.0,0,0,0,0,0.0,0
5252,7897,,400.0,0,0,0,0,0.0,0
5253,7898,,100.0,0,0,0,0,0.0,0
5254,7899,,500000.0,0,1,1,0,0.0,0
5255,7900,,150.0,0,1,0,0,0.0,0
5256,7901,,500000.0,0,0,1,0,0.0,0
5257,7902,,600.0,0,0,0,0,0.0,0
5258,7903,,100.0,0,0,0,0,0.0,0
5259,7905,,2000.0,0,0,0,0,0.0,0
5260,7906,,500000.0,0,1,1,0,0.0,0
5261,7907,,600.0,0,0,0,0,0.0,0
5262,7908,,50.0,0,0,0,0,0.0,0
5263,7909,,600.0,0,0,0,0,0.0,0
5264,7910,,500000.0,0,1,1,0,0.0,0
5265,7912,,50.0,0,0,0,0,0.0,0
5266,7914,,50.0,0,0,0,0,0.0,0
5267,7915,,590.0,0,0,0,0,0.0,0
5268,7917,,50.0,0,1,0,0,0.0,0
5269,7918,,50.0,0,0,0,0,0.0,0
5270,7920,,1250.0,0,0,0,0,0.0,0
5271,7921,,50.0,0,0,0,0,0.0,0
5272,7922,,200.0,0,0,0,0,0.0,0
5273,7923,,50.0,0,0,0,0,0.0,0
5274,7924,,50.0,0,0,0,0,0.0,0
5275,7925,,50.0,0,0,0,0,0.0,0
5276,7926,,750.0,0,0,0,0,0.0,0
5277,7927,,150.0,0,1,0,0,0.0,0
5278,7930,,120.0,0,1,0,0,0.0,0
5279,7931,,2200.0,0,0,0,0,0.0,0
5280,7932,,150.0,0,0,0,0,0.0,0
5281,7933,,500000.0,0,0,1,0,0.0,0
5282,7936,,600.0,0,0,0,0,0.0,0
5283,7937,,1800.0,0,0,0,0,0.0,0
5284,7938,,722.0,0,0,0,0,0.0,0
5285,7940,,48.0,0,1,0,0,0.0,0
5286,7942,,50.0,0,0,0,0,0.0,0
5287,7943,,600.0,0,0,0,0,0.0,0
5288,7944,,500000.0,0,1,1,0,0.0,0
5289,7945,,150.0,0,1,0,0,0.0,0
5290,7946,,600.0,0,0,0,0,0.0,0
5291,7947,,150.0,0,0,0,0,0.0,0
5292,7948,,1300.0,0,0,0,0,0.0,0
5293,7949,,420.0,0,1,0,0,0.0,0
5294,7950,,600.0,0,0,0,0,0.0,0
5295,7951,,2500.0,0,0,0,0,0.0,0
5296,7952,,500300.0,0,1,0,0,0.0,0
5297,7954,,150.0,0,1,0,0,0.0,0
5298,7957,,50.0,0,0,0,0,0.0,0
5299,7958,,150.0,0,0,0,0,0.0,0
5300,7959,,100.0,0,1,0,0,0.0,0
5301,7960,,2610.0,0,0,0,0,0.0,0
5302,7961,,2450.0,0,0,0,0,0.0,0
5303,7963,,300.0,0,1,0,0,0.0,0
5304,7964,,3110.0,0,0,0,0,0.0,0
5305,7965,,200.0,0,1,0,0,0.0,0
5306,7966,,500000.0,0,1,1,0,0.0,0
5307,7969,,50.0,0,1,0,0,0.0,0
5308,7971,,500000.0,0,1,1,0,0.0,0
5309,7972,,499999.0,0,1,1,0,0.0,0
5310,7973,,500000.0,0,0,1,0,0.0,0
5311,7976,,60.0,0,1,0,0,0.0,0
5312,7977,,2500.0,0,0,0,0,0.0,0
5313,7979,,205.0,0,1,0,0,0.0,0
5314,7980,,1900.0,0,0,0,0,0.0,0
5315,7982,,500000.0,0,0,1,0,0.0,0
5316,7987,,500000.0,0,0,1,0,0.0,0
5317,7988,,950.0,0,0,0,0,0.0,0
5318,7989,,4830.01,0,0,0,0,0.0,0
5319,7990,,146.0,0,0,0,0,0.0,0
5320,7993,,500000.0,0,0,1,0,0.0,0
5321,7994,,500000.0,0,0,1,0,0.0,0
5322,7995,,500000.0,0,0,1,0,0.0,0
5323,7996,,200748.0,0,0,0,0,0.0,0
5324,7998,,500000.0,0,1,1,0,0.0,0
5325,7999,,1500.0,0,0,0,0,0.0,0
5326,8002,,147.0,0,1,0,0,0.0,0
5327,8003,,600.0,0,0,0,0,0.0,0
5328,8004,,147.0,0,1,0,0,0.0,0
5329,8005,,147.0,0,1,0,0,0.0,0
5330,8006,,150.0,0,1,0,0,0.0,0
5331,8007,,50.0,0,0,0,0,0.0,0
5332,8008,,50.0,0,1,0,0,0.0,0
5333,8009,,150.0,0,0,0,0,0.0,0
5334,8010,,150.0,0,1,0,0,0.0,0
5335,8011,,50.0,0,1,0,0,0.0,0
5336,8012,,150.0,0,1,0,0,0.0,0
5337,8013,,50.0,0,1,0,0,0.0,0
5338,8014,,50.0,0,1,0,0,0.0,0
5339,8016,,600.0,0,0,0,0,0.0,0
5340,8017,,600.0,0,0,0,0,0.0,0
5341,8018,,600.0,0,0,0,0,0.0,0
5342,8019,,149.0,0,1,0,0,0.0,0
5343,8024,,1800.0,0,0,0,0,0.0,0
5344,8025,,50.0,0,1,0,0,0.0,0
5345,8026,,1800.0,0,0,0,0,0.0,0
5346,8028,,500000.0,0,0,1,0,0.0,0
5347,8029,,600.0,0,0,0,0,0.0,0
5348,8030,,600.0,0,0,0,0,0.0,0
5349,8031,,1800.0,0,0,0,0,0.0,0
5350,8032,,50.0,0,1,0,0,0.0,0
5351,8033,,1800.0,0,0,0,0,0.0,0
5352,8035,,1800.0,0,0,0,0,0.0,0
5353,8036,,50.0,0,1,0,0,0.0,0
5354,8038,,150.0,0,1,0,0,0.0,0
5355,8039,,600.0,0,0,0,0,0.0,0
5356,8040,,600.0,0,0,0,0,0.0,0
5357,8041,,3800.0,0,0,0,0,0.0,0
5358,8042,,3600.0,0,0,0,0,0.0,0
5359,8043,,499999.0,0,0,1,0,0.0,0
5360,8044,,600.0,0,0,0,0,0.0,0
5361,8045,,50.0,0,0,0,0,0.0,0
5362,8046,,600.0,0,0,0,0,0.0,0
5363,8047,,1200.0,0,0,0,0,0.0,0
5364,8048,,50.0,0,1,0,0,0.0,0
5365,8049,,499986.0,0,1,1,0,0.0,0
5366,8050,,500000.0,0,0,1,0,0.0,0
5367,8051,,1800.0,0,0,0,0,0.0,0
5368,8052,,599.0,0,0,0,0,0.0,0
5369,8053,,500000.0,0,0,1,0,0.0,0
5370,8054,,500000.0,0,0,1,0,0.0,0
5371,8055,,600.0,0,0,0,0,0.0,0
5372,8056,,150.0,0,0,0,0,0.0,0
5373,8058,,49.0,0,1,0,0,0.0,0
5374,8059,,600.0,0,0,0,0,0.0,0
5375,8060,,600.0,0,0,0,0,0.0,0
5376,8061,,599.0,0,0,0,0,0.0,0
5377,8062,,3600.0,0,0,0,0,0.0,0
5378,8063,,1800.0,0,0,0,0,0.0,0
5379,8064,,3600.0,0,0,0,0,0.0,0
5380,8065,,150.0,0,1,0,0,0.0,0
5381,8066,,3600.0,0,0,0,0,0.0,0
5382,8067,,144.0,0,1,0,0,0.0,0
5383,8068,,1200.0,0,0,0,0,0.0,0
5384,8069,,3600.0,0,0,0,0,0.0,0
5385,8071,,100.0,0,1,0,0,0.0,0
5386,8072,,150.0,0,1,0,0,0.0,0
5387,8073,,600.0,0,0,0,0,0.0,0
5388,8074,,3600.0,0,0,0,0,0.0,0
5389,8075,,300.0,0,1,0,0,0.0,0
5390,8076,,600.0,0,0,0,0,0.0,0
5391,8077,,200.0,0,0,0,0,0.0,0
5392,8079,,600.0,0,0,0,0,0.0,0
5393,8080,,50.0,0,1,0,0,0.0,0
5394,8081,,150.0,0,1,0,0,0.0,0
5395,8083,,100.0,0,1,0,0,0.0,0
5396,8085,,50.0,0,0,0,0,0.0,0
5397,8086,,500000.0,0,1,1,0,0.0,0
5398,8087,,850.0,0,0,0,0,0.0,0
5399,8089,,1800.0,0,0,0,0,0.0,0
5400,8090,,3600.0,0,0,0,0,0.0,0
5401,8092,,500000.0,0,1,1,0,0.0,0
5402,8093,,50.0,0,1,0,0,0.0,0
5403,8094,,50.0,0,1,0,0,0.0,0
5404,8095,,50.0,0,0,0,0,0.0,0
5405,8096,,500000.0,0,1,1,0,0.0,0
5406,8097,,50.0,0,1,0,0,0.0,0
5407,8098,,50.0,0,1,0,0,0.0,0
5408,8101,,50.0,0,1,0,0,0.0,0
5409,8102,,150.0,0,1,0,0,0.0,0
5410,8103,,150.0,0,1,0,0,0.0,0
5411,8104,,1950.0,0,0,0,0,0.0,0
5412,8105,,400.0,0,1,0,0,0.0,0
5413,8106,,170.0,0,1,0,0,0.0,0
5414,8107,,250.0,0,1,0,0,0.0,0
5415,8108,,50.0,0,1,0,0,0.0,0
5416,8109,,50.0,0,1,0,0,0.0,0
5417,8110,,50.0,0,1,0,0,0.0,0
5418,8111,,50.0,0,1,0,0,0.0,0
5419,8112,,50.0,0,0,0,0,0.0,0
5420,8113,,150.0,0,0,0,0,0.0,0
5421,8114,,150.0,0,1,0,0,0.0,0
5422,8115,,100.0,0,1,0,0,0.0,0
5423,8116,,150.0,0,1,0,0,0.0,0
5424,8117,,500000.0,0,1,1,0,0.0,0
5425,8118,,150.0,0,1,0,0,0.0,0
5426,8119,,200.0,0,1,0,0,0.0,0
5427,8120,,1305.0,0,1,0,0,0.0,0
5428,8121,,250.0,0,1,0,0,0.0,0
5429,8123,,143.0,0,0,0,0,0.0,0
5430,8124,,107.0,0,1,0,0,0.0,0
5431,8128,,500.0,0,0,0,0,0.0,0
5432,8129,,50.0,0,1,0,0,0.0,0
5433,8130,,50.0,0,1,0,0,0.0,0
5434,8131,,5600.0,0,0,0,0,0.0,0
5435,8132,,500000.0,0,1,1,0,0.0,0
5436,8133,,50.0,0,0,0,0,0.0,0
5437,8134,,1800.0,0,0,0,0,0.0,0
5438,8135,,3600.0,0,0,0,0,0.0,0
5439,8136,,149.0,0,1,0,0,0.0,0
5440,8137,,4104.0,0,0,0,0,0.0,0
5441,8139,,500000.0,0,1,1,0,0.0,0
5442,8140,,500000.0,0,0,1,0,0.0,0
5443,8141,,4214.0,0,0,0,0,0.0,0
5444,8142,,4100.0,0,0,0,0,0.0,0
5445,8144,,500000.0,0,0,1,0,0.0,0
5446,8145,,150.0,0,0,0,0,0.0,0
5447,8146,,500000.0,0,0,1,0,0.0,0
5448,8148,,3600.0,0,0,0,0,0.0,0
5449,8150,,20.0,0,0,0,0,1.0,0
5450,8151,,10.0,0,0,0,0,1.0,0
5451,8152,,1255.0,0,0,0,0,0.0,0
5452,8163,,650.0,0,0,0,0,0.0,0
5453,8177,,650.0,0,1,0,0,0.0,0
5454,8178,,49.0,0,1,0,0,0.0,0
5455,8179,,500000.0,0,1,1,0,0.0,0
5456,8180,,310.0,0,0,0,0,0.0,0
5457,8181,,600.0,0,0,0,0,0.0,0
5458,8182,,50.0,0,0,0,0,0.0,0
5459,8193,,110.0,0,0,0,0,0.0,0
5460,8194,,500000.0,0,0,1,0,0.0,0
5461,8197,,15632.0,0,0,0,0,0.0,0
5462,8199,,4600.0,0,0,0,0,0.0,0
5463,8200,,150.0,0,0,0,0,0.0,0
5464,8201,,499999.0,0,0,1,0,0.0,0
5465,8207,,50.0,0,0,0,0,0.0,0
5466,8208,,250.0,0,0,0,0,0.0,0
5467,8209,,105.0,0,0,0,0,0.0,0
5468,8211,,50.0,0,0,0,0,0.0,0
5469,8212,,1950.0,0,0,0,0,0.0,0
5470,8213,,50.0,0,0,0,0,0.0,0
5471,8214,,119.0,0,1,0,0,0.0,0
5472,8217,,499998.0,0,1,1,0,0.0,0
5473,8218,,740.0,0,0,0,0,0.0,0
5474,8219,,146.0,0,0,0,0,0.0,0
5475,8222,,50.0,0,1,0,0,0.0,0
5476,8223,,50.0,0,1,0,0,0.0,0
5477,8224,,392.0,0,0,0,0,0.0,0
5478,8226,,45.0,0,0,0,0,0.0,0
5479,8227,,1940.0,0,0,0,0,0.0,0
5480,8228,,499985.0,0,0,1,0,0.0,0
5481,8229,,5.0,0,0,0,0,1.0,0
5482,8230,,50.0,0,0,0,0,0.0,0
5483,8231,,1600.0,0,0,0,0,0.0,0
5484,8233,,412.0,0,1,0,0,0.0,0
5485,8234,,846.0,0,1,0,0,0.0,0
5486,8236,,50.0,0,0,0,0,0.0,0
5487,8240,,120.0,0,1,0,0,0.0,0
5488,8244,,120.0,0,1,0,0,0.0,0
5489,8245,,190.0,0,1,0,0,0.0,0
5490,8246,,605.0,0,1,0,0,0.0,0
5491,8247,,20050.0,0,0,0,0,0.0,0
5492,8249,,310.0,0,1,0,0,0.0,0
5493,8251,,41.0,0,1,0,0,0.0,0
5494,8267,,50.0,0,0,0,0,0.0,0
5495,8269,,60.0,0,1,0,0,0.0,0
5496,8270,,48.0,0,0,0,0,0.0,0
5497,8271,,500000.0,0,1,1,0,0.0,0
5498,8272,,40.0,0,0,0,0,0.0,0
5499,8274,,57.0,0,1,0,0,0.0,0
5500,8275,,1499.0,0,1,0,0,0.0,0
5501,8276,,40.0,0,0,0,0,0.0,0
5502,8278,,1942.0,0,0,0,0,0.0,0
5503,8279,,1498.0,0,1,0,0,0.0,0
5504,8281,,6.0,0,1,0,0,0.0,0
5505,8283,,2492.0,0,1,0,0,0.0,0
5506,8285,,1858.0,0,0,0,0,0.0,0
5507,8287,,150.0,0,0,0,0,0.0,0
5508,8299,,50.0,0,1,0,0,0.0,0
5509,8300,,86.0,0,1,0,0,0.0,0
5510,8301,,50.0,0,0,0,0,0.0,0
5511,8302,,50.0,0,0,0,0,0.0,0
5512,8303,,142.0,0,1,0,0,0.0,0
5513,8304,,48.0,0,0,0,0,0.0,0
5514,8305,,2343.0,0,1,0,0,0.0,0
5515,8306,,50.0,0,1,0,0,0.0,0
5516,8307,,50.0,0,0,0,0,0.0,0
5517,8308,,200.0,0,1,0,0,0.0,0
5518,8311,,50.0,0,1,0,0,0.0,0
5519,8314,,500000.0,0,0,1,0,0.0,0
5520,8316,,50.0,0,1,0,0,0.0,0
5521,8317,,50.0,0,0,0,0,0.0,0
5522,8318,,650.0,0,0,0,0,0.0,0
5523,8319,,50.0,0,1,0,0,0.0,0
5524,8320,,2449.0,0,1,0,0,0.0,0
5525,8322,,200.0,0,1,0,0,0.0,0
5526,8323,,50.0,0,0,0,0,0.0,0
5527,8339,,1800.0,0,0,0,0,0.0,0
5528,8351,,3600.0,0,0,0,0,0.0,0
5529,8363,,42.0,0,0,0,0,0.0,0
5530,8375,,1800.0,0,0,0,0,0.0,0
5531,8387,,50.0,0,1,0,0,0.0,0
5532,8388,,500000.0,0,1,1,0,0.0,0
5533,8389,,1800.0,0,0,0,0,0.0,0
5534,8390,,300.0,0,1,0,0,0.0,0
5535,8396,,1800.0,0,0,0,0,0.0,0
5536,8412,,450.0,0,1,0,0,0.0,0
5537,8426,,500000.0,0,1,1,0,0.0,0
5538,8427,,500000.0,0,1,1,0,0.0,0
5539,8428,,50.0,0,1,0,0,0.0,0
5540,8429,,500000.0,0,1,1,0,0.0,0
5541,8430,,50.0,0,1,0,0,0.0,0
5542,8431,,500000.0,0,1,1,0,0.0,0
5543,8432,,500000.0,0,1,1,0,0.0,0
5544,8433,,500.0,0,0,0,0,0.0,0
5545,8434,,50.0,0,0,0,0,0.0,0
5546,8435,,500000.0,0,1,1,0,0.0,0
5547,8436,,500000.0,0,0,1,0,0.0,0
5548,8437,,12.0,0,1,0,0,0.0,0
5549,8438,,46.0,0,1,0,0,0.0,0
5550,8439,,49.0,0,1,0,0,0.0,0
5551,8440,,50.0,0,1,0,0,0.0,0
5552,8441,,500000.0,0,1,1,0,0.0,0
5553,8442,,0.0,0,1,0,0,0.0,0
5554,8443,,500000.0,0,1,1,0,0.0,0
5555,8444,,50.0,0,0,0,0,0.0,0
5556,8445,,50.0,0,1,0,0,0.0,0
5557,8446,,150.0,0,1,0,0,0.0,0
5558,8448,,50.0,0,0,0,0,0.0,0
5559,8450,,50.0,0,0,0,0,0.0,0
5560,8451,,500000.0,0,1,1,0,0.0,0
5561,8453,,150.0,0,0,0,0,0.0,0
5562,8458,,150.0,0,0,0,0,0.0,0
5563,8460,,106.0,0,1,0,0,0.0,0
5564,8461,,62.0,0,1,0,0,0.0,0
5565,8462,,750.0,0,0,0,0,0.0,0
5566,8463,,50.0,0,1,0,0,0.0,0
5567,8464,,499963.0,0,0,1,0,0.0,0
5568,8465,,150.0,0,0,0,0,0.0,0
5569,8467,,49.0,0,0,0,0,0.0,0
5570,8468,,500000.0,0,0,1,0,0.0,0
5571,8469,,50.0,0,1,0,0,0.0,0
5572,8474,,49.0,0,1,0,0,0.0,0
5573,8477,,50.0,0,0,0,0,0.0,0
5574,8479,,500000.0,0,0,1,0,0.0,0
5575,8480,,147.0,0,0,0,0,0.0,0
5576,8481,,500000.0,0,1,1,0,0.0,0
5577,8482,,26.0,0,0,0,0,0.0,0
5578,8483,,1800.0,0,0,0,0,0.0,0
5579,8484,,122.0,0,1,0,0,0.0,0
5580,8486,,50.0,0,0,0,0,0.0,0
5581,8487,,50.0,0,0,0,0,0.0,0
5582,8488,,456.0,0,1,0,0,0.0,0
5583,8489,,100.0,0,0,0,0,0.0,0
5584,8490,,1800.0,0,0,0,0,0.0,0
5585,8491,,470.0,0,0,0,0,0.0,0
5586,8492,,3600.0,0,0,0,0,0.0,0
5587,8493,,500000.0,0,1,1,0,0.0,0
5588,8494,,500000.0,0,1,1,0,0.0,0
5589,8495,,500000.0,0,1,1,0,0.0,0
5590,8496,,500000.0,0,1,1,0,0.0,0
5591,8497,,175.0,0,1,0,0,0.0,0
5592,8498,,126.0,0,1,0,0,0.0,0
5593,8499,,500000.0,0,0,1,0,0.0,0
5594,8500,,33870.0,0,0,0,0,0.0,0
5595,8501,,50.0,0,0,0,0,0.0,0
5596,8502,,132.0,0,1,0,0,0.0,0
5597,8503,,50.0,0,0,0,0,0.0,0
5598,8504,,50.0,0,0,0,0,0.0,0
5599,8505,,50.0,0,0,0,0,0.0,0
5600,8506,,49.0,0,1,0,0,0.0,0
5601,8507,,50.0,0,0,0,0,0.0,0
5602,8508,,50.0,0,0,0,0,0.0,0
5603,8509,,49.0,0,1,0,0,0.0,0
5604,8510,,500000.0,0,0,1,0,0.0,0
5605,8511,,5.0,0,0,0,0,1.0,0
5606,8512,,500000.0,0,0,1,0,0.0,0
5607,8513,,23.0,0,0,0,0,0.0,0
5608,8514,,13.0,0,0,0,0,0.0,0
5609,8515,,48.0,0,0,0,0,0.0,0
5610,8516,,10.0,0,0,0,0,1.0,0
5611,8517,,148.0,0,1,0,0,0.0,0
5612,8518,,500000.0,0,1,1,0,0.0,0
5613,8519,,500000.0,0,0,1,0,0.0,0
5614,8520,,500000.0,0,0,1,0,0.0,0
5615,8521,,106.0,0,1,0,0,0.0,0
5616,8522,,499984.0,0,0,1,0,0.0,0
5617,8523,,500000.0,0,1,1,0,0.0,0
5618,8524,,500000.0,0,0,1,0,0.0,0
5619,8525,,500000.0,0,1,1,0,0.0,0
5620,8526,,500000.0,0,0,1,0,0.0,0
5621,8527,,500000.0,0,0,1,0,0.0,0
5622,8528,,500000.0,0,0,1,0,0.0,0
5623,8530,,500000.0,0,0,1,0,0.0,0
5624,8531,,500000.0,0,0,1,0,0.0,0
5625,8532,,500000.0,0,0,1,0,0.0,0
5626,8533,,150.0,0,0,0,0,0.0,0
5627,8534,,150.0,0,0,0,0,0.0,0
5628,8535,,150.0,0,0,0,0,0.0,0
5629,8536,,250.0,0,0,0,0,0.0,0
5630,8538,,50.0,0,0,0,0,0.0,0
5631,8539,,500000.0,0,0,1,0,0.0,0
5632,8540,,500000.0,0,0,1,0,0.0,0
5633,8541,,150.0,0,0,0,0,0.0,0
5634,8542,,50.0,0,0,0,0,0.0,0
5635,8543,,150.0,0,0,0,0,0.0,0
5636,8544,,150.0,0,1,0,0,0.0,0
5637,8545,,50.0,0,0,0,0,0.0,0
5638,8546,,500000.0,0,0,1,0,0.0,0
5639,8549,,50.0,0,0,0,0,0.0,0
5640,8550,,150.0,0,0,0,0,0.0,0
5641,8551,,50.0,0,0,0,0,0.0,0
5642,8552,,50.0,0,0,0,0,0.0,0
5643,8553,,1851.0,0,0,0,0,0.0,0
5644,8554,,500000.0,0,0,1,0,0.0,0
5645,8555,,150.0,0,0,0,0,0.0,0
5646,8556,,100.0,0,0,0,0,0.0,0
5647,8557,,137.0,0,1,0,0,0.0,0
5648,8559,,2.0,0,0,0,0,0.0,0
5649,8560,,40.0,0,0,0,0,0.0,0
5650,8561,,50.0,0,0,0,0,0.0,0
5651,8562,,50.0,0,0,0,0,0.0,0
5652,8564,,500000.0,0,1,1,0,0.0,0
5653,8565,,14996.0,0,0,0,0,0.0,0
5654,8566,,500000.0,0,0,1,0,0.0,0
5655,8574,,500000.0,0,1,1,0,0.0,0
5657,8595,,500000.0,0,0,1,0,0.0,0
5659,8597,,49853.0,0,0,0,0,0.0,0
5661,8599,,150.0,0,0,0,0,0.0,0
5663,8621,,500000.0,0,0,1,0,0.0,0
5665,8623,,500000.0,0,0,1,0,0.0,0
5667,8625,,500000.0,0,0,1,0,0.0,0
5669,8687,,499991.0,0,1,1,0,0.0,0
5671,8701,,500000.0,0,0,1,0,0.0,0
5673,8703,,500000.0,0,0,1,0,0.0,0
5675,8713,,500000.0,0,1,1,0,0.0,0
5677,8715,,500000.0,0,0,1,0,0.0,0
5679,8721,,500000.0,0,0,1,0,0.0,0
5681,8723,,350.0,0,1,0,0,0.0,0
5683,8729,,500000.0,0,0,1,0,0.0,0
5685,8731,,2500.0,0,0,0,0,0.0,0
5687,8853,,5000.0,0,0,0,0,0.0,0
5689,8857,,50.0,0,0,0,0,0.0,0
5690,8858,,500000.0,0,0,1,0,0.0,0
5691,8859,,500000.0,0,0,1,0,0.0,0
5692,8860,,150.0,0,0,0,0,0.0,0
5693,8861,,150.0,0,0,0,0,1.0,0
5694,8862,,500000.0,0,0,1,0,0.0,0
5695,8863,,500000.0,0,0,1,0,0.0,0
5696,8864,,50.0,0,0,0,0,0.0,0
5697,8865,,50.0,0,0,0,0,0.0,0
5699,8869,,52288.0,0,0,0,0,0.0,0
5701,8871,,150.0,0,0,0,0,0.0,0
5703,8873,,2601.0,0,0,0,0,0.0,0
5705,8877,,145.0,0,0,0,0,0.0,0
5707,8879,,50.0,0,0,0,0,0.0,0
5709,8881,,10000.0,0,0,0,0,0.0,0
5711,8885,,50.0,0,0,0,0,0.0,0
5713,8891,,9986.0,0,0,0,0,0.0,0
5715,8893,,397.0,0,0,0,0,0.0,0
5717,8897,,4473.0,0,0,0,0,0.0,0
5719,8899,,500000.0,0,0,1,0,0.0,0
5721,8905,,500000.0,0,0,1,0,0.0,0
5723,8923,,500000.0,0,1,1,0,0.0,0
5725,8925,,500000.0,0,0,1,0,0.0,0
5727,8927,,500000.0,0,0,1,0,0.0,0
5729,8929,,500000.0,0,0,1,0,0.0,0
5731,8931,,500000.0,0,0,1,0,0.0,0
5733,8933,,500000.0,0,0,1,0,0.0,0
5735,8943,,500.0,0,0,0,0,0.0,0
5737,8945,,500000.0,0,0,1,0,0.0,0
5739,8947,,5500.0,0,0,0,0,0.0,0
5741,8957,,500000.0,0,0,1,0,0.0,0
5743,8963,,50.0,0,0,0,0,0.0,0
5745,8967,,500000.0,0,0,1,0,0.0,0
5747,8969,,150.0,0,0,0,0,0.0,0
5749,8971,,150.0,0,0,0,0,0.0,0
5751,8977,,150.0,0,0,0,0,0.0,0
5753,8979,,50.0,0,0,0,0,0.0,0
5755,8981,,50.0,0,0,0,0,0.0,0
5757,8987,,500000.0,0,0,1,0,0.0,0
5759,8991,,500000.0,0,0,1,0,0.0,0
5761,8993,,150.0,0,0,0,0,0.0,0
5763,8995,,150.0,0,0,0,0,0.0,0
5765,9001,,150.0,0,0,0,0,0.0,0
5767,9003,,150.0,0,0,0,0,0.0,0
5769,9005,,150.0,0,0,0,0,0.0,0
5771,9007,,150.0,0,0,0,0,0.0,0
5773,9009,,500000.0,0,0,1,0,0.0,0
5775,9011,,500000.0,0,0,1,0,0.0,0
5777,9013,,150.0,0,0,0,0,0.0,0
5779,9015,,150.0,0,0,0,0,1.0,0
5781,9017,,500000.0,0,0,1,0,0.0,0
5783,9019,,500000.0,0,0,1,0,0.0,0
5785,9021,,500000.0,0,0,1,0,0.0,0
5787,9023,,150.0,0,0,0,0,0.0,0
5789,9025,,500000.0,0,0,1,0,0.0,0
5791,9027,,150.0,0,0,0,0,0.0,0
5793,9031,,150.0,0,0,0,0,0.0,0
5795,9033,,50.0,0,0,0,0,0.0,0
5797,9035,,1496.0,0,0,0,0,0.0,0
5799,9037,,219.0,0,1,0,0,0.0,0
5801,9083,,150.0,0,1,0,0,0.0,0
5803,9085,,50.0,0,1,0,0,0.0,0
5805,9087,,150.0,0,1,0,0,0.0,0
5807,9089,,150.0,0,1,0,0,0.0,0
5809,9091,,150.0,0,1,0,0,0.0,0
5811,9093,,150.0,0,1,0,0,0.0,0
5813,9095,,150.0,0,0,0,0,0.0,0
5815,9099,,150.0,0,0,0,0,1.0,0
5817,9101,,150.0,0,0,0,0,1.0,0
5819,9103,,150.0,0,0,0,0,0.0,0
5821,9105,,150.0,0,0,0,0,0.0,0
5823,9107,,150.0,0,0,0,0,1.0,0
5825,9109,,150.0,0,0,0,0,1.0,0
5827,9115,,150.0,0,0,0,0,0.0,0
5829,9117,,150.0,0,0,0,0,0.0,0
5831,9119,,300.0,0,0,0,0,0.0,0
5833,9121,,150.0,0,0,0,0,0.0,0
5835,9123,,300.0,0,0,0,0,0.0,0
5837,9125,,150.0,0,0,0,0,0.0,0
5839,9127,,150.0,0,0,0,0,0.0,0
5841,9129,,150.0,0,0,0,0,0.0,0
5843,9131,,150.0,0,0,0,0,0.0,0
5845,9133,,150.0,0,0,0,0,0.0,0
5847,9135,,150.0,0,0,0,0,0.0,0
5849,9137,,150.0,0,0,0,0,0.0,0
5851,9139,,150.0,0,0,0,0,0.0,0
5853,9141,,150.0,0,0,0,0,0.0,0
5855,9143,,150.0,0,0,0,0,0.0,0
5857,9145,,150.0,0,0,0,0,0.0,0
5859,9147,,150.0,0,0,0,0,0.0,0
5861,9149,,150.0,0,0,0,0,0.0,0
5863,9151,,150.0,0,0,0,0,0.0,0
5865,9153,,150.0,0,0,0,0,0.0,0
5867,9155,,150.0,0,0,0,0,0.0,0
5869,9157,,150.0,0,0,0,0,0.0,0
5871,9159,,150.0,0,0,0,0,0.0,0
5873,9161,,150.0,0,0,0,0,0.0,0
5875,9163,,150.0,0,0,0,0,0.0,0
5877,9165,,150.0,0,0,0,0,0.0,0
5879,9167,,150.0,0,0,0,0,0.0,0
5881,9169,,150.0,0,0,0,0,0.0,0
5883,9171,,150.0,0,0,0,0,0.0,0
5885,9173,,150.0,0,0,0,0,0.0,0
5887,9175,,150.0,0,0,0,0,0.0,0
5889,9177,,150.0,0,0,0,0,0.0,0
5891,9179,,150.0,0,0,0,0,0.0,0
5893,9181,,150.0,0,0,0,0,0.0,0
5895,9183,,150.0,0,0,0,0,0.0,0
5897,9185,,300.0,0,0,0,0,0.0,0
5899,9187,,150.0,0,0,0,0,0.0,0
5901,9189,,150.0,0,0,0,0,0.0,0
5903,9191,,150.0,0,0,0,0,0.0,0
5905,9193,,150.0,0,0,0,0,0.0,0
5907,9195,,150.0,0,0,0,0,0.0,0
5909,9197,,150.0,0,0,0,0,0.0,0
5911,9199,,150.0,0,0,0,0,0.0,0
5913,9201,,150.0,0,0,0,0,0.0,0
5915,9203,,150.0,0,0,0,0,0.0,0
5917,9205,,150.0,0,0,0,0,0.0,0
5919,9207,,150.0,0,0,0,0,0.0,0
5921,9209,,150.0,0,0,0,0,0.0,0
5923,9211,,150.0,0,0,0,0,0.0,0
5925,9213,,50.0,0,0,0,0,0.0,0
5927,9215,,150.0,0,0,0,0,0.0,0
5929,9217,,150.0,0,0,0,0,0.0,0
5931,9219,,50.0,0,0,0,0,0.0,0
5933,9221,,150.0,0,0,0,0,0.0,0
5935,9223,,150.0,0,0,0,0,0.0,0
5937,9225,,150.0,0,0,0,0,0.0,0
5939,9229,,150.0,0,0,0,0,0.0,0
5941,9231,,150.0,0,0,0,0,0.0,0
5943,9233,,150.0,0,0,0,0,0.0,0
5945,9235,,150.0,0,0,0,0,0.0,0
5947,9237,,150.0,0,0,0,0,0.0,0
5949,9239,,150.0,0,0,0,0,0.0,0
5951,9241,,150.0,0,0,0,0,0.0,0
5953,9243,,150.0,0,0,0,0,0.0,0
5955,9245,,150.0,0,0,0,0,0.0,0
5957,9247,,150.0,0,0,0,0,0.0,0
5959,9251,,150.0,0,0,0,0,0.0,0
5961,9253,,150.0,0,0,0,0,0.0,0
5963,9257,,150.0,0,0,0,0,0.0,0
5965,9279,,150.0,0,0,0,0,0.0,0
5967,9283,,300.0,0,0,0,0,0.0,0
5969,9287,,50.0,0,0,0,0,0.0,0
5971,9289,,50.0,0,0,0,0,0.0,0
5973,9293,,500400.0,0,0,1,0,0.0,0
5975,9297,,500000.0,0,0,1,0,0.0,0
5977,9299,,0.0,0,0,0,0,0.0,0
5979,9311,,150.0,0,0,0,0,0.0,0
5981,9313,,0.0,0,0,0,0,0.0,0
5982,9315,,500000.0,0,0,1,0,0.0,0
5983,9317,,500000.0,0,0,1,0,0.0,0
5985,9319,,500000.0,0,0,1,0,0.0,1
5987,9365,,137.0,0,0,0,0,0.0,0
5989,9405,,500000.0,0,0,1,0,0.0,0
5991,9413,,15000.0,0,0,0,0,0.0,0
5993,9445,,150.0,0,0,0,0,0.0,0
