jobma_catcher_id,company_size,currency,is_premium,subscription_status,jobma_catcher_status,sub_users,wallet_amount,is_unlimited,plan_type,subscription_sum,subscription_count,invitations,pre_recorded_kit_counts,number_of_jobs_posted,pre_rec_interview_taken
2656,1-25,1,0,1,1,1.0,66666.0,1,0,15000.0,1,4.0,2.0,1.0,1.0
2935,26-100,1,0,2,1,0.0,60.0,0,1,53.1,1,0.0,0.0,0.0,0.0
2937,101-500,1,0,2,1,0.0,60.0,0,1,118.0,1,0.0,0.0,0.0,0.0
2938,26-100,1,0,1,1,0.0,50.0,0,1,15200.18,3,0.0,0.0,1.0,0.0
2939,26-100,1,0,2,1,0.0,60.0,0,1,11800.0,1,0.0,0.0,1.0,0.0
2940,26-100,1,0,2,1,0.0,60.0,0,1,11.8,1,0.0,0.0,1.0,0.0
2941,26-100,1,0,2,1,0.0,60.0,0,1,11800.0,1,0.0,0.0,1.0,0.0
2942,1-25,1,0,2,1,0.0,60.0,0,1,11.8,1,0.0,0.0,0.0,0.0
2943,1-25,1,0,2,1,0.0,60.0,0,1,11.8,1,0.0,0.0,1.0,0.0
2944,101-500,0,0,2,1,0.0,60.0,0,0,199.0,1,0.0,0.0,0.0,0.0
2945,26-100,1,0,2,1,0.0,60.0,0,1,118.0,1,0.0,0.0,0.0,0.0
2946,101-500,0,1,2,1,0.0,60.0,0,0,100.0,1,0.0,0.0,0.0,0.0
2947,500-1000,1,0,2,1,0.0,60.0,0,1,11.8,1,0.0,0.0,1.0,0.0
2948,1-25,1,0,2,1,0.0,60.0,0,1,118.0,1,0.0,0.0,0.0,0.0
2949,101-500,1,0,2,1,0.0,60.0,0,1,317.0,2,0.0,0.0,2.0,0.0
2950,101-500,0,1,2,1,0.0,60.0,0,0,100.0,1,0.0,0.0,0.0,0.0
2951,1-25,1,1,2,1,0.0,60.0,0,1,118.0,1,0.0,0.0,0.0,0.0
2952,1-25,1,1,2,1,0.0,60.0,0,1,1.0,1,0.0,0.0,0.0,0.0
2953,101-500,1,0,2,1,0.0,60.0,0,1,11.8,1,0.0,0.0,1.0,0.0
2954,26-100,1,0,2,1,0.0,60.0,0,1,11800.0,1,0.0,0.0,1.0,0.0
2955,1-25,1,0,2,1,0.0,60.0,0,1,23.6,1,0.0,0.0,0.0,0.0
2956,101-500,1,0,2,1,0.0,60.0,0,1,11800.0,1,0.0,0.0,1.0,0.0
2957,1-25,0,1,1,1,7.0,50.0,0,0,22046.0,25,481.0,8.0,36.0,40.0
2958,1-25,1,0,2,1,0.0,60.0,0,1,11.8,1,0.0,0.0,0.0,0.0
2959,26-100,1,1,2,1,0.0,60.0,0,1,317.0,2,0.0,0.0,0.0,0.0
2960,1-25,1,0,2,1,0.0,60.0,0,1,53.1,1,0.0,0.0,0.0,0.0
2961,1-25,1,0,2,1,0.0,60.0,0,1,53.1,1,0.0,0.0,0.0,0.0
2962,1-25,1,1,2,1,0.0,60.0,0,1,100.0,1,0.0,0.0,0.0,0.0
2963,1-25,0,1,2,1,0.0,60.0,0,0,100.0,1,0.0,0.0,0.0,0.0
2964,1-25,1,1,2,1,1.0,60.0,0,1,100.0,1,0.0,0.0,1.0,0.0
2966,26-100,0,1,2,1,0.0,60.0,0,0,100.0,1,0.0,0.0,1.0,0.0
2967,1-25,0,1,2,1,0.0,60.0,0,0,2000.0,1,0.0,0.0,1.0,0.0
2968,1-25,0,1,2,1,0.0,60.0,0,0,2000.0,1,0.0,0.0,1.0,0.0
2969,26-100,0,1,2,1,0.0,60.0,0,0,2000.0,1,0.0,0.0,1.0,0.0
2970,101-500,1,1,2,1,0.0,60.0,0,1,2000.0,1,0.0,0.0,1.0,0.0
2971,1-25,0,0,2,1,0.0,60.0,0,0,0.0,1,0.0,0.0,0.0,0.0
2972,1-25,0,0,2,1,0.0,60.0,0,0,0.0,1,0.0,0.0,0.0,0.0
2973,1-25,0,0,2,1,0.0,60.0,0,0,0.0,1,0.0,0.0,1.0,0.0
2974,101-500,1,1,2,1,0.0,60.0,0,1,100.0,1,0.0,0.0,1.0,0.0
2975,26-100,0,1,2,1,0.0,60.0,0,0,100.0,1,0.0,0.0,1.0,0.0
2976,26-100,1,1,2,1,0.0,60.0,0,1,100.0,1,0.0,0.0,1.0,0.0
2977,1-25,0,0,2,1,0.0,60.0,0,0,0.0,1,0.0,0.0,0.0,0.0
2978,1-25,0,0,2,1,0.0,60.0,0,0,0.0,1,0.0,0.0,0.0,0.0
2979,26-100,1,0,2,1,0.0,60.0,0,1,118.0,1,0.0,0.0,0.0,0.0
2980,1-25,0,0,2,1,0.0,60.0,0,0,0.0,1,0.0,0.0,0.0,0.0
2981,26-100,1,0,2,1,0.0,60.0,0,1,23.6,1,0.0,0.0,0.0,0.0
2982,1-25,1,0,2,1,0.0,60.0,0,1,118.0,1,0.0,0.0,0.0,0.0
2983,1-25,1,0,2,1,0.0,60.0,0,1,11800.0,1,0.0,0.0,0.0,0.0
2984,1-25,0,1,2,1,0.0,60.0,0,0,1.0,1,28.0,4.0,2.0,0.0
2985,1-25,1,0,2,1,0.0,60.0,0,1,23.6,1,0.0,0.0,0.0,0.0
2986,1-25,1,0,2,1,0.0,60.0,0,1,23.6,1,0.0,0.0,0.0,0.0
2987,1-25,1,0,2,1,0.0,60.0,0,1,23.6,1,0.0,0.0,0.0,0.0
2988,1-25,1,0,2,1,0.0,60.0,0,1,23.6,1,0.0,0.0,0.0,0.0
2989,1-25,1,0,2,1,0.0,60.0,0,1,23.6,1,0.0,0.0,0.0,0.0
2990,1-25,1,0,2,1,0.0,60.0,0,1,23.6,1,0.0,0.0,0.0,0.0
2991,26-100,0,1,2,1,0.0,60.0,0,0,10000.0,1,0.0,0.0,2.0,0.0
2992,26-100,1,1,2,1,0.0,60.0,0,1,10000.0,1,0.0,0.0,1.0,0.0
2993,26-100,0,1,2,1,0.0,60.0,0,0,10000.0,1,0.0,0.0,1.0,0.0
2994,1-25,0,0,2,1,0.0,60.0,0,0,0.0,1,0.0,0.0,0.0,0.0
2997,26-100,1,0,2,1,0.0,60.0,0,1,53.1,1,0.0,0.0,0.0,0.0
2998,101-500,1,0,2,1,0.0,60.0,0,1,23.6,1,0.0,0.0,0.0,0.0
2999,1-25,1,0,2,1,0.0,60.0,0,1,53.1,1,0.0,0.0,0.0,0.0
3000,101-500,1,0,2,1,0.0,60.0,0,1,11999.0,2,0.0,0.0,0.0,0.0
3001,1-25,1,0,2,1,0.0,60.0,0,1,23.6,1,0.0,0.0,0.0,0.0
3002,1-25,1,0,2,1,0.0,60.0,0,1,23.6,1,1.0,1.0,1.0,1.0
3003,26-100,1,0,2,1,0.0,60.0,0,1,11800.0,1,0.0,0.0,1.0,0.0
3004,26-100,1,0,2,1,0.0,60.0,0,1,53.1,1,0.0,0.0,1.0,0.0
3005,26-100,0,1,2,1,0.0,60.0,0,0,100.0,1,0.0,0.0,1.0,0.0
3006,1-25,0,0,2,1,0.0,60.0,0,0,0.0,1,0.0,0.0,1.0,0.0
3007,1-25,0,1,2,1,0.0,60.0,0,0,2.0,1,0.0,0.0,0.0,0.0
3009,1-25,0,1,2,1,0.0,60.0,0,0,100.0,1,0.0,0.0,2.0,0.0
3010,1-25,0,1,2,1,0.0,60.0,0,0,2.0,1,0.0,0.0,1.0,0.0
3011,1-25,1,0,2,1,0.0,60.0,0,1,53.1,1,0.0,0.0,0.0,0.0
3012,1-25,1,0,2,1,1.0,60.0,0,1,53.1,1,5.0,2.0,5.0,2.0
3013,500-1000,1,1,2,1,0.0,60.0,0,1,1180.0,1,0.0,0.0,0.0,0.0
3014,26-100,0,1,2,1,0.0,60.0,0,0,10.0,1,0.0,0.0,0.0,0.0
3015,101-500,1,1,2,1,0.0,60.0,0,1,1.18,1,0.0,0.0,0.0,0.0
3016,1-25,0,1,2,1,0.0,60.0,0,0,300.0,1,0.0,0.0,0.0,0.0
3017,26-100,1,1,2,1,0.0,60.0,0,1,300.0,1,0.0,0.0,0.0,0.0
3018,1-25,1,1,2,1,0.0,60.0,0,1,354.0,1,0.0,0.0,0.0,0.0
3020,1-25,1,0,2,1,0.0,60.0,0,1,23.6,1,0.0,0.0,0.0,0.0
3021,1-25,1,0,2,1,0.0,60.0,0,1,23.6,1,0.0,0.0,0.0,0.0
3022,1-25,0,0,2,1,0.0,60.0,0,0,0.0,1,0.0,0.0,0.0,0.0
3023,101-500,1,0,2,0,0.0,60.0,0,1,53.1,1,0.0,0.0,0.0,0.0
3024,1-25,1,0,2,1,0.0,60.0,0,1,23.6,1,0.0,0.0,0.0,0.0
3025,1-25,1,0,2,1,0.0,60.0,0,1,23.6,1,0.0,0.0,0.0,0.0
3026,1-25,1,0,2,1,0.0,60.0,0,1,23.6,1,0.0,0.0,0.0,0.0
3027,1-25,1,0,2,1,1.0,60.0,0,1,23.6,1,0.0,0.0,0.0,0.0
3029,1-25,1,0,2,1,0.0,60.0,0,1,197.88,4,0.0,0.0,0.0,0.0
3031,1-25,1,0,2,1,0.0,60.0,0,1,23.6,1,0.0,0.0,0.0,0.0
3032,1-25,1,0,2,1,0.0,60.0,0,1,23.6,1,0.0,0.0,0.0,0.0
3033,1-25,1,0,2,1,0.0,60.0,0,1,11.8,1,0.0,0.0,0.0,0.0
3034,101-500,1,0,2,1,0.0,60.0,0,1,11800.0,1,0.0,0.0,1.0,0.0
3035,26-100,0,1,2,1,0.0,60.0,0,0,1000.0,1,0.0,0.0,0.0,0.0
3036,26-100,0,1,2,1,0.0,60.0,0,0,100.0,1,0.0,0.0,0.0,0.0
3040,101-500,0,1,2,1,0.0,60.0,0,0,10.0,1,0.0,0.0,0.0,0.0
3043,1-25,0,1,2,1,2.0,60.0,0,0,0.0,1,0.0,0.0,0.0,0.0
3046,1-25,0,0,2,1,0.0,60.0,0,0,0.0,1,0.0,0.0,0.0,0.0
3047,1-25,0,0,2,1,1.0,60.0,0,0,0.0,1,0.0,0.0,0.0,0.0
3049,1-25,0,0,2,1,0.0,60.0,0,0,0.0,1,0.0,0.0,0.0,0.0
3050,1-25,1,0,2,1,1.0,60.0,0,0,0.0,1,0.0,0.0,0.0,0.0
3052,1-25,0,0,2,1,0.0,60.0,0,0,0.0,1,0.0,0.0,0.0,0.0
3053,26-100,0,0,2,1,0.0,60.0,0,0,199.0,1,0.0,0.0,0.0,0.0
3054,101-500,1,1,2,1,0.0,60.0,0,1,100000.0,1,0.0,0.0,0.0,0.0
3055,500-1000,1,1,2,1,0.0,60.0,0,1,1180.0,1,0.0,0.0,0.0,0.0
3056,26-100,0,1,2,1,0.0,60.0,1,0,1000.0,1,0.0,0.0,0.0,0.0
3057,101-500,1,1,2,1,0.0,60.0,0,1,100.0,1,0.0,0.0,1.0,0.0
3058,26-100,1,1,2,1,0.0,60.0,0,1,100.0,1,0.0,0.0,0.0,0.0
3059,26-100,0,0,2,1,0.0,60.0,0,0,199.0,1,0.0,0.0,0.0,0.0
3060,26-100,1,0,2,1,1.0,60.0,0,1,53.1,1,0.0,0.0,0.0,0.0
3062,1-25,0,0,2,1,1.0,60.0,0,0,0.0,1,0.0,0.0,0.0,0.0
3064,101-500,0,1,1,1,1.0,1860.0,0,0,1801.0,2,15.0,2.0,3.0,1.0
3065,500-1000,0,1,2,1,0.0,60.0,1,0,1.0,1,0.0,0.0,0.0,0.0
3066,500-1000,0,1,2,1,0.0,60.0,0,0,91.0,1,0.0,0.0,0.0,0.0
3067,500-1000,1,1,2,1,0.0,60.0,0,1,1.0,1,0.0,0.0,1.0,0.0
3068,1-25,0,1,2,1,0.0,60.0,0,0,1.0,1,0.0,0.0,0.0,0.0
3069,101-500,1,1,2,1,0.0,60.0,0,1,1.0,1,0.0,0.0,0.0,0.0
3070,26-100,1,1,2,1,0.0,60.0,0,1,1.18,1,1.0,1.0,1.0,0.0
3071,26-100,0,1,2,1,0.0,60.0,1,0,1000.0,1,0.0,0.0,0.0,0.0
3072,26-100,0,1,2,1,0.0,60.0,1,0,1000.0,1,0.0,0.0,0.0,0.0
3073,101-500,1,1,2,1,0.0,60.0,0,1,1000.0,1,0.0,0.0,0.0,0.0
3074,101-500,1,0,2,1,0.0,60.0,0,1,11.8,1,0.0,0.0,0.0,0.0
3075,101-500,0,1,2,1,0.0,60.0,1,0,1000.0,1,0.0,0.0,0.0,0.0
3076,26-100,0,1,2,1,1.0,60.0,1,0,10.0,1,4.0,2.0,2.0,1.0
3078,26-100,1,0,2,1,0.0,60.0,0,1,53.1,1,0.0,0.0,0.0,0.0
3079,1-25,0,1,2,1,0.0,60.0,1,0,100.0,1,0.0,0.0,0.0,0.0
3081,1-25,1,1,2,1,0.0,60.0,0,1,133.0,2,0.0,0.0,0.0,0.0
3082,1-25,0,0,2,1,0.0,60.0,0,0,0.0,1,0.0,0.0,0.0,0.0
3084,1-25,0,0,2,1,0.0,60.0,0,0,0.0,1,0.0,0.0,0.0,0.0
3087,1-25,0,0,2,1,0.0,60.0,0,0,0.0,1,0.0,0.0,0.0,0.0
3088,1-25,0,0,2,1,0.0,60.0,0,0,0.0,1,0.0,0.0,0.0,0.0
3089,1-25,1,1,2,1,2.0,60.0,0,1,1000.0,1,0.0,0.0,0.0,0.0
3091,101-500,0,1,2,1,0.0,60.0,0,0,3.0,1,0.0,0.0,1.0,0.0
3093,101-500,0,1,2,1,3.0,60.0,0,0,10.0,1,0.0,0.0,0.0,0.0
3098,101-500,0,0,2,1,1.0,60.0,0,0,199.0,1,0.0,0.0,0.0,0.0
3100,101-500,1,1,2,1,1.0,60.0,0,1,100.0,1,0.0,0.0,0.0,0.0
3102,1-25,0,1,2,1,1.0,60.0,1,0,100.0,1,0.0,0.0,0.0,0.0
3104,500-1000,1,1,2,1,0.0,60.0,0,1,1000.0,1,0.0,0.0,0.0,0.0
3105,500-1000,0,1,2,1,1.0,60.0,1,0,1000.0,1,0.0,0.0,0.0,0.0
3107,101-500,1,1,2,1,0.0,60.0,0,1,100.0,1,0.0,0.0,0.0,0.0
3109,26-100,0,1,2,1,1.0,60.0,1,0,200.0,2,0.0,0.0,0.0,0.0
3111,1-25,0,1,2,1,1.0,60.0,0,0,0.0,1,0.0,0.0,0.0,0.0
3113,101-500,1,1,2,1,2.0,60.0,0,1,1180.0,1,0.0,0.0,0.0,0.0
3116,101-500,0,1,2,1,1.0,60.0,1,0,1000.0,1,0.0,0.0,0.0,0.0
3118,26-100,1,0,2,1,0.0,60.0,0,1,53.1,1,0.0,1.0,1.0,0.0
3119,26-100,1,0,2,1,1.0,60.0,0,1,1.18,1,0.0,0.0,0.0,0.0
3121,26-100,1,1,2,1,3.0,60.0,0,1,1180.0,1,0.0,0.0,0.0,0.0
3125,101-500,0,1,2,1,5.0,60.0,0,0,1000.0,1,0.0,0.0,0.0,0.0
3131,26-100,0,1,2,1,7.0,60.0,1,0,1.0,1,0.0,0.0,0.0,0.0
3139,500-1000,1,1,2,1,2.0,60.0,0,1,1379.0,2,0.0,0.0,0.0,0.0
3143,1-25,0,0,2,1,1.0,60.0,0,0,0.0,1,0.0,0.0,0.0,0.0
3145,26-100,1,1,2,1,1.0,60.0,0,1,11.8,1,0.0,0.0,0.0,0.0
3147,1-25,0,1,2,1,1.0,60.0,0,0,199.0,1,0.0,0.0,0.0,0.0
3150,26-100,1,0,2,1,0.0,60.0,0,0,118.0,2,0.0,0.0,0.0,0.0
3152,101-500,0,0,2,1,1.0,60.0,0,0,199.0,1,0.0,0.0,0.0,0.0
3153,26-100,0,1,2,1,0.0,60.0,0,0,45.0,1,0.0,0.0,0.0,0.0
3155,1-25,0,1,2,1,0.0,60.0,1,0,45.0,1,2.0,1.0,1.0,1.0
3156,26-100,0,1,2,1,0.0,60.0,1,0,1.0,1,4.0,1.0,1.0,1.0
3157,101-500,1,1,2,1,0.0,60.0,0,1,1.0,1,0.0,0.0,1.0,0.0
3158,500-1000,0,1,2,1,0.0,60.0,0,0,123.0,1,2.0,1.0,1.0,1.0
3159,26-100,1,0,2,1,0.0,60.0,0,1,11.8,1,1.0,1.0,1.0,1.0
3160,1-25,1,1,2,1,0.0,60.0,0,1,12.0,1,1.0,1.0,1.0,1.0
3161,1-25,1,1,2,1,0.0,60.0,0,1,14.16,1,1.0,1.0,1.0,1.0
3163,1-25,0,1,2,1,0.0,60.0,0,0,231.0,3,0.0,0.0,0.0,0.0
3164,500-1000,0,1,2,1,1.0,60.0,0,0,12.0,1,0.0,0.0,0.0,0.0
3166,26-100,1,1,2,1,0.0,60.0,0,1,12.0,1,0.0,0.0,0.0,0.0
3168,1-25,1,0,2,1,0.0,60.0,0,1,11.8,1,0.0,0.0,0.0,0.0
3169,101-500,1,0,2,1,0.0,60.0,0,1,53.1,1,0.0,0.0,0.0,0.0
3173,1-25,0,1,2,1,0.0,60.0,0,0,147.0,2,0.0,0.0,0.0,0.0
3174,26-100,1,0,2,1,1.0,60.0,0,1,11800.0,1,0.0,1.0,0.0,0.0
3176,1-25,1,0,2,1,1.0,60.0,0,1,53.1,1,1.0,0.0,0.0,1.0
3178,1-25,1,0,2,1,0.0,60.0,0,1,11.8,1,0.0,0.0,0.0,0.0
3179,1-25,0,0,2,1,1.0,60.0,0,0,209.0,2,0.0,0.0,0.0,0.0
3181,1-25,0,1,2,1,0.0,60.0,0,0,100.0,1,0.0,0.0,0.0,0.0
3183,26-100,1,1,2,1,0.0,60.0,0,1,118.0,1,0.0,0.0,0.0,0.0
3184,1-25,1,1,2,1,0.0,60.0,0,1,5000.0,1,0.0,0.0,0.0,0.0
3185,1-25,1,1,2,1,0.0,60.0,1,1,5000.0,1,0.0,0.0,0.0,0.0
3186,1-25,0,1,2,1,1.0,60.0,1,0,500.0,1,0.0,0.0,0.0,0.0
3187,1-25,0,1,2,1,0.0,60.0,1,0,5000.0,1,0.0,0.0,0.0,0.0
3188,1-25,1,1,2,1,0.0,60.0,1,1,5000.0,1,0.0,0.0,0.0,0.0
3189,26-100,1,1,2,1,0.0,60.0,1,1,5900.0,1,0.0,0.0,0.0,0.0
3194,26-100,0,1,2,1,1.0,60.0,1,0,109.0,1,0.0,0.0,0.0,0.0
3196,1-25,0,1,2,1,0.0,60.0,0,0,100.0,1,0.0,0.0,0.0,0.0
3197,26-100,0,1,2,1,0.0,60.0,1,0,100.0,1,0.0,0.0,0.0,0.0
3198,101-500,1,1,2,1,2.0,60.0,1,1,100.0,1,0.0,0.0,0.0,0.0
3199,26-100,1,1,2,1,0.0,60.0,1,1,109.0,1,0.0,0.0,0.0,0.0
3203,1-25,1,1,2,1,0.0,60.0,1,1,22.0,1,0.0,0.0,0.0,0.0
3205,26-100,1,1,2,1,0.0,60.0,1,1,141.6,1,0.0,0.0,0.0,0.0
3206,1-25,0,1,2,1,2.0,60.0,1,0,125.0,1,18.0,3.0,3.0,3.0
3209,101-500,1,1,2,1,0.0,60.0,1,1,22.0,1,0.0,0.0,0.0,0.0
3214,1-25,0,1,2,1,1.0,60.0,1,0,100.0,1,0.0,1.0,1.0,0.0
3218,26-100,1,1,2,1,3.0,60.0,1,1,171.1,1,0.0,0.0,0.0,0.0
3220,1-25,1,1,2,1,1.0,60.0,1,1,145.0,1,0.0,0.0,0.0,0.0
3221,1-25,1,1,2,1,0.0,60.0,0,1,171.1,1,0.0,0.0,0.0,0.0
3223,26-100,1,0,2,1,1.0,60.0,0,1,11.8,1,0.0,0.0,0.0,0.0
3225,1-25,0,1,2,1,1.0,60.0,1,0,120.0,1,1.0,1.0,1.0,1.0
3226,26-100,1,1,2,1,0.0,60.0,1,1,141.6,1,0.0,0.0,0.0,0.0
3228,26-100,0,1,2,1,1.0,60.0,1,0,10000.0,1,0.0,0.0,0.0,0.0
3229,1-25,0,1,2,1,3.0,60.0,0,0,0.0,1,0.0,0.0,0.0,0.0
3238,26-100,0,1,2,1,1.0,60.0,1,0,1000.0,1,1.0,1.0,1.0,1.0
3241,26-100,1,0,2,1,0.0,60.0,0,1,53.1,1,0.0,0.0,0.0,0.0
3242,1-25,1,1,2,1,5.0,60.0,1,1,10.0,1,0.0,0.0,0.0,0.0
3249,26-100,0,1,2,1,2.0,60.0,1,0,10.0,1,0.0,0.0,1.0,0.0
3250,26-100,0,1,2,1,1.0,60.0,1,0,100.0,1,0.0,1.0,1.0,0.0
3251,101-500,1,1,2,1,4.0,60.0,0,1,1.18,1,0.0,0.0,0.0,0.0
3257,1-25,0,1,2,1,1.0,60.0,0,0,100.0,1,0.0,0.0,1.0,0.0
3258,26-100,0,1,2,1,1.0,60.0,1,0,100.0,1,0.0,0.0,1.0,0.0
3261,101-500,1,1,2,1,0.0,60.0,1,1,150.0,1,0.0,0.0,2.0,0.0
3263,101-500,1,1,2,1,0.0,60.0,1,1,355.76,4,0.0,0.0,1.0,0.0
3264,26-100,0,1,2,1,0.0,60.0,1,0,100.0,1,3.0,1.0,1.0,1.0
3265,26-100,1,1,2,1,0.0,60.0,1,1,1.0,1,2.0,1.0,1.0,1.0
3266,26-100,0,1,2,1,0.0,60.0,1,0,1.0,1,0.0,0.0,0.0,0.0
3267,1-25,0,1,2,1,0.0,60.0,1,0,100.0,1,0.0,0.0,0.0,0.0
3268,101-500,1,0,2,1,0.0,60.0,0,1,23.6,1,0.0,0.0,0.0,0.0
3269,26-100,1,1,2,1,0.0,60.0,1,1,100.0,1,0.0,0.0,0.0,0.0
3270,26-100,1,1,2,1,0.0,60.0,0,1,100.0,1,0.0,0.0,0.0,0.0
3271,101-500,0,1,2,1,0.0,60.0,1,0,1122.0,2,0.0,0.0,0.0,0.0
3272,1-25,0,1,2,1,0.0,60.0,0,0,2000.0,2,0.0,0.0,0.0,0.0
3273,1-25,0,0,2,1,0.0,60.0,0,0,0.0,1,0.0,0.0,0.0,0.0
3275,1-25,0,1,2,1,1.0,60.0,0,0,10.0,1,0.0,0.0,0.0,0.0
3277,26-100,0,1,2,1,1.0,60.0,0,0,199.0,1,0.0,0.0,0.0,0.0
3279,1-25,0,0,2,1,0.0,60.0,0,0,100.0,2,0.0,0.0,0.0,0.0
3280,26-100,0,1,2,1,3.0,60.0,1,0,80.0,1,4.0,1.0,1.0,2.0
3281,26-100,0,1,2,1,0.0,60.0,1,0,80.0,1,0.0,0.0,0.0,0.0
3282,26-100,0,1,2,1,0.0,60.0,1,0,233.0,1,0.0,0.0,0.0,0.0
3283,101-500,0,1,2,1,0.0,60.0,1,0,300.0,3,0.0,0.0,0.0,0.0
3284,1-25,1,1,2,1,0.0,60.0,1,1,100.0,1,0.0,0.0,0.0,0.0
3285,26-100,0,1,2,1,0.0,60.0,0,0,100.0,1,0.0,0.0,0.0,0.0
3286,26-100,1,0,2,1,0.0,60.0,0,1,11.8,1,0.0,0.0,0.0,0.0
3288,1-25,0,1,2,1,1.0,60.0,0,0,10.0,1,0.0,0.0,0.0,0.0
3289,26-100,0,1,2,1,1.0,60.0,0,0,140.0,1,0.0,1.0,1.0,0.0
3291,101-500,0,1,2,1,0.0,60.0,1,0,200.0,2,3.0,1.0,1.0,1.0
3292,26-100,0,1,2,1,1.0,60.0,1,0,100.0,1,0.0,0.0,0.0,0.0
3293,101-500,1,1,2,1,0.0,60.0,1,1,100.0,1,1.0,1.0,1.0,1.0
3294,1-25,1,1,2,1,0.0,60.0,1,1,336.0,3,0.0,0.0,0.0,0.0
3297,1-25,0,0,1,1,0.0,60.0,0,0,1711.0,6,0.0,0.0,0.0,0.0
3298,1-25,0,1,2,1,0.0,60.0,1,0,200.0,2,0.0,0.0,0.0,0.0
3299,26-100,0,1,2,1,0.0,60.0,1,0,1.0,1,0.0,0.0,0.0,0.0
3303,26-100,1,1,2,1,0.0,60.0,1,1,1000.0,1,1.0,1.0,1.0,1.0
3304,26-100,0,1,2,1,0.0,60.0,1,0,122.0,1,0.0,0.0,0.0,0.0
3305,26-100,1,1,2,1,0.0,60.0,1,1,1180.0,1,3.0,1.0,1.0,2.0
3306,101-500,0,1,2,1,0.0,60.0,0,0,15.0,1,0.0,0.0,0.0,0.0
3307,101-500,1,0,2,1,0.0,60.0,0,1,1180.0,1,0.0,0.0,0.0,0.0
3308,101-500,1,0,2,1,0.0,60.0,0,1,53.1,1,0.0,0.0,0.0,0.0
3309,26-100,1,0,2,1,0.0,60.0,0,1,53.1,1,0.0,0.0,0.0,0.0
3310,26-100,0,0,2,1,0.0,60.0,0,0,199.0,1,0.0,0.0,0.0,0.0
3311,101-500,0,0,2,1,0.0,60.0,0,0,199.0,1,0.0,0.0,0.0,0.0
3312,26-100,0,0,2,1,0.0,60.0,0,0,199.0,1,0.0,0.0,0.0,0.0
3313,500-1000,0,0,2,1,0.0,60.0,0,0,199.0,1,0.0,0.0,0.0,0.0
3314,26-100,1,0,2,1,0.0,60.0,0,1,118.0,1,0.0,0.0,0.0,0.0
3315,26-100,0,0,2,1,0.0,60.0,0,0,199.0,1,0.0,0.0,0.0,0.0
3316,1-25,1,0,2,1,0.0,60.0,0,1,53.1,1,0.0,0.0,0.0,0.0
3317,26-100,0,1,2,1,1.0,60.0,0,0,209.0,2,178.0,1.0,1.0,0.0
3318,1-25,1,1,2,1,1.0,60.0,0,1,11.8,1,0.0,0.0,0.0,0.0
3320,1-25,0,1,2,1,1.0,60.0,0,0,199.0,1,0.0,0.0,0.0,0.0
3322,101-500,0,1,2,1,1.0,60.0,0,0,20000.0,1,0.0,0.0,0.0,0.0
3324,1-25,1,0,2,1,1.0,60.0,0,1,1180.0,1,1.0,2.0,2.0,0.0
3325,1-25,0,1,2,1,1.0,60.0,1,0,10500.0,1,0.0,0.0,0.0,0.0
3327,26-100,1,1,2,1,0.0,60.0,1,1,100.0,1,0.0,0.0,0.0,0.0
3328,26-100,1,1,2,1,1.0,60.0,0,1,4500.0,1,0.0,0.0,0.0,0.0
3329,26-100,0,1,2,1,0.0,60.0,0,0,100.0,1,0.0,0.0,0.0,0.0
3330,26-100,1,1,2,1,0.0,60.0,1,1,1000.0,1,0.0,0.0,0.0,0.0
3332,1-25,1,1,2,1,0.0,60.0,1,1,9267.72,1,0.0,0.0,0.0,0.0
3333,1-25,0,1,2,1,0.0,60.0,1,0,7000.0,1,0.0,0.0,0.0,0.0
3334,1-25,0,1,2,1,0.0,60.0,1,0,1100.0,2,6.0,1.0,1.0,1.0
3336,26-100,1,0,2,1,0.0,60.0,0,1,11.8,1,0.0,0.0,0.0,0.0
3337,26-100,1,1,2,1,0.0,60.0,0,1,11800.0,1,0.0,0.0,0.0,0.0
3339,26-100,1,0,2,1,0.0,60.0,0,1,11800.0,1,0.0,0.0,0.0,0.0
3340,26-100,0,1,2,1,0.0,60.0,0,0,199.0,1,0.0,0.0,0.0,0.0
3341,101-500,0,1,2,1,0.0,60.0,1,0,1000.0,1,0.0,0.0,0.0,0.0
3342,101-500,1,1,2,1,0.0,60.0,1,1,1118.0,2,0.0,0.0,0.0,0.0
3343,26-100,0,1,2,1,0.0,60.0,0,0,3500.0,2,0.0,0.0,0.0,0.0
3344,26-100,1,1,2,1,0.0,60.0,0,1,2360.0,2,0.0,0.0,0.0,0.0
3345,1-25,1,1,2,1,0.0,60.0,0,1,23.6,1,0.0,0.0,0.0,0.0
3346,26-100,1,0,2,1,0.0,60.0,0,1,1.18,1,0.0,0.0,0.0,0.0
3347,1-25,1,0,2,1,0.0,60.0,0,1,23.6,1,0.0,0.0,0.0,0.0
3348,1-25,1,0,2,1,0.0,60.0,0,1,23.6,1,0.0,0.0,0.0,0.0
3349,1-25,1,0,2,1,0.0,60.0,0,1,23.6,1,0.0,0.0,0.0,0.0
3350,1-25,1,0,2,1,0.0,60.0,0,1,23.6,1,0.0,0.0,0.0,0.0
3351,1-25,1,0,2,1,0.0,60.0,0,1,23.6,1,0.0,0.0,0.0,0.0
3352,1-25,1,1,2,1,0.0,60.0,0,1,23.6,1,0.0,0.0,0.0,0.0
3353,1-25,1,1,2,1,0.0,60.0,0,1,11800.0,1,0.0,0.0,0.0,0.0
3354,1-25,1,1,2,1,0.0,60.0,0,1,11800.0,1,0.0,0.0,0.0,0.0
3355,1-25,1,1,2,1,0.0,60.0,0,1,11800.0,1,0.0,0.0,0.0,0.0
3356,1-25,1,1,2,1,0.0,60.0,0,1,11800.0,1,0.0,0.0,0.0,0.0
3357,1-25,1,1,2,1,0.0,60.0,0,1,11800.0,1,0.0,0.0,0.0,0.0
3358,1-25,1,1,2,1,0.0,60.0,0,1,11800.0,1,0.0,0.0,0.0,0.0
3359,1-25,1,1,2,1,0.0,60.0,0,1,11800.0,1,0.0,0.0,0.0,0.0
3360,1-25,1,1,2,1,0.0,60.0,0,1,11800.0,1,0.0,0.0,0.0,0.0
3361,1-25,1,1,2,1,0.0,60.0,0,1,11800.0,1,0.0,0.0,0.0,0.0
3362,1-25,1,1,2,1,0.0,60.0,0,1,11800.0,1,0.0,0.0,0.0,0.0
3363,1-25,1,1,2,1,0.0,60.0,0,1,11800.0,1,0.0,0.0,0.0,0.0
3364,26-100,1,0,2,1,0.0,60.0,0,1,11.8,1,0.0,0.0,0.0,0.0
3365,26-100,1,0,2,1,0.0,60.0,0,1,1.18,1,3.0,1.0,1.0,0.0
3366,1-25,1,1,2,1,0.0,60.0,0,1,11800.0,1,0.0,0.0,0.0,0.0
3367,1-25,1,0,2,1,0.0,60.0,0,1,23.6,1,0.0,0.0,0.0,0.0
3368,1-25,1,1,2,1,0.0,60.0,0,1,50000.0,1,0.0,0.0,0.0,0.0
3369,1-25,1,1,2,1,0.0,60.0,0,1,50000.0,1,0.0,0.0,0.0,0.0
3370,1-25,1,1,2,1,0.0,60.0,0,1,50000.0,1,0.0,0.0,0.0,0.0
3371,1-25,1,1,2,1,0.0,60.0,0,1,50000.0,1,0.0,0.0,0.0,0.0
3372,26-100,1,1,2,1,0.0,60.0,1,1,118.0,1,0.0,0.0,0.0,0.0
3373,1-25,1,0,2,1,0.0,60.0,0,1,317.0,2,0.0,0.0,0.0,0.0
3374,26-100,0,1,2,1,0.0,60.0,0,0,199.0,1,0.0,0.0,0.0,0.0
3375,26-100,0,1,2,1,0.0,60.0,0,0,100.0,1,0.0,0.0,0.0,0.0
3376,1-25,1,1,2,1,0.0,60.0,1,1,11800.0,1,0.0,0.0,0.0,0.0
3377,26-100,1,1,2,1,0.0,60.0,0,1,100.0,1,0.0,0.0,0.0,0.0
3378,1-25,1,1,2,1,0.0,60.0,1,1,10000.0,1,0.0,0.0,0.0,0.0
3379,1-25,1,1,2,1,0.0,60.0,1,1,10000.0,1,0.0,0.0,0.0,0.0
3380,1-25,1,1,2,1,0.0,60.0,1,1,10000.0,1,0.0,0.0,0.0,0.0
3381,1-25,1,1,2,1,0.0,60.0,1,1,10000.0,1,0.0,0.0,0.0,0.0
3382,1-25,1,1,2,1,0.0,60.0,1,1,10234.0,4,0.0,0.0,0.0,0.0
3383,1-25,1,1,2,1,0.0,60.0,1,1,100.0,1,0.0,0.0,0.0,0.0
3384,1-25,1,0,2,1,1.0,60.0,0,1,1113.6,2,5.0,1.0,1.0,0.0
3389,101-500,0,1,2,1,0.0,60.0,1,0,1000.0,1,0.0,0.0,0.0,0.0
3390,26-100,0,1,2,1,0.0,60.0,0,0,199.0,1,0.0,0.0,0.0,0.0
3394,26-100,1,0,2,1,1.0,60.0,0,1,1379.0,2,53.0,2.0,2.0,1.0
3395,1-25,1,1,2,1,0.0,60.0,0,1,1.18,1,0.0,0.0,0.0,0.0
3396,1-25,1,1,2,1,0.0,60.0,0,1,1.18,1,0.0,0.0,0.0,0.0
3397,1-25,1,1,2,1,0.0,60.0,0,1,1.18,1,0.0,0.0,0.0,0.0
3400,1-25,1,0,2,1,0.0,60.0,0,1,23.6,1,0.0,0.0,0.0,0.0
3401,26-100,0,1,1,1,0.0,60.0,0,0,349.0,2,0.0,0.0,0.0,0.0
3402,26-100,0,0,2,1,0.0,60.0,0,0,199.0,1,0.0,0.0,0.0,0.0
3403,101-500,0,0,2,1,0.0,60.0,0,0,199.0,1,0.0,0.0,0.0,0.0
3404,26-100,1,0,2,1,0.0,60.0,0,1,1180.0,1,0.0,0.0,0.0,0.0
3405,1-25,0,0,2,1,0.0,60.0,0,0,199.0,1,0.0,0.0,0.0,0.0
3406,26-100,1,0,2,1,0.0,60.0,0,1,1.18,1,0.0,0.0,0.0,0.0
3407,26-100,0,1,2,1,0.0,60.0,0,0,120.0,1,0.0,0.0,0.0,0.0
3410,26-100,0,0,2,1,0.0,60.0,0,0,0.0,1,0.0,0.0,0.0,0.0
3412,26-100,0,1,2,1,0.0,60.0,0,0,100.0,1,0.0,0.0,0.0,0.0
3413,26-100,0,1,2,1,0.0,60.0,0,0,100.0,1,0.0,0.0,0.0,0.0
3414,26-100,0,1,2,1,0.0,60.0,0,0,100.0,1,0.0,0.0,0.0,0.0
3415,26-100,0,1,2,1,0.0,60.0,0,0,100.0,1,2.0,1.0,1.0,0.0
3417,1-25,1,1,2,1,0.0,60.0,0,1,1180.0,1,4.0,2.0,6.0,1.0
3418,1-25,1,1,2,1,0.0,60.0,0,1,11800.0,1,0.0,0.0,0.0,0.0
3419,1-25,1,1,2,1,0.0,60.0,0,1,50000.0,1,0.0,0.0,0.0,0.0
3420,1-25,1,1,2,1,0.0,60.0,1,1,11800.0,1,0.0,0.0,0.0,0.0
3424,26-100,1,0,2,1,0.0,60.0,0,1,109.0,1,0.0,0.0,0.0,0.0
3425,1-25,1,1,2,1,0.0,60.0,0,1,500.0,1,0.0,0.0,0.0,0.0
3427,1-25,1,0,2,1,0.0,60.0,0,1,118.0,1,0.0,0.0,0.0,0.0
3428,1-25,1,0,2,1,0.0,60.0,0,1,118.0,1,0.0,0.0,0.0,0.0
3429,26-100,0,1,2,1,0.0,60.0,0,0,199.0,1,0.0,0.0,0.0,0.0
3430,1-25,1,1,2,1,1.0,60.0,0,1,5000.0,1,0.0,0.0,0.0,0.0
3431,26-100,1,0,2,1,0.0,60.0,0,1,118.0,1,0.0,0.0,0.0,0.0
3432,26-100,1,0,2,1,0.0,60.0,0,1,118.0,1,0.0,0.0,0.0,0.0
3433,1-25,1,1,2,1,0.0,60.0,0,1,118.0,1,0.0,0.0,0.0,0.0
3435,101-500,1,1,2,1,0.0,60.0,1,1,50.0,1,0.0,0.0,0.0,0.0
3436,1-25,1,0,2,1,0.0,60.0,0,1,118.0,1,0.0,0.0,0.0,0.0
3437,26-100,1,1,2,1,0.0,60.0,1,1,885.0,1,0.0,0.0,0.0,0.0
3438,1-25,1,0,2,1,0.0,60.0,0,1,118.0,1,0.0,0.0,0.0,0.0
3439,1-25,1,0,2,1,0.0,60.0,0,1,109.0,1,0.0,0.0,0.0,0.0
3440,1-25,1,0,2,1,0.0,60.0,0,1,118.0,1,0.0,0.0,0.0,0.0
3441,1-25,1,1,2,1,0.0,60.0,0,1,109.0,1,0.0,0.0,0.0,0.0
3442,1-25,1,0,2,1,0.0,60.0,0,1,817.5,1,0.0,0.0,0.0,0.0
3443,26-100,1,1,2,1,0.0,60.0,1,1,5.9,1,0.0,0.0,0.0,0.0
3444,1-25,0,1,2,1,0.0,60.0,0,0,50.0,1,0.0,0.0,0.0,0.0
3445,1-25,0,1,2,1,0.0,60.0,1,0,50.0,1,0.0,0.0,0.0,0.0
3446,26-100,0,1,2,1,0.0,60.0,0,0,199.0,1,0.0,0.0,0.0,0.0
3447,500-1000,1,1,2,1,0.0,60.0,0,1,885.0,1,0.0,0.0,0.0,0.0
3448,26-100,1,1,2,1,0.0,60.0,0,1,50.0,1,0.0,0.0,0.0,0.0
3449,26-100,1,0,2,1,0.0,60.0,0,1,1090.0,1,0.0,0.0,0.0,0.0
3450,26-100,1,0,2,1,0.0,60.0,0,1,11800.0,1,0.0,0.0,0.0,0.0
3451,26-100,1,1,2,1,0.0,60.0,0,1,125.0,1,0.0,0.0,0.0,0.0
3452,1-25,1,1,2,1,3.0,60.0,0,1,70.0,1,0.0,1.0,1.0,0.0
3453,1-25,0,1,2,1,0.0,60.0,0,0,50.0,1,0.0,0.0,0.0,0.0
3454,1-25,0,1,2,1,0.0,60.0,0,0,20.0,1,0.0,0.0,0.0,0.0
3455,26-100,0,1,2,1,0.0,60.0,0,0,30.0,1,0.0,0.0,0.0,0.0
3456,1-25,1,1,2,1,0.0,60.0,0,1,20.0,1,0.0,0.0,0.0,0.0
3457,1-25,1,0,2,1,0.0,60.0,0,1,885.0,1,0.0,0.0,0.0,0.0
3458,26-100,1,1,2,1,0.0,60.0,0,1,20.0,1,0.0,0.0,0.0,0.0
3459,26-100,1,0,2,1,0.0,60.0,0,1,885.0,1,0.0,0.0,0.0,0.0
3460,500-1000,1,1,2,1,0.0,60.0,0,1,20.0,1,0.0,0.0,0.0,0.0
3461,26-100,0,1,2,1,0.0,60.0,0,0,70.0,2,0.0,0.0,0.0,0.0
3462,1-25,0,1,2,1,0.0,60.0,0,0,20.0,1,0.0,0.0,0.0,0.0
3463,26-100,0,1,2,1,0.0,60.0,1,0,370.0,3,0.0,0.0,0.0,0.0
3464,101-500,1,1,2,1,0.0,60.0,0,1,153.4,1,0.0,0.0,0.0,0.0
3466,1-25,1,0,2,1,0.0,60.0,0,1,10.9,1,0.0,0.0,0.0,0.0
3467,1-25,1,1,2,1,0.0,60.0,0,1,11.8,1,0.0,0.0,0.0,0.0
3468,26-100,1,0,2,1,0.0,60.0,0,1,1016.5,2,0.0,0.0,0.0,0.0
3469,26-100,0,0,2,1,0.0,60.0,0,0,199.0,1,0.0,0.0,0.0,0.0
3470,26-100,1,1,2,1,0.0,60.0,0,1,817.5,1,0.0,0.0,0.0,0.0
3472,101-500,1,1,2,1,0.0,60.0,0,1,135.0,1,0.0,0.0,0.0,0.0
3473,1-25,1,1,2,1,0.0,60.0,0,1,159.3,1,0.0,0.0,0.0,0.0
3476,26-100,1,1,2,1,0.0,60.0,0,1,50.0,1,0.0,0.0,0.0,0.0
3478,26-100,1,0,2,1,1.0,60.0,0,1,49.05,1,0.0,0.0,0.0,0.0
3481,1-25,1,1,2,1,0.0,60.0,0,1,885.0,1,0.0,0.0,0.0,0.0
3482,26-100,0,0,2,1,0.0,60.0,0,0,199.0,1,0.0,0.0,0.0,0.0
3483,26-100,0,1,2,1,0.0,60.0,0,0,100.0,1,0.0,0.0,0.0,0.0
3484,26-100,1,1,2,1,0.0,60.0,0,1,118.0,1,0.0,0.0,0.0,0.0
3492,26-100,0,1,2,1,0.0,60.0,0,0,199.0,1,0.0,0.0,0.0,0.0
3498,26-100,1,1,2,1,0.0,60.0,0,1,200.0,1,0.0,0.0,0.0,0.0
3499,26-100,0,1,2,1,3.0,60.0,0,0,199.0,1,6.0,1.0,1.0,2.0
3500,101-500,1,1,2,1,0.0,60.0,0,1,236.0,1,0.0,0.0,0.0,0.0
3501,1-25,0,1,2,1,0.0,60.0,0,0,199.0,1,0.0,0.0,0.0,0.0
3502,26-100,1,1,2,1,1.0,60.0,0,1,11806089.0,25,6.0,1.0,1.0,1.0
3504,26-100,1,0,2,1,0.0,60.0,0,1,885.0,1,0.0,0.0,0.0,0.0
3508,1-25,0,1,2,1,0.0,60.0,0,0,100.0,1,0.0,0.0,0.0,0.0
3510,1-25,1,0,2,1,0.0,60.0,0,1,885.0,1,2.0,1.0,1.0,1.0
3512,101-500,1,1,2,1,0.0,60.0,0,1,29500.0,1,0.0,0.0,0.0,0.0
3513,26-100,1,1,2,1,0.0,60.0,0,1,150.0,1,0.0,0.0,0.0,0.0
3514,1-25,1,1,2,1,0.0,60.0,0,1,177.0,1,0.0,0.0,0.0,0.0
3515,26-100,1,0,2,1,0.0,60.0,0,1,1180.0,1,0.0,0.0,0.0,0.0
3516,26-100,1,0,2,1,0.0,60.0,0,1,1180.0,1,0.0,0.0,0.0,0.0
3518,1-25,1,0,2,1,0.0,60.0,0,1,885.0,1,0.0,0.0,0.0,0.0
3536,1-25,1,1,2,1,0.0,60.0,0,1,1.18,1,0.0,0.0,0.0,0.0
3538,500-1000,1,0,2,1,0.0,60.0,0,1,1180.0,1,0.0,0.0,0.0,0.0
3549,101-500,1,0,2,1,0.0,60.0,0,1,1090.0,1,0.0,0.0,0.0,0.0
3550,26-100,1,0,2,1,0.0,60.0,0,1,1270.0,1,0.0,0.0,0.0,0.0
3551,1-25,1,0,2,1,0.0,60.0,0,1,1270.0,1,0.0,0.0,0.0,0.0
3552,26-100,1,0,2,1,0.0,60.0,0,1,1270.0,1,0.0,0.0,0.0,0.0
3553,26-100,1,0,2,1,0.0,60.0,0,1,10000.0,1,0.0,0.0,0.0,0.0
3554,26-100,1,0,2,1,1.0,60.0,0,1,70800.0,6,0.0,0.0,0.0,0.0
3555,1-25,1,0,2,1,0.0,60.0,0,1,1.18,1,0.0,1.0,1.0,0.0
3557,1-25,1,1,2,1,0.0,60.0,0,1,1180.0,1,0.0,0.0,0.0,0.0
3558,26-100,1,0,2,1,0.0,60.0,0,1,1180.0,1,0.0,0.0,0.0,0.0
3560,101-500,1,1,2,1,0.0,60.0,0,1,885.0,1,0.0,0.0,0.0,0.0
3561,1-25,1,0,2,1,0.0,60.0,0,1,23.6,1,0.0,0.0,0.0,0.0
3562,101-500,1,0,2,1,0.0,60.0,0,1,1180.0,1,0.0,0.0,0.0,0.0
3563,26-100,1,0,2,1,0.0,60.0,0,1,11800.0,1,0.0,0.0,0.0,0.0
3564,500-1000,1,0,2,1,0.0,60.0,0,1,1180.0,1,0.0,0.0,0.0,0.0
3565,101-500,1,0,2,1,0.0,60.0,0,1,1180.0,1,0.0,0.0,0.0,0.0
3566,26-100,1,0,2,1,0.0,60.0,0,1,11800.0,1,0.0,0.0,0.0,0.0
3567,26-100,1,0,2,1,0.0,60.0,0,1,118.0,1,0.0,0.0,0.0,0.0
3568,1-25,1,1,2,1,0.0,60.0,0,1,1.18,1,0.0,0.0,0.0,0.0
3569,26-100,1,0,2,1,0.0,60.0,0,1,118.0,1,0.0,0.0,0.0,0.0
3570,1-25,1,0,2,1,0.0,60.0,0,1,11800.0,1,0.0,0.0,0.0,0.0
3571,1-25,1,0,2,1,0.0,60.0,0,1,118.0,1,0.0,0.0,0.0,0.0
3572,26-100,1,0,2,1,0.0,60.0,0,1,1180.0,1,0.0,0.0,0.0,0.0
3573,1-25,1,0,2,1,0.0,60.0,0,1,1180.0,1,0.0,0.0,0.0,0.0
3574,26-100,1,0,2,1,0.0,60.0,0,1,11800.0,1,0.0,0.0,0.0,0.0
3575,101-500,1,0,2,1,0.0,60.0,0,1,1180.0,1,0.0,0.0,0.0,0.0
3576,26-100,1,1,2,1,0.0,60.0,0,1,1180.0,1,0.0,0.0,0.0,0.0
3577,1-25,1,1,2,1,0.0,60.0,1,1,1180.0,1,0.0,0.0,0.0,0.0
3578,1-25,1,1,2,1,0.0,60.0,0,1,1180.0,1,0.0,0.0,0.0,0.0
3579,1-25,1,0,2,1,0.0,60.0,0,1,23.6,1,0.0,0.0,0.0,0.0
3580,1-25,1,0,2,1,0.0,60.0,0,1,23.6,1,0.0,0.0,0.0,0.0
3581,1-25,1,0,2,1,0.0,60.0,0,1,23.6,1,0.0,0.0,0.0,0.0
3597,26-100,1,1,2,1,0.0,60.0,1,1,1000.0,1,0.0,0.0,0.0,0.0
3598,26-100,1,1,2,1,0.0,60.0,1,1,500.0,1,0.0,0.0,0.0,0.0
3599,1-25,1,1,2,1,0.0,60.0,0,1,11800.0,1,0.0,0.0,0.0,0.0
3600,26-100,1,1,2,1,0.0,60.0,1,1,500.0,1,0.0,0.0,0.0,0.0
3601,1-25,1,0,2,1,0.0,60.0,0,1,1084.0,2,0.0,0.0,0.0,0.0
3602,101-500,1,0,2,1,0.0,60.0,0,1,885.0,1,0.0,0.0,0.0,0.0
3603,1-25,1,1,2,1,0.0,60.0,0,1,11800.0,1,0.0,0.0,0.0,0.0
3604,26-100,1,1,2,1,0.0,60.0,0,1,500.0,1,0.0,0.0,0.0,0.0
3605,26-100,1,0,2,1,0.0,60.0,0,1,11800.0,1,0.0,1.0,1.0,0.0
3606,1-25,1,1,2,1,0.0,60.0,0,1,11800.0,1,0.0,0.0,0.0,0.0
3607,1-25,1,1,2,1,0.0,60.0,0,1,11800.0,1,0.0,0.0,0.0,0.0
3608,26-100,1,1,2,1,0.0,60.0,0,1,200.0,1,0.0,0.0,0.0,0.0
3609,1-25,1,1,2,1,0.0,60.0,0,1,11800.0,1,0.0,0.0,0.0,0.0
3610,1-25,1,0,2,1,0.0,60.0,0,1,23.6,1,0.0,0.0,0.0,0.0
3611,26-100,1,1,2,1,0.0,60.0,0,1,20.0,1,0.0,0.0,0.0,0.0
3612,26-100,1,1,2,1,0.0,60.0,0,1,100.0,1,0.0,0.0,0.0,0.0
3613,1-25,1,1,2,1,0.0,60.0,0,1,1000.0,1,0.0,0.0,0.0,0.0
3614,26-100,0,1,2,1,0.0,60.0,0,0,100.0,1,0.0,0.0,0.0,0.0
3615,26-100,0,1,2,1,1.0,60.0,0,0,199.0,1,0.0,0.0,0.0,0.0
3616,26-100,1,1,2,1,0.0,60.0,0,1,118.0,1,0.0,0.0,0.0,0.0
3617,26-100,0,1,2,1,0.0,60.0,0,0,100.0,1,0.0,0.0,0.0,0.0
3618,26-100,0,0,2,1,0.0,60.0,0,0,199.0,1,0.0,0.0,0.0,0.0
3619,26-100,1,1,2,1,0.0,60.0,0,1,317.0,2,0.0,0.0,0.0,0.0
3620,26-100,0,1,2,1,0.0,60.0,0,0,100.0,1,0.0,0.0,0.0,0.0
3621,1-25,0,1,2,1,0.0,60.0,0,0,100.0,1,0.0,0.0,0.0,0.0
3622,101-500,1,1,2,1,0.0,60.0,1,1,20000.0,1,0.0,0.0,0.0,0.0
3624,26-100,1,1,2,1,0.0,60.0,0,1,23600.0,1,0.0,0.0,0.0,0.0
3625,26-100,1,0,2,1,0.0,60.0,0,1,885.0,1,0.0,0.0,0.0,0.0
3626,1-25,1,1,2,1,1.0,60.0,0,1,12100.0,3,0.0,0.0,0.0,0.0
3628,26-100,1,1,2,1,0.0,60.0,0,1,2951180.0,2,0.0,0.0,0.0,0.0
3629,1-25,1,1,2,1,1.0,60.0,0,1,118.0,1,0.0,0.0,0.0,0.0
3631,26-100,1,1,2,1,1.0,60.0,0,1,2953559.0,5,0.0,0.0,0.0,0.0
3632,1-25,0,0,2,1,0.0,60.0,0,0,199.0,1,0.0,0.0,0.0,0.0
3634,1-25,1,0,2,1,0.0,60.0,0,1,218.0,2,0.0,0.0,0.0,0.0
3635,26-100,1,0,2,1,0.0,60.0,0,1,11800.0,1,3.0,1.0,1.0,3.0
3636,26-100,1,0,2,1,0.0,60.0,0,1,53.1,1,0.0,0.0,0.0,0.0
3637,1-25,1,0,2,1,0.0,60.0,0,1,1.18,1,0.0,0.0,0.0,0.0
3638,26-100,1,0,2,1,0.0,60.0,0,1,1280.0,2,0.0,0.0,0.0,0.0
3639,101-500,0,1,2,1,0.0,60.0,0,0,199.0,1,0.0,0.0,0.0,0.0
3640,26-100,1,1,2,1,0.0,60.0,0,1,100.0,1,0.0,0.0,0.0,0.0
3641,1-25,1,1,2,1,0.0,60.0,1,1,118.0,1,0.0,0.0,0.0,0.0
3642,101-500,1,1,2,1,0.0,60.0,0,1,590.0,1,0.0,0.0,0.0,0.0
3643,26-100,1,1,2,1,0.0,60.0,0,1,11800.0,1,0.0,0.0,0.0,0.0
3647,101-500,1,1,2,1,0.0,60.0,0,1,2950000.0,1,0.0,0.0,0.0,0.0
3648,1-25,0,0,2,1,0.0,60.0,0,0,299.0,2,0.0,0.0,1.0,0.0
3649,1-25,1,0,2,1,0.0,60.0,0,1,1298.0,2,0.0,0.0,0.0,0.0
3650,1-25,0,1,2,1,0.0,60.0,1,0,100.0,1,0.0,0.0,0.0,0.0
3651,26-100,0,1,2,1,0.0,60.0,1,0,100.0,1,0.0,0.0,0.0,0.0
3652,101-500,0,1,2,1,0.0,60.0,1,0,200.0,2,0.0,0.0,0.0,0.0
3653,26-100,1,1,2,1,0.0,60.0,0,1,118.0,1,0.0,0.0,0.0,0.0
3654,26-100,1,1,2,1,0.0,60.0,0,1,248.0,3,0.0,0.0,0.0,0.0
3655,1-25,1,0,2,1,0.0,60.0,0,1,1239.0,3,0.0,0.0,0.0,0.0
3656,101-500,1,0,2,1,0.0,60.0,0,1,317.0,2,0.0,0.0,0.0,0.0
3658,101-500,0,1,2,1,0.0,60.0,1,0,100.0,1,0.0,0.0,0.0,0.0
3659,26-100,1,1,2,1,0.0,60.0,1,1,1354.0,2,0.0,0.0,0.0,0.0
3660,26-100,1,0,2,1,0.0,60.0,0,1,118.0,1,0.0,0.0,0.0,0.0
3663,1-25,0,1,2,1,0.0,60.0,1,0,100.0,1,0.0,0.0,0.0,0.0
3664,26-100,1,0,2,1,0.0,60.0,0,1,2950000.0,1,0.0,0.0,0.0,0.0
3665,26-100,1,0,2,1,0.0,60.0,0,1,11800.0,1,0.0,0.0,0.0,0.0
3666,26-100,0,1,2,1,0.0,60.0,0,0,100.0,1,0.0,0.0,0.0,0.0
3667,26-100,1,1,2,1,0.0,60.0,0,1,150.0,1,0.0,0.0,0.0,0.0
3668,1-25,1,1,2,1,0.0,60.0,0,1,11800.0,1,0.0,0.0,0.0,0.0
3669,1-25,1,1,2,1,0.0,60.0,0,1,177.0,1,0.0,0.0,0.0,0.0
3670,26-100,1,1,2,1,0.0,60.0,0,1,150.0,1,0.0,0.0,0.0,0.0
3671,26-100,1,1,2,1,0.0,60.0,0,1,177.0,1,0.0,0.0,0.0,0.0
3672,101-500,1,1,2,1,0.0,60.0,1,1,150.0,1,0.0,0.0,0.0,0.0
3673,26-100,1,1,2,1,0.0,60.0,1,1,150.0,1,0.0,0.0,0.0,0.0
3674,26-100,1,1,2,1,0.0,60.0,1,1,177.0,1,0.0,0.0,0.0,0.0
3675,1-25,1,1,2,1,0.0,60.0,1,1,177.0,1,0.0,0.0,0.0,0.0
3676,1-25,1,1,2,1,0.0,60.0,1,1,12.0,1,0.0,0.0,0.0,0.0
3677,1-25,1,0,2,1,0.0,60.0,0,1,11.8,1,0.0,0.0,0.0,0.0
3678,26-100,1,1,2,1,13.0,60.0,0,1,17718419.18,33,485.0,27.0,92.0,215.0
3681,1-25,0,1,2,1,0.0,60.0,0,0,4.0,1,0.0,0.0,0.0,0.0
3682,26-100,0,1,2,1,0.0,60.0,1,0,4.0,1,0.0,0.0,0.0,0.0
3683,1-25,1,1,2,1,0.0,60.0,1,1,700000.0,1,0.0,0.0,0.0,0.0
3684,1-25,1,1,2,1,0.0,60.0,0,1,826000.0,1,0.0,0.0,0.0,0.0
3685,26-100,1,1,2,1,0.0,60.0,1,1,1416.0,2,0.0,0.0,0.0,0.0
3688,26-100,1,1,2,1,0.0,60.0,1,1,118.0,1,0.0,0.0,0.0,0.0
3689,26-100,1,1,2,1,0.0,60.0,1,1,100.0,1,0.0,0.0,0.0,0.0
3690,26-100,1,1,2,1,0.0,60.0,0,1,118.0,1,0.0,0.0,0.0,0.0
3691,26-100,0,1,2,1,0.0,60.0,1,0,1.0,1,0.0,0.0,0.0,0.0
3692,500-1000,1,1,2,1,0.0,60.0,0,1,1770.0,1,0.0,0.0,0.0,0.0
3693,26-100,1,1,2,1,0.0,60.0,1,1,118.0,1,0.0,0.0,0.0,0.0
3694,101-500,1,0,2,1,0.0,60.0,0,1,1.18,1,0.0,0.0,0.0,0.0
3695,26-100,1,1,2,1,0.0,60.0,1,1,118.0,1,0.0,0.0,0.0,0.0
3696,101-500,1,1,2,1,0.0,60.0,1,1,118.0,1,0.0,0.0,0.0,0.0
3698,1-25,1,1,2,1,0.0,60.0,1,1,100.0,1,0.0,0.0,0.0,0.0
3699,1-25,1,1,2,1,0.0,60.0,1,1,100.0,1,0.0,0.0,0.0,0.0
3700,1-25,1,1,2,1,0.0,60.0,1,1,100.0,1,0.0,0.0,0.0,0.0
3702,26-100,0,1,2,1,0.0,60.0,1,0,100.0,1,0.0,0.0,0.0,0.0
3705,1-25,0,1,2,1,0.0,60.0,1,0,100.0,1,0.0,0.0,0.0,0.0
3706,101-500,0,1,2,1,0.0,60.0,1,0,112.0,2,0.0,0.0,0.0,0.0
3707,1-25,0,1,2,1,0.0,60.0,1,0,100.0,1,0.0,0.0,0.0,0.0
3708,101-500,1,1,2,1,1.0,60.0,0,1,32639.16,12,0.0,0.0,0.0,0.0
3709,26-100,1,1,2,1,0.0,60.0,0,1,100.0,1,0.0,0.0,0.0,0.0
3711,26-100,1,1,2,1,0.0,60.0,0,1,118.0,1,0.0,0.0,0.0,0.0
3712,26-100,1,0,2,1,0.0,60.0,0,1,2950177.0,2,0.0,0.0,0.0,0.0
3713,1-25,1,1,2,1,2.0,60.0,0,1,591.18,2,0.0,0.0,0.0,0.0
3715,101-500,0,1,2,1,1.0,60.0,1,0,201.0,2,0.0,0.0,0.0,0.0
3717,1-25,0,1,2,1,1.0,60.0,0,0,998.0,7,0.0,0.0,0.0,0.0
3719,26-100,0,1,2,1,0.0,60.0,0,0,1.0,1,0.0,0.0,0.0,0.0
3720,26-100,0,1,2,1,0.0,60.0,1,0,1.0,1,0.0,0.0,0.0,0.0
3721,26-100,0,1,2,1,1.0,60.0,0,0,1.0,1,0.0,0.0,0.0,0.0
3723,1-25,1,1,2,1,0.0,60.0,0,1,1084.0,2,0.0,0.0,0.0,0.0
3724,101-500,1,0,2,1,1.0,60.0,0,0,2950000.0,1,16.0,1.0,4.0,9.0
3725,101-500,1,1,2,1,0.0,60.0,0,0,100.0,1,0.0,0.0,0.0,0.0
3726,101-500,1,1,2,1,0.0,60.0,0,1,500.0,1,0.0,0.0,0.0,0.0
3727,1-25,1,1,2,1,0.0,60.0,0,0,50.0,1,0.0,0.0,0.0,0.0
3728,26-100,1,0,2,1,0.0,60.0,0,0,2950000.0,1,0.0,0.0,0.0,0.0
3729,26-100,1,0,2,1,0.0,60.0,0,1,0.0,1,0.0,0.0,0.0,0.0
3730,1-25,1,0,2,1,0.0,60.0,0,1,0.0,1,0.0,0.0,0.0,0.0
3731,101-500,1,0,2,1,0.0,60.0,0,0,200.18,2,0.0,0.0,0.0,0.0
3732,1-25,1,0,2,1,0.0,60.0,0,0,1084.0,2,0.0,0.0,0.0,0.0
3733,1-25,0,1,2,1,0.0,60.0,0,0,1500.0,2,0.0,0.0,0.0,0.0
3734,1-25,0,1,2,1,0.0,60.0,1,0,100.0,1,0.0,0.0,0.0,0.0
3735,26-100,1,0,2,1,1.0,60.0,0,1,1.18,1,0.0,0.0,0.0,0.0
3737,26-100,1,1,2,1,0.0,60.0,0,1,118.0,1,0.0,0.0,0.0,0.0
3738,26-100,1,1,2,1,0.0,60.0,0,1,4720.0,1,0.0,0.0,0.0,0.0
3739,1-25,1,1,2,1,0.0,60.0,0,1,5000.0,1,0.0,0.0,0.0,0.0
3740,1-25,1,0,2,1,0.0,60.0,0,1,23.6,1,0.0,0.0,0.0,0.0
3742,1-25,1,0,2,1,1.0,60.0,0,1,1180.0,2,0.0,0.0,0.0,0.0
3743,1-25,1,0,2,1,0.0,60.0,0,1,2950.0,2,0.0,0.0,0.0,0.0
3745,1-25,1,0,2,1,0.0,60.0,0,1,6490.0,2,0.0,0.0,0.0,0.0
3746,1-25,1,1,1,1,0.0,60.0,0,1,31871.8,5,0.0,0.0,0.0,0.0
3747,1-25,0,0,2,1,0.0,60.0,0,0,15000.0,2,0.0,0.0,0.0,0.0
3748,1-25,1,0,2,1,0.0,60.0,0,1,23.6,1,0.0,0.0,0.0,0.0
3749,1-25,1,0,2,1,0.0,60.0,0,1,0.0,1,0.0,0.0,0.0,0.0
3750,1-25,1,0,2,1,0.0,60.0,0,1,23.6,1,0.0,0.0,0.0,0.0
3751,1-25,1,0,2,1,0.0,60.0,0,1,0.0,1,0.0,0.0,0.0,0.0
3752,1-25,1,0,2,1,0.0,60.0,0,1,0.0,1,0.0,0.0,0.0,0.0
3753,1-25,1,0,2,1,0.0,60.0,0,1,23.6,1,0.0,0.0,0.0,0.0
3754,1-25,0,1,2,1,1.0,60.0,0,0,199.0,2,0.0,0.0,0.0,0.0
3759,101-500,0,1,2,1,0.0,60.0,1,0,349.0,2,0.0,0.0,0.0,0.0
3760,1-25,1,0,2,1,0.0,60.0,0,1,23.6,1,0.0,0.0,0.0,0.0
3761,26-100,1,1,2,1,1.0,60.0,1,1,27846.08,4,0.0,0.0,0.0,0.0
3763,26-100,1,1,2,1,2.0,60.0,0,1,318.0,2,0.0,0.0,0.0,0.0
3765,26-100,1,0,2,1,1.0,60.0,0,1,1379.0,2,0.0,0.0,0.0,0.0
3766,1-25,1,0,2,1,0.0,60.0,0,1,500.0,2,0.0,0.0,0.0,0.0
3767,1-25,1,1,2,1,0.0,60.0,0,1,11800.0,1,0.0,0.0,0.0,0.0
3768,26-100,1,1,2,1,1.0,60.0,0,1,100.0,1,0.0,0.0,0.0,0.0
3771,101-500,1,1,2,1,1.0,60.0,0,1,3380.0,4,0.0,0.0,0.0,0.0
3774,1-25,0,1,2,1,0.0,60.0,1,0,100.0,1,0.0,0.0,0.0,0.0
3775,101-500,0,0,2,1,1.0,60.0,0,0,199.0,1,0.0,0.0,0.0,0.0
3777,1-25,0,1,2,1,6.0,60.0,0,0,299.0,2,0.0,0.0,0.0,0.0
3779,101-500,1,1,2,1,1.0,60.0,0,1,100.0,1,0.0,0.0,0.0,0.0
3783,26-100,1,1,2,1,1.0,60.0,0,1,572.0,3,0.0,0.0,0.0,0.0
3787,26-100,0,1,2,1,1.0,60.0,0,0,135.0,1,0.0,0.0,0.0,0.0
3793,1-25,0,0,2,1,0.0,60.0,0,0,200.0,2,0.0,0.0,0.0,0.0
3794,1-25,0,1,2,1,1.0,60.0,0,0,199.0,2,0.0,0.0,0.0,0.0
3795,1-25,1,1,2,1,0.0,60.0,0,1,199.0,2,0.0,0.0,0.0,0.0
3797,26-100,1,1,2,1,1.0,60.0,0,1,118.0,1,0.0,0.0,0.0,0.0
3798,26-100,1,1,2,1,0.0,60.0,0,1,300.0,1,0.0,0.0,0.0,0.0
3800,1-25,1,0,2,1,0.0,60.0,1,0,0.0,1,0.0,0.0,0.0,0.0
3801,1-25,0,0,2,1,0.0,60.0,1,0,0.0,1,0.0,0.0,0.0,0.0
3802,500-1000,1,0,2,1,0.0,60.0,0,1,885.0,1,0.0,0.0,0.0,0.0
3803,1-25,0,1,2,1,1.0,60.0,1,0,2600.0,3,0.0,0.0,0.0,0.0
3805,101-500,0,1,2,1,2.0,60.0,0,0,2100.0,2,0.0,0.0,0.0,0.0
3806,500-1000,1,1,2,1,0.0,60.0,0,1,2950885.0,2,0.0,0.0,0.0,0.0
3811,26-100,0,1,2,1,0.0,60.0,0,0,2500.0,2,0.0,0.0,0.0,0.0
3812,1-25,0,1,2,1,1.0,60.0,0,0,4700.0,9,0.0,0.0,0.0,0.0
3816,500-1000,1,1,2,1,0.0,60.0,0,1,1135.0,2,0.0,0.0,0.0,0.0
3818,1-25,1,0,2,1,0.0,60.0,0,1,1.18,1,0.0,0.0,0.0,0.0
3819,1-25,0,1,1,1,0.0,60.0,1,0,2300.0,5,0.0,0.0,0.0,0.0
3824,1-25,1,0,2,1,0.0,60.0,0,1,33.6,2,0.0,0.0,0.0,0.0
3825,26-100,0,1,2,1,1.0,60.0,0,0,299.0,2,0.0,0.0,0.0,0.0
3827,1-25,0,1,2,1,0.0,60.0,0,0,199.0,1,0.0,0.0,0.0,0.0
3828,26-100,1,0,2,1,0.0,60.0,1,0,299.0,3,0.0,0.0,0.0,0.0
3829,1-25,0,1,2,1,1.0,60.0,0,0,610.0,4,0.0,0.0,0.0,0.0
3831,1-25,1,1,2,1,0.0,60.0,0,1,11800.0,1,0.0,0.0,0.0,0.0
3834,26-100,1,0,2,1,0.0,60.0,0,0,0.0,1,0.0,0.0,0.0,0.0
3835,1-25,0,0,2,1,0.0,60.0,0,0,0.0,1,0.0,0.0,0.0,0.0
3836,1-25,0,0,2,1,0.0,60.0,0,0,50.0,2,0.0,0.0,0.0,0.0
3837,1-25,1,0,2,1,1.0,60.0,0,1,1.18,1,0.0,0.0,0.0,0.0
3839,26-100,1,1,2,1,0.0,60.0,0,1,2950452.3600000003,7,0.0,0.0,0.0,0.0
3840,101-500,1,1,2,1,0.0,60.0,0,1,321.36,5,0.0,0.0,0.0,0.0
3841,1-25,1,0,2,1,0.0,60.0,0,1,321.18,6,0.0,0.0,0.0,0.0
3842,500-1000,1,1,2,1,1.0,60.0,0,1,826.0,5,0.0,0.0,0.0,0.0
3844,101-500,1,0,2,1,0.0,60.0,0,1,1038.1599999999999,7,0.0,0.0,0.0,0.0
3845,1-25,0,0,2,1,0.0,60.0,0,0,0.0,1,0.0,0.0,0.0,0.0
3846,101-500,1,1,2,1,1.0,60.0,0,1,2950499.8,9,0.0,0.0,0.0,0.0
3847,1-25,0,0,2,1,0.0,60.0,0,0,20.0,3,0.0,0.0,0.0,0.0
3848,1-25,1,0,2,1,1.0,60.0,0,1,438.36,6,0.0,0.0,0.0,0.0
3852,26-100,0,0,2,1,0.0,60.0,0,0,199.0,1,0.0,0.0,0.0,0.0
3853,26-100,0,1,2,1,0.0,60.0,0,0,2000.0,1,0.0,0.0,0.0,0.0
3854,26-100,1,1,2,1,0.0,60.0,0,1,2000.0,1,0.0,0.0,0.0,0.0
3855,1-25,1,0,2,1,0.0,60.0,0,1,118.0,1,0.0,0.0,0.0,0.0
3856,1-25,1,0,2,1,0.0,60.0,0,1,1.18,1,0.0,0.0,0.0,0.0
3857,26-100,1,0,2,1,0.0,60.0,0,1,171.1,2,0.0,0.0,0.0,0.0
3858,101-500,1,0,2,1,0.0,60.0,0,1,938.1,2,0.0,0.0,0.0,0.0
3859,26-100,1,0,2,1,1.0,60.0,0,1,885.0,1,0.0,0.0,0.0,0.0
3860,26-100,0,0,2,1,0.0,60.0,0,0,199.0,1,0.0,0.0,0.0,0.0
3861,26-100,1,1,2,1,1.0,60.0,0,1,654.0,5,5.0,1.0,1.0,4.0
3862,1-25,1,0,2,1,0.0,60.0,0,1,1770.0,2,0.0,0.0,0.0,0.0
3863,1-25,0,0,2,1,0.0,60.0,0,0,0.0,1,0.0,0.0,0.0,0.0
3864,26-100,0,1,2,1,0.0,60.0,0,0,1000.0,1,0.0,0.0,0.0,0.0
3866,26-100,1,1,2,1,0.0,60.0,0,1,1000.0,1,0.0,0.0,0.0,0.0
3867,26-100,1,1,2,1,0.0,60.0,0,1,1000.0,1,0.0,0.0,0.0,0.0
3868,1-25,0,0,2,1,0.0,60.0,0,0,0.0,1,0.0,0.0,0.0,0.0
3869,101-500,1,0,2,1,0.0,60.0,0,1,1003.0,2,0.0,0.0,0.0,0.0
3870,101-500,1,0,2,1,1.0,60.0,0,1,236.0,2,0.0,0.0,0.0,0.0
3871,500-1000,1,0,2,1,0.0,60.0,0,1,3068.0,2,0.0,0.0,0.0,0.0
3872,101-500,1,0,2,1,0.0,60.0,0,1,5900.0,2,0.0,0.0,0.0,0.0
3875,26-100,1,1,2,1,0.0,60.0,0,1,100.0,1,0.0,0.0,0.0,0.0
3876,26-100,0,1,2,1,0.0,60.0,0,0,100.0,1,0.0,0.0,0.0,0.0
3877,26-100,1,1,2,1,0.0,60.0,0,1,100.0,1,0.0,0.0,0.0,0.0
3878,26-100,1,0,2,1,0.0,60.0,0,1,2950.0,1,0.0,0.0,0.0,0.0
3879,26-100,0,0,2,1,0.0,60.0,0,0,199.0,1,0.0,0.0,0.0,0.0
3880,101-500,1,1,2,1,0.0,60.0,0,1,3003.1,2,0.0,0.0,0.0,0.0
3882,500-1000,1,1,2,1,0.0,60.0,0,1,2950118.0,2,0.0,0.0,0.0,0.0
3883,26-100,1,0,2,1,1.0,60.0,0,1,11.8,1,0.0,0.0,0.0,0.0
3884,26-100,0,1,2,1,1.0,60.0,0,0,100.0,1,0.0,0.0,0.0,0.0
3887,101-500,1,1,2,1,0.0,60.0,0,1,100.0,1,0.0,0.0,0.0,0.0
3888,101-500,1,1,2,1,1.0,60.0,1,1,118.0,1,0.0,0.0,0.0,0.0
3890,26-100,0,0,2,1,0.0,60.0,0,0,199.0,1,0.0,0.0,0.0,0.0
3891,26-100,0,1,2,1,1.0,60.0,0,0,100.0,1,0.0,0.0,0.0,0.0
3892,26-100,0,1,2,1,0.0,60.0,0,0,100.0,1,0.0,0.0,0.0,0.0
3894,1-25,1,0,2,1,0.0,60.0,0,1,118.0,1,0.0,0.0,0.0,0.0
3895,26-100,1,1,2,1,1.0,60.0,0,1,268.0,4,0.0,0.0,0.0,0.0
3897,26-100,0,0,2,1,1.0,60.0,0,0,1437.0,9,3.0,1.0,1.0,1.0
3898,26-100,1,1,1,1,1.0,60.0,0,1,2952099.7,12,0.0,0.0,0.0,0.0
3899,26-100,1,0,2,1,0.0,60.0,0,1,2950.0,1,0.0,0.0,0.0,0.0
3900,101-500,1,1,2,1,1.0,60.0,0,1,2950236.0,3,0.0,0.0,0.0,0.0
3901,26-100,0,0,2,1,0.0,60.0,0,0,199.0,1,0.0,0.0,0.0,0.0
3902,26-100,0,1,2,1,1.0,60.0,0,0,867.0,5,1.0,1.0,1.0,0.0
3905,26-100,1,0,2,1,0.0,60.0,0,1,2950.0,1,0.0,0.0,0.0,0.0
3906,26-100,1,1,2,1,1.0,60.0,0,1,2952425.86,22,0.0,0.0,0.0,0.0
3907,500-1000,1,0,2,1,0.0,60.0,0,1,129.8,2,0.0,0.0,0.0,0.0
3910,101-500,1,0,2,1,0.0,60.0,0,1,1003.0,2,0.0,0.0,0.0,0.0
3911,1-25,1,0,2,1,0.0,60.0,0,1,1203.6,3,0.0,0.0,0.0,0.0
3912,1-25,1,0,2,1,0.0,60.0,0,1,118.0,1,0.0,0.0,0.0,0.0
3913,26-100,1,1,2,1,1.0,60.0,1,1,1.0,1,0.0,0.0,0.0,0.0
3915,500-1000,1,0,2,1,0.0,60.0,0,1,3068.0,2,0.0,0.0,0.0,0.0
3916,101-500,1,0,2,1,0.0,60.0,0,1,2950118.0,2,0.0,0.0,0.0,0.0
3917,1-25,1,0,2,1,0.0,60.0,0,1,247.8,3,0.0,0.0,0.0,0.0
3918,26-100,1,0,2,1,0.0,60.0,0,1,118.0,1,0.0,0.0,0.0,0.0
3919,1-25,0,1,2,1,1.0,60.0,0,0,4249.0,3,0.0,0.0,0.0,0.0
3921,26-100,0,1,2,1,1.0,60.0,0,0,304.0,3,0.0,0.0,0.0,0.0
3923,26-100,0,0,2,1,0.0,60.0,0,0,199.0,1,0.0,0.0,0.0,0.0
3924,26-100,1,0,2,1,0.0,60.0,0,1,129.8,2,0.0,0.0,0.0,0.0
3925,26-100,1,1,1,1,1.0,60.0,0,1,5905265.0,23,0.0,0.0,0.0,0.0
3927,26-100,0,1,2,1,0.0,60.0,0,0,290.0,2,0.0,0.0,0.0,0.0
3928,101-500,1,1,2,1,0.0,60.0,0,1,2953450.0,3,0.0,0.0,0.0,0.0
3929,1-25,0,0,2,1,0.0,60.0,0,0,0.0,1,0.0,0.0,0.0,0.0
3930,1-25,0,0,2,1,0.0,60.0,0,0,0.0,1,0.0,0.0,0.0,0.0
3931,1-25,1,0,2,1,0.0,60.0,0,1,0.0,1,0.0,0.0,0.0,0.0
3932,26-100,1,0,2,1,0.0,60.0,0,1,0.0,1,0.0,0.0,0.0,0.0
3933,26-100,1,1,2,1,0.0,60.0,0,1,708.0,2,0.0,0.0,0.0,0.0
3935,26-100,1,0,2,1,0.0,60.0,0,1,118.0,1,0.0,0.0,0.0,0.0
3936,1-25,1,1,2,1,1.0,60.0,0,1,896.8,3,0.0,0.0,0.0,0.0
3937,26-100,0,1,2,1,1.0,60.0,0,0,6300.0,2,0.0,0.0,0.0,0.0
3940,26-100,0,1,2,1,0.0,60.0,0,0,6050.0,2,0.0,0.0,0.0,0.0
3941,500-1000,1,1,2,1,0.0,60.0,0,1,15000.0,1,0.0,0.0,0.0,0.0
3944,26-100,1,1,2,1,1.0,60.0,0,1,118.0,1,0.0,0.0,0.0,0.0
3945,101-500,1,1,2,1,0.0,60.0,0,1,5029.0,2,0.0,0.0,0.0,0.0
3946,26-100,1,0,2,1,0.0,60.0,0,1,236.0,2,0.0,0.0,0.0,0.0
3947,26-100,1,0,2,1,0.0,60.0,0,1,3216.0,4,0.0,0.0,0.0,0.0
3948,26-100,1,0,1,1,0.0,60.0,0,1,2953829.54,16,0.0,0.0,0.0,0.0
3950,26-100,0,1,2,1,1.0,60.0,1,0,4950.0,4,0.0,0.0,0.0,0.0
3952,1-25,1,0,2,1,0.0,60.0,0,1,23.6,1,0.0,0.0,0.0,0.0
3953,1-25,1,0,2,1,0.0,60.0,0,1,2950708.0,3,0.0,0.0,0.0,0.0
3954,1-25,1,0,2,1,0.0,60.0,0,1,23.6,1,0.0,0.0,0.0,0.0
3955,1-25,1,0,2,1,0.0,60.0,0,1,23.6,1,0.0,0.0,0.0,0.0
3956,1-25,1,0,2,1,0.0,60.0,0,1,23.6,1,0.0,0.0,0.0,0.0
3957,1-25,0,1,2,1,0.0,60.0,0,0,1000.0,7,0.0,0.0,0.0,0.0
3958,1-25,1,0,2,1,0.0,60.0,0,1,35.400000000000006,2,0.0,0.0,0.0,0.0
3959,1-25,1,0,2,1,0.0,60.0,0,1,23.6,1,0.0,0.0,0.0,0.0
3960,26-100,1,1,2,1,1.0,60.0,0,1,3050.0,2,196.0,1.0,2.0,0.0
3961,26-100,0,1,2,1,1.0,60.0,0,0,199.0,1,49.0,1.0,1.0,0.0
3964,26-100,0,1,2,1,1.0,60.0,0,0,1398.0,3,3.0,0.0,0.0,0.0
3966,26-100,1,1,2,1,1.0,60.0,0,1,24600.0,3,51.0,1.0,1.0,0.0
3968,26-100,0,0,2,1,1.0,60.0,0,0,199.0,1,0.0,0.0,0.0,0.0
3970,26-100,1,0,2,1,0.0,60.0,0,1,1.18,1,1.0,1.0,1.0,0.0
3971,26-100,0,1,2,1,0.0,60.0,1,0,200.0,2,0.0,0.0,0.0,0.0
3972,1-25,0,0,2,1,0.0,60.0,0,0,100.0,2,0.0,0.0,0.0,0.0
3973,26-100,0,1,2,1,0.0,60.0,0,0,200.0,2,0.0,0.0,0.0,0.0
3974,26-100,1,1,2,1,0.0,60.0,0,1,236.0,2,0.0,0.0,0.0,0.0
3975,26-100,1,0,2,1,0.0,60.0,0,1,236.0,2,0.0,0.0,0.0,0.0
3976,101-500,1,0,2,1,0.0,60.0,0,1,607.9,8,0.0,0.0,0.0,0.0
3977,26-100,0,1,2,1,1.0,60.0,0,0,420.0,4,0.0,0.0,0.0,0.0
3978,26-100,1,1,2,1,0.0,60.0,0,1,887.8,9,0.0,0.0,0.0,0.0
3980,26-100,0,1,2,1,0.0,60.0,1,0,500.0,4,0.0,0.0,0.0,0.0
3981,26-100,0,1,2,1,1.0,60.0,0,0,300.0,3,0.0,0.0,0.0,0.0
3982,101-500,1,1,2,0,0.0,60.0,0,1,59.0,1,0.0,0.0,0.0,0.0
3985,1-25,1,0,2,1,0.0,60.0,0,1,210.04,6,0.0,0.0,0.0,0.0
3986,500-1000,1,0,2,1,0.0,60.0,1,0,0.0,1,0.0,0.0,0.0,0.0
3987,1-25,0,0,2,1,0.0,60.0,0,0,300.0,4,0.0,0.0,0.0,0.0
3988,1-25,1,0,2,1,0.0,60.0,0,1,1318.0,4,0.0,0.0,0.0,0.0
3989,101-500,1,0,2,1,1.0,60.0,0,1,2950118.0,2,0.0,0.0,0.0,0.0
3991,26-100,1,1,2,1,1.0,60.0,0,1,7810.0,7,0.0,0.0,0.0,0.0
3992,500-1000,1,1,2,1,0.0,60.0,0,1,17700.0,1,0.0,0.0,0.0,0.0
3993,1-25,1,1,2,1,0.0,60.0,0,1,5000.0,1,0.0,0.0,0.0,0.0
3995,101-500,1,1,2,1,0.0,60.0,0,1,19750.0,3,0.0,0.0,0.0,0.0
3997,26-100,1,0,2,1,0.0,60.0,0,1,6018.0,3,0.0,0.0,0.0,0.0
4000,1-25,1,0,2,1,1.0,60.0,0,1,6254.0,5,0.0,0.0,0.0,0.0
4002,500-1000,1,0,2,1,0.0,60.0,0,1,11800354.0,7,0.0,0.0,0.0,0.0
4003,500-1000,1,0,2,1,1.0,60.0,0,1,236.0,2,0.0,0.0,0.0,0.0
4005,1-25,1,0,2,1,1.0,60.0,0,1,12036.0,3,0.0,0.0,0.0,0.0
4006,101-500,0,1,2,1,0.0,60.0,1,0,1600.0,3,0.0,0.0,0.0,0.0
4007,101-500,0,1,2,1,0.0,60.0,0,0,650.0,3,0.0,0.0,0.0,0.0
4009,1-25,1,1,2,1,0.0,60.0,0,1,15.16,4,0.0,0.0,0.0,0.0
4010,1-25,1,0,2,1,0.0,60.0,0,1,118.0,1,0.0,0.0,0.0,0.0
4011,101-500,1,0,2,1,1.0,60.0,0,1,118.0,1,0.0,0.0,0.0,0.0
4013,26-100,0,1,2,1,0.0,60.0,0,0,100.0,1,0.0,0.0,0.0,0.0
4014,26-100,1,1,2,1,0.0,60.0,0,1,100.0,1,0.0,0.0,0.0,0.0
4015,1-25,1,1,2,1,0.0,60.0,0,1,1690.2,6,0.0,0.0,0.0,0.0
4016,101-500,1,1,2,1,0.0,60.0,1,1,1180.0,1,0.0,0.0,0.0,0.0
4017,26-100,0,0,2,1,0.0,60.0,0,0,499.0,3,0.0,0.0,0.0,0.0
4018,101-500,1,1,2,1,2.0,60.0,1,1,1332.6,6,2.0,1.0,1.0,0.0
4020,500-1000,1,1,2,1,0.0,60.0,0,1,6508.099999999999,9,0.0,0.0,0.0,0.0
4021,26-100,1,1,2,1,0.0,60.0,1,1,1180.0,1,0.0,0.0,0.0,0.0
4022,26-100,1,1,2,1,0.0,60.0,0,1,5546.0,14,0.0,0.0,0.0,0.0
4023,101-500,1,1,2,1,1.0,60.0,0,1,1180.0,7,0.0,0.0,0.0,0.0
4024,26-100,1,0,2,1,1.0,60.0,0,1,1889.0,4,0.0,0.0,0.0,0.0
4026,26-100,0,1,2,1,0.0,60.0,0,0,110.0,1,0.0,0.0,0.0,0.0
4028,26-100,1,1,2,1,0.0,60.0,0,1,1180.0,1,0.0,0.0,0.0,0.0
4029,26-100,1,1,2,1,0.0,60.0,0,1,1420.1,5,0.0,0.0,0.0,0.0
4030,26-100,1,1,2,1,0.0,60.0,1,1,1180.0,1,0.0,0.0,0.0,0.0
4031,26-100,1,1,2,1,0.0,60.0,0,1,1180.0,1,0.0,0.0,0.0,0.0
4032,26-100,1,0,2,1,0.0,60.0,0,1,11800.0,1,0.0,0.0,0.0,0.0
4033,101-500,1,1,2,1,0.0,60.0,1,1,1180.0,1,0.0,0.0,0.0,0.0
4034,26-100,1,1,2,1,0.0,60.0,0,1,1180.0,1,0.0,0.0,0.0,0.0
4035,101-500,1,1,2,1,0.0,60.0,1,1,1180.0,1,0.0,0.0,0.0,0.0
4036,101-500,1,1,2,1,0.0,60.0,0,1,1180.0,1,0.0,0.0,0.0,0.0
4037,1-25,1,1,1,1,0.0,60.0,0,1,752.1,5,0.0,0.0,0.0,0.0
4038,26-100,1,1,2,1,0.0,60.0,0,1,3799.6,17,0.0,0.0,0.0,0.0
4039,500-1000,1,1,2,1,0.0,60.0,0,1,2952714.0,6,0.0,0.0,0.0,0.0
4040,26-100,1,1,2,1,1.0,60.0,0,1,165.2,3,0.0,0.0,0.0,0.0
4042,26-100,1,1,2,1,0.0,60.0,1,1,1180.0,1,0.0,0.0,0.0,0.0
4043,26-100,0,0,2,1,0.0,60.0,0,0,829.0,6,0.0,0.0,0.0,0.0
4044,26-100,1,1,2,1,0.0,60.0,0,1,1180.0,1,0.0,0.0,0.0,0.0
4045,26-100,1,1,2,1,0.0,60.0,0,1,1180.0,1,0.0,0.0,0.0,0.0
4046,101-500,1,1,2,1,0.0,60.0,1,1,1180.0,1,0.0,0.0,0.0,0.0
4047,101-500,1,1,2,1,0.0,60.0,0,1,1180.0,1,0.0,0.0,0.0,0.0
4048,1-25,1,0,2,1,0.0,60.0,0,1,590.0,4,0.0,0.0,0.0,0.0
4049,26-100,0,1,2,1,0.0,60.0,0,0,140.0,1,0.0,0.0,0.0,0.0
4050,1-25,0,0,2,1,0.0,60.0,0,0,199.0,2,0.0,0.0,0.0,0.0
4051,1-25,1,0,2,1,0.0,60.0,0,1,236.0,3,0.0,0.0,0.0,0.0
4052,1-25,0,0,2,1,0.0,60.0,0,0,799.0,6,0.0,0.0,0.0,0.0
4053,1-25,0,0,2,1,0.0,60.0,0,0,0.0,1,0.0,0.0,0.0,0.0
4054,1-25,0,1,2,1,3.0,60.0,0,0,499.0,4,0.0,1.0,0.0,0.0
4058,101-500,0,1,1,1,0.0,60.0,0,0,2382.0,8,0.0,0.0,0.0,0.0
4059,500-1000,1,1,1,1,1.0,60.0,0,1,2438.0,9,0.0,0.0,0.0,0.0
4062,500-1000,1,1,2,1,0.0,60.0,0,1,1298.0,2,0.0,0.0,0.0,0.0
4063,101-500,1,1,2,1,0.0,60.0,0,1,4184.0,10,0.0,0.0,0.0,0.0
4064,26-100,1,0,2,1,0.0,60.0,0,1,1000.0,1,0.0,0.0,0.0,0.0
4065,26-100,1,0,2,1,1.0,60.0,0,1,118.0,1,1.0,1.0,1.0,1.0
4066,101-500,0,0,2,1,0.0,60.0,0,0,219.0,2,0.0,0.0,0.0,0.0
4067,500-1000,1,0,2,1,1.0,60.0,0,1,8968.0,7,1.0,1.0,1.0,1.0
4071,26-100,1,1,2,1,2.0,60.0,0,1,16756.0,10,0.0,0.0,0.0,0.0
4074,26-100,1,1,2,1,0.0,60.0,0,1,1180.0,1,0.0,0.0,0.0,0.0
4075,26-100,1,1,2,1,2.0,60.0,0,1,3776.0,5,0.0,0.0,0.0,0.0
4079,26-100,0,0,2,1,0.0,60.0,0,0,199.0,1,0.0,0.0,0.0,0.0
4080,500-1000,0,1,2,1,1.0,60.0,0,0,199.0,1,0.0,0.0,0.0,0.0
4082,101-500,0,1,2,1,1.0,60.0,0,0,199.0,1,0.0,0.0,0.0,0.0
4084,26-100,1,0,2,1,1.0,60.0,0,1,2950.0,1,0.0,0.0,0.0,0.0
4086,1-25,0,1,2,1,1.0,60.0,1,0,5000.0,1,0.0,0.0,0.0,0.0
4088,26-100,0,1,2,1,5.0,60.0,0,0,500.0,1,0.0,0.0,0.0,0.0
4094,26-100,0,1,2,1,1.0,60.0,0,0,1000.0,1,0.0,0.0,0.0,0.0
4096,1-25,0,1,2,1,2.0,60.0,0,0,3000.0,1,0.0,0.0,0.0,0.0
4099,26-100,0,1,2,1,2.0,60.0,0,0,5000.0,1,0.0,0.0,0.0,0.0
4103,500-1000,1,0,2,1,0.0,60.0,0,1,1180.0,1,0.0,0.0,0.0,0.0
4104,500-1000,1,1,2,1,1.0,60.0,0,1,1298.0,2,0.0,0.0,0.0,0.0
4105,500-1000,1,1,2,1,2.0,60.0,0,1,1534.0,4,0.0,0.0,0.0,0.0
4109,1-25,1,1,2,1,2.0,60.0,0,1,3947.1,11,0.0,0.0,0.0,0.0
4112,101-500,1,1,2,1,0.0,60.0,0,1,59050.0,11,0.0,0.0,0.0,0.0
4113,500-1000,1,1,2,1,2.0,60.0,0,1,354.0,3,0.0,0.0,0.0,0.0
4116,500-1000,1,1,2,1,2.0,60.0,0,1,118.0,1,0.0,0.0,0.0,0.0
4119,500-1000,0,0,2,1,1.0,60.0,0,0,597.0,3,0.0,0.0,0.0,0.0
4122,101-500,1,1,2,1,0.0,60.0,0,1,5900.0,1,0.0,0.0,0.0,0.0
4123,1-25,1,1,2,1,2.0,60.0,0,1,118.0,1,0.0,0.0,0.0,0.0
4124,500-1000,1,1,2,1,4.0,60.0,0,1,590.0,5,0.0,0.0,0.0,0.0
4132,26-100,0,1,2,1,4.0,60.0,0,0,3023.0,18,292.0,17.0,37.0,46.0
4138,500-1000,1,1,2,1,0.0,60.0,0,1,289.1,3,0.0,0.0,0.0,0.0
4140,500-1000,1,0,2,1,1.0,60.0,0,1,354.0,3,0.0,0.0,0.0,0.0
4142,1-25,1,0,2,1,0.0,60.0,0,1,2961800.0,2,0.0,0.0,0.0,0.0
4143,101-500,1,1,2,1,1.0,60.0,0,1,11800.0,1,0.0,0.0,0.0,0.0
4145,101-500,1,1,2,1,1.0,60.0,0,1,129.8,2,0.0,0.0,0.0,0.0
4147,26-100,1,1,2,1,1.0,60.0,0,1,2950.0,1,0.0,0.0,0.0,0.0
4149,1-25,1,0,2,1,0.0,60.0,0,1,129.8,2,0.0,0.0,0.0,0.0
4150,1-25,1,0,2,1,1.0,60.0,0,1,129.8,2,0.0,0.0,0.0,0.0
4152,101-500,1,0,2,1,1.0,60.0,0,1,129.8,2,0.0,0.0,0.0,0.0
4154,26-100,0,1,2,1,1.0,60.0,0,0,398.0,2,0.0,0.0,0.0,0.0
4156,26-100,1,1,2,1,1.0,60.0,0,1,590.0,1,0.0,0.0,0.0,0.0
4158,101-500,0,1,2,1,1.0,60.0,0,0,500.0,1,0.0,0.0,0.0,0.0
4160,1-25,1,0,2,1,0.0,60.0,0,1,23.6,1,0.0,0.0,0.0,0.0
4161,1-25,1,0,2,1,0.0,60.0,0,1,23.6,1,0.0,0.0,0.0,0.0
4162,1-25,1,0,2,1,0.0,60.0,0,1,23.6,1,0.0,0.0,0.0,0.0
4163,101-500,1,0,2,1,1.0,60.0,0,1,129.8,2,0.0,0.0,0.0,0.0
4165,101-500,1,0,2,1,1.0,60.0,0,1,129.8,2,0.0,0.0,0.0,0.0
4167,26-100,1,0,2,1,1.0,60.0,0,1,129.8,2,0.0,0.0,0.0,0.0
4169,26-100,0,0,2,1,0.0,60.0,0,0,199.0,1,0.0,0.0,0.0,0.0
4170,26-100,0,0,2,1,1.0,60.0,0,0,199.0,1,0.0,0.0,0.0,0.0
4171,1-25,1,0,2,1,0.0,60.0,0,1,23.6,1,0.0,0.0,0.0,0.0
4173,1-25,1,0,2,1,0.0,60.0,0,1,23.6,1,0.0,0.0,0.0,0.0
4174,500-1000,1,0,2,1,0.0,60.0,0,1,11800.0,1,0.0,1.0,4.0,0.0
4175,1-25,1,1,2,1,1.0,60.0,0,1,11.8,1,0.0,0.0,0.0,0.0
4177,1-25,1,0,2,1,0.0,60.0,0,1,23.6,1,0.0,0.0,0.0,0.0
4178,1-25,1,1,2,1,0.0,60.0,0,1,23.6,1,0.0,0.0,0.0,0.0
4179,1-25,1,0,2,1,0.0,60.0,0,1,23.6,1,0.0,0.0,0.0,0.0
4180,1-25,1,1,2,1,0.0,60.0,0,1,11800.0,1,0.0,0.0,0.0,0.0
4181,26-100,1,0,2,1,0.0,60.0,0,1,118.0,1,0.0,0.0,0.0,0.0
4182,1-25,1,0,2,1,0.0,60.0,0,1,23.6,1,0.0,0.0,0.0,0.0
4183,1-25,1,0,2,1,0.0,60.0,0,1,23.6,1,0.0,0.0,0.0,0.0
4184,1-25,1,0,2,1,0.0,60.0,0,1,23.6,1,0.0,0.0,0.0,0.0
4185,26-100,1,0,2,1,0.0,60.0,0,1,2950.0,1,0.0,0.0,0.0,0.0
4186,26-100,0,1,2,1,1.0,60.0,0,0,877.0,5,1.0,1.0,1.0,1.0
4188,26-100,1,0,2,1,1.0,60.0,0,1,2950.0,1,0.0,0.0,0.0,0.0
4190,101-500,0,1,2,1,0.0,60.0,0,0,200.0,2,0.0,0.0,0.0,0.0
4191,26-100,0,1,2,1,0.0,60.0,1,0,100.0,1,0.0,0.0,0.0,0.0
4192,1-25,1,0,2,1,0.0,60.0,0,1,5911.8,2,0.0,0.0,0.0,0.0
4193,1-25,1,0,2,1,0.0,60.0,0,1,23.6,1,0.0,0.0,0.0,0.0
4194,1-25,1,0,2,1,0.0,60.0,0,1,23.6,1,0.0,0.0,0.0,0.0
4195,1-25,1,0,2,1,0.0,60.0,0,1,23.6,1,0.0,0.0,0.0,0.0
4196,101-500,0,1,2,1,1.0,60.0,0,0,199.0,1,0.0,0.0,0.0,0.0
4198,26-100,1,0,2,1,1.0,60.0,0,1,2950.0,1,0.0,0.0,0.0,0.0
4200,1-25,0,1,2,1,1.0,60.0,0,0,5435.0,8,0.0,0.0,0.0,0.0
4201,26-100,0,1,2,1,1.0,60.0,0,0,100.0,1,0.0,0.0,0.0,0.0
4204,500-1000,1,1,2,1,1.0,60.0,0,1,2951003.0,6,0.0,0.0,0.0,0.0
4206,26-100,1,0,2,1,0.0,60.0,0,1,1180.0,10,0.0,0.0,0.0,0.0
4207,1-25,0,1,2,1,1.0,60.0,0,0,699.0,2,0.0,0.0,0.0,0.0
4209,26-100,1,0,2,1,0.0,60.0,0,1,118.0,1,0.0,0.0,0.0,0.0
4210,500-1000,1,0,1,1,0.0,60.0,0,1,31131.9,19,0.0,0.0,0.0,0.0
4211,26-100,0,1,2,1,1.0,60.0,0,0,2145.0,14,4.0,1.0,1.0,0.0
4212,101-500,0,1,1,1,0.0,60.0,0,0,12198.0,8,0.0,0.0,0.0,0.0
4213,101-500,1,0,2,1,1.0,60.0,0,1,29128.0,8,0.0,0.0,0.0,0.0
4214,26-100,1,1,2,1,0.0,60.0,0,1,2950.0,1,0.0,0.0,0.0,0.0
4215,101-500,0,1,2,1,1.0,60.0,0,0,7121.0,8,0.0,0.0,0.0,0.0
4217,26-100,0,1,2,1,0.0,60.0,0,0,112.0,2,0.0,0.0,0.0,0.0
4218,101-500,0,1,2,1,0.0,60.0,0,0,399.0,3,0.0,0.0,0.0,0.0
4219,101-500,1,1,2,1,0.0,60.0,0,1,118.0,1,0.0,0.0,0.0,0.0
4220,26-100,1,1,2,1,0.0,60.0,0,1,2950472.0,5,0.0,0.0,0.0,0.0
4221,26-100,1,0,2,1,1.0,60.0,0,1,118.0,1,0.0,0.0,1.0,0.0
4223,26-100,1,1,2,1,0.0,60.0,0,1,2950.0,1,0.0,0.0,0.0,0.0
4224,26-100,1,0,2,1,0.0,60.0,0,1,17700.0,2,0.0,0.0,0.0,0.0
4225,26-100,0,0,2,1,1.0,60.0,0,0,199.0,1,0.0,0.0,0.0,0.0
4226,101-500,1,1,2,1,0.0,60.0,0,1,4734.0,6,0.0,0.0,0.0,0.0
4228,26-100,1,1,2,1,2.0,60.0,0,1,236.0,2,0.0,0.0,0.0,0.0
4231,101-500,0,1,1,1,0.0,60.0,0,0,2500.0,10,0.0,0.0,0.0,0.0
4232,101-500,0,1,2,1,0.0,60.0,0,0,1100.0,2,0.0,0.0,0.0,0.0
4233,101-500,0,1,2,1,0.0,60.0,0,0,100.0,1,0.0,0.0,0.0,0.0
4234,1-25,1,0,2,1,0.0,60.0,0,0,0.0,1,0.0,0.0,0.0,0.0
4235,26-100,1,0,2,1,0.0,60.0,0,1,2950000.0,1,0.0,0.0,0.0,0.0
4236,26-100,1,0,2,1,1.0,60.0,0,0,0.0,1,0.0,0.0,0.0,0.0
4238,1-25,0,0,2,1,1.0,60.0,0,0,1000.0,2,0.0,0.0,0.0,0.0
4240,26-100,1,1,2,1,1.0,60.0,1,1,48340.0,7,0.0,0.0,0.0,0.0
4243,26-100,0,1,2,1,0.0,60.0,0,0,130.0,1,0.0,0.0,0.0,0.0
4244,26-100,1,1,2,1,6.0,60.0,0,1,672.0,4,10.0,1.0,3.0,2.0
4245,101-500,1,0,2,1,0.0,60.0,0,1,118.0,1,0.0,0.0,1.0,0.0
4248,1-25,1,0,2,1,1.0,60.0,0,1,118.0,1,0.0,1.0,0.0,0.0
4250,101-500,0,0,2,1,1.0,60.0,0,0,299.0,2,14.0,3.0,1.0,10.0
4253,26-100,1,1,2,1,1.0,60.0,0,1,30623.64,16,1.0,0.0,1.0,0.0
4254,26-100,1,0,2,1,0.0,60.0,0,1,138.0,2,1.0,0.0,1.0,0.0
4256,26-100,1,0,2,1,0.0,60.0,0,1,118.0,1,1.0,0.0,1.0,0.0
4257,26-100,0,0,2,1,1.0,60.0,0,0,199.0,1,0.0,0.0,0.0,0.0
4259,1-25,0,0,2,1,0.0,60.0,0,0,0.0,1,0.0,0.0,0.0,0.0
4262,1-25,0,0,2,1,1.0,60.0,0,0,0.0,1,0.0,0.0,0.0,0.0
4264,1-25,0,0,2,1,1.0,60.0,0,0,199.0,2,0.0,0.0,0.0,0.0
4266,26-100,1,0,1,1,1.0,60.0,0,1,54972.38,47,10.0,1.0,5.0,9.0
4267,1-25,1,0,2,1,0.0,60.0,0,1,182.9,5,0.0,0.0,0.0,0.0
4269,1-25,0,1,2,1,1.0,60.0,0,0,598.0,3,0.0,0.0,0.0,0.0
4271,101-500,0,1,2,1,0.0,60.0,0,0,1000.0,2,0.0,0.0,0.0,0.0
4276,1-25,1,0,2,1,0.0,60.0,0,1,2950.0,1,1.0,1.0,1.0,0.0
4277,1-25,1,1,2,1,4.0,60.0,0,1,826.0,5,0.0,0.0,0.0,0.0
4283,1-25,0,0,2,1,0.0,60.0,0,0,0.0,1,0.0,0.0,0.0,0.0
4284,26-100,1,0,2,1,0.0,60.0,0,0,0.0,1,0.0,0.0,0.0,0.0
4285,26-100,0,0,2,1,0.0,60.0,0,0,199.0,1,0.0,0.0,0.0,0.0
4286,26-100,1,0,2,1,0.0,60.0,0,1,472.0,3,0.0,0.0,0.0,0.0
4287,26-100,0,1,2,1,0.0,60.0,1,0,400.0,1,0.0,0.0,0.0,0.0
4288,26-100,0,1,2,1,0.0,60.0,0,0,120.0,1,0.0,0.0,0.0,0.0
4289,1-25,1,0,2,1,0.0,60.0,0,1,0.0,1,0.0,0.0,0.0,0.0
4290,26-100,0,0,2,1,0.0,60.0,0,0,199.0,1,0.0,0.0,0.0,0.0
4297,101-500,1,0,2,1,0.0,60.0,0,1,118.0,1,0.0,0.0,0.0,0.0
4298,26-100,1,1,2,1,0.0,60.0,0,1,2950.0,1,0.0,0.0,0.0,0.0
4300,26-100,0,1,2,1,0.0,60.0,0,0,100.0,1,1.0,0.0,1.0,0.0
4301,More than 1000,1,0,2,1,0.0,60.0,0,1,118.0,1,0.0,0.0,0.0,0.0
4303,101-500,0,1,2,1,0.0,60.0,0,0,199.0,1,0.0,1.0,0.0,0.0
4304,1-25,0,1,2,1,0.0,60.0,0,0,2342.0,1,0.0,0.0,0.0,0.0
4305,26-100,0,1,2,1,0.0,60.0,0,0,2342.0,1,0.0,0.0,0.0,0.0
4306,1-25,1,0,2,1,0.0,60.0,0,1,2950.0,1,0.0,0.0,0.0,0.0
4307,26-100,1,1,2,1,0.0,60.0,1,1,70.8,1,0.0,0.0,0.0,0.0
4308,26-100,1,0,2,1,0.0,60.0,0,1,2973.6,2,1.0,0.0,1.0,0.0
4310,26-100,1,0,2,1,0.0,60.0,0,1,118.0,1,0.0,0.0,0.0,0.0
4311,1-25,1,0,2,1,0.0,60.0,0,1,2950.0,1,0.0,0.0,0.0,0.0
4312,26-100,1,0,2,1,0.0,60.0,0,1,2950.0,1,0.0,0.0,0.0,0.0
4317,1-25,1,0,2,1,0.0,60.0,0,1,0.0,1,0.0,0.0,0.0,0.0
4318,1-25,0,0,2,1,0.0,60.0,0,0,0.0,1,0.0,0.0,0.0,0.0
4319,26-100,1,0,2,1,0.0,60.0,0,1,118.0,1,0.0,0.0,0.0,0.0
4320,26-100,1,0,2,1,0.0,60.0,0,1,118.0,1,3.0,1.0,1.0,1.0
4321,26-100,0,0,2,1,0.0,60.0,1,0,0.0,1,0.0,0.0,0.0,0.0
4322,26-100,1,0,2,1,0.0,60.0,1,0,0.0,1,0.0,0.0,0.0,0.0
4323,1-25,0,0,2,1,0.0,60.0,0,0,0.0,1,0.0,0.0,0.0,0.0
4324,26-100,0,0,2,1,0.0,60.0,1,0,0.0,1,0.0,0.0,0.0,0.0
4325,26-100,0,0,2,1,0.0,60.0,1,0,0.0,1,0.0,0.0,0.0,0.0
4326,1-25,0,0,2,1,0.0,60.0,1,0,0.0,1,0.0,0.0,0.0,0.0
4327,1-25,0,0,2,1,2.0,60.0,0,0,443.0,4,0.0,0.0,0.0,0.0
4334,26-100,1,1,2,1,1.0,60.0,0,1,2950.0,1,98.0,1.0,1.0,0.0
4337,500-1000,1,1,2,1,1.0,60.0,0,1,2950000.0,1,0.0,0.0,0.0,0.0
4338,26-100,1,0,2,1,0.0,60.0,0,1,2950000.0,1,0.0,0.0,0.0,0.0
4341,26-100,0,1,2,1,1.0,60.0,0,0,199.0,1,0.0,0.0,0.0,0.0
4343,500-1000,0,0,2,1,0.0,60.0,0,0,199.0,1,0.0,0.0,0.0,0.0
4345,26-100,1,0,2,1,0.0,60.0,0,0,0.0,1,0.0,0.0,0.0,0.0
4348,26-100,1,0,2,1,0.0,60.0,0,0,0.0,1,0.0,0.0,0.0,0.0
4353,26-100,1,0,2,1,0.0,60.0,1,0,0.0,1,0.0,0.0,0.0,0.0
4355,26-100,0,0,2,1,0.0,60.0,1,0,120.0,1,1.0,0.0,2.0,0.0
4356,26-100,1,0,2,1,0.0,60.0,0,1,118.0,1,0.0,0.0,0.0,0.0
4358,1-25,1,1,2,1,1.0,60.0,0,1,11918.0,2,0.0,0.0,0.0,0.0
4362,1-25,1,0,2,1,0.0,60.0,0,1,118.0,1,0.0,0.0,0.0,0.0
4364,26-100,1,1,1,1,4.0,208.0,0,1,29618.0,2,761.0,1.0,1.0,1.0
4371,26-100,1,0,2,1,1.0,60.0,0,1,118.0,1,0.0,0.0,0.0,0.0
4374,1-25,0,0,2,1,1.0,60.0,0,0,796.0,4,343.0,1.0,3.0,0.0
4377,1-25,1,0,2,1,0.0,60.0,0,1,158.0,3,0.0,0.0,0.0,0.0
4378,26-100,0,1,1,1,0.0,60.0,0,0,200.0,1,98.0,1.0,1.0,0.0
4379,101-500,1,0,1,1,0.0,60.0,0,1,118.0,1,102.0,1.0,2.0,0.0
4382,101-500,1,0,2,1,0.0,60.0,0,1,2950118.0,2,0.0,0.0,0.0,0.0
4383,101-500,1,0,2,1,0.0,60.0,0,1,2950118.0,2,0.0,0.0,0.0,0.0
4384,26-100,1,1,2,1,0.0,60.0,0,1,218.0,2,0.0,0.0,0.0,0.0
4388,26-100,1,0,2,1,0.0,60.0,0,1,218.0,2,0.0,0.0,0.0,0.0
4389,1-25,1,1,1,1,2.0,60.0,0,1,3068.0,2,0.0,0.0,0.0,0.0
4391,26-100,1,0,1,1,0.0,60.0,1,0,1000.0,1,5.0,1.0,1.0,1.0
4392,26-100,1,0,1,1,1.0,60.0,0,1,3068.0,2,0.0,0.0,0.0,0.0
4394,1-25,1,0,1,1,0.0,60.0,1,0,210.0,2,0.0,0.0,0.0,0.0
4397,1-25,1,0,2,1,0.0,60.0,1,0,100.0,1,0.0,0.0,0.0,0.0
4398,1-25,1,0,2,1,0.0,60.0,1,0,100.0,1,0.0,0.0,0.0,0.0
4400,1-25,1,0,2,1,0.0,60.0,1,0,100.0,1,0.0,0.0,0.0,0.0
4401,26-100,1,1,2,1,1.0,60.0,0,1,2950247.8,4,0.0,1.0,1.0,0.0
4403,26-100,1,0,2,1,0.0,60.0,0,1,236.0,2,0.0,0.0,0.0,0.0
4404,26-100,1,1,2,1,0.0,60.0,0,1,2950129.8,3,0.0,0.0,0.0,0.0
4405,26-100,1,1,2,1,1.0,60.0,1,1,59.0,1,1.0,0.0,1.0,0.0
4406,26-100,0,1,2,1,3.0,60.0,0,0,2194.0,12,0.0,0.0,0.0,0.0
4408,26-100,1,0,2,1,0.0,60.0,1,0,100.0,1,0.0,0.0,0.0,0.0
4409,26-100,1,0,2,1,0.0,60.0,0,1,0.0,1,0.0,0.0,0.0,0.0
4413,500-1000,1,1,2,1,2.0,60.0,1,1,2950.0,1,2.0,1.0,1.0,1.0
4418,26-100,1,1,2,1,1.0,60.0,0,1,118.0,1,0.0,0.0,0.0,0.0
4420,101-500,0,1,2,1,0.0,60.0,0,0,250.0,1,0.0,0.0,0.0,0.0
4421,26-100,0,1,2,1,1.0,60.0,0,0,947.0,5,0.0,0.0,0.0,0.0
4429,1-25,1,0,2,1,0.0,60.0,1,0,20.0,1,0.0,0.0,0.0,0.0
4430,1-25,1,0,2,1,0.0,60.0,1,0,200.0,1,0.0,0.0,0.0,0.0
4431,101-500,1,1,1,1,0.0,60.0,0,1,2752.0,14,0.0,0.0,0.0,0.0
4432,26-100,1,1,2,1,1.0,60.0,0,1,731.0,6,261.0,1.0,5.0,4.0
4433,1-25,1,0,2,1,0.0,60.0,0,1,23.6,1,0.0,0.0,0.0,0.0
4434,1-25,1,0,2,1,0.0,60.0,0,1,23.6,1,0.0,0.0,0.0,0.0
4435,1-25,1,0,2,1,0.0,60.0,0,1,23.6,1,0.0,0.0,0.0,0.0
4438,1-25,1,0,2,1,0.0,60.0,0,1,23.6,1,0.0,0.0,0.0,0.0
4439,1-25,1,0,2,1,0.0,60.0,0,1,23.6,1,0.0,0.0,0.0,0.0
4440,26-100,1,1,2,1,1.0,60.0,0,1,2950.0,1,0.0,0.0,0.0,0.0
4443,1-25,1,0,2,1,0.0,60.0,0,1,23.6,1,0.0,0.0,0.0,0.0
4444,101-500,1,1,2,1,1.0,60.0,0,1,2950.0,1,0.0,0.0,0.0,0.0
4446,26-100,1,0,2,1,1.0,60.0,0,1,6018.0,3,0.0,0.0,0.0,0.0
4447,26-100,1,1,2,1,0.0,60.0,0,1,118.0,1,0.0,0.0,0.0,0.0
4449,1-25,1,0,2,1,0.0,60.0,0,1,105.6,2,0.0,0.0,0.0,0.0
4450,101-500,1,1,2,1,0.0,60.0,0,1,118.0,1,0.0,0.0,0.0,0.0
4451,1-25,1,0,2,1,0.0,60.0,0,1,23.6,1,0.0,0.0,0.0,0.0
4452,101-500,0,1,2,1,0.0,60.0,1,0,270.0,4,0.0,0.0,0.0,0.0
4453,26-100,1,1,1,1,1.0,60.0,0,1,2958117.8,17,0.0,0.0,0.0,0.0
4454,26-100,1,1,2,1,1.0,60.0,0,1,4480.0,6,0.0,0.0,0.0,0.0
4457,1-25,1,1,2,1,0.0,60.0,0,1,23.6,1,0.0,0.0,0.0,0.0
4458,1-25,0,0,2,1,1.0,60.0,0,0,698.0,4,0.0,0.0,0.0,0.0
4460,1-25,1,0,2,1,0.0,60.0,1,0,100.0,1,0.0,0.0,0.0,0.0
4461,26-100,1,0,2,1,0.0,60.0,1,0,100.0,1,0.0,0.0,0.0,0.0
4462,1-25,1,0,2,1,0.0,60.0,0,1,23.6,1,0.0,0.0,0.0,0.0
4463,1-25,1,1,2,1,0.0,60.0,1,1,11800.0,1,0.0,0.0,0.0,0.0
4464,1-25,1,0,2,1,0.0,60.0,0,1,23.6,1,0.0,0.0,0.0,0.0
4466,1-25,1,0,2,1,0.0,60.0,0,1,23.6,1,3.0,1.0,1.0,0.0
4467,1-25,1,1,2,0,0.0,60.0,0,1,11800.0,1,0.0,0.0,0.0,0.0
4468,1-25,1,1,2,1,0.0,60.0,0,1,11800.0,1,0.0,0.0,0.0,0.0
4469,1-25,1,0,2,1,0.0,60.0,1,0,100.0,1,0.0,0.0,0.0,0.0
4470,1-25,0,0,2,1,0.0,60.0,1,0,50.0,1,0.0,0.0,0.0,0.0
4471,1-25,0,0,2,1,0.0,60.0,1,0,60.0,1,0.0,0.0,0.0,0.0
4472,500-1000,1,0,2,1,0.0,60.0,0,1,11800.0,1,0.0,0.0,0.0,0.0
4473,26-100,1,0,2,1,0.0,60.0,1,0,70.0,1,0.0,0.0,0.0,0.0
4474,1-25,1,0,2,1,0.0,60.0,0,0,0.0,1,0.0,0.0,0.0,0.0
4477,1-25,1,0,2,1,0.0,60.0,0,0,0.0,1,0.0,0.0,0.0,0.0
4478,1-25,1,0,2,1,0.0,60.0,0,0,0.0,1,0.0,0.0,0.0,0.0
4479,1-25,1,0,2,1,0.0,60.0,1,0,10.0,1,0.0,0.0,0.0,0.0
4482,101-500,0,1,2,1,1.0,60.0,0,0,1486.0,9,0.0,0.0,0.0,0.0
4484,1-25,1,1,2,1,0.0,60.0,0,1,11800.0,1,0.0,0.0,0.0,0.0
4485,1-25,1,1,2,1,0.0,60.0,0,1,11800.0,1,0.0,0.0,0.0,0.0
4486,1-25,1,1,2,1,0.0,60.0,0,1,11800.0,1,0.0,0.0,0.0,0.0
4487,26-100,0,1,2,1,0.0,60.0,0,0,100.0,1,0.0,0.0,0.0,0.0
4488,26-100,0,1,2,1,0.0,60.0,0,0,100.0,1,0.0,0.0,0.0,0.0
4489,26-100,0,1,2,1,0.0,60.0,0,0,100.0,1,0.0,0.0,0.0,0.0
4490,26-100,0,1,2,1,0.0,60.0,0,0,100.0,1,0.0,0.0,0.0,0.0
4491,26-100,0,1,2,1,0.0,60.0,0,0,100.0,1,0.0,0.0,0.0,0.0
4492,1-25,1,0,2,1,0.0,60.0,0,0,0.0,1,0.0,0.0,0.0,0.0
4493,1-25,1,0,2,1,0.0,60.0,0,0,0.0,1,0.0,0.0,0.0,0.0
4494,1-25,1,0,2,1,0.0,60.0,0,0,0.0,1,0.0,0.0,0.0,0.0
4495,26-100,1,0,2,1,0.0,60.0,1,0,100.0,1,0.0,0.0,0.0,0.0
4496,101-500,0,0,2,1,0.0,60.0,0,0,0.0,1,0.0,1.0,0.0,0.0
4498,26-100,0,1,1,1,2.0,60.0,0,0,1045.0,6,0.0,0.0,0.0,0.0
4505,26-100,0,0,1,1,0.0,60.0,0,0,199.0,1,0.0,0.0,0.0,0.0
4509,1-25,0,1,2,1,0.0,60.0,0,0,3822.0,26,0.0,0.0,0.0,0.0
4512,1-25,0,1,1,1,0.0,60.0,0,0,313.0,7,0.0,0.0,0.0,0.0
4513,1-25,0,1,2,1,0.0,60.0,1,0,2070.0,7,0.0,0.0,0.0,0.0
4522,26-100,1,0,2,1,0.0,60.0,0,1,509.96,5,0.0,0.0,0.0,0.0
4523,26-100,0,0,2,1,0.0,60.0,0,0,199.0,1,0.0,0.0,0.0,0.0
4524,26-100,1,0,1,1,0.0,60.0,0,1,3232.8,12,0.0,0.0,0.0,0.0
4525,500-1000,1,0,2,1,1.0,60.0,0,1,11900.0,2,5.0,1.0,1.0,4.0
4527,1-25,0,1,2,1,1.0,60.0,0,0,1288.0,8,3.0,1.0,2.0,2.0
4528,26-100,1,1,1,1,0.0,60.0,0,1,4605.26,21,0.0,0.0,0.0,0.0
4529,1-25,0,1,1,1,2.0,60.0,0,0,4001.0,17,0.0,0.0,0.0,0.0
4531,26-100,1,0,1,1,0.0,60.0,0,1,12110.0,4,0.0,0.0,0.0,0.0
4532,500-1000,1,0,2,1,0.0,60.0,0,1,2240.12,7,0.0,0.0,0.0,0.0
4534,26-100,1,1,1,1,0.0,60.0,0,1,1211.22,7,0.0,0.0,0.0,0.0
4535,26-100,1,1,2,1,0.0,60.0,0,1,637.2,2,0.0,0.0,0.0,0.0
4537,26-100,1,1,2,1,0.0,60.0,1,1,860.0,7,0.0,0.0,0.0,0.0
4538,500-1000,1,0,2,1,0.0,60.0,0,1,0.0,1,0.0,0.0,0.0,0.0
4539,101-500,1,0,2,1,1.0,60.0,0,1,118.0,1,0.0,0.0,1.0,0.0
4540,101-500,1,0,2,1,0.0,60.0,1,0,100.0,1,0.0,0.0,0.0,0.0
4541,101-500,1,0,2,1,0.0,60.0,0,1,0.0,1,0.0,0.0,0.0,0.0
4542,1-25,1,1,2,1,0.0,60.0,1,1,1208.0,4,0.0,0.0,0.0,0.0
4543,26-100,1,1,2,1,0.0,60.0,0,1,40.0,1,0.0,0.0,0.0,0.0
4544,101-500,1,1,2,1,0.0,60.0,0,1,47.2,1,0.0,0.0,0.0,0.0
4545,101-500,0,0,2,1,0.0,60.0,1,0,112.0,2,0.0,0.0,0.0,0.0
4546,1-25,0,1,2,1,0.0,60.0,1,0,150.0,1,0.0,0.0,0.0,0.0
4548,1-25,1,0,2,1,0.0,60.0,0,1,0.0,1,0.0,0.0,0.0,0.0
4549,26-100,1,0,2,1,0.0,60.0,0,1,118.0,1,1.0,1.0,1.0,1.0
4551,1-25,1,0,2,1,0.0,60.0,0,0,100.0,2,0.0,0.0,0.0,0.0
4552,1-25,1,0,2,1,0.0,60.0,0,1,118.0,1,0.0,0.0,0.0,0.0
4553,1-25,1,1,2,1,1.0,60.0,0,1,4000.0,1,0.0,0.0,0.0,0.0
4555,1-25,1,1,2,1,0.0,60.0,0,1,2000.0,1,0.0,0.0,0.0,0.0
4556,26-100,1,1,2,1,1.0,60.0,0,1,18300.0,6,0.0,0.0,0.0,0.0
4558,26-100,1,0,2,1,0.0,60.0,0,0,0.0,1,0.0,0.0,0.0,0.0
4559,1-25,1,0,2,1,0.0,60.0,0,0,0.0,1,0.0,0.0,0.0,0.0
4560,1-25,1,0,2,1,0.0,60.0,0,0,0.0,1,0.0,0.0,0.0,0.0
4561,1-25,1,0,2,1,0.0,60.0,0,0,0.0,1,0.0,0.0,0.0,0.0
4562,26-100,1,0,2,1,0.0,60.0,1,0,956.0,5,0.0,0.0,0.0,0.0
4563,1-25,1,0,2,1,0.0,60.0,0,0,0.0,1,0.0,0.0,0.0,0.0
4564,1-25,1,0,2,1,0.0,60.0,0,0,0.0,1,0.0,0.0,0.0,0.0
4565,26-100,1,1,2,1,0.0,60.0,0,1,120.0,2,0.0,0.0,0.0,0.0
4566,1-25,1,0,2,1,0.0,60.0,0,1,218.0,2,0.0,0.0,0.0,0.0
4567,1-25,1,0,2,1,0.0,60.0,0,1,10.0,1,0.0,0.0,0.0,0.0
4568,1-25,1,0,2,1,0.0,60.0,0,1,118.0,2,0.0,0.0,0.0,0.0
4569,101-500,0,1,2,1,0.0,60.0,0,0,199.0,3,0.0,0.0,0.0,0.0
4570,26-100,0,0,2,1,0.0,60.0,0,0,199.0,2,0.0,0.0,0.0,0.0
4571,1-25,1,0,2,1,0.0,60.0,0,1,0.0,1,0.0,0.0,0.0,0.0
4572,1-25,1,0,2,1,0.0,60.0,0,1,100.0,1,0.0,0.0,0.0,0.0
4573,1-25,0,0,2,1,0.0,60.0,0,0,1005.0,6,0.0,0.0,0.0,0.0
4574,26-100,1,1,2,1,0.0,60.0,0,1,479.2,4,0.0,0.0,1.0,0.0
4575,26-100,1,0,1,1,0.0,60.0,0,1,4012.1,5,0.0,0.0,0.0,0.0
4576,1-25,1,0,1,1,0.0,60.0,0,1,787.0,6,0.0,0.0,0.0,0.0
4577,1-25,0,1,2,1,0.0,60.0,0,0,274.0,4,0.0,0.0,0.0,0.0
4578,1-25,0,0,1,1,0.0,60.0,0,0,1.0,2,0.0,0.0,0.0,0.0
4579,1-25,1,0,2,1,0.0,60.0,0,1,152.07999999999998,5,0.0,0.0,0.0,0.0
4580,26-100,1,0,2,1,0.0,60.0,0,1,1207.0,4,0.0,0.0,0.0,0.0
4581,1-25,0,0,2,1,0.0,60.0,0,0,0.0,1,0.0,0.0,0.0,0.0
4582,26-100,1,0,2,1,0.0,60.0,0,1,1.0,1,0.0,0.0,0.0,0.0
4583,101-500,0,0,2,1,0.0,60.0,0,0,199.0,1,0.0,0.0,0.0,0.0
4584,500-1000,1,0,1,1,0.0,60.0,0,1,827.08,5,0.0,0.0,0.0,0.0
4585,26-100,0,0,2,1,0.0,60.0,0,0,299.0,3,0.0,0.0,0.0,0.0
4586,26-100,0,1,2,1,0.0,60.0,0,0,1199.0,2,0.0,0.0,0.0,0.0
4588,1-25,0,0,2,1,0.0,60.0,0,0,199.0,1,0.0,0.0,0.0,0.0
4590,1-25,0,0,2,1,0.0,60.0,0,0,199.0,1,0.0,0.0,0.0,0.0
4591,101-500,0,1,2,1,0.0,60.0,0,0,199.0,1,0.0,0.0,0.0,0.0
4592,101-500,1,0,2,1,0.0,60.0,0,1,1000.0,1,0.0,0.0,0.0,0.0
4593,101-500,0,0,2,1,0.0,60.0,0,0,199.0,1,0.0,0.0,0.0,0.0
4594,101-500,0,1,2,1,0.0,60.0,0,0,199.0,1,0.0,0.0,0.0,0.0
4595,101-500,1,0,2,1,0.0,60.0,0,1,0.0,1,0.0,0.0,0.0,0.0
4613,101-500,0,1,2,1,2.0,60.0,1,0,399.0,2,0.0,0.0,0.0,0.0
4614,101-500,0,1,2,1,0.0,60.0,0,0,209.0,2,0.0,0.0,0.0,0.0
4615,101-500,0,1,2,1,0.0,60.0,0,0,199.0,1,0.0,0.0,0.0,0.0
4616,101-500,0,1,2,1,0.0,60.0,0,0,399.0,2,0.0,0.0,0.0,0.0
4617,101-500,0,1,2,1,0.0,60.0,0,0,199.0,1,0.0,0.0,0.0,0.0
4618,101-500,0,1,2,1,1.0,60.0,0,0,399.0,2,0.0,1.0,1.0,0.0
4619,26-100,1,0,2,1,0.0,60.0,0,1,2950.0,1,0.0,0.0,0.0,0.0
4621,26-100,0,1,2,1,0.0,60.0,1,0,100.0,1,0.0,0.0,0.0,0.0
4622,26-100,1,0,2,1,0.0,60.0,0,1,118.0,1,0.0,0.0,0.0,0.0
4623,500-1000,1,1,2,1,0.0,60.0,1,1,2950000.0,1,0.0,0.0,0.0,0.0
4624,500-1000,1,0,2,1,0.0,60.0,0,1,2950000.0,1,0.0,0.0,0.0,0.0
4625,26-100,0,1,2,1,0.0,60.0,0,0,100.0,1,0.0,0.0,0.0,0.0
4626,26-100,0,1,2,1,1.0,60.0,1,0,100.0,1,0.0,0.0,0.0,0.0
4627,26-100,0,1,2,1,0.0,60.0,1,0,100.0,1,0.0,0.0,0.0,0.0
4629,1-25,0,0,2,1,1.0,60.0,0,0,199.0,2,0.0,0.0,0.0,0.0
4630,26-100,1,0,2,1,0.0,60.0,1,1,118.0,1,0.0,1.0,1.0,0.0
4631,26-100,0,1,2,1,2.0,60.0,0,0,200.0,1,0.0,0.0,0.0,0.0
4632,26-100,0,1,2,1,0.0,60.0,1,0,3000.0,1,0.0,0.0,0.0,0.0
4637,26-100,1,1,2,1,2.0,60.0,1,1,118.0,1,0.0,0.0,0.0,0.0
4646,26-100,1,0,2,1,0.0,60.0,0,1,11800.0,1,1.0,1.0,1.0,0.0
4647,26-100,1,0,2,1,0.0,60.0,0,1,11800.0,1,0.0,0.0,0.0,0.0
4653,26-100,1,0,2,1,0.0,60.0,0,1,11800.0,1,0.0,0.0,0.0,0.0
4654,26-100,0,0,2,1,0.0,60.0,0,0,199.0,1,0.0,0.0,0.0,0.0
4655,26-100,0,0,2,1,0.0,60.0,0,0,199.0,1,0.0,0.0,0.0,0.0
4656,26-100,1,0,2,1,0.0,60.0,0,1,11800.0,1,10.0,1.0,0.0,0.0
4657,26-100,1,0,2,1,0.0,60.0,0,1,11800.0,1,0.0,0.0,0.0,0.0
4658,26-100,1,0,2,1,0.0,60.0,0,1,11800.0,1,0.0,0.0,0.0,0.0
4659,26-100,0,0,2,1,0.0,60.0,0,0,199.0,1,0.0,0.0,0.0,0.0
4660,26-100,0,0,2,1,0.0,60.0,0,0,123.0,1,0.0,0.0,0.0,0.0
4661,26-100,0,0,2,1,0.0,60.0,0,0,199.0,1,0.0,0.0,0.0,0.0
4662,101-500,1,0,2,1,0.0,60.0,0,1,11798.82,1,0.0,0.0,0.0,0.0
4663,26-100,1,0,2,1,0.0,60.0,0,1,11798.82,1,0.0,0.0,0.0,0.0
4664,500-1000,0,0,2,1,0.0,60.0,0,0,390.0,1,0.0,0.0,0.0,0.0
4665,26-100,1,0,2,1,0.0,60.0,0,1,11.8,1,0.0,0.0,0.0,0.0
4666,500-1000,0,0,2,1,0.0,60.0,0,0,345.0,1,0.0,0.0,0.0,0.0
4674,101-500,1,0,2,1,0.0,60.0,0,1,59.0,1,0.0,0.0,0.0,0.0
4675,500-1000,1,0,2,1,0.0,60.0,0,1,59.0,1,0.0,0.0,0.0,0.0
4676,500-1000,1,0,2,1,0.0,60.0,0,1,59.0,1,0.0,0.0,0.0,0.0
4677,500-1000,1,0,2,1,0.0,60.0,0,1,53.1,1,0.0,0.0,1.0,0.0
4680,26-100,1,0,2,1,0.0,60.0,0,1,59.0,1,0.0,0.0,0.0,0.0
4681,26-100,0,0,2,1,0.0,60.0,1,0,100.0,1,0.0,0.0,0.0,0.0
4682,101-500,0,0,2,1,0.0,60.0,0,0,199.0,1,0.0,0.0,0.0,0.0
4683,101-500,1,1,1,0,0.0,60.0,0,1,120053.1,4,0.0,0.0,0.0,0.0
4684,101-500,1,0,2,1,0.0,60.0,0,1,53.1,1,0.0,1.0,0.0,0.0
4685,26-100,1,0,2,1,0.0,60.0,0,1,53.1,1,0.0,0.0,0.0,0.0
4686,500-1000,1,0,2,1,0.0,60.0,0,0,0.0,1,0.0,0.0,0.0,0.0
4687,More than 1000,1,0,1,1,0.0,60.0,1,0,100.0,1,0.0,0.0,0.0,0.0
4688,26-100,0,0,2,1,0.0,60.0,0,0,0.0,1,0.0,0.0,0.0,0.0
4690,500-1000,0,0,2,1,0.0,60.0,0,0,0.0,1,0.0,0.0,0.0,0.0
4691,More than 1000,0,0,2,1,0.0,60.0,0,0,0.0,1,0.0,0.0,0.0,0.0
4694,1-25,1,0,2,1,0.0,60.0,0,1,118.0,1,0.0,0.0,0.0,0.0
4695,1-25,0,0,2,1,0.0,60.0,0,0,199.0,1,0.0,0.0,0.0,0.0
4696,26-100,1,0,2,1,0.0,60.0,0,1,560.5,1,0.0,0.0,0.0,0.0
4697,26-100,1,0,2,1,0.0,60.0,0,1,1180.0,1,0.0,0.0,0.0,0.0
4698,1-25,1,0,2,1,0.0,60.0,0,1,1180.0,1,0.0,0.0,0.0,0.0
4699,1-25,0,1,2,1,0.0,60.0,0,0,199.0,1,0.0,0.0,0.0,0.0
4700,1-25,0,1,2,1,0.0,60.0,0,0,200.0,1,0.0,0.0,0.0,0.0
4704,1-25,0,0,2,1,0.0,60.0,0,0,300.0,1,0.0,0.0,0.0,0.0
4705,More than 1000,0,0,2,1,0.0,60.0,0,0,100.0,1,0.0,0.0,0.0,0.0
4706,26-100,0,0,2,1,0.0,60.0,0,0,100.0,1,0.0,0.0,0.0,0.0
4707,1-25,1,0,2,1,0.0,60.0,0,1,1180.0,1,0.0,0.0,0.0,0.0
4708,101-500,1,0,2,1,0.0,60.0,0,1,560.5,1,0.0,0.0,0.0,0.0
4709,26-100,1,0,2,1,0.0,60.0,0,1,560.5,1,0.0,0.0,0.0,0.0
4710,101-500,0,0,2,1,0.0,60.0,1,0,100.0,1,0.0,0.0,0.0,0.0
4712,1-25,1,0,2,1,0.0,60.0,0,1,1180.0,1,0.0,0.0,0.0,0.0
4713,26-100,1,0,2,1,0.0,60.0,1,0,1000.0,1,0.0,0.0,0.0,0.0
4714,500-1000,0,0,2,1,0.0,60.0,1,0,567.0,1,0.0,0.0,0.0,0.0
4715,26-100,1,0,2,1,0.0,60.0,1,0,100.0,1,0.0,0.0,0.0,0.0
4716,1-25,0,0,2,1,0.0,60.0,0,0,199.0,1,0.0,0.0,0.0,0.0
4717,26-100,1,0,2,1,0.0,60.0,1,0,100.0,1,0.0,0.0,0.0,0.0
4718,101-500,1,1,1,1,4.0,60.0,0,1,2960.5,5,0.0,0.0,0.0,0.0
4719,More than 1000,0,0,2,1,0.0,60.0,0,0,199.0,1,2.0,3.0,1.0,0.0
4720,26-100,1,0,2,1,0.0,60.0,0,1,1180.0,1,0.0,0.0,0.0,0.0
4721,1-25,1,0,2,1,0.0,60.0,0,1,1180.0,1,0.0,0.0,0.0,0.0
4722,1-25,1,0,2,1,0.0,60.0,0,1,1180.0,1,0.0,0.0,0.0,0.0
4723,26-100,1,0,2,1,2.0,60.0,1,1,100.0,1,0.0,0.0,1.0,0.0
4724,26-100,0,0,2,1,0.0,60.0,1,0,100.0,1,0.0,0.0,0.0,0.0
4725,1-25,0,0,2,1,0.0,60.0,1,0,200.0,1,0.0,0.0,0.0,0.0
4726,1-25,1,0,2,1,0.0,60.0,0,1,1180.0,1,0.0,0.0,0.0,0.0
4728,101-500,0,0,2,1,0.0,60.0,0,0,199.0,1,0.0,0.0,0.0,0.0
4729,101-500,1,1,2,1,0.0,60.0,0,1,53.1,1,0.0,0.0,0.0,0.0
4730,More than 1000,1,0,2,1,0.0,60.0,0,1,80.0,1,0.0,0.0,0.0,0.0
4731,1-25,0,0,2,1,0.0,60.0,1,0,100.0,1,0.0,0.0,0.0,0.0
4732,1-25,1,0,2,1,0.0,60.0,0,1,1180.0,1,0.0,0.0,0.0,0.0
4733,1-25,1,0,2,1,0.0,60.0,1,1,1000.0,1,0.0,0.0,0.0,0.0
4734,1-25,0,0,2,1,0.0,60.0,0,0,199.0,1,0.0,0.0,0.0,0.0
4735,1-25,1,0,2,1,0.0,60.0,1,0,100.0,1,0.0,0.0,0.0,0.0
4736,500-1000,0,1,2,1,4.0,60.0,1,0,5947.0,6,39.0,2.0,24.0,3.0
4737,500-1000,0,0,2,1,0.0,60.0,1,0,200.0,1,0.0,0.0,0.0,0.0
4741,1-25,1,0,2,1,0.0,60.0,0,1,11800.0,1,0.0,0.0,0.0,0.0
4744,500-1000,0,0,2,1,0.0,60.0,1,0,1000.0,1,0.0,0.0,0.0,0.0
4745,500-1000,1,0,2,1,0.0,60.0,1,1,1000.0,1,0.0,0.0,0.0,0.0
4746,101-500,0,0,2,1,0.0,60.0,1,0,43.0,1,0.0,0.0,0.0,0.0
4747,500-1000,1,0,2,1,0.0,60.0,1,1,50.0,1,0.0,0.0,0.0,0.0
4748,500-1000,1,0,2,1,0.0,60.0,1,1,500.0,1,0.0,0.0,0.0,0.0
4751,101-500,0,0,2,1,0.0,60.0,1,0,123.0,1,0.0,0.0,0.0,0.0
4753,1-25,0,0,2,1,0.0,60.0,0,0,0.0,1,0.0,0.0,0.0,0.0
4754,1-25,0,0,2,1,0.0,60.0,0,0,0.0,1,0.0,0.0,0.0,0.0
4755,1-25,0,0,2,1,0.0,60.0,0,0,0.0,1,0.0,0.0,0.0,0.0
4756,1-25,1,0,2,1,0.0,60.0,0,1,0.0,1,0.0,0.0,0.0,0.0
4757,1-25,1,0,2,1,0.0,60.0,0,1,0.0,1,0.0,0.0,0.0,0.0
4758,1-25,1,0,2,1,0.0,60.0,0,1,0.0,1,0.0,0.0,0.0,0.0
4759,1-25,1,0,2,1,0.0,60.0,0,1,0.0,1,0.0,0.0,0.0,0.0
4760,1-25,1,0,2,1,0.0,60.0,0,1,0.0,1,0.0,0.0,0.0,0.0
4761,26-100,1,0,2,1,0.0,60.0,0,1,11800.0,1,0.0,0.0,0.0,0.0
4762,500-1000,1,0,2,1,0.0,60.0,0,0,0.0,1,0.0,0.0,0.0,0.0
4763,101-500,0,0,2,1,0.0,60.0,1,0,200.0,1,0.0,0.0,0.0,0.0
4764,1-25,0,0,2,1,0.0,60.0,1,0,200.0,1,0.0,0.0,0.0,0.0
4765,26-100,0,0,2,1,0.0,60.0,1,0,1000.0,1,0.0,0.0,0.0,0.0
4768,1-25,0,0,2,1,0.0,60.0,1,0,200.0,1,0.0,0.0,0.0,0.0
4769,101-500,0,0,2,1,1.0,60.0,0,0,199.0,1,0.0,0.0,0.0,0.0
4771,26-100,0,0,2,1,2.0,60.0,1,0,24.0,1,0.0,0.0,0.0,0.0
4774,500-1000,0,0,2,1,0.0,60.0,1,0,345.0,1,0.0,0.0,0.0,0.0
4776,1-25,1,0,2,1,0.0,60.0,0,1,1180.0,1,0.0,0.0,0.0,0.0
4778,101-500,0,0,2,1,1.0,60.0,1,0,1000.0,1,0.0,1.0,1.0,0.0
4780,26-100,0,0,2,1,0.0,60.0,1,0,400.0,1,0.0,0.0,0.0,0.0
4781,More than 1000,0,0,2,1,0.0,60.0,1,0,10000.0,1,0.0,0.0,0.0,0.0
4782,500-1000,1,0,2,1,0.0,60.0,0,1,560.5,1,0.0,0.0,0.0,0.0
4783,1-25,1,0,2,1,0.0,60.0,0,1,1180.0,1,0.0,0.0,0.0,0.0
4784,101-500,0,0,2,1,0.0,60.0,1,0,500.0,1,0.0,0.0,0.0,0.0
4785,26-100,0,0,2,1,1.0,60.0,1,0,535.0,2,1.0,1.0,3.0,0.0
4786,26-100,1,0,2,1,1.0,60.0,0,1,560.5,1,0.0,1.0,0.0,0.0
4787,101-500,0,0,2,1,0.0,60.0,1,0,324.0,1,0.0,0.0,0.0,0.0
4790,500-1000,0,0,2,1,0.0,60.0,1,0,50.0,1,0.0,0.0,1.0,0.0
4791,500-1000,1,0,1,0,0.0,60.0,1,1,14423.0,6,0.0,1.0,3.0,0.0
4792,101-500,1,0,2,1,0.0,60.0,0,1,560.5,1,0.0,0.0,0.0,0.0
4793,26-100,1,0,2,1,0.0,60.0,0,1,118.0,1,0.0,0.0,0.0,0.0
4794,26-100,1,0,2,1,0.0,60.0,0,1,560.5,1,21.0,1.0,1.0,0.0
4795,26-100,0,0,2,1,0.0,60.0,0,0,200.0,1,0.0,0.0,0.0,0.0
4796,More than 1000,0,0,2,1,0.0,60.0,1,0,345.0,1,0.0,0.0,0.0,0.0
4797,26-100,0,0,2,1,0.0,60.0,0,0,100.0,1,0.0,0.0,0.0,0.0
4798,1-25,0,0,1,0,0.0,60.0,1,0,12199.0,5,2.0,0.0,3.0,0.0
4799,26-100,0,0,1,0,1.0,60.0,0,0,3021390.0,8,0.0,0.0,0.0,0.0
4800,26-100,1,0,2,1,0.0,60.0,0,1,560.5,1,0.0,0.0,0.0,0.0
4801,26-100,0,0,2,1,0.0,60.0,0,0,199.0,1,0.0,0.0,0.0,0.0
4802,26-100,1,0,1,0,0.0,60.0,0,1,1426475.0,9,0.0,0.0,0.0,0.0
4804,26-100,1,0,2,1,0.0,60.0,0,1,1180.0,1,0.0,0.0,0.0,0.0
4805,26-100,1,0,2,1,0.0,60.0,0,1,1180.0,1,0.0,0.0,0.0,0.0
4806,26-100,1,0,2,1,0.0,60.0,0,1,1180.0,1,0.0,0.0,0.0,0.0
4807,26-100,0,0,2,1,0.0,60.0,1,0,3543.0,1,0.0,0.0,0.0,0.0
4808,101-500,1,0,2,0,0.0,60.0,0,1,12600.0,3,0.0,0.0,0.0,0.0
4809,500-1000,1,1,1,0,0.0,60.0,0,1,10001842.4,8,0.0,0.0,0.0,0.0
4810,1-25,1,0,2,1,0.0,60.0,0,1,1180.0,1,0.0,0.0,0.0,0.0
4811,101-500,0,0,2,1,0.0,60.0,0,0,200.0,1,0.0,0.0,0.0,0.0
4812,1-25,0,0,2,1,0.0,60.0,0,0,100.0,1,0.0,0.0,0.0,0.0
4813,101-500,0,1,2,1,0.0,60.0,0,0,199.0,1,0.0,0.0,0.0,0.0
4814,500-1000,0,0,2,1,0.0,60.0,1,0,232.0,1,0.0,0.0,0.0,0.0
4815,101-500,0,1,2,0,0.0,60.0,0,0,259.0,2,0.0,0.0,0.0,0.0
4816,500-1000,0,0,2,1,0.0,60.0,0,0,199.0,1,0.0,0.0,0.0,0.0
4817,26-100,0,0,2,1,0.0,60.0,0,0,100.0,1,0.0,0.0,0.0,0.0
4818,26-100,0,0,2,1,0.0,60.0,0,0,100.0,1,0.0,0.0,0.0,0.0
4819,101-500,0,0,2,0,0.0,60.0,0,0,549.0,2,0.0,0.0,0.0,0.0
4820,101-500,0,0,2,1,0.0,60.0,0,0,40.0,1,0.0,0.0,0.0,0.0
4821,101-500,1,0,2,1,0.0,60.0,0,1,47.2,1,0.0,0.0,0.0,0.0
4822,More than 1000,1,0,2,1,0.0,60.0,0,1,47.2,1,0.0,0.0,0.0,0.0
4823,26-100,0,0,2,1,0.0,60.0,0,0,199.0,1,0.0,0.0,0.0,0.0
4824,101-500,0,0,2,1,2.0,60.0,0,0,199.0,1,0.0,0.0,0.0,0.0
4825,101-500,0,0,2,1,0.0,60.0,0,0,199.0,1,0.0,0.0,0.0,0.0
4826,101-500,0,0,2,1,0.0,60.0,1,0,555.0,1,0.0,0.0,0.0,0.0
4827,101-500,0,0,2,1,0.0,60.0,1,0,454.0,1,0.0,0.0,0.0,0.0
4828,101-500,0,0,2,1,0.0,60.0,1,0,242.0,1,0.0,0.0,0.0,0.0
4829,101-500,0,0,2,1,0.0,60.0,0,0,34.0,1,0.0,0.0,0.0,0.0
4830,500-1000,0,1,1,0,0.0,60.0,0,0,2151.0,7,0.0,0.0,0.0,0.0
4831,500-1000,0,0,2,1,0.0,60.0,0,0,34.0,1,0.0,0.0,0.0,0.0
4832,101-500,1,0,2,0,0.0,60.0,1,1,21198.0,6,0.0,0.0,0.0,0.0
4833,26-100,1,0,2,1,0.0,60.0,0,1,560.5,1,0.0,0.0,0.0,0.0
4834,101-500,1,0,2,1,0.0,60.0,0,1,560.5,1,0.0,0.0,0.0,0.0
4836,500-1000,1,0,2,1,0.0,60.0,0,1,11800.0,1,0.0,0.0,0.0,0.0
4837,500-1000,1,0,2,1,0.0,60.0,0,1,11800.0,1,0.0,0.0,0.0,0.0
4838,26-100,0,0,2,1,0.0,60.0,0,0,199.0,1,0.0,0.0,0.0,0.0
4839,26-100,0,0,2,1,0.0,60.0,1,0,15000.0,1,0.0,0.0,0.0,0.0
4840,1-25,1,0,2,1,0.0,60.0,0,1,560.5,1,0.0,0.0,0.0,0.0
4841,26-100,0,0,2,1,0.0,60.0,1,0,34.0,1,0.0,0.0,0.0,0.0
4842,26-100,0,0,2,1,0.0,60.0,0,0,199.0,1,0.0,0.0,0.0,0.0
4843,26-100,0,0,2,1,0.0,60.0,0,0,199.0,1,0.0,0.0,0.0,0.0
4844,1-25,0,0,2,1,0.0,60.0,0,0,0.0,1,0.0,0.0,0.0,0.0
4845,1-25,0,1,2,0,0.0,60.0,0,0,433.0,3,0.0,0.0,0.0,0.0
4846,26-100,1,0,2,1,0.0,60.0,0,1,805.3199999999999,3,0.0,0.0,0.0,0.0
4847,500-1000,0,1,1,1,0.0,1860.0,0,0,2986.0,7,0.0,0.0,0.0,0.0
4848,1-25,0,0,2,1,0.0,60.0,1,0,786.0,1,0.0,0.0,0.0,0.0
4849,26-100,1,0,2,1,0.0,60.0,0,1,1260.5,2,0.0,0.0,0.0,0.0
4851,101-500,0,0,2,1,0.0,60.0,1,0,345.0,1,0.0,0.0,0.0,0.0
4852,1-25,1,0,2,1,0.0,60.0,1,0,3453.0,1,0.0,0.0,0.0,0.0
4853,26-100,1,0,2,1,1.0,60.0,0,1,1952.8999999999999,9,0.0,0.0,0.0,0.0
4854,101-500,1,0,2,1,0.0,60.0,0,1,2963085.02,5,0.0,0.0,0.0,0.0
4855,101-500,0,0,2,1,0.0,60.0,0,0,234.0,1,0.0,0.0,0.0,0.0
4856,101-500,0,0,2,1,0.0,60.0,0,0,999.0,2,0.0,0.0,0.0,0.0
4858,500-1000,0,0,2,1,0.0,60.0,1,0,10000.0,1,0.0,0.0,0.0,0.0
4859,500-1000,1,0,2,1,0.0,60.0,1,1,100000.0,1,0.0,0.0,0.0,0.0
4860,500-1000,1,0,2,1,0.0,60.0,1,0,10000.0,1,0.0,0.0,0.0,0.0
4862,101-500,0,0,2,1,0.0,60.0,1,0,10000.0,1,0.0,0.0,0.0,0.0
4863,101-500,1,0,2,1,0.0,60.0,1,1,50.0,1,0.0,0.0,0.0,0.0
4864,26-100,1,0,2,1,0.0,60.0,0,1,560.5,1,0.0,0.0,0.0,0.0
4865,26-100,1,0,2,1,0.0,60.0,1,1,4170.12,1,0.0,0.0,0.0,0.0
4866,26-100,0,0,2,1,0.0,60.0,1,0,456.0,1,0.0,0.0,0.0,0.0
4867,101-500,0,0,2,1,0.0,60.0,0,0,245.0,2,0.0,0.0,0.0,0.0
4868,26-100,1,0,2,1,0.0,60.0,1,0,1000.0,1,0.0,0.0,0.0,0.0
4869,101-500,0,0,2,1,0.0,60.0,1,0,100.0,1,0.0,0.0,0.0,0.0
4870,101-500,1,0,2,0,0.0,60.0,1,0,345.0,1,0.0,0.0,0.0,0.0
4871,101-500,0,0,2,0,0.0,60.0,1,0,45.0,1,0.0,0.0,0.0,0.0
4872,101-500,0,0,2,1,0.0,60.0,0,0,0.0,1,0.0,0.0,0.0,0.0
4873,26-100,0,0,2,1,0.0,60.0,0,0,199.0,1,0.0,0.0,0.0,0.0
4874,101-500,0,0,2,1,1.0,60.0,0,0,796.0,4,12.0,3.0,3.0,13.0
4876,26-100,1,0,2,1,0.0,60.0,1,1,10000.0,1,0.0,0.0,0.0,0.0
4877,500-1000,0,0,2,1,0.0,60.0,1,0,1000.0,1,0.0,0.0,0.0,0.0
4878,26-100,0,0,2,1,0.0,60.0,1,0,100000.0,1,0.0,0.0,0.0,0.0
4879,101-500,1,0,2,1,0.0,60.0,1,0,10000.0,1,0.0,0.0,0.0,0.0
4880,26-100,0,0,2,1,0.0,60.0,1,0,100000.0,1,0.0,0.0,0.0,0.0
4881,More than 1000,0,0,2,1,0.0,60.0,1,0,1199.0,2,0.0,0.0,0.0,0.0
4882,101-500,1,0,2,0,0.0,60.0,0,1,11800.0,1,0.0,0.0,0.0,0.0
4883,101-500,0,0,2,1,1.0,60.0,0,0,199.0,1,0.0,0.0,1.0,0.0
4884,101-500,0,0,2,1,0.0,60.0,0,0,199.0,1,0.0,0.0,0.0,0.0
4886,26-100,0,0,2,1,0.0,60.0,1,0,40.0,1,0.0,0.0,0.0,0.0
4887,26-100,1,0,2,1,0.0,60.0,1,0,34.0,1,0.0,0.0,0.0,0.0
4888,101-500,1,0,2,1,0.0,60.0,1,0,1000.0,1,0.0,0.0,0.0,0.0
4889,101-500,1,0,2,1,0.0,60.0,1,1,10000.0,1,0.0,0.0,0.0,0.0
4890,1-25,0,0,2,1,0.0,60.0,0,0,34.0,1,0.0,0.0,0.0,0.0
4891,26-100,0,0,2,1,0.0,60.0,1,0,10000.0,1,0.0,0.0,0.0,0.0
4892,1-25,1,0,2,1,0.0,60.0,1,1,1000.0,1,0.0,0.0,0.0,0.0
4893,26-100,1,0,2,1,0.0,60.0,0,1,34.0,1,0.0,0.0,0.0,0.0
4894,26-100,1,0,2,1,0.0,60.0,1,1,152.0,2,0.0,0.0,0.0,0.0
4895,101-500,1,0,2,0,0.0,60.0,1,1,10034.0,2,0.0,0.0,0.0,0.0
4896,1-25,0,0,2,1,2.0,60.0,0,0,0.0,1,0.0,0.0,0.0,0.0
4897,500-1000,0,0,2,0,0.0,60.0,0,0,89.0,2,0.0,0.0,0.0,0.0
4898,500-1000,1,0,2,1,0.0,60.0,1,1,1000.0,1,0.0,0.0,0.0,0.0
4900,101-500,0,0,2,1,0.0,60.0,1,0,546.0,1,0.0,0.0,0.0,0.0
4901,500-1000,0,0,2,1,0.0,60.0,1,0,50.0,1,0.0,0.0,0.0,0.0
4902,101-500,1,1,2,1,3.0,60.0,1,1,2678.0,4,28.0,2.0,13.0,11.0
4906,1-25,1,0,2,1,0.0,60.0,0,1,53.1,1,0.0,0.0,0.0,0.0
4907,26-100,1,1,2,1,0.0,60.0,0,1,53.1,1,0.0,0.0,0.0,0.0
4908,26-100,1,0,2,1,0.0,60.0,1,1,618.0,2,0.0,0.0,0.0,0.0
4909,101-500,0,0,2,1,0.0,60.0,0,0,199.0,1,0.0,0.0,0.0,0.0
4910,26-100,0,0,2,1,1.0,60.0,0,0,199.0,1,4.0,3.0,7.0,0.0
4915,1-25,0,0,2,1,0.0,60.0,0,0,0.0,1,0.0,1.0,0.0,0.0
4916,26-100,0,0,2,1,1.0,60.0,0,0,199.0,1,0.0,0.0,1.0,0.0
4918,1-25,1,0,2,1,0.0,60.0,0,1,11800.0,1,0.0,0.0,1.0,0.0
4919,26-100,1,0,2,1,0.0,60.0,1,1,100.0,1,0.0,0.0,0.0,0.0
4925,101-500,1,0,2,1,0.0,60.0,0,1,11800.0,1,0.0,0.0,0.0,0.0
4928,26-100,0,0,2,1,0.0,60.0,1,0,100.0,1,0.0,0.0,0.0,0.0
4929,26-100,0,0,2,1,0.0,60.0,0,0,299.0,2,0.0,0.0,0.0,0.0
4931,101-500,0,0,2,1,0.0,60.0,1,0,100.0,1,0.0,0.0,0.0,0.0
4932,26-100,0,0,2,1,0.0,60.0,1,0,100.0,1,0.0,0.0,0.0,0.0
4933,26-100,0,0,2,1,0.0,60.0,1,0,100.0,1,0.0,0.0,0.0,0.0
4934,101-500,1,0,2,1,0.0,60.0,1,1,100.0,1,0.0,0.0,0.0,0.0
4935,1-25,1,0,2,1,0.0,60.0,1,1,100.0,1,0.0,0.0,0.0,0.0
4936,26-100,1,0,2,1,0.0,60.0,0,1,560.5,1,0.0,0.0,0.0,0.0
4941,26-100,0,0,2,1,0.0,60.0,1,0,100.0,1,0.0,0.0,0.0,0.0
4942,101-500,1,1,2,1,4.0,60.0,1,1,2243.1800000000003,4,0.0,0.0,0.0,0.0
4944,101-500,1,0,2,1,1.0,60.0,0,1,11800.0,1,0.0,1.0,2.0,0.0
4946,500-1000,1,0,2,1,0.0,60.0,0,1,560.5,1,0.0,0.0,0.0,0.0
4947,More than 1000,0,0,2,1,0.0,60.0,1,0,5000.0,1,0.0,0.0,0.0,0.0
4948,1-25,1,0,2,1,0.0,60.0,0,1,118.0,1,0.0,0.0,0.0,0.0
4949,101-500,0,0,2,1,0.0,60.0,1,0,700.0,1,0.0,0.0,0.0,0.0
4950,26-100,0,0,2,1,0.0,60.0,1,0,300.0,1,0.0,0.0,0.0,0.0
4951,26-100,1,0,2,1,0.0,60.0,0,1,53.1,1,0.0,0.0,0.0,0.0
4952,500-1000,0,0,2,1,0.0,60.0,1,0,299.0,2,0.0,1.0,0.0,0.0
4954,26-100,0,0,2,1,0.0,60.0,1,0,299.0,2,0.0,0.0,0.0,0.0
4960,500-1000,0,0,2,0,0.0,60.0,1,0,24920.0,3,0.0,0.0,0.0,0.0
4961,101-500,0,0,2,1,0.0,60.0,0,0,23.0,1,0.0,1.0,0.0,0.0
4962,101-500,1,0,2,1,0.0,60.0,1,1,618.0,2,0.0,0.0,1.0,0.0
4964,1-25,1,0,2,1,0.0,60.0,1,1,168.0,2,0.0,0.0,0.0,0.0
4968,26-100,0,0,2,1,6.0,60.0,1,0,100.0,1,0.0,0.0,0.0,0.0
4978,101-500,1,0,2,1,0.0,60.0,1,1,560.5,1,2.0,1.0,1.0,0.0
4989,26-100,1,0,2,1,0.0,60.0,0,1,1180.0,1,0.0,0.0,0.0,0.0
4991,26-100,1,0,2,1,0.0,60.0,1,1,100.0,1,0.0,0.0,0.0,0.0
4992,1-25,1,0,2,1,0.0,60.0,0,1,234.82,1,0.0,0.0,0.0,0.0
4994,1-25,1,1,1,0,0.0,60.0,0,1,6307.2,5,0.0,0.0,0.0,0.0
4999,26-100,1,0,1,0,0.0,60.0,0,1,634.8199999999999,3,0.0,1.0,1.0,0.0
5000,1-25,1,1,1,0,1.0,60.0,0,1,6476.0,4,3.0,1.0,5.0,1.0
5001,26-100,0,0,1,0,0.0,60.0,0,0,419.0,3,0.0,0.0,0.0,0.0
5002,101-500,0,1,2,1,2.0,60.0,0,0,398.0,2,11.0,2.0,5.0,5.0
5026,101-500,0,0,2,1,0.0,60.0,0,0,199.0,1,0.0,0.0,0.0,0.0
5027,1-25,0,0,2,1,1.0,60.0,0,0,499.0,3,0.0,0.0,0.0,0.0
5028,500-1000,0,0,2,1,0.0,60.0,0,0,0.0,1,0.0,0.0,0.0,0.0
5030,26-100,0,0,1,1,0.0,60.0,1,0,100.0,1,0.0,0.0,0.0,0.0
5031,101-500,0,0,1,0,0.0,60.0,0,0,299.0,2,1.0,1.0,1.0,1.0
5032,101-500,1,0,2,1,0.0,60.0,0,1,5900.0,1,0.0,0.0,0.0,0.0
5033,1-25,0,0,2,1,0.0,60.0,0,0,0.0,1,0.0,0.0,0.0,0.0
5034,101-500,0,0,2,1,0.0,60.0,0,0,1069.0,8,0.0,0.0,0.0,0.0
5035,500-1000,0,0,2,1,0.0,60.0,1,0,40.0,1,0.0,0.0,0.0,0.0
5036,500-1000,1,0,2,1,0.0,60.0,0,1,366.0,3,0.0,0.0,0.0,0.0
5037,101-500,1,0,2,1,0.0,60.0,1,1,218.0,2,0.0,0.0,0.0,0.0
5038,1-25,1,0,2,1,0.0,60.0,0,1,234.82,1,0.0,0.0,0.0,0.0
5039,1-25,0,0,2,1,0.0,60.0,0,0,183.0,3,0.0,0.0,0.0,0.0
5040,1-25,1,0,2,1,0.0,60.0,0,1,177.0,2,0.0,0.0,0.0,0.0
5041,26-100,0,0,2,1,0.0,60.0,0,0,100.0,1,0.0,0.0,0.0,0.0
5042,101-500,1,0,2,1,0.0,60.0,0,1,177.0,1,0.0,0.0,0.0,0.0
5043,26-100,0,0,2,1,0.0,60.0,0,0,150.0,1,0.0,0.0,0.0,0.0
5044,26-100,1,0,2,1,0.0,60.0,0,1,100.0,1,0.0,0.0,0.0,0.0
5045,26-100,1,0,2,1,0.0,60.0,0,1,234.82,1,0.0,0.0,11.0,0.0
5046,101-500,1,0,2,1,0.0,60.0,0,1,118.0,1,0.0,0.0,0.0,0.0
5047,1-25,0,0,2,1,0.0,60.0,1,0,100.0,1,0.0,0.0,0.0,0.0
5048,26-100,1,1,2,1,0.0,60.0,0,1,11800.0,1,2.0,1.0,2.0,1.0
5049,26-100,1,0,2,1,0.0,60.0,0,1,11800.0,1,0.0,0.0,0.0,0.0
5050,26-100,1,0,2,1,0.0,60.0,0,1,11800.0,1,0.0,0.0,0.0,0.0
5051,101-500,1,0,2,1,0.0,60.0,0,1,11800.0,1,0.0,0.0,0.0,0.0
5052,26-100,0,0,2,1,0.0,60.0,0,0,1.0,1,0.0,0.0,0.0,0.0
5053,101-500,0,0,2,1,0.0,60.0,0,0,500.0,1,0.0,0.0,0.0,0.0
5054,26-100,0,0,2,1,0.0,60.0,0,0,199.0,1,0.0,0.0,0.0,0.0
5055,26-100,1,0,2,1,0.0,60.0,1,1,11810.0,2,1.0,1.0,1.0,1.0
5056,1-25,1,0,2,1,0.0,60.0,0,1,11800.0,1,0.0,0.0,0.0,0.0
5057,1-25,0,0,2,1,0.0,60.0,0,0,199.0,1,1.0,1.0,11.0,0.0
5058,101-500,1,1,2,1,3.0,60.0,0,1,11918.0,2,52.0,8.0,5.0,14.0
5059,26-100,1,0,2,1,0.0,60.0,0,1,11800.0,1,0.0,0.0,0.0,0.0
5060,1-25,1,0,2,1,0.0,60.0,0,1,11800.0,1,0.0,0.0,1.0,0.0
5061,26-100,1,1,2,0,0.0,60.0,0,1,248.98,3,0.0,0.0,1.0,0.0
5063,26-100,1,0,2,1,0.0,60.0,0,1,11800.0,1,0.0,0.0,1.0,0.0
5064,26-100,1,0,2,1,0.0,60.0,0,1,236.0,1,0.0,0.0,1.0,0.0
5065,500-1000,0,0,2,1,0.0,60.0,1,0,90.0,1,0.0,0.0,0.0,0.0
5066,1-25,1,0,2,1,0.0,60.0,1,1,90.0,1,0.0,0.0,0.0,0.0
5068,1-25,0,0,2,1,0.0,60.0,0,0,199.0,1,0.0,0.0,0.0,0.0
5069,1-25,1,0,2,1,1.0,60.0,1,1,23600.0,2,0.0,0.0,2.0,0.0
5070,1-25,1,1,2,1,1.0,60.0,0,1,590.0,1,0.0,0.0,0.0,0.0
5071,1-25,1,0,2,1,0.0,60.0,0,1,590.0,1,0.0,1.0,0.0,0.0
5072,1-25,1,0,2,1,0.0,60.0,0,1,236.0,1,0.0,0.0,0.0,0.0
5073,101-500,0,1,2,1,7.0,60.0,0,0,100.0,1,5.0,1.0,2.0,4.0
5080,26-100,0,0,2,1,1.0,60.0,1,0,200.0,2,0.0,0.0,0.0,0.0
5081,1-25,1,0,2,1,2.0,60.0,1,1,236.0,1,0.0,0.0,0.0,0.0
5090,26-100,1,1,2,1,1.0,60.0,0,1,11941.6,2,0.0,1.0,6.0,0.0
5092,1-25,1,0,2,1,0.0,60.0,1,1,236.0,1,0.0,0.0,0.0,0.0
5096,101-500,1,0,2,1,0.0,60.0,1,1,236.0,1,0.0,0.0,0.0,0.0
5101,26-100,1,0,2,1,0.0,60.0,0,1,12980.0,2,1.0,1.0,1.0,1.0
5102,101-500,0,0,2,1,0.0,60.0,1,0,199.0,1,0.0,0.0,0.0,0.0
5103,26-100,1,0,2,1,0.0,60.0,0,1,236.0,1,0.0,0.0,0.0,0.0
5104,101-500,1,0,2,1,1.0,60.0,1,1,11800.0,1,0.0,0.0,0.0,0.0
5106,26-100,1,0,2,0,1.0,60.0,1,1,6236.0,3,1.0,1.0,1.0,0.0
5109,1-25,1,1,2,1,1.0,60.0,0,1,234.82,1,4.0,1.0,1.0,2.0
5112,101-500,1,0,2,1,1.0,60.0,1,1,11800.0,1,1.0,1.0,1.0,0.0
5114,101-500,1,0,2,1,1.0,60.0,1,1,11800.0,1,0.0,0.0,0.0,0.0
5117,26-100,1,1,2,1,1.0,60.0,0,1,470.82,2,0.0,0.0,0.0,0.0
5118,1-25,1,0,2,1,0.0,60.0,0,1,469.64,2,0.0,0.0,0.0,0.0
5119,26-100,1,0,2,1,0.0,60.0,0,1,234.82,1,0.0,0.0,0.0,0.0
5121,101-500,1,0,2,1,0.0,60.0,0,1,352.82,2,0.0,1.0,0.0,0.0
5123,26-100,1,0,2,1,0.0,60.0,0,1,234.82,1,3.0,0.0,14.0,0.0
5124,26-100,0,0,2,1,0.0,60.0,0,0,5.0,1,0.0,0.0,0.0,0.0
5125,1-25,1,1,2,0,1.0,60.0,1,1,6000.0,2,0.0,0.0,0.0,0.0
5127,101-500,1,0,2,1,1.0,60.0,1,1,11800.0,1,9.0,2.0,2.0,2.0
5130,101-500,1,0,2,1,0.0,60.0,1,1,11918.0,2,0.0,0.0,1.0,0.0
5131,26-100,1,0,2,0,1.0,60.0,1,1,11900.0,2,2.0,1.0,1.0,0.0
5134,101-500,1,0,2,1,2.0,60.0,0,1,234.82,1,0.0,1.0,1.0,0.0
5137,101-500,1,0,2,1,0.0,60.0,0,1,100.0,1,0.0,0.0,0.0,0.0
5138,26-100,1,0,2,1,0.0,60.0,1,1,5900.0,1,0.0,0.0,0.0,0.0
5139,1-25,1,0,2,0,0.0,60.0,0,1,234.82,1,0.0,0.0,0.0,0.0
5140,1-25,1,0,2,1,0.0,60.0,0,1,234.82,1,0.0,0.0,0.0,0.0
5141,1-25,1,0,2,1,0.0,60.0,0,1,234.82,1,0.0,0.0,0.0,0.0
5142,1-25,1,0,2,1,0.0,60.0,0,1,6134.82,2,0.0,0.0,0.0,0.0
5143,26-100,1,0,2,1,0.0,60.0,0,1,246.62,2,0.0,0.0,0.0,0.0
5145,101-500,1,0,2,1,0.0,60.0,0,1,234.82,1,0.0,0.0,0.0,0.0
5146,26-100,0,0,2,1,0.0,60.0,0,0,222.0,1,0.0,0.0,0.0,0.0
5147,26-100,0,0,2,0,0.0,60.0,0,0,34.0,2,0.0,0.0,0.0,0.0
5148,101-500,1,0,2,1,2.0,60.0,1,1,11800.0,1,2.0,4.0,2.0,0.0
5149,500-1000,1,1,2,0,2.0,60.0,0,1,1940.82,6,0.0,1.0,12.0,0.0
5150,26-100,1,0,2,0,1.0,60.0,1,1,12136.0,3,1.0,1.0,1.0,1.0
5151,1-25,1,0,2,1,0.0,60.0,0,1,100.0,1,0.0,0.0,0.0,0.0
5160,101-500,1,0,2,1,1.0,60.0,0,1,234.82,1,0.0,0.0,0.0,0.0
5163,1-25,0,0,2,1,0.0,60.0,0,0,0.0,1,0.0,0.0,0.0,0.0
5164,1-25,1,0,2,1,0.0,60.0,1,1,11800.0,1,0.0,1.0,3.0,0.0
5165,More than 1000,1,0,2,1,0.0,60.0,0,1,199.0,1,0.0,0.0,4.0,0.0
5166,26-100,0,1,2,1,2.0,60.0,0,0,4932.0,8,0.0,0.0,2.0,0.0
5169,101-500,1,1,1,0,1.0,60.0,1,1,659.6,4,0.0,0.0,0.0,0.0
5174,101-500,1,1,2,0,1.0,60.0,1,1,6340.0,3,0.0,0.0,0.0,0.0
5176,26-100,1,0,2,0,0.0,60.0,1,1,7122.0,2,0.0,0.0,0.0,0.0
5178,101-500,1,0,2,1,0.0,60.0,1,1,199.0,1,0.0,0.0,0.0,0.0
5179,500-1000,1,0,2,1,0.0,60.0,0,1,756.0,3,0.0,0.0,0.0,0.0
5180,26-100,1,0,2,1,1.0,60.0,1,1,11800.0,1,2.0,2.0,1.0,0.0
5181,101-500,1,0,2,1,0.0,60.0,1,1,11800.0,1,0.0,0.0,0.0,0.0
5183,1-25,1,0,2,1,0.0,60.0,0,1,234.82,1,0.0,0.0,0.0,0.0
5184,101-500,1,0,2,1,1.0,60.0,1,1,6134.82,2,0.0,0.0,0.0,0.0
5186,26-100,1,0,2,1,1.0,60.0,1,1,77404.46,13,0.0,0.0,0.0,0.0
5188,101-500,1,0,2,1,1.0,60.0,1,1,11800.0,1,0.0,0.0,0.0,0.0
5190,101-500,1,0,2,1,4.0,60.0,1,1,5900.0,1,0.0,0.0,0.0,0.0
5191,26-100,1,0,2,1,3.0,60.0,0,1,469.64,2,0.0,0.0,0.0,0.0
5193,101-500,0,1,2,1,4.0,60.0,1,0,6404.0,9,0.0,2.0,4.0,0.0
5201,26-100,1,0,2,1,1.0,60.0,1,1,12100.0,2,19.0,2.0,1.0,1.0
5204,26-100,1,0,2,1,0.0,60.0,1,1,12034.82,2,0.0,0.0,0.0,0.0
5205,500-1000,1,0,2,1,0.0,60.0,0,1,433.82,2,0.0,0.0,0.0,0.0
5206,1-25,1,0,2,1,0.0,60.0,0,1,12034.82,2,0.0,0.0,0.0,0.0
5207,101-500,1,0,2,1,0.0,60.0,0,1,469.64,2,0.0,0.0,0.0,0.0
5208,101-500,1,0,2,1,0.0,60.0,1,1,11800.0,1,0.0,0.0,0.0,0.0
5212,101-500,1,0,2,1,0.0,60.0,1,1,6134.82,2,0.0,0.0,0.0,0.0
5213,101-500,1,1,2,1,1.0,60.0,1,1,5900.0,1,0.0,0.0,0.0,0.0
5215,26-100,1,1,2,1,0.0,60.0,0,1,234.82,1,0.0,0.0,1.0,0.0
5216,1-25,0,1,1,1,1.0,60.0,0,0,796.0,4,0.0,0.0,0.0,0.0
5217,26-100,1,1,2,0,0.0,60.0,1,1,6543.82,6,0.0,0.0,0.0,0.0
5219,26-100,0,0,2,1,0.0,60.0,0,0,199.0,1,0.0,0.0,0.0,0.0
5220,101-500,1,1,1,0,1.0,60.0,0,1,7320.46,9,0.0,0.0,0.0,0.0
5221,101-500,1,1,2,1,1.0,60.0,0,1,234.82,1,0.0,0.0,0.0,0.0
5224,1-25,0,1,2,1,1.0,60.0,1,0,1029.0,3,0.0,0.0,0.0,0.0
5225,More than 1000,1,1,2,0,1.0,60.0,0,1,30786.26,10,0.0,0.0,0.0,0.0
5228,101-500,1,1,2,0,1.0,60.0,1,1,6445.96,6,0.0,1.0,11.0,0.0
5229,26-100,0,0,2,1,0.0,60.0,0,0,398.0,2,0.0,0.0,0.0,0.0
5230,500-1000,1,0,2,1,0.0,60.0,0,1,9000.0,1,0.0,0.0,0.0,0.0
5231,101-500,1,0,1,0,2.0,60.0,1,1,12791.02,7,0.0,0.0,0.0,0.0
5233,101-500,1,0,1,0,1.0,60.0,1,1,505129.0,5,0.0,0.0,0.0,0.0
5234,101-500,0,0,2,1,0.0,60.0,0,0,100.0,1,0.0,0.0,0.0,0.0
5235,26-100,0,0,2,1,0.0,60.0,1,0,300.0,1,0.0,0.0,0.0,0.0
5236,101-500,0,0,2,1,0.0,60.0,1,0,5199.0,2,0.0,0.0,0.0,0.0
5237,500-1000,1,1,2,1,1.0,60.0,0,1,499.14,2,0.0,0.0,0.0,0.0
5239,26-100,0,0,2,1,0.0,60.0,1,0,199.0,1,0.0,0.0,0.0,0.0
5240,26-100,0,0,2,1,0.0,60.0,0,0,199.0,1,0.0,0.0,0.0,0.0
5241,101-500,1,0,2,0,3.0,60.0,0,1,18559.64,7,0.0,0.0,0.0,0.0
5242,26-100,0,0,2,1,1.0,60.0,1,0,199.0,1,0.0,0.0,0.0,0.0
5246,1-25,0,0,2,1,0.0,60.0,1,0,199.0,1,0.0,0.0,0.0,0.0
5249,26-100,1,0,2,1,0.0,60.0,1,1,11800.0,1,0.0,0.0,0.0,0.0
5250,500-1000,1,1,2,1,1.0,60.0,1,1,4720.0,1,0.0,0.0,0.0,0.0
5252,26-100,0,0,2,1,0.0,60.0,0,0,199.0,1,1.0,1.0,0.0,1.0
5258,26-100,1,1,2,1,1.0,60.0,1,1,5000.0,1,0.0,0.0,0.0,0.0
5259,26-100,0,0,2,1,0.0,60.0,1,0,5398.0,3,0.0,0.0,0.0,0.0
5261,26-100,0,1,2,1,0.0,60.0,0,0,200.0,1,0.0,0.0,0.0,0.0
5262,1-25,0,0,2,1,0.0,60.0,1,0,199.0,1,0.0,0.0,0.0,0.0
5269,26-100,1,0,2,1,0.0,60.0,0,1,234.82,1,0.0,1.0,1.0,0.0
5275,500-1000,0,0,2,1,0.0,60.0,0,0,100.0,1,0.0,0.0,0.0,0.0
5276,1-25,0,0,2,1,0.0,60.0,0,0,100.0,1,0.0,0.0,0.0,0.0
5277,1-25,1,0,2,1,0.0,60.0,1,1,5234.82,2,0.0,0.0,0.0,0.0
5278,500-1000,1,0,2,1,0.0,60.0,1,1,5900.0,1,0.0,0.0,1.0,0.0
5279,26-100,1,0,2,1,0.0,60.0,1,1,5900.0,1,0.0,0.0,0.0,0.0
5280,101-500,1,0,2,1,0.0,60.0,0,1,234.82,1,0.0,0.0,0.0,0.0
5281,26-100,1,0,2,1,0.0,60.0,1,1,5900.0,1,4.0,1.0,1.0,0.0
5282,26-100,1,0,2,1,0.0,60.0,0,1,30000.0,2,0.0,0.0,0.0,0.0
5283,101-500,0,0,2,1,0.0,60.0,0,0,977.0,2,0.0,0.0,0.0,0.0
5287,101-500,1,0,2,1,0.0,60.0,1,1,5900.0,1,0.0,0.0,0.0,0.0
5289,26-100,1,0,2,1,0.0,60.0,1,1,5900.0,1,0.0,0.0,0.0,0.0
5290,26-100,1,0,2,1,0.0,60.0,1,1,5900.0,1,0.0,0.0,0.0,0.0
5292,26-100,1,0,2,1,0.0,60.0,1,1,11800.0,1,1.0,1.0,1.0,1.0
5293,101-500,1,0,2,1,0.0,60.0,1,1,11999.0,2,1.0,1.0,1.0,1.0
5294,26-100,1,0,2,1,0.0,60.0,1,1,6144.0,3,0.0,0.0,0.0,0.0
5295,101-500,1,0,2,1,0.0,60.0,1,1,11800.0,1,9.0,2.0,9.0,5.0
5296,1-25,1,0,2,1,0.0,60.0,0,1,234.82,1,0.0,0.0,0.0,0.0
5297,1-25,1,0,2,1,1.0,60.0,0,1,47200.0,2,0.0,0.0,0.0,0.0
5299,26-100,0,0,2,1,0.0,60.0,0,0,499.0,1,0.0,0.0,1.0,0.0
5300,1-25,0,0,2,1,1.0,60.0,1,1,19788.0,2,0.0,0.0,0.0,0.0
5302,1-25,1,0,2,1,1.0,60.0,0,1,47200.0,2,0.0,0.0,0.0,0.0
5304,1-25,1,0,2,1,1.0,60.0,0,1,47200.0,2,0.0,0.0,0.0,0.0
5306,1-25,1,0,2,1,1.0,60.0,0,1,47200.0,2,0.0,0.0,0.0,0.0
5308,1-25,1,0,2,1,1.0,60.0,0,1,47200.0,2,0.0,0.0,0.0,0.0
5310,1-25,1,0,2,1,1.0,60.0,0,1,696200.0,24,0.0,0.0,0.0,0.0
5312,26-100,1,0,2,1,1.0,60.0,0,1,47200.0,2,0.0,0.0,0.0,0.0
5314,1-25,1,0,2,1,1.0,60.0,0,1,194700.0,7,0.0,0.0,0.0,0.0
5316,1-25,1,0,2,1,1.0,60.0,0,1,47200.0,2,0.0,0.0,0.0,0.0
5318,1-25,1,0,2,1,1.0,60.0,0,1,47200.0,2,0.0,0.0,0.0,0.0
5320,1-25,1,0,2,1,1.0,60.0,0,1,47200.0,2,0.0,0.0,0.0,0.0
5322,1-25,1,0,2,1,1.0,60.0,0,1,3410200.0,116,0.0,0.0,0.0,0.0
5324,1-25,1,0,2,1,1.0,60.0,0,1,76700.0,3,0.0,0.0,0.0,0.0
5326,500-1000,0,0,2,1,0.0,60.0,1,0,5287.0,2,0.0,0.0,0.0,0.0
5328,101-500,0,0,2,1,0.0,60.0,0,0,499.0,1,0.0,1.0,1.0,0.0
5329,26-100,1,0,2,1,0.0,60.0,0,1,17700.0,1,0.0,0.0,0.0,0.0
5330,101-500,1,0,2,1,0.0,60.0,0,1,29500.0,1,0.0,0.0,0.0,0.0
5331,1-25,1,0,2,1,0.0,60.0,0,1,17700.0,1,0.0,0.0,0.0,0.0
5332,1-25,0,0,2,1,0.0,60.0,0,0,499.0,1,0.0,0.0,0.0,0.0
5333,500-1000,1,0,2,1,1.0,60.0,0,1,17700.0,1,2.0,1.0,0.0,1.0
5335,500-1000,0,1,1,0,17.0,60.0,0,0,27886.0,11,519.0,71.0,89.0,203.0
5337,26-100,1,0,2,1,1.0,60.0,0,1,29500.0,1,7.0,1.0,1.0,0.0
5339,101-500,0,0,2,1,0.0,60.0,0,0,499.0,1,0.0,0.0,0.0,0.0
5340,500-1000,1,0,2,1,0.0,60.0,0,1,29500.0,1,0.0,0.0,0.0,0.0
5341,500-1000,0,1,2,1,2.0,60.0,0,0,499.0,1,3.0,1.0,6.0,3.0
5342,101-500,1,0,2,1,1.0,60.0,0,1,17700.0,1,0.0,1.0,10.0,0.0
5343,500-1000,0,0,2,1,0.0,60.0,0,0,499.0,1,0.0,0.0,0.0,0.0
5344,500-1000,0,1,2,1,1.0,60.0,0,0,998.0,2,0.0,1.0,10.0,0.0
5345,26-100,0,0,2,1,1.0,60.0,0,0,499.0,1,2.0,1.0,13.0,0.0
5346,26-100,1,0,2,1,1.0,60.0,0,1,588.82,1,1.0,1.0,10.0,0.0
5350,101-500,0,0,2,1,0.0,60.0,0,0,499.0,1,0.0,0.0,0.0,0.0
5352,101-500,1,0,2,1,1.0,60.0,0,1,17700.0,1,0.0,1.0,12.0,0.0
5355,26-100,0,0,2,1,0.0,60.0,0,0,2.0,1,1.0,1.0,1.0,1.0
5356,101-500,1,0,2,1,1.0,60.0,0,1,165200.0,6,1.0,0.0,6.0,0.0
5358,26-100,0,0,2,1,1.0,60.0,1,0,40574.0,7,1.0,1.0,1.0,0.0
5360,26-100,1,0,2,1,2.0,60.0,0,1,50000.0,2,0.0,0.0,4.0,0.0
5361,26-100,0,0,2,1,0.0,60.0,0,0,499.0,1,0.0,0.0,0.0,0.0
5362,26-100,0,0,2,1,0.0,60.0,0,0,499.0,1,0.0,0.0,0.0,0.0
5381,101-500,0,0,2,1,0.0,60.0,0,0,499.0,1,0.0,0.0,0.0,0.0
5382,500-1000,1,1,2,0,1.0,60.0,0,1,257100.0,11,11.0,2.0,2.0,9.0
5385,500-1000,0,0,2,1,0.0,60.0,0,0,499.0,1,0.0,1.0,1.0,0.0
5386,101-500,0,1,2,1,2.0,60.0,0,0,1497.0,3,0.0,0.0,4.0,0.0
5389,1-25,0,0,2,1,1.0,60.0,0,0,499.0,1,9.0,2.0,1.0,8.0
5391,1-25,1,0,2,1,1.0,60.0,0,1,29500.0,1,0.0,0.0,0.0,0.0
5393,1-25,0,0,2,1,0.0,60.0,0,0,6030.0,6,0.0,0.0,0.0,0.0
5394,500-1000,0,0,2,1,2.0,60.0,1,0,10499.0,3,3.0,4.0,21.0,0.0
5395,1-25,1,1,2,1,0.0,60.0,0,1,17700.0,1,0.0,0.0,0.0,0.0
5397,101-500,1,0,2,1,1.0,60.0,0,1,29500.0,1,37.0,4.0,4.0,6.0
5401,1-25,0,0,2,1,0.0,60.0,1,0,10000.0,2,5.0,2.0,1.0,2.0
5403,101-500,1,1,2,1,1.0,60.0,0,1,53100.0,3,16.0,5.0,14.0,1.0
5404,26-100,1,1,2,1,0.0,60.0,0,1,17700.0,1,11.0,2.0,4.0,8.0
5405,101-500,0,0,2,1,0.0,60.0,0,0,509.0,2,0.0,1.0,0.0,0.0
5406,26-100,0,0,2,1,0.0,60.0,1,0,1000.0,1,0.0,0.0,0.0,0.0
5407,101-500,1,0,2,1,0.0,60.0,0,1,29500.0,1,0.0,0.0,0.0,0.0
5408,26-100,0,0,2,1,0.0,60.0,1,0,5287.0,2,0.0,0.0,0.0,0.0
5409,101-500,1,0,2,1,0.0,60.0,0,1,29500.0,1,1.0,2.0,0.0,0.0
5410,26-100,1,1,2,1,0.0,60.0,0,1,29500.0,1,0.0,0.0,0.0,0.0
5411,26-100,1,1,2,1,0.0,60.0,0,1,17700.0,1,0.0,0.0,0.0,0.0
5413,26-100,1,1,2,1,1.0,60.0,0,1,17700.0,1,3.0,1.0,1.0,2.0
5414,1-25,0,0,2,1,0.0,60.0,1,0,5287.0,2,0.0,1.0,0.0,0.0
5416,101-500,1,0,2,1,9.0,60.0,0,1,29500.0,1,12.0,1.0,1.0,1.0
5417,26-100,0,1,2,1,1.0,60.0,1,0,20150.0,6,69.0,5.0,4.0,38.0
5418,500-1000,0,0,2,1,0.0,60.0,1,0,499.0,1,0.0,0.0,0.0,0.0
5419,500-1000,0,0,2,1,0.0,60.0,1,0,5287.0,2,0.0,0.0,0.0,0.0
5420,101-500,0,0,2,1,0.0,60.0,0,0,0.0,1,0.0,1.0,0.0,0.0
5421,1-25,0,1,2,1,1.0,60.0,0,0,0.0,1,11.0,1.0,1.0,11.0
5423,26-100,1,0,2,1,1.0,60.0,0,1,17700.0,1,4.0,1.0,1.0,0.0
5424,26-100,1,1,2,1,1.0,60.0,0,1,17700.0,1,3.0,1.0,1.0,3.0
5425,101-500,1,0,2,1,0.0,60.0,0,1,29500.0,1,6.0,1.0,1.0,2.0
5426,26-100,0,0,2,1,0.0,60.0,1,0,4788.0,1,0.0,0.0,0.0,0.0
5428,101-500,1,0,2,1,1.0,60.0,0,1,150700.0,6,11.0,6.0,1.0,10.0
5429,101-500,1,1,2,1,2.0,60.0,0,1,17700.0,1,4.0,1.0,1.0,0.0
5430,101-500,1,0,2,1,0.0,60.0,0,1,29500.0,1,11.0,4.0,2.0,9.0
5431,26-100,1,0,2,1,0.0,60.0,1,1,200.0,1,0.0,1.0,0.0,0.0
5432,500-1000,1,0,2,1,0.0,60.0,0,1,17700.0,1,0.0,0.0,0.0,0.0
5435,101-500,0,0,2,1,0.0,60.0,0,0,0.0,1,0.0,0.0,0.0,0.0
5436,1-25,0,0,2,1,0.0,60.0,0,0,0.0,1,0.0,0.0,0.0,0.0
5437,101-500,0,0,2,1,0.0,60.0,0,0,499.0,1,0.0,0.0,0.0,0.0
5441,26-100,1,0,2,1,1.0,60.0,0,1,17700.0,1,4.0,1.0,0.0,4.0
5449,500-1000,1,0,2,1,1.0,60.0,0,1,15000.0,1,2.0,1.0,1.0,2.0
5453,1-25,0,0,2,1,0.0,60.0,0,0,499.0,2,0.0,0.0,0.0,0.0
5454,1-25,0,0,2,1,0.0,60.0,0,1,0.0,1,0.0,0.0,0.0,0.0
5457,1-25,0,0,2,1,0.0,60.0,0,1,0.0,1,0.0,0.0,0.0,0.0
5458,1-25,0,0,2,1,0.0,60.0,0,0,0.0,1,0.0,0.0,0.0,0.0
5461,26-100,0,0,2,1,0.0,60.0,0,0,499.0,2,1.0,1.0,0.0,1.0
5462,26-100,1,0,2,1,0.0,60.0,1,1,10000.0,1,0.0,0.0,0.0,0.0
5463,26-100,1,0,2,1,0.0,60.0,0,1,17700.0,1,11.0,1.0,1.0,0.0
5464,101-500,1,0,2,1,0.0,60.0,1,1,23600.0,1,0.0,0.0,0.0,0.0
5465,26-100,0,0,2,1,0.0,60.0,1,0,10075.0,3,4.0,1.0,1.0,0.0
5466,1-25,1,0,2,1,0.0,60.0,0,1,17700.0,1,0.0,0.0,0.0,0.0
5470,26-100,1,1,2,1,0.0,60.0,1,1,39500.0,2,1.0,1.0,1.0,0.0
5473,500-1000,0,0,2,1,0.0,60.0,1,0,5287.0,3,0.0,0.0,0.0,0.0
5474,1-25,1,0,2,1,0.0,60.0,0,0,15000.0,1,0.0,0.0,0.0,0.0
5475,1-25,1,0,2,1,0.0,60.0,0,1,17700.0,1,0.0,0.0,0.0,0.0
5476,1-25,1,0,2,1,0.0,60.0,0,1,17700.0,1,0.0,0.0,0.0,0.0
5477,101-500,1,0,2,1,0.0,60.0,0,1,17700.0,1,0.0,0.0,0.0,0.0
5478,101-500,0,0,2,1,0.0,60.0,1,0,40000.0,1,0.0,0.0,0.0,0.0
5479,26-100,1,0,2,1,0.0,60.0,0,0,15000.0,1,0.0,0.0,0.0,0.0
5480,26-100,1,0,2,1,0.0,60.0,0,0,15000.0,1,0.0,0.0,0.0,0.0
5482,1-25,0,0,2,1,0.0,60.0,0,1,0.0,1,0.0,0.0,0.0,0.0
5483,1-25,0,0,2,1,0.0,60.0,0,0,0.0,1,0.0,0.0,0.0,0.0
5485,26-100,1,0,2,1,0.0,60.0,0,0,1500.0,1,0.0,0.0,0.0,0.0
5486,101-500,1,0,2,1,0.0,60.0,0,0,0.0,1,0.0,0.0,0.0,0.0
5487,1-25,1,0,2,1,0.0,60.0,0,0,499.0,1,0.0,0.0,0.0,0.0
5488,101-500,0,0,2,1,0.0,60.0,0,0,0.0,1,0.0,0.0,0.0,0.0
5489,500-1000,0,0,2,1,0.0,60.0,1,0,499.0,2,0.0,0.0,0.0,0.0
5490,26-100,1,0,2,1,0.0,60.0,0,0,25000.0,1,0.0,0.0,0.0,0.0
5491,101-500,0,0,2,1,0.0,60.0,0,0,0.0,1,0.0,0.0,1.0,0.0
5492,101-500,1,1,2,1,0.0,60.0,0,1,17700.0,1,110.0,3.0,4.0,7.0
5493,26-100,0,0,2,1,0.0,60.0,1,0,9576.0,2,0.0,1.0,0.0,0.0
5494,26-100,0,0,2,1,0.0,60.0,1,0,4788.0,2,0.0,0.0,0.0,0.0
5495,500-1000,0,0,2,1,0.0,60.0,1,0,5786.0,3,0.0,0.0,1.0,0.0
5496,1-25,0,0,2,1,0.0,60.0,1,0,499.0,2,0.0,0.0,0.0,0.0
5497,26-100,1,0,2,1,0.0,60.0,0,1,17700.0,1,0.0,0.0,0.0,0.0
5498,26-100,1,0,2,1,1.0,60.0,0,1,17700.0,1,1.0,1.0,1.0,0.0
5499,26-100,1,0,2,1,0.0,60.0,0,1,29500.0,1,0.0,0.0,0.0,0.0
5501,26-100,1,1,2,1,0.0,60.0,0,1,29500.0,1,0.0,0.0,0.0,0.0
5502,500-1000,1,1,2,1,0.0,60.0,1,1,10000.0,1,2.0,1.0,2.0,1.0
5503,26-100,0,1,1,1,0.0,60.0,1,0,5287.0,3,0.0,0.0,0.0,0.0
5504,500-1000,1,0,2,1,0.0,60.0,0,1,47200.0,2,0.0,0.0,0.0,0.0
5505,26-100,1,1,2,1,0.0,60.0,0,1,17700.0,1,1.0,1.0,1.0,1.0
5507,26-100,1,0,2,1,0.0,60.0,0,1,47200.0,2,0.0,0.0,0.0,0.0
5509,1-25,0,0,2,1,0.0,60.0,0,0,0.0,1,0.0,0.0,0.0,0.0
5510,26-100,0,1,2,1,1.0,60.0,1,0,9576.0,2,0.0,1.0,2.0,0.0
5511,26-100,0,1,2,1,0.0,60.0,0,0,499.0,1,0.0,0.0,0.0,0.0
5512,101-500,1,0,2,0,0.0,60.0,1,1,43700.0,3,9.0,1.0,1.0,0.0
5513,101-500,1,1,2,1,1.0,60.0,0,1,17700.0,1,0.0,0.0,0.0,0.0
5514,101-500,1,1,2,1,0.0,60.0,1,1,57200.0,3,0.0,0.0,0.0,0.0
5515,1-25,1,1,2,1,0.0,60.0,0,1,17700.0,1,0.0,1.0,1.0,0.0
5517,26-100,1,0,2,1,0.0,60.0,0,1,47200.0,2,0.0,0.0,0.0,0.0
5518,500-1000,1,0,2,1,0.0,60.0,0,1,17700.0,1,0.0,0.0,0.0,0.0
5519,26-100,1,0,2,1,0.0,60.0,1,1,5649.84,1,0.0,0.0,0.0,0.0
5520,26-100,1,0,2,1,0.0,60.0,0,1,29500.0,1,0.0,0.0,0.0,0.0
5521,26-100,1,0,2,1,0.0,60.0,0,1,47200.0,2,0.0,0.0,0.0,0.0
5522,26-100,1,1,2,1,0.0,60.0,0,1,17700.0,1,0.0,0.0,0.0,0.0
5523,26-100,1,0,2,1,0.0,60.0,0,1,47200.0,2,0.0,0.0,0.0,0.0
5524,26-100,1,1,2,1,1.0,60.0,0,1,29500.0,1,0.0,0.0,0.0,0.0
5526,26-100,1,1,2,1,3.0,60.0,1,1,30000.0,3,74.0,4.0,4.0,32.0
5527,101-500,1,0,2,1,0.0,60.0,0,1,17700.0,1,0.0,0.0,0.0,0.0
5528,26-100,1,0,2,0,0.0,60.0,0,1,29500.0,1,0.0,0.0,0.0,0.0
5529,26-100,1,0,2,1,0.0,60.0,0,1,29500.0,1,3.0,1.0,1.0,1.0
5530,1-25,1,0,2,1,0.0,60.0,0,1,29500.0,1,8.0,1.0,1.0,2.0
5531,101-500,1,0,2,1,0.0,60.0,0,1,17700.0,1,0.0,1.0,2.0,0.0
5533,26-100,1,1,2,1,0.0,60.0,0,1,17700.0,1,0.0,0.0,0.0,0.0
5534,101-500,1,0,2,1,1.0,60.0,0,1,17700.0,1,0.0,0.0,0.0,0.0
5535,1-25,1,0,2,1,0.0,60.0,0,1,17700.0,1,1.0,1.0,0.0,0.0
5537,1-25,0,0,2,1,0.0,60.0,0,0,499.0,1,0.0,0.0,0.0,0.0
5538,26-100,1,0,2,1,1.0,60.0,0,1,29500.0,1,35.0,2.0,1.0,7.0
5540,26-100,0,0,2,1,0.0,60.0,0,0,998.0,2,0.0,0.0,0.0,0.0
5541,101-500,0,0,2,1,0.0,60.0,0,0,499.0,1,0.0,0.0,0.0,0.0
5542,101-500,0,0,2,1,0.0,60.0,0,0,499.0,1,0.0,0.0,0.0,0.0
5543,101-500,0,0,2,1,0.0,60.0,0,0,499.0,1,0.0,0.0,0.0,0.0
5544,101-500,1,0,2,1,0.0,60.0,0,1,17700.0,1,0.0,0.0,0.0,0.0
5545,26-100,0,0,2,1,0.0,60.0,1,0,499.0,1,0.0,0.0,0.0,0.0
5546,500-1000,1,1,2,1,0.0,60.0,0,1,17700.0,1,0.0,0.0,0.0,0.0
5547,26-100,0,0,2,1,0.0,60.0,0,0,499.0,1,0.0,0.0,0.0,0.0
5548,26-100,0,0,2,1,0.0,60.0,0,0,499.0,1,0.0,0.0,0.0,0.0
5549,1-25,1,0,2,1,0.0,60.0,0,1,17700.0,1,0.0,0.0,0.0,0.0
5550,101-500,0,0,1,1,1.0,60.0,0,0,649.0,2,7.0,2.0,3.0,1.0
5551,26-100,0,0,2,1,0.0,60.0,0,0,649.0,2,0.0,0.0,0.0,0.0
5552,500-1000,0,0,2,1,0.0,60.0,0,0,499.0,1,0.0,0.0,0.0,0.0
5553,101-500,0,0,2,1,0.0,60.0,0,0,499.0,1,0.0,0.0,0.0,0.0
5554,26-100,0,0,2,1,0.0,60.0,0,0,499.0,1,0.0,0.0,0.0,0.0
5555,1-25,0,0,2,1,0.0,60.0,0,0,499.0,1,0.0,0.0,0.0,0.0
5556,26-100,0,0,2,1,0.0,60.0,1,0,499.0,1,0.0,0.0,0.0,0.0
5557,26-100,0,0,2,1,0.0,60.0,0,0,499.0,1,0.0,0.0,0.0,0.0
5558,101-500,1,0,2,1,0.0,60.0,0,1,17700.0,1,0.0,0.0,0.0,0.0
5559,26-100,0,0,2,1,0.0,60.0,0,0,499.0,1,0.0,0.0,0.0,0.0
5560,1-25,0,0,2,1,0.0,60.0,0,0,499.0,1,0.0,0.0,0.0,0.0
5561,1-25,0,0,2,1,0.0,60.0,0,0,499.0,1,0.0,0.0,0.0,0.0
5562,1-25,0,0,2,1,0.0,60.0,0,0,499.0,1,0.0,0.0,0.0,0.0
5563,26-100,0,0,2,1,0.0,60.0,0,0,499.0,1,0.0,0.0,0.0,0.0
5564,500-1000,0,1,2,0,7.0,60.0,0,0,9376.0,13,59.0,8.0,7.0,37.0
5565,26-100,0,0,2,1,0.0,60.0,1,0,4788.0,1,0.0,0.0,0.0,0.0
5566,101-500,0,0,2,1,0.0,60.0,0,0,499.0,1,0.0,0.0,0.0,0.0
5567,101-500,0,0,2,1,0.0,60.0,0,0,499.0,1,0.0,0.0,0.0,0.0
5568,26-100,1,0,2,1,0.0,60.0,0,0,32700.0,2,0.0,0.0,0.0,0.0
5569,500-1000,1,1,2,1,1.0,60.0,0,1,195200.0,8,10.0,0.0,0.0,7.0
5570,26-100,1,0,2,1,0.0,60.0,0,0,15000.0,1,0.0,0.0,0.0,0.0
5571,26-100,0,0,2,1,1.0,60.0,1,0,1000.0,1,0.0,1.0,1.0,0.0
5572,101-500,1,0,2,0,0.0,60.0,0,0,15000.0,1,0.0,0.0,0.0,0.0
5575,1-25,1,1,2,0,2.0,60.0,1,1,48922.0,4,0.0,0.0,0.0,0.0
5578,More than 1000,0,0,2,1,0.0,60.0,1,0,10000.0,1,15.0,3.0,3.0,6.0
5579,26-100,1,0,2,1,0.0,60.0,0,1,29500.0,1,0.0,0.0,0.0,0.0
5580,26-100,1,0,2,1,0.0,60.0,0,1,17700.0,1,0.0,0.0,0.0,0.0
5583,101-500,0,0,2,1,0.0,60.0,0,0,266.0,1,0.0,0.0,0.0,0.0
5584,1-25,0,0,2,1,0.0,60.0,0,0,10000.0,1,0.0,0.0,0.0,0.0
5585,1-25,0,0,2,1,0.0,60.0,1,0,49788.0,4,0.0,0.0,1.0,0.0
5587,26-100,0,0,2,1,1.0,60.0,0,0,499.0,1,0.0,1.0,1.0,0.0
5589,1-25,1,0,2,1,0.0,60.0,0,1,17700.0,1,0.0,0.0,0.0,0.0
5590,101-500,1,0,2,1,0.0,60.0,0,1,17700.0,1,0.0,0.0,0.0,0.0
5591,26-100,1,0,2,1,0.0,60.0,0,1,29500.0,1,0.0,1.0,1.0,0.0
5592,1-25,1,0,2,1,0.0,60.0,0,1,29500.0,1,0.0,1.0,0.0,0.0
5593,26-100,1,0,2,1,0.0,60.0,0,1,17700.0,1,0.0,1.0,0.0,0.0
5596,26-100,1,0,2,1,0.0,60.0,0,0,25000.0,1,0.0,0.0,0.0,0.0
5597,500-1000,1,0,2,1,0.0,60.0,0,0,15000.0,1,0.0,0.0,0.0,0.0
5598,101-500,1,0,2,1,0.0,60.0,0,1,15000.0,1,0.0,0.0,0.0,0.0
5599,500-1000,1,0,2,1,0.0,60.0,0,0,25000.0,1,0.0,0.0,0.0,0.0
5600,More than 1000,1,0,2,1,0.0,60.0,1,1,10000.0,1,1.0,1.0,1.0,0.0
5605,101-500,1,0,2,1,0.0,60.0,0,0,15000.0,1,0.0,0.0,0.0,0.0
5606,1-25,0,0,2,1,0.0,60.0,0,0,0.0,1,1.0,1.0,0.0,1.0
5608,101-500,0,0,2,1,0.0,60.0,1,0,4788.0,1,1.0,1.0,0.0,0.0
5610,1-25,0,1,2,0,0.0,60.0,0,1,499.0,2,0.0,0.0,0.0,0.0
5612,26-100,1,0,2,1,0.0,60.0,0,1,15000.0,1,0.0,0.0,0.0,0.0
5613,26-100,1,1,2,1,0.0,60.0,0,1,29500.0,1,0.0,0.0,0.0,0.0
5614,101-500,1,1,2,0,0.0,60.0,0,1,45000.0,3,0.0,0.0,0.0,0.0
5615,1-25,0,0,2,0,0.0,60.0,0,1,598.0,6,0.0,0.0,0.0,0.0
5616,More than 1000,1,0,2,1,0.0,60.0,0,1,15000.0,1,2.0,1.0,0.0,2.0
5617,500-1000,1,0,2,1,0.0,60.0,0,1,17700.0,2,0.0,0.0,0.0,0.0
5620,101-500,1,0,2,1,0.0,60.0,0,1,15000.0,1,0.0,0.0,0.0,0.0
5621,101-500,1,0,2,1,0.0,60.0,0,1,15000.0,1,0.0,0.0,0.0,0.0
5622,1-25,0,0,2,0,0.0,60.0,0,0,0.0,3,2.0,1.0,1.0,2.0
5623,1-25,0,0,2,1,0.0,60.0,0,0,0.0,1,0.0,0.0,0.0,0.0
5624,1-25,0,0,2,1,0.0,60.0,0,0,0.0,1,0.0,0.0,0.0,0.0
5625,1-25,0,0,2,1,0.0,60.0,0,0,0.0,1,0.0,0.0,0.0,0.0
5626,101-500,1,0,2,0,0.0,60.0,0,1,17700.0,2,0.0,0.0,0.0,0.0
5627,26-100,1,0,2,1,0.0,60.0,0,1,17700.0,1,0.0,0.0,0.0,0.0
5628,26-100,1,0,2,1,0.0,60.0,0,1,0.0,1,0.0,0.0,0.0,0.0
5629,101-500,1,0,2,1,0.0,60.0,0,1,0.0,1,0.0,0.0,0.0,0.0
5630,26-100,1,0,2,1,0.0,60.0,0,1,29500.0,1,0.0,1.0,0.0,0.0
5631,More than 1000,0,0,2,0,0.0,60.0,1,1,0.0,3,0.0,0.0,0.0,0.0
5632,101-500,1,0,2,1,0.0,60.0,0,1,88500.0,3,6.0,2.0,2.0,6.0
5633,1-25,0,0,2,0,1.0,60.0,0,0,4688.0,12,0.0,1.0,0.0,0.0
5634,26-100,0,0,2,1,0.0,60.0,1,0,9576.0,2,0.0,0.0,0.0,0.0
5635,26-100,0,0,2,1,1.0,60.0,0,0,3491.0,9,1.0,1.0,1.0,0.0
5638,26-100,1,0,2,1,0.0,60.0,0,1,123900.0,5,0.0,0.0,0.0,0.0
5639,101-500,0,0,2,1,0.0,60.0,1,0,25237.0,8,0.0,0.0,0.0,0.0
5641,26-100,0,0,2,1,1.0,60.0,1,0,9576.0,2,0.0,0.0,0.0,0.0
5643,101-500,0,0,2,1,0.0,60.0,1,0,4966.0,2,0.0,0.0,0.0,0.0
5644,26-100,0,0,2,1,0.0,60.0,1,0,6085.0,4,0.0,0.0,0.0,0.0
5646,26-100,0,0,2,1,1.0,60.0,0,0,4888.0,12,3.0,3.0,1.0,3.0
5647,101-500,0,0,2,1,0.0,60.0,1,0,499.0,1,0.0,0.0,0.0,0.0
5648,101-500,1,1,2,0,2.0,60.0,0,1,32700.0,2,0.0,0.0,12.0,0.0
5649,101-500,1,0,2,1,0.0,60.0,0,1,15000.0,1,0.0,0.0,0.0,0.0
5651,26-100,1,0,2,1,0.0,60.0,0,1,15000.0,1,0.0,0.0,0.0,0.0
5652,500-1000,0,0,2,1,0.0,60.0,0,0,299.0,2,0.0,0.0,0.0,0.0
5653,26-100,1,1,2,0,1.0,60.0,0,1,35400.0,2,5.0,2.0,1.0,4.0
5654,101-500,0,0,2,1,1.0,60.0,0,0,2394.0,6,1.0,0.0,0.0,0.0
5655,1-25,0,0,2,1,0.0,60.0,1,0,4788.0,2,0.0,0.0,0.0,0.0
5657,1-25,0,0,2,0,0.0,60.0,0,0,698.0,3,0.0,0.0,0.0,0.0
5658,1-25,1,0,2,1,0.0,60.0,0,1,17700.0,1,0.0,0.0,0.0,0.0
5661,26-100,0,0,2,1,0.0,60.0,0,0,499.0,1,0.0,0.0,10.0,0.0
5662,26-100,1,0,2,1,0.0,60.0,0,1,29500.0,1,0.0,0.0,0.0,0.0
5663,101-500,1,0,2,1,0.0,60.0,0,1,29500.0,1,0.0,0.0,0.0,0.0
5664,26-100,1,0,2,1,0.0,60.0,0,1,29500.0,1,0.0,0.0,0.0,0.0
5665,26-100,1,0,2,1,1.0,60.0,0,1,17700.0,1,2.0,1.0,0.0,2.0
5666,26-100,1,0,2,1,0.0,60.0,0,1,17700.0,1,1.0,1.0,0.0,0.0
5667,26-100,1,0,2,1,0.0,60.0,0,1,17700.0,1,2.0,1.0,1.0,0.0
5670,26-100,1,0,2,1,0.0,60.0,0,1,17700.0,1,0.0,1.0,1.0,0.0
5672,500-1000,0,0,2,1,0.0,60.0,0,0,299.0,1,0.0,0.0,0.0,0.0
5673,1-25,0,1,2,0,0.0,60.0,0,0,399.0,1,0.0,0.0,0.0,0.0
5674,101-500,1,0,2,0,0.0,60.0,0,1,113100.0,7,12.0,2.0,1.0,5.0
5677,1-25,1,0,2,1,0.0,60.0,0,1,15000.0,2,0.0,0.0,0.0,0.0
5678,101-500,1,0,2,1,0.0,60.0,0,1,17700.0,1,0.0,0.0,0.0,0.0
5679,101-500,1,1,2,1,0.0,60.0,0,1,29500.0,1,0.0,0.0,0.0,0.0
5690,26-100,0,0,2,1,1.0,60.0,0,0,399.0,1,0.0,0.0,0.0,0.0
5692,500-1000,0,1,2,1,1.0,60.0,0,0,399.0,1,0.0,0.0,0.0,0.0
5694,1-25,1,0,2,1,2.0,60.0,0,1,47200.0,2,1.0,2.0,1.0,1.0
5695,101-500,0,0,2,1,0.0,60.0,1,0,20000.0,1,0.0,0.0,1.0,0.0
5699,1-25,1,0,2,1,0.0,60.0,0,1,25000.0,1,0.0,0.0,0.0,0.0
5701,26-100,0,0,2,1,0.0,60.0,1,0,10000.0,1,0.0,0.0,0.0,0.0
5702,500-1000,0,0,2,1,0.0,60.0,0,0,39.0,1,0.0,0.0,0.0,0.0
5703,26-100,0,1,2,1,0.0,60.0,0,0,39.0,1,0.0,0.0,0.0,0.0
5704,500-1000,0,0,2,1,0.0,60.0,0,0,399.0,1,0.0,0.0,0.0,0.0
5705,26-100,1,0,2,1,0.0,60.0,0,1,52200.0,3,0.0,0.0,0.0,0.0
5706,1-25,1,0,2,0,1.0,60.0,0,1,163650.0,11,0.0,0.0,0.0,0.0
5708,1-25,1,0,2,1,2.0,60.0,0,1,29500.0,1,1.0,1.0,1.0,1.0
5709,500-1000,1,0,2,1,0.0,60.0,1,1,1800.0,1,1.0,1.0,1.0,1.0
5710,1-25,0,0,2,1,0.0,60.0,0,0,399.0,1,0.0,0.0,0.0,0.0
5711,1-25,0,0,2,1,0.0,60.0,0,1,15000.0,1,0.0,0.0,0.0,0.0
5712,101-500,1,0,2,1,0.0,60.0,0,1,17700.0,1,0.0,0.0,0.0,0.0
5713,26-100,1,0,2,1,0.0,60.0,0,1,17700.0,1,1.0,1.0,0.0,0.0
5714,26-100,1,0,2,1,0.0,60.0,0,1,17700.0,1,0.0,0.0,0.0,0.0
5715,1-25,1,0,2,1,0.0,60.0,0,1,17700.0,1,0.0,0.0,0.0,0.0
5716,1-25,1,0,2,1,0.0,60.0,0,1,17700.0,1,0.0,0.0,0.0,0.0
5719,101-500,1,0,2,1,1.0,60.0,0,1,17700.0,1,0.0,0.0,0.0,0.0
5720,26-100,0,0,2,1,0.0,60.0,0,0,399.0,1,0.0,0.0,0.0,0.0
5721,1-25,1,0,2,1,0.0,60.0,0,1,17700.0,1,0.0,0.0,0.0,0.0
5722,101-500,1,1,2,1,5.0,60.0,0,1,17700.0,1,5.0,2.0,1.0,2.0
5725,101-500,0,1,2,1,3.0,60.0,0,0,1397.0,3,0.0,1.0,0.0,0.0
5737,500-1000,0,1,1,1,2.0,60.0,0,0,1396.0,4,1.0,0.0,0.0,0.0
5741,26-100,1,1,1,0,2.0,60.0,0,1,87965.0,7,0.0,0.0,0.0,0.0
5748,26-100,1,0,2,1,0.0,60.0,0,1,17700.0,1,0.0,0.0,0.0,0.0
5750,1-25,1,0,2,1,0.0,60.0,0,1,17700.0,1,0.0,1.0,0.0,0.0
5751,26-100,0,0,2,1,0.0,60.0,1,0,5586.0,3,4.0,1.0,1.0,3.0
5752,1-25,1,0,1,1,1.0,60.0,0,1,92700.0,6,0.0,0.0,0.0,0.0
5755,1-25,0,0,2,1,0.0,60.0,0,0,399.0,1,4.0,2.0,0.0,1.0
5756,26-100,1,0,2,1,1.0,60.0,0,1,17700.0,1,1.0,0.0,0.0,0.0
5758,500-1000,0,0,2,1,0.0,60.0,1,0,0.0,1,0.0,0.0,0.0,0.0
5759,26-100,0,0,2,0,1.0,60.0,1,0,69576.0,8,0.0,0.0,0.0,0.0
5761,1-25,0,0,2,1,1.0,60.0,1,0,113319.0,29,0.0,0.0,0.0,0.0
5764,1-25,1,0,2,1,0.0,60.0,0,1,470.82,1,0.0,0.0,0.0,0.0
5765,26-100,0,0,1,1,1.0,60.0,1,0,38703.0,9,1.0,1.0,1.0,0.0
5766,101-500,1,1,1,0,1.0,60.0,1,1,246600.0,12,0.0,0.0,0.0,0.0
5768,26-100,1,1,2,1,1.0,60.0,0,1,76700.0,3,3.0,3.0,1.0,1.0
5771,1-25,0,0,1,1,1.0,60.0,0,0,1197.0,3,0.0,0.0,0.0,0.0
5773,26-100,1,0,2,1,0.0,60.0,0,1,88500.0,3,0.0,0.0,0.0,0.0
5774,1-25,1,0,2,1,0.0,60.0,0,1,53100.0,3,0.0,0.0,0.0,0.0
5775,500-1000,1,0,1,0,0.0,60.0,1,1,241800.0,6,0.0,0.0,0.0,0.0
5776,1-25,1,0,2,0,0.0,60.0,0,1,61300.0,3,2.0,1.0,1.0,2.0
5777,26-100,1,0,2,1,0.0,60.0,0,1,59000.0,2,0.0,0.0,0.0,0.0
5778,500-1000,1,0,1,1,0.0,60.0,1,1,160000.0,8,0.0,0.0,0.0,0.0
5779,500-1000,0,0,2,1,0.0,60.0,1,0,120000.0,4,0.0,0.0,0.0,0.0
5780,500-1000,1,0,1,1,1.0,60.0,1,1,188800.0,8,0.0,0.0,0.0,0.0
5781,101-500,0,0,2,0,0.0,60.0,1,0,54000.0,5,0.0,0.0,0.0,0.0
5782,26-100,0,0,2,1,0.0,60.0,0,0,399.0,1,0.0,0.0,0.0,0.0
5783,26-100,0,0,2,1,1.0,60.0,0,0,399.0,1,0.0,0.0,0.0,0.0
5784,26-100,1,0,2,1,0.0,60.0,1,1,10000.0,1,0.0,0.0,0.0,0.0
5785,1-25,1,0,2,1,0.0,60.0,1,1,10000.0,1,0.0,0.0,0.0,0.0
5786,26-100,1,0,2,1,0.0,60.0,0,1,59000.0,2,0.0,0.0,0.0,0.0
5787,1-25,1,0,2,1,0.0,60.0,1,1,10000.0,1,0.0,0.0,0.0,0.0
5788,1-25,1,0,2,1,0.0,60.0,1,0,10000.0,1,0.0,0.0,0.0,0.0
5789,101-500,1,0,2,1,0.0,60.0,1,1,0.0,1,0.0,0.0,0.0,0.0
5792,1-25,1,0,2,0,0.0,60.0,0,1,15000.0,2,0.0,0.0,0.0,0.0
5793,26-100,1,0,2,1,0.0,60.0,1,1,0.0,1,0.0,0.0,0.0,0.0
5794,1-25,1,0,2,1,0.0,60.0,1,0,0.0,1,0.0,0.0,0.0,0.0
5795,1-25,1,0,2,1,0.0,60.0,1,0,0.0,1,0.0,0.0,0.0,0.0
5796,500-1000,1,0,1,1,1.0,60.0,1,1,63600.0,6,0.0,0.0,0.0,0.0
5798,More than 1000,0,0,2,1,1.0,60.0,0,0,698.0,2,1.0,2.0,1.0,0.0
5800,26-100,0,1,1,1,2.0,3640.0,0,0,26373.0,11,267.0,31.0,13.0,154.0
5801,26-100,1,1,2,1,4.0,60.0,0,1,47200.0,2,84.0,13.0,26.0,19.0
5805,26-100,0,0,2,0,0.0,60.0,1,0,139.0,2,0.0,0.0,0.0,0.0
5806,More than 1000,0,0,2,1,0.0,60.0,0,1,0.0,1,0.0,0.0,0.0,0.0
5807,1-25,0,0,2,1,1.0,60.0,0,1,0.0,1,0.0,0.0,0.0,0.0
5809,1-25,0,0,1,1,0.0,60.0,1,0,4788.0,1,0.0,0.0,0.0,0.0
5810,1-25,0,0,1,1,0.0,60.0,1,0,0.0,1,0.0,0.0,0.0,0.0
5811,1-25,0,0,1,1,0.0,60.0,1,0,4788.0,2,0.0,0.0,0.0,0.0
5813,26-100,0,0,2,1,0.0,60.0,0,0,399.0,1,3.0,1.0,1.0,0.0
5814,101-500,1,1,1,1,1.0,60.0,0,1,153400.0,6,734.0,124.0,17.0,396.0
5815,1-25,0,0,2,1,0.0,60.0,1,0,798.0,2,0.0,0.0,0.0,0.0
5817,More than 1000,0,0,2,1,0.0,60.0,0,0,399.0,1,0.0,1.0,0.0,0.0
5819,26-100,1,0,2,1,0.0,60.0,0,1,0.0,1,0.0,0.0,0.0,0.0
5820,101-500,1,0,2,1,0.0,60.0,0,1,15000.0,1,0.0,0.0,0.0,0.0
5821,More than 1000,1,0,2,1,0.0,60.0,1,1,23600.0,2,0.0,0.0,0.0,0.0
5822,1-25,1,0,2,1,1.0,60.0,0,1,17700.0,1,8.0,1.0,1.0,8.0
5823,1-25,1,1,2,1,1.0,60.0,0,1,32700.0,2,0.0,0.0,3.0,0.0
5824,26-100,0,0,2,1,0.0,60.0,1,0,4788.0,1,0.0,0.0,0.0,0.0
5828,26-100,1,0,2,1,1.0,60.0,0,1,17700.0,1,13.0,3.0,10.0,10.0
5829,26-100,1,0,2,1,0.0,60.0,0,1,17700.0,1,2.0,2.0,0.0,2.0
5831,26-100,1,0,2,1,1.0,60.0,0,1,17700.0,1,3.0,1.0,1.0,3.0
5834,101-500,0,0,2,0,0.0,60.0,1,0,35000.0,2,2.0,2.0,2.0,1.0
5837,1-25,0,1,2,1,0.0,60.0,1,0,5785.0,4,2.0,1.0,1.0,1.0
5838,101-500,0,0,2,1,0.0,60.0,1,1,10000.0,1,0.0,0.0,0.0,0.0
5839,26-100,1,1,1,1,0.0,60.0,0,1,141600.0,6,0.0,0.0,0.0,0.0
5842,101-500,0,0,2,1,0.0,60.0,0,0,399.0,1,0.0,0.0,0.0,0.0
5843,500-1000,0,0,2,1,0.0,60.0,0,0,399.0,1,1.0,1.0,0.0,1.0
5844,500-1000,0,0,2,1,0.0,60.0,1,0,499.0,1,0.0,0.0,0.0,0.0
5845,500-1000,0,1,2,1,0.0,60.0,1,0,4788.0,1,0.0,0.0,0.0,0.0
5846,26-100,0,0,2,1,0.0,60.0,1,0,10000.0,1,0.0,1.0,0.0,0.0
5849,26-100,1,0,2,1,0.0,60.0,0,1,44500.0,2,2.0,1.0,1.0,0.0
5850,1-25,1,0,2,1,0.0,60.0,0,1,17700.0,1,1.0,1.0,0.0,1.0
5851,101-500,0,0,2,1,0.0,60.0,1,0,111.0,1,0.0,0.0,0.0,0.0
5852,1-25,0,0,2,1,0.0,60.0,0,0,698.0,2,52.0,8.0,1.0,31.0
5853,1-25,0,0,2,1,0.0,60.0,1,0,4788.0,1,0.0,0.0,0.0,0.0
5854,101-500,0,1,1,1,1.0,58.0,0,0,2946.0,6,78.0,8.0,156.0,32.0
5856,26-100,1,1,2,1,4.0,60.0,0,1,35400.0,2,230.0,7.0,11.0,151.0
5857,26-100,1,0,2,1,0.0,60.0,0,1,17700.0,1,0.0,0.0,0.0,0.0
5868,1-25,1,1,1,1,4.0,60.0,0,1,224200.0,8,614.0,41.0,11.0,375.0
5874,26-100,1,1,1,0,1.0,60.0,0,1,550120.0,21,834.0,80.0,41.0,384.0
5875,1-25,1,1,2,1,2.0,60.0,0,1,17700.0,1,13.0,4.0,4.0,10.0
5877,26-100,0,0,2,1,0.0,60.0,0,0,399.0,1,0.0,0.0,0.0,0.0
5878,101-500,1,0,2,1,1.0,60.0,0,1,17700.0,1,0.0,0.0,0.0,0.0
5880,26-100,1,0,2,1,1.0,60.0,0,1,29500.0,1,1.0,1.0,3.0,0.0
5883,101-500,1,0,2,1,1.0,60.0,0,1,17700.0,1,22.0,5.0,6.0,12.0
5885,500-1000,1,0,2,1,1.0,60.0,0,1,47200.0,2,200.0,15.0,16.0,156.0
5886,26-100,1,0,2,1,0.0,60.0,0,1,29500.0,1,0.0,0.0,0.0,0.0
5887,1-25,1,0,2,1,1.0,60.0,0,1,29500.0,1,91.0,5.0,7.0,39.0
5891,26-100,0,0,2,1,0.0,60.0,0,0,399.0,1,16.0,2.0,1.0,7.0
5892,26-100,0,0,2,1,0.0,60.0,0,0,399.0,1,0.0,0.0,0.0,0.0
5893,1-25,0,0,2,1,0.0,60.0,1,0,5187.0,2,14.0,2.0,189.0,7.0
5894,1-25,0,0,2,1,0.0,60.0,0,0,698.0,2,0.0,0.0,0.0,0.0
5895,26-100,1,0,2,1,0.0,60.0,0,1,17700.0,1,1.0,1.0,1.0,1.0
5896,26-100,1,0,2,1,0.0,60.0,0,1,47200.0,2,0.0,2.0,0.0,0.0
5897,101-500,1,0,2,1,1.0,60.0,0,1,17700.0,1,0.0,1.0,1.0,0.0
5898,26-100,1,1,2,0,4.0,60.0,0,1,177000.0,6,757.0,75.0,17.0,328.0
5899,26-100,1,0,2,1,0.0,60.0,0,1,29500.0,1,3.0,1.0,2.0,0.0
5900,1-25,1,0,2,1,0.0,60.0,0,1,29500.0,1,0.0,1.0,0.0,0.0
5901,1-25,0,1,2,0,1.0,60.0,0,0,1898.0,3,2.0,1.0,1.0,1.0
5903,26-100,0,1,2,1,0.0,60.0,1,0,5486.0,3,0.0,0.0,0.0,0.0
5904,26-100,1,0,2,1,0.0,60.0,0,1,59000.0,2,0.0,1.0,1.0,0.0
5905,26-100,1,1,1,0,1.0,60.0,0,1,200600.0,10,0.0,0.0,0.0,0.0
5908,101-500,1,1,2,0,0.0,60.0,0,1,15000.0,1,0.0,0.0,0.0,0.0
5909,More than 1000,0,1,2,0,5.0,60.0,1,0,15187.0,3,5.0,2.0,1.0,1.0
5917,26-100,1,1,2,0,1.0,60.0,1,1,47700.0,4,0.0,0.0,0.0,0.0
5921,26-100,1,0,2,1,1.0,60.0,0,1,470.82,1,1.0,1.0,1.0,0.0
5924,1-25,0,1,2,1,1.0,60.0,1,0,17181.0,9,14.0,2.0,3.0,3.0
5925,More than 1000,1,0,2,1,1.0,60.0,1,1,15000.0,1,14.0,3.0,2.0,2.0
5926,500-1000,1,0,1,0,0.0,60.0,0,1,16437.8,4,0.0,0.0,0.0,0.0
5928,26-100,1,0,2,1,0.0,60.0,0,1,15000.0,1,0.0,0.0,0.0,0.0
5929,500-1000,1,0,2,1,0.0,60.0,0,1,25000.0,2,1.0,1.0,1.0,0.0
5930,26-100,1,0,2,1,1.0,60.0,0,1,19116.0,2,38.0,9.0,3.0,22.0
5931,1-25,0,0,2,1,1.0,60.0,1,0,5187.0,2,1.0,1.0,1.0,0.0
5932,More than 1000,0,0,2,1,0.0,60.0,1,0,1000.0,1,0.0,1.0,1.0,0.0
5933,101-500,0,0,2,1,0.0,60.0,0,0,399.0,1,5.0,2.0,1.0,0.0
5936,101-500,1,0,2,1,0.0,60.0,1,1,10000.0,1,17.0,3.0,2.0,0.0
5937,1-25,0,0,2,1,0.0,60.0,1,0,10000.0,1,0.0,0.0,0.0,0.0
5939,1-25,1,0,2,1,0.0,60.0,0,1,17700.0,1,0.0,0.0,0.0,0.0
5940,26-100,1,0,2,1,0.0,60.0,0,1,17700.0,1,0.0,0.0,0.0,0.0
5941,1-25,1,0,2,1,1.0,60.0,0,1,47200.0,2,11.0,5.0,5.0,6.0
5942,26-100,1,0,2,1,0.0,60.0,0,1,29500.0,1,0.0,0.0,0.0,0.0
5943,26-100,1,1,1,1,3.0,59.0,0,1,727300.0,29,1347.0,197.0,40.0,449.0
5945,101-500,1,0,2,1,0.0,60.0,0,1,29500.0,1,15.0,3.0,4.0,8.0
5946,26-100,1,0,2,1,0.0,60.0,1,1,10000.0,1,0.0,1.0,1.0,0.0
5947,101-500,1,1,1,1,4.0,60.0,1,1,41800.0,4,723.0,151.0,33.0,470.0
5948,1-25,0,0,2,1,0.0,60.0,0,0,399.0,1,8.0,3.0,2.0,1.0
5949,1-25,1,0,2,1,1.0,60.0,0,1,17700.0,1,23.0,5.0,1.0,15.0
5951,26-100,1,0,2,1,0.0,60.0,0,1,29500.0,1,0.0,0.0,0.0,0.0
5952,26-100,1,0,2,1,0.0,60.0,1,1,10000.0,1,0.0,0.0,0.0,0.0
5953,26-100,0,0,2,1,0.0,60.0,0,0,399.0,1,0.0,0.0,0.0,0.0
5956,26-100,0,0,2,1,1.0,60.0,1,0,5187.0,2,4.0,1.0,1.0,0.0
5958,More than 1000,0,0,2,1,0.0,60.0,1,0,10000.0,1,1.0,2.0,1.0,0.0
5959,26-100,1,1,2,1,1.0,60.0,0,1,53100.0,3,139.0,5.0,16.0,47.0
5960,101-500,1,0,2,1,0.0,60.0,0,1,17700.0,1,0.0,1.0,1.0,0.0
5966,26-100,1,0,2,1,0.0,60.0,0,1,17700.0,1,0.0,0.0,0.0,0.0
5969,26-100,0,1,2,1,2.0,60.0,0,0,399.0,1,27.0,9.0,5.0,3.0
5971,1-25,1,0,2,1,0.0,60.0,0,1,17700.0,1,0.0,0.0,0.0,0.0
5972,1-25,1,0,2,1,0.0,60.0,0,1,0.0,1,0.0,0.0,0.0,0.0
5973,500-1000,0,0,2,1,0.0,60.0,0,0,399.0,1,0.0,0.0,0.0,0.0
5974,101-500,1,0,2,1,1.0,60.0,0,1,17700.0,1,49.0,11.0,1.0,32.0
5980,More than 1000,1,0,2,1,0.0,60.0,0,1,29500.0,1,0.0,0.0,0.0,0.0
5981,500-1000,1,0,2,1,0.0,60.0,1,1,10000.0,1,0.0,0.0,0.0,0.0
5983,More than 1000,1,0,2,1,0.0,60.0,1,1,10000.0,1,0.0,0.0,0.0,0.0
5985,More than 1000,0,0,2,1,1.0,60.0,0,0,399.0,1,11.0,3.0,1.0,5.0
5987,101-500,0,0,2,1,0.0,60.0,1,0,10000.0,1,0.0,0.0,0.0,0.0
5988,26-100,1,0,2,1,0.0,60.0,0,1,17700.0,1,0.0,0.0,0.0,0.0
5989,26-100,1,0,2,1,0.0,60.0,0,1,29500.0,1,2.0,1.0,0.0,2.0
5990,26-100,1,0,2,1,0.0,60.0,1,1,10000.0,1,1.0,1.0,0.0,1.0
5991,101-500,1,0,2,1,1.0,60.0,0,1,17700.0,1,7.0,2.0,0.0,7.0
5992,26-100,0,0,2,1,0.0,60.0,1,0,4788.0,1,1.0,1.0,0.0,1.0
5993,101-500,0,0,2,1,0.0,60.0,1,0,10000.0,1,9.0,1.0,1.0,3.0
5994,1-25,1,0,2,1,0.0,60.0,0,1,29500.0,1,15.0,3.0,3.0,15.0
5996,1-25,0,0,2,1,1.0,60.0,1,0,5187.0,2,14.0,3.0,1.0,15.0
5997,26-100,1,0,2,1,0.0,60.0,0,1,17700.0,1,1.0,1.0,1.0,1.0
5998,26-100,1,0,2,1,0.0,60.0,0,1,29500.0,1,1.0,1.0,1.0,1.0
6000,101-500,0,0,2,1,1.0,60.0,1,0,10000.0,1,5.0,1.0,1.0,4.0
6002,500-1000,1,0,2,1,1.0,60.0,1,1,20000.0,2,2.0,0.0,3.0,1.0
6004,101-500,0,0,1,1,0.0,1860.0,0,0,6588.0,2,0.0,0.0,0.0,0.0
6005,500-1000,1,0,2,1,1.0,60.0,1,1,10000.0,1,0.0,1.0,2.0,0.0
6006,500-1000,0,1,1,1,3.0,60.0,0,0,9726.0,3,1.0,1.0,2.0,0.0
6007,500-1000,0,0,2,1,1.0,60.0,1,0,4788.0,1,1.0,1.0,1.0,4.0
6008,101-500,0,0,2,1,0.0,60.0,1,0,10000.0,1,0.0,0.0,0.0,0.0
6009,1-25,0,0,2,1,1.0,60.0,1,0,10000.0,1,4.0,1.0,1.0,6.0
6014,500-1000,1,1,1,0,16.0,59.0,0,1,354365.0,13,1172.0,1.0,1.0,481.0
6016,26-100,0,0,2,1,0.0,60.0,0,0,399.0,1,1.0,1.0,1.0,1.0
6017,500-1000,0,1,1,1,10.0,1860.0,0,0,4798.0,11,15.0,6.0,9.0,5.0
6019,26-100,1,0,2,1,0.0,60.0,0,1,17700.0,1,1.0,1.0,1.0,1.0
6021,500-1000,0,1,2,1,4.0,60.0,0,0,1098.0,4,12.0,1.0,2.0,5.0
6023,More than 1000,1,0,2,1,1.0,60.0,1,1,400000.0,2,5.0,2.0,4.0,2.0
6025,26-100,0,1,2,1,1.0,60.0,0,0,399.0,1,39.0,8.0,1.0,27.0
6027,101-500,1,0,2,1,0.0,60.0,0,1,17700.0,1,0.0,0.0,0.0,0.0
6028,26-100,0,0,2,1,0.0,60.0,0,0,399.0,1,9.0,6.0,2.0,5.0
6029,500-1000,0,1,2,1,1.0,60.0,0,0,898.0,2,4.0,1.0,1.0,1.0
6031,500-1000,0,0,2,1,0.0,60.0,1,0,10000.0,1,0.0,0.0,0.0,0.0
6032,26-100,0,0,2,1,0.0,60.0,1,0,10000.0,1,8.0,2.0,1.0,6.0
6033,26-100,0,0,2,1,1.0,60.0,0,0,10399.0,2,0.0,0.0,0.0,0.0
6035,1-25,1,0,2,1,0.0,60.0,0,1,17700.0,1,0.0,0.0,0.0,0.0
6036,26-100,1,1,2,1,2.0,60.0,0,1,35400.0,2,10.0,2.0,6.0,7.0
6037,More than 1000,1,0,2,1,0.0,60.0,0,1,84000.0,3,0.0,0.0,0.0,0.0
6038,26-100,0,0,2,1,1.0,60.0,0,0,549.0,2,2.0,2.0,2.0,0.0
6039,26-100,1,0,2,1,1.0,60.0,0,1,44500.0,2,6.0,1.0,1.0,3.0
6042,26-100,0,1,2,1,10.0,60.0,0,0,998.0,4,11.0,2.0,3.0,3.0
6046,26-100,1,0,2,1,0.0,60.0,0,1,29500.0,1,7.0,1.0,1.0,0.0
6047,More than 1000,0,0,2,1,0.0,60.0,0,0,699.0,3,11.0,3.0,1.0,0.0
6058,More than 1000,0,1,2,1,2.0,60.0,1,0,5785.0,4,0.0,0.0,0.0,0.0
6069,1-25,1,0,2,1,0.0,60.0,0,1,29500.0,1,0.0,0.0,0.0,0.0
6070,26-100,1,1,2,1,0.0,60.0,0,1,64900.0,3,0.0,0.0,0.0,0.0
6071,26-100,1,0,2,1,0.0,60.0,1,1,11800.0,1,0.0,0.0,0.0,0.0
6072,More than 1000,1,1,2,1,3.0,60.0,0,1,35400.0,2,0.0,1.0,1.0,0.0
6076,26-100,0,0,2,1,0.0,60.0,0,0,399.0,1,0.0,0.0,0.0,0.0
6078,101-500,1,0,2,1,0.0,60.0,0,1,17700.0,1,0.0,0.0,0.0,0.0
6079,101-500,1,0,2,1,0.0,60.0,0,1,17700.0,1,0.0,0.0,0.0,0.0
6080,26-100,1,0,2,1,0.0,60.0,0,1,17700.0,1,0.0,0.0,0.0,0.0
6081,More than 1000,1,0,1,1,2.0,60.0,1,1,71000.0,8,50.0,1.0,1.0,26.0
6082,500-1000,1,0,2,1,1.0,60.0,1,1,1.18,1,0.0,0.0,0.0,0.0
6083,1-25,1,1,2,1,3.0,60.0,0,1,150.0,1,0.0,0.0,0.0,0.0
6084,1-25,1,1,2,1,0.0,60.0,0,1,35400.0,2,0.0,0.0,0.0,0.0
6085,26-100,1,0,2,1,1.0,60.0,0,1,88500.0,5,6.0,3.0,4.0,2.0
6086,26-100,1,0,2,1,0.0,60.0,0,1,25000.0,1,0.0,0.0,0.0,0.0
6087,More than 1000,1,0,2,1,0.0,60.0,0,1,1180.0,1,0.0,0.0,0.0,0.0
6088,26-100,0,1,2,1,0.0,60.0,1,0,5187.0,2,0.0,0.0,0.0,0.0
6089,1-25,1,0,2,1,0.0,60.0,0,1,17700.0,1,2.0,1.0,0.0,0.0
6090,More than 1000,1,0,2,1,0.0,60.0,1,1,1180.0,1,0.0,0.0,0.0,0.0
6091,More than 1000,1,0,2,1,0.0,60.0,1,1,1180.0,1,0.0,0.0,0.0,0.0
6092,More than 1000,1,0,2,1,0.0,60.0,1,1,1180.0,1,0.0,0.0,0.0,0.0
6093,500-1000,1,0,2,1,0.0,60.0,0,1,25000.0,1,0.0,0.0,0.0,0.0
6094,26-100,1,0,2,1,0.0,60.0,0,1,1000.0,1,0.0,0.0,0.0,0.0
6095,26-100,1,0,2,1,0.0,60.0,0,1,1000.0,1,0.0,0.0,0.0,0.0
6096,500-1000,1,0,2,1,0.0,60.0,0,1,15000.0,1,0.0,0.0,0.0,0.0
6097,26-100,1,0,2,1,0.0,60.0,0,1,15000.0,1,0.0,1.0,1.0,0.0
6098,101-500,1,0,2,1,0.0,60.0,0,1,15000.0,1,0.0,0.0,0.0,0.0
6099,101-500,1,0,2,1,0.0,60.0,0,1,15000.0,1,0.0,0.0,0.0,0.0
6100,101-500,1,0,2,1,0.0,60.0,0,1,15000.0,1,0.0,0.0,0.0,0.0
6101,26-100,1,0,2,1,0.0,60.0,0,1,17700.0,1,2.0,1.0,0.0,0.0
6102,101-500,1,0,2,1,0.0,60.0,1,1,10000.0,1,0.0,0.0,0.0,0.0
6103,1-25,1,0,2,1,0.0,60.0,0,1,25000.0,1,0.0,0.0,0.0,0.0
6104,500-1000,1,0,2,1,0.0,60.0,0,1,15000.0,1,0.0,0.0,0.0,0.0
6105,500-1000,1,0,2,1,0.0,60.0,1,1,10000.0,1,0.0,0.0,0.0,0.0
6107,101-500,0,1,2,1,1.0,59.0,0,0,5238.0,15,2.0,1.0,0.0,1.0
6108,101-500,1,0,2,1,0.0,60.0,0,1,17700.0,1,0.0,0.0,0.0,0.0
6109,1-25,1,1,2,1,1.0,60.0,0,1,177000.0,6,0.0,0.0,0.0,0.0
6110,1-25,1,0,2,1,1.0,60.0,0,1,17700.0,1,487.0,3.0,1.0,183.0
6111,1-25,1,0,2,1,0.0,60.0,0,1,29500.0,1,296.0,67.0,6.0,92.0
6112,500-1000,0,1,2,1,1.0,60.0,1,0,6486.0,3,0.0,0.0,0.0,0.0
6113,1-25,0,0,2,1,0.0,60.0,0,0,399.0,1,0.0,0.0,0.0,0.0
6114,More than 1000,0,0,2,1,0.0,60.0,1,0,10000.0,1,0.0,0.0,0.0,0.0
6115,1-25,1,0,2,1,0.0,60.0,1,0,0.0,1,0.0,0.0,0.0,0.0
6116,1-25,0,0,2,1,0.0,60.0,1,0,0.0,1,0.0,0.0,0.0,0.0
6117,1-25,0,0,2,1,0.0,60.0,1,0,0.0,1,0.0,0.0,0.0,0.0
6118,101-500,0,0,2,1,0.0,60.0,1,0,10000.0,1,0.0,0.0,0.0,0.0
6119,26-100,0,0,2,1,0.0,60.0,1,0,4788.0,1,0.0,0.0,0.0,0.0
6120,101-500,0,0,2,1,0.0,60.0,1,0,4788.0,1,0.0,0.0,0.0,0.0
6121,500-1000,0,0,2,1,0.0,60.0,1,0,4788.0,1,0.0,0.0,0.0,0.0
6122,26-100,0,0,2,1,0.0,60.0,1,0,4788.0,1,0.0,0.0,0.0,0.0
6123,1-25,0,0,2,1,0.0,60.0,1,0,0.0,1,0.0,0.0,0.0,0.0
6124,500-1000,0,0,2,1,0.0,60.0,0,0,399.0,1,0.0,2.0,0.0,0.0
6125,101-500,0,0,2,1,0.0,60.0,1,0,10000.0,1,0.0,0.0,0.0,0.0
6126,101-500,0,0,2,1,0.0,60.0,1,0,1000.0,1,0.0,0.0,0.0,0.0
6127,26-100,0,0,2,1,0.0,60.0,0,0,399.0,1,0.0,0.0,0.0,0.0
6128,26-100,0,0,2,1,0.0,60.0,1,0,1000.0,1,0.0,0.0,0.0,0.0
6129,More than 1000,0,0,2,1,0.0,60.0,1,0,10000.0,1,0.0,0.0,0.0,0.0
6131,101-500,1,0,2,1,0.0,60.0,0,1,17700.0,1,0.0,0.0,0.0,0.0
6132,101-500,1,0,2,1,0.0,60.0,0,1,17700.0,1,0.0,0.0,0.0,0.0
6133,101-500,1,0,2,1,0.0,60.0,0,1,17700.0,1,0.0,0.0,0.0,0.0
6134,1-25,1,0,2,1,0.0,60.0,0,1,17700.0,1,0.0,0.0,0.0,0.0
6135,26-100,1,0,2,1,0.0,60.0,0,1,17700.0,1,0.0,0.0,0.0,0.0
6136,101-500,1,0,2,1,0.0,60.0,0,1,17700.0,1,1.0,1.0,1.0,1.0
6137,26-100,1,0,2,1,0.0,60.0,0,1,17700.0,1,0.0,0.0,0.0,0.0
6138,101-500,1,0,2,1,0.0,60.0,0,1,17700.0,1,0.0,0.0,0.0,0.0
6139,1-25,1,0,2,1,3.0,88.0,0,1,44500.0,2,983.0,82.0,12.0,468.0
6141,1-25,1,0,1,1,0.0,60.0,0,1,25000.0,1,0.0,0.0,0.0,0.0
6142,26-100,0,0,2,1,0.0,60.0,0,0,399.0,1,0.0,0.0,0.0,0.0
6143,26-100,0,0,1,1,0.0,60.0,0,1,0.0,1,0.0,0.0,0.0,0.0
6144,26-100,1,0,1,1,0.0,60.0,0,1,15000.0,1,0.0,0.0,0.0,0.0
6145,101-500,0,0,1,1,0.0,60.0,1,0,4788.0,1,0.0,0.0,0.0,0.0
6146,26-100,1,0,2,1,0.0,60.0,1,1,10000.0,1,0.0,0.0,0.0,0.0
6147,1-25,0,0,2,1,0.0,60.0,1,0,0.0,1,0.0,0.0,0.0,0.0
6148,1-25,0,0,2,1,0.0,60.0,0,0,0.0,1,0.0,0.0,0.0,0.0
6149,1-25,0,0,1,1,0.0,60.0,1,1,0.0,1,0.0,0.0,0.0,0.0
6151,1-25,1,0,2,1,0.0,60.0,0,1,15000.0,1,0.0,1.0,0.0,0.0
6152,26-100,1,0,2,1,0.0,60.0,1,1,11800.0,1,0.0,0.0,0.0,0.0
6154,26-100,1,1,2,1,0.0,60.0,0,1,35400.0,2,0.0,0.0,0.0,0.0
6157,500-1000,0,0,2,1,0.0,60.0,1,0,12000.0,1,0.0,0.0,0.0,0.0
6165,26-100,1,0,2,1,1.0,60.0,0,1,17700.0,1,1.0,1.0,0.0,1.0
6167,101-500,1,1,2,1,0.0,60.0,0,1,17700.0,1,8.0,4.0,2.0,0.0
6169,1-25,1,0,1,1,0.0,60.0,0,1,25000.0,1,0.0,0.0,0.0,0.0
6170,26-100,0,1,2,0,1.0,60.0,1,0,11573.0,6,0.0,1.0,0.0,0.0
6171,1-25,0,0,2,0,0.0,60.0,0,0,399.0,1,0.0,0.0,0.0,0.0
6174,26-100,1,0,2,1,0.0,60.0,0,1,17700.0,1,0.0,0.0,0.0,0.0
6175,26-100,1,0,2,1,1.0,60.0,0,1,70800.0,4,0.0,0.0,1.0,0.0
6176,1-25,0,0,2,1,0.0,60.0,0,0,0.0,1,0.0,0.0,0.0,0.0
6177,26-100,0,0,2,1,0.0,60.0,0,0,399.0,1,0.0,0.0,0.0,0.0
6178,1-25,1,0,2,1,0.0,60.0,0,1,0.0,1,0.0,0.0,0.0,0.0
6179,500-1000,1,0,2,1,0.0,60.0,0,1,17700.0,1,0.0,1.0,1.0,0.0
6180,26-100,0,0,2,1,1.0,60.0,0,0,548.0,2,25.0,8.0,5.0,12.0
6181,500-1000,1,0,2,1,0.0,60.0,0,1,17700.0,1,0.0,0.0,0.0,0.0
6182,26-100,1,0,2,1,0.0,60.0,0,1,17700.0,1,0.0,0.0,0.0,0.0
6183,26-100,1,1,2,1,1.0,60.0,0,1,64900.0,3,30.0,5.0,4.0,16.0
6184,26-100,1,1,1,1,3.0,39.0,0,1,94400.0,4,499.0,42.0,11.0,298.0
6185,More than 1000,1,1,1,1,1.0,60.0,0,1,224200.0,10,217.0,31.0,51.0,124.0
6186,1-25,1,0,2,1,0.0,60.0,0,1,17700.0,1,1.0,3.0,1.0,1.0
6188,1-25,1,0,2,1,0.0,60.0,0,1,17700.0,1,1.0,1.0,1.0,1.0
6189,1-25,1,1,2,1,0.0,60.0,0,1,29500.0,1,315.0,23.0,45.0,178.0
6190,1-25,1,0,2,1,0.0,60.0,0,1,29500.0,1,27.0,1.0,1.0,1.0
6194,101-500,0,0,2,1,0.0,60.0,0,0,399.0,1,0.0,0.0,0.0,0.0
6195,101-500,1,0,2,1,0.0,60.0,0,1,17700.0,1,0.0,0.0,0.0,0.0
6196,101-500,0,0,2,1,0.0,60.0,0,0,399.0,1,0.0,0.0,0.0,0.0
6197,101-500,1,0,2,1,0.0,60.0,0,1,17700.0,1,0.0,0.0,0.0,0.0
6199,26-100,1,0,2,1,0.0,60.0,0,1,29500.0,1,0.0,0.0,0.0,0.0
6200,1-25,1,0,2,1,0.0,60.0,0,1,29500.0,1,0.0,0.0,0.0,0.0
6207,26-100,0,1,1,1,1.0,60.0,1,0,19258.0,9,0.0,0.0,0.0,0.0
6209,500-1000,1,0,2,1,0.0,60.0,0,1,29500.0,1,0.0,0.0,0.0,0.0
6210,500-1000,0,0,2,1,0.0,60.0,0,0,399.0,1,0.0,0.0,0.0,0.0
6211,1-25,1,0,2,1,2.0,60.0,0,1,35523.0,3,0.0,0.0,1.0,0.0
6213,26-100,1,0,2,1,0.0,60.0,0,1,17700.0,1,0.0,0.0,0.0,0.0
6214,26-100,0,0,2,1,0.0,60.0,1,0,4788.0,1,0.0,0.0,0.0,0.0
6215,26-100,1,0,2,1,0.0,60.0,0,1,29500.0,1,0.0,0.0,0.0,0.0
6216,26-100,0,0,2,1,0.0,60.0,0,0,2299.0,2,0.0,0.0,0.0,0.0
6217,101-500,1,0,2,1,0.0,60.0,0,1,64900.0,3,0.0,0.0,0.0,0.0
6218,500-1000,1,0,2,1,0.0,60.0,0,1,11800.0,1,0.0,0.0,0.0,0.0
6222,1-25,1,0,2,1,0.0,60.0,0,1,17700.0,1,0.0,0.0,0.0,0.0
6223,500-1000,0,1,2,1,0.0,60.0,0,0,399.0,1,0.0,0.0,0.0,0.0
6224,101-500,0,1,2,1,0.0,60.0,0,0,399.0,1,0.0,0.0,0.0,0.0
6225,1-25,0,0,2,1,0.0,60.0,1,0,0.0,1,0.0,0.0,0.0,0.0
6226,101-500,0,0,2,1,0.0,60.0,0,0,399.0,1,0.0,0.0,0.0,0.0
6227,500-1000,1,1,2,1,11.0,60.0,0,1,59000.0,2,96.0,19.0,14.0,54.0
6229,26-100,0,0,2,1,0.0,60.0,0,0,0.0,1,0.0,0.0,0.0,0.0
6232,1-25,0,0,2,1,0.0,60.0,1,0,148.0,2,0.0,0.0,0.0,0.0
6234,101-500,0,0,2,1,0.0,60.0,0,0,0.0,1,0.0,0.0,0.0,0.0
6235,26-100,0,0,2,1,0.0,60.0,0,0,0.0,1,0.0,0.0,0.0,0.0
6236,26-100,0,1,2,1,0.0,60.0,0,0,0.0,3,0.0,1.0,1.0,0.0
6237,101-500,0,0,2,1,0.0,60.0,0,0,99.0,1,0.0,0.0,0.0,0.0
6238,101-500,0,1,2,1,2.0,60.0,0,0,0.0,4,1.0,2.0,1.0,0.0
6241,101-500,0,1,2,1,1.0,60.0,0,0,0.0,1,14.0,3.0,4.0,3.0
6242,More than 1000,0,0,2,1,0.0,60.0,0,0,999.0,1,0.0,0.0,0.0,0.0
6244,More than 1000,1,0,2,1,0.0,60.0,1,1,20000.0,1,0.0,1.0,1.0,0.0
6245,101-500,0,0,2,1,0.0,60.0,0,0,0.0,1,0.0,0.0,0.0,0.0
6246,1-25,0,0,2,1,0.0,60.0,0,0,99.0,1,0.0,0.0,0.0,0.0
6247,More than 1000,0,0,2,1,0.0,60.0,1,0,10000.0,1,0.0,0.0,0.0,0.0
6248,26-100,0,0,2,1,0.0,60.0,0,0,49.0,1,0.0,0.0,0.0,0.0
6251,1-25,1,0,2,1,0.0,60.0,0,1,17700.0,1,0.0,0.0,0.0,0.0
6252,26-100,1,0,2,1,0.0,60.0,0,1,17700.0,1,0.0,0.0,0.0,0.0
6253,101-500,0,0,2,1,0.0,60.0,0,0,49.0,1,0.0,0.0,0.0,0.0
6254,26-100,0,0,2,1,0.0,60.0,0,0,99.0,1,0.0,0.0,0.0,0.0
6255,101-500,0,0,2,1,0.0,60.0,1,0,10000.0,1,0.0,0.0,0.0,0.0
6256,1-25,0,1,2,1,0.0,60.0,0,0,445.0,9,0.0,0.0,0.0,0.0
6257,26-100,0,1,2,0,0.0,60.0,0,0,198.0,2,1.0,1.0,0.0,1.0
6258,26-100,0,0,1,1,0.0,60.0,1,0,20000.0,4,0.0,0.0,0.0,0.0
6259,1-25,0,0,1,1,0.0,110.0,0,0,50.0,2,0.0,1.0,0.0,0.0
6260,1-25,0,0,2,1,0.0,60.0,0,0,0.0,1,0.0,0.0,0.0,0.0
6261,1-25,0,0,2,1,0.0,60.0,0,0,0.0,1,0.0,0.0,0.0,0.0
6262,26-100,1,1,2,1,2.0,60.0,0,1,47200.0,2,11.0,2.0,1.0,5.0
6264,500-1000,0,0,2,1,0.0,60.0,0,0,49.0,1,0.0,0.0,0.0,0.0
6265,500-1000,1,0,2,1,0.0,60.0,0,1,15000.0,1,0.0,0.0,0.0,0.0
6266,26-100,1,0,2,1,0.0,60.0,0,1,25000.0,1,0.0,0.0,0.0,0.0
6267,101-500,0,0,2,1,0.0,60.0,0,0,100.0,1,0.0,0.0,0.0,0.0
6268,26-100,1,0,2,1,0.0,60.0,1,1,10000.0,1,0.0,0.0,0.0,0.0
6269,26-100,1,0,2,1,0.0,60.0,0,1,15000.0,1,0.0,0.0,0.0,0.0
6270,101-500,0,0,2,1,0.0,60.0,1,0,10000.0,1,0.0,0.0,0.0,0.0
6271,26-100,0,0,2,1,0.0,60.0,0,0,5000.0,1,0.0,0.0,0.0,0.0
6272,26-100,1,0,2,1,0.0,60.0,0,1,17700.0,1,0.0,0.0,0.0,0.0
6273,101-500,0,0,2,1,0.0,60.0,1,0,1000.0,1,0.0,0.0,0.0,0.0
6276,26-100,1,1,2,1,0.0,60.0,0,1,17700.0,1,0.0,0.0,0.0,0.0
6277,101-500,1,0,2,1,0.0,60.0,0,1,29500.0,1,0.0,0.0,0.0,0.0
6278,500-1000,1,0,2,1,0.0,60.0,1,1,25000.0,1,0.0,0.0,0.0,0.0
6279,101-500,1,0,2,1,0.0,60.0,0,1,29500.0,1,0.0,0.0,0.0,0.0
6283,26-100,0,0,2,1,0.0,60.0,0,0,196.0,4,0.0,0.0,0.0,0.0
6284,101-500,1,0,2,1,2.0,60.0,0,1,29500.0,1,3.0,1.0,0.0,2.0
6285,101-500,0,0,2,1,0.0,60.0,0,0,0.0,1,0.0,0.0,0.0,0.0
6286,26-100,0,0,2,1,0.0,60.0,0,0,0.0,1,0.0,0.0,0.0,0.0
6287,26-100,0,1,1,1,2.0,60.0,0,0,3099.0,13,2.0,1.0,0.0,1.0
6288,101-500,0,0,2,1,2.0,60.0,1,0,1000.0,1,0.0,1.0,1.0,0.0
6289,1-25,1,0,2,1,0.0,60.0,0,1,29500.0,1,0.0,0.0,0.0,0.0
6293,26-100,1,1,2,1,0.0,60.0,0,1,17700.0,1,0.0,0.0,0.0,0.0
6301,26-100,0,0,2,1,0.0,60.0,0,0,10.0,1,0.0,0.0,0.0,0.0
6302,101-500,0,0,2,1,1.0,60.0,1,0,1000.0,1,7.0,3.0,1.0,3.0
6303,101-500,0,0,2,1,0.0,60.0,0,0,0.0,1,0.0,0.0,0.0,0.0
6304,101-500,0,0,2,1,0.0,60.0,0,0,0.0,1,0.0,0.0,0.0,0.0
6305,26-100,0,0,2,1,0.0,60.0,0,0,0.0,1,0.0,0.0,0.0,0.0
6306,26-100,0,0,2,1,0.0,60.0,0,0,0.0,1,0.0,0.0,0.0,0.0
6307,26-100,0,0,2,1,0.0,60.0,0,0,0.0,1,0.0,0.0,0.0,0.0
6308,26-100,0,0,2,1,0.0,60.0,0,0,0.0,1,0.0,0.0,0.0,0.0
6309,26-100,0,0,2,1,0.0,60.0,0,0,0.0,1,0.0,0.0,0.0,0.0
6310,26-100,0,0,2,1,0.0,60.0,0,0,99.0,1,0.0,0.0,0.0,0.0
6311,101-500,0,0,2,1,0.0,60.0,0,0,0.0,1,0.0,0.0,0.0,0.0
6312,26-100,1,1,2,1,0.0,60.0,0,1,147500.0,7,0.0,0.0,0.0,0.0
6313,26-100,0,0,2,1,0.0,60.0,0,0,0.0,1,0.0,0.0,0.0,0.0
6314,26-100,0,0,2,1,0.0,60.0,0,0,0.0,1,0.0,0.0,0.0,0.0
6319,26-100,1,0,2,1,0.0,60.0,0,1,29500.0,1,3.0,1.0,0.0,3.0
6321,101-500,1,1,2,1,0.0,60.0,0,1,25000.0,1,0.0,0.0,0.0,0.0
6323,26-100,1,1,2,1,0.0,60.0,0,1,25000.0,1,0.0,0.0,0.0,0.0
6324,101-500,1,0,2,1,0.0,60.0,0,1,25000.0,1,0.0,0.0,0.0,0.0
6326,26-100,1,0,2,1,1.0,60.0,0,1,17700.0,1,45.0,8.0,8.0,28.0
6328,101-500,1,0,2,1,0.0,60.0,0,1,15000.0,1,0.0,0.0,0.0,0.0
6332,101-500,0,0,2,1,0.0,60.0,1,0,10000.0,1,0.0,0.0,0.0,0.0
6333,1-25,0,0,2,1,0.0,60.0,0,0,1.0,1,0.0,0.0,0.0,0.0
6335,26-100,1,0,2,1,4.0,60.0,1,1,11800.0,1,0.0,0.0,0.0,0.0
6337,1-25,1,0,2,1,1.0,60.0,0,1,29500.0,1,0.0,0.0,0.0,0.0
6342,101-500,1,0,2,1,1.0,60.0,0,1,29500.0,1,0.0,0.0,0.0,0.0
6344,101-500,0,0,2,1,1.0,60.0,0,0,49.0,1,0.0,0.0,0.0,0.0
6346,101-500,1,0,2,1,1.0,60.0,0,1,15000.0,1,0.0,0.0,0.0,0.0
6348,101-500,0,0,2,1,1.0,60.0,0,0,148.0,2,0.0,0.0,0.0,0.0
6350,1-25,1,0,2,1,0.0,60.0,0,1,17700.0,1,0.0,0.0,0.0,0.0
6352,1-25,1,0,2,1,0.0,60.0,0,0,0.0,1,0.0,0.0,0.0,0.0
6353,26-100,1,0,2,1,0.0,60.0,0,0,99.0,1,0.0,0.0,0.0,0.0
6354,101-500,1,0,2,1,0.0,60.0,0,1,25000.0,1,0.0,0.0,0.0,0.0
6355,More than 1000,1,0,2,1,0.0,60.0,0,1,0.0,1,0.0,0.0,0.0,0.0
6356,101-500,1,0,2,1,0.0,60.0,0,1,15000.0,1,0.0,0.0,0.0,0.0
6357,26-100,0,0,2,1,0.0,60.0,0,0,99.0,1,0.0,0.0,0.0,0.0
6358,26-100,1,0,2,1,0.0,60.0,0,1,17700.0,1,0.0,0.0,0.0,0.0
6359,101-500,1,1,2,1,1.0,60.0,0,1,17700.0,1,0.0,0.0,0.0,0.0
6361,26-100,0,0,2,1,0.0,60.0,0,0,0.0,1,0.0,0.0,0.0,0.0
6362,101-500,1,0,2,1,0.0,60.0,0,1,29500.0,1,0.0,0.0,0.0,0.0
6363,26-100,0,0,2,1,0.0,60.0,0,0,0.0,1,0.0,0.0,0.0,0.0
6364,101-500,0,0,2,1,0.0,60.0,0,0,0.0,1,0.0,0.0,0.0,0.0
6365,500-1000,0,0,2,1,1.0,60.0,0,0,49.0,1,0.0,0.0,0.0,0.0
6367,101-500,0,0,2,1,1.0,60.0,0,0,99.0,1,0.0,0.0,0.0,0.0
6369,101-500,0,0,2,1,0.0,60.0,0,0,0.0,1,0.0,0.0,0.0,0.0
6370,26-100,0,0,2,1,0.0,60.0,0,0,0.0,1,0.0,0.0,0.0,0.0
6371,26-100,0,0,2,1,0.0,60.0,0,0,0.0,1,0.0,0.0,0.0,0.0
6381,26-100,0,0,2,0,0.0,60.0,0,0,0.0,1,0.0,0.0,0.0,0.0
6382,101-500,0,0,2,1,0.0,60.0,0,0,49.0,2,0.0,0.0,0.0,0.0
6383,26-100,0,0,2,1,0.0,60.0,0,0,0.0,1,0.0,0.0,0.0,0.0
6384,26-100,0,0,2,1,0.0,60.0,0,0,0.0,1,0.0,0.0,0.0,0.0
6385,101-500,0,0,2,0,0.0,60.0,0,0,0.0,1,0.0,0.0,0.0,0.0
6386,101-500,0,0,2,1,0.0,60.0,0,0,0.0,1,0.0,0.0,0.0,0.0
6387,101-500,0,0,2,1,0.0,60.0,0,0,0.0,1,0.0,0.0,0.0,0.0
6388,26-100,0,0,2,1,0.0,60.0,0,0,899.0,1,0.0,0.0,0.0,0.0
6389,1-25,1,0,2,1,0.0,60.0,0,1,17700.0,1,0.0,0.0,0.0,0.0
6390,26-100,1,0,2,1,0.0,60.0,0,1,17700.0,1,0.0,0.0,0.0,0.0
6391,1-25,0,0,2,1,0.0,60.0,0,0,49.0,1,0.0,0.0,0.0,0.0
6392,26-100,1,0,2,1,0.0,60.0,0,1,29500.0,1,0.0,0.0,0.0,0.0
6393,101-500,0,0,2,1,0.0,60.0,0,0,49.0,1,0.0,0.0,0.0,0.0
6394,1-25,0,0,2,1,0.0,60.0,0,0,49.0,1,0.0,0.0,0.0,0.0
6395,26-100,0,0,2,1,0.0,60.0,0,0,899.0,1,0.0,0.0,0.0,0.0
6396,1-25,1,0,2,1,0.0,60.0,0,1,29500.0,1,0.0,0.0,0.0,0.0
6397,1-25,0,0,2,1,0.0,60.0,0,0,49.0,1,0.0,0.0,0.0,0.0
6398,101-500,1,0,2,1,0.0,60.0,0,1,29500.0,1,0.0,0.0,0.0,0.0
6399,26-100,1,0,2,1,0.0,60.0,0,1,17700.0,1,0.0,0.0,0.0,0.0
6400,26-100,1,0,2,1,0.0,60.0,0,1,17700.0,1,0.0,0.0,0.0,0.0
6401,500-1000,0,0,2,1,0.0,60.0,0,0,899.0,1,0.0,0.0,0.0,0.0
6402,26-100,0,0,2,1,0.0,60.0,0,0,19.0,1,0.0,0.0,0.0,0.0
6403,101-500,0,0,2,1,0.0,60.0,0,0,15.0,1,0.0,0.0,0.0,0.0
6404,101-500,1,0,2,1,0.0,60.0,0,1,17899.0,2,0.0,0.0,0.0,0.0
6405,1-25,0,1,2,1,1.0,60.0,0,0,0.0,1,1.0,1.0,1.0,0.0
6406,1-25,0,0,2,1,0.0,60.0,0,0,49.0,1,0.0,0.0,0.0,0.0
6408,1-25,1,0,2,1,0.0,60.0,0,1,116.82,1,4.0,4.0,2.0,0.0
6409,1-25,1,0,2,1,0.0,60.0,0,1,29500.0,1,0.0,0.0,0.0,0.0
6410,1-25,1,0,2,1,0.0,60.0,0,1,29500.0,1,1.0,1.0,1.0,0.0
6411,26-100,1,0,2,1,0.0,60.0,0,1,17700.0,1,295.0,6.0,5.0,102.0
6412,1-25,1,0,2,1,0.0,60.0,0,1,29500.0,1,1.0,1.0,1.0,1.0
6413,1-25,1,0,2,1,0.0,60.0,0,1,17700.0,1,0.0,0.0,0.0,0.0
6414,500-1000,1,0,2,1,1.0,60.0,0,1,29500.0,1,324.0,36.0,2.0,33.0
6415,1-25,1,0,2,1,0.0,60.0,0,1,17700.0,1,4.0,3.0,1.0,2.0
6416,1-25,1,0,2,1,0.0,60.0,0,1,29500.0,1,4.0,4.0,1.0,2.0
6417,1-25,0,0,2,1,0.0,60.0,0,0,10.0,1,0.0,0.0,0.0,0.0
6418,500-1000,1,0,2,1,1.0,60.0,0,1,64900.0,3,0.0,0.0,0.0,0.0
6420,500-1000,1,0,2,1,0.0,60.0,0,1,47200.0,2,0.0,0.0,0.0,0.0
6421,1-25,0,0,2,0,0.0,60.0,0,0,0.0,1,0.0,0.0,0.0,0.0
6422,1-25,0,0,1,1,1.0,660.0,0,0,1250.0,2,5.0,3.0,2.0,4.0
6424,1-25,0,0,2,0,0.0,60.0,0,0,0.0,1,0.0,0.0,0.0,0.0
6426,26-100,0,0,2,1,0.0,60.0,0,0,50.0,1,2.0,2.0,1.0,2.0
6427,1-25,1,1,2,1,2.0,60.0,0,1,15000.0,1,33.0,3.0,3.0,29.0
6428,1-25,1,0,2,1,0.0,60.0,0,1,17700.0,1,0.0,0.0,0.0,0.0
6429,26-100,1,0,2,1,0.0,60.0,0,1,17700.0,1,0.0,0.0,0.0,0.0
6430,26-100,1,0,2,1,0.0,60.0,0,1,64900.0,3,0.0,0.0,0.0,0.0
6431,1-25,1,0,2,1,0.0,60.0,0,1,29500.0,1,0.0,0.0,0.0,0.0
6433,26-100,1,0,2,1,0.0,60.0,0,1,29500.0,1,0.0,0.0,0.0,0.0
6436,26-100,1,1,2,1,0.0,60.0,0,1,123900.0,5,0.0,0.0,0.0,0.0
6437,26-100,0,1,2,1,0.0,1060.0,0,0,250.0,3,0.0,0.0,0.0,0.0
6438,101-500,1,0,2,1,0.0,60.0,0,1,1000.0,1,0.0,0.0,0.0,0.0
6439,500-1000,0,0,2,1,1.0,60.0,0,0,50.0,1,0.0,0.0,0.0,0.0
6443,26-100,0,1,1,0,0.0,60.0,0,0,750.0,5,2.0,1.0,1.0,2.0
6444,26-100,1,0,2,1,1.0,60.0,0,1,29500.0,1,33.0,2.0,1.0,10.0
6445,500-1000,0,0,2,1,1.0,60.0,1,0,10000.0,1,0.0,0.0,0.0,0.0
6447,26-100,1,1,2,1,0.0,60.0,0,1,1500.0,1,0.0,0.0,0.0,0.0
6449,26-100,1,0,2,1,0.0,60.0,0,1,35400.0,2,0.0,0.0,0.0,0.0
6450,26-100,1,0,2,1,0.0,60.0,0,1,17700.0,1,0.0,0.0,0.0,0.0
6451,26-100,0,0,2,1,1.0,60.0,1,0,10000.0,1,0.0,0.0,0.0,0.0
6453,500-1000,1,1,2,1,1.0,60.0,0,1,17700.0,1,0.0,0.0,0.0,0.0
6455,101-500,1,1,2,1,1.0,60.0,0,1,25000.0,1,0.0,0.0,0.0,0.0
6457,26-100,1,0,2,1,1.0,60.0,1,1,10000.0,1,0.0,0.0,0.0,0.0
6459,26-100,1,0,2,1,1.0,60.0,0,1,17700.0,1,0.0,0.0,0.0,0.0
6461,500-1000,1,0,2,1,0.0,60.0,0,1,17700.0,1,0.0,0.0,0.0,0.0
6462,26-100,1,0,2,1,0.0,60.0,0,1,17700.0,1,5.0,2.0,4.0,1.0
6463,101-500,1,0,2,1,1.0,60.0,0,1,76700.0,3,0.0,0.0,0.0,0.0
6465,101-500,1,0,2,1,0.0,60.0,0,1,17700.0,1,1.0,1.0,2.0,1.0
6466,500-1000,1,0,2,1,0.0,60.0,0,1,29500.0,1,0.0,0.0,0.0,0.0
6468,101-500,0,0,1,0,1.0,60.0,0,0,200.0,4,13.0,2.0,1.0,13.0
6470,26-100,1,0,2,1,0.0,60.0,0,1,17700.0,1,1.0,1.0,1.0,0.0
6471,26-100,0,1,2,1,1.0,60.0,0,0,150.0,1,0.0,0.0,0.0,0.0
6473,26-100,1,0,2,1,0.0,60.0,0,1,17700.0,1,1.0,1.0,2.0,0.0
6475,1-25,1,1,1,1,5.0,12.0,0,1,88500.0,3,780.0,90.0,69.0,635.0
6476,101-500,1,1,2,1,1.0,60.0,0,1,35400.0,2,12.0,7.0,6.0,3.0
6477,1-25,1,0,2,1,0.0,60.0,0,1,17700.0,1,2.0,3.0,3.0,1.0
6478,26-100,1,0,2,1,0.0,60.0,0,1,17700.0,1,0.0,0.0,0.0,0.0
6479,1-25,1,0,2,1,0.0,60.0,0,1,17700.0,1,0.0,0.0,0.0,0.0
6480,101-500,0,0,2,1,1.0,60.0,1,0,255.0,1,0.0,0.0,0.0,0.0
6481,500-1000,1,0,2,1,0.0,60.0,0,1,17700.0,1,0.0,0.0,0.0,0.0
6483,26-100,0,0,2,1,1.0,60.0,1,0,355.0,1,0.0,0.0,0.0,0.0
6485,26-100,1,0,1,0,0.0,60.0,1,1,212900.0,10,13.0,2.0,2.0,5.0
6486,26-100,1,0,2,1,1.0,60.0,1,1,8.0,1,0.0,0.0,0.0,0.0
6488,101-500,1,0,2,1,0.0,60.0,0,1,17700.0,1,1.0,1.0,0.0,0.0
6489,26-100,1,0,2,1,1.0,60.0,1,1,588.0,1,1.0,1.0,2.0,1.0
6491,101-500,0,0,2,1,1.0,60.0,1,0,5666.0,1,0.0,0.0,0.0,0.0
6499,1-25,0,0,2,0,0.0,60.0,0,0,11105.0,11,1.0,1.0,0.0,1.0
6500,26-100,1,0,2,0,0.0,60.0,0,1,32700.0,2,0.0,0.0,0.0,0.0
6501,500-1000,0,0,2,0,0.0,60.0,0,0,300.0,2,1.0,1.0,1.0,1.0
6502,1-25,0,0,1,1,0.0,60.0,0,0,700.0,6,1.0,1.0,0.0,1.0
6503,26-100,0,1,2,1,0.0,60.0,0,0,50.0,1,0.0,1.0,0.0,0.0
6504,1-25,1,0,2,1,0.0,60.0,0,1,15000.0,1,1.0,1.0,0.0,1.0
6506,1-25,1,0,2,1,0.0,60.0,0,1,62200.0,3,2.0,1.0,0.0,2.0
6507,26-100,1,0,2,1,0.0,60.0,0,1,29500.0,1,0.0,0.0,0.0,0.0
6508,101-500,0,0,1,0,0.0,60.0,0,0,450.0,3,1.0,1.0,1.0,1.0
6509,1-25,1,1,2,1,3.0,60.0,0,1,17700.0,1,3.0,3.0,3.0,2.0
6513,101-500,0,0,2,1,0.0,60.0,0,0,50.0,1,0.0,0.0,0.0,0.0
6514,1-25,1,0,2,1,0.0,60.0,0,1,32700.0,2,1.0,1.0,0.0,1.0
6515,101-500,0,0,2,1,0.0,160.0,0,0,55.0,1,2.0,1.0,1.0,2.0
6516,26-100,0,0,2,1,0.0,160.0,0,0,55.0,1,1.0,1.0,1.0,1.0
6517,26-100,1,0,2,1,0.0,60.0,0,1,29500.0,1,0.0,0.0,0.0,0.0
6519,101-500,0,0,2,1,0.0,60.0,0,0,50.0,1,0.0,0.0,0.0,0.0
6520,26-100,1,0,2,1,0.0,60.0,0,1,29500.0,1,0.0,0.0,0.0,0.0
6521,1-25,0,0,2,1,0.0,60.0,0,0,0.0,1,0.0,0.0,0.0,0.0
6523,500-1000,0,1,2,1,0.0,60.0,0,0,200.0,2,0.0,1.0,1.0,0.0
6524,26-100,1,0,2,1,0.0,60.0,0,1,64900.0,3,0.0,0.0,0.0,0.0
6525,1-25,1,0,2,1,0.0,60.0,0,1,59000.0,2,1.0,1.0,0.0,1.0
6526,500-1000,1,0,2,1,0.0,60.0,0,1,177000.0,10,0.0,0.0,0.0,0.0
6527,101-500,0,0,1,1,0.0,60.0,0,0,550.0,5,0.0,0.0,0.0,0.0
6528,26-100,1,1,2,1,0.0,60.0,0,1,64900.0,3,0.0,0.0,0.0,0.0
6529,26-100,1,0,2,1,0.0,60.0,0,1,94400.0,4,1.0,1.0,0.0,1.0
6530,26-100,1,0,2,1,0.0,60.0,0,1,35400.0,2,1.0,1.0,0.0,1.0
6532,500-1000,0,1,2,1,0.0,60.0,0,0,200.0,2,0.0,0.0,0.0,0.0
6533,26-100,1,0,2,1,0.0,60.0,0,1,62200.0,3,1.0,1.0,0.0,1.0
6534,101-500,0,0,2,1,0.0,60.0,1,0,40.0,2,0.0,0.0,0.0,0.0
6535,101-500,0,0,2,1,0.0,60.0,0,0,250.0,3,0.0,0.0,0.0,0.0
6536,1-25,0,0,1,1,0.0,60.0,0,0,0.0,1,0.0,0.0,0.0,0.0
6537,101-500,0,0,2,1,0.0,60.0,1,0,10000.0,1,0.0,0.0,0.0,0.0
6538,500-1000,1,0,2,1,1.0,60.0,0,1,17700.0,1,5.0,2.0,0.0,5.0
6540,26-100,1,0,1,0,0.0,60.0,1,1,64500.0,3,0.0,0.0,0.0,0.0
6541,26-100,0,0,2,1,0.0,60.0,0,0,218.0,1,0.0,0.0,0.0,0.0
6542,26-100,1,0,2,1,0.0,60.0,1,1,10000.0,1,0.0,0.0,0.0,0.0
6543,500-1000,1,1,1,1,9.0,4824.0,0,1,59000.0,2,1204.0,90.0,75.0,549.0
6544,500-1000,1,0,2,1,1.0,60.0,0,1,365800.0,16,0.0,0.0,0.0,0.0
6545,1-25,0,0,2,1,0.0,60.0,0,0,50.0,1,0.0,0.0,0.0,0.0
6546,500-1000,0,1,2,1,0.0,60.0,0,0,400.0,4,1.0,1.0,1.0,1.0
6549,101-500,1,0,1,1,0.0,60.0,0,1,88500.0,5,1.0,1.0,0.0,1.0
6551,101-500,0,1,2,1,0.0,60.0,0,0,400.0,6,0.0,0.0,0.0,0.0
6552,101-500,1,0,2,1,0.0,60.0,0,1,17700.0,1,0.0,0.0,0.0,0.0
6553,26-100,0,0,2,1,0.0,60.0,0,0,200.0,2,0.0,0.0,0.0,0.0
6554,26-100,0,0,2,1,0.0,60.0,0,0,50.0,1,0.0,0.0,0.0,0.0
6556,26-100,0,0,2,1,0.0,60.0,0,0,50.0,1,0.0,0.0,0.0,0.0
6557,1-25,0,0,2,1,0.0,60.0,0,0,150.0,1,0.0,0.0,0.0,0.0
6559,1-25,0,0,1,1,0.0,60.0,0,0,300.0,2,0.0,0.0,0.0,0.0
6560,26-100,0,0,1,1,0.0,60.0,0,0,500.0,4,0.0,0.0,0.0,0.0
6561,1-25,0,0,2,1,0.0,60.0,0,0,50.0,1,0.0,0.0,0.0,0.0
6562,1-25,0,0,1,1,0.0,60.0,0,0,500.0,4,0.0,0.0,0.0,0.0
6563,1-25,0,0,1,1,0.0,60.0,0,0,1165.0,12,0.0,0.0,0.0,0.0
6564,1-25,0,0,2,1,0.0,60.0,0,0,300.0,2,0.0,0.0,0.0,0.0
6565,26-100,0,0,1,1,0.0,60.0,0,0,450.0,3,0.0,0.0,0.0,0.0
6566,26-100,0,0,2,1,0.0,60.0,0,0,200.0,2,0.0,0.0,0.0,0.0
6621,1-25,0,0,2,1,0.0,60.0,0,0,150.0,1,0.0,0.0,0.0,0.0
6622,1-25,1,0,2,1,0.0,60.0,0,1,76700.0,3,0.0,0.0,0.0,0.0
6623,26-100,0,1,1,1,1.0,60.0,0,0,1000.0,8,1.0,1.0,0.0,1.0
6624,More than 1000,1,0,2,1,0.0,60.0,0,1,15000.0,1,0.0,0.0,0.0,0.0
6625,101-500,0,0,2,1,0.0,60.0,0,0,150.0,1,0.0,0.0,0.0,0.0
6626,26-100,0,0,2,1,0.0,60.0,0,0,50.0,1,0.0,0.0,0.0,0.0
6630,101-500,1,0,2,1,0.0,60.0,1,1,10000.0,1,0.0,0.0,0.0,0.0
6631,26-100,0,0,1,1,1.0,60.0,1,0,130000.0,13,0.0,0.0,0.0,0.0
6632,26-100,1,0,2,1,0.0,60.0,0,1,17700.0,1,0.0,0.0,0.0,0.0
6633,26-100,0,0,2,1,0.0,60.0,0,0,600.0,1,0.0,0.0,0.0,0.0
6634,500-1000,1,0,2,1,0.0,60.0,0,1,15000.0,1,0.0,0.0,0.0,0.0
6636,More than 1000,0,0,2,1,0.0,60.0,0,0,150.0,1,0.0,0.0,0.0,0.0
6638,500-1000,0,0,2,1,0.0,60.0,0,0,150.0,1,0.0,0.0,0.0,0.0
6639,101-500,0,0,2,1,0.0,60.0,1,0,10000.0,1,0.0,0.0,0.0,0.0
6641,500-1000,0,0,2,1,0.0,60.0,1,0,10000.0,1,0.0,0.0,0.0,0.0
6643,26-100,1,0,2,1,0.0,60.0,1,1,100000.0,1,0.0,0.0,0.0,0.0
6644,101-500,0,0,1,1,0.0,60.0,0,0,450.0,5,1.0,1.0,0.0,1.0
6645,500-1000,1,1,2,1,0.0,60.0,0,1,15000.0,1,0.0,0.0,0.0,0.0
6646,101-500,0,0,2,1,0.0,60.0,0,0,600.0,1,0.0,0.0,0.0,0.0
6647,101-500,1,0,2,1,0.0,60.0,0,1,17700.0,1,0.0,1.0,0.0,0.0
6648,500-1000,1,0,2,1,0.0,60.0,1,1,10000.0,1,0.0,0.0,0.0,0.0
6649,26-100,1,0,2,1,0.0,60.0,0,1,17700.0,1,0.0,0.0,0.0,0.0
6650,26-100,0,1,2,1,0.0,60.0,0,0,750.0,2,1.0,1.0,0.0,1.0
6651,101-500,0,1,2,1,0.0,60.0,0,0,900.0,3,3.0,1.0,0.0,2.0
6652,101-500,1,0,2,1,0.0,60.0,1,1,1.0,1,0.0,0.0,0.0,0.0
6653,101-500,0,0,2,1,0.0,60.0,0,0,1800.0,1,0.0,0.0,0.0,0.0
6654,101-500,0,0,2,1,0.0,60.0,0,0,1950.0,2,0.0,0.0,0.0,0.0
6655,101-500,1,0,2,1,0.0,60.0,1,1,20000.0,2,0.0,0.0,0.0,0.0
6656,101-500,0,0,2,1,0.0,60.0,1,0,10000.0,1,0.0,0.0,0.0,0.0
6657,101-500,1,0,2,1,1.0,60.0,1,1,37000.0,5,0.0,0.0,0.0,0.0
6658,101-500,0,0,2,1,1.0,60.0,0,0,50.0,1,0.0,0.0,0.0,0.0
6659,101-500,1,0,1,1,0.0,60.0,0,1,106200.0,6,0.0,0.0,0.0,0.0
6661,500-1000,1,0,2,1,0.0,60.0,0,1,17700.0,1,0.0,1.0,1.0,0.0
6662,26-100,1,0,2,1,0.0,60.0,0,1,17700.0,1,0.0,0.0,0.0,0.0
6664,26-100,1,0,2,1,0.0,60.0,0,1,17700.0,1,0.0,0.0,0.0,0.0
6665,500-1000,0,0,2,1,0.0,60.0,1,0,10000.0,1,0.0,0.0,0.0,0.0
6666,500-1000,1,0,2,1,0.0,60.0,1,1,1000.0,1,0.0,0.0,0.0,0.0
6667,500-1000,1,1,2,1,1.0,60.0,1,1,25000.0,2,0.0,0.0,0.0,0.0
6669,500-1000,1,1,2,1,0.0,60.0,1,1,27700.0,2,0.0,0.0,0.0,0.0
6670,26-100,1,0,2,1,0.0,60.0,1,1,15000.0,1,0.0,0.0,0.0,0.0
6671,26-100,0,0,2,1,0.0,60.0,0,0,1800.0,1,0.0,0.0,0.0,0.0
6672,500-1000,1,0,1,1,1.0,200.0,0,1,224700.0,11,4.0,3.0,5.0,2.0
6674,101-500,1,0,2,0,0.0,60.0,0,1,15000.0,1,0.0,0.0,0.0,0.0
6675,1-25,0,0,1,1,0.0,60.0,0,0,1000.0,11,5.0,1.0,0.0,5.0
6676,101-500,0,0,2,1,0.0,60.0,0,0,600.0,1,0.0,0.0,0.0,0.0
6677,101-500,1,1,2,1,0.0,60.0,0,1,64900.0,3,1.0,1.0,0.0,1.0
6678,500-1000,1,1,2,1,2.0,60.0,0,1,17700.0,1,0.0,0.0,0.0,0.0
6679,26-100,1,1,1,1,1.0,60.0,0,1,200600.0,8,7.0,6.0,1.0,6.0
6682,101-500,0,0,2,1,0.0,60.0,0,0,1800.0,1,1.0,1.0,0.0,1.0
6684,26-100,0,0,2,1,0.0,60.0,0,0,1800.0,1,0.0,0.0,0.0,0.0
6685,101-500,0,0,2,1,0.0,60.0,0,0,600.0,1,0.0,0.0,0.0,0.0
6686,26-100,1,1,2,1,2.0,60.0,0,1,59531.0,5,5.0,2.0,0.0,3.0
6687,500-1000,0,0,2,1,0.0,60.0,0,0,1800.0,1,0.0,0.0,0.0,0.0
6688,101-500,1,1,2,0,7.0,60.0,1,1,228800.0,14,0.0,0.0,0.0,0.0
6691,1-25,0,0,2,1,0.0,60.0,0,0,1800.0,1,0.0,0.0,0.0,0.0
6693,500-1000,1,0,2,1,0.0,60.0,0,1,29500.0,1,0.0,0.0,0.0,0.0
6694,1-25,1,0,2,1,0.0,60.0,0,1,17700.0,1,0.0,0.0,0.0,0.0
6696,26-100,1,0,2,1,0.0,60.0,1,1,20000.0,2,2.0,1.0,1.0,2.0
6702,More than 1000,1,0,2,1,0.0,60.0,0,1,35400.0,2,0.0,0.0,0.0,0.0
6705,26-100,0,0,2,1,0.0,310.0,0,0,300.0,2,0.0,0.0,0.0,0.0
6707,101-500,0,1,2,1,2.0,60.0,0,0,1200.0,9,0.0,1.0,1.0,0.0
6708,500-1000,0,0,2,1,0.0,60.0,1,0,10000.0,1,0.0,0.0,0.0,0.0
6710,26-100,0,0,2,1,0.0,60.0,0,0,600.0,1,0.0,0.0,0.0,0.0
6711,101-500,0,0,2,1,0.0,60.0,0,0,1950.0,2,0.0,0.0,0.0,0.0
6712,101-500,0,0,2,1,1.0,60.0,0,0,1050.0,7,4.0,1.0,1.0,4.0
6714,26-100,1,0,2,1,0.0,60.0,0,1,47200.0,2,2.0,1.0,0.0,2.0
6715,26-100,1,0,2,1,0.0,60.0,0,1,82600.0,4,67.0,7.0,1.0,18.0
6717,500-1000,0,0,2,1,0.0,60.0,1,0,10000.0,1,0.0,0.0,0.0,0.0
6719,101-500,0,1,1,0,1.0,60.0,0,0,1250.0,8,0.0,0.0,0.0,0.0
6721,26-100,0,0,2,0,0.0,60.0,0,0,1000.0,5,6.0,3.0,0.0,2.0
6724,500-1000,0,0,2,1,0.0,60.0,0,0,2100.0,3,0.0,0.0,0.0,0.0
6726,1-25,0,0,2,1,0.0,60.0,0,0,750.0,2,0.0,0.0,0.0,0.0
6727,26-100,0,0,1,1,0.0,60.0,0,0,750.0,4,0.0,0.0,0.0,0.0
6728,101-500,1,0,2,1,0.0,60.0,0,1,112100.0,5,0.0,0.0,0.0,0.0
6729,More than 1000,1,0,2,1,0.0,60.0,0,1,17700.0,1,0.0,0.0,0.0,0.0
6730,101-500,0,0,1,1,0.0,60.0,0,0,50.0,1,0.0,0.0,0.0,0.0
6731,500-1000,1,1,2,1,0.0,60.0,0,1,59000.0,2,0.0,0.0,0.0,0.0
6732,More than 1000,1,0,1,0,2.0,60.0,1,1,165000.0,15,0.0,0.0,0.0,0.0
6733,101-500,0,0,1,1,3.0,60.0,1,0,30000.0,3,1.0,1.0,1.0,0.0
6734,101-500,1,0,2,1,1.0,60.0,1,1,20000.0,2,0.0,0.0,0.0,0.0
6743,1-25,0,0,1,0,0.0,60.0,0,0,21400.0,9,0.0,0.0,0.0,0.0
6744,101-500,1,0,2,0,1.0,60.0,0,1,40000.0,2,0.0,0.0,0.0,0.0
6745,1-25,1,0,2,1,1.0,60.0,0,1,17700.0,1,0.0,0.0,0.0,0.0
6748,1-25,1,0,2,1,0.0,60.0,0,1,79900.0,4,0.0,0.0,0.0,0.0
6749,26-100,1,1,2,1,0.0,60.0,0,1,64900.0,3,0.0,0.0,0.0,0.0
6750,1-25,0,0,2,0,0.0,60.0,0,0,750.0,2,0.0,0.0,0.0,0.0
6751,1-25,1,0,2,1,0.0,60.0,0,1,17700.0,1,0.0,0.0,0.0,0.0
6752,1-25,1,1,2,1,0.0,60.0,0,1,35400.0,2,1.0,1.0,1.0,1.0
6753,1-25,0,1,2,1,0.0,60.0,0,0,800.0,3,0.0,0.0,0.0,0.0
6754,101-500,1,0,2,1,0.0,60.0,0,1,29500.0,1,0.0,0.0,0.0,0.0
6755,1-25,0,0,1,1,0.0,60.0,0,0,600.0,1,0.0,0.0,0.0,0.0
6756,1-25,1,0,2,1,0.0,60.0,0,1,29500.0,1,0.0,0.0,0.0,0.0
6757,1-25,0,0,2,1,0.0,60.0,0,0,1100.0,5,0.0,0.0,0.0,0.0
6758,1-25,0,0,2,1,0.0,60.0,0,0,1200.0,2,1.0,1.0,0.0,0.0
6759,1-25,0,0,2,1,0.0,60.0,0,0,750.0,2,0.0,0.0,0.0,0.0
6760,1-25,0,0,2,1,0.0,60.0,0,0,1800.0,1,0.0,1.0,0.0,0.0
6762,1-25,0,0,2,1,0.0,60.0,0,0,900.0,3,0.0,0.0,0.0,0.0
6763,1-25,1,0,2,1,0.0,60.0,0,1,29500.0,1,0.0,0.0,0.0,0.0
6764,1-25,1,0,2,1,0.0,60.0,0,1,29500.0,1,0.0,0.0,0.0,0.0
6765,1-25,0,0,2,1,0.0,60.0,0,0,1800.0,1,0.0,0.0,0.0,0.0
6766,1-25,1,0,2,1,0.0,60.0,0,1,17700.0,1,0.0,0.0,0.0,0.0
6767,1-25,1,0,2,1,0.0,60.0,0,1,17700.0,1,0.0,0.0,0.0,0.0
6768,500-1000,1,0,2,1,0.0,60.0,0,1,29500.0,1,0.0,0.0,0.0,0.0
6769,1-25,0,0,2,1,0.0,60.0,0,0,50.0,1,0.0,0.0,0.0,0.0
6770,1-25,0,1,2,1,1.0,60.0,0,0,850.0,4,0.0,0.0,0.0,0.0
6771,26-100,0,0,2,0,0.0,60.0,0,0,200.0,2,0.0,0.0,0.0,0.0
6772,26-100,0,0,2,0,0.0,60.0,0,0,450.0,3,0.0,0.0,1.0,0.0
6773,1-25,0,0,2,1,0.0,60.0,0,0,50.0,1,0.0,0.0,0.0,0.0
6774,1-25,0,0,2,0,0.0,60.0,0,0,900.0,3,0.0,0.0,0.0,0.0
6775,26-100,0,0,1,1,0.0,60.0,0,0,1950.0,13,0.0,0.0,0.0,0.0
6776,1-25,0,0,2,1,0.0,60.0,1,0,10000.0,1,0.0,0.0,0.0,0.0
6777,26-100,0,0,2,1,0.0,60.0,1,0,10000.0,1,0.0,0.0,0.0,0.0
6778,1-25,1,0,2,1,0.0,60.0,0,1,29500.0,1,0.0,0.0,0.0,0.0
6779,1-25,0,0,2,1,0.0,60.0,0,0,1800.0,1,0.0,0.0,0.0,0.0
6780,1-25,1,0,2,1,0.0,60.0,0,1,17700.0,1,0.0,0.0,0.0,0.0
6781,1-25,0,0,2,1,0.0,60.0,0,0,750.0,2,0.0,0.0,0.0,0.0
6782,1-25,0,0,1,1,0.0,60.0,0,0,2550.0,14,0.0,0.0,0.0,0.0
6783,1-25,0,0,2,1,0.0,60.0,0,0,850.0,2,0.0,0.0,0.0,0.0
6784,1-25,0,0,2,1,0.0,60.0,0,0,1200.0,4,0.0,0.0,0.0,0.0
6786,1-25,1,0,2,1,0.0,60.0,0,1,17700.0,1,0.0,0.0,0.0,0.0
6787,1-25,1,0,2,1,0.0,60.0,1,1,11800.0,1,0.0,0.0,0.0,0.0
6788,101-500,1,0,2,1,0.0,60.0,1,1,11800.0,1,0.0,0.0,0.0,0.0
6789,1-25,1,0,2,1,0.0,60.0,0,1,17700.0,1,0.0,0.0,0.0,0.0
6790,1-25,0,0,2,1,0.0,60.0,0,0,1800.0,1,0.0,0.0,0.0,0.0
6791,1-25,1,0,2,1,0.0,60.0,0,1,17700.0,1,0.0,0.0,0.0,0.0
6792,1-25,1,0,2,1,0.0,60.0,0,1,29500.0,1,0.0,0.0,0.0,0.0
6793,26-100,1,0,2,1,0.0,60.0,0,1,15000.0,1,0.0,1.0,0.0,0.0
6794,1-25,0,0,2,1,0.0,60.0,0,0,2100.0,3,0.0,0.0,0.0,0.0
6795,1-25,1,0,2,1,0.0,60.0,0,1,17700.0,1,0.0,0.0,0.0,0.0
6796,1-25,1,0,2,1,0.0,60.0,0,1,17700.0,1,0.0,0.0,0.0,0.0
6797,1-25,0,0,2,1,0.0,60.0,0,0,600.0,1,0.0,0.0,0.0,0.0
6798,1-25,1,0,2,1,0.0,60.0,0,1,17700.0,1,0.0,0.0,0.0,0.0
6799,1-25,0,0,2,1,0.0,60.0,0,0,2100.0,3,0.0,0.0,0.0,0.0
6800,1-25,0,0,2,1,0.0,60.0,0,0,750.0,3,0.0,0.0,0.0,0.0
6801,1-25,1,0,2,1,0.0,60.0,0,1,17700.0,1,0.0,0.0,0.0,0.0
6802,1-25,0,0,2,1,0.0,60.0,0,0,1000.0,3,0.0,0.0,0.0,0.0
6803,26-100,0,0,2,1,0.0,60.0,0,0,750.0,7,0.0,0.0,0.0,0.0
6804,1-25,0,0,2,0,0.0,60.0,0,0,750.0,2,0.0,0.0,0.0,0.0
6806,1-25,1,0,2,1,0.0,60.0,0,1,29500.0,1,0.0,0.0,0.0,0.0
6807,1-25,0,1,1,1,0.0,60.0,0,0,1250.0,6,0.0,0.0,0.0,0.0
6808,1-25,0,0,2,1,0.0,60.0,0,0,700.0,2,0.0,0.0,0.0,0.0
6809,26-100,1,0,2,1,0.0,60.0,0,1,15000.0,1,0.0,0.0,0.0,0.0
6810,1-25,0,0,2,1,0.0,60.0,0,0,1950.0,2,0.0,0.0,0.0,0.0
6811,1-25,1,0,2,1,0.0,60.0,0,1,17700.0,1,0.0,0.0,0.0,0.0
6812,26-100,1,0,2,1,0.0,60.0,0,1,25000.0,1,0.0,0.0,0.0,0.0
6813,26-100,0,0,1,1,0.0,60.0,0,0,150.0,3,0.0,0.0,0.0,0.0
6814,26-100,0,0,2,1,0.0,60.0,0,0,150.0,1,0.0,0.0,0.0,0.0
6815,26-100,0,0,2,1,0.0,60.0,0,0,300.0,2,0.0,0.0,0.0,0.0
6816,1-25,1,0,2,1,1.0,60.0,0,1,17700.0,1,0.0,0.0,0.0,0.0
6818,1-25,1,0,2,1,0.0,60.0,0,1,15000.0,1,0.0,0.0,0.0,0.0
6819,1-25,0,0,1,1,0.0,60.0,0,0,1950.0,4,0.0,0.0,0.0,0.0
6820,1-25,1,1,2,1,0.0,60.0,0,1,64900.0,3,0.0,0.0,0.0,0.0
6821,26-100,1,1,1,1,1.0,60.0,0,1,150700.0,6,0.0,0.0,0.0,0.0
6822,1-25,1,0,2,1,0.0,60.0,0,1,17700.0,1,0.0,0.0,0.0,0.0
6823,1-25,1,0,2,1,0.0,60.0,0,1,62200.0,3,0.0,0.0,0.0,0.0
6824,1-25,0,0,1,1,0.0,60.0,0,0,1050.0,10,0.0,0.0,0.0,0.0
6826,1-25,1,0,2,1,0.0,60.0,0,1,17700.0,1,2.0,1.0,0.0,2.0
6827,1-25,1,0,2,1,0.0,60.0,0,1,64900.0,3,0.0,0.0,0.0,0.0
6828,1-25,0,0,2,1,0.0,60.0,1,0,10900.0,4,0.0,0.0,0.0,0.0
6829,1-25,1,0,2,1,0.0,60.0,0,1,62200.0,3,0.0,0.0,0.0,0.0
6831,500-1000,0,0,1,1,0.0,60.0,0,0,1050.0,8,0.0,0.0,0.0,0.0
6832,1-25,1,1,1,1,1.0,60.0,0,1,240600.0,10,2.0,1.0,1.0,1.0
6833,1-25,1,0,2,1,0.0,60.0,0,1,35400.0,2,0.0,0.0,0.0,0.0
6835,1-25,1,1,1,1,1.0,60.0,0,1,113500.0,4,0.0,0.0,0.0,0.0
6836,1-25,0,0,1,1,0.0,60.0,0,0,900.0,3,0.0,0.0,0.0,0.0
6837,1-25,0,0,2,1,0.0,60.0,0,0,750.0,2,0.0,0.0,0.0,0.0
6838,1-25,0,0,2,1,0.0,60.0,0,0,1050.0,4,0.0,0.0,0.0,0.0
6839,1-25,0,0,2,1,0.0,60.0,0,0,750.0,2,0.0,0.0,0.0,0.0
6840,1-25,0,0,2,1,0.0,60.0,0,0,800.0,3,0.0,0.0,0.0,0.0
6841,1-25,0,0,2,1,0.0,60.0,0,0,1200.0,7,0.0,0.0,0.0,0.0
6843,1-25,0,0,2,1,0.0,60.0,0,0,750.0,2,0.0,0.0,0.0,0.0
6844,1-25,0,0,2,1,0.0,60.0,0,0,1050.0,4,0.0,0.0,0.0,0.0
6845,1-25,0,0,2,1,0.0,60.0,0,0,1800.0,1,0.0,0.0,0.0,0.0
6846,1-25,0,0,2,1,0.0,60.0,0,0,50.0,1,0.0,0.0,0.0,0.0
6847,1-25,0,0,1,1,1.0,60.0,0,0,30850.0,6,0.0,0.0,0.0,0.0
6849,101-500,0,0,1,1,1.0,60.0,0,0,7480.0,17,0.0,0.0,0.0,0.0
6851,1-25,1,0,2,1,0.0,60.0,0,1,29500.0,1,2.0,2.0,2.0,1.0
6852,1-25,0,0,2,1,0.0,60.0,0,0,750.0,2,0.0,0.0,0.0,0.0
6853,101-500,0,1,2,1,1.0,60.0,0,0,750.0,2,0.0,0.0,0.0,0.0
6854,1-25,1,0,2,1,0.0,60.0,0,1,17700.0,1,1.0,1.0,0.0,1.0
6856,101-500,0,0,2,0,0.0,60.0,1,0,10050.0,2,1.0,1.0,0.0,0.0
6857,1-25,1,1,2,1,0.0,60.0,0,1,100300.0,5,0.0,1.0,1.0,0.0
6858,More than 1000,1,0,2,1,0.0,60.0,0,1,17700.0,1,0.0,0.0,0.0,0.0
6859,26-100,1,0,2,0,0.0,60.0,0,1,57700.0,3,0.0,0.0,0.0,0.0
6860,101-500,0,0,2,0,0.0,60.0,0,0,200.0,2,0.0,0.0,0.0,0.0
6861,1-25,1,0,2,1,0.0,60.0,0,1,17700.0,1,0.0,0.0,0.0,0.0
6862,26-100,1,0,2,1,0.0,60.0,1,1,236000.0,1,0.0,0.0,0.0,0.0
6863,500-1000,0,1,2,0,1.0,60.0,1,0,35600.0,22,0.0,0.0,0.0,0.0
6865,500-1000,0,0,2,0,0.0,60.0,0,0,500.0,6,0.0,0.0,0.0,0.0
6866,1-25,1,0,2,1,0.0,60.0,0,1,47200.0,2,2.0,1.0,3.0,0.0
6867,1-25,0,0,2,1,0.0,60.0,0,0,600.0,1,1.0,1.0,2.0,0.0
6868,500-1000,0,0,1,1,0.0,60.0,0,0,2050.0,3,0.0,0.0,0.0,0.0
6871,101-500,0,0,1,0,0.0,60.0,0,0,1250.0,3,0.0,0.0,0.0,0.0
6872,1-25,0,1,1,1,1.0,60.0,0,0,15400.0,13,0.0,0.0,0.0,0.0
6873,1-25,0,1,2,0,1.0,60.0,0,0,23900.0,10,0.0,0.0,0.0,0.0
6874,101-500,0,0,2,1,0.0,60.0,0,0,600.0,1,0.0,0.0,0.0,0.0
6875,101-500,0,0,2,1,0.0,60.0,0,0,50.0,1,0.0,0.0,0.0,0.0
6878,1-25,0,0,2,1,0.0,60.0,0,0,600.0,1,0.0,0.0,0.0,0.0
6879,101-500,0,0,2,1,1.0,60.0,0,0,2400.0,2,0.0,0.0,0.0,0.0
6880,1-25,0,0,1,1,1.0,60.0,0,0,9400.0,15,0.0,0.0,0.0,0.0
6881,1-25,0,0,2,1,0.0,60.0,0,0,1800.0,1,0.0,0.0,0.0,0.0
6882,1-25,0,0,2,1,0.0,60.0,0,0,600.0,1,0.0,0.0,0.0,0.0
6883,101-500,0,0,2,1,0.0,60.0,0,0,50.0,1,0.0,0.0,0.0,0.0
6884,1-25,0,0,2,1,0.0,60.0,0,0,0.0,1,0.0,0.0,0.0,0.0
6885,1-25,0,0,2,1,0.0,60.0,0,0,0.0,1,0.0,0.0,0.0,0.0
6886,26-100,0,0,2,0,1.0,60.0,0,0,7200.0,4,0.0,0.0,0.0,0.0
6887,26-100,0,0,2,1,0.0,60.0,0,0,150.0,1,0.0,0.0,0.0,0.0
6890,1-25,0,0,1,1,0.0,60.0,0,0,9000.0,7,0.0,0.0,0.0,0.0
6891,26-100,0,0,1,1,1.0,60.0,0,0,2100.0,3,0.0,0.0,0.0,0.0
6892,1-25,0,0,2,1,0.0,60.0,0,0,50.0,1,0.0,0.0,0.0,0.0
6894,1-25,0,0,2,1,1.0,60.0,0,0,7200.0,4,0.0,0.0,0.0,0.0
6896,26-100,0,0,2,1,1.0,60.0,0,0,7350.0,5,0.0,0.0,0.0,0.0
6898,1-25,0,0,2,0,1.0,60.0,0,0,7200.0,4,0.0,0.0,0.0,0.0
6900,1-25,0,0,2,1,1.0,60.0,0,0,4000.0,4,0.0,0.0,0.0,0.0
6902,1-25,0,0,1,0,0.0,60.0,1,0,10700.0,3,0.0,0.0,0.0,0.0
6903,101-500,0,0,2,1,0.0,60.0,0,0,600.0,1,0.0,0.0,0.0,0.0
6904,26-100,0,0,2,1,1.0,60.0,0,0,3600.0,4,0.0,0.0,0.0,0.0
6906,1-25,1,1,1,1,0.0,60.0,0,1,53100.0,3,0.0,0.0,0.0,0.0
6908,26-100,0,0,2,1,1.0,60.0,0,0,13800.0,11,0.0,0.0,0.0,0.0
6909,1-25,1,1,1,1,1.0,60.0,0,1,572400.0,10,4.0,1.0,1.0,1.0
6910,1-25,0,0,2,0,1.0,60.0,0,0,7000.0,7,2.0,1.0,0.0,0.0
6914,101-500,0,0,2,0,1.0,60.0,0,0,2000.0,3,0.0,0.0,0.0,0.0
6915,26-100,0,0,2,1,0.0,60.0,0,0,50.0,1,0.0,0.0,0.0,0.0
6916,101-500,0,0,2,1,1.0,60.0,0,0,5500.0,5,0.0,0.0,0.0,0.0
6918,1-25,1,0,2,1,0.0,60.0,0,1,29500.0,1,0.0,0.0,0.0,0.0
6919,1-25,1,0,2,1,0.0,60.0,0,1,29500.0,1,0.0,0.0,0.0,0.0
6920,26-100,0,0,2,1,0.0,60.0,0,0,1800.0,1,0.0,0.0,0.0,0.0
6921,26-100,1,0,2,1,1.0,60.0,0,1,64900.0,3,0.0,0.0,0.0,0.0
6923,1-25,0,0,1,0,0.0,60.0,0,0,2150.0,5,0.0,1.0,1.0,0.0
6924,500-1000,1,0,2,1,0.0,60.0,0,1,29500.0,1,0.0,0.0,0.0,0.0
6925,1-25,1,0,2,1,0.0,60.0,0,1,17700.0,1,0.0,0.0,0.0,0.0
6926,101-500,1,0,2,1,0.0,60.0,0,1,17700.0,1,0.0,0.0,0.0,0.0
6927,1-25,1,0,2,1,0.0,60.0,0,1,17700.0,1,0.0,0.0,0.0,0.0
6928,101-500,1,0,2,1,0.0,60.0,0,1,17700.0,1,0.0,0.0,0.0,0.0
6929,101-500,1,0,2,1,0.0,60.0,0,1,17700.0,1,0.0,0.0,0.0,0.0
6930,1-25,0,0,2,1,0.0,60.0,0,0,150.0,1,0.0,0.0,0.0,0.0
6931,26-100,1,0,2,1,0.0,60.0,0,1,15000.0,1,0.0,0.0,0.0,0.0
6932,26-100,1,0,2,1,0.0,60.0,0,1,15000.0,1,0.0,0.0,0.0,0.0
6933,1-25,1,0,2,1,0.0,60.0,0,1,15000.0,1,0.0,0.0,0.0,0.0
6934,26-100,1,0,2,1,0.0,60.0,0,1,168400.0,7,0.0,0.0,0.0,0.0
6935,101-500,0,0,2,1,0.0,60.0,0,0,50.0,1,0.0,0.0,0.0,0.0
6936,26-100,0,0,2,1,0.0,60.0,0,0,5000.0,1,0.0,0.0,0.0,0.0
6937,101-500,0,0,1,1,0.0,60.0,0,0,150.0,1,0.0,0.0,0.0,0.0
6938,101-500,0,0,2,1,0.0,60.0,0,0,150.0,1,0.0,0.0,0.0,0.0
6939,1-25,0,0,2,1,0.0,60.0,1,0,10050.0,2,0.0,0.0,0.0,0.0
6940,1-25,0,0,2,1,0.0,60.0,0,0,600.0,1,0.0,0.0,0.0,0.0
6941,1-25,0,0,2,1,0.0,60.0,0,0,1800.0,1,0.0,0.0,0.0,0.0
6942,1-25,0,0,1,1,0.0,60.0,1,0,10000.0,1,0.0,0.0,0.0,0.0
6943,26-100,1,0,2,1,0.0,60.0,0,1,25000.0,1,0.0,0.0,0.0,0.0
6944,500-1000,0,0,2,0,0.0,60.0,0,0,4200.0,7,5.0,2.0,1.0,2.0
6945,500-1000,1,0,2,1,0.0,60.0,0,1,44500.0,2,6.0,1.0,1.0,0.0
6946,1-25,0,1,1,1,1.0,60.0,1,0,51200.0,7,0.0,0.0,0.0,0.0
6947,101-500,1,0,2,1,0.0,60.0,0,1,61.36,1,0.0,0.0,0.0,0.0
6949,101-500,1,0,2,1,0.0,60.0,0,1,17700.0,1,0.0,0.0,0.0,0.0
6950,1-25,0,0,1,0,0.0,60.0,1,0,24800.0,6,0.0,0.0,0.0,0.0
6951,1-25,0,0,2,1,0.0,60.0,0,0,600.0,1,0.0,0.0,0.0,0.0
6952,1-25,0,0,2,1,0.0,60.0,0,0,600.0,1,0.0,0.0,0.0,0.0
6953,1-25,0,0,2,1,0.0,60.0,0,0,3000.0,3,0.0,0.0,0.0,0.0
6954,1-25,0,0,2,1,0.0,60.0,0,0,3000.0,3,0.0,0.0,0.0,0.0
6955,1-25,0,0,2,1,0.0,60.0,0,0,3000.0,3,0.0,0.0,0.0,0.0
6956,1-25,1,0,2,1,0.0,60.0,0,1,64900.0,3,0.0,0.0,0.0,0.0
6957,1-25,1,0,2,1,0.0,60.0,0,1,17700.0,1,0.0,0.0,0.0,0.0
6958,1-25,0,0,2,1,0.0,60.0,0,0,50.0,1,0.0,0.0,0.0,0.0
6959,26-100,0,0,2,1,0.0,60.0,0,0,650.0,2,0.0,0.0,0.0,0.0
6960,26-100,1,0,2,1,0.0,60.0,0,1,32700.0,2,5.0,1.0,2.0,4.0
6961,1-25,0,0,2,1,0.0,60.0,0,0,50.0,1,0.0,0.0,0.0,0.0
6962,1-25,0,0,2,1,0.0,60.0,0,0,50.0,1,0.0,0.0,0.0,0.0
6963,1-25,0,0,1,1,0.0,60.0,1,0,100.0,1,0.0,0.0,0.0,0.0
6964,1-25,0,0,1,0,1.0,60.0,1,0,118872599.99,19,0.0,0.0,0.0,0.0
6965,26-100,1,0,1,1,0.0,60.0,0,1,88500.0,3,0.0,0.0,0.0,0.0
6966,1-25,1,0,2,1,0.0,60.0,0,1,64900.0,3,0.0,0.0,0.0,0.0
6968,1-25,1,0,1,1,5.0,60.0,0,1,76700.0,3,389.0,40.0,8.0,111.0
6969,101-500,1,0,2,1,0.0,60.0,0,1,15000.0,1,5.0,1.0,1.0,0.0
6970,1-25,0,0,2,1,0.0,60.0,1,0,118849999.99,5,0.0,0.0,0.0,0.0
6971,1-25,1,0,2,1,0.0,60.0,0,1,35400.0,2,0.0,0.0,0.0,0.0
6972,1-25,0,0,1,1,0.0,60.0,0,0,6000.0,4,0.0,0.0,0.0,0.0
6973,101-500,0,0,1,1,0.0,60.0,0,0,500.0,1,0.0,0.0,0.0,0.0
6974,1-25,0,0,1,1,0.0,60.0,0,0,1300.0,3,0.0,0.0,0.0,0.0
6975,26-100,0,0,1,1,0.0,60.0,0,0,9200.0,6,0.0,0.0,0.0,0.0
6977,101-500,0,0,2,1,11.0,60.0,1,0,50660.0,6,0.0,0.0,0.0,0.0
6980,1-25,1,0,2,1,0.0,60.0,0,1,17700.0,1,0.0,0.0,0.0,0.0
6981,1-25,1,0,2,1,0.0,60.0,1,1,20000.0,2,0.0,0.0,0.0,0.0
6982,101-500,0,0,2,1,1.0,60.0,0,0,4200.0,3,0.0,0.0,0.0,0.0
6984,1-25,0,0,2,1,0.0,60.0,0,0,180.0,1,0.0,0.0,0.0,0.0
6988,1-25,0,0,2,1,0.0,60.0,0,0,4200.0,3,0.0,0.0,0.0,0.0
6996,1-25,0,0,1,1,1.0,60.0,0,0,3000.0,5,0.0,0.0,0.0,0.0
6997,26-100,0,0,2,1,0.0,60.0,0,0,3050.0,4,0.0,1.0,0.0,0.0
6998,26-100,0,0,1,1,0.0,60.0,0,0,1250.0,3,0.0,0.0,0.0,0.0
7000,1-25,1,1,1,1,1.0,60.0,0,1,336300.0,13,3.0,2.0,1.0,2.0
7001,101-500,0,0,1,1,0.0,3760.0,0,0,3750.0,3,0.0,0.0,0.0,0.0
7002,500-1000,0,0,1,1,0.0,60.0,1,0,130000.0,2,0.0,0.0,0.0,0.0
7003,1-25,1,0,2,1,0.0,60.0,0,1,0.0,1,0.0,0.0,0.0,0.0
7004,1-25,0,0,2,1,0.0,60.0,0,0,0.0,1,0.0,0.0,0.0,0.0
7005,26-100,0,0,2,1,1.0,60.0,0,0,3054.0,4,0.0,0.0,0.0,0.0
7007,1-25,1,0,2,1,0.0,60.0,0,1,59000.0,2,0.0,0.0,0.0,0.0
7008,26-100,0,0,2,1,1.0,60.0,1,1,39500.0,2,0.0,0.0,0.0,0.0
7010,26-100,1,0,2,0,0.0,60.0,1,1,25000.0,2,0.0,0.0,0.0,0.0
7011,26-100,0,0,1,1,0.0,60.0,0,0,1949.0,2,0.0,0.0,0.0,0.0
7012,1-25,0,0,1,0,1.0,60.0,1,0,34950.0,10,0.0,0.0,0.0,0.0
7013,1-25,1,0,2,1,0.0,60.0,1,1,29500.0,3,0.0,0.0,0.0,0.0
7014,1-25,0,0,2,1,0.0,60.0,1,0,10600.0,2,0.0,0.0,0.0,0.0
7015,101-500,0,0,1,1,0.0,60.0,0,0,1950.0,2,0.0,0.0,0.0,0.0
7016,26-100,0,0,2,1,0.0,60.0,0,0,50.0,1,0.0,0.0,0.0,0.0
7017,26-100,0,0,2,1,0.0,60.0,0,0,50.0,1,0.0,0.0,0.0,0.0
7018,26-100,0,0,1,1,0.0,60.0,0,0,50.0,1,0.0,0.0,0.0,0.0
7019,More than 1000,0,0,1,1,1.0,60.0,0,0,38400.0,28,0.0,1.0,1.0,0.0
7020,26-100,1,0,2,1,0.0,60.0,0,1,138900.0,6,0.0,0.0,0.0,0.0
7023,101-500,1,0,2,1,0.0,60.0,1,1,11800.0,1,0.0,0.0,0.0,0.0
7025,26-100,1,0,2,0,0.0,60.0,1,1,57200.0,3,1.0,1.0,0.0,0.0
7026,26-100,0,0,2,1,0.0,60.0,1,0,90000.0,1,0.0,0.0,0.0,0.0
7027,1-25,0,0,1,1,0.0,60.0,0,0,1250.0,3,0.0,0.0,0.0,0.0
7028,26-100,0,0,2,1,0.0,60.0,0,0,10.0,1,0.0,0.0,0.0,0.0
7029,101-500,1,0,1,1,0.0,60.0,1,1,28320.0,2,3.0,2.0,1.0,3.0
7030,26-100,0,0,1,1,0.0,60.0,1,0,30000.0,3,0.0,0.0,0.0,0.0
7032,500-1000,0,1,1,1,1.0,60.0,0,0,6600.0,5,0.0,0.0,0.0,0.0
7033,101-500,0,0,2,1,1.0,60.0,0,0,650.0,2,0.0,0.0,0.0,0.0
7035,101-500,0,0,2,1,0.0,60.0,0,0,650.0,2,0.0,0.0,0.0,0.0
7036,1-25,0,0,2,1,0.0,60.0,0,0,3600.0,4,0.0,0.0,0.0,0.0
7038,101-500,0,0,1,0,1.0,60.0,1,0,11200.0,3,0.0,0.0,0.0,0.0
7040,101-500,0,0,2,1,1.0,60.0,0,0,2450.0,3,0.0,0.0,0.0,0.0
7042,1-25,0,0,1,1,0.0,60.0,0,0,1800.0,3,0.0,0.0,0.0,0.0
7043,500-1000,0,0,2,1,1.0,60.0,0,0,3600.0,2,0.0,0.0,0.0,0.0
7044,101-500,0,0,2,1,0.0,60.0,0,0,1850.0,2,0.0,0.0,0.0,0.0
7046,101-500,0,0,2,1,1.0,60.0,1,0,1600.0,2,0.0,0.0,0.0,0.0
7048,1-25,0,0,2,1,0.0,60.0,0,0,600.0,1,1.0,1.0,1.0,1.0
7049,101-500,0,0,1,1,1.0,60.0,0,0,1950.0,2,0.0,0.0,0.0,0.0
7050,1-25,0,0,2,1,0.0,60.0,0,0,1800.0,1,0.0,0.0,0.0,0.0
7052,101-500,0,0,1,1,1.0,60.0,1,0,20000.0,2,0.0,0.0,0.0,0.0
7054,1-25,0,1,1,1,0.0,660.0,0,0,1800.0,2,0.0,0.0,0.0,0.0
7055,1-25,0,0,2,1,0.0,60.0,0,0,1800.0,1,1.0,1.0,1.0,1.0
7056,101-500,0,0,2,1,1.0,60.0,0,0,3000.0,3,0.0,0.0,0.0,0.0
7058,26-100,1,0,2,1,0.0,60.0,0,1,17700.0,1,0.0,0.0,0.0,0.0
7059,1-25,1,0,2,1,0.0,60.0,0,1,47200.0,2,0.0,0.0,0.0,0.0
7060,26-100,0,0,2,1,0.0,60.0,0,0,600.0,1,0.0,0.0,0.0,0.0
7061,1-25,0,0,1,1,0.0,60.0,0,0,3000.0,5,0.0,0.0,0.0,0.0
7062,1-25,0,0,2,1,0.0,60.0,0,0,600.0,1,0.0,0.0,0.0,0.0
7063,1-25,0,0,2,1,0.0,60.0,0,0,3050.0,4,0.0,0.0,0.0,0.0
7064,1-25,1,0,1,1,0.0,60.0,1,1,47700.0,4,0.0,0.0,0.0,0.0
7065,26-100,0,1,1,1,0.0,60.0,0,0,6050.0,7,0.0,0.0,0.0,0.0
7066,101-500,0,0,1,0,1.0,60.0,1,0,69250.0,7,0.0,0.0,0.0,0.0
7067,500-1000,0,0,2,1,1.0,60.0,0,0,1150.0,2,0.0,0.0,0.0,0.0
7068,101-500,0,0,1,1,0.0,60.0,1,0,11000.0,2,0.0,0.0,0.0,0.0
7069,26-100,1,0,1,1,0.0,60.0,0,1,17700.0,1,0.0,0.0,0.0,0.0
7070,101-500,1,0,2,1,0.0,60.0,0,1,25000.0,1,0.0,0.0,0.0,0.0
7071,26-100,1,0,1,1,0.0,60.0,1,1,10000.0,1,0.0,0.0,0.0,0.0
7073,26-100,1,0,2,1,0.0,60.0,0,1,17700.0,1,0.0,0.0,0.0,0.0
7074,101-500,0,0,1,1,1.0,60.0,1,0,87000.0,10,0.0,0.0,0.0,0.0
7076,1-25,1,0,1,0,0.0,60.0,1,1,49500.0,3,0.0,0.0,0.0,0.0
7077,26-100,0,1,1,0,1.0,60.0,1,0,26000.0,17,0.0,0.0,0.0,0.0
7078,500-1000,1,0,2,1,0.0,60.0,0,1,17700.0,1,0.0,0.0,0.0,0.0
7080,1-25,0,0,2,1,1.0,60.0,0,0,2400.0,2,0.0,0.0,0.0,0.0
7082,1-25,1,0,2,1,0.0,60.0,0,1,17700.0,1,0.0,0.0,0.0,0.0
7083,1-25,1,0,2,0,1.0,60.0,1,1,219300.0,10,8.0,2.0,0.0,2.0
7084,101-500,0,0,2,1,0.0,60.0,0,0,150.0,1,0.0,0.0,0.0,0.0
7085,101-500,0,1,1,1,0.0,60.0,0,0,3750.0,3,0.0,0.0,0.0,0.0
7086,1-25,0,1,1,1,0.0,60.0,0,0,9200.0,6,0.0,0.0,0.0,0.0
7087,26-100,0,0,1,1,0.0,60.0,1,0,30000.0,3,0.0,0.0,0.0,0.0
7088,1-25,1,0,2,1,0.0,60.0,0,1,29500.0,1,0.0,0.0,0.0,0.0
7089,101-500,0,0,2,1,0.0,60.0,0,0,3000.0,3,0.0,0.0,0.0,0.0
7091,500-1000,1,0,2,1,0.0,60.0,0,1,64900.0,3,0.0,0.0,0.0,0.0
7092,101-500,0,0,2,1,0.0,60.0,1,0,1000.0,1,0.0,0.0,0.0,0.0
7093,1-25,0,0,2,1,1.0,60.0,0,0,2400.0,2,0.0,0.0,0.0,0.0
7095,101-500,1,0,2,0,1.0,60.0,0,1,47200.0,2,0.0,0.0,0.0,0.0
7097,26-100,0,0,1,0,1.0,60.0,1,0,164000.0,20,0.0,0.0,0.0,0.0
7098,101-500,0,1,2,1,0.0,60.0,0,0,13935733.0,3,0.0,0.0,0.0,0.0
7099,1-25,1,0,1,1,1.0,4995968.0,0,1,99900.0,5,27.0,4.0,2.0,25.0
7102,26-100,0,1,1,1,1.0,60.0,0,0,10950.0,7,0.0,0.0,0.0,0.0
7103,1-25,0,0,2,1,0.0,60.0,0,0,600.0,1,0.0,0.0,0.0,0.0
7106,1-25,1,0,2,1,0.0,60.0,0,1,17700.0,1,20.0,4.0,3.0,12.0
7107,26-100,0,0,1,0,0.0,60.0,1,0,65000.0,7,0.0,0.0,0.0,0.0
7108,1-25,1,0,1,0,0.0,60.0,1,1,265619.2,24,0.0,0.0,0.0,0.0
7109,More than 1000,0,0,2,1,0.0,60.0,0,0,3000.0,3,0.0,0.0,0.0,0.0
7110,1-25,1,0,1,1,1.0,60.0,0,1,129800.0,6,0.0,0.0,0.0,0.0
7111,More than 1000,0,0,1,0,1.0,60.0,0,0,2100.0,2,0.0,0.0,0.0,0.0
7112,1-25,0,0,1,0,0.0,60.0,0,0,2100.0,2,0.0,0.0,0.0,0.0
7113,More than 1000,0,0,2,1,0.0,60.0,0,0,4800.0,4,0.0,0.0,0.0,0.0
7114,101-500,1,0,1,1,0.0,60.0,1,1,20000.0,2,0.0,0.0,0.0,0.0
7116,26-100,1,0,1,1,0.0,60.0,0,1,54500.0,2,0.0,0.0,0.0,0.0
7117,101-500,1,0,1,1,0.0,60.0,0,1,32700.0,2,0.0,0.0,0.0,0.0
7118,500-1000,0,0,2,1,0.0,60.0,0,0,3000.0,3,0.0,0.0,0.0,0.0
7119,1-25,1,0,2,1,0.0,60.0,0,1,17700.0,1,0.0,0.0,0.0,0.0
7120,1-25,1,0,2,1,1.0,60.0,0,1,82600.0,4,0.0,0.0,0.0,0.0
7121,1-25,1,0,2,1,0.0,60.0,0,1,29500.0,1,1.0,1.0,1.0,0.0
7122,101-500,1,0,2,1,0.0,60.0,1,1,10000.0,1,0.0,0.0,0.0,0.0
7123,101-500,0,0,1,0,0.0,60.0,0,0,200.0,2,0.0,0.0,0.0,0.0
7124,101-500,1,0,1,0,0.0,60.0,0,1,40000.0,2,0.0,0.0,0.0,0.0
7125,1-25,1,0,2,1,0.0,60.0,0,1,15000.0,1,0.0,0.0,0.0,0.0
7126,26-100,1,0,2,1,0.0,60.0,0,1,25000.0,1,0.0,0.0,0.0,0.0
7127,26-100,1,0,2,1,0.0,60.0,1,1,10000.0,1,0.0,0.0,0.0,0.0
7128,26-100,1,0,2,1,0.0,60.0,0,1,48716.0,3,0.0,0.0,0.0,0.0
7129,101-500,0,0,1,0,0.0,60.0,0,0,200.0,2,0.0,0.0,0.0,0.0
7130,26-100,1,0,2,1,0.0,60.0,1,1,15000.0,1,0.0,0.0,0.0,0.0
7131,1-25,1,0,2,1,0.0,60.0,1,1,10000.0,1,0.0,0.0,0.0,0.0
7133,1-25,1,0,2,1,0.0,60.0,0,1,47200.0,2,0.0,0.0,0.0,0.0
7134,1-25,1,0,2,1,0.0,60.0,0,1,29500.0,1,0.0,0.0,0.0,0.0
7135,101-500,1,0,2,1,0.0,60.0,1,1,685.0,1,0.0,0.0,0.0,0.0
7136,26-100,1,0,2,1,0.0,60.0,1,1,10000.0,1,0.0,0.0,0.0,0.0
7137,1-25,0,0,1,1,1.0,60.0,0,0,4800.0,4,0.0,0.0,0.0,0.0
7140,26-100,0,0,1,0,0.0,60.0,0,0,2150.0,5,0.0,0.0,0.0,0.0
7141,101-500,1,0,1,0,0.0,60.0,0,1,18136.0,3,0.0,0.0,0.0,0.0
7142,101-500,0,0,1,0,0.0,60.0,0,0,1600.0,4,0.0,0.0,0.0,0.0
7143,101-500,0,0,1,0,0.0,60.0,0,0,6200.0,7,0.0,0.0,0.0,0.0
7144,1-25,0,1,1,1,0.0,60.0,0,0,4800.0,4,0.0,0.0,0.0,0.0
7145,101-500,0,0,1,1,1.0,60.0,1,0,10000.0,1,0.0,0.0,0.0,0.0
7146,101-500,1,0,2,0,0.0,60.0,0,1,65100.0,4,0.0,0.0,0.0,0.0
7148,1-25,1,0,1,1,0.0,60.0,0,1,17900.0,2,0.0,0.0,0.0,0.0
7149,1-25,0,0,2,1,0.0,1060.0,0,0,600.0,1,0.0,0.0,0.0,0.0
7150,1-25,0,0,2,0,1.0,60.0,1,0,14200.0,6,0.0,0.0,0.0,0.0
7151,26-100,1,0,2,1,1.0,60.0,0,1,29500.0,1,444.0,22.0,3.0,348.0
7152,26-100,1,0,2,1,0.0,60.0,1,1,10000.0,1,0.0,0.0,0.0,0.0
7153,26-100,1,0,1,0,0.0,60.0,1,1,77700.0,4,0.0,0.0,0.0,0.0
7154,26-100,1,0,1,1,0.0,60.0,1,1,20000.0,2,0.0,0.0,0.0,0.0
7155,1-25,1,0,2,1,0.0,60.0,0,1,17700.0,1,0.0,0.0,0.0,0.0
7156,26-100,0,0,1,1,0.0,60.0,1,0,20000.0,2,0.0,0.0,0.0,0.0
7158,1-25,0,0,2,1,0.0,60.0,0,0,600.0,1,0.0,0.0,0.0,0.0
7159,1-25,1,0,2,1,0.0,60.0,1,1,10000.0,1,0.0,0.0,0.0,0.0
7160,101-500,1,0,1,1,0.0,60.0,0,1,76700.0,3,0.0,0.0,0.0,0.0
7161,26-100,0,0,2,1,0.0,60.0,0,0,3600.0,4,0.0,0.0,0.0,0.0
7162,1-25,1,0,2,1,0.0,60.0,0,1,17700.0,1,0.0,0.0,0.0,0.0
7163,1-25,1,0,2,1,0.0,60.0,0,1,17700.0,1,0.0,0.0,0.0,0.0
7164,26-100,0,1,1,0,0.0,60.0,0,0,4550.0,5,0.0,0.0,0.0,0.0
7165,1-25,1,0,2,1,0.0,60.0,0,1,17700.0,1,0.0,0.0,0.0,0.0
7166,1-25,0,0,2,1,0.0,60.0,0,0,1800.0,1,0.0,0.0,0.0,0.0
7167,1-25,1,0,2,1,0.0,60.0,0,1,17700.0,1,0.0,0.0,0.0,0.0
7168,1-25,0,0,2,1,0.0,60.0,0,0,600.0,1,0.0,0.0,0.0,0.0
7169,1-25,1,0,1,1,0.0,60.0,0,1,59000.0,2,0.0,0.0,0.0,0.0
7170,1-25,1,1,1,1,0.0,60.0,0,1,47200.0,2,1.0,1.0,0.0,1.0
7171,1-25,1,0,2,1,0.0,60.0,0,1,64900.0,3,0.0,0.0,0.0,0.0
7172,1-25,1,0,2,1,0.0,60.0,0,1,29500.0,1,0.0,0.0,0.0,0.0
7174,1-25,0,0,1,1,0.0,60.0,0,0,4800.0,4,0.0,0.0,0.0,0.0
7175,1-25,0,0,2,1,0.0,60.0,0,0,1800.0,1,0.0,0.0,0.0,0.0
7176,1-25,0,0,1,1,0.0,60.0,0,0,1200.0,2,0.0,0.0,0.0,0.0
7177,1-25,1,0,2,1,0.0,59.0,0,1,29500.0,1,24.0,2.0,6.0,3.0
7178,1-25,0,0,2,1,0.0,60.0,0,0,600.0,1,0.0,0.0,0.0,0.0
7179,1-25,0,0,2,1,0.0,60.0,0,0,1800.0,1,0.0,0.0,0.0,0.0
7180,1-25,1,0,2,1,0.0,60.0,0,1,64900.0,3,0.0,0.0,0.0,0.0
7181,1-25,0,0,2,1,0.0,60.0,0,0,600.0,1,0.0,0.0,0.0,0.0
7182,1-25,1,0,2,0,0.0,60.0,0,1,82600.0,4,0.0,0.0,0.0,0.0
7183,1-25,0,0,1,1,0.0,60.0,0,0,1200.0,2,0.0,0.0,0.0,0.0
7184,1-25,0,0,2,1,0.0,60.0,0,0,600.0,1,0.0,0.0,0.0,0.0
7185,1-25,1,0,2,1,0.0,60.0,0,1,47200.0,2,0.0,0.0,0.0,0.0
7186,101-500,0,0,1,1,0.0,60.0,0,0,6200.0,5,0.0,0.0,0.0,0.0
7187,1-25,1,1,2,1,1.0,60.0,1,1,69000.0,3,0.0,0.0,0.0,0.0
7189,1-25,1,1,1,1,0.0,60.0,0,1,53100.0,3,0.0,0.0,0.0,0.0
7190,1-25,1,0,2,1,0.0,60.0,0,1,17700.0,1,0.0,0.0,0.0,0.0
7191,1-25,0,0,1,0,2.0,60.0,0,0,7200.0,6,0.0,0.0,0.0,0.0
7192,1-25,1,0,2,1,0.0,60.0,0,1,0.0,1,0.0,0.0,0.0,0.0
7193,1-25,1,1,2,1,0.0,60.0,0,1,64900.0,3,0.0,0.0,0.0,0.0
7194,1-25,0,0,2,1,0.0,60.0,0,0,0.0,1,0.0,0.0,0.0,0.0
7195,26-100,1,0,2,1,0.0,60.0,1,1,10000.0,1,0.0,0.0,0.0,0.0
7196,26-100,1,0,2,1,0.0,60.0,0,1,15000.0,1,0.0,0.0,0.0,0.0
7197,1-25,1,0,2,1,0.0,60.0,1,1,10000.0,1,0.0,0.0,0.0,0.0
7198,26-100,0,0,1,0,0.0,60.0,0,0,40050.0,5,0.0,0.0,0.0,0.0
7199,26-100,0,0,2,1,0.0,60.0,1,1,60000.0,1,0.0,0.0,0.0,0.0
7202,More than 1000,1,1,2,1,1.0,60.0,0,1,15000.0,1,0.0,0.0,0.0,0.0
7203,1-25,1,0,2,1,1.0,60.0,0,1,29500.0,1,0.0,0.0,0.0,0.0
7208,1-25,1,0,1,1,0.0,60.0,0,1,141600.0,6,0.0,0.0,0.0,0.0
7209,1-25,1,0,2,1,0.0,60.0,0,1,29500.0,1,0.0,0.0,0.0,0.0
7210,1-25,1,0,1,1,0.0,60.0,0,1,59000.0,2,0.0,0.0,0.0,0.0
7211,101-500,1,0,2,1,0.0,60.0,0,1,54500.0,2,0.0,0.0,0.0,0.0
7212,1-25,0,0,2,1,0.0,60.0,0,0,0.0,1,0.0,0.0,0.0,0.0
7213,1-25,1,0,1,1,0.0,60.0,0,1,15000.0,1,0.0,0.0,0.0,0.0
7214,26-100,1,0,2,1,0.0,60.0,0,1,25000.0,1,0.0,0.0,0.0,0.0
7215,101-500,1,0,1,1,0.0,60.0,0,1,91700.0,4,0.0,0.0,0.0,0.0
7216,1-25,0,0,2,1,1.0,60.0,0,0,3600.0,4,0.0,0.0,0.0,0.0
7217,101-500,1,0,2,1,0.0,60.0,1,1,10000.0,1,0.0,0.0,0.0,0.0
7219,26-100,1,0,2,1,0.0,60.0,1,1,10000.0,1,0.0,0.0,0.0,0.0
7220,26-100,1,0,2,1,0.0,60.0,0,1,25000.0,1,0.0,0.0,0.0,0.0
7221,26-100,1,0,1,1,0.0,60.0,0,1,113500.0,4,0.0,0.0,0.0,0.0
7222,26-100,1,0,2,1,0.0,60.0,1,1,10000.0,1,0.0,0.0,0.0,0.0
7223,1-25,0,0,1,1,0.0,60.0,0,0,0.0,1,0.0,0.0,0.0,0.0
7224,1-25,0,0,1,1,0.0,60.0,0,0,0.0,1,0.0,0.0,0.0,0.0
7226,1-25,0,0,2,1,0.0,60.0,0,0,0.0,1,0.0,0.0,0.0,0.0
7227,26-100,0,0,2,1,0.0,60.0,0,0,50.0,1,0.0,0.0,0.0,0.0
7228,101-500,1,0,2,1,0.0,60.0,1,1,60000.0,2,0.0,0.0,0.0,0.0
7229,1-25,0,0,2,1,0.0,60.0,0,0,0.0,1,0.0,0.0,0.0,0.0
7230,26-100,0,0,2,1,0.0,60.0,0,0,0.0,1,0.0,0.0,0.0,0.0
7231,101-500,1,0,2,1,0.0,60.0,1,1,94400.0,2,0.0,0.0,0.0,0.0
7232,26-100,0,0,2,1,0.0,60.0,0,1,0.0,1,0.0,0.0,0.0,0.0
7233,26-100,1,0,2,1,0.0,60.0,1,1,20000.0,2,0.0,0.0,0.0,0.0
7234,1-25,0,0,2,1,0.0,60.0,0,0,50.0,1,0.0,0.0,0.0,0.0
7235,101-500,1,0,2,1,0.0,60.0,1,1,23600.0,2,0.0,0.0,0.0,0.0
7236,1-25,1,0,1,1,0.0,60.0,0,1,15000.0,1,0.0,0.0,0.0,0.0
7237,101-500,1,0,2,1,0.0,60.0,1,1,20000.0,1,0.0,0.0,0.0,0.0
7238,1-25,1,0,2,1,0.0,60.0,0,1,15000.0,1,0.0,0.0,0.0,0.0
7239,1-25,0,0,1,1,0.0,60.0,0,1,0.0,1,0.0,0.0,0.0,0.0
7240,101-500,1,0,2,1,0.0,60.0,1,1,11800.0,1,0.0,0.0,0.0,0.0
7241,1-25,1,0,1,1,0.0,60.0,0,1,17700.0,1,0.0,0.0,0.0,0.0
7242,1-25,1,0,2,1,0.0,60.0,0,1,15000.0,1,0.0,0.0,0.0,0.0
7243,101-500,1,0,2,1,0.0,60.0,1,1,10000.0,1,0.0,0.0,0.0,0.0
7244,1-25,1,0,1,0,0.0,60.0,1,1,107760.0,9,0.0,0.0,0.0,0.0
7245,101-500,1,0,2,1,0.0,60.0,0,1,15000.0,1,0.0,0.0,0.0,0.0
7246,1-25,1,0,2,1,0.0,60.0,0,1,17700.0,1,0.0,0.0,0.0,0.0
7247,1-25,0,0,1,0,0.0,60.0,0,0,1050.0,5,0.0,0.0,0.0,0.0
7248,1-25,1,0,2,1,0.0,60.0,0,1,17700.0,1,0.0,0.0,0.0,0.0
7249,1-25,1,0,2,1,0.0,60.0,0,1,17700.0,1,0.0,0.0,0.0,0.0
7250,26-100,1,0,2,1,0.0,60.0,0,1,15000.0,1,0.0,0.0,0.0,0.0
7251,1-25,1,0,2,1,0.0,60.0,0,1,29500.0,1,0.0,0.0,0.0,0.0
7252,101-500,1,0,2,1,0.0,60.0,0,1,25000.0,1,0.0,0.0,0.0,0.0
7263,101-500,1,0,2,1,1.0,60.0,0,1,54500.0,2,0.0,0.0,0.0,0.0
7264,1-25,1,0,2,1,0.0,60.0,0,1,15000.0,1,0.0,0.0,0.0,0.0
7269,1-25,1,0,2,1,0.0,60.0,0,1,15000.0,1,0.0,0.0,0.0,0.0
7270,1-25,1,0,1,1,0.0,60.0,0,1,54500.0,2,0.0,0.0,0.0,0.0
7272,101-500,0,0,2,1,0.0,60.0,1,0,10000.0,1,0.0,0.0,0.0,0.0
7273,1-25,0,0,1,1,0.0,60.0,0,0,7200.0,4,1.0,1.0,0.0,1.0
7274,101-500,0,0,2,1,0.0,60.0,1,0,20000.0,1,0.0,0.0,0.0,0.0
7275,500-1000,1,0,2,1,0.0,60.0,1,1,10723.84,1,0.0,0.0,0.0,0.0
7276,26-100,1,0,2,0,0.0,60.0,0,1,85000.0,5,0.0,0.0,0.0,0.0
7277,26-100,1,0,2,0,1.0,60.0,0,1,125263.0,10,0.0,0.0,0.0,0.0
7280,26-100,0,0,2,1,0.0,60.0,0,0,600.0,1,0.0,0.0,0.0,0.0
7281,1-25,1,0,2,1,0.0,60.0,0,1,82600.0,4,0.0,0.0,0.0,0.0
7282,101-500,0,0,1,0,1.0,60.0,0,0,800.0,7,0.0,0.0,0.0,0.0
7284,1-25,1,0,1,0,1.0,60.0,0,1,47800.0,4,1.0,1.0,0.0,1.0
7286,1-25,1,0,1,1,1.0,60.0,0,1,59000.0,2,0.0,0.0,0.0,0.0
7287,1-25,1,0,1,1,0.0,60.0,0,1,15000.0,1,0.0,0.0,0.0,0.0
7288,1-25,1,0,2,1,1.0,60.0,1,1,11800.0,1,0.0,0.0,0.0,0.0
7290,1-25,0,0,2,1,0.0,60.0,0,1,0.0,1,0.0,0.0,0.0,0.0
7291,1-25,0,0,2,1,0.0,60.0,0,1,0.0,1,0.0,0.0,0.0,0.0
7292,1-25,0,0,2,1,0.0,60.0,0,0,0.0,1,0.0,0.0,0.0,0.0
7293,1-25,0,0,2,1,1.0,60.0,1,1,0.0,1,0.0,0.0,0.0,0.0
7294,26-100,0,0,1,0,0.0,60.0,0,0,650.0,2,0.0,0.0,0.0,0.0
7295,26-100,0,0,2,1,0.0,60.0,0,0,600.0,1,0.0,0.0,0.0,0.0
7296,1-25,0,0,2,1,0.0,60.0,0,1,0.0,1,0.0,0.0,0.0,0.0
7297,1-25,0,0,2,1,0.0,60.0,0,0,600.0,1,0.0,0.0,0.0,0.0
7300,26-100,1,0,1,1,0.0,60.0,0,0,168000.0,7,0.0,0.0,0.0,0.0
7301,26-100,0,0,2,1,1.0,60.0,0,0,1800.0,4,0.0,0.0,0.0,0.0
7302,1-25,0,0,2,1,0.0,60.0,0,0,50.0,1,0.0,0.0,0.0,0.0
7304,500-1000,0,1,2,1,0.0,60.0,0,0,800.0,3,0.0,0.0,0.0,0.0
7305,1-25,0,0,2,1,0.0,60.0,0,1,0.0,1,0.0,0.0,0.0,0.0
7306,1-25,0,0,2,1,0.0,60.0,1,0,0.0,1,0.0,0.0,0.0,0.0
7307,1-25,0,0,2,1,0.0,60.0,0,0,1800.0,2,0.0,0.0,0.0,0.0
7308,1-25,1,0,2,1,0.0,60.0,0,1,0.0,1,0.0,0.0,0.0,0.0
7309,1-25,1,0,2,1,0.0,60.0,0,1,17700.0,1,0.0,0.0,0.0,0.0
7310,1-25,1,0,2,1,0.0,60.0,0,1,29603.84,3,0.0,0.0,0.0,0.0
7311,1-25,0,0,2,1,0.0,60.0,0,1,0.0,1,0.0,0.0,0.0,0.0
7312,1-25,0,0,2,1,0.0,60.0,0,1,0.0,1,0.0,0.0,0.0,0.0
7313,1-25,0,0,1,1,0.0,60.0,0,0,4200.0,3,0.0,0.0,0.0,0.0
7314,1-25,0,0,1,1,1.0,60.0,0,0,10200.0,9,0.0,0.0,0.0,0.0
7316,500-1000,0,0,2,1,0.0,60.0,0,0,650.0,2,0.0,0.0,0.0,0.0
7317,26-100,0,0,1,1,0.0,60.0,0,0,5400.0,3,0.0,0.0,0.0,0.0
7318,1-25,0,0,1,1,0.0,60.0,0,0,600.0,2,1.0,1.0,0.0,0.0
7319,101-500,0,0,1,1,1.0,60.0,1,0,200000.0,4,0.0,0.0,0.0,0.0
7321,101-500,0,0,1,1,1.0,60.0,0,0,5400.0,5,0.0,0.0,0.0,0.0
7323,1-25,0,0,2,1,0.0,60.0,1,0,0.0,1,0.0,0.0,0.0,0.0
7324,1-25,0,0,2,1,0.0,60.0,0,0,0.0,1,0.0,0.0,0.0,0.0
7325,1-25,0,0,1,1,0.0,60.0,0,0,0.0,1,0.0,0.0,0.0,0.0
7326,1-25,0,0,1,1,0.0,60.0,1,0,0.0,1,0.0,0.0,0.0,0.0
7327,1-25,0,0,2,1,0.0,60.0,0,0,0.0,1,0.0,0.0,0.0,0.0
7328,1-25,0,0,1,1,0.0,60.0,1,0,0.0,1,0.0,0.0,0.0,0.0
7329,1-25,0,0,1,0,1.0,60.0,0,0,1800.0,4,0.0,0.0,0.0,0.0
7331,1-25,0,0,2,0,0.0,60.0,0,0,50.0,4,0.0,0.0,0.0,0.0
7332,1-25,0,0,2,1,0.0,60.0,0,0,0.0,1,0.0,0.0,0.0,0.0
7333,26-100,0,0,2,0,1.0,60.0,1,0,12680.0,12,0.0,0.0,0.0,0.0
7334,1-25,0,0,2,1,0.0,60.0,1,0,0.0,1,1.0,1.0,0.0,0.0
7335,26-100,1,0,2,1,1.0,60.0,1,1,106200.0,6,0.0,0.0,0.0,0.0
7336,1-25,0,0,2,1,0.0,60.0,1,0,20000.0,2,0.0,0.0,0.0,0.0
7337,1-25,1,0,2,1,0.0,60.0,0,1,0.0,1,2.0,1.0,0.0,2.0
7338,1-25,0,0,2,1,0.0,60.0,0,0,0.0,1,2.0,1.0,0.0,2.0
7340,1-25,0,0,2,1,0.0,60.0,0,0,0.0,1,0.0,0.0,0.0,0.0
7341,1-25,0,0,2,1,0.0,60.0,0,1,0.0,1,0.0,0.0,0.0,0.0
7342,1-25,0,0,2,1,0.0,60.0,0,1,0.0,1,0.0,0.0,0.0,0.0
7343,1-25,1,0,2,1,0.0,60.0,0,1,0.0,1,0.0,0.0,0.0,0.0
7344,1-25,0,0,1,0,1.0,60.0,1,0,30120.0,6,0.0,0.0,0.0,0.0
7346,1-25,1,0,2,1,0.0,60.0,1,1,0.0,1,0.0,0.0,0.0,0.0
7347,1-25,0,0,2,1,0.0,60.0,1,1,0.0,1,0.0,0.0,0.0,0.0
7348,More than 1000,1,0,2,1,0.0,60.0,1,1,29510.0,2,0.0,0.0,0.0,0.0
7349,1-25,0,0,2,1,1.0,60.0,0,0,3050.0,4,0.0,0.0,0.0,0.0
7350,26-100,0,0,1,1,1.0,60.0,0,0,3750.0,3,0.0,1.0,0.0,0.0
7351,1-25,1,0,2,1,0.0,60.0,0,1,29500.0,2,0.0,0.0,0.0,0.0
7353,26-100,1,0,2,1,0.0,60.0,1,1,500.0,1,0.0,0.0,0.0,0.0
7354,1-25,0,0,2,1,0.0,60.0,0,1,0.0,1,0.0,0.0,0.0,0.0
7355,101-500,1,0,2,1,0.0,60.0,0,1,47200.0,2,0.0,0.0,0.0,0.0
7356,1-25,0,0,2,1,0.0,60.0,0,0,0.0,1,0.0,0.0,0.0,0.0
7358,101-500,1,0,2,1,0.0,60.0,0,1,29500.0,1,0.0,0.0,0.0,0.0
7359,1-25,0,0,2,1,0.0,60.0,0,1,0.0,1,0.0,0.0,0.0,0.0
7360,1-25,0,0,2,1,0.0,60.0,0,1,0.0,1,0.0,0.0,0.0,0.0
7361,1-25,0,0,2,1,0.0,60.0,1,1,0.0,1,0.0,0.0,0.0,0.0
7362,1-25,0,0,2,1,0.0,60.0,0,1,600000.0,3,0.0,0.0,0.0,0.0
7363,1-25,0,0,2,1,0.0,60.0,1,1,0.0,1,0.0,0.0,0.0,0.0
7364,26-100,0,0,1,1,1.0,60.0,1,0,40000.0,4,0.0,0.0,0.0,0.0
7366,101-500,1,0,2,1,0.0,60.0,1,1,1000.0,1,0.0,0.0,0.0,0.0
7367,500-1000,1,1,2,1,0.0,60.0,0,1,15000.0,1,0.0,0.0,0.0,0.0
7368,101-500,1,0,1,1,0.0,60.0,0,1,1900.0,1,5.0,1.0,0.0,0.0
7369,1-25,1,0,2,1,0.0,60.0,0,1,17700.0,1,0.0,0.0,0.0,0.0
7370,500-1000,1,0,2,1,0.0,60.0,0,1,29500.0,1,0.0,0.0,0.0,0.0
7371,101-500,1,0,2,1,0.0,60.0,1,1,20000.0,1,0.0,0.0,0.0,0.0
7372,500-1000,1,0,2,1,0.0,60.0,0,1,2500.0,1,0.0,0.0,0.0,0.0
7373,26-100,0,0,2,1,0.0,60.0,0,1,0.0,1,0.0,0.0,0.0,0.0
7374,1-25,1,0,2,1,0.0,60.0,0,1,29500.0,1,0.0,0.0,0.0,0.0
7375,1-25,1,0,2,1,0.0,60.0,0,1,17700.0,1,5.0,1.0,1.0,0.0
7376,101-500,1,0,2,1,0.0,60.0,1,1,2360.0,1,0.0,0.0,0.0,0.0
7377,26-100,1,0,2,0,0.0,60.0,0,1,1300.0,1,0.0,0.0,0.0,0.0
7378,1-25,1,0,2,1,0.0,60.0,0,1,17700.0,1,0.0,1.0,10.0,0.0
7379,1-25,1,0,2,1,0.0,60.0,0,1,29500.0,1,0.0,0.0,0.0,0.0
7380,1-25,1,0,2,0,0.0,60.0,0,1,20200.0,2,0.0,0.0,0.0,0.0
7381,1-25,1,0,2,0,0.0,60.0,0,1,42700.0,2,0.0,0.0,0.0,0.0
7382,101-500,0,0,2,1,0.0,60.0,0,1,0.0,1,0.0,0.0,0.0,0.0
7383,101-500,0,0,2,1,0.0,60.0,0,1,0.0,1,0.0,0.0,0.0,0.0
7384,1-25,1,0,2,1,0.0,60.0,0,1,0.0,1,0.0,0.0,0.0,0.0
7385,1-25,1,0,1,1,0.0,60.0,0,1,0.0,1,0.0,0.0,0.0,0.0
7386,1-25,1,0,2,1,0.0,60.0,0,1,0.0,1,0.0,0.0,0.0,0.0
7388,1-25,1,0,2,0,0.0,60.0,1,1,69000.0,8,0.0,0.0,0.0,0.0
7390,500-1000,0,0,1,1,0.0,60.0,0,0,7800.0,7,0.0,0.0,0.0,0.0
7391,1-25,0,0,1,1,1.0,60.0,0,0,1200.0,2,0.0,0.0,0.0,0.0
7392,1-25,0,0,1,1,0.0,60.0,0,0,10800.0,6,0.0,0.0,0.0,0.0
7393,26-100,0,0,1,1,0.0,60.0,0,0,3600.0,2,0.0,0.0,0.0,0.0
7394,1-25,0,0,2,1,0.0,60.0,0,0,600.0,1,0.0,0.0,0.0,0.0
7396,500-1000,1,0,2,1,1.0,60.0,0,1,47200.0,2,75.0,13.0,3.0,73.0
7397,1-25,0,0,2,1,0.0,60.0,0,0,600.0,1,0.0,0.0,0.0,0.0
7399,1-25,1,0,2,0,2.0,60.0,1,1,74900.0,4,337.0,1.0,2.0,201.0
7402,26-100,0,0,2,0,1.0,60.0,0,0,60.0,1,0.0,0.0,0.0,0.0
7405,1-25,0,0,2,1,0.0,60.0,0,0,600.0,1,0.0,0.0,0.0,0.0
7406,1-25,0,0,2,1,0.0,60.0,0,0,600.0,1,0.0,0.0,0.0,0.0
7407,1-25,0,0,1,1,0.0,60.0,0,0,9000.0,15,0.0,0.0,0.0,0.0
7408,1-25,0,0,1,1,0.0,60.0,0,0,9000.0,15,0.0,0.0,0.0,0.0
7409,1-25,0,0,2,1,0.0,60.0,0,0,600.0,1,0.0,0.0,0.0,0.0
7410,1-25,1,0,2,1,0.0,60.0,0,1,17700.0,1,0.0,0.0,0.0,0.0
7412,1-25,0,0,2,1,0.0,60.0,1,0,10000.0,1,0.0,0.0,0.0,0.0
7413,1-25,1,0,2,1,1.0,60.0,0,1,17700.0,1,0.0,0.0,0.0,0.0
7415,1-25,1,0,2,1,0.0,60.0,0,1,47200.0,2,0.0,0.0,0.0,0.0
7416,1-25,1,0,2,1,0.0,60.0,0,1,47200.0,2,0.0,0.0,0.0,0.0
7418,1-25,0,0,1,1,0.0,60.0,0,0,5400.0,9,0.0,0.0,0.0,0.0
7419,1-25,0,0,1,1,0.0,160.0,0,0,9600.0,16,0.0,0.0,0.0,0.0
7420,1-25,0,0,2,1,0.0,60.0,0,0,1800.0,1,0.0,0.0,0.0,0.0
7421,26-100,0,0,1,1,0.0,60.0,0,0,9600.0,16,0.0,0.0,0.0,0.0
7422,1-25,0,0,1,1,0.0,60.0,0,0,9000.0,15,0.0,0.0,0.0,0.0
7423,101-500,0,0,2,1,0.0,60.0,1,0,40000.0,2,0.0,0.0,0.0,0.0
7424,1-25,0,0,1,1,0.0,60.0,0,0,9000.0,15,0.0,0.0,0.0,0.0
7425,1-25,0,1,1,1,1.0,60.0,0,0,7800.0,13,1.0,1.0,0.0,0.0
7426,1-25,1,0,2,1,0.0,60.0,0,1,17700.0,1,0.0,0.0,0.0,0.0
7427,1-25,0,0,1,1,0.0,60.0,0,0,9000.0,15,0.0,0.0,0.0,0.0
7428,1-25,1,0,2,1,0.0,60.0,0,1,29500.0,1,0.0,0.0,0.0,0.0
7429,1-25,1,0,2,1,0.0,60.0,0,1,17700.0,1,0.0,0.0,0.0,0.0
7431,1-25,1,1,1,0,2.0,60.0,0,1,159300.0,7,8.0,0.0,0.0,5.0
7432,1-25,1,0,2,0,0.0,60.0,1,1,50700.0,4,0.0,0.0,0.0,0.0
7433,1-25,1,0,2,0,0.0,60.0,1,1,60000.0,3,0.0,0.0,0.0,0.0
7434,26-100,0,0,1,1,0.0,60.0,0,0,14400.0,8,1.0,1.0,0.0,0.0
7435,26-100,1,0,1,1,1.0,60.0,0,1,88500.0,3,0.0,0.0,0.0,0.0
7436,1-25,1,0,2,1,0.0,60.0,0,1,29500.0,1,0.0,0.0,0.0,0.0
7437,1-25,0,0,2,1,0.0,60.0,0,0,4200.0,3,0.0,0.0,0.0,0.0
7438,1-25,0,0,2,1,0.0,60.0,0,0,3000.0,3,0.0,0.0,0.0,0.0
7439,101-500,1,0,2,1,0.0,60.0,1,1,1200.0,1,0.0,0.0,0.0,0.0
7440,101-500,1,0,2,0,0.0,60.0,1,1,68400.0,5,0.0,0.0,0.0,0.0
7442,500-1000,1,1,2,0,0.0,60.0,0,1,29500.0,1,0.0,0.0,0.0,0.0
7443,1-25,1,0,2,1,0.0,60.0,0,1,29500.0,1,0.0,0.0,0.0,0.0
7444,1-25,0,0,1,1,0.0,60.0,0,0,3600.0,2,0.0,0.0,0.0,0.0
7445,26-100,0,1,1,1,1.0,60.0,0,0,16200.0,9,0.0,0.0,0.0,0.0
7447,1-25,0,1,1,1,0.0,60.0,0,0,5400.0,3,1.0,1.0,2.0,0.0
7448,1-25,0,0,2,1,0.0,60.0,0,0,1800.0,1,0.0,0.0,0.0,0.0
7449,500-1000,1,0,1,1,0.0,60.0,1,1,4400.0,2,0.0,0.0,0.0,0.0
7450,1-25,0,0,1,1,0.0,60.0,0,0,23400.0,13,0.0,1.0,1.0,0.0
7451,More than 1000,1,0,2,1,0.0,60.0,1,1,2200.0,1,0.0,0.0,0.0,0.0
7452,500-1000,1,0,2,0,0.0,60.0,0,1,76700.0,3,0.0,0.0,0.0,0.0
7453,101-500,0,0,2,1,1.0,60.0,1,0,50000.0,5,0.0,1.0,1.0,0.0
7454,101-500,1,0,2,1,0.0,60.0,0,1,29500.0,1,0.0,0.0,0.0,0.0
7455,101-500,1,0,2,1,0.0,60.0,1,1,1652.0,1,0.0,0.0,0.0,0.0
7458,26-100,0,0,2,1,0.0,60.0,1,0,80000.0,4,0.0,0.0,0.0,0.0
7459,26-100,0,0,1,1,0.0,60.0,0,0,4200.0,7,0.0,0.0,0.0,0.0
7460,26-100,0,0,2,1,0.0,60.0,1,0,40000.0,2,0.0,0.0,0.0,0.0
7461,500-1000,1,0,2,1,0.0,60.0,0,1,29500.0,1,1.0,1.0,0.0,1.0
7462,1-25,1,0,2,1,0.0,60.0,0,1,17700.0,1,0.0,0.0,0.0,0.0
7463,1-25,0,1,1,0,1.0,1860.0,0,0,23400.0,13,0.0,0.0,0.0,0.0
7464,1-25,0,1,2,1,3.0,60.0,0,0,37400.0,27,84.0,42.0,8.0,27.0
7465,26-100,0,0,2,1,1.0,60.0,1,0,171250.0,16,0.0,0.0,0.0,0.0
7466,500-1000,0,0,2,1,0.0,60.0,0,0,9000.0,5,0.0,0.0,0.0,0.0
7467,1-25,0,0,2,0,0.0,60.0,0,0,600.0,1,5.0,1.0,1.0,2.0
7468,1-25,0,0,2,1,0.0,60.0,0,0,600.0,1,0.0,0.0,0.0,0.0
7469,101-500,1,0,2,0,1.0,60.0,0,1,74000.0,3,0.0,0.0,0.0,0.0
7470,1-25,0,0,2,1,0.0,660.0,0,0,600.0,1,0.0,0.0,0.0,0.0
7472,26-100,0,0,2,1,0.0,60.0,0,0,1200.0,2,0.0,1.0,0.0,0.0
7473,1-25,1,0,2,1,0.0,60.0,0,1,17700.0,1,0.0,0.0,0.0,0.0
7474,26-100,1,0,2,0,0.0,60.0,0,1,29500.0,1,0.0,0.0,0.0,0.0
7475,101-500,1,0,2,1,0.0,60.0,1,1,10000.0,1,0.0,0.0,0.0,0.0
7476,101-500,1,0,1,1,0.0,60.0,0,1,1770.0,1,0.0,0.0,0.0,0.0
7477,101-500,0,0,2,1,0.0,60.0,0,0,1200.0,2,0.0,0.0,0.0,0.0
7478,101-500,1,1,2,1,2.0,60.0,0,1,17700.0,1,18.0,6.0,28.0,8.0
7480,101-500,0,0,2,1,0.0,160.0,0,0,5400.0,3,0.0,0.0,0.0,0.0
7481,1-25,0,0,2,1,0.0,60.0,0,0,2400.0,2,0.0,0.0,0.0,0.0
7482,1-25,0,0,2,1,0.0,60.0,0,0,2400.0,2,0.0,0.0,0.0,0.0
7483,1-25,0,0,1,1,0.0,660.0,0,0,1800.0,3,0.0,0.0,0.0,0.0
7484,101-500,0,0,2,0,1.0,60.0,0,1,1750.0,9,0.0,0.0,0.0,0.0
7485,1-25,0,0,2,0,0.0,60.0,0,1,50.0,3,0.0,0.0,0.0,0.0
7486,500-1000,0,0,2,1,0.0,60.0,0,1,0.0,1,0.0,0.0,0.0,0.0
7487,26-100,0,0,2,1,0.0,60.0,0,1,0.0,1,0.0,0.0,0.0,0.0
7488,101-500,0,0,2,1,0.0,60.0,1,1,0.0,1,0.0,0.0,0.0,0.0
7489,101-500,0,0,2,1,0.0,60.0,1,1,0.0,1,0.0,0.0,0.0,0.0
7490,101-500,1,0,1,1,0.0,60.0,0,0,50.0,1,0.0,0.0,0.0,0.0
7491,1-25,0,0,2,1,0.0,60.0,0,1,0.0,1,0.0,0.0,0.0,0.0
7492,1-25,0,0,2,1,0.0,60.0,0,0,600.0,1,0.0,0.0,0.0,0.0
7493,1-25,0,0,2,1,0.0,60.0,0,0,600.0,1,0.0,0.0,0.0,0.0
7494,1-25,0,0,2,1,0.0,60.0,0,0,1800.0,1,0.0,0.0,0.0,0.0
7495,1-25,0,0,2,1,0.0,60.0,0,0,1800.0,1,0.0,0.0,0.0,0.0
7496,101-500,0,0,2,1,0.0,60.0,1,0,30000.0,1,0.0,0.0,0.0,0.0
7497,1-25,0,0,2,1,0.0,60.0,0,0,1800.0,1,0.0,0.0,0.0,0.0
7498,1-25,0,0,1,1,2.0,500000.0,1,0,6500.0,13,1.0,1.0,1.0,0.0
7499,26-100,0,0,2,1,0.0,60.0,1,0,1000.0,1,0.0,0.0,0.0,0.0
7500,101-500,0,0,1,1,1.0,3735.0,0,0,14550.0,9,0.0,1.0,2.0,0.0
7501,500-1000,0,0,2,1,0.0,60.0,1,0,40000.0,4,0.0,0.0,0.0,0.0
7502,1-25,0,0,2,0,0.0,60.0,0,1,500.0,3,0.0,0.0,0.0,0.0
7504,101-500,0,0,2,1,0.0,60.0,1,0,80000.0,2,1.0,1.0,1.0,0.0
7508,500-1000,0,0,2,1,0.0,60.0,0,0,1800.0,1,0.0,0.0,0.0,0.0
7509,1-25,0,0,2,1,0.0,60.0,0,0,1800.0,1,0.0,0.0,0.0,0.0
7511,1-25,0,0,2,1,0.0,60.0,0,0,600.0,1,0.0,0.0,0.0,0.0
7512,500-1000,0,0,2,1,0.0,60.0,0,0,1200.0,2,0.0,0.0,0.0,0.0
7513,26-100,0,0,1,1,0.0,660.0,0,0,1200.0,2,0.0,0.0,0.0,0.0
7514,1-25,0,0,1,1,0.0,660.0,0,0,1200.0,2,0.0,0.0,0.0,0.0
7515,1-25,0,0,1,1,0.0,660.0,0,0,1200.0,2,0.0,0.0,0.0,0.0
7516,1-25,0,0,2,1,0.0,60.0,0,0,600.0,1,0.0,0.0,0.0,0.0
7517,1-25,0,0,1,1,0.0,1860.0,0,0,3600.0,2,0.0,0.0,0.0,0.0
7518,1-25,1,0,2,1,0.0,60.0,0,1,17700.0,1,0.0,0.0,0.0,0.0
7519,1-25,0,0,1,1,0.0,660.0,0,0,1200.0,2,0.0,0.0,0.0,0.0
7521,101-500,0,0,2,1,0.0,60.0,0,0,1200.0,2,0.0,0.0,0.0,0.0
7522,1-25,0,0,2,1,0.0,60.0,0,0,1800.0,1,0.0,0.0,0.0,0.0
7523,1-25,0,0,2,0,0.0,60.0,0,0,600.0,3,0.0,0.0,0.0,0.0
7524,1-25,0,0,1,1,0.0,60.0,1,0,40000.0,1,0.0,0.0,0.0,0.0
7525,500-1000,0,0,2,1,0.0,60.0,1,0,30000.0,1,0.0,0.0,0.0,0.0
7527,1-25,0,0,1,1,0.0,60.0,0,0,600.0,2,0.0,0.0,0.0,0.0
7529,1-25,0,0,2,1,0.0,60.0,0,0,0.0,1,0.0,0.0,0.0,0.0
7530,1-25,0,0,2,1,0.0,60.0,0,0,0.0,1,0.0,0.0,0.0,0.0
7531,101-500,1,0,2,1,0.0,60.0,0,1,29500.0,1,0.0,0.0,6.0,0.0
7532,500-1000,0,0,2,1,0.0,60.0,0,1,0.0,1,0.0,0.0,0.0,0.0
7533,1-25,1,0,2,1,0.0,60.0,0,1,0.0,1,0.0,0.0,0.0,0.0
7534,1-25,1,0,2,1,0.0,60.0,0,1,17700.0,1,0.0,0.0,14.0,0.0
7535,1-25,1,0,2,1,0.0,60.0,0,1,0.0,1,0.0,0.0,0.0,0.0
7536,1-25,1,0,2,1,0.0,60.0,0,1,29500.0,1,0.0,1.0,4.0,0.0
7537,101-500,0,1,2,0,1.0,60.0,0,0,1800.0,3,0.0,0.0,0.0,0.0
7538,1-25,1,0,1,0,0.0,60.0,0,1,164500.0,7,0.0,1.0,1.0,0.0
7539,1-25,0,0,2,1,0.0,60.0,0,1,0.0,1,0.0,0.0,0.0,0.0
7540,101-500,1,0,2,1,0.0,60.0,0,1,15000.0,2,0.0,0.0,0.0,0.0
7541,500-1000,1,0,2,0,1.0,60.0,0,1,47402.8,4,0.0,0.0,0.0,0.0
7543,101-500,1,0,2,1,0.0,60.0,1,1,1200.0,1,0.0,0.0,0.0,0.0
7545,1-25,0,0,2,1,1.0,60.0,0,0,2400.0,2,0.0,0.0,0.0,0.0
7547,1-25,0,0,1,1,0.0,60.0,0,0,600.0,2,0.0,0.0,0.0,0.0
7548,1-25,0,0,2,1,0.0,60.0,0,1,0.0,1,0.0,0.0,0.0,0.0
7549,1-25,0,1,1,1,1.0,660.0,0,0,1200.0,3,1.0,4.0,3.0,0.0
7550,1-25,0,0,2,1,0.0,60.0,0,0,600.0,2,0.0,0.0,0.0,0.0
7551,1-25,1,0,1,1,0.0,60.0,0,1,17700.0,2,0.0,0.0,0.0,0.0
7553,1-25,0,0,1,1,0.0,60.0,0,0,600.0,2,0.0,0.0,0.0,0.0
7554,101-500,0,1,2,1,2.0,1060.0,0,0,5550.0,4,0.0,0.0,0.0,0.0
7556,500-1000,0,0,2,0,0.0,2760.0,0,0,2550.0,5,0.0,0.0,0.0,0.0
7557,1-25,0,0,2,1,0.0,60.0,0,0,600.0,1,0.0,0.0,0.0,0.0
7558,1-25,0,0,2,1,0.0,60.0,0,0,0.0,1,0.0,0.0,0.0,0.0
7559,101-500,1,0,2,1,0.0,60.0,1,1,10000.0,1,0.0,0.0,0.0,0.0
7560,1-25,0,0,1,0,0.0,60.0,0,0,1200.0,3,0.0,0.0,0.0,0.0
7561,1-25,1,0,2,0,0.0,60.0,0,1,0.0,2,0.0,0.0,0.0,0.0
7562,1-25,1,0,2,0,0.0,60.0,0,1,60000.0,6,0.0,0.0,0.0,0.0
7563,1-25,0,0,2,0,0.0,60.0,0,0,150.0,4,0.0,0.0,0.0,0.0
7564,1-25,1,0,2,1,0.0,60.0,0,1,0.0,1,0.0,0.0,0.0,0.0
7565,1-25,0,0,2,1,0.0,60.0,0,0,1200.0,2,0.0,0.0,0.0,0.0
7566,101-500,1,0,2,1,0.0,60.0,0,1,15000.0,1,0.0,0.0,0.0,0.0
7567,1-25,0,0,2,1,0.0,60.0,0,0,600.0,1,0.0,0.0,0.0,0.0
7568,1-25,0,0,2,1,0.0,60.0,0,0,600.0,1,0.0,0.0,0.0,0.0
7569,101-500,1,0,2,0,0.0,60.0,0,1,29500.0,3,0.0,0.0,0.0,0.0
7570,More than 1000,1,0,2,0,0.0,60.0,0,1,0.0,2,0.0,0.0,0.0,0.0
7575,1-25,0,0,2,1,0.0,60.0,0,0,600.0,1,0.0,0.0,0.0,0.0
7577,26-100,1,0,2,0,0.0,60.0,0,1,17700.0,1,0.0,0.0,0.0,0.0
7578,1-25,0,0,2,1,0.0,60.0,0,0,50.0,1,0.0,0.0,0.0,0.0
7579,26-100,0,0,2,1,0.0,60.0,0,0,150.0,1,0.0,0.0,0.0,0.0
7580,26-100,0,0,2,1,0.0,60.0,0,0,50.0,1,0.0,0.0,0.0,0.0
7581,26-100,0,0,2,1,0.0,60.0,0,0,150.0,1,0.0,0.0,0.0,0.0
7582,26-100,0,0,2,1,0.0,60.0,0,0,50.0,1,0.0,0.0,0.0,0.0
7583,1-25,1,0,2,1,1.0,60.0,1,1,2.0,1,1.0,9.0,5.0,0.0
7584,1-25,1,0,2,1,0.0,60.0,0,1,17700.0,1,0.0,0.0,0.0,0.0
7585,26-100,1,0,1,0,0.0,60.0,0,1,50400.0,3,0.0,0.0,0.0,0.0
7586,26-100,1,0,2,1,0.0,60.0,0,1,40000.0,2,0.0,0.0,0.0,0.0
7587,1-25,1,0,2,1,0.0,60.0,0,1,29500.0,1,0.0,0.0,0.0,0.0
7590,1-25,0,0,2,1,0.0,60.0,0,0,600.0,2,0.0,0.0,0.0,0.0
7591,1-25,0,0,2,1,0.0,60.0,0,0,600.0,2,0.0,0.0,0.0,0.0
7592,500-1000,1,0,2,1,0.0,60.0,0,1,29500.0,1,0.0,0.0,0.0,0.0
7593,1-25,0,0,1,0,0.0,60.0,0,0,1200.0,3,0.0,0.0,0.0,0.0
7594,1-25,1,0,2,0,0.0,60.0,0,1,25000.0,2,0.0,0.0,0.0,0.0
7595,500-1000,1,0,2,0,0.0,60.0,0,1,91700.0,5,0.0,0.0,0.0,0.0
7596,1-25,1,0,2,1,2.0,60.0,0,1,29500.0,1,144.0,29.0,26.0,112.0
7597,101-500,0,0,2,0,0.0,60.0,0,0,750.0,2,0.0,0.0,0.0,0.0
7598,1-25,1,0,1,0,0.0,60.0,0,1,32700.0,4,0.0,0.0,0.0,0.0
7599,101-500,0,0,2,0,0.0,60.0,0,0,13200.0,6,0.0,0.0,0.0,0.0
7600,1-25,0,0,2,1,0.0,60.0,0,0,600.0,1,0.0,0.0,0.0,0.0
7605,101-500,1,0,2,0,0.0,60.0,0,1,62200.0,3,0.0,0.0,0.0,0.0
7606,1-25,0,0,1,1,0.0,1535.0,0,0,6550.0,10,1.0,2.0,0.0,1.0
7607,101-500,0,0,1,1,1.0,60.0,1,0,90000.0,3,0.0,0.0,0.0,0.0
7608,1-25,0,0,2,0,0.0,60.0,0,0,0.0,2,0.0,0.0,0.0,0.0
7609,1-25,0,0,2,1,0.0,60.0,0,0,600.0,1,0.0,0.0,0.0,0.0
7610,500-1000,0,0,2,1,0.0,60.0,0,0,50.0,1,0.0,1.0,1.0,0.0
7611,1-25,1,0,2,1,0.0,60.0,0,1,0.0,1,0.0,0.0,0.0,0.0
7612,1-25,1,0,2,1,0.0,60.0,0,1,0.0,1,0.0,0.0,0.0,0.0
7613,1-25,0,0,1,0,0.0,60.0,0,0,1250.0,3,0.0,0.0,0.0,0.0
7614,1-25,0,0,1,0,0.0,60.0,0,0,650.0,3,0.0,0.0,0.0,0.0
7615,1-25,1,0,1,0,0.0,60.0,0,1,32700.0,4,0.0,0.0,0.0,0.0
7616,26-100,0,0,1,0,0.0,60.0,0,0,2000.0,3,0.0,0.0,0.0,0.0
7617,26-100,1,0,2,1,0.0,60.0,1,1,1.0,1,0.0,0.0,2.0,0.0
7618,1-25,1,0,2,1,0.0,60.0,0,1,17700.0,1,0.0,0.0,4.0,0.0
7619,1-25,0,0,1,0,0.0,60.0,0,0,2400.0,4,0.0,0.0,0.0,0.0
7620,101-500,0,0,2,0,1.0,60.0,0,0,1350.0,3,0.0,0.0,0.0,0.0
7622,500-1000,0,0,1,0,1.0,60.0,0,0,2450.0,5,0.0,0.0,0.0,0.0
7624,101-500,1,0,2,1,0.0,60.0,0,1,15000.0,1,0.0,0.0,0.0,0.0
7627,1-25,1,0,2,0,0.0,60.0,0,1,29500.0,1,0.0,0.0,0.0,0.0
7628,1-25,0,0,1,0,0.0,60.0,0,0,9000.0,5,0.0,0.0,0.0,0.0
7629,101-500,0,0,2,0,0.0,60.0,0,0,750.0,2,0.0,0.0,0.0,0.0
7630,26-100,0,0,1,0,0.0,60.0,1,0,27200.0,6,0.0,0.0,0.0,0.0
7631,101-500,0,0,2,1,1.0,60.0,0,0,750.0,2,0.0,0.0,0.0,0.0
7632,101-500,1,0,2,1,0.0,60.0,0,1,15000.0,1,0.0,0.0,0.0,0.0
7633,500-1000,1,0,2,1,0.0,60.0,0,1,25000.0,1,0.0,0.0,0.0,0.0
7634,1-25,1,0,2,1,0.0,60.0,0,1,17700.0,1,0.0,0.0,0.0,0.0
7635,26-100,0,0,2,1,0.0,60.0,1,0,2000.0,2,0.0,0.0,0.0,0.0
7636,1-25,1,0,2,1,0.0,60.0,0,1,29500.0,1,0.0,0.0,0.0,0.0
7637,1-25,0,0,1,0,0.0,60.0,0,0,6000.0,6,0.0,0.0,0.0,0.0
7640,1-25,1,0,2,0,0.0,60.0,0,1,57700.0,4,0.0,0.0,0.0,0.0
7641,1-25,0,0,2,1,0.0,60.0,0,0,0.0,1,0.0,0.0,0.0,0.0
7642,1-25,0,0,2,0,0.0,60.0,0,0,50.0,3,0.0,0.0,0.0,0.0
7643,1-25,1,0,2,0,0.0,60.0,0,1,15000.0,2,0.0,0.0,0.0,0.0
7644,26-100,1,0,2,1,0.0,60.0,1,1,10000.0,1,0.0,0.0,0.0,0.0
7645,500-1000,1,0,1,1,0.0,60.0,1,1,16160.0,3,0.0,0.0,0.0,0.0
7646,26-100,1,0,2,1,0.0,60.0,1,1,10000.0,1,0.0,0.0,0.0,0.0
7647,101-500,1,0,1,0,0.0,60.0,1,1,20000.0,2,2.0,1.0,0.0,2.0
7648,26-100,1,0,1,0,0.0,60.0,1,1,30000.0,3,0.0,0.0,0.0,0.0
7650,1-25,1,0,2,0,0.0,60.0,0,1,60400.0,4,0.0,0.0,0.0,0.0
7651,1-25,0,0,2,1,0.0,60.0,0,0,600.0,1,0.0,0.0,0.0,0.0
7652,1-25,1,0,2,1,0.0,60.0,0,1,29500.0,1,0.0,0.0,0.0,0.0
7653,1-25,1,0,2,1,0.0,60.0,0,1,17700.0,1,0.0,0.0,0.0,0.0
7654,101-500,0,0,2,1,0.0,60.0,0,0,2400.0,2,0.0,0.0,0.0,0.0
7655,101-500,0,0,2,1,0.0,60.0,1,0,10000.0,1,0.0,0.0,0.0,0.0
7656,101-500,1,0,2,1,0.0,60.0,0,1,25000.0,1,0.0,0.0,0.0,0.0
7657,101-500,0,1,1,1,1.0,1560.0,0,0,1800.0,3,0.0,0.0,0.0,0.0
7658,500-1000,1,0,2,1,0.0,60.0,0,1,0.0,1,0.0,0.0,0.0,0.0
7659,1-25,1,0,2,1,0.0,60.0,0,1,0.0,1,0.0,0.0,0.0,0.0
7660,More than 1000,1,0,2,1,0.0,60.0,1,1,0.0,1,0.0,0.0,0.0,0.0
7661,1-25,1,0,2,1,0.0,60.0,0,1,0.0,1,0.0,0.0,0.0,0.0
7662,101-500,0,0,1,1,0.0,60.0,0,0,600.0,2,0.0,0.0,0.0,0.0
7663,1-25,0,0,2,1,0.0,60.0,1,0,0.0,1,0.0,0.0,0.0,0.0
7664,500-1000,0,0,1,1,0.0,60.0,1,0,0.0,1,0.0,0.0,0.0,0.0
7665,1-25,0,0,2,1,0.0,60.0,0,0,0.0,1,0.0,0.0,0.0,0.0
7666,26-100,0,0,2,1,0.0,60.0,1,0,20000.0,2,0.0,0.0,0.0,0.0
7667,1-25,0,0,2,1,0.0,60.0,0,0,600.0,1,0.0,0.0,0.0,0.0
7669,1-25,0,0,2,1,0.0,60.0,0,0,600.0,1,0.0,0.0,0.0,0.0
7670,1-25,0,0,2,1,0.0,60.0,0,0,600.0,1,0.0,0.0,0.0,0.0
7671,1-25,0,0,1,0,0.0,60.0,0,0,1950.0,2,0.0,0.0,0.0,0.0
7672,101-500,0,0,2,1,0.0,60.0,0,0,1800.0,1,0.0,0.0,0.0,0.0
7673,1-25,0,0,2,1,0.0,60.0,0,0,1800.0,1,0.0,0.0,0.0,0.0
7674,1-25,1,0,2,1,0.0,60.0,0,1,29500.0,1,0.0,0.0,0.0,0.0
7675,101-500,0,0,2,1,0.0,60.0,0,0,600.0,1,0.0,0.0,0.0,0.0
7676,1-25,1,0,2,1,0.0,60.0,0,1,17700.0,1,0.0,0.0,0.0,0.0
7680,1-25,0,0,2,1,0.0,60.0,0,0,1800.0,1,0.0,0.0,0.0,0.0
7681,101-500,0,0,2,0,0.0,60.0,0,0,750.0,2,0.0,0.0,0.0,0.0
7682,500-1000,0,0,2,1,0.0,60.0,1,0,1000.0,1,0.0,0.0,0.0,0.0
7683,101-500,0,0,1,0,0.0,660.0,0,0,2450.0,4,0.0,0.0,0.0,0.0
7684,26-100,0,0,2,1,0.0,60.0,0,0,1950.0,2,0.0,0.0,0.0,0.0
7685,26-100,0,0,2,1,0.0,60.0,0,0,50.0,1,0.0,0.0,0.0,0.0
7686,101-500,0,0,2,1,0.0,60.0,0,0,50.0,1,0.0,0.0,0.0,0.0
7687,26-100,0,0,2,1,0.0,60.0,0,0,150.0,1,0.0,0.0,0.0,0.0
7688,26-100,0,0,2,1,0.0,60.0,1,0,1000.0,1,0.0,0.0,0.0,0.0
7689,101-500,0,0,2,1,0.0,60.0,1,0,1000.0,1,0.0,0.0,0.0,0.0
7690,1-25,0,0,2,1,0.0,60.0,1,0,0.0,1,0.0,0.0,0.0,0.0
7691,1-25,0,0,2,1,1.0,60.0,0,0,3000.0,3,0.0,0.0,0.0,0.0
7692,500-1000,0,0,2,1,0.0,60.0,0,0,5900.0,4,0.0,0.0,0.0,0.0
7693,1-25,0,0,2,1,0.0,60.0,0,0,600.0,1,0.0,0.0,0.0,0.0
7694,101-500,0,0,2,1,0.0,60.0,1,0,10000.0,1,0.0,0.0,0.0,0.0
7695,1-25,0,0,1,0,1.0,60.0,1,0,20600.0,3,0.0,0.0,0.0,0.0
7698,1-25,0,0,2,1,0.0,60.0,0,0,0.0,1,0.0,0.0,0.0,0.0
7699,1-25,0,0,2,1,0.0,60.0,0,0,150.0,1,0.0,0.0,0.0,0.0
7700,1-25,0,0,2,1,0.0,60.0,1,0,0.0,1,0.0,0.0,0.0,0.0
7701,1-25,0,0,2,1,0.0,60.0,0,0,0.0,1,0.0,0.0,0.0,0.0
7702,1-25,0,0,2,1,0.0,60.0,0,0,1800.0,1,0.0,0.0,0.0,0.0
7703,1-25,1,0,2,1,0.0,60.0,0,1,29500.0,1,0.0,0.0,0.0,0.0
7704,101-500,0,0,2,0,0.0,1560.0,0,0,1350.0,4,0.0,0.0,0.0,0.0
7705,1-25,0,0,2,1,1.0,60.0,0,0,600.0,1,0.0,0.0,0.0,0.0
7707,1-25,0,0,2,1,0.0,60.0,0,0,0.0,1,0.0,0.0,0.0,0.0
7710,101-500,0,0,2,1,0.0,60.0,1,0,5000.0,1,0.0,0.0,0.0,0.0
7711,101-500,0,0,2,1,1.0,60.0,1,0,80000.0,2,0.0,0.0,0.0,0.0
7712,1-25,0,0,2,1,0.0,60.0,0,0,650.0,3,0.0,0.0,0.0,0.0
7713,1-25,1,0,2,1,0.0,60.0,0,1,0.0,1,0.0,0.0,0.0,0.0
7715,101-500,0,0,2,1,0.0,60.0,1,0,10600.0,2,0.0,0.0,0.0,0.0
7716,101-500,0,0,2,1,0.0,60.0,0,0,50.0,1,0.0,0.0,0.0,0.0
7717,More than 1000,0,0,2,1,0.0,60.0,0,0,2400.0,2,0.0,0.0,0.0,0.0
7718,1-25,0,0,2,1,0.0,60.0,0,0,1800.0,1,0.0,0.0,0.0,0.0
7719,101-500,0,0,2,1,1.0,60.0,0,0,10600.0,2,0.0,0.0,0.0,0.0
7721,1-25,1,0,2,1,0.0,60.0,0,1,17700.0,1,0.0,6.0,1.0,0.0
7722,1-25,0,0,2,1,0.0,60.0,0,0,1800.0,1,0.0,0.0,0.0,0.0
7723,1-25,0,0,1,0,1.0,60.0,0,0,5550.0,4,0.0,0.0,0.0,0.0
7725,1-25,0,0,2,1,0.0,60.0,0,0,600.0,1,0.0,0.0,0.0,0.0
7726,1-25,1,0,2,1,0.0,60.0,0,0,600.0,1,0.0,0.0,0.0,0.0
7727,1-25,0,0,2,1,0.0,60.0,0,0,1800.0,1,0.0,0.0,0.0,0.0
7728,1-25,0,0,2,1,0.0,60.0,0,0,600.0,1,0.0,0.0,0.0,0.0
7729,1-25,0,0,2,1,0.0,60.0,0,0,1850.0,2,0.0,0.0,0.0,0.0
7730,1-25,0,0,2,1,0.0,60.0,0,0,600.0,1,0.0,0.0,0.0,0.0
7731,101-500,0,0,2,1,1.0,60.0,0,0,600.0,1,0.0,0.0,0.0,0.0
7732,1-25,0,0,2,1,0.0,60.0,0,0,1800.0,1,0.0,0.0,0.0,0.0
7733,1-25,0,0,2,1,0.0,60.0,0,0,600.0,1,0.0,0.0,0.0,0.0
7734,1-25,0,0,2,1,0.0,60.0,0,0,1800.0,1,0.0,0.0,0.0,0.0
7736,26-100,0,0,2,1,0.0,60.0,0,0,50.0,1,0.0,0.0,0.0,0.0
7737,500-1000,0,0,1,1,0.0,60.0,0,0,150.0,1,0.0,0.0,0.0,0.0
7738,26-100,0,0,2,1,1.0,60.0,0,0,2000.0,3,0.0,0.0,0.0,0.0
7739,101-500,0,0,1,1,0.0,60.0,1,0,2500.0,2,0.0,0.0,0.0,0.0
7741,1-25,0,0,2,1,0.0,60.0,0,0,600.0,1,0.0,0.0,0.0,0.0
7742,1-25,0,0,2,1,0.0,60.0,0,0,1800.0,1,0.0,0.0,0.0,0.0
7743,1-25,0,0,2,1,0.0,60.0,0,0,600.0,1,0.0,0.0,0.0,0.0
7744,26-100,0,0,1,1,0.0,60.0,0,0,1800.0,3,0.0,0.0,0.0,0.0
7745,26-100,0,0,2,1,0.0,60.0,0,0,1350.0,3,0.0,0.0,0.0,0.0
7746,1-25,0,0,2,1,0.0,60.0,0,0,200.0,2,0.0,0.0,0.0,0.0
7747,1-25,0,0,2,1,0.0,60.0,0,0,0.0,1,0.0,0.0,0.0,0.0
7748,1-25,0,0,2,1,0.0,60.0,0,0,1800.0,1,0.0,0.0,0.0,0.0
7749,1-25,0,0,2,1,0.0,60.0,0,0,1800.0,1,0.0,0.0,0.0,0.0
7750,26-100,0,0,2,1,0.0,60.0,0,0,2400.0,2,0.0,0.0,0.0,0.0
7751,1-25,0,1,2,1,0.0,60.0,0,0,600.0,1,0.0,0.0,0.0,0.0
7752,1-25,1,0,2,1,0.0,60.0,0,1,29500.0,1,0.0,0.0,0.0,0.0
7753,1-25,1,0,2,1,0.0,60.0,0,1,131200.0,5,0.0,0.0,0.0,0.0
7754,1-25,0,0,2,1,0.0,60.0,0,0,0.0,1,0.0,0.0,0.0,0.0
7755,1-25,0,0,2,1,0.0,60.0,0,0,0.0,1,0.0,0.0,0.0,0.0
7756,1-25,0,0,1,1,0.0,60.0,0,0,650.0,2,0.0,0.0,0.0,0.0
7757,26-100,0,0,2,1,1.0,60.0,0,0,600.0,1,4.0,6.0,1.0,2.0
7758,1-25,0,0,2,1,0.0,60.0,1,0,500.0,1,0.0,0.0,0.0,0.0
7759,1-25,0,0,2,1,0.0,60.0,1,0,500.0,1,0.0,0.0,0.0,0.0
7760,1-25,0,0,2,1,0.0,60.0,1,0,5001.0,1,0.0,0.0,0.0,0.0
7761,1-25,0,0,2,1,0.0,60.0,1,0,5001.0,1,0.0,0.0,0.0,0.0
7762,More than 1000,0,0,2,1,0.0,60.0,1,0,10000.0,1,0.0,0.0,0.0,0.0
7763,1-25,0,0,2,1,0.0,60.0,0,0,150.0,1,0.0,0.0,0.0,0.0
7764,26-100,0,0,2,0,0.0,60.0,0,0,200.0,2,0.0,0.0,0.0,0.0
7765,1-25,1,0,2,1,0.0,60.0,0,1,17700.0,1,0.0,0.0,0.0,0.0
7766,1-25,0,0,2,1,0.0,60.0,1,0,10000.0,1,0.0,0.0,0.0,0.0
7767,1-25,1,0,2,1,0.0,60.0,0,1,29500.0,1,0.0,0.0,0.0,0.0
7768,1-25,0,0,2,1,0.0,60.0,0,0,600.0,1,0.0,0.0,0.0,0.0
7769,1-25,0,0,2,1,0.0,60.0,0,0,600.0,1,0.0,0.0,0.0,0.0
7770,1-25,0,0,2,1,0.0,60.0,0,0,600.0,1,0.0,0.0,0.0,0.0
7771,500-1000,0,0,2,1,0.0,60.0,0,0,600.0,1,0.0,0.0,0.0,0.0
7772,1-25,0,0,1,1,0.0,60.0,1,0,30000.0,3,3.0,2.0,0.0,3.0
7773,26-100,1,0,2,1,0.0,60.0,0,1,15000.0,1,0.0,0.0,0.0,0.0
7774,26-100,1,0,2,1,0.0,60.0,0,1,2950.0,1,0.0,0.0,0.0,0.0
7775,1-25,0,0,2,1,1.0,60.0,0,0,3600.0,2,0.0,0.0,0.0,0.0
7777,1-25,0,0,1,1,1.0,660.0,0,0,3000.0,4,1.0,1.0,0.0,0.0
7779,1-25,0,0,2,1,0.0,60.0,0,0,1500.0,1,0.0,0.0,0.0,0.0
7781,26-100,0,0,2,1,0.0,60.0,0,0,150.0,1,0.0,0.0,0.0,0.0
7783,26-100,0,0,2,1,0.0,60.0,0,0,50.0,1,0.0,0.0,0.0,0.0
7784,1-25,0,0,2,0,0.0,60.0,0,0,150.0,1,0.0,0.0,0.0,0.0
7785,500-1000,0,0,1,1,1.0,60.0,0,0,1800.0,3,0.0,0.0,0.0,0.0
7787,More than 1000,0,0,2,1,0.0,60.0,0,0,1800.0,1,0.0,0.0,0.0,0.0
7788,500-1000,0,0,1,1,0.0,60.0,1,0,40000.0,2,0.0,0.0,0.0,0.0
7789,26-100,0,0,2,1,0.0,60.0,0,0,200.0,2,0.0,0.0,0.0,0.0
7790,1-25,0,0,2,1,0.0,60.0,1,0,10000.0,1,0.0,0.0,0.0,0.0
7791,1-25,1,0,2,1,0.0,60.0,0,1,17700.0,1,0.0,0.0,0.0,0.0
7792,1-25,0,0,2,1,0.0,60.0,1,0,20000.0,1,0.0,0.0,0.0,0.0
7793,101-500,0,0,2,1,1.0,60.0,0,0,150.0,1,36.0,6.0,1.0,34.0
7794,1-25,0,0,1,0,0.0,60.0,0,0,1950.0,2,0.0,0.0,0.0,0.0
7795,1-25,1,0,2,1,0.0,60.0,0,1,1000.0,2,0.0,0.0,0.0,0.0
7796,500-1000,1,0,2,1,0.0,60.0,0,1,0.0,1,0.0,0.0,0.0,0.0
7797,More than 1000,1,0,2,1,0.0,60.0,0,1,1416.0,2,0.0,0.0,0.0,0.0
7798,1-25,0,1,1,0,1.0,60.0,0,0,11400.0,9,0.0,0.0,0.0,0.0
7799,More than 1000,1,0,1,0,0.0,60.0,0,1,80500.0,5,0.0,0.0,0.0,0.0
7801,1-25,0,0,2,1,0.0,60.0,0,0,600.0,1,0.0,0.0,0.0,0.0
7802,26-100,1,0,2,1,0.0,60.0,1,1,50000.0,1,0.0,2.0,3.0,0.0
7803,1-25,0,0,2,1,0.0,60.0,1,0,10000.0,1,0.0,0.0,0.0,0.0
7804,26-100,0,0,2,1,1.0,60.0,0,0,50.0,1,0.0,0.0,0.0,0.0
7805,101-500,1,0,2,0,0.0,60.0,0,1,55000.0,3,0.0,0.0,0.0,0.0
7807,101-500,0,0,2,1,0.0,60.0,1,0,10000.0,1,0.0,0.0,0.0,0.0
7808,101-500,0,0,2,1,0.0,60.0,0,0,600.0,1,0.0,0.0,0.0,0.0
7809,101-500,0,0,2,1,0.0,60.0,0,0,150.0,1,0.0,0.0,0.0,0.0
7810,More than 1000,0,1,1,1,17.0,18174.0,0,0,25500.0,16,53.0,5.0,3.0,19.0
7811,101-500,1,0,2,1,0.0,60.0,1,1,118.0,1,0.0,0.0,0.0,0.0
7812,101-500,0,0,1,1,1.0,60.0,1,0,4000.0,2,0.0,0.0,0.0,0.0
7813,500-1000,0,0,2,1,0.0,2060.0,0,0,1950.0,2,0.0,0.0,0.0,0.0
7815,1-25,1,0,2,1,0.0,60.0,0,1,17700.0,1,0.0,0.0,0.0,0.0
7816,26-100,0,0,2,1,0.0,60.0,1,0,10000.0,1,0.0,0.0,0.0,0.0
7817,26-100,0,0,2,1,0.0,60.0,0,0,50.0,1,0.0,0.0,0.0,0.0
7818,1-25,1,0,2,1,0.0,60.0,0,1,29500.0,1,0.0,0.0,0.0,0.0
7819,1-25,1,0,1,1,0.0,60.0,0,1,34200.0,11,0.0,0.0,0.0,0.0
7820,101-500,0,0,2,1,1.0,60.0,1,0,20000.0,1,0.0,0.0,0.0,0.0
7823,101-500,0,0,2,1,0.0,60.0,0,0,1800.0,1,0.0,0.0,0.0,0.0
7824,1-25,0,0,2,1,0.0,60.0,0,0,0.0,1,0.0,0.0,0.0,0.0
7825,1-25,0,0,2,1,1.0,60.0,0,0,1800.0,2,0.0,0.0,0.0,0.0
7829,500-1000,0,1,1,1,3.0,60.0,0,0,25000.0,29,0.0,0.0,1.0,0.0
7830,101-500,0,1,2,1,1.0,60.0,0,0,11050.0,7,0.0,0.0,0.0,0.0
7831,500-1000,0,0,2,1,1.0,60.0,1,0,270050.0,25,0.0,0.0,0.0,0.0
7832,26-100,0,1,1,1,2.0,60.0,0,0,28450.0,29,4.0,1.0,5.0,2.0
7833,26-100,0,0,1,1,1.0,60.0,0,0,13000.0,9,1.0,1.0,0.0,0.0
7834,500-1000,0,0,2,1,0.0,60.0,1,0,40000.0,4,3.0,1.0,2.0,3.0
7835,1-25,0,0,2,1,0.0,60.0,0,0,0.0,1,0.0,0.0,0.0,0.0
7836,1-25,1,0,2,0,0.0,60.0,0,1,0.0,2,0.0,0.0,0.0,0.0
7838,500-1000,1,0,2,0,1.0,60.0,0,1,0.0,2,0.0,0.0,0.0,0.0
7839,500-1000,1,0,1,0,0.0,60.0,0,1,32700.0,4,0.0,0.0,0.0,0.0
7840,1-25,1,0,2,0,0.0,60.0,0,1,0.0,2,0.0,0.0,0.0,0.0
7843,101-500,0,0,1,1,1.0,60.0,0,0,650.0,2,0.0,0.0,0.0,0.0
7846,101-500,0,0,2,1,0.0,60.0,0,0,50.0,1,0.0,0.0,0.0,0.0
7847,101-500,0,0,2,1,0.0,60.0,0,0,50.0,1,0.0,0.0,0.0,0.0
7848,26-100,0,0,2,1,0.0,60.0,0,0,150.0,1,0.0,0.0,0.0,0.0
7849,101-500,0,0,2,1,0.0,60.0,0,0,50.0,1,0.0,0.0,0.0,0.0
7850,500-1000,0,0,2,1,0.0,60.0,0,0,50.0,1,0.0,0.0,0.0,0.0
7852,500-1000,0,0,1,1,0.0,60.0,0,0,2000.0,2,0.0,0.0,0.0,0.0
7853,26-100,0,0,2,1,0.0,60.0,0,0,150.0,1,0.0,0.0,0.0,0.0
7854,26-100,0,0,2,1,0.0,60.0,0,0,150.0,1,0.0,0.0,0.0,0.0
7855,101-500,0,0,2,1,0.0,60.0,1,0,2000.0,1,0.0,0.0,0.0,0.0
7856,500-1000,0,0,2,1,0.0,60.0,0,0,600.0,1,0.0,0.0,0.0,0.0
7857,26-100,0,0,2,1,0.0,60.0,0,0,1800.0,1,0.0,0.0,0.0,0.0
7858,26-100,0,0,2,1,0.0,60.0,1,0,100.0,1,0.0,0.0,0.0,0.0
7859,1-25,0,0,2,1,0.0,60.0,1,0,10000.0,1,0.0,0.0,0.0,0.0
7860,1-25,0,0,2,1,0.0,60.0,0,0,50.0,1,0.0,0.0,0.0,0.0
7861,1-25,0,0,2,1,0.0,60.0,1,0,10000.0,1,0.0,0.0,0.0,0.0
7862,101-500,0,0,2,1,0.0,60.0,1,0,10000.0,1,0.0,0.0,0.0,0.0
7863,26-100,0,0,2,1,0.0,60.0,1,0,10000.0,1,0.0,0.0,0.0,0.0
7866,1-25,0,0,2,1,0.0,60.0,0,0,0.0,1,0.0,0.0,0.0,0.0
7867,101-500,0,0,2,0,0.0,60.0,0,0,600.0,2,0.0,0.0,0.0,0.0
7870,101-500,0,0,2,1,0.0,60.0,1,0,10000.0,1,0.0,0.0,0.0,0.0
7871,1-25,0,0,2,1,0.0,60.0,0,0,150.0,1,0.0,0.0,0.0,0.0
7872,1-25,0,0,1,1,0.0,60.0,1,0,20000.0,2,0.0,0.0,0.0,0.0
7873,26-100,0,0,2,1,0.0,60.0,1,0,10000.0,1,0.0,0.0,0.0,0.0
7874,101-500,0,0,2,1,0.0,60.0,0,0,50.0,1,0.0,0.0,0.0,0.0
7875,26-100,0,0,1,0,0.0,60.0,0,0,100.0,2,0.0,0.0,0.0,0.0
7876,26-100,0,0,2,1,0.0,60.0,0,0,150.0,1,0.0,0.0,0.0,0.0
7877,101-500,0,0,2,1,0.0,60.0,0,0,122.0,1,0.0,0.0,0.0,0.0
7878,101-500,0,0,2,1,0.0,60.0,0,0,150.0,1,0.0,0.0,0.0,0.0
7879,500-1000,1,0,2,1,0.0,60.0,1,1,1180.0,1,0.0,0.0,0.0,0.0
7881,26-100,1,0,2,1,0.0,60.0,1,1,10000.0,1,4.0,1.0,1.0,2.0
7882,101-500,0,0,2,1,0.0,60.0,0,0,50.0,1,0.0,0.0,0.0,0.0
7883,26-100,0,1,1,0,2.0,60.0,0,0,5700.0,5,0.0,0.0,0.0,0.0
7884,1-25,1,0,2,1,0.0,60.0,0,1,17700.0,1,0.0,0.0,0.0,0.0
7885,101-500,1,0,2,0,0.0,60.0,0,1,74500.0,6,0.0,0.0,0.0,0.0
7886,101-500,0,0,1,1,0.0,60.0,0,0,650.0,2,0.0,1.0,2.0,0.0
7887,26-100,1,1,1,0,1.0,60.0,0,1,106200.0,7,0.0,0.0,0.0,0.0
7891,101-500,0,1,2,0,2.0,60.0,0,0,50.0,1,11.0,3.0,2.0,7.0
7892,1-25,0,0,2,1,0.0,60.0,0,0,0.0,1,0.0,0.0,0.0,0.0
7894,26-100,0,0,2,1,0.0,60.0,0,0,250.0,3,0.0,0.0,0.0,0.0
7896,26-100,0,0,1,1,0.0,660.0,0,0,1400.0,4,0.0,0.0,0.0,0.0
7897,26-100,0,0,1,0,0.0,60.0,0,0,550.0,5,0.0,0.0,0.0,0.0
7898,26-100,0,0,1,0,0.0,60.0,0,0,10250.0,4,0.0,0.0,0.0,0.0
7899,101-500,1,0,2,1,0.0,60.0,1,1,11000.0,1,0.0,0.0,0.0,0.0
7900,101-500,1,0,1,1,0.0,60.0,0,1,29500.0,1,0.0,0.0,0.0,0.0
7901,101-500,0,0,2,1,0.0,60.0,1,0,10000.0,1,0.0,0.0,0.0,0.0
7902,26-100,0,0,2,1,0.0,60.0,0,0,600.0,1,0.0,0.0,0.0,0.0
7903,500-1000,0,0,2,1,0.0,60.0,0,0,2.0,1,3.0,1.0,0.0,3.0
7905,26-100,0,0,1,0,1.0,60.0,0,0,2000.0,3,0.0,0.0,0.0,0.0
7906,26-100,1,0,1,1,0.0,60.0,1,1,23800.0,2,0.0,0.0,0.0,0.0
7907,1-25,0,0,2,1,0.0,60.0,0,0,600.0,1,0.0,0.0,0.0,0.0
7908,1-25,0,0,2,1,0.0,60.0,0,0,50.0,1,0.0,0.0,0.0,0.0
7909,26-100,0,0,2,1,0.0,60.0,0,0,600.0,1,0.0,0.0,0.0,0.0
7910,26-100,1,1,2,0,2.0,60.0,1,1,54500.0,3,0.0,0.0,0.0,0.0
7912,101-500,0,0,2,1,0.0,60.0,0,0,600.0,1,0.0,0.0,0.0,0.0
7914,26-100,0,0,2,1,0.0,60.0,0,0,50.0,1,0.0,0.0,0.0,0.0
7915,101-500,0,0,2,0,0.0,60.0,0,0,699.0,1,0.0,0.0,0.0,0.0
7917,500-1000,1,0,2,1,1.0,60.0,0,1,15000.0,1,0.0,0.0,0.0,0.0
7918,1-25,0,0,2,1,0.0,60.0,0,0,50.0,1,0.0,0.0,0.0,0.0
7920,26-100,0,0,1,1,0.0,60.0,0,0,1250.0,3,0.0,0.0,0.0,0.0
7921,26-100,0,0,2,1,0.0,60.0,0,0,50.0,1,0.0,0.0,0.0,0.0
7922,26-100,0,0,2,0,0.0,60.0,0,0,200.0,2,0.0,0.0,0.0,0.0
7923,101-500,0,0,2,1,0.0,60.0,0,0,50.0,1,0.0,0.0,0.0,0.0
7924,101-500,0,0,2,1,0.0,60.0,0,0,50.0,1,0.0,0.0,0.0,0.0
7925,500-1000,0,0,2,1,0.0,60.0,0,0,50.0,1,0.0,0.0,0.0,0.0
7926,1-25,0,0,1,1,0.0,60.0,0,0,650.0,2,0.0,0.0,0.0,0.0
7927,1-25,1,0,2,1,1.0,60.0,0,1,29500.0,1,0.0,0.0,0.0,0.0
7930,1-25,1,0,2,1,0.0,60.0,0,1,47700.0,3,0.0,0.0,0.0,0.0
7931,101-500,0,1,1,1,0.0,60.0,0,0,1900.0,5,0.0,0.0,0.0,0.0
7932,26-100,0,0,2,1,0.0,60.0,0,0,150.0,1,0.0,0.0,0.0,0.0
7933,26-100,0,0,1,1,1.0,60.0,1,0,10750.0,5,0.0,0.0,0.0,0.0
7936,26-100,0,0,2,1,0.0,60.0,0,0,600.0,1,0.0,0.0,0.0,0.0
7937,101-500,0,0,2,1,0.0,60.0,0,0,1800.0,1,0.0,0.0,0.0,0.0
7938,101-500,0,0,1,1,0.0,60.0,0,0,722.0,2,0.0,0.0,0.0,0.0
7940,500-1000,1,0,2,1,1.0,60.0,0,1,17700.0,1,19.0,6.0,6.0,21.0
7942,101-500,0,0,2,1,0.0,60.0,0,0,50.0,1,0.0,0.0,0.0,0.0
7943,26-100,0,0,2,1,0.0,60.0,0,0,600.0,1,0.0,0.0,0.0,0.0
7944,26-100,1,0,1,1,0.0,60.0,1,1,35600.0,4,0.0,0.0,0.0,0.0
7945,101-500,1,0,2,1,0.0,60.0,0,1,29500.0,1,0.0,0.0,0.0,0.0
7946,1-25,0,0,2,1,0.0,60.0,0,0,600.0,1,0.0,0.0,0.0,0.0
7947,101-500,0,0,2,1,0.0,60.0,0,0,150.0,1,0.0,0.0,0.0,0.0
7948,26-100,0,0,2,1,0.0,60.0,0,0,1200.0,2,0.0,0.0,0.0,0.0
7949,26-100,1,0,2,1,0.0,60.0,0,1,64900.0,3,0.0,0.0,0.0,0.0
7950,26-100,0,0,2,1,0.0,60.0,0,0,600.0,1,0.0,0.0,0.0,0.0
7951,101-500,0,0,1,1,0.0,2460.0,0,0,2100.0,3,0.0,0.0,0.0,0.0
7952,101-500,1,0,1,1,0.0,60.0,0,1,62100.0,6,0.0,0.0,0.0,0.0
7954,500-1000,1,0,2,1,1.0,60.0,0,1,36900.0,3,0.0,0.0,0.0,0.0
7957,500-1000,0,0,2,1,0.0,60.0,0,0,50.0,1,0.0,0.0,0.0,0.0
7958,500-1000,0,0,2,1,0.0,60.0,0,0,150.0,1,0.0,0.0,0.0,0.0
7959,1-25,1,0,2,1,0.0,60.0,0,1,17700.0,1,0.0,0.0,0.0,0.0
7960,101-500,0,1,1,1,0.0,2060.0,0,0,2400.0,5,0.0,0.0,0.0,0.0
7961,101-500,0,1,1,1,1.0,60.0,0,0,1950.0,6,0.0,0.0,0.0,0.0
7963,101-500,1,0,1,1,0.0,60.0,0,1,59000.0,2,0.0,0.0,0.0,0.0
7964,More than 1000,0,0,1,1,2.0,60.0,0,0,2050.0,2,6.0,2.0,2.0,2.0
7965,500-1000,1,0,2,1,0.0,60.0,0,1,47200.0,2,0.0,0.0,0.0,0.0
7966,101-500,1,0,1,1,1.0,60.0,1,1,23600.0,2,0.0,0.0,0.0,0.0
7969,1-25,1,0,2,1,0.0,60.0,0,1,17700.0,1,1.0,1.0,1.0,0.0
7971,26-100,1,0,2,1,0.0,60.0,1,1,1200.0,1,0.0,0.0,0.0,0.0
7972,1-25,1,0,1,1,8.0,60.0,1,1,23700.0,3,3.0,3.0,3.0,1.0
7973,500-1000,0,0,1,1,0.0,60.0,1,0,140000.0,2,0.0,0.0,0.0,0.0
7976,101-500,1,0,1,1,0.0,60.0,0,1,30000.0,2,0.0,0.0,0.0,0.0
7977,1-25,0,0,2,1,2.0,60.0,0,0,6150.0,7,0.0,0.0,0.0,0.0
7979,101-500,1,0,2,1,3.0,60.0,0,1,25000.0,4,0.0,0.0,0.0,0.0
7980,26-100,0,1,1,1,0.0,60.0,0,0,2500.0,6,0.0,0.0,0.0,0.0
7982,500-1000,0,0,2,1,1.0,60.0,1,0,22900.0,6,0.0,0.0,0.0,0.0
7987,500-1000,0,0,1,1,0.0,60.0,1,0,10000.0,4,0.0,0.0,0.0,0.0
7988,26-100,0,0,1,1,0.0,860.0,0,0,650.0,2,1.0,1.0,1.0,0.0
7989,More than 1000,0,1,1,1,1.0,60.0,0,0,12750.0,8,3.0,1.0,1.0,3.0
7990,500-1000,0,0,2,1,1.0,60.0,0,0,150.0,1,1.0,2.0,1.0,1.0
7993,101-500,0,0,2,1,0.0,60.0,1,0,10000.0,1,0.0,0.0,0.0,0.0
7994,101-500,0,0,2,1,0.0,60.0,1,0,10000.0,1,0.0,0.0,0.0,0.0
7995,26-100,0,0,2,1,0.0,60.0,1,0,10000.0,1,0.0,0.0,0.0,0.0
7996,500-1000,0,0,1,1,0.0,60.0,0,0,650.0,2,0.0,0.0,0.0,0.0
7998,26-100,1,0,2,1,1.0,60.0,1,1,200.0,1,0.0,1.0,0.0,0.0
7999,26-100,0,0,1,1,1.0,11860.0,0,0,3300.0,2,0.0,0.0,0.0,0.0
8002,26-100,1,0,2,1,0.0,60.0,0,1,29500.0,1,6.0,1.0,1.0,6.0
8003,1-25,0,0,2,1,0.0,60.0,0,0,540.0,1,0.0,0.0,0.0,0.0
8004,1-25,1,0,2,1,0.0,60.0,0,1,29500.0,1,6.0,2.0,2.0,5.0
8005,1-25,1,0,2,1,0.0,60.0,0,1,29500.0,1,3.0,2.0,0.0,3.0
8006,1-25,1,0,2,1,0.0,60.0,0,1,29500.0,1,0.0,0.0,0.0,0.0
8007,101-500,0,0,2,1,0.0,60.0,0,0,50.0,1,1.0,1.0,0.0,1.0
8008,1-25,1,0,2,1,0.0,60.0,0,1,17700.0,1,0.0,0.0,0.0,0.0
8009,26-100,0,0,2,1,0.0,60.0,0,0,150.0,1,0.0,2.0,0.0,0.0
8010,1-25,1,0,2,1,0.0,60.0,0,1,29500.0,1,3.0,1.0,1.0,2.0
8011,1-25,1,0,2,1,0.0,60.0,0,1,17700.0,1,0.0,0.0,0.0,0.0
8012,1-25,1,0,2,1,0.0,60.0,0,1,29500.0,1,0.0,0.0,0.0,0.0
8013,1-25,1,0,2,1,0.0,60.0,0,1,17700.0,1,0.0,0.0,0.0,0.0
8014,1-25,1,0,2,1,0.0,60.0,0,1,17700.0,1,6.0,3.0,1.0,5.0
8016,1-25,0,0,2,1,0.0,60.0,0,0,600.0,1,0.0,0.0,0.0,0.0
8017,1-25,0,0,2,1,0.0,60.0,0,0,600.0,1,0.0,0.0,0.0,0.0
8018,1-25,0,0,2,1,0.0,60.0,0,0,480.0,1,0.0,0.0,0.0,0.0
8019,1-25,1,0,2,1,0.0,60.0,0,1,29500.0,1,6.0,1.0,0.0,1.0
8024,1-25,0,0,2,1,0.0,60.0,0,0,2880.0,3,0.0,0.0,0.0,0.0
8025,1-25,1,0,2,1,0.0,60.0,0,1,17700.0,1,2.0,1.0,1.0,0.0
8026,500-1000,0,0,2,1,0.0,60.0,0,0,1440.0,1,0.0,0.0,0.0,0.0
8028,More than 1000,0,0,2,1,0.0,60.0,1,0,10000.0,1,0.0,0.0,0.0,0.0
8029,500-1000,0,0,2,1,0.0,60.0,0,0,480.0,1,0.0,0.0,0.0,0.0
8031,101-500,0,0,2,1,0.0,60.0,0,0,1440.0,1,0.0,0.0,0.0,0.0
8032,More than 1000,1,0,2,1,0.0,60.0,0,1,17700.0,1,0.0,0.0,0.0,0.0
8033,1-25,0,0,2,1,0.0,60.0,0,0,1440.0,1,0.0,0.0,0.0,0.0
8035,1-25,0,0,2,1,0.0,60.0,0,0,1440.0,1,0.0,0.0,0.0,0.0
8036,1-25,1,0,2,1,0.0,60.0,0,1,17700.0,1,0.0,0.0,0.0,0.0
8038,1-25,1,0,2,1,0.0,60.0,0,1,29500.0,1,0.0,0.0,0.0,0.0
8039,101-500,0,0,2,1,0.0,60.0,0,0,480.0,1,0.0,0.0,0.0,0.0
8040,1-25,0,0,2,1,0.0,60.0,0,0,480.0,1,0.0,0.0,0.0,0.0
8041,500-1000,0,0,1,1,0.0,60.0,0,0,5040.0,3,0.0,0.0,0.0,0.0
8042,1-25,0,0,1,1,0.0,60.0,0,0,3240.0,2,0.0,0.0,0.0,0.0
8043,101-500,0,0,2,1,0.0,60.0,1,0,10000.0,1,1.0,1.0,1.0,1.0
8044,101-500,0,0,2,1,0.0,60.0,0,0,480.0,1,0.0,0.0,0.0,0.0
8045,101-500,0,0,2,1,0.0,60.0,0,0,50.0,1,0.0,0.0,0.0,0.0
8046,26-100,0,0,2,1,0.0,60.0,0,0,480.0,1,0.0,0.0,0.0,0.0
8047,1-25,0,0,1,1,0.0,60.0,0,0,1080.0,2,0.0,0.0,0.0,0.0
8048,101-500,1,0,2,1,0.0,60.0,0,1,17700.0,1,0.0,0.0,0.0,0.0
8049,1-25,1,0,2,1,2.0,60.0,1,1,100000.0,1,39.0,11.0,17.0,14.0
8050,500-1000,0,0,2,1,0.0,60.0,1,0,10000.0,1,0.0,0.0,0.0,0.0
8051,More than 1000,0,0,2,1,0.0,60.0,0,0,1440.0,1,0.0,0.0,0.0,0.0
8052,101-500,0,0,2,1,0.0,60.0,0,0,480.0,1,2.0,2.0,2.0,1.0
8053,101-500,0,0,2,1,1.0,60.0,1,0,13390.0,4,2.0,2.0,2.0,0.0
8054,101-500,0,0,1,1,0.0,60.0,1,0,20000.0,2,0.0,0.0,0.0,0.0
8055,1-25,0,0,2,1,0.0,60.0,0,0,480.0,1,0.0,0.0,0.0,0.0
8056,26-100,0,0,2,1,0.0,60.0,0,0,150.0,1,3.0,1.0,1.0,2.0
8058,26-100,1,0,2,1,0.0,60.0,0,1,17700.0,1,1.0,1.0,1.0,1.0
8059,101-500,0,0,2,1,0.0,60.0,0,0,480.0,1,0.0,0.0,0.0,0.0
8060,26-100,0,0,2,1,0.0,60.0,0,0,480.0,1,0.0,0.0,0.0,0.0
8061,26-100,0,0,2,1,0.0,60.0,0,0,480.0,1,6.0,2.0,1.0,5.0
8062,101-500,0,0,1,1,0.0,60.0,0,0,5040.0,3,2.0,1.0,0.0,0.0
8063,1-25,0,0,2,1,0.0,60.0,0,0,1440.0,1,0.0,0.0,0.0,0.0
8064,101-500,0,0,1,1,1.0,60.0,0,0,4680.0,4,0.0,1.0,1.0,0.0
8065,More than 1000,1,0,2,1,0.0,60.0,0,1,29500.0,1,0.0,0.0,0.0,0.0
8066,More than 1000,0,0,1,1,0.0,60.0,0,0,3240.0,2,0.0,0.0,0.0,0.0
8067,More than 1000,1,0,2,1,1.0,60.0,0,1,47200.0,2,389.0,25.0,1.0,162.0
8068,101-500,0,0,1,1,0.0,60.0,0,0,1080.0,2,0.0,0.0,0.0,0.0
8069,More than 1000,0,0,1,1,0.0,60.0,0,0,3240.0,2,0.0,0.0,0.0,0.0
8071,500-1000,1,0,1,1,0.0,60.0,0,1,35400.0,2,0.0,0.0,0.0,0.0
8072,1-25,1,0,2,1,0.0,60.0,0,1,29500.0,1,0.0,0.0,0.0,0.0
8073,101-500,0,0,2,1,0.0,60.0,0,0,480.0,1,0.0,0.0,0.0,0.0
8074,More than 1000,0,0,1,1,0.0,60.0,0,0,3240.0,2,0.0,0.0,0.0,0.0
8075,26-100,1,0,1,1,0.0,60.0,0,1,59000.0,2,0.0,0.0,0.0,0.0
8076,101-500,0,0,2,1,0.0,60.0,0,0,480.0,1,0.0,0.0,0.0,0.0
8077,101-500,0,0,2,1,0.0,60.0,0,0,20400.0,3,0.0,0.0,0.0,0.0
8079,101-500,0,0,2,1,0.0,60.0,0,0,480.0,1,0.0,0.0,0.0,0.0
8080,101-500,1,0,2,1,0.0,60.0,0,1,17700.0,1,0.0,0.0,0.0,0.0
8081,1-25,1,0,2,1,0.0,60.0,0,1,29500.0,1,0.0,0.0,0.0,0.0
8083,1-25,1,0,1,1,0.0,60.0,0,1,32700.0,2,0.0,0.0,0.0,0.0
8085,26-100,0,0,2,1,0.0,60.0,0,0,50.0,1,0.0,0.0,0.0,0.0
8086,1-25,1,0,2,1,0.0,60.0,1,1,500.0,1,0.0,0.0,0.0,0.0
8087,1-25,0,0,2,1,0.0,60.0,0,0,650.0,2,0.0,0.0,0.0,0.0
8089,1-25,0,1,2,1,1.0,60.0,0,0,2300.0,2,0.0,0.0,0.0,0.0
8090,1-25,0,0,2,1,0.0,60.0,0,0,3600.0,2,0.0,0.0,0.0,0.0
8092,1-25,1,0,2,1,0.0,60.0,1,1,1000.0,1,2.0,1.0,1.0,0.0
8093,1-25,1,0,2,1,0.0,60.0,0,1,15000.0,1,0.0,0.0,0.0,0.0
8094,26-100,1,0,2,1,0.0,60.0,0,1,15000.0,1,0.0,0.0,0.0,0.0
8095,1-25,0,0,2,1,0.0,60.0,0,0,50.0,1,0.0,0.0,0.0,0.0
8096,26-100,1,0,2,1,0.0,60.0,1,1,10000.0,1,0.0,0.0,0.0,0.0
8097,26-100,1,0,2,1,0.0,60.0,0,1,1000.0,1,0.0,0.0,0.0,0.0
8101,101-500,1,0,2,1,0.0,60.0,0,1,17700.0,1,0.0,0.0,0.0,0.0
8102,500-1000,1,0,2,1,0.0,60.0,0,1,2500.0,1,4.0,2.0,1.0,0.0
8103,26-100,1,0,2,1,0.0,60.0,0,1,25000.0,1,0.0,0.0,0.0,0.0
8104,101-500,0,1,1,1,0.0,60.0,0,0,3750.0,3,0.0,0.0,0.0,0.0
8105,26-100,1,0,1,1,0.0,60.0,0,1,84000.0,3,0.0,0.0,0.0,0.0
8106,26-100,1,0,2,1,0.0,60.0,0,1,17700.0,1,0.0,0.0,0.0,0.0
8107,101-500,1,0,2,1,0.0,60.0,0,1,25000.0,1,0.0,0.0,0.0,0.0
8108,1-25,1,0,2,1,0.0,60.0,0,1,17700.0,1,0.0,0.0,0.0,0.0
8109,1-25,1,0,2,1,0.0,60.0,0,1,17700.0,1,0.0,0.0,0.0,0.0
8110,1-25,1,0,2,1,0.0,60.0,0,1,15000.0,1,0.0,0.0,0.0,0.0
8111,1-25,1,0,2,1,0.0,60.0,0,1,15000.0,1,0.0,0.0,0.0,0.0
8112,1-25,0,0,2,1,0.0,60.0,0,0,50.0,1,0.0,0.0,0.0,0.0
8113,1-25,0,0,2,1,0.0,60.0,0,0,150.0,1,0.0,0.0,0.0,0.0
8114,1-25,1,0,2,1,0.0,60.0,0,1,29500.0,1,0.0,0.0,0.0,0.0
8115,26-100,1,0,1,1,0.0,60.0,0,1,32700.0,2,0.0,0.0,0.0,0.0
8116,101-500,1,0,2,1,0.0,60.0,0,1,29500.0,1,0.0,0.0,0.0,0.0
8117,101-500,1,0,2,1,0.0,60.0,1,1,11800.0,1,0.0,0.0,0.0,0.0
8118,101-500,1,0,2,1,0.0,60.0,0,1,25000.0,1,0.0,0.0,0.0,0.0
8119,101-500,1,1,2,1,1.0,60.0,0,1,47200.0,2,0.0,0.0,0.0,0.0
8120,26-100,1,1,1,1,0.0,60.0,0,1,186100.0,8,1.0,8.0,2.0,1.0
8121,101-500,1,0,2,1,0.0,60.0,0,1,30000.0,1,0.0,1.0,1.0,0.0
8123,More than 1000,0,0,2,1,0.0,60.0,0,0,1800.0,1,0.0,1.0,0.0,0.0
8124,1-25,1,0,2,1,3.0,60.0,0,1,17700.0,1,0.0,0.0,0.0,0.0
8128,500-1000,0,0,2,1,0.0,60.0,0,0,500.0,1,0.0,0.0,0.0,0.0
8129,1-25,1,0,2,1,0.0,60.0,0,1,15000.0,1,1.0,1.0,1.0,1.0
8130,1-25,1,0,2,1,0.0,60.0,0,1,15000.0,1,0.0,0.0,0.0,0.0
8131,500-1000,0,1,1,1,0.0,60.0,0,0,5500.0,4,0.0,0.0,0.0,0.0
8132,101-500,1,0,2,1,0.0,60.0,1,1,10000.0,1,0.0,0.0,0.0,0.0
8133,26-100,0,0,2,1,0.0,60.0,0,0,50.0,1,0.0,0.0,0.0,0.0
8134,500-1000,0,0,2,1,0.0,60.0,0,0,6050.0,9,0.0,0.0,0.0,0.0
8135,101-500,0,0,1,1,0.0,60.0,0,0,6050.0,7,0.0,0.0,0.0,0.0
8136,101-500,1,0,2,1,1.0,60.0,0,1,15000.0,1,1.0,1.0,0.0,1.0
8137,500-1000,0,0,1,1,0.0,60.0,0,0,3750.0,3,0.0,0.0,0.0,0.0
8139,500-1000,1,0,2,1,0.0,60.0,1,1,11800.0,1,0.0,0.0,0.0,0.0
8140,500-1000,0,0,1,1,0.0,60.0,1,0,10000.0,5,0.0,0.0,0.0,0.0
8141,500-1000,0,0,1,1,1.0,260.0,0,0,4850.0,5,0.0,0.0,0.0,0.0
8142,101-500,0,1,1,1,1.0,60.0,0,0,3750.0,3,0.0,0.0,0.0,0.0
8144,101-500,0,0,1,1,1.0,60.0,1,0,3000.0,3,0.0,0.0,0.0,0.0
8145,500-1000,0,0,2,1,0.0,60.0,0,0,150.0,1,0.0,0.0,0.0,0.0
8146,26-100,0,0,1,1,1.0,60.0,1,0,8000.0,8,0.0,0.0,0.0,0.0
8148,500-1000,0,0,1,1,1.0,60.0,0,0,550.0,1,43.0,10.0,16.0,14.0
8152,1-25,0,0,1,1,1.0,60.0,0,0,50.0,2,0.0,0.0,0.0,0.0
8163,101-500,0,0,2,1,0.0,60.0,0,0,50.0,1,0.0,0.0,0.0,0.0
8177,500-1000,1,1,2,1,0.0,60.0,0,1,1575400.0,5,1.0,1.0,1.0,0.0
8178,101-500,1,0,2,1,1.0,60.0,0,1,1500000.0,1,28.0,11.0,1.0,6.0
8179,1-25,1,0,2,1,0.0,60.0,1,1,10000.0,1,1.0,1.0,1.0,1.0
8180,101-500,0,1,2,1,7.0,60.0,0,0,6650.0,6,2.0,4.0,1.0,1.0
8181,26-100,0,0,2,1,0.0,60.0,0,0,600.0,1,0.0,1.0,0.0,0.0
8182,1-25,0,0,2,1,0.0,60.0,0,0,50.0,1,1.0,1.0,1.0,0.0
8193,26-100,0,1,2,1,1.0,60.0,0,0,5550.0,4,1.0,1.0,1.0,1.0
8194,500-1000,0,0,1,1,1.0,60.0,1,0,6000.0,6,0.0,0.0,0.0,0.0
8197,1-25,0,1,1,1,3.0,60.0,0,0,6050.0,5,2.0,1.0,1.0,1.0
8199,101-500,0,0,1,1,0.0,60.0,0,0,4250.0,4,0.0,0.0,0.0,0.0
8200,26-100,0,0,2,1,0.0,60.0,0,0,150.0,1,0.0,0.0,0.0,0.0
8201,101-500,0,0,1,1,0.0,60.0,1,0,20000.0,2,1.0,1.0,0.0,1.0
8207,26-100,0,0,2,1,0.0,60.0,0,0,50.0,1,0.0,0.0,0.0,0.0
8208,500-1000,0,0,2,1,0.0,60.0,0,0,1500.0,1,0.0,0.0,0.0,0.0
8209,1-25,0,0,2,1,1.0,60.0,0,0,2450.0,3,0.0,0.0,0.0,0.0
8211,500-1000,0,0,2,1,0.0,60.0,0,0,50.0,1,0.0,0.0,0.0,0.0
8212,26-100,0,0,1,1,0.0,60.0,0,0,1950.0,2,0.0,0.0,0.0,0.0
8213,500-1000,0,0,2,1,0.0,60.0,0,0,50.0,1,0.0,0.0,0.0,0.0
8214,101-500,1,0,2,1,1.0,60.0,0,1,15000.0,1,2.0,1.0,1.0,1.0
8217,26-100,1,0,2,1,0.0,60.0,1,1,10000.0,1,5.0,3.0,3.0,2.0
8218,500-1000,0,0,2,1,0.0,60.0,0,0,650.0,2,0.0,4.0,0.0,0.0
8219,26-100,0,0,2,1,1.0,60.0,0,0,1500.0,1,4.0,4.0,10.0,2.0
8222,500-1000,1,0,2,1,0.0,60.0,0,1,15000.0,1,2.0,1.0,1.0,1.0
8223,500-1000,1,0,2,1,0.0,60.0,0,1,15000.0,1,0.0,0.0,0.0,0.0
8224,101-500,0,1,1,1,2.0,60.0,0,0,650.0,2,60.0,18.0,6.0,38.0
8226,1-25,0,0,2,1,0.0,60.0,0,0,50.0,1,1.0,2.0,0.0,1.0
8227,500-1000,0,1,2,1,0.0,60.0,0,0,1950.0,2,0.0,0.0,0.0,0.0
8228,500-1000,0,0,2,1,2.0,60.0,1,0,10000.0,1,21.0,4.0,2.0,4.0
8230,500-1000,0,0,2,1,0.0,60.0,0,0,50.0,1,0.0,0.0,0.0,0.0
8231,101-500,0,0,2,1,0.0,60.0,0,0,1500.0,1,0.0,1.0,1.0,0.0
8233,101-500,1,0,1,1,0.0,60.0,0,1,91700.0,4,0.0,0.0,0.0,0.0
8234,500-1000,1,1,1,1,0.0,60.0,0,1,348100.0,15,0.0,0.0,0.0,0.0
8236,101-500,0,0,2,1,0.0,60.0,0,0,50.0,1,0.0,0.0,0.0,0.0
8240,500-1000,1,1,2,1,0.0,60.0,0,1,15000.0,1,0.0,0.0,0.0,0.0
8244,101-500,1,0,2,1,0.0,60.0,0,1,15000.0,1,0.0,0.0,0.0,0.0
8245,101-500,1,0,2,1,0.0,60.0,0,1,15000.0,1,0.0,0.0,0.0,0.0
8246,500-1000,1,1,2,1,3.0,60.0,0,1,15000.0,1,0.0,1.0,0.0,0.0
8247,101-500,0,0,2,1,0.0,60.0,0,0,50.0,1,0.0,0.0,0.0,0.0
8249,500-1000,1,0,2,1,0.0,60.0,0,1,91700.0,4,10.0,5.0,1.0,10.0
8251,101-500,1,0,2,1,1.0,60.0,0,1,15000.0,1,2.0,1.0,0.0,2.0
8267,101-500,0,0,2,1,0.0,60.0,0,0,50.0,1,0.0,0.0,0.0,0.0
8269,1-25,1,0,2,1,0.0,60.0,0,1,25000.0,1,6.0,5.0,1.0,6.0
8270,26-100,0,0,2,1,0.0,60.0,0,0,50.0,1,1.0,1.0,0.0,1.0
8271,26-100,1,0,2,1,0.0,60.0,1,1,10000.0,1,0.0,0.0,0.0,0.0
8272,101-500,0,0,2,1,0.0,60.0,0,0,150.0,1,10.0,7.0,1.0,10.0
8274,500-1000,1,0,2,1,3.0,60.0,0,1,79900.0,4,36.0,14.0,4.0,43.0
8275,26-100,1,0,2,1,1.0,60.0,0,1,15000.0,1,1.0,1.0,1.0,1.0
8276,101-500,0,0,2,1,0.0,60.0,0,0,50.0,1,2.0,2.0,1.0,1.0
8278,101-500,0,0,1,1,2.0,60.0,0,0,1950.0,2,9.0,2.0,1.0,5.0
8279,1-25,1,0,2,1,0.0,60.0,0,1,15000.0,1,3.0,2.0,2.0,2.0
8281,500-1000,1,1,2,1,2.0,60.0,0,1,44500.0,2,52.0,5.0,21.0,15.0
8283,1-25,1,0,2,1,1.0,60.0,0,1,29500.0,1,14.0,4.0,3.0,8.0
8285,1-25,0,0,2,1,1.0,60.0,0,0,1850.0,2,9.0,6.0,1.0,10.0
8287,101-500,0,1,2,1,11.0,60.0,0,0,150.0,1,0.0,1.0,1.0,0.0
8329,1-25,1,0,2,1,9.0,60.0,0,1,25000.0,1,184.0,11.0,19.0,74.0
8330,26-100,1,0,2,1,0.0,60.0,0,1,29500.0,1,0.0,0.0,0.0,0.0
8331,26-100,1,0,2,1,0.0,60.0,1,1,10000.0,1,8.0,3.0,1.0,5.0
8332,1-25,1,1,2,1,0.0,60.0,0,1,178000.0,8,1.0,1.0,0.0,1.0
8334,500-1000,0,1,1,1,13.0,60.0,0,0,4700.0,4,0.0,0.0,0.0,0.0
8346,101-500,0,0,2,1,0.0,60.0,0,0,1850.0,2,0.0,1.0,0.0,0.0
8348,101-500,1,0,2,1,0.0,60.0,0,1,25000.0,1,0.0,1.0,0.0,0.0
8351,101-500,1,1,1,1,12.0,60.0,0,1,94400.0,4,0.0,0.0,0.0,0.0
8364,26-100,0,0,2,1,0.0,60.0,0,0,150.0,1,0.0,0.0,0.0,0.0
8365,26-100,0,0,2,1,1.0,60.0,0,0,150.0,1,3.0,3.0,2.0,0.0
8366,101-500,1,0,2,1,0.0,60.0,0,1,25000.0,1,0.0,0.0,0.0,0.0
8370,500-1000,1,0,2,1,1.0,60.0,0,1,44500.0,2,15.0,7.0,1.0,9.0
8371,500-1000,1,0,2,1,0.0,60.0,1,1,10000.0,1,0.0,0.0,0.0,0.0
8372,1-25,1,0,2,1,0.0,60.0,1,1,10000.0,1,1.0,1.0,0.0,0.0
8373,26-100,0,0,1,1,1.0,751.0,0,0,4550.0,7,0.0,1.0,1.0,0.0
8376,26-100,0,1,2,1,1.0,5300.0,0,0,60551.0,46,5.0,2.0,2.0,3.0
8377,26-100,1,0,2,1,0.0,60.0,0,1,25000.0,1,0.0,0.0,0.0,0.0
8378,26-100,0,0,2,1,0.0,60.0,0,0,50.0,1,0.0,0.0,0.0,0.0
8379,26-100,0,0,2,1,0.0,60.0,1,0,10000.0,1,0.0,1.0,0.0,0.0
8380,26-100,1,0,2,1,1.0,60.0,0,1,29500.0,1,0.0,1.0,0.0,0.0
8381,26-100,1,0,2,1,0.0,60.0,0,1,25000.0,1,0.0,0.0,0.0,0.0
8386,26-100,1,0,1,1,2.0,204.0,0,1,74000.0,3,0.0,2.0,0.0,0.0
8388,101-500,0,0,2,1,2.0,60.0,0,0,50.0,1,2.0,1.0,1.0,2.0
8391,26-100,1,0,2,1,2.0,60.0,0,1,15000.0,1,0.0,0.0,0.0,0.0
8394,26-100,0,0,2,1,2.0,60.0,0,0,150.0,1,7.0,5.0,14.0,2.0
8396,101-500,0,0,2,1,0.0,60.0,0,0,50.0,1,2.0,1.0,0.0,2.0
8397,101-500,0,1,1,1,1.0,60.0,0,0,7850.0,6,0.0,0.0,0.0,0.0
8398,101-500,1,0,2,1,0.0,60.0,0,1,15000.0,1,26.0,16.0,3.0,16.0
8399,500-1000,0,0,2,1,0.0,60.0,1,0,122.0,1,0.0,0.0,0.0,0.0
8400,26-100,0,1,1,1,1.0,60.0,0,0,2450.0,5,0.0,0.0,0.0,0.0
8402,500-1000,0,1,1,1,1.0,60.0,0,0,1850.0,4,0.0,0.0,0.0,0.0
8404,101-500,1,1,1,1,1.0,60.0,0,1,221500.0,10,0.0,1.0,0.0,0.0
8407,26-100,1,0,2,1,1.0,60.0,0,1,25000.0,1,9.0,8.0,1.0,6.0
8408,500-1000,1,0,2,1,0.0,60.0,1,1,10000.0,1,0.0,0.0,0.0,0.0
8410,26-100,0,0,2,1,1.0,60.0,0,0,150.0,1,5.0,4.0,1.0,5.0
8412,101-500,0,0,2,1,1.0,60.0,0,0,50.0,1,5.0,6.0,1.0,5.0
8416,1-25,0,0,2,1,0.0,60.0,1,1,10000.0,1,1.0,1.0,0.0,1.0
8417,500-1000,0,0,2,1,0.0,60.0,0,1,15000.0,1,0.0,0.0,0.0,0.0
8418,26-100,1,0,2,1,0.0,60.0,0,1,15000.0,1,0.0,0.0,0.0,0.0
8419,26-100,1,1,2,1,1.0,60.0,0,1,79900.0,4,0.0,0.0,0.0,0.0
8421,101-500,0,1,2,1,0.0,500000.0,1,0,10050.0,2,0.0,0.0,0.0,0.0
8422,1-25,0,0,2,1,0.0,60.0,0,0,50.0,1,0.0,0.0,0.0,0.0
8423,26-100,1,1,1,1,0.0,60.0,0,1,32700.0,2,0.0,0.0,0.0,0.0
8425,26-100,0,1,2,1,0.0,60.0,0,0,150.0,1,0.0,0.0,0.0,0.0
8426,101-500,1,1,2,1,0.0,60.0,0,1,62200.0,3,0.0,0.0,0.0,0.0
8427,101-500,0,1,2,1,0.0,60.0,0,0,4250.0,6,0.0,0.0,0.0,0.0
8428,500-1000,0,0,2,1,0.0,60.0,1,0,10005.0,1,0.0,0.0,0.0,0.0
8429,26-100,0,0,2,1,0.0,60.0,0,0,1250.0,3,1.0,1.0,0.0,0.0
8430,500-1000,0,0,1,1,0.0,60.0,1,0,40012.0,4,0.0,0.0,0.0,0.0
8431,26-100,0,1,1,1,3.0,60.0,0,0,3950.0,3,4.0,3.0,2.0,3.0
8433,26-100,1,0,2,1,0.0,60.0,0,1,25000.0,1,0.0,0.0,0.0,0.0
8434,26-100,0,0,1,1,0.0,1860.0,0,0,1950.0,2,0.0,0.0,0.0,0.0
8435,101-500,0,0,2,1,0.0,60.0,0,0,50.0,1,0.0,0.0,0.0,0.0
8436,101-500,1,0,2,1,1.0,60.0,0,1,15000.0,1,28.0,6.0,2.0,11.0
8437,101-500,0,0,2,1,0.0,60.0,0,0,50.0,1,1.0,3.0,1.0,0.0
8438,26-100,0,1,2,1,1.0,60.0,0,0,11650.0,14,2.0,1.0,1.0,2.0
8440,500-1000,0,0,2,1,0.0,60.0,0,0,50.0,1,0.0,0.0,0.0,0.0
8441,1-25,0,0,2,1,0.0,60.0,0,0,50.0,1,0.0,1.0,0.0,0.0
8442,26-100,0,0,2,1,0.0,60.0,0,0,150.0,1,6.0,2.0,1.0,2.0
8444,26-100,0,0,2,1,0.0,60.0,0,0,50.0,1,1.0,1.0,1.0,1.0
8445,26-100,0,0,2,1,0.0,60.0,0,0,50.0,1,0.0,0.0,0.0,0.0
8446,101-500,0,0,2,1,0.0,60.0,0,0,150.0,1,0.0,0.0,0.0,0.0
8447,500-1000,0,0,2,1,0.0,60.0,0,0,50.0,1,0.0,1.0,1.0,0.0
8448,101-500,0,0,2,1,1.0,60.0,0,0,150.0,1,10.0,11.0,10.0,8.0
8449,101-500,0,1,2,1,2.0,6050.0,0,0,20101.0,19,5.0,4.0,2.0,2.0
8453,1-25,1,0,2,1,0.0,45.0,0,1,40000.0,2,0.0,0.0,0.0,0.0
8454,26-100,1,0,2,1,0.0,60.0,0,1,17700.0,1,0.0,0.0,0.0,0.0
8455,101-500,0,0,1,1,0.0,660.0,0,0,650.0,2,0.0,0.0,0.0,0.0
8457,26-100,1,0,2,1,0.0,60.0,0,1,15000.0,1,0.0,0.0,0.0,0.0
8458,101-500,1,0,2,1,0.0,60.0,0,1,29500.0,1,0.0,0.0,0.0,0.0
8459,500-1000,1,0,2,1,0.0,60.0,1,1,10000.0,1,0.0,1.0,0.0,0.0
8460,101-500,1,0,2,1,0.0,60.0,0,1,15000.0,1,0.0,0.0,0.0,0.0
8462,101-500,0,0,2,1,0.0,60.0,0,0,50.0,1,0.0,0.0,0.0,0.0
8463,101-500,0,0,2,1,0.0,60.0,0,0,150.0,1,0.0,0.0,0.0,0.0
8465,101-500,1,0,2,1,0.0,60.0,1,0,10000.0,1,0.0,0.0,0.0,0.0
8466,101-500,0,0,1,1,1.0,60.0,1,0,30000.0,3,0.0,0.0,0.0,0.0
8468,101-500,0,0,2,1,0.0,60.0,0,0,50.0,1,0.0,0.0,0.0,0.0
8469,101-500,0,0,2,1,0.0,60.0,0,0,150.0,1,1.0,1.0,1.0,0.0
8470,101-500,0,0,2,1,0.0,60.0,1,0,10000.0,1,0.0,0.0,0.0,0.0
8471,101-500,0,0,1,1,0.0,60.0,0,0,1950.0,2,0.0,0.0,0.0,0.0
8472,26-100,0,0,1,1,0.0,500000.0,1,0,29650.0,8,0.0,0.0,0.0,0.0
8473,26-100,1,0,1,1,1.0,60.0,0,1,54500.0,2,0.0,0.0,0.0,0.0
8474,101-500,1,1,1,1,1.0,60.0,0,1,74000.0,3,0.0,0.0,0.0,0.0
8476,101-500,0,1,2,1,1.0,60.0,0,0,1850.0,2,0.0,0.0,0.0,0.0
8479,101-500,0,0,2,1,0.0,60.0,0,0,150.0,1,0.0,0.0,0.0,0.0
8480,101-500,1,0,2,1,0.0,60.0,0,1,25000.0,1,0.0,0.0,0.0,0.0
8481,101-500,0,0,2,1,0.0,60.0,0,0,150.0,1,0.0,0.0,0.0,0.0
8482,101-500,0,1,1,1,1.0,60.0,0,0,5450.0,8,18.0,6.0,10.0,9.0
8484,26-100,0,0,2,1,0.0,60.0,0,0,50.0,1,0.0,0.0,0.0,0.0
8485,101-500,0,0,1,1,1.0,1950.0,0,0,2750.0,5,0.0,0.0,0.0,0.0
8486,26-100,0,0,1,1,0.0,1945.0,0,0,2100.0,3,0.0,1.0,0.0,0.0
8487,101-500,0,0,1,1,0.0,60.0,1,0,20000.0,2,0.0,1.0,1.0,0.0
8489,101-500,1,0,2,1,1.0,60.0,1,1,10000.0,1,0.0,0.0,0.0,0.0
8492,26-100,1,0,2,1,0.0,60.0,0,1,15000.0,1,0.0,0.0,0.0,0.0
8493,More than 1000,1,1,2,1,2.0,60.0,0,1,79900.0,4,25.0,6.0,28.0,13.0
8494,101-500,1,1,1,1,1.0,60.0,0,1,113500.0,4,0.0,0.0,0.0,0.0
8497,1-25,0,0,1,1,1.0,990.0,0,0,650.0,2,392.0,99.0,117.0,181.0
8498,101-500,0,0,1,1,1.0,500000.0,1,0,23650.0,7,0.0,1.0,0.0,0.0
8499,101-500,1,0,2,1,0.0,60.0,0,1,47200.0,2,1.0,1.0,0.0,0.0
8501,26-100,0,1,1,1,14.0,1860.0,0,0,1950.0,2,57.0,66.0,6.0,27.0
8502,26-100,0,0,2,1,0.0,60.0,0,0,2450.0,3,5.0,1.0,0.0,3.0
8517,500-1000,0,0,2,1,0.0,60.0,0,0,18886.0,1,0.0,0.0,0.0,0.0
8518,101-500,0,0,1,1,1.0,500000.0,1,0,30650.0,5,1.0,1.0,1.0,1.0
8520,1-25,0,1,1,1,1.0,2911.0,0,0,4250.0,4,0.0,0.0,0.0,0.0
8523,500-1000,0,1,1,1,1.0,124.0,0,0,4400.0,5,1.0,1.0,3.0,1.0
8525,500-1000,1,1,1,1,3.0,60.0,0,1,138900.0,6,0.0,0.0,0.0,0.0
8529,101-500,1,1,1,1,0.0,60.0,0,1,32700.0,2,2.0,3.0,14.0,1.0
8531,101-500,0,0,2,1,0.0,500000.0,1,0,13750.0,4,1.0,1.0,1.0,1.0
8532,101-500,0,1,1,1,0.0,60.0,0,0,1250.0,3,0.0,1.0,7.0,0.0
8533,26-100,0,0,2,1,0.0,60.0,0,0,150.0,1,0.0,1.0,0.0,0.0
8534,500-1000,0,1,1,1,0.0,3600.0,0,0,9750.0,11,0.0,0.0,0.0,0.0
8535,1-25,0,1,1,1,0.0,14746.0,0,0,16800.0,8,0.0,1.0,19.0,0.0
8536,101-500,1,0,2,1,0.0,60.0,0,1,25000.0,1,0.0,0.0,0.0,0.0
8537,101-500,0,0,2,1,1.0,60.0,0,0,50.0,1,0.0,0.0,0.0,0.0
8540,500-1000,0,1,1,1,1.0,60.0,0,0,1250.0,3,0.0,0.0,0.0,0.0
8541,101-500,1,1,2,1,0.0,60.0,0,1,15000.0,1,0.0,0.0,0.0,0.0
8543,500-1000,1,0,2,1,0.0,60.0,0,1,15000.0,1,4.0,2.0,5.0,1.0
8544,101-500,0,0,1,1,0.0,500000.0,1,0,30202.0,4,1.0,1.0,1.0,1.0
8554,More than 1000,0,1,1,1,1.0,500000.0,1,0,20150.0,17,12.0,4.0,8.0,11.0
8555,26-100,0,0,2,1,1.0,60.0,0,0,50.0,1,17.0,25.0,11.0,15.0
8556,101-500,1,1,1,1,0.0,60.0,0,1,62200.0,3,0.0,0.0,2.0,0.0
8598,1-25,0,0,2,1,0.0,60.0,1,0,1000.0,1,0.0,0.0,0.0,0.0
8599,500-1000,0,0,1,1,0.0,60.0,0,0,1850.0,2,40.0,16.0,5.0,21.0
8600,26-100,0,0,1,1,0.0,60.0,0,0,150.0,1,0.0,1.0,1.0,0.0
8601,101-500,0,1,1,1,1.0,260.0,0,0,5450.0,6,0.0,0.0,0.0,0.0
8602,26-100,1,0,1,1,0.0,60.0,1,1,10000.0,1,0.0,0.0,0.0,0.0
8603,101-500,0,1,1,1,0.0,2460.0,0,0,3750.0,3,1.0,1.0,1.0,1.0
8604,1-25,0,0,1,1,0.0,60.0,1,0,20000.0,2,0.0,0.0,0.0,0.0
8605,26-100,0,0,1,1,0.0,60.0,1,0,30000.0,3,0.0,0.0,0.0,0.0
8608,101-500,1,0,1,1,0.0,60.0,0,1,15000.0,1,0.0,1.0,1.0,0.0
8609,101-500,1,1,1,1,13.0,180.0,0,1,54500.0,2,7.0,3.0,5.0,2.0
8610,500-1000,1,0,1,1,1.0,499994.0,1,1,14720.0,2,83.0,48.0,20.0,40.0
8612,26-100,1,1,2,1,3.0,59.0,0,1,79900.0,4,3.0,1.0,4.0,1.0
8615,1-25,1,0,2,1,0.0,60.0,0,1,15000.0,1,7.0,2.0,2.0,2.0
8617,1-25,0,0,2,1,0.0,60.0,1,0,10000.0,1,1.0,1.0,0.0,1.0
8619,More than 1000,0,0,1,1,0.0,500000.0,1,0,30000.0,3,0.0,0.0,0.0,0.0
8620,101-500,0,0,2,1,0.0,60.0,0,0,150.0,1,0.0,0.0,0.0,0.0
8634,101-500,1,0,2,1,0.0,60.0,0,1,17700.0,1,0.0,0.0,0.0,0.0
8636,26-100,0,1,1,1,1.0,13600.0,0,0,74050.0,58,0.0,0.0,0.0,0.0
8640,26-100,0,0,1,1,0.0,50.0,0,0,10200.0,3,0.0,1.0,1.0,0.0
8691,500-1000,0,0,2,1,0.0,60.0,1,0,10000.0,1,1.0,2.0,0.0,1.0
8715,26-100,0,0,2,1,13.0,60.0,0,0,150.0,1,0.0,1.0,1.0,0.0
8728,500-1000,0,1,1,1,0.0,60.0,0,0,5550.0,4,2.0,1.0,0.0,2.0
8729,500-1000,0,0,2,1,0.0,60.0,0,0,50.0,1,0.0,0.0,0.0,0.0
8732,500-1000,0,0,1,1,0.0,620.0,0,0,45200.0,12,2.0,3.0,0.0,2.0
8733,101-500,0,1,1,1,1.0,1818.0,0,0,14350.0,11,3.0,2.0,0.0,5.0
8736,26-100,0,0,2,1,4.0,60.0,0,0,150.0,1,30.0,5.0,6.0,21.0
8741,1-25,0,1,1,1,5.0,1800.0,0,0,12350.0,17,15.0,5.0,2.0,5.0
8742,101-500,0,1,1,1,6.0,60.0,0,0,3750.0,3,17.0,5.0,5.0,13.0
8743,More than 1000,0,0,1,1,0.0,60.0,1,0,70000.0,7,1.0,1.0,1.0,1.0
8744,1-25,1,0,2,1,3.0,60.0,0,1,94400.0,4,7.0,1.0,3.0,2.0
8745,101-500,1,1,1,1,1.0,60.0,0,1,84000.0,3,5.0,3.0,2.0,3.0
8746,More than 1000,1,0,1,1,1.0,60.0,1,1,118000.0,10,2.0,3.0,0.0,1.0
8747,500-1000,1,0,2,1,1.0,60.0,0,1,15000.0,1,4.0,1.0,1.0,0.0
8748,101-500,1,0,2,1,1.0,60.0,0,1,91700.0,4,6.0,1.0,0.0,0.0
8749,26-100,0,0,2,1,0.0,60.0,0,0,50.0,1,0.0,0.0,0.0,0.0
8750,101-500,0,1,2,1,0.0,60.0,0,0,50.0,1,7.0,1.0,0.0,5.0
8751,26-100,0,1,2,1,1.0,60.0,0,0,1850.0,2,10.0,3.0,0.0,11.0
8756,101-500,0,0,1,1,0.0,60.0,0,0,1000.0,1,1.0,1.0,1.0,1.0
8757,101-500,1,0,2,1,0.0,60.0,0,1,15000.0,1,17.0,6.0,3.0,5.0
8794,101-500,0,0,2,1,0.0,60.0,0,0,50.0,1,3.0,3.0,3.0,3.0
8856,1-25,1,0,1,1,0.0,60.0,0,0,50.0,1,0.0,0.0,0.0,0.0
8870,26-100,1,0,2,1,0.0,60.0,0,1,75400.0,4,0.0,0.0,0.0,0.0
8871,26-100,1,0,2,1,0.0,60.0,1,1,25000.0,2,0.0,0.0,0.0,0.0
8872,101-500,1,0,2,1,0.0,60.0,0,1,15000.0,1,0.0,0.0,0.0,0.0
8873,26-100,1,0,1,1,0.0,60.0,0,1,15000.0,1,0.0,0.0,0.0,0.0
8874,1-25,0,0,1,1,0.0,60.0,0,1,15010.0,1,0.0,0.0,0.0,0.0
8876,26-100,1,0,1,1,0.0,60.0,0,1,15000.0,1,0.0,0.0,0.0,0.0
8877,101-500,1,0,1,1,0.0,60.0,0,1,181200.0,11,0.0,0.0,0.0,0.0
8882,26-100,0,0,1,1,0.0,60.0,0,0,2450.0,3,0.0,0.0,0.0,0.0
8883,26-100,0,0,1,1,0.0,60.0,0,1,25000.0,1,0.0,0.0,0.0,0.0
8884,1-25,0,0,1,1,0.0,60.0,0,0,1850.0,2,0.0,0.0,0.0,0.0
8973,500-1000,1,0,1,1,0.0,60.0,1,1,10000.0,1,0.0,0.0,0.0,0.0
8980,1-25,0,0,1,1,0.0,60.0,0,0,50.0,1,7.0,1.0,3.0,0.0
8981,101-500,1,0,1,1,0.0,60.0,0,1,15000.0,1,0.0,1.0,1.0,0.0
8982,1-25,0,0,1,1,0.0,60.0,0,0,50.0,1,0.0,0.0,0.0,0.0
8983,101-500,0,0,1,1,0.0,60.0,1,0,10000.0,1,0.0,0.0,0.0,0.0
8984,26-100,0,0,1,1,0.0,60.0,1,0,10000.0,1,0.0,0.0,0.0,0.0
8985,26-100,0,0,1,1,0.0,60.0,1,0,10000.0,1,0.0,0.0,0.0,0.0
8986,26-100,0,0,1,1,0.0,60.0,0,0,50.0,1,0.0,0.0,0.0,0.0
8987,26-100,0,0,1,1,0.0,60.0,1,0,10000.0,1,0.0,1.0,1.0,0.0
8988,1-25,0,0,1,1,1.0,60.0,0,0,50.0,1,17.0,2.0,3.0,14.0
8989,1-25,0,0,1,1,1.0,60.0,0,0,50.0,1,2.0,1.0,11.0,1.0
8994,500-1000,0,1,1,1,1.0,60.0,0,0,4450.0,8,24.0,4.0,6.0,12.0
9021,1-25,0,0,1,1,1.0,60.0,0,0,600.0,2,2.0,1.0,1.0,0.0
9036,101-500,0,0,1,1,1.0,59.0,0,0,150.0,1,66.0,1.0,7.0,1.0
9037,101-500,0,0,1,1,0.0,60.0,1,0,10000.0,1,2.0,1.0,1.0,2.0
9042,1-25,0,0,1,1,1.0,60.0,1,0,10000.0,1,2.0,1.0,1.0,1.0
9045,1-25,0,0,1,1,1.0,60.0,0,0,50.0,1,18.0,4.0,7.0,7.0
9047,101-500,0,1,1,1,1.0,60.0,0,0,50.0,1,4.0,1.0,1.0,0.0
9052,101-500,0,0,1,1,0.0,50.0,0,0,650.0,2,2.0,1.0,1.0,2.0
9054,101-500,0,0,1,1,0.0,60.0,0,0,50.0,1,0.0,0.0,0.0,0.0
9055,500-1000,0,0,1,1,0.0,60.0,0,0,50.0,1,0.0,0.0,0.0,0.0
9056,More than 1000,0,0,1,1,0.0,60.0,0,0,50.0,1,0.0,0.0,0.0,0.0
9057,26-100,1,0,1,1,0.0,60.0,0,1,15000.0,1,0.0,0.0,0.0,0.0
9063,500-1000,0,1,1,1,0.0,60.0,1,0,10650.0,3,1.0,1.0,0.0,0.0
9077,500-1000,0,1,1,1,2.0,60.0,0,0,6649.0,8,6.0,1.0,7.0,5.0
9078,26-100,0,0,1,1,0.0,60.0,1,0,10000.0,1,0.0,0.0,0.0,0.0
9081,1-25,0,0,1,1,0.0,60.0,0,0,1850.0,2,16.0,1.0,6.0,4.0
9083,1-25,0,0,1,1,1.0,60.0,0,0,600.0,2,2.0,1.0,2.0,2.0
9086,500-1000,0,0,1,1,0.0,60.0,1,0,10000.0,1,4.0,1.0,2.0,0.0
9087,500-1000,0,0,1,1,0.0,60.0,0,0,2450.0,3,0.0,0.0,0.0,0.0
9088,101-500,1,0,1,1,0.0,60.0,1,1,20000.0,2,0.0,0.0,0.0,0.0
9089,500-1000,0,0,1,1,0.0,60.0,1,0,10000.0,1,0.0,1.0,1.0,0.0
9090,26-100,0,0,1,1,1.0,60.0,0,0,1850.0,2,22.0,1.0,1.0,0.0
9092,101-500,0,0,1,1,0.0,60.0,0,0,50.0,1,0.0,0.0,0.0,0.0
9094,1-25,1,0,1,1,1.0,60.0,0,1,50400.0,3,9.0,1.0,3.0,4.0
9095,1-25,0,1,1,1,40.0,3053.0,0,0,5450.0,4,518.0,292.0,181.0,135.0
9097,26-100,0,0,1,1,0.0,60.0,1,0,10000.0,1,7.0,1.0,5.0,5.0
9098,500-1000,0,0,1,1,0.0,60.0,0,0,1850.0,2,1.0,1.0,0.0,0.0
9099,101-500,1,0,1,1,1.0,60.0,0,1,15000.0,1,5.0,1.0,1.0,0.0
9101,500-1000,0,0,1,1,0.0,60.0,0,0,50.0,1,0.0,0.0,0.0,0.0
9102,500-1000,0,0,1,1,0.0,60.0,0,0,50.0,1,1.0,1.0,1.0,0.0
9104,26-100,1,0,1,1,0.0,60.0,0,1,32700.0,2,0.0,0.0,0.0,0.0
9105,26-100,0,0,1,1,0.0,60.0,0,0,50.0,1,0.0,0.0,0.0,0.0
9106,500-1000,0,0,1,1,0.0,60.0,0,0,50.0,1,0.0,0.0,0.0,0.0
9119,500-1000,0,0,1,1,0.0,60.0,1,0,20000.0,2,9.0,1.0,2.0,6.0
9120,101-500,0,0,1,1,1.0,60.0,0,0,50.0,1,5.0,2.0,3.0,1.0
9122,1-25,1,0,1,1,1.0,60.0,0,1,25000.0,1,0.0,0.0,0.0,0.0
9124,26-100,1,0,1,1,0.0,60.0,0,1,17700.0,1,0.0,1.0,2.0,0.0
9125,500-1000,0,0,1,1,0.0,60.0,0,0,1850.0,2,15.0,1.0,3.0,6.0
9126,26-100,0,0,2,1,0.0,60.0,0,0,50.0,1,1.0,1.0,1.0,0.0
9128,101-500,0,0,1,1,1.0,60.0,0,0,50.0,1,1.0,3.0,3.0,1.0
9129,101-500,0,0,2,1,1.0,60.0,0,0,1850.0,2,3.0,1.0,2.0,2.0
9131,1-25,0,0,2,1,0.0,60.0,0,0,50.0,1,13.0,8.0,18.0,1.0
9222,101-500,1,0,2,1,0.0,500000.0,1,1,10000.0,1,1.0,1.0,0.0,1.0
9224,500-1000,0,0,2,1,0.0,42.0,0,0,50.0,1,3.0,1.0,1.0,2.0
9225,More than 1000,0,1,1,1,5.0,4308.0,0,0,700.0,3,436.0,14.0,11.0,162.0
9228,101-500,0,0,1,1,0.0,35.0,0,0,50.0,1,30.0,3.0,2.0,5.0
9230,500-1000,0,0,2,1,0.0,22.0,0,0,50.0,1,23.0,2.0,2.0,7.0
9363,500-1000,1,0,1,1,0.0,150.0,0,1,25000.0,1,6.0,3.0,0.0,0.0
9365,1-25,1,0,1,1,0.0,50.0,0,1,15000.0,1,0.0,0.0,0.0,0.0
9366,101-500,0,0,1,1,0.0,150.0,0,0,150.0,1,0.0,0.0,0.0,0.0
9368,101-500,0,0,1,1,0.0,132.0,0,0,150.0,1,4.0,8.0,1.0,5.0
9374,More than 1000,0,0,1,1,0.0,26.0,0,0,50.0,1,0.0,0.0,0.0,0.0
9375,101-500,0,1,1,1,1.0,1767.0,0,0,1850.0,2,24.0,4.0,5.0,7.0
9376,26-100,0,0,1,1,0.0,40.0,0,0,50.0,1,1.0,1.0,0.0,1.0
9377,More than 1000,0,1,1,1,10.0,15.0,0,0,50.0,1,59.0,114.0,6.0,38.0
9381,26-100,0,0,1,1,0.0,145.0,0,0,150.0,1,1.0,1.0,0.0,1.0
9387,500-1000,0,0,1,1,0.0,500000.0,1,0,10000.0,1,0.0,0.0,0.0,0.0
9388,500-1000,0,0,1,1,0.0,1800.0,0,0,1850.0,2,6.0,1.0,3.0,0.0
9389,500-1000,0,0,1,1,0.0,134.0,0,0,150.0,1,33.0,1.0,5.0,16.0
9390,500-1000,0,0,1,1,0.0,500000.0,1,0,10000.0,1,0.0,0.0,0.0,0.0
9439,26-100,0,0,1,1,0.0,50.0,0,0,50.0,1,0.0,0.0,0.0,0.0
9517,101-500,0,1,1,1,2.0,7099.0,0,0,8450.0,7,55.0,11.0,28.0,21.0
9572,500-1000,0,1,1,1,1.0,114.0,0,0,10250.0,4,23.0,7.0,3.0,9.0
9575,1-25,0,0,1,1,0.0,500000.0,1,0,0.0,1,0.0,0.0,0.0,0.0
9576,500-1000,0,0,1,1,0.0,500000.0,1,0,10000.0,1,0.0,0.0,0.0,0.0
9577,101-500,0,1,1,1,0.0,510000.0,1,0,31800.0,4,0.0,1.0,0.0,0.0
9578,26-100,0,0,1,1,0.0,50.0,0,0,50.0,1,0.0,0.0,0.0,0.0
9579,1-25,0,1,1,1,24.0,2181.0,0,0,350.0,4,1465.0,116.0,179.0,441.0
9582,500-1000,0,0,1,1,0.0,50.0,0,0,50.0,1,0.0,3.0,0.0,0.0
9583,500-1000,0,0,1,1,1.0,45.0,0,0,50.0,1,2.0,8.0,2.0,1.0
9584,500-1000,0,0,1,1,0.0,146.0,0,0,150.0,1,1.0,2.0,0.0,1.0
9585,26-100,0,0,1,1,0.0,500000.0,1,0,10000.0,1,0.0,1.0,0.0,0.0
9586,500-1000,0,0,1,1,0.0,49.0,0,1,15000.0,1,1.0,1.0,1.0,1.0
9587,101-500,1,0,1,1,1.0,149.0,0,1,25000.0,1,2.0,2.0,0.0,1.0
9592,500-1000,0,0,1,1,1.0,50.0,0,0,50.0,1,14.0,7.0,5.0,0.0
9593,101-500,0,0,1,1,0.0,1835.0,0,0,1950.0,2,0.0,0.0,0.0,0.0
9594,1-25,0,0,1,1,0.0,500000.0,1,0,20000.0,2,2.0,1.0,0.0,0.0
9595,500-1000,0,1,1,1,1.0,34.0,0,0,50.0,1,9.0,3.0,1.0,2.0
9597,1-25,0,1,1,1,0.0,1776.0,0,0,1800.0,2,40.0,42.0,34.0,8.0
9598,1-25,0,1,1,1,2.0,32.0,0,0,19205.0,11,106.0,12.0,18.0,59.0
9602,1-25,0,0,1,1,1.0,99.0,0,0,50.0,1,26.0,20.0,17.0,3.0
9606,1-25,0,0,1,1,0.0,50.0,0,0,50.0,1,0.0,1.0,0.0,0.0
9607,101-500,0,0,1,1,0.0,1800.0,0,0,1850.0,2,1.0,1.0,1.0,0.0
9611,500-1000,0,0,1,1,0.0,50.0,0,0,50.0,1,0.0,0.0,0.0,0.0
9612,500-1000,0,0,1,1,0.0,50.0,0,0,50.0,1,0.0,1.0,0.0,0.0
9613,1-25,0,0,1,1,0.0,48.0,0,0,50.0,1,1.0,1.0,0.0,1.0
9614,500-1000,0,0,1,1,0.0,50.0,0,0,50.0,1,0.0,1.0,0.0,0.0
9615,More than 1000,0,0,1,1,0.0,50.0,0,0,50.0,1,1.0,1.0,1.0,0.0
9616,101-500,0,0,1,1,0.0,45.0,0,0,50.0,1,2.0,1.0,0.0,0.0
9617,500-1000,0,0,1,1,0.0,148.0,0,0,150.0,1,1.0,1.0,1.0,1.0
9619,101-500,0,0,1,1,1.0,500000.0,1,0,10000.0,1,10.0,3.0,6.0,9.0
9620,1-25,0,0,1,1,0.0,500000.0,1,0,100.0,1,9.0,5.0,8.0,2.0
9623,26-100,0,0,1,1,0.0,50.0,0,0,50.0,1,1.0,1.0,5.0,0.0
9624,101-500,1,0,1,1,0.0,150.0,0,1,1100.0,1,0.0,1.0,1.0,0.0
9625,101-500,1,0,1,1,0.0,500000.0,1,1,1000.0,1,0.0,1.0,1.0,0.0
9626,26-100,0,0,1,1,0.0,500000.0,1,0,10000.0,1,0.0,1.0,1.0,0.0
9627,101-500,0,0,1,1,0.0,500000.0,1,0,10000.0,1,2.0,1.0,1.0,1.0
9630,1-25,0,0,2,1,0.0,150.0,0,0,0.0,1,0.0,0.0,0.0,0.0
9631,500-1000,0,0,1,1,0.0,50.0,0,0,50.0,1,0.0,1.0,0.0,0.0
9633,101-500,0,0,1,1,0.0,50.0,0,0,50.0,1,0.0,0.0,0.0,0.0
9635,500-1000,0,1,1,1,0.0,3.0,0,0,4900.0,8,28.0,6.0,4.0,21.0
9636,1-25,0,0,1,1,0.0,99.0,0,0,150.0,1,21.0,19.0,5.0,8.0
9637,500-1000,0,0,1,1,1.0,46.0,0,0,50.0,1,1.0,3.0,1.0,1.0
9639,500-1000,0,0,1,1,1.0,56.0,0,0,50.0,1,12.0,4.0,3.0,10.0
9643,26-100,1,0,1,1,0.0,500000.0,1,1,42700.0,3,0.0,1.0,0.0,0.0
9645,1-25,0,0,1,1,0.0,500000.0,1,0,12450.0,4,3.0,3.0,1.0,3.0
9646,101-500,1,0,1,1,0.0,49.0,0,1,15000.0,1,1.0,1.0,0.0,1.0
9648,500-1000,0,0,1,1,0.0,50.0,0,0,50.0,1,0.0,0.0,0.0,0.0
9649,500-1000,0,0,1,1,0.0,150.0,0,0,150.0,1,0.0,0.0,0.0,0.0
9651,101-500,0,0,1,1,0.0,50.0,0,0,50.0,1,0.0,0.0,0.0,0.0
9652,500-1000,1,0,1,1,0.0,50.0,0,1,15000.0,1,0.0,0.0,0.0,0.0
9653,101-500,1,0,1,1,0.0,150.0,0,1,25000.0,1,0.0,0.0,0.0,0.0
9654,500-1000,0,0,1,1,0.0,49.0,0,0,50.0,1,1.0,1.0,0.0,1.0
9657,500-1000,0,0,1,1,0.0,50.0,0,0,50.0,1,0.0,0.0,0.0,0.0
9658,500-1000,0,0,1,1,0.0,45.0,0,0,50.0,1,0.0,0.0,0.0,0.0
9659,500-1000,0,0,1,1,1.0,40.0,0,0,50.0,1,4.0,1.0,1.0,2.0
9660,500-1000,1,0,1,1,0.0,49.0,0,1,15000.0,1,2.0,1.0,0.0,1.0
9661,101-500,1,0,1,1,0.0,50.0,0,1,15000.0,1,0.0,0.0,0.0,0.0
9662,101-500,1,0,1,1,0.0,49.0,0,1,15000.0,1,1.0,1.0,0.0,1.0
9663,500-1000,0,0,1,1,0.0,44.0,0,0,50.0,1,1.0,1.0,1.0,1.0
9664,500-1000,0,0,1,1,0.0,144.0,0,0,150.0,1,1.0,1.0,1.0,1.0
9665,101-500,0,0,1,1,0.0,44.0,0,0,50.0,1,1.0,1.0,1.0,1.0
9666,500-1000,1,0,1,1,0.0,149.0,0,1,25000.0,1,1.0,1.0,1.0,1.0
9667,500-1000,0,0,1,1,0.0,500000.0,1,0,10100.0,1,1.0,1.0,1.0,1.0
9668,500-1000,1,0,1,1,0.0,50.0,0,1,10000.0,1,0.0,0.0,0.0,0.0
9669,500-1000,1,0,1,1,0.0,150.0,0,1,13496.0,1,0.0,0.0,0.0,0.0
9670,101-500,0,0,1,1,0.0,149.0,0,0,10000.0,1,1.0,1.0,0.0,1.0
9671,101-500,1,0,1,1,0.0,150.0,0,1,250.0,1,0.0,0.0,0.0,0.0
9672,500-1000,1,0,1,1,0.0,49.0,0,1,150.0,1,1.0,1.0,1.0,1.0
9676,500-1000,0,0,1,1,1.0,50.0,0,0,50.0,1,0.0,0.0,0.0,0.0
9678,1-25,0,0,1,1,1.0,193.0,0,0,200.0,2,2.0,1.0,2.0,1.0
9681,1-25,0,0,1,1,1.0,41.0,0,0,50.0,1,5.0,4.0,22.0,2.0
9682,500-1000,0,0,1,1,0.0,50.0,0,0,50.0,1,3.0,1.0,1.0,0.0
9683,500-1000,1,0,1,1,0.0,50.0,0,1,15000.0,1,0.0,0.0,0.0,0.0
9684,500-1000,1,0,1,1,0.0,49.0,0,1,15000.0,1,1.0,1.0,0.0,1.0
9686,500-1000,1,0,1,1,0.0,50.0,0,1,15000.0,1,2.0,1.0,1.0,0.0
9687,500-1000,0,0,1,1,0.0,1796.0,0,0,1850.0,2,6.0,2.0,1.0,1.0
9690,500-1000,0,0,1,1,0.0,50.0,0,0,50.0,1,0.0,0.0,0.0,0.0
9691,101-500,0,1,1,1,0.0,860.0,0,0,650.0,2,0.0,0.0,0.0,0.0
9693,500-1000,0,0,1,1,0.0,49.0,0,0,50.0,1,1.0,1.0,0.0,1.0
9694,500-1000,1,0,1,1,1.0,100.0,0,1,32700.0,2,2.0,1.0,1.0,0.0
9696,101-500,1,0,1,1,0.0,50.0,0,1,15000.0,1,0.0,0.0,0.0,0.0
9697,101-500,0,0,2,1,1.0,500000.0,1,0,10050.0,2,0.0,1.0,1.0,0.0
9699,500-1000,1,0,2,1,0.0,500000.0,1,1,25000.0,2,0.0,0.0,0.0,0.0
9702,101-500,1,0,1,1,0.0,50.0,0,1,15000.0,1,0.0,0.0,0.0,0.0
9703,26-100,1,0,1,1,0.0,49.0,0,1,20000.0,1,1.0,1.0,0.0,1.0
9707,500-1000,1,0,1,1,1.0,49.0,0,1,1000.0,1,1.0,1.0,0.0,1.0
9709,500-1000,1,0,1,1,1.0,50.0,0,1,1000.0,1,0.0,0.0,0.0,0.0
9711,101-500,1,0,1,1,0.0,50.0,0,1,1000.0,1,4.0,1.0,11.0,0.0
9712,500-1000,0,0,1,1,0.0,45.0,0,0,50.0,1,1.0,1.0,1.0,1.0
9713,500-1000,0,0,1,1,0.0,45.0,0,0,1000.0,1,1.0,1.0,0.0,1.0
9714,101-500,0,0,1,1,0.0,49.0,0,0,50.0,1,1.0,1.0,0.0,1.0
9715,500-1000,1,0,1,1,0.0,49.0,0,1,15000.0,1,1.0,1.0,1.0,1.0
9716,101-500,0,1,1,1,1.0,10200.0,0,0,800.0,6,0.0,2.0,3.0,0.0
9718,26-100,0,0,1,1,0.0,50.0,0,0,50.0,1,0.0,1.0,0.0,0.0
9721,500-1000,0,0,1,1,1.0,50.0,0,0,50.0,1,0.0,0.0,0.0,0.0
9723,101-500,0,0,1,1,0.0,45.0,0,0,50.0,1,1.0,1.0,0.0,1.0
9724,500-1000,0,0,1,1,0.0,500000.0,1,0,10000.0,1,1.0,1.0,0.0,1.0
9726,500-1000,0,1,1,1,0.0,500.0,0,0,250.0,3,0.0,1.0,0.0,0.0
9727,101-500,0,0,1,1,1.0,150.0,0,0,150.0,1,1.0,2.0,0.0,0.0
9729,101-500,0,0,1,1,0.0,45.0,0,0,50.0,1,2.0,1.0,0.0,1.0
9730,1-25,0,0,1,1,0.0,149.0,0,0,10400.0,6,1.0,1.0,1.0,1.0
9731,101-500,0,1,1,1,0.0,45.0,0,0,10250.0,4,1.0,1.0,1.0,1.0
9735,101-500,0,0,1,1,0.0,500000.0,1,0,10000.0,1,1.0,1.0,1.0,1.0
9736,101-500,0,0,1,1,0.0,500000.0,1,0,10000.0,1,0.0,0.0,0.0,0.0
9737,101-500,0,0,1,1,1.0,500000.0,1,0,10000.0,1,0.0,0.0,0.0,0.0
9739,500-1000,1,0,1,1,0.0,500000.0,1,1,10000.0,2,0.0,0.0,0.0,0.0
9741,101-500,0,0,1,1,1.0,45.0,0,0,50.0,1,1.0,1.0,1.0,1.0
9743,101-500,0,0,1,1,1.0,141.0,0,0,150.0,1,23.0,6.0,33.0,3.0
9744,26-100,0,0,1,1,0.0,38.0,0,0,50.0,1,2.0,1.0,2.0,1.0
9745,500-1000,0,1,1,1,3.0,499999.0,1,0,41150.0,16,4.0,3.0,1.0,0.0
9748,101-500,0,0,1,1,1.0,37.0,0,0,50.0,1,0.0,0.0,0.0,0.0
9752,101-500,0,0,1,1,1.0,1050.0,0,0,50.0,1,0.0,1.0,1.0,0.0
9753,101-500,0,0,1,1,0.0,50.0,0,0,50.0,1,1.0,1.0,0.0,0.0
9754,500-1000,1,0,1,1,0.0,50.0,0,1,15000.0,1,0.0,0.0,0.0,0.0
9755,26-100,0,0,1,1,2.0,73.0,0,0,150.0,1,56.0,13.0,13.0,18.0
9756,1-25,0,0,1,1,0.0,500000.0,1,0,20400.0,9,1.0,1.0,1.0,0.0
9757,500-1000,0,1,1,1,11.0,500000.0,1,0,40850.0,13,102.0,7.0,12.0,47.0
9759,101-500,0,0,2,1,0.0,500000.0,1,0,150.0,2,0.0,1.0,1.0,0.0
9760,500-1000,0,0,1,1,0.0,50.0,0,0,50.0,1,0.0,0.0,0.0,0.0
9761,500-1000,0,0,1,1,0.0,50.0,0,0,50.0,1,0.0,0.0,0.0,0.0
9762,500-1000,0,0,1,1,0.0,50.0,0,0,50.0,1,0.0,0.0,0.0,0.0
9763,500-1000,0,0,1,1,0.0,50.0,0,0,50.0,1,0.0,0.0,0.0,0.0
9764,500-1000,0,0,1,1,0.0,50.0,0,0,50.0,1,0.0,0.0,0.0,0.0
9765,More than 1000,0,0,2,1,0.0,150.0,0,0,0.0,1,0.0,0.0,0.0,0.0
9766,101-500,1,0,1,1,0.0,500000.0,1,1,0.0,1,0.0,0.0,0.0,0.0
9767,500-1000,0,0,1,1,0.0,50.0,0,0,50.0,1,0.0,0.0,0.0,0.0
9768,500-1000,0,0,1,1,0.0,500000.0,1,0,10000.0,1,0.0,0.0,0.0,0.0
9770,101-500,0,0,1,1,0.0,50.0,0,0,50.0,1,0.0,0.0,0.0,0.0
9771,500-1000,0,0,1,1,0.0,50.0,0,0,50.0,1,0.0,0.0,0.0,0.0
9772,101-500,0,0,1,1,0.0,50.0,0,0,50.0,1,0.0,1.0,1.0,0.0
9773,More than 1000,0,0,1,1,0.0,194.0,0,0,200.0,2,5.0,1.0,4.0,1.0
9774,500-1000,0,0,1,1,0.0,100.0,0,0,100.0,2,0.0,1.0,1.0,0.0
9775,500-1000,0,0,1,1,0.0,50.0,0,0,50.0,1,0.0,0.0,0.0,0.0
9776,500-1000,0,0,1,1,0.0,50.0,0,0,50.0,1,0.0,0.0,0.0,0.0
9777,1-25,0,0,1,1,0.0,50.0,0,0,0.0,1,0.0,0.0,0.0,0.0
9779,1-25,0,0,1,1,0.0,500000.0,1,0,10150.0,3,1.0,1.0,0.0,0.0
9780,101-500,0,1,1,1,3.0,10445.0,0,0,50.0,1,54.0,4.0,16.0,32.0
9781,1-25,0,0,1,1,0.0,500000.0,1,0,0.0,1,0.0,0.0,0.0,0.0
9782,500-1000,0,0,2,1,0.0,146.0,0,0,200.0,2,18.0,2.0,3.0,1.0
9783,1-25,0,0,1,1,3.0,138.0,0,0,150.0,1,29.0,8.0,44.0,2.0
9785,1-25,0,0,1,1,0.0,50.0,0,0,0.0,1,2.0,1.0,1.0,0.0
9786,500-1000,0,0,1,1,0.0,50.0,0,0,50.0,1,1.0,1.0,1.0,0.0
9787,1-25,0,1,1,1,2.0,442.0,0,0,50.0,1,162.0,39.0,44.0,85.0
9788,1-25,0,0,1,1,1.0,1045.0,0,0,50.0,1,1.0,1.0,2.0,1.0
9790,101-500,0,0,1,1,0.0,50.0,0,0,50.0,1,0.0,0.0,0.0,0.0
9791,500-1000,0,0,1,1,1.0,85.0,0,0,50.0,1,5.0,1.0,1.0,4.0
9792,1-25,1,0,1,1,0.0,500000.0,1,1,10000.0,1,2.0,1.0,1.0,2.0
9794,26-100,0,0,1,1,1.0,270.0,0,0,50.0,1,32.0,6.0,1.0,24.0
9795,1-25,1,0,1,1,0.0,149.0,0,1,25000.0,1,1.0,1.0,0.0,1.0
9796,500-1000,0,0,1,1,0.0,34.0,0,0,50.0,1,4.0,1.0,4.0,2.0
9797,101-500,1,0,1,1,1.0,48.0,0,1,15000.0,1,1.0,1.0,7.0,1.0
9798,500-1000,0,0,1,1,1.0,135.0,0,0,200.0,2,44.0,9.0,2.0,15.0
9799,1-25,0,0,1,1,1.0,2.0,0,0,50.0,1,6.0,2.0,2.0,5.0
9800,1-25,0,0,2,1,0.0,55.0,0,0,0.0,2,0.0,0.0,0.0,0.0
9801,1-25,0,0,2,1,0.0,49.0,0,0,0.0,1,0.0,0.0,0.0,0.0
9807,101-500,1,0,1,1,0.0,47.0,0,1,15000.0,1,15.0,2.0,9.0,3.0
9809,1-25,0,0,1,1,0.0,500000.0,1,0,0.0,1,0.0,1.0,2.0,0.0
9810,1-25,0,0,2,1,0.0,60.0,0,0,0.0,3,0.0,0.0,0.0,0.0
9820,101-500,1,0,1,1,0.0,50.0,0,1,15000.0,1,0.0,0.0,0.0,0.0
9821,101-500,0,0,1,1,0.0,42.0,0,0,50.0,1,2.0,1.0,1.0,1.0
9822,1-25,0,0,1,1,0.0,50.0,0,0,50.0,1,0.0,0.0,0.0,0.0
9823,101-500,0,0,1,1,1.0,2.0,0,0,150.0,1,62.0,8.0,15.0,25.0
9824,101-500,1,0,1,1,1.0,149.0,0,1,25000.0,1,8.0,1.0,5.0,1.0
9825,26-100,0,0,1,1,0.0,50.0,0,0,50.0,1,0.0,0.0,0.0,0.0
9826,1-25,0,0,1,1,0.0,50.0,0,0,50.0,1,0.0,0.0,0.0,0.0
9827,26-100,1,0,1,1,0.0,50.0,0,1,15000.0,1,2.0,1.0,1.0,0.0
9828,1-25,1,0,1,1,0.0,500000.0,1,1,0.0,1,3.0,1.0,2.0,0.0
9829,500-1000,0,1,1,1,1.0,50.0,0,0,50.0,1,2.0,1.0,1.0,0.0
9833,101-500,1,0,1,1,0.0,50.0,0,1,15000.0,1,0.0,0.0,0.0,0.0
9834,101-500,0,0,1,1,0.0,35.0,0,0,50.0,1,3.0,2.0,1.0,3.0
9836,101-500,0,0,1,1,1.0,150.0,0,0,200.0,2,2.0,1.0,1.0,1.0
9838,101-500,0,1,1,1,1.0,2150.0,0,0,2200.0,5,16.0,2.0,1.0,5.0
9839,101-500,0,0,1,1,0.0,150.0,0,0,150.0,1,1.0,1.0,1.0,0.0
9840,101-500,1,0,1,1,0.0,50.0,0,1,15000.0,1,0.0,0.0,0.0,0.0
9843,101-500,0,0,1,1,0.0,45.0,0,0,50.0,1,1.0,1.0,0.0,1.0
9848,1-25,0,1,1,1,1.0,398.0,0,0,10450.0,8,0.0,1.0,1.0,0.0
9850,101-500,0,0,2,1,1.0,175.0,0,0,200.0,2,3.0,3.0,3.0,3.0
9854,1-25,0,0,1,1,0.0,50.0,0,0,50.0,1,0.0,1.0,0.0,0.0
9855,1-25,0,0,1,1,0.0,50.0,0,0,50.0,1,0.0,0.0,0.0,0.0
9856,1-25,1,0,1,1,0.0,50.0,0,1,15000.0,1,0.0,1.0,1.0,0.0
9857,1-25,0,0,1,1,0.0,150.0,0,0,150.0,1,0.0,0.0,0.0,0.0
9858,1-25,0,0,1,1,1.0,50.0,0,0,50.0,1,0.0,0.0,0.0,0.0
9859,1-25,0,0,2,1,0.0,50.0,0,0,0.0,1,0.0,1.0,0.0,0.0
9860,1-25,0,0,1,1,0.0,50.0,0,0,50.0,1,0.0,0.0,0.0,0.0
9861,1-25,1,1,1,1,0.0,120.0,0,1,150.0,1,0.0,0.0,0.0,0.0
9862,1-25,0,0,1,1,0.0,50.0,0,0,500.0,1,0.0,0.0,0.0,0.0
9863,1-25,0,1,1,1,5.0,20839.0,0,0,51600.0,19,312.0,60.0,34.0,188.0
9864,1-25,0,1,1,1,0.0,137.0,0,0,50.0,1,5.0,2.0,1.0,4.0
9865,1-25,0,0,1,1,0.0,50.0,0,0,50.0,1,0.0,0.0,0.0,0.0
9866,500-1000,1,0,1,1,0.0,50.0,0,1,15000.0,1,0.0,0.0,0.0,0.0
9868,1-25,0,0,1,1,0.0,500000.0,1,0,10000.0,1,19.0,1.0,1.0,1.0
9869,101-500,0,1,1,1,10.0,9299.0,0,0,250.0,3,390.0,103.0,42.0,206.0
9871,1-25,0,0,1,1,0.0,47.0,0,0,50.0,1,4.0,3.0,12.0,1.0
9873,26-100,0,0,1,1,1.0,142.0,0,0,150.0,1,11.0,2.0,1.0,1.0
9875,500-1000,0,0,1,1,1.0,35.0,0,0,50.0,1,2.0,1.0,1.0,2.0
9876,26-100,0,0,1,1,1.0,190.0,0,0,50.0,1,4.0,2.0,1.0,4.0
9878,101-500,0,0,1,1,1.0,26.0,0,0,50.0,1,3.0,6.0,1.0,2.0
9880,1-25,0,0,1,1,0.0,150.0,0,0,0.0,1,0.0,0.0,0.0,0.0
9881,101-500,0,0,1,1,0.0,50.0,0,0,50.0,1,0.0,1.0,3.0,0.0
9882,101-500,1,0,1,1,0.0,50.0,0,1,15000.0,1,0.0,0.0,0.0,0.0
9883,101-500,0,0,1,1,1.0,71.0,0,0,10250.0,4,33.0,6.0,10.0,11.0
9884,26-100,0,0,1,1,1.0,143.0,0,0,150.0,1,4.0,2.0,1.0,2.0
9885,101-500,0,0,1,1,1.0,126.0,0,0,150.0,1,20.0,4.0,3.0,4.0
9886,101-500,0,0,1,1,1.0,142.0,0,0,150.0,1,4.0,3.0,2.0,2.0
9887,101-500,1,0,1,1,0.0,50.0,0,1,15000.0,1,1.0,1.0,10.0,0.0
9888,101-500,1,0,1,1,0.0,150.0,0,1,25000.0,1,3.0,4.0,1.0,0.0
9889,101-500,1,0,1,1,1.0,500000.0,1,1,10000.0,1,3.0,3.0,0.0,0.0
9890,1-25,0,0,1,1,0.0,50.0,0,0,50.0,1,0.0,0.0,0.0,0.0
9891,26-100,0,0,1,1,1.0,500000.0,1,0,10000.0,1,70.0,15.0,12.0,43.0
9897,101-500,0,0,1,1,1.0,145.0,0,0,150.0,1,1.0,1.0,0.0,1.0
9899,26-100,0,0,1,1,0.0,135.0,0,0,150.0,1,6.0,1.0,3.0,5.0
9902,26-100,1,0,1,1,0.0,50.0,0,1,15000.0,1,0.0,0.0,0.0,0.0
9903,More than 1000,0,0,1,1,2.0,499933.0,1,0,10000.0,1,14.0,2.0,3.0,13.0
9907,101-500,0,1,1,1,2.0,32.0,0,0,50.0,1,2.0,0.0,1.0,0.0
9909,500-1000,0,0,1,1,1.0,50.0,0,0,50.0,1,9.0,5.0,5.0,0.0
9910,500-1000,0,0,1,1,0.0,50.0,0,0,50.0,1,0.0,0.0,0.0,0.0
9911,101-500,0,0,2,1,2.0,106.0,0,0,210.0,3,74.0,12.0,13.0,51.0
9916,1-25,0,0,2,1,0.0,500000.0,1,0,10000.0,1,0.0,0.0,0.0,0.0
9917,1-25,0,0,2,1,0.0,500000.0,1,0,20000.0,2,0.0,1.0,2.0,0.0
9918,500-1000,0,0,1,1,0.0,250.0,0,0,50.0,1,0.0,0.0,0.0,0.0
9919,1-25,0,0,1,1,1.0,50.0,0,0,50.0,1,0.0,0.0,0.0,0.0
9921,101-500,0,0,1,1,0.0,46.0,0,0,50.0,1,2.0,1.0,1.0,1.0
9922,1-25,0,0,1,1,1.0,500000.0,1,0,10200.0,3,0.0,0.0,0.0,0.0
9924,101-500,0,0,1,1,0.0,24.0,0,0,50.0,1,7.0,5.0,1.0,5.0
9926,26-100,0,0,1,1,1.0,4.0,0,0,60.0,1,16.0,16.0,4.0,8.0
9927,26-100,0,0,1,1,0.0,145.0,0,0,150.0,1,1.0,1.0,2.0,1.0
9928,1-25,0,0,1,1,0.0,50.0,0,0,50.0,1,0.0,1.0,1.0,0.0
9931,26-100,0,0,1,1,1.0,296.0,0,0,50.0,1,31.0,5.0,6.0,7.0
9932,1-25,0,0,1,1,1.0,45.0,0,0,50.0,1,1.0,16.0,1.0,0.0
9934,500-1000,1,0,1,1,0.0,50.0,0,1,15000.0,1,0.0,1.0,0.0,0.0
9935,26-100,0,0,1,1,0.0,50.0,0,0,50.0,1,0.0,1.0,0.0,0.0
9938,500-1000,0,0,2,1,1.0,120.0,0,0,350.0,3,13.0,1.0,1.0,6.0
9939,1-25,0,0,1,1,0.0,500000.0,1,0,10000.0,1,0.0,3.0,0.0,0.0
9940,26-100,0,0,1,1,0.0,50.0,0,0,50.0,1,0.0,1.0,1.0,0.0
9944,1-25,0,0,1,1,0.0,500000.0,1,0,10000.0,1,9.0,2.0,6.0,2.0
9945,More than 1000,1,0,1,1,0.0,500000.0,1,1,10000.0,1,19.0,6.0,2.0,9.0
9946,1-25,0,0,1,1,0.0,50.0,0,0,50.0,1,0.0,1.0,2.0,0.0
9947,1-25,0,0,1,1,1.0,178.0,0,0,200.0,2,22.0,3.0,2.0,17.0
9949,26-100,0,0,1,1,2.0,180.0,0,0,200.0,2,4.0,1.0,3.0,4.0
9957,1-25,0,0,1,1,0.0,150.0,0,0,150.0,1,0.0,0.0,0.0,0.0
9958,1-25,0,1,1,1,0.0,5300.0,0,0,200.0,2,0.0,0.0,0.0,0.0
9962,1-25,0,0,1,1,1.0,81.0,0,0,150.0,1,0.0,0.0,0.0,0.0
9963,26-100,0,0,1,1,1.0,150.0,0,0,1150.0,2,0.0,0.0,0.0,0.0
9965,1-25,0,0,1,1,1.0,1080.0,0,0,50.0,3,0.0,0.0,0.0,0.0
9966,1-25,0,0,2,1,0.0,500000.0,1,0,0.0,1,0.0,0.0,0.0,0.0
9967,1-25,0,0,2,1,0.0,150.0,0,0,0.0,1,0.0,0.0,0.0,0.0
9968,1-25,0,0,1,1,0.0,50.0,0,0,50.0,1,0.0,0.0,0.0,0.0
9969,1-25,0,0,1,1,1.0,188.0,0,0,50.0,1,32.0,6.0,9.0,16.0
9971,101-500,0,0,1,1,1.0,191.0,0,0,50.0,1,12.0,5.0,2.0,8.0
9972,1-25,0,0,1,1,0.0,50.0,0,0,0.0,1,0.0,1.0,1.0,0.0
9973,More than 1000,0,0,1,1,0.0,500000.0,1,0,0.0,1,0.0,0.0,0.0,0.0
9976,1-25,1,0,1,1,1.0,50.0,0,1,15000.0,1,0.0,0.0,0.0,0.0
9977,101-500,0,0,1,1,1.0,42.0,0,0,50.0,1,2.0,1.0,1.0,1.0
9981,1-25,0,0,2,1,0.0,150.0,0,0,0.0,1,0.0,0.0,0.0,0.0
9982,101-500,0,0,1,1,0.0,50.0,0,0,50.0,1,1.0,1.0,1.0,0.0
9984,101-500,0,0,1,1,0.0,50.0,0,0,50.0,1,0.0,0.0,0.0,0.0
9985,1-25,0,0,1,1,1.0,46.0,0,0,50.0,2,2.0,2.0,2.0,2.0
9987,1-25,0,0,1,1,1.0,124.0,0,0,50.0,1,61.0,12.0,10.0,34.0
9988,500-1000,1,0,1,1,1.0,4.0,0,1,15000.0,1,22.0,10.0,9.0,5.0
9990,1-25,0,0,1,1,0.0,150000.0,0,0,15000.0,1,2.0,1.0,1.0,0.0
9991,1-25,0,0,1,1,0.0,150.0,0,0,0.0,2,0.0,0.0,0.0,0.0
9993,1-25,0,0,1,1,1.0,294.0,0,0,150.0,1,59.0,3.0,23.0,18.0
9994,1-25,0,0,1,1,2.0,499998.0,1,0,0.0,1,241.0,4.0,22.0,44.0
9996,26-100,0,0,1,1,0.0,50.0,0,0,50.0,1,0.0,0.0,0.0,0.0
9997,26-100,0,0,1,1,1.0,150.0,0,0,150.0,1,0.0,0.0,0.0,0.0
9998,26-100,0,0,1,1,0.0,500000.0,1,0,10000.0,1,0.0,0.0,0.0,0.0
9999,101-500,0,0,1,1,1.0,85.0,0,0,200.0,2,1.0,1.0,1.0,1.0
10000,More than 1000,0,0,1,1,1.0,500000.0,1,0,10000.0,1,4.0,3.0,1.0,2.0
10001,1-25,0,0,1,1,0.0,500000.0,1,0,10000.0,1,0.0,1.0,0.0,0.0
10011,101-500,0,0,1,1,2.0,163.0,0,0,150.0,1,0.0,0.0,0.0,0.0
10020,26-100,0,0,1,1,1.0,25.0,0,0,50.0,1,0.0,0.0,0.0,0.0
10022,1-25,0,0,1,1,0.0,500000.0,1,0,10250.0,4,2.0,1.0,0.0,0.0
10023,1-25,0,1,1,1,2.0,280.0,0,0,400.0,4,98.0,26.0,7.0,12.0
10024,101-500,0,0,2,1,0.0,150.0,0,0,150.0,1,0.0,0.0,0.0,0.0
10025,101-500,0,0,1,1,0.0,500000.0,1,0,1000.0,1,0.0,0.0,0.0,0.0
10027,1-25,1,0,1,1,0.0,190.0,0,1,17700.0,1,0.0,0.0,0.0,0.0
10028,1-25,0,1,1,1,2.0,213.0,0,0,0.0,2,17.0,4.0,1.0,13.0
10030,1-25,0,0,2,1,0.0,150.0,0,0,0.0,1,0.0,0.0,0.0,0.0
10034,101-500,0,1,1,1,0.0,145.0,0,0,50.0,1,1.0,1.0,0.0,1.0
10037,500-1000,0,0,1,1,0.0,49.0,0,0,0.0,1,0.0,0.0,0.0,0.0
10044,26-100,0,0,1,1,1.0,50.0,0,0,50.0,1,0.0,0.0,0.0,0.0
10046,101-500,0,0,1,1,0.0,45.0,0,0,50.0,1,3.0,1.0,1.0,1.0
10047,26-100,0,0,1,1,0.0,150.0,0,0,150.0,1,0.0,0.0,0.0,0.0
10048,26-100,1,0,1,1,0.0,150.0,0,1,25000.0,1,1.0,1.0,0.0,0.0
10049,26-100,0,0,1,1,0.0,44.0,0,0,50.0,1,2.0,1.0,1.0,1.0
10050,1-25,1,0,1,1,0.0,49.0,0,1,15000.0,1,2.0,2.0,1.0,0.0
10051,26-100,0,0,1,1,0.0,44.0,0,0,50.0,1,1.0,1.0,1.0,0.0
10052,26-100,0,0,1,1,0.0,150.0,0,0,150.0,1,33.0,1.0,2.0,0.0
10053,1-25,1,0,1,1,0.0,50.0,0,1,15000.0,1,0.0,0.0,0.0,0.0
10054,26-100,0,0,1,1,0.0,50.0,0,0,50.0,1,0.0,0.0,0.0,0.0
10055,26-100,0,0,1,1,0.0,45.0,0,0,50.0,1,5.0,4.0,4.0,1.0
10056,26-100,0,0,1,1,2.0,499970.0,1,0,10000.0,1,246.0,40.0,27.0,57.0
10058,1-25,0,0,1,1,2.0,154.0,0,0,350.0,3,131.0,57.0,35.0,47.0
10059,1-25,0,0,1,1,0.0,33.0,0,0,50.0,1,4.0,3.0,3.0,1.0
10060,500-1000,0,0,1,1,1.0,50.0,0,0,50.0,1,43.0,10.0,3.0,25.0
10061,1-25,0,0,1,1,1.0,40.0,0,0,50.0,1,16.0,2.0,4.0,5.0
10063,1-25,0,0,1,1,1.0,24.0,0,0,0.0,1,50046.0,6.0,9.0,21.0
10064,1-25,0,0,1,1,0.0,150.0,0,0,0.0,1,0.0,1.0,1.0,0.0
10065,1-25,0,0,1,1,0.0,500000.0,1,0,0.0,1,59.0,2.0,3.0,44.0
10066,1-25,0,0,2,1,0.0,50.0,0,0,50.0,1,0.0,0.0,0.0,0.0
10068,101-500,0,0,1,1,1.0,36.0,0,0,50.0,1,13.0,1.0,1.0,13.0
10071,101-500,0,0,1,1,1.0,150.0,0,0,200.0,2,0.0,2.0,1.0,0.0
10075,1-25,0,1,1,1,1.0,9923.0,0,0,1250.0,4,49.0,24.0,5.0,35.0
10076,More than 1000,0,0,1,1,0.0,500000.0,1,0,0.0,1,27.0,1.0,10.0,3.0
10077,1-25,0,0,1,1,0.0,150.0,0,0,150.0,1,0.0,0.0,0.0,0.0
10078,1-25,0,0,1,1,0.0,500000.0,1,0,0.0,1,0.0,0.0,0.0,0.0
10079,1-25,0,0,1,1,0.0,150.0,0,0,0.0,1,0.0,0.0,0.0,0.0
10080,1-25,1,0,2,1,0.0,150.0,0,1,0.0,1,0.0,0.0,0.0,0.0
10082,1-25,0,0,1,1,0.0,500000.0,1,0,0.0,1,0.0,0.0,0.0,0.0
10083,1-25,0,0,1,1,0.0,500000.0,1,0,0.0,1,0.0,0.0,0.0,0.0
10084,1-25,0,0,1,1,1.0,44.0,0,0,0.0,1,8.0,2.0,3.0,6.0
10086,26-100,0,0,1,1,1.0,606.0,0,0,200.0,2,0.0,0.0,0.0,0.0
10087,26-100,0,0,1,1,0.0,150.0,0,0,150.0,1,0.0,0.0,0.0,0.0
10088,101-500,0,0,1,1,0.0,150.0,0,0,150.0,1,0.0,0.0,0.0,0.0
10089,1-25,0,0,1,1,0.0,500000.0,1,0,10000.0,1,0.0,0.0,0.0,0.0
10090,1-25,1,0,2,1,0.0,200.0,0,1,17500.0,2,0.0,0.0,0.0,0.0
10091,26-100,0,0,1,1,0.0,150.0,0,0,150.0,1,0.0,0.0,0.0,0.0
10093,1-25,0,0,2,1,0.0,150.0,0,0,0.0,1,0.0,0.0,0.0,0.0
10094,1-25,0,0,1,1,0.0,150.0,0,0,0.0,1,0.0,0.0,0.0,0.0
10095,1-25,0,0,1,1,0.0,117.0,0,0,0.0,1,20.0,11.0,9.0,3.0
10096,26-100,0,0,1,1,0.0,500000.0,1,0,1000.0,1,0.0,0.0,0.0,0.0
10097,101-500,0,0,1,1,0.0,50.0,0,0,50.0,1,2.0,1.0,1.0,0.0
10098,101-500,0,0,1,1,0.0,145.0,0,0,150.0,1,12.0,1.0,2.0,1.0
10099,26-100,0,0,1,1,0.0,500000.0,1,0,10000.0,1,0.0,0.0,0.0,0.0
10100,101-500,0,0,1,1,0.0,50.0,0,0,50.0,1,0.0,0.0,0.0,0.0
10103,500-1000,0,0,2,1,0.0,50.0,0,0,50.0,1,0.0,0.0,0.0,0.0
10104,1-25,0,0,1,1,0.0,50.0,0,0,50.0,1,0.0,0.0,0.0,0.0
10105,26-100,0,0,1,1,0.0,50.0,0,0,50.0,1,0.0,0.0,0.0,0.0
10107,1-25,0,1,1,1,0.0,150.0,0,0,50.0,1,0.0,0.0,0.0,0.0
10108,500-1000,0,0,1,1,1.0,322.0,0,0,50.0,1,74.0,16.0,9.0,45.0
10109,500-1000,0,0,1,1,1.0,50.0,0,0,50.0,1,47.0,1.0,7.0,0.0
10110,26-100,0,0,1,1,0.0,50.0,0,0,50.0,1,0.0,0.0,0.0,0.0
10112,26-100,0,0,2,1,1.0,150.0,0,0,150.0,1,0.0,0.0,0.0,0.0
10114,500-1000,0,0,1,1,1.0,50.0,0,0,50.0,1,0.0,1.0,1.0,0.0
10116,101-500,1,0,1,1,0.0,470.0,0,1,15000.0,1,2.0,1.0,2.0,0.0
10118,1-25,0,0,2,1,0.0,150.0,0,0,0.0,1,0.0,0.0,0.0,0.0
10119,101-500,0,0,1,1,0.0,2150.0,0,0,150.0,1,0.0,1.0,1.0,0.0
10120,1-25,1,0,1,1,1.0,33.0,0,1,15000.0,1,53.0,22.0,18.0,20.0
10121,26-100,1,1,1,1,7.0,375.0,0,1,125000.0,5,572.0,162.0,41.0,270.0
10122,26-100,1,0,1,1,0.0,500000.0,1,1,10000.0,1,17.0,3.0,3.0,8.0
10123,500-1000,0,0,1,1,1.0,221.0,0,0,50.0,1,47.0,6.0,5.0,15.0
10126,1-25,0,0,1,1,0.0,197.0,0,0,200.0,2,1.0,1.0,0.0,1.0
10127,500-1000,0,0,1,1,0.0,150.0,0,0,150.0,1,0.0,0.0,0.0,0.0
10128,101-500,0,0,1,1,0.0,500000.0,1,0,10000.0,1,0.0,0.0,0.0,0.0
10129,101-500,1,0,1,1,1.0,50.0,0,1,15000.0,1,0.0,0.0,0.0,0.0
10130,101-500,0,0,1,1,1.0,50.0,0,0,50.0,1,0.0,0.0,0.0,0.0
10132,500-1000,0,0,1,1,1.0,150.0,0,0,150.0,1,7.0,1.0,1.0,0.0
10138,101-500,0,0,1,1,1.0,30.0,0,0,150.0,1,39.0,5.0,7.0,19.0
10140,101-500,0,0,1,1,1.0,73.0,0,0,150.0,1,23.0,7.0,8.0,4.0
10142,500-1000,0,1,1,1,2.0,5751.0,0,0,50.0,1,73.0,32.0,16.0,59.0
10144,101-500,0,0,1,1,0.0,150.0,0,0,150.0,1,0.0,1.0,2.0,0.0
10145,1-25,0,0,2,1,1.0,31.0,0,0,0.0,1,8.0,3.0,0.0,6.0
10146,26-100,1,0,1,1,0.0,150.0,0,1,25000.0,1,0.0,0.0,0.0,0.0
10147,101-500,0,1,1,1,0.0,150.0,0,0,150.0,1,0.0,1.0,0.0,0.0
10148,1-25,0,0,2,1,0.0,150.0,0,0,0.0,1,0.0,0.0,0.0,0.0
10152,26-100,0,0,1,1,0.0,150.0,0,0,150.0,1,0.0,1.0,1.0,0.0
10153,1-25,0,0,1,1,0.0,150.0,0,0,150.0,1,8.0,1.0,1.0,0.0
10154,101-500,1,0,1,1,0.0,149.0,0,1,25000.0,1,1.0,1.0,1.0,1.0
10155,26-100,0,0,1,1,1.0,195.0,0,0,50.0,1,20.0,4.0,10.0,11.0
10157,1-25,0,0,1,1,1.0,36.0,0,0,0.0,1,26.0,14.0,2.0,14.0
10162,1-25,0,1,1,1,2.0,4074.0,0,0,50.0,1,27.0,8.0,2.0,9.0
10163,500-1000,0,0,1,1,0.0,50.0,0,0,50.0,1,0.0,0.0,0.0,0.0
10164,1-25,0,0,1,1,0.0,50.0,0,0,50.0,1,0.0,0.0,0.0,0.0
10169,1-25,0,0,1,1,0.0,50.0,0,0,100.0,1,0.0,0.0,0.0,0.0
10170,1-25,0,0,1,1,0.0,150.0,0,0,150.0,1,0.0,0.0,0.0,0.0
10171,1-25,0,0,1,1,0.0,150.0,0,0,150.0,1,0.0,0.0,0.0,0.0
10172,26-100,0,0,1,1,2.0,500000.0,1,0,10500.0,6,44.0,11.0,5.0,25.0
10173,500-1000,0,0,1,1,0.0,9922.0,0,0,100.0,1,0.0,3.0,0.0,0.0
10175,1-25,1,0,2,1,0.0,50.0,0,1,15150.0,2,0.0,0.0,0.0,0.0
10177,1-25,0,0,1,1,0.0,50.0,0,0,100.0,1,0.0,0.0,0.0,0.0
10178,1-25,0,0,1,1,0.0,50.0,0,0,100.0,1,0.0,0.0,0.0,0.0
10179,1-25,0,0,1,1,0.0,50.0,0,0,100.0,1,0.0,0.0,0.0,0.0
10180,1-25,0,0,1,1,0.0,50.0,0,0,100.0,1,0.0,0.0,0.0,0.0
10182,1-25,0,0,1,1,0.0,150.0,0,0,100.0,1,0.0,0.0,0.0,0.0
10183,500-1000,0,0,1,1,0.0,162.0,0,0,1100.0,2,0.0,1.0,0.0,0.0
10184,1-25,0,1,1,1,1.0,500000.0,1,0,20800.0,9,81.0,28.0,13.0,48.0
10185,1-25,0,0,2,1,0.0,50.0,0,0,10100.0,3,0.0,1.0,0.0,0.0
10189,More than 1000,1,0,1,1,0.0,47.0,0,1,15000.0,1,0.0,0.0,0.0,0.0
10190,1-25,0,0,1,1,0.0,1050.0,0,0,0.0,1,0.0,1.0,1.0,0.0
10191,500-1000,0,0,1,1,1.0,500000.0,1,0,1000.0,1,6.0,2.0,1.0,2.0
10196,500-1000,1,0,2,1,0.0,500.0,0,1,0.0,1,0.0,0.0,0.0,0.0
10198,26-100,0,0,2,1,0.0,50.0,0,0,100.0,1,0.0,0.0,0.0,0.0
10199,500-1000,0,1,1,1,3.0,9579.0,0,0,0.0,1,422.0,64.0,30.0,255.0
10200,1-25,0,0,1,1,0.0,150.0,0,0,100.0,1,0.0,0.0,0.0,0.0
10201,101-500,0,0,1,1,0.0,500000.0,1,0,10000.0,1,0.0,0.0,0.0,0.0
10202,1-25,1,0,1,1,0.0,500000.0,1,1,10000.0,1,0.0,0.0,0.0,0.0
10203,26-100,0,0,2,1,0.0,50.0,0,0,0.0,1,0.0,0.0,0.0,0.0
10204,26-100,0,0,2,1,0.0,150.0,0,0,0.0,1,0.0,0.0,0.0,0.0
10205,500-1000,0,0,1,1,0.0,50.0,0,0,100.0,1,0.0,0.0,0.0,0.0
10206,1-25,1,0,1,1,1.0,50.0,0,1,0.0,1,1.0,3.0,0.0,0.0
10207,101-500,0,0,1,1,1.0,45.0,0,0,100.0,1,0.0,1.0,1.0,0.0
10211,1-25,0,0,1,1,1.0,49.0,0,0,0.0,1,0.0,1.0,6.0,0.0
10213,1-25,0,0,1,1,0.0,50.0,0,0,0.0,1,0.0,0.0,0.0,0.0
10215,1-25,1,0,2,1,1.0,150.0,0,1,0.0,1,0.0,1.0,2.0,0.0
10216,1-25,1,0,1,1,0.0,50.0,0,1,0.0,1,0.0,1.0,5.0,0.0
10217,1-25,0,0,1,1,0.0,150.0,0,0,0.0,1,0.0,1.0,0.0,0.0
10218,1-25,0,0,1,1,0.0,150.0,0,0,0.0,1,0.0,1.0,0.0,0.0
10220,1-25,0,0,1,1,0.0,50.0,0,0,100.0,1,0.0,0.0,0.0,0.0
10221,1-25,0,0,2,1,0.0,50.0,0,0,100.0,1,0.0,0.0,0.0,0.0
10222,1-25,1,0,1,1,0.0,50.0,0,1,1500.0,1,0.0,0.0,0.0,0.0
10224,1-25,0,0,2,1,0.0,170.0,0,0,0.0,2,0.0,0.0,0.0,0.0
10225,1-25,0,0,1,1,0.0,50.0,0,0,0.0,1,0.0,0.0,0.0,0.0
10226,26-100,0,0,1,1,0.0,50.0,0,0,10.0,1,0.0,0.0,0.0,0.0
10227,1-25,0,0,1,1,0.0,50.0,0,0,100.0,1,0.0,0.0,0.0,0.0
10228,1-25,0,0,1,1,0.0,50.0,0,0,100.0,1,0.0,0.0,0.0,0.0
10229,1-25,0,0,2,1,0.0,50.0,0,0,100.0,1,0.0,0.0,0.0,0.0
10230,1-25,0,0,1,1,0.0,50.0,0,0,100.0,1,0.0,0.0,0.0,0.0
10231,1-25,1,0,2,1,0.0,50.0,0,1,1500.0,1,0.0,0.0,0.0,0.0
10232,500-1000,0,1,1,1,1.0,20.0,0,0,100.0,1,4.0,2.0,3.0,1.0
10234,101-500,0,0,1,1,0.0,18.0,0,0,100.0,1,3.0,1.0,1.0,3.0
10236,101-500,0,0,1,1,0.0,47.0,0,0,350.0,3,1.0,1.0,2.0,1.0
10240,1-25,0,0,1,1,1.0,500000.0,1,0,10000.0,1,9.0,16.0,9.0,6.0
10241,500-1000,0,0,1,1,0.0,8.0,0,0,100.0,1,0.0,1.0,7.0,0.0
10243,1-25,0,0,1,1,0.0,50.0,0,0,100.0,1,0.0,0.0,0.0,0.0
10244,1-25,0,0,1,1,0.0,50.0,0,0,100.0,1,0.0,0.0,0.0,0.0
10246,500-1000,0,0,1,1,1.0,66.0,0,0,150.0,1,36.0,5.0,9.0,19.0
10247,26-100,0,0,1,1,1.0,60998.0,0,0,0.0,1,9.0,1.0,1.0,0.0
10249,101-500,0,0,1,1,0.0,50.0,0,0,100.0,1,0.0,0.0,0.0,0.0
10250,101-500,1,0,1,1,1.0,49.0,0,1,15000.0,1,1.0,1.0,1.0,1.0
10256,1-25,0,0,1,1,1.0,50.0,0,0,100.0,1,0.0,0.0,0.0,0.0
10259,1-25,0,0,1,1,1.0,898.0,0,0,100.0,1,16.0,5.0,10.0,8.0
10260,26-100,0,0,1,1,0.0,50.0,0,0,100.0,1,0.0,0.0,0.0,0.0
10261,101-500,0,0,1,1,1.0,50.0,0,0,100.0,1,0.0,0.0,0.0,0.0
10263,101-500,1,0,1,1,0.0,50.0,0,1,15000.0,1,0.0,0.0,0.0,0.0
10267,1-25,0,0,1,1,1.0,50.0,0,0,100.0,1,0.0,0.0,0.0,0.0
10268,1-25,0,0,1,1,0.0,50.0,0,0,100.0,1,0.0,1.0,1.0,0.0
10269,1-25,0,0,1,1,0.0,50.0,0,0,100.0,1,0.0,0.0,0.0,0.0
10270,101-500,0,0,1,1,0.0,500000.0,1,0,10000.0,1,0.0,1.0,1.0,0.0
10271,101-500,0,0,1,1,1.0,500000.0,1,0,10000.0,1,17.0,5.0,3.0,6.0
10272,26-100,0,0,1,1,0.0,500000.0,1,0,10000.0,1,1.0,1.0,1.0,0.0
10273,1-25,0,0,2,1,0.0,47.0,0,0,0.0,1,6.0,1.0,1.0,1.0
10275,1-25,0,0,1,1,0.0,500000.0,1,0,10000.0,1,0.0,0.0,0.0,0.0
10276,1-25,0,0,1,1,0.0,500000.0,1,0,10000.0,1,0.0,0.0,0.0,0.0
10277,1-25,0,0,1,1,0.0,500000.0,1,0,10000.0,1,0.0,0.0,0.0,0.0
10278,1-25,0,0,1,1,1.0,500000.0,1,0,10000.0,1,0.0,0.0,0.0,0.0
10285,1-25,0,0,1,1,0.0,150.0,0,0,150.0,1,0.0,0.0,0.0,0.0
10287,1-25,0,0,1,1,1.0,244.0,0,0,150.0,2,73.0,5.0,35.0,41.0
10288,1-25,0,0,1,1,0.0,50.0,0,0,100.0,2,0.0,0.0,0.0,0.0
10289,1-25,0,0,1,1,0.0,150.0,0,0,150.0,1,0.0,0.0,0.0,0.0
10290,1-25,0,0,1,1,0.0,500000.0,1,0,10000.0,1,0.0,0.0,0.0,0.0
10291,1-25,0,0,1,1,0.0,150.0,0,0,150.0,1,0.0,0.0,0.0,0.0
10292,1-25,0,0,1,1,0.0,500000.0,1,0,10000.0,1,0.0,0.0,0.0,0.0
10295,1-25,0,0,2,1,0.0,500000.0,1,0,0.0,1,0.0,0.0,0.0,0.0
10296,1-25,0,0,1,1,0.0,500000.0,1,0,10000.0,1,0.0,0.0,0.0,0.0
10297,101-500,0,0,1,1,1.0,1990.0,0,0,100.0,1,26.0,5.0,3.0,4.0
10298,101-500,0,1,1,1,4.0,10355.0,0,0,21050.0,11,240.0,68.0,53.0,136.0
10299,26-100,0,0,1,1,0.0,34.0,0,0,100.0,1,0.0,2.0,1.0,0.0
10300,1-25,0,1,1,1,2.0,26.0,0,0,100.0,2,137.0,23.0,50.0,68.0
10301,1-25,0,0,1,1,1.0,135.0,0,0,150.0,1,4.0,2.0,0.0,2.0
10302,1-25,0,0,1,1,0.0,500000.0,1,0,10000.0,1,0.0,3.0,0.0,0.0
10303,101-500,0,0,1,1,0.0,50.0,0,0,100.0,1,0.0,1.0,0.0,0.0
10304,1-25,0,0,1,1,0.0,10069.0,0,0,100.0,1,0.0,0.0,0.0,0.0
10305,26-100,0,0,1,1,0.0,50.0,0,0,100.0,1,0.0,1.0,0.0,0.0
10307,1-25,0,0,1,1,0.0,50.0,0,0,100.0,1,0.0,0.0,0.0,0.0
10308,1-25,0,0,2,1,0.0,50.0,0,0,100.0,1,0.0,1.0,1.0,0.0
10309,1-25,1,0,1,1,0.0,50.0,0,1,15000.0,1,0.0,0.0,0.0,0.0
10310,1-25,0,0,1,1,0.0,50.0,0,0,100.0,1,0.0,0.0,0.0,0.0
10311,1-25,0,0,1,1,0.0,50.0,0,0,100.0,1,0.0,0.0,0.0,0.0
10312,1-25,0,0,1,1,0.0,150.0,0,0,150.0,1,0.0,0.0,0.0,0.0
10313,1-25,0,1,1,1,1.0,10150.0,0,0,150.0,1,0.0,0.0,0.0,0.0
10315,1-25,0,0,2,1,1.0,550.0,0,0,11350.0,5,0.0,0.0,0.0,0.0
10317,1-25,0,0,1,1,0.0,50.0,0,0,100.0,1,0.0,0.0,0.0,0.0
10318,1-25,0,0,1,1,0.0,50.0,0,0,100.0,1,0.0,0.0,0.0,0.0
10319,1-25,0,0,1,1,0.0,50.0,0,0,0.0,1,0.0,0.0,0.0,0.0
10320,1-25,0,0,2,1,0.0,500000.0,1,0,0.0,1,0.0,0.0,0.0,0.0
10321,26-100,0,0,1,1,0.0,50.0,0,0,100.0,1,0.0,0.0,0.0,0.0
10323,1-25,0,0,1,1,0.0,500000.0,1,0,0.0,1,0.0,0.0,0.0,0.0
10326,1-25,0,0,1,1,0.0,50.0,0,0,100.0,1,0.0,0.0,0.0,0.0
10327,101-500,0,0,1,1,0.0,48.0,0,0,100.0,1,1.0,1.0,0.0,1.0
10328,101-500,0,0,1,1,0.0,50.0,0,0,100.0,1,1.0,1.0,3.0,0.0
10330,500-1000,0,0,1,1,0.0,50.0,0,0,100.0,1,0.0,0.0,0.0,0.0
10331,500-1000,0,0,1,1,0.0,50.0,0,0,100.0,1,0.0,1.0,0.0,0.0
10332,1-25,0,0,1,1,1.0,40.0,0,0,0.0,1,11.0,1.0,3.0,11.0
10334,500-1000,1,0,1,1,0.0,150.0,0,1,250.0,1,0.0,0.0,0.0,0.0
10335,101-500,0,0,1,1,0.0,50.0,0,0,100.0,1,0.0,0.0,0.0,0.0
10336,500-1000,0,0,1,1,0.0,500000.0,1,0,100.0,1,0.0,0.0,0.0,0.0
10337,500-1000,0,0,1,1,1.0,653.0,0,0,100.0,1,2.0,2.0,1.0,2.0
10338,26-100,0,0,1,1,0.0,150.0,0,0,150.0,1,0.0,0.0,0.0,0.0
10339,1-25,0,0,2,1,1.0,141.0,0,0,0.0,2,5.0,1.0,1.0,5.0
10340,101-500,0,0,1,1,0.0,500000.0,1,0,10000.0,1,1.0,1.0,1.0,1.0
10341,26-100,1,0,1,1,0.0,50.0,0,1,15000.0,1,0.0,1.0,1.0,0.0
10342,1-25,0,0,2,1,0.0,200.0,0,0,150.0,2,0.0,0.0,0.0,0.0
10343,26-100,0,0,1,1,1.0,150.0,0,0,150.0,1,2.0,1.0,2.0,0.0
10350,500-1000,0,0,1,1,0.0,50.0,0,0,100.0,1,0.0,0.0,0.0,0.0
10351,500-1000,0,0,1,1,0.0,500000.0,1,0,10000.0,1,0.0,0.0,0.0,0.0
10352,1-25,0,0,1,1,0.0,50.0,0,0,100.0,1,0.0,1.0,1.0,0.0
10354,500-1000,1,0,1,1,0.0,120.0,0,1,1500.0,1,0.0,0.0,0.0,0.0
10356,500-1000,0,0,1,1,1.0,44.0,0,0,100.0,1,1.0,1.0,0.0,1.0
10357,More than 1000,0,0,2,1,0.0,200.0,0,0,150.0,2,0.0,0.0,0.0,0.0
10359,500-1000,0,0,1,1,0.0,500000.0,1,0,20000.0,2,0.0,2.0,0.0,0.0
10360,26-100,0,0,1,1,1.0,50.0,0,0,100.0,1,0.0,1.0,1.0,0.0
10361,26-100,0,0,1,1,1.0,50.0,0,0,100.0,1,0.0,0.0,0.0,0.0
10363,26-100,1,0,1,1,1.0,50.0,0,1,15000.0,1,0.0,0.0,0.0,0.0
10365,101-500,1,0,1,1,0.0,150.0,0,1,25000.0,1,0.0,0.0,0.0,0.0
10366,1-25,0,0,1,1,0.0,150.0,0,0,0.0,1,0.0,0.0,0.0,0.0
10367,1-25,0,0,1,1,0.0,150.0,0,0,150.0,1,0.0,0.0,0.0,0.0
10368,1-25,0,0,2,1,1.0,150.0,0,0,0.0,1,0.0,1.0,5.0,0.0
10372,101-500,0,0,1,1,1.0,150.0,0,0,150.0,1,0.0,2.0,0.0,0.0
10374,1-25,0,0,1,1,0.0,150.0,0,0,150.0,1,0.0,0.0,0.0,0.0
10375,1-25,0,0,2,1,0.0,150.0,0,0,0.0,1,0.0,0.0,0.0,0.0
10376,1-25,0,0,2,1,0.0,300.0,0,0,150.0,2,0.0,0.0,0.0,0.0
10377,1-25,0,0,1,1,0.0,150.0,0,0,150.0,1,0.0,0.0,0.0,0.0
10378,101-500,0,0,1,1,0.0,150.0,0,0,150.0,1,0.0,3.0,0.0,0.0
10379,1-25,0,0,1,1,0.0,150.0,0,0,150.0,1,0.0,0.0,0.0,0.0
10380,1-25,0,0,2,1,0.0,200.0,0,0,150.0,2,0.0,0.0,0.0,0.0
10381,1-25,0,0,1,1,0.0,150.0,0,0,150.0,1,0.0,0.0,0.0,0.0
10382,1-25,0,0,2,1,0.0,220.0,0,0,150.0,3,0.0,0.0,0.0,0.0
10383,26-100,0,0,1,1,0.0,50.0,0,0,100.0,1,0.0,0.0,0.0,0.0
10384,1-25,0,0,2,1,0.0,300.0,0,0,150.0,2,0.0,0.0,0.0,0.0
10385,1-25,0,0,2,1,0.0,150.0,0,0,0.0,1,0.0,0.0,0.0,0.0
10386,26-100,0,0,1,1,0.0,50.0,0,0,100.0,1,0.0,0.0,0.0,0.0
10387,500-1000,0,0,1,1,0.0,47.0,0,0,120.0,1,1.0,1.0,2.0,1.0
10388,101-500,0,0,1,1,1.0,50.0,0,0,100.0,1,0.0,0.0,0.0,0.0
10389,1-25,0,0,1,1,0.0,50.0,0,0,100.0,1,0.0,0.0,0.0,0.0
10390,101-500,0,0,1,1,0.0,50.0,0,0,100.0,1,0.0,0.0,0.0,0.0
10392,26-100,0,0,1,1,0.0,150.0,0,0,150.0,1,0.0,0.0,0.0,0.0
10393,101-500,1,0,1,1,0.0,150.0,0,0,150.0,1,0.0,0.0,0.0,0.0
10394,1-25,0,0,1,1,0.0,150.0,0,0,150.0,1,0.0,0.0,0.0,0.0
10395,1-25,0,0,1,1,0.0,150.0,0,0,150.0,1,0.0,0.0,0.0,0.0
10396,1-25,0,0,1,1,0.0,150.0,0,0,150.0,1,0.0,0.0,0.0,0.0
10397,1-25,0,0,1,1,1.0,772.0,0,0,100.0,1,131.0,17.0,15.0,77.0
10398,1-25,0,0,1,1,1.0,46.0,0,0,100.0,1,0.0,0.0,2.0,0.0
10400,1-25,0,0,1,1,1.0,150.0,0,0,150.0,1,0.0,0.0,0.0,0.0
10402,1-25,0,0,1,1,0.0,49.0,0,0,100.0,1,1.0,1.0,1.0,1.0
10403,1-25,0,0,1,1,0.0,500000.0,1,0,10000.0,1,0.0,0.0,0.0,0.0
10404,1-25,0,0,1,1,0.0,50.0,0,0,100.0,1,0.0,0.0,0.0,0.0
10405,101-500,0,0,1,1,1.0,50.0,0,0,100.0,1,0.0,0.0,0.0,0.0
10407,26-100,0,0,1,1,1.0,150.0,0,0,150.0,1,0.0,0.0,0.0,0.0
10409,1-25,0,1,1,1,2.0,50.0,0,0,100.0,1,0.0,0.0,0.0,0.0
10413,26-100,0,0,1,1,1.0,50.0,0,0,100.0,1,0.0,0.0,0.0,0.0
10415,101-500,0,0,1,1,1.0,150.0,0,0,150.0,1,0.0,1.0,0.0,0.0
10417,1-25,1,1,1,1,0.0,310.0,0,1,17700.0,1,0.0,0.0,0.0,0.0
10418,1-25,0,0,1,1,1.0,49.0,0,0,100.0,1,0.0,1.0,1.0,0.0
10419,1-25,0,0,1,1,0.0,50.0,0,0,100.0,3,0.0,0.0,0.0,0.0
10420,1-25,0,1,1,1,2.0,75.0,0,0,351.0,5,0.0,0.0,0.0,0.0
10423,500-1000,0,1,1,1,3.0,50.0,0,0,100.0,1,0.0,0.0,0.0,0.0
10425,101-500,0,0,1,1,1.0,250.0,0,0,150.0,1,0.0,1.0,1.0,0.0
10430,101-500,0,0,1,1,1.0,20.0,0,0,100.0,1,0.0,0.0,0.0,0.0
10431,1-25,0,0,1,1,0.0,49.0,0,0,100.0,1,1.0,1.0,1.0,1.0
10432,1-25,0,0,1,1,0.0,100.0,0,0,100.0,2,0.0,0.0,0.0,0.0
10435,1-25,0,0,2,1,0.0,150.0,0,0,0.0,1,0.0,0.0,0.0,0.0
10436,1-25,0,0,2,1,0.0,150.0,0,0,0.0,1,0.0,0.0,0.0,0.0
10437,1-25,0,0,2,1,0.0,150.0,0,0,0.0,1,0.0,0.0,0.0,0.0
10438,101-500,0,0,1,1,0.0,30.0,0,0,100.0,1,4.0,1.0,2.0,2.0
10439,26-100,0,0,1,1,0.0,150.0,0,0,150.0,1,1.0,1.0,1.0,0.0
10440,26-100,0,0,2,1,0.0,100.0,0,0,10100.0,2,0.0,0.0,0.0,0.0
10441,101-500,1,0,1,1,0.0,150.0,0,1,25000.0,1,0.0,0.0,0.0,0.0
10442,26-100,0,0,1,1,2.0,629.0,0,0,150.0,1,70.0,13.0,5.0,43.0
10444,1-25,0,0,1,1,1.0,500000.0,1,0,10250.0,3,12.0,3.0,2.0,7.0
10445,101-500,0,0,1,1,0.0,150.0,0,0,150.0,1,0.0,0.0,0.0,0.0
10446,1-25,0,0,1,1,0.0,500000.0,1,0,10000.0,1,0.0,0.0,0.0,0.0
10448,26-100,0,0,1,1,1.0,50.0,0,0,100.0,1,0.0,1.0,1.0,0.0
10452,101-500,0,0,1,1,1.0,150.0,0,0,150.0,1,0.0,0.0,0.0,0.0
10456,1-25,0,0,1,1,0.0,50.0,0,0,100.0,1,0.0,0.0,0.0,0.0
10457,101-500,0,0,1,1,0.0,500000.0,1,0,10000.0,1,0.0,1.0,1.0,0.0
10459,500-1000,1,0,1,1,0.0,50.0,0,0,100.0,1,0.0,0.0,0.0,0.0
10460,26-100,0,0,1,1,0.0,150.0,0,0,150.0,1,1.0,1.0,0.0,0.0
10462,1-25,0,0,1,1,2.0,1196.0,0,0,250.0,2,183.0,26.0,20.0,103.0
10466,26-100,0,0,1,1,1.0,50.0,0,0,100.0,1,0.0,0.0,0.0,0.0
10467,1-25,0,0,1,1,0.0,828.0,0,0,0.0,1,20.0,4.0,1.0,11.0
10473,1-25,0,0,1,1,0.0,500000.0,1,0,10000.0,1,0.0,0.0,0.0,0.0
10474,1-25,0,0,1,1,0.0,500000.0,1,0,20000.0,2,0.0,3.0,0.0,0.0
10475,101-500,0,0,1,1,0.0,50.0,0,0,100.0,1,0.0,0.0,0.0,0.0
10476,101-500,0,0,1,1,0.0,50.0,0,0,100.0,1,0.0,0.0,0.0,0.0
10477,1-25,0,0,1,1,0.0,150.0,0,0,0.0,1,0.0,0.0,0.0,0.0
10478,1-25,0,0,1,1,0.0,50.0,0,0,0.0,1,0.0,0.0,0.0,0.0
10479,1-25,0,1,1,1,2.0,30.0,0,0,0.0,1,9.0,3.0,2.0,2.0
10481,101-500,0,0,1,1,0.0,50.0,0,0,100.0,1,0.0,0.0,0.0,0.0
10482,101-500,0,0,1,1,1.0,0.0,0,0,100.0,1,25.0,7.0,4.0,8.0
10489,101-500,0,0,1,1,1.0,500000.0,1,0,10100.0,2,25.0,3.0,5.0,14.0
10491,500-1000,0,0,1,1,0.0,150.0,0,0,150.0,1,0.0,11.0,0.0,0.0
10492,More than 1000,0,0,1,1,1.0,500000.0,1,0,10000.0,1,3.0,2.0,0.0,3.0
10495,101-500,1,0,1,1,0.0,50.0,0,1,15000.0,1,0.0,0.0,0.0,0.0
10496,26-100,0,0,1,1,1.0,80.0,0,0,100.0,1,46.0,8.0,7.0,22.0
10497,26-100,1,0,1,1,0.0,50.0,0,1,15000.0,1,0.0,0.0,0.0,0.0
10498,1-25,1,0,1,1,0.0,150.0,0,1,25000.0,1,0.0,0.0,0.0,0.0
10499,1-25,0,0,1,1,1.0,161.0,0,0,250.0,2,14.0,2.0,2.0,4.0
10503,26-100,0,0,1,1,0.0,50.0,0,0,100.0,1,0.0,0.0,0.0,0.0
10505,1-25,0,0,1,1,0.0,50.0,0,0,100.0,1,0.0,0.0,0.0,0.0
10506,1-25,0,0,1,1,0.0,200.0,0,0,250.0,2,0.0,0.0,0.0,0.0
10507,1-25,0,0,1,1,0.0,500000.0,1,0,10000.0,1,0.0,0.0,0.0,0.0
10508,1-25,1,0,1,1,0.0,50.0,0,1,15000.0,1,0.0,0.0,0.0,0.0
10509,1-25,1,0,1,1,0.0,500000.0,1,1,1000.0,1,0.0,0.0,0.0,0.0
10510,26-100,0,0,1,1,0.0,50.0,0,0,100.0,1,0.0,0.0,0.0,0.0
10511,26-100,0,0,1,1,0.0,500000.0,1,0,10000.0,1,0.0,0.0,0.0,0.0
10512,101-500,0,0,1,1,0.0,50.0,0,0,100.0,1,0.0,0.0,0.0,0.0
10513,101-500,0,0,1,1,0.0,50.0,0,0,100.0,1,0.0,0.0,0.0,0.0
10514,101-500,0,0,1,1,0.0,50.0,0,0,100.0,1,0.0,0.0,0.0,0.0
10515,101-500,0,0,1,1,0.0,50.0,0,0,100.0,1,0.0,0.0,0.0,0.0
10516,1-25,0,0,1,1,0.0,50.0,0,0,0.0,1,0.0,0.0,0.0,0.0
10517,1-25,0,0,1,1,0.0,50.0,0,0,0.0,1,0.0,0.0,0.0,0.0
10518,1-25,0,0,1,1,0.0,150.0,0,0,0.0,1,0.0,0.0,1.0,0.0
10519,101-500,0,0,1,1,0.0,150.0,0,0,250.0,2,0.0,1.0,1.0,0.0
10521,1-25,0,0,1,1,1.0,500000.0,1,0,10000.0,2,24.0,1.0,16.0,7.0
10522,1-25,0,0,1,1,0.0,50.0,0,0,0.0,1,12.0,1.0,1.0,0.0
10523,1-25,1,0,1,1,1.0,47.0,0,1,55000.0,3,2.0,1.0,1.0,0.0
10524,26-100,1,0,1,1,0.0,149.0,0,1,25000.0,1,1.0,1.0,1.0,1.0
10525,26-100,1,0,1,1,0.0,500000.0,1,1,10000.0,1,1.0,1.0,1.0,0.0
10526,101-500,0,0,1,1,0.0,500000.0,1,0,10000.0,1,9.0,4.0,3.0,2.0
10528,26-100,0,0,1,1,0.0,50.0,0,0,100.0,1,1.0,1.0,1.0,0.0
10529,1-25,0,0,1,1,0.0,35.0,0,0,100.0,1,3.0,1.0,2.0,3.0
10530,1-25,0,0,1,1,0.0,147.0,0,0,0.0,1,3.0,3.0,5.0,1.0
10531,26-100,0,0,1,1,0.0,50.0,0,0,100.0,1,0.0,0.0,0.0,0.0
10533,1-25,0,0,1,1,0.0,49.0,0,0,0.0,1,2.0,2.0,2.0,1.0
10536,1-25,0,0,1,1,0.0,48.0,0,0,0.0,1,2.0,1.0,1.0,2.0
