catcher_id,jobma_catcher_status,jobma_catcher_type,is_premium,subscription_status,sub_user,per_sub_user,subscription_type,referral_credit,company_size,ai_live_interview,days_since_creation
92,1.0,1,1,2,105,100,0,0,1-25,0,3072
106,0.0,0,1,2,105,100,0,0,1-25,0,4517
124,1.0,0,1,2,105,100,0,0,1-25,0,4175
125,1.0,0,1,2,105,100,0,0,1-25,0,4172
126,1.0,0,1,2,105,100,0,0,1-25,0,4168
127,1.0,0,1,2,105,100,0,0,1-25,0,4162
128,1.0,0,1,2,105,100,0,0,1-25,0,4159
129,1.0,0,1,2,105,100,0,0,1-25,0,4157
130,1.0,0,1,2,105,100,0,0,1-25,0,4151
131,1.0,0,1,2,105,100,0,0,1-25,0,4123
132,1.0,0,1,2,105,100,0,0,1-25,0,4123
133,1.0,0,1,2,105,100,0,0,1-25,0,4123
134,1.0,0,1,2,105,100,0,0,1-25,0,4123
136,1.0,0,1,2,105,100,0,0,1-25,0,4123
137,1.0,0,1,2,105,100,0,0,1-25,0,4122
138,1.0,0,1,2,105,100,0,0,1-25,0,4122
143,1.0,0,1,2,105,100,0,0,1-25,0,4115
148,1.0,0,1,2,105,100,0,0,1-25,0,4100
151,0.0,0,1,2,105,100,0,0,1-25,0,4099
159,0.0,0,1,2,105,100,0,0,1-25,0,4094
252,1.0,0,1,2,105,100,0,0,1-25,0,3995
256,0.0,0,1,2,105,100,0,0,1-25,0,3995
260,0.0,0,1,2,105,100,0,0,1-25,0,3985
262,0.0,0,1,2,105,100,0,0,1-25,0,3977
263,1.0,0,1,2,105,100,0,0,1-25,0,3975
264,0.0,0,1,2,105,100,0,0,1-25,0,3972
265,1.0,0,1,2,105,100,0,0,1-25,0,3972
266,0.0,0,1,2,105,100,0,0,1-25,0,3959
267,0.0,0,1,2,105,100,0,0,1-25,0,3959
268,0.0,0,1,2,105,100,0,0,1-25,0,3958
269,0.0,0,1,2,105,100,0,0,1-25,0,3957
270,0.0,0,1,2,105,100,0,0,1-25,0,3957
271,0.0,0,1,2,105,100,0,0,1-25,0,3956
272,1.0,0,1,2,105,100,0,0,1-25,0,3956
273,0.0,0,1,2,105,100,0,0,1-25,0,3955
274,0.0,0,1,2,105,100,0,0,1-25,0,3954
275,0.0,0,1,2,105,100,0,0,1-25,0,3954
276,0.0,0,1,2,105,100,0,0,1-25,0,3953
277,0.0,0,1,2,105,100,0,0,1-25,0,3952
278,0.0,0,1,2,105,100,0,0,1-25,0,3951
279,0.0,0,1,2,105,100,0,0,1-25,0,3947
280,0.0,0,1,2,105,100,0,0,1-25,0,3947
281,0.0,0,1,2,105,100,0,0,1-25,0,3947
282,0.0,0,1,2,105,100,0,0,1-25,0,3947
283,1.0,0,1,2,105,100,0,0,1-25,0,3942
284,0.0,0,1,2,105,100,0,0,1-25,0,3939
286,1.0,0,1,2,105,100,0,0,1-25,0,3938
288,1.0,0,1,2,105,100,0,0,1-25,0,3923
294,1.0,0,1,2,105,100,0,0,1-25,0,3896
297,0.0,0,1,2,105,100,0,0,1-25,0,3883
298,0.0,0,1,2,105,100,0,0,1-25,0,3883
299,1.0,0,1,2,105,100,0,0,1-25,0,3878
303,0.0,0,1,2,105,100,0,0,1-25,0,3842
307,0.0,0,1,2,105,100,0,0,1-25,0,3835
308,0.0,0,1,2,105,100,0,0,1-25,0,3834
309,0.0,0,1,2,105,100,0,0,1-25,0,3828
310,0.0,0,1,2,105,100,0,0,1-25,0,3811
313,0.0,0,1,2,105,100,0,0,1-25,0,3766
314,1.0,0,1,2,105,100,0,0,1-25,0,3761
315,0.0,0,1,2,105,100,0,0,1-25,0,3758
318,0.0,0,1,2,105,100,0,0,1-25,0,3757
319,0.0,0,1,2,105,100,0,0,1-25,0,3756
321,1.0,0,1,2,105,100,0,0,1-25,0,3755
322,1.0,0,1,2,105,100,0,0,1-25,0,3751
326,1.0,0,1,2,105,100,0,0,1-25,0,3700
327,0.0,0,1,2,105,100,0,0,1-25,0,3699
328,0.0,0,1,2,105,100,0,0,1-25,0,3696
329,0.0,0,1,2,105,100,0,0,1-25,0,3696
330,1.0,0,1,2,105,100,0,0,1-25,0,3693
331,0.0,0,1,2,105,100,0,0,1-25,0,3681
333,0.0,0,1,2,105,100,0,0,1-25,0,3678
335,0.0,0,1,2,105,100,0,0,1-25,0,3668
336,0.0,0,1,2,105,100,0,0,1-25,0,3667
337,0.0,0,1,2,105,100,0,0,1-25,0,3666
352,0.0,0,1,2,105,100,0,0,1-25,0,3642
353,1.0,0,1,2,105,100,0,0,1-25,0,3631
355,1.0,0,1,2,105,100,0,0,1-25,0,3626
356,0.0,0,1,2,105,100,0,0,1-25,0,3625
359,0.0,0,1,2,105,100,0,0,1-25,0,3622
360,0.0,0,1,2,105,100,0,0,1-25,0,3619
363,1.0,0,1,2,105,100,0,0,1-25,0,3617
372,0.0,0,1,2,105,100,0,0,1-25,0,3609
373,0.0,0,1,2,105,100,0,0,1-25,0,3609
379,0.0,0,1,2,105,100,0,0,1-25,0,3598
384,1.0,0,1,2,105,100,0,0,1-25,0,3594
385,1.0,0,1,2,105,100,0,0,1-25,0,3591
387,1.0,0,1,2,105,100,0,0,1-25,0,3582
389,1.0,0,1,2,105,100,0,0,1-25,0,3581
392,0.0,0,1,2,105,100,0,0,1-25,0,3577
395,0.0,0,1,2,105,100,0,0,1-25,0,3574
396,0.0,0,1,2,105,100,0,0,1-25,0,3571
404,1.0,0,1,2,105,100,0,0,1-25,0,3566
414,1.0,0,1,2,105,100,0,0,1-25,0,3554
427,0.0,0,1,2,105,100,0,0,1-25,0,3546
428,1.0,0,1,2,105,100,0,0,1-25,0,3541
431,1.0,0,1,2,105,100,0,0,1-25,0,3539
433,1.0,0,1,2,105,100,0,0,1-25,0,3535
434,0.0,0,1,2,105,100,0,0,1-25,0,3535
437,1.0,0,1,2,105,100,0,0,1-25,0,3533
440,1.0,0,1,2,105,100,0,0,1-25,0,3529
443,1.0,0,1,2,105,100,0,0,1-25,0,3526
446,1.0,0,1,2,105,100,0,0,1-25,0,3523
447,0.0,0,1,2,105,100,0,0,1-25,0,3523
456,0.0,0,1,2,105,100,0,0,1-25,0,3517
457,0.0,0,1,2,105,100,0,0,1-25,0,3516
466,1.0,0,1,2,105,100,0,0,1-25,0,3506
467,1.0,0,1,2,105,100,0,0,1-25,0,3506
476,0.0,0,1,2,105,100,0,0,1-25,0,3487
481,0.0,0,1,2,105,100,0,0,1-25,0,3481
482,0.0,0,1,2,105,100,0,0,1-25,0,3479
488,1.0,0,1,2,105,100,0,0,1-25,0,3471
500,0.0,0,1,2,105,100,0,0,1-25,0,3463
504,0.0,0,1,2,105,100,0,0,1-25,0,3461
508,0.0,0,1,2,105,100,0,0,1-25,0,3457
514,1.0,0,1,2,105,100,0,0,1-25,0,3451
516,1.0,0,1,2,105,100,0,0,1-25,0,3450
518,1.0,0,1,2,105,100,0,0,1-25,0,3443
521,1.0,0,1,2,105,100,0,0,1-25,0,3440
527,0.0,0,1,2,105,100,0,0,1-25,0,3433
528,0.0,0,1,2,105,100,0,0,1-25,0,3431
530,0.0,0,1,2,105,100,0,0,1-25,0,3426
531,1.0,0,1,2,105,100,0,0,1-25,0,3420
532,0.0,0,1,2,105,100,0,0,1-25,0,3420
533,0.0,0,1,2,105,100,0,0,1-25,0,3416
546,0.0,0,1,2,105,100,0,0,1-25,0,3415
549,0.0,0,1,2,105,100,0,0,1-25,0,3402
551,0.0,0,1,2,105,100,0,0,1-25,0,3398
552,1.0,0,1,2,105,100,0,0,1-25,0,3395
553,0.0,0,1,2,105,100,0,0,1-25,0,3395
554,0.0,0,1,2,105,100,0,0,1-25,0,3391
555,0.0,0,1,2,105,100,0,0,1-25,0,3388
556,1.0,0,1,2,105,100,0,0,1-25,0,3387
560,0.0,0,1,2,105,100,0,0,1-25,0,3386
561,0.0,0,1,2,105,100,0,0,1-25,0,3381
565,1.0,0,1,2,105,100,0,0,1-25,0,3376
566,0.0,0,1,2,105,100,0,0,1-25,0,3374
567,0.0,0,1,2,105,100,0,0,1-25,0,3372
568,0.0,0,1,2,105,100,0,0,1-25,0,3370
569,0.0,0,1,2,105,100,0,0,1-25,0,3367
570,0.0,0,1,2,105,100,0,0,1-25,0,3367
571,0.0,0,1,2,105,100,0,0,1-25,0,3367
572,0.0,0,1,2,105,100,0,0,1-25,0,3366
573,0.0,0,1,2,105,100,0,0,1-25,0,3347
574,0.0,0,1,2,105,100,0,0,1-25,0,3347
579,0.0,0,1,2,105,100,0,0,1-25,0,3342
580,1.0,0,1,2,105,100,0,0,1-25,0,3336
581,1.0,0,1,2,105,100,0,0,1-25,0,3328
582,0.0,0,1,2,105,100,0,0,1-25,0,3328
583,1.0,0,1,2,105,100,0,0,1-25,0,3324
584,1.0,0,1,2,105,100,0,0,1-25,0,3324
585,1.0,0,1,2,105,100,0,0,1-25,0,3316
586,1.0,0,1,2,105,100,0,0,1-25,0,3315
587,0.0,0,1,2,105,100,0,0,1-25,0,3304
588,0.0,0,1,2,105,100,0,0,1-25,0,3304
589,1.0,0,1,2,105,100,0,0,1-25,0,3302
590,1.0,0,1,2,105,100,0,0,1-25,0,3301
591,0.0,0,1,2,105,100,0,0,1-25,0,3301
592,1.0,0,1,2,105,100,0,0,1-25,0,3300
593,0.0,0,1,2,105,100,0,0,1-25,0,3298
594,0.0,0,1,2,105,100,0,0,1-25,0,3296
595,1.0,0,1,2,105,100,0,0,1-25,0,3294
596,1.0,0,1,2,105,100,0,0,1-25,0,3289
597,0.0,0,1,2,105,100,0,0,1-25,0,3289
598,0.0,0,1,2,105,100,0,0,1-25,0,3288
599,0.0,0,1,2,105,100,0,0,1-25,0,3287
601,1.0,0,1,2,105,100,0,0,1-25,0,3280
602,0.0,0,1,2,105,100,0,0,1-25,0,3280
603,0.0,0,1,2,105,100,0,0,1-25,0,3279
605,0.0,0,1,2,105,100,0,0,1-25,0,3276
606,0.0,0,1,2,105,100,0,0,1-25,0,3270
607,0.0,0,1,2,105,100,0,0,1-25,0,3267
608,0.0,0,1,2,105,100,0,0,1-25,0,3263
609,0.0,0,1,2,105,100,0,0,1-25,0,3262
610,0.0,0,1,2,105,100,0,0,1-25,0,3259
611,0.0,0,1,2,105,100,0,0,1-25,0,3258
612,1.0,0,1,2,105,100,0,0,1-25,0,3254
614,0.0,0,1,2,105,100,0,0,1-25,0,3252
615,0.0,0,1,2,105,100,0,0,1-25,0,3247
616,0.0,0,1,2,105,100,0,0,1-25,0,3246
619,1.0,0,1,2,105,100,0,0,1-25,0,3245
621,0.0,0,1,2,105,100,0,0,1-25,0,3241
623,0.0,0,1,2,105,100,0,0,1-25,0,3241
625,0.0,0,1,2,105,100,0,0,1-25,0,3238
626,0.0,0,1,2,105,100,0,0,1-25,0,3236
630,0.0,0,1,2,105,100,0,0,1-25,0,3226
631,0.0,0,1,2,105,100,0,0,1-25,0,3225
633,1.0,0,1,2,105,100,0,0,1-25,0,3218
634,0.0,0,1,2,105,100,0,0,1-25,0,3217
635,0.0,0,1,2,105,100,0,0,1-25,0,3217
636,0.0,0,1,2,105,100,0,0,1-25,0,3215
637,1.0,0,1,2,105,100,0,0,1-25,0,3212
638,1.0,0,1,2,105,100,0,0,1-25,0,3210
639,1.0,0,1,2,105,100,0,0,1-25,0,3209
641,1.0,0,1,2,105,100,0,0,1-25,0,3204
642,0.0,0,1,2,105,100,0,0,1-25,0,3203
643,1.0,0,1,2,105,100,0,0,1-25,0,3191
644,0.0,0,1,2,105,100,0,0,1-25,0,3190
645,0.0,0,1,2,105,100,0,0,1-25,0,3188
649,0.0,0,1,2,105,100,0,0,1-25,0,3170
650,0.0,0,1,2,105,100,0,0,1-25,0,3170
651,0.0,0,1,2,105,100,0,0,1-25,0,3166
652,1.0,0,1,2,105,100,0,0,1-25,0,3164
653,0.0,0,1,2,105,100,0,0,1-25,0,3163
654,0.0,0,1,2,105,100,0,0,1-25,0,3162
655,1.0,0,1,2,105,100,0,0,1-25,0,3162
656,0.0,0,1,2,105,100,0,0,1-25,0,3160
657,1.0,0,1,2,105,100,0,0,1-25,0,3155
658,0.0,0,1,2,105,100,0,0,1-25,0,3153
659,0.0,0,1,2,105,100,0,0,1-25,0,3152
660,0.0,0,1,2,105,100,0,0,1-25,0,3148
664,0.0,0,1,2,105,100,0,0,1-25,0,3136
668,0.0,0,1,2,105,100,0,0,1-25,0,3133
675,1.0,0,1,2,105,100,0,0,1-25,0,3122
687,0.0,0,1,2,105,100,0,0,1-25,0,3109
688,1.0,0,1,2,105,100,0,0,1-25,0,3108
692,1.0,0,1,2,105,100,0,0,1-25,0,3097
707,1.0,0,1,2,105,100,0,0,1-25,0,3086
708,1.0,0,1,2,105,100,0,0,1-25,0,3086
709,1.0,0,1,2,105,100,0,0,1-25,0,3085
710,1.0,0,1,2,105,100,0,0,1-25,0,3085
724,1.0,0,1,2,105,100,0,0,1-25,0,3083
725,1.0,0,1,2,105,100,0,0,1-25,0,3078
726,1.0,0,1,2,105,100,0,0,1-25,0,3078
728,1.0,0,1,2,105,100,0,0,1-25,0,3076
730,1.0,0,1,2,105,100,0,0,1-25,0,3072
731,1.0,0,1,2,105,100,0,0,1-25,0,3071
732,1.0,0,1,2,105,100,0,0,1-25,0,3070
737,0.0,0,1,2,105,100,0,0,1-25,0,3070
741,0.0,0,1,2,105,100,0,0,1-25,0,3068
742,0.0,0,1,2,105,100,0,0,1-25,0,3064
746,1.0,0,1,2,105,100,0,0,1-25,0,3064
749,1.0,0,1,2,105,100,0,0,1-25,0,3064
755,1.0,0,1,2,105,100,0,0,1-25,0,3058
758,1.0,0,1,2,105,100,0,0,1-25,0,3053
759,1.0,0,1,2,105,100,0,0,1-25,0,3050
760,1.0,0,1,2,105,100,0,0,1-25,0,3045
761,1.0,0,1,2,105,100,0,0,1-25,0,3044
763,1.0,0,1,2,105,100,0,0,1-25,0,3041
764,1.0,0,1,2,105,100,0,0,1-25,0,3040
767,1.0,0,1,2,105,100,0,0,1-25,0,3035
768,1.0,0,1,2,105,100,0,0,1-25,0,3035
769,1.0,0,1,2,105,100,0,0,1-25,0,3033
771,0.0,0,1,2,105,100,0,0,1-25,0,3029
772,1.0,0,1,2,105,100,0,0,1-25,0,3029
773,1.0,0,1,2,105,100,0,0,1-25,0,3026
774,1.0,0,1,2,105,100,0,0,1-25,0,3024
775,1.0,0,1,2,105,100,0,0,1-25,0,3024
778,1.0,0,1,2,105,100,0,0,1-25,0,3017
780,1.0,0,1,2,105,100,0,0,1-25,0,3016
781,1.0,0,1,2,105,100,0,0,1-25,0,3015
782,1.0,0,1,2,105,100,0,0,1-25,0,3013
783,1.0,0,1,2,105,100,0,0,1-25,0,3013
784,1.0,0,1,2,105,100,0,0,1-25,0,3009
785,1.0,0,1,2,105,100,0,0,1-25,0,3006
788,1.0,0,1,2,105,100,0,0,1-25,0,3001
789,0.0,0,1,2,105,100,0,0,1-25,0,3000
790,1.0,0,1,2,105,100,0,0,1-25,0,2999
791,1.0,0,1,2,105,100,0,0,1-25,0,2999
792,1.0,0,1,2,105,100,0,0,1-25,0,2998
793,1.0,0,1,2,105,100,0,0,1-25,0,2998
794,1.0,0,1,2,105,100,0,0,1-25,0,2996
795,1.0,0,1,2,105,100,0,0,1-25,0,2996
796,1.0,0,1,2,105,100,0,0,1-25,0,2994
799,0.0,0,1,2,105,100,0,0,1-25,0,2972
800,0.0,0,1,2,105,100,0,0,1-25,0,2964
801,0.0,0,1,2,105,100,0,0,1-25,0,2956
802,0.0,0,1,2,105,100,0,0,1-25,0,2954
803,0.0,0,1,2,105,100,0,0,1-25,0,2950
804,1.0,0,1,2,105,100,0,0,1-25,0,2950
805,0.0,0,1,2,105,100,0,0,1-25,0,2947
806,1.0,0,1,2,105,100,0,0,1-25,0,2937
808,0.0,0,1,2,105,100,0,0,1-25,0,2929
814,1.0,0,1,2,105,100,0,0,1-25,0,2923
815,1.0,0,1,2,105,100,0,0,1-25,0,2917
816,1.0,0,1,2,105,100,0,0,1-25,0,2908
817,1.0,0,1,2,105,100,0,0,1-25,0,2907
818,1.0,0,1,2,105,100,0,0,1-25,0,2903
819,1.0,0,1,2,105,100,0,0,1-25,0,2895
821,1.0,0,1,2,105,100,0,0,1-25,0,2888
822,1.0,0,1,2,105,100,0,0,1-25,0,2888
823,1.0,0,1,2,105,100,0,0,1-25,0,2883
824,1.0,0,1,2,105,100,0,0,1-25,0,2877
825,1.0,0,1,2,105,100,0,0,1-25,0,2877
826,1.0,0,1,2,105,100,0,0,1-25,0,2874
827,1.0,0,1,2,105,100,0,0,1-25,0,2873
828,0.0,0,1,2,105,100,0,0,1-25,0,2871
829,1.0,0,1,2,105,100,0,0,1-25,0,2870
830,1.0,0,1,2,105,100,0,0,1-25,0,2870
832,1.0,0,1,2,105,100,0,0,1-25,0,2863
833,1.0,1,1,2,105,100,0,0,1-25,0,2861
834,1.0,0,1,2,105,100,0,0,1-25,0,2856
837,1.0,0,1,2,105,100,0,0,1-25,0,2854
838,0.0,0,1,2,105,100,0,0,1-25,0,2849
839,0.0,0,1,2,105,100,0,0,1-25,0,2848
840,1.0,0,1,2,105,100,0,0,1-25,0,2841
841,1.0,0,1,2,105,100,0,0,1-25,0,2841
842,0.0,0,1,2,105,100,0,0,1-25,0,2839
843,0.0,0,1,2,105,100,0,0,1-25,0,2834
844,1.0,0,1,2,105,100,0,0,1-25,0,2831
845,0.0,0,1,2,105,100,0,0,1-25,0,2828
847,0.0,0,1,2,105,100,0,0,1-25,0,2825
851,0.0,0,1,2,105,100,0,0,1-25,0,2825
852,1.0,0,1,2,105,100,0,0,1-25,0,2822
853,0.0,0,1,2,105,100,0,0,1-25,0,2821
855,0.0,0,1,2,105,100,0,0,1-25,0,2804
859,1.0,0,1,2,105,100,0,0,1-25,0,2799
871,1.0,1,1,2,105,100,0,0,1-25,0,2957
876,1.0,0,1,2,105,100,0,0,1-25,0,2783
877,0.0,0,1,2,105,100,0,0,1-25,0,2783
878,0.0,0,1,2,105,100,0,0,1-25,0,2783
886,0.0,0,1,2,105,100,0,0,1-25,0,2765
888,1.0,0,1,2,105,100,0,0,1-25,0,2757
889,1.0,0,1,2,105,100,0,0,1-25,0,2757
895,1.0,0,1,2,105,100,0,0,1-25,0,2728
898,0.0,1,1,2,105,100,0,0,1-25,0,2726
899,0.0,1,1,2,105,100,0,0,1-25,0,2726
901,0.0,1,1,2,105,100,0,0,1-25,0,2723
903,0.0,1,1,2,105,100,0,0,1-25,0,2723
904,0.0,1,1,2,105,100,0,0,1-25,0,2723
905,1.0,1,1,2,105,100,0,0,1-25,0,2722
908,0.0,1,1,2,105,100,0,0,1-25,0,2719
910,0.0,1,1,2,105,100,0,0,1-25,0,2714
913,1.0,1,1,2,105,100,0,0,1-25,0,2703
914,0.0,1,1,2,105,100,0,0,1-25,0,2702
915,0.0,1,1,2,105,100,0,0,1-25,0,2702
918,0.0,1,1,2,105,100,0,0,1-25,0,2700
919,1.0,1,1,2,105,100,0,0,1-25,0,2699
920,1.0,1,1,2,105,100,0,0,1-25,0,2699
921,0.0,1,1,2,105,100,0,0,1-25,0,2699
922,0.0,1,1,2,105,100,0,0,1-25,0,2698
923,0.0,1,1,2,105,100,0,0,1-25,0,2694
929,1.0,0,1,2,105,100,0,0,1-25,0,2680
930,1.0,0,1,2,105,100,0,0,1-25,0,2680
932,0.0,0,1,2,105,100,0,0,1-25,0,2680
933,1.0,0,1,2,105,100,0,0,1-25,0,2679
935,1.0,0,1,2,105,100,0,0,1-25,0,2672
936,1.0,0,1,2,105,100,0,0,1-25,0,2672
937,1.0,0,1,2,105,100,0,0,1-25,0,2671
938,0.0,0,1,2,105,100,0,0,1-25,0,2671
939,1.0,0,1,2,105,100,0,0,1-25,0,2670
940,1.0,0,1,2,105,100,0,0,1-25,0,2670
941,1.0,1,1,2,105,100,0,0,1-25,0,2657
942,1.0,1,1,2,105,100,0,0,1-25,0,2652
943,1.0,1,1,2,105,100,0,0,1-25,0,2651
945,1.0,1,1,2,105,100,0,0,1-25,0,2645
953,1.0,1,1,2,105,100,0,0,1-25,0,2637
954,1.0,1,1,2,105,100,0,0,1-25,0,2637
955,1.0,1,1,2,105,100,0,0,1-25,0,2637
956,1.0,1,1,2,105,100,0,0,1-25,0,2637
958,1.0,1,1,2,105,100,0,0,1-25,0,2631
959,1.0,1,1,2,105,100,0,0,1-25,0,2631
963,0.0,0,1,2,105,100,0,0,1-25,0,2631
977,0.0,0,1,2,105,100,0,0,1-25,0,2631
980,0.0,0,1,2,105,100,0,0,1-25,0,2629
982,1.0,1,1,2,105,100,0,0,1-25,0,2610
984,1.0,1,1,2,105,100,0,0,1-25,0,2603
986,1.0,1,1,2,105,100,0,0,1-25,0,2603
987,1.0,1,1,2,105,100,0,0,1-25,0,2603
989,1.0,1,1,2,105,100,0,0,1-25,0,2603
1000,1.0,1,1,2,105,100,0,0,1-25,0,2597
1001,1.0,1,1,2,105,100,0,0,1-25,0,2596
1002,1.0,1,1,2,105,100,0,0,1-25,0,2596
1003,1.0,1,1,2,105,100,0,0,1-25,0,2596
1004,1.0,1,1,2,105,100,0,0,1-25,0,2596
1005,1.0,1,1,2,105,100,0,0,1-25,0,2596
1006,1.0,1,1,2,105,100,0,0,1-25,0,2596
1007,1.0,1,1,2,105,100,0,0,1-25,0,2596
1009,1.0,1,1,2,105,100,0,0,1-25,0,2593
1010,1.0,1,1,2,105,100,0,0,1-25,0,2593
1011,1.0,1,1,2,105,100,0,0,1-25,0,2593
1012,1.0,1,1,2,105,100,0,0,1-25,0,2593
1013,1.0,1,1,2,105,100,0,0,1-25,0,2590
1014,1.0,0,1,2,105,100,0,0,1-25,0,2590
1015,1.0,1,1,2,105,100,0,0,1-25,0,2590
1017,1.0,1,1,2,105,100,0,0,1-25,0,2589
1018,1.0,1,1,2,105,100,0,0,1-25,0,2588
1019,1.0,1,1,0,105,100,0,0,1-25,0,2588
1021,1.0,1,1,2,105,100,0,0,1-25,0,2552
1022,1.0,1,1,2,105,100,0,0,1-25,0,2582
1023,1.0,1,1,2,105,100,0,0,1-25,0,2582
1024,1.0,1,1,2,105,100,0,0,1-25,0,2582
1025,1.0,1,1,2,105,100,0,0,1-25,0,2582
1026,1.0,1,1,2,105,100,0,0,1-25,0,2581
1027,1.0,1,1,2,105,100,0,0,1-25,0,2581
1028,1.0,1,1,2,105,100,0,0,1-25,0,2581
1029,1.0,1,1,2,105,100,0,0,1-25,0,2581
1030,1.0,1,1,2,105,100,0,0,1-25,0,2581
1033,1.0,1,1,2,105,100,0,0,1-25,0,2576
1034,1.0,1,1,2,105,100,0,0,1-25,0,2576
1035,1.0,1,1,2,105,100,0,0,1-25,0,2576
1036,1.0,1,1,2,105,100,0,0,1-25,0,2575
1037,1.0,1,1,2,105,100,0,0,1-25,0,2575
1038,1.0,1,1,2,105,100,0,0,1-25,0,2574
1039,0.0,1,1,2,105,100,0,0,1-25,0,2574
1040,1.0,1,1,2,105,100,0,0,1-25,0,2566
1041,1.0,1,1,2,105,100,0,0,1-25,0,2562
1042,1.0,1,1,2,105,100,0,0,1-25,0,2562
1044,1.0,1,1,2,105,100,0,0,1-25,0,2560
1045,1.0,1,1,2,105,100,0,0,1-25,0,2559
1047,1.0,1,1,2,105,100,0,0,1-25,0,2559
1048,1.0,1,1,2,105,100,0,0,1-25,0,2559
1049,1.0,1,1,2,105,100,0,0,1-25,0,2558
1051,0.0,1,1,2,105,100,0,0,1-25,0,2558
1057,1.0,1,1,2,105,100,0,0,1-25,0,2531
1058,1.0,1,1,2,105,100,0,0,1-25,0,2526
1059,1.0,1,1,2,105,100,0,0,1-25,0,2524
1060,1.0,1,1,2,105,100,0,0,1-25,0,2524
1061,1.0,1,1,2,105,100,0,0,1-25,0,2524
1062,1.0,1,1,2,105,100,0,0,1-25,0,2524
1063,1.0,1,1,2,105,100,0,0,1-25,0,2524
1064,1.0,1,1,2,105,100,0,0,1-25,0,2523
1065,1.0,1,1,2,105,100,0,0,1-25,0,2519
1066,1.0,1,1,2,105,100,0,0,1-25,0,2519
1067,1.0,1,1,2,105,100,0,0,1-25,0,2519
1068,1.0,1,1,2,105,100,0,0,1-25,0,2519
1069,1.0,1,1,2,105,100,0,0,1-25,0,2519
1070,1.0,1,1,2,105,100,0,0,1-25,0,2519
1071,1.0,1,1,2,105,100,0,0,1-25,0,2519
1072,1.0,1,1,2,105,100,0,0,1-25,0,2519
1073,1.0,1,1,2,105,100,0,0,1-25,0,2519
1074,1.0,1,1,2,105,100,0,0,1-25,0,2519
1081,1.0,1,1,2,105,100,0,0,1-25,0,2519
1082,1.0,1,1,2,105,100,0,0,1-25,0,2519
1083,1.0,1,1,2,105,100,0,0,1-25,0,2518
1084,1.0,1,1,2,105,100,0,0,1-25,0,2518
1085,1.0,1,1,2,105,100,0,0,1-25,0,2518
1086,1.0,1,1,2,105,100,0,0,1-25,0,2518
1087,1.0,1,1,2,105,100,0,0,1-25,0,2518
1088,1.0,1,1,2,105,100,0,0,1-25,0,2518
1089,1.0,1,1,2,105,100,0,0,1-25,0,2517
1090,1.0,1,1,2,105,100,0,0,1-25,0,2517
1091,1.0,1,1,2,105,100,0,0,1-25,0,2512
1092,0.0,0,1,2,105,100,0,0,1-25,0,2512
1093,1.0,1,1,2,105,100,0,0,1-25,0,2512
1094,1.0,1,1,2,105,100,0,0,1-25,0,2512
1095,1.0,1,1,2,105,100,0,0,1-25,0,2512
1096,1.0,1,1,2,105,100,0,0,1-25,0,2512
1097,1.0,1,1,2,105,100,0,0,1-25,0,2512
1098,0.0,0,1,2,105,100,0,0,1-25,0,2512
1099,0.0,0,1,2,105,100,0,0,1-25,0,2512
1100,1.0,1,1,2,105,100,0,0,1-25,0,2511
1101,1.0,1,1,2,105,100,0,0,1-25,0,2511
1102,1.0,1,1,2,105,100,0,0,1-25,0,2511
1103,1.0,1,1,2,105,100,0,0,1-25,0,2511
1104,1.0,1,1,2,105,100,0,0,1-25,0,2511
1105,1.0,1,1,2,105,100,0,0,1-25,0,2511
1107,1.0,1,1,2,105,100,0,0,1-25,0,2505
1109,1.0,1,1,2,105,100,0,0,1-25,0,2503
1110,1.0,1,1,2,105,100,0,0,1-25,0,2503
1111,1.0,1,1,2,105,100,0,0,1-25,0,2503
1112,1.0,1,1,2,105,100,0,0,1-25,0,2503
1113,1.0,1,1,2,105,100,0,0,1-25,0,2503
1114,1.0,1,1,2,105,100,0,0,1-25,0,2503
1115,1.0,1,1,2,105,100,0,0,1-25,0,2499
1116,1.0,1,1,2,105,100,0,0,1-25,0,2499
1117,1.0,1,1,2,105,100,0,0,1-25,0,2499
1118,1.0,1,1,2,105,100,0,0,1-25,0,2498
1119,1.0,1,1,2,105,100,0,0,1-25,0,2498
1120,1.0,1,1,2,105,100,0,0,1-25,0,2498
1121,1.0,1,1,2,105,100,0,0,1-25,0,2498
1122,1.0,1,1,2,105,100,0,0,1-25,0,2498
1123,1.0,1,1,2,105,100,0,0,1-25,0,2498
1124,1.0,1,1,2,105,100,0,0,1-25,0,2498
1125,1.0,1,1,2,105,100,0,0,1-25,0,2498
1126,1.0,1,1,2,105,100,0,0,1-25,0,2498
1127,1.0,1,1,2,105,100,0,0,1-25,0,2498
1128,1.0,1,1,2,105,100,0,0,1-25,0,2498
1130,1.0,1,1,2,105,100,0,0,1-25,0,2496
1131,1.0,1,1,2,105,100,0,0,1-25,0,2496
1132,1.0,1,1,2,105,100,0,0,1-25,0,2491
1133,1.0,1,1,2,105,100,0,0,1-25,0,2488
1134,1.0,1,1,2,105,100,0,0,1-25,0,2488
1135,1.0,1,1,2,105,100,0,0,1-25,0,2488
1137,1.0,1,1,2,105,100,0,0,1-25,0,2485
1138,1.0,1,1,2,105,100,0,0,1-25,0,2485
1139,1.0,1,1,2,105,100,0,0,1-25,0,2485
1140,1.0,1,1,2,105,100,0,0,1-25,0,2485
1141,0.0,0,1,2,105,100,0,0,1-25,0,2485
1142,0.0,0,1,2,105,100,0,0,1-25,0,2485
1143,0.0,0,1,2,105,100,0,0,1-25,0,2485
1144,1.0,1,1,2,105,100,0,0,1-25,0,2485
1145,1.0,1,1,2,105,100,0,0,1-25,0,2485
1146,1.0,1,1,2,105,100,0,0,1-25,0,2485
1147,1.0,1,1,2,105,100,0,0,1-25,0,2485
1148,0.0,0,1,2,105,100,0,0,1-25,0,2484
1149,0.0,0,1,2,105,100,0,0,1-25,0,2484
1150,0.0,0,1,2,105,100,0,0,1-25,0,2484
1151,1.0,1,1,2,105,100,0,0,1-25,0,2484
1152,0.0,0,1,2,105,100,0,0,1-25,0,2484
1153,0.0,0,1,2,105,100,0,0,1-25,0,2484
1154,0.0,0,1,2,105,100,0,0,1-25,0,2484
1155,0.0,0,1,2,105,100,0,0,1-25,0,2484
1156,0.0,0,1,2,105,100,0,0,1-25,0,2484
1157,0.0,0,1,2,105,100,0,0,1-25,0,2484
1158,0.0,0,1,2,105,100,0,0,1-25,0,2484
1159,0.0,0,1,2,105,100,0,0,1-25,0,2484
1160,0.0,0,1,2,105,100,0,0,1-25,0,2484
1161,1.0,1,1,2,105,100,0,0,1-25,0,2483
1162,0.0,0,1,2,105,100,0,0,1-25,0,2483
1163,0.0,0,1,2,105,100,0,0,1-25,0,2483
1164,0.0,0,1,2,105,100,0,0,1-25,0,2483
1165,1.0,1,1,2,105,100,0,0,1-25,0,2483
1166,0.0,0,1,2,105,100,0,0,1-25,0,2483
1167,0.0,0,1,2,105,100,0,0,1-25,0,2483
1168,0.0,0,1,2,105,100,0,0,1-25,0,2482
1169,0.0,0,1,2,105,100,0,0,1-25,0,2482
1170,1.0,1,1,2,105,100,0,0,1-25,0,2481
1171,1.0,1,1,2,105,100,0,0,1-25,0,2481
1172,1.0,1,1,2,105,100,0,0,1-25,0,2481
1174,1.0,1,1,2,105,100,0,0,1-25,0,2477
1177,1.0,1,1,2,105,100,0,0,1-25,0,2477
1178,0.0,1,1,2,105,100,0,0,1-25,0,2476
1179,0.0,0,1,2,105,100,0,0,1-25,0,2476
1181,1.0,1,1,2,105,100,0,0,1-25,0,2475
1182,0.0,0,1,2,105,100,0,0,1-25,0,2475
1183,1.0,1,1,2,105,100,0,0,1-25,0,2475
1184,0.0,0,1,2,105,100,0,0,1-25,0,2475
1185,0.0,1,1,2,105,100,0,0,1-25,0,2475
1186,1.0,1,1,2,105,100,0,0,1-25,0,2475
1187,1.0,1,1,2,105,100,0,0,1-25,0,2475
1188,1.0,1,1,2,105,100,0,0,1-25,0,2475
1189,0.0,0,1,2,105,100,0,0,1-25,0,2474
1190,1.0,1,1,2,105,100,0,0,1-25,0,2474
1191,1.0,1,1,2,105,100,0,0,1-25,0,2474
1192,1.0,1,1,2,105,100,0,0,1-25,0,2474
1193,0.0,0,1,2,105,100,0,0,1-25,0,2474
1195,0.0,0,1,2,105,100,0,0,1-25,0,2474
1196,0.0,0,1,2,105,100,0,0,1-25,0,2474
1197,1.0,1,1,2,105,100,0,0,1-25,0,2474
1198,0.0,0,1,2,105,100,0,0,1-25,0,2474
1199,1.0,1,1,2,105,100,0,0,1-25,0,2471
1200,1.0,1,1,2,105,100,0,0,1-25,0,2470
1201,0.0,0,1,2,105,100,0,0,1-25,0,2470
1202,0.0,0,1,2,105,100,0,0,1-25,0,2470
1203,1.0,1,1,2,105,100,0,0,1-25,0,2469
1204,1.0,1,1,2,105,100,0,0,1-25,0,2469
1205,1.0,1,1,2,105,100,0,0,1-25,0,2469
1206,1.0,1,1,2,105,100,0,0,1-25,0,2469
1207,1.0,1,1,2,105,100,0,0,1-25,0,2469
1208,0.0,0,1,2,105,100,0,0,1-25,0,2469
1209,1.0,1,1,2,105,100,0,0,1-25,0,2469
1210,1.0,1,1,2,105,100,0,0,1-25,0,2468
1211,0.0,0,1,2,105,100,0,0,1-25,0,2468
1214,1.0,1,1,2,105,100,0,0,1-25,0,2463
1215,1.0,1,1,2,105,100,0,0,1-25,0,2463
1221,1.0,1,1,2,105,100,0,0,1-25,0,2460
1222,1.0,1,1,2,105,100,0,0,1-25,0,2460
1233,1.0,1,1,2,105,100,0,0,1-25,0,2450
1235,1.0,1,1,2,105,100,0,0,1-25,0,2449
1236,1.0,1,1,2,105,100,0,0,1-25,0,2449
1237,1.0,1,1,2,105,100,0,0,1-25,0,2448
1238,1.0,1,1,2,105,100,0,0,1-25,0,2448
1239,1.0,1,1,2,105,100,0,0,1-25,0,2448
1240,1.0,1,1,2,105,100,0,0,1-25,0,2447
1242,1.0,1,1,2,105,100,0,0,1-25,0,2447
1243,1.0,1,1,2,105,100,0,0,1-25,0,2447
1244,1.0,1,1,2,105,100,0,0,1-25,0,2447
1246,1.0,1,1,2,105,100,0,0,1-25,0,2447
1247,1.0,1,1,2,105,100,0,0,1-25,0,2447
1248,1.0,1,1,2,105,100,0,0,1-25,0,2447
1249,1.0,1,1,2,105,100,0,0,1-25,0,2447
1250,1.0,1,1,2,105,100,0,0,1-25,0,2447
1251,1.0,1,1,2,105,100,0,0,1-25,0,2447
1252,1.0,1,1,2,105,100,0,0,1-25,0,2447
1253,1.0,1,1,2,105,100,0,0,1-25,0,2447
1254,0.0,0,1,2,105,100,0,0,1-25,0,2447
1255,0.0,0,1,2,105,100,0,0,1-25,0,2447
1257,0.0,1,1,2,105,100,0,0,1-25,0,2439
1258,1.0,1,1,2,105,100,0,0,1-25,0,2439
1259,1.0,1,1,2,105,100,0,0,1-25,0,2436
1261,0.0,0,1,2,105,100,0,0,1-25,0,2436
1268,1.0,1,1,2,105,100,0,0,1-25,0,2428
1269,0.0,0,1,2,105,100,0,0,1-25,0,2426
1271,0.0,0,1,2,105,100,0,0,1-25,0,2425
1273,0.0,0,1,2,105,100,0,0,1-25,0,2424
1275,1.0,1,1,2,105,100,0,0,1-25,0,2422
1276,1.0,1,1,2,37,100,0,0,1-25,0,2422
1278,1.0,1,1,2,105,100,0,0,1-25,0,2421
1280,1.0,1,1,2,105,100,0,0,1-25,0,2420
1281,0.0,0,1,2,105,100,0,0,1-25,0,2420
1282,1.0,1,1,2,105,100,0,0,1-25,0,2420
1283,0.0,0,1,2,105,100,0,0,1-25,0,2420
1284,1.0,1,1,2,105,100,0,0,1-25,0,2420
1285,1.0,1,1,2,105,100,0,0,1-25,0,2420
1286,1.0,1,1,2,105,100,0,0,1-25,0,2420
1287,1.0,1,1,2,105,100,0,0,1-25,0,2420
1288,1.0,1,1,2,105,100,0,0,1-25,0,2419
1289,0.0,0,1,2,105,100,0,0,1-25,0,2419
1290,1.0,1,1,2,105,100,0,0,1-25,0,2419
1291,1.0,1,1,2,105,100,0,0,1-25,0,2419
1292,1.0,1,1,2,105,100,0,0,1-25,0,2418
1293,1.0,1,1,2,105,100,0,0,1-25,0,2415
1295,1.0,1,1,2,105,100,0,0,1-25,0,2415
1303,1.0,1,1,2,105,100,0,0,1-25,0,2411
1304,1.0,1,1,2,105,100,0,0,1-25,0,2411
1305,1.0,1,1,2,105,100,0,0,1-25,0,2408
1307,1.0,1,1,2,105,100,0,0,1-25,0,2406
1308,1.0,1,1,2,105,100,0,0,1-25,0,2406
1309,1.0,1,1,2,105,100,0,0,1-25,0,2406
1310,0.0,0,1,2,105,100,0,0,1-25,0,2405
1312,1.0,1,1,2,105,100,0,0,1-25,0,2404
1313,1.0,0,1,2,105,100,0,0,1-25,0,2400
1314,1.0,0,1,2,105,100,0,0,1-25,0,2400
1316,1.0,1,1,2,105,100,0,0,1-25,0,2399
1341,1.0,1,1,2,105,100,0,0,1-25,0,2372
1342,1.0,1,1,2,105,100,0,0,1-25,0,2372
1343,1.0,1,1,2,105,100,0,0,1-25,0,2370
1344,1.0,1,1,2,105,100,0,0,1-25,0,2370
1345,1.0,1,1,2,105,100,0,0,1-25,0,2370
1346,1.0,1,1,2,105,100,0,0,1-25,0,2370
1347,1.0,1,1,2,105,100,0,0,1-25,0,2369
1348,1.0,1,1,2,105,100,0,0,1-25,0,2366
1350,1.0,1,1,2,105,100,0,0,1-25,0,2362
1351,1.0,1,1,2,105,100,0,0,1-25,0,2362
1352,1.0,1,1,2,105,100,0,0,1-25,0,2362
1353,1.0,1,1,2,105,100,0,0,1-25,0,2362
1354,1.0,1,1,2,105,100,0,0,1-25,0,2362
1355,1.0,1,1,2,105,100,0,0,1-25,0,2359
1356,1.0,1,1,2,105,100,0,0,1-25,0,2359
1357,1.0,1,1,2,105,100,0,0,1-25,0,2355
1358,1.0,1,1,2,105,100,0,0,1-25,0,2355
1359,1.0,1,1,2,105,100,0,0,1-25,0,2355
1361,1.0,1,1,2,105,100,0,0,1-25,0,2351
1363,1.0,1,1,2,105,100,0,0,1-25,0,2349
1364,1.0,1,1,1,105,100,0,0,101-500,0,2349
1365,1.0,1,1,2,105,100,0,0,1-25,0,2348
1366,1.0,1,1,2,105,100,0,0,1-25,0,2348
1367,1.0,1,1,2,105,100,0,0,1-25,0,2346
1368,1.0,1,1,2,105,100,0,0,1-25,0,2346
1369,1.0,1,1,2,105,100,0,0,1-25,0,2346
1371,1.0,1,1,2,105,100,0,0,1-25,0,2344
1372,1.0,1,1,2,105,100,0,0,1-25,0,2344
1373,1.0,1,1,2,105,100,0,0,1-25,0,2343
1375,1.0,1,1,2,105,100,0,0,1-25,0,2342
1376,1.0,1,1,2,105,100,0,0,1-25,0,2342
1377,1.0,1,1,2,105,100,0,0,1-25,0,2341
1394,1.0,1,1,2,105,100,0,0,1-25,0,2336
1395,1.0,1,1,2,105,100,0,0,1-25,0,2336
1396,1.0,1,1,2,105,100,0,0,1-25,0,2336
1400,1.0,1,1,2,105,100,0,0,1-25,0,2335
1401,1.0,1,1,2,105,100,0,0,1-25,0,2335
1402,1.0,1,1,2,105,100,0,0,1-25,0,2335
1403,1.0,1,1,2,105,100,0,0,1-25,0,2335
1404,1.0,1,1,2,105,100,0,0,1-25,0,2335
1405,1.0,1,1,2,105,100,0,0,1-25,0,2335
1406,1.0,1,1,2,105,100,0,0,1-25,0,2335
1407,1.0,1,1,2,105,100,0,0,1-25,0,2335
1408,1.0,1,1,2,105,100,0,0,1-25,0,2335
1409,1.0,1,1,2,105,100,0,0,1-25,0,2335
1410,1.0,1,1,2,105,100,0,0,1-25,0,2335
1411,1.0,1,1,2,105,100,0,0,1-25,0,2335
1412,1.0,1,1,2,105,100,0,0,1-25,0,2335
1413,1.0,1,1,2,105,100,0,0,1-25,0,2335
1414,1.0,1,1,2,105,100,0,0,1-25,0,2335
1417,1.0,1,1,2,105,100,0,0,1-25,0,2334
1418,1.0,1,1,2,105,100,0,0,1-25,0,2334
1419,1.0,1,1,2,105,100,0,0,1-25,0,2334
1420,1.0,1,1,2,105,12000,0,0,1-25,0,2334
1421,1.0,1,1,2,105,12000,0,0,1-25,0,2334
1422,1.0,1,1,2,105,100,0,0,1-25,0,2334
1423,1.0,1,1,2,105,12000,0,0,1-25,0,2334
1424,1.0,1,1,2,105,12000,0,0,1-25,0,2334
1425,1.0,1,1,2,105,12000,0,0,1-25,0,2334
1426,1.0,1,1,2,105,12000,0,0,1-25,0,2334
1427,1.0,1,1,2,105,12000,0,0,1-25,0,2334
1428,1.0,1,1,2,105,12000,0,0,1-25,0,2334
1429,1.0,1,1,2,105,12000,0,0,1-25,0,2334
1430,1.0,1,1,2,105,100,0,0,1-25,0,2331
1431,1.0,1,1,2,105,100,0,0,1-25,0,2331
1432,1.0,1,1,2,105,100,0,0,1-25,0,2331
1433,1.0,1,1,2,105,12000,0,0,1-25,0,2331
1434,1.0,1,1,2,105,12000,0,0,1-25,0,2331
1435,1.0,1,1,2,105,100,0,0,1-25,0,2330
1436,1.0,1,1,2,105,100,0,0,1-25,0,2330
1437,1.0,1,1,2,105,100,0,0,1-25,0,2330
1438,1.0,1,1,2,105,100,0,0,1-25,0,2330
1439,1.0,1,1,2,105,100,0,0,1-25,0,2330
1440,1.0,1,1,2,105,100,0,0,1-25,0,2330
1441,1.0,1,1,2,105,12000,0,0,1-25,0,2330
1443,1.0,1,1,2,105,100,0,0,1-25,0,2329
1444,1.0,1,1,2,105,12000,0,0,1-25,0,2329
1445,1.0,1,1,2,105,100,0,0,1-25,0,2329
1446,1.0,1,1,2,105,100,0,0,1-25,0,2329
1447,1.0,1,1,2,105,100,0,0,1-25,0,2329
1448,1.0,1,1,2,105,100,0,0,1-25,0,2329
1449,1.0,1,1,2,105,100,0,0,1-25,0,2329
1450,1.0,1,1,2,105,100,0,0,1-25,0,2329
1451,1.0,1,1,2,105,100,0,0,1-25,0,2329
1452,1.0,1,1,2,105,100,0,0,1-25,0,2329
1453,1.0,1,1,2,105,100,0,0,1-25,0,2329
1454,1.0,1,1,2,105,12000,0,0,1-25,0,2329
1455,1.0,1,1,2,105,100,0,0,1-25,0,2329
1458,1.0,1,1,2,105,100,0,0,1-25,0,2328
1459,1.0,1,1,2,105,100,0,0,1-25,0,2328
1460,1.0,1,1,2,105,100,0,0,1-25,0,2328
1461,1.0,1,1,2,105,100,0,0,1-25,0,2328
1462,1.0,1,1,2,105,100,0,0,1-25,0,2328
1463,1.0,1,1,2,105,100,0,0,1-25,0,2328
1464,1.0,1,1,2,105,100,0,0,1-25,0,2328
1465,1.0,1,1,2,105,100,0,0,1-25,0,2328
1466,1.0,1,1,2,105,12000,0,0,1-25,0,2328
1467,1.0,1,1,2,105,100,0,0,1-25,0,2328
1468,1.0,1,1,2,105,100,0,0,1-25,0,2328
1469,1.0,1,1,2,105,100,0,0,1-25,0,2327
1470,1.0,1,1,2,105,12000,0,0,1-25,0,2326
1471,1.0,1,1,2,105,12000,0,0,1-25,0,2326
1472,1.0,1,1,2,105,100,0,0,1-25,0,2326
1477,1.0,1,1,2,105,100,0,0,1-25,0,2322
1478,1.0,1,1,2,105,100,0,0,1-25,0,2321
1479,1.0,1,1,2,105,100,0,0,1-25,0,2321
1480,1.0,1,1,2,105,100,0,0,1-25,0,2321
1481,1.0,1,1,2,105,100,0,0,1-25,0,2321
1482,1.0,1,1,2,105,100,0,0,1-25,0,2320
1483,1.0,1,1,2,105,100,0,0,1-25,0,2320
1484,1.0,1,1,2,105,12000,0,0,1-25,0,2320
1485,1.0,1,1,2,105,12000,0,0,1-25,0,2320
1487,1.0,1,1,2,105,100,0,0,1-25,0,2317
1488,1.0,1,1,2,105,100,0,0,1-25,0,2317
1489,1.0,1,1,2,105,100,0,0,1-25,0,2316
1490,1.0,1,1,2,105,100,0,0,1-25,0,2314
1520,1.0,1,1,2,105,100,0,0,1-25,0,2301
1525,1.0,1,1,2,105,100,0,0,1-25,0,2300
1528,1.0,1,1,2,105,12000,0,0,1-25,0,2300
1547,1.0,1,1,2,105,12000,0,0,1-25,0,2296
1582,1.0,1,1,2,105,100,0,0,1-25,0,2287
1583,1.0,1,1,2,105,100,0,0,1-25,0,2287
1584,1.0,1,1,2,105,100,0,0,1-25,0,2286
1585,1.0,1,1,2,105,100,0,0,1-25,0,2286
1586,1.0,1,1,2,105,100,0,0,1-25,0,2286
1587,1.0,1,1,2,105,100,0,0,1-25,0,2286
1589,1.0,1,1,2,105,12000,0,0,1-25,0,2286
1592,1.0,1,1,2,105,100,0,0,1-25,0,2282
1593,1.0,1,1,2,105,100,0,0,1-25,0,2282
1594,1.0,1,1,2,105,100,0,0,1-25,0,2282
1595,1.0,1,1,2,105,12000,0,0,1-25,0,2282
1598,1.0,1,1,2,105,12000,0,0,1-25,0,2280
1599,1.0,1,1,2,105,100,0,0,1-25,0,2280
1600,1.0,1,1,2,105,12000,0,0,1-25,0,2279
1602,1.0,1,1,2,105,100,0,0,1-25,0,2274
1603,1.0,1,1,2,105,100,0,0,1-25,0,2274
1605,1.0,1,1,2,105,100,0,0,1-25,0,2274
1606,1.0,1,1,2,105,100,0,0,1-25,0,2274
1607,1.0,1,1,2,105,100,0,0,1-25,0,2274
1608,1.0,1,1,2,105,100,0,0,1-25,0,2274
1609,1.0,1,1,2,105,100,0,0,1-25,0,2274
1610,1.0,1,1,2,105,100,0,0,1-25,0,2274
1611,1.0,1,1,2,105,100,0,0,1-25,0,2274
1612,1.0,1,1,2,105,100,0,0,1-25,0,2274
1613,1.0,1,1,2,105,100,0,0,1-25,0,2274
1614,1.0,1,1,2,105,100,0,0,1-25,0,2274
1615,1.0,1,1,2,105,100,0,0,1-25,0,2274
1616,1.0,1,1,2,105,100,0,0,1-25,0,2274
1617,1.0,1,1,2,105,100,0,0,1-25,0,2274
1618,1.0,1,1,2,105,12000,0,0,1-25,0,2274
1619,1.0,1,1,2,105,100,0,0,1-25,0,2274
1620,1.0,1,1,2,105,100,0,0,1-25,0,2274
1621,1.0,1,1,2,105,100,0,0,1-25,0,2274
1627,1.0,1,1,2,105,100,0,0,1-25,0,2271
1636,1.0,1,1,2,105,100,0,0,1-25,0,2260
1637,1.0,1,1,2,105,100,0,0,1-25,0,2258
1638,1.0,1,1,2,105,12000,0,0,1-25,0,2258
1639,1.0,1,1,2,105,12000,0,0,1-25,0,2258
1640,1.0,1,1,2,105,100,0,0,1-25,0,2258
1641,1.0,1,1,2,105,100,0,0,1-25,0,2258
1642,1.0,1,1,2,105,100,0,0,1-25,0,2258
1643,1.0,1,1,2,105,12000,0,0,1-25,0,2257
1644,1.0,1,1,2,105,100,0,0,1-25,0,2257
1645,1.0,1,1,2,105,12000,0,0,1-25,0,2257
1646,1.0,1,1,2,105,100,0,0,1-25,0,2257
1647,1.0,1,1,2,105,100,0,0,1-25,0,2257
1653,1.0,1,1,2,105,12000,0,0,1-25,0,2246
1655,1.0,1,1,2,105,100,0,0,1-25,0,2245
1657,1.0,1,1,2,105,12000,0,0,1-25,0,2245
1658,1.0,1,1,2,105,100,0,0,1-25,0,2244
1660,1.0,1,1,2,105,100,0,0,1-25,0,2243
1661,1.0,1,1,2,105,12000,0,0,1-25,0,2243
1670,1.0,1,1,2,105,12000,0,0,1-25,0,2240
1674,1.0,1,1,2,105,100,0,0,1-25,0,2240
1683,1.0,1,1,2,105,100,0,0,1-25,0,2238
1684,1.0,1,1,2,105,100,0,0,1-25,0,2238
1691,1.0,1,1,2,105,100,0,0,1-25,0,2232
1692,1.0,1,1,2,105,100,0,0,1-25,0,2232
1693,1.0,1,1,2,105,100,0,0,1-25,0,2232
1697,1.0,1,1,2,105,100,0,0,1-25,0,2231
1700,1.0,1,1,2,105,100,0,0,1-25,0,2230
1702,1.0,1,1,2,105,100,0,0,1-25,0,2230
1703,1.0,1,1,2,105,100,0,0,1-25,0,2229
1705,1.0,1,1,2,105,12000,0,0,1-25,0,2225
1706,1.0,1,1,2,105,12000,0,0,1-25,0,2225
1710,1.0,1,1,2,105,100,0,0,1-25,0,2225
1713,1.0,1,1,2,105,100,0,0,1-25,0,2219
1715,1.0,1,1,2,105,100,0,0,1-25,0,2217
1717,1.0,1,1,2,105,100,0,0,1-25,0,2216
1719,1.0,1,1,2,105,12000,0,0,1-25,0,2212
1722,1.0,1,1,2,105,100,0,0,1-25,0,2212
1724,1.0,1,1,2,105,100,0,0,1-25,0,2210
1725,1.0,1,1,2,105,100,0,0,1-25,0,2210
1726,1.0,1,1,2,105,100,0,0,1-25,0,2209
1727,1.0,1,1,2,105,12000,0,0,1-25,0,2205
1728,1.0,1,1,2,105,100,0,0,1-25,0,2205
1729,1.0,1,1,2,105,100,0,0,1-25,0,2202
1730,1.0,1,1,2,105,100,0,0,1-25,0,2201
1742,1.0,1,1,2,105,100,0,0,1-25,0,2184
1743,1.0,1,1,2,105,100,0,0,1-25,0,2173
1745,1.0,1,1,2,105,100,0,0,1-25,0,2168
1746,1.0,1,1,2,105,100,0,0,1-25,0,2168
1748,1.0,1,1,2,105,100,0,0,1-25,0,2166
1762,1.0,1,1,2,105,100,0,0,1-25,0,2153
1763,1.0,1,1,2,105,100,0,0,1-25,0,2153
1766,1.0,1,1,2,105,100,0,0,1-25,0,2149
1769,1.0,1,1,2,105,100,0,0,1-25,0,2145
1770,1.0,1,1,2,105,12000,0,0,1-25,0,2145
1774,1.0,1,1,2,105,12000,0,0,1-25,0,2141
1776,1.0,1,1,2,105,100,0,0,1-25,0,2141
1778,1.0,1,1,2,105,100,0,0,1-25,0,2139
1781,1.0,1,1,2,105,100,0,0,1-25,0,2139
1782,1.0,1,1,2,105,100,0,0,1-25,0,2139
1785,1.0,1,1,2,105,100,0,0,1-25,0,2134
1787,1.0,1,1,2,105,12000,0,0,1-25,0,2132
1796,1.0,1,1,2,105,100,0,0,1-25,0,2126
1800,1.0,1,1,2,105,100,0,0,1-25,0,2120
1801,1.0,1,1,2,105,100,0,0,1-25,0,2120
1802,1.0,1,1,2,105,100,0,0,1-25,0,2119
1810,1.0,1,1,2,105,100,0,0,1-25,0,2114
1811,1.0,1,1,2,105,100,0,0,1-25,0,2114
1828,1.0,1,1,2,105,100,0,0,1-25,0,2111
1839,0.0,1,1,2,10,10000,0,0,1-25,0,2106
1841,1.0,1,1,2,105,100,0,0,1-25,0,2106
1842,1.0,1,1,2,105,100,0,0,1-25,0,2106
1843,1.0,1,1,2,105,100,0,0,1-25,0,2106
1850,1.0,1,1,2,105,100,0,0,1-25,0,2103
1851,1.0,1,1,2,105,100,0,0,1-25,0,2103
1852,1.0,1,1,2,105,100,0,0,1-25,0,2103
1853,1.0,1,1,2,105,100,0,0,1-25,0,2103
1854,1.0,1,1,2,105,100,0,0,1-25,0,2103
1856,1.0,1,1,2,105,12000,0,0,1-25,0,2103
1858,1.0,1,1,2,105,12000,0,0,1-25,0,2096
1859,1.0,1,1,2,105,100,0,0,1-25,0,2094
1867,1.0,1,1,2,105,100,0,0,1-25,0,2082
1868,1.0,1,1,2,105,12000,0,0,1-25,0,2082
1870,1.0,1,1,2,105,12000,0,0,1-25,0,2070
1873,1.0,1,1,1,105,100,0,1,500-1000,1,1783
1876,1.0,1,1,2,105,12000,0,0,1-25,0,2062
1877,1.0,1,1,2,105,12000,0,0,1-25,0,2062
1878,1.0,1,1,2,105,100,0,0,1-25,0,2062
1883,1.0,1,1,2,105,100,0,0,1-25,0,2061
1885,1.0,1,1,2,105,12000,0,0,1-25,0,2057
1888,1.0,1,1,1,105,100,0,0,101-500,0,2056
1889,1.0,1,1,2,105,100,0,0,1-25,0,2056
1890,1.0,1,1,2,105,100,0,0,1-25,0,2055
1891,1.0,1,1,2,105,100,0,0,1-25,0,2054
1895,1.0,1,1,2,105,12000,0,0,1-25,0,2054
1896,1.0,1,1,2,105,12000,0,0,1-25,0,2054
1897,1.0,1,1,2,105,100,0,0,1-25,0,2054
1900,1.0,1,1,2,105,100,0,0,1-25,0,2047
1903,1.0,1,1,2,105,100,0,0,1-25,0,2042
1904,1.0,1,1,2,105,100,0,0,1-25,0,2042
1906,1.0,1,1,2,105,100,0,0,1-25,0,2042
1907,1.0,1,1,2,105,100,0,0,1-25,0,2042
1909,1.0,1,1,2,105,100,0,0,1-25,0,2041
1910,1.0,1,1,2,105,100,0,0,1-25,0,2041
1911,1.0,1,1,2,105,12000,0,0,1-25,0,2040
1912,1.0,1,1,2,105,12000,0,0,1-25,0,2040
1913,1.0,1,1,2,105,12000,0,0,1-25,0,2040
1914,1.0,1,1,2,105,100,0,0,1-25,0,2037
1915,1.0,1,1,2,105,100,0,0,1-25,0,2037
1916,1.0,1,1,2,105,100,0,0,1-25,0,2037
1917,1.0,1,1,2,105,100,0,0,1-25,0,2037
1918,1.0,1,1,2,105,12000,0,0,1-25,0,2036
1919,1.0,1,1,2,105,100,0,0,1-25,0,2036
1920,1.0,1,1,2,105,12000,0,0,1-25,0,2036
1921,1.0,1,1,2,105,12000,0,0,1-25,0,2036
1922,1.0,1,1,2,105,100,0,0,1-25,0,2036
1923,1.0,1,1,2,105,12000,0,0,1-25,0,2036
1924,1.0,1,1,2,105,100,0,0,1-25,0,2035
1925,1.0,1,1,2,105,12000,0,0,1-25,0,2035
1926,1.0,1,1,2,105,12000,0,0,1-25,0,2035
1927,1.0,1,1,2,105,12000,0,0,1-25,0,2035
1928,1.0,1,1,2,105,100,0,0,1-25,0,2035
1929,1.0,1,1,2,105,12000,0,0,1-25,0,2035
1930,1.0,1,1,2,105,100,0,0,1-25,0,2035
1931,1.0,1,1,2,105,12000,0,0,1-25,0,2035
1933,1.0,1,1,2,105,12000,0,0,1-25,0,2035
1934,1.0,1,1,2,105,100,0,0,1-25,0,2035
1935,1.0,1,1,2,105,100,0,0,1-25,0,2035
1936,1.0,1,1,2,105,100,0,0,1-25,0,2035
1942,1.0,1,1,2,105,100,0,0,1-25,0,2034
1943,1.0,1,1,2,105,12000,0,0,1-25,0,2034
1946,1.0,1,1,2,105,100,0,0,1-25,0,2034
1955,1.0,1,1,2,105,100,0,0,1-25,0,2034
1956,1.0,1,1,2,105,12000,0,0,1-25,0,2034
1960,1.0,1,1,2,105,100,0,0,1-25,0,2034
1968,1.0,1,1,2,105,100,0,0,1-25,0,2034
1986,1.0,1,1,2,105,100,0,0,1-25,0,2034
1988,1.0,1,1,2,105,100,0,0,1-25,0,2034
2009,1.0,1,1,2,105,100,0,0,1-25,0,2034
2010,1.0,1,1,2,105,100,0,0,1-25,0,2033
2011,1.0,1,1,2,105,100,0,0,1-25,0,2033
2012,1.0,1,1,2,105,100,0,0,1-25,0,2033
2013,1.0,1,1,2,105,100,0,0,1-25,0,2030
2017,1.0,1,1,2,105,100,0,0,1-25,0,2030
2021,1.0,1,1,2,7,100,0,0,1-25,0,2027
2024,1.0,1,0,2,1,12000,0,0,1-25,0,2023
2026,1.0,1,1,2,3,100,0,0,26-100,0,2023
2027,1.0,1,1,2,105,90,0,0,1-25,0,2023
2028,1.0,1,1,2,3,100,0,0,26-100,0,2021
2031,1.0,1,0,2,1,100,0,0,1-25,0,2020
2032,1.0,1,1,2,12,100,0,0,26-100,0,2020
2039,1.0,1,1,2,4,100,0,0,26-100,0,2020
2041,1.0,1,0,2,1,100,0,0,1-25,0,2016
2042,1.0,1,0,2,1,100,0,0,1-25,0,2016
2045,1.0,1,1,2,10,100,0,0,26-100,0,2015
2046,1.0,1,1,2,22,100,0,0,101-500,0,2015
2055,1.0,1,1,2,3,100,0,0,26-100,0,2015
2056,1.0,1,0,2,1,100,0,0,1-25,0,2015
2057,1.0,1,0,2,1,100,0,0,1-25,0,2015
2071,1.0,1,1,2,5,100,0,0,26-100,0,2015
2090,1.0,1,1,2,3,100,0,0,26-100,0,2014
2095,1.0,1,0,2,1,100,0,0,1-25,0,2014
2096,1.0,1,0,2,1,100,0,0,1-25,0,2014
2097,1.0,1,0,2,1,100,0,0,1-25,0,2014
2098,1.0,1,1,2,3,100,0,0,26-100,0,2014
2103,1.0,1,1,2,2,100,0,0,26-100,0,2014
2107,1.0,1,0,1,1,12000,0,0,1-25,0,2013
2110,1.0,1,1,2,3,100,0,0,26-100,0,2013
2111,1.0,1,1,2,3,100,0,0,26-100,0,2013
2112,1.0,1,1,2,4,100,0,0,26-100,0,2013
2113,1.0,1,1,2,2,100,0,0,26-100,0,2013
2114,1.0,1,1,2,6,100,0,0,26-100,0,2013
2115,1.0,1,1,2,4,100,0,0,26-100,0,2013
2116,1.0,1,1,2,6,100,0,0,26-100,0,2013
2117,1.0,1,1,2,4,100,0,0,26-100,0,2013
2118,1.0,1,1,2,3,100,0,0,26-100,0,2013
2120,1.0,1,0,2,1,12000,0,0,1-25,0,2013
2121,1.0,1,0,2,1,12000,0,0,1-25,0,2013
2122,1.0,1,0,2,1,12000,0,0,1-25,0,2013
2123,1.0,1,1,2,2,100,0,0,26-100,0,2013
2124,1.0,1,0,2,1,12000,0,0,1-25,0,2013
2125,1.0,1,1,2,2,100,0,0,26-100,0,2013
2126,1.0,1,1,2,2,100,0,0,26-100,0,2013
2127,1.0,1,0,2,1,12000,0,0,1-25,0,2013
2128,1.0,1,0,2,1,12000,0,0,1-25,0,2013
2129,1.0,1,1,2,2,100,0,0,26-100,0,2013
2130,1.0,1,0,2,1,100,0,0,1-25,0,2012
2131,1.0,1,0,2,1,12000,0,0,1-25,0,2012
2132,1.0,1,0,2,1,12000,0,0,1-25,0,2012
2133,1.0,1,1,2,3,100,0,0,26-100,0,2012
2134,1.0,1,0,2,1,100,0,0,1-25,0,2012
2135,1.0,1,1,2,3,100,0,0,26-100,0,2012
2136,1.0,1,1,2,11,100,0,0,26-100,0,2012
2137,1.0,1,1,2,3,100,0,0,26-100,0,2012
2138,1.0,1,1,2,11,100,0,0,26-100,0,2012
2139,1.0,1,1,2,3,100,0,0,26-100,0,2012
2140,1.0,1,1,2,3,100,0,0,26-100,0,2012
2141,1.0,1,1,2,11,100,0,0,26-100,0,2012
2142,1.0,1,1,2,3,100,0,0,26-100,0,2012
2143,1.0,1,0,2,1,100,0,0,1-25,0,2012
2145,1.0,1,0,2,1,100,0,0,1-25,0,2012
2153,1.0,1,0,2,1,100,0,0,1-25,0,2007
2154,1.0,1,0,2,1,100,0,0,1-25,0,2007
2155,1.0,1,0,2,1,12000,0,0,1-25,0,2007
2156,1.0,1,0,2,1,100,0,0,1-25,0,2007
2157,1.0,1,0,2,1,100,0,0,1-25,0,2005
2168,1.0,1,0,2,1,100,0,0,1-25,0,1996
2169,1.0,1,1,2,1,100,0,0,1-25,0,1992
2170,1.0,1,0,2,1,12000,0,0,1-25,0,1991
2171,1.0,1,0,2,1,100,0,0,1-25,0,1991
2172,1.0,1,0,2,1,12000,0,0,1-25,0,1988
2173,1.0,1,0,2,1,12000,0,0,1-25,0,1987
2174,1.0,1,0,2,1,12000,0,0,1-25,0,1987
2175,1.0,1,1,2,3,100,0,0,26-100,0,1987
2178,1.0,1,0,2,1,100,0,0,1-25,0,1987
2181,1.0,1,0,2,1,100,0,0,1-25,0,1984
2182,1.0,1,0,2,1,100,0,0,1-25,0,1984
2183,1.0,1,0,2,1,12000,0,0,1-25,0,1981
2184,1.0,1,0,2,1,100,0,0,1-25,0,1980
2185,1.0,1,0,2,1,12000,0,0,1-25,0,1980
2186,1.0,1,0,2,1,100,0,0,1-25,0,1978
2187,1.0,1,0,2,1,100,0,0,1-25,0,1978
2188,1.0,1,0,1,1,100,0,0,1-25,0,1978
2189,1.0,1,0,2,1,100,0,0,1-25,0,1978
2190,1.0,1,0,2,1,100,0,0,1-25,0,1978
2191,1.0,1,0,2,1,100,0,0,1-25,0,1977
2192,1.0,1,0,2,1,100,0,0,1-25,0,1977
2193,1.0,1,0,2,1,100,0,0,1-25,0,1977
2194,1.0,1,0,2,1,100,0,0,1-25,0,1977
2196,1.0,1,1,2,5,100,0,0,26-100,0,1974
2203,1.0,1,1,2,2,12000,0,0,26-100,0,1972
2206,1.0,1,0,2,1,100,0,0,1-25,0,1972
2208,1.0,1,1,2,11,100,0,0,26-100,0,1972
2209,1.0,1,1,2,11,100,0,0,26-100,0,1972
2214,1.0,1,0,2,1,12000,0,0,1-25,0,1966
2215,1.0,1,1,2,3,12000,0,0,26-100,0,1966
2216,1.0,1,1,2,6,12000,0,0,26-100,0,1966
2217,1.0,1,0,2,1,12000,0,0,1-25,0,1966
2218,1.0,1,1,2,5,12000,0,0,26-100,0,1966
2219,1.0,1,1,2,35,12000,0,0,1-25,0,1966
2220,1.0,1,1,2,4,12000,0,0,26-100,0,1966
2221,1.0,1,0,2,1,12000,0,0,1-25,0,1966
2222,1.0,1,1,2,2,12000,0,0,26-100,0,1966
2223,1.0,1,1,2,5,12000,0,0,26-100,0,1966
2224,1.0,1,1,2,4,12000,0,0,26-100,0,1966
2225,1.0,1,1,2,5,12000,0,0,26-100,0,1966
2226,1.0,1,0,2,1,12000,0,0,1-25,0,1966
2227,1.0,1,0,2,1,12000,0,0,1-25,0,1965
2228,1.0,1,0,2,1,12000,0,0,1-25,0,1965
2229,1.0,1,1,2,6,100,0,0,26-100,0,1965
2230,1.0,1,1,2,2,100,0,0,26-100,0,1965
2231,1.0,1,1,2,2,12000,0,0,26-100,0,1965
2232,1.0,1,0,2,1,100,0,0,1-25,0,1963
2234,1.0,1,0,2,1,100,0,0,1-25,0,1958
2235,1.0,1,0,2,1,12000,0,0,1-25,0,1958
2236,1.0,1,1,2,2,12000,0,0,26-100,0,1958
2237,1.0,1,0,2,1,12000,0,0,1-25,0,1958
2238,1.0,1,0,2,1,12000,0,0,1-25,0,1958
2242,1.0,1,0,2,1,100,0,0,1-25,0,1957
2243,1.0,1,0,2,1,12000,0,0,1-25,0,1957
2244,1.0,1,0,2,1,12000,0,0,1-25,0,1957
2245,1.0,1,0,2,1,12000,0,0,1-25,0,1957
2246,1.0,1,0,2,1,12000,0,0,1-25,0,1957
2247,1.0,1,0,2,1,100,0,0,1-25,0,1957
2248,1.0,1,0,2,1,12000,0,0,1-25,0,1956
2249,1.0,1,0,2,1,12000,0,0,1-25,0,1956
2250,1.0,1,0,2,1,12000,0,0,1-25,0,1956
2251,1.0,1,0,2,1,100,0,0,1-25,0,1954
2252,1.0,1,0,2,1,12000,0,0,1-25,0,1952
2254,1.0,1,0,2,1,12000,0,0,26-100,0,1951
2255,1.0,1,0,2,1,100,0,0,1-25,0,1951
2256,1.0,1,0,2,1,100,0,0,101-500,0,1950
2257,1.0,1,0,2,1,12000,0,0,1-25,0,1950
2258,1.0,1,0,2,1,12000,0,0,1-25,0,1950
2259,1.0,1,0,2,1,12000,0,0,1-25,0,1950
2260,1.0,1,0,2,1,12000,0,0,26-100,0,1949
2261,1.0,1,0,2,1,12000,0,0,101-500,0,1949
2262,1.0,1,1,2,4,100,0,0,26-100,0,1949
2263,1.0,1,0,2,1,12000,0,0,26-100,0,1946
2264,1.0,1,0,2,1,100,0,0,26-100,0,1944
2265,1.0,1,0,2,1,12000,0,0,26-100,0,1943
2266,1.0,1,0,2,1,12000,0,0,26-100,0,1939
2267,1.0,1,0,2,1,12000,0,0,1-25,0,1938
2269,1.0,1,0,2,1,12000,0,0,26-100,0,1936
2270,1.0,1,0,2,1,100,0,0,500-1000,0,1935
2272,1.0,1,0,2,1,12000,0,0,26-100,0,1935
2274,1.0,1,0,2,1,100,1,0,26-100,0,1931
2276,1.0,1,1,2,2,100,1,0,26-100,0,1930
2278,1.0,1,0,2,1,100,0,0,1-25,0,1929
2281,1.0,1,0,2,1,100,0,0,1-25,0,1929
2282,1.0,1,0,2,1,100,0,0,1-25,0,1929
2283,1.0,1,0,2,1,100,0,0,1-25,0,1929
2286,1.0,1,1,2,2,100,0,0,26-100,0,1929
2287,1.0,1,1,2,2,100,0,0,26-100,0,1929
2288,1.0,1,0,2,1,100,0,0,1-25,0,1929
2289,1.0,1,0,2,1,100,0,0,1-25,0,1929
2290,1.0,1,0,2,1,100,0,0,26-100,0,1929
2291,1.0,1,0,2,1,100,0,0,1-25,0,1929
2292,1.0,1,1,2,5,100,0,0,26-100,0,1929
2294,1.0,1,0,2,1,100,0,0,1-25,0,1929
2295,1.0,1,0,2,1,100,0,0,1-25,0,1929
2297,1.0,1,1,2,3,100,0,0,26-100,0,1928
2301,1.0,1,0,2,1,100,0,0,1-25,0,1928
2302,1.0,1,0,2,1,12000,0,0,1-25,0,1928
2303,1.0,1,0,2,1,100,0,0,1-25,0,1928
2304,1.0,1,0,2,1,12000,0,0,1-25,0,1928
2305,1.0,1,0,2,1,100,0,0,1-25,0,1928
2306,1.0,1,0,2,1,100,0,0,1-25,0,1928
2307,1.0,1,0,2,1,100,0,0,1-25,0,1928
2308,1.0,1,0,2,1,100,0,0,1-25,0,1928
2309,1.0,1,0,2,1,100,0,0,1-25,0,1928
2310,1.0,1,1,2,3,100,0,0,26-100,0,1928
2311,1.0,1,1,2,2,100,0,0,26-100,0,1926
2313,1.0,1,0,2,1,100,0,0,1-25,0,1925
2314,1.0,1,0,2,1,12000,0,0,1-25,0,1925
2315,0.0,1,0,2,1,12000,0,0,1-25,0,1925
2316,1.0,1,0,2,1,100,1,0,26-100,0,1917
2317,1.0,1,1,2,3,100,1,0,26-100,0,1917
2318,1.0,1,0,2,1,10000,1,0,26-100,0,1917
2319,1.0,1,0,2,1,10000,0,0,26-100,0,1917
2320,1.0,1,0,2,1,10000,0,0,26-100,0,1917
2321,1.0,1,1,2,2,10000,0,0,500-1000,0,1917
2322,1.0,1,0,2,1,100,1,0,1-25,0,1917
2323,1.0,1,0,2,1,100,0,0,1-25,0,1917
2324,1.0,1,1,2,4,100,0,0,26-100,0,1917
2325,1.0,1,1,2,2,10000,0,0,26-100,0,1916
2326,1.0,1,1,2,2,10000,0,0,1-25,0,1916
2327,1.0,1,1,2,2,10000,0,0,101-500,0,1916
2330,1.0,1,0,2,1,100,0,0,26-100,0,1916
2331,1.0,1,1,2,3,10000,0,0,26-100,0,1916
2332,1.0,1,0,2,1,10000,0,0,101-500,0,1916
2334,0.0,1,1,1,105,100,0,0,101-500,0,1916
2335,1.0,1,1,1,10,10000,0,0,26-100,0,1916
2336,1.0,1,1,2,2,10000,0,0,26-100,0,1916
2337,1.0,1,0,2,1,10000,0,0,26-100,0,1916
2338,1.0,1,0,2,1,10000,0,0,1-25,0,1915
2339,1.0,1,1,2,3,100,0,0,26-100,0,1915
2340,1.0,1,1,2,2,10000,0,0,1-25,0,1915
2341,1.0,1,1,2,2,100,0,0,26-100,0,1915
2342,1.0,1,0,2,1,10000,0,0,26-100,0,1915
2343,1.0,1,1,2,3,10000,0,0,1-25,0,1915
2345,1.0,1,1,2,2,100,0,0,26-100,0,1915
2346,1.0,1,0,2,1,10000,0,0,26-100,0,1915
2347,1.0,1,1,2,2,10000,0,0,26-100,0,1915
2348,1.0,1,1,2,3,10000,0,0,26-100,0,1915
2349,1.0,1,0,2,1,100,0,0,26-100,0,1915
2354,1.0,1,1,2,4,10000,0,0,26-100,0,1915
2355,1.0,1,1,2,4,100,0,0,26-100,0,1915
2356,1.0,1,1,2,13,100,0,0,26-100,0,1915
2357,1.0,1,0,2,1,10000,0,0,26-100,0,1915
2358,1.0,1,0,2,1,10000,0,0,26-100,0,1915
2359,1.0,1,0,2,1,10000,0,0,26-100,0,1914
2360,1.0,1,1,2,4,10000,0,0,26-100,0,1914
2361,1.0,1,0,2,1,10000,0,0,26-100,0,1914
2362,1.0,1,1,2,2,10000,0,0,26-100,0,1914
2363,1.0,1,1,2,12,100,0,0,500-1000,0,1914
2365,1.0,1,0,2,1,10000,0,0,101-500,0,1914
2366,1.0,1,0,2,1,10000,0,0,26-100,0,1914
2367,1.0,1,1,2,5,100,0,0,26-100,0,1914
2368,1.0,1,1,2,5,100,0,0,26-100,0,1914
2369,1.0,1,1,2,9,100,0,0,26-100,0,1914
2370,1.0,1,1,2,9,10000,0,0,26-100,0,1914
2371,1.0,1,1,2,9,10000,0,0,101-500,0,1914
2372,1.0,1,1,2,9,10000,0,0,26-100,0,1914
2388,1.0,1,1,2,11,100,0,0,26-100,0,1910
2391,1.0,1,0,2,1,100,0,0,1-25,0,1910
2392,1.0,1,1,2,4,100,0,0,1-25,0,1910
2394,1.0,1,1,2,3,10000,0,0,26-100,0,1910
2396,1.0,1,0,2,1,100,0,0,26-100,0,1910
2397,1.0,1,1,2,2,10000,0,0,1-25,0,1910
2400,1.0,1,0,2,1,100,0,0,26-100,0,1910
2403,1.0,1,0,1,1,10000,0,0,26-100,0,1908
2404,1.0,1,1,2,2,100,0,0,1-25,0,1908
2405,1.0,1,1,2,2,100,0,0,26-100,0,1908
2407,1.0,1,1,2,11,100,0,0,26-100,0,1908
2409,1.0,1,1,2,2,10000,0,0,26-100,0,1908
2410,1.0,1,1,2,11,10000,0,0,1-25,0,1908
2411,1.0,1,0,1,1,10000,0,0,26-100,0,1908
2412,1.0,1,1,2,11,100,0,0,26-100,0,1907
2413,1.0,1,0,2,1,100,0,0,26-100,0,1907
2414,1.0,1,0,2,1,100,0,0,1-25,0,1907
2415,1.0,1,0,2,1,10000,0,0,26-100,0,1907
2419,1.0,1,0,2,1,10000,0,0,26-100,0,1907
2420,1.0,1,0,2,1,10000,0,0,101-500,0,1905
2421,1.0,1,0,2,1,10000,0,0,26-100,0,1905
2422,1.0,1,0,2,1,10000,0,0,1-25,0,1905
2424,1.0,1,0,1,1,100,0,0,1-25,0,1904
2425,1.0,1,0,2,1,10000,0,0,1-25,0,1904
2426,1.0,1,0,2,1,10000,0,0,1-25,0,1904
2427,1.0,1,0,2,1,10000,0,0,1-25,0,1904
2429,1.0,1,0,2,1,10000,0,0,1-25,0,1904
2430,1.0,1,0,2,1,10000,0,0,26-100,0,1904
2432,1.0,1,1,2,9,100,0,0,1-25,0,1904
2435,1.0,1,1,2,3,100,0,0,1-25,0,1904
2436,1.0,1,1,2,15,10000,0,0,1-25,0,1904
2437,1.0,1,1,2,3,100,0,0,500-1000,0,1904
2438,1.0,1,1,2,3,100,0,0,26-100,0,1904
2439,1.0,1,1,2,3,100,0,0,1-25,0,1903
2440,1.0,1,1,2,4,100,0,0,26-100,0,1903
2441,1.0,1,1,2,3,100,0,0,1-25,0,1903
2442,1.0,1,1,2,3,100,0,0,26-100,0,1903
2443,1.0,1,1,2,2,10000,0,0,26-100,0,1903
2444,1.0,1,0,2,1,10000,0,0,101-500,0,1903
2445,1.0,1,1,2,3,100,0,0,26-100,0,1903
2446,0.0,1,1,2,4,10000,0,0,1-25,0,1903
2450,1.0,1,0,2,1,100,0,0,26-100,0,1902
2451,1.0,1,1,2,15,100,0,0,1-25,0,1902
2464,1.0,1,1,2,3,500,0,0,1-25,0,1902
2468,1.0,1,1,2,5,500,0,0,26-100,0,1901
2473,1.0,1,0,2,1,100,0,0,1-25,0,1901
2475,1.0,1,1,2,11,500,0,0,1-25,0,1901
2476,1.0,1,1,2,17,500,0,0,26-100,0,1901
2477,1.0,1,1,2,5,500,0,0,26-100,0,1901
2478,1.0,1,1,2,5,100,0,0,26-100,0,1901
2479,1.0,1,1,2,9,500,0,0,1-25,0,1901
2480,1.0,1,1,2,7,100,0,0,26-100,0,1901
2481,1.0,1,1,2,3,500,0,0,26-100,0,1901
2482,1.0,1,1,2,13,500,0,0,1-25,0,1901
2483,1.0,1,1,2,2,500,0,0,1-25,0,1901
2484,1.0,1,0,2,1,500,0,0,1-25,0,1900
2485,1.0,1,0,2,1,500,0,0,1-25,0,1896
2486,1.0,1,1,2,2,100,0,0,26-100,0,1896
2492,1.0,1,0,2,1,100,0,0,26-100,0,1895
2493,1.0,1,0,2,1,80,0,0,26-100,0,1895
2494,1.0,1,1,2,2,100,0,0,1-25,0,1895
2495,1.0,1,0,2,1,80,0,0,1-25,0,1895
2496,1.0,1,1,2,3,80,0,0,26-100,0,1895
2498,1.0,1,1,2,2,100,0,0,26-100,0,1895
2499,1.0,1,1,2,2,80,0,0,1-25,0,1895
2500,1.0,1,1,2,2,80,0,0,26-100,0,1894
2501,1.0,1,0,2,1,100,0,0,101-500,0,1894
2502,1.0,1,0,2,1,80,0,0,26-100,0,1894
2503,1.0,1,1,2,2,80,0,0,1-25,0,1893
2504,1.0,1,0,2,1,80,0,0,1-25,0,1893
2505,1.0,1,1,2,2,80,0,0,1-25,0,1893
2506,1.0,1,0,2,1,80,0,0,101-500,0,1893
2507,1.0,1,0,2,1,100,0,0,26-100,0,1893
2508,1.0,1,0,2,1,80,0,0,26-100,0,1893
2509,1.0,1,1,2,2,100,0,0,1-25,0,1893
2510,1.0,1,1,2,3,100,0,0,1-25,0,1893
2511,1.0,1,0,2,1,100,0,0,26-100,0,1893
2512,1.0,1,0,2,1,100,0,0,1-25,0,1893
2513,1.0,1,1,2,3,100,0,0,26-100,0,1893
2514,1.0,1,1,2,2,100,0,0,26-100,0,1893
2515,1.0,1,1,2,3,100,0,0,26-100,0,1893
2516,1.0,1,1,2,3,100,0,0,26-100,0,1893
2517,1.0,1,0,2,1,80,0,0,101-500,0,1890
2518,1.0,1,1,2,2,80,0,0,101-500,0,1890
2519,1.0,1,0,2,1,80,0,0,26-100,0,1890
2520,1.0,1,0,2,1,100,0,0,500-1000,0,1890
2521,1.0,1,0,2,1,100,0,0,26-100,0,1890
2522,1.0,1,0,2,1,100,0,0,500-1000,0,1889
2523,1.0,1,1,2,5,100,0,0,26-100,0,1889
2524,1.0,1,0,2,1,80,0,0,26-100,0,1889
2525,1.0,1,0,2,1,80,0,0,101-500,0,1889
2526,1.0,1,0,2,1,80,0,0,26-100,0,1889
2527,1.0,1,0,2,1,100,0,0,26-100,0,1889
2529,1.0,1,0,2,1,100,0,0,500-1000,0,1889
2530,1.0,1,0,2,1,100,0,0,26-100,0,1889
2531,1.0,1,0,2,1,100,0,0,101-500,0,1889
2532,1.0,1,0,2,1,100,0,0,101-500,0,1889
2533,1.0,1,0,2,1,100,0,0,101-500,0,1889
2534,1.0,1,1,2,31,80,0,0,1-25,0,1889
2535,1.0,1,0,2,1,100,0,0,26-100,0,1889
2536,1.0,1,0,2,1,100,0,0,101-500,0,1889
2537,1.0,1,0,2,1,100,0,0,26-100,0,1888
2538,1.0,1,0,2,1,80,0,0,26-100,0,1888
2539,1.0,1,1,2,3,80,0,0,1-25,0,1888
2540,1.0,1,0,2,1,100,0,0,101-500,0,1888
2541,1.0,1,0,2,1,80,0,0,1-25,0,1888
2542,1.0,1,1,2,2,80,0,0,26-100,0,1888
2544,1.0,1,0,2,1,100,0,0,1-25,0,1888
2546,1.0,1,0,1,1,100,0,0,1-25,0,1888
2550,1.0,1,0,2,1,80,0,0,1-25,0,1888
2551,1.0,1,1,1,2,100,0,0,101-500,0,1888
2553,1.0,1,0,2,1,80,0,0,101-500,0,1887
2554,0.0,1,1,2,13,80,0,0,26-100,0,1887
2558,1.0,1,1,2,3,100,0,0,26-100,0,1886
2559,1.0,1,1,2,2,100,0,0,1-25,0,1886
2560,1.0,1,0,2,1,60,0,0,1-25,0,1886
2561,1.0,1,0,1,1,60,0,0,1-25,0,1885
2562,1.0,1,1,2,3,60,0,0,26-100,0,1883
2563,1.0,1,0,2,1,60,0,0,26-100,0,1883
2564,1.0,1,0,2,1,60,0,0,1-25,0,1883
2565,1.0,1,0,2,1,60,0,0,101-500,0,1883
2566,1.0,1,1,2,3,100,0,0,26-100,0,1883
2567,1.0,1,1,1,14,100,0,0,26-100,0,1883
2568,1.0,1,1,2,3,60,0,0,26-100,0,1883
2569,1.0,1,1,2,5,60,0,0,1-25,0,1883
2570,1.0,1,1,2,2,60,0,0,26-100,0,1883
2571,1.0,1,0,2,1,100,0,0,26-100,0,1883
2575,1.0,1,0,2,1,60,0,0,26-100,0,1883
2576,1.0,1,0,2,1,60,0,0,26-100,0,1883
2577,1.0,1,1,2,4,60,0,0,101-500,0,1883
2578,1.0,1,1,2,4,100,0,0,26-100,0,1883
2579,0.0,1,0,2,1,100,0,0,26-100,0,1883
2580,1.0,1,0,2,1,100,0,0,26-100,0,1883
2581,1.0,1,1,2,2,60,0,0,26-100,0,1883
2582,1.0,1,0,2,1,100,0,0,26-100,0,1883
2583,1.0,1,1,2,4,60,0,0,1-25,0,1883
2584,1.0,1,0,2,1,60,0,0,26-100,0,1883
2585,1.0,1,0,2,1,100,0,0,1-25,0,1883
2586,1.0,1,1,2,3,100,0,0,26-100,0,1883
2587,0.0,1,1,2,2,100,0,0,26-100,0,1883
2588,1.0,1,0,2,1,100,0,0,26-100,0,1883
2589,1.0,1,1,2,3,60,0,0,26-100,0,1882
2590,1.0,1,1,2,3,100,0,0,26-100,0,1882
2591,1.0,1,1,2,3,60,0,0,101-500,0,1882
2595,1.0,1,1,2,2,60,0,0,26-100,0,1882
2599,1.0,1,1,2,2,100,0,0,26-100,0,1882
2601,1.0,1,1,2,2,60,0,0,1-25,0,1882
2602,1.0,1,1,2,2,60,0,0,101-500,0,1882
2603,1.0,1,1,2,4,60,0,0,26-100,0,1882
2604,1.0,1,1,2,3,100,0,0,26-100,0,1882
2605,1.0,1,0,2,1,100,0,0,26-100,0,1882
2608,1.0,1,1,2,2,60,0,0,101-500,0,1881
2609,1.0,1,0,2,1,100,0,0,101-500,0,1881
2611,1.0,1,1,2,4,60,0,0,101-500,0,1881
2616,1.0,1,1,2,2,100,0,0,1-25,0,1881
2617,1.0,1,1,2,102,100,0,0,500-1000,0,1881
2619,1.0,1,0,2,1,60,0,0,101-500,0,1881
2620,1.0,1,1,2,2,100,0,0,1-25,0,1881
2621,1.0,1,0,2,1,100,0,0,101-500,0,1881
2622,1.0,1,0,2,1,60,0,0,1-25,0,1881
2623,1.0,1,0,2,1,60,0,0,1-25,0,1881
2624,1.0,1,1,2,105,60,0,0,26-100,0,1881
2625,1.0,1,0,2,1,100,0,0,26-100,0,1880
2627,1.0,1,0,2,1,60,0,0,26-100,0,1879
2629,1.0,1,0,2,1,60,0,0,101-500,0,1879
2630,1.0,1,0,2,1,100,0,0,101-500,0,1879
2631,1.0,1,0,2,1,100,0,0,26-100,0,1879
2632,1.0,1,1,2,13,100,0,0,500-1000,0,1877
2633,1.0,1,0,2,1,100,0,0,1-25,0,1877
2634,1.0,1,0,2,1,60,0,0,1-25,0,1876
2635,1.0,1,0,2,1,100,0,0,26-100,0,1876
2636,1.0,1,0,2,1,100,0,0,500-1000,0,1876
2638,1.0,1,0,2,1,100,0,0,26-100,0,1876
2640,1.0,1,0,2,1,60,0,0,101-500,0,1875
2641,1.0,1,0,2,1,60,0,0,26-100,0,1875
2642,1.0,1,1,2,12,100,0,0,26-100,0,1875
2643,1.0,1,0,2,1,60,0,0,26-100,0,1875
2644,1.0,1,0,2,1,100,0,0,26-100,0,1875
2645,1.0,1,1,2,2,60,0,0,26-100,0,1874
2646,1.0,1,0,2,105,10000,0,0,26-100,0,1874
2647,1.0,1,1,2,3,100,0,0,26-100,0,1874
2648,1.0,1,0,2,1,60,0,0,26-100,0,1874
2649,1.0,1,0,2,1,60,0,0,101-500,0,1874
2654,1.0,1,1,2,2,100,0,0,1-25,0,1874
2657,1.0,1,1,2,2,100,0,0,101-500,0,1874
2658,1.0,1,1,2,2,100,0,0,26-100,0,1874
2659,1.0,1,1,2,3,100,0,0,101-500,0,1874
2661,1.0,1,1,2,3,100,0,0,26-100,0,1874
2663,1.0,1,1,2,3,100,0,0,26-100,0,1874
2664,1.0,1,0,2,1,100,0,0,26-100,0,1874
2665,1.0,1,0,2,1,100,0,0,1-25,0,1874
2666,1.0,1,0,2,1,100,0,0,1-25,0,1874
2667,1.0,1,1,2,3,100,0,0,101-500,0,1874
2668,1.0,1,0,2,1,60,0,0,26-100,0,1874
2669,1.0,1,0,2,1,60,0,0,26-100,0,1874
2670,1.0,1,0,2,1,60,0,0,26-100,0,1874
2671,1.0,1,0,2,1,60,0,0,26-100,0,1874
2672,1.0,1,0,2,1,60,0,0,26-100,0,1874
2674,1.0,1,0,2,1,60,0,0,26-100,0,1874
2675,1.0,1,0,2,1,100,0,0,26-100,0,1874
2677,1.0,1,0,2,1,60,0,0,26-100,0,1874
2678,1.0,1,0,2,1,60,0,0,26-100,0,1874
2679,1.0,1,0,2,1,100,0,0,26-100,0,1874
2680,1.0,1,0,2,1,60,0,0,1-25,0,1874
2681,1.0,1,1,2,2,100,0,0,26-100,0,1874
2682,1.0,1,0,2,1,100,0,0,26-100,0,1874
2683,1.0,1,0,2,1,60,0,0,26-100,0,1874
2685,1.0,1,0,2,1,60,0,0,101-500,0,1874
2686,1.0,1,1,2,3,60,0,0,26-100,0,1874
2687,1.0,1,1,2,3,60,0,0,1-25,0,1874
2688,1.0,1,0,2,1,60,0,0,1-25,0,1873
2692,1.0,1,0,2,1,60,0,0,26-100,0,1869
2693,1.0,1,0,2,1,60,0,0,101-500,0,1867
2694,1.0,1,0,2,1,60,0,0,1-25,0,1867
2697,1.0,1,0,2,1,60,0,0,1-25,0,1866
2700,1.0,1,1,2,2,60,0,0,1-25,0,1865
2701,1.0,1,1,2,2,60,0,0,1-25,0,1865
2702,1.0,1,1,2,2,100,0,0,26-100,0,1865
2705,1.0,1,0,2,1,100,0,0,26-100,0,1864
2706,1.0,1,0,2,1,100,0,0,26-100,0,1862
2707,1.0,1,1,2,2,100,0,0,26-100,0,1862
2708,1.0,1,1,2,2,100,0,0,101-500,0,1862
2709,1.0,1,0,2,1,100,0,0,26-100,0,1862
2710,1.0,1,0,2,1,100,0,0,26-100,0,1862
2711,1.0,1,0,2,1,100,0,0,26-100,0,1862
2712,1.0,1,1,2,1,100,0,0,1-25,0,1862
2713,1.0,1,1,2,2,100,0,0,1-25,0,1862
2714,1.0,1,1,2,1,100,0,0,101-500,0,1862
2715,1.0,1,0,2,1,100,0,0,26-100,0,1862
2717,1.0,1,0,2,1,100,0,0,101-500,0,1862
2718,1.0,1,1,2,1,60,0,0,1-25,0,1862
2722,1.0,1,0,2,1,60,0,0,26-100,0,1862
2723,1.0,1,0,2,1,60,0,0,26-100,0,1862
2724,1.0,1,0,2,1,100,0,0,1-25,0,1861
2726,1.0,1,0,2,1,100,0,0,1-25,0,1861
2727,1.0,1,0,2,1,100,0,0,26-100,0,1861
2728,1.0,1,1,2,5,100,0,0,26-100,0,1861
2733,1.0,1,1,2,105,60,0,0,26-100,0,1861
2735,1.0,1,1,2,4,60,0,0,101-500,0,1861
2741,1.0,1,1,2,1,100,0,0,1-25,0,1861
2742,1.0,1,0,2,1,100,0,0,1-25,0,1861
2743,1.0,1,0,2,1,100,0,0,26-100,0,1861
2744,1.0,1,0,2,1,100,0,0,26-100,0,1861
2745,1.0,1,0,2,1,100,0,0,1-25,0,1861
2746,1.0,1,0,2,1,60,0,0,26-100,0,1861
2747,1.0,1,1,2,1,100,0,0,1-25,0,1860
2749,1.0,1,1,2,0,100,0,0,101-500,0,1860
2750,1.0,1,1,2,1,100,0,0,101-500,0,1860
2751,1.0,1,1,2,2,60,0,0,26-100,0,1860
2754,1.0,1,1,2,0,60,0,0,1-25,0,1860
2755,1.0,1,1,2,1,100,0,0,26-100,0,1860
2756,1.0,1,1,2,4,60,0,0,26-100,0,1860
2757,1.0,1,1,2,0,60,0,0,500-1000,0,1860
2758,1.0,1,1,2,0,60,0,0,26-100,0,1860
2759,1.0,1,1,2,2,60,0,0,26-100,0,1860
2760,1.0,1,0,2,1,60,0,0,26-100,0,1860
2761,1.0,1,0,2,1,60,0,0,101-500,0,1860
2762,1.0,1,0,2,1,60,0,0,101-500,0,1860
2763,1.0,1,0,2,1,60,0,0,1-25,0,1860
2764,1.0,1,0,2,1,60,0,0,101-500,0,1859
2765,1.0,1,0,2,1,60,0,0,26-100,0,1859
2766,1.0,1,1,2,4,60,0,0,26-100,0,1859
2767,1.0,1,0,2,1,60,0,0,26-100,0,1859
2770,1.0,1,0,2,1,60,0,0,26-100,0,1859
2771,1.0,1,1,2,5,60,0,0,1-25,0,1859
2772,1.0,1,0,2,1,60,0,0,26-100,0,1859
2773,1.0,1,0,2,1,100,0,0,26-100,0,1859
2774,1.0,1,0,2,1,60,0,0,1-25,0,1859
2781,1.0,1,1,2,3,100,0,0,101-500,0,1859
2783,1.0,1,1,2,2,100,0,0,26-100,0,1859
2784,1.0,1,1,2,1,60,0,0,26-100,0,1859
2786,1.0,1,1,2,0,60,0,0,26-100,0,1859
2788,1.0,1,1,2,2,100,0,0,1-25,0,1859
2790,1.0,1,0,2,1,100,0,0,26-100,0,1859
2791,1.0,1,0,2,1,60,0,0,26-100,0,1859
2792,1.0,1,1,2,3,100,0,0,26-100,0,1859
2796,1.0,1,1,2,1,60,0,0,26-100,0,1859
2798,1.0,1,1,2,0,60,0,0,500-1000,0,1859
2802,1.0,1,1,2,15,100,0,0,1-25,0,1858
2804,1.0,1,0,2,1,60,0,0,26-100,0,1858
2805,1.0,1,0,2,1,100,0,0,101-500,0,1858
2806,1.0,1,0,2,1,60,0,0,26-100,0,1858
2807,1.0,1,1,2,0,60,0,0,500-1000,0,1855
2808,1.0,1,1,2,1,60,0,0,26-100,0,1855
2809,1.0,1,0,2,1,60,0,0,26-100,0,1855
2810,1.0,1,1,2,1,60,0,0,26-100,0,1855
2811,1.0,1,1,2,1,60,0,0,101-500,0,1855
2812,1.0,1,1,2,1,60,0,0,101-500,0,1855
2813,1.0,1,1,2,1,100,0,0,101-500,0,1855
2814,1.0,1,1,2,0,60,0,0,26-100,0,1855
2815,1.0,1,1,2,1,60,0,0,26-100,0,1855
2816,1.0,1,0,2,1,60,0,0,26-100,0,1855
2817,1.0,1,0,2,1,100,0,0,26-100,0,1855
2818,1.0,1,1,2,0,100,0,0,500-1000,0,1855
2819,1.0,1,1,2,0,60,0,0,1-25,0,1855
2820,1.0,1,1,2,3,60,0,0,500-1000,0,1855
2824,1.0,1,0,2,1,100,0,0,26-100,0,1855
2825,1.0,1,0,2,1,60,0,0,26-100,0,1854
2826,1.0,1,1,2,0,60,0,0,26-100,0,1854
2827,1.0,1,1,2,0,60,0,0,26-100,0,1854
2828,1.0,1,1,2,101,60,0,0,500-1000,0,1853
2829,1.0,1,1,2,1,60,0,0,26-100,0,1853
2831,1.0,1,1,2,1,60,0,0,26-100,0,1853
2832,1.0,1,0,2,1,60,0,0,26-100,0,1853
2833,1.0,1,1,2,2,60,0,0,500-1000,0,1853
2834,1.0,1,1,2,1,60,0,0,26-100,0,1853
2835,1.0,1,1,2,1,100,0,0,1-25,0,1853
2836,1.0,1,0,2,1,100,0,0,26-100,0,1853
2838,1.0,1,1,2,0,100,0,0,26-100,0,1853
2839,1.0,1,1,2,2,60,0,0,26-100,0,1853
2840,1.0,1,1,2,3,100,0,0,1-25,0,1853
2841,1.0,1,1,2,2,100,0,0,26-100,0,1853
2842,1.0,1,1,2,2,100,0,0,101-500,0,1853
2845,1.0,1,1,2,5,60,0,0,26-100,0,1853
2846,1.0,1,1,2,0,60,0,0,26-100,0,1853
2847,1.0,1,1,2,2,100,0,0,26-100,0,1853
2848,1.0,1,1,2,0,60,0,0,26-100,0,1853
2849,1.0,1,1,2,1,60,0,0,1-25,0,1852
2850,1.0,1,1,2,1,100,0,0,26-100,0,1852
2851,1.0,1,1,2,5,60,0,0,26-100,0,1852
2852,1.0,1,1,2,3,60,0,0,26-100,0,1852
2853,1.0,1,1,2,3,60,0,0,26-100,0,1852
2854,1.0,1,1,2,0,60,0,0,26-100,0,1852
2855,1.0,1,0,2,1,60,0,0,26-100,0,1852
2856,1.0,1,1,2,0,60,0,0,101-500,0,1852
2857,1.0,1,0,2,1,60,0,0,26-100,0,1852
2858,1.0,1,0,2,1,60,0,0,1-25,0,1852
2859,1.0,1,0,2,1,60,0,0,101-500,0,1852
2860,1.0,1,1,2,4,60,0,0,26-100,0,1852
2862,1.0,1,1,2,1,100,0,0,26-100,0,1852
2863,1.0,1,1,2,5,60,0,0,26-100,0,1852
2864,1.0,1,1,2,1,100,0,0,1-25,0,1852
2866,1.0,1,1,2,7,100,0,0,26-100,0,1851
2867,1.0,1,1,2,1,60,0,0,101-500,0,1851
2870,1.0,1,1,2,1,60,0,0,101-500,0,1851
2871,1.0,1,0,2,1,60,0,0,26-100,0,1851
2875,1.0,1,1,2,1,100,0,0,500-1000,0,1845
2876,1.0,1,0,2,1,60,0,0,26-100,0,1844
2879,1.0,1,1,2,5,60,0,0,101-500,0,1841
2883,1.0,1,0,2,1,60,0,0,26-100,0,1837
2884,1.0,1,1,2,5,60,0,0,26-100,0,1834
2886,1.0,1,1,2,2,100,0,0,26-100,0,1834
2890,1.0,1,0,2,1,100,0,0,26-100,0,1832
2896,1.0,1,0,2,1,60,0,0,More than 1000,0,1820
2897,1.0,1,1,2,1,100,0,0,More than 1000,0,1820
2898,1.0,1,0,2,1,60,0,0,26-100,0,1819
2899,1.0,1,0,2,1,60,0,0,1-25,0,1818
2900,1.0,1,0,2,1,60,0,0,26-100,0,1818
2901,1.0,1,0,2,1,100,0,0,1-25,0,1818
2903,1.0,1,0,2,1,60,0,0,101-500,0,1818
2904,1.0,1,0,2,1,100,0,0,26-100,0,1818
2905,1.0,1,0,2,1,60,0,0,26-100,0,1817
2906,1.0,1,1,2,2,100,0,0,26-100,0,1817
2908,1.0,1,0,2,1,60,0,0,26-100,0,1813
2911,1.0,1,0,2,1,60,0,0,26-100,0,1798
2912,1.0,1,1,2,2,60,0,0,1-25,0,1798
2915,1.0,1,0,2,1,60,0,0,1-25,0,1797
2916,1.0,1,0,2,1,60,0,0,1-25,0,1797
2917,1.0,1,0,2,1,60,0,0,1-25,0,1797
2918,1.0,1,0,2,1,60,0,0,101-500,0,1796
2920,1.0,1,0,2,1,60,0,0,1-25,0,1796
2921,1.0,1,0,2,1,60,0,0,26-100,0,1796
2925,1.0,1,0,2,1,100,0,0,101-500,0,1792
2927,1.0,1,0,2,1,100,0,0,1-25,0,1791
2929,1.0,1,0,2,1,100,0,0,1-25,0,1790
2930,1.0,1,0,2,1,60,0,0,1-25,0,1790
2931,1.0,1,0,2,1,60,0,0,26-100,0,1789
2932,1.0,1,0,2,1,60,0,0,1-25,0,1789
2933,1.0,1,0,2,1,100,0,0,1-25,0,1788
2934,1.0,1,0,2,1,60,0,0,1-25,0,1788
2935,1.0,1,0,2,1,60,0,0,26-100,0,1788
2936,1.0,1,0,2,1,60,0,0,1-25,0,1785
2937,1.0,1,0,2,1,60,0,0,101-500,0,1785
2938,1.0,1,0,2,1,60,0,0,26-100,0,1785
2939,1.0,1,0,2,1,60,0,0,26-100,0,1785
2940,1.0,1,0,2,1,60,0,0,26-100,0,1785
2941,1.0,1,0,2,1,60,0,0,26-100,0,1784
2942,1.0,1,0,2,1,60,0,0,1-25,0,1784
2943,1.0,1,0,2,1,60,0,0,1-25,0,1784
2944,1.0,1,0,2,1,100,0,0,101-500,0,1784
2945,1.0,1,0,2,1,60,0,0,26-100,0,1784
2946,1.0,1,1,2,0,100,0,0,101-500,0,1784
2947,1.0,1,0,2,1,60,0,0,500-1000,0,1784
2948,1.0,1,0,2,1,60,0,0,1-25,0,1784
2949,1.0,1,0,2,1,60,0,0,101-500,0,1784
2950,1.0,1,1,2,0,100,0,0,101-500,0,1784
2951,1.0,1,1,2,0,60,0,0,1-25,0,1784
2952,1.0,1,1,2,1,60,0,0,1-25,0,1784
2953,1.0,1,0,2,1,60,0,0,101-500,0,1783
2954,1.0,1,0,2,1,60,0,0,26-100,0,1783
2955,1.0,1,0,2,1,60,0,0,1-25,0,1783
2956,1.0,1,0,2,1,60,0,0,101-500,0,1782
2957,1.0,1,1,2,7,100,0,0,1-25,0,1782
2958,1.0,1,0,2,1,60,0,0,1-25,0,1782
2959,1.0,1,1,2,4,60,0,0,26-100,0,1782
2960,1.0,1,0,2,1,60,0,0,1-25,0,1782
2961,1.0,1,0,2,1,60,0,0,1-25,0,1782
2962,1.0,1,1,2,2,60,0,0,1-25,0,1782
2963,1.0,1,1,2,1,100,0,0,1-25,0,1782
2964,1.0,1,1,2,1,60,0,0,1-25,0,1782
2966,1.0,1,1,2,1,100,0,0,26-100,0,1782
2967,1.0,1,1,2,0,100,0,0,1-25,0,1781
2968,1.0,1,1,2,0,100,0,0,1-25,0,1781
2969,1.0,1,1,2,0,100,0,0,26-100,0,1781
2970,1.0,1,1,2,22,60,0,0,101-500,0,1781
2971,1.0,1,0,2,1,100,0,0,1-25,0,1781
2972,1.0,1,0,2,1,100,0,0,1-25,0,1781
2973,1.0,1,0,2,1,100,0,0,1-25,0,1781
2974,1.0,1,1,2,2,60,0,0,101-500,0,1781
2975,1.0,1,1,2,2,100,0,0,26-100,0,1781
2976,1.0,1,1,2,0,60,0,0,26-100,0,1781
2977,1.0,1,0,2,1,100,0,0,1-25,0,1781
2978,1.0,1,0,2,1,100,0,0,1-25,0,1778
2979,1.0,1,0,2,1,60,0,0,26-100,0,1778
2980,1.0,1,0,2,1,100,0,0,1-25,0,1778
2981,1.0,1,0,2,1,60,0,0,26-100,0,1778
2982,1.0,1,0,2,1,60,0,0,1-25,0,1778
2983,1.0,1,0,2,1,60,0,0,1-25,0,1778
2984,1.0,1,1,2,0,100,0,0,1-25,0,1778
2985,1.0,1,0,2,1,60,0,0,1-25,0,1777
2986,1.0,1,0,2,1,60,0,0,1-25,0,1777
2987,1.0,1,0,2,1,60,0,0,1-25,0,1777
2988,1.0,1,0,2,1,60,0,0,1-25,0,1777
2989,1.0,1,0,2,1,60,0,0,1-25,0,1777
2990,1.0,1,0,2,1,60,0,0,1-25,0,1777
2991,1.0,1,1,2,0,100,0,0,26-100,0,1776
2992,1.0,1,1,2,0,60,0,0,26-100,0,1776
2993,1.0,1,1,2,0,100,0,0,26-100,0,1776
2994,1.0,1,0,2,1,100,0,0,1-25,0,1776
2997,1.0,1,0,2,1,60,0,0,26-100,0,1776
2998,1.0,1,0,2,1,60,0,0,101-500,0,1776
2999,1.0,1,0,2,1,60,0,0,1-25,0,1776
3000,1.0,1,0,2,1,60,0,0,101-500,0,1775
3001,1.0,1,0,2,1,60,0,0,1-25,0,1775
3002,1.0,1,0,2,1,60,0,0,1-25,0,1775
3003,1.0,1,0,2,1,60,0,0,26-100,0,1774
3004,1.0,1,0,2,1,60,0,0,26-100,0,1774
3005,1.0,1,1,2,0,100,0,0,26-100,0,1774
3006,1.0,1,0,2,1,100,0,0,1-25,0,1774
3007,1.0,1,1,2,0,100,0,0,1-25,0,1774
3009,1.0,1,1,2,0,100,0,0,1-25,0,1774
3010,1.0,1,1,2,0,100,0,0,1-25,0,1774
3011,1.0,1,0,2,1,60,0,0,1-25,0,1773
3012,1.0,1,0,2,1,60,0,0,1-25,0,1773
3013,1.0,1,1,2,3,60,0,0,500-1000,0,1773
3014,1.0,1,1,2,0,100,0,0,26-100,0,1773
3015,1.0,1,1,2,0,60,0,0,101-500,0,1773
3016,1.0,1,1,2,0,100,0,0,1-25,0,1773
3017,1.0,1,1,2,0,60,0,0,26-100,0,1773
3018,1.0,1,1,2,0,60,0,0,1-25,0,1773
3020,1.0,1,0,2,1,60,0,0,1-25,0,1772
3021,1.0,1,0,2,1,60,0,0,1-25,0,1772
3022,1.0,1,0,2,1,100,0,0,1-25,0,1771
3023,0.0,1,0,2,1,60,0,0,101-500,0,1770
3024,1.0,1,0,2,1,60,0,0,1-25,0,1769
3025,1.0,1,0,2,1,60,0,0,1-25,0,1769
3026,1.0,1,0,2,1,60,0,0,1-25,0,1769
3027,1.0,1,0,2,1,60,0,0,1-25,0,1769
3029,1.0,1,0,2,1,60,0,0,1-25,0,1769
3031,1.0,1,0,2,1,60,0,0,1-25,0,1768
3032,1.0,1,0,2,1,60,0,0,1-25,0,1768
3033,1.0,1,0,2,1,60,0,0,1-25,0,1767
3034,1.0,1,0,2,1,60,0,0,101-500,0,1764
3035,1.0,1,1,2,2,100,0,0,26-100,0,1764
3036,1.0,1,1,2,3,100,0,0,26-100,0,1764
3037,0.0,1,1,2,10,100,0,0,26-100,0,1764
3039,1.0,1,1,2,105,100,0,0,101-500,0,1763
3040,1.0,1,1,2,0,100,0,0,101-500,0,1763
3041,1.0,1,0,2,1,60,0,0,1-25,0,1763
3043,1.0,1,1,2,4,100,0,0,1-25,0,1762
3046,1.0,1,0,2,1,100,0,0,1-25,0,1762
3047,1.0,1,0,2,1,100,0,0,1-25,0,1762
3049,1.0,1,0,2,1,100,0,0,1-25,0,1762
3050,1.0,1,0,2,1,60,0,0,1-25,0,1762
3052,1.0,1,0,2,1,100,0,0,1-25,0,1762
3053,1.0,1,0,2,1,100,0,0,26-100,0,1762
3054,1.0,1,1,2,0,60,0,0,101-500,0,1761
3055,1.0,1,1,2,2,60,0,0,500-1000,0,1761
3056,1.0,1,1,2,0,100,0,0,26-100,0,1761
3057,1.0,1,1,2,1,60,0,0,101-500,0,1761
3058,1.0,1,1,2,0,60,0,0,26-100,0,1761
3059,1.0,1,0,2,1,100,0,0,26-100,0,1761
3060,1.0,1,0,2,1,60,0,0,26-100,0,1761
3062,1.0,1,0,2,1,100,0,0,1-25,0,1761
3064,1.0,1,1,2,3,100,0,0,101-500,0,1761
3065,1.0,1,1,2,3,100,0,0,500-1000,0,1761
3066,1.0,1,1,2,2,100,0,0,500-1000,0,1761
3067,1.0,1,1,2,3,60,0,0,500-1000,0,1761
3068,1.0,1,1,2,0,100,0,0,1-25,0,1761
3069,1.0,1,1,2,3,60,0,0,101-500,0,1761
3070,1.0,1,1,2,3,60,0,0,26-100,0,1761
3071,1.0,1,1,2,1,100,0,0,26-100,0,1761
3072,1.0,1,1,2,1,100,0,0,26-100,0,1761
3073,1.0,1,1,2,1,60,0,0,101-500,0,1761
3074,1.0,1,0,2,1,60,0,0,101-500,0,1761
3075,1.0,1,1,2,1,100,0,0,101-500,0,1761
3076,1.0,1,1,2,1,100,0,0,26-100,0,1760
3078,1.0,1,0,2,1,60,0,0,26-100,0,1760
3079,1.0,1,1,2,0,100,0,0,1-25,0,1760
3081,1.0,1,1,2,3,60,0,0,1-25,0,1760
3082,1.0,1,0,2,1,100,0,0,1-25,0,1760
3084,1.0,1,0,2,1,100,0,0,1-25,0,1760
3087,1.0,1,0,2,1,100,0,0,1-25,0,1760
3088,1.0,1,0,2,1,100,0,0,1-25,0,1760
3089,1.0,1,1,2,3,60,0,0,1-25,0,1760
3091,1.0,1,1,2,13,100,0,0,101-500,0,1760
3092,1.0,1,0,2,1,100,0,0,1-25,0,1760
3093,1.0,1,1,2,2,100,0,0,101-500,0,1760
3098,1.0,1,0,2,1,100,0,0,101-500,0,1760
3100,1.0,1,1,2,4,60,0,0,101-500,0,1760
3102,1.0,1,1,2,2,100,0,0,1-25,0,1760
3104,1.0,1,1,2,2,60,0,0,500-1000,0,1760
3105,1.0,1,1,2,2,100,0,0,500-1000,0,1760
3107,1.0,1,1,2,2,60,0,0,101-500,0,1760
3109,1.0,1,1,2,2,100,0,0,26-100,0,1760
3111,1.0,1,1,2,4,100,0,0,1-25,0,1760
3113,1.0,1,1,2,3,60,0,0,101-500,0,1757
3116,1.0,1,1,2,2,100,0,0,101-500,0,1757
3118,1.0,1,0,2,1,60,0,0,26-100,0,1757
3119,1.0,1,0,2,1,60,0,0,26-100,0,1757
3121,1.0,1,1,2,6,60,0,0,26-100,0,1757
3125,1.0,1,1,2,5,100,0,0,101-500,0,1757
3131,1.0,1,1,2,11,100,0,0,26-100,0,1756
3139,1.0,1,1,2,4,60,0,0,500-1000,0,1755
3143,1.0,1,0,2,1,100,0,0,1-25,0,1755
3145,1.0,1,1,2,2,60,0,0,26-100,0,1755
3147,1.0,1,1,2,2,100,0,0,1-25,0,1755
3150,1.0,1,0,2,1,60,0,0,26-100,0,1754
3152,1.0,1,0,2,1,100,0,0,101-500,0,1754
3153,1.0,1,1,2,1,100,0,0,26-100,0,1754
3155,1.0,1,1,2,1,100,0,0,1-25,0,1754
3156,1.0,1,1,2,0,100,0,0,26-100,0,1754
3157,1.0,1,1,2,0,60,0,0,101-500,0,1754
3158,1.0,1,1,2,2,100,0,0,500-1000,0,1754
3159,1.0,1,0,2,1,60,0,0,26-100,0,1754
3160,1.0,1,1,2,0,60,0,0,1-25,0,1754
3161,1.0,1,1,2,1,60,0,0,1-25,0,1754
3163,1.0,1,1,2,4,100,0,0,1-25,0,1753
3164,1.0,1,1,2,2,100,0,0,500-1000,0,1753
3166,1.0,1,1,2,1,60,0,0,26-100,0,1753
3168,1.0,1,0,2,1,60,0,0,1-25,0,1753
3169,1.0,1,0,2,1,60,0,0,101-500,0,1753
3171,1.0,1,1,2,2,60,0,0,26-100,0,1749
3173,1.0,1,1,2,1,100,0,0,1-25,0,1749
3174,1.0,1,0,2,1,60,0,0,26-100,0,1749
3176,1.0,1,0,2,1,60,0,0,1-25,0,1748
3178,1.0,1,0,2,1,60,0,0,1-25,0,1748
3179,1.0,1,0,2,1,100,0,0,1-25,0,1748
3181,1.0,1,1,2,1,100,0,0,1-25,0,1748
3183,1.0,1,1,2,0,60,0,0,26-100,0,1747
3184,1.0,1,1,2,0,60,0,0,1-25,0,1747
3185,1.0,1,1,2,0,60,0,0,1-25,0,1747
3186,1.0,1,1,2,0,100,0,0,1-25,0,1747
3187,1.0,1,1,2,0,100,0,0,1-25,0,1747
3188,1.0,1,1,2,0,60,0,0,1-25,0,1747
3189,1.0,1,1,2,0,60,0,0,26-100,0,1747
3194,1.0,1,1,2,0,100,0,0,26-100,0,1747
3196,1.0,1,1,2,0,100,0,0,1-25,0,1747
3197,1.0,1,1,2,0,100,0,0,26-100,0,1747
3198,1.0,1,1,2,0,60,0,0,101-500,0,1747
3199,1.0,1,1,2,0,60,0,0,26-100,0,1747
3203,1.0,1,1,2,100,60,0,0,1-25,0,1747
3205,1.0,1,1,2,100,60,0,0,26-100,0,1747
3206,1.0,1,1,2,100,100,0,0,1-25,0,1747
3209,1.0,1,1,2,0,60,0,0,101-500,0,1747
3214,1.0,1,1,2,100,100,0,0,1-25,0,1747
3218,1.0,1,1,2,100,60,0,0,26-100,0,1747
3220,1.0,1,1,2,100,60,0,0,1-25,0,1747
3221,1.0,1,1,2,0,60,0,0,1-25,0,1747
3223,1.0,1,0,2,1,60,0,0,26-100,0,1747
3225,1.0,1,1,2,100,100,0,0,1-25,0,1746
3226,1.0,1,1,2,100,60,0,0,26-100,0,1746
3228,1.0,1,1,2,100,100,0,0,26-100,0,1746
3229,1.0,1,1,2,4,100,0,0,1-25,0,1746
3238,1.0,1,1,2,100,100,0,0,26-100,0,1746
3241,1.0,1,0,2,1,60,0,0,26-100,0,1746
3242,1.0,1,1,2,100,60,0,0,1-25,0,1746
3249,1.0,1,1,2,100,100,0,0,26-100,0,1743
3250,1.0,1,1,2,100,100,0,0,26-100,0,1743
3251,1.0,1,1,2,4,60,0,0,101-500,0,1743
3257,1.0,1,1,2,2,100,0,0,1-25,0,1743
3258,1.0,1,1,2,100,100,0,0,26-100,0,1743
3261,1.0,1,1,2,100,60,0,0,101-500,0,1743
3263,1.0,1,1,2,100,60,0,0,101-500,0,1743
3264,1.0,1,1,2,100,100,0,0,26-100,0,1743
3265,1.0,1,1,2,100,60,0,0,26-100,0,1743
3266,1.0,1,1,2,100,100,0,0,26-100,0,1743
3267,1.0,1,1,2,100,100,0,0,1-25,0,1743
3268,1.0,1,0,2,1,60,0,0,101-500,0,1743
3269,1.0,1,1,2,100,60,0,0,26-100,0,1743
3270,1.0,1,1,2,0,60,0,0,26-100,0,1743
3271,1.0,1,1,2,100,100,0,0,101-500,0,1742
3272,1.0,1,1,2,0,100,0,0,1-25,0,1742
3273,1.0,1,0,2,1,100,0,0,1-25,0,1742
3275,1.0,1,1,2,1,100,0,0,1-25,0,1742
3277,1.0,1,1,2,2,100,0,0,26-100,0,1742
3279,1.0,1,0,2,1,100,0,0,1-25,0,1742
3280,1.0,1,1,2,100,100,0,0,26-100,0,1742
3281,1.0,1,1,2,100,100,0,0,26-100,0,1742
3282,1.0,1,1,2,100,100,0,0,26-100,0,1742
3283,1.0,1,1,2,100,100,0,0,101-500,0,1742
3284,1.0,1,1,2,100,60,0,0,1-25,0,1742
3285,1.0,1,1,2,0,100,0,0,26-100,0,1742
3286,1.0,1,0,2,1,60,0,0,26-100,0,1742
3288,1.0,1,1,2,4,100,0,0,1-25,0,1742
3289,1.0,1,1,2,2,100,0,0,26-100,0,1742
3291,1.0,1,1,2,100,100,0,0,101-500,0,1742
3292,1.0,1,1,2,100,100,0,0,26-100,0,1742
3293,1.0,1,1,2,100,60,0,0,101-500,0,1742
3294,1.0,1,1,2,100,60,0,0,1-25,0,1742
3297,1.0,1,0,1,1,100,0,0,1-25,0,1742
3298,1.0,1,1,2,100,100,0,0,1-25,0,1742
3299,1.0,1,1,2,100,100,0,0,26-100,0,1742
3303,1.0,1,1,2,100,60,0,0,26-100,0,1742
3304,1.0,1,1,2,100,100,0,0,26-100,0,1742
3305,1.0,1,1,2,100,60,0,0,26-100,0,1742
3306,1.0,1,1,2,0,100,0,0,101-500,0,1742
3307,1.0,1,0,2,1,60,0,0,101-500,0,1742
3308,1.0,1,0,2,1,60,0,0,101-500,0,1742
3309,1.0,1,0,2,1,60,0,0,26-100,0,1742
3310,1.0,1,0,2,1,100,0,0,26-100,0,1742
3311,1.0,1,0,2,1,100,0,0,101-500,0,1742
3312,1.0,1,0,2,1,100,0,0,26-100,0,1742
3313,1.0,1,0,2,1,100,0,0,500-1000,0,1742
3314,1.0,1,0,2,1,60,0,0,26-100,0,1742
3315,1.0,1,0,2,1,100,0,0,26-100,0,1742
3316,1.0,1,0,2,1,60,0,0,1-25,0,1742
3317,1.0,1,1,2,4,100,0,0,26-100,0,1742
3318,1.0,1,1,2,3,60,0,0,1-25,0,1741
3320,1.0,1,1,2,2,100,0,0,1-25,0,1741
3322,1.0,1,1,2,1,100,0,0,101-500,0,1741
3324,1.0,1,0,2,1,60,0,0,1-25,0,1741
3325,1.0,1,1,2,100,100,0,0,1-25,0,1741
3327,1.0,1,1,2,100,60,0,0,26-100,0,1741
3328,1.0,1,1,2,3,60,0,0,26-100,0,1741
3329,1.0,1,1,2,0,100,0,0,26-100,0,1741
3330,1.0,1,1,2,100,60,0,0,26-100,0,1741
3332,1.0,1,1,2,100,60,0,0,1-25,0,1741
3333,1.0,1,1,2,100,100,0,0,1-25,0,1741
3334,1.0,1,1,2,100,100,0,0,1-25,0,1741
3336,1.0,1,0,2,1,60,0,0,26-100,0,1739
3337,1.0,1,1,2,3,60,0,0,26-100,0,1739
3339,1.0,1,0,2,1,60,0,0,26-100,0,1739
3340,1.0,1,1,2,2,100,0,0,26-100,0,1739
3341,1.0,1,1,2,100,100,0,0,101-500,0,1739
3342,1.0,1,1,2,100,60,0,0,101-500,0,1739
3343,1.0,1,1,2,4,100,0,0,26-100,0,1739
3344,1.0,1,1,2,4,60,0,0,26-100,0,1739
3345,1.0,1,1,2,15,60,0,0,1-25,0,1739
3346,1.0,1,0,2,1,60,0,0,26-100,0,1736
3347,1.0,1,0,2,1,60,0,0,1-25,0,1736
3348,1.0,1,0,2,1,60,0,0,1-25,0,1736
3349,1.0,1,0,2,1,60,0,0,1-25,0,1736
3350,1.0,1,0,2,1,60,0,0,1-25,0,1736
3351,1.0,1,0,2,1,60,0,0,1-25,0,1735
3352,1.0,1,1,2,3,60,0,0,1-25,0,1735
3353,1.0,1,1,2,2,60,0,0,1-25,0,1733
3354,1.0,1,1,2,2,60,0,0,1-25,0,1732
3355,1.0,1,1,2,2,60,0,0,1-25,0,1732
3356,1.0,1,1,2,2,60,0,0,1-25,0,1732
3357,1.0,1,1,2,2,60,0,0,1-25,0,1732
3358,1.0,1,1,2,2,60,0,0,1-25,0,1732
3359,1.0,1,1,2,2,60,0,0,1-25,0,1732
3360,1.0,1,1,2,2,60,0,0,1-25,0,1732
3361,1.0,1,1,2,2,60,0,0,1-25,0,1732
3362,1.0,1,1,2,6,60,0,0,1-25,0,1732
3363,1.0,1,1,2,2,60,0,0,1-25,0,1732
3364,1.0,1,0,2,1,60,0,0,26-100,0,1732
3365,1.0,1,0,2,1,60,0,0,26-100,0,1732
3366,1.0,1,1,2,2,60,0,0,1-25,0,1732
3367,1.0,1,0,2,1,60,0,0,1-25,0,1732
3368,1.0,1,1,2,1,60,0,0,1-25,0,1729
3369,1.0,1,1,2,1,60,0,0,1-25,0,1728
3370,1.0,1,1,2,1,60,0,0,1-25,0,1728
3371,1.0,1,1,2,5,60,0,0,1-25,0,1728
3372,1.0,1,1,2,100,60,0,0,26-100,0,1728
3373,1.0,1,0,2,1,60,0,0,1-25,0,1728
3374,1.0,1,1,2,2,100,0,0,26-100,0,1728
3375,1.0,1,1,2,2,100,0,0,26-100,0,1728
3376,1.0,1,1,2,100,60,0,0,1-25,0,1728
3377,1.0,1,1,2,2,60,0,0,26-100,0,1728
3378,1.0,1,1,2,100,60,0,0,1-25,0,1727
3379,1.0,1,1,2,100,60,0,0,1-25,0,1727
3380,1.0,1,1,2,100,60,0,0,1-25,0,1727
3381,1.0,1,1,2,100,60,0,0,1-25,0,1727
3382,1.0,1,1,2,100,60,0,0,1-25,0,1727
3383,1.0,1,1,2,100,60,0,0,1-25,0,1727
3384,1.0,1,0,2,1,60,0,0,1-25,0,1727
3389,1.0,1,1,2,100,100,0,0,101-500,0,1725
3390,1.0,1,1,2,4,100,0,0,26-100,0,1725
3394,1.0,1,0,2,1,60,0,0,26-100,0,1722
3395,1.0,1,1,2,0,60,0,0,1-25,0,1722
3396,1.0,1,1,2,0,60,0,0,1-25,0,1722
3397,1.0,1,1,2,0,60,0,0,1-25,0,1722
3400,1.0,1,0,2,1,60,0,0,1-25,0,1720
3401,1.0,1,1,1,14,100,0,0,26-100,0,1720
3402,1.0,1,0,2,1,100,0,0,26-100,0,1720
3403,1.0,1,0,2,1,100,0,0,101-500,0,1720
3404,1.0,1,0,2,1,60,0,0,26-100,0,1720
3405,1.0,1,0,2,1,100,0,0,1-25,0,1720
3406,1.0,1,0,2,1,60,0,0,26-100,0,1720
3407,1.0,1,1,2,4,100,0,0,26-100,0,1720
3408,1.0,1,0,2,1,60,0,0,1-25,0,1719
3410,1.0,1,0,2,1,100,0,0,26-100,0,1718
3412,1.0,1,1,2,2,100,0,0,26-100,0,1717
3413,1.0,1,1,2,2,100,0,0,26-100,0,1717
3414,1.0,1,1,2,2,100,0,0,26-100,0,1716
3415,1.0,1,1,2,2,100,0,0,26-100,0,1716
3417,1.0,1,1,2,2,60,0,0,1-25,0,1701
3418,1.0,1,1,2,2,60,0,0,1-25,0,1701
3419,1.0,1,1,2,1,60,0,0,1-25,0,1701
3420,1.0,1,1,2,100,60,0,0,1-25,0,1701
3424,1.0,1,0,2,1,60,0,0,26-100,0,1700
3425,1.0,1,1,2,1,60,0,0,1-25,0,1700
3427,1.0,1,0,2,1,60,0,0,1-25,0,1699
3428,1.0,1,0,2,1,60,0,0,1-25,0,1699
3429,1.0,1,1,2,4,100,0,0,26-100,0,1699
3430,1.0,1,1,2,13,60,0,0,1-25,0,1699
3431,1.0,1,0,2,1,60,0,0,26-100,0,1699
3432,1.0,1,0,2,1,60,0,0,26-100,0,1699
3433,1.0,1,1,2,2,60,0,0,1-25,0,1699
3435,1.0,1,1,2,100,60,0,0,101-500,0,1699
3436,1.0,1,0,2,1,60,0,0,1-25,0,1699
3437,1.0,1,1,2,100,60,0,0,26-100,0,1699
3438,1.0,1,0,2,1,60,0,0,1-25,0,1699
3439,1.0,1,0,2,1,60,0,0,1-25,0,1699
3440,1.0,1,0,2,1,60,0,0,1-25,0,1699
3441,1.0,1,1,2,2,60,0,0,1-25,0,1698
3442,1.0,1,0,2,1,60,0,0,1-25,0,1698
3443,1.0,1,1,2,100,60,0,0,26-100,0,1698
3444,1.0,1,1,2,1,100,0,0,1-25,0,1698
3445,1.0,1,1,2,100,100,0,0,1-25,0,1698
3446,1.0,1,1,2,2,100,0,0,26-100,0,1698
3447,1.0,1,1,2,2,60,0,0,500-1000,0,1698
3448,1.0,1,1,2,0,60,0,0,26-100,0,1698
3449,1.0,1,0,2,1,60,0,0,26-100,0,1698
3450,1.0,1,0,2,1,60,0,0,26-100,0,1697
3451,1.0,1,1,2,4,60,0,0,26-100,0,1697
3452,1.0,1,1,2,5,60,0,0,1-25,0,1697
3453,1.0,1,1,2,1,100,0,0,1-25,0,1697
3454,1.0,1,1,2,2,100,0,0,1-25,0,1694
3455,1.0,1,1,2,0,100,0,0,26-100,0,1694
3456,1.0,1,1,2,2,60,0,0,1-25,0,1694
3457,1.0,1,0,2,1,60,0,0,1-25,0,1694
3458,1.0,1,1,2,2,60,0,0,26-100,0,1694
3459,1.0,1,0,2,1,60,0,0,26-100,0,1694
3460,1.0,1,1,2,3,60,0,0,500-1000,0,1694
3461,1.0,1,1,2,2,100,0,0,26-100,0,1694
3462,1.0,1,1,2,4,100,0,0,1-25,0,1694
3463,1.0,1,1,2,100,100,0,0,26-100,0,1694
3464,1.0,1,1,2,1,60,0,0,101-500,0,1694
3466,1.0,1,0,2,1,60,0,0,1-25,0,1694
3467,1.0,1,1,2,2,60,0,0,1-25,0,1693
3468,1.0,1,0,2,1,60,0,0,26-100,0,1693
3469,1.0,1,0,2,1,100,0,0,26-100,0,1693
3470,1.0,1,1,2,3,60,0,0,26-100,0,1693
3472,1.0,1,1,2,1,60,0,0,101-500,0,1693
3473,1.0,1,1,2,1,60,0,0,1-25,0,1693
3475,1.0,1,0,2,1,60,0,0,26-100,0,1693
3476,1.0,1,1,2,0,60,0,0,26-100,0,1693
3478,1.0,1,0,2,1,60,0,0,26-100,0,1692
3481,1.0,1,1,2,2,60,0,0,1-25,0,1692
3482,1.0,1,0,2,1,100,0,0,26-100,0,1692
3483,1.0,1,1,2,1,100,0,0,26-100,0,1692
3484,1.0,1,1,2,5,60,0,0,26-100,0,1692
3492,1.0,1,1,2,4,100,0,0,26-100,0,1692
3498,1.0,1,1,2,1,60,0,0,26-100,0,1691
3499,1.0,1,1,2,3,100,0,0,26-100,0,1691
3500,1.0,1,1,2,1,60,0,0,101-500,0,1691
3501,1.0,1,1,2,3,100,0,0,1-25,0,1691
3502,1.0,1,1,2,9,60,0,0,26-100,0,1691
3503,1.0,1,0,2,1,60,0,0,26-100,0,1691
3504,1.0,1,0,2,1,60,0,0,26-100,0,1691
3508,1.0,1,1,2,1,100,0,0,1-25,0,1691
3510,1.0,1,0,2,1,60,0,0,1-25,0,1691
3512,1.0,1,1,2,0,60,0,0,101-500,0,1691
3513,1.0,1,1,2,0,60,0,0,26-100,0,1690
3514,1.0,1,1,2,0,60,0,0,1-25,0,1690
3515,1.0,1,0,2,1,60,0,0,26-100,0,1690
3516,1.0,1,0,2,1,60,0,0,26-100,0,1690
3518,1.0,1,0,2,1,60,0,0,1-25,0,1690
3536,1.0,1,1,2,3,60,0,0,1-25,0,1687
3538,1.0,1,0,2,1,60,0,0,500-1000,0,1686
3549,1.0,1,0,2,1,60,0,0,101-500,0,1685
3550,1.0,1,0,2,1,60,0,0,26-100,0,1685
3551,1.0,1,0,2,1,60,0,0,1-25,0,1685
3552,1.0,1,0,2,1,60,0,0,26-100,0,1685
3553,1.0,1,0,2,1,60,0,0,26-100,0,1685
3554,1.0,1,0,2,1,60,0,0,26-100,0,1684
3555,1.0,1,0,2,1,60,0,0,1-25,0,1684
3557,1.0,1,1,2,2,60,0,0,1-25,0,1684
3558,1.0,1,0,2,1,60,0,0,26-100,0,1683
3560,1.0,1,1,2,4,60,0,0,101-500,0,1683
3561,1.0,1,0,2,1,60,0,0,1-25,0,1683
3562,1.0,1,0,2,1,60,0,0,101-500,0,1683
3563,1.0,1,0,2,1,60,0,0,26-100,0,1683
3564,1.0,1,0,2,1,60,0,0,500-1000,0,1683
3565,1.0,1,0,2,1,60,0,0,101-500,0,1683
3566,1.0,1,0,2,1,60,0,0,26-100,0,1683
3567,1.0,1,0,2,1,60,0,0,26-100,0,1683
3568,1.0,1,1,2,2,60,0,0,1-25,0,1683
3569,1.0,1,0,2,1,60,0,0,26-100,0,1683
3570,1.0,1,0,2,1,60,0,0,1-25,0,1683
3571,1.0,1,0,2,1,60,0,0,1-25,0,1683
3572,1.0,1,0,2,1,60,0,0,26-100,0,1683
3573,1.0,1,0,2,1,60,0,0,1-25,0,1683
3574,1.0,1,0,2,1,60,0,0,26-100,0,1683
3575,1.0,1,0,2,1,60,0,0,101-500,0,1683
3576,1.0,1,1,2,6,60,0,0,26-100,0,1683
3577,1.0,1,1,2,100,60,0,0,1-25,0,1683
3578,1.0,1,1,2,2,60,0,0,1-25,0,1683
3579,1.0,1,0,2,1,60,0,0,1-25,0,1683
3580,1.0,1,0,2,1,60,0,0,1-25,0,1683
3581,1.0,1,0,2,1,60,0,0,1-25,0,1682
3597,1.0,1,1,2,100,60,0,0,26-100,0,1680
3598,1.0,1,1,2,100,60,0,0,26-100,0,1680
3599,1.0,1,1,2,2,60,0,0,1-25,0,1680
3600,1.0,1,1,2,100,60,0,0,26-100,0,1680
3601,1.0,1,0,2,1,60,0,0,1-25,0,1680
3602,1.0,1,0,2,1,60,0,0,101-500,0,1680
3603,1.0,1,1,2,2,60,0,0,1-25,0,1680
3604,1.0,1,1,2,4,60,0,0,26-100,0,1680
3605,1.0,1,0,2,1,60,0,0,26-100,0,1680
3606,1.0,1,1,2,2,60,0,0,1-25,0,1680
3607,1.0,1,1,2,2,60,0,0,1-25,0,1680
3608,1.0,1,1,2,5,60,0,0,26-100,0,1680
3609,1.0,1,1,2,2,60,0,0,1-25,0,1680
3610,1.0,1,0,2,1,60,0,0,1-25,0,1680
3611,1.0,1,1,2,4,60,0,0,26-100,0,1680
3612,1.0,1,1,2,6,60,0,0,26-100,0,1680
3613,1.0,1,1,2,0,60,0,0,1-25,0,1680
3614,1.0,1,1,2,2,100,0,0,26-100,0,1680
3615,1.0,1,1,2,3,100,0,0,26-100,0,1680
3616,1.0,1,1,2,103,60,0,0,26-100,0,1680
3617,1.0,1,1,2,2,100,0,0,26-100,0,1680
3618,1.0,1,0,2,1,100,0,0,26-100,0,1680
3619,1.0,1,1,2,4,60,0,0,26-100,0,1680
3620,1.0,1,1,2,2,100,0,0,26-100,0,1680
3621,1.0,1,1,2,0,100,0,0,1-25,0,1680
3622,1.0,1,1,2,100,60,0,0,101-500,0,1680
3624,1.0,1,1,2,6,60,0,0,26-100,0,1680
3625,1.0,1,0,2,1,60,0,0,26-100,0,1680
3626,1.0,1,1,2,5,60,0,0,1-25,0,1679
3628,1.0,1,1,2,3,60,0,0,26-100,0,1679
3629,1.0,1,1,2,2,60,0,0,1-25,0,1679
3631,1.0,1,1,2,5,60,0,0,26-100,0,1679
3632,1.0,1,0,2,1,100,0,0,1-25,0,1679
3634,1.0,1,0,2,1,60,0,0,1-25,0,1679
3635,1.0,1,0,2,1,60,0,0,26-100,0,1679
3636,1.0,1,0,2,1,60,0,0,26-100,0,1679
3637,1.0,1,0,2,1,60,0,0,1-25,0,1679
3638,1.0,1,0,2,1,60,0,0,26-100,0,1679
3639,1.0,1,1,2,3,100,0,0,101-500,0,1679
3640,1.0,1,1,2,0,60,0,0,26-100,0,1679
3641,1.0,1,1,2,100,60,0,0,1-25,0,1679
3642,1.0,1,1,2,1,60,0,0,101-500,0,1679
3643,1.0,1,1,2,2,60,0,0,26-100,0,1679
3647,1.0,1,1,2,9,60,0,0,101-500,0,1679
3648,1.0,1,0,2,1,100,0,0,1-25,0,1679
3649,1.0,1,0,2,1,60,0,0,1-25,0,1679
3650,1.0,1,1,2,100,100,0,0,1-25,0,1679
3651,1.0,1,1,2,100,100,0,0,26-100,0,1679
3652,1.0,1,1,2,100,100,0,0,101-500,0,1679
3653,1.0,1,1,2,5,60,0,0,26-100,0,1679
3654,1.0,1,1,2,1,60,0,0,26-100,0,1679
3655,1.0,1,0,2,1,60,0,0,1-25,0,1679
3656,1.0,1,0,2,1,60,0,0,101-500,0,1679
3658,1.0,1,1,2,100,100,0,0,101-500,0,1679
3659,1.0,1,1,2,100,60,0,0,26-100,0,1676
3660,1.0,1,0,2,1,60,0,0,26-100,0,1676
3663,1.0,1,1,2,100,100,0,0,1-25,0,1676
3664,1.0,1,0,2,1,60,0,0,26-100,0,1676
3665,1.0,1,0,2,1,60,0,0,26-100,0,1676
3666,1.0,1,1,2,5,100,0,0,26-100,0,1676
3667,1.0,1,1,2,1,60,0,0,26-100,0,1676
3668,1.0,1,1,2,3,60,0,0,1-25,0,1676
3669,1.0,1,1,2,3,60,0,0,1-25,0,1676
3670,1.0,1,1,2,3,60,0,0,26-100,0,1676
3671,1.0,1,1,2,4,60,0,0,26-100,0,1676
3672,1.0,1,1,2,100,60,0,0,101-500,0,1676
3673,1.0,1,1,2,100,60,0,0,26-100,0,1676
3674,1.0,1,1,2,100,60,0,0,26-100,0,1676
3675,1.0,1,1,2,100,60,0,0,1-25,0,1676
3676,1.0,1,1,2,100,60,0,0,1-25,0,1676
3677,1.0,1,0,2,1,60,0,0,1-25,0,1673
3678,1.0,1,1,2,40,60,0,0,26-100,0,1673
3681,1.0,1,1,2,3,100,0,0,1-25,0,1672
3682,1.0,1,1,2,100,100,0,0,26-100,0,1672
3683,1.0,1,1,2,100,60,0,0,1-25,0,1672
3684,1.0,1,1,2,3,60,0,0,1-25,0,1672
3685,1.0,1,1,2,100,60,0,0,26-100,0,1672
3688,1.0,1,1,2,100,60,0,0,26-100,0,1672
3689,1.0,1,1,2,100,60,0,0,26-100,0,1672
3690,1.0,1,1,2,1,60,0,0,26-100,0,1672
3691,1.0,1,1,2,100,100,0,0,26-100,0,1672
3692,1.0,1,1,2,0,60,0,0,500-1000,0,1672
3693,1.0,1,1,2,100,60,0,0,26-100,0,1672
3694,1.0,1,0,2,1,60,0,0,101-500,0,1672
3695,1.0,1,1,2,100,60,0,0,26-100,0,1672
3696,1.0,1,1,2,100,60,0,0,101-500,0,1672
3698,1.0,1,1,2,100,60,0,0,1-25,0,1672
3699,1.0,1,1,2,100,60,0,0,1-25,0,1672
3700,1.0,1,1,2,100,60,0,0,1-25,0,1672
3702,1.0,1,1,2,100,100,0,0,26-100,0,1671
3705,1.0,1,1,2,100,100,0,0,1-25,0,1671
3706,1.0,1,1,2,100,100,0,0,101-500,0,1671
3707,1.0,1,1,2,100,100,0,0,1-25,0,1671
3708,1.0,1,1,2,16,60,0,0,101-500,0,1671
3709,1.0,1,1,2,0,60,0,0,26-100,0,1671
3711,1.0,1,1,2,0,60,0,0,26-100,0,1671
3712,1.0,1,0,2,1,60,0,0,26-100,0,1671
3713,1.0,1,1,2,4,60,0,0,1-25,0,1671
3715,1.0,1,1,2,100,100,0,0,101-500,0,1671
3717,1.0,1,1,2,7,100,0,0,1-25,0,1671
3719,1.0,1,1,2,0,100,0,0,26-100,0,1671
3720,1.0,1,1,2,100,100,0,0,26-100,0,1671
3721,1.0,1,1,2,1,100,0,0,26-100,0,1671
3723,1.0,1,1,2,4,60,0,0,1-25,0,1671
3724,1.0,1,0,2,1,60,0,0,101-500,0,1670
3725,1.0,1,1,2,1,60,0,0,101-500,0,1670
3726,1.0,1,1,2,4,60,0,0,101-500,0,1670
3727,1.0,1,1,2,2,60,0,0,1-25,0,1670
3728,1.0,1,0,2,1,60,0,0,26-100,0,1670
3729,1.0,1,0,2,1,60,0,0,26-100,0,1670
3730,1.0,1,0,2,1,60,0,0,1-25,0,1670
3731,1.0,1,0,2,1,60,0,0,101-500,0,1670
3732,1.0,1,0,2,1,60,0,0,1-25,0,1670
3733,1.0,1,1,2,2,100,0,0,1-25,0,1670
3734,1.0,1,1,2,100,100,0,0,1-25,0,1670
3735,1.0,1,0,2,1,60,0,0,26-100,0,1670
3737,1.0,1,1,2,1,60,0,0,26-100,0,1670
3738,1.0,1,1,2,3,60,0,0,26-100,0,1670
3739,1.0,1,1,2,2,60,0,0,1-25,0,1670
3740,1.0,1,0,2,1,60,0,0,1-25,0,1670
3742,1.0,1,0,2,1,60,0,0,1-25,0,1669
3743,1.0,1,0,2,1,60,0,0,1-25,0,1669
3745,1.0,1,0,2,1,60,0,0,1-25,0,1669
3746,1.0,1,1,1,13,60,0,0,1-25,0,1669
3747,1.0,1,0,2,1,100,0,0,1-25,0,1669
3748,1.0,1,0,2,1,60,0,0,1-25,0,1669
3749,1.0,1,0,2,1,60,0,0,1-25,0,1669
3750,1.0,1,0,2,1,60,0,0,1-25,0,1669
3751,1.0,1,0,2,1,60,0,0,1-25,0,1669
3752,1.0,1,0,2,1,60,0,0,1-25,0,1669
3753,1.0,1,0,2,1,60,0,0,1-25,0,1669
3754,1.0,1,1,2,4,100,0,0,1-25,0,1669
3759,1.0,1,1,2,100,100,0,0,101-500,0,1669
3760,1.0,1,0,2,1,60,0,0,1-25,0,1669
3761,1.0,1,1,2,100,60,0,0,26-100,0,1669
3763,1.0,1,1,2,22,60,0,0,26-100,0,1669
3765,1.0,1,0,2,1,60,0,0,26-100,0,1669
3766,1.0,1,0,2,1,60,0,0,1-25,0,1669
3767,1.0,1,1,2,2,60,0,0,1-25,0,1669
3768,1.0,1,1,2,2,60,0,0,26-100,0,1669
3771,1.0,1,1,2,5,60,0,0,101-500,0,1669
3774,1.0,1,1,2,100,100,0,0,1-25,0,1669
3775,1.0,1,0,2,1,100,0,0,101-500,0,1669
3777,1.0,1,1,2,6,100,0,0,1-25,0,1669
3779,1.0,1,1,2,9,60,0,0,101-500,0,1669
3783,1.0,1,1,2,10,60,0,0,26-100,0,1669
3787,1.0,1,1,2,1,100,0,0,26-100,0,1669
3793,1.0,1,0,2,1,100,0,0,1-25,0,1669
3794,1.0,1,1,2,3,100,0,0,1-25,0,1669
3795,1.0,1,1,2,2,60,0,0,1-25,0,1669
3797,1.0,1,1,2,2,60,0,0,26-100,0,1669
3798,1.0,1,1,2,6,60,0,0,26-100,0,1669
3800,1.0,1,0,2,1,60,0,0,1-25,0,1669
3801,1.0,1,0,2,1,100,0,0,1-25,0,1669
3802,1.0,1,0,2,1,60,0,0,500-1000,0,1666
3803,1.0,1,1,2,100,100,0,0,1-25,0,1666
3805,1.0,1,1,2,7,100,0,0,101-500,0,1666
3806,1.0,1,1,2,12,60,0,0,500-1000,0,1666
3811,1.0,1,1,2,2,100,0,0,26-100,0,1666
3812,1.0,1,1,2,8,100,0,0,1-25,0,1666
3816,1.0,1,1,2,3,60,0,0,500-1000,0,1666
3818,1.0,1,0,2,1,60,0,0,1-25,0,1666
3819,1.0,1,1,1,100,100,0,0,1-25,0,1666
3824,1.0,1,0,2,1,60,0,0,1-25,0,1666
3825,1.0,1,1,2,2,100,0,0,26-100,0,1666
3827,1.0,1,1,2,7,100,0,0,1-25,0,1666
3828,1.0,1,0,2,1,60,0,0,26-100,0,1666
3829,1.0,1,1,2,6,100,0,0,1-25,0,1666
3831,1.0,1,1,2,2,60,0,0,1-25,0,1666
3832,1.0,1,0,2,1,100,0,0,1-25,0,1665
3833,1.0,1,0,2,1,100,0,0,1-25,0,1665
3834,1.0,1,0,2,1,60,0,0,26-100,0,1665
3835,1.0,1,0,2,1,100,0,0,1-25,0,1665
3836,1.0,1,0,2,1,100,0,0,1-25,0,1665
3837,1.0,1,0,2,1,60,0,0,1-25,0,1665
3839,1.0,1,1,2,2,60,0,0,26-100,0,1665
3840,1.0,1,1,2,0,60,0,0,101-500,0,1665
3841,1.0,1,0,2,1,60,0,0,1-25,0,1665
3842,1.0,1,1,2,2,60,0,0,500-1000,0,1665
3844,1.0,1,0,2,1,60,0,0,101-500,0,1665
3845,1.0,1,0,2,1,100,0,0,1-25,0,1665
3846,1.0,1,1,2,2,60,0,0,101-500,0,1665
3847,1.0,1,0,2,1,100,0,0,1-25,0,1665
3848,1.0,1,0,2,1,60,0,0,1-25,0,1665
3852,1.0,1,0,2,1,100,0,0,26-100,0,1664
3853,1.0,1,1,2,100,100,0,0,26-100,0,1664
3854,1.0,1,1,2,100,60,0,0,26-100,0,1664
3855,1.0,1,0,2,1,60,0,0,1-25,0,1664
3856,1.0,1,0,2,1,60,0,0,1-25,0,1664
3857,1.0,1,0,2,1,60,0,0,26-100,0,1664
3858,1.0,1,0,2,1,60,0,0,101-500,0,1664
3859,1.0,1,0,2,1,60,0,0,26-100,0,1664
3860,1.0,1,0,2,1,100,0,0,26-100,0,1664
3861,1.0,1,1,2,2,60,0,0,26-100,0,1664
3862,1.0,1,0,2,1,60,0,0,1-25,0,1664
3863,1.0,1,0,2,1,100,0,0,1-25,0,1664
3864,1.0,1,1,2,3,100,0,0,26-100,0,1664
3866,1.0,1,1,2,3,60,0,0,26-100,0,1664
3867,1.0,1,1,2,3,60,0,0,26-100,0,1664
3868,1.0,1,0,2,1,100,0,0,1-25,0,1664
3869,1.0,1,0,2,1,60,0,0,101-500,0,1664
3870,1.0,1,0,2,1,60,0,0,101-500,0,1664
3871,1.0,1,0,2,1,60,0,0,500-1000,0,1664
3872,1.0,1,0,2,1,60,0,0,101-500,0,1664
3875,1.0,1,1,2,4,60,0,0,26-100,0,1664
3876,1.0,1,1,2,4,100,0,0,26-100,0,1664
3877,1.0,1,1,2,4,60,0,0,26-100,0,1664
3878,1.0,1,0,2,1,60,0,0,26-100,0,1664
3879,1.0,1,0,2,1,100,0,0,26-100,0,1664
3880,1.0,1,1,2,2,60,0,0,101-500,0,1664
3882,1.0,1,1,2,3,60,0,0,500-1000,0,1664
3883,1.0,1,0,2,1,60,0,0,26-100,0,1664
3884,1.0,1,1,2,1,100,0,0,26-100,0,1664
3887,1.0,1,1,2,10,60,0,0,101-500,0,1664
3888,1.0,1,1,2,100,60,0,0,101-500,0,1664
3890,1.0,1,0,2,1,100,0,0,26-100,0,1664
3891,1.0,1,1,2,1,100,0,0,26-100,0,1664
3892,1.0,1,1,2,10,100,0,0,26-100,0,1664
3894,1.0,1,0,2,1,60,0,0,1-25,0,1664
3895,1.0,1,1,2,5,60,0,0,26-100,0,1663
3897,1.0,1,0,2,1,100,0,0,26-100,0,1663
3898,1.0,1,1,1,6,60,0,0,26-100,0,1663
3899,1.0,1,0,2,1,60,0,0,26-100,0,1663
3900,1.0,1,1,2,3,60,0,0,101-500,0,1663
3901,1.0,1,0,2,1,100,0,0,26-100,0,1663
3902,1.0,1,1,2,17,100,0,0,26-100,0,1663
3905,1.0,1,0,2,1,60,0,0,26-100,0,1663
3906,1.0,1,1,2,13,60,0,0,26-100,0,1663
3907,1.0,1,0,2,1,60,0,0,500-1000,0,1663
3910,1.0,1,0,2,1,60,0,0,101-500,0,1663
3911,1.0,1,0,2,1,60,0,0,1-25,0,1663
3912,1.0,1,0,2,1,60,0,0,1-25,0,1663
3913,1.0,1,1,2,100,60,0,0,26-100,0,1663
3915,1.0,1,0,2,1,60,0,0,500-1000,0,1663
3916,1.0,1,0,2,1,60,0,0,101-500,0,1663
3917,1.0,1,0,2,1,60,0,0,1-25,0,1663
3918,1.0,1,0,2,1,60,0,0,26-100,0,1663
3919,1.0,1,1,2,5,100,0,0,1-25,0,1663
3921,1.0,1,1,2,2,100,0,0,26-100,0,1663
3923,1.0,1,0,2,1,100,0,0,26-100,0,1663
3924,1.0,1,0,2,1,60,0,0,26-100,0,1663
3925,1.0,1,1,1,8,60,0,0,26-100,0,1663
3927,1.0,1,1,2,0,100,0,0,26-100,0,1663
3928,1.0,1,1,2,0,60,0,0,101-500,0,1663
3929,1.0,1,0,2,1,100,0,0,1-25,0,1663
3930,1.0,1,0,2,1,100,0,0,1-25,0,1663
3931,1.0,1,0,2,1,60,0,0,1-25,0,1663
3932,1.0,1,0,2,1,60,0,0,26-100,0,1663
3933,1.0,1,1,2,0,60,0,0,26-100,0,1663
3935,1.0,1,0,2,1,60,0,0,26-100,0,1659
3936,1.0,1,1,2,4,60,0,0,1-25,0,1659
3937,1.0,1,1,2,2,100,0,0,26-100,0,1659
3940,1.0,1,1,2,3,100,0,0,26-100,0,1659
3941,1.0,1,1,2,1,60,0,0,500-1000,0,1659
3944,1.0,1,1,2,4,60,0,0,26-100,0,1659
3945,1.0,1,1,2,1,60,0,0,101-500,0,1659
3946,1.0,1,0,2,1,60,0,0,26-100,0,1659
3947,1.0,1,0,2,1,60,0,0,26-100,0,1659
3948,1.0,1,0,1,1,60,0,0,26-100,0,1659
3950,1.0,1,1,2,100,100,0,0,26-100,0,1659
3952,1.0,1,0,2,1,60,0,0,1-25,0,1659
3953,1.0,1,0,2,1,60,0,0,1-25,0,1659
3954,1.0,1,0,2,1,60,0,0,1-25,0,1659
3955,1.0,1,0,2,1,60,0,0,1-25,0,1659
3956,1.0,1,0,2,1,60,0,0,1-25,0,1659
3957,1.0,1,1,2,2,100,0,0,1-25,0,1659
3958,1.0,1,0,2,1,60,0,0,1-25,0,1659
3959,1.0,1,0,2,1,60,0,0,1-25,0,1659
3960,1.0,1,1,2,5,60,0,0,26-100,0,1658
3961,1.0,1,1,2,4,100,0,0,26-100,0,1658
3964,1.0,1,1,2,3,100,0,0,26-100,0,1658
3966,1.0,1,1,2,3,60,0,0,26-100,0,1658
3968,1.0,1,0,2,1,100,0,0,26-100,0,1658
3970,1.0,1,0,2,1,60,0,0,26-100,0,1658
3971,1.0,1,1,2,100,100,0,0,26-100,0,1658
3972,1.0,1,0,2,1,100,0,0,1-25,0,1658
3973,1.0,1,1,2,2,100,0,0,26-100,0,1658
3974,1.0,1,1,2,2,60,0,0,26-100,0,1658
3975,1.0,1,0,2,1,60,0,0,26-100,0,1658
3976,1.0,1,0,2,1,60,0,0,101-500,0,1658
3977,1.0,1,1,2,5,100,0,0,26-100,0,1657
3978,1.0,1,1,2,4,60,0,0,26-100,0,1657
3980,1.0,1,1,2,100,100,0,0,26-100,0,1657
3981,1.0,1,1,2,12,100,0,0,26-100,0,1657
3982,0.0,1,1,2,103,60,0,0,101-500,0,1657
3985,1.0,1,0,2,1,60,0,0,1-25,0,1657
3986,1.0,1,0,2,1,60,0,0,500-1000,0,1657
3987,1.0,1,0,2,1,100,0,0,1-25,0,1657
3988,1.0,1,0,2,1,60,0,0,1-25,0,1657
3989,1.0,1,0,2,1,60,0,0,101-500,0,1656
3991,1.0,1,1,2,3,60,0,0,26-100,0,1656
3992,1.0,1,1,2,105,60,0,0,500-1000,0,1656
3993,1.0,1,1,2,2,60,0,0,1-25,0,1656
3995,1.0,1,1,2,2,60,0,0,101-500,0,1656
3997,1.0,1,0,2,1,60,0,0,26-100,0,1656
4000,1.0,1,0,2,1,60,0,0,1-25,0,1656
4002,1.0,1,0,2,1,60,0,0,500-1000,0,1656
4003,1.0,1,0,2,1,60,0,0,500-1000,0,1656
4005,1.0,1,0,2,1,60,0,0,1-25,0,1656
4006,1.0,1,1,2,100,100,0,0,101-500,0,1656
4007,1.0,1,1,2,2,100,0,0,101-500,0,1656
4009,1.0,1,1,2,0,60,0,0,1-25,0,1656
4010,1.0,1,0,2,1,60,0,0,1-25,0,1656
4011,1.0,1,0,2,1,60,0,0,101-500,0,1656
4013,1.0,1,1,2,10,100,0,0,26-100,0,1655
4014,1.0,1,1,2,10,60,0,0,26-100,0,1655
4015,1.0,1,1,2,10,60,0,0,1-25,0,1655
4016,1.0,1,1,2,100,60,0,0,101-500,0,1655
4017,1.0,1,0,2,1,100,0,0,26-100,0,1655
4018,1.0,1,1,2,100,60,0,0,101-500,0,1655
4020,1.0,1,1,2,2,60,0,0,500-1000,0,1655
4021,1.0,1,1,2,100,60,0,0,26-100,0,1655
4022,1.0,1,1,2,2,60,0,0,26-100,0,1655
4023,1.0,1,1,2,2,60,0,0,101-500,0,1655
4024,1.0,1,0,2,1,60,0,0,26-100,0,1655
4026,1.0,1,1,2,2,100,0,0,26-100,0,1655
4028,1.0,1,1,2,10,60,0,0,26-100,0,1655
4029,1.0,1,1,2,0,60,0,0,26-100,0,1655
4030,1.0,1,1,2,100,60,0,0,26-100,0,1655
4031,1.0,1,1,2,10,60,0,0,26-100,0,1655
4032,1.0,1,0,2,1,60,0,0,26-100,0,1655
4033,1.0,1,1,2,100,60,0,0,101-500,0,1655
4034,1.0,1,1,2,10,60,0,0,26-100,0,1655
4035,1.0,1,1,2,100,60,0,0,101-500,0,1655
4036,1.0,1,1,2,10,60,0,0,101-500,0,1655
4037,1.0,1,1,1,0,60,0,0,1-25,0,1655
4038,1.0,1,1,2,2,60,0,0,26-100,0,1655
4039,1.0,1,1,2,3,60,0,0,500-1000,0,1655
4040,1.0,1,1,2,2,60,0,0,26-100,0,1655
4042,1.0,1,1,2,100,60,0,0,26-100,0,1655
4043,1.0,1,0,2,1,100,0,0,26-100,0,1655
4044,1.0,1,1,2,10,60,0,0,26-100,0,1655
4045,1.0,1,1,2,10,60,0,0,26-100,0,1655
4046,1.0,1,1,2,100,60,0,0,101-500,0,1655
4047,1.0,1,1,2,10,60,0,0,101-500,0,1655
4048,1.0,1,0,2,1,60,0,0,1-25,0,1655
4049,1.0,1,1,2,1,100,0,0,26-100,0,1655
4050,1.0,1,0,2,1,100,0,0,1-25,0,1655
4051,1.0,1,0,2,1,60,0,0,1-25,0,1655
4052,1.0,1,0,2,1,100,0,0,1-25,0,1655
4053,1.0,1,0,2,1,100,0,0,1-25,0,1655
4054,1.0,1,1,2,5,100,0,0,1-25,0,1652
4058,1.0,1,1,1,2,100,0,0,101-500,0,1652
4059,1.0,1,1,1,6,60,0,0,500-1000,0,1652
4062,1.0,1,1,2,0,60,0,0,500-1000,0,1652
4063,1.0,1,1,2,6,60,0,0,101-500,0,1652
4064,1.0,1,0,2,1,60,0,0,26-100,0,1652
4065,1.0,1,0,2,1,60,0,0,26-100,0,1652
4066,1.0,1,0,2,1,100,0,0,101-500,0,1652
4067,1.0,1,0,2,1,60,0,0,500-1000,0,1652
4071,1.0,1,1,2,4,60,0,0,26-100,0,1651
4074,1.0,1,1,2,3,60,0,0,26-100,0,1651
4075,1.0,1,1,2,4,60,0,0,26-100,0,1651
4079,1.0,1,0,2,1,100,0,0,26-100,0,1650
4080,1.0,1,1,2,5,100,0,0,500-1000,0,1650
4082,1.0,1,1,2,4,100,0,0,101-500,0,1650
4084,1.0,1,0,2,1,60,0,0,26-100,0,1650
4086,1.0,1,1,2,100,100,0,0,1-25,0,1650
4088,1.0,1,1,2,105,100,0,0,26-100,0,1650
4094,1.0,1,1,2,2,100,0,0,26-100,0,1650
4096,1.0,1,1,2,3,100,0,0,1-25,0,1650
4099,1.0,1,1,2,105,100,0,0,26-100,0,1650
4103,1.0,1,0,2,1,60,0,0,500-1000,0,1650
4104,1.0,1,1,2,7,60,0,0,500-1000,0,1650
4105,1.0,1,1,2,11,60,0,0,500-1000,0,1649
4109,1.0,1,1,2,13,60,0,0,1-25,0,1649
4112,1.0,1,1,2,2,60,0,0,101-500,0,1649
4113,1.0,1,1,2,5,60,0,0,500-1000,0,1649
4116,1.0,1,1,2,8,60,0,0,500-1000,0,1649
4119,1.0,1,0,2,1,100,0,0,500-1000,0,1649
4122,1.0,1,1,2,0,60,0,0,101-500,0,1649
4123,1.0,1,1,2,7,60,0,0,1-25,0,1648
4124,1.0,1,1,2,17,60,0,0,500-1000,0,1648
4132,1.0,1,1,2,26,100,0,0,26-100,0,1648
4138,1.0,1,1,2,2,60,0,0,500-1000,0,1648
4140,1.0,1,0,2,1,60,0,0,500-1000,0,1648
4142,1.0,1,0,2,1,60,0,0,1-25,0,1648
4143,1.0,1,1,2,4,60,0,0,101-500,0,1645
4145,1.0,1,1,2,2,60,0,0,101-500,0,1645
4147,1.0,1,1,2,4,60,0,0,26-100,0,1645
4149,1.0,1,0,2,1,60,0,0,1-25,0,1645
4150,1.0,1,0,2,1,60,0,0,1-25,0,1645
4152,1.0,1,0,2,1,60,0,0,101-500,0,1645
4154,1.0,1,1,2,2,100,0,0,26-100,0,1645
4156,1.0,1,1,2,3,60,0,0,26-100,0,1645
4158,1.0,1,1,2,2,100,0,0,101-500,0,1645
4160,1.0,1,0,2,1,60,0,0,1-25,0,1645
4161,1.0,1,0,2,1,60,0,0,1-25,0,1645
4162,1.0,1,0,2,1,60,0,0,1-25,0,1645
4163,1.0,1,0,2,1,60,0,0,101-500,0,1645
4165,1.0,1,0,2,1,60,0,0,101-500,0,1645
4167,1.0,1,0,2,1,60,0,0,26-100,0,1645
4169,1.0,1,0,2,1,100,0,0,26-100,0,1644
4170,1.0,1,0,2,1,100,0,0,26-100,0,1644
4171,1.0,1,0,2,1,60,0,0,1-25,0,1644
4173,1.0,1,0,2,1,60,0,0,1-25,0,1644
4174,1.0,1,0,2,1,60,0,0,500-1000,0,1644
4175,1.0,1,1,2,2,60,0,0,1-25,0,1643
4177,1.0,1,0,2,1,60,0,0,1-25,0,1643
4178,1.0,1,1,2,2,60,0,0,1-25,0,1643
4179,1.0,1,0,2,1,60,0,0,1-25,0,1643
4180,1.0,1,1,2,2,60,0,0,1-25,0,1643
4181,1.0,1,0,2,1,60,0,0,26-100,0,1643
4182,1.0,1,0,2,1,60,0,0,1-25,0,1643
4183,1.0,1,0,2,1,60,0,0,1-25,0,1643
4184,1.0,1,0,2,1,60,0,0,1-25,0,1643
4185,1.0,1,0,2,1,60,0,0,26-100,0,1642
4186,1.0,1,1,2,14,100,0,0,26-100,0,1642
4188,1.0,1,0,2,1,60,0,0,26-100,0,1642
4190,1.0,1,1,2,100,100,0,0,101-500,0,1642
4191,1.0,1,1,2,100,100,0,0,26-100,0,1642
4192,1.0,1,0,2,1,60,0,0,1-25,0,1642
4193,1.0,1,0,2,1,60,0,0,1-25,0,1642
4194,1.0,1,0,2,1,60,0,0,1-25,0,1642
4195,1.0,1,0,2,1,60,0,0,1-25,0,1641
4196,1.0,1,1,2,5,100,0,0,101-500,0,1641
4198,1.0,1,0,2,1,60,0,0,26-100,0,1641
4200,1.0,1,1,2,4,100,0,0,1-25,0,1641
4201,1.0,1,1,2,103,100,0,0,26-100,0,1641
4204,1.0,1,1,2,3,60,0,0,500-1000,0,1641
4206,1.0,1,0,2,1,60,0,0,26-100,0,1641
4207,1.0,1,1,2,3,100,0,0,1-25,0,1641
4209,1.0,1,0,2,1,60,0,0,26-100,0,1638
4210,1.0,1,0,1,1,60,0,0,500-1000,0,1638
4211,1.0,1,1,2,2,100,0,0,26-100,0,1638
4212,1.0,1,1,1,3,100,0,0,101-500,0,1638
4213,1.0,1,0,2,1,60,0,0,101-500,0,1638
4214,1.0,1,1,2,2,60,0,0,26-100,0,1638
4215,1.0,1,1,2,5,100,0,0,101-500,0,1638
4217,1.0,1,1,2,105,100,0,0,26-100,0,1638
4218,1.0,1,1,2,100,100,0,0,101-500,0,1638
4219,1.0,1,1,2,100,60,0,0,101-500,0,1638
4220,1.0,1,1,2,3,60,0,0,26-100,0,1638
4221,1.0,1,0,2,1,60,0,0,26-100,0,1638
4223,1.0,1,1,2,2,60,0,0,26-100,0,1638
4224,1.0,1,0,2,1,60,0,0,26-100,0,1638
4225,1.0,1,0,2,1,100,0,0,26-100,0,1638
4226,1.0,1,1,2,0,60,0,0,101-500,0,1638
4228,1.0,1,1,2,3,60,0,0,26-100,0,1638
4231,1.0,1,1,1,100,100,0,0,101-500,0,1638
4232,1.0,1,1,2,100,100,0,0,101-500,0,1638
4233,1.0,1,1,2,1,100,0,0,101-500,0,1638
4234,1.0,1,0,2,1,60,0,0,1-25,0,1638
4235,1.0,1,0,2,1,60,0,0,26-100,0,1638
4236,1.0,1,0,2,1,60,0,0,26-100,0,1638
4238,1.0,1,0,2,1,100,0,0,1-25,0,1637
4240,1.0,1,1,2,100,60,0,0,26-100,0,1637
4243,1.0,1,1,2,105,100,0,0,26-100,0,1637
4244,1.0,1,1,2,105,100,0,0,26-100,0,1637
4245,1.0,1,0,2,1,60,0,0,101-500,0,1637
4248,1.0,1,0,2,1,60,0,0,1-25,0,1637
4250,1.0,1,0,2,1,100,0,0,101-500,0,1637
4253,1.0,1,1,2,2,60,0,0,26-100,0,1637
4254,1.0,1,0,2,1,60,0,0,26-100,0,1637
4256,1.0,1,0,2,1,60,0,0,26-100,0,1637
4257,1.0,1,0,2,1,100,0,0,26-100,0,1637
4259,1.0,1,0,2,1,100,0,0,1-25,0,1636
4260,1.0,1,0,2,1,100,0,0,1-25,0,1636
4262,1.0,1,0,2,1,100,0,0,1-25,0,1636
4264,1.0,1,0,2,1,100,0,0,1-25,0,1636
4266,1.0,1,0,1,1,60,0,0,26-100,0,1636
4267,1.0,1,0,2,1,60,0,0,1-25,0,1636
4269,1.0,1,1,2,4,100,0,0,1-25,0,1636
4271,1.0,1,1,2,1,100,0,0,101-500,0,1636
4276,1.0,1,0,2,1,60,0,0,1-25,0,1634
4277,1.0,1,1,2,5,60,0,0,1-25,0,1634
4283,1.0,1,0,2,1,100,0,0,1-25,0,1631
4284,1.0,1,0,2,1,60,0,0,26-100,0,1631
4285,1.0,1,0,2,1,100,0,0,26-100,0,1631
4286,1.0,1,0,2,1,60,0,0,26-100,0,1631
4287,1.0,1,1,2,100,100,0,0,26-100,0,1631
4288,1.0,1,1,2,2,100,0,0,26-100,0,1631
4289,1.0,1,0,2,1,60,0,0,1-25,0,1631
4290,1.0,1,0,2,1,100,0,0,26-100,0,1631
4297,1.0,1,0,2,1,60,0,0,101-500,0,1624
4298,1.0,1,1,2,4,60,0,0,26-100,0,1624
4300,1.0,1,1,2,0,100,0,0,26-100,0,1624
4301,1.0,1,0,2,1,60,0,0,More than 1000,0,1624
4303,1.0,1,1,2,1,100,0,0,101-500,0,1623
4304,1.0,1,1,2,0,100,0,0,1-25,0,1623
4305,1.0,1,1,2,0,100,0,0,26-100,0,1623
4306,1.0,1,0,2,1,60,0,0,1-25,0,1622
4307,1.0,1,1,2,100,60,0,0,26-100,0,1622
4308,1.0,1,0,2,1,60,0,0,26-100,0,1622
4310,1.0,1,0,2,1,60,0,0,26-100,0,1622
4311,1.0,1,0,2,1,60,0,0,1-25,0,1622
4312,1.0,1,0,2,1,60,0,0,26-100,0,1620
4313,1.0,1,0,2,1,100,0,0,101-500,0,1615
4315,1.0,1,0,2,1,100,0,0,26-100,0,1615
4316,1.0,1,0,2,1,100,0,0,26-100,0,1615
4317,1.0,1,0,2,1,60,0,0,1-25,0,1615
4318,1.0,1,0,2,1,100,0,0,1-25,0,1615
4319,1.0,1,0,2,1,60,0,0,26-100,0,1614
4320,1.0,1,0,2,1,60,0,0,26-100,0,1612
4321,1.0,1,0,2,1,100,0,0,26-100,0,1609
4322,1.0,1,0,2,1,60,0,0,26-100,0,1609
4323,1.0,1,0,2,1,100,0,0,1-25,0,1609
4324,1.0,1,0,2,1,100,0,0,26-100,0,1609
4325,1.0,1,0,2,1,100,0,0,26-100,0,1609
4326,1.0,1,0,2,1,100,0,0,1-25,0,1609
4327,1.0,1,0,2,1,100,0,0,1-25,0,1609
4331,1.0,1,0,2,1,100,0,0,1-25,0,1606
4334,1.0,1,1,2,2,60,0,0,26-100,0,1603
4337,1.0,1,1,2,11,60,0,0,500-1000,0,1601
4338,1.0,1,0,2,1,60,0,0,26-100,0,1601
4341,1.0,1,1,2,4,100,0,0,26-100,0,1601
4343,1.0,1,0,2,1,100,0,0,500-1000,0,1601
4345,1.0,1,0,2,1,60,0,0,26-100,0,1596
4348,1.0,1,0,2,1,60,0,0,26-100,0,1592
4352,1.0,1,0,2,1,100,0,0,1-25,0,1589
4353,1.0,1,0,2,1,60,0,0,26-100,0,1589
4354,1.0,1,0,2,1,60,0,0,26-100,0,1588
4355,1.0,1,0,2,1,100,0,0,26-100,0,1588
4356,1.0,1,0,2,1,60,0,0,26-100,0,1587
4358,1.0,1,1,2,3,60,0,0,1-25,0,1587
4362,1.0,1,0,2,1,60,0,0,1-25,0,1585
4364,1.0,1,1,1,7,60,0,0,26-100,0,1582
4371,1.0,1,0,2,1,60,0,0,26-100,0,1582
4374,1.0,1,0,2,1,100,0,0,1-25,0,1580
4376,1.0,0,0,2,1,100,0,0,1-25,0,1576
4377,1.0,1,0,2,1,60,0,0,1-25,0,1575
4378,1.0,1,1,1,0,100,0,0,26-100,0,1575
4379,1.0,1,0,1,1,60,0,0,101-500,0,1574
4382,1.0,1,0,2,1,60,0,0,101-500,0,1572
4383,1.0,1,0,2,1,60,0,0,101-500,0,1572
4384,1.0,1,1,2,0,100,0,0,26-100,0,1572
4388,1.0,1,0,2,1,60,0,0,26-100,0,1568
4389,1.0,1,1,1,2,60,0,0,1-25,0,1568
4391,1.0,1,0,1,1,60,0,0,26-100,0,1568
4392,1.0,1,0,1,1,60,0,0,26-100,0,1568
4394,1.0,1,0,1,1,60,0,0,1-25,0,1568
4397,1.0,1,0,2,1,60,0,0,1-25,0,1567
4398,1.0,1,0,2,1,60,0,0,1-25,0,1567
4399,1.0,1,1,2,2,100,0,0,101-500,0,1567
4400,1.0,1,0,2,1,60,0,0,1-25,0,1567
4401,1.0,1,1,2,5,60,0,0,26-100,0,1567
4402,1.0,1,0,2,1,100,0,0,26-100,0,1567
4403,1.0,1,0,2,1,60,0,0,26-100,0,1567
4404,1.0,1,1,2,100,60,0,0,26-100,0,1567
4405,1.0,1,1,2,100,60,0,0,26-100,0,1567
4406,1.0,1,1,2,11,100,0,0,26-100,0,1566
4408,1.0,1,0,2,1,60,0,0,26-100,0,1566
4409,1.0,1,0,2,1,60,0,0,26-100,0,1566
4410,1.0,1,0,2,1,100,0,0,1-25,0,1566
4413,1.0,1,1,2,4,60,0,0,500-1000,0,1566
4418,1.0,1,1,2,2,60,0,0,26-100,0,1566
4420,1.0,1,1,2,0,100,0,0,101-500,0,1566
4421,1.0,1,1,2,1,100,0,0,26-100,0,1566
4424,1.0,1,0,2,1,60,0,0,101-500,0,1566
4429,1.0,1,0,2,1,60,0,0,1-25,0,1566
4430,1.0,1,0,2,1,60,0,0,1-25,0,1566
4431,1.0,1,1,1,3,60,0,0,101-500,0,1565
4432,1.0,1,1,2,2,60,0,0,26-100,0,1565
4433,1.0,1,0,2,1,60,0,0,1-25,0,1565
4434,1.0,1,0,2,1,60,0,0,1-25,0,1565
4435,1.0,1,0,2,1,60,0,0,1-25,0,1565
4437,1.0,1,1,2,7,60,0,0,101-500,0,1565
4438,1.0,1,0,2,1,60,0,0,1-25,0,1565
4439,1.0,1,0,2,1,60,0,0,1-25,0,1565
4440,1.0,1,1,2,6,60,0,0,26-100,0,1565
4443,1.0,1,0,2,1,60,0,0,1-25,0,1565
4444,1.0,1,1,2,2,60,0,0,101-500,0,1565
4446,1.0,1,0,2,1,60,0,0,26-100,0,1565
4447,1.0,1,1,2,0,60,0,0,26-100,0,1565
4449,1.0,1,0,2,1,60,0,0,1-25,0,1565
4450,1.0,1,1,2,0,60,0,0,101-500,0,1565
4451,1.0,1,0,2,1,60,0,0,1-25,0,1565
4452,1.0,1,1,2,100,100,0,0,101-500,0,1564
4453,1.0,1,1,1,5,60,0,0,26-100,0,1564
4454,1.0,1,1,2,3,60,0,0,26-100,0,1564
4457,1.0,1,1,2,9,60,0,0,1-25,0,1564
4458,1.0,1,0,2,1,100,0,0,1-25,0,1564
4460,1.0,1,0,2,1,60,0,0,1-25,0,1564
4461,1.0,1,0,2,1,60,0,0,26-100,0,1564
4462,1.0,1,0,2,1,60,0,0,1-25,0,1564
4463,1.0,1,1,2,100,60,0,0,1-25,0,1564
4464,1.0,1,0,2,1,60,0,0,1-25,0,1564
4466,1.0,1,0,2,1,60,0,0,1-25,0,1561
4467,0.0,1,1,2,2,60,0,0,1-25,0,1561
4468,1.0,1,1,2,2,60,0,0,1-25,0,1561
4469,1.0,1,0,2,1,60,0,0,1-25,0,1560
4470,1.0,1,0,2,1,100,0,0,1-25,0,1560
4471,1.0,1,0,2,1,100,0,0,1-25,0,1560
4472,1.0,1,0,2,1,60,0,0,500-1000,0,1560
4473,1.0,1,0,2,1,60,0,0,26-100,0,1560
4474,1.0,1,0,2,1,60,0,0,1-25,0,1560
4477,1.0,1,0,2,1,60,0,0,1-25,0,1560
4478,1.0,1,0,2,1,60,0,0,1-25,0,1560
4479,1.0,1,0,2,1,60,0,0,1-25,0,1560
4480,1.0,1,0,2,1,60,0,0,1-25,0,1560
4482,1.0,1,1,2,3,100,0,0,101-500,0,1559
4484,1.0,1,1,2,2,60,0,0,1-25,0,1559
4485,1.0,1,1,2,2,60,0,0,1-25,0,1559
4486,1.0,1,1,2,2,60,0,0,1-25,0,1559
4487,1.0,1,1,2,2,100,0,0,26-100,0,1559
4488,1.0,1,1,2,2,100,0,0,26-100,0,1559
4489,1.0,1,1,2,2,100,0,0,26-100,0,1559
4490,1.0,1,1,2,2,100,0,0,26-100,0,1559
4491,1.0,1,1,2,2,100,0,0,26-100,0,1558
4492,1.0,1,0,2,1,60,0,0,1-25,0,1558
4493,1.0,1,0,2,1,60,0,0,1-25,0,1558
4494,1.0,1,0,2,1,60,0,0,1-25,0,1558
4495,1.0,1,0,2,1,60,0,0,26-100,0,1558
4496,1.0,1,0,2,1,100,0,0,101-500,0,1558
4497,1.0,1,1,2,2,60,0,0,26-100,0,1558
4498,1.0,1,1,1,2,100,0,0,26-100,0,1558
4499,1.0,1,1,1,0,60,0,0,26-100,0,1558
4500,1.0,1,1,2,2,60,0,0,1-25,0,1558
4501,1.0,1,1,2,1,60,0,0,1-25,0,1558
4503,1.0,1,1,2,0,60,0,0,1-25,0,1558
4505,1.0,1,0,1,1,100,0,0,26-100,0,1558
4506,1.0,1,0,2,1,100,0,0,26-100,0,1558
4507,1.0,1,0,2,1,60,0,0,1-25,0,1558
4508,1.0,1,1,1,1,60,0,0,1-25,0,1558
4509,1.0,1,1,2,2,100,0,0,1-25,0,1557
4511,1.0,1,0,2,1,60,0,0,1-25,0,1557
4512,1.0,1,1,1,2,100,0,0,1-25,0,1557
4513,1.0,1,1,2,100,100,0,0,1-25,0,1557
4514,1.0,1,0,2,1,60,0,0,1-25,0,1557
4515,1.0,1,0,2,1,60,0,0,1-25,0,1557
4516,1.0,1,0,2,1,100,0,0,1-25,0,1557
4517,1.0,1,0,2,1,100,0,0,1-25,0,1557
4518,1.0,1,0,2,1,60,0,0,1-25,0,1557
4519,1.0,1,0,2,1,60,0,0,1-25,0,1557
4520,1.0,1,0,2,1,100,0,0,26-100,0,1557
4521,1.0,1,0,2,1,100,0,0,26-100,0,1557
4522,1.0,1,0,2,1,60,0,0,26-100,0,1557
4523,1.0,1,0,2,1,100,0,0,26-100,0,1557
4524,1.0,1,0,1,1,60,0,0,26-100,0,1557
4525,1.0,1,0,2,1,60,0,0,500-1000,0,1554
4527,1.0,1,1,2,2,100,0,0,1-25,0,1554
4528,1.0,1,1,1,2,60,0,0,26-100,0,1554
4529,1.0,1,1,1,6,100,0,0,1-25,0,1554
4531,1.0,1,0,1,1,60,0,0,26-100,0,1554
4532,1.0,1,0,2,1,60,0,0,500-1000,0,1554
4534,1.0,1,1,1,4,60,0,0,26-100,0,1554
4535,1.0,1,1,2,0,60,0,0,26-100,0,1554
4537,1.0,1,1,2,100,60,0,0,26-100,0,1554
4538,1.0,1,0,2,1,60,0,0,500-1000,0,1554
4539,1.0,1,0,2,1,60,0,0,101-500,0,1554
4540,1.0,1,0,2,1,60,0,0,101-500,0,1554
4541,1.0,1,0,2,1,60,0,0,101-500,0,1554
4542,1.0,1,1,2,100,60,0,0,1-25,0,1554
4543,1.0,1,1,2,0,60,0,0,26-100,0,1554
4544,1.0,1,1,2,0,60,0,0,101-500,0,1554
4545,1.0,1,0,2,1,100,0,0,101-500,0,1554
4546,1.0,1,1,2,100,100,0,0,1-25,0,1554
4548,1.0,1,0,2,1,60,0,0,1-25,0,1553
4549,1.0,1,0,2,1,60,0,0,26-100,0,1553
4551,1.0,1,0,2,1,60,0,0,1-25,0,1553
4552,1.0,1,0,2,1,60,0,0,1-25,0,1553
4553,1.0,1,1,2,1,60,0,0,1-25,0,1553
4555,1.0,1,1,2,1,60,0,0,1-25,0,1553
4556,1.0,1,1,2,3,60,0,0,26-100,0,1553
4558,1.0,1,0,2,1,60,0,0,26-100,0,1553
4559,1.0,1,0,2,1,60,0,0,1-25,0,1553
4560,1.0,1,0,2,1,60,0,0,1-25,0,1552
4561,1.0,1,0,2,1,60,0,0,1-25,0,1552
4562,1.0,1,0,2,1,60,0,0,26-100,0,1552
4563,1.0,1,0,2,1,60,0,0,1-25,0,1552
4564,1.0,1,0,2,1,60,0,0,1-25,0,1552
4565,1.0,1,1,2,4,60,0,0,26-100,0,1552
4566,1.0,1,0,2,1,60,0,0,1-25,0,1552
4567,1.0,1,0,2,1,60,0,0,1-25,0,1552
4568,1.0,1,0,2,1,60,0,0,1-25,0,1552
4569,1.0,1,1,2,5,100,0,0,101-500,0,1552
4570,1.0,1,0,2,1,100,0,0,26-100,0,1552
4571,1.0,1,0,2,1,60,0,0,1-25,0,1552
4572,1.0,1,0,2,1,60,0,0,1-25,0,1552
4573,1.0,1,0,2,1,100,0,0,1-25,0,1552
4574,1.0,1,1,2,4,60,0,0,26-100,0,1552
4575,1.0,1,0,1,1,60,0,0,26-100,0,1552
4576,1.0,1,0,1,1,60,0,0,1-25,0,1551
4577,1.0,1,1,2,5,100,0,0,1-25,0,1551
4578,1.0,1,0,1,1,100,0,0,1-25,0,1551
4579,1.0,1,0,2,1,60,0,0,1-25,0,1551
4580,1.0,1,0,2,1,60,0,0,26-100,0,1551
4581,1.0,1,0,2,1,100,0,0,1-25,0,1551
4582,1.0,1,0,2,1,60,0,0,26-100,0,1551
4583,1.0,1,0,2,1,100,0,0,101-500,0,1551
4584,1.0,1,0,1,1,60,0,0,500-1000,0,1551
4585,1.0,1,0,2,1,100,0,0,26-100,0,1550
4586,1.0,1,1,2,2,100,0,0,26-100,0,1550
4587,1.0,1,0,2,1,100,0,0,26-100,0,1550
4588,1.0,1,0,2,1,100,0,0,1-25,0,1550
4590,1.0,1,0,2,1,100,0,0,1-25,0,1550
4591,1.0,1,1,2,10,100,0,0,101-500,0,1550
4592,1.0,1,0,2,1,60,0,0,101-500,0,1550
4593,1.0,1,0,2,1,100,0,0,101-500,0,1548
4594,1.0,1,1,2,5,100,0,0,101-500,0,1547
4595,1.0,1,0,2,1,60,0,0,101-500,0,1547
4596,1.0,1,0,2,1,60,0,0,1-25,0,1547
4597,1.0,1,0,2,1,100,0,0,101-500,0,1547
4598,1.0,1,0,2,1,100,0,0,101-500,0,1547
4599,1.0,1,0,2,1,100,0,0,101-500,0,1547
4600,1.0,1,0,2,1,100,0,0,101-500,0,1547
4601,1.0,1,0,2,1,60,0,0,101-500,0,1547
4602,1.0,1,0,2,1,100,0,0,101-500,0,1547
4603,1.0,1,0,2,1,100,0,0,101-500,0,1547
4604,1.0,1,0,2,1,100,0,0,26-100,0,1547
4605,1.0,1,0,2,1,100,0,0,26-100,0,1547
4606,1.0,1,0,2,1,60,0,0,26-100,0,1545
4607,1.0,1,0,2,1,100,0,0,26-100,0,1545
4608,1.0,1,0,2,1,100,0,0,101-500,0,1544
4609,1.0,1,1,2,5,100,0,0,101-500,0,1544
4610,1.0,1,1,2,5,100,0,0,101-500,0,1543
4611,1.0,1,0,2,1,60,0,0,101-500,0,1543
4612,1.0,1,1,2,5,100,0,0,101-500,0,1543
4613,1.0,1,1,2,5,100,0,0,101-500,0,1543
4614,1.0,1,1,1,10,100,0,0,101-500,0,1543
4615,1.0,1,1,2,5,100,0,0,101-500,0,1543
4616,1.0,1,1,2,5,100,0,0,101-500,0,1543
4617,1.0,1,1,2,5,100,0,0,101-500,0,1543
4618,1.0,1,1,2,5,100,0,0,101-500,0,1543
4619,1.0,1,0,2,1,60,0,0,26-100,0,1540
4621,1.0,1,1,2,100,100,0,0,26-100,0,1540
4622,1.0,1,0,2,1,60,0,0,26-100,0,1540
4623,1.0,1,1,2,100,60,0,0,500-1000,0,1540
4624,1.0,1,0,2,1,60,0,0,500-1000,0,1540
4625,1.0,1,1,2,2,100,0,0,26-100,0,1540
4626,1.0,1,1,2,6,100,0,0,26-100,0,1540
4627,1.0,1,1,2,100,100,0,0,26-100,0,1540
4629,1.0,1,0,2,1,100,0,0,1-25,0,1539
4630,1.0,1,0,2,1,60,0,0,26-100,0,1539
4631,1.0,1,1,2,100,100,0,0,26-100,0,1538
4632,1.0,1,1,2,100,100,0,0,26-100,0,1538
4633,1.0,1,0,2,1,60,0,0,26-100,0,1538
4637,1.0,1,1,2,2,60,0,0,26-100,0,1538
4646,1.0,1,0,2,1,60,0,0,26-100,0,1533
4647,1.0,1,0,2,1,60,0,0,26-100,0,1533
4653,1.0,0,0,2,1,"[""60"",""100""]",0,0,26-100,0,1505
4654,1.0,0,0,2,1,100,0,0,26-100,0,1505
4655,1.0,0,0,2,1,100,0,0,26-100,0,1505
4656,1.0,0,0,2,1,"[""60"",""100""]",0,0,26-100,0,1505
4657,1.0,0,0,2,1,"[""60"",""100""]",0,0,26-100,0,1505
4658,1.0,0,0,2,1,"[""60"",""100""]",0,0,26-100,0,1505
4659,1.0,0,0,2,1,100,0,0,26-100,0,1505
4660,1.0,0,0,2,0,100,0,0,26-100,0,1505
4661,1.0,0,0,2,1,100,0,0,26-100,0,1505
4662,1.0,0,0,2,1,"[""60"",""100""]",0,0,101-500,0,1505
4663,1.0,0,0,2,1,"[""60"",""100""]",0,0,26-100,0,1505
4664,1.0,0,0,2,3,100,0,0,500-1000,0,1505
4665,1.0,0,0,2,1,"[""60"",""100""]",0,0,26-100,0,1505
4666,1.0,0,0,2,0,100,0,0,500-1000,0,1505
4674,1.0,0,0,2,1,"[""60"",""100""]",0,0,101-500,0,1504
4675,1.0,0,0,2,1,"[""60"",""100""]",0,0,500-1000,0,1504
4676,1.0,0,0,2,1,"[""60"",""100""]",0,0,500-1000,0,1503
4677,1.0,0,0,2,1,"[""60"",""100""]",0,0,500-1000,0,1503
4679,1.0,0,1,1,2,100,0,0,500-1000,0,1502
4680,1.0,0,0,2,1,"[""60"",""100""]",0,0,26-100,0,1502
4681,1.0,0,0,2,100,100,0,0,26-100,0,1502
4682,1.0,0,0,2,1,100,0,0,101-500,0,1502
4683,0.0,0,1,1,3,"[""60"",""100""]",0,0,101-500,0,1502
4684,1.0,0,0,2,1,"[""60"",""100""]",0,0,101-500,0,1501
4685,1.0,0,0,2,1,"[""60"",""100""]",0,0,26-100,0,1501
4686,1.0,0,0,2,1,"[""60"",""100""]",0,0,500-1000,0,1501
4687,1.0,0,0,1,1,"[""60"",""100""]",0,0,More than 1000,0,1501
4688,1.0,0,0,2,1,100,0,0,26-100,0,1501
4689,1.0,0,0,2,1,"[""60"",""100""]",0,0,500-1000,0,1501
4690,1.0,0,0,2,1,100,0,0,500-1000,0,1501
4691,1.0,0,0,2,1,100,0,0,More than 1000,0,1501
4694,1.0,0,0,2,1,"[""60"",""100""]",0,0,1-25,0,1498
4695,1.0,0,0,2,1,100,0,0,1-25,0,1498
4696,1.0,0,0,2,1,"[""60"",""100""]",0,0,26-100,0,1497
4697,1.0,0,0,2,1,"[""60"",""100""]",0,0,26-100,0,1497
4698,1.0,0,0,2,1,"[""60"",""100""]",0,0,1-25,0,1497
4699,1.0,0,1,2,2,100,0,0,1-25,0,1497
4700,1.0,0,1,2,4,100,0,0,1-25,0,1497
4704,1.0,0,0,2,1,100,0,0,1-25,0,1496
4705,1.0,0,0,2,1,100,0,0,More than 1000,0,1496
4706,1.0,0,0,2,1,100,0,0,26-100,0,1496
4707,1.0,0,0,2,1,"[""60"",""100""]",0,0,1-25,0,1496
4708,1.0,0,0,2,1,"[""60"",""100""]",0,0,101-500,0,1496
4709,1.0,0,0,2,1,"[""60"",""100""]",0,0,26-100,0,1495
4710,1.0,0,0,2,100,100,0,0,101-500,0,1495
4712,1.0,0,0,2,1,"[""60"",""100""]",0,0,1-25,0,1495
4713,1.0,0,0,2,1,"[""60"",""100""]",0,0,26-100,0,1495
4714,1.0,0,0,2,100,100,0,0,500-1000,0,1495
4715,1.0,0,0,2,1,"[""60"",""100""]",0,0,26-100,0,1495
4716,1.0,0,0,2,1,100,0,0,1-25,0,1495
4717,1.0,0,0,2,1,"[""60"",""100""]",0,0,26-100,0,1495
4718,1.0,0,1,1,4,"[""60"",""100""]",0,0,101-500,0,1494
4719,1.0,0,0,2,1,100,0,0,More than 1000,0,1494
4720,1.0,0,0,2,1,"[""60"",""100""]",0,0,26-100,0,1494
4721,1.0,0,0,2,1,"[""60"",""100""]",0,0,1-25,0,1494
4722,1.0,0,0,2,1,"[""60"",""100""]",0,0,1-25,0,1494
4723,1.0,0,0,2,100,"[""60"",""100""]",0,0,26-100,0,1494
4724,1.0,0,0,2,100,100,0,0,26-100,0,1494
4725,1.0,0,0,2,100,100,0,0,1-25,0,1494
4726,1.0,0,0,2,1,"[""60"",""100""]",0,0,1-25,0,1494
4727,1.0,0,0,2,1,"[""60"",""100""]",0,0,1-25,0,1494
4728,1.0,0,0,2,1,100,0,0,101-500,0,1494
4729,1.0,0,1,2,2,"[""60"",""100""]",0,0,101-500,0,1494
4730,1.0,0,0,2,0,"[""60"",""100""]",0,0,More than 1000,0,1494
4731,1.0,0,0,2,100,100,0,0,1-25,0,1494
4732,1.0,0,0,2,1,"[""60"",""100""]",0,0,1-25,0,1494
4733,1.0,0,0,2,100,"[""60"",""100""]",0,0,1-25,0,1494
4734,1.0,0,0,2,1,100,0,0,1-25,0,1494
4735,1.0,0,0,2,1,"[""60"",""100""]",0,0,1-25,0,1491
4736,1.0,0,1,2,10,100,0,0,500-1000,0,1491
4737,1.0,0,0,2,100,100,0,0,500-1000,0,1491
4741,1.0,0,0,2,1,"[""60"",""100""]",0,0,1-25,0,1491
4744,1.0,0,0,2,100,100,0,0,500-1000,0,1491
4745,1.0,0,0,2,100,"[""60"",""100""]",0,0,500-1000,0,1491
4746,1.0,0,0,2,100,100,0,0,101-500,0,1491
4747,1.0,0,0,2,100,"[""60"",""100""]",0,0,500-1000,0,1491
4748,1.0,0,0,2,100,"[""60"",""100""]",0,0,500-1000,0,1491
4751,1.0,0,0,2,100,100,0,0,101-500,0,1491
4753,1.0,0,0,2,1,100,0,0,1-25,0,1491
4754,1.0,0,0,2,1,100,0,0,1-25,0,1491
4755,1.0,0,0,2,1,100,0,0,1-25,0,1491
4756,1.0,0,0,2,1,"[""60"",""100""]",0,0,1-25,0,1491
4757,1.0,0,0,2,1,"[""60"",""100""]",0,0,1-25,0,1491
4758,1.0,0,0,2,1,"[""60"",""100""]",0,0,1-25,0,1491
4759,1.0,0,0,2,1,"[""60"",""100""]",0,0,1-25,0,1491
4760,1.0,0,0,2,1,"[""60"",""100""]",0,0,1-25,0,1491
4761,1.0,0,0,2,1,"[""60"",""100""]",0,0,26-100,0,1490
4762,1.0,0,0,2,1,"[""60"",""100""]",0,0,500-1000,0,1490
4763,1.0,0,0,2,1,100,0,0,101-500,0,1490
4764,1.0,0,0,2,1,100,0,0,1-25,0,1490
4765,1.0,0,0,2,1,100,0,0,26-100,0,1490
4768,1.0,0,0,2,1,100,0,0,1-25,0,1490
4769,1.0,0,0,2,1,100,0,0,101-500,0,1490
4771,1.0,0,0,2,100,100,0,0,26-100,0,1490
4774,1.0,0,0,2,100,100,0,0,500-1000,0,1490
4776,1.0,0,0,2,1,"[""60"",""100""]",0,0,1-25,0,1489
4778,1.0,0,0,2,1,100,0,0,101-500,0,1489
4780,1.0,0,0,2,100,100,0,0,26-100,0,1489
4781,1.0,0,0,2,100,100,0,0,More than 1000,0,1489
4782,1.0,0,0,2,1,"[""60"",""100""]",0,0,500-1000,0,1489
4783,1.0,0,0,2,1,"[""60"",""100""]",0,0,1-25,0,1489
4784,1.0,0,0,2,100,100,0,0,101-500,0,1488
4785,1.0,0,0,2,100,100,0,0,26-100,0,1488
4786,1.0,0,0,2,1,"[""60"",""100""]",0,0,26-100,0,1488
4787,1.0,0,0,2,100,100,0,0,101-500,0,1488
4789,1.0,0,1,2,2,100,0,0,26-100,0,1488
4790,1.0,0,0,2,100,100,0,0,500-1000,0,1488
4791,0.0,0,0,0,100,"[""60"",""100""]",0,0,500-1000,0,1488
4792,1.0,0,0,2,1,"[""60"",""100""]",0,0,101-500,0,1488
4793,1.0,0,0,2,1,"[""60"",""100""]",0,0,26-100,0,1488
4794,1.0,0,0,2,1,"[""60"",""100""]",0,0,26-100,0,1488
4795,1.0,0,0,2,1,100,0,0,26-100,0,1488
4796,1.0,0,0,2,100,100,0,0,More than 1000,0,1488
4797,1.0,0,0,2,1,100,0,0,26-100,0,1488
4798,0.0,0,0,1,100,100,0,0,1-25,0,1488
4799,0.0,0,0,1,1,100,0,0,26-100,0,1487
4800,1.0,0,0,2,1,"[""60"",""100""]",0,0,26-100,0,1487
4801,1.0,0,0,2,1,100,0,0,26-100,0,1487
4802,0.0,0,0,1,1,"[""60"",""100""]",0,0,26-100,0,1487
4804,1.0,0,0,2,1,"[""60"",""100""]",0,0,26-100,0,1487
4805,1.0,0,0,2,1,"[""60"",""100""]",0,0,26-100,0,1487
4806,1.0,0,0,2,1,"[""60"",""100""]",0,0,26-100,0,1487
4807,1.0,0,0,2,1,100,0,0,26-100,0,1487
4808,0.0,0,0,2,1,"[""60"",""100""]",0,0,101-500,0,1483
4809,0.0,0,1,1,3,"[""60"",""100""]",0,0,500-1000,0,1483
4810,1.0,0,0,2,1,"[""60"",""100""]",0,0,1-25,0,1483
4811,1.0,0,0,2,1,100,0,0,101-500,0,1483
4812,1.0,0,0,2,1,100,0,0,1-25,0,1483
4813,1.0,0,1,2,2,100,0,0,101-500,0,1483
4814,1.0,0,0,2,100,100,0,0,500-1000,0,1483
4815,0.0,0,1,2,2,100,0,0,101-500,0,1483
4816,1.0,0,0,2,1,100,0,0,500-1000,0,1483
4817,1.0,0,0,2,0,100,0,0,26-100,0,1483
4818,1.0,0,0,2,0,100,0,0,26-100,0,1483
4819,0.0,0,0,2,1,100,0,0,101-500,0,1483
4820,1.0,0,0,2,0,100,0,0,101-500,0,1483
4821,1.0,0,0,2,0,"[""60"",""100""]",0,0,101-500,0,1483
4822,1.0,0,0,2,0,"[""60"",""100""]",0,0,More than 1000,0,1483
4823,1.0,0,0,2,1,100,0,0,26-100,0,1483
4824,1.0,0,0,2,1,100,0,0,101-500,0,1483
4825,1.0,0,0,2,1,100,0,0,101-500,0,1483
4826,1.0,0,0,2,100,100,0,0,101-500,0,1483
4827,1.0,0,0,2,100,100,0,0,101-500,0,1483
4828,1.0,0,0,2,100,100,0,0,101-500,0,1483
4829,1.0,0,0,2,0,100,0,0,101-500,0,1482
4830,0.0,0,1,1,3,100,0,0,500-1000,0,1482
4831,1.0,0,0,2,1,100,0,0,500-1000,0,1482
4832,0.0,0,0,2,100,"[""60"",""100""]",0,0,101-500,0,1482
4833,1.0,0,0,2,1,"[""60"",""100""]",0,0,26-100,0,1482
4834,1.0,0,0,2,1,"[""60"",""100""]",0,0,101-500,0,1482
4836,1.0,0,0,2,1,"[""60"",""100""]",0,0,500-1000,0,1482
4837,1.0,0,0,2,1,"[""60"",""100""]",0,0,500-1000,0,1482
4838,1.0,0,0,2,1,100,0,0,26-100,0,1482
4839,1.0,0,0,2,100,100,0,0,26-100,0,1482
4840,1.0,0,0,2,1,"[""60"",""100""]",0,0,1-25,0,1482
4841,1.0,0,0,2,100,100,0,0,26-100,0,1482
4842,1.0,0,0,2,1,100,0,0,26-100,0,1482
4843,1.0,0,0,2,1,100,0,0,26-100,0,1482
4844,1.0,0,0,2,1,100,0,0,1-25,0,1482
4845,0.0,0,1,2,2,100,0,0,1-25,0,1482
4846,1.0,0,0,2,1,"[""60"",""100""]",0,0,26-100,0,1482
4847,1.0,0,1,2,2,100,0,0,500-1000,0,1482
4848,1.0,0,0,2,1,100,0,0,1-25,0,1482
4849,1.0,0,0,2,1,"[""60"",""100""]",0,0,26-100,0,1482
4851,1.0,0,0,2,1,100,0,0,101-500,0,1482
4852,1.0,0,0,2,1,"[""60"",""100""]",0,0,1-25,0,1482
4853,1.0,0,0,2,1,"[""60"",""100""]",0,0,26-100,0,1482
4854,1.0,0,0,2,1,"[""60"",""100""]",0,0,101-500,0,1482
4855,1.0,0,0,2,0,100,0,0,101-500,0,1482
4856,1.0,0,0,2,1,100,0,0,101-500,0,1482
4858,1.0,0,0,2,100,100,0,0,500-1000,0,1481
4859,1.0,0,0,2,100,"[""60"",""100""]",0,0,500-1000,0,1481
4860,1.0,0,0,2,1,"[""60"",""100""]",0,0,500-1000,0,1481
4862,1.0,0,0,2,1,100,0,0,101-500,0,1481
4863,1.0,0,0,2,100,"[""60"",""100""]",0,0,101-500,0,1481
4864,1.0,0,0,2,1,"[""60"",""100""]",0,0,26-100,0,1481
4865,1.0,0,0,2,100,"[""60"",""100""]",0,0,26-100,0,1481
4866,1.0,0,0,2,100,100,0,0,26-100,0,1481
4867,1.0,0,0,2,0,100,0,0,101-500,0,1481
4868,1.0,0,0,2,1,"[""60"",""100""]",0,0,26-100,0,1481
4869,1.0,0,0,2,1,100,0,0,101-500,0,1481
4870,0.0,0,0,2,1,"[""60"",""100""]",0,0,101-500,0,1481
4871,0.0,0,0,2,1,100,0,0,101-500,0,1481
4872,1.0,0,0,2,1,100,0,0,101-500,0,1481
4873,1.0,0,0,2,1,100,0,0,26-100,0,1481
4874,1.0,0,0,2,1,100,0,0,101-500,0,1481
4876,1.0,0,0,2,1,"[""60"",""100""]",0,0,26-100,0,1481
4877,1.0,0,0,2,1,100,0,0,500-1000,0,1481
4878,1.0,0,0,2,1,100,0,0,26-100,0,1481
4879,1.0,0,0,2,1,"[""60"",""100""]",0,0,101-500,0,1481
4880,1.0,0,0,2,1,100,0,0,26-100,0,1481
4881,1.0,0,0,2,1,100,0,0,More than 1000,0,1481
4882,0.0,0,0,2,1,"[""60"",""100""]",0,0,101-500,0,1481
4883,1.0,0,0,2,1,100,0,0,101-500,0,1481
4884,1.0,0,0,2,1,100,0,0,101-500,0,1481
4886,1.0,0,0,2,1,100,0,0,26-100,0,1481
4887,1.0,0,0,2,1,"[""60"",""100""]",0,0,26-100,0,1481
4888,1.0,0,0,2,1,"[""60"",""100""]",0,0,101-500,0,1481
4889,1.0,0,0,2,1,"[""60"",""100""]",0,0,101-500,0,1481
4890,1.0,0,0,2,0,100,0,0,1-25,0,1481
4891,1.0,0,0,2,1,100,0,0,26-100,0,1481
4892,1.0,0,0,2,1,"[""60"",""100""]",0,0,1-25,0,1481
4893,1.0,0,0,2,0,"[""60"",""100""]",0,0,26-100,0,1481
4894,1.0,0,0,2,1,"[""60"",""100""]",0,0,26-100,0,1481
4895,0.0,0,0,2,1,"[""60"",""100""]",0,0,101-500,0,1481
4896,1.0,0,0,2,1,100,0,0,1-25,0,1480
4897,0.0,0,0,2,0,100,0,0,500-1000,0,1480
4898,1.0,0,0,2,1,"[""60"",""100""]",0,0,500-1000,0,1480
4900,1.0,0,0,2,1,100,0,0,101-500,0,1477
4901,1.0,0,0,2,100,100,0,0,500-1000,0,1477
4902,1.0,0,1,2,3,"[""60"",""100""]",0,0,101-500,0,1477
4906,1.0,0,0,2,1,"[""60"",""100""]",0,0,1-25,0,1476
4907,1.0,0,1,2,3,"[""60"",""100""]",0,0,26-100,0,1476
4908,1.0,0,0,2,100,"[""60"",""100""]",0,0,26-100,0,1476
4909,1.0,0,0,2,1,100,0,0,101-500,0,1475
4910,1.0,0,0,2,1,100,0,0,26-100,0,1475
4915,1.0,0,0,2,1,100,0,0,1-25,0,1474
4916,1.0,1,0,2,1,100,0,0,26-100,0,1473
4918,1.0,1,0,2,1,"[""60"",""100""]",0,0,1-25,0,1473
4919,1.0,1,0,2,1,"[""60"",""100""]",0,0,26-100,0,1473
4925,1.0,1,0,2,1,"[""60"",""100""]",0,0,101-500,0,1469
4928,1.0,1,0,2,1,100,0,0,26-100,0,1469
4929,1.0,1,0,2,1,100,0,0,26-100,0,1469
4930,1.0,1,0,2,2,100,0,0,1-25,0,1469
4931,1.0,1,0,2,1,100,0,0,101-500,0,1469
4932,1.0,1,0,2,1,100,0,0,26-100,0,1469
4933,1.0,1,0,2,1,100,0,0,26-100,0,1469
4934,1.0,1,0,2,1,"[""60"",""100""]",0,0,101-500,0,1469
4935,1.0,1,0,2,1,"[""60"",""100""]",0,0,1-25,0,1469
4936,1.0,1,0,2,1,"[""60"",""100""]",0,0,26-100,0,1468
4941,1.0,1,0,2,100,100,0,0,26-100,0,1467
4942,1.0,1,1,2,100,"[""60"",""100""]",0,0,101-500,0,1467
4944,1.0,1,0,2,1,"[""60"",""100""]",0,0,101-500,0,1467
4946,1.0,1,0,2,1,"[""60"",""100""]",0,0,500-1000,0,1466
4947,1.0,1,0,2,100,100,0,0,More than 1000,0,1466
4948,1.0,1,0,2,1,"[""60"",""100""]",0,0,1-25,0,1466
4949,1.0,1,0,2,1,100,0,0,101-500,0,1465
4950,1.0,1,0,2,1,100,0,0,26-100,0,1465
4951,1.0,1,0,2,1,"[""60"",""100""]",0,0,26-100,0,1463
4952,1.0,1,0,2,1,100,0,0,500-1000,0,1463
4954,1.0,1,0,2,1,100,0,0,26-100,0,1463
4960,0.0,1,0,2,100,100,0,0,500-1000,0,1461
4961,1.0,1,0,2,0,100,0,0,101-500,0,1461
4962,1.0,1,0,2,1,"[""60"",""100""]",0,0,101-500,0,1461
4964,1.0,1,0,2,1,"[""60"",""100""]",0,0,1-25,0,1461
4968,1.0,1,0,2,100,100,0,0,26-100,0,1461
4978,1.0,1,0,2,1,"[""60"",""100""]",0,0,101-500,0,1460
4989,1.0,1,0,2,1,"[""60"",""100""]",0,0,26-100,0,1459
4991,1.0,1,0,2,1,"[""60"",""100""]",0,0,26-100,0,1458
4992,1.0,1,0,2,1,"[""60"",""100""]",0,0,1-25,0,1457
4994,0.0,1,1,1,3,"[""60"",""100""]",0,0,1-25,0,1456
4999,0.0,1,0,1,1,"[""60"",""100""]",0,0,26-100,0,1456
5000,0.0,1,1,1,12,"[""60"",""100""]",0,0,1-25,0,1456
5001,0.0,1,0,1,1,100,0,0,26-100,0,1456
5002,1.0,1,1,2,5,100,0,0,101-500,0,1456
5026,1.0,1,0,2,1,100,0,0,101-500,0,1455
5027,1.0,1,0,2,100,100,0,0,1-25,0,1455
5028,1.0,1,0,2,1,100,0,0,500-1000,0,1455
5030,1.0,1,0,1,1,100,0,0,26-100,0,1455
5031,0.0,1,0,1,1,100,0,0,101-500,0,1455
5032,1.0,1,0,2,1,"[""60"",""100""]",0,0,101-500,0,1455
5033,1.0,1,0,2,1,100,0,0,1-25,0,1455
5034,1.0,1,0,2,0,100,0,0,101-500,0,1455
5035,1.0,1,0,2,100,100,0,0,500-1000,0,1455
5036,1.0,1,0,2,0,"[""60"",""100""]",0,0,500-1000,0,1455
5037,1.0,1,0,2,1,"[""60"",""100""]",0,0,101-500,0,1454
5038,1.0,1,0,2,1,"[""60"",""100""]",0,0,1-25,0,1454
5039,1.0,1,0,2,1,100,0,0,1-25,0,1454
5040,1.0,1,0,2,1,"[""60"",""100""]",0,0,1-25,0,1454
5041,1.0,1,0,2,1,100,0,0,26-100,0,1454
5042,1.0,1,0,2,0,"[""60"",""100""]",0,0,101-500,0,1454
5043,1.0,1,0,2,0,100,0,0,26-100,0,1454
5044,1.0,1,0,2,1,"[""60"",""100""]",0,0,26-100,0,1454
5045,1.0,1,0,2,1,"[""60"",""100""]",0,0,26-100,0,1454
5046,1.0,1,0,2,1,"[""60"",""100""]",0,0,101-500,0,1454
5047,1.0,1,0,2,100,100,0,0,1-25,0,1454
5048,1.0,1,1,2,2,"[""60"",""100""]",0,0,26-100,0,1454
5049,1.0,1,0,2,1,"[""60"",""100""]",0,0,26-100,0,1454
5050,1.0,1,0,2,1,"[""60"",""100""]",0,0,26-100,0,1454
5051,1.0,1,0,2,1,"[""60"",""100""]",0,0,101-500,0,1454
5052,1.0,1,0,2,1,100,0,0,26-100,0,1453
5053,1.0,1,0,2,5,100,0,0,101-500,0,1453
5054,1.0,1,0,2,1,100,0,0,26-100,0,1453
5055,1.0,1,0,2,100,"[""60"",""100""]",0,0,26-100,0,1453
5056,1.0,1,0,2,1,"[""60"",""100""]",0,0,1-25,0,1453
5057,1.0,1,0,2,1,100,0,0,1-25,0,1453
5058,1.0,1,1,2,16,"[""60"",""100""]",0,0,101-500,0,1453
5059,1.0,1,0,2,1,"[""60"",""100""]",0,0,26-100,0,1453
5060,1.0,1,0,2,1,"[""60"",""100""]",0,0,1-25,0,1453
5061,0.0,1,1,2,2,"[""60"",""100""]",0,0,26-100,0,1453
5062,1.0,1,0,2,100,100,0,0,1-25,0,1453
5063,1.0,1,0,2,1,"[""60"",""100""]",0,0,26-100,0,1453
5064,1.0,1,0,2,1,"[""60"",""100""]",0,0,26-100,0,1453
5065,1.0,1,0,2,1,100,0,0,500-1000,0,1453
5066,1.0,1,0,2,1,"[""60"",""100""]",0,0,1-25,0,1453
5068,1.0,1,0,2,1,100,0,0,1-25,0,1453
5069,1.0,1,0,2,105,60,0,0,1-25,0,1452
5070,1.0,1,1,2,8,"[""60"",""100""]",0,0,1-25,0,1452
5071,1.0,1,0,2,1,"[""60"",""100""]",0,0,1-25,0,1452
5072,1.0,1,0,2,1,"[""60"",""100""]",0,0,1-25,0,1452
5073,1.0,1,1,2,6,100,0,0,101-500,0,1452
5080,1.0,1,0,2,100,100,0,0,26-100,0,1452
5081,1.0,1,0,2,2,60,0,0,1-25,0,1452
5090,1.0,1,1,2,61,60,0,0,26-100,0,1449
5092,1.0,1,0,2,10,60,0,0,1-25,0,1449
5096,1.0,1,0,2,10,60,0,0,101-500,0,1449
5101,1.0,1,0,2,60,60,0,0,26-100,0,1449
5102,1.0,1,0,2,105,100,0,0,101-500,0,1449
5103,1.0,1,0,2,100,"[""60"",""100""]",0,0,26-100,0,1449
5104,1.0,1,0,2,105,60,0,0,101-500,0,1449
5106,0.0,1,0,2,10,60,0,0,26-100,0,1449
5109,1.0,1,1,2,61,60,0,0,1-25,0,1449
5112,1.0,1,0,2,105,60,0,0,101-500,0,1449
5114,1.0,1,0,2,105,60,0,0,101-500,0,1449
5117,1.0,1,1,2,65,60,0,0,26-100,0,1448
5118,1.0,1,0,2,60,60,0,0,1-25,0,1448
5119,1.0,1,0,2,60,60,0,0,26-100,0,1448
5121,1.0,1,0,2,60,60,0,0,101-500,0,1448
5123,1.0,1,0,2,60,60,0,0,26-100,0,1448
5124,1.0,1,0,2,12,100,0,0,26-100,0,1448
5125,0.0,1,1,2,11,60,0,0,1-25,0,1448
5127,1.0,1,0,2,100,60,0,0,101-500,0,1448
5130,1.0,1,0,2,100,60,0,0,101-500,0,1448
5131,0.0,1,0,2,100,60,0,0,26-100,0,1448
5134,1.0,1,0,2,60,60,0,0,101-500,0,1448
5137,1.0,1,0,2,100,"[""60"",""100""]",0,0,101-500,0,1448
5138,1.0,1,0,2,10,60,0,0,26-100,0,1448
5139,0.0,1,0,2,60,60,0,0,1-25,0,1448
5140,1.0,1,0,2,60,60,0,0,1-25,0,1448
5141,1.0,1,0,2,60,60,0,0,1-25,0,1448
5142,1.0,1,0,2,60,60,0,0,1-25,0,1448
5143,1.0,1,0,2,60,60,0,0,26-100,0,1448
5145,1.0,1,0,2,60,60,0,0,101-500,0,1447
5146,1.0,1,0,2,0,100,0,0,26-100,0,1447
5147,0.0,1,0,2,0,100,0,0,26-100,0,1447
5148,1.0,1,0,2,100,60,0,0,101-500,0,1447
5149,0.0,1,1,2,63,60,0,0,500-1000,0,1447
5150,0.0,1,0,2,100,60,0,0,26-100,0,1447
5151,1.0,1,0,2,10,"[""60"",""100""]",0,0,1-25,0,1447
5160,1.0,1,0,2,60,60,0,0,101-500,0,1447
5163,1.0,1,0,2,1,100,0,0,1-25,0,1446
5164,1.0,1,0,2,100,60,0,0,1-25,0,1446
5165,1.0,1,0,2,4,60,0,0,More than 1000,0,1446
5166,1.0,1,1,2,3,100,0,0,26-100,0,1446
5169,0.0,1,1,1,105,60,0,0,101-500,0,1446
5174,0.0,1,1,2,18,60,0,0,101-500,0,1446
5176,0.0,1,0,2,10,60,0,0,26-100,0,1446
5178,1.0,1,0,2,0,60,0,0,101-500,0,1446
5179,1.0,1,0,2,0,60,0,0,500-1000,0,1446
5180,1.0,1,0,2,105,60,0,0,26-100,0,1446
5181,1.0,1,0,2,105,60,0,0,101-500,0,1446
5183,1.0,1,0,2,60,60,0,0,1-25,0,1446
5184,1.0,1,0,2,10,60,0,0,101-500,0,1445
5186,1.0,1,0,2,10,60,0,0,26-100,0,1445
5188,1.0,1,0,2,105,60,0,0,101-500,0,1445
5190,1.0,1,0,2,10,60,0,0,101-500,0,1445
5191,1.0,1,0,2,60,60,0,0,26-100,0,1445
5193,1.0,1,1,2,105,100,0,0,101-500,0,1445
5201,1.0,1,0,2,105,60,0,0,26-100,0,1445
5204,1.0,1,0,2,105,60,0,0,26-100,0,1445
5205,1.0,1,0,2,60,60,0,0,500-1000,0,1445
5206,1.0,1,0,2,60,60,0,0,1-25,0,1445
5207,1.0,1,0,2,60,60,0,0,101-500,0,1445
5208,1.0,1,0,2,105,60,0,0,101-500,0,1445
5212,1.0,1,0,2,10,60,0,0,101-500,0,1444
5213,1.0,1,1,2,13,60,0,0,101-500,0,1444
5215,1.0,1,1,2,64,60,0,0,26-100,0,1444
5216,1.0,1,1,1,0,100,0,0,1-25,0,1444
5217,0.0,1,1,2,10,60,0,0,26-100,0,1444
5219,1.0,1,0,2,0,100,0,0,26-100,0,1444
5220,0.0,1,1,1,62,60,0,0,101-500,0,1444
5221,1.0,1,1,2,66,60,0,0,101-500,0,1444
5224,1.0,1,1,2,12,100,0,0,1-25,0,1444
5225,0.0,1,1,2,60,60,0,0,More than 1000,0,1444
5228,0.0,1,1,2,30,60,0,0,101-500,0,1444
5229,1.0,1,0,2,0,100,0,0,26-100,0,1444
5230,1.0,1,0,2,1,"[""60"",""100""]",0,0,500-1000,0,1444
5231,0.0,1,0,1,105,60,0,0,101-500,0,1444
5233,0.0,1,0,1,16,60,0,0,101-500,0,1444
5234,1.0,1,0,2,2,100,0,0,101-500,0,1443
5235,1.0,1,0,2,10,100,0,0,26-100,0,1443
5236,1.0,1,0,2,105,100,0,0,101-500,0,1443
5237,1.0,1,1,2,5,60,0,0,500-1000,0,1443
5239,1.0,1,0,2,105,100,0,0,26-100,0,1443
5240,1.0,1,0,2,0,100,0,0,26-100,0,1443
5241,0.0,1,0,2,60,60,0,0,101-500,0,1443
5242,1.0,1,0,2,105,100,0,0,26-100,0,1443
5246,1.0,1,0,2,105,100,0,0,1-25,0,1443
5249,1.0,1,0,1,105,10000,0,0,26-100,0,1443
5250,1.0,1,1,2,13,60,0,0,500-1000,0,1443
5252,1.0,1,0,2,0,100,0,0,26-100,0,1443
5258,1.0,1,1,2,13,60,0,0,26-100,0,1443
5259,1.0,1,0,2,10,100,0,0,26-100,0,1443
5261,1.0,1,1,2,2,100,0,0,26-100,0,1443
5262,1.0,1,0,2,0,100,0,0,1-25,0,1442
5269,1.0,1,0,2,60,60,0,0,26-100,0,1441
5270,0.0,0,,1,1,100,0,0,1-25,0,1441
5274,1.0,1,0,2,105,100,0,0,1-25,0,1440
5275,1.0,1,0,2,1,100,0,0,500-1000,0,1440
5276,1.0,1,0,2,1,100,0,0,1-25,0,1440
5277,1.0,1,0,2,10,60,0,0,1-25,0,1439
5278,1.0,1,0,2,10,60,0,0,500-1000,0,1438
5279,1.0,1,0,2,10,60,0,0,26-100,0,1437
5280,1.0,1,0,2,60,60,0,0,101-500,0,1437
5281,1.0,1,0,2,10,60,0,0,26-100,0,1437
5282,1.0,1,0,2,10,10000,0,0,26-100,0,1437
5283,1.0,1,0,2,0,100,0,0,101-500,0,1437
5287,1.0,1,0,2,10,60,0,0,101-500,0,1436
5289,1.0,1,0,2,10,60,0,0,26-100,0,1436
5290,1.0,1,0,2,10,60,0,0,26-100,0,1436
5292,1.0,1,0,2,105,60,0,0,26-100,0,1435
5293,1.0,1,0,2,105,60,0,0,101-500,0,1435
5294,1.0,1,0,2,10,60,0,0,26-100,0,1431
5295,1.0,1,0,2,105,60,0,0,101-500,0,1428
5296,1.0,1,0,2,0,60,0,0,1-25,0,1427
5297,1.0,1,0,2,10,10000,0,0,1-25,0,1407
5299,1.0,1,0,2,1,100,0,0,26-100,0,1407
5300,1.0,1,0,2,10,10000,0,0,1-25,0,1407
5302,1.0,1,0,2,10,10000,0,0,1-25,0,1407
5304,1.0,1,0,2,10,10000,0,0,1-25,0,1407
5306,1.0,1,0,2,10,10000,0,0,1-25,0,1407
5308,1.0,1,0,2,10,10000,0,0,1-25,0,1407
5310,1.0,1,0,2,10,10000,0,0,1-25,0,1407
5312,1.0,1,0,2,10,10000,0,0,26-100,0,1407
5314,1.0,1,0,2,10,10000,0,0,1-25,0,1407
5316,1.0,1,0,2,10,10000,0,0,1-25,0,1407
5318,1.0,1,0,2,10,10000,0,0,1-25,0,1407
5320,1.0,1,0,2,10,10000,0,0,1-25,0,1407
5322,1.0,1,0,2,10,10000,0,0,1-25,0,1407
5324,1.0,1,0,2,10,10000,0,0,1-25,0,1407
5326,1.0,1,0,2,10,100,0,0,500-1000,0,1404
5327,1.0,1,0,2,1,100,0,0,26-100,0,1400
5328,1.0,1,0,2,1,100,0,0,101-500,0,1400
5329,1.0,1,0,2,1,10000,0,0,26-100,0,1400
5330,1.0,1,0,2,10,10000,0,0,101-500,0,1400
5331,1.0,1,0,2,1,10000,0,0,1-25,0,1399
5332,1.0,1,0,2,1,100,0,0,1-25,0,1399
5333,1.0,1,0,2,1,10000,0,0,500-1000,0,1398
5335,0.0,1,1,1,21,100,0,0,500-1000,0,1398
5337,1.0,1,0,2,10,10000,0,0,26-100,0,1398
5339,1.0,1,0,2,1,100,0,0,101-500,0,1398
5340,1.0,1,0,2,10,10000,0,0,500-1000,0,1398
5341,1.0,1,1,2,1,100,0,0,500-1000,0,1398
5342,1.0,1,0,2,1,10000,0,0,101-500,0,1398
5343,1.0,1,0,2,1,100,0,0,500-1000,0,1398
5344,1.0,1,1,2,2,100,0,0,500-1000,0,1398
5345,1.0,1,0,2,1,100,0,0,26-100,0,1398
5346,1.0,1,0,2,1,100,0,0,26-100,0,1398
5350,1.0,1,0,2,1,100,0,0,101-500,0,1398
5352,1.0,1,0,2,1,10000,0,0,101-500,0,1398
5354,1.0,1,0,2,1,100,0,0,26-100,0,1398
5355,1.0,1,0,2,0,100,0,0,26-100,0,1397
5356,1.0,1,0,2,10,10000,0,0,101-500,0,1393
5358,1.0,1,0,2,10,100,0,0,26-100,0,1393
5360,1.0,1,0,2,10,10000,0,0,26-100,0,1393
5361,1.0,1,0,2,1,100,0,0,26-100,0,1393
5362,1.0,1,0,2,1,100,0,0,26-100,0,1393
5363,1.0,1,0,2,10,100,0,0,1-25,0,1393
5368,0.0,1,0,2,1,100,0,0,500-1000,0,1392
5369,1.0,1,1,2,105,100,0,0,1-25,0,1392
5371,1.0,1,0,2,10,100,0,0,101-500,0,1392
5374,1.0,1,0,2,10,100,0,0,500-1000,0,1392
5375,1.0,1,0,2,1,100,0,0,500-1000,0,1392
5376,1.0,1,0,2,10,10000,0,0,26-100,0,1392
5377,1.0,1,0,2,10,100,0,0,101-500,0,1392
5378,1.0,1,0,2,1,10000,0,0,101-500,0,1391
5380,1.0,1,0,2,1,10000,0,0,101-500,0,1391
5381,1.0,1,0,2,1,100,0,0,101-500,0,1391
5382,0.0,1,1,2,1,10000,0,0,500-1000,0,1390
5385,1.0,1,0,2,1,100,0,0,500-1000,0,1390
5386,1.0,1,1,2,1,100,0,0,101-500,0,1390
5389,1.0,1,0,2,1,100,0,0,1-25,0,1390
5391,1.0,1,0,2,10,10000,0,0,1-25,0,1390
5393,1.0,1,0,2,1,100,0,0,1-25,0,1389
5394,1.0,1,0,2,105,100,0,0,500-1000,0,1386
5395,1.0,1,1,2,2,10000,0,0,1-25,0,1386
5397,1.0,1,0,2,10,10000,0,0,101-500,0,1385
5401,1.0,1,0,2,105,100,0,0,1-25,0,1385
5403,1.0,1,1,2,2,10000,0,0,101-500,0,1384
5404,1.0,1,1,2,2,10000,0,0,26-100,0,1384
5405,1.0,1,0,2,1,100,0,0,101-500,0,1384
5406,1.0,1,0,2,105,100,0,0,26-100,0,1384
5407,1.0,1,0,2,10,10000,0,0,101-500,0,1384
5408,1.0,1,0,2,10,100,0,0,26-100,0,1384
5409,1.0,1,0,2,10,10000,0,0,101-500,0,1384
5410,1.0,1,1,2,11,10000,0,0,26-100,0,1384
5411,1.0,1,1,2,5,10000,0,0,26-100,0,1384
5413,1.0,1,1,2,4,10000,0,0,26-100,0,1384
5414,1.0,1,0,2,10,100,0,0,1-25,0,1384
5416,1.0,1,0,2,10,10000,0,0,101-500,0,1384
5417,1.0,1,1,2,10,100,0,0,26-100,0,1384
5418,1.0,1,0,2,10,100,0,0,500-1000,0,1384
5419,1.0,1,0,2,10,100,0,0,500-1000,0,1384
5420,1.0,1,0,2,0,100,0,0,101-500,0,1383
5421,1.0,1,1,2,1,100,0,0,1-25,0,1383
5423,1.0,1,0,2,1,10000,0,0,26-100,0,1383
5424,1.0,1,1,2,3,10000,0,0,26-100,0,1383
5425,1.0,1,0,2,10,10000,0,0,101-500,0,1383
5426,1.0,1,0,2,10,100,0,0,26-100,0,1383
5428,1.0,1,0,2,1,10000,0,0,101-500,0,1382
5429,1.0,1,1,2,5,10000,0,0,101-500,0,1382
5430,1.0,1,0,2,10,10000,0,0,101-500,0,1382
5431,1.0,1,0,2,105,10000,0,0,26-100,0,1382
5432,1.0,1,0,2,1,10000,0,0,500-1000,0,1382
5435,1.0,1,0,2,1,100,0,0,101-500,0,1382
5436,1.0,1,0,2,1,100,0,0,1-25,0,1382
5437,1.0,1,0,2,1,100,0,0,101-500,0,1382
5438,1.0,1,0,2,10,10000,0,0,26-100,0,1379
5441,1.0,1,0,2,1,10000,0,0,26-100,0,1379
5449,1.0,1,0,2,1,10000,0,0,500-1000,0,1379
5453,1.0,1,0,2,1,100,0,0,1-25,0,1379
5454,1.0,1,0,2,1,10000,0,0,1-25,0,1379
5457,1.0,1,0,2,1,10000,0,0,1-25,0,1379
5458,1.0,1,0,2,0,100,0,0,1-25,0,1379
5461,1.0,1,0,2,1,100,0,0,26-100,0,1379
5462,1.0,1,0,2,105,10000,0,0,26-100,0,1378
5463,1.0,1,0,2,1,10000,0,0,26-100,0,1378
5464,1.0,1,0,2,105,10000,0,0,101-500,0,1378
5465,1.0,1,0,2,10,100,0,0,26-100,0,1378
5466,1.0,1,0,2,1,10000,0,0,1-25,0,1378
5470,1.0,1,1,2,105,10000,0,0,26-100,0,1378
5473,1.0,1,0,2,10,100,0,0,500-1000,0,1378
5474,1.0,1,0,2,1,10000,0,0,1-25,0,1378
5475,1.0,1,0,2,1,10000,0,0,1-25,0,1378
5476,1.0,1,0,2,1,10000,0,0,1-25,0,1377
5477,1.0,1,0,2,1,10000,0,0,101-500,0,1377
5478,1.0,1,0,2,105,100,0,0,101-500,0,1377
5479,1.0,1,0,2,1,10000,0,0,26-100,0,1377
5480,1.0,1,0,2,1,10000,0,0,26-100,0,1377
5482,1.0,1,0,2,1,10000,0,0,1-25,0,1377
5483,1.0,1,0,2,0,100,0,0,1-25,0,1377
5485,1.0,1,0,2,1,10000,0,0,26-100,0,1377
5486,1.0,1,0,2,0,100,0,0,101-500,0,1377
5487,1.0,1,0,2,1,100,0,0,1-25,0,1377
5488,1.0,1,0,2,0,100,0,0,101-500,0,1376
5489,1.0,1,0,2,10,100,0,0,500-1000,0,1376
5490,1.0,1,0,2,10,10000,0,0,26-100,0,1376
5491,1.0,1,0,2,0,100,0,0,101-500,0,1376
5492,1.0,1,1,2,6,10000,0,0,101-500,0,1376
5493,1.0,1,0,2,10,100,0,0,26-100,0,1376
5494,1.0,1,0,2,10,100,0,0,26-100,0,1376
5495,1.0,1,0,2,10,100,0,0,500-1000,0,1376
5496,1.0,1,0,2,10,100,0,0,1-25,0,1376
5497,1.0,1,0,2,1,10000,0,0,26-100,0,1376
5498,1.0,1,0,2,1,10000,0,0,26-100,0,1375
5499,1.0,1,0,2,10,10000,0,0,26-100,0,1375
5501,1.0,1,1,2,105,10000,0,0,26-100,0,1375
5502,1.0,1,1,2,105,10000,0,0,500-1000,0,1375
5503,1.0,1,1,1,10,100,0,0,26-100,0,1375
5504,1.0,1,0,2,10,10000,0,0,500-1000,0,1375
5505,1.0,1,1,2,0,10000,0,0,26-100,0,1375
5506,1.0,1,0,2,1,10000,0,0,26-100,0,1375
5507,1.0,1,0,2,1,10000,0,0,26-100,0,1375
5508,1.0,1,0,2,1,100,0,0,26-100,0,1375
5509,1.0,1,0,2,0,100,0,0,1-25,0,1372
5510,1.0,1,1,2,10,100,0,0,26-100,0,1372
5511,1.0,1,1,2,14,100,0,0,26-100,0,1372
5512,0.0,1,0,2,105,10000,0,0,101-500,0,1372
5513,1.0,1,1,2,15,10000,0,0,101-500,0,1372
5514,1.0,1,1,2,105,10000,0,0,101-500,0,1372
5515,1.0,1,1,2,4,10000,0,0,1-25,0,1372
5517,1.0,1,0,2,10,10000,0,0,26-100,0,1372
5518,1.0,1,0,2,1,10000,0,0,500-1000,0,1372
5519,1.0,1,0,2,10,100,0,0,26-100,0,1372
5520,1.0,1,0,2,10,10000,0,0,26-100,0,1372
5521,1.0,1,0,2,10,10000,0,0,26-100,0,1372
5522,1.0,1,1,2,2,10000,0,0,26-100,0,1372
5523,1.0,1,0,2,10,10000,0,0,26-100,0,1372
5524,1.0,1,1,2,15,10000,0,0,26-100,0,1372
5526,1.0,1,1,2,105,10000,0,0,26-100,0,1371
5527,1.0,1,0,2,1,10000,0,0,101-500,0,1371
5528,0.0,1,0,2,10,10000,0,0,26-100,0,1371
5529,1.0,1,0,2,10,10000,0,0,26-100,0,1370
5530,1.0,1,0,2,10,10000,0,0,1-25,0,1370
5531,1.0,1,0,2,1,10000,0,0,101-500,0,1370
5533,1.0,1,1,2,4,10000,0,0,26-100,0,1370
5534,1.0,1,0,2,1,10000,0,0,101-500,0,1370
5535,1.0,1,0,2,1,10000,0,0,1-25,0,1370
5537,1.0,1,0,2,1,100,0,0,1-25,0,1370
5538,1.0,1,0,2,10,10000,0,0,26-100,0,1369
5540,1.0,1,0,2,1,100,0,0,26-100,0,1369
5541,1.0,1,0,2,1,100,0,0,101-500,0,1369
5542,1.0,1,0,2,1,100,0,0,101-500,0,1369
5543,1.0,1,0,2,1,100,0,0,101-500,0,1369
5544,1.0,1,0,2,1,10000,0,0,101-500,0,1369
5545,1.0,1,0,2,10,100,0,0,26-100,0,1369
5546,1.0,1,1,2,2,10000,0,0,500-1000,0,1369
5547,1.0,1,0,2,1,100,0,0,26-100,0,1369
5548,1.0,1,0,2,1,100,0,0,26-100,0,1369
5549,1.0,1,0,2,1,10000,0,0,1-25,0,1369
5550,1.0,1,0,1,10,100,0,0,101-500,0,1369
5551,1.0,1,0,2,1,100,0,0,26-100,0,1369
5552,1.0,1,0,2,1,100,0,0,500-1000,0,1369
5553,1.0,1,0,2,1,100,0,0,101-500,0,1369
5554,1.0,1,0,2,1,100,0,0,26-100,0,1369
5555,1.0,1,0,2,1,100,0,0,1-25,0,1369
5556,1.0,1,0,2,10,100,0,0,26-100,0,1368
5557,1.0,1,0,2,1,100,0,0,26-100,0,1368
5558,1.0,1,0,2,1,10000,0,0,101-500,0,1368
5559,1.0,1,0,2,1,100,0,0,26-100,0,1368
5560,1.0,1,0,2,1,100,0,0,1-25,0,1368
5561,1.0,1,0,2,1,100,0,0,1-25,0,1368
5562,1.0,1,0,2,1,100,0,0,1-25,0,1368
5563,1.0,1,0,2,1,100,0,0,26-100,0,1368
5564,0.0,1,1,2,1,100,0,0,500-1000,0,1365
5565,1.0,1,0,2,10,100,0,0,26-100,0,1365
5566,1.0,1,0,2,1,100,0,0,101-500,0,1365
5567,1.0,1,0,2,1,100,0,0,101-500,0,1365
5568,1.0,1,0,2,1,10000,0,0,26-100,0,1365
5569,1.0,1,1,2,10,10000,0,0,500-1000,0,1365
5570,1.0,1,0,2,1,10000,0,0,26-100,0,1365
5571,1.0,1,0,2,105,100,0,0,26-100,0,1365
5572,0.0,1,0,2,1,10000,0,0,101-500,0,1365
5575,0.0,1,1,2,105,60,0,0,1-25,0,1364
5578,1.0,1,0,2,105,100,0,0,More than 1000,0,1364
5579,1.0,1,0,2,10,10000,0,0,26-100,0,1364
5580,1.0,1,0,2,1,10000,0,0,26-100,0,1364
5581,1.0,1,1,2,15,10000,0,0,26-100,0,1362
5583,1.0,1,0,2,1,"[""10000"",""100""]",0,0,101-500,0,1362
5584,1.0,1,0,2,1,"[""10000"",""100""]",0,0,1-25,0,1362
5585,1.0,1,0,2,10,100,0,0,1-25,0,1362
5587,1.0,1,0,2,1,100,0,0,26-100,0,1361
5589,1.0,1,0,2,1,10000,0,0,1-25,0,1361
5590,1.0,1,0,2,1,10000,0,0,101-500,0,1361
5591,1.0,1,0,2,10,10000,0,0,26-100,0,1358
5592,1.0,1,0,2,10,10000,0,0,1-25,0,1358
5593,1.0,1,0,2,1,10000,0,0,26-100,0,1358
5594,1.0,1,0,2,1,10000,0,0,26-100,0,1358
5596,1.0,1,0,2,10,10000,0,0,26-100,0,1358
5597,1.0,1,0,2,1,10000,0,0,500-1000,0,1358
5598,1.0,1,0,2,1,10000,0,0,101-500,0,1358
5599,1.0,1,0,2,10,10000,0,0,500-1000,0,1358
5600,1.0,1,0,2,105,10000,0,0,More than 1000,0,1357
5605,1.0,1,0,2,1,10000,0,0,101-500,0,1357
5606,1.0,1,0,2,1,100,0,0,1-25,0,1357
5608,1.0,1,0,2,10,100,0,0,101-500,0,1357
5610,0.0,1,1,2,1,10000,0,0,1-25,0,1357
5612,1.0,1,0,2,1,10000,0,0,26-100,0,1356
5613,1.0,1,1,2,13,10000,0,0,26-100,0,1356
5614,0.0,1,1,2,2,10000,0,0,101-500,0,1356
5615,0.0,1,0,2,1,100,0,0,1-25,0,1356
5616,1.0,1,0,2,1,10000,0,0,More than 1000,0,1356
5617,1.0,1,0,2,1,10000,0,0,500-1000,0,1356
5620,1.0,1,0,2,1,10000,0,0,101-500,0,1355
5621,1.0,1,0,2,1,10000,0,0,101-500,0,1355
5622,0.0,1,0,2,1,100,0,0,1-25,0,1355
5623,1.0,1,0,2,1,100,0,0,1-25,0,1355
5624,1.0,1,0,2,1,100,0,0,1-25,0,1355
5625,1.0,1,0,2,1,100,0,0,1-25,0,1355
5626,0.0,1,0,2,1,10000,0,0,101-500,0,1355
5627,1.0,1,0,2,1,10000,0,0,26-100,0,1355
5628,1.0,1,0,2,1,10000,0,0,26-100,0,1355
5629,1.0,1,0,2,1,10000,0,0,101-500,0,1355
5630,1.0,1,0,2,10,10000,0,0,26-100,0,1354
5631,0.0,1,0,2,105,10000,0,0,More than 1000,0,1354
5632,1.0,1,0,2,10,10000,0,0,101-500,0,1351
5633,0.0,1,0,2,1,100,0,0,1-25,0,1351
5634,1.0,1,0,2,10,100,0,0,26-100,0,1351
5635,1.0,1,0,2,1,100,0,0,26-100,0,1351
5638,1.0,1,0,2,10,10000,0,0,26-100,0,1351
5639,1.0,1,0,2,10,100,0,0,101-500,0,1351
5641,1.0,1,0,2,10,100,0,0,26-100,0,1351
5643,1.0,1,0,2,10,100,0,0,101-500,0,1351
5644,1.0,1,0,2,10,100,0,0,26-100,0,1350
5646,1.0,1,1,1,11,100,0,0,26-100,0,1350
5647,1.0,1,0,2,10,100,0,0,101-500,0,1350
5648,0.0,1,1,2,2,60,0,0,101-500,0,1350
5649,1.0,1,0,2,1,10000,0,0,101-500,0,1350
5651,1.0,1,0,2,1,10000,0,0,26-100,0,1350
5652,1.0,1,0,2,1,100,0,0,500-1000,0,1350
5653,0.0,1,1,2,9,10000,0,0,26-100,0,1350
5654,1.0,1,0,2,1,100,0,0,101-500,0,1350
5655,1.0,1,0,2,10,100,0,0,1-25,0,1349
5657,0.0,1,0,2,1,100,0,0,1-25,0,1349
5658,1.0,1,0,2,1,10000,0,0,1-25,0,1349
5661,1.0,1,0,2,1,100,0,0,26-100,0,1348
5662,1.0,1,0,2,10,10000,0,0,26-100,0,1348
5663,1.0,1,0,2,10,10000,0,0,101-500,0,1347
5664,1.0,1,0,2,10,10000,0,0,26-100,0,1347
5665,1.0,1,0,2,1,10000,0,0,26-100,0,1344
5666,1.0,1,0,2,1,10000,0,0,26-100,0,1344
5667,1.0,1,0,2,1,10000,0,0,26-100,0,1344
5670,1.0,1,0,2,1,10000,0,0,26-100,0,1343
5672,1.0,1,0,2,1,100,0,0,500-1000,0,1342
5673,0.0,1,1,2,2,100,0,0,1-25,0,1342
5674,0.0,1,0,2,1,10000,0,0,101-500,0,1341
5677,1.0,1,0,2,1,10000,0,0,1-25,0,1341
5678,1.0,1,0,2,1,10000,0,0,101-500,0,1341
5679,1.0,1,1,2,12,10000,0,0,101-500,0,1341
5690,1.0,1,0,2,1,100,0,0,26-100,0,1340
5692,1.0,1,1,2,1,100,0,0,500-1000,0,1340
5694,1.0,1,0,2,10,10000,0,0,1-25,0,1340
5695,1.0,1,0,2,105,100,0,0,101-500,0,1340
5699,1.0,1,0,2,10,10000,0,0,1-25,0,1337
5701,1.0,1,0,2,105,100,0,0,26-100,0,1337
5702,1.0,1,0,2,1,100,0,0,500-1000,0,1337
5703,1.0,1,1,2,2,100,0,0,26-100,0,1337
5704,1.0,1,0,2,1,100,0,0,500-1000,0,1337
5705,1.0,1,0,2,10,10000,0,0,26-100,0,1337
5706,0.0,1,0,2,1,10000,0,0,1-25,0,1335
5708,1.0,1,0,2,10,10000,0,0,1-25,0,1334
5709,1.0,1,0,2,105,10000,0,0,500-1000,0,1334
5710,1.0,1,0,2,1,100,0,0,1-25,0,1334
5711,1.0,1,0,2,1,10000,0,0,1-25,0,1334
5712,1.0,1,0,2,1,10000,0,0,101-500,0,1333
5713,1.0,1,0,2,1,10000,0,0,26-100,0,1333
5714,1.0,1,0,2,1,10000,0,0,26-100,0,1333
5715,1.0,1,0,2,1,10000,0,0,1-25,0,1333
5716,1.0,1,0,2,1,10000,0,0,1-25,0,1333
5717,1.0,1,0,2,1,10000,0,0,1-25,0,1333
5718,1.0,1,0,2,1,10000,0,0,1-25,0,1333
5719,1.0,1,0,2,1,10000,0,0,101-500,0,1333
5720,1.0,1,0,2,1,100,0,0,26-100,0,1333
5721,1.0,1,0,2,1,10000,0,0,1-25,0,1333
5722,1.0,1,1,2,6,10000,0,0,101-500,0,1333
5725,1.0,1,1,2,1,100,0,0,101-500,0,1330
5737,1.0,1,1,1,1,100,0,0,500-1000,0,1329
5741,0.0,1,1,1,3,60,0,0,26-100,0,1328
5748,1.0,1,0,2,1,10000,0,0,26-100,0,1327
5750,1.0,1,0,2,1,10000,0,0,1-25,0,1323
5751,1.0,1,0,2,10,100,0,0,26-100,0,1323
5752,1.0,1,0,1,1,10000,0,0,1-25,0,1323
5755,1.0,1,0,2,1,100,0,0,1-25,0,1321
5756,1.0,1,0,2,1,10000,0,0,26-100,0,1316
5758,1.0,1,0,2,105,100,0,0,500-1000,0,1316
5759,0.0,1,0,2,10,100,0,0,26-100,0,1315
5761,1.0,1,0,2,10,100,0,0,1-25,0,1315
5764,1.0,1,0,2,1,100,0,0,1-25,0,1314
5765,1.0,1,0,1,10,100,0,0,26-100,0,1314
5766,0.0,1,1,1,105,10000,0,0,101-500,0,1314
5768,1.0,1,1,2,10,10000,0,0,26-100,0,1314
5771,1.0,1,0,1,1,100,0,0,1-25,0,1314
5773,1.0,1,0,2,10,10000,0,0,26-100,0,1314
5774,1.0,1,0,2,1,10000,0,0,1-25,0,1314
5775,0.0,1,0,1,105,10000,0,0,500-1000,0,1314
5776,0.0,1,0,2,10,60,0,0,1-25,0,1313
5777,1.0,1,0,2,10,10000,0,0,26-100,0,1313
5778,1.0,1,0,1,105,10000,0,0,500-1000,0,1313
5779,1.0,1,0,2,105,100,0,0,500-1000,0,1313
5780,1.0,1,0,1,105,10000,0,0,500-1000,0,1313
5781,0.0,1,0,2,105,100,0,0,101-500,0,1313
5782,1.0,1,0,2,1,100,0,0,26-100,0,1312
5783,1.0,1,0,2,1,100,0,0,26-100,0,1309
5784,1.0,1,0,2,105,10000,0,0,26-100,0,1308
5785,1.0,1,0,2,105,10000,0,0,1-25,0,1308
5786,1.0,1,0,2,10,10000,0,0,26-100,0,1308
5787,1.0,1,0,2,105,10000,0,0,1-25,0,1308
5788,1.0,1,0,2,105,100,0,0,1-25,0,1308
5789,1.0,1,0,2,105,10000,0,0,101-500,0,1308
5790,1.0,1,0,2,105,10000,0,0,1-25,0,1308
5791,1.0,1,0,2,105,10000,0,0,1-25,0,1308
5792,0.0,1,0,2,1,60,0,0,1-25,0,1308
5793,1.0,1,0,2,105,10000,0,0,26-100,0,1307
5794,1.0,1,0,2,105,100,0,0,1-25,0,1307
5795,1.0,1,0,2,105,100,0,0,1-25,0,1307
5796,1.0,1,0,1,105,10000,0,0,500-1000,0,1307
5798,1.0,1,0,2,1,100,0,0,More than 1000,0,1302
5800,0.0,1,1,1,12,100,0,0,26-100,0,1301
5801,1.0,1,1,2,10,10000,0,0,26-100,0,1301
5805,0.0,1,0,2,105,100,0,0,26-100,0,1299
5806,1.0,1,0,2,1,10000,0,0,More than 1000,0,1299
5807,1.0,1,0,2,1,10000,0,0,1-25,0,1299
5809,1.0,1,0,1,10,100,0,0,1-25,0,1299
5810,1.0,1,0,1,10,100,0,0,1-25,0,1299
5811,1.0,1,0,1,10,100,0,0,1-25,0,1299
5812,1.0,1,0,2,1,10000,0,0,1-25,0,1298
5813,1.0,1,0,2,1,100,0,0,26-100,0,1298
5814,1.0,1,1,1,18,10000,0,0,101-500,0,1298
5815,1.0,1,0,2,105,100,0,0,1-25,0,1298
5817,1.0,1,0,2,1,100,0,0,More than 1000,0,1298
5819,1.0,1,0,2,1,10000,0,0,26-100,0,1295
5820,1.0,1,0,2,1,10000,0,0,101-500,0,1295
5821,1.0,1,0,2,105,10000,0,0,More than 1000,0,1295
5822,1.0,1,0,2,1,10000,0,0,1-25,0,1295
5823,1.0,1,1,2,3,10000,0,0,1-25,0,1295
5824,1.0,1,0,2,10,100,0,0,26-100,0,1295
5828,1.0,1,0,2,1,10000,0,0,26-100,0,1291
5829,1.0,1,0,2,1,10000,0,0,26-100,0,1291
5831,1.0,1,0,2,1,10000,0,0,26-100,0,1279
5834,0.0,1,0,2,105,100,0,0,101-500,0,1274
5837,1.0,1,1,2,26,100,0,0,1-25,0,1256
5838,1.0,1,0,2,105,10000,0,0,101-500,0,1256
5839,1.0,1,1,1,5,10000,0,0,26-100,0,1253
5840,1.0,1,0,2,1,100,0,0,26-100,0,1252
5841,1.0,1,0,2,1,100,0,0,1-25,0,1252
5842,1.0,1,0,2,1,100,0,0,101-500,0,1252
5843,1.0,1,0,2,1,100,0,0,500-1000,0,1252
5844,1.0,1,0,2,10,100,0,0,500-1000,0,1252
5845,1.0,1,1,2,105,100,0,0,500-1000,0,1252
5846,1.0,1,0,2,105,100,0,0,26-100,0,1252
5849,1.0,1,0,2,10,10000,0,0,26-100,0,1251
5850,1.0,1,0,2,1,10000,0,0,1-25,0,1251
5851,1.0,1,0,2,10,100,0,0,101-500,0,1251
5852,1.0,1,0,2,1,100,0,0,1-25,0,1251
5853,1.0,1,0,2,10,100,0,0,1-25,0,1251
5854,1.0,1,1,1,3,100,0,0,101-500,0,1250
5856,1.0,1,1,2,1,10000,0,0,26-100,0,1244
5857,1.0,1,0,2,1,10000,0,0,26-100,0,1244
5858,1.0,1,0,2,10,10000,0,0,1-25,0,1243
5859,1.0,1,0,2,1,100,0,0,26-100,0,1239
5868,1.0,1,1,1,14,10000,0,0,1-25,0,1232
5874,0.0,1,1,1,19,10000,0,0,26-100,0,1230
5875,1.0,1,1,2,2,10000,0,0,1-25,0,1229
5877,1.0,1,0,2,1,100,0,0,26-100,0,1229
5878,1.0,1,0,2,1,10000,0,0,101-500,0,1229
5880,1.0,1,0,2,10,10000,0,0,26-100,0,1229
5883,1.0,1,0,2,1,10000,0,0,101-500,0,1228
5885,1.0,1,0,2,10,10000,0,0,500-1000,0,1228
5886,1.0,1,0,2,10,10000,0,0,26-100,0,1224
5887,1.0,1,0,2,10,10000,0,0,1-25,0,1224
5891,1.0,1,0,2,1,100,0,0,26-100,0,1222
5892,1.0,1,0,2,1,100,0,0,26-100,0,1221
5893,1.0,1,0,2,10,100,0,0,1-25,0,1221
5894,1.0,1,0,2,1,100,0,0,1-25,0,1215
5895,1.0,1,0,2,1,10000,0,0,26-100,0,1211
5896,1.0,1,0,2,10,10000,0,0,26-100,0,1211
5897,1.0,1,0,2,1,10000,0,0,101-500,0,1211
5898,0.0,1,1,2,14,10000,0,0,26-100,0,1211
5899,1.0,1,0,2,10,10000,0,0,26-100,0,1211
5900,1.0,1,0,2,10,10000,0,0,1-25,0,1210
5901,0.0,1,1,2,1,100,0,0,1-25,0,1210
5903,1.0,1,1,2,10,100,0,0,26-100,0,1210
5904,1.0,1,0,2,10,10000,0,0,26-100,0,1210
5905,0.0,1,1,1,2,10000,0,0,26-100,0,1210
5908,0.0,1,1,2,4,10000,0,0,101-500,0,1209
5909,0.0,1,1,2,105,100,0,0,More than 1000,0,1204
5917,0.0,1,1,2,105,10000,0,0,26-100,0,1204
5921,1.0,1,0,2,1,100,0,0,26-100,0,1204
5924,1.0,1,1,2,105,100,0,0,1-25,0,1203
5925,1.0,1,0,2,105,10000,0,0,More than 1000,0,1202
5926,0.0,1,0,1,1,60,0,0,500-1000,0,1202
5928,1.0,1,0,2,1,10000,0,0,26-100,0,1201
5929,1.0,1,0,2,10,10000,0,0,500-1000,0,1201
5930,1.0,1,0,2,1,10000,0,0,26-100,0,1201
5931,1.0,1,0,2,10,100,0,0,1-25,0,1200
5932,1.0,1,0,2,105,100,0,0,More than 1000,0,1200
5933,1.0,1,0,2,1,100,0,0,101-500,0,1200
5936,1.0,1,0,2,105,10000,0,0,101-500,0,1200
5937,1.0,1,0,2,105,100,0,0,1-25,0,1200
5938,1.0,1,0,2,105,100,0,0,1-25,0,1200
5939,1.0,1,0,2,1,10000,0,0,1-25,0,1197
5940,1.0,1,0,2,1,10000,0,0,26-100,0,1197
5941,1.0,1,0,2,10,10000,0,0,1-25,0,1197
5942,1.0,1,0,2,10,10000,0,0,26-100,0,1197
5943,1.0,1,1,1,10,10000,0,0,26-100,0,1197
5945,1.0,1,0,2,10,10000,0,0,101-500,0,1196
5946,1.0,1,0,2,105,10000,0,0,26-100,0,1196
5947,1.0,1,1,1,105,100,0,0,101-500,0,1196
5948,1.0,1,0,2,1,100,0,0,1-25,0,1196
5949,1.0,1,0,2,1,10000,0,0,1-25,0,1196
5951,1.0,1,0,2,10,10000,0,0,26-100,0,1196
5952,1.0,1,0,2,105,10000,0,0,26-100,0,1196
5953,1.0,1,0,2,1,100,0,0,26-100,0,1196
5956,1.0,1,0,2,10,100,0,0,26-100,0,1195
5958,1.0,1,0,2,105,100,0,0,More than 1000,0,1195
5959,1.0,1,0,2,1,10000,0,0,26-100,0,1195
5960,1.0,1,0,2,1,10000,0,0,101-500,0,1195
5966,1.0,1,0,2,1,10000,0,0,26-100,0,1194
5969,1.0,1,1,2,2,100,0,0,26-100,0,1193
5971,1.0,1,0,2,1,10000,0,0,1-25,0,1190
5972,1.0,1,0,2,10,10000,0,0,1-25,0,1190
5973,1.0,1,0,2,1,100,0,0,500-1000,0,1190
5974,1.0,1,0,2,1,10000,0,0,101-500,0,1189
5980,1.0,1,0,2,10,10000,0,0,More than 1000,0,1187
5981,1.0,1,0,2,105,10000,0,0,500-1000,0,1187
5983,1.0,1,0,2,105,10000,0,0,More than 1000,0,1187
5985,1.0,1,0,2,1,100,0,0,More than 1000,0,1186
5987,1.0,1,0,2,105,100,0,0,101-500,0,1183
5988,1.0,1,0,2,1,10000,0,0,26-100,0,1183
5989,1.0,1,0,2,10,10000,0,0,26-100,0,1183
5990,1.0,1,0,2,105,10000,0,0,26-100,0,1183
5991,1.0,1,0,2,1,10000,0,0,101-500,0,1183
5992,1.0,1,0,2,10,100,0,0,26-100,0,1183
5993,1.0,1,0,2,105,100,0,0,101-500,0,1183
5994,1.0,1,0,2,10,10000,0,0,1-25,0,1183
5996,1.0,1,0,2,10,100,0,0,1-25,0,1183
5997,1.0,1,0,2,1,10000,0,0,26-100,0,1183
5998,1.0,1,0,2,10,10000,0,0,26-100,0,1183
6000,1.0,1,0,2,105,100,0,0,101-500,0,1183
6002,1.0,1,0,2,105,10000,0,0,500-1000,0,1183
6004,1.0,1,0,2,10,100,0,0,101-500,0,1183
6005,1.0,1,0,2,105,10000,0,0,500-1000,0,1182
6006,1.0,1,1,1,12,100,0,0,500-1000,0,1182
6007,1.0,1,0,2,10,100,0,0,500-1000,0,1182
6008,1.0,1,0,2,105,100,0,0,101-500,0,1182
6009,1.0,1,0,2,105,100,0,0,1-25,0,1182
6014,1.0,1,1,1,105,10000,0,0,500-1000,0,1180
6016,1.0,1,0,2,1,100,0,0,26-100,0,1180
6017,1.0,1,1,2,10,100,0,0,500-1000,0,1180
6019,1.0,1,0,2,1,10000,0,0,26-100,0,1180
6021,1.0,1,1,2,14,100,0,0,500-1000,0,1179
6023,1.0,1,0,2,105,10000,0,0,More than 1000,0,1176
6025,1.0,1,1,2,2,100,0,0,26-100,0,1176
6027,1.0,1,0,2,1,10000,0,0,101-500,0,1175
6028,1.0,1,0,2,1,100,0,0,26-100,0,1174
6029,1.0,1,1,2,1,100,0,0,500-1000,0,1173
6031,1.0,1,0,2,105,100,0,0,500-1000,0,1173
6032,1.0,1,0,2,105,100,0,0,26-100,0,1173
6033,1.0,1,0,2,1,100,0,0,26-100,0,1172
6035,1.0,1,0,2,1,10000,0,0,1-25,0,1169
6036,1.0,1,1,2,5,10000,0,0,26-100,0,1169
6037,1.0,1,0,2,10,10000,0,0,More than 1000,0,1168
6038,1.0,1,0,2,10,100,0,0,26-100,0,1168
6039,1.0,1,0,2,10,10000,0,0,26-100,0,1168
6042,1.0,1,1,2,12,100,0,0,26-100,0,1167
6044,1.0,1,0,2,1,10000,0,0,26-100,0,1165
6046,1.0,1,0,2,10,10000,0,0,26-100,0,1162
6047,1.0,1,0,2,10,100,0,0,More than 1000,0,1160
6058,1.0,1,1,2,10,100,0,0,More than 1000,0,1155
6069,1.0,1,0,2,10,10000,0,0,1-25,0,1154
6070,1.0,1,1,2,10,10000,0,0,26-100,0,1152
6071,1.0,1,0,2,105,10000,0,0,26-100,0,1152
6072,1.0,1,1,2,3,10000,0,0,More than 1000,0,1151
6076,1.0,1,0,2,1,100,0,0,26-100,0,1151
6078,1.0,1,0,2,1,10000,0,0,101-500,0,1151
6079,1.0,1,0,2,1,10000,0,0,101-500,0,1151
6080,1.0,1,0,2,1,10000,0,0,26-100,0,1151
6081,1.0,1,0,1,105,100,0,0,More than 1000,0,1147
6082,1.0,1,0,2,105,10000,0,0,500-1000,0,1147
6083,1.0,1,1,2,3,10000,0,0,1-25,0,1147
6084,1.0,1,1,2,102,10000,0,0,1-25,0,1146
6085,1.0,1,0,2,1,10000,0,0,26-100,0,1146
6086,1.0,1,0,2,10,10000,0,0,26-100,0,1146
6087,1.0,1,0,2,60,10000,0,0,More than 1000,0,1146
6088,1.0,1,1,2,10,100,0,0,26-100,0,1146
6089,1.0,1,0,2,1,10000,0,0,1-25,0,1146
6090,1.0,1,0,2,105,10000,0,0,More than 1000,0,1146
6091,1.0,1,0,2,105,10000,0,0,More than 1000,0,1146
6092,1.0,1,0,2,105,10000,0,0,More than 1000,0,1146
6093,1.0,1,0,2,10,10000,0,0,500-1000,0,1145
6094,1.0,1,0,2,10,10000,0,0,26-100,0,1145
6095,1.0,1,0,2,10,10000,0,0,26-100,0,1145
6096,1.0,1,0,2,1,10000,0,0,500-1000,0,1145
6097,1.0,1,0,2,1,10000,0,0,26-100,0,1145
6098,1.0,1,0,2,1,10000,0,0,101-500,0,1145
6099,1.0,1,0,2,1,10000,0,0,101-500,0,1145
6100,1.0,1,0,2,1,10000,0,0,101-500,0,1145
6101,1.0,1,0,2,1,10000,0,0,26-100,0,1145
6102,1.0,1,0,2,105,10000,0,0,101-500,0,1145
6103,1.0,1,0,2,10,10000,0,0,1-25,0,1145
6104,1.0,1,0,2,1,10000,0,0,500-1000,0,1145
6105,1.0,1,0,2,105,10000,0,0,500-1000,0,1145
6107,1.0,1,1,2,10,100,0,0,101-500,0,1145
6108,1.0,1,0,2,1,10000,0,0,101-500,0,1145
6109,1.0,1,1,2,12,10000,0,0,1-25,0,1145
6110,1.0,1,0,2,1,10000,0,0,1-25,0,1145
6111,1.0,1,0,2,10,10000,0,0,1-25,0,1144
6112,1.0,1,1,2,11,100,0,0,500-1000,0,1144
6113,1.0,1,0,2,1,100,0,0,1-25,0,1144
6114,1.0,1,0,2,105,100,0,0,More than 1000,0,1144
6115,1.0,1,0,2,105,100,0,0,1-25,0,1144
6116,1.0,1,0,2,105,100,0,0,1-25,0,1144
6117,1.0,1,0,2,105,100,0,0,1-25,0,1144
6118,1.0,1,0,2,105,100,0,0,101-500,0,1144
6119,1.0,1,0,2,10,100,0,0,26-100,0,1144
6120,1.0,1,0,2,10,100,0,0,101-500,0,1144
6121,1.0,1,0,2,10,100,0,0,500-1000,0,1144
6122,1.0,1,0,2,10,100,0,0,26-100,0,1144
6123,1.0,1,0,2,10,100,0,0,1-25,0,1144
6124,1.0,1,0,2,1,100,0,0,500-1000,0,1144
6125,1.0,1,0,2,105,100,0,0,101-500,0,1144
6126,1.0,1,0,2,105,100,0,0,101-500,0,1144
6127,1.0,1,0,2,1,100,0,0,26-100,0,1144
6128,1.0,1,0,2,105,100,0,0,26-100,0,1144
6129,1.0,1,0,2,105,100,0,0,More than 1000,0,1144
6131,1.0,1,0,2,1,10000,0,0,101-500,0,1141
6132,1.0,1,0,2,1,10000,0,0,101-500,0,1141
6133,1.0,1,0,2,1,10000,0,0,101-500,0,1141
6134,1.0,1,0,2,1,10000,0,0,1-25,0,1141
6135,1.0,1,0,2,1,10000,0,0,26-100,0,1141
6136,1.0,1,0,2,1,10000,0,0,101-500,0,1141
6137,1.0,1,0,2,1,10000,0,0,26-100,0,1141
6138,1.0,1,0,2,1,10000,0,0,101-500,0,1141
6139,1.0,1,0,2,10,10000,0,0,1-25,0,1141
6141,1.0,1,0,1,10,10000,0,0,1-25,0,1140
6142,1.0,1,0,2,1,100,0,0,26-100,0,1140
6143,1.0,1,0,1,1,10000,0,0,26-100,0,1140
6144,1.0,1,0,1,1,10000,0,0,26-100,0,1140
6145,1.0,1,0,1,10,100,0,0,101-500,0,1140
6146,1.0,1,0,2,105,10000,0,0,26-100,0,1140
6147,1.0,1,0,2,10,100,0,0,1-25,0,1140
6148,1.0,1,0,2,1,100,0,0,1-25,0,1140
6149,1.0,1,0,1,105,10000,0,0,1-25,0,1140
6151,1.0,1,0,2,1,10000,0,0,1-25,0,1140
6152,1.0,1,0,2,105,10000,0,0,26-100,0,1140
6154,1.0,1,1,2,2,10000,0,0,26-100,0,1140
6157,1.0,1,0,2,105,100,0,0,500-1000,0,1140
6165,1.0,1,0,2,1,10000,0,0,26-100,0,1140
6167,1.0,1,1,2,4,10000,0,0,101-500,0,1139
6169,1.0,1,0,1,20,10000,0,0,1-25,0,1139
6170,0.0,1,1,2,10,100,0,0,26-100,0,1139
6171,0.0,1,0,2,1,100,0,0,1-25,0,1139
6174,1.0,1,0,2,1,10000,0,0,26-100,0,1138
6175,1.0,1,0,2,1,10000,0,0,26-100,0,1137
6176,1.0,1,0,2,1,100,0,0,1-25,0,1137
6177,1.0,1,0,2,1,100,0,0,26-100,0,1137
6178,1.0,1,0,2,1,10000,0,0,1-25,0,1137
6179,1.0,1,0,2,1,10000,0,0,500-1000,0,1134
6180,1.0,1,0,2,1,100,0,0,26-100,0,1134
6181,1.0,1,0,2,1,10000,0,0,500-1000,0,1134
6182,1.0,1,0,2,1,10000,0,0,26-100,0,1134
6183,1.0,1,1,2,10,10000,0,0,26-100,0,1134
6184,1.0,1,1,1,13,10000,0,0,101-500,0,1134
6185,1.0,1,1,1,3,10000,0,0,More than 1000,0,1133
6186,1.0,1,0,2,1,10000,0,0,1-25,0,1133
6188,1.0,1,0,2,1,10000,0,0,1-25,0,1133
6189,1.0,1,1,2,31,10000,0,0,1-25,0,1133
6190,1.0,1,0,2,10,10000,0,0,1-25,0,1133
6194,1.0,1,0,2,1,100,0,0,101-500,0,1132
6195,1.0,1,0,2,1,10000,0,0,101-500,0,1132
6196,1.0,1,0,2,1,100,0,0,101-500,0,1132
6197,1.0,1,0,2,1,10000,0,0,101-500,0,1132
6199,1.0,1,0,2,10,10000,0,0,26-100,0,1132
6200,1.0,1,0,2,10,10000,0,0,1-25,0,1132
6207,1.0,1,1,1,11,100,0,0,26-100,0,1131
6209,1.0,1,0,2,10,10000,0,0,500-1000,0,1127
6210,1.0,1,0,2,1,100,0,0,500-1000,0,1127
6211,1.0,1,0,2,5,10000,0,0,1-25,0,1126
6212,1.0,1,0,1,10,100,0,0,26-100,0,1126
6213,1.0,1,0,2,1,10000,0,0,26-100,0,1126
6214,1.0,1,0,2,10,100,0,0,26-100,0,1126
6215,1.0,1,0,2,10,10000,0,0,26-100,0,1126
6216,1.0,1,0,2,1,100,0,0,26-100,0,1126
6217,1.0,1,0,2,10,10000,0,0,101-500,0,1126
6218,1.0,1,0,2,11,10000,0,0,500-1000,0,1126
6222,1.0,1,0,2,1,10000,0,0,1-25,0,1125
6223,1.0,1,1,2,105,100,0,0,500-1000,0,1125
6224,1.0,1,1,2,105,100,0,0,101-500,0,1125
6225,1.0,1,0,2,105,100,0,0,1-25,0,1125
6226,1.0,1,0,2,1,100,0,0,101-500,0,1125
6227,1.0,1,1,2,11,10000,0,0,500-1000,0,1125
6229,1.0,1,0,2,0,100,0,0,26-100,0,1123
6232,1.0,1,0,2,10,100,0,0,1-25,0,1123
6234,1.0,1,0,2,0,100,0,0,101-500,0,1120
6235,1.0,1,0,2,0,100,0,0,26-100,0,1120
6236,1.0,1,1,2,1,100,0,0,26-100,0,1120
6237,1.0,1,0,2,10,100,0,0,101-500,0,1120
6238,1.0,1,1,2,6,100,0,0,101-500,0,1120
6241,1.0,1,1,2,1,100,0,0,101-500,0,1119
6242,1.0,1,0,2,10,100,0,0,More than 1000,0,1119
6244,1.0,1,0,2,105,10000,0,0,More than 1000,0,1119
6245,1.0,1,0,2,0,100,0,0,101-500,0,1119
6246,1.0,1,0,2,10,100,0,0,1-25,0,1119
6247,1.0,1,0,2,105,100,0,0,More than 1000,0,1119
6248,1.0,1,0,2,1,100,0,0,26-100,0,1119
6249,1.0,1,0,2,0,100,0,0,26-100,0,1119
6250,1.0,1,0,2,1,10000,0,0,1-25,0,1119
6251,1.0,1,0,2,1,10000,0,0,1-25,0,1119
6252,1.0,1,0,2,1,10000,0,0,26-100,0,1119
6253,1.0,1,0,2,1,100,0,0,101-500,0,1118
6254,1.0,1,0,2,10,100,0,0,26-100,0,1118
6255,1.0,1,0,2,105,100,0,0,101-500,0,1118
6256,1.0,1,1,2,21,100,0,0,1-25,0,1118
6257,0.0,1,1,2,16,100,0,0,26-100,0,1118
6258,1.0,1,0,1,105,100,0,0,26-100,0,1118
6259,1.0,1,0,2,0,100,0,0,1-25,0,1118
6260,1.0,1,0,2,0,100,0,0,1-25,0,1118
6261,1.0,1,0,2,0,100,0,0,1-25,0,1118
6262,1.0,1,1,2,10,10000,0,0,26-100,0,1117
6264,1.0,1,0,2,1,100,0,0,500-1000,0,1117
6265,1.0,1,0,2,1,10000,0,0,500-1000,0,1117
6266,1.0,1,0,2,10,10000,0,0,26-100,0,1117
6267,1.0,1,0,2,10,100,0,0,101-500,0,1117
6268,1.0,1,0,2,105,10000,0,0,26-100,0,1117
6269,1.0,1,0,2,1,10000,0,0,26-100,0,1117
6270,1.0,1,0,2,105,100,0,0,101-500,0,1117
6271,1.0,1,0,2,5,100,0,0,26-100,0,1117
6272,1.0,1,0,2,1,10000,0,0,26-100,0,1117
6273,1.0,1,0,2,105,100,0,0,101-500,0,1117
6276,1.0,1,1,2,2,10000,0,0,26-100,0,1117
6277,1.0,1,0,2,10,10000,0,0,101-500,0,1117
6278,1.0,1,0,2,105,10000,0,0,500-1000,0,1117
6279,1.0,1,0,2,10,10000,0,0,101-500,0,1117
6283,1.0,1,0,2,1,100,0,0,26-100,0,1117
6284,1.0,1,0,2,10,10000,0,0,101-500,0,1117
6285,1.0,1,0,2,0,100,0,0,101-500,0,1117
6286,1.0,1,0,2,0,100,0,0,26-100,0,1117
6287,1.0,1,1,1,16,100,0,0,26-100,0,1117
6288,1.0,1,0,2,105,100,0,0,101-500,0,1117
6289,1.0,1,0,2,10,10000,0,0,1-25,0,1117
6293,1.0,1,1,2,2,10000,0,0,26-100,0,1117
6301,1.0,1,0,2,0,100,0,0,26-100,0,1117
6302,1.0,1,0,2,105,100,0,0,101-500,0,1117
6303,1.0,1,0,2,0,100,0,0,101-500,0,1117
6304,1.0,1,0,2,0,100,0,0,101-500,0,1117
6305,1.0,1,0,2,0,100,0,0,26-100,0,1117
6306,1.0,1,0,2,0,100,0,0,26-100,0,1117
6307,1.0,1,0,2,0,100,0,0,26-100,0,1117
6308,1.0,1,0,2,0,100,0,0,26-100,0,1117
6309,1.0,1,0,2,0,100,0,0,26-100,0,1117
6310,1.0,1,0,2,10,100,0,0,26-100,0,1117
6311,1.0,1,0,2,0,100,0,0,101-500,0,1117
6312,1.0,1,1,2,10,10000,0,0,26-100,0,1116
6313,1.0,1,0,2,0,100,0,0,26-100,0,1116
6314,1.0,1,0,2,0,100,0,0,26-100,0,1116
6319,1.0,1,0,2,10,10000,0,0,26-100,0,1116
6321,1.0,1,1,2,11,10000,0,0,101-500,0,1116
6323,1.0,1,1,2,11,10000,0,0,26-100,0,1116
6324,1.0,1,0,2,10,10000,0,0,101-500,0,1116
6326,1.0,1,0,2,1,10000,0,0,26-100,0,1116
6328,1.0,1,0,2,1,10000,0,0,101-500,0,1116
6332,1.0,1,0,2,105,100,0,0,101-500,0,1113
6333,1.0,1,0,2,0,100,0,0,1-25,0,1113
6335,1.0,1,0,2,105,10000,0,0,26-100,0,1113
6337,1.0,1,0,2,10,10000,0,0,1-25,0,1113
6342,1.0,1,0,2,10,10000,0,0,101-500,0,1113
6344,1.0,1,0,2,1,100,0,0,101-500,0,1113
6346,1.0,1,0,2,1,10000,0,0,101-500,0,1113
6348,1.0,1,0,2,10,100,0,0,101-500,0,1113
6350,1.0,1,0,2,1,10000,0,0,1-25,0,1113
6352,1.0,1,0,2,1,100,0,0,1-25,0,1113
6353,1.0,1,0,2,10,100,0,0,26-100,0,1113
6354,1.0,1,0,2,10,10000,0,0,101-500,0,1113
6355,1.0,1,0,2,1,10000,0,0,More than 1000,0,1113
6356,1.0,1,0,2,1,10000,0,0,101-500,0,1113
6357,1.0,1,0,2,10,100,0,0,26-100,0,1113
6358,1.0,1,0,2,1,10000,0,0,26-100,0,1112
6359,1.0,1,1,2,3,10000,0,0,101-500,0,1112
6361,1.0,1,0,2,0,100,0,0,26-100,0,1112
6362,1.0,1,0,2,10,10000,0,0,101-500,0,1112
6363,1.0,1,0,2,0,100,0,0,26-100,0,1112
6364,1.0,1,0,2,0,100,0,0,101-500,0,1112
6365,1.0,1,0,2,1,100,0,0,500-1000,0,1112
6367,1.0,1,0,2,10,100,0,0,101-500,0,1112
6369,1.0,1,0,2,0,100,0,0,101-500,0,1112
6370,1.0,1,0,2,0,100,0,0,26-100,0,1112
6371,1.0,1,0,2,0,100,0,0,26-100,0,1112
6381,0.0,1,0,2,0,100,0,0,26-100,0,1111
6382,1.0,1,0,2,1,100,0,0,101-500,0,1106
6383,1.0,1,0,2,0,100,0,0,26-100,0,1106
6384,1.0,1,0,2,0,100,0,0,26-100,0,1106
6385,0.0,1,0,2,0,100,0,0,101-500,0,1106
6386,1.0,1,0,2,0,100,0,0,101-500,0,1106
6387,1.0,1,0,2,0,100,0,0,101-500,0,1106
6388,1.0,1,0,2,0,100,0,0,26-100,0,1106
6389,1.0,1,0,2,1,10000,0,0,1-25,0,1106
6390,1.0,1,0,2,1,10000,0,0,26-100,0,1106
6391,1.0,1,0,2,1,100,0,0,1-25,0,1106
6392,1.0,1,0,2,10,10000,0,0,26-100,0,1106
6393,1.0,1,0,2,1,100,0,0,101-500,0,1106
6394,1.0,1,0,2,1,100,0,0,1-25,0,1106
6395,1.0,1,0,2,10,100,0,0,26-100,0,1106
6396,1.0,1,0,2,10,10000,0,0,1-25,0,1106
6397,1.0,1,0,2,1,100,0,0,1-25,0,1106
6398,1.0,1,0,2,10,10000,0,0,101-500,0,1106
6399,1.0,1,0,2,1,10000,0,0,26-100,0,1106
6400,1.0,1,0,2,1,10000,0,0,26-100,0,1106
6401,1.0,1,0,2,10,100,0,0,500-1000,0,1106
6402,1.0,1,0,2,11,100,0,0,26-100,0,1106
6403,1.0,1,0,2,10,100,0,0,101-500,0,1106
6404,1.0,1,0,2,1,10000,0,0,101-500,0,1105
6405,1.0,1,1,2,1,100,0,0,1-25,0,1105
6406,1.0,1,0,2,1,100,0,0,1-25,0,1105
6408,1.0,1,0,2,10,100,0,0,1-25,0,1105
6409,1.0,1,0,2,10,10000,0,0,1-25,0,1104
6410,1.0,1,0,2,10,10000,0,0,1-25,0,1104
6411,1.0,1,1,1,4,10000,0,0,26-100,0,1104
6412,1.0,1,0,2,10,10000,0,0,1-25,0,1104
6413,1.0,1,0,2,1,10000,0,0,1-25,0,1104
6414,1.0,1,0,2,10,10000,0,0,500-1000,0,1104
6415,1.0,1,0,2,1,10000,0,0,1-25,0,1103
6416,1.0,1,0,2,10,10000,0,0,1-25,0,1103
6417,1.0,1,0,2,0,100,0,0,1-25,0,1103
6418,1.0,1,0,2,10,10000,0,0,500-1000,0,1103
6420,1.0,1,0,2,10,10000,0,0,500-1000,0,1103
6421,0.0,1,0,2,0,100,0,0,1-25,0,1103
6422,1.0,1,0,2,1,100,0,0,1-25,0,1103
6424,0.0,1,0,2,0,100,0,0,1-25,0,1103
6426,1.0,1,0,2,1,100,0,0,26-100,0,1103
6427,1.0,1,1,2,6,10000,0,0,1-25,0,1103
6428,1.0,1,0,2,1,10000,0,0,1-25,0,1103
6429,1.0,1,0,2,1,10000,0,0,26-100,0,1103
6430,1.0,1,0,2,10,10000,0,0,26-100,0,1102
6431,1.0,1,0,2,10,10000,0,0,1-25,0,1102
6433,1.0,1,0,2,10,10000,0,0,26-100,0,1102
6436,1.0,1,1,2,10,10000,0,0,26-100,0,1102
6437,1.0,1,1,2,12,100,0,0,26-100,0,1102
6438,1.0,1,0,2,5,10000,0,0,101-500,0,1102
6439,1.0,1,0,2,1,100,0,0,500-1000,0,1099
6443,0.0,1,1,1,10,100,0,0,26-100,0,1099
6444,1.0,1,0,2,10,10000,0,0,26-100,0,1099
6445,1.0,1,0,2,105,100,0,0,500-1000,0,1099
6447,1.0,1,1,2,2,10000,0,0,26-100,0,1099
6449,1.0,1,0,2,1,10000,0,0,26-100,0,1099
6450,1.0,1,0,2,1,10000,0,0,26-100,0,1099
6451,1.0,1,0,2,105,100,0,0,26-100,0,1099
6453,1.0,1,1,2,8,10000,0,0,500-1000,0,1099
6455,1.0,1,1,2,27,10000,0,0,101-500,0,1099
6457,1.0,1,0,2,105,10000,0,0,26-100,0,1099
6459,1.0,1,0,2,1,10000,0,0,26-100,0,1099
6461,1.0,1,0,2,1,10000,0,0,500-1000,0,1099
6462,1.0,1,0,2,1,10000,0,0,26-100,0,1099
6463,1.0,1,0,2,10,10000,0,0,101-500,0,1099
6465,1.0,1,0,2,1,10000,0,0,101-500,0,1099
6466,1.0,1,0,2,10,10000,0,0,500-1000,0,1099
6468,0.0,1,0,1,1,100,0,0,101-500,0,1099
6470,1.0,1,0,2,1,10000,0,0,26-100,0,1099
6471,1.0,1,1,2,11,100,0,0,26-100,0,1099
6473,1.0,1,0,2,1,10000,0,0,26-100,0,1099
6475,1.0,1,1,1,105,10000,0,0,1-25,0,1099
6476,1.0,1,1,2,3,10000,0,0,101-500,0,1099
6477,1.0,1,0,2,1,10000,0,0,1-25,0,1098
6478,1.0,1,0,2,1,10000,0,0,26-100,0,1098
6479,1.0,1,0,2,1,10000,0,0,1-25,0,1098
6480,1.0,1,0,2,105,100,0,0,101-500,0,1098
6481,1.0,1,0,2,1,10000,0,0,500-1000,0,1098
6483,1.0,1,0,2,105,100,0,0,26-100,0,1098
6485,0.0,1,0,1,105,10000,0,0,26-100,0,1098
6486,1.0,1,0,2,105,10000,0,0,26-100,0,1098
6488,1.0,1,0,2,1,10000,0,0,101-500,0,1098
6489,1.0,1,0,2,105,10000,0,0,26-100,0,1098
6491,1.0,1,0,2,105,100,0,0,101-500,0,1098
6499,0.0,1,0,2,10,100,0,0,1-25,0,1098
6500,0.0,1,0,2,1,60,0,0,26-100,0,1097
6501,0.0,1,0,2,10,100,0,0,500-1000,0,1097
6502,1.0,1,0,1,10,100,0,0,1-25,0,1097
6503,1.0,1,1,2,101,100,0,0,26-100,0,1097
6504,1.0,1,0,2,1,10000,0,0,1-25,0,1097
6506,1.0,1,0,2,10,10000,0,0,1-25,0,1097
6507,1.0,1,0,2,10,10000,0,0,26-100,0,1096
6508,0.0,1,0,1,10,100,0,0,101-500,0,1096
6509,1.0,1,1,2,101,10000,0,0,1-25,0,1096
6513,1.0,1,0,2,1,100,0,0,101-500,0,1096
6514,1.0,1,0,2,1,10000,0,0,1-25,0,1096
6515,1.0,1,0,2,10,100,0,0,101-500,0,1096
6516,1.0,1,0,2,10,100,0,0,26-100,0,1096
6517,1.0,1,0,2,10,10000,0,0,26-100,0,1096
6518,1.0,1,0,2,1,100,0,0,1-25,0,1096
6519,1.0,1,0,2,1,100,0,0,101-500,0,1096
6520,1.0,1,0,2,10,10000,0,0,26-100,0,1096
6521,1.0,1,0,2,1,100,0,0,1-25,0,1096
6523,1.0,1,1,2,105,100,0,0,500-1000,0,1095
6524,1.0,1,0,2,10,10000,0,0,26-100,0,1095
6525,1.0,1,0,2,10,10000,0,0,1-25,0,1095
6526,1.0,1,0,2,1,10000,0,0,500-1000,0,1095
6527,1.0,1,0,1,10,100,0,0,101-500,0,1095
6528,1.0,1,1,2,11,10000,0,0,26-100,0,1095
6529,1.0,1,0,2,10,10000,0,0,26-100,0,1095
6530,1.0,1,0,2,1,10000,0,0,26-100,0,1095
6532,1.0,1,1,2,12,100,0,0,500-1000,0,1095
6533,1.0,1,0,2,10,10000,0,0,26-100,0,1095
6534,1.0,1,0,2,105,100,0,0,101-500,0,1095
6535,1.0,1,0,2,10,100,0,0,101-500,0,1095
6536,1.0,1,0,1,10,100,0,0,1-25,0,1095
6537,1.0,1,0,2,105,100,0,0,101-500,0,1095
6538,1.0,1,0,2,1,10000,0,0,500-1000,0,1095
6540,0.0,1,0,1,105,60,0,0,26-100,0,1095
6541,1.0,1,0,2,10,100,0,0,26-100,0,1095
6542,1.0,1,0,2,105,10000,0,0,26-100,0,1095
6543,1.0,1,0,1,10,10000,0,1,More than 1000,0,1095
6544,1.0,1,0,2,10,10000,0,0,500-1000,0,1092
6545,1.0,1,0,2,1,100,0,0,1-25,0,1092
6546,1.0,1,1,2,10,100,0,0,500-1000,0,1092
6547,1.0,1,0,2,1,100,0,0,1-25,0,1092
6549,1.0,1,0,1,1,10000,0,0,101-500,0,1092
6551,1.0,1,1,2,105,100,0,0,101-500,0,1092
6552,1.0,1,0,2,1,10000,0,0,101-500,0,1092
6553,1.0,1,0,2,10,100,0,0,26-100,0,1092
6554,1.0,1,0,2,1,100,0,0,26-100,0,1092
6556,1.0,1,0,2,1,100,0,0,26-100,0,1091
6557,1.0,1,0,2,10,100,0,0,1-25,0,1091
6558,1.0,1,0,2,10,100,0,0,1-25,0,1091
6559,1.0,1,0,1,10,100,0,0,1-25,0,1091
6560,1.0,1,0,1,10,100,0,0,26-100,0,1091
6561,1.0,1,0,2,1,100,0,0,1-25,0,1091
6562,1.0,1,0,1,10,100,0,0,1-25,0,1091
6563,1.0,1,0,1,10,100,0,0,1-25,0,1091
6564,1.0,1,0,2,10,100,0,0,1-25,0,1090
6565,1.0,1,0,1,1,100,0,0,26-100,0,1090
6566,1.0,1,0,2,1,100,0,0,26-100,0,1090
6621,1.0,1,0,2,10,100,0,0,1-25,0,1089
6622,1.0,1,0,2,10,10000,0,0,1-25,0,1089
6623,1.0,1,1,1,12,100,0,0,26-100,0,1089
6624,1.0,1,0,2,1,10000,0,0,More than 1000,0,1089
6625,1.0,1,0,2,10,100,0,0,101-500,0,1089
6626,1.0,1,0,2,1,100,0,0,26-100,0,1089
6630,1.0,1,0,2,105,10000,0,0,101-500,0,1088
6631,1.0,1,0,1,105,100,0,0,26-100,0,1088
6632,1.0,1,0,2,1,10000,0,0,26-100,0,1088
6633,1.0,1,0,2,1,100,0,0,26-100,0,1088
6634,1.0,1,0,2,1,10000,0,0,500-1000,0,1088
6636,1.0,1,0,2,10,100,0,0,More than 1000,0,1088
6638,1.0,1,0,2,10,100,0,0,500-1000,0,1088
6639,1.0,1,0,2,105,100,0,0,101-500,0,1088
6641,1.0,1,0,2,105,100,0,0,500-1000,0,1088
6643,1.0,1,0,2,105,10000,0,0,26-100,0,1088
6644,1.0,1,0,1,1,100,0,0,101-500,0,1088
6645,1.0,1,1,2,2,10000,0,0,500-1000,0,1088
6646,1.0,1,0,2,1,100,0,0,101-500,0,1088
6647,1.0,1,0,2,1,10000,0,0,101-500,0,1088
6648,1.0,1,0,2,105,10000,0,0,500-1000,0,1088
6649,1.0,1,0,2,1,10000,0,0,26-100,0,1088
6650,1.0,1,1,2,4,100,0,0,26-100,0,1088
6651,1.0,1,1,2,18,100,0,0,101-500,0,1088
6652,1.0,1,0,2,105,10000,0,0,101-500,0,1088
6653,1.0,1,0,2,10,100,0,0,101-500,0,1088
6654,1.0,1,0,2,10,100,0,0,101-500,0,1088
6655,1.0,1,0,2,105,10000,0,0,101-500,0,1088
6656,1.0,1,0,2,105,100,0,0,101-500,0,1088
6657,1.0,1,0,2,1,10000,0,0,101-500,0,1088
6658,1.0,1,0,2,1,100,0,0,101-500,0,1088
6659,1.0,1,0,1,1,10000,0,0,101-500,0,1088
6661,1.0,1,0,2,1,10000,0,0,500-1000,0,1088
6662,1.0,1,0,2,1,10000,0,0,26-100,0,1088
6664,1.0,1,0,2,1,10000,0,0,26-100,0,1088
6665,1.0,1,0,2,105,100,0,0,500-1000,0,1088
6666,1.0,1,0,2,105,10000,0,0,500-1000,0,1088
6667,1.0,1,1,2,14,10000,0,0,500-1000,0,1088
6669,1.0,1,1,2,11,10000,0,0,500-1000,0,1088
6670,1.0,1,0,2,105,10000,0,0,26-100,0,1088
6671,1.0,1,0,2,10,100,0,0,26-100,0,1088
6672,1.0,1,0,1,1,10000,0,0,500-1000,0,1085
6674,0.0,1,0,2,1,10000,0,0,101-500,0,1085
6675,1.0,1,0,1,10,100,0,0,1-25,0,1085
6676,1.0,1,0,2,1,100,0,0,101-500,0,1085
6677,1.0,1,1,2,22,10000,0,0,101-500,0,1085
6678,1.0,1,1,2,2,10000,0,0,500-1000,0,1085
6679,1.0,1,1,1,12,10000,0,0,26-100,0,1085
6682,1.0,1,0,2,10,100,0,0,101-500,0,1085
6683,1.0,1,1,2,2,100,0,0,26-100,0,1085
6684,1.0,1,0,2,10,100,0,0,26-100,0,1085
6685,1.0,1,0,2,1,100,0,0,101-500,0,1085
6686,1.0,1,1,2,15,10000,0,0,26-100,0,1085
6687,1.0,1,0,2,10,100,0,0,500-1000,0,1085
6688,0.0,1,1,2,10,10000,0,0,101-500,0,1085
6691,1.0,1,0,2,10,100,0,0,1-25,0,1085
6693,1.0,1,0,2,10,10000,0,0,500-1000,0,1085
6694,1.0,1,0,2,1,10000,0,0,1-25,0,1085
6696,1.0,1,0,2,105,10000,0,0,26-100,0,1085
6702,1.0,1,0,2,1,10000,0,0,More than 1000,0,1085
6705,1.0,1,0,2,10,100,0,0,26-100,0,1085
6707,1.0,1,1,2,22,100,0,0,101-500,0,1083
6708,1.0,1,0,2,105,100,0,0,500-1000,0,1083
6710,1.0,1,0,2,1,100,0,0,26-100,0,1083
6711,1.0,1,0,2,10,100,0,0,101-500,0,1083
6712,1.0,1,0,1,10,100,0,0,101-500,0,1083
6714,1.0,1,0,2,10,10000,0,0,26-100,0,1083
6715,1.0,1,0,2,10,10000,0,0,26-100,0,1083
6717,1.0,1,0,2,105,100,0,0,500-1000,0,1083
6719,0.0,1,1,1,1,100,0,0,101-500,0,1083
6721,0.0,1,0,2,10,100,0,0,26-100,0,1083
6724,1.0,1,0,2,10,100,0,0,500-1000,0,1083
6726,1.0,1,0,2,10,100,0,0,1-25,0,1083
6727,1.0,1,0,1,1,100,0,0,26-100,0,1083
6728,1.0,1,0,2,10,10000,0,0,101-500,0,1082
6729,1.0,1,0,2,1,10000,0,0,More than 1000,0,1082
6730,1.0,1,0,1,1,100,0,0,101-500,0,1082
6731,1.0,1,1,2,20,10000,0,0,500-1000,0,1082
6732,0.0,1,0,1,105,60,0,0,More than 1000,0,1081
6733,1.0,1,0,1,105,100,0,0,101-500,0,1081
6734,1.0,1,0,2,105,10000,0,0,101-500,0,1081
6743,0.0,1,0,1,10,100,0,0,1-25,0,1081
6744,0.0,1,0,2,0,60,0,0,101-500,0,1081
6745,1.0,1,0,2,1,10000,0,0,1-25,0,1081
6748,1.0,1,0,2,10,10000,0,0,1-25,0,1081
6749,1.0,1,1,2,10,10000,0,0,26-100,0,1078
6750,0.0,1,0,2,10,100,0,0,1-25,0,1078
6751,1.0,1,0,2,1,10000,0,0,1-25,0,1078
6752,1.0,1,1,2,22,10000,0,0,1-25,0,1078
6753,1.0,1,1,2,10,100,0,0,1-25,0,1078
6754,1.0,1,0,2,10,10000,0,0,101-500,0,1078
6755,1.0,1,0,1,1,100,0,0,1-25,0,1078
6756,1.0,1,0,2,10,10000,0,0,1-25,0,1078
6757,1.0,1,0,2,1,100,0,0,1-25,0,1078
6758,1.0,1,0,2,1,100,0,0,1-25,0,1078
6759,1.0,1,0,2,10,100,0,0,1-25,0,1078
6760,1.0,1,0,2,10,100,0,0,1-25,0,1078
6761,1.0,1,0,2,1,100,0,0,1-25,0,1078
6762,1.0,1,0,2,10,100,0,0,1-25,0,1078
6763,1.0,1,0,2,10,10000,0,0,1-25,0,1078
6764,1.0,1,0,2,10,10000,0,0,1-25,0,1078
6765,1.0,1,0,2,10,100,0,0,1-25,0,1078
6766,1.0,1,0,2,1,10000,0,0,1-25,0,1078
6767,1.0,1,0,2,1,10000,0,0,1-25,0,1078
6768,1.0,1,0,2,10,10000,0,0,500-1000,0,1078
6769,1.0,1,0,2,1,100,0,0,1-25,0,1078
6770,1.0,1,1,2,24,100,0,0,1-25,0,1078
6771,0.0,1,0,2,10,100,0,0,26-100,0,1078
6772,0.0,1,0,2,10,100,0,0,26-100,0,1078
6773,1.0,1,0,2,1,100,0,0,1-25,0,1078
6774,0.0,1,0,2,10,100,0,0,1-25,0,1078
6775,1.0,1,0,1,10,100,0,0,26-100,0,1078
6776,1.0,1,0,2,105,100,0,0,1-25,0,1078
6777,1.0,1,0,2,105,100,0,0,26-100,0,1078
6778,1.0,1,0,2,10,10000,0,0,1-25,0,1078
6779,1.0,1,0,2,10,100,0,0,1-25,0,1078
6780,1.0,1,0,2,1,10000,0,0,1-25,0,1078
6781,1.0,1,0,2,10,100,0,0,1-25,0,1078
6782,1.0,1,0,1,10,100,0,0,1-25,0,1078
6783,1.0,1,0,2,10,100,0,0,1-25,0,1078
6784,1.0,1,0,2,10,100,0,0,1-25,0,1078
6786,1.0,1,0,2,1,10000,0,0,1-25,0,1078
6787,1.0,1,0,2,105,10000,0,0,1-25,0,1078
6788,1.0,1,0,2,105,10000,0,0,101-500,0,1078
6789,1.0,1,0,2,1,10000,0,0,1-25,0,1078
6790,1.0,1,0,2,10,100,0,0,1-25,0,1078
6791,1.0,1,0,2,1,10000,0,0,1-25,0,1078
6792,1.0,1,0,2,10,10000,0,0,1-25,0,1078
6793,1.0,1,0,2,1,10000,0,0,26-100,0,1078
6794,1.0,1,0,2,10,100,0,0,1-25,0,1078
6795,1.0,1,0,2,1,10000,0,0,1-25,0,1078
6796,1.0,1,0,2,1,10000,0,0,1-25,0,1078
6797,1.0,1,0,2,1,100,0,0,1-25,0,1078
6798,1.0,1,0,2,1,10000,0,0,1-25,0,1078
6799,1.0,1,0,2,10,100,0,0,1-25,0,1078
6800,1.0,1,0,2,10,100,0,0,1-25,0,1078
6801,1.0,1,0,2,1,10000,0,0,1-25,0,1078
6802,1.0,1,0,2,10,100,0,0,1-25,0,1078
6803,1.0,1,0,2,10,100,0,0,26-100,0,1078
6804,0.0,1,0,2,10,100,0,0,1-25,0,1078
6806,1.0,1,0,2,10,10000,0,0,1-25,0,1078
6807,1.0,1,1,1,27,100,0,0,1-25,0,1078
6808,1.0,1,0,2,1,100,0,0,1-25,0,1078
6809,1.0,1,0,2,1,10000,0,0,26-100,0,1078
6810,1.0,1,0,2,10,100,0,0,1-25,0,1078
6811,1.0,1,0,2,1,10000,0,0,1-25,0,1078
6812,1.0,1,0,2,10,10000,0,0,26-100,0,1078
6813,1.0,1,0,1,1,100,0,0,26-100,0,1078
6814,1.0,1,0,2,10,100,0,0,26-100,0,1078
6815,1.0,1,0,2,10,100,0,0,26-100,0,1078
6816,1.0,1,0,2,1,10000,0,0,1-25,0,1077
6818,1.0,1,0,2,1,10000,0,0,1-25,0,1077
6819,1.0,1,0,1,1,100,0,0,1-25,0,1077
6820,1.0,1,1,2,10,10000,0,0,1-25,0,1077
6821,1.0,1,1,1,10,10000,0,0,26-100,0,1077
6822,1.0,1,0,2,1,10000,0,0,1-25,0,1077
6823,1.0,1,0,2,10,10000,0,0,1-25,0,1077
6824,1.0,1,0,1,1,100,0,0,1-25,0,1077
6826,1.0,1,0,2,1,10000,0,0,1-25,0,1077
6827,1.0,1,0,2,10,10000,0,0,1-25,0,1077
6828,1.0,1,0,2,105,100,0,0,1-25,0,1077
6829,1.0,1,0,2,10,10000,0,0,1-25,0,1077
6831,1.0,1,0,1,10,100,0,0,500-1000,0,1077
6832,1.0,1,1,1,17,10000,0,0,1-25,0,1077
6833,1.0,1,0,2,1,10000,0,0,1-25,0,1077
6835,1.0,1,1,1,11,10000,0,0,1-25,0,1077
6836,1.0,1,0,1,10,100,0,0,1-25,0,1077
6837,1.0,1,0,2,10,100,0,0,1-25,0,1077
6838,1.0,1,0,2,1,100,0,0,1-25,0,1077
6839,1.0,1,0,2,10,100,0,0,1-25,0,1077
6840,1.0,1,0,2,10,100,0,0,1-25,0,1077
6841,1.0,1,0,2,1,100,0,0,1-25,0,1077
6843,1.0,1,0,2,10,100,0,0,1-25,0,1077
6844,1.0,1,0,2,10,100,0,0,1-25,0,1077
6845,1.0,1,0,2,10,100,0,0,1-25,0,1077
6846,1.0,1,0,2,1,100,0,0,1-25,0,1077
6847,1.0,1,0,1,1,100,0,0,1-25,0,1077
6849,1.0,1,0,1,10,100,0,0,101-500,0,1077
6851,1.0,1,0,2,10,10000,0,0,1-25,0,1076
6852,1.0,1,0,2,1,100,0,0,1-25,0,1076
6853,1.0,1,1,2,2,100,0,0,101-500,0,1076
6854,1.0,1,0,2,1,10000,0,0,1-25,0,1076
6856,0.0,1,0,2,1,100,0,0,101-500,0,1076
6857,1.0,1,1,2,10,10000,0,0,1-25,0,1076
6858,1.0,1,0,2,1,10000,0,0,More than 1000,0,1076
6859,0.0,1,0,2,10,60,0,0,26-100,0,1076
6860,0.0,1,0,2,10,100,0,0,101-500,0,1076
6861,1.0,1,0,2,1,10000,0,0,1-25,0,1075
6862,1.0,1,0,2,105,10000,0,0,26-100,0,1075
6863,0.0,1,1,2,10,100,0,0,500-1000,0,1075
6865,0.0,1,0,2,10,100,0,0,500-1000,0,1075
6866,1.0,1,0,2,1,10000,0,0,1-25,0,1075
6867,1.0,1,0,2,1,100,0,0,1-25,0,1075
6868,1.0,1,0,1,1,100,0,0,500-1000,0,1075
6871,0.0,1,0,1,1,100,0,0,101-500,0,1074
6872,1.0,1,1,1,30,100,0,0,1-25,0,1074
6873,0.0,1,1,2,105,100,0,0,1-25,0,1074
6874,1.0,1,0,2,1,100,0,0,101-500,0,1074
6875,1.0,1,0,2,1,100,0,0,101-500,0,1074
6878,1.0,1,0,2,1,100,0,0,1-25,0,1074
6879,1.0,1,0,2,10,100,0,0,101-500,0,1074
6880,1.0,1,0,1,1,100,0,0,1-25,0,1074
6881,1.0,1,0,2,10,100,0,0,1-25,0,1074
6882,1.0,1,0,2,1,100,0,0,1-25,0,1074
6883,1.0,1,0,2,1,100,0,0,101-500,0,1074
6884,1.0,1,0,2,1,100,0,0,1-25,0,1074
6885,1.0,1,0,2,1,100,0,0,1-25,0,1074
6886,0.0,1,0,2,10,100,0,0,26-100,0,1074
6887,1.0,1,0,2,10,100,0,0,26-100,0,1074
6890,1.0,1,0,1,10,100,0,0,1-25,0,1074
6891,1.0,1,0,1,1,100,0,0,26-100,0,1074
6892,1.0,1,0,2,1,100,0,0,1-25,0,1074
6894,1.0,1,0,2,10,100,0,0,1-25,0,1074
6896,1.0,1,0,2,10,100,0,0,26-100,0,1074
6898,0.0,1,0,2,10,100,0,0,1-25,0,1074
6900,1.0,1,0,2,10,100,0,0,1-25,0,1074
6902,0.0,1,0,1,105,100,0,0,1-25,0,1074
6903,1.0,1,0,2,1,100,0,0,101-500,0,1074
6904,1.0,1,0,2,10,100,0,0,26-100,0,1074
6906,1.0,1,1,1,2,10000,0,0,1-25,0,1074
6908,1.0,1,0,2,10,100,0,0,26-100,0,1071
6909,1.0,1,1,1,27,10000,0,0,1-25,0,1071
6910,0.0,1,0,1,10,100,0,0,1-25,0,1071
6914,0.0,1,0,1,10,100,0,0,101-500,0,1071
6915,1.0,1,0,2,1,100,0,0,26-100,0,1071
6916,1.0,1,0,1,10,100,0,0,101-500,0,1071
6918,1.0,1,0,2,10,10000,0,0,1-25,0,1071
6919,1.0,1,0,2,10,10000,0,0,1-25,0,1071
6920,1.0,1,0,2,10,100,0,0,26-100,0,1071
6921,1.0,1,0,2,10,10000,0,0,26-100,0,1071
6923,0.0,1,0,1,1,100,0,0,1-25,0,1071
6924,1.0,1,0,2,10,10000,0,0,500-1000,0,1071
6925,1.0,1,0,2,1,10000,0,0,1-25,0,1071
6926,1.0,1,0,2,1,10000,0,0,101-500,0,1071
6927,1.0,1,0,2,1,10000,0,0,1-25,0,1070
6928,1.0,1,0,2,1,10000,0,0,101-500,0,1070
6929,1.0,1,0,2,1,10000,0,0,101-500,0,1070
6930,1.0,1,0,2,10,100,0,0,1-25,0,1070
6931,1.0,1,0,2,1,10000,0,0,26-100,0,1070
6932,1.0,1,0,2,1,10000,0,0,26-100,0,1070
6933,1.0,1,0,2,1,10000,0,0,1-25,0,1070
6934,1.0,1,0,1,10,10000,0,0,26-100,0,1070
6935,1.0,1,0,2,1,100,0,0,101-500,0,1070
6936,1.0,1,0,2,1,100,0,0,26-100,0,1070
6937,1.0,1,0,1,10,100,0,0,101-500,0,1070
6938,1.0,1,0,2,10,100,0,0,101-500,0,1070
6939,1.0,1,0,2,1,100,0,0,1-25,0,1070
6940,1.0,1,0,2,1,100,0,0,1-25,0,1070
6941,1.0,1,0,2,10,100,0,0,1-25,0,1070
6942,1.0,1,0,1,105,100,0,0,1-25,0,1070
6943,1.0,1,0,2,10,10000,0,0,26-100,0,1070
6944,0.0,1,0,2,10,100,0,0,500-1000,0,1070
6945,1.0,1,0,2,12,10000,0,0,500-1000,0,1070
6946,1.0,1,1,1,105,100,0,0,1-25,0,1070
6947,1.0,1,0,2,4,10000,0,0,101-500,0,1070
6949,1.0,1,0,2,1,10000,0,0,101-500,0,1070
6950,0.0,1,0,1,105,100,0,0,1-25,0,1070
6951,1.0,1,0,2,1,100,0,0,1-25,0,1070
6952,1.0,1,0,2,1,100,0,0,1-25,0,1070
6953,1.0,1,0,2,10,100,0,0,1-25,0,1070
6954,1.0,1,0,2,10,100,0,0,1-25,0,1070
6955,1.0,1,0,2,10,100,0,0,1-25,0,1070
6956,1.0,1,0,2,10,10000,0,0,1-25,0,1070
6957,1.0,1,0,2,1,10000,0,0,1-25,0,1070
6958,1.0,1,0,2,1,100,0,0,1-25,0,1070
6959,1.0,1,0,2,1,100,0,0,26-100,0,1070
6960,1.0,1,0,1,1,10000,0,0,26-100,0,1069
6961,1.0,1,0,2,1,100,0,0,1-25,0,1069
6962,1.0,1,0,2,1,100,0,0,1-25,0,1069
6963,1.0,1,0,1,105,100,0,0,1-25,0,1069
6964,0.0,1,0,1,105,100,0,0,1-25,0,1069
6965,1.0,1,0,1,10,10000,0,0,26-100,0,1069
6966,1.0,1,0,2,10,10000,0,0,1-25,0,1069
6968,1.0,1,0,1,10,10000,0,0,1-25,0,1069
6969,1.0,1,0,2,1,10000,0,0,101-500,0,1069
6970,1.0,1,0,1,105,100,0,0,1-25,0,1069
6971,1.0,1,0,2,1,10000,0,0,1-25,0,1069
6972,1.0,1,0,1,10,100,0,0,1-25,0,1069
6973,1.0,1,0,1,1,100,0,0,101-500,0,1069
6974,1.0,1,0,1,1,100,0,0,1-25,0,1069
6975,1.0,1,0,1,10,100,0,0,26-100,0,1069
6977,1.0,1,0,1,105,100,0,0,101-500,0,1069
6980,1.0,1,0,2,1,10000,0,0,1-25,0,1069
6981,1.0,1,0,2,105,10000,0,0,1-25,0,1069
6982,1.0,1,0,1,10,100,0,0,101-500,0,1069
6984,1.0,1,0,2,10,100,0,0,1-25,0,1069
6988,1.0,1,0,1,10,100,0,0,1-25,0,1069
6996,1.0,1,0,1,1,100,0,0,1-25,0,1068
6997,1.0,1,0,2,10,100,0,0,26-100,0,1068
6998,1.0,1,0,1,1,100,0,0,26-100,0,1068
7000,1.0,1,1,1,11,10000,0,0,1-25,0,1068
7001,1.0,1,0,1,10,100,0,0,101-500,0,1068
7002,1.0,1,0,1,105,100,0,0,500-1000,0,1068
7003,1.0,1,0,2,1,10000,0,0,1-25,0,1068
7004,1.0,1,0,2,1,100,0,0,1-25,0,1068
7005,1.0,1,0,2,10,100,0,0,26-100,0,1068
7007,1.0,1,0,1,10,10000,0,0,1-25,0,1068
7008,1.0,1,0,2,105,10000,0,0,26-100,0,1068
7010,0.0,1,0,1,105,60,0,0,26-100,0,1068
7011,1.0,1,0,1,10,100,0,0,26-100,0,1068
7012,0.0,1,0,1,105,100,0,0,1-25,0,1068
7013,1.0,1,0,2,105,10000,0,0,1-25,0,1068
7014,1.0,1,0,2,105,100,0,0,1-25,0,1068
7015,1.0,1,0,1,10,100,0,0,101-500,0,1068
7016,1.0,1,0,2,1,100,0,0,26-100,0,1068
7017,1.0,1,0,2,1,100,0,0,26-100,0,1068
7018,1.0,1,0,1,1,100,0,0,26-100,0,1068
7019,1.0,1,0,1,10,100,0,0,More than 1000,0,1067
7020,1.0,1,0,2,10,10000,0,0,26-100,0,1067
7023,1.0,1,0,2,105,10000,0,0,101-500,0,1067
7025,0.0,1,0,1,105,60,0,0,26-100,0,1067
7026,1.0,1,0,2,105,100,0,0,26-100,0,1067
7027,1.0,1,0,1,1,100,0,0,1-25,0,1067
7028,1.0,1,0,2,1,100,0,0,26-100,0,1067
7029,1.0,1,0,1,105,10000,0,0,101-500,0,1067
7030,1.0,1,0,1,105,100,0,0,26-100,0,1067
7031,1.0,1,0,1,105,100,0,0,101-500,0,1067
7032,1.0,1,1,1,11,100,0,0,500-1000,0,1067
7033,1.0,1,0,2,1,100,0,0,101-500,0,1067
7035,1.0,1,0,1,1,100,0,0,101-500,0,1067
7036,1.0,1,0,2,10,100,0,0,1-25,0,1067
7038,0.0,1,0,1,105,100,0,0,101-500,0,1067
7040,1.0,1,0,2,10,100,0,0,101-500,0,1067
7042,1.0,1,0,1,1,100,0,0,1-25,0,1067
7043,1.0,1,0,1,10,100,0,0,500-1000,0,1067
7044,1.0,1,0,2,10,100,0,0,101-500,0,1067
7046,1.0,1,0,1,105,100,0,0,101-500,0,1067
7048,1.0,1,0,2,1,100,0,0,1-25,0,1067
7049,1.0,1,0,1,10,100,0,0,101-500,0,1067
7050,1.0,1,0,2,10,100,0,0,1-25,0,1067
7052,1.0,1,0,1,105,100,0,0,101-500,0,1067
7054,1.0,1,1,2,4,100,0,0,1-25,0,1067
7055,1.0,1,0,2,10,100,0,0,1-25,0,1067
7056,1.0,1,0,2,10,100,0,0,101-500,0,1067
7058,1.0,1,0,2,1,10000,0,0,26-100,0,1067
7059,1.0,1,0,2,10,10000,0,0,1-25,0,1067
7060,1.0,1,0,2,1,100,0,0,26-100,0,1067
7061,1.0,1,0,1,1,100,0,0,1-25,0,1067
7062,1.0,1,0,2,1,100,0,0,1-25,0,1067
7063,1.0,1,0,2,10,100,0,0,1-25,0,1067
7064,1.0,1,0,1,105,10000,0,0,1-25,0,1064
7065,1.0,1,1,1,12,100,0,0,26-100,0,1064
7066,0.0,1,0,1,105,100,0,0,101-500,0,1064
7067,1.0,1,0,2,10,100,0,0,500-1000,0,1064
7068,1.0,1,0,1,105,100,0,0,101-500,0,1064
7069,1.0,1,0,1,1,10000,0,0,26-100,0,1064
7070,1.0,1,0,1,10,10000,0,0,101-500,0,1064
7071,1.0,1,0,1,105,10000,0,0,26-100,0,1064
7073,1.0,1,0,2,1,10000,0,0,26-100,0,1064
7074,1.0,1,0,1,105,100,0,0,101-500,0,1064
7076,0.0,1,0,1,105,10000,0,0,1-25,0,1064
7077,0.0,1,1,1,105,100,0,0,26-100,0,1064
7078,1.0,1,0,2,1,10000,0,0,500-1000,0,1064
7080,1.0,1,0,2,10,100,0,0,1-25,0,1064
7082,1.0,1,0,2,1,10000,0,0,1-25,0,1064
7083,0.0,1,0,2,105,60,0,0,1-25,0,1064
7084,1.0,1,0,2,10,100,0,0,101-500,0,1064
7085,1.0,1,1,1,11,100,0,0,101-500,0,1064
7086,1.0,1,1,1,21,100,0,0,1-25,0,1064
7087,1.0,1,0,1,105,100,0,0,26-100,0,1064
7088,1.0,1,0,2,10,10000,0,0,1-25,0,1064
7089,1.0,1,0,2,10,100,0,0,101-500,0,1064
7091,1.0,1,0,2,10,10000,0,0,500-1000,0,1064
7092,1.0,1,0,2,105,100,0,0,101-500,0,1064
7093,1.0,1,0,2,10,100,0,0,1-25,0,1064
7095,0.0,1,0,2,10,10000,0,0,101-500,0,1064
7097,0.0,1,0,1,105,100,0,0,26-100,0,1064
7098,1.0,1,1,2,10,100,0,0,101-500,0,1063
7099,1.0,1,0,1,10,60,0,0,1-25,0,1063
7102,1.0,1,1,1,12,100,0,0,26-100,0,1063
7103,1.0,1,0,2,1,100,0,0,1-25,0,1063
7106,1.0,1,0,2,1,10000,0,0,1-25,0,1063
7107,0.0,1,0,1,105,100,0,0,26-100,0,1063
7108,0.0,1,0,1,105,10000,0,0,1-25,0,1063
7109,1.0,1,0,2,10,100,0,0,More than 1000,0,1063
7110,1.0,1,0,1,10,10000,0,0,1-25,0,1063
7111,0.0,1,0,0,10,100,0,0,More than 1000,0,1063
7112,0.0,1,0,1,10,100,0,0,1-25,0,1063
7113,1.0,1,0,2,10,100,0,0,More than 1000,0,1063
7114,1.0,1,0,1,105,10000,0,0,101-500,0,1063
7116,1.0,1,0,1,10,10000,0,0,26-100,0,1063
7117,1.0,1,0,1,1,10000,0,0,101-500,0,1063
7118,1.0,1,0,2,10,100,0,0,500-1000,0,1063
7119,1.0,1,0,2,1,10000,0,0,1-25,0,1063
7120,1.0,1,0,2,10,10000,0,0,1-25,0,1063
7121,1.0,1,0,2,10,10000,0,0,1-25,0,1063
7122,1.0,1,0,2,105,10000,0,0,101-500,0,1063
7123,0.0,1,0,1,10,100,0,0,101-500,0,1063
7124,0.0,1,0,1,10,60,0,0,101-500,0,1063
7125,1.0,1,0,2,1,10000,0,0,1-25,0,1063
7126,1.0,1,0,2,10,10000,0,0,26-100,0,1063
7127,1.0,1,0,2,105,10000,0,0,26-100,0,1063
7128,1.0,1,0,2,10,10000,0,0,26-100,0,1063
7129,0.0,1,0,1,10,100,0,0,101-500,0,1063
7130,1.0,1,0,2,105,10000,0,0,26-100,0,1063
7131,1.0,1,0,2,105,10000,0,0,1-25,0,1063
7133,1.0,1,0,2,10,10000,0,0,1-25,0,1063
7134,1.0,1,0,2,10,10000,0,0,1-25,0,1063
7135,1.0,1,0,2,105,10000,0,0,101-500,0,1063
7136,1.0,1,0,2,105,10000,0,0,26-100,0,1063
7137,1.0,1,0,1,10,100,0,0,1-25,0,1063
7140,0.0,1,0,1,10,100,0,0,26-100,0,1063
7141,0.0,1,0,1,1,10000,0,0,101-500,0,1062
7142,0.0,1,0,1,1,100,0,0,101-500,0,1062
7143,0.0,1,0,1,10,100,0,0,101-500,0,1062
7144,1.0,1,1,1,11,100,0,0,1-25,0,1062
7145,1.0,1,0,1,105,100,0,0,101-500,0,1062
7146,0.0,1,0,2,10,10000,0,0,101-500,0,1062
7148,1.0,1,0,1,1,10000,0,0,1-25,0,1062
7149,1.0,1,0,2,1,100,0,0,1-25,0,1062
7150,0.0,1,0,2,105,100,0,0,1-25,0,1062
7151,1.0,1,0,1,105,60,0,1,26-100,0,1062
7152,1.0,1,0,2,105,10000,0,0,26-100,0,1062
7153,0.0,1,0,1,105,60,0,0,26-100,0,1062
7154,1.0,1,0,1,105,10000,0,0,26-100,0,1062
7155,1.0,1,0,2,1,10000,0,0,1-25,0,1062
7156,1.0,1,0,1,105,100,0,0,26-100,0,1062
7158,1.0,1,0,2,1,100,0,0,1-25,0,1062
7159,1.0,1,0,2,105,10000,0,0,1-25,0,1062
7160,1.0,1,0,1,10,10000,0,0,101-500,0,1062
7161,1.0,1,0,2,10,100,0,0,26-100,0,1062
7162,1.0,1,0,2,1,10000,0,0,1-25,0,1062
7163,1.0,1,0,2,1,10000,0,0,1-25,0,1062
7164,0.0,1,1,1,10,100,0,0,26-100,0,1062
7165,1.0,1,0,2,1,10000,0,0,1-25,0,1062
7166,1.0,1,0,2,10,100,0,0,1-25,0,1062
7167,1.0,1,0,2,1,10000,0,0,1-25,0,1062
7168,1.0,1,0,2,1,100,0,0,1-25,0,1062
7169,1.0,1,0,1,10,10000,0,0,1-25,0,1062
7170,1.0,1,1,1,10,10000,0,0,1-25,0,1062
7171,1.0,1,0,2,10,10000,0,0,1-25,0,1062
7172,1.0,1,0,2,10,10000,0,0,1-25,0,1062
7174,1.0,1,0,1,10,100,0,0,1-25,0,1062
7175,1.0,1,0,2,10,100,0,0,1-25,0,1062
7176,1.0,1,0,1,1,100,0,0,1-25,0,1062
7177,1.0,1,0,2,10,10000,0,0,1-25,0,1062
7178,1.0,1,0,2,1,100,0,0,1-25,0,1062
7179,1.0,1,0,2,10,100,0,0,1-25,0,1062
7180,1.0,1,0,2,10,10000,0,0,1-25,0,1062
7181,1.0,1,0,2,1,100,0,0,1-25,0,1062
7182,0.0,1,0,2,10,10000,0,0,1-25,0,1062
7183,1.0,1,0,1,1,100,0,0,1-25,0,1062
7184,1.0,1,0,2,1,100,0,0,1-25,0,1062
7185,1.0,1,0,2,10,10000,0,0,1-25,0,1062
7186,1.0,1,0,1,10,100,0,0,101-500,0,1061
7187,1.0,1,1,2,105,10000,0,0,1-25,0,1061
7189,1.0,1,1,1,2,10000,0,0,1-25,0,1061
7190,1.0,1,0,2,1,10000,0,0,1-25,0,1061
7191,0.0,1,0,1,10,100,0,0,1-25,0,1061
7192,1.0,1,0,2,10,10000,0,0,1-25,0,1061
7193,1.0,1,1,2,11,10000,0,0,1-25,0,1061
7194,1.0,1,0,2,1,100,0,0,1-25,0,1061
7195,1.0,1,0,2,105,10000,0,0,26-100,0,1061
7196,1.0,1,0,2,1,10000,0,0,26-100,0,1061
7197,1.0,1,0,2,105,10000,0,0,1-25,0,1061
7198,0.0,1,0,1,1,100,0,0,26-100,0,1061
7199,1.0,1,0,2,105,10000,0,0,26-100,0,1061
7202,1.0,1,1,2,3,10000,0,0,More than 1000,0,1061
7203,1.0,1,0,2,10,10000,0,0,1-25,0,1061
7208,1.0,1,0,1,10,10000,0,0,1-25,0,1061
7209,1.0,1,0,2,10,10000,0,0,1-25,0,1061
7210,1.0,1,0,1,10,10000,0,0,1-25,0,1061
7211,1.0,1,0,2,10,10000,0,0,101-500,0,1061
7212,1.0,1,0,2,1,100,0,0,1-25,0,1061
7213,1.0,1,0,1,1,10000,0,0,1-25,0,1061
7214,1.0,1,0,2,10,10000,0,0,26-100,0,1061
7215,1.0,1,0,1,10,10000,0,0,101-500,0,1061
7216,1.0,1,0,2,10,100,0,0,1-25,0,1061
7217,1.0,1,0,2,105,10000,0,0,101-500,0,1061
7219,1.0,1,0,1,105,10000,0,0,26-100,0,1061
7220,1.0,1,0,2,10,10000,0,0,26-100,0,1061
7221,1.0,1,0,1,10,10000,0,0,26-100,0,1061
7222,1.0,1,0,2,105,10000,0,0,26-100,0,1061
7223,1.0,1,0,1,1,100,0,0,1-25,0,1061
7224,1.0,1,0,1,1,100,0,0,1-25,0,1061
7226,1.0,1,0,1,1,100,0,0,1-25,0,1061
7227,1.0,1,0,2,1,100,0,0,26-100,0,1061
7228,1.0,1,0,2,105,10000,0,0,101-500,0,1060
7229,1.0,1,0,2,1,100,0,0,1-25,0,1060
7230,1.0,1,0,1,1,100,0,0,26-100,0,1060
7231,1.0,1,0,2,105,10000,0,0,101-500,0,1060
7232,1.0,1,0,2,1,10000,0,0,26-100,0,1060
7233,1.0,1,0,2,105,10000,0,0,26-100,0,1060
7234,1.0,1,0,1,1,100,0,0,1-25,0,1060
7235,1.0,1,0,2,105,10000,0,0,101-500,0,1060
7236,1.0,1,0,1,1,10000,0,0,1-25,0,1060
7237,1.0,1,0,2,105,10000,0,0,101-500,0,1060
7238,1.0,1,0,2,1,10000,0,0,1-25,0,1060
7239,1.0,1,0,1,1,10000,0,0,1-25,0,1060
7240,1.0,1,0,2,105,10000,0,0,101-500,0,1060
7241,1.0,1,0,1,1,10000,0,0,1-25,0,1060
7242,1.0,1,0,2,1,10000,0,0,1-25,0,1060
7243,1.0,1,0,2,105,10000,0,0,101-500,0,1060
7244,0.0,1,0,1,105,10000,0,0,1-25,0,1060
7245,1.0,1,0,2,1,10000,0,0,101-500,0,1060
7246,1.0,1,0,2,1,10000,0,0,1-25,0,1060
7247,0.0,1,0,1,10,100,0,0,1-25,0,1060
7248,1.0,1,0,2,1,10000,0,0,1-25,0,1060
7249,1.0,1,0,2,1,10000,0,0,1-25,0,1060
7250,1.0,1,0,2,1,10000,0,0,26-100,0,1060
7251,1.0,1,0,2,10,10000,0,0,1-25,0,1060
7252,1.0,1,0,2,10,10000,0,0,101-500,0,1060
7253,1.0,1,0,2,105,10000,0,0,101-500,0,1060
7254,1.0,1,0,2,105,10000,0,0,101-500,0,1060
7255,1.0,1,0,2,1,10000,0,0,1-25,0,1060
7256,1.0,1,0,2,105,10000,0,0,101-500,0,1060
7257,1.0,1,0,2,105,10000,0,0,101-500,0,1060
7258,1.0,1,0,1,1,10000,0,0,1-25,0,1060
7259,1.0,1,0,2,1,10000,0,0,26-100,0,1060
7260,1.0,1,0,2,1,10000,0,0,101-500,0,1060
7261,1.0,1,0,2,1,10000,0,0,1-25,0,1060
7262,1.0,1,0,1,10,10000,0,0,1-25,0,1060
7263,1.0,1,0,2,10,10000,0,0,101-500,0,1060
7264,1.0,1,0,2,1,10000,0,0,1-25,0,1060
7269,1.0,1,0,2,1,10000,0,0,1-25,0,1060
7270,1.0,1,0,1,10,10000,0,0,1-25,0,1060
7272,1.0,1,0,2,105,100,0,0,101-500,0,1060
7273,1.0,1,0,1,10,100,0,0,1-25,0,1060
7274,1.0,1,0,2,105,100,0,0,101-500,0,1060
7275,1.0,1,0,2,105,10000,0,0,500-1000,0,1060
7276,0.0,1,0,2,10,60,0,0,26-100,0,1057
7277,0.0,1,0,2,1,60,0,0,26-100,0,1057
7280,1.0,1,0,2,1,100,0,0,26-100,0,1057
7281,1.0,1,0,2,10,10000,0,0,1-25,0,1057
7282,0.0,1,0,1,1,100,0,0,101-500,0,1057
7284,0.0,1,0,1,1,10000,0,0,1-25,0,1057
7286,1.0,1,0,1,10,10000,0,0,1-25,0,1057
7287,1.0,1,0,1,1,10000,0,0,1-25,0,1057
7288,1.0,1,0,2,105,10000,0,0,1-25,0,1057
7290,1.0,1,0,2,10,10000,0,0,1-25,0,1057
7291,1.0,1,0,2,10,10000,0,0,1-25,0,1057
7292,1.0,1,0,2,10,100,0,0,1-25,0,1057
7293,1.0,1,0,2,105,10000,0,0,1-25,0,1057
7294,0.0,1,0,1,1,100,0,0,26-100,0,1057
7295,1.0,1,0,2,1,100,0,0,26-100,0,1057
7296,1.0,1,0,2,1,10000,0,0,1-25,0,1057
7297,1.0,1,0,2,1,100,0,0,1-25,0,1057
7300,1.0,1,0,1,10,10000,0,0,26-100,0,1056
7301,1.0,1,0,1,1,100,0,0,26-100,0,1056
7302,1.0,1,0,2,1,100,0,0,1-25,0,1056
7304,1.0,1,1,2,12,100,0,0,500-1000,0,1056
7305,1.0,1,0,2,10,10000,0,0,1-25,0,1056
7306,1.0,1,0,2,105,100,0,0,1-25,0,1056
7307,1.0,1,0,2,10,100,0,0,1-25,0,1056
7308,1.0,1,0,2,1,10000,0,0,1-25,0,1056
7309,1.0,1,0,2,1,10000,0,0,1-25,0,1056
7310,1.0,1,0,2,10,10000,0,0,1-25,0,1056
7311,1.0,1,0,2,1,10000,0,0,1-25,0,1056
7312,1.0,1,0,1,10,10000,0,0,1-25,0,1056
7313,1.0,1,0,1,10,100,0,0,1-25,0,1056
7314,1.0,1,0,1,10,100,0,0,1-25,0,1056
7316,1.0,1,0,2,1,100,0,0,500-1000,0,1056
7317,1.0,1,0,1,10,100,0,0,26-100,0,1056
7318,1.0,1,0,1,1,100,0,0,1-25,0,1056
7319,1.0,1,0,1,105,100,0,0,101-500,0,1056
7321,1.0,1,0,1,10,100,0,0,101-500,0,1056
7323,1.0,1,0,2,105,100,0,0,1-25,0,1056
7324,1.0,1,0,2,1,100,0,0,1-25,0,1056
7325,1.0,1,0,1,10,100,0,0,1-25,0,1056
7326,1.0,1,0,1,105,100,0,0,1-25,0,1056
7327,1.0,1,0,2,1,100,0,0,1-25,0,1056
7328,1.0,1,0,1,105,100,0,0,1-25,0,1056
7329,0.0,1,0,1,1,100,0,0,1-25,0,1055
7331,0.0,1,0,2,1,100,0,0,1-25,0,1055
7332,1.0,1,0,2,1,100,0,0,1-25,0,1055
7333,0.0,1,0,2,105,100,0,0,26-100,0,1055
7334,1.0,1,0,2,105,100,0,0,1-25,0,1055
7335,1.0,1,0,2,105,10000,0,0,26-100,0,1055
7336,1.0,1,0,2,105,100,0,0,1-25,0,1055
7337,1.0,1,0,2,1,10000,0,0,1-25,0,1055
7338,1.0,1,0,2,1,100,0,0,1-25,0,1055
7340,1.0,1,0,2,10,100,0,0,1-25,0,1055
7341,1.0,1,0,2,10,10000,0,0,1-25,0,1055
7342,1.0,1,0,2,1,10000,0,0,1-25,0,1055
7343,1.0,1,0,2,10,10000,0,0,1-25,0,1055
7344,0.0,1,0,1,105,100,0,0,1-25,0,1055
7346,1.0,1,0,2,105,10000,0,0,1-25,0,1055
7347,1.0,1,0,2,105,10000,0,0,1-25,0,1055
7348,1.0,1,0,2,105,10000,0,0,More than 1000,0,1055
7349,1.0,1,0,2,10,100,0,0,1-25,0,1055
7350,1.0,1,0,1,10,100,0,0,26-100,0,1055
7351,1.0,1,0,2,10,10000,0,0,1-25,0,1055
7353,1.0,1,0,2,105,10000,0,0,26-100,0,1055
7354,1.0,1,0,2,10,10000,0,0,1-25,0,1055
7355,1.0,1,0,2,10,10000,0,0,101-500,0,1055
7356,1.0,1,0,2,10,100,0,0,1-25,0,1055
7358,1.0,1,0,2,10,10000,0,0,101-500,0,1055
7359,1.0,1,0,2,10,10000,0,0,1-25,0,1055
7360,1.0,1,0,2,1,10000,0,0,1-25,0,1055
7361,1.0,1,0,2,105,10000,0,0,1-25,0,1055
7362,1.0,1,0,2,10,100,0,0,1-25,0,1055
7363,1.0,1,0,2,105,10000,0,0,1-25,0,1055
7364,1.0,1,0,1,105,100,0,0,26-100,0,1055
7366,1.0,1,0,2,105,10000,0,0,101-500,0,1055
7367,1.0,1,1,2,1,10000,0,0,500-1000,0,1055
7368,1.0,1,0,1,1,10000,0,0,101-500,0,1054
7369,1.0,1,0,2,1,10000,0,0,1-25,0,1054
7370,1.0,1,0,2,10,10000,0,0,500-1000,0,1054
7371,1.0,1,0,2,105,10000,0,0,101-500,0,1054
7372,1.0,1,0,2,5,10000,0,0,500-1000,0,1054
7373,1.0,1,0,2,1,10000,0,0,26-100,0,1054
7374,1.0,1,0,2,10,10000,0,0,1-25,0,1054
7375,1.0,1,0,2,1,10000,0,0,1-25,0,1054
7376,1.0,1,0,2,105,10000,0,0,101-500,0,1054
7377,0.0,1,0,2,1,10000,0,0,26-100,0,1054
7378,1.0,1,0,2,1,10000,0,0,1-25,0,1054
7379,1.0,1,0,2,10,10000,0,0,1-25,0,1054
7380,0.0,1,0,2,10,60,0,0,1-25,0,1054
7381,0.0,1,0,2,10,60,0,0,1-25,0,1054
7382,1.0,1,0,2,1,10000,0,0,101-500,0,1053
7383,1.0,1,0,2,1,10000,0,0,101-500,0,1053
7384,1.0,1,0,2,10,10000,0,0,1-25,0,1053
7385,1.0,1,0,1,1,10000,0,0,1-25,0,1053
7386,1.0,1,0,2,10,10000,0,0,1-25,0,1053
7387,1.0,1,0,2,10,10000,0,0,1-25,0,1053
7388,0.0,1,0,2,105,60,0,0,1-25,0,1053
7390,1.0,1,0,1,10,100,0,0,500-1000,0,1050
7391,1.0,1,0,1,1,100,0,0,1-25,0,1050
7392,1.0,1,0,1,10,100,0,0,1-25,0,1050
7393,1.0,1,0,1,10,100,0,0,26-100,0,1050
7394,1.0,1,0,2,1,100,0,0,1-25,0,1049
7396,1.0,1,0,2,10,10000,0,0,500-1000,0,1049
7397,1.0,1,0,2,1,100,0,0,1-25,0,1049
7399,0.0,1,0,2,105,60,0,0,1-25,0,1049
7402,0.0,1,0,2,1,100,0,0,26-100,0,1048
7405,1.0,1,0,2,1,100,0,0,1-25,0,1047
7406,1.0,1,0,2,1,100,0,0,1-25,0,1047
7407,1.0,1,0,1,1,100,0,0,1-25,0,1047
7408,1.0,1,0,1,1,100,0,0,1-25,0,1047
7409,1.0,1,0,2,1,100,0,0,1-25,0,1047
7410,1.0,1,0,2,1,10000,0,0,1-25,0,1047
7412,1.0,1,0,2,105,100,0,0,1-25,0,1047
7413,1.0,1,0,2,1,10000,0,0,1-25,0,1047
7415,1.0,1,0,2,10,10000,0,0,1-25,0,1047
7416,1.0,1,0,2,10,10000,0,0,1-25,0,1047
7418,1.0,1,0,1,1,100,0,0,1-25,0,1047
7419,1.0,1,0,1,1,100,0,0,1-25,0,1047
7420,1.0,1,0,2,10,100,0,0,1-25,0,1047
7421,1.0,1,0,1,1,100,0,0,26-100,0,1047
7422,1.0,1,0,1,1,100,0,0,1-25,0,1047
7423,1.0,1,0,2,105,100,0,0,101-500,0,1047
7424,1.0,1,0,1,1,100,0,0,1-25,0,1047
7425,1.0,1,1,1,5,100,0,0,1-25,0,1047
7426,1.0,1,0,2,1,10000,0,0,1-25,0,1047
7427,1.0,1,0,1,1,100,0,0,1-25,0,1047
7428,1.0,1,0,2,10,10000,0,0,1-25,0,1047
7429,1.0,1,0,2,1,10000,0,0,1-25,0,1047
7431,0.0,1,1,1,11,10000,0,0,1-25,0,1046
7432,0.0,1,0,2,105,60,0,0,1-25,0,1046
7433,0.0,1,0,2,105,60,0,0,1-25,0,1046
7434,1.0,1,0,1,10,100,0,0,26-100,0,1046
7435,1.0,1,0,1,10,10000,0,0,26-100,0,1046
7436,1.0,1,0,2,10,10000,0,0,1-25,0,1046
7437,1.0,1,0,2,10,100,0,0,1-25,0,1046
7438,1.0,1,0,2,10,100,0,0,1-25,0,1046
7439,1.0,1,0,2,105,10000,0,0,101-500,0,1046
7440,0.0,1,0,2,105,60,0,0,101-500,0,1046
7442,0.0,1,1,2,14,10000,0,0,500-1000,0,1046
7443,1.0,1,0,2,10,10000,0,0,1-25,0,1046
7444,1.0,1,0,1,10,100,0,0,1-25,0,1046
7445,1.0,1,1,1,26,100,0,0,26-100,0,1046
7447,1.0,1,1,1,14,100,0,0,1-25,0,1046
7448,1.0,1,0,2,10,100,0,0,1-25,0,1046
7449,1.0,1,0,1,105,10000,0,0,500-1000,0,1043
7450,1.0,1,0,1,10,100,0,0,1-25,0,1043
7451,1.0,1,0,2,105,10000,0,0,More than 1000,0,1043
7452,0.0,1,0,2,10,10000,0,0,500-1000,0,1043
7453,1.0,1,0,2,105,100,0,0,101-500,0,1043
7454,1.0,1,0,2,10,10000,0,0,101-500,0,1043
7455,1.0,1,0,2,105,10000,0,0,101-500,0,1043
7458,1.0,1,0,2,105,100,0,0,26-100,0,1043
7459,1.0,1,0,1,1,100,0,0,26-100,0,1043
7460,1.0,1,0,2,105,100,0,0,26-100,0,1043
7461,1.0,1,0,2,10,10000,0,0,500-1000,0,1043
7462,1.0,1,0,2,1,10000,0,0,1-25,0,1042
7463,0.0,1,1,1,10,100,0,0,1-25,0,1042
7464,1.0,1,1,2,29,100,0,0,1-25,0,1042
7465,1.0,1,0,2,105,100,0,0,26-100,0,1042
7466,1.0,1,0,2,10,100,0,0,500-1000,0,1042
7467,0.0,1,0,2,1,100,0,0,1-25,0,1042
7468,1.0,1,0,2,1,100,0,0,1-25,0,1042
7469,0.0,1,0,2,10,10000,0,0,101-500,0,1042
7470,1.0,1,0,2,1,100,0,0,1-25,0,1042
7472,1.0,1,0,2,1,100,0,0,26-100,0,1042
7473,1.0,1,0,2,1,10000,0,0,1-25,0,1042
7474,0.0,1,0,2,10,10000,0,0,26-100,0,1042
7475,1.0,1,0,2,105,10000,0,0,101-500,0,1042
7476,1.0,1,0,1,1,10000,0,0,101-500,0,1042
7477,1.0,1,0,2,1,100,0,0,101-500,0,1041
7478,1.0,1,1,2,2,10000,0,0,101-500,0,1041
7480,1.0,1,0,2,10,100,0,0,101-500,0,1040
7481,1.0,1,0,2,10,100,0,0,1-25,0,1040
7482,1.0,1,0,2,10,100,0,0,1-25,0,1040
7483,1.0,1,0,2,1,100,0,0,1-25,0,1040
7484,0.0,1,0,2,10,100,0,0,101-500,0,1040
7485,0.0,1,0,2,1,100,0,0,1-25,0,1040
7486,1.0,1,0,2,1,10000,0,0,500-1000,0,1040
7487,1.0,1,0,2,10,10000,0,0,26-100,0,1040
7488,1.0,1,0,2,105,10000,0,0,101-500,0,1040
7489,1.0,1,0,2,105,10000,0,0,101-500,0,1040
7490,1.0,1,0,1,1,100,0,0,101-500,0,1040
7491,1.0,1,0,2,1,10000,0,0,1-25,0,1039
7492,1.0,1,0,2,1,100,0,0,1-25,0,1039
7493,1.0,1,0,2,1,100,0,0,1-25,0,1039
7494,1.0,1,0,2,10,100,0,0,1-25,0,1039
7495,1.0,1,0,2,10,100,0,0,1-25,0,1039
7496,1.0,1,0,2,105,100,0,0,101-500,0,1039
7497,1.0,1,0,2,10,100,0,0,1-25,0,1039
7498,1.0,1,0,2,1,100,0,0,1-25,0,1039
7499,1.0,1,0,2,105,100,0,0,26-100,0,1039
7500,1.0,1,0,2,10,100,0,0,101-500,0,1039
7501,1.0,1,0,2,105,100,0,0,500-1000,0,1039
7502,0.0,1,0,2,1,100,0,0,1-25,0,1039
7504,1.0,1,0,2,105,100,0,0,101-500,0,1039
7508,1.0,1,0,2,10,100,0,0,500-1000,0,1039
7509,1.0,1,0,2,10,100,0,0,1-25,0,1039
7511,1.0,1,0,2,1,100,0,0,1-25,0,1039
7512,1.0,1,0,2,1,100,0,0,500-1000,0,1039
7513,1.0,1,0,2,1,100,0,0,26-100,0,1036
7514,1.0,1,0,2,1,100,0,0,1-25,0,1036
7515,1.0,1,0,2,1,100,0,0,1-25,0,1036
7516,1.0,1,0,2,1,100,0,0,1-25,0,1036
7517,1.0,1,0,2,10,100,0,0,1-25,0,1036
7518,1.0,1,0,2,1,10000,0,0,1-25,0,1036
7519,1.0,1,0,2,1,100,0,0,1-25,0,1036
7521,1.0,1,0,2,1,100,0,0,101-500,0,1036
7522,1.0,1,0,2,10,100,0,0,1-25,0,1036
7523,0.0,1,0,2,1,100,0,0,1-25,0,1036
7524,1.0,1,0,1,105,100,0,0,1-25,0,1036
7525,1.0,1,0,2,105,100,0,0,500-1000,0,1036
7527,1.0,1,0,1,1,100,0,0,1-25,0,1036
7529,1.0,1,0,2,1,100,0,0,1-25,0,1036
7530,1.0,1,0,2,1,100,0,0,1-25,0,1036
7531,1.0,1,0,2,10,10000,0,0,101-500,0,1036
7532,1.0,1,0,2,1,10000,0,0,500-1000,0,1036
7533,1.0,1,0,2,1,10000,0,0,1-25,0,1036
7534,1.0,1,0,2,1,10000,0,0,1-25,0,1036
7535,1.0,1,0,2,10,10000,0,0,1-25,0,1036
7536,1.0,1,0,2,10,10000,0,0,1-25,0,1035
7537,0.0,1,1,2,2,100,0,0,101-500,0,1035
7538,0.0,1,0,1,10,60,0,0,1-25,0,1035
7539,1.0,1,0,2,1,10000,0,0,1-25,0,1035
7540,1.0,1,0,2,10,10000,0,0,101-500,0,1035
7541,0.0,1,0,2,10,10000,0,0,500-1000,0,1035
7543,1.0,1,0,2,105,10000,0,0,101-500,0,1035
7545,1.0,1,0,2,10,100,0,0,1-25,0,1035
7547,1.0,1,0,1,1,100,0,0,1-25,0,1035
7548,1.0,1,0,2,1,10000,0,0,1-25,0,1035
7549,1.0,1,0,2,105,100,0,0,1-25,0,1035
7550,1.0,1,0,2,1,100,0,0,1-25,0,1035
7551,1.0,1,0,1,1,10000,0,0,1-25,0,1035
7553,1.0,1,0,1,1,100,0,0,1-25,0,1035
7554,1.0,1,1,2,11,100,0,0,101-500,0,1035
7556,0.0,1,0,2,10,100,0,0,500-1000,0,1035
7557,1.0,1,0,2,1,100,0,0,1-25,0,1035
7558,1.0,1,0,2,1,100,0,0,1-25,0,1035
7559,1.0,1,0,2,105,10000,0,0,101-500,0,1035
7560,0.0,1,0,1,1,100,0,0,1-25,0,1035
7561,0.0,1,0,2,1,10000,0,0,1-25,0,1035
7562,0.0,1,0,2,1,60,0,0,1-25,0,1035
7563,0.0,1,0,2,10,100,0,0,1-25,0,1035
7564,1.0,1,0,2,1,10000,0,0,1-25,0,1035
7565,1.0,1,0,2,1,100,0,0,1-25,0,1035
7566,1.0,1,0,2,1,10000,0,0,101-500,0,1035
7567,1.0,1,0,2,1,100,0,0,1-25,0,1035
7568,1.0,1,0,2,1,100,0,0,1-25,0,1035
7569,0.0,1,0,2,10,10000,0,0,101-500,0,1034
7570,0.0,1,0,2,10,10000,0,0,More than 1000,0,1034
7575,1.0,1,0,2,1,100,0,0,1-25,0,1034
7577,0.0,1,0,2,1,10000,0,0,26-100,0,1034
7578,1.0,1,0,2,1,100,0,0,1-25,0,1034
7579,1.0,1,0,2,10,100,0,0,26-100,0,1034
7580,1.0,1,0,2,1,100,0,0,26-100,0,1034
7581,1.0,1,0,2,10,100,0,0,26-100,0,1034
7582,1.0,1,0,2,1,100,0,0,26-100,0,1034
7583,1.0,1,0,2,105,10000,0,0,1-25,0,1034
7584,1.0,1,0,2,1,10000,0,0,1-25,0,1034
7585,0.0,1,0,1,1,60,0,0,26-100,0,1034
7586,1.0,1,0,2,1,60,0,0,26-100,0,1034
7587,1.0,1,0,2,10,10000,0,0,1-25,0,1034
7590,1.0,1,0,2,1,100,0,0,1-25,0,1034
7591,1.0,1,0,2,1,100,0,0,1-25,0,1034
7592,1.0,1,0,2,10,10000,0,0,500-1000,0,1034
7593,0.0,1,0,1,1,100,0,0,1-25,0,1034
7594,0.0,1,0,2,10,60,0,0,1-25,0,1034
7595,0.0,1,0,2,10,10000,0,0,500-1000,0,1034
7596,1.0,1,0,2,10,10000,0,0,1-25,0,1034
7597,0.0,1,0,2,10,100,0,0,101-500,0,1034
7598,0.0,1,0,1,1,60,0,0,1-25,0,1034
7599,0.0,1,0,2,10,100,0,0,101-500,0,1034
7600,1.0,1,0,2,1,100,0,0,1-25,0,1034
7605,0.0,1,0,2,10,10000,0,0,101-500,0,1033
7606,0.0,1,0,2,10,100,0,0,1-25,0,1033
7607,1.0,1,0,1,105,100,0,0,101-500,0,1033
7608,0.0,1,0,2,1,100,0,0,1-25,0,1033
7609,1.0,1,0,2,1,100,0,0,1-25,0,1033
7610,1.0,1,0,2,3,100,0,0,500-1000,0,1033
7611,1.0,1,0,2,10,10000,0,0,1-25,0,1033
7612,1.0,1,0,2,1,10000,0,0,1-25,0,1033
7613,0.0,1,0,1,1,100,0,0,1-25,0,1033
7614,0.0,1,0,1,1,100,0,0,1-25,0,1033
7615,0.0,1,0,1,1,10000,0,0,1-25,0,1033
7616,0.0,1,0,1,10,100,0,0,26-100,0,1033
7617,1.0,1,0,2,105,10000,0,0,26-100,0,1033
7618,1.0,1,0,2,1,10000,0,0,1-25,0,1033
7619,0.0,1,0,1,1,100,0,0,1-25,0,1033
7620,0.0,1,0,2,10,100,0,0,101-500,0,1033
7622,0.0,1,0,1,1,100,0,0,500-1000,0,1033
7624,1.0,1,0,2,1,10000,0,0,101-500,0,1033
7627,0.0,1,0,2,10,10000,0,0,1-25,0,1033
7628,0.0,1,0,1,10,100,0,0,1-25,0,1033
7629,0.0,1,0,2,10,100,0,0,101-500,0,1033
7630,0.0,1,0,1,105,100,0,0,26-100,0,1033
7631,1.0,1,0,2,10,100,0,0,101-500,0,1033
7632,1.0,1,0,2,1,10000,0,0,101-500,0,1033
7633,1.0,1,0,2,10,10000,0,0,500-1000,0,1033
7634,1.0,1,0,2,1,10000,0,0,1-25,0,1033
7635,1.0,1,0,2,105,100,0,0,26-100,0,1033
7636,1.0,1,0,2,10,10000,0,0,1-25,0,1033
7637,0.0,1,0,1,10,100,0,0,1-25,0,1033
7640,0.0,1,0,2,10,60,0,0,1-25,0,1032
7641,1.0,1,0,2,1,100,0,0,1-25,0,1032
7642,0.0,1,0,2,1,100,0,0,1-25,0,1032
7643,0.0,1,0,2,1,60,0,0,1-25,0,1032
7644,1.0,1,0,2,105,10000,0,0,26-100,0,1032
7645,1.0,1,0,1,105,10000,0,0,500-1000,0,1032
7646,1.0,1,0,2,105,10000,0,0,26-100,0,1032
7647,0.0,1,0,1,105,60,0,0,101-500,0,1032
7648,0.0,1,0,1,105,10000,0,0,26-100,0,1032
7649,0.0,1,0,2,10,10000,0,0,26-100,0,1032
7650,0.0,1,0,2,1,10000,0,0,1-25,0,1032
7651,1.0,1,0,2,1,100,0,0,1-25,0,1032
7652,1.0,1,0,2,10,10000,0,0,1-25,0,1032
7653,1.0,1,0,2,1,10000,0,0,1-25,0,1032
7654,1.0,1,0,2,1,100,0,0,101-500,0,1032
7655,1.0,1,0,2,105,100,0,0,101-500,0,1032
7656,1.0,1,0,2,10,10000,0,0,101-500,0,1032
7657,1.0,1,1,1,3,100,0,0,101-500,0,1029
7658,1.0,1,0,2,1,10000,0,0,500-1000,0,1029
7659,1.0,1,0,2,10,10000,0,0,1-25,0,1029
7660,1.0,1,0,2,105,10000,0,0,More than 1000,0,1029
7661,1.0,1,0,2,10,10000,0,0,1-25,0,1029
7662,1.0,1,0,1,1,100,0,0,101-500,0,1029
7663,1.0,1,0,2,105,100,0,0,1-25,0,1029
7664,1.0,1,0,1,105,100,0,0,500-1000,0,1029
7665,1.0,1,0,2,1,100,0,0,1-25,0,1029
7666,1.0,1,0,2,105,100,0,0,26-100,0,1029
7667,1.0,1,0,2,1,100,0,0,1-25,0,1029
7669,1.0,1,0,2,1,100,0,0,1-25,0,1029
7670,1.0,1,0,2,1,100,0,0,1-25,0,1029
7671,0.0,1,0,1,10,100,0,0,1-25,0,1029
7672,1.0,1,0,2,10,100,0,0,101-500,0,1029
7673,1.0,1,0,2,10,100,0,0,1-25,0,1029
7674,1.0,1,0,2,10,10000,0,0,1-25,0,1029
7675,1.0,1,0,2,1,100,0,0,101-500,0,1029
7676,1.0,1,0,2,1,10000,0,0,1-25,0,1029
7680,1.0,1,0,2,10,100,0,0,1-25,0,1029
7681,0.0,1,0,2,10,100,0,0,101-500,0,1028
7682,1.0,1,0,2,105,100,0,0,500-1000,0,1028
7683,0.0,1,0,2,1,100,0,0,101-500,0,1028
7684,1.0,1,0,2,10,100,0,0,26-100,0,1028
7685,1.0,1,0,2,1,100,0,0,26-100,0,1028
7686,1.0,1,0,2,1,100,0,0,101-500,0,1028
7687,1.0,1,0,2,10,100,0,0,26-100,0,1028
7688,1.0,1,0,2,105,100,0,0,26-100,0,1028
7689,1.0,1,0,2,105,100,0,0,101-500,0,1028
7690,1.0,1,0,2,105,100,0,0,1-25,0,1028
7691,1.0,1,0,2,10,100,0,0,1-25,0,1028
7692,1.0,1,0,2,10,100,0,0,500-1000,0,1028
7693,1.0,1,0,2,1,100,0,0,1-25,0,1028
7694,1.0,1,0,2,105,100,0,0,101-500,0,1028
7695,0.0,1,0,1,105,100,0,0,1-25,0,1028
7698,1.0,1,0,2,1,100,0,0,1-25,0,1028
7699,1.0,1,0,2,10,100,0,0,1-25,0,1028
7700,1.0,1,0,2,105,100,0,0,1-25,0,1028
7701,1.0,1,0,2,1,100,0,0,1-25,0,1028
7702,1.0,1,0,2,10,100,0,0,1-25,0,1028
7703,1.0,1,0,2,10,10000,0,0,1-25,0,1028
7704,0.0,1,0,2,10,100,0,0,101-500,0,1028
7705,1.0,1,0,2,1,100,0,0,1-25,0,1028
7707,1.0,1,0,2,1,100,0,0,1-25,0,1028
7710,1.0,1,0,2,105,100,0,0,101-500,0,1027
7711,1.0,1,0,2,105,100,0,0,101-500,0,1027
7712,1.0,1,0,2,1,100,0,0,1-25,0,1027
7713,1.0,1,0,2,1,10000,0,0,1-25,0,1027
7715,1.0,1,0,2,105,100,0,0,101-500,0,1027
7716,1.0,1,0,2,1,100,0,0,101-500,0,1027
7717,1.0,1,0,2,10,100,0,0,More than 1000,0,1027
7718,1.0,1,0,2,10,100,0,0,1-25,0,1027
7719,1.0,1,0,2,105,100,0,0,101-500,0,1027
7721,1.0,1,0,2,1,10000,0,0,1-25,0,1027
7722,1.0,1,0,2,10,100,0,0,1-25,0,1027
7723,0.0,1,0,1,10,100,0,0,1-25,0,1027
7725,1.0,1,0,2,1,100,0,0,1-25,0,1027
7726,1.0,1,0,2,1,100,0,0,1-25,0,1026
7727,1.0,1,0,2,10,100,0,0,1-25,0,1026
7728,1.0,1,0,2,1,100,0,0,1-25,0,1026
7729,1.0,1,0,2,10,100,0,0,1-25,0,1026
7730,1.0,1,0,2,1,100,0,0,1-25,0,1026
7731,1.0,1,0,2,1,100,0,0,101-500,0,1026
7732,1.0,1,0,2,10,100,0,0,1-25,0,1026
7733,1.0,1,0,2,1,100,0,0,1-25,0,1026
7734,1.0,1,0,2,10,100,0,0,1-25,0,1026
7736,1.0,1,0,2,1,100,0,0,26-100,0,1026
7737,1.0,1,0,1,10,100,0,0,500-1000,0,1026
7738,1.0,1,0,2,10,100,0,0,26-100,0,1026
7739,1.0,1,0,1,105,100,0,0,101-500,0,1026
7741,1.0,1,0,2,1,100,0,0,1-25,0,1026
7742,1.0,1,0,2,10,100,0,0,1-25,0,1026
7743,1.0,1,0,2,1,100,0,0,1-25,0,1026
7744,1.0,1,0,1,1,100,0,0,26-100,0,1026
7745,1.0,1,0,2,10,100,0,0,26-100,0,1026
7746,1.0,1,0,2,10,100,0,0,1-25,0,1026
7747,1.0,1,0,2,10,100,0,0,1-25,0,1026
7748,1.0,1,0,2,10,100,0,0,1-25,0,1026
7749,1.0,1,0,2,10,100,0,0,1-25,0,1026
7750,1.0,1,0,2,10,100,0,0,26-100,0,1026
7751,1.0,1,1,2,6,100,0,0,1-25,0,1025
7752,1.0,1,0,2,10,10000,0,0,1-25,0,1025
7753,1.0,1,0,2,10,10000,0,0,1-25,0,1025
7754,1.0,1,0,2,1,100,0,0,1-25,0,1023
7755,1.0,1,0,2,1,100,0,0,1-25,0,1022
7756,1.0,1,0,1,1,100,0,0,1-25,0,1022
7757,1.0,1,0,2,1,100,0,0,26-100,0,1022
7758,1.0,1,0,2,105,100,0,0,1-25,0,1022
7759,1.0,1,0,2,105,100,0,0,1-25,0,1022
7760,1.0,1,0,2,105,100,0,0,1-25,0,1022
7761,1.0,1,0,2,105,100,0,0,1-25,0,1022
7762,1.0,1,0,2,105,100,0,0,More than 1000,0,1021
7763,1.0,1,0,2,10,100,0,0,1-25,0,1021
7764,0.0,1,0,2,10,100,0,0,26-100,0,1021
7765,1.0,1,0,2,1,10000,0,0,1-25,0,1021
7766,1.0,1,0,2,105,100,0,0,1-25,0,1021
7767,1.0,1,0,2,10,10000,0,0,1-25,0,1021
7768,1.0,1,0,2,1,100,0,0,1-25,0,1021
7769,1.0,1,0,2,1,100,0,0,1-25,0,1021
7770,1.0,1,0,2,1,100,0,0,1-25,0,1021
7771,1.0,1,0,2,1,100,0,0,500-1000,0,1021
7772,1.0,1,0,1,105,100,0,0,1-25,0,1021
7773,1.0,1,0,2,1,10000,0,0,26-100,0,1021
7774,1.0,1,0,2,10,10000,0,0,26-100,0,1021
7775,1.0,1,0,2,10,100,0,0,1-25,0,1021
7777,1.0,1,0,2,1,100,0,0,1-25,0,1021
7779,1.0,1,0,2,10,100,0,0,1-25,0,1021
7781,1.0,1,0,2,10,100,0,0,26-100,0,1021
7783,1.0,1,0,2,1,100,0,0,26-100,0,1021
7784,0.0,1,0,2,10,100,0,0,1-25,0,1021
7785,1.0,1,0,1,1,100,0,0,500-1000,0,1021
7787,1.0,1,0,2,10,100,0,0,More than 1000,0,1021
7788,1.0,1,0,1,105,100,0,0,500-1000,0,1020
7789,1.0,1,0,2,10,100,0,0,26-100,0,1020
7790,1.0,1,0,2,105,100,0,0,1-25,0,1020
7791,1.0,1,0,2,1,10000,0,0,1-25,0,1020
7792,1.0,1,0,2,105,100,0,0,1-25,0,1020
7793,1.0,1,0,2,10,100,0,0,101-500,0,1020
7794,0.0,1,0,1,10,100,0,0,1-25,0,1020
7795,1.0,1,0,2,1,10000,0,0,1-25,0,1020
7796,1.0,1,0,2,1,10000,0,0,500-1000,0,1020
7797,1.0,1,0,2,1,10000,0,0,More than 1000,0,1020
7798,0.0,1,1,1,11,100,0,0,1-25,0,1020
7799,0.0,1,0,1,10,60,0,0,More than 1000,0,1020
7801,1.0,1,0,2,1,100,0,0,1-25,0,1020
7802,1.0,1,0,2,105,10000,0,0,26-100,0,1020
7803,1.0,1,0,2,105,100,0,0,1-25,0,1020
7804,1.0,1,0,2,1,100,0,0,26-100,0,1020
7805,0.0,1,0,2,10,60,0,0,101-500,0,1020
7807,1.0,1,0,2,105,100,0,0,101-500,0,1020
7808,1.0,1,0,2,1,100,0,0,101-500,0,1020
7809,1.0,1,0,2,10,100,0,0,101-500,0,1020
7810,1.0,1,1,1,14,100,0,0,101-500,0,1020
7811,1.0,1,0,2,105,10000,0,0,101-500,0,1019
7812,1.0,1,0,0,105,100,0,0,101-500,0,1019
7813,1.0,1,0,2,10,100,0,0,500-1000,0,1019
7815,1.0,1,0,2,1,10000,0,0,1-25,0,1019
7816,1.0,1,0,2,105,100,0,0,26-100,0,1019
7817,1.0,1,0,2,1,100,0,0,26-100,0,1019
7818,1.0,1,0,2,10,10000,0,0,1-25,0,1019
7819,1.0,1,0,1,1,60,0,0,1-25,0,1019
7820,1.0,1,0,2,105,100,0,0,101-500,0,1019
7823,1.0,1,0,2,10,100,0,0,101-500,0,1019
7824,1.0,1,0,2,1,100,0,0,1-25,0,1019
7825,1.0,1,0,2,10,100,0,0,1-25,0,1019
7829,1.0,1,1,1,105,100,0,0,500-1000,0,1019
7830,1.0,1,1,2,10,100,0,0,101-500,0,1019
7831,1.0,1,0,2,105,100,0,0,500-1000,0,1019
7832,1.0,1,1,1,1,100,0,0,26-100,0,1019
7833,1.0,1,0,1,10,100,0,0,26-100,0,1019
7834,1.0,1,0,2,105,100,0,0,500-1000,0,1019
7835,1.0,1,0,2,1,100,0,0,1-25,0,1019
7836,0.0,1,0,2,1,10000,0,0,1-25,0,1019
7838,0.0,1,0,2,1,10000,0,0,500-1000,0,1019
7839,0.0,1,0,1,1,10000,0,0,500-1000,0,1019
7840,0.0,1,0,2,1,10000,0,0,1-25,0,1019
7843,1.0,1,0,1,1,100,0,0,101-500,0,1018
7846,1.0,1,0,2,1,100,0,0,101-500,0,1018
7847,1.0,1,0,2,2,100,0,0,101-500,0,1018
7848,1.0,1,0,2,10,100,0,0,26-100,0,1018
7849,1.0,1,0,2,1,100,0,0,101-500,0,1018
7850,1.0,1,0,2,1,100,0,0,500-1000,0,1018
7852,1.0,1,0,1,10,100,0,0,500-1000,0,1018
7853,1.0,1,0,2,10,100,0,0,26-100,0,1018
7854,1.0,1,0,2,16,100,0,0,26-100,0,1018
7855,1.0,1,0,2,105,100,0,0,101-500,0,1018
7856,1.0,1,0,2,2,100,0,0,500-1000,0,1018
7857,1.0,1,0,2,100,100,0,0,26-100,0,1018
7858,1.0,1,0,2,105,100,0,0,26-100,0,1018
7859,1.0,1,0,2,105,100,0,0,1-25,0,1018
7860,1.0,1,0,2,1,100,0,0,1-25,0,1018
7861,1.0,1,0,2,105,100,0,0,1-25,0,1018
7862,1.0,1,0,2,105,100,0,0,101-500,0,1018
7863,1.0,1,0,2,105,100,0,0,26-100,0,1018
7866,1.0,1,0,2,1,100,0,0,1-25,0,1018
7867,0.0,1,0,2,1,100,0,0,101-500,0,1018
7870,1.0,1,0,2,105,100,0,0,101-500,0,1018
7871,1.0,1,0,2,10,100,0,0,1-25,0,1018
7872,1.0,1,0,1,105,100,0,0,1-25,0,1018
7873,1.0,1,0,2,105,100,0,0,26-100,0,1018
7874,1.0,1,0,2,1,100,0,0,101-500,0,1018
7875,0.0,1,0,1,1,100,0,0,26-100,0,1018
7876,1.0,1,0,2,10,100,0,0,26-100,0,1018
7877,1.0,1,0,2,1,100,0,0,101-500,0,1018
7878,1.0,1,0,2,10,100,0,0,101-500,0,1018
7879,1.0,1,0,2,105,100,0,0,500-1000,0,1018
7881,1.0,1,0,2,105,10000,0,0,26-100,0,1015
7882,1.0,1,0,2,1,100,0,0,101-500,0,1015
7883,0.0,1,1,1,14,100,0,0,26-100,0,1015
7884,1.0,1,0,2,1,10000,0,0,1-25,0,1015
7885,0.0,1,0,2,10,10000,0,0,101-500,0,1015
7886,1.0,1,0,1,3,100,0,0,101-500,0,1015
7887,0.0,1,1,1,3,10000,0,0,26-100,0,1015
7891,0.0,1,1,2,4,100,0,0,101-500,0,1015
7892,1.0,1,0,2,1,100,0,0,1-25,0,1015
7894,1.0,1,0,2,1,100,0,0,26-100,0,1015
7896,1.0,1,0,2,1,100,0,0,26-100,0,1015
7897,0.0,1,0,1,10,100,0,0,26-100,0,1015
7898,0.0,1,0,1,1,100,0,0,26-100,0,1015
7899,1.0,1,0,2,105,10000,0,0,101-500,0,1015
7900,1.0,1,0,1,10,10000,0,0,101-500,0,1015
7901,1.0,1,0,2,105,100,0,0,101-500,0,1014
7902,1.0,1,0,2,1,100,0,0,26-100,0,1014
7903,1.0,1,0,2,1,100,0,0,500-1000,0,1014
7905,0.0,1,0,1,10,100,0,0,26-100,0,1014
7906,1.0,1,0,1,105,10000,0,0,26-100,0,1014
7907,1.0,1,0,2,20,100,0,0,1-25,0,1014
7908,1.0,1,0,2,1,100,0,0,1-25,0,1014
7909,1.0,1,0,2,20,100,0,0,26-100,0,1014
7910,0.0,1,1,2,105,60,0,0,26-100,0,1014
7912,1.0,1,0,2,1,100,0,0,101-500,0,1014
7914,1.0,1,0,2,20,100,0,0,26-100,0,1014
7915,0.0,1,0,2,20,100,0,0,101-500,0,1014
7917,1.0,1,0,2,1,10000,0,0,500-1000,0,1014
7918,1.0,1,0,2,1,100,0,0,1-25,0,1014
7920,1.0,1,0,1,1,100,0,0,26-100,0,1014
7921,1.0,1,0,2,1,100,0,0,26-100,0,1014
7922,0.0,1,0,2,10,100,0,0,26-100,0,1014
7923,1.0,1,0,2,1,100,0,0,101-500,0,1014
7924,1.0,1,0,2,1,100,0,0,101-500,0,1014
7925,1.0,1,0,2,1,100,0,0,500-1000,0,1014
7926,1.0,1,0,1,1,100,0,0,1-25,0,1013
7927,1.0,1,0,2,10,10000,0,0,1-25,0,1013
7930,1.0,1,0,2,1,10000,0,0,1-25,0,1013
7931,1.0,1,1,1,16,100,0,0,101-500,0,1013
7932,1.0,1,0,2,15,100,0,0,26-100,0,1013
7933,1.0,1,0,1,105,100,0,0,26-100,0,1013
7936,1.0,1,0,2,1,100,0,0,26-100,0,1013
7937,1.0,1,0,2,20,100,0,0,101-500,0,1013
7938,1.0,1,0,1,1,100,0,0,101-500,0,1013
7940,1.0,1,0,2,1,10000,0,0,500-1000,0,1012
7942,1.0,1,0,2,5,100,0,0,101-500,0,1012
7943,1.0,1,0,2,10,100,0,0,26-100,0,1012
7944,1.0,1,0,1,105,10000,0,0,26-100,0,1012
7945,1.0,1,0,2,10,10000,0,0,101-500,0,1012
7946,1.0,1,0,2,1,100,0,0,1-25,0,1012
7947,1.0,1,0,2,15,100,0,0,101-500,0,1011
7948,1.0,1,0,2,1,100,0,0,26-100,0,1011
7949,1.0,1,0,2,10,10000,0,0,26-100,0,1011
7950,1.0,1,0,2,1,100,0,0,26-100,0,1011
7951,1.0,1,0,1,10,100,0,0,101-500,0,1011
7952,1.0,1,0,1,10,60,0,0,101-500,0,1011
7954,1.0,1,0,2,10,60,0,0,500-1000,0,1011
7957,1.0,1,0,2,2,100,0,0,500-1000,0,1011
7958,1.0,1,0,2,5,100,0,0,500-1000,0,1011
7959,1.0,1,0,2,1,10000,0,0,1-25,0,1008
7960,1.0,1,1,1,11,100,0,0,101-500,0,1008
7961,1.0,1,1,1,1,100,0,0,101-500,0,1008
7963,1.0,1,0,1,10,10000,0,0,101-500,0,1008
7964,1.0,1,0,1,15,100,0,0,More than 1000,0,1008
7965,1.0,1,0,2,10,10000,0,0,500-1000,0,1008
7966,1.0,1,0,1,105,10000,0,0,101-500,0,1008
7969,1.0,1,0,2,1,10000,0,0,1-25,0,1008
7971,1.0,1,0,2,105,10000,0,0,26-100,0,1008
7973,1.0,1,0,1,105,100,0,0,500-1000,0,1008
7976,1.0,1,0,1,1,60,0,0,101-500,0,1008
7977,1.0,1,0,2,10,100,0,0,1-25,0,1008
7979,1.0,1,0,2,10,60,0,0,101-500,0,1008
7980,1.0,1,1,1,1,100,0,0,26-100,0,1008
7982,1.0,1,0,2,105,100,0,0,500-1000,0,1008
7987,1.0,1,0,1,105,100,0,0,500-1000,0,1007
7988,1.0,1,0,1,6,100,0,0,26-100,0,1007
7989,1.0,1,1,1,11,100,0,0,More than 1000,0,1006
7990,1.0,1,0,2,10,100,0,0,500-1000,0,1005
7993,1.0,1,0,2,105,100,0,0,101-500,0,1004
7994,1.0,1,0,2,105,100,0,0,101-500,0,1004
7995,1.0,1,0,2,105,100,0,0,26-100,0,1004
7996,1.0,1,0,1,1,100,0,0,500-1000,0,1004
7998,1.0,1,0,2,105,100,0,0,26-100,0,1004
7999,1.0,1,0,2,100,100,0,0,26-100,0,1001
8002,1.0,1,0,2,10,10000,0,0,26-100,0,998
8003,1.0,1,0,2,1,100,0,0,1-25,0,998
8004,1.0,1,0,2,10,10000,0,0,1-25,0,997
8005,1.0,1,0,2,10,10000,0,0,1-25,0,997
8006,1.0,1,0,2,10,10000,0,0,1-25,0,997
8007,1.0,1,0,2,1,100,0,0,101-500,0,997
8008,1.0,1,0,2,1,10000,0,0,1-25,0,997
8009,1.0,1,0,2,10,100,0,0,26-100,0,997
8010,1.0,1,0,2,10,10000,0,0,1-25,0,997
8011,1.0,1,0,2,1,10000,0,0,1-25,0,997
8012,1.0,1,0,2,10,10000,0,0,1-25,0,997
8013,1.0,1,0,2,1,10000,0,0,1-25,0,997
8014,1.0,1,0,2,1,10000,0,0,1-25,0,997
8016,1.0,1,0,2,1,100,0,0,1-25,0,997
8017,1.0,1,0,2,1,100,0,0,1-25,0,997
8018,1.0,1,0,2,1,100,0,0,1-25,0,997
8019,1.0,1,0,2,10,10000,0,0,1-25,0,997
8024,1.0,1,0,2,10,100,0,0,1-25,0,994
8025,1.0,1,0,2,1,10000,0,0,1-25,0,994
8026,1.0,1,0,2,10,100,0,0,500-1000,0,994
8028,1.0,1,0,2,105,100,0,0,More than 1000,0,994
8029,1.0,1,0,2,1,100,0,0,500-1000,0,994
8030,1.0,1,0,2,1,100,0,0,1-25,0,994
8031,1.0,1,0,2,10,100,0,0,101-500,0,994
8032,1.0,1,0,2,1,10000,0,0,More than 1000,0,994
8033,1.0,1,0,2,10,100,0,0,1-25,0,994
8035,1.0,1,0,2,10,100,0,0,1-25,0,994
8036,1.0,1,0,2,1,10000,0,0,1-25,0,994
8038,1.0,1,0,2,10,10000,0,0,1-25,0,994
8039,1.0,1,0,2,1,100,0,0,101-500,0,994
8040,1.0,1,0,2,1,100,0,0,1-25,0,994
8041,1.0,1,0,1,10,100,0,0,500-1000,0,994
8042,1.0,1,0,1,10,100,0,0,1-25,0,994
8043,1.0,1,0,2,105,100,0,0,101-500,0,994
8044,1.0,1,0,2,1,100,0,0,101-500,0,994
8045,1.0,1,0,2,1,100,0,0,101-500,0,994
8046,1.0,1,0,2,1,100,0,0,26-100,0,994
8047,1.0,1,0,1,1,100,0,0,1-25,0,994
8048,1.0,1,0,2,1,10000,0,0,101-500,0,994
8049,1.0,1,0,2,105,100,0,0,1-25,0,994
8050,1.0,1,0,2,105,100,0,0,500-1000,0,994
8051,1.0,1,0,2,10,100,0,0,More than 1000,0,994
8052,1.0,1,0,2,1,100,0,0,101-500,0,993
8053,1.0,1,0,2,105,100,0,0,101-500,0,993
8054,1.0,1,0,1,105,100,0,0,101-500,0,993
8055,1.0,1,0,2,1,100,0,0,1-25,0,993
8056,1.0,1,0,2,10,100,0,0,26-100,0,993
8058,1.0,1,0,2,1,10000,0,0,26-100,0,993
8059,1.0,1,0,2,1,100,0,0,101-500,0,992
8060,1.0,1,0,2,1,100,0,0,26-100,0,992
8061,1.0,1,1,2,2,100,0,0,26-100,0,992
8062,1.0,1,0,1,10,100,0,0,101-500,0,992
8063,1.0,1,0,2,10,100,0,0,1-25,0,992
8064,1.0,1,0,1,10,100,0,0,101-500,0,991
8065,1.0,1,0,2,10,10000,0,0,More than 1000,0,991
8066,1.0,1,0,1,10,100,0,0,More than 1000,0,991
8067,1.0,1,0,2,10,10000,0,0,More than 1000,0,991
8068,1.0,1,0,1,1,100,0,0,101-500,0,991
8069,1.0,1,0,1,10,100,0,0,More than 1000,0,991
8071,1.0,1,0,1,1,10000,0,0,500-1000,0,991
8072,1.0,1,0,2,10,10000,0,0,1-25,0,991
8073,1.0,1,0,2,1,100,0,0,101-500,0,991
8074,1.0,1,0,1,10,100,0,0,More than 1000,0,991
8075,1.0,1,0,1,10,10000,0,0,26-100,0,991
8076,1.0,1,0,2,1,100,0,0,101-500,0,991
8077,1.0,1,0,2,105,100,0,0,101-500,0,991
8079,1.0,1,0,2,1,100,0,0,101-500,0,990
8080,1.0,1,0,2,1,10000,0,0,101-500,0,990
8081,1.0,1,0,2,10,10000,0,0,1-25,0,990
8083,1.0,1,0,1,1,60,0,0,1-25,0,986
8085,1.0,1,0,2,1,100,0,0,26-100,0,986
8086,1.0,1,0,2,105,100,0,0,1-25,0,985
8087,1.0,1,0,2,1,100,0,0,1-25,0,985
8089,1.0,1,1,2,26,100,0,0,1-25,0,985
8090,1.0,1,0,2,10,100,0,0,1-25,0,985
8092,1.0,1,0,2,105,10000,0,0,1-25,0,985
8093,1.0,1,0,2,1,10000,0,0,1-25,0,985
8094,1.0,1,0,2,1,10000,0,0,26-100,0,985
8095,1.0,1,0,2,1,100,0,0,1-25,0,985
8096,1.0,1,0,2,105,10000,0,0,26-100,0,984
8097,1.0,1,0,2,1,10000,0,0,26-100,0,984
8098,1.0,1,0,2,1,10000,0,0,101-500,0,984
8101,1.0,1,0,2,1,10000,0,0,101-500,0,984
8102,1.0,1,0,2,10,10000,0,0,500-1000,0,984
8103,1.0,1,0,2,10,10000,0,0,26-100,0,984
8104,1.0,1,1,1,11,100,0,0,101-500,0,984
8105,1.0,1,0,1,10,10000,0,0,26-100,0,984
8106,1.0,1,0,2,1,10000,0,0,26-100,0,984
8107,1.0,1,0,2,10,10000,0,0,101-500,0,984
8108,1.0,1,0,2,1,10000,0,0,1-25,0,983
8109,1.0,1,0,2,1,10000,0,0,1-25,0,983
8110,1.0,1,0,2,1,10000,0,0,1-25,0,983
8111,1.0,1,0,2,1,10000,0,0,1-25,0,983
8112,1.0,1,0,2,1,100,0,0,1-25,0,983
8113,1.0,1,0,2,10,100,0,0,1-25,0,983
8114,1.0,1,0,2,10,10000,0,0,1-25,0,983
8115,1.0,1,0,1,1,10000,0,0,26-100,0,983
8116,1.0,1,0,2,10,10000,0,0,101-500,0,983
8117,1.0,1,0,2,105,10000,0,0,101-500,0,983
8118,1.0,1,0,2,10,10000,0,0,101-500,0,983
8119,1.0,1,1,2,10,10000,0,0,101-500,0,983
8120,1.0,1,1,1,11,10000,0,0,26-100,0,983
8121,1.0,1,0,2,10,10000,0,0,101-500,0,983
8123,1.0,1,0,2,10,100,0,0,More than 1000,0,983
8124,1.0,1,0,2,1,10000,0,0,1-25,0,983
8128,1.0,1,0,2,1,100,0,0,500-1000,0,979
8129,1.0,1,0,2,1,10000,0,0,1-25,0,979
8130,1.0,1,0,2,1,10000,0,0,1-25,0,979
8131,1.0,1,1,1,14,100,0,0,500-1000,0,979
8132,1.0,1,0,2,105,10000,0,0,101-500,0,979
8133,1.0,1,0,2,1,100,0,0,26-100,0,979
8134,1.0,1,0,2,10,100,0,0,500-1000,0,979
8135,1.0,1,0,1,10,100,0,0,101-500,0,979
8136,1.0,1,0,2,1,10000,0,0,101-500,0,979
8137,1.0,1,0,1,10,100,0,0,500-1000,0,979
8139,1.0,1,0,2,105,10000,0,0,500-1000,0,979
8140,1.0,1,0,1,105,100,0,0,500-1000,0,979
8141,1.0,1,0,1,10,100,0,0,500-1000,0,978
8142,1.0,1,1,1,11,100,0,0,101-500,0,978
8144,1.0,1,0,1,105,100,0,0,101-500,0,978
8145,1.0,1,0,2,10,100,0,0,500-1000,0,978
8146,1.0,1,0,1,105,100,0,0,26-100,0,978
8148,1.0,1,1,1,11,100,0,0,500-1000,0,978
8150,1.0,1,0,2,1,100,0,0,1-25,0,978
8151,1.0,1,0,2,10,100,0,0,1-25,0,978
8152,1.0,1,0,1,1,100,0,0,1-25,0,978
8163,1.0,1,0,1,1,100,0,0,101-500,0,978
8177,1.0,1,1,2,10,60,0,0,500-1000,0,976
8178,1.0,1,0,2,1,10000,0,0,101-500,0,976
8179,1.0,1,0,2,105,10000,0,0,1-25,0,974
8180,1.0,1,1,2,105,100,0,0,101-500,0,973
8181,1.0,1,0,2,1,100,0,0,26-100,0,973
8182,1.0,1,0,2,1,100,0,0,1-25,0,973
8193,1.0,1,1,2,105,100,0,0,26-100,0,972
8194,1.0,1,0,1,105,100,0,0,500-1000,0,972
8197,1.0,1,1,1,73,100,0,0,1-25,0,972
8199,1.0,1,0,1,10,100,0,0,101-500,0,972
8200,1.0,1,0,2,10,100,0,0,26-100,0,972
8201,1.0,1,0,1,105,100,0,0,101-500,0,972
8207,1.0,1,0,2,1,100,0,0,26-100,0,971
8208,1.0,1,0,2,10,100,0,0,500-1000,0,971
8209,1.0,1,0,2,10,100,0,0,1-25,0,971
8211,1.0,1,0,2,1,100,0,0,500-1000,0,971
8212,1.0,1,0,1,10,100,0,0,26-100,0,971
8213,1.0,1,0,2,1,100,0,0,500-1000,0,970
8214,1.0,1,0,2,1,10000,0,0,101-500,0,970
8217,1.0,1,0,2,105,10000,0,0,26-100,0,970
8218,1.0,1,1,2,2,100,0,0,500-1000,0,970
8219,1.0,1,0,2,5,100,0,0,26-100,0,970
8222,1.0,1,0,2,1,10000,0,0,500-1000,0,969
8223,1.0,1,0,2,1,10000,0,0,500-1000,0,969
8224,1.0,1,1,1,11,100,0,0,101-500,0,966
8226,1.0,1,0,2,1,100,0,0,1-25,0,966
8227,1.0,1,1,2,11,100,0,0,500-1000,0,966
8228,1.0,1,0,2,105,100,0,0,500-1000,0,966
8229,1.0,1,0,2,1,100,0,0,1-25,0,964
8230,1.0,1,0,2,1,100,0,0,500-1000,0,963
8231,1.0,1,0,2,10,100,0,0,101-500,0,962
8233,1.0,1,0,1,10,10000,0,0,101-500,0,962
8234,1.0,1,1,2,11,10000,0,0,500-1000,0,959
8236,1.0,1,0,2,1,100,0,0,101-500,0,959
8240,1.0,1,1,2,2,10000,0,0,500-1000,0,958
8244,1.0,1,0,2,1,10000,0,0,101-500,0,958
8245,1.0,1,0,2,1,10000,0,0,101-500,0,958
8246,1.0,1,1,2,3,10000,0,0,500-1000,0,958
8247,1.0,1,0,2,1,100,0,0,101-500,0,958
8249,1.0,1,0,2,10,10000,0,0,500-1000,0,958
8251,1.0,1,0,2,1,10000,0,0,101-500,0,957
8267,1.0,1,0,2,1,100,0,0,101-500,0,955
8269,1.0,1,0,2,10,10000,0,0,1-25,0,952
8270,1.0,1,0,2,1,100,0,0,26-100,0,952
8271,1.0,1,0,2,105,10000,0,0,26-100,0,952
8272,1.0,1,0,2,10,100,0,0,101-500,0,952
8274,1.0,1,0,2,10,10000,0,0,500-1000,0,951
8275,1.0,1,0,2,1,10000,0,0,26-100,0,950
8276,1.0,1,0,2,1,100,0,0,101-500,0,950
8278,1.0,1,0,1,10,100,0,0,101-500,0,950
8279,1.0,1,0,2,1,10000,0,0,1-25,0,950
8281,1.0,1,0,2,1,10000,0,0,500-1000,0,950
8283,1.0,1,0,2,10,10000,0,0,1-25,0,949
8285,1.0,1,0,2,10,100,0,0,1-25,0,949
8287,1.0,1,1,2,13,100,0,0,101-500,0,949
8299,1.0,1,0,2,1,60,0,0,101-500,0,948
8300,1.0,1,0,2,10,10000,0,0,500-1000,0,946
8301,1.0,1,0,2,1,100,0,0,26-100,0,945
8302,1.0,1,0,2,1,100,0,0,500-1000,0,945
8303,1.0,1,0,2,10,10000,0,0,26-100,0,945
8304,1.0,1,0,2,1,100,0,0,26-100,0,945
8305,1.0,1,0,2,10,10000,0,0,1-25,0,945
8306,1.0,1,0,2,1,10000,0,0,1-25,0,945
8307,1.0,1,0,2,1,100,0,0,101-500,0,944
8308,1.0,1,1,2,10,10000,0,0,101-500,0,944
8311,1.0,1,1,2,2,10000,0,0,26-100,0,944
8314,1.0,1,0,2,105,100,0,0,101-500,0,944
8316,1.0,1,0,2,1,10000,0,0,26-100,0,944
8317,1.0,1,0,2,1,100,0,0,101-500,0,944
8318,1.0,1,1,1,3,100,0,0,26-100,0,943
8319,1.0,1,0,2,1,10000,0,0,101-500,0,943
8320,1.0,1,1,1,26,10000,0,0,101-500,0,943
8322,1.0,1,0,2,10,10000,0,0,101-500,0,943
8323,1.0,1,1,2,1,100,0,0,500-1000,0,943
8339,1.0,1,1,2,11,100,0,0,500-1000,0,942
8351,1.0,1,1,1,12,100,0,0,26-100,0,942
8363,1.0,1,0,2,1,100,0,0,101-500,0,942
8375,1.0,1,1,2,53,100,0,0,101-500,0,941
8387,1.0,1,0,2,1,10000,0,0,26-100,0,941
8388,1.0,1,0,2,105,100,0,0,500-1000,0,941
8389,1.0,1,0,2,23,100,0,0,101-500,0,938
8390,1.0,1,0,1,2,60,0,0,26-100,0,938
8396,1.0,1,1,2,22,100,0,0,1-25,0,937
8412,1.0,1,1,1,22,10000,0,0,101-500,0,937
8426,1.0,1,0,2,105,10000,0,0,1-25,0,930
8427,1.0,1,0,2,105,10000,0,0,1-25,0,930
8428,1.0,1,0,2,1,10000,0,0,1-25,0,930
8429,1.0,1,0,2,105,10000,0,0,26-100,0,930
8430,1.0,1,0,2,1,10000,0,0,1-25,0,930
8431,1.0,1,0,2,105,10000,0,0,1-25,0,930
8432,1.0,1,0,2,105,10000,0,0,1-25,0,924
8433,1.0,1,0,2,1,100,0,0,1-25,0,924
8434,1.0,1,0,2,1,100,0,0,1-25,0,922
8435,1.0,1,0,2,105,10000,0,0,1-25,0,921
8436,1.0,1,0,2,105,100,0,0,26-100,0,921
8437,1.0,1,0,1,1,10000,0,0,1-25,0,917
8438,1.0,1,0,2,1,10000,0,0,26-100,0,915
8439,1.0,1,0,2,1,10000,0,0,More than 1000,0,915
8440,1.0,1,0,2,1,10000,0,0,101-500,0,915
8441,1.0,1,0,2,105,10000,0,0,26-100,0,914
8442,1.0,1,0,2,10,10000,0,0,500-1000,0,914
8443,1.0,1,0,2,105,10000,0,0,26-100,0,914
8444,1.0,1,0,2,1,100,0,0,26-100,0,908
8445,1.0,1,0,2,1,10000,0,0,26-100,0,908
8446,1.0,1,0,2,10,10000,0,0,1-25,0,908
8448,1.0,1,0,2,1,100,0,0,1-25,0,908
8450,1.0,1,0,2,1,100,0,0,101-500,0,899
8451,1.0,1,0,1,105,10000,0,0,500-1000,0,895
8453,1.0,1,0,2,10,100,0,0,101-500,0,893
8458,1.0,1,0,2,10,100,0,0,101-500,0,886
8460,1.0,1,0,1,1,10000,0,0,101-500,0,885
8461,1.0,1,1,2,2,10000,0,0,500-1000,0,885
8462,1.0,1,1,1,2,100,0,0,26-100,0,885
8463,1.0,1,0,2,1,10000,0,0,1-25,0,882
8464,1.0,1,0,1,105,100,0,1,1-25,1,881
8465,1.0,1,0,2,105,100,0,0,1-25,0,881
8467,1.0,1,0,2,11,100,0,0,500-1000,0,874
8468,1.0,1,0,2,105,100,0,0,500-1000,0,871
8469,1.0,1,0,2,1,10000,0,0,101-500,0,869
8474,1.0,1,0,2,105,60,0,0,26-100,0,864
8477,1.0,1,0,2,1,100,0,0,1-25,0,851
8479,1.0,1,0,1,105,100,0,0,500-1000,0,846
8480,1.0,1,0,2,10,100,0,0,1-25,0,831
8481,1.0,1,0,2,105,10000,0,0,101-500,0,826
8482,1.0,1,0,2,1,100,0,0,101-500,0,824
8483,1.0,1,0,2,66,100,0,0,26-100,0,818
8484,1.0,1,0,2,10,10000,0,0,1-25,0,817
8485,1.0,0,0,2,1,100,0,0,1-25,0,815
8486,1.0,1,0,2,1,100,0,0,1-25,0,815
8487,1.0,1,0,1,1,100,0,0,500-1000,0,815
8488,1.0,1,1,2,14,10000,0,0,1-25,0,815
8489,1.0,1,1,1,14,100,0,0,1-25,0,815
8490,1.0,1,1,2,105,100,0,0,1-25,0,815
8491,1.0,1,0,2,1,100,0,0,1-25,0,811
8492,1.0,1,0,2,11,100,0,0,1-25,0,811
8493,1.0,1,0,2,105,10000,0,0,1-25,0,810
8494,1.0,1,0,2,105,10000,0,0,26-100,0,810
8495,1.0,1,0,2,105,10000,0,0,1-25,0,810
8496,1.0,1,0,2,105,10000,0,0,1-25,0,810
8497,1.0,1,0,2,105,60,0,0,1-25,0,810
8498,1.0,1,0,2,1,10000,0,0,1-25,0,810
8499,1.0,1,0,2,105,100,0,0,1-25,0,810
8500,1.0,1,0,1,105,100,0,0,1-25,0,810
8501,1.0,1,0,2,1,100,0,0,1-25,0,810
8502,1.0,1,0,2,1,10000,0,0,1-25,0,810
8503,1.0,1,0,2,1,100,0,0,1-25,0,802
8504,1.0,1,0,2,1,100,0,0,1-25,0,802
8505,1.0,1,0,2,1,100,0,0,1-25,0,802
8506,1.0,1,0,2,1,10000,0,0,1-25,0,802
8507,1.0,1,0,2,1,100,0,0,1-25,0,802
8508,1.0,1,0,2,1,100,0,0,26-100,0,802
8509,1.0,1,0,2,1,10000,0,0,1-25,0,802
8510,1.0,1,0,2,105,100,0,0,1-25,0,801
8511,1.0,1,0,2,10,100,0,0,1-25,0,788
8512,1.0,1,0,2,105,100,0,0,500-1000,0,768
8513,1.0,1,0,2,1,100,0,0,101-500,0,761
8514,1.0,1,0,2,1,100,0,0,101-500,0,760
8515,1.0,1,0,2,1,100,0,0,26-100,0,760
8516,1.0,1,0,2,1,100,0,0,1-25,0,752
8517,1.0,1,0,2,10,10000,0,0,1-25,0,745
8518,1.0,1,0,2,105,10000,0,0,More than 1000,0,745
8519,1.0,1,0,2,105,100,0,0,500-1000,0,745
8520,1.0,1,0,2,105,100,0,0,500-1000,0,745
8521,1.0,1,0,2,10,10000,0,0,500-1000,0,742
8522,1.0,1,0,2,105,100,0,0,500-1000,0,740
8523,1.0,1,0,2,105,10000,0,0,More than 1000,0,740
8524,1.0,1,0,2,105,100,0,0,101-500,0,739
8525,1.0,1,0,2,105,10000,0,0,1-25,0,739
8526,1.0,1,0,2,105,100,0,0,26-100,0,739
8527,1.0,1,0,2,105,100,0,0,500-1000,0,739
8528,1.0,1,0,2,105,100,0,0,500-1000,0,732
8530,1.0,1,0,1,105,100,0,0,26-100,0,670
8531,1.0,1,0,1,105,100,0,0,26-100,0,670
8532,1.0,1,0,1,105,100,0,0,101-500,0,670
8533,1.0,1,0,1,10,100,0,0,101-500,0,669
8534,1.0,1,0,1,10,100,0,0,26-100,0,669
8535,1.0,1,0,1,10,100,0,0,26-100,0,669
8536,1.0,1,0,1,10,100,0,0,26-100,0,669
8538,1.0,1,0,1,1,100,0,0,26-100,0,669
8539,1.0,1,0,1,105,100,0,0,26-100,0,669
8540,1.0,1,0,1,105,100,0,0,26-100,0,669
8541,1.0,1,0,1,1,100,0,0,26-100,0,669
8542,1.0,1,1,1,3,100,0,0,26-100,0,669
8543,1.0,1,0,2,10,100,0,0,26-100,0,668
8544,1.0,1,0,1,10,10000,0,0,1-25,0,668
8545,1.0,1,0,1,1,100,0,0,500-1000,0,668
8546,1.0,1,0,1,105,100,0,0,101-500,0,668
8549,1.0,1,0,1,1,100,0,0,26-100,0,665
8550,1.0,1,0,1,10,100,0,0,26-100,0,665
8551,1.0,1,0,2,1,100,0,0,101-500,0,665
8552,1.0,1,0,2,1,100,0,0,1-25,0,665
8553,1.0,1,0,1,1,100,0,0,26-100,0,665
8554,1.0,1,0,2,105,100,0,0,500-1000,0,664
8555,1.0,1,0,1,10,100,0,0,1-25,0,658
8556,1.0,1,0,1,2,100,0,0,1-25,0,656
8557,1.0,1,0,2,10,10000,0,0,More than 1000,0,643
8559,1.0,1,0,1,1,100,0,0,500-1000,0,636
8560,1.0,1,0,1,1,100,0,0,500-1000,0,630
8561,1.0,1,0,1,1,100,0,0,1-25,0,628
8562,1.0,1,0,1,1,100,0,0,1-25,0,623
8564,1.0,1,0,1,105,60,0,0,500-1000,0,620
8565,1.0,1,0,1,10,100,0,1,1-25,1,620
8566,1.0,1,0,1,105,100,0,0,1-25,0,609
8574,1.0,1,0,1,105,60,0,0,500-1000,0,605
8595,1.0,1,0,1,105,100,0,0,1-25,0,584
8597,1.0,1,0,1,10,100,0,1,1-25,1,579
8599,1.0,1,0,1,10,100,0,0,1-25,0,571
8621,1.0,1,0,1,105,100,0,0,500-1000,0,556
8623,1.0,1,0,1,105,100,0,0,1-25,0,556
8625,1.0,1,0,1,10,100,0,0,1-25,0,556
8687,1.0,1,0,1,105,10000,0,0,1-25,0,537
8701,1.0,1,0,1,105,100,0,0,1-25,0,536
8703,1.0,1,0,1,105,100,0,0,1-25,0,536
8713,1.0,1,0,2,105,10000,0,0,1-25,0,532
8715,1.0,1,0,1,105,100,0,0,1-25,0,532
8721,1.0,1,0,1,105,100,0,0,1-25,0,531
8723,1.0,1,0,1,10,60,0,0,1-25,0,531
8729,1.0,1,0,1,105,100,0,0,1-25,0,530
8731,1.0,1,1,1,62,100,0,0,1-25,0,528
8853,1.0,1,0,1,1,100,0,0,1-25,0,522
8857,1.0,1,0,1,1,100,0,0,1-25,0,514
8858,1.0,1,0,1,105,100,0,0,1-25,0,507
8859,1.0,1,0,1,105,100,0,0,1-25,0,507
8860,1.0,1,0,1,10,100,0,0,1-25,0,507
8861,1.0,1,0,1,10,100,0,0,1-25,0,507
8862,1.0,1,0,1,105,100,0,0,1-25,0,507
8863,1.0,1,0,1,105,100,0,0,1-25,0,507
8864,1.0,1,0,1,1,100,0,0,1-25,0,507
8865,1.0,1,0,1,1,100,0,0,101-500,0,493
8869,1.0,1,1,1,11,100,0,0,26-100,0,468
8871,1.0,1,0,1,10,100,0,0,1-25,0,465
8873,1.0,1,1,1,21,100,0,1,1-25,0,455
8877,1.0,1,0,1,10,100,0,0,1-25,0,453
8879,1.0,1,0,1,1,100,0,0,1-25,0,448
8881,1.0,1,0,1,50,100,0,0,1-25,0,434
8885,1.0,1,1,1,2,100,0,0,500-1000,0,426
8891,1.0,1,0,1,50,100,0,0,1-25,0,426
8893,1.0,1,0,1,5,100,0,0,101-500,0,425
8897,1.0,1,1,1,18,100,0,0,1-25,0,424
8899,1.0,1,0,1,105,100,0,0,500-1000,0,420
8905,1.0,1,0,1,105,100,0,0,1-25,0,417
8923,1.0,1,0,1,105,10000,0,0,1-25,0,413
8925,1.0,1,0,1,105,100,0,0,500-1000,0,413
8927,1.0,1,0,1,105,100,0,0,1-25,0,413
8929,1.0,1,0,1,105,100,0,0,500-1000,0,413
8931,1.0,1,0,1,105,100,0,0,500-1000,0,413
8933,1.0,1,0,1,105,100,0,0,101-500,0,413
8943,1.0,1,0,1,1,100,0,0,1-25,0,412
8945,1.0,1,0,1,105,100,0,0,1-25,0,411
8947,1.0,1,1,1,13,100,0,1,1-25,0,411
8957,1.0,1,0,1,105,100,0,0,26-100,0,410
8963,1.0,1,1,1,2,100,0,0,1-25,0,409
8967,1.0,1,0,1,105,100,0,0,More than 1000,0,409
8969,1.0,1,0,1,10,100,0,0,1-25,0,409
8971,1.0,1,0,1,10,100,0,0,1-25,0,409
8977,1.0,1,0,1,10,100,0,0,500-1000,0,409
8979,1.0,1,0,1,1,100,0,0,1-25,0,409
8981,1.0,1,0,1,1,100,0,0,1-25,0,409
8987,1.0,1,0,1,105,100,0,0,101-500,0,406
8991,1.0,1,0,1,105,100,0,0,1-25,0,406
8993,1.0,1,0,1,10,100,0,0,500-1000,0,406
8995,1.0,1,0,1,10,100,0,0,1-25,0,406
9001,1.0,1,0,1,10,100,0,0,1-25,0,406
9003,1.0,1,0,1,10,100,0,0,1-25,0,406
9005,1.0,1,0,1,10,100,0,0,1-25,0,406
9007,1.0,1,0,2,10,100,0,0,1-25,0,406
9009,1.0,1,0,1,105,100,0,0,1-25,0,406
9011,1.0,1,0,2,105,100,0,0,1-25,0,406
9013,1.0,1,0,1,10,100,0,0,101-500,0,406
9015,1.0,1,0,2,10,100,0,0,1-25,0,406
9017,1.0,1,0,2,105,100,0,0,1-25,0,406
9019,1.0,1,0,2,105,100,0,0,1-25,0,406
9021,1.0,1,0,2,105,100,0,0,1-25,0,406
9023,1.0,1,0,2,10,100,0,0,1-25,0,406
9025,1.0,1,0,2,105,100,0,0,1-25,0,406
9027,1.0,1,0,1,10,100,0,0,500-1000,0,406
9031,1.0,1,0,2,10,100,0,0,1-25,0,406
9033,1.0,1,0,2,1,100,0,0,1-25,0,406
9035,1.0,0,1,1,3,100,0,0,101-500,0,329
9037,1.0,1,0,1,10,10000,0,0,26-100,0,399
9083,1.0,1,0,1,10,10000,0,0,1-25,0,382
9085,1.0,1,0,1,1,10000,0,0,1-25,0,382
9087,1.0,1,0,1,10,10000,0,0,1-25,0,382
9089,1.0,1,0,1,10,10000,0,0,500-1000,0,382
9091,1.0,1,0,1,10,10000,0,0,1-25,0,382
9093,1.0,1,0,1,10,10000,0,0,1-25,0,382
9095,1.0,1,0,1,10,100,0,0,500-1000,0,382
9099,1.0,1,0,1,10,100,0,0,1-25,0,382
9101,1.0,1,0,1,10,100,0,0,1-25,0,382
9103,1.0,1,0,2,10,100,0,0,1-25,0,382
9105,1.0,1,0,1,10,100,0,0,1-25,0,382
9107,1.0,1,0,2,10,100,0,0,1-25,0,382
9109,1.0,1,0,2,10,100,0,0,1-25,0,382
9115,1.0,1,0,2,10,100,0,0,1-25,0,381
9117,1.0,1,0,2,10,100,0,0,1-25,0,381
9119,1.0,1,0,2,10,100,0,0,1-25,0,381
9121,1.0,1,0,2,10,100,0,0,1-25,0,381
9123,1.0,1,0,2,10,100,0,0,1-25,0,381
9125,1.0,1,0,1,10,100,0,0,101-500,0,381
9127,1.0,1,0,1,10,100,0,0,101-500,0,381
9129,1.0,1,0,1,10,100,0,0,101-500,0,381
9131,1.0,1,0,1,10,100,0,0,101-500,0,381
9133,1.0,1,0,1,10,100,0,0,101-500,0,381
9135,1.0,1,0,1,10,100,0,0,101-500,0,381
9137,1.0,1,0,1,10,100,0,0,101-500,0,381
9139,1.0,1,0,1,10,100,0,0,101-500,0,381
9141,1.0,1,0,1,10,100,0,0,1-25,0,381
9143,1.0,1,0,1,10,100,0,0,1-25,0,381
9145,1.0,1,0,1,10,100,0,0,1-25,0,381
9147,1.0,1,0,1,10,100,0,0,101-500,0,381
9149,1.0,1,0,1,10,100,0,0,101-500,0,381
9151,1.0,1,0,2,10,100,0,0,1-25,0,381
9153,1.0,1,0,2,10,100,0,0,1-25,0,381
9155,1.0,1,0,2,10,100,0,0,1-25,0,381
9157,1.0,1,0,2,10,100,0,0,1-25,0,381
9159,1.0,1,0,2,10,100,0,0,1-25,0,381
9161,1.0,1,0,2,10,100,0,0,1-25,0,381
9163,1.0,1,0,2,10,100,0,0,1-25,0,381
9165,1.0,1,0,2,10,100,0,0,1-25,0,381
9167,1.0,1,0,2,10,100,0,0,1-25,0,381
9169,1.0,1,0,2,10,100,0,0,1-25,0,381
9171,1.0,1,0,2,10,100,0,0,1-25,0,381
9173,1.0,1,0,2,10,100,0,0,1-25,0,381
9175,1.0,1,0,2,10,100,0,0,1-25,0,381
9177,1.0,1,0,1,10,100,0,0,1-25,0,381
9179,1.0,1,0,1,10,100,0,0,1-25,0,381
9181,1.0,1,0,1,10,100,0,0,1-25,0,381
9183,1.0,1,0,1,10,100,0,0,101-500,0,381
9185,1.0,1,0,2,10,100,0,0,1-25,0,378
9187,1.0,1,0,2,10,100,0,0,1-25,0,378
9189,1.0,1,0,1,10,100,0,0,101-500,0,378
9191,1.0,1,0,2,10,100,0,0,1-25,0,378
9193,1.0,1,0,2,10,100,0,0,1-25,0,378
9195,1.0,1,0,2,10,100,0,0,1-25,0,378
9197,1.0,1,0,2,10,100,0,0,1-25,0,378
9199,1.0,1,0,2,10,100,0,0,1-25,0,378
9201,1.0,1,0,2,10,100,0,0,1-25,0,378
9203,1.0,1,0,1,10,100,0,0,101-500,0,378
9205,1.0,1,0,2,10,100,0,0,1-25,0,378
9207,1.0,1,0,1,10,100,0,0,1-25,0,378
9209,1.0,1,0,1,10,100,0,0,101-500,0,378
9211,1.0,1,0,2,10,100,0,0,101-500,0,378
9213,1.0,1,0,2,1,100,0,0,101-500,0,378
9215,1.0,1,0,2,10,100,0,0,1-25,0,378
9217,1.0,1,0,2,10,100,0,0,1-25,0,378
9219,1.0,1,0,2,1,100,0,0,1-25,0,378
9221,1.0,1,0,1,10,100,0,0,101-500,0,378
9223,1.0,1,0,1,10,100,0,0,101-500,0,378
9225,1.0,1,0,1,10,100,0,0,101-500,0,378
9229,1.0,1,0,1,10,100,0,0,26-100,0,377
9231,1.0,1,0,1,10,100,0,0,26-100,0,377
9233,1.0,1,0,2,10,100,0,0,1-25,0,377
9235,1.0,1,0,1,10,100,0,0,26-100,0,377
9237,1.0,1,0,1,10,100,0,0,26-100,0,377
9239,1.0,1,0,1,10,100,0,0,26-100,0,377
9241,1.0,1,0,1,10,100,0,0,26-100,0,377
9243,1.0,1,0,1,10,100,0,0,26-100,0,377
9245,1.0,1,0,1,10,100,0,0,26-100,0,377
9247,1.0,1,0,1,10,100,0,0,26-100,0,377
9251,1.0,1,0,1,10,100,0,0,26-100,0,377
9253,1.0,1,0,1,10,100,0,0,26-100,0,377
9257,1.0,1,0,1,10,100,0,0,26-100,0,377
9279,1.0,1,0,1,10,100,0,0,1-25,0,377
9283,1.0,1,0,2,10,100,0,0,1-25,0,376
9287,1.0,1,0,1,1,100,0,0,26-100,0,367
9289,1.0,1,0,1,1,100,0,0,1-25,0,367
9293,1.0,1,0,1,105,100,0,0,101-500,0,361
9297,1.0,1,0,1,105,100,0,0,500-1000,0,356
9299,1.0,1,0,1,1,100,0,0,1-25,1,356
9311,1.0,1,0,1,10,100,0,0,1-25,0,347
9313,1.0,1,0,1,1,100,0,0,500-1000,1,328
9315,1.0,1,0,1,105,100,0,0,More than 1000,0,319
9319,1.0,1,0,1,105,100,0,0,1-25,0,313
9365,1.0,1,1,1,21,100,0,0,26-100,0,284
9405,1.0,1,0,1,105,100,0,0,1-25,0,229
9413,1.0,1,0,1,10,100,0,0,101-500,1,209
9445,1.0,1,0,1,10,100,0,0,1-25,0,24
