jobma_catcher_id,company_size,is_premium,subscription_status,jobma_catcher_status,sub_users,wallet_amount,is_unlimited,plan_type,subscription_sum,subscription_count,invitations,pre_recorded_kit_counts,number_of_jobs_posted,pre_rec_interview_taken,days_since_login
2656,1-25,0,1,1,1,66666.0,1,0,176.5,1,4,2,1,1,420
2935,26-100,0,2,1,0,60.0,0,1,0.6,1,0,0,0,0,441
2937,101-500,0,2,1,0,60.0,0,1,1.4,1,0,0,0,0,441
2938,26-100,0,1,1,0,50.0,0,1,178.8,3,0,0,1,0,441
2939,26-100,0,2,1,0,60.0,0,1,138.8,1,0,0,1,0,1796
2940,26-100,0,2,1,0,60.0,0,1,0.1,1,0,0,1,0,1796
2941,26-100,0,2,1,0,60.0,0,1,138.8,1,0,0,1,0,1795
2942,1-25,0,2,1,0,60.0,0,1,0.1,1,0,0,0,0,1795
2943,1-25,0,2,1,0,60.0,0,1,0.1,1,0,0,1,0,1795
2944,101-500,0,2,1,0,60.0,0,0,2.3,1,0,0,0,0,1795
2945,26-100,0,2,1,0,60.0,0,1,1.4,1,0,0,0,0,1795
2946,101-500,1,2,1,0,60.0,0,0,1.2,1,0,0,0,0,1795
2947,500-1000,0,2,1,0,60.0,0,1,0.1,1,0,0,1,0,1795
2948,1-25,0,2,1,0,60.0,0,1,1.4,1,0,0,0,0,1795
2949,101-500,0,2,1,0,60.0,0,1,3.7,2,0,0,2,0,0
2950,101-500,1,2,1,0,60.0,0,0,1.2,1,0,0,0,0,1795
2951,1-25,1,2,1,0,60.0,0,1,1.4,1,0,0,0,0,1795
2952,1-25,1,2,1,0,60.0,0,1,0.0,1,0,0,0,0,1795
2953,101-500,0,2,1,0,60.0,0,1,0.1,1,0,0,1,0,1794
2954,26-100,0,2,1,0,60.0,0,1,138.8,1,0,0,1,0,1794
2955,1-25,0,2,1,0,60.0,0,1,0.3,1,0,0,0,0,0
2956,101-500,0,2,1,0,60.0,0,1,138.8,1,0,0,1,0,1793
2957,1-25,1,1,1,7,50.0,0,0,259.3,25,481,8,36,40,466
2958,1-25,0,2,1,0,60.0,0,1,0.1,1,0,0,0,0,0
2959,26-100,1,2,1,0,60.0,0,1,3.7,2,0,0,0,0,1793
2960,1-25,0,2,1,0,60.0,0,1,0.6,1,0,0,0,0,1793
2961,1-25,0,2,1,0,60.0,0,1,0.6,1,0,0,0,0,0
2962,1-25,1,2,1,0,60.0,0,1,1.2,1,0,0,0,0,1793
2963,1-25,1,2,1,0,60.0,0,0,1.2,1,0,0,0,0,1793
2964,1-25,1,2,1,1,60.0,0,1,1.2,1,0,0,1,0,1793
2966,26-100,1,2,1,0,60.0,0,0,1.2,1,0,0,1,0,1793
2967,1-25,1,2,1,0,60.0,0,0,23.5,1,0,0,1,0,1792
2968,1-25,1,2,1,0,60.0,0,0,23.5,1,0,0,1,0,1792
2969,26-100,1,2,1,0,60.0,0,0,23.5,1,0,0,1,0,1792
2970,101-500,1,2,1,0,60.0,0,1,23.5,1,0,0,1,0,1792
2971,1-25,0,2,1,0,60.0,0,0,0.0,1,0,0,0,0,0
2972,1-25,0,2,1,0,60.0,0,0,0.0,1,0,0,0,0,0
2973,1-25,0,2,1,0,60.0,0,0,0.0,1,0,0,1,0,1792
2974,101-500,1,2,1,0,60.0,0,1,1.2,1,0,0,1,0,1792
2975,26-100,1,2,1,0,60.0,0,0,1.2,1,0,0,1,0,1792
2976,26-100,1,2,1,0,60.0,0,1,1.2,1,0,0,1,0,1792
2977,1-25,0,2,1,0,60.0,0,0,0.0,1,0,0,0,0,1792
2978,1-25,0,2,1,0,60.0,0,0,0.0,1,0,0,0,0,1789
2979,26-100,0,2,1,0,60.0,0,1,1.4,1,0,0,0,0,1789
2980,1-25,0,2,1,0,60.0,0,0,0.0,1,0,0,0,0,1789
2981,26-100,0,2,1,0,60.0,0,1,0.3,1,0,0,0,0,1789
2982,1-25,0,2,1,0,60.0,0,1,1.4,1,0,0,0,0,0
2983,1-25,0,2,1,0,60.0,0,1,138.8,1,0,0,0,0,1353
2984,1-25,1,2,1,0,60.0,0,0,0.0,1,28,4,2,0,1740
2985,1-25,0,2,1,0,60.0,0,1,0.3,1,0,0,0,0,0
2986,1-25,0,2,1,0,60.0,0,1,0.3,1,0,0,0,0,0
2987,1-25,0,2,1,0,60.0,0,1,0.3,1,0,0,0,0,0
2988,1-25,0,2,1,0,60.0,0,1,0.3,1,0,0,0,0,0
2989,1-25,0,2,1,0,60.0,0,1,0.3,1,0,0,0,0,0
2990,1-25,0,2,1,0,60.0,0,1,0.3,1,0,0,0,0,0
2991,26-100,1,2,1,0,60.0,0,0,117.6,1,0,0,2,0,1786
2992,26-100,1,2,1,0,60.0,0,1,117.6,1,0,0,1,0,1787
2993,26-100,1,2,1,0,60.0,0,0,117.6,1,0,0,1,0,1787
2994,1-25,0,2,1,0,60.0,0,0,0.0,1,0,0,0,0,1787
2997,26-100,0,2,1,0,60.0,0,1,0.6,1,0,0,0,0,1787
2998,101-500,0,2,1,0,60.0,0,1,0.3,1,0,0,0,0,1780
2999,1-25,0,2,1,0,60.0,0,1,0.6,1,0,0,0,0,1787
3000,101-500,0,2,1,0,60.0,0,1,141.10000000000002,2,0,0,0,0,0
3001,1-25,0,2,1,0,60.0,0,1,0.3,1,0,0,0,0,1786
3002,1-25,0,2,1,0,60.0,0,1,0.3,1,1,1,1,1,0
3003,26-100,0,2,1,0,60.0,0,1,138.8,1,0,0,1,0,1785
3004,26-100,0,2,1,0,60.0,0,1,0.6,1,0,0,1,0,0
3005,26-100,1,2,1,0,60.0,0,0,1.2,1,0,0,1,0,0
3006,1-25,0,2,1,0,60.0,0,0,0.0,1,0,0,1,0,1785
3007,1-25,1,2,1,0,60.0,0,0,0.0,1,0,0,0,0,0
3009,1-25,1,2,1,0,60.0,0,0,1.2,1,0,0,2,0,1785
3010,1-25,1,2,1,0,60.0,0,0,0.0,1,0,0,1,0,1785
3011,1-25,0,2,1,0,60.0,0,1,0.6,1,0,0,0,0,1784
3012,1-25,0,2,1,1,60.0,0,1,0.6,1,5,2,5,2,1764
3013,500-1000,1,2,1,0,60.0,0,1,13.9,1,0,0,0,0,0
3014,26-100,1,2,1,0,60.0,0,0,0.1,1,0,0,0,0,1784
3015,101-500,1,2,1,0,60.0,0,1,0.0,1,0,0,0,0,1784
3016,1-25,1,2,1,0,60.0,0,0,3.5,1,0,0,0,0,1784
3017,26-100,1,2,1,0,60.0,0,1,3.5,1,0,0,0,0,1784
3018,1-25,1,2,1,0,60.0,0,1,4.2,1,0,0,0,0,1774
3020,1-25,0,2,1,0,60.0,0,1,0.3,1,0,0,0,0,1783
3021,1-25,0,2,1,0,60.0,0,1,0.3,1,0,0,0,0,1783
3022,1-25,0,2,1,0,60.0,0,0,0.0,1,0,0,0,0,1782
3023,101-500,0,2,0,0,60.0,0,1,0.6,1,0,0,0,0,1781
3024,1-25,0,2,1,0,60.0,0,1,0.3,1,0,0,0,0,1780
3025,1-25,0,2,1,0,60.0,0,1,0.3,1,0,0,0,0,1780
3026,1-25,0,2,1,0,60.0,0,1,0.3,1,0,0,0,0,1780
3027,1-25,0,2,1,1,60.0,0,1,0.3,1,0,0,0,0,1780
3029,1-25,0,2,1,0,60.0,0,1,2.3,4,0,0,0,0,1780
3031,1-25,0,2,1,0,60.0,0,1,0.3,1,0,0,0,0,1779
3032,1-25,0,2,1,0,60.0,0,1,0.3,1,0,0,0,0,1779
3033,1-25,0,2,1,0,60.0,0,1,0.1,1,0,0,0,0,0
3034,101-500,0,2,1,0,60.0,0,1,138.8,1,0,0,1,0,1775
3035,26-100,1,2,1,0,60.0,0,0,11.8,1,0,0,0,0,1775
3036,26-100,1,2,1,0,60.0,0,0,1.2,1,0,0,0,0,1775
3040,101-500,1,2,1,0,60.0,0,0,0.1,1,0,0,0,0,1774
3043,1-25,1,2,1,2,60.0,0,0,0.0,1,0,0,0,0,1773
3046,1-25,0,2,1,0,60.0,0,0,0.0,1,0,0,0,0,0
3047,1-25,0,2,1,1,60.0,0,0,0.0,1,0,0,0,0,1773
3049,1-25,0,2,1,0,60.0,0,0,0.0,1,0,0,0,0,0
3050,1-25,0,2,1,1,60.0,0,0,0.0,1,0,0,0,0,1773
3052,1-25,0,2,1,0,60.0,0,0,0.0,1,0,0,0,0,0
3053,26-100,0,2,1,0,60.0,0,0,2.3,1,0,0,0,0,0
3054,101-500,1,2,1,0,60.0,0,1,1176.5,1,0,0,0,0,1772
3055,500-1000,1,2,1,0,60.0,0,1,13.9,1,0,0,0,0,1772
3056,26-100,1,2,1,0,60.0,1,0,11.8,1,0,0,0,0,1772
3057,101-500,1,2,1,0,60.0,0,1,1.2,1,0,0,1,0,1772
3058,26-100,1,2,1,0,60.0,0,1,1.2,1,0,0,0,0,1772
3059,26-100,0,2,1,0,60.0,0,0,2.3,1,0,0,0,0,1772
3060,26-100,0,2,1,1,60.0,0,1,0.6,1,0,0,0,0,1772
3062,1-25,0,2,1,1,60.0,0,0,0.0,1,0,0,0,0,1772
3064,101-500,1,1,1,1,1860.0,0,0,21.2,2,15,2,3,1,603
3065,500-1000,1,2,1,0,60.0,1,0,0.0,1,0,0,0,0,1772
3066,500-1000,1,2,1,0,60.0,0,0,1.1,1,0,0,0,0,1772
3067,500-1000,1,2,1,0,60.0,0,1,0.0,1,0,0,1,0,0
3068,1-25,1,2,1,0,60.0,0,0,0.0,1,0,0,0,0,1772
3069,101-500,1,2,1,0,60.0,0,1,0.0,1,0,0,0,0,1772
3070,26-100,1,2,1,0,60.0,0,1,0.0,1,1,1,1,0,1772
3071,26-100,1,2,1,0,60.0,1,0,11.8,1,0,0,0,0,1772
3072,26-100,1,2,1,0,60.0,1,0,11.8,1,0,0,0,0,1772
3073,101-500,1,2,1,0,60.0,0,1,11.8,1,0,0,0,0,1772
3074,101-500,0,2,1,0,60.0,0,1,0.1,1,0,0,0,0,1772
3075,101-500,1,2,1,0,60.0,1,0,11.8,1,0,0,0,0,1772
3076,26-100,1,2,1,1,60.0,1,0,0.1,1,4,2,2,1,1771
3078,26-100,0,2,1,0,60.0,0,1,0.6,1,0,0,0,0,1771
3079,1-25,1,2,1,0,60.0,1,0,1.2,1,0,0,0,0,1771
3081,1-25,1,2,1,0,60.0,0,1,1.6,2,0,0,0,0,0
3082,1-25,0,2,1,0,60.0,0,0,0.0,1,0,0,0,0,0
3084,1-25,0,2,1,0,60.0,0,0,0.0,1,0,0,0,0,0
3087,1-25,0,2,1,0,60.0,0,0,0.0,1,0,0,0,0,1771
3088,1-25,0,2,1,0,60.0,0,0,0.0,1,0,0,0,0,0
3089,1-25,1,2,1,2,60.0,0,1,11.8,1,0,0,0,0,1771
3091,101-500,1,2,1,0,60.0,0,0,0.0,1,0,0,1,0,0
3093,101-500,1,2,1,3,60.0,0,0,0.1,1,0,0,0,0,0
3098,101-500,0,2,1,1,60.0,0,0,2.3,1,0,0,0,0,1771
3100,101-500,1,2,1,1,60.0,0,1,1.2,1,0,0,0,0,1771
3102,1-25,1,2,1,1,60.0,1,0,1.2,1,0,0,0,0,1771
3104,500-1000,1,2,1,0,60.0,0,1,11.8,1,0,0,0,0,1771
3105,500-1000,1,2,1,1,60.0,1,0,11.8,1,0,0,0,0,1771
3107,101-500,1,2,1,0,60.0,0,1,1.2,1,0,0,0,0,1771
3109,26-100,1,2,1,1,60.0,1,0,2.4,2,0,0,0,0,1771
3111,1-25,1,2,1,1,60.0,0,0,0.0,1,0,0,0,0,1771
3113,101-500,1,2,1,2,60.0,0,1,13.9,1,0,0,0,0,1768
3116,101-500,1,2,1,1,60.0,1,0,11.8,1,0,0,0,0,1768
3118,26-100,0,2,1,0,60.0,0,1,0.6,1,0,1,1,0,1768
3119,26-100,0,2,1,1,60.0,0,1,0.0,1,0,0,0,0,1768
3121,26-100,1,2,1,3,60.0,0,1,13.9,1,0,0,0,0,0
3125,101-500,1,2,1,5,60.0,0,0,11.8,1,0,0,0,0,0
3131,26-100,1,2,1,7,60.0,1,0,0.0,1,0,0,0,0,1766
3139,500-1000,1,2,1,2,60.0,0,1,16.2,2,0,0,0,0,0
3143,1-25,0,2,1,1,60.0,0,0,0.0,1,0,0,0,0,1759
3145,26-100,1,2,1,1,60.0,0,1,0.1,1,0,0,0,0,1766
3147,1-25,1,2,1,1,60.0,0,0,2.3,1,0,0,0,0,1765
3150,26-100,0,2,1,0,60.0,0,0,1.4,2,0,0,0,0,1754
3152,101-500,0,2,1,1,60.0,0,0,2.3,1,0,0,0,0,1765
3153,26-100,1,2,1,0,60.0,0,0,0.5,1,0,0,0,0,1765
3155,1-25,1,2,1,0,60.0,1,0,0.5,1,2,1,1,1,1765
3156,26-100,1,2,1,0,60.0,1,0,0.0,1,4,1,1,1,1765
3157,101-500,1,2,1,0,60.0,0,1,0.0,1,0,0,1,0,1765
3158,500-1000,1,2,1,0,60.0,0,0,1.4,1,2,1,1,1,1765
3159,26-100,0,2,1,0,60.0,0,1,0.1,1,1,1,1,1,1765
3160,1-25,1,2,1,0,60.0,0,1,0.1,1,1,1,1,1,0
3161,1-25,1,2,1,0,60.0,0,1,0.2,1,1,1,1,1,1765
3163,1-25,1,2,1,0,60.0,0,0,2.6,3,0,0,0,0,1764
3164,500-1000,1,2,1,1,60.0,0,0,0.1,1,0,0,0,0,1764
3166,26-100,1,2,1,0,60.0,0,1,0.1,1,0,0,0,0,1764
3168,1-25,0,2,1,0,60.0,0,1,0.1,1,0,0,0,0,1764
3169,101-500,0,2,1,0,60.0,0,1,0.6,1,0,0,0,0,1764
3173,1-25,1,2,1,0,60.0,0,0,1.8,2,0,0,0,0,1760
3174,26-100,0,2,1,1,60.0,0,1,138.8,1,0,1,0,0,1759
3176,1-25,0,2,1,1,60.0,0,1,0.6,1,1,0,0,1,1759
3178,1-25,0,2,1,0,60.0,0,1,0.1,1,0,0,0,0,1759
3179,1-25,0,2,1,1,60.0,0,0,2.4,2,0,0,0,0,1759
3181,1-25,1,2,1,0,60.0,0,0,1.2,1,0,0,0,0,1759
3183,26-100,1,2,1,0,60.0,0,1,1.4,1,0,0,0,0,1758
3184,1-25,1,2,1,0,60.0,0,1,58.8,1,0,0,0,0,1758
3185,1-25,1,2,1,0,60.0,1,1,58.8,1,0,0,0,0,1758
3186,1-25,1,2,1,1,60.0,1,0,5.9,1,0,0,0,0,1758
3187,1-25,1,2,1,0,60.0,1,0,58.8,1,0,0,0,0,1758
3188,1-25,1,2,1,0,60.0,1,1,58.8,1,0,0,0,0,1758
3189,26-100,1,2,1,0,60.0,1,1,69.4,1,0,0,0,0,1758
3194,26-100,1,2,1,1,60.0,1,0,1.3,1,0,0,0,0,1758
3196,1-25,1,2,1,0,60.0,0,0,1.2,1,0,0,0,0,0
3197,26-100,1,2,1,0,60.0,1,0,1.2,1,0,0,0,0,1758
3198,101-500,1,2,1,2,60.0,1,1,1.2,1,0,0,0,0,1758
3199,26-100,1,2,1,0,60.0,1,1,1.3,1,0,0,0,0,1758
3203,1-25,1,2,1,0,60.0,1,1,0.3,1,0,0,0,0,1758
3205,26-100,1,2,1,0,60.0,1,1,1.7,1,0,0,0,0,1758
3206,1-25,1,2,1,2,60.0,1,0,1.5,1,18,3,3,3,1709
3209,101-500,1,2,1,0,60.0,1,1,0.3,1,0,0,0,0,0
3214,1-25,1,2,1,1,60.0,1,0,1.2,1,0,1,1,0,1758
3218,26-100,1,2,1,3,60.0,1,1,2.0,1,0,0,0,0,1757
3220,1-25,1,2,1,1,60.0,1,1,1.7,1,0,0,0,0,1758
3221,1-25,1,2,1,0,60.0,0,1,2.0,1,0,0,0,0,1758
3223,26-100,0,2,1,1,60.0,0,1,0.1,1,0,0,0,0,1758
3225,1-25,1,2,1,1,60.0,1,0,1.4,1,1,1,1,1,0
3226,26-100,1,2,1,0,60.0,1,1,1.7,1,0,0,0,0,1757
3228,26-100,1,2,1,1,60.0,1,0,117.6,1,0,0,0,0,1757
3229,1-25,1,2,1,3,60.0,0,0,0.0,1,0,0,0,0,1757
3238,26-100,1,2,1,1,60.0,1,0,11.8,1,1,1,1,1,1757
3241,26-100,0,2,1,0,60.0,0,1,0.6,1,0,0,0,0,1757
3242,1-25,1,2,1,5,60.0,1,1,0.1,1,0,0,0,0,1754
3249,26-100,1,2,1,2,60.0,1,0,0.1,1,0,0,1,0,1753
3250,26-100,1,2,1,1,60.0,1,0,1.2,1,0,1,1,0,1754
3251,101-500,1,2,1,4,60.0,0,1,0.0,1,0,0,0,0,1754
3257,1-25,1,2,1,1,60.0,0,0,1.2,1,0,0,1,0,1753
3258,26-100,1,2,1,1,60.0,1,0,1.2,1,0,0,1,0,1753
3261,101-500,1,2,1,0,60.0,1,1,1.8,1,0,0,2,0,1754
3263,101-500,1,2,1,0,60.0,1,1,4.3,4,0,0,1,0,1753
3264,26-100,1,2,1,0,60.0,1,0,1.2,1,3,1,1,1,1454
3265,26-100,1,2,1,0,60.0,1,1,0.0,1,2,1,1,1,1753
3266,26-100,1,2,1,0,60.0,1,0,0.0,1,0,0,0,0,1754
3267,1-25,1,2,1,0,60.0,1,0,1.2,1,0,0,0,0,1754
3268,101-500,0,2,1,0,60.0,0,1,0.3,1,0,0,0,0,1754
3269,26-100,1,2,1,0,60.0,1,1,1.2,1,0,0,0,0,1754
3270,26-100,1,2,1,0,60.0,0,1,1.2,1,0,0,0,0,1754
3271,101-500,1,2,1,0,60.0,1,0,13.2,2,0,0,0,0,1753
3272,1-25,1,2,1,0,60.0,0,0,23.6,2,0,0,0,0,1753
3273,1-25,0,2,1,0,60.0,0,0,0.0,1,0,0,0,0,1753
3275,1-25,1,2,1,1,60.0,0,0,0.1,1,0,0,0,0,1753
3277,26-100,1,2,1,1,60.0,0,0,2.3,1,0,0,0,0,1753
3279,1-25,0,2,1,0,60.0,0,0,1.2,2,0,0,0,0,0
3280,26-100,1,2,1,3,60.0,1,0,0.9,1,4,1,1,2,1753
3281,26-100,1,2,1,0,60.0,1,0,0.9,1,0,0,0,0,1753
3282,26-100,1,2,1,0,60.0,1,0,2.7,1,0,0,0,0,1753
3283,101-500,1,2,1,0,60.0,1,0,3.6,3,0,0,0,0,1753
3284,1-25,1,2,1,0,60.0,1,1,1.2,1,0,0,0,0,1753
3285,26-100,1,2,1,0,60.0,0,0,1.2,1,0,0,0,0,1753
3286,26-100,0,2,1,0,60.0,0,1,0.1,1,0,0,0,0,1753
3288,1-25,1,2,1,1,60.0,0,0,0.1,1,0,0,0,0,1753
3289,26-100,1,2,1,1,60.0,0,0,1.6,1,0,1,1,0,1753
3291,101-500,1,2,1,0,60.0,1,0,2.4,2,3,1,1,1,1753
3292,26-100,1,2,1,1,60.0,1,0,1.2,1,0,0,0,0,1753
3293,101-500,1,2,1,0,60.0,1,1,1.2,1,1,1,1,1,1753
3294,1-25,1,2,1,0,60.0,1,1,4.0,3,0,0,0,0,1753
3297,1-25,0,1,1,0,60.0,0,0,20.3,6,0,0,0,0,0
3298,1-25,1,2,1,0,60.0,1,0,2.4,2,0,0,0,0,1753
3299,26-100,1,2,1,0,60.0,1,0,0.0,1,0,0,0,0,1753
3303,26-100,1,2,1,0,60.0,1,1,11.8,1,1,1,1,1,1753
3304,26-100,1,2,1,0,60.0,1,0,1.4,1,0,0,0,0,1753
3305,26-100,1,2,1,0,60.0,1,1,13.9,1,3,1,1,2,1753
3306,101-500,1,2,1,0,60.0,0,0,0.2,1,0,0,0,0,1753
3307,101-500,0,2,1,0,60.0,0,1,13.9,1,0,0,0,0,1753
3308,101-500,0,2,1,0,60.0,0,1,0.6,1,0,0,0,0,1753
3309,26-100,0,2,1,0,60.0,0,1,0.6,1,0,0,0,0,1753
3310,26-100,0,2,1,0,60.0,0,0,2.3,1,0,0,0,0,1753
3311,101-500,0,2,1,0,60.0,0,0,2.3,1,0,0,0,0,1753
3312,26-100,0,2,1,0,60.0,0,0,2.3,1,0,0,0,0,1753
3313,500-1000,0,2,1,0,60.0,0,0,2.3,1,0,0,0,0,1753
3314,26-100,0,2,1,0,60.0,0,1,1.4,1,0,0,0,0,1753
3315,26-100,0,2,1,0,60.0,0,0,2.3,1,0,0,0,0,1753
3316,1-25,0,2,1,0,60.0,0,1,0.6,1,0,0,0,0,1753
3317,26-100,1,2,1,1,60.0,0,0,2.4,2,178,1,1,0,1750
3318,1-25,1,2,1,1,60.0,0,1,0.1,1,0,0,0,0,1752
3320,1-25,1,2,1,1,60.0,0,0,2.3,1,0,0,0,0,1752
3322,101-500,1,2,1,1,60.0,0,0,235.3,1,0,0,0,0,1752
3324,1-25,0,2,1,1,60.0,0,1,13.9,1,1,2,2,0,1752
3325,1-25,1,2,1,1,60.0,1,0,123.5,1,0,0,0,0,1752
3327,26-100,1,2,1,0,60.0,1,1,1.2,1,0,0,0,0,1752
3328,26-100,1,2,1,1,60.0,0,1,52.9,1,0,0,0,0,1752
3329,26-100,1,2,1,0,60.0,0,0,1.2,1,0,0,0,0,1752
3330,26-100,1,2,1,0,60.0,1,1,11.8,1,0,0,0,0,1752
3332,1-25,1,2,1,0,60.0,1,1,109.0,1,0,0,0,0,1752
3333,1-25,1,2,1,0,60.0,1,0,82.4,1,0,0,0,0,1752
3334,1-25,1,2,1,0,60.0,1,0,13.0,2,6,1,1,1,1752
3336,26-100,0,2,1,0,60.0,0,1,0.1,1,0,0,0,0,1750
3337,26-100,1,2,1,0,60.0,0,1,138.8,1,0,0,0,0,1750
3339,26-100,0,2,1,0,60.0,0,1,138.8,1,0,0,0,0,1750
3340,26-100,1,2,1,0,60.0,0,0,2.3,1,0,0,0,0,1750
3341,101-500,1,2,1,0,60.0,1,0,11.8,1,0,0,0,0,1750
3342,101-500,1,2,1,0,60.0,1,1,13.2,2,0,0,0,0,1750
3343,26-100,1,2,1,0,60.0,0,0,41.2,2,0,0,0,0,1750
3344,26-100,1,2,1,0,60.0,0,1,27.8,2,0,0,0,0,1750
3345,1-25,1,2,1,0,60.0,0,1,0.3,1,0,0,0,0,1750
3346,26-100,0,2,1,0,60.0,0,1,0.0,1,0,0,0,0,1747
3347,1-25,0,2,1,0,60.0,0,1,0.3,1,0,0,0,0,1747
3348,1-25,0,2,1,0,60.0,0,1,0.3,1,0,0,0,0,1747
3349,1-25,0,2,1,0,60.0,0,1,0.3,1,0,0,0,0,1747
3350,1-25,0,2,1,0,60.0,0,1,0.3,1,0,0,0,0,1747
3351,1-25,0,2,1,0,60.0,0,1,0.3,1,0,0,0,0,1746
3352,1-25,1,2,1,0,60.0,0,1,0.3,1,0,0,0,0,1746
3353,1-25,1,2,1,0,60.0,0,1,138.8,1,0,0,0,0,1744
3354,1-25,1,2,1,0,60.0,0,1,138.8,1,0,0,0,0,1743
3355,1-25,1,2,1,0,60.0,0,1,138.8,1,0,0,0,0,1743
3356,1-25,1,2,1,0,60.0,0,1,138.8,1,0,0,0,0,1743
3357,1-25,1,2,1,0,60.0,0,1,138.8,1,0,0,0,0,1743
3358,1-25,1,2,1,0,60.0,0,1,138.8,1,0,0,0,0,1743
3359,1-25,1,2,1,0,60.0,0,1,138.8,1,0,0,0,0,1743
3360,1-25,1,2,1,0,60.0,0,1,138.8,1,0,0,0,0,1743
3361,1-25,1,2,1,0,60.0,0,1,138.8,1,0,0,0,0,1743
3362,1-25,1,2,1,0,60.0,0,1,138.8,1,0,0,0,0,1743
3363,1-25,1,2,1,0,60.0,0,1,138.8,1,0,0,0,0,1743
3364,26-100,0,2,1,0,60.0,0,1,0.1,1,0,0,0,0,0
3365,26-100,0,2,1,0,60.0,0,1,0.0,1,3,1,1,0,1743
3366,1-25,1,2,1,0,60.0,0,1,138.8,1,0,0,0,0,1743
3367,1-25,0,2,1,0,60.0,0,1,0.3,1,0,0,0,0,1743
3368,1-25,1,2,1,0,60.0,0,1,588.2,1,0,0,0,0,0
3369,1-25,1,2,1,0,60.0,0,1,588.2,1,0,0,0,0,1739
3370,1-25,1,2,1,0,60.0,0,1,588.2,1,0,0,0,0,1739
3371,1-25,1,2,1,0,60.0,0,1,588.2,1,0,0,0,0,1739
3372,26-100,1,2,1,0,60.0,1,1,1.4,1,0,0,0,0,1739
3373,1-25,0,2,1,0,60.0,0,1,3.7,2,0,0,0,0,1739
3374,26-100,1,2,1,0,60.0,0,0,2.3,1,0,0,0,0,1739
3375,26-100,1,2,1,0,60.0,0,0,1.2,1,0,0,0,0,1739
3376,1-25,1,2,1,0,60.0,1,1,138.8,1,0,0,0,0,1739
3377,26-100,1,2,1,0,60.0,0,1,1.2,1,0,0,0,0,1739
3378,1-25,1,2,1,0,60.0,1,1,117.6,1,0,0,0,0,0
3379,1-25,1,2,1,0,60.0,1,1,117.6,1,0,0,0,0,1738
3380,1-25,1,2,1,0,60.0,1,1,117.6,1,0,0,0,0,1738
3381,1-25,1,2,1,0,60.0,1,1,117.6,1,0,0,0,0,0
3382,1-25,1,2,1,0,60.0,1,1,120.3,4,0,0,0,0,1738
3383,1-25,1,2,1,0,60.0,1,1,1.2,1,0,0,0,0,1738
3384,1-25,0,2,1,1,60.0,0,1,13.1,2,5,1,1,0,1738
3389,101-500,1,2,1,0,60.0,1,0,11.8,1,0,0,0,0,1736
3390,26-100,1,2,1,0,60.0,0,0,2.3,1,0,0,0,0,1736
3394,26-100,0,2,1,1,60.0,0,1,16.2,2,53,2,2,1,1729
3395,1-25,1,2,1,0,60.0,0,1,0.0,1,0,0,0,0,1733
3396,1-25,1,2,1,0,60.0,0,1,0.0,1,0,0,0,0,1733
3397,1-25,1,2,1,0,60.0,0,1,0.0,1,0,0,0,0,1733
3400,1-25,0,2,1,0,60.0,0,1,0.3,1,0,0,0,0,1731
3401,26-100,1,1,1,0,60.0,0,0,4.1,2,0,0,0,0,1731
3402,26-100,0,2,1,0,60.0,0,0,2.3,1,0,0,0,0,1731
3403,101-500,0,2,1,0,60.0,0,0,2.3,1,0,0,0,0,1731
3404,26-100,0,2,1,0,60.0,0,1,13.9,1,0,0,0,0,1731
3405,1-25,0,2,1,0,60.0,0,0,2.3,1,0,0,0,0,1731
3406,26-100,0,2,1,0,60.0,0,1,0.0,1,0,0,0,0,1731
3407,26-100,1,2,1,0,60.0,0,0,1.4,1,0,0,0,0,1731
3410,26-100,0,2,1,0,60.0,0,0,0.0,1,0,0,0,0,1729
3412,26-100,1,2,1,0,60.0,0,0,1.2,1,0,0,0,0,1727
3413,26-100,1,2,1,0,60.0,0,0,1.2,1,0,0,0,0,0
3414,26-100,1,2,1,0,60.0,0,0,1.2,1,0,0,0,0,1727
3415,26-100,1,2,1,0,60.0,0,0,1.2,1,2,1,1,0,1727
3417,1-25,1,2,1,0,60.0,0,1,13.9,1,4,2,6,1,1701
3418,1-25,1,2,1,0,60.0,0,1,138.8,1,0,0,0,0,1712
3419,1-25,1,2,1,0,60.0,0,1,588.2,1,0,0,0,0,1712
3420,1-25,1,2,1,0,60.0,1,1,138.8,1,0,0,0,0,1712
3424,26-100,0,2,1,0,60.0,0,1,1.3,1,0,0,0,0,1711
3425,1-25,1,2,1,0,60.0,0,1,5.9,1,0,0,0,0,1711
3427,1-25,0,2,1,0,60.0,0,1,1.4,1,0,0,0,0,1710
3428,1-25,0,2,1,0,60.0,0,1,1.4,1,0,0,0,0,1710
3429,26-100,1,2,1,0,60.0,0,0,2.3,1,0,0,0,0,1710
3430,1-25,1,2,1,1,60.0,0,1,58.8,1,0,0,0,0,1710
3431,26-100,0,2,1,0,60.0,0,1,1.4,1,0,0,0,0,1710
3432,26-100,0,2,1,0,60.0,0,1,1.4,1,0,0,0,0,1710
3433,1-25,1,2,1,0,60.0,0,1,1.4,1,0,0,0,0,1710
3435,101-500,1,2,1,0,60.0,1,1,0.6,1,0,0,0,0,1710
3436,1-25,0,2,1,0,60.0,0,1,1.4,1,0,0,0,0,1710
3437,26-100,1,2,1,0,60.0,1,1,10.4,1,0,0,0,0,1710
3438,1-25,0,2,1,0,60.0,0,1,1.4,1,0,0,0,0,1710
3439,1-25,0,2,1,0,60.0,0,1,1.3,1,0,0,0,0,1710
3440,1-25,0,2,1,0,60.0,0,1,1.4,1,0,0,0,0,1710
3441,1-25,1,2,1,0,60.0,0,1,1.3,1,0,0,0,0,1709
3442,1-25,0,2,1,0,60.0,0,1,9.6,1,0,0,0,0,1709
3443,26-100,1,2,1,0,60.0,1,1,0.1,1,0,0,0,0,1709
3444,1-25,1,2,1,0,60.0,0,0,0.6,1,0,0,0,0,1709
3445,1-25,1,2,1,0,60.0,1,0,0.6,1,0,0,0,0,1709
3446,26-100,1,2,1,0,60.0,0,0,2.3,1,0,0,0,0,1709
3447,500-1000,1,2,1,0,60.0,0,1,10.4,1,0,0,0,0,1709
3448,26-100,1,2,1,0,60.0,0,1,0.6,1,0,0,0,0,1709
3449,26-100,0,2,1,0,60.0,0,1,12.8,1,0,0,0,0,1709
3450,26-100,0,2,1,0,60.0,0,1,138.8,1,0,0,0,0,1708
3451,26-100,1,2,1,0,60.0,0,1,1.5,1,0,0,0,0,1708
3452,1-25,1,2,1,3,60.0,0,1,0.8,1,0,1,1,0,1690
3453,1-25,1,2,1,0,60.0,0,0,0.6,1,0,0,0,0,1708
3454,1-25,1,2,1,0,60.0,0,0,0.2,1,0,0,0,0,1705
3455,26-100,1,2,1,0,60.0,0,0,0.4,1,0,0,0,0,1705
3456,1-25,1,2,1,0,60.0,0,1,0.2,1,0,0,0,0,1705
3457,1-25,0,2,1,0,60.0,0,1,10.4,1,0,0,0,0,1702
3458,26-100,1,2,1,0,60.0,0,1,0.2,1,0,0,0,0,1705
3459,26-100,0,2,1,0,60.0,0,1,10.4,1,0,0,0,0,1705
3460,500-1000,1,2,1,0,60.0,0,1,0.2,1,0,0,0,0,1705
3461,26-100,1,2,1,0,60.0,0,0,0.8,2,0,0,0,0,1705
3462,1-25,1,2,1,0,60.0,0,0,0.2,1,0,0,0,0,1705
3463,26-100,1,2,1,0,60.0,1,0,4.4,3,0,0,0,0,1705
3464,101-500,1,2,1,0,60.0,0,1,1.8,1,0,0,0,0,1705
3466,1-25,0,2,1,0,60.0,0,1,0.1,1,0,0,0,0,1704
3467,1-25,1,2,1,0,60.0,0,1,0.1,1,0,0,0,0,1704
3468,26-100,0,2,1,0,60.0,0,1,11.9,2,0,0,0,0,1704
3469,26-100,0,2,1,0,60.0,0,0,2.3,1,0,0,0,0,1704
3470,26-100,1,2,1,0,60.0,0,1,9.6,1,0,0,0,0,1704
3472,101-500,1,2,1,0,60.0,0,1,1.6,1,0,0,0,0,1704
3473,1-25,1,2,1,0,60.0,0,1,1.9,1,0,0,0,0,1704
3476,26-100,1,2,1,0,60.0,0,1,0.6,1,0,0,0,0,1704
3478,26-100,0,2,1,1,60.0,0,1,0.6,1,0,0,0,0,1703
3481,1-25,1,2,1,0,60.0,0,1,10.4,1,0,0,0,0,1703
3482,26-100,0,2,1,0,60.0,0,0,2.3,1,0,0,0,0,1703
3483,26-100,1,2,1,0,60.0,0,0,1.2,1,0,0,0,0,1703
3484,26-100,1,2,1,0,60.0,0,1,1.4,1,0,0,0,0,1701
3492,26-100,1,2,1,0,60.0,0,0,2.3,1,0,0,0,0,1702
3498,26-100,1,2,1,0,60.0,0,1,2.4,1,0,0,0,0,1702
3499,26-100,1,2,1,3,60.0,0,0,2.3,1,6,1,1,2,1698
3500,101-500,1,2,1,0,60.0,0,1,2.8,1,0,0,0,0,1702
3501,1-25,1,2,1,0,60.0,0,0,2.3,1,0,0,0,0,1702
3502,26-100,1,2,1,1,60.0,0,1,138895.4,25,6,1,1,1,1613
3504,26-100,0,2,1,0,60.0,0,1,10.4,1,0,0,0,0,1702
3508,1-25,1,2,1,0,60.0,0,0,1.2,1,0,0,0,0,1702
3510,1-25,0,2,1,0,60.0,0,1,10.4,1,2,1,1,1,1702
3512,101-500,1,2,1,0,60.0,0,1,347.1,1,0,0,0,0,1701
3513,26-100,1,2,1,0,60.0,0,1,1.8,1,0,0,0,0,1701
3514,1-25,1,2,1,0,60.0,0,1,2.1,1,0,0,0,0,1696
3515,26-100,0,2,1,0,60.0,0,1,13.9,1,0,0,0,0,1701
3516,26-100,0,2,1,0,60.0,0,1,13.9,1,0,0,0,0,1701
3518,1-25,0,2,1,0,60.0,0,1,10.4,1,0,0,0,0,1701
3536,1-25,1,2,1,0,60.0,0,1,0.0,1,0,0,0,0,1697
3538,500-1000,0,2,1,0,60.0,0,1,13.9,1,0,0,0,0,1697
3549,101-500,0,2,1,0,60.0,0,1,12.8,1,0,0,0,0,1696
3550,26-100,0,2,1,0,60.0,0,1,14.9,1,0,0,0,0,1696
3551,1-25,0,2,1,0,60.0,0,1,14.9,1,0,0,0,0,1696
3552,26-100,0,2,1,0,60.0,0,1,14.9,1,0,0,0,0,1696
3553,26-100,0,2,1,0,60.0,0,1,117.6,1,0,0,0,0,1696
3554,26-100,0,2,1,1,60.0,0,1,832.8000000000001,6,0,0,0,0,1695
3555,1-25,0,2,1,0,60.0,0,1,0.0,1,0,1,1,0,1695
3557,1-25,1,2,1,0,60.0,0,1,13.9,1,0,0,0,0,1695
3558,26-100,0,2,1,0,60.0,0,1,13.9,1,0,0,0,0,1694
3560,101-500,1,2,1,0,60.0,0,1,10.4,1,0,0,0,0,1694
3561,1-25,0,2,1,0,60.0,0,1,0.3,1,0,0,0,0,1694
3562,101-500,0,2,1,0,60.0,0,1,13.9,1,0,0,0,0,1694
3563,26-100,0,2,1,0,60.0,0,1,138.8,1,0,0,0,0,1694
3564,500-1000,0,2,1,0,60.0,0,1,13.9,1,0,0,0,0,1694
3565,101-500,0,2,1,0,60.0,0,1,13.9,1,0,0,0,0,1694
3566,26-100,0,2,1,0,60.0,0,1,138.8,1,0,0,0,0,1694
3567,26-100,0,2,1,0,60.0,0,1,1.4,1,0,0,0,0,1694
3568,1-25,1,2,1,0,60.0,0,1,0.0,1,0,0,0,0,0
3569,26-100,0,2,1,0,60.0,0,1,1.4,1,0,0,0,0,1694
3570,1-25,0,2,1,0,60.0,0,1,138.8,1,0,0,0,0,1694
3571,1-25,0,2,1,0,60.0,0,1,1.4,1,0,0,0,0,1694
3572,26-100,0,2,1,0,60.0,0,1,13.9,1,0,0,0,0,1694
3573,1-25,0,2,1,0,60.0,0,1,13.9,1,0,0,0,0,1694
3574,26-100,0,2,1,0,60.0,0,1,138.8,1,0,0,0,0,1694
3575,101-500,0,2,1,0,60.0,0,1,13.9,1,0,0,0,0,1694
3576,26-100,1,2,1,0,60.0,0,1,13.9,1,0,0,0,0,1694
3577,1-25,1,2,1,0,60.0,1,1,13.9,1,0,0,0,0,1694
3578,1-25,1,2,1,0,60.0,0,1,13.9,1,0,0,0,0,1694
3579,1-25,0,2,1,0,60.0,0,1,0.3,1,0,0,0,0,1694
3580,1-25,0,2,1,0,60.0,0,1,0.3,1,0,0,0,0,1694
3581,1-25,0,2,1,0,60.0,0,1,0.3,1,0,0,0,0,1693
3597,26-100,1,2,1,0,60.0,1,1,11.8,1,0,0,0,0,1691
3598,26-100,1,2,1,0,60.0,1,1,5.9,1,0,0,0,0,1691
3599,1-25,1,2,1,0,60.0,0,1,138.8,1,0,0,0,0,1691
3600,26-100,1,2,1,0,60.0,1,1,5.9,1,0,0,0,0,1691
3601,1-25,0,2,1,0,60.0,0,1,12.7,2,0,0,0,0,1691
3602,101-500,0,2,1,0,60.0,0,1,10.4,1,0,0,0,0,1691
3603,1-25,1,2,1,0,60.0,0,1,138.8,1,0,0,0,0,1691
3604,26-100,1,2,1,0,60.0,0,1,5.9,1,0,0,0,0,1691
3605,26-100,0,2,1,0,60.0,0,1,138.8,1,0,1,1,0,1690
3606,1-25,1,2,1,0,60.0,0,1,138.8,1,0,0,0,0,1691
3607,1-25,1,2,1,0,60.0,0,1,138.8,1,0,0,0,0,1691
3608,26-100,1,2,1,0,60.0,0,1,2.4,1,0,0,0,0,1691
3609,1-25,1,2,1,0,60.0,0,1,138.8,1,0,0,0,0,1691
3610,1-25,0,2,1,0,60.0,0,1,0.3,1,0,0,0,0,1691
3611,26-100,1,2,1,0,60.0,0,1,0.2,1,0,0,0,0,1691
3612,26-100,1,2,1,0,60.0,0,1,1.2,1,0,0,0,0,1691
3613,1-25,1,2,1,0,60.0,0,1,11.8,1,0,0,0,0,1691
3614,26-100,1,2,1,0,60.0,0,0,1.2,1,0,0,0,0,1691
3615,26-100,1,2,1,1,60.0,0,0,2.3,1,0,0,0,0,1690
3616,26-100,1,2,1,0,60.0,0,1,1.4,1,0,0,0,0,1691
3617,26-100,1,2,1,0,60.0,0,0,1.2,1,0,0,0,0,1691
3618,26-100,0,2,1,0,60.0,0,0,2.3,1,0,0,0,0,1691
3619,26-100,1,2,1,0,60.0,0,1,3.7,2,0,0,0,0,1691
3620,26-100,1,2,1,0,60.0,0,0,1.2,1,0,0,0,0,1691
3621,1-25,1,2,1,0,60.0,0,0,1.2,1,0,0,0,0,1691
3622,101-500,1,2,1,0,60.0,1,1,235.3,1,0,0,0,0,1691
3624,26-100,1,2,1,0,60.0,0,1,277.6,1,0,0,0,0,1691
3625,26-100,0,2,1,0,60.0,0,1,10.4,1,0,0,0,0,1691
3626,1-25,1,2,1,1,60.0,0,1,142.4,3,0,0,0,0,1690
3628,26-100,1,2,1,0,60.0,0,1,34719.8,2,0,0,0,0,1684
3629,1-25,1,2,1,1,60.0,0,1,1.4,1,0,0,0,0,1690
3631,26-100,1,2,1,1,60.0,0,1,34747.8,5,0,0,0,0,1684
3632,1-25,0,2,1,0,60.0,0,0,2.3,1,0,0,0,0,1690
3634,1-25,0,2,1,0,60.0,0,1,2.6,2,0,0,0,0,1690
3635,26-100,0,2,1,0,60.0,0,1,138.8,1,3,1,1,3,1690
3636,26-100,0,2,1,0,60.0,0,1,0.6,1,0,0,0,0,1690
3637,1-25,0,2,1,0,60.0,0,1,0.0,1,0,0,0,0,1690
3638,26-100,0,2,1,0,60.0,0,1,15.1,2,0,0,0,0,1690
3639,101-500,1,2,1,0,60.0,0,0,2.3,1,0,0,0,0,1690
3640,26-100,1,2,1,0,60.0,0,1,1.2,1,0,0,0,0,1690
3641,1-25,1,2,1,0,60.0,1,1,1.4,1,0,0,0,0,1690
3642,101-500,1,2,1,0,60.0,0,1,6.9,1,0,0,0,0,0
3643,26-100,1,2,1,0,60.0,0,1,138.8,1,0,0,0,0,1690
3647,101-500,1,2,1,0,60.0,0,1,34705.9,1,0,0,0,0,1684
3648,1-25,0,2,1,0,60.0,0,0,3.5,2,0,0,1,0,1690
3649,1-25,0,2,1,0,60.0,0,1,15.3,2,0,0,0,0,1690
3650,1-25,1,2,1,0,60.0,1,0,1.2,1,0,0,0,0,1690
3651,26-100,1,2,1,0,60.0,1,0,1.2,1,0,0,0,0,1690
3652,101-500,1,2,1,0,60.0,1,0,2.4,2,0,0,0,0,1690
3653,26-100,1,2,1,0,60.0,0,1,1.4,1,0,0,0,0,1690
3654,26-100,1,2,1,0,60.0,0,1,2.9,3,0,0,0,0,1690
3655,1-25,0,2,1,0,60.0,0,1,14.6,3,0,0,0,0,1690
3656,101-500,0,2,1,0,60.0,0,1,3.7,2,0,0,0,0,1690
3658,101-500,1,2,1,0,60.0,1,0,1.2,1,0,0,0,0,1690
3659,26-100,1,2,1,0,60.0,1,1,16.0,2,0,0,0,0,1687
3660,26-100,0,2,1,0,60.0,0,1,1.4,1,0,0,0,0,1687
3663,1-25,1,2,1,0,60.0,1,0,1.2,1,0,0,0,0,1687
3664,26-100,0,2,1,0,60.0,0,1,34705.9,1,0,0,0,0,1687
3665,26-100,0,2,1,0,60.0,0,1,138.8,1,0,0,0,0,1684
3666,26-100,1,2,1,0,60.0,0,0,1.2,1,0,0,0,0,1687
3667,26-100,1,2,1,0,60.0,0,1,1.8,1,0,0,0,0,1687
3668,1-25,1,2,1,0,60.0,0,1,138.8,1,0,0,0,0,1687
3669,1-25,1,2,1,0,60.0,0,1,2.1,1,0,0,0,0,1687
3670,26-100,1,2,1,0,60.0,0,1,1.8,1,0,0,0,0,1687
3671,26-100,1,2,1,0,60.0,0,1,2.1,1,0,0,0,0,1687
3672,101-500,1,2,1,0,60.0,1,1,1.8,1,0,0,0,0,1687
3673,26-100,1,2,1,0,60.0,1,1,1.8,1,0,0,0,0,1687
3674,26-100,1,2,1,0,60.0,1,1,2.1,1,0,0,0,0,1687
3675,1-25,1,2,1,0,60.0,1,1,2.1,1,0,0,0,0,1687
3676,1-25,1,2,1,0,60.0,1,1,0.1,1,0,0,0,0,1687
3677,1-25,0,2,1,0,60.0,0,1,0.1,1,0,0,0,0,1684
3678,26-100,1,2,1,13,60.0,0,1,208452.3,33,485,27,92,215,1453
3681,1-25,1,2,1,0,60.0,0,0,0.0,1,0,0,0,0,1683
3682,26-100,1,2,1,0,60.0,1,0,0.0,1,0,0,0,0,1683
3683,1-25,1,2,1,0,60.0,1,1,8235.3,1,0,0,0,0,1683
3684,1-25,1,2,1,0,60.0,0,1,9717.6,1,0,0,0,0,1683
3685,26-100,1,2,1,0,60.0,1,1,16.7,2,0,0,0,0,1683
3688,26-100,1,2,1,0,60.0,1,1,1.4,1,0,0,0,0,1683
3689,26-100,1,2,1,0,60.0,1,1,1.2,1,0,0,0,0,1683
3690,26-100,1,2,1,0,60.0,0,1,1.4,1,0,0,0,0,1683
3691,26-100,1,2,1,0,60.0,1,0,0.0,1,0,0,0,0,1683
3692,500-1000,1,2,1,0,60.0,0,1,20.8,1,0,0,0,0,1683
3693,26-100,1,2,1,0,60.0,1,1,1.4,1,0,0,0,0,1683
3694,101-500,0,2,1,0,60.0,0,1,0.0,1,0,0,0,0,1683
3695,26-100,1,2,1,0,60.0,1,1,1.4,1,0,0,0,0,1683
3696,101-500,1,2,1,0,60.0,1,1,1.4,1,0,0,0,0,1683
3698,1-25,1,2,1,0,60.0,1,1,1.2,1,0,0,0,0,1683
3699,1-25,1,2,1,0,60.0,1,1,1.2,1,0,0,0,0,0
3700,1-25,1,2,1,0,60.0,1,1,1.2,1,0,0,0,0,1148
3702,26-100,1,2,1,0,60.0,1,0,1.2,1,0,0,0,0,1148
3705,1-25,1,2,1,0,60.0,1,0,1.2,1,0,0,0,0,1682
3706,101-500,1,2,1,0,60.0,1,0,1.3,2,0,0,0,0,1682
3707,1-25,1,2,1,0,60.0,1,0,1.2,1,0,0,0,0,1682
3708,101-500,1,2,1,1,60.0,0,1,383.8,12,0,0,0,0,1661
3709,26-100,1,2,1,0,60.0,0,1,1.2,1,0,0,0,0,1682
3711,26-100,1,2,1,0,60.0,0,1,1.4,1,0,0,0,0,1682
3712,26-100,0,2,1,0,60.0,0,1,34708.0,2,0,0,0,0,1682
3713,1-25,1,2,1,2,60.0,0,1,6.9,2,0,0,0,0,1682
3715,101-500,1,2,1,1,60.0,1,0,2.4,2,0,0,0,0,1682
3717,1-25,1,2,1,1,60.0,0,0,11.7,7,0,0,0,0,1676
3719,26-100,1,2,1,0,60.0,0,0,0.0,1,0,0,0,0,1682
3720,26-100,1,2,1,0,60.0,1,0,0.0,1,0,0,0,0,1682
3721,26-100,1,2,1,1,60.0,0,0,0.0,1,0,0,0,0,1682
3723,1-25,1,2,1,0,60.0,0,1,12.7,2,0,0,0,0,1681
3724,101-500,0,2,1,1,60.0,0,0,34705.9,1,16,1,4,9,1661
3725,101-500,1,2,1,0,60.0,0,0,1.2,1,0,0,0,0,1681
3726,101-500,1,2,1,0,60.0,0,1,5.9,1,0,0,0,0,1681
3727,1-25,1,2,1,0,60.0,0,0,0.6,1,0,0,0,0,1681
3728,26-100,0,2,1,0,60.0,0,0,34705.9,1,0,0,0,0,1681
3729,26-100,0,2,1,0,60.0,0,1,0.0,1,0,0,0,0,1681
3730,1-25,0,2,1,0,60.0,0,1,0.0,1,0,0,0,0,0
3731,101-500,0,2,1,0,60.0,0,0,2.3,2,0,0,0,0,0
3732,1-25,0,2,1,0,60.0,0,0,12.7,2,0,0,0,0,0
3733,1-25,1,2,1,0,60.0,0,0,17.6,2,0,0,0,0,0
3734,1-25,1,2,1,0,60.0,1,0,1.2,1,0,0,0,0,1681
3735,26-100,0,2,1,1,60.0,0,1,0.0,1,0,0,0,0,1680
3737,26-100,1,2,1,0,60.0,0,1,1.4,1,0,0,0,0,1681
3738,26-100,1,2,1,0,60.0,0,1,55.5,1,0,0,0,0,1681
3739,1-25,1,2,1,0,60.0,0,1,58.8,1,0,0,0,0,1681
3740,1-25,0,2,1,0,60.0,0,1,0.3,1,0,0,0,0,1681
3742,1-25,0,2,1,1,60.0,0,1,13.9,2,0,0,0,0,1680
3743,1-25,0,2,1,0,60.0,0,1,34.7,2,0,0,0,0,1680
3745,1-25,0,2,1,0,60.0,0,1,76.4,2,0,0,0,0,1680
3746,1-25,1,1,1,0,60.0,0,1,375.0,5,0,0,0,0,1680
3747,1-25,0,2,1,0,60.0,0,0,176.5,2,0,0,0,0,1680
3748,1-25,0,2,1,0,60.0,0,1,0.3,1,0,0,0,0,1680
3749,1-25,0,2,1,0,60.0,0,1,0.0,1,0,0,0,0,1680
3750,1-25,0,2,1,0,60.0,0,1,0.3,1,0,0,0,0,1680
3751,1-25,0,2,1,0,60.0,0,1,0.0,1,0,0,0,0,0
3752,1-25,0,2,1,0,60.0,0,1,0.0,1,0,0,0,0,0
3753,1-25,0,2,1,0,60.0,0,1,0.3,1,0,0,0,0,1680
3754,1-25,1,2,1,1,60.0,0,0,2.3,2,0,0,0,0,1680
3759,101-500,1,2,1,0,60.0,1,0,4.1,2,0,0,0,0,1680
3760,1-25,0,2,1,0,60.0,0,1,0.3,1,0,0,0,0,1680
3761,26-100,1,2,1,1,60.0,1,1,327.6,4,0,0,0,0,1667
3763,26-100,1,2,1,2,60.0,0,1,3.8,2,0,0,0,0,1680
3765,26-100,0,2,1,1,60.0,0,1,16.2,2,0,0,0,0,1668
3766,1-25,0,2,1,0,60.0,0,1,5.9,2,0,0,0,0,1680
3767,1-25,1,2,1,0,60.0,0,1,138.8,1,0,0,0,0,1680
3768,26-100,1,2,1,1,60.0,0,1,1.2,1,0,0,0,0,0
3771,101-500,1,2,1,1,60.0,0,1,39.8,4,0,0,0,0,1680
3774,1-25,1,2,1,0,60.0,1,0,1.2,1,0,0,0,0,1680
3775,101-500,0,2,1,1,60.0,0,0,2.3,1,0,0,0,0,1680
3777,1-25,1,2,1,6,60.0,0,0,3.5,2,0,0,0,0,1677
3779,101-500,1,2,1,1,60.0,0,1,1.2,1,0,0,0,0,0
3783,26-100,1,2,1,1,60.0,0,1,6.8,3,0,0,0,0,1680
3787,26-100,1,2,1,1,60.0,0,0,1.6,1,0,0,0,0,1680
3793,1-25,0,2,1,0,60.0,0,0,2.4,2,0,0,0,0,0
3794,1-25,1,2,1,1,60.0,0,0,2.3,2,0,0,0,0,1680
3795,1-25,1,2,1,0,60.0,0,1,2.3,2,0,0,0,0,0
3797,26-100,1,2,1,1,60.0,0,1,1.4,1,0,0,0,0,1680
3798,26-100,1,2,1,0,60.0,0,1,3.5,1,0,0,0,0,1680
3800,1-25,0,2,1,0,60.0,1,0,0.0,1,0,0,0,0,0
3801,1-25,0,2,1,0,60.0,1,0,0.0,1,0,0,0,0,0
3802,500-1000,0,2,1,0,60.0,0,1,10.4,1,0,0,0,0,1677
3803,1-25,1,2,1,1,60.0,1,0,30.6,3,0,0,0,0,1677
3805,101-500,1,2,1,2,60.0,0,0,24.7,2,0,0,0,0,1676
3806,500-1000,1,2,1,0,60.0,0,1,34716.3,2,0,0,0,0,1677
3811,26-100,1,2,1,0,60.0,0,0,29.4,2,0,0,0,0,1677
3812,1-25,1,2,1,1,60.0,0,0,55.4,9,0,0,0,0,1677
3816,500-1000,1,2,1,0,60.0,0,1,13.3,2,0,0,0,0,1677
3818,1-25,0,2,1,0,60.0,0,1,0.0,1,0,0,0,0,1677
3819,1-25,1,1,1,0,60.0,1,0,27.200000000000003,5,0,0,0,0,1677
3824,1-25,0,2,1,0,60.0,0,1,0.4,2,0,0,0,0,1677
3825,26-100,1,2,1,1,60.0,0,0,3.5,2,0,0,0,0,1676
3827,1-25,1,2,1,0,60.0,0,0,2.3,1,0,0,0,0,1677
3828,26-100,0,2,1,0,60.0,1,0,3.5,3,0,0,0,0,1676
3829,1-25,1,2,1,1,60.0,0,0,7.2,4,0,0,0,0,1677
3831,1-25,1,2,1,0,60.0,0,1,138.8,1,0,0,0,0,1677
3834,26-100,0,2,1,0,60.0,0,0,0.0,1,0,0,0,0,0
3835,1-25,0,2,1,0,60.0,0,0,0.0,1,0,0,0,0,0
3836,1-25,0,2,1,0,60.0,0,0,0.6,2,0,0,0,0,1676
3837,1-25,0,2,1,1,60.0,0,1,0.0,1,0,0,0,0,1676
3839,26-100,1,2,1,0,60.0,0,1,34711.3,7,0,0,0,0,1676
3840,101-500,1,2,1,0,60.0,0,1,3.8,5,0,0,0,0,1676
3841,1-25,0,2,1,0,60.0,0,1,3.8,6,0,0,0,0,1676
3842,500-1000,1,2,1,1,60.0,0,1,9.8,5,0,0,0,0,1676
3844,101-500,0,2,1,0,60.0,0,1,12.1,7,0,0,0,0,1667
3845,1-25,0,2,1,0,60.0,0,0,0.0,1,0,0,0,0,0
3846,101-500,1,2,1,1,60.0,0,1,34711.700000000004,9,0,0,0,0,1675
3847,1-25,0,2,1,0,60.0,0,0,0.2,3,0,0,0,0,0
3848,1-25,0,2,1,1,60.0,0,1,5.199999999999999,6,0,0,0,0,1676
3852,26-100,0,2,1,0,60.0,0,0,2.3,1,0,0,0,0,1675
3853,26-100,1,2,1,0,60.0,0,0,23.5,1,0,0,0,0,1675
3854,26-100,1,2,1,0,60.0,0,1,23.5,1,0,0,0,0,1675
3855,1-25,0,2,1,0,60.0,0,1,1.4,1,0,0,0,0,1675
3856,1-25,0,2,1,0,60.0,0,1,0.0,1,0,0,0,0,1675
3857,26-100,0,2,1,0,60.0,0,1,2.0,2,0,0,0,0,1675
3858,101-500,0,2,1,0,60.0,0,1,11.0,2,0,0,0,0,1675
3859,26-100,0,2,1,1,60.0,0,1,10.4,1,0,0,0,0,1675
3860,26-100,0,2,1,0,60.0,0,0,2.3,1,0,0,0,0,1675
3861,26-100,1,2,1,1,60.0,0,1,7.799999999999999,5,5,1,1,4,1675
3862,1-25,0,2,1,0,60.0,0,1,20.8,2,0,0,0,0,1675
3863,1-25,0,2,1,0,60.0,0,0,0.0,1,0,0,0,0,0
3864,26-100,1,2,1,0,60.0,0,0,11.8,1,0,0,0,0,1675
3866,26-100,1,2,1,0,60.0,0,1,11.8,1,0,0,0,0,0
3867,26-100,1,2,1,0,60.0,0,1,11.8,1,0,0,0,0,1675
3868,1-25,0,2,1,0,60.0,0,0,0.0,1,0,0,0,0,0
3869,101-500,0,2,1,0,60.0,0,1,11.8,2,0,0,0,0,1675
3870,101-500,0,2,1,1,60.0,0,1,2.8,2,0,0,0,0,1675
3871,500-1000,0,2,1,0,60.0,0,1,36.1,2,0,0,0,0,1675
3872,101-500,0,2,1,0,60.0,0,1,69.4,2,0,0,0,0,1675
3875,26-100,1,2,1,0,60.0,0,1,1.2,1,0,0,0,0,1675
3876,26-100,1,2,1,0,60.0,0,0,1.2,1,0,0,0,0,1675
3877,26-100,1,2,1,0,60.0,0,1,1.2,1,0,0,0,0,1675
3878,26-100,0,2,1,0,60.0,0,1,34.7,1,0,0,0,0,1675
3879,26-100,0,2,1,0,60.0,0,0,2.3,1,0,0,0,0,1675
3880,101-500,1,2,1,0,60.0,0,1,35.300000000000004,2,0,0,0,0,1675
3882,500-1000,1,2,1,0,60.0,0,1,34707.3,2,0,0,0,0,1675
3883,26-100,0,2,1,1,60.0,0,1,0.1,1,0,0,0,0,1675
3884,26-100,1,2,1,1,60.0,0,0,1.2,1,0,0,0,0,1675
3887,101-500,1,2,1,0,60.0,0,1,1.2,1,0,0,0,0,1675
3888,101-500,1,2,1,1,60.0,1,1,1.4,1,0,0,0,0,1675
3890,26-100,0,2,1,0,60.0,0,0,2.3,1,0,0,0,0,1675
3891,26-100,1,2,1,1,60.0,0,0,1.2,1,0,0,0,0,1675
3892,26-100,1,2,1,0,60.0,0,0,1.2,1,0,0,0,0,1675
3894,1-25,0,2,1,0,60.0,0,1,1.4,1,0,0,0,0,1674
3895,26-100,1,2,1,1,60.0,0,1,3.2,4,0,0,0,0,1674
3897,26-100,0,2,1,1,60.0,0,0,16.7,9,3,1,1,1,1667
3898,26-100,1,1,1,1,60.0,0,1,34730.600000000006,12,0,0,0,0,1667
3899,26-100,0,2,1,0,60.0,0,1,34.7,1,0,0,0,0,1674
3900,101-500,1,2,1,1,60.0,0,1,34708.700000000004,3,0,0,0,0,1674
3901,26-100,0,2,1,0,60.0,0,0,2.3,1,0,0,0,0,1667
3902,26-100,1,2,1,1,60.0,0,0,10.1,5,1,1,1,0,1668
3905,26-100,0,2,1,0,60.0,0,1,34.7,1,0,0,0,0,1674
3906,26-100,1,2,1,1,60.0,0,1,34734.6,22,0,0,0,0,1667
3907,500-1000,0,2,1,0,60.0,0,1,1.5,2,0,0,0,0,1674
3910,101-500,0,2,1,0,60.0,0,1,11.8,2,0,0,0,0,1674
3911,1-25,0,2,1,0,60.0,0,1,14.1,3,0,0,0,0,1674
3912,1-25,0,2,1,0,60.0,0,1,1.4,1,0,0,0,0,1674
3913,26-100,1,2,1,1,60.0,1,1,0.0,1,0,0,0,0,1674
3915,500-1000,0,2,1,0,60.0,0,1,36.1,2,0,0,0,0,1674
3916,101-500,0,2,1,0,60.0,0,1,34707.3,2,0,0,0,0,1674
3917,1-25,0,2,1,0,60.0,0,1,2.9,3,0,0,0,0,1674
3918,26-100,0,2,1,0,60.0,0,1,1.4,1,0,0,0,0,1674
3919,1-25,1,2,1,1,60.0,0,0,50.0,3,0,0,0,0,1674
3921,26-100,1,2,1,1,60.0,0,0,3.6,3,0,0,0,0,1674
3923,26-100,0,2,1,0,60.0,0,0,2.3,1,0,0,0,0,1674
3924,26-100,0,2,1,0,60.0,0,1,1.5,2,0,0,0,0,1674
3925,26-100,1,1,1,1,60.0,0,1,69473.8,23,0,0,0,0,1667
3927,26-100,1,2,1,0,60.0,0,0,3.4000000000000004,2,0,0,0,0,1674
3928,101-500,1,2,1,0,60.0,0,1,34746.5,3,0,0,0,0,1674
3929,1-25,0,2,1,0,60.0,0,0,0.0,1,0,0,0,0,0
3930,1-25,0,2,1,0,60.0,0,0,0.0,1,0,0,0,0,1674
3931,1-25,0,2,1,0,60.0,0,1,0.0,1,0,0,0,0,1674
3932,26-100,0,2,1,0,60.0,0,1,0.0,1,0,0,0,0,0
3933,26-100,1,2,1,0,60.0,0,1,8.3,2,0,0,0,0,1674
3935,26-100,0,2,1,0,60.0,0,1,1.4,1,0,0,0,0,1670
3936,1-25,1,2,1,1,60.0,0,1,10.5,3,0,0,0,0,1670
3937,26-100,1,2,1,1,60.0,0,0,74.10000000000001,2,0,0,0,0,1670
3940,26-100,1,2,1,0,60.0,0,0,71.19999999999999,2,0,0,0,0,1670
3941,500-1000,1,2,1,0,60.0,0,1,176.5,1,0,0,0,0,1670
3944,26-100,1,2,1,1,60.0,0,1,1.4,1,0,0,0,0,1670
3945,101-500,1,2,1,0,60.0,0,1,59.1,2,0,0,0,0,1670
3946,26-100,0,2,1,0,60.0,0,1,2.8,2,0,0,0,0,1668
3947,26-100,0,2,1,0,60.0,0,1,37.9,4,0,0,0,0,1670
3948,26-100,0,1,1,0,60.0,0,1,34751.0,16,0,0,0,0,1668
3950,26-100,1,2,1,1,60.0,1,0,58.3,4,0,0,0,0,1667
3952,1-25,0,2,1,0,60.0,0,1,0.3,1,0,0,0,0,1670
3953,1-25,0,2,1,0,60.0,0,1,34714.200000000004,3,0,0,0,0,1670
3954,1-25,0,2,1,0,60.0,0,1,0.3,1,0,0,0,0,1670
3955,1-25,0,2,1,0,60.0,0,1,0.3,1,0,0,0,0,1670
3956,1-25,0,2,1,0,60.0,0,1,0.3,1,0,0,0,0,1670
3957,1-25,1,2,1,0,60.0,0,0,12.0,7,0,0,0,0,1670
3958,1-25,0,2,1,0,60.0,0,1,0.4,2,0,0,0,0,1670
3959,1-25,0,2,1,0,60.0,0,1,0.3,1,0,0,0,0,1670
3960,26-100,1,2,1,1,60.0,0,1,35.900000000000006,2,196,1,2,0,1586
3961,26-100,1,2,1,1,60.0,0,0,2.3,1,49,1,1,0,1593
3964,26-100,1,2,1,1,60.0,0,0,16.4,3,3,0,0,0,1555
3966,26-100,1,2,1,1,60.0,0,1,289.40000000000003,3,51,1,1,0,1645
3968,26-100,0,2,1,1,60.0,0,0,2.3,1,0,0,0,0,1669
3970,26-100,0,2,1,0,60.0,0,1,0.0,1,1,1,1,0,1669
3971,26-100,1,2,1,0,60.0,1,0,2.4,2,0,0,0,0,1669
3972,1-25,0,2,1,0,60.0,0,0,1.2,2,0,0,0,0,0
3973,26-100,1,2,1,0,60.0,0,0,2.4,2,0,0,0,0,1669
3974,26-100,1,2,1,0,60.0,0,1,2.8,2,0,0,0,0,1669
3975,26-100,0,2,1,0,60.0,0,1,2.8,2,0,0,0,0,1669
3976,101-500,0,2,1,0,60.0,0,1,7.1,8,0,0,0,0,1669
3977,26-100,1,2,1,1,60.0,0,0,5.0,4,0,0,0,0,1667
3978,26-100,1,2,1,0,60.0,0,1,10.5,9,0,0,0,0,1668
3980,26-100,1,2,1,0,60.0,1,0,6.0,4,0,0,0,0,1668
3981,26-100,1,2,1,1,60.0,0,0,3.6,3,0,0,0,0,1668
3982,101-500,1,2,1,0,60.0,0,1,0.7,1,0,0,0,0,1668
3985,1-25,0,2,1,0,60.0,0,1,2.5,6,0,0,0,0,1668
3986,500-1000,0,2,1,0,60.0,1,0,0.0,1,0,0,0,0,0
3987,1-25,0,2,1,0,60.0,0,0,3.6,4,0,0,0,0,1668
3988,1-25,0,2,1,0,60.0,0,1,15.5,4,0,0,0,0,1667
3989,101-500,0,2,1,1,60.0,0,1,34707.3,2,0,0,0,0,1667
3991,26-100,1,2,1,1,60.0,0,1,91.7,7,0,0,0,0,1667
3992,500-1000,1,2,1,0,60.0,0,1,208.2,1,0,0,0,0,1667
3993,1-25,1,2,1,0,60.0,0,1,58.8,1,0,0,0,0,1667
3995,101-500,1,2,1,0,60.0,0,1,232.3,3,0,0,0,0,1661
3997,26-100,0,2,1,0,60.0,0,1,70.80000000000001,3,0,0,0,0,1667
4000,1-25,0,2,1,1,60.0,0,1,73.60000000000001,5,0,0,0,0,1667
4002,500-1000,0,2,1,0,60.0,0,1,138827.80000000002,7,0,0,0,0,1667
4003,500-1000,0,2,1,1,60.0,0,1,2.8,2,0,0,0,0,1667
4005,1-25,0,2,1,1,60.0,0,1,141.60000000000002,3,0,0,0,0,1667
4006,101-500,1,2,1,0,60.0,1,0,18.8,3,0,0,0,0,1667
4007,101-500,1,2,1,0,60.0,0,0,7.699999999999999,3,0,0,0,0,1667
4009,1-25,1,2,1,0,60.0,0,1,0.1,4,0,0,0,0,1667
4010,1-25,0,2,1,0,60.0,0,1,1.4,1,0,0,0,0,1667
4011,101-500,0,2,1,1,60.0,0,1,1.4,1,0,0,0,0,1667
4013,26-100,1,2,1,0,60.0,0,0,1.2,1,0,0,0,0,1666
4014,26-100,1,2,1,0,60.0,0,1,1.2,1,0,0,0,0,1666
4015,1-25,1,2,1,0,60.0,0,1,19.9,6,0,0,0,0,1666
4016,101-500,1,2,1,0,60.0,1,1,13.9,1,0,0,0,0,1666
4017,26-100,0,2,1,0,60.0,0,0,5.8,3,0,0,0,0,1666
4018,101-500,1,2,1,2,60.0,1,1,15.6,6,2,1,1,0,1555
4020,500-1000,1,2,1,0,60.0,0,1,76.9,9,0,0,0,0,1666
4021,26-100,1,2,1,0,60.0,1,1,13.9,1,0,0,0,0,1666
4022,26-100,1,2,1,0,60.0,0,1,65.6,14,0,0,0,0,1666
4023,101-500,1,2,1,1,60.0,0,1,14.0,7,0,0,0,0,1666
4024,26-100,0,2,1,1,60.0,0,1,22.2,4,0,0,0,0,1564
4026,26-100,1,2,1,0,60.0,0,0,1.3,1,0,0,0,0,1666
4028,26-100,1,2,1,0,60.0,0,1,13.9,1,0,0,0,0,1666
4029,26-100,1,2,1,0,60.0,0,1,16.7,5,0,0,0,0,1666
4030,26-100,1,2,1,0,60.0,1,1,13.9,1,0,0,0,0,1666
4031,26-100,1,2,1,0,60.0,0,1,13.9,1,0,0,0,0,1666
4032,26-100,0,2,1,0,60.0,0,1,138.8,1,0,0,0,0,1666
4033,101-500,1,2,1,0,60.0,1,1,13.9,1,0,0,0,0,1666
4034,26-100,1,2,1,0,60.0,0,1,13.9,1,0,0,0,0,1666
4035,101-500,1,2,1,0,60.0,1,1,13.9,1,0,0,0,0,1666
4036,101-500,1,2,1,0,60.0,0,1,13.9,1,0,0,0,0,1666
4037,1-25,1,1,1,0,60.0,0,1,8.899999999999999,5,0,0,0,0,1666
4038,26-100,1,2,1,0,60.0,0,1,45.0,17,0,0,0,0,1666
4039,500-1000,1,2,1,0,60.0,0,1,34737.9,6,0,0,0,0,1666
4040,26-100,1,2,1,1,60.0,0,1,1.9,3,0,0,0,0,1666
4042,26-100,1,2,1,0,60.0,1,1,13.9,1,0,0,0,0,1666
4043,26-100,0,2,1,0,60.0,0,0,9.7,6,0,0,0,0,1666
4044,26-100,1,2,1,0,60.0,0,1,13.9,1,0,0,0,0,1666
4045,26-100,1,2,1,0,60.0,0,1,13.9,1,0,0,0,0,1666
4046,101-500,1,2,1,0,60.0,1,1,13.9,1,0,0,0,0,1666
4047,101-500,1,2,1,0,60.0,0,1,13.9,1,0,0,0,0,1666
4048,1-25,0,2,1,0,60.0,0,1,7.0,4,0,0,0,0,1666
4049,26-100,1,2,1,0,60.0,0,0,1.6,1,0,0,0,0,1666
4050,1-25,0,2,1,0,60.0,0,0,2.3,2,0,0,0,0,1666
4051,1-25,0,2,1,0,60.0,0,1,2.8,3,0,0,0,0,1666
4052,1-25,0,2,1,0,60.0,0,0,9.4,6,0,0,0,0,1666
4053,1-25,0,2,1,0,60.0,0,0,0.0,1,0,0,0,0,0
4054,1-25,1,2,1,3,60.0,0,0,5.9,4,0,1,0,0,1663
4058,101-500,1,1,1,0,60.0,0,0,28.1,8,0,0,0,0,1663
4059,500-1000,1,1,1,1,60.0,0,1,28.9,9,0,0,0,0,1663
4062,500-1000,1,2,1,0,60.0,0,1,15.3,2,0,0,0,0,1663
4063,101-500,1,2,1,0,60.0,0,1,49.4,10,0,0,0,0,1663
4064,26-100,0,2,1,0,60.0,0,1,11.8,1,0,0,0,0,1663
4065,26-100,0,2,1,1,60.0,0,1,1.4,1,1,1,1,1,1663
4066,101-500,0,2,1,0,60.0,0,0,2.5,2,0,0,0,0,1663
4067,500-1000,0,2,1,1,60.0,0,1,105.6,7,1,1,1,1,1663
4071,26-100,1,2,1,2,60.0,0,1,197.3,10,0,0,0,0,1662
4074,26-100,1,2,1,0,60.0,0,1,13.9,1,0,0,0,0,1662
4075,26-100,1,2,1,2,60.0,0,1,44.5,5,0,0,0,0,1662
4079,26-100,0,2,1,0,60.0,0,0,2.3,1,0,0,0,0,1661
4080,500-1000,1,2,1,1,60.0,0,0,2.3,1,0,0,0,0,1661
4082,101-500,1,2,1,1,60.0,0,0,2.3,1,0,0,0,0,1661
4084,26-100,0,2,1,1,60.0,0,1,34.7,1,0,0,0,0,1661
4086,1-25,1,2,1,1,60.0,1,0,58.8,1,0,0,0,0,1661
4088,26-100,1,2,1,5,60.0,0,0,5.9,1,0,0,0,0,1661
4094,26-100,1,2,1,1,60.0,0,0,11.8,1,0,0,0,0,1661
4096,1-25,1,2,1,2,60.0,0,0,35.3,1,0,0,0,0,1661
4099,26-100,1,2,1,2,60.0,0,0,58.8,1,0,0,0,0,1661
4103,500-1000,0,2,1,0,60.0,0,1,13.9,1,0,0,0,0,1661
4104,500-1000,1,2,1,1,60.0,0,1,15.3,2,0,0,0,0,1661
4105,500-1000,1,2,1,2,60.0,0,1,18.1,4,0,0,0,0,1660
4109,1-25,1,2,1,2,60.0,0,1,46.5,11,0,0,0,0,1655
4112,101-500,1,2,1,0,60.0,0,1,694.6,11,0,0,0,0,1660
4113,500-1000,1,2,1,2,60.0,0,1,4.199999999999999,3,0,0,0,0,1660
4116,500-1000,1,2,1,2,60.0,0,1,1.4,1,0,0,0,0,1660
4119,500-1000,0,2,1,1,60.0,0,0,6.9,3,0,0,0,0,1655
4122,101-500,1,2,1,0,60.0,0,1,69.4,1,0,0,0,0,0
4123,1-25,1,2,1,2,60.0,0,1,1.4,1,0,0,0,0,1659
4124,500-1000,1,2,1,4,60.0,0,1,7.0,5,0,0,0,0,1659
4132,26-100,1,2,1,4,60.0,0,0,35.1,18,292,17,37,46,1379
4138,500-1000,1,2,1,0,60.0,0,1,3.4,3,0,0,0,0,1659
4140,500-1000,0,2,1,1,60.0,0,1,4.199999999999999,3,0,0,0,0,1659
4142,1-25,0,2,1,0,60.0,0,1,34844.700000000004,2,0,0,0,0,1659
4143,101-500,1,2,1,1,60.0,0,1,138.8,1,0,0,0,0,1656
4145,101-500,1,2,1,1,60.0,0,1,1.5,2,0,0,0,0,1656
4147,26-100,1,2,1,1,60.0,0,1,34.7,1,0,0,0,0,1656
4149,1-25,0,2,1,0,60.0,0,1,1.5,2,0,0,0,0,1656
4150,1-25,0,2,1,1,60.0,0,1,1.5,2,0,0,0,0,1656
4152,101-500,0,2,1,1,60.0,0,1,1.5,2,0,0,0,0,1656
4154,26-100,1,2,1,1,60.0,0,0,4.6,2,0,0,0,0,1656
4156,26-100,1,2,1,1,60.0,0,1,6.9,1,0,0,0,0,1656
4158,101-500,1,2,1,1,60.0,0,0,5.9,1,0,0,0,0,1656
4160,1-25,0,2,1,0,60.0,0,1,0.3,1,0,0,0,0,0
4161,1-25,0,2,1,0,60.0,0,1,0.3,1,0,0,0,0,0
4162,1-25,0,2,1,0,60.0,0,1,0.3,1,0,0,0,0,1656
4163,101-500,0,2,1,1,60.0,0,1,1.5,2,0,0,0,0,1656
4165,101-500,0,2,1,1,60.0,0,1,1.5,2,0,0,0,0,1656
4167,26-100,0,2,1,1,60.0,0,1,1.5,2,0,0,0,0,1656
4169,26-100,0,2,1,0,60.0,0,0,2.3,1,0,0,0,0,1655
4170,26-100,0,2,1,1,60.0,0,0,2.3,1,0,0,0,0,1655
4171,1-25,0,2,1,0,60.0,0,1,0.3,1,0,0,0,0,1655
4173,1-25,0,2,1,0,60.0,0,1,0.3,1,0,0,0,0,1655
4174,500-1000,0,2,1,0,60.0,0,1,138.8,1,0,1,4,0,1653
4175,1-25,1,2,1,1,60.0,0,1,0.1,1,0,0,0,0,1654
4177,1-25,0,2,1,0,60.0,0,1,0.3,1,0,0,0,0,1654
4178,1-25,1,2,1,0,60.0,0,1,0.3,1,0,0,0,0,1654
4179,1-25,0,2,1,0,60.0,0,1,0.3,1,0,0,0,0,1654
4180,1-25,1,2,1,0,60.0,0,1,138.8,1,0,0,0,0,1654
4181,26-100,0,2,1,0,60.0,0,1,1.4,1,0,0,0,0,1654
4182,1-25,0,2,1,0,60.0,0,1,0.3,1,0,0,0,0,1654
4183,1-25,0,2,1,0,60.0,0,1,0.3,1,0,0,0,0,1654
4184,1-25,0,2,1,0,60.0,0,1,0.3,1,0,0,0,0,1654
4185,26-100,0,2,1,0,60.0,0,1,34.7,1,0,0,0,0,1653
4186,26-100,1,2,1,1,60.0,0,0,10.2,5,1,1,1,1,1645
4188,26-100,0,2,1,1,60.0,0,1,34.7,1,0,0,0,0,1653
4190,101-500,1,2,1,0,60.0,0,0,2.4,2,0,0,0,0,1653
4191,26-100,1,2,1,0,60.0,1,0,1.2,1,0,0,0,0,1653
4192,1-25,0,2,1,0,60.0,0,1,69.5,2,0,0,0,0,1653
4193,1-25,0,2,1,0,60.0,0,1,0.3,1,0,0,0,0,1653
4194,1-25,0,2,1,0,60.0,0,1,0.3,1,0,0,0,0,0
4195,1-25,0,2,1,0,60.0,0,1,0.3,1,0,0,0,0,0
4196,101-500,1,2,1,1,60.0,0,0,2.3,1,0,0,0,0,1652
4198,26-100,0,2,1,1,60.0,0,1,34.7,1,0,0,0,0,1652
4200,1-25,1,2,1,1,60.0,0,0,63.8,8,0,0,0,0,1652
4201,26-100,1,2,1,1,60.0,0,0,1.2,1,0,0,0,0,1652
4204,500-1000,1,2,1,1,60.0,0,1,34717.8,6,0,0,0,0,1652
4206,26-100,0,2,1,0,60.0,0,1,14.0,10,0,0,0,0,1652
4207,1-25,1,2,1,1,60.0,0,0,8.2,2,0,0,0,0,1652
4209,26-100,0,2,1,0,60.0,0,1,1.4,1,0,0,0,0,1649
4210,500-1000,0,1,1,0,60.0,0,1,366.3,19,0,0,0,0,1505
4211,26-100,1,2,1,1,60.0,0,0,25.1,14,4,1,1,0,1648
4212,101-500,1,1,1,0,60.0,0,0,143.4,8,0,0,0,0,1571
4213,101-500,0,2,1,1,60.0,0,1,342.5,8,0,0,0,0,1649
4214,26-100,1,2,1,0,60.0,0,1,34.7,1,0,0,0,0,1649
4215,101-500,1,2,1,1,60.0,0,0,83.6,8,0,0,0,0,1647
4217,26-100,1,2,1,0,60.0,0,0,1.3,2,0,0,0,0,1649
4218,101-500,1,2,1,0,60.0,0,0,4.7,3,0,0,0,0,1649
4219,101-500,1,2,1,0,60.0,0,1,1.4,1,0,0,0,0,1649
4220,26-100,1,2,1,0,60.0,0,1,34711.5,5,0,0,0,0,1649
4221,26-100,0,2,1,1,60.0,0,1,1.4,1,0,0,1,0,1649
4223,26-100,1,2,1,0,60.0,0,1,34.7,1,0,0,0,0,1649
4224,26-100,0,2,1,0,60.0,0,1,208.2,2,0,0,0,0,1649
4225,26-100,0,2,1,1,60.0,0,0,2.3,1,0,0,0,0,1648
4226,101-500,1,2,1,0,60.0,0,1,55.7,6,0,0,0,0,1649
4228,26-100,1,2,1,2,60.0,0,1,2.8,2,0,0,0,0,1649
4231,101-500,1,1,1,0,60.0,0,0,29.8,10,0,0,0,0,1649
4232,101-500,1,2,1,0,60.0,0,0,13.0,2,0,0,0,0,1649
4233,101-500,1,2,1,0,60.0,0,0,1.2,1,0,0,0,0,1649
4234,1-25,0,2,1,0,60.0,0,0,0.0,1,0,0,0,0,0
4235,26-100,0,2,1,0,60.0,0,1,34705.9,1,0,0,0,0,1649
4236,26-100,0,2,1,1,60.0,0,0,0.0,1,0,0,0,0,1649
4238,1-25,0,2,1,1,60.0,0,0,11.8,2,0,0,0,0,0
4240,26-100,1,2,1,1,60.0,1,1,568.7,7,0,0,0,0,1647
4243,26-100,1,2,1,0,60.0,0,0,1.5,1,0,0,0,0,1648
4244,26-100,1,2,1,6,60.0,0,1,7.8,4,10,1,3,2,1583
4245,101-500,0,2,1,0,60.0,0,1,1.4,1,0,0,1,0,1648
4248,1-25,0,2,1,1,60.0,0,1,1.4,1,0,1,0,0,1648
4250,101-500,0,2,1,1,60.0,0,0,3.5,2,14,3,1,10,1646
4253,26-100,1,2,1,1,60.0,0,1,360.3,16,1,0,1,0,1647
4254,26-100,0,2,1,0,60.0,0,1,1.6,2,1,0,1,0,1648
4256,26-100,0,2,1,0,60.0,0,1,1.4,1,1,0,1,0,1648
4257,26-100,0,2,1,1,60.0,0,0,2.3,1,0,0,0,0,1647
4259,1-25,0,2,1,0,60.0,0,0,0.0,1,0,0,0,0,1647
4262,1-25,0,2,1,1,60.0,0,0,0.0,1,0,0,0,0,0
4264,1-25,0,2,1,1,60.0,0,0,2.3,2,0,0,0,0,1647
4266,26-100,0,1,1,1,60.0,0,1,646.7,47,10,1,5,9,1555
4267,1-25,0,2,1,0,60.0,0,1,2.1,5,0,0,0,0,1647
4269,1-25,1,2,1,1,60.0,0,0,7.0,3,0,0,0,0,1647
4271,101-500,1,2,1,0,60.0,0,0,11.8,2,0,0,0,0,1647
4276,1-25,0,2,1,0,60.0,0,1,34.7,1,1,1,1,0,1645
4277,1-25,1,2,1,4,60.0,0,1,9.8,5,0,0,0,0,1645
4283,1-25,0,2,1,0,60.0,0,0,0.0,1,0,0,0,0,0
4284,26-100,0,2,1,0,60.0,0,0,0.0,1,0,0,0,0,0
4285,26-100,0,2,1,0,60.0,0,0,2.3,1,0,0,0,0,1642
4286,26-100,0,2,1,0,60.0,0,1,5.6,3,0,0,0,0,1642
4287,26-100,1,2,1,0,60.0,1,0,4.7,1,0,0,0,0,1642
4288,26-100,1,2,1,0,60.0,0,0,1.4,1,0,0,0,0,1642
4289,1-25,0,2,1,0,60.0,0,1,0.0,1,0,0,0,0,0
4290,26-100,0,2,1,0,60.0,0,0,2.3,1,0,0,0,0,1642
4297,101-500,0,2,1,0,60.0,0,1,1.4,1,0,0,0,0,1635
4298,26-100,1,2,1,0,60.0,0,1,34.7,1,0,0,0,0,1635
4300,26-100,1,2,1,0,60.0,0,0,1.2,1,1,0,1,0,1635
4301,More than 1000,0,2,1,0,60.0,0,1,1.4,1,0,0,0,0,1635
4303,101-500,1,2,1,0,60.0,0,0,2.3,1,0,1,0,0,1626
4304,1-25,1,2,1,0,60.0,0,0,27.6,1,0,0,0,0,1634
4305,26-100,1,2,1,0,60.0,0,0,27.6,1,0,0,0,0,1634
4306,1-25,0,2,1,0,60.0,0,1,34.7,1,0,0,0,0,1633
4307,26-100,1,2,1,0,60.0,1,1,0.8,1,0,0,0,0,1633
4308,26-100,0,2,1,0,60.0,0,1,35.0,2,1,0,1,0,1576
4310,26-100,0,2,1,0,60.0,0,1,1.4,1,0,0,0,0,1632
4311,1-25,0,2,1,0,60.0,0,1,34.7,1,0,0,0,0,1633
4312,26-100,0,2,1,0,60.0,0,1,34.7,1,0,0,0,0,1631
4317,1-25,0,2,1,0,60.0,0,1,0.0,1,0,0,0,0,0
4318,1-25,0,2,1,0,60.0,0,0,0.0,1,0,0,0,0,0
4319,26-100,0,2,1,0,60.0,0,1,1.4,1,0,0,0,0,1625
4320,26-100,0,2,1,0,60.0,0,1,1.4,1,3,1,1,1,1621
4321,26-100,0,2,1,0,60.0,1,0,0.0,1,0,0,0,0,0
4322,26-100,0,2,1,0,60.0,1,0,0.0,1,0,0,0,0,0
4323,1-25,0,2,1,0,60.0,0,0,0.0,1,0,0,0,0,0
4324,26-100,0,2,1,0,60.0,1,0,0.0,1,0,0,0,0,0
4325,26-100,0,2,1,0,60.0,1,0,0.0,1,0,0,0,0,0
4326,1-25,0,2,1,0,60.0,1,0,0.0,1,0,0,0,0,0
4327,1-25,0,2,1,2,60.0,0,0,5.1,4,0,0,0,0,1586
4334,26-100,1,2,1,1,60.0,0,1,34.7,1,98,1,1,0,1586
4337,500-1000,1,2,1,1,60.0,0,1,34705.9,1,0,0,0,0,1603
4338,26-100,0,2,1,0,60.0,0,1,34705.9,1,0,0,0,0,1612
4341,26-100,1,2,1,1,60.0,0,0,2.3,1,0,0,0,0,1604
4343,500-1000,0,2,1,0,60.0,0,0,2.3,1,0,0,0,0,1610
4345,26-100,0,2,1,0,60.0,0,0,0.0,1,0,0,0,0,1578
4348,26-100,0,2,1,0,60.0,0,0,0.0,1,0,0,0,0,1603
4353,26-100,0,2,1,0,60.0,1,0,0.0,1,0,0,0,0,1600
4355,26-100,0,2,1,0,60.0,1,0,1.4,1,1,0,2,0,1599
4356,26-100,0,2,1,0,60.0,0,1,1.4,1,0,0,0,0,1598
4358,1-25,1,2,1,1,60.0,0,1,140.20000000000002,2,0,0,0,0,1593
4362,1-25,0,2,1,0,60.0,0,1,1.4,1,0,0,0,0,1596
4364,26-100,1,1,1,4,208.0,0,1,348.5,2,761,1,1,1,1592
4371,26-100,0,2,1,1,60.0,0,1,1.4,1,0,0,0,0,1593
4374,1-25,0,2,1,1,60.0,0,0,9.2,4,343,1,3,0,0
4376,1-25,0,2,1,0,0.0,0,0,2.3,1,0,0,0,0,0
4377,1-25,0,2,1,0,60.0,0,1,1.9,3,0,0,0,0,1562
4378,26-100,1,1,1,0,60.0,0,0,2.4,1,98,1,1,0,1586
4379,101-500,0,1,1,0,60.0,0,1,1.4,1,102,1,2,0,1585
4382,101-500,0,2,1,0,60.0,0,1,34707.3,2,0,0,0,0,1583
4383,101-500,0,2,1,0,60.0,0,1,34707.3,2,0,0,0,0,0
4384,26-100,1,2,1,0,60.0,0,1,2.6,2,0,0,0,0,1583
4388,26-100,0,2,1,0,60.0,0,1,2.6,2,0,0,0,0,1579
4389,1-25,1,1,1,2,60.0,0,1,36.1,2,0,0,0,0,1579
4391,26-100,0,1,1,0,60.0,1,0,11.8,1,5,1,1,1,0
4392,26-100,0,1,1,1,60.0,0,1,36.1,2,0,0,0,0,1579
4394,1-25,0,1,1,0,60.0,1,0,2.5,2,0,0,0,0,0
4397,1-25,0,2,1,0,60.0,1,0,1.2,1,0,0,0,0,0
4398,1-25,0,2,1,0,60.0,1,0,1.2,1,0,0,0,0,0
4400,1-25,0,2,1,0,60.0,1,0,1.2,1,0,0,0,0,0
4401,26-100,1,2,1,1,60.0,0,1,34708.8,4,0,1,1,0,0
4403,26-100,0,2,1,0,60.0,0,1,2.8,2,0,0,0,0,1578
4404,26-100,1,2,1,0,60.0,0,1,34707.4,3,0,0,0,0,0
4405,26-100,1,2,1,1,60.0,1,1,0.7,1,1,0,1,0,0
4406,26-100,1,2,1,3,60.0,0,0,25.6,12,0,0,0,0,1572
4408,26-100,0,2,1,0,60.0,1,0,1.2,1,0,0,0,0,0
4409,26-100,0,2,1,0,60.0,0,1,0.0,1,0,0,0,0,0
4413,500-1000,1,2,1,2,60.0,1,1,34.7,1,2,1,1,1,1576
4418,26-100,1,2,1,1,60.0,0,1,1.4,1,0,0,0,0,0
4420,101-500,1,2,1,0,60.0,0,0,2.9,1,0,0,0,0,0
4421,26-100,1,2,1,1,60.0,0,0,11.0,5,0,0,0,0,0
4429,1-25,0,2,1,0,60.0,1,0,0.2,1,0,0,0,0,0
4430,1-25,0,2,1,0,60.0,1,0,2.4,1,0,0,0,0,0
4431,101-500,1,1,1,0,60.0,0,1,32.4,14,0,0,0,0,437
4432,26-100,1,2,1,1,60.0,0,1,8.7,6,261,1,5,4,0
4433,1-25,0,2,1,0,60.0,0,1,0.3,1,0,0,0,0,0
4434,1-25,0,2,1,0,60.0,0,1,0.3,1,0,0,0,0,1576
4435,1-25,0,2,1,0,60.0,0,1,0.3,1,0,0,0,0,1576
4438,1-25,0,2,1,0,60.0,0,1,0.3,1,0,0,0,0,1576
4439,1-25,0,2,1,0,60.0,0,1,0.3,1,0,0,0,0,1576
4440,26-100,1,2,1,1,60.0,0,1,34.7,1,0,0,0,0,1576
4443,1-25,0,2,1,0,60.0,0,1,0.3,1,0,0,0,0,1576
4444,101-500,1,2,1,1,60.0,0,1,34.7,1,0,0,0,0,1576
4446,26-100,0,2,1,1,60.0,0,1,70.80000000000001,3,0,0,0,0,1576
4447,26-100,1,2,1,0,60.0,0,1,1.4,1,0,0,0,0,1575
4449,1-25,0,2,1,0,60.0,0,1,1.3,2,0,0,0,0,1576
4450,101-500,1,2,1,0,60.0,0,1,1.4,1,0,0,0,0,1575
4451,1-25,0,2,1,0,60.0,0,1,0.3,1,0,0,0,0,1576
4452,101-500,1,2,1,0,60.0,1,0,3.2,4,0,0,0,0,1575
4453,26-100,1,1,1,1,60.0,0,1,34801.6,17,0,0,0,0,1570
4454,26-100,1,2,1,1,60.0,0,1,52.7,6,0,0,0,0,1575
4457,1-25,1,2,1,0,60.0,0,1,0.3,1,0,0,0,0,1575
4458,1-25,0,2,1,1,60.0,0,0,8.1,4,0,0,0,0,1562
4460,1-25,0,2,1,0,60.0,1,0,1.2,1,0,0,0,0,0
4461,26-100,0,2,1,0,60.0,1,0,1.2,1,0,0,0,0,1575
4462,1-25,0,2,1,0,60.0,0,1,0.3,1,0,0,0,0,1575
4463,1-25,1,2,1,0,60.0,1,1,138.8,1,0,0,0,0,1575
4464,1-25,0,2,1,0,60.0,0,1,0.3,1,0,0,0,0,1572
4466,1-25,0,2,1,0,60.0,0,1,0.3,1,3,1,1,0,1572
4467,1-25,1,2,0,0,60.0,0,1,138.8,1,0,0,0,0,1549
4468,1-25,1,2,1,0,60.0,0,1,138.8,1,0,0,0,0,1572
4469,1-25,0,2,1,0,60.0,1,0,1.2,1,0,0,0,0,0
4470,1-25,0,2,1,0,60.0,1,0,0.6,1,0,0,0,0,0
4471,1-25,0,2,1,0,60.0,1,0,0.7,1,0,0,0,0,0
4472,500-1000,0,2,1,0,60.0,0,1,138.8,1,0,0,0,0,1571
4473,26-100,0,2,1,0,60.0,1,0,0.8,1,0,0,0,0,0
4474,1-25,0,2,1,0,60.0,0,0,0.0,1,0,0,0,0,0
4477,1-25,0,2,1,0,60.0,0,0,0.0,1,0,0,0,0,0
4478,1-25,0,2,1,0,60.0,0,0,0.0,1,0,0,0,0,0
4479,1-25,0,2,1,0,60.0,1,0,0.1,1,0,0,0,0,0
4482,101-500,1,2,1,1,60.0,0,0,17.2,9,0,0,0,0,1568
4484,1-25,1,2,1,0,60.0,0,1,138.8,1,0,0,0,0,1570
4485,1-25,1,2,1,0,60.0,0,1,138.8,1,0,0,0,0,1570
4486,1-25,1,2,1,0,60.0,0,1,138.8,1,0,0,0,0,1569
4487,26-100,1,2,1,0,60.0,0,0,1.2,1,0,0,0,0,0
4488,26-100,1,2,1,0,60.0,0,0,1.2,1,0,0,0,0,1570
4489,26-100,1,2,1,0,60.0,0,0,1.2,1,0,0,0,0,1570
4490,26-100,1,2,1,0,60.0,0,0,1.2,1,0,0,0,0,1570
4491,26-100,1,2,1,0,60.0,0,0,1.2,1,0,0,0,0,1569
4492,1-25,0,2,1,0,60.0,0,0,0.0,1,0,0,0,0,0
4493,1-25,0,2,1,0,60.0,0,0,0.0,1,0,0,0,0,0
4494,1-25,0,2,1,0,60.0,0,0,0.0,1,0,0,0,0,0
4495,26-100,0,2,1,0,60.0,1,0,1.2,1,0,0,0,0,0
4496,101-500,0,2,1,0,60.0,0,0,0.0,1,0,1,0,0,0
4498,26-100,1,1,1,2,60.0,0,0,12.1,6,0,0,0,0,1569
4505,26-100,0,1,1,0,60.0,0,0,2.3,1,0,0,0,0,1569
4509,1-25,1,2,1,0,60.0,0,0,45.0,26,0,0,0,0,1565
4512,1-25,1,1,1,0,60.0,0,0,3.7,7,0,0,0,0,1565
4513,1-25,1,2,1,0,60.0,1,0,24.3,7,0,0,0,0,1561
4522,26-100,0,2,1,0,60.0,0,1,5.9,5,0,0,0,0,1565
4523,26-100,0,2,1,0,60.0,0,0,2.3,1,0,0,0,0,1568
4524,26-100,0,1,1,0,60.0,0,1,38.0,12,0,0,0,0,1465
4525,500-1000,0,2,1,1,60.0,0,1,140.0,2,5,1,1,4,1561
4527,1-25,1,2,1,1,60.0,0,0,15.2,8,3,1,2,2,1554
4528,26-100,1,1,1,0,60.0,0,1,54.0,21,0,0,0,0,1565
4529,1-25,1,1,1,2,60.0,0,0,47.2,17,0,0,0,0,1558
4531,26-100,0,1,1,0,60.0,0,1,142.5,4,0,0,0,0,1565
4532,500-1000,0,2,1,0,60.0,0,1,26.3,7,0,0,0,0,1565
4534,26-100,1,1,1,0,60.0,0,1,14.3,7,0,0,0,0,1565
4535,26-100,1,2,1,0,60.0,0,1,7.5,2,0,0,0,0,1565
4537,26-100,1,2,1,0,60.0,1,1,10.3,7,0,0,0,0,1565
4538,500-1000,0,2,1,0,60.0,0,1,0.0,1,0,0,0,0,0
4539,101-500,0,2,1,1,60.0,0,1,1.4,1,0,0,1,0,1565
4540,101-500,0,2,1,0,60.0,1,0,1.2,1,0,0,0,0,1565
4541,101-500,0,2,1,0,60.0,0,1,0.0,1,0,0,0,0,0
4542,1-25,1,2,1,0,60.0,1,1,14.3,4,0,0,0,0,1565
4543,26-100,1,2,1,0,60.0,0,1,0.5,1,0,0,0,0,1564
4544,101-500,1,2,1,0,60.0,0,1,0.6,1,0,0,0,0,1565
4545,101-500,0,2,1,0,60.0,1,0,1.3,2,0,0,0,0,1565
4546,1-25,1,2,1,0,60.0,1,0,1.8,1,0,0,0,0,1465
4548,1-25,0,2,1,0,60.0,0,1,0.0,1,0,0,0,0,1564
4549,26-100,0,2,1,0,60.0,0,1,1.4,1,1,1,1,1,1564
4551,1-25,0,2,1,0,60.0,0,0,1.2,2,0,0,0,0,0
4552,1-25,0,2,1,0,60.0,0,1,1.4,1,0,0,0,0,1564
4553,1-25,1,2,1,1,60.0,0,1,47.1,1,0,0,0,0,1564
4555,1-25,1,2,1,0,60.0,0,1,23.5,1,0,0,0,0,1564
4556,26-100,1,2,1,1,60.0,0,1,215.3,6,0,0,0,0,1564
4558,26-100,0,2,1,0,60.0,0,0,0.0,1,0,0,0,0,0
4559,1-25,0,2,1,0,60.0,0,0,0.0,1,0,0,0,0,0
4560,1-25,0,2,1,0,60.0,0,0,0.0,1,0,0,0,0,0
4561,1-25,0,2,1,0,60.0,0,0,0.0,1,0,0,0,0,0
4562,26-100,0,2,1,0,60.0,1,0,11.3,5,0,0,0,0,1563
4563,1-25,0,2,1,0,60.0,0,0,0.0,1,0,0,0,0,0
4564,1-25,0,2,1,0,60.0,0,0,0.0,1,0,0,0,0,0
4565,26-100,1,2,1,0,60.0,0,1,1.4,2,0,0,0,0,1563
4566,1-25,0,2,1,0,60.0,0,1,2.6,2,0,0,0,0,1563
4567,1-25,0,2,1,0,60.0,0,1,0.1,1,0,0,0,0,1563
4568,1-25,0,2,1,0,60.0,0,1,1.4,2,0,0,0,0,1563
4569,101-500,1,2,1,0,60.0,0,0,2.3,3,0,0,0,0,1563
4570,26-100,0,2,1,0,60.0,0,0,2.3,2,0,0,0,0,1549
4571,1-25,0,2,1,0,60.0,0,1,0.0,1,0,0,0,0,0
4572,1-25,0,2,1,0,60.0,0,1,1.2,1,0,0,0,0,1563
4573,1-25,0,2,1,0,60.0,0,0,11.6,6,0,0,0,0,1561
4574,26-100,1,2,1,0,60.0,0,1,5.699999999999999,4,0,0,1,0,1561
4575,26-100,0,1,1,0,60.0,0,1,47.2,5,0,0,0,0,1499
4576,1-25,0,1,1,0,60.0,0,1,9.4,6,0,0,0,0,1562
4577,1-25,1,2,1,0,60.0,0,0,3.2,4,0,0,0,0,1562
4578,1-25,0,1,1,0,60.0,0,0,0.0,2,0,0,0,0,0
4579,1-25,0,2,1,0,60.0,0,1,1.8,5,0,0,0,0,1499
4580,26-100,0,2,1,0,60.0,0,1,14.2,4,0,0,0,0,1562
4581,1-25,0,2,1,0,60.0,0,0,0.0,1,0,0,0,0,451
4582,26-100,0,2,1,0,60.0,0,1,0.0,1,0,0,0,0,0
4583,101-500,0,2,1,0,60.0,0,0,2.3,1,0,0,0,0,1562
4584,500-1000,0,1,1,0,60.0,0,1,9.7,5,0,0,0,0,1561
4585,26-100,0,2,1,0,60.0,0,0,3.5,3,0,0,0,0,1561
4586,26-100,1,2,1,0,60.0,0,0,14.1,2,0,0,0,0,1561
4588,1-25,0,2,1,0,60.0,0,0,2.3,1,0,0,0,0,1561
4590,1-25,0,2,1,0,60.0,0,0,2.3,1,0,0,0,0,1561
4591,101-500,1,2,1,0,60.0,0,0,2.3,1,0,0,0,0,1558
4592,101-500,0,2,1,0,60.0,0,1,11.8,1,0,0,0,0,0
4593,101-500,0,2,1,0,60.0,0,0,2.3,1,0,0,0,0,1559
4594,101-500,1,2,1,0,60.0,0,0,2.3,1,0,0,0,0,1558
4595,101-500,0,2,1,0,60.0,0,1,0.0,1,0,0,0,0,1549
4613,101-500,1,2,1,2,60.0,1,0,4.699999999999999,2,0,0,0,0,1554
4614,101-500,1,2,1,0,60.0,0,0,2.4,2,0,0,0,0,1554
4615,101-500,1,2,1,0,60.0,0,0,2.3,1,0,0,0,0,1554
4616,101-500,1,2,1,0,60.0,0,0,4.699999999999999,2,0,0,0,0,0
4617,101-500,1,2,1,0,60.0,0,0,2.3,1,0,0,0,0,1554
4618,101-500,1,2,1,1,60.0,0,0,4.699999999999999,2,0,1,1,0,1500
4619,26-100,0,2,1,0,60.0,0,1,34.7,1,0,0,0,0,1551
4621,26-100,1,2,1,0,60.0,1,0,1.2,1,0,0,0,0,1551
4622,26-100,0,2,1,0,60.0,0,1,1.4,1,0,0,0,0,1551
4623,500-1000,1,2,1,0,60.0,1,1,34705.9,1,0,0,0,0,1551
4624,500-1000,0,2,1,0,60.0,0,1,34705.9,1,0,0,0,0,1551
4625,26-100,1,2,1,0,60.0,0,0,1.2,1,0,0,0,0,1551
4626,26-100,1,2,1,1,60.0,1,0,1.2,1,0,0,0,0,1551
4627,26-100,1,2,1,0,60.0,1,0,1.2,1,0,0,0,0,1551
4629,1-25,0,2,1,1,60.0,0,0,2.3,2,0,0,0,0,1550
4630,26-100,0,2,1,0,60.0,1,1,1.4,1,0,1,1,0,1550
4631,26-100,1,2,1,2,60.0,0,0,2.4,1,0,0,0,0,1549
4632,26-100,1,2,1,0,60.0,1,0,35.3,1,0,0,0,0,1549
4637,26-100,1,2,1,2,60.0,1,1,1.4,1,0,0,0,0,1549
4646,26-100,0,2,1,0,60.0,0,1,138.8,1,1,1,1,0,1544
4647,26-100,0,2,1,0,60.0,0,1,138.8,1,0,0,0,0,1544
4653,26-100,0,2,1,0,60.0,0,1,138.8,1,0,0,0,0,0
4654,26-100,0,2,1,0,60.0,0,0,2.3,1,0,0,0,0,0
4655,26-100,0,2,1,0,60.0,0,0,2.3,1,0,0,0,0,0
4656,26-100,0,2,1,0,60.0,0,1,138.8,1,10,1,0,0,1108
4657,26-100,0,2,1,0,60.0,0,1,138.8,1,0,0,0,0,0
4658,26-100,0,2,1,0,60.0,0,1,138.8,1,0,0,0,0,0
4659,26-100,0,2,1,0,60.0,0,0,2.3,1,0,0,0,0,0
4660,26-100,0,2,1,0,60.0,0,0,1.4,1,0,0,0,0,0
4661,26-100,0,2,1,0,60.0,0,0,2.3,1,0,0,0,0,0
4662,101-500,0,2,1,0,60.0,0,1,138.8,1,0,0,0,0,0
4663,26-100,0,2,1,0,60.0,0,1,138.8,1,0,0,0,0,0
4664,500-1000,0,2,1,0,60.0,0,0,4.6,1,0,0,0,0,0
4665,26-100,0,2,1,0,60.0,0,1,0.1,1,0,0,0,0,0
4666,500-1000,0,2,1,0,60.0,0,0,4.1,1,0,0,0,0,0
4674,101-500,0,2,1,0,60.0,0,1,0.7,1,0,0,0,0,1515
4675,500-1000,0,2,1,0,60.0,0,1,0.7,1,0,0,0,0,1515
4676,500-1000,0,2,1,0,60.0,0,1,0.7,1,0,0,0,0,1514
4677,500-1000,0,2,1,0,60.0,0,1,0.6,1,0,0,1,0,1507
4680,26-100,0,2,1,0,60.0,0,1,0.7,1,0,0,0,0,1513
4681,26-100,0,2,1,0,60.0,1,0,1.2,1,0,0,0,0,1513
4682,101-500,0,2,1,0,60.0,0,0,2.3,1,0,0,0,0,1513
4683,101-500,1,1,0,0,60.0,0,1,1412.3,4,0,0,0,0,1505
4684,101-500,0,2,1,0,60.0,0,1,0.6,1,0,1,0,0,1512
4685,26-100,0,2,1,0,60.0,0,1,0.6,1,0,0,0,0,1512
4686,500-1000,0,2,1,0,60.0,0,0,0.0,1,0,0,0,0,1064
4687,More than 1000,0,1,1,0,60.0,1,0,1.2,1,0,0,0,0,0
4688,26-100,0,2,1,0,60.0,0,0,0.0,1,0,0,0,0,0
4690,500-1000,0,2,1,0,60.0,0,0,0.0,1,0,0,0,0,0
4691,More than 1000,0,2,1,0,60.0,0,0,0.0,1,0,0,0,0,0
4694,1-25,0,2,1,0,60.0,0,1,1.4,1,0,0,0,0,1493
4695,1-25,0,2,1,0,60.0,0,0,2.3,1,0,0,0,0,1508
4696,26-100,0,2,1,0,60.0,0,1,6.6,1,0,0,0,0,1508
4697,26-100,0,2,1,0,60.0,0,1,13.9,1,0,0,0,0,1508
4698,1-25,0,2,1,0,60.0,0,1,13.9,1,0,0,0,0,1508
4699,1-25,1,2,1,0,60.0,0,0,2.3,1,0,0,0,0,1508
4700,1-25,1,2,1,0,60.0,0,0,2.4,1,0,0,0,0,1508
4704,1-25,0,2,1,0,60.0,0,0,3.5,1,0,0,0,0,1507
4705,More than 1000,0,2,1,0,60.0,0,0,1.2,1,0,0,0,0,1507
4706,26-100,0,2,1,0,60.0,0,0,1.2,1,0,0,0,0,1507
4707,1-25,0,2,1,0,60.0,0,1,13.9,1,0,0,0,0,0
4708,101-500,0,2,1,0,60.0,0,1,6.6,1,0,0,0,0,0
4709,26-100,0,2,1,0,60.0,0,1,6.6,1,0,0,0,0,1506
4710,101-500,0,2,1,0,60.0,1,0,1.2,1,0,0,0,0,1506
4712,1-25,0,2,1,0,60.0,0,1,13.9,1,0,0,0,0,1506
4713,26-100,0,2,1,0,60.0,1,0,11.8,1,0,0,0,0,0
4714,500-1000,0,2,1,0,60.0,1,0,6.7,1,0,0,0,0,0
4715,26-100,0,2,1,0,60.0,1,0,1.2,1,0,0,0,0,0
4716,1-25,0,2,1,0,60.0,0,0,2.3,1,0,0,0,0,1506
4717,26-100,0,2,1,0,60.0,1,0,1.2,1,0,0,0,0,0
4718,101-500,1,1,1,4,60.0,0,1,34.9,5,0,0,0,0,1502
4719,More than 1000,0,2,1,0,60.0,0,0,2.3,1,2,3,1,0,0
4720,26-100,0,2,1,0,60.0,0,1,13.9,1,0,0,0,0,1493
4721,1-25,0,2,1,0,60.0,0,1,13.9,1,0,0,0,0,437
4722,1-25,0,2,1,0,60.0,0,1,13.9,1,0,0,0,0,0
4723,26-100,0,2,1,2,60.0,1,1,1.2,1,0,0,1,0,1502
4724,26-100,0,2,1,0,60.0,1,0,1.2,1,0,0,0,0,0
4725,1-25,0,2,1,0,60.0,1,0,2.4,1,0,0,0,0,0
4726,1-25,0,2,1,0,60.0,0,1,13.9,1,0,0,0,0,1504
4728,101-500,0,2,1,0,60.0,0,0,2.3,1,0,0,0,0,1505
4729,101-500,1,2,1,0,60.0,0,1,0.6,1,0,0,0,0,1505
4730,More than 1000,0,2,1,0,60.0,0,1,0.9,1,0,0,0,0,1504
4731,1-25,0,2,1,0,60.0,1,0,1.2,1,0,0,0,0,1499
4732,1-25,0,2,1,0,60.0,0,1,13.9,1,0,0,0,0,1504
4733,1-25,0,2,1,0,60.0,1,1,11.8,1,0,0,0,0,1504
4734,1-25,0,2,1,0,60.0,0,0,2.3,1,0,0,0,0,0
4735,1-25,0,2,1,0,60.0,1,0,1.2,1,0,0,0,0,0
4736,500-1000,1,2,1,4,60.0,1,0,69.89999999999999,6,39,2,24,3,1318
4737,500-1000,0,2,1,0,60.0,1,0,2.4,1,0,0,0,0,1502
4741,1-25,0,2,1,0,60.0,0,1,138.8,1,0,0,0,0,1502
4744,500-1000,0,2,1,0,60.0,1,0,11.8,1,0,0,0,0,1502
4745,500-1000,0,2,1,0,60.0,1,1,11.8,1,0,0,0,0,1502
4746,101-500,0,2,1,0,60.0,1,0,0.5,1,0,0,0,0,0
4747,500-1000,0,2,1,0,60.0,1,1,0.6,1,0,0,0,0,0
4748,500-1000,0,2,1,0,60.0,1,1,5.9,1,0,0,0,0,1502
4751,101-500,0,2,1,0,60.0,1,0,1.4,1,0,0,0,0,1501
4753,1-25,0,2,1,0,60.0,0,0,0.0,1,0,0,0,0,0
4754,1-25,0,2,1,0,60.0,0,0,0.0,1,0,0,0,0,1501
4755,1-25,0,2,1,0,60.0,0,0,0.0,1,0,0,0,0,1501
4756,1-25,0,2,1,0,60.0,0,1,0.0,1,0,0,0,0,0
4757,1-25,0,2,1,0,60.0,0,1,0.0,1,0,0,0,0,0
4758,1-25,0,2,1,0,60.0,0,1,0.0,1,0,0,0,0,0
4759,1-25,0,2,1,0,60.0,0,1,0.0,1,0,0,0,0,0
4760,1-25,0,2,1,0,60.0,0,1,0.0,1,0,0,0,0,0
4761,26-100,0,2,1,0,60.0,0,1,138.8,1,0,0,0,0,1501
4762,500-1000,0,2,1,0,60.0,0,0,0.0,1,0,0,0,0,0
4763,101-500,0,2,1,0,60.0,1,0,2.4,1,0,0,0,0,0
4764,1-25,0,2,1,0,60.0,1,0,2.4,1,0,0,0,0,0
4765,26-100,0,2,1,0,60.0,1,0,11.8,1,0,0,0,0,1457
4768,1-25,0,2,1,0,60.0,1,0,2.4,1,0,0,0,0,1500
4769,101-500,0,2,1,1,60.0,0,0,2.3,1,0,0,0,0,1500
4771,26-100,0,2,1,2,60.0,1,0,0.3,1,0,0,0,0,1500
4774,500-1000,0,2,1,0,60.0,1,0,4.1,1,0,0,0,0,1500
4776,1-25,0,2,1,0,60.0,0,1,13.9,1,0,0,0,0,1500
4778,101-500,0,2,1,1,60.0,1,0,11.8,1,0,1,1,0,0
4780,26-100,0,2,1,0,60.0,1,0,4.7,1,0,0,0,0,1500
4781,More than 1000,0,2,1,0,60.0,1,0,117.6,1,0,0,0,0,0
4782,500-1000,0,2,1,0,60.0,0,1,6.6,1,0,0,0,0,1500
4783,1-25,0,2,1,0,60.0,0,1,13.9,1,0,0,0,0,1499
4784,101-500,0,2,1,0,60.0,1,0,5.9,1,0,0,0,0,0
4785,26-100,0,2,1,1,60.0,1,0,6.300000000000001,2,1,1,3,0,1493
4786,26-100,0,2,1,1,60.0,0,1,6.6,1,0,1,0,0,1499
4787,101-500,0,2,1,0,60.0,1,0,3.8,1,0,0,0,0,0
4790,500-1000,0,2,1,0,60.0,1,0,0.6,1,0,0,1,0,1499
4791,500-1000,0,0,0,0,60.0,1,1,169.8,6,0,1,3,0,1466
4792,101-500,0,2,1,0,60.0,0,1,6.6,1,0,0,0,0,1499
4793,26-100,0,2,1,0,60.0,0,1,1.4,1,0,0,0,0,1499
4794,26-100,0,2,1,0,60.0,0,1,6.6,1,21,1,1,0,1498
4795,26-100,0,2,1,0,60.0,0,0,2.4,1,0,0,0,0,1498
4796,More than 1000,0,2,1,0,60.0,1,0,4.1,1,0,0,0,0,1498
4797,26-100,0,2,1,0,60.0,0,0,1.2,1,0,0,0,0,1498
4798,1-25,0,1,0,0,60.0,1,0,143.5,5,2,0,3,0,1484
4799,26-100,0,1,0,1,60.0,0,0,35545.8,8,0,0,0,0,996
4800,26-100,0,2,1,0,60.0,0,1,6.6,1,0,0,0,0,1498
4801,26-100,0,2,1,0,60.0,0,0,2.3,1,0,0,0,0,1498
4802,26-100,0,1,0,0,60.0,0,1,16782.0,9,0,0,0,0,1484
4804,26-100,0,2,1,0,60.0,0,1,13.9,1,0,0,0,0,1498
4805,26-100,0,2,1,0,60.0,0,1,13.9,1,0,0,0,0,1498
4806,26-100,0,2,1,0,60.0,0,1,13.9,1,0,0,0,0,1498
4807,26-100,0,2,1,0,60.0,1,0,41.7,1,0,0,0,0,1494
4808,101-500,0,2,0,0,60.0,0,1,148.20000000000002,3,0,0,0,0,0
4809,500-1000,1,1,0,0,60.0,0,1,117668.9,8,0,0,0,0,1493
4810,1-25,0,2,1,0,60.0,0,1,13.9,1,0,0,0,0,0
4811,101-500,0,2,1,0,60.0,0,0,2.4,1,0,0,0,0,1494
4812,1-25,0,2,1,0,60.0,0,0,1.2,1,0,0,0,0,0
4813,101-500,1,2,1,0,60.0,0,0,2.3,1,0,0,0,0,1494
4814,500-1000,0,2,1,0,60.0,1,0,2.7,1,0,0,0,0,0
4815,101-500,1,2,0,0,60.0,0,0,3.0,2,0,0,0,0,1493
4816,500-1000,0,2,1,0,60.0,0,0,2.3,1,0,0,0,0,0
4817,26-100,0,2,1,0,60.0,0,0,1.2,1,0,0,0,0,1494
4818,26-100,0,2,1,0,60.0,0,0,1.2,1,0,0,0,0,1493
4819,101-500,0,2,0,0,60.0,0,0,6.4,2,0,0,0,0,1466
4820,101-500,0,2,1,0,60.0,0,0,0.5,1,0,0,0,0,1493
4821,101-500,0,2,1,0,60.0,0,1,0.6,1,0,0,0,0,1493
4822,More than 1000,0,2,1,0,60.0,0,1,0.6,1,0,0,0,0,1493
4823,26-100,0,2,1,0,60.0,0,0,2.3,1,0,0,0,0,1493
4824,101-500,0,2,1,2,60.0,0,0,2.3,1,0,0,0,0,1478
4825,101-500,0,2,1,0,60.0,0,0,2.3,1,0,0,0,0,1493
4826,101-500,0,2,1,0,60.0,1,0,6.5,1,0,0,0,0,0
4827,101-500,0,2,1,0,60.0,1,0,5.3,1,0,0,0,0,0
4828,101-500,0,2,1,0,60.0,1,0,2.8,1,0,0,0,0,0
4829,101-500,0,2,1,0,60.0,0,0,0.4,1,0,0,0,0,0
4830,500-1000,1,1,0,0,60.0,0,0,25.200000000000003,7,0,0,0,0,1493
4831,500-1000,0,2,1,0,60.0,0,0,0.4,1,0,0,0,0,1493
4832,101-500,0,2,0,0,60.0,1,1,249.3,6,0,0,0,0,1493
4833,26-100,0,2,1,0,60.0,0,1,6.6,1,0,0,0,0,1493
4834,101-500,0,2,1,0,60.0,0,1,6.6,1,0,0,0,0,1493
4836,500-1000,0,2,1,0,60.0,0,1,138.8,1,0,0,0,0,1467
4837,500-1000,0,2,1,0,60.0,0,1,138.8,1,0,0,0,0,1484
4838,26-100,0,2,1,0,60.0,0,0,2.3,1,0,0,0,0,1493
4839,26-100,0,2,1,0,60.0,1,0,176.5,1,0,0,0,0,1493
4840,1-25,0,2,1,0,60.0,0,1,6.6,1,0,0,0,0,0
4841,26-100,0,2,1,0,60.0,1,0,0.4,1,0,0,0,0,1493
4842,26-100,0,2,1,0,60.0,0,0,2.3,1,0,0,0,0,1493
4843,26-100,0,2,1,0,60.0,0,0,2.3,1,0,0,0,0,1480
4844,1-25,0,2,1,0,60.0,0,0,0.0,1,0,0,0,0,0
4845,1-25,1,2,0,0,60.0,0,0,5.1,3,0,0,0,0,1493
4846,26-100,0,2,1,0,60.0,0,1,9.5,3,0,0,0,0,1458
4847,500-1000,1,1,1,0,1860.0,0,0,35.0,7,0,0,0,0,451
4848,1-25,0,2,1,0,60.0,1,0,9.2,1,0,0,0,0,1493
4849,26-100,0,2,1,0,60.0,0,1,14.8,2,0,0,0,0,0
4851,101-500,0,2,1,0,60.0,1,0,4.1,1,0,0,0,0,1102
4852,1-25,0,2,1,0,60.0,1,0,40.6,1,0,0,0,0,1493
4853,26-100,0,2,1,1,60.0,0,1,23.0,9,0,0,0,0,0
4854,101-500,0,2,1,0,60.0,0,1,34859.9,5,0,0,0,0,1102
4855,101-500,0,2,1,0,60.0,0,0,2.8,1,0,0,0,0,1493
4856,101-500,0,2,1,0,60.0,0,0,11.7,2,0,0,0,0,1492
4858,500-1000,0,2,1,0,60.0,1,0,117.6,1,0,0,0,0,1492
4859,500-1000,0,2,1,0,60.0,1,1,1176.5,1,0,0,0,0,1492
4860,500-1000,0,2,1,0,60.0,1,0,117.6,1,0,0,0,0,1492
4862,101-500,0,2,1,0,60.0,1,0,117.6,1,0,0,0,0,0
4863,101-500,0,2,1,0,60.0,1,1,0.6,1,0,0,0,0,1492
4864,26-100,0,2,1,0,60.0,0,1,6.6,1,0,0,0,0,0
4865,26-100,0,2,1,0,60.0,1,1,49.1,1,0,0,0,0,1492
4866,26-100,0,2,1,0,60.0,1,0,5.4,1,0,0,0,0,0
4867,101-500,0,2,1,0,60.0,0,0,2.8,2,0,0,0,0,1492
4868,26-100,0,2,1,0,60.0,1,0,11.8,1,0,0,0,0,1492
4869,101-500,0,2,1,0,60.0,1,0,1.2,1,0,0,0,0,0
4870,101-500,0,2,0,0,60.0,1,0,4.1,1,0,0,0,0,1492
4871,101-500,0,2,0,0,60.0,1,0,0.5,1,0,0,0,0,0
4872,101-500,0,2,1,0,60.0,0,0,0.0,1,0,0,0,0,0
4873,26-100,0,2,1,0,60.0,0,0,2.3,1,0,0,0,0,0
4874,101-500,0,2,1,1,60.0,0,0,9.2,4,12,3,3,13,1484
4876,26-100,0,2,1,0,60.0,1,1,117.6,1,0,0,0,0,1492
4877,500-1000,0,2,1,0,60.0,1,0,11.8,1,0,0,0,0,0
4878,26-100,0,2,1,0,60.0,1,0,1176.5,1,0,0,0,0,0
4879,101-500,0,2,1,0,60.0,1,0,117.6,1,0,0,0,0,0
4880,26-100,0,2,1,0,60.0,1,0,1176.5,1,0,0,0,0,1492
4881,More than 1000,0,2,1,0,60.0,1,0,14.1,2,0,0,0,0,1491
4882,101-500,0,2,0,0,60.0,0,1,138.8,1,0,0,0,0,1492
4883,101-500,0,2,1,1,60.0,0,0,2.3,1,0,0,1,0,1492
4884,101-500,0,2,1,0,60.0,0,0,2.3,1,0,0,0,0,0
4886,26-100,0,2,1,0,60.0,1,0,0.5,1,0,0,0,0,0
4887,26-100,0,2,1,0,60.0,1,0,0.4,1,0,0,0,0,0
4888,101-500,0,2,1,0,60.0,1,0,11.8,1,0,0,0,0,0
4889,101-500,0,2,1,0,60.0,1,1,117.6,1,0,0,0,0,1491
4890,1-25,0,2,1,0,60.0,0,0,0.4,1,0,0,0,0,1491
4891,26-100,0,2,1,0,60.0,1,0,117.6,1,0,0,0,0,1491
4892,1-25,0,2,1,0,60.0,1,1,11.8,1,0,0,0,0,1491
4893,26-100,0,2,1,0,60.0,0,1,0.4,1,0,0,0,0,1491
4894,26-100,0,2,1,0,60.0,1,1,1.7999999999999998,2,0,0,0,0,1491
4895,101-500,0,2,0,0,60.0,1,1,118.0,2,0,0,0,0,1491
4896,1-25,0,2,1,2,60.0,0,0,0.0,1,0,0,0,0,0
4897,500-1000,0,2,0,0,60.0,0,0,1.0,2,0,0,0,0,1491
4898,500-1000,0,2,1,0,60.0,1,1,11.8,1,0,0,0,0,1491
4900,101-500,0,2,1,0,60.0,1,0,6.4,1,0,0,0,0,0
4901,500-1000,0,2,1,0,60.0,1,0,0.6,1,0,0,0,0,1488
4902,101-500,1,2,1,3,60.0,1,1,31.6,4,28,2,13,11,1455
4906,1-25,0,2,1,0,60.0,0,1,0.6,1,0,0,0,0,1487
4907,26-100,1,2,1,0,60.0,0,1,0.6,1,0,0,0,0,1487
4908,26-100,0,2,1,0,60.0,1,1,7.300000000000001,2,0,0,0,0,1486
4909,101-500,0,2,1,0,60.0,0,0,2.3,1,0,0,0,0,0
4910,26-100,0,2,1,1,60.0,0,0,2.3,1,4,3,7,0,1485
4915,1-25,0,2,1,0,60.0,0,0,0.0,1,0,1,0,0,1484
4916,26-100,0,2,1,1,60.0,0,0,2.3,1,0,0,1,0,1484
4918,1-25,0,2,1,0,60.0,0,1,138.8,1,0,0,1,0,1484
4919,26-100,0,2,1,0,60.0,1,1,1.2,1,0,0,0,0,0
4925,101-500,0,2,1,0,60.0,0,1,138.8,1,0,0,0,0,0
4928,26-100,0,2,1,0,60.0,1,0,1.2,1,0,0,0,0,0
4929,26-100,0,2,1,0,60.0,0,0,3.5,2,0,0,0,0,1480
4931,101-500,0,2,1,0,60.0,1,0,1.2,1,0,0,0,0,0
4932,26-100,0,2,1,0,60.0,1,0,1.2,1,0,0,0,0,0
4933,26-100,0,2,1,0,60.0,1,0,1.2,1,0,0,0,0,0
4934,101-500,0,2,1,0,60.0,1,1,1.2,1,0,0,0,0,0
4935,1-25,0,2,1,0,60.0,1,1,1.2,1,0,0,0,0,0
4936,26-100,0,2,1,0,60.0,0,1,6.6,1,0,0,0,0,1479
4941,26-100,0,2,1,0,60.0,1,0,1.2,1,0,0,0,0,1478
4942,101-500,1,2,1,4,60.0,1,1,26.4,4,0,0,0,0,1459
4944,101-500,0,2,1,1,60.0,0,1,138.8,1,0,1,2,0,1470
4946,500-1000,0,2,1,0,60.0,0,1,6.6,1,0,0,0,0,1464
4947,More than 1000,0,2,1,0,60.0,1,0,58.8,1,0,0,0,0,1477
4948,1-25,0,2,1,0,60.0,0,1,1.4,1,0,0,0,0,1470
4949,101-500,0,2,1,0,60.0,1,0,8.2,1,0,0,0,0,0
4950,26-100,0,2,1,0,60.0,1,0,3.5,1,0,0,0,0,1471
4951,26-100,0,2,1,0,60.0,0,1,0.6,1,0,0,0,0,1474
4952,500-1000,0,2,1,0,60.0,1,0,3.5,2,0,1,0,0,1456
4954,26-100,0,2,1,0,60.0,1,0,3.5,2,0,0,0,0,1473
4960,500-1000,0,2,0,0,60.0,1,0,293.2,3,0,0,0,0,1472
4961,101-500,0,2,1,0,60.0,0,0,0.3,1,0,1,0,0,1456
4962,101-500,0,2,1,0,60.0,1,1,7.300000000000001,2,0,0,1,0,1471
4964,1-25,0,2,1,0,60.0,1,1,2.0,2,0,0,0,0,1471
4968,26-100,0,2,1,6,60.0,1,0,1.2,1,0,0,0,0,1471
4978,101-500,0,2,1,0,60.0,1,1,6.6,1,2,1,1,0,1470
4989,26-100,0,2,1,0,60.0,0,1,13.9,1,0,0,0,0,0
4991,26-100,0,2,1,0,60.0,1,1,1.2,1,0,0,0,0,0
4992,1-25,0,2,1,0,60.0,0,1,2.8,1,0,0,0,0,1468
4994,1-25,1,1,0,0,60.0,0,1,74.30000000000001,5,0,0,0,0,1466
4999,26-100,0,1,0,0,60.0,0,1,7.5,3,0,1,1,0,1466
5000,1-25,1,1,0,1,60.0,0,1,76.2,4,3,1,5,1,1463
5001,26-100,0,1,0,0,60.0,0,0,4.9,3,0,0,0,0,1467
5002,101-500,1,2,1,2,60.0,0,0,4.6,2,11,2,5,5,1435
5026,101-500,0,2,1,0,60.0,0,0,2.3,1,0,0,0,0,0
5027,1-25,0,2,1,1,60.0,0,0,5.9,3,0,0,0,0,1453
5028,500-1000,0,2,1,0,60.0,0,0,0.0,1,0,0,0,0,0
5030,26-100,0,1,1,0,60.0,1,0,1.2,1,0,0,0,0,0
5031,101-500,0,1,0,0,60.0,0,0,3.5,2,1,1,1,1,1466
5032,101-500,0,2,1,0,60.0,0,1,69.4,1,0,0,0,0,1466
5033,1-25,0,2,1,0,60.0,0,0,0.0,1,0,0,0,0,0
5034,101-500,0,2,1,0,60.0,0,0,12.5,8,0,0,0,0,1464
5035,500-1000,0,2,1,0,60.0,1,0,0.5,1,0,0,0,0,1465
5036,500-1000,0,2,1,0,60.0,0,1,4.3,3,0,0,0,0,1464
5037,101-500,0,2,1,0,60.0,1,1,2.6,2,0,0,0,0,1465
5038,1-25,0,2,1,0,60.0,0,1,2.8,1,0,0,0,0,1465
5039,1-25,0,2,1,0,60.0,0,0,2.1,3,0,0,0,0,1457
5040,1-25,0,2,1,0,60.0,0,1,2.1,2,0,0,0,0,0
5041,26-100,0,2,1,0,60.0,0,0,1.2,1,0,0,0,0,1465
5042,101-500,0,2,1,0,60.0,0,1,2.1,1,0,0,0,0,1465
5043,26-100,0,2,1,0,60.0,0,0,1.8,1,0,0,0,0,1465
5044,26-100,0,2,1,0,60.0,0,1,1.2,1,0,0,0,0,1464
5045,26-100,0,2,1,0,60.0,0,1,2.8,1,0,0,11,0,1465
5046,101-500,0,2,1,0,60.0,0,1,1.4,1,0,0,0,0,0
5047,1-25,0,2,1,0,60.0,1,0,1.2,1,0,0,0,0,0
5048,26-100,1,2,1,0,60.0,0,1,138.8,1,2,1,2,1,1464
5049,26-100,0,2,1,0,60.0,0,1,138.8,1,0,0,0,0,0
5050,26-100,0,2,1,0,60.0,0,1,138.8,1,0,0,0,0,1464
5051,101-500,0,2,1,0,60.0,0,1,138.8,1,0,0,0,0,0
5052,26-100,0,2,1,0,60.0,0,0,0.0,1,0,0,0,0,1464
5053,101-500,0,2,1,0,60.0,0,0,5.9,1,0,0,0,0,1464
5054,26-100,0,2,1,0,60.0,0,0,2.3,1,0,0,0,0,0
5055,26-100,0,2,1,0,60.0,1,1,138.9,2,1,1,1,1,1456
5056,1-25,0,2,1,0,60.0,0,1,138.8,1,0,0,0,0,1464
5057,1-25,0,2,1,0,60.0,0,0,2.3,1,1,1,11,0,1460
5058,101-500,1,2,1,3,60.0,0,1,140.20000000000002,2,52,8,5,14,1456
5059,26-100,0,2,1,0,60.0,0,1,138.8,1,0,0,0,0,1464
5060,1-25,0,2,1,0,60.0,0,1,138.8,1,0,0,1,0,1464
5061,26-100,1,2,0,0,60.0,0,1,3.0,3,0,0,1,0,1463
5063,26-100,0,2,1,0,60.0,0,1,138.8,1,0,0,1,0,1457
5064,26-100,0,2,1,0,60.0,0,1,2.8,1,0,0,1,0,1463
5065,500-1000,0,2,1,0,60.0,1,0,1.1,1,0,0,0,0,1463
5066,1-25,0,2,1,0,60.0,1,1,1.1,1,0,0,0,0,1463
5068,1-25,0,2,1,0,60.0,0,0,2.3,1,0,0,0,0,1463
5069,1-25,0,2,1,1,60.0,1,1,277.6,2,0,0,2,0,1451
5070,1-25,1,2,1,1,60.0,0,1,6.9,1,0,0,0,0,1463
5071,1-25,0,2,1,0,60.0,0,1,6.9,1,0,1,0,0,1460
5072,1-25,0,2,1,0,60.0,0,1,2.8,1,0,0,0,0,1463
5073,101-500,1,2,1,7,60.0,0,0,1.2,1,5,1,2,4,1457
5080,26-100,0,2,1,1,60.0,1,0,2.4,2,0,0,0,0,1460
5081,1-25,0,2,1,2,60.0,1,1,2.8,1,0,0,0,0,1460
5090,26-100,1,2,1,1,60.0,0,1,140.5,2,0,1,6,0,1457
5092,1-25,0,2,1,0,60.0,1,1,2.8,1,0,0,0,0,0
5096,101-500,0,2,1,0,60.0,1,1,2.8,1,0,0,0,0,1460
5101,26-100,0,2,1,0,60.0,0,1,152.70000000000002,2,1,1,1,1,1459
5102,101-500,0,2,1,0,60.0,1,0,2.3,1,0,0,0,0,0
5103,26-100,0,2,1,0,60.0,0,1,2.8,1,0,0,0,0,1460
5104,101-500,0,2,1,1,60.0,1,1,138.8,1,0,0,0,0,1459
5106,26-100,0,2,0,1,60.0,1,1,73.4,3,1,1,1,0,1460
5109,1-25,1,2,1,1,60.0,0,1,2.8,1,4,1,1,2,1401
5112,101-500,0,2,1,1,60.0,1,1,138.8,1,1,1,1,0,1456
5114,101-500,0,2,1,1,60.0,1,1,138.8,1,0,0,0,0,0
5117,26-100,1,2,1,1,60.0,0,1,5.6,2,0,0,0,0,1459
5118,1-25,0,2,1,0,60.0,0,1,5.6,2,0,0,0,0,1459
5119,26-100,0,2,1,0,60.0,0,1,2.8,1,0,0,0,0,1459
5121,101-500,0,2,1,0,60.0,0,1,4.199999999999999,2,0,1,0,0,1456
5123,26-100,0,2,1,0,60.0,0,1,2.8,1,3,0,14,0,1459
5124,26-100,0,2,1,0,60.0,0,0,0.1,1,0,0,0,0,0
5125,1-25,1,2,0,1,60.0,1,1,70.60000000000001,2,0,0,0,0,1456
5127,101-500,0,2,1,1,60.0,1,1,138.8,1,9,2,2,2,1449
5130,101-500,0,2,1,0,60.0,1,1,140.20000000000002,2,0,0,1,0,1454
5131,26-100,0,2,0,1,60.0,1,1,140.0,2,2,1,1,0,1456
5134,101-500,0,2,1,2,60.0,0,1,2.8,1,0,1,1,0,1458
5137,101-500,0,2,1,0,60.0,0,1,1.2,1,0,0,0,0,0
5138,26-100,0,2,1,0,60.0,1,1,69.4,1,0,0,0,0,0
5139,1-25,0,2,0,0,60.0,0,1,2.8,1,0,0,0,0,0
5140,1-25,0,2,1,0,60.0,0,1,2.8,1,0,0,0,0,0
5141,1-25,0,2,1,0,60.0,0,1,2.8,1,0,0,0,0,0
5142,1-25,0,2,1,0,60.0,0,1,72.2,2,0,0,0,0,0
5143,26-100,0,2,1,0,60.0,0,1,2.9,2,0,0,0,0,1456
5145,101-500,0,2,1,0,60.0,0,1,2.8,1,0,0,0,0,0
5146,26-100,0,2,1,0,60.0,0,0,2.6,1,0,0,0,0,1458
5147,26-100,0,2,0,0,60.0,0,0,0.4,2,0,0,0,0,0
5148,101-500,0,2,1,2,60.0,1,1,138.8,1,2,4,2,0,1457
5149,500-1000,1,2,0,2,60.0,0,1,23.0,6,0,1,12,0,1457
5150,26-100,0,2,0,1,60.0,1,1,142.8,3,1,1,1,1,1456
5151,1-25,0,2,1,0,60.0,0,1,1.2,1,0,0,0,0,1458
5160,101-500,0,2,1,1,60.0,0,1,2.8,1,0,0,0,0,1457
5163,1-25,0,2,1,0,60.0,0,0,0.0,1,0,0,0,0,0
5164,1-25,0,2,1,0,60.0,1,1,138.8,1,0,1,3,0,0
5165,More than 1000,0,2,1,0,60.0,0,1,2.3,1,0,0,4,0,1457
5166,26-100,1,2,1,2,60.0,0,0,57.9,8,0,0,2,0,1456
5169,101-500,1,1,0,1,60.0,1,1,7.899999999999999,4,0,0,0,0,1457
5174,101-500,1,2,0,1,60.0,1,1,74.6,3,0,0,0,0,1456
5176,26-100,0,2,0,0,60.0,1,1,83.80000000000001,2,0,0,0,0,1456
5178,101-500,0,2,1,0,60.0,1,1,2.3,1,0,0,0,0,1456
5179,500-1000,0,2,1,0,60.0,0,1,8.8,3,0,0,0,0,1456
5180,26-100,0,2,1,1,60.0,1,1,138.8,1,2,2,1,0,1455
5181,101-500,0,2,1,0,60.0,1,1,138.8,1,0,0,0,0,1454
5183,1-25,0,2,1,0,60.0,0,1,2.8,1,0,0,0,0,1456
5184,101-500,0,2,1,1,60.0,1,1,72.2,2,0,0,0,0,1456
5186,26-100,0,2,1,1,60.0,1,1,910.6,13,0,0,0,0,1452
5188,101-500,0,2,1,1,60.0,1,1,138.8,1,0,0,0,0,1456
5190,101-500,0,2,1,4,60.0,1,1,69.4,1,0,0,0,0,1406
5191,26-100,0,2,1,3,60.0,0,1,5.6,2,0,0,0,0,1445
5193,101-500,1,2,1,4,60.0,1,0,75.5,9,0,2,4,0,1455
5201,26-100,0,2,1,1,60.0,1,1,142.3,2,19,2,1,1,1435
5204,26-100,0,2,1,0,60.0,1,1,141.60000000000002,2,0,0,0,0,1455
5205,500-1000,0,2,1,0,60.0,0,1,5.1,2,0,0,0,0,0
5206,1-25,0,2,1,0,60.0,0,1,141.60000000000002,2,0,0,0,0,1455
5207,101-500,0,2,1,0,60.0,0,1,5.6,2,0,0,0,0,1455
5208,101-500,0,2,1,0,60.0,1,1,138.8,1,0,0,0,0,1455
5212,101-500,0,2,1,0,60.0,1,1,72.2,2,0,0,0,0,1455
5213,101-500,1,2,1,1,60.0,1,1,69.4,1,0,0,0,0,1455
5215,26-100,1,2,1,0,60.0,0,1,2.8,1,0,0,1,0,1455
5216,1-25,1,1,1,1,60.0,0,0,9.2,4,0,0,0,0,1454
5217,26-100,1,2,0,0,60.0,1,1,77.10000000000001,6,0,0,0,0,1454
5219,26-100,0,2,1,0,60.0,0,0,2.3,1,0,0,0,0,1454
5220,101-500,1,1,0,1,60.0,0,1,86.20000000000002,9,0,0,0,0,1437
5221,101-500,1,2,1,1,60.0,0,1,2.8,1,0,0,0,0,1455
5224,1-25,1,2,1,1,60.0,1,0,12.1,3,0,0,0,0,1453
5225,More than 1000,1,2,0,1,60.0,0,1,362.3,10,0,0,0,0,1454
5228,101-500,1,2,0,1,60.0,1,1,75.80000000000001,6,0,1,11,0,1451
5229,26-100,0,2,1,0,60.0,0,0,4.6,2,0,0,0,0,0
5230,500-1000,0,2,1,0,60.0,0,1,105.9,1,0,0,0,0,1446
5231,101-500,0,1,0,2,60.0,1,1,150.5,7,0,0,0,0,1454
5233,101-500,0,1,0,1,60.0,1,1,5942.699999999999,5,0,0,0,0,1453
5234,101-500,0,2,1,0,60.0,0,0,1.2,1,0,0,0,0,1454
5235,26-100,0,2,1,0,60.0,1,0,3.5,1,0,0,0,0,1454
5236,101-500,0,2,1,0,60.0,1,0,61.1,2,0,0,0,0,1454
5237,500-1000,1,2,1,1,60.0,0,1,5.9,2,0,0,0,0,1454
5239,26-100,0,2,1,0,60.0,1,0,2.3,1,0,0,0,0,1454
5240,26-100,0,2,1,0,60.0,0,0,2.3,1,0,0,0,0,1454
5241,101-500,0,2,0,3,60.0,0,1,218.50000000000003,7,0,0,0,0,1453
5242,26-100,0,2,1,1,60.0,1,0,2.3,1,0,0,0,0,0
5246,1-25,0,2,1,0,60.0,1,0,2.3,1,0,0,0,0,0
5249,26-100,0,2,1,0,60.0,1,1,138.8,1,0,0,0,0,1432
5250,500-1000,1,2,1,1,60.0,1,1,55.5,1,0,0,0,0,0
5252,26-100,0,2,1,0,60.0,0,0,2.3,1,1,1,0,1,1454
5258,26-100,1,2,1,1,60.0,1,1,58.8,1,0,0,0,0,0
5259,26-100,0,2,1,0,60.0,1,0,63.4,3,0,0,0,0,1441
5261,26-100,1,2,1,0,60.0,0,0,2.4,1,0,0,0,0,0
5262,1-25,0,2,1,0,60.0,1,0,2.3,1,0,0,0,0,1452
5269,26-100,0,2,1,0,60.0,0,1,2.8,1,0,1,1,0,1451
5270,1-25,0,1,0,0,0.0,0,0,0.0,0,0,0,0,0,0
5275,500-1000,0,2,1,0,60.0,0,0,1.2,1,0,0,0,0,0
5276,1-25,0,2,1,0,60.0,0,0,1.2,1,0,0,0,0,1450
5277,1-25,0,2,1,0,60.0,1,1,61.6,2,0,0,0,0,1450
5278,500-1000,0,2,1,0,60.0,1,1,69.4,1,0,0,1,0,1448
5279,26-100,0,2,1,0,60.0,1,1,69.4,1,0,0,0,0,1448
5280,101-500,0,2,1,0,60.0,0,1,2.8,1,0,0,0,0,1448
5281,26-100,0,2,1,0,60.0,1,1,69.4,1,4,1,1,0,1438
5282,26-100,0,2,1,0,60.0,0,1,352.90000000000003,2,0,0,0,0,1401
5283,101-500,0,2,1,0,60.0,0,0,11.5,2,0,0,0,0,0
5287,101-500,0,2,1,0,60.0,1,1,69.4,1,0,0,0,0,1447
5289,26-100,0,2,1,0,60.0,1,1,69.4,1,0,0,0,0,1447
5290,26-100,0,2,1,0,60.0,1,1,69.4,1,0,0,0,0,0
5292,26-100,0,2,1,0,60.0,1,1,138.8,1,1,1,1,1,1446
5293,101-500,0,2,1,0,60.0,1,1,141.10000000000002,2,1,1,1,1,0
5294,26-100,0,2,1,0,60.0,1,1,72.2,3,0,0,0,0,0
5295,101-500,0,2,1,0,60.0,1,1,138.8,1,9,2,9,5,1421
5296,1-25,0,2,1,0,60.0,0,1,2.8,1,0,0,0,0,1438
5297,1-25,0,2,1,1,60.0,0,1,555.3,2,0,0,0,0,0
5299,26-100,0,2,1,0,60.0,0,0,5.9,1,0,0,1,0,0
5300,1-25,0,2,1,1,60.0,1,1,232.8,2,0,0,0,0,1418
5302,1-25,0,2,1,1,60.0,0,1,555.3,2,0,0,0,0,0
5304,1-25,0,2,1,1,60.0,0,1,555.3,2,0,0,0,0,0
5306,1-25,0,2,1,1,60.0,0,1,555.3,2,0,0,0,0,0
5308,1-25,0,2,1,1,60.0,0,1,555.3,2,0,0,0,0,0
5310,1-25,0,2,1,1,60.0,0,1,8191.500000000001,24,0,0,0,0,1417
5312,26-100,0,2,1,1,60.0,0,1,555.3,2,0,0,0,0,1417
5314,1-25,0,2,1,1,60.0,0,1,2290.8,7,0,0,0,0,1417
5316,1-25,0,2,1,1,60.0,0,1,555.3,2,0,0,0,0,0
5318,1-25,0,2,1,1,60.0,0,1,555.3,2,0,0,0,0,0
5320,1-25,0,2,1,1,60.0,0,1,555.3,2,0,0,0,0,1417
5322,1-25,0,2,1,1,60.0,0,1,40124.7,116,0,0,0,0,1417
5324,1-25,0,2,1,1,60.0,0,1,902.4,3,0,0,0,0,1409
5326,500-1000,0,2,1,0,60.0,1,0,62.2,2,0,0,0,0,1114
5328,101-500,0,2,1,0,60.0,0,0,5.9,1,0,1,1,0,1409
5329,26-100,0,2,1,0,60.0,0,1,208.2,1,0,0,0,0,1410
5330,101-500,0,2,1,0,60.0,0,1,347.1,1,0,0,0,0,1410
5331,1-25,0,2,1,0,60.0,0,1,208.2,1,0,0,0,0,1409
5332,1-25,0,2,1,0,60.0,0,0,5.9,1,0,0,0,0,0
5333,500-1000,0,2,1,1,60.0,0,1,208.2,1,2,1,0,1,1362
5335,500-1000,1,1,0,17,60.0,0,0,328.1,11,519,71,89,203,961
5337,26-100,0,2,1,1,60.0,0,1,347.1,1,7,1,1,0,1362
5339,101-500,0,2,1,0,60.0,0,0,5.9,1,0,0,0,0,1409
5340,500-1000,0,2,1,0,60.0,0,1,347.1,1,0,0,0,0,1359
5341,500-1000,1,2,1,2,60.0,0,0,5.9,1,3,1,6,3,1313
5342,101-500,0,2,1,1,60.0,0,1,208.2,1,0,1,10,0,1409
5343,500-1000,0,2,1,0,60.0,0,0,5.9,1,0,0,0,0,1409
5344,500-1000,1,2,1,1,60.0,0,0,11.8,2,0,1,10,0,1107
5345,26-100,0,2,1,1,60.0,0,0,5.9,1,2,1,13,0,1404
5346,26-100,0,2,1,1,60.0,0,1,6.9,1,1,1,10,0,1409
5350,101-500,0,2,1,0,60.0,0,0,5.9,1,0,0,0,0,1409
5352,101-500,0,2,1,1,60.0,0,1,208.2,1,0,1,12,0,1403
5355,26-100,0,2,1,0,60.0,0,0,0.0,1,1,1,1,1,1355
5356,101-500,0,2,1,1,60.0,0,1,1943.7,6,1,0,6,0,1400
5358,26-100,0,2,1,1,60.0,1,0,477.2,7,1,1,1,0,1395
5360,26-100,0,2,1,2,60.0,0,1,588.2,2,0,0,4,0,1396
5361,26-100,0,2,1,0,60.0,0,0,5.9,1,0,0,0,0,1403
5362,26-100,0,2,1,0,60.0,0,0,5.9,1,0,0,0,0,0
5381,101-500,0,2,1,0,60.0,0,0,5.9,1,0,0,0,0,1402
5382,500-1000,1,2,0,1,60.0,0,1,3025.0,11,11,2,2,9,1389
5385,500-1000,0,2,1,0,60.0,0,0,5.9,1,0,1,1,0,0
5386,101-500,1,2,1,2,60.0,0,0,17.700000000000003,3,0,0,4,0,1401
5389,1-25,0,2,1,1,60.0,0,0,5.9,1,9,2,1,8,1366
5391,1-25,0,2,1,1,60.0,0,1,347.1,1,0,0,0,0,0
5393,1-25,0,2,1,0,60.0,0,0,70.89999999999999,6,0,0,0,0,1397
5394,500-1000,0,2,1,2,60.0,1,0,123.5,3,3,4,21,0,1394
5395,1-25,1,2,1,0,60.0,0,1,208.2,1,0,0,0,0,1383
5397,101-500,0,2,1,1,60.0,0,1,347.1,1,37,4,4,6,1394
5401,1-25,0,2,1,0,60.0,1,0,117.6,2,5,2,1,2,1388
5403,101-500,1,2,1,1,60.0,0,1,624.5999999999999,3,16,5,14,1,1319
5404,26-100,1,2,1,0,60.0,0,1,208.2,1,11,2,4,8,1102
5405,101-500,0,2,1,0,60.0,0,0,6.0,2,0,1,0,0,1395
5406,26-100,0,2,1,0,60.0,1,0,11.8,1,0,0,0,0,1395
5407,101-500,0,2,1,0,60.0,0,1,347.1,1,0,0,0,0,1395
5408,26-100,0,2,1,0,60.0,1,0,62.2,2,0,0,0,0,1340
5409,101-500,0,2,1,0,60.0,0,1,347.1,1,1,2,0,0,1395
5410,26-100,1,2,1,0,60.0,0,1,347.1,1,0,0,0,0,1395
5411,26-100,1,2,1,0,60.0,0,1,208.2,1,0,0,0,0,1395
5413,26-100,1,2,1,1,60.0,0,1,208.2,1,3,1,1,2,1395
5414,1-25,0,2,1,0,60.0,1,0,62.2,2,0,1,0,0,1394
5416,101-500,0,2,1,9,60.0,0,1,347.1,1,12,1,1,1,1387
5417,26-100,1,2,1,1,60.0,1,0,237.0,6,69,5,4,38,1320
5418,500-1000,0,2,1,0,60.0,1,0,5.9,1,0,0,0,0,1394
5419,500-1000,0,2,1,0,60.0,1,0,62.2,2,0,0,0,0,1394
5420,101-500,0,2,1,0,60.0,0,0,0.0,1,0,1,0,0,1394
5421,1-25,1,2,1,1,60.0,0,0,0.0,1,11,1,1,11,1394
5423,26-100,0,2,1,1,60.0,0,1,208.2,1,4,1,1,0,0
5424,26-100,1,2,1,1,60.0,0,1,208.2,1,3,1,1,3,1389
5425,101-500,0,2,1,0,60.0,0,1,347.1,1,6,1,1,2,1388
5426,26-100,0,2,1,0,60.0,1,0,56.3,1,0,0,0,0,1394
5428,101-500,0,2,1,1,60.0,0,1,1773.1,6,11,6,1,10,1262
5429,101-500,1,2,1,2,60.0,0,1,208.2,1,4,1,1,0,1386
5430,101-500,0,2,1,0,60.0,0,1,347.1,1,11,4,2,9,1393
5431,26-100,0,2,1,0,60.0,1,1,2.4,1,0,1,0,0,1390
5432,500-1000,0,2,1,0,60.0,0,1,208.2,1,0,0,0,0,0
5435,101-500,0,2,1,0,60.0,0,0,0.0,1,0,0,0,0,0
5436,1-25,0,2,1,0,60.0,0,0,0.0,1,0,0,0,0,0
5437,101-500,0,2,1,0,60.0,0,0,5.9,1,0,0,0,0,1393
5441,26-100,0,2,1,1,60.0,0,1,208.2,1,4,1,0,4,1390
5449,500-1000,0,2,1,1,60.0,0,1,176.5,1,2,1,1,2,1390
5453,1-25,0,2,1,0,60.0,0,0,5.9,2,0,0,0,0,1390
5454,1-25,0,2,1,0,60.0,0,1,0.0,1,0,0,0,0,1390
5457,1-25,0,2,1,0,60.0,0,1,0.0,1,0,0,0,0,1390
5458,1-25,0,2,1,0,60.0,0,0,0.0,1,0,0,0,0,1390
5461,26-100,0,2,1,0,60.0,0,0,5.9,2,1,1,0,1,1379
5462,26-100,0,2,1,0,60.0,1,1,117.6,1,0,0,0,0,1389
5463,26-100,0,2,1,0,60.0,0,1,208.2,1,11,1,1,0,1388
5464,101-500,0,2,1,0,60.0,1,1,277.6,1,0,0,0,0,1389
5465,26-100,0,2,1,0,60.0,1,0,118.5,3,4,1,1,0,1389
5466,1-25,0,2,1,0,60.0,0,1,208.2,1,0,0,0,0,1389
5470,26-100,1,2,1,0,60.0,1,1,464.7000000000001,2,1,1,1,0,1386
5473,500-1000,0,2,1,0,60.0,1,0,62.2,3,0,0,0,0,1388
5474,1-25,0,2,1,0,60.0,0,0,176.5,1,0,0,0,0,1348
5475,1-25,0,2,1,0,60.0,0,1,208.2,1,0,0,0,0,0
5476,1-25,0,2,1,0,60.0,0,1,208.2,1,0,0,0,0,0
5477,101-500,0,2,1,0,60.0,0,1,208.2,1,0,0,0,0,1387
5478,101-500,0,2,1,0,60.0,1,0,470.6,1,0,0,0,0,1388
5479,26-100,0,2,1,0,60.0,0,0,176.5,1,0,0,0,0,1387
5480,26-100,0,2,1,0,60.0,0,0,176.5,1,0,0,0,0,1388
5482,1-25,0,2,1,0,60.0,0,1,0.0,1,0,0,0,0,1388
5483,1-25,0,2,1,0,60.0,0,0,0.0,1,0,0,0,0,1387
5485,26-100,0,2,1,0,60.0,0,0,17.6,1,0,0,0,0,0
5486,101-500,0,2,1,0,60.0,0,0,0.0,1,0,0,0,0,0
5487,1-25,0,2,1,0,60.0,0,0,5.9,1,0,0,0,0,0
5488,101-500,0,2,1,0,60.0,0,0,0.0,1,0,0,0,0,1387
5489,500-1000,0,2,1,0,60.0,1,0,5.9,2,0,0,0,0,1387
5490,26-100,0,2,1,0,60.0,0,0,294.1,1,0,0,0,0,1387
5491,101-500,0,2,1,0,60.0,0,0,0.0,1,0,0,1,0,1387
5492,101-500,1,2,1,0,60.0,0,1,208.2,1,110,3,4,7,1381
5493,26-100,0,2,1,0,60.0,1,0,112.6,2,0,1,0,0,1348
5494,26-100,0,2,1,0,60.0,1,0,56.3,2,0,0,0,0,1325
5495,500-1000,0,2,1,0,60.0,1,0,68.1,3,0,0,1,0,1387
5496,1-25,0,2,1,0,60.0,1,0,5.9,2,0,0,0,0,1387
5497,26-100,0,2,1,0,60.0,0,1,208.2,1,0,0,0,0,0
5498,26-100,0,2,1,1,60.0,0,1,208.2,1,1,1,1,0,1386
5499,26-100,0,2,1,0,60.0,0,1,347.1,1,0,0,0,0,1386
5501,26-100,1,2,1,0,60.0,0,1,347.1,1,0,0,0,0,1382
5502,500-1000,1,2,1,0,60.0,1,1,117.6,1,2,1,2,1,1385
5503,26-100,1,1,1,0,60.0,1,0,62.2,3,0,0,0,0,1386
5504,500-1000,0,2,1,0,60.0,0,1,555.3,2,0,0,0,0,1385
5505,26-100,1,2,1,0,60.0,0,1,208.2,1,1,1,1,1,1385
5507,26-100,0,2,1,0,60.0,0,1,555.3,2,0,0,0,0,1386
5509,1-25,0,2,1,0,60.0,0,0,0.0,1,0,0,0,0,1383
5510,26-100,1,2,1,1,60.0,1,0,112.6,2,0,1,2,0,1361
5511,26-100,1,2,1,0,60.0,0,0,5.9,1,0,0,0,0,1382
5512,101-500,0,2,0,0,60.0,1,1,514.1,3,9,1,1,0,1376
5513,101-500,1,2,1,1,60.0,0,1,208.2,1,0,0,0,0,1383
5514,101-500,1,2,1,0,60.0,1,1,672.9,3,0,0,0,0,1383
5515,1-25,1,2,1,0,60.0,0,1,208.2,1,0,1,1,0,1376
5517,26-100,0,2,1,0,60.0,0,1,555.3,2,0,0,0,0,1383
5518,500-1000,0,2,1,0,60.0,0,1,208.2,1,0,0,0,0,0
5519,26-100,0,2,1,0,60.0,1,1,66.5,1,0,0,0,0,1383
5520,26-100,0,2,1,0,60.0,0,1,347.1,1,0,0,0,0,1379
5521,26-100,0,2,1,0,60.0,0,1,555.3,2,0,0,0,0,1383
5522,26-100,1,2,1,0,60.0,0,1,208.2,1,0,0,0,0,1380
5523,26-100,0,2,1,0,60.0,0,1,555.3,2,0,0,0,0,1383
5524,26-100,1,2,1,1,60.0,0,1,347.1,1,0,0,0,0,1382
5526,26-100,1,2,1,3,60.0,1,1,352.79999999999995,3,74,4,4,32,1296
5527,101-500,0,2,1,0,60.0,0,1,208.2,1,0,0,0,0,1382
5528,26-100,0,2,0,0,60.0,0,1,347.1,1,0,0,0,0,0
5529,26-100,0,2,1,0,60.0,0,1,347.1,1,3,1,1,1,1381
5530,1-25,0,2,1,0,60.0,0,1,347.1,1,8,1,1,2,1380
5531,101-500,0,2,1,0,60.0,0,1,208.2,1,0,1,2,0,1348
5533,26-100,1,2,1,0,60.0,0,1,208.2,1,0,0,0,0,0
5534,101-500,0,2,1,1,60.0,0,1,208.2,1,0,0,0,0,1380
5535,1-25,0,2,1,0,60.0,0,1,208.2,1,1,1,0,0,0
5537,1-25,0,2,1,0,60.0,0,0,5.9,1,0,0,0,0,1380
5538,26-100,0,2,1,1,60.0,0,1,347.1,1,35,2,1,7,1369
5540,26-100,0,2,1,0,60.0,0,0,11.8,2,0,0,0,0,1380
5541,101-500,0,2,1,0,60.0,0,0,5.9,1,0,0,0,0,1380
5542,101-500,0,2,1,0,60.0,0,0,5.9,1,0,0,0,0,1361
5543,101-500,0,2,1,0,60.0,0,0,5.9,1,0,0,0,0,1379
5544,101-500,0,2,1,0,60.0,0,1,208.2,1,0,0,0,0,1379
5545,26-100,0,2,1,0,60.0,1,0,5.9,1,0,0,0,0,1379
5546,500-1000,1,2,1,0,60.0,0,1,208.2,1,0,0,0,0,0
5547,26-100,0,2,1,0,60.0,0,0,5.9,1,0,0,0,0,1379
5548,26-100,0,2,1,0,60.0,0,0,5.9,1,0,0,0,0,0
5549,1-25,0,2,1,0,60.0,0,1,208.2,1,0,0,0,0,0
5550,101-500,0,1,1,1,60.0,0,0,7.7,2,7,2,3,1,1047
5551,26-100,0,2,1,0,60.0,0,0,7.7,2,0,0,0,0,0
5552,500-1000,0,2,1,0,60.0,0,0,5.9,1,0,0,0,0,1379
5553,101-500,0,2,1,0,60.0,0,0,5.9,1,0,0,0,0,1379
5554,26-100,0,2,1,0,60.0,0,0,5.9,1,0,0,0,0,1379
5555,1-25,0,2,1,0,60.0,0,0,5.9,1,0,0,0,0,0
5556,26-100,0,2,1,0,60.0,1,0,5.9,1,0,0,0,0,1376
5557,26-100,0,2,1,0,60.0,0,0,5.9,1,0,0,0,0,1379
5558,101-500,0,2,1,0,60.0,0,1,208.2,1,0,0,0,0,0
5559,26-100,0,2,1,0,60.0,0,0,5.9,1,0,0,0,0,1379
5560,1-25,0,2,1,0,60.0,0,0,5.9,1,0,0,0,0,1379
5561,1-25,0,2,1,0,60.0,0,0,5.9,1,0,0,0,0,1379
5562,1-25,0,2,1,0,60.0,0,0,5.9,1,0,0,0,0,0
5563,26-100,0,2,1,0,60.0,0,0,5.9,1,0,0,0,0,0
5564,500-1000,1,2,0,7,60.0,0,0,110.3,13,59,8,7,37,1347
5565,26-100,0,2,1,0,60.0,1,0,56.3,1,0,0,0,0,1376
5566,101-500,0,2,1,0,60.0,0,0,5.9,1,0,0,0,0,1376
5567,101-500,0,2,1,0,60.0,0,0,5.9,1,0,0,0,0,1372
5568,26-100,0,2,1,0,60.0,0,0,384.7,2,0,0,0,0,1376
5569,500-1000,1,2,1,1,60.0,0,1,2296.7000000000003,8,10,0,0,7,1014
5570,26-100,0,2,1,0,60.0,0,0,176.5,1,0,0,0,0,0
5571,26-100,0,2,1,1,60.0,1,0,11.8,1,0,1,1,0,1373
5572,101-500,0,2,0,0,60.0,0,0,176.5,1,0,0,0,0,0
5575,1-25,1,2,1,2,60.0,1,1,575.6,4,0,0,0,0,0
5578,More than 1000,0,2,1,0,60.0,1,0,117.6,1,15,3,3,6,1365
5579,26-100,0,2,1,0,60.0,0,1,347.1,1,0,0,0,0,0
5580,26-100,0,2,1,0,60.0,0,1,208.2,1,0,0,0,0,0
5583,101-500,0,2,1,0,60.0,0,0,3.1,1,0,0,0,0,0
5584,1-25,0,2,1,0,60.0,0,0,117.6,1,0,0,0,0,1351
5585,1-25,0,2,1,0,60.0,1,0,585.8,4,0,0,1,0,1350
5587,26-100,0,2,1,1,60.0,0,0,5.9,1,0,1,1,0,0
5589,1-25,0,2,1,0,60.0,0,1,208.2,1,0,0,0,0,1372
5590,101-500,0,2,1,0,60.0,0,1,208.2,1,0,0,0,0,0
5591,26-100,0,2,1,0,60.0,0,1,347.1,1,0,1,1,0,1098
5592,1-25,0,2,1,0,60.0,0,1,347.1,1,0,1,0,0,1369
5593,26-100,0,2,1,0,60.0,0,1,208.2,1,0,1,0,0,1368
5596,26-100,0,2,1,0,60.0,0,0,294.1,1,0,0,0,0,0
5597,500-1000,0,2,1,0,60.0,0,0,176.5,1,0,0,0,0,1369
5598,101-500,0,2,1,0,60.0,0,1,176.5,1,0,0,0,0,0
5599,500-1000,0,2,1,0,60.0,0,0,294.1,1,0,0,0,0,0
5600,More than 1000,0,2,1,0,60.0,1,1,117.6,1,1,1,1,0,1368
5605,101-500,0,2,1,0,60.0,0,0,176.5,1,0,0,0,0,1366
5606,1-25,0,2,1,0,60.0,0,0,0.0,1,1,1,0,1,1365
5608,101-500,0,2,1,0,60.0,1,0,56.3,1,1,1,0,0,1366
5610,1-25,1,2,0,0,60.0,0,1,5.9,2,0,0,0,0,1365
5612,26-100,0,2,1,0,60.0,0,1,176.5,1,0,0,0,0,1367
5613,26-100,1,2,1,0,60.0,0,1,347.1,1,0,0,0,0,1367
5614,101-500,1,2,0,0,60.0,0,1,529.5,3,0,0,0,0,1366
5615,1-25,0,2,0,0,60.0,0,1,7.0,6,0,0,0,0,1347
5616,More than 1000,0,2,1,0,60.0,0,1,176.5,1,2,1,0,2,0
5617,500-1000,0,2,1,0,60.0,0,1,208.2,2,0,0,0,0,0
5620,101-500,0,2,1,0,60.0,0,1,176.5,1,0,0,0,0,1366
5621,101-500,0,2,1,0,60.0,0,1,176.5,1,0,0,0,0,0
5622,1-25,0,2,0,0,60.0,0,0,0.0,3,2,1,1,2,1366
5623,1-25,0,2,1,0,60.0,0,0,0.0,1,0,0,0,0,1365
5624,1-25,0,2,1,0,60.0,0,0,0.0,1,0,0,0,0,1351
5625,1-25,0,2,1,0,60.0,0,0,0.0,1,0,0,0,0,0
5626,101-500,0,2,0,0,60.0,0,1,208.2,2,0,0,0,0,1348
5627,26-100,0,2,1,0,60.0,0,1,208.2,1,0,0,0,0,0
5628,26-100,0,2,1,0,60.0,0,1,0.0,1,0,0,0,0,1365
5629,101-500,0,2,1,0,60.0,0,1,0.0,1,0,0,0,0,1365
5630,26-100,0,2,1,0,60.0,0,1,347.1,1,0,1,0,0,1365
5631,More than 1000,0,2,0,0,60.0,1,1,0.0,3,0,0,0,0,1365
5632,101-500,0,2,1,0,60.0,0,1,1041.3000000000002,3,6,2,2,6,1318
5633,1-25,0,2,0,1,60.0,0,0,55.1,12,0,1,0,0,1354
5634,26-100,0,2,1,0,60.0,1,0,112.6,2,0,0,0,0,1362
5635,26-100,0,2,1,1,60.0,0,0,41.1,9,1,1,1,0,1359
5638,26-100,0,2,1,0,60.0,0,1,1457.7,5,0,0,0,0,0
5639,101-500,0,2,1,0,60.0,1,0,296.79999999999995,8,0,0,0,0,1353
5641,26-100,0,2,1,1,60.0,1,0,112.6,2,0,0,0,0,1361
5643,101-500,0,2,1,0,60.0,1,0,58.4,2,0,0,0,0,1361
5644,26-100,0,2,1,0,60.0,1,0,71.6,4,0,0,0,0,1361
5646,26-100,0,2,1,1,60.0,0,0,57.6,12,3,3,1,3,1318
5647,101-500,0,2,1,0,60.0,1,0,5.9,1,0,0,0,0,1361
5648,101-500,1,2,0,2,60.0,0,1,384.7,2,0,0,12,0,1348
5649,101-500,0,2,1,0,60.0,0,1,176.5,1,0,0,0,0,1361
5651,26-100,0,2,1,0,60.0,0,1,176.5,1,0,0,0,0,1361
5652,500-1000,0,2,1,0,60.0,0,0,3.5,2,0,0,0,0,1353
5653,26-100,1,2,0,1,60.0,0,1,416.4,2,5,2,1,4,1351
5654,101-500,0,2,1,1,60.0,0,0,28.1,6,1,0,0,0,1345
5655,1-25,0,2,1,0,60.0,1,0,56.3,2,0,0,0,0,1353
5657,1-25,0,2,0,0,60.0,0,0,8.2,3,0,0,0,0,1353
5658,1-25,0,2,1,0,60.0,0,1,208.2,1,0,0,0,0,1359
5661,26-100,0,2,1,0,60.0,0,0,5.9,1,0,0,10,0,1358
5662,26-100,0,2,1,0,60.0,0,1,347.1,1,0,0,0,0,0
5663,101-500,0,2,1,0,60.0,0,1,347.1,1,0,0,0,0,1358
5664,26-100,0,2,1,0,60.0,0,1,347.1,1,0,0,0,0,0
5665,26-100,0,2,1,1,60.0,0,1,208.2,1,2,1,0,2,0
5666,26-100,0,2,1,0,60.0,0,1,208.2,1,1,1,0,0,1345
5667,26-100,0,2,1,0,60.0,0,1,208.2,1,2,1,1,0,1340
5670,26-100,0,2,1,0,60.0,0,1,208.2,1,0,1,1,0,1353
5672,500-1000,0,2,1,0,60.0,0,0,3.5,1,0,0,0,0,1353
5673,1-25,1,2,0,0,60.0,0,0,4.7,1,0,0,0,0,1325
5674,101-500,0,2,0,0,60.0,0,1,1330.6,7,12,2,1,5,1001
5677,1-25,0,2,1,0,60.0,0,1,176.5,2,0,0,0,0,1351
5678,101-500,0,2,1,0,60.0,0,1,208.2,1,0,0,0,0,1352
5679,101-500,1,2,1,0,60.0,0,1,347.1,1,0,0,0,0,1352
5690,26-100,0,2,1,1,60.0,0,0,4.7,1,0,0,0,0,1351
5692,500-1000,1,2,1,1,60.0,0,0,4.7,1,0,0,0,0,0
5694,1-25,0,2,1,2,60.0,0,1,555.3,2,1,2,1,1,1318
5695,101-500,0,2,1,0,60.0,1,0,235.3,1,0,0,1,0,1350
5699,1-25,0,2,1,0,60.0,0,1,294.1,1,0,0,0,0,1348
5701,26-100,0,2,1,0,60.0,1,0,117.6,1,0,0,0,0,1348
5702,500-1000,0,2,1,0,60.0,0,0,0.5,1,0,0,0,0,1325
5703,26-100,1,2,1,0,60.0,0,0,0.5,1,0,0,0,0,1348
5704,500-1000,0,2,1,0,60.0,0,0,4.7,1,0,0,0,0,1348
5705,26-100,0,2,1,0,60.0,0,1,614.1,3,0,0,0,0,1345
5706,1-25,0,2,0,1,60.0,0,1,1925.3,11,0,0,0,0,1338
5708,1-25,0,2,1,2,60.0,0,1,347.1,1,1,1,1,1,1341
5709,500-1000,0,2,1,0,60.0,1,1,21.2,1,1,1,1,1,1326
5710,1-25,0,2,1,0,60.0,0,0,4.7,1,0,0,0,0,1345
5711,1-25,0,2,1,0,60.0,0,1,176.5,1,0,0,0,0,1344
5712,101-500,0,2,1,0,60.0,0,1,208.2,1,0,0,0,0,0
5713,26-100,0,2,1,0,60.0,0,1,208.2,1,1,1,0,0,1344
5714,26-100,0,2,1,0,60.0,0,1,208.2,1,0,0,0,0,0
5715,1-25,0,2,1,0,60.0,0,1,208.2,1,0,0,0,0,0
5716,1-25,0,2,1,0,60.0,0,1,208.2,1,0,0,0,0,0
5719,101-500,0,2,1,1,60.0,0,1,208.2,1,0,0,0,0,1344
5720,26-100,0,2,1,0,60.0,0,0,4.7,1,0,0,0,0,1344
5721,1-25,0,2,1,0,60.0,0,1,208.2,1,0,0,0,0,1344
5722,101-500,1,2,1,5,60.0,0,1,208.2,1,5,2,1,2,1313
5725,101-500,1,2,1,3,60.0,0,0,16.4,3,0,1,0,0,1326
5737,500-1000,1,1,1,2,60.0,0,0,16.4,4,1,0,0,0,1333
5741,26-100,1,1,0,2,60.0,0,1,1034.9,7,0,0,0,0,1339
5748,26-100,0,2,1,0,60.0,0,1,208.2,1,0,0,0,0,1338
5750,1-25,0,2,1,0,60.0,0,1,208.2,1,0,1,0,0,0
5751,26-100,0,2,1,0,60.0,1,0,65.7,3,4,1,1,3,1334
5752,1-25,0,1,1,1,60.0,0,1,1090.7,6,0,0,0,0,1317
5755,1-25,0,2,1,0,60.0,0,0,4.7,1,4,2,0,1,1249
5756,26-100,0,2,1,1,60.0,0,1,208.2,1,1,0,0,0,0
5758,500-1000,0,2,1,0,60.0,1,0,0.0,1,0,0,0,0,1318
5759,26-100,0,2,0,1,60.0,1,0,818.1999999999999,8,0,0,0,0,1317
5761,1-25,0,2,1,1,60.0,1,0,1332.5,29,0,0,0,0,1270
5764,1-25,0,2,1,0,60.0,0,1,5.5,1,0,0,0,0,1325
5765,26-100,0,1,1,1,60.0,1,0,455.1,9,1,1,1,0,1324
5766,101-500,1,1,0,1,60.0,1,1,2900.8,12,0,0,0,0,822
5768,26-100,1,2,1,1,60.0,0,1,902.4,3,3,3,1,1,1320
5771,1-25,0,1,1,1,60.0,0,0,14.1,3,0,0,0,0,0
5773,26-100,0,2,1,0,60.0,0,1,1041.3000000000002,3,0,0,0,0,1325
5774,1-25,0,2,1,0,60.0,0,1,624.5999999999999,3,0,0,0,0,1325
5775,500-1000,0,1,0,0,60.0,1,1,2844.5,6,0,0,0,0,1099
5776,1-25,0,2,0,0,60.0,0,1,721.2,3,2,1,1,2,1324
5777,26-100,0,2,1,0,60.0,0,1,694.2,2,0,0,0,0,1324
5778,500-1000,0,1,1,0,60.0,1,1,1882.4,8,0,0,0,0,1317
5779,500-1000,0,2,1,0,60.0,1,0,1411.6,4,0,0,0,0,1324
5780,500-1000,0,1,1,1,60.0,1,1,2220.8,8,0,0,0,0,1262
5781,101-500,0,2,0,0,60.0,1,0,635.2,5,0,0,0,0,1324
5782,26-100,0,2,1,0,60.0,0,0,4.7,1,0,0,0,0,1323
5783,26-100,0,2,1,1,60.0,0,0,4.7,1,0,0,0,0,1296
5784,26-100,0,2,1,0,60.0,1,1,117.6,1,0,0,0,0,1318
5785,1-25,0,2,1,0,60.0,1,1,117.6,1,0,0,0,0,0
5786,26-100,0,2,1,0,60.0,0,1,694.2,2,0,0,0,0,1319
5787,1-25,0,2,1,0,60.0,1,1,117.6,1,0,0,0,0,1318
5788,1-25,0,2,1,0,60.0,1,0,117.6,1,0,0,0,0,1318
5789,101-500,0,2,1,0,60.0,1,1,0.0,1,0,0,0,0,1318
5792,1-25,0,2,0,0,60.0,0,1,176.5,2,0,0,0,0,1318
5793,26-100,0,2,1,0,60.0,1,1,0.0,1,0,0,0,0,1318
5794,1-25,0,2,1,0,60.0,1,0,0.0,1,0,0,0,0,0
5795,1-25,0,2,1,0,60.0,1,0,0.0,1,0,0,0,0,1318
5796,500-1000,0,1,1,1,60.0,1,1,748.0,6,0,0,0,0,1306
5798,More than 1000,0,2,1,1,60.0,0,0,8.2,2,1,2,1,0,1291
5800,26-100,1,1,1,2,3640.0,0,0,310.3,11,267,31,13,154,557
5801,26-100,1,2,1,4,60.0,0,1,555.3,2,84,13,26,19,1238
5805,26-100,0,2,0,0,60.0,1,0,1.7,2,0,0,0,0,1310
5806,More than 1000,0,2,1,0,60.0,0,1,0.0,1,0,0,0,0,1310
5807,1-25,0,2,1,1,60.0,0,1,0.0,1,0,0,0,0,1310
5809,1-25,0,1,1,0,60.0,1,0,56.3,1,0,0,0,0,0
5810,1-25,0,1,1,0,60.0,1,0,0.0,1,0,0,0,0,0
5811,1-25,0,1,1,0,60.0,1,0,56.3,2,0,0,0,0,1309
5813,26-100,0,2,1,0,60.0,0,0,4.7,1,3,1,1,0,1309
5814,101-500,1,1,1,1,60.0,0,1,1804.8,6,734,124,17,396,1078
5815,1-25,0,2,1,0,60.0,1,0,9.4,2,0,0,0,0,1309
5817,More than 1000,0,2,1,0,60.0,0,0,4.7,1,0,1,0,0,1306
5819,26-100,0,2,1,0,60.0,0,1,0.0,1,0,0,0,0,0
5820,101-500,0,2,1,0,60.0,0,1,176.5,1,0,0,0,0,0
5821,More than 1000,0,2,1,0,60.0,1,1,277.6,2,0,0,0,0,0
5822,1-25,0,2,1,1,60.0,0,1,208.2,1,8,1,1,8,1268
5823,1-25,1,2,1,1,60.0,0,1,384.7,2,0,0,3,0,1302
5824,26-100,0,2,1,0,60.0,1,0,56.3,1,0,0,0,0,1305
5828,26-100,0,2,1,1,60.0,0,1,208.2,1,13,3,10,10,1222
5829,26-100,0,2,1,0,60.0,0,1,208.2,1,2,2,0,2,1267
5831,26-100,0,2,1,1,60.0,0,1,208.2,1,3,1,1,3,0
5834,101-500,0,2,0,0,60.0,1,0,411.7000000000001,2,2,2,2,1,1267
5837,1-25,1,2,1,0,60.0,1,0,68.0,4,2,1,1,1,1261
5838,101-500,0,2,1,0,60.0,1,1,117.6,1,0,0,0,0,1264
5839,26-100,1,1,1,0,60.0,0,1,1665.9,6,0,0,0,0,0
5842,101-500,0,2,1,0,60.0,0,0,4.7,1,0,0,0,0,1263
5843,500-1000,0,2,1,0,60.0,0,0,4.7,1,1,1,0,1,1155
5844,500-1000,0,2,1,0,60.0,1,0,5.9,1,0,0,0,0,1263
5845,500-1000,1,2,1,0,60.0,1,0,56.3,1,0,0,0,0,1261
5846,26-100,0,2,1,0,60.0,1,0,117.6,1,0,1,0,0,1263
5849,26-100,0,2,1,0,60.0,0,1,523.6,2,2,1,1,0,1261
5850,1-25,0,2,1,0,60.0,0,1,208.2,1,1,1,0,1,1262
5851,101-500,0,2,1,0,60.0,1,0,1.3,1,0,0,0,0,0
5852,1-25,0,2,1,0,60.0,0,0,8.2,2,52,8,1,31,1162
5853,1-25,0,2,1,0,60.0,1,0,56.3,1,0,0,0,0,0
5854,101-500,1,1,1,1,58.0,0,0,34.7,6,78,8,156,32,555
5856,26-100,1,2,1,4,60.0,0,1,416.4,2,230,7,11,151,1091
5857,26-100,0,2,1,0,60.0,0,1,208.2,1,0,0,0,0,1254
5868,1-25,1,1,1,4,60.0,0,1,2637.9,8,614,41,11,375,1005
5874,26-100,1,1,0,1,60.0,0,1,6472.5,21,834,80,41,384,1033
5875,1-25,1,2,1,2,60.0,0,1,208.2,1,13,4,4,10,0
5877,26-100,0,2,1,0,60.0,0,0,4.7,1,0,0,0,0,0
5878,101-500,0,2,1,1,60.0,0,1,208.2,1,0,0,0,0,1240
5880,26-100,0,2,1,1,60.0,0,1,347.1,1,1,1,3,0,1234
5883,101-500,0,2,1,1,60.0,0,1,208.2,1,22,5,6,12,1233
5885,500-1000,0,2,1,1,60.0,0,1,555.3,2,200,15,16,156,745
5886,26-100,0,2,1,0,60.0,0,1,347.1,1,0,0,0,0,1235
5887,1-25,0,2,1,1,60.0,0,1,347.1,1,91,5,7,39,1212
5891,26-100,0,2,1,0,60.0,0,0,4.7,1,16,2,1,7,1194
5892,26-100,0,2,1,0,60.0,0,0,4.7,1,0,0,0,0,1232
5893,1-25,0,2,1,0,60.0,1,0,61.0,2,14,2,189,7,0
5894,1-25,0,2,1,0,60.0,0,0,8.2,2,0,0,0,0,0
5895,26-100,0,2,1,0,60.0,0,1,208.2,1,1,1,1,1,1222
5896,26-100,0,2,1,0,60.0,0,1,555.3,2,0,2,0,0,1222
5897,101-500,0,2,1,1,60.0,0,1,208.2,1,0,1,1,0,1207
5898,26-100,1,2,0,4,60.0,0,1,2082.6000000000004,6,757,75,17,328,1002
5899,26-100,0,2,1,0,60.0,0,1,347.1,1,3,1,2,0,1204
5900,1-25,0,2,1,0,60.0,0,1,347.1,1,0,1,0,0,0
5901,1-25,1,2,0,1,60.0,0,0,22.4,3,2,1,1,1,0
5903,26-100,1,2,1,0,60.0,1,0,64.5,3,0,0,0,0,1221
5904,26-100,0,2,1,0,60.0,0,1,694.2,2,0,1,1,0,0
5905,26-100,1,1,0,1,60.0,0,1,2359.8,10,0,0,0,0,1219
5908,101-500,1,2,0,0,60.0,0,1,176.5,1,0,0,0,0,1220
5909,More than 1000,1,2,0,5,60.0,1,0,178.6,3,5,2,1,1,1128
5917,26-100,1,2,0,1,60.0,1,1,561.0,4,0,0,0,0,1187
5921,26-100,0,2,1,1,60.0,0,1,5.5,1,1,1,1,0,1214
5924,1-25,1,2,1,1,60.0,1,0,202.0,9,14,2,3,3,1206
5925,More than 1000,0,2,1,1,60.0,1,1,176.5,1,14,3,2,2,1204
5926,500-1000,0,1,0,0,60.0,0,1,193.4,4,0,0,0,0,1211
5928,26-100,0,2,1,0,60.0,0,1,176.5,1,0,0,0,0,0
5929,500-1000,0,2,1,0,60.0,0,1,294.1,2,1,1,1,0,0
5930,26-100,0,2,1,1,60.0,0,1,224.9,2,38,9,3,22,1122
5931,1-25,0,2,1,1,60.0,1,0,61.0,2,1,1,1,0,1185
5932,More than 1000,0,2,1,0,60.0,1,0,11.8,1,0,1,1,0,1211
5933,101-500,0,2,1,0,60.0,0,0,4.7,1,5,2,1,0,1208
5936,101-500,0,2,1,0,60.0,1,1,117.6,1,17,3,2,0,1204
5937,1-25,0,2,1,0,60.0,1,0,117.6,1,0,0,0,0,1211
5939,1-25,0,2,1,0,60.0,0,1,208.2,1,0,0,0,0,1208
5940,26-100,0,2,1,0,60.0,0,1,208.2,1,0,0,0,0,1208
5941,1-25,0,2,1,1,60.0,0,1,555.3,2,11,5,5,6,981
5942,26-100,0,2,1,0,60.0,0,1,347.1,1,0,0,0,0,1208
5943,26-100,1,1,1,3,59.0,0,1,8557.2,29,1347,197,40,449,512
5945,101-500,0,2,1,0,60.0,0,1,347.1,1,15,3,4,8,1207
5946,26-100,0,2,1,0,60.0,1,1,117.6,1,0,1,1,0,1207
5947,101-500,1,1,1,4,60.0,1,1,491.6,4,723,151,33,470,812
5948,1-25,0,2,1,0,60.0,0,0,4.7,1,8,3,2,1,1193
5949,1-25,0,2,1,1,60.0,0,1,208.2,1,23,5,1,15,1196
5951,26-100,0,2,1,0,60.0,0,1,347.1,1,0,0,0,0,1207
5952,26-100,0,2,1,0,60.0,1,1,117.6,1,0,0,0,0,0
5953,26-100,0,2,1,0,60.0,0,0,4.7,1,0,0,0,0,1207
5956,26-100,0,2,1,1,60.0,1,0,61.0,2,4,1,1,0,1158
5958,More than 1000,0,2,1,0,60.0,1,0,117.6,1,1,2,1,0,1206
5959,26-100,1,2,1,1,60.0,0,1,624.5999999999999,3,139,5,16,47,648
5960,101-500,0,2,1,0,60.0,0,1,208.2,1,0,1,1,0,0
5966,26-100,0,2,1,0,60.0,0,1,208.2,1,0,0,0,0,0
5969,26-100,1,2,1,2,60.0,0,0,4.7,1,27,9,5,3,1185
5971,1-25,0,2,1,0,60.0,0,1,208.2,1,0,0,0,0,1201
5972,1-25,0,2,1,0,60.0,0,1,0.0,1,0,0,0,0,1201
5973,500-1000,0,2,1,0,60.0,0,0,4.7,1,0,0,0,0,1201
5974,101-500,0,2,1,1,60.0,0,1,208.2,1,49,11,1,32,1194
5980,More than 1000,0,2,1,0,60.0,0,1,347.1,1,0,0,0,0,1187
5981,500-1000,0,2,1,0,60.0,1,1,117.6,1,0,0,0,0,0
5983,More than 1000,0,2,1,0,60.0,1,1,117.6,1,0,0,0,0,1198
5985,More than 1000,0,2,1,1,60.0,0,0,4.7,1,11,3,1,5,0
5987,101-500,0,2,1,0,60.0,1,0,117.6,1,0,0,0,0,1100
5988,26-100,0,2,1,0,60.0,0,1,208.2,1,0,0,0,0,1194
5989,26-100,0,2,1,0,60.0,0,1,347.1,1,2,1,0,2,1194
5990,26-100,0,2,1,0,60.0,1,1,117.6,1,1,1,0,1,1100
5991,101-500,0,2,1,1,60.0,0,1,208.2,1,7,2,0,7,1157
5992,26-100,0,2,1,0,60.0,1,0,56.3,1,1,1,0,1,1131
5993,101-500,0,2,1,0,60.0,1,0,117.6,1,9,1,1,3,1110
5994,1-25,0,2,1,0,60.0,0,1,347.1,1,15,3,3,15,1130
5996,1-25,0,2,1,1,60.0,1,0,61.0,2,14,3,1,15,1191
5997,26-100,0,2,1,0,60.0,0,1,208.2,1,1,1,1,1,1194
5998,26-100,0,2,1,0,60.0,0,1,347.1,1,1,1,1,1,1194
6000,101-500,0,2,1,1,60.0,1,0,117.6,1,5,1,1,4,1193
6002,500-1000,0,2,1,1,60.0,1,1,235.2,2,2,0,3,1,1156
6004,101-500,0,1,1,0,1860.0,0,0,77.5,2,0,0,0,0,451
6005,500-1000,0,2,1,1,60.0,1,1,117.6,1,0,1,2,0,1187
6006,500-1000,1,1,1,3,60.0,0,0,114.4,3,1,1,2,0,1166
6007,500-1000,0,2,1,1,60.0,1,0,56.3,1,1,1,1,4,1191
6008,101-500,0,2,1,0,60.0,1,0,117.6,1,0,0,0,0,1193
6009,1-25,0,2,1,1,60.0,1,0,117.6,1,4,1,1,6,1192
6014,500-1000,1,1,0,16,59.0,0,1,4169.5,13,1172,1,1,481,707
6016,26-100,0,2,1,0,60.0,0,0,4.7,1,1,1,1,1,1178
6017,500-1000,1,1,1,10,1860.0,0,0,56.7,11,15,6,9,5,469
6019,26-100,0,2,1,0,60.0,0,1,208.2,1,1,1,1,1,0
6021,500-1000,1,2,1,4,60.0,0,0,13.0,4,12,1,2,5,1100
6023,More than 1000,0,2,1,1,60.0,1,1,4705.8,2,5,2,4,2,1103
6025,26-100,1,2,1,1,60.0,0,0,4.7,1,39,8,1,27,1171
6027,101-500,0,2,1,0,60.0,0,1,208.2,1,0,0,0,0,0
6028,26-100,0,2,1,0,60.0,0,0,4.7,1,9,6,2,5,0
6029,500-1000,1,2,1,1,60.0,0,0,10.6,2,4,1,1,1,0
6031,500-1000,0,2,1,0,60.0,1,0,117.6,1,0,0,0,0,1183
6032,26-100,0,2,1,0,60.0,1,0,117.6,1,8,2,1,6,1178
6033,26-100,0,2,1,1,60.0,0,0,122.3,2,0,0,0,0,0
6035,1-25,0,2,1,0,60.0,0,1,208.2,1,0,0,0,0,0
6036,26-100,1,2,1,2,60.0,0,1,416.4,2,10,2,6,7,1157
6037,More than 1000,0,2,1,0,60.0,0,1,988.3,3,0,0,0,0,1156
6038,26-100,0,2,1,1,60.0,0,0,6.5,2,2,2,2,0,1101
6039,26-100,0,2,1,1,60.0,0,1,523.6,2,6,1,1,3,0
6042,26-100,1,2,1,10,60.0,0,0,11.8,4,11,2,3,3,1094
6046,26-100,0,2,1,0,60.0,0,1,347.1,1,7,1,1,0,965
6047,More than 1000,0,2,1,0,60.0,0,0,8.3,3,11,3,1,0,1101
6058,More than 1000,1,2,1,2,60.0,1,0,68.0,4,0,0,0,0,1166
6069,1-25,0,2,1,0,60.0,0,1,347.1,1,0,0,0,0,1165
6070,26-100,1,2,1,0,60.0,0,1,763.5,3,0,0,0,0,1162
6071,26-100,0,2,1,0,60.0,1,1,138.8,1,0,0,0,0,1163
6072,More than 1000,1,2,1,3,60.0,0,1,416.4,2,0,1,1,0,898
6076,26-100,0,2,1,0,60.0,0,0,4.7,1,0,0,0,0,1162
6078,101-500,0,2,1,0,60.0,0,1,208.2,1,0,0,0,0,1161
6079,101-500,0,2,1,0,60.0,0,1,208.2,1,0,0,0,0,1161
6080,26-100,0,2,1,0,60.0,0,1,208.2,1,0,0,0,0,0
6081,More than 1000,0,1,1,2,60.0,1,1,835.0,8,50,1,1,26,707
6082,500-1000,0,2,1,1,60.0,1,1,0.0,1,0,0,0,0,1061
6083,1-25,1,2,1,3,60.0,0,1,1.8,1,0,0,0,0,1039
6084,1-25,1,2,1,0,60.0,0,1,416.4,2,0,0,0,0,1156
6085,26-100,0,2,1,1,60.0,0,1,1041.0,5,6,3,4,2,1079
6086,26-100,0,2,1,0,60.0,0,1,294.1,1,0,0,0,0,1157
6087,More than 1000,0,2,1,0,60.0,0,1,13.9,1,0,0,0,0,1157
6088,26-100,1,2,1,0,60.0,1,0,61.0,2,0,0,0,0,1156
6089,1-25,0,2,1,0,60.0,0,1,208.2,1,2,1,0,0,1148
6090,More than 1000,0,2,1,0,60.0,1,1,13.9,1,0,0,0,0,1156
6091,More than 1000,0,2,1,0,60.0,1,1,13.9,1,0,0,0,0,1156
6092,More than 1000,0,2,1,0,60.0,1,1,13.9,1,0,0,0,0,0
6093,500-1000,0,2,1,0,60.0,0,1,294.1,1,0,0,0,0,1156
6094,26-100,0,2,1,0,60.0,0,1,11.8,1,0,0,0,0,1156
6095,26-100,0,2,1,0,60.0,0,1,11.8,1,0,0,0,0,1156
6096,500-1000,0,2,1,0,60.0,0,1,176.5,1,0,0,0,0,1156
6097,26-100,0,2,1,0,60.0,0,1,176.5,1,0,1,1,0,0
6098,101-500,0,2,1,0,60.0,0,1,176.5,1,0,0,0,0,1156
6099,101-500,0,2,1,0,60.0,0,1,176.5,1,0,0,0,0,1156
6100,101-500,0,2,1,0,60.0,0,1,176.5,1,0,0,0,0,0
6101,26-100,0,2,1,0,60.0,0,1,208.2,1,2,1,0,0,1156
6102,101-500,0,2,1,0,60.0,1,1,117.6,1,0,0,0,0,1127
6103,1-25,0,2,1,0,60.0,0,1,294.1,1,0,0,0,0,1156
6104,500-1000,0,2,1,0,60.0,0,1,176.5,1,0,0,0,0,1156
6105,500-1000,0,2,1,0,60.0,1,1,117.6,1,0,0,0,0,1156
6107,101-500,1,2,1,1,59.0,0,0,61.5,15,2,1,0,1,1015
6108,101-500,0,2,1,0,60.0,0,1,208.2,1,0,0,0,0,1156
6109,1-25,1,2,1,1,60.0,0,1,2082.6000000000004,6,0,0,0,0,1074
6110,1-25,0,2,1,1,60.0,0,1,208.2,1,487,3,1,183,970
6111,1-25,0,2,1,0,60.0,0,1,347.1,1,296,67,6,92,1089
6112,500-1000,1,2,1,1,60.0,1,0,76.3,3,0,0,0,0,1152
6113,1-25,0,2,1,0,60.0,0,0,4.7,1,0,0,0,0,1155
6114,More than 1000,0,2,1,0,60.0,1,0,117.6,1,0,0,0,0,1155
6115,1-25,0,2,1,0,60.0,1,0,0.0,1,0,0,0,0,0
6116,1-25,0,2,1,0,60.0,1,0,0.0,1,0,0,0,0,0
6117,1-25,0,2,1,0,60.0,1,0,0.0,1,0,0,0,0,0
6118,101-500,0,2,1,0,60.0,1,0,117.6,1,0,0,0,0,1155
6119,26-100,0,2,1,0,60.0,1,0,56.3,1,0,0,0,0,1155
6120,101-500,0,2,1,0,60.0,1,0,56.3,1,0,0,0,0,0
6121,500-1000,0,2,1,0,60.0,1,0,56.3,1,0,0,0,0,1155
6122,26-100,0,2,1,0,60.0,1,0,56.3,1,0,0,0,0,0
6123,1-25,0,2,1,0,60.0,1,0,0.0,1,0,0,0,0,0
6124,500-1000,0,2,1,0,60.0,0,0,4.7,1,0,2,0,0,1155
6125,101-500,0,2,1,0,60.0,1,0,117.6,1,0,0,0,0,1155
6126,101-500,0,2,1,0,60.0,1,0,11.8,1,0,0,0,0,0
6127,26-100,0,2,1,0,60.0,0,0,4.7,1,0,0,0,0,0
6128,26-100,0,2,1,0,60.0,1,0,11.8,1,0,0,0,0,0
6129,More than 1000,0,2,1,0,60.0,1,0,117.6,1,0,0,0,0,0
6131,101-500,0,2,1,0,60.0,0,1,208.2,1,0,0,0,0,0
6132,101-500,0,2,1,0,60.0,0,1,208.2,1,0,0,0,0,0
6133,101-500,0,2,1,0,60.0,0,1,208.2,1,0,0,0,0,0
6134,1-25,0,2,1,0,60.0,0,1,208.2,1,0,0,0,0,0
6135,26-100,0,2,1,0,60.0,0,1,208.2,1,0,0,0,0,0
6136,101-500,0,2,1,0,60.0,0,1,208.2,1,1,1,1,1,0
6137,26-100,0,2,1,0,60.0,0,1,208.2,1,0,0,0,0,0
6138,101-500,0,2,1,0,60.0,0,1,208.2,1,0,0,0,0,0
6139,1-25,0,2,1,3,88.0,0,1,523.6,2,983,82,12,468,668
6141,1-25,0,1,1,0,60.0,0,1,294.1,1,0,0,0,0,0
6142,26-100,0,2,1,0,60.0,0,0,4.7,1,0,0,0,0,0
6143,26-100,0,1,1,0,60.0,0,1,0.0,1,0,0,0,0,1151
6144,26-100,0,1,1,0,60.0,0,1,176.5,1,0,0,0,0,0
6145,101-500,0,1,1,0,60.0,1,0,56.3,1,0,0,0,0,1151
6146,26-100,0,2,1,0,60.0,1,1,117.6,1,0,0,0,0,1064
6147,1-25,0,2,1,0,60.0,1,0,0.0,1,0,0,0,0,0
6148,1-25,0,2,1,0,60.0,0,0,0.0,1,0,0,0,0,0
6149,1-25,0,1,1,0,60.0,1,1,0.0,1,0,0,0,0,0
6151,1-25,0,2,1,0,60.0,0,1,176.5,1,0,1,0,0,1151
6152,26-100,0,2,1,0,60.0,1,1,138.8,1,0,0,0,0,1151
6154,26-100,1,2,1,0,60.0,0,1,416.4,2,0,0,0,0,1128
6157,500-1000,0,2,1,0,60.0,1,0,141.2,1,0,0,0,0,0
6165,26-100,0,2,1,1,60.0,0,1,208.2,1,1,1,0,1,1150
6167,101-500,1,2,1,0,60.0,0,1,208.2,1,8,4,2,0,0
6169,1-25,0,1,1,0,60.0,0,1,294.1,1,0,0,0,0,1052
6170,26-100,1,2,0,1,60.0,1,0,136.1,6,0,1,0,0,1128
6171,1-25,0,2,0,0,60.0,0,0,4.7,1,0,0,0,0,1149
6174,26-100,0,2,1,0,60.0,0,1,208.2,1,0,0,0,0,0
6175,26-100,0,2,1,1,60.0,0,1,832.8,4,0,0,1,0,1124
6176,1-25,0,2,1,0,60.0,0,0,0.0,1,0,0,0,0,0
6177,26-100,0,2,1,0,60.0,0,0,4.7,1,0,0,0,0,0
6178,1-25,0,2,1,0,60.0,0,1,0.0,1,0,0,0,0,0
6179,500-1000,0,2,1,0,60.0,0,1,208.2,1,0,1,1,0,1145
6180,26-100,0,2,1,1,60.0,0,0,6.5,2,25,8,5,12,1103
6181,500-1000,0,2,1,0,60.0,0,1,208.2,1,0,0,0,0,0
6182,26-100,0,2,1,0,60.0,0,1,208.2,1,0,0,0,0,1144
6183,26-100,1,2,1,1,60.0,0,1,763.5,3,30,5,4,16,1127
6184,26-100,1,1,1,3,39.0,0,1,1110.6,4,499,42,11,298,326
6185,More than 1000,1,1,1,1,60.0,0,1,2637.6,10,217,31,51,124,1044
6186,1-25,0,2,1,0,60.0,0,1,208.2,1,1,3,1,1,0
6188,1-25,0,2,1,0,60.0,0,1,208.2,1,1,1,1,1,0
6189,1-25,1,2,1,0,60.0,0,1,347.1,1,315,23,45,178,1143
6190,1-25,0,2,1,0,60.0,0,1,347.1,1,27,1,1,1,1143
6194,101-500,0,2,1,0,60.0,0,0,4.7,1,0,0,0,0,0
6195,101-500,0,2,1,0,60.0,0,1,208.2,1,0,0,0,0,1143
6196,101-500,0,2,1,0,60.0,0,0,4.7,1,0,0,0,0,1143
6197,101-500,0,2,1,0,60.0,0,1,208.2,1,0,0,0,0,0
6199,26-100,0,2,1,0,60.0,0,1,347.1,1,0,0,0,0,1143
6200,1-25,0,2,1,0,60.0,0,1,347.1,1,0,0,0,0,1143
6207,26-100,1,1,1,1,60.0,1,0,226.5,9,0,0,0,0,1123
6209,500-1000,0,2,1,0,60.0,0,1,347.1,1,0,0,0,0,0
6210,500-1000,0,2,1,0,60.0,0,0,4.7,1,0,0,0,0,1138
6211,1-25,0,2,1,2,60.0,0,1,417.8,3,0,0,1,0,1136
6213,26-100,0,2,1,0,60.0,0,1,208.2,1,0,0,0,0,1136
6214,26-100,0,2,1,0,60.0,1,0,56.3,1,0,0,0,0,1137
6215,26-100,0,2,1,0,60.0,0,1,347.1,1,0,0,0,0,1137
6216,26-100,0,2,1,0,60.0,0,0,27.0,2,0,0,0,0,1137
6217,101-500,0,2,1,0,60.0,0,1,763.5,3,0,0,0,0,1137
6218,500-1000,0,2,1,0,60.0,0,1,138.8,1,0,0,0,0,1137
6222,1-25,0,2,1,0,60.0,0,1,208.2,1,0,0,0,0,1136
6223,500-1000,1,2,1,0,60.0,0,0,4.7,1,0,0,0,0,1136
6224,101-500,1,2,1,0,60.0,0,0,4.7,1,0,0,0,0,0
6225,1-25,0,2,1,0,60.0,1,0,0.0,1,0,0,0,0,0
6226,101-500,0,2,1,0,60.0,0,0,4.7,1,0,0,0,0,1135
6227,500-1000,1,2,1,11,60.0,0,1,694.2,2,96,19,14,54,1092
6229,26-100,0,2,1,0,60.0,0,0,0.0,1,0,0,0,0,0
6232,1-25,0,2,1,0,60.0,1,0,1.7999999999999998,2,0,0,0,0,1134
6234,101-500,0,2,1,0,60.0,0,0,0.0,1,0,0,0,0,1131
6235,26-100,0,2,1,0,60.0,0,0,0.0,1,0,0,0,0,1131
6236,26-100,1,2,1,0,60.0,0,0,0.0,3,0,1,1,0,1130
6237,101-500,0,2,1,0,60.0,0,0,1.2,1,0,0,0,0,1131
6238,101-500,1,2,1,2,60.0,0,0,0.0,4,1,2,1,0,0
6241,101-500,1,2,1,1,60.0,0,0,0.0,1,14,3,4,3,1127
6242,More than 1000,0,2,1,0,60.0,0,0,11.8,1,0,0,0,0,1130
6244,More than 1000,0,2,1,0,60.0,1,1,235.3,1,0,1,1,0,1121
6245,101-500,0,2,1,0,60.0,0,0,0.0,1,0,0,0,0,1129
6246,1-25,0,2,1,0,60.0,0,0,1.2,1,0,0,0,0,1127
6247,More than 1000,0,2,1,0,60.0,1,0,117.6,1,0,0,0,0,1129
6248,26-100,0,2,1,0,60.0,0,0,0.6,1,0,0,0,0,0
6251,1-25,0,2,1,0,60.0,0,1,208.2,1,0,0,0,0,1129
6252,26-100,0,2,1,0,60.0,0,1,208.2,1,0,0,0,0,1129
6253,101-500,0,2,1,0,60.0,0,0,0.6,1,0,0,0,0,1127
6254,26-100,0,2,1,0,60.0,0,0,1.2,1,0,0,0,0,1129
6255,101-500,0,2,1,0,60.0,1,0,117.6,1,0,0,0,0,1129
6256,1-25,1,2,1,0,60.0,0,0,5.4,9,0,0,0,0,1124
6257,26-100,1,2,0,0,60.0,0,0,2.4,2,1,1,0,1,1127
6258,26-100,0,1,1,0,60.0,1,0,235.2,4,0,0,0,0,1124
6259,1-25,0,1,1,0,110.0,0,0,0.6,2,0,1,0,0,344
6260,1-25,0,2,1,0,60.0,0,0,0.0,1,0,0,0,0,0
6261,1-25,0,2,1,0,60.0,0,0,0.0,1,0,0,0,0,0
6262,26-100,1,2,1,2,60.0,0,1,555.3,2,11,2,1,5,1058
6264,500-1000,0,2,1,0,60.0,0,0,0.6,1,0,0,0,0,1128
6265,500-1000,0,2,1,0,60.0,0,1,176.5,1,0,0,0,0,1128
6266,26-100,0,2,1,0,60.0,0,1,294.1,1,0,0,0,0,1128
6267,101-500,0,2,1,0,60.0,0,0,1.2,1,0,0,0,0,1128
6268,26-100,0,2,1,0,60.0,1,1,117.6,1,0,0,0,0,1128
6269,26-100,0,2,1,0,60.0,0,1,176.5,1,0,0,0,0,1128
6270,101-500,0,2,1,0,60.0,1,0,117.6,1,0,0,0,0,1128
6271,26-100,0,2,1,0,60.0,0,0,58.8,1,0,0,0,0,1128
6272,26-100,0,2,1,0,60.0,0,1,208.2,1,0,0,0,0,1128
6273,101-500,0,2,1,0,60.0,1,0,11.8,1,0,0,0,0,1128
6276,26-100,1,2,1,0,60.0,0,1,208.2,1,0,0,0,0,1127
6277,101-500,0,2,1,0,60.0,0,1,347.1,1,0,0,0,0,1128
6278,500-1000,0,2,1,0,60.0,1,1,294.1,1,0,0,0,0,1128
6279,101-500,0,2,1,0,60.0,0,1,347.1,1,0,0,0,0,1128
6283,26-100,0,2,1,0,60.0,0,0,2.4,4,0,0,0,0,1128
6284,101-500,0,2,1,2,60.0,0,1,347.1,1,3,1,0,2,1088
6285,101-500,0,2,1,0,60.0,0,0,0.0,1,0,0,0,0,0
6286,26-100,0,2,1,0,60.0,0,0,0.0,1,0,0,0,0,0
6287,26-100,1,1,1,2,60.0,0,0,36.8,13,2,1,0,1,973
6288,101-500,0,2,1,2,60.0,1,0,11.8,1,0,1,1,0,1088
6289,1-25,0,2,1,0,60.0,0,1,347.1,1,0,0,0,0,1128
6293,26-100,1,2,1,0,60.0,0,1,208.2,1,0,0,0,0,1127
6301,26-100,0,2,1,0,60.0,0,0,0.1,1,0,0,0,0,1128
6302,101-500,0,2,1,1,60.0,1,0,11.8,1,7,3,1,3,1074
6303,101-500,0,2,1,0,60.0,0,0,0.0,1,0,0,0,0,0
6304,101-500,0,2,1,0,60.0,0,0,0.0,1,0,0,0,0,0
6305,26-100,0,2,1,0,60.0,0,0,0.0,1,0,0,0,0,0
6306,26-100,0,2,1,0,60.0,0,0,0.0,1,0,0,0,0,0
6307,26-100,0,2,1,0,60.0,0,0,0.0,1,0,0,0,0,0
6308,26-100,0,2,1,0,60.0,0,0,0.0,1,0,0,0,0,0
6309,26-100,0,2,1,0,60.0,0,0,0.0,1,0,0,0,0,0
6310,26-100,0,2,1,0,60.0,0,0,1.2,1,0,0,0,0,1124
6311,101-500,0,2,1,0,60.0,0,0,0.0,1,0,0,0,0,0
6312,26-100,1,2,1,0,60.0,0,1,1735.2,7,0,0,0,0,982
6313,26-100,0,2,1,0,60.0,0,0,0.0,1,0,0,0,0,0
6314,26-100,0,2,1,0,60.0,0,0,0.0,1,0,0,0,0,0
6319,26-100,0,2,1,0,60.0,0,1,347.1,1,3,1,0,3,1036
6321,101-500,1,2,1,0,60.0,0,1,294.1,1,0,0,0,0,0
6323,26-100,1,2,1,0,60.0,0,1,294.1,1,0,0,0,0,1127
6324,101-500,0,2,1,0,60.0,0,1,294.1,1,0,0,0,0,1127
6326,26-100,0,2,1,1,60.0,0,1,208.2,1,45,8,8,28,1103
6328,101-500,0,2,1,0,60.0,0,1,176.5,1,0,0,0,0,1127
6332,101-500,0,2,1,0,60.0,1,0,117.6,1,0,0,0,0,1124
6333,1-25,0,2,1,0,60.0,0,0,0.0,1,0,0,0,0,0
6335,26-100,0,2,1,4,60.0,1,1,138.8,1,0,0,0,0,1124
6337,1-25,0,2,1,1,60.0,0,1,347.1,1,0,0,0,0,1124
6342,101-500,0,2,1,1,60.0,0,1,347.1,1,0,0,0,0,1124
6344,101-500,0,2,1,1,60.0,0,0,0.6,1,0,0,0,0,0
6346,101-500,0,2,1,1,60.0,0,1,176.5,1,0,0,0,0,1124
6348,101-500,0,2,1,1,60.0,0,0,1.7999999999999998,2,0,0,0,0,1124
6350,1-25,0,2,1,0,60.0,0,1,208.2,1,0,0,0,0,1124
6352,1-25,0,2,1,0,60.0,0,0,0.0,1,0,0,0,0,1124
6353,26-100,0,2,1,0,60.0,0,0,1.2,1,0,0,0,0,0
6354,101-500,0,2,1,0,60.0,0,1,294.1,1,0,0,0,0,0
6355,More than 1000,0,2,1,0,60.0,0,1,0.0,1,0,0,0,0,0
6356,101-500,0,2,1,0,60.0,0,1,176.5,1,0,0,0,0,0
6357,26-100,0,2,1,0,60.0,0,0,1.2,1,0,0,0,0,0
6358,26-100,0,2,1,0,60.0,0,1,208.2,1,0,0,0,0,1123
6359,101-500,1,2,1,1,60.0,0,1,208.2,1,0,0,0,0,1109
6361,26-100,0,2,1,0,60.0,0,0,0.0,1,0,0,0,0,0
6362,101-500,0,2,1,0,60.0,0,1,347.1,1,0,0,0,0,1123
6363,26-100,0,2,1,0,60.0,0,0,0.0,1,0,0,0,0,0
6364,101-500,0,2,1,0,60.0,0,0,0.0,1,0,0,0,0,0
6365,500-1000,0,2,1,1,60.0,0,0,0.6,1,0,0,0,0,1123
6367,101-500,0,2,1,1,60.0,0,0,1.2,1,0,0,0,0,1123
6369,101-500,0,2,1,0,60.0,0,0,0.0,1,0,0,0,0,0
6370,26-100,0,2,1,0,60.0,0,0,0.0,1,0,0,0,0,0
6371,26-100,0,2,1,0,60.0,0,0,0.0,1,0,0,0,0,0
6381,26-100,0,2,0,0,60.0,0,0,0.0,1,0,0,0,0,0
6382,101-500,0,2,1,0,60.0,0,0,0.6,2,0,0,0,0,1117
6383,26-100,0,2,1,0,60.0,0,0,0.0,1,0,0,0,0,1117
6384,26-100,0,2,1,0,60.0,0,0,0.0,1,0,0,0,0,0
6385,101-500,0,2,1,0,60.0,0,0,0.0,1,0,0,0,0,0
6386,101-500,0,2,1,0,60.0,0,0,0.0,1,0,0,0,0,0
6387,101-500,0,2,1,0,60.0,0,0,0.0,1,0,0,0,0,0
6388,26-100,0,2,1,0,60.0,0,0,10.6,1,0,0,0,0,0
6389,1-25,0,2,1,0,60.0,0,1,208.2,1,0,0,0,0,0
6390,26-100,0,2,1,0,60.0,0,1,208.2,1,0,0,0,0,0
6391,1-25,0,2,1,0,60.0,0,0,0.6,1,0,0,0,0,0
6392,26-100,0,2,1,0,60.0,0,1,347.1,1,0,0,0,0,0
6393,101-500,0,2,1,0,60.0,0,0,0.6,1,0,0,0,0,0
6394,1-25,0,2,1,0,60.0,0,0,0.6,1,0,0,0,0,0
6395,26-100,0,2,1,0,60.0,0,0,10.6,1,0,0,0,0,0
6396,1-25,0,2,1,0,60.0,0,1,347.1,1,0,0,0,0,0
6397,1-25,0,2,1,0,60.0,0,0,0.6,1,0,0,0,0,0
6398,101-500,0,2,1,0,60.0,0,1,347.1,1,0,0,0,0,0
6399,26-100,0,2,1,0,60.0,0,1,208.2,1,0,0,0,0,0
6400,26-100,0,2,1,0,60.0,0,1,208.2,1,0,0,0,0,0
6401,500-1000,0,2,1,0,60.0,0,0,10.6,1,0,0,0,0,0
6402,26-100,0,2,1,0,60.0,0,0,0.2,1,0,0,0,0,1116
6403,101-500,0,2,1,0,60.0,0,0,0.2,1,0,0,0,0,0
6404,101-500,0,2,1,0,60.0,0,1,210.5,2,0,0,0,0,0
6405,1-25,1,2,1,1,60.0,0,0,0.0,1,1,1,1,0,1116
6406,1-25,0,2,1,0,60.0,0,0,0.6,1,0,0,0,0,1116
6408,1-25,0,2,1,0,60.0,0,1,1.4,1,4,4,2,0,0
6409,1-25,0,2,1,0,60.0,0,1,347.1,1,0,0,0,0,1115
6410,1-25,0,2,1,0,60.0,0,1,347.1,1,1,1,1,0,0
6411,26-100,0,2,1,0,60.0,0,1,208.2,1,295,6,5,102,417
6412,1-25,0,2,1,0,60.0,0,1,347.1,1,1,1,1,1,0
6413,1-25,0,2,1,0,60.0,0,1,208.2,1,0,0,0,0,1115
6414,500-1000,0,2,1,1,60.0,0,1,347.1,1,324,36,2,33,1029
6415,1-25,0,2,1,0,60.0,0,1,208.2,1,4,3,1,2,1114
6416,1-25,0,2,1,0,60.0,0,1,347.1,1,4,4,1,2,0
6417,1-25,0,2,1,0,60.0,0,0,0.1,1,0,0,0,0,1114
6418,500-1000,0,2,1,1,60.0,0,1,763.5,3,0,0,0,0,1114
6420,500-1000,0,2,1,0,60.0,0,1,555.3,2,0,0,0,0,1114
6421,1-25,0,2,0,0,60.0,0,0,0.0,1,0,0,0,0,0
6422,1-25,0,1,1,1,660.0,0,0,14.7,2,5,3,2,4,1103
6424,1-25,0,2,0,0,60.0,0,0,0.0,1,0,0,0,0,0
6426,26-100,0,2,1,0,60.0,0,0,0.6,1,2,2,1,2,1110
6427,1-25,1,2,1,2,60.0,0,1,176.5,1,33,3,3,29,1109
6428,1-25,0,2,1,0,60.0,0,1,208.2,1,0,0,0,0,1113
6429,26-100,0,2,1,0,60.0,0,1,208.2,1,0,0,0,0,0
6430,26-100,0,2,1,0,60.0,0,1,763.5,3,0,0,0,0,1113
6431,1-25,0,2,1,0,60.0,0,1,347.1,1,0,0,0,0,1113
6433,26-100,0,2,1,0,60.0,0,1,347.1,1,0,0,0,0,1113
6436,26-100,1,2,1,0,60.0,0,1,1457.7,5,0,0,0,0,1113
6437,26-100,1,2,1,0,1060.0,0,0,3.0,3,0,0,0,0,0
6438,101-500,0,2,1,0,60.0,0,1,11.8,1,0,0,0,0,0
6439,500-1000,0,2,1,1,60.0,0,0,0.6,1,0,0,0,0,1110
6443,26-100,1,1,0,0,60.0,0,0,9.0,5,2,1,1,2,1108
6444,26-100,0,2,1,1,60.0,0,1,347.1,1,33,2,1,10,1110
6445,500-1000,0,2,1,1,60.0,1,0,117.6,1,0,0,0,0,1110
6447,26-100,1,2,1,0,60.0,0,1,17.6,1,0,0,0,0,1110
6449,26-100,0,2,1,0,60.0,0,1,416.4,2,0,0,0,0,1110
6450,26-100,0,2,1,0,60.0,0,1,208.2,1,0,0,0,0,1110
6451,26-100,0,2,1,1,60.0,1,0,117.6,1,0,0,0,0,0
6453,500-1000,1,2,1,1,60.0,0,1,208.2,1,0,0,0,0,1110
6455,101-500,1,2,1,1,60.0,0,1,294.1,1,0,0,0,0,0
6457,26-100,0,2,1,1,60.0,1,1,117.6,1,0,0,0,0,1110
6459,26-100,0,2,1,1,60.0,0,1,208.2,1,0,0,0,0,1110
6461,500-1000,0,2,1,0,60.0,0,1,208.2,1,0,0,0,0,1110
6462,26-100,0,2,1,0,60.0,0,1,208.2,1,5,2,4,1,1110
6463,101-500,0,2,1,1,60.0,0,1,902.4,3,0,0,0,0,1066
6465,101-500,0,2,1,0,60.0,0,1,208.2,1,1,1,2,1,0
6466,500-1000,0,2,1,0,60.0,0,1,347.1,1,0,0,0,0,1110
6468,101-500,0,1,0,1,60.0,0,0,2.4,4,13,2,1,13,1106
6470,26-100,0,2,1,0,60.0,0,1,208.2,1,1,1,1,0,0
6471,26-100,1,2,1,1,60.0,0,0,1.8,1,0,0,0,0,1109
6473,26-100,0,2,1,0,60.0,0,1,208.2,1,1,1,2,0,911
6475,1-25,1,1,1,5,12.0,0,1,1041.3000000000002,3,780,90,69,635,489
6476,101-500,1,2,1,1,60.0,0,1,416.4,2,12,7,6,3,1045
6477,1-25,0,2,1,0,60.0,0,1,208.2,1,2,3,3,1,0
6478,26-100,0,2,1,0,60.0,0,1,208.2,1,0,0,0,0,1109
6479,1-25,0,2,1,0,60.0,0,1,208.2,1,0,0,0,0,1109
6480,101-500,0,2,1,1,60.0,1,0,3.0,1,0,0,0,0,0
6481,500-1000,0,2,1,0,60.0,0,1,208.2,1,0,0,0,0,0
6483,26-100,0,2,1,1,60.0,1,0,4.2,1,0,0,0,0,1106
6485,26-100,0,1,0,0,60.0,1,1,2504.7000000000003,10,13,2,2,5,1077
6486,26-100,0,2,1,1,60.0,1,1,0.1,1,0,0,0,0,1109
6488,101-500,0,2,1,0,60.0,0,1,208.2,1,1,1,0,0,1109
6489,26-100,0,2,1,1,60.0,1,1,6.9,1,1,1,2,1,1109
6491,101-500,0,2,1,1,60.0,1,0,66.7,1,0,0,0,0,0
6499,1-25,0,2,0,0,60.0,0,0,130.9,11,1,1,0,1,1089
6500,26-100,0,2,0,0,60.0,0,1,384.7,2,0,0,0,0,1108
6501,500-1000,0,2,0,0,60.0,0,0,3.6,2,1,1,1,1,1107
6502,1-25,0,1,1,0,60.0,0,0,8.4,6,1,1,0,1,1091
6503,26-100,1,2,1,0,60.0,0,0,0.6,1,0,1,0,0,0
6504,1-25,0,2,1,0,60.0,0,1,176.5,1,1,1,0,1,1107
6506,1-25,0,2,1,0,60.0,0,1,731.8,3,2,1,0,2,1106
6507,26-100,0,2,1,0,60.0,0,1,347.1,1,0,0,0,0,1077
6508,101-500,0,1,0,0,60.0,0,0,5.4,3,1,1,1,1,1107
6509,1-25,1,2,1,3,60.0,0,1,208.2,1,3,3,3,2,1088
6513,101-500,0,2,1,0,60.0,0,0,0.6,1,0,0,0,0,0
6514,1-25,0,2,1,0,60.0,0,1,384.7,2,1,1,0,1,0
6515,101-500,0,2,1,0,160.0,0,0,0.6,1,2,1,1,2,0
6516,26-100,0,2,1,0,160.0,0,0,0.6,1,1,1,1,1,1107
6517,26-100,0,2,1,0,60.0,0,1,347.1,1,0,0,0,0,1106
6519,101-500,0,2,1,0,60.0,0,0,0.6,1,0,0,0,0,0
6520,26-100,0,2,1,0,60.0,0,1,347.1,1,0,0,0,0,0
6521,1-25,0,2,1,0,60.0,0,0,0.0,1,0,0,0,0,0
6523,500-1000,1,2,1,0,60.0,0,0,2.4,2,0,1,1,0,1106
6524,26-100,0,2,1,0,60.0,0,1,763.5,3,0,0,0,0,1106
6525,1-25,0,2,1,0,60.0,0,1,694.2,2,1,1,0,1,1102
6526,500-1000,0,2,1,0,60.0,0,1,2082.0,10,0,0,0,0,1106
6527,101-500,0,1,1,0,60.0,0,0,6.6,5,0,0,0,0,1101
6528,26-100,1,2,1,0,60.0,0,1,763.5,3,0,0,0,0,1100
6529,26-100,0,2,1,0,60.0,0,1,1110.6,4,1,1,0,1,1103
6530,26-100,0,2,1,0,60.0,0,1,416.4,2,1,1,0,1,1103
6532,500-1000,1,2,1,0,60.0,0,0,2.4,2,0,0,0,0,1106
6533,26-100,0,2,1,0,60.0,0,1,731.8,3,1,1,0,1,1105
6534,101-500,0,2,1,0,60.0,1,0,0.4,2,0,0,0,0,1106
6535,101-500,0,2,1,0,60.0,0,0,3.0,3,0,0,0,0,1106
6536,1-25,0,1,1,0,60.0,0,0,0.0,1,0,0,0,0,0
6537,101-500,0,2,1,0,60.0,1,0,117.6,1,0,0,0,0,0
6538,500-1000,0,2,1,1,60.0,0,1,208.2,1,5,2,0,5,1095
6540,26-100,0,1,0,0,60.0,1,1,758.8000000000001,3,0,0,0,0,1105
6541,26-100,0,2,1,0,60.0,0,0,2.6,1,0,0,0,0,0
6542,26-100,0,2,1,0,60.0,1,1,117.6,1,0,0,0,0,0
6543,500-1000,1,1,1,9,4824.0,0,1,694.2,2,1204,90,75,549,331
6544,500-1000,0,2,1,1,60.0,0,1,4303.5,16,0,0,0,0,1103
6545,1-25,0,2,1,0,60.0,0,0,0.6,1,0,0,0,0,1103
6546,500-1000,1,2,1,0,60.0,0,0,4.800000000000001,4,1,1,1,1,1103
6549,101-500,0,1,1,0,60.0,0,1,1041.0,5,1,1,0,1,1103
6551,101-500,1,2,1,0,60.0,0,0,4.8,6,0,0,0,0,1103
6552,101-500,0,2,1,0,60.0,0,1,208.2,1,0,0,0,0,1102
6553,26-100,0,2,1,0,60.0,0,0,2.4,2,0,0,0,0,1102
6554,26-100,0,2,1,0,60.0,0,0,0.6,1,0,0,0,0,0
6556,26-100,0,2,1,0,60.0,0,0,0.6,1,0,0,0,0,1102
6557,1-25,0,2,1,0,60.0,0,0,1.8,1,0,0,0,0,1102
6559,1-25,0,1,1,0,60.0,0,0,3.6,2,0,0,0,0,1101
6560,26-100,0,1,1,0,60.0,0,0,6.0,4,0,0,0,0,1102
6561,1-25,0,2,1,0,60.0,0,0,0.6,1,0,0,0,0,1101
6562,1-25,0,1,1,0,60.0,0,0,6.0,4,0,0,0,0,1101
6563,1-25,0,1,1,0,60.0,0,0,14.0,12,0,0,0,0,1101
6564,1-25,0,2,1,0,60.0,0,0,3.6,2,0,0,0,0,1101
6565,26-100,0,1,1,0,60.0,0,0,5.300000000000001,3,0,0,0,0,1101
6566,26-100,0,2,1,0,60.0,0,0,2.4,2,0,0,0,0,0
6621,1-25,0,2,1,0,60.0,0,0,1.8,1,0,0,0,0,0
6622,1-25,0,2,1,0,60.0,0,1,902.4,3,0,0,0,0,1092
6623,26-100,1,1,1,1,60.0,0,0,12.0,8,1,1,0,1,1099
6624,More than 1000,0,2,1,0,60.0,0,1,176.5,1,0,0,0,0,0
6625,101-500,0,2,1,0,60.0,0,0,1.8,1,0,0,0,0,1099
6626,26-100,0,2,1,0,60.0,0,0,0.6,1,0,0,0,0,0
6630,101-500,0,2,1,0,60.0,1,1,117.6,1,0,0,0,0,1099
6631,26-100,0,1,1,1,60.0,1,0,1528.8,13,0,0,0,0,1096
6632,26-100,0,2,1,0,60.0,0,1,208.2,1,0,0,0,0,1099
6633,26-100,0,2,1,0,60.0,0,0,7.1,1,0,0,0,0,1099
6634,500-1000,0,2,1,0,60.0,0,1,176.5,1,0,0,0,0,1099
6636,More than 1000,0,2,1,0,60.0,0,0,1.8,1,0,0,0,0,1099
6638,500-1000,0,2,1,0,60.0,0,0,1.8,1,0,0,0,0,1099
6639,101-500,0,2,1,0,60.0,1,0,117.6,1,0,0,0,0,1099
6641,500-1000,0,2,1,0,60.0,1,0,117.6,1,0,0,0,0,1099
6643,26-100,0,2,1,0,60.0,1,1,1176.5,1,0,0,0,0,1099
6644,101-500,0,1,1,0,60.0,0,0,5.4,5,1,1,0,1,1094
6645,500-1000,1,2,1,0,60.0,0,1,176.5,1,0,0,0,0,1099
6646,101-500,0,2,1,0,60.0,0,0,7.1,1,0,0,0,0,1099
6647,101-500,0,2,1,0,60.0,0,1,208.2,1,0,1,0,0,1099
6648,500-1000,0,2,1,0,60.0,1,1,117.6,1,0,0,0,0,1099
6649,26-100,0,2,1,0,60.0,0,1,208.2,1,0,0,0,0,1099
6650,26-100,1,2,1,0,60.0,0,0,8.9,2,1,1,0,1,1096
6651,101-500,1,2,1,0,60.0,0,0,10.7,3,3,1,0,2,1092
6652,101-500,0,2,1,0,60.0,1,1,0.0,1,0,0,0,0,1099
6653,101-500,0,2,1,0,60.0,0,0,21.2,1,0,0,0,0,1099
6654,101-500,0,2,1,0,60.0,0,0,23.0,2,0,0,0,0,1099
6655,101-500,0,2,1,0,60.0,1,1,235.2,2,0,0,0,0,1099
6656,101-500,0,2,1,0,60.0,1,0,117.6,1,0,0,0,0,1099
6657,101-500,0,2,1,1,60.0,1,1,435.3,5,0,0,0,0,1099
6658,101-500,0,2,1,1,60.0,0,0,0.6,1,0,0,0,0,1099
6659,101-500,0,1,1,0,60.0,0,1,1249.1999999999998,6,0,0,0,0,1099
6661,500-1000,0,2,1,0,60.0,0,1,208.2,1,0,1,1,0,1098
6662,26-100,0,2,1,0,60.0,0,1,208.2,1,0,0,0,0,1099
6664,26-100,0,2,1,0,60.0,0,1,208.2,1,0,0,0,0,0
6665,500-1000,0,2,1,0,60.0,1,0,117.6,1,0,0,0,0,1099
6666,500-1000,0,2,1,0,60.0,1,1,11.8,1,0,0,0,0,1099
6667,500-1000,1,2,1,1,60.0,1,1,294.1,2,0,0,0,0,1099
6669,500-1000,1,2,1,0,60.0,1,1,325.79999999999995,2,0,0,0,0,0
6670,26-100,0,2,1,0,60.0,1,1,176.5,1,0,0,0,0,0
6671,26-100,0,2,1,0,60.0,0,0,21.2,1,0,0,0,0,0
6672,500-1000,0,1,1,1,200.0,0,1,2643.5,11,4,3,5,2,469
6674,101-500,0,2,0,0,60.0,0,1,176.5,1,0,0,0,0,0
6675,1-25,0,1,1,0,60.0,0,0,12.0,11,5,1,0,5,1089
6676,101-500,0,2,1,0,60.0,0,0,7.1,1,0,0,0,0,1096
6677,101-500,1,2,1,0,60.0,0,1,763.5,3,1,1,0,1,1096
6678,500-1000,1,2,1,2,60.0,0,1,208.2,1,0,0,0,0,1095
6679,26-100,1,1,1,1,60.0,0,1,2360.1,8,7,6,1,6,1074
6682,101-500,0,2,1,0,60.0,0,0,21.2,1,1,1,0,1,1096
6684,26-100,0,2,1,0,60.0,0,0,21.2,1,0,0,0,0,1096
6685,101-500,0,2,1,0,60.0,0,0,7.1,1,0,0,0,0,0
6686,26-100,1,2,1,2,60.0,0,1,700.5,5,5,2,0,3,1094
6687,500-1000,0,2,1,0,60.0,0,0,21.2,1,0,0,0,0,1096
6688,101-500,1,2,0,7,60.0,1,1,2691.6,14,0,0,0,0,1096
6691,1-25,0,2,1,0,60.0,0,0,21.2,1,0,0,0,0,1096
6693,500-1000,0,2,1,0,60.0,0,1,347.1,1,0,0,0,0,1096
6694,1-25,0,2,1,0,60.0,0,1,208.2,1,0,0,0,0,1096
6696,26-100,0,2,1,0,60.0,1,1,235.2,2,2,1,1,2,1094
6702,More than 1000,0,2,1,0,60.0,0,1,416.4,2,0,0,0,0,0
6705,26-100,0,2,1,0,310.0,0,0,3.6,2,0,0,0,0,1094
6707,101-500,1,2,1,2,60.0,0,0,14.3,9,0,1,1,0,1094
6708,500-1000,0,2,1,0,60.0,1,0,117.6,1,0,0,0,0,1094
6710,26-100,0,2,1,0,60.0,0,0,7.1,1,0,0,0,0,1094
6711,101-500,0,2,1,0,60.0,0,0,23.0,2,0,0,0,0,1094
6712,101-500,0,2,1,1,60.0,0,0,12.6,7,4,1,1,4,1094
6714,26-100,0,2,1,0,60.0,0,1,555.3,2,2,1,0,2,1086
6715,26-100,0,2,1,0,60.0,0,1,971.7,4,67,7,1,18,1036
6717,500-1000,0,2,1,0,60.0,1,0,117.6,1,0,0,0,0,1094
6719,101-500,1,1,0,1,60.0,0,0,14.9,8,0,0,0,0,1089
6721,26-100,0,2,0,0,60.0,0,0,11.9,5,6,3,0,2,1079
6724,500-1000,0,2,1,0,60.0,0,0,24.8,3,0,0,0,0,1094
6726,1-25,0,2,1,0,60.0,0,0,8.9,2,0,0,0,0,1094
6727,26-100,0,1,1,0,60.0,0,0,8.9,4,0,0,0,0,0
6728,101-500,0,2,1,0,60.0,0,1,1318.8,5,0,0,0,0,1093
6729,More than 1000,0,2,1,0,60.0,0,1,208.2,1,0,0,0,0,1093
6730,101-500,0,1,1,0,60.0,0,0,0.6,1,0,0,0,0,0
6731,500-1000,1,2,1,0,60.0,0,1,694.2,2,0,0,0,0,1092
6732,More than 1000,0,1,0,2,60.0,1,1,1940.7,15,0,0,0,0,1092
6733,101-500,0,1,1,3,60.0,1,0,352.79999999999995,3,1,1,1,0,1092
6734,101-500,0,2,1,1,60.0,1,1,235.2,2,0,0,0,0,1092
6743,1-25,0,1,0,0,60.0,0,0,251.9,9,0,0,0,0,1091
6744,101-500,0,2,0,1,60.0,0,1,470.6,2,0,0,0,0,1092
6745,1-25,0,2,1,1,60.0,0,1,208.2,1,0,0,0,0,1092
6748,1-25,0,2,1,0,60.0,0,1,940.0,4,0,0,0,0,0
6749,26-100,1,2,1,0,60.0,0,1,763.5,3,0,0,0,0,1089
6750,1-25,0,2,0,0,60.0,0,0,8.9,2,0,0,0,0,0
6751,1-25,0,2,1,0,60.0,0,1,208.2,1,0,0,0,0,1089
6752,1-25,1,2,1,0,60.0,0,1,416.4,2,1,1,1,1,1089
6753,1-25,1,2,1,0,60.0,0,0,9.5,3,0,0,0,0,1089
6754,101-500,0,2,1,0,60.0,0,1,347.1,1,0,0,0,0,596
6755,1-25,0,1,1,0,60.0,0,0,7.1,1,0,0,0,0,1089
6756,1-25,0,2,1,0,60.0,0,1,347.1,1,0,0,0,0,1089
6757,1-25,0,2,1,0,60.0,0,0,13.1,5,0,0,0,0,1088
6758,1-25,0,2,1,0,60.0,0,0,14.2,2,1,1,0,0,1085
6759,1-25,0,2,1,0,60.0,0,0,8.9,2,0,0,0,0,1089
6760,1-25,0,2,1,0,60.0,0,0,21.2,1,0,1,0,0,1086
6762,1-25,0,2,1,0,60.0,0,0,10.7,3,0,0,0,0,1089
6763,1-25,0,2,1,0,60.0,0,1,347.1,1,0,0,0,0,1089
6764,1-25,0,2,1,0,60.0,0,1,347.1,1,0,0,0,0,1089
6765,1-25,0,2,1,0,60.0,0,0,21.2,1,0,0,0,0,1089
6766,1-25,0,2,1,0,60.0,0,1,208.2,1,0,0,0,0,1089
6767,1-25,0,2,1,0,60.0,0,1,208.2,1,0,0,0,0,1089
6768,500-1000,0,2,1,0,60.0,0,1,347.1,1,0,0,0,0,932
6769,1-25,0,2,1,0,60.0,0,0,0.6,1,0,0,0,0,1089
6770,1-25,1,2,1,1,60.0,0,0,10.1,4,0,0,0,0,1089
6771,26-100,0,2,0,0,60.0,0,0,2.4,2,0,0,0,0,1089
6772,26-100,0,2,0,0,60.0,0,0,5.4,3,0,0,1,0,1086
6773,1-25,0,2,1,0,60.0,0,0,0.6,1,0,0,0,0,1089
6774,1-25,0,2,0,0,60.0,0,0,10.7,3,0,0,0,0,1089
6775,26-100,0,1,1,0,60.0,0,0,23.4,13,0,0,0,0,1088
6776,1-25,0,2,1,0,60.0,1,0,117.6,1,0,0,0,0,1085
6777,26-100,0,2,1,0,60.0,1,0,117.6,1,0,0,0,0,0
6778,1-25,0,2,1,0,60.0,0,1,347.1,1,0,0,0,0,0
6779,1-25,0,2,1,0,60.0,0,0,21.2,1,0,0,0,0,1089
6780,1-25,0,2,1,0,60.0,0,1,208.2,1,0,0,0,0,1089
6781,1-25,0,2,1,0,60.0,0,0,8.9,2,0,0,0,0,1089
6782,1-25,0,1,1,0,60.0,0,0,30.5,14,0,0,0,0,0
6783,1-25,0,2,1,0,60.0,0,0,10.0,2,0,0,0,0,0
6784,1-25,0,2,1,0,60.0,0,0,14.2,4,0,0,0,0,1089
6786,1-25,0,2,1,0,60.0,0,1,208.2,1,0,0,0,0,1089
6787,1-25,0,2,1,0,60.0,1,1,138.8,1,0,0,0,0,0
6788,101-500,0,2,1,0,60.0,1,1,138.8,1,0,0,0,0,0
6789,1-25,0,2,1,0,60.0,0,1,208.2,1,0,0,0,0,0
6790,1-25,0,2,1,0,60.0,0,0,21.2,1,0,0,0,0,1089
6791,1-25,0,2,1,0,60.0,0,1,208.2,1,0,0,0,0,0
6792,1-25,0,2,1,0,60.0,0,1,347.1,1,0,0,0,0,1089
6793,26-100,0,2,1,0,60.0,0,1,176.5,1,0,1,0,0,1088
6794,1-25,0,2,1,0,60.0,0,0,24.8,3,0,0,0,0,1089
6795,1-25,0,2,1,0,60.0,0,1,208.2,1,0,0,0,0,0
6796,1-25,0,2,1,0,60.0,0,1,208.2,1,0,0,0,0,1089
6797,1-25,0,2,1,0,60.0,0,0,7.1,1,0,0,0,0,1088
6798,1-25,0,2,1,0,60.0,0,1,208.2,1,0,0,0,0,0
6799,1-25,0,2,1,0,60.0,0,0,24.8,3,0,0,0,0,1088
6800,1-25,0,2,1,0,60.0,0,0,8.9,3,0,0,0,0,1089
6801,1-25,0,2,1,0,60.0,0,1,208.2,1,0,0,0,0,0
6802,1-25,0,2,1,0,60.0,0,0,11.8,3,0,0,0,0,1088
6803,26-100,0,2,1,0,60.0,0,0,9.0,7,0,0,0,0,1088
6804,1-25,0,2,0,0,60.0,0,0,8.9,2,0,0,0,0,0
6806,1-25,0,2,1,0,60.0,0,1,347.1,1,0,0,0,0,0
6807,1-25,1,1,1,0,60.0,0,0,14.9,6,0,0,0,0,1088
6808,1-25,0,2,1,0,60.0,0,0,8.299999999999999,2,0,0,0,0,0
6809,26-100,0,2,1,0,60.0,0,1,176.5,1,0,0,0,0,1088
6810,1-25,0,2,1,0,60.0,0,0,23.0,2,0,0,0,0,0
6811,1-25,0,2,1,0,60.0,0,1,208.2,1,0,0,0,0,0
6812,26-100,0,2,1,0,60.0,0,1,294.1,1,0,0,0,0,1088
6813,26-100,0,1,1,0,60.0,0,0,1.7999999999999998,3,0,0,0,0,1088
6814,26-100,0,2,1,0,60.0,0,0,1.8,1,0,0,0,0,0
6815,26-100,0,2,1,0,60.0,0,0,3.6,2,0,0,0,0,0
6816,1-25,0,2,1,1,60.0,0,1,208.2,1,0,0,0,0,1088
6818,1-25,0,2,1,0,60.0,0,1,176.5,1,0,0,0,0,1088
6819,1-25,0,1,1,0,60.0,0,0,23.1,4,0,0,0,0,1088
6820,1-25,1,2,1,0,60.0,0,1,763.5,3,0,0,0,0,1088
6821,26-100,1,1,1,1,60.0,0,1,1773.1,6,0,0,0,0,0
6822,1-25,0,2,1,0,60.0,0,1,208.2,1,0,0,0,0,0
6823,1-25,0,2,1,0,60.0,0,1,731.8,3,0,0,0,0,0
6824,1-25,0,1,1,0,60.0,0,0,12.5,10,0,0,0,0,1088
6826,1-25,0,2,1,0,60.0,0,1,208.2,1,2,1,0,2,1088
6827,1-25,0,2,1,0,60.0,0,1,763.5,3,0,0,0,0,1088
6828,1-25,0,2,1,0,60.0,1,0,128.29999999999998,4,0,0,0,0,1077
6829,1-25,0,2,1,0,60.0,0,1,731.8,3,0,0,0,0,1088
6831,500-1000,0,1,1,0,60.0,0,0,12.5,8,0,0,0,0,1088
6832,1-25,1,1,1,1,60.0,0,1,2830.7000000000003,10,2,1,1,1,1088
6833,1-25,0,2,1,0,60.0,0,1,416.4,2,0,0,0,0,1088
6835,1-25,1,1,1,1,60.0,0,1,1335.4,4,0,0,0,0,0
6836,1-25,0,1,1,0,60.0,0,0,10.7,3,0,0,0,0,1088
6837,1-25,0,2,1,0,60.0,0,0,8.9,2,0,0,0,0,1088
6838,1-25,0,2,1,0,60.0,0,0,12.5,4,0,0,0,0,1088
6839,1-25,0,2,1,0,60.0,0,0,8.9,2,0,0,0,0,1088
6840,1-25,0,2,1,0,60.0,0,0,9.5,3,0,0,0,0,1088
6841,1-25,0,2,1,0,60.0,0,0,14.3,7,0,0,0,0,0
6843,1-25,0,2,1,0,60.0,0,0,8.9,2,0,0,0,0,1088
6844,1-25,0,2,1,0,60.0,0,0,12.5,4,0,0,0,0,1088
6845,1-25,0,2,1,0,60.0,0,0,21.2,1,0,0,0,0,0
6846,1-25,0,2,1,0,60.0,0,0,0.6,1,0,0,0,0,0
6847,1-25,0,1,1,1,60.0,0,0,363.1,6,0,0,0,0,1081
6849,101-500,0,1,1,1,60.0,0,0,88.30000000000001,17,0,0,0,0,0
6851,1-25,0,2,1,0,60.0,0,1,347.1,1,2,2,2,1,0
6852,1-25,0,2,1,0,60.0,0,0,8.9,2,0,0,0,0,1085
6853,101-500,1,2,1,1,60.0,0,0,8.799999999999999,2,0,0,0,0,1085
6854,1-25,0,2,1,0,60.0,0,1,208.2,1,1,1,0,1,1087
6856,101-500,0,2,0,0,60.0,1,0,118.2,2,1,1,0,0,1087
6857,1-25,1,2,1,0,60.0,0,1,1179.9,5,0,1,1,0,1081
6858,More than 1000,0,2,1,0,60.0,0,1,208.2,1,0,0,0,0,0
6859,26-100,0,2,0,0,60.0,0,1,678.8,3,0,0,0,0,1086
6860,101-500,0,2,0,0,60.0,0,0,2.4,2,0,0,0,0,1086
6861,1-25,0,2,1,0,60.0,0,1,208.2,1,0,0,0,0,1086
6862,26-100,0,2,1,0,60.0,1,1,2776.5,1,0,0,0,0,1086
6863,500-1000,1,2,0,1,60.0,1,0,419.3,22,0,0,0,0,1085
6865,500-1000,0,2,0,0,60.0,0,0,6.0,6,0,0,0,0,1085
6866,1-25,0,2,1,0,60.0,0,1,555.3,2,2,1,3,0,1085
6867,1-25,0,2,1,0,60.0,0,0,7.1,1,1,1,2,0,1086
6868,500-1000,0,1,1,0,60.0,0,0,24.200000000000003,3,0,0,0,0,1085
6871,101-500,0,1,0,0,60.0,0,0,14.8,3,0,0,0,0,1085
6872,1-25,1,1,1,1,60.0,0,0,181.3,13,0,0,0,0,0
6873,1-25,1,2,0,1,60.0,0,0,281.29999999999995,10,0,0,0,0,1079
6874,101-500,0,2,1,0,60.0,0,0,7.1,1,0,0,0,0,1085
6875,101-500,0,2,1,0,60.0,0,0,0.6,1,0,0,0,0,1085
6878,1-25,0,2,1,0,60.0,0,0,7.1,1,0,0,0,0,1085
6879,101-500,0,2,1,1,60.0,0,0,28.3,2,0,0,0,0,1080
6880,1-25,0,1,1,1,60.0,0,0,110.7,15,0,0,0,0,1079
6881,1-25,0,2,1,0,60.0,0,0,21.2,1,0,0,0,0,1085
6882,1-25,0,2,1,0,60.0,0,0,7.1,1,0,0,0,0,1085
6883,101-500,0,2,1,0,60.0,0,0,0.6,1,0,0,0,0,1080
6884,1-25,0,2,1,0,60.0,0,0,0.0,1,0,0,0,0,0
6885,1-25,0,2,1,0,60.0,0,0,0.0,1,0,0,0,0,0
6886,26-100,0,2,0,1,60.0,0,0,84.8,4,0,0,0,0,1085
6887,26-100,0,2,1,0,60.0,0,0,1.8,1,0,0,0,0,1085
6890,1-25,0,1,1,0,60.0,0,0,106.1,7,0,0,0,0,1085
6891,26-100,0,1,1,1,60.0,0,0,24.7,3,0,0,0,0,0
6892,1-25,0,2,1,0,60.0,0,0,0.6,1,0,0,0,0,1085
6894,1-25,0,2,1,1,60.0,0,0,84.8,4,0,0,0,0,1085
6896,26-100,0,2,1,1,60.0,0,0,86.6,5,0,0,0,0,1085
6898,1-25,0,2,0,1,60.0,0,0,84.8,4,0,0,0,0,1085
6900,1-25,0,2,1,1,60.0,0,0,47.1,4,0,0,0,0,1085
6902,1-25,0,1,0,0,60.0,1,0,125.9,3,0,0,0,0,1084
6903,101-500,0,2,1,0,60.0,0,0,7.1,1,0,0,0,0,1084
6904,26-100,0,2,1,1,60.0,0,0,42.5,4,0,0,0,0,1084
6906,1-25,1,1,1,0,60.0,0,1,624.5999999999999,3,0,0,0,0,0
6908,26-100,0,2,1,1,60.0,0,0,162.7,11,0,0,0,0,1082
6909,1-25,1,1,1,1,60.0,0,1,6734.2,10,4,1,1,1,1080
6910,1-25,0,2,0,1,60.0,0,0,82.39999999999999,7,2,1,0,0,0
6914,101-500,0,2,0,1,60.0,0,0,23.6,3,0,0,0,0,1082
6915,26-100,0,2,1,0,60.0,0,0,0.6,1,0,0,0,0,0
6916,101-500,0,2,1,1,60.0,0,0,64.8,5,0,0,0,0,1082
6918,1-25,0,2,1,0,60.0,0,1,347.1,1,0,0,0,0,0
6919,1-25,0,2,1,0,60.0,0,1,347.1,1,0,0,0,0,0
6920,26-100,0,2,1,0,60.0,0,0,21.2,1,0,0,0,0,1082
6921,26-100,0,2,1,1,60.0,0,1,763.5,3,0,0,0,0,1082
6923,1-25,0,1,0,0,60.0,0,0,25.3,5,0,1,1,0,0
6924,500-1000,0,2,1,0,60.0,0,1,347.1,1,0,0,0,0,0
6925,1-25,0,2,1,0,60.0,0,1,208.2,1,0,0,0,0,0
6926,101-500,0,2,1,0,60.0,0,1,208.2,1,0,0,0,0,0
6927,1-25,0,2,1,0,60.0,0,1,208.2,1,0,0,0,0,1081
6928,101-500,0,2,1,0,60.0,0,1,208.2,1,0,0,0,0,1081
6929,101-500,0,2,1,0,60.0,0,1,208.2,1,0,0,0,0,0
6930,1-25,0,2,1,0,60.0,0,0,1.8,1,0,0,0,0,0
6931,26-100,0,2,1,0,60.0,0,1,176.5,1,0,0,0,0,0
6932,26-100,0,2,1,0,60.0,0,1,176.5,1,0,0,0,0,0
6933,1-25,0,2,1,0,60.0,0,1,176.5,1,0,0,0,0,1081
6934,26-100,0,2,1,0,60.0,0,1,1981.3,7,0,0,0,0,1081
6935,101-500,0,2,1,0,60.0,0,0,0.6,1,0,0,0,0,0
6936,26-100,0,2,1,0,60.0,0,0,58.8,1,0,0,0,0,1081
6937,101-500,0,1,1,0,60.0,0,0,1.8,1,0,0,0,0,1081
6938,101-500,0,2,1,0,60.0,0,0,1.8,1,0,0,0,0,1081
6939,1-25,0,2,1,0,60.0,1,0,118.2,2,0,0,0,0,0
6940,1-25,0,2,1,0,60.0,0,0,7.1,1,0,0,0,0,1081
6941,1-25,0,2,1,0,60.0,0,0,21.2,1,0,0,0,0,0
6942,1-25,0,1,1,0,60.0,1,0,117.6,1,0,0,0,0,1081
6943,26-100,0,2,1,0,60.0,0,1,294.1,1,0,0,0,0,0
6944,500-1000,0,2,0,0,60.0,0,0,49.6,7,5,2,1,2,800
6945,500-1000,0,2,1,0,60.0,0,1,523.6,2,6,1,1,0,794
6946,1-25,1,1,1,1,60.0,1,0,602.1999999999999,7,0,0,0,0,1075
6947,101-500,0,2,1,0,60.0,0,1,0.7,1,0,0,0,0,1081
6949,101-500,0,2,1,0,60.0,0,1,208.2,1,0,0,0,0,0
6950,1-25,0,1,0,0,60.0,1,0,291.79999999999995,6,0,0,0,0,1073
6951,1-25,0,2,1,0,60.0,0,0,7.1,1,0,0,0,0,1080
6952,1-25,0,2,1,0,60.0,0,0,7.1,1,0,0,0,0,1080
6953,1-25,0,2,1,0,60.0,0,0,35.4,3,0,0,0,0,1080
6954,1-25,0,2,1,0,60.0,0,0,35.4,3,0,0,0,0,1080
6955,1-25,0,2,1,0,60.0,0,0,35.4,3,0,0,0,0,1080
6956,1-25,0,2,1,0,60.0,0,1,763.5,3,0,0,0,0,1080
6957,1-25,0,2,1,0,60.0,0,1,208.2,1,0,0,0,0,1080
6958,1-25,0,2,1,0,60.0,0,0,0.6,1,0,0,0,0,1080
6959,26-100,0,2,1,0,60.0,0,0,7.699999999999999,2,0,0,0,0,1080
6960,26-100,0,2,1,0,60.0,0,1,384.7,2,5,1,2,4,1080
6961,1-25,0,2,1,0,60.0,0,0,0.6,1,0,0,0,0,1080
6962,1-25,0,2,1,0,60.0,0,0,0.6,1,0,0,0,0,0
6963,1-25,0,1,1,0,60.0,1,0,1.2,1,0,0,0,0,1080
6964,1-25,0,1,0,1,60.0,1,0,1398501.6,19,0,0,0,0,1075
6965,26-100,0,1,1,0,60.0,0,1,1041.3000000000002,3,0,0,0,0,1080
6966,1-25,0,2,1,0,60.0,0,1,763.5,3,0,0,0,0,1080
6968,1-25,0,1,1,5,60.0,0,1,902.4,3,389,40,8,111,801
6969,101-500,0,2,1,0,60.0,0,1,176.5,1,5,1,1,0,794
6970,1-25,0,2,1,0,60.0,1,0,1398235.3,5,0,0,0,0,0
6971,1-25,0,2,1,0,60.0,0,1,416.4,2,0,0,0,0,0
6972,1-25,0,1,1,0,60.0,0,0,70.7,4,0,0,0,0,800
6973,101-500,0,1,1,0,60.0,0,0,5.9,1,0,0,0,0,0
6974,1-25,0,1,1,0,60.0,0,0,15.4,3,0,0,0,0,1080
6975,26-100,0,1,1,0,60.0,0,0,108.4,6,0,0,0,0,1080
6977,101-500,0,2,1,11,60.0,1,0,595.9,6,0,0,0,0,0
6980,1-25,0,2,1,0,60.0,0,1,208.2,1,0,0,0,0,1080
6981,1-25,0,2,1,0,60.0,1,1,235.2,2,0,0,0,0,1080
6982,101-500,0,2,1,1,60.0,0,0,49.5,3,0,0,0,0,1080
6984,1-25,0,2,1,0,60.0,0,0,2.1,1,0,0,0,0,0
6988,1-25,0,2,1,0,60.0,0,0,49.5,3,0,0,0,0,1079
6996,1-25,0,1,1,1,60.0,0,0,35.5,5,0,0,0,0,0
6997,26-100,0,2,1,0,60.0,0,0,36.0,4,0,1,0,0,1079
6998,26-100,0,1,1,0,60.0,0,0,14.8,3,0,0,0,0,1047
7000,1-25,1,1,1,1,60.0,0,1,3956.7,13,3,2,1,2,1078
7001,101-500,0,1,1,0,3760.0,0,0,44.2,3,0,0,0,0,1046
7002,500-1000,0,1,1,0,60.0,1,0,1529.4,2,0,0,0,0,1079
7003,1-25,0,2,1,0,60.0,0,1,0.0,1,0,0,0,0,0
7004,1-25,0,2,1,0,60.0,0,0,0.0,1,0,0,0,0,0
7005,26-100,0,2,1,1,60.0,0,0,36.0,4,0,0,0,0,1079
7007,1-25,0,2,1,0,60.0,0,1,694.2,2,0,0,0,0,0
7008,26-100,0,2,1,1,60.0,1,1,464.7000000000001,2,0,0,0,0,1079
7010,26-100,0,2,0,0,60.0,1,1,294.1,2,0,0,0,0,0
7011,26-100,0,1,1,0,60.0,0,0,23.0,2,0,0,0,0,1078
7012,1-25,0,1,0,1,60.0,1,0,411.3,10,0,0,0,0,1066
7013,1-25,0,2,1,0,60.0,1,1,347.0,3,0,0,0,0,1078
7014,1-25,0,2,1,0,60.0,1,0,124.7,2,0,0,0,0,0
7015,101-500,0,1,1,0,60.0,0,0,23.0,2,0,0,0,0,1078
7016,26-100,0,2,1,0,60.0,0,0,0.6,1,0,0,0,0,1078
7017,26-100,0,2,1,0,60.0,0,0,0.6,1,0,0,0,0,0
7018,26-100,0,1,1,0,60.0,0,0,0.6,1,0,0,0,0,0
7019,More than 1000,0,1,1,1,60.0,0,0,452.6,28,0,1,1,0,1075
7020,26-100,0,2,1,0,60.0,0,1,1634.2,6,0,0,0,0,1074
7023,101-500,0,2,1,0,60.0,1,1,138.8,1,0,0,0,0,1045
7025,26-100,0,2,0,0,60.0,1,1,672.9,3,1,1,0,0,941
7026,26-100,0,2,1,0,60.0,1,0,1058.8,1,0,0,0,0,1078
7027,1-25,0,1,1,0,60.0,0,0,14.8,3,0,0,0,0,1078
7028,26-100,0,2,1,0,60.0,0,0,0.1,1,0,0,0,0,1078
7029,101-500,0,1,1,0,60.0,1,1,333.2,2,3,2,1,3,1045
7030,26-100,0,1,1,0,60.0,1,0,352.79999999999995,3,0,0,0,0,1078
7032,500-1000,1,1,1,1,60.0,0,0,77.8,5,0,0,0,0,1078
7033,101-500,0,2,1,1,60.0,0,0,7.699999999999999,2,0,0,0,0,1078
7035,101-500,0,2,1,0,60.0,0,0,7.699999999999999,2,0,0,0,0,1074
7036,1-25,0,2,1,0,60.0,0,0,42.5,4,0,0,0,0,1078
7038,101-500,0,1,0,1,60.0,1,0,131.79999999999998,3,0,0,0,0,1078
7040,101-500,0,2,1,1,60.0,0,0,28.9,3,0,0,0,0,1078
7042,1-25,0,1,1,0,60.0,0,0,21.3,3,0,0,0,0,1078
7043,500-1000,0,2,1,1,60.0,0,0,42.4,2,0,0,0,0,1078
7044,101-500,0,2,1,0,60.0,0,0,21.8,2,0,0,0,0,0
7046,101-500,0,2,1,1,60.0,1,0,18.8,2,0,0,0,0,1078
7048,1-25,0,2,1,0,60.0,0,0,7.1,1,1,1,1,1,1078
7049,101-500,0,1,1,1,60.0,0,0,23.0,2,0,0,0,0,1078
7050,1-25,0,2,1,0,60.0,0,0,21.2,1,0,0,0,0,1078
7052,101-500,0,1,1,1,60.0,1,0,235.2,2,0,0,0,0,1078
7054,1-25,1,1,1,0,660.0,0,0,21.2,2,0,0,0,0,451
7055,1-25,0,2,1,0,60.0,0,0,21.2,1,1,1,1,1,1077
7056,101-500,0,2,1,1,60.0,0,0,35.4,3,0,0,0,0,1078
7058,26-100,0,2,1,0,60.0,0,1,208.2,1,0,0,0,0,1077
7059,1-25,0,2,1,0,60.0,0,1,555.3,2,0,0,0,0,0
7060,26-100,0,2,1,0,60.0,0,0,7.1,1,0,0,0,0,1077
7061,1-25,0,1,1,0,60.0,0,0,35.5,5,0,0,0,0,0
7062,1-25,0,2,1,0,60.0,0,0,7.1,1,0,0,0,0,0
7063,1-25,0,2,1,0,60.0,0,0,36.0,4,0,0,0,0,0
7064,1-25,0,1,1,0,60.0,1,1,561.0,4,0,0,0,0,1075
7065,26-100,1,1,1,0,60.0,0,0,71.39999999999999,7,0,0,0,0,1075
7066,101-500,0,1,0,1,60.0,1,0,814.7,7,0,0,0,0,1074
7067,500-1000,0,2,1,1,60.0,0,0,13.6,2,0,0,0,0,1074
7068,101-500,0,1,1,0,60.0,1,0,129.4,2,0,0,0,0,1075
7069,26-100,0,1,1,0,60.0,0,1,208.2,1,0,0,0,0,1075
7070,101-500,0,2,1,0,60.0,0,1,294.1,1,0,0,0,0,0
7071,26-100,0,1,1,0,60.0,1,1,117.6,1,0,0,0,0,0
7073,26-100,0,2,1,0,60.0,0,1,208.2,1,0,0,0,0,1075
7074,101-500,0,1,1,1,60.0,1,0,1023.3,10,0,0,0,0,1074
7076,1-25,0,1,0,0,60.0,1,1,582.3,3,0,0,0,0,0
7077,26-100,1,1,0,1,60.0,1,0,306.4,17,0,0,0,0,1074
7078,500-1000,0,2,1,0,60.0,0,1,208.2,1,0,0,0,0,1075
7080,1-25,0,2,1,1,60.0,0,0,28.3,2,0,0,0,0,1075
7082,1-25,0,2,1,0,60.0,0,1,208.2,1,0,0,0,0,1075
7083,1-25,0,2,0,1,60.0,1,1,2580.1,10,8,2,0,2,1051
7084,101-500,0,2,1,0,60.0,0,0,1.8,1,0,0,0,0,0
7085,101-500,1,1,1,0,60.0,0,0,44.2,3,0,0,0,0,1074
7086,1-25,1,1,1,0,60.0,0,0,108.4,6,0,0,0,0,0
7087,26-100,0,1,1,0,60.0,1,0,352.79999999999995,3,0,0,0,0,0
7088,1-25,0,2,1,0,60.0,0,1,347.1,1,0,0,0,0,1074
7089,101-500,0,2,1,0,60.0,0,0,35.4,3,0,0,0,0,1074
7091,500-1000,0,2,1,0,60.0,0,1,763.5,3,0,0,0,0,1074
7092,101-500,0,2,1,0,60.0,1,0,11.8,1,0,0,0,0,1074
7093,1-25,0,2,1,1,60.0,0,0,28.3,2,0,0,0,0,1074
7095,101-500,0,2,0,1,60.0,0,1,555.3,2,0,0,0,0,1074
7097,26-100,0,1,0,1,60.0,1,0,1928.9,20,0,0,0,0,1073
7098,101-500,1,2,1,0,60.0,0,0,163949.9,3,0,0,0,0,1074
7099,1-25,0,1,1,1,4995968.0,0,1,1175.2,5,27,4,2,25,476
7102,26-100,1,1,1,1,60.0,0,0,129.0,7,0,0,0,0,1074
7103,1-25,0,2,1,0,60.0,0,0,7.1,1,0,0,0,0,1074
7106,1-25,0,2,1,0,60.0,0,1,208.2,1,20,4,3,12,1045
7107,26-100,0,1,0,0,60.0,1,0,764.4,7,0,0,0,0,1073
7108,1-25,0,1,0,0,60.0,1,1,3124.5,24,0,0,0,0,1073
7109,More than 1000,0,2,1,0,60.0,0,0,35.4,3,0,0,0,0,1074
7110,1-25,0,1,1,1,60.0,0,1,1527.0,6,0,0,0,0,0
7111,More than 1000,0,0,0,1,60.0,0,0,24.700000000000003,2,0,0,0,0,353
7112,1-25,0,1,0,0,60.0,0,0,24.700000000000003,2,0,0,0,0,1074
7113,More than 1000,0,2,1,0,60.0,0,0,56.6,4,0,0,0,0,1074
7114,101-500,0,1,1,0,60.0,1,1,235.2,2,0,0,0,0,0
7116,26-100,0,1,1,0,60.0,0,1,641.2,2,0,0,0,0,0
7117,101-500,0,1,1,0,60.0,0,1,384.7,2,0,0,0,0,1074
7118,500-1000,0,2,1,0,60.0,0,0,35.4,3,0,0,0,0,0
7119,1-25,0,2,1,0,60.0,0,1,208.2,1,0,0,0,0,1073
7120,1-25,0,2,1,1,60.0,0,1,971.7,4,0,0,0,0,0
7121,1-25,0,2,1,0,60.0,0,1,347.1,1,1,1,1,0,0
7122,101-500,0,2,1,0,60.0,1,1,117.6,1,0,0,0,0,0
7123,101-500,0,1,0,0,60.0,0,0,2.4,2,0,0,0,0,1074
7124,101-500,0,1,0,0,60.0,0,1,470.6,2,0,0,0,0,1074
7125,1-25,0,2,1,0,60.0,0,1,176.5,1,0,0,0,0,1074
7126,26-100,0,2,1,0,60.0,0,1,294.1,1,0,0,0,0,0
7127,26-100,0,2,1,0,60.0,1,1,117.6,1,0,0,0,0,1074
7128,26-100,0,2,1,0,60.0,0,1,573.1,3,0,0,0,0,1074
7129,101-500,0,1,0,0,60.0,0,0,2.4,2,0,0,0,0,1073
7130,26-100,0,2,1,0,60.0,1,1,176.5,1,0,0,0,0,1074
7131,1-25,0,2,1,0,60.0,1,1,117.6,1,0,0,0,0,1073
7133,1-25,0,2,1,0,60.0,0,1,555.3,2,0,0,0,0,1073
7134,1-25,0,2,1,0,60.0,0,1,347.1,1,0,0,0,0,1073
7135,101-500,0,2,1,0,60.0,1,1,8.1,1,0,0,0,0,0
7136,26-100,0,2,1,0,60.0,1,1,117.6,1,0,0,0,0,0
7137,1-25,0,1,1,1,60.0,0,0,56.6,4,0,0,0,0,1073
7140,26-100,0,1,0,0,60.0,0,0,25.5,5,0,0,0,0,0
7141,101-500,0,1,0,0,60.0,0,1,213.4,3,0,0,0,0,0
7142,101-500,0,1,0,0,60.0,0,0,18.9,4,0,0,0,0,1073
7143,101-500,0,1,0,0,60.0,0,0,73.2,7,0,0,0,0,1073
7144,1-25,1,1,1,0,60.0,0,0,56.6,4,0,0,0,0,1073
7145,101-500,0,1,1,1,60.0,1,0,117.6,1,0,0,0,0,1073
7146,101-500,0,2,0,0,60.0,0,1,765.9,4,0,0,0,0,1073
7148,1-25,0,1,1,0,60.0,0,1,210.6,2,0,0,0,0,0
7149,1-25,0,2,1,0,1060.0,0,0,7.1,1,0,0,0,0,0
7150,1-25,0,2,0,1,60.0,1,0,167.2,6,0,0,0,0,1073
7151,26-100,0,2,1,1,60.0,0,1,347.1,1,444,22,3,348,885
7152,26-100,0,2,1,0,60.0,1,1,117.6,1,0,0,0,0,1073
7153,26-100,0,1,0,0,60.0,1,1,914.0,4,0,0,0,0,1073
7154,26-100,0,1,1,0,60.0,1,1,235.2,2,0,0,0,0,1073
7155,1-25,0,2,1,0,60.0,0,1,208.2,1,0,0,0,0,1073
7156,26-100,0,1,1,0,60.0,1,0,235.2,2,0,0,0,0,1073
7158,1-25,0,2,1,0,60.0,0,0,7.1,1,0,0,0,0,1073
7159,1-25,0,2,1,0,60.0,1,1,117.6,1,0,0,0,0,0
7160,101-500,0,1,1,0,60.0,0,1,902.4,3,0,0,0,0,0
7161,26-100,0,2,1,0,60.0,0,0,42.5,4,0,0,0,0,0
7162,1-25,0,2,1,0,60.0,0,1,208.2,1,0,0,0,0,1073
7163,1-25,0,2,1,0,60.0,0,1,208.2,1,0,0,0,0,1072
7164,26-100,1,1,0,0,60.0,0,0,53.7,5,0,0,0,0,1073
7165,1-25,0,2,1,0,60.0,0,1,208.2,1,0,0,0,0,1073
7166,1-25,0,2,1,0,60.0,0,0,21.2,1,0,0,0,0,1073
7167,1-25,0,2,1,0,60.0,0,1,208.2,1,0,0,0,0,1073
7168,1-25,0,2,1,0,60.0,0,0,7.1,1,0,0,0,0,1073
7169,1-25,0,1,1,0,60.0,0,1,694.2,2,0,0,0,0,1073
7170,1-25,1,1,1,0,60.0,0,1,555.3,2,1,1,0,1,1036
7171,1-25,0,2,1,0,60.0,0,1,763.5,3,0,0,0,0,1072
7172,1-25,0,2,1,0,60.0,0,1,347.1,1,0,0,0,0,1073
7174,1-25,0,1,1,0,60.0,0,0,56.6,4,0,0,0,0,1073
7175,1-25,0,2,1,0,60.0,0,0,21.2,1,0,0,0,0,1073
7176,1-25,0,1,1,0,60.0,0,0,14.2,2,0,0,0,0,1072
7177,1-25,0,2,1,0,59.0,0,1,347.1,1,24,2,6,3,724
7178,1-25,0,2,1,0,60.0,0,0,7.1,1,0,0,0,0,1073
7179,1-25,0,2,1,0,60.0,0,0,21.2,1,0,0,0,0,0
7180,1-25,0,2,1,0,60.0,0,1,763.5,3,0,0,0,0,1072
7181,1-25,0,2,1,0,60.0,0,0,7.1,1,0,0,0,0,1072
7182,1-25,0,2,0,0,60.0,0,1,971.7,4,0,0,0,0,0
7183,1-25,0,1,1,0,60.0,0,0,14.2,2,0,0,0,0,1072
7184,1-25,0,2,1,0,60.0,0,0,7.1,1,0,0,0,0,0
7185,1-25,0,2,1,0,60.0,0,1,555.3,2,0,0,0,0,1072
7186,101-500,0,1,1,0,60.0,0,0,73.0,5,0,0,0,0,1072
7187,1-25,1,2,1,1,60.0,1,1,811.8000000000001,3,0,0,0,0,918
7189,1-25,1,1,1,0,60.0,0,1,624.5999999999999,3,0,0,0,0,1072
7190,1-25,0,2,1,0,60.0,0,1,208.2,1,0,0,0,0,1072
7191,1-25,0,1,0,2,60.0,0,0,84.9,6,0,0,0,0,1072
7192,1-25,0,2,1,0,60.0,0,1,0.0,1,0,0,0,0,1072
7193,1-25,1,2,1,0,60.0,0,1,763.5,3,0,0,0,0,1072
7194,1-25,0,2,1,0,60.0,0,0,0.0,1,0,0,0,0,1072
7195,26-100,0,2,1,0,60.0,1,1,117.6,1,0,0,0,0,1072
7196,26-100,0,2,1,0,60.0,0,1,176.5,1,0,0,0,0,1072
7197,1-25,0,2,1,0,60.0,1,1,117.6,1,0,0,0,0,1072
7198,26-100,0,1,0,0,60.0,0,0,471.0,5,0,0,0,0,1072
7199,26-100,0,2,1,0,60.0,1,1,705.9,1,0,0,0,0,1072
7202,More than 1000,1,2,1,1,60.0,0,1,176.5,1,0,0,0,0,0
7203,1-25,0,2,1,1,60.0,0,1,347.1,1,0,0,0,0,0
7208,1-25,0,1,1,0,60.0,0,1,1665.9,6,0,0,0,0,1072
7209,1-25,0,2,1,0,60.0,0,1,347.1,1,0,0,0,0,0
7210,1-25,0,1,1,0,60.0,0,1,694.2,2,0,0,0,0,1072
7211,101-500,0,2,1,0,60.0,0,1,641.2,2,0,0,0,0,1072
7212,1-25,0,2,1,0,60.0,0,0,0.0,1,0,0,0,0,1072
7213,1-25,0,1,1,0,60.0,0,1,176.5,1,0,0,0,0,1071
7214,26-100,0,2,1,0,60.0,0,1,294.1,1,0,0,0,0,1072
7215,101-500,0,1,1,0,60.0,0,1,1078.9,4,0,0,0,0,0
7216,1-25,0,2,1,1,60.0,0,0,42.5,4,0,0,0,0,0
7217,101-500,0,2,1,0,60.0,1,1,117.6,1,0,0,0,0,1071
7219,26-100,0,2,1,0,60.0,1,1,117.6,1,0,0,0,0,0
7220,26-100,0,2,1,0,60.0,0,1,294.1,1,0,0,0,0,0
7221,26-100,0,1,1,0,60.0,0,1,1335.4,4,0,0,0,0,1071
7222,26-100,0,2,1,0,60.0,1,1,117.6,1,0,0,0,0,0
7223,1-25,0,1,1,0,60.0,0,0,0.0,1,0,0,0,0,0
7224,1-25,0,1,1,0,60.0,0,0,0.0,1,0,0,0,0,0
7226,1-25,0,2,1,0,60.0,0,0,0.0,1,0,0,0,0,1071
7227,26-100,0,2,1,0,60.0,0,0,0.6,1,0,0,0,0,1071
7228,101-500,0,2,1,0,60.0,1,1,705.8,2,0,0,0,0,1036
7229,1-25,0,2,1,0,60.0,0,0,0.0,1,0,0,0,0,1071
7230,26-100,0,2,1,0,60.0,0,0,0.0,1,0,0,0,0,1071
7231,101-500,0,2,1,0,60.0,1,1,1110.6,2,0,0,0,0,1071
7232,26-100,0,2,1,0,60.0,0,1,0.0,1,0,0,0,0,1071
7233,26-100,0,2,1,0,60.0,1,1,235.2,2,0,0,0,0,1071
7234,1-25,0,2,1,0,60.0,0,0,0.6,1,0,0,0,0,1071
7235,101-500,0,2,1,0,60.0,1,1,277.6,2,0,0,0,0,1071
7236,1-25,0,1,1,0,60.0,0,1,176.5,1,0,0,0,0,1070
7237,101-500,0,2,1,0,60.0,1,1,235.3,1,0,0,0,0,1071
7238,1-25,0,2,1,0,60.0,0,1,176.5,1,0,0,0,0,1071
7239,1-25,0,1,1,0,60.0,0,1,0.0,1,0,0,0,0,1071
7240,101-500,0,2,1,0,60.0,1,1,138.8,1,0,0,0,0,1071
7241,1-25,0,1,1,0,60.0,0,1,208.2,1,0,0,0,0,1071
7242,1-25,0,2,1,0,60.0,0,1,176.5,1,0,0,0,0,1071
7243,101-500,0,2,1,0,60.0,1,1,117.6,1,0,0,0,0,1071
7244,1-25,0,1,0,0,60.0,1,1,1267.6,9,0,0,0,0,988
7245,101-500,0,2,1,0,60.0,0,1,176.5,1,0,0,0,0,0
7246,1-25,0,2,1,0,60.0,0,1,208.2,1,0,0,0,0,0
7247,1-25,0,1,0,0,60.0,0,0,12.5,5,0,0,0,0,1068
7248,1-25,0,2,1,0,60.0,0,1,208.2,1,0,0,0,0,0
7249,1-25,0,2,1,0,60.0,0,1,208.2,1,0,0,0,0,1071
7250,26-100,0,2,1,0,60.0,0,1,176.5,1,0,0,0,0,1071
7251,1-25,0,2,1,0,60.0,0,1,347.1,1,0,0,0,0,1071
7252,101-500,0,2,1,0,60.0,0,1,294.1,1,0,0,0,0,1071
7263,101-500,0,2,1,1,60.0,0,1,641.2,2,0,0,0,0,708
7264,1-25,0,2,1,0,60.0,0,1,176.5,1,0,0,0,0,0
7269,1-25,0,2,1,0,60.0,0,1,176.5,1,0,0,0,0,1071
7270,1-25,0,1,1,0,60.0,0,1,641.2,2,0,0,0,0,1071
7272,101-500,0,2,1,0,60.0,1,0,117.6,1,0,0,0,0,0
7273,1-25,0,1,1,0,60.0,0,0,84.8,4,1,1,0,1,0
7274,101-500,0,2,1,0,60.0,1,0,235.3,1,0,0,0,0,0
7275,500-1000,0,2,1,0,60.0,1,1,126.2,1,0,0,0,0,0
7276,26-100,0,2,0,0,60.0,0,1,1000.1,5,0,0,0,0,1066
7277,26-100,0,2,0,1,60.0,0,1,1473.9,10,0,0,0,0,1067
7280,26-100,0,2,1,0,60.0,0,0,7.1,1,0,0,0,0,1068
7281,1-25,0,2,1,0,60.0,0,1,971.7,4,0,0,0,0,1067
7282,101-500,0,1,0,1,60.0,0,0,9.5,7,0,0,0,0,0
7284,1-25,0,1,0,1,60.0,0,1,562.4,4,1,1,0,1,0
7286,1-25,0,1,1,1,60.0,0,1,694.2,2,0,0,0,0,1068
7287,1-25,0,1,1,0,60.0,0,1,176.5,1,0,0,0,0,0
7288,1-25,0,2,1,1,60.0,1,1,138.8,1,0,0,0,0,0
7290,1-25,0,2,1,0,60.0,0,1,0.0,1,0,0,0,0,0
7291,1-25,0,2,1,0,60.0,0,1,0.0,1,0,0,0,0,1068
7292,1-25,0,2,1,0,60.0,0,0,0.0,1,0,0,0,0,1067
7293,1-25,0,2,1,1,60.0,1,1,0.0,1,0,0,0,0,1067
7294,26-100,0,1,0,0,60.0,0,0,7.699999999999999,2,0,0,0,0,1068
7295,26-100,0,2,1,0,60.0,0,0,7.1,1,0,0,0,0,1068
7296,1-25,0,2,1,0,60.0,0,1,0.0,1,0,0,0,0,1068
7297,1-25,0,2,1,0,60.0,0,0,7.1,1,0,0,0,0,1068
7300,26-100,0,1,1,0,60.0,0,0,1976.6,7,0,0,0,0,1067
7301,26-100,0,2,1,1,60.0,0,0,21.3,4,0,0,0,0,0
7302,1-25,0,2,1,0,60.0,0,0,0.6,1,0,0,0,0,0
7304,500-1000,1,2,1,0,60.0,0,0,9.5,3,0,0,0,0,1067
7305,1-25,0,2,1,0,60.0,0,1,0.0,1,0,0,0,0,1067
7306,1-25,0,2,1,0,60.0,1,0,0.0,1,0,0,0,0,1067
7307,1-25,0,2,1,0,60.0,0,0,21.2,2,0,0,0,0,1067
7308,1-25,0,2,1,0,60.0,0,1,0.0,1,0,0,0,0,1067
7309,1-25,0,2,1,0,60.0,0,1,208.2,1,0,0,0,0,1067
7310,1-25,0,2,1,0,60.0,0,1,348.3,3,0,0,0,0,1066
7311,1-25,0,2,1,0,60.0,0,1,0.0,1,0,0,0,0,0
7312,1-25,0,2,1,0,60.0,0,1,0.0,1,0,0,0,0,0
7313,1-25,0,1,1,0,60.0,0,0,49.5,3,0,0,0,0,1053
7314,1-25,0,1,1,1,60.0,0,0,120.3,9,0,0,0,0,1067
7316,500-1000,0,2,1,0,60.0,0,0,7.699999999999999,2,0,0,0,0,1066
7317,26-100,0,1,1,0,60.0,0,0,63.6,3,0,0,0,0,1066
7318,1-25,0,1,1,0,60.0,0,0,7.1,2,1,1,0,0,1066
7319,101-500,0,1,1,1,60.0,1,0,2352.8,4,0,0,0,0,0
7321,101-500,0,1,1,1,60.0,0,0,63.7,5,0,0,0,0,1066
7323,1-25,0,2,1,0,60.0,1,0,0.0,1,0,0,0,0,1066
7324,1-25,0,2,1,0,60.0,0,0,0.0,1,0,0,0,0,1066
7325,1-25,0,1,1,0,60.0,0,0,0.0,1,0,0,0,0,1066
7326,1-25,0,1,1,0,60.0,1,0,0.0,1,0,0,0,0,0
7327,1-25,0,2,1,0,60.0,0,0,0.0,1,0,0,0,0,1066
7328,1-25,0,1,1,0,60.0,1,0,0.0,1,0,0,0,0,0
7329,1-25,0,1,0,1,60.0,0,0,21.3,4,0,0,0,0,1066
7331,1-25,0,2,0,0,60.0,0,0,0.6,4,0,0,0,0,1066
7332,1-25,0,2,1,0,60.0,0,0,0.0,1,0,0,0,0,1066
7333,26-100,0,2,0,1,60.0,1,0,149.2,12,0,0,0,0,1066
7334,1-25,0,2,1,0,60.0,1,0,0.0,1,1,1,0,0,1066
7335,26-100,0,2,1,1,60.0,1,1,1249.3,6,0,0,0,0,1058
7336,1-25,0,2,1,0,60.0,1,0,235.2,2,0,0,0,0,1066
7337,1-25,0,2,1,0,60.0,0,1,0.0,1,2,1,0,2,1066
7338,1-25,0,2,1,0,60.0,0,0,0.0,1,2,1,0,2,0
7340,1-25,0,2,1,0,60.0,0,0,0.0,1,0,0,0,0,1066
7341,1-25,0,2,1,0,60.0,0,1,0.0,1,0,0,0,0,0
7342,1-25,0,2,1,0,60.0,0,1,0.0,1,0,0,0,0,0
7343,1-25,0,2,1,0,60.0,0,1,0.0,1,0,0,0,0,0
7344,1-25,0,1,0,1,60.0,1,0,354.2,6,0,0,0,0,1066
7346,1-25,0,2,1,0,60.0,1,1,0.0,1,0,0,0,0,1066
7347,1-25,0,2,1,0,60.0,1,1,0.0,1,0,0,0,0,1066
7348,More than 1000,0,2,1,0,60.0,1,1,347.20000000000005,2,0,0,0,0,1066
7349,1-25,0,2,1,1,60.0,0,0,36.0,4,0,0,0,0,1066
7350,26-100,0,1,1,1,60.0,0,0,44.2,3,0,1,0,0,1066
7351,1-25,0,2,1,0,60.0,0,1,347.1,2,0,0,0,0,1066
7353,26-100,0,2,1,0,60.0,1,1,5.9,1,0,0,0,0,1066
7354,1-25,0,2,1,0,60.0,0,1,0.0,1,0,0,0,0,1066
7355,101-500,0,2,1,0,60.0,0,1,555.3,2,0,0,0,0,1065
7356,1-25,0,2,1,0,60.0,0,0,0.0,1,0,0,0,0,1066
7358,101-500,0,2,1,0,60.0,0,1,347.1,1,0,0,0,0,1066
7359,1-25,0,2,1,0,60.0,0,1,0.0,1,0,0,0,0,1066
7360,1-25,0,2,1,0,60.0,0,1,0.0,1,0,0,0,0,1066
7361,1-25,0,2,1,0,60.0,1,1,0.0,1,0,0,0,0,0
7362,1-25,0,2,1,0,60.0,0,1,7058.8,3,0,0,0,0,1066
7363,1-25,0,2,1,0,60.0,1,1,0.0,1,0,0,0,0,1066
7364,26-100,0,1,1,1,60.0,1,0,470.4,4,0,0,0,0,0
7366,101-500,0,2,1,0,60.0,1,1,11.8,1,0,0,0,0,1066
7367,500-1000,1,2,1,0,60.0,0,1,176.5,1,0,0,0,0,0
7368,101-500,0,1,1,0,60.0,0,1,22.4,1,5,1,0,0,1052
7369,1-25,0,2,1,0,60.0,0,1,208.2,1,0,0,0,0,1065
7370,500-1000,0,2,1,0,60.0,0,1,347.1,1,0,0,0,0,1065
7371,101-500,0,2,1,0,60.0,1,1,235.3,1,0,0,0,0,1065
7372,500-1000,0,2,1,0,60.0,0,1,29.4,1,0,0,0,0,1065
7373,26-100,0,2,1,0,60.0,0,1,0.0,1,0,0,0,0,0
7374,1-25,0,2,1,0,60.0,0,1,347.1,1,0,0,0,0,0
7375,1-25,0,2,1,0,60.0,0,1,208.2,1,5,1,1,0,801
7376,101-500,0,2,1,0,60.0,1,1,27.8,1,0,0,0,0,1065
7377,26-100,0,2,0,0,60.0,0,1,15.3,1,0,0,0,0,1064
7378,1-25,0,2,1,0,60.0,0,1,208.2,1,0,1,10,0,1064
7379,1-25,0,2,1,0,60.0,0,1,347.1,1,0,0,0,0,1064
7380,1-25,0,2,0,0,60.0,0,1,237.6,2,0,0,0,0,1064
7381,1-25,0,2,0,0,60.0,0,1,502.3,2,0,0,0,0,1064
7382,101-500,0,2,1,0,60.0,0,1,0.0,1,0,0,0,0,0
7383,101-500,0,2,1,0,60.0,0,1,0.0,1,0,0,0,0,1064
7384,1-25,0,2,1,0,60.0,0,1,0.0,1,0,0,0,0,0
7385,1-25,0,1,1,0,60.0,0,1,0.0,1,0,0,0,0,464
7386,1-25,0,2,1,0,60.0,0,1,0.0,1,0,0,0,0,0
7388,1-25,0,2,0,0,60.0,1,1,811.8000000000001,8,0,0,0,0,1064
7390,500-1000,0,1,1,0,60.0,0,0,92.0,7,0,0,0,0,1053
7391,1-25,0,1,1,1,60.0,0,0,14.2,2,0,0,0,0,0
7392,1-25,0,1,1,0,60.0,0,0,127.2,6,0,0,0,0,1060
7393,26-100,0,1,1,0,60.0,0,0,42.4,2,0,0,0,0,1060
7394,1-25,0,2,1,0,60.0,0,0,7.1,1,0,0,0,0,1060
7396,500-1000,0,2,1,1,60.0,0,1,555.3,2,75,13,3,73,1052
7397,1-25,0,2,1,0,60.0,0,0,7.1,1,0,0,0,0,0
7399,1-25,0,2,0,2,60.0,1,1,881.1,4,337,1,2,201,0
7402,26-100,0,2,0,1,60.0,0,0,0.7,1,0,0,0,0,1059
7405,1-25,0,2,1,0,60.0,0,0,7.1,1,0,0,0,0,0
7406,1-25,0,2,1,0,60.0,0,0,7.1,1,0,0,0,0,0
7407,1-25,0,1,1,0,60.0,0,0,106.5,15,0,0,0,0,1058
7408,1-25,0,1,1,0,60.0,0,0,106.5,15,0,0,0,0,1058
7409,1-25,0,2,1,0,60.0,0,0,7.1,1,0,0,0,0,1058
7410,1-25,0,2,1,0,60.0,0,1,208.2,1,0,0,0,0,1058
7412,1-25,0,2,1,0,60.0,1,0,117.6,1,0,0,0,0,0
7413,1-25,0,2,1,1,60.0,0,1,208.2,1,0,0,0,0,1058
7415,1-25,0,2,1,0,60.0,0,1,555.3,2,0,0,0,0,1058
7416,1-25,0,2,1,0,60.0,0,1,555.3,2,0,0,0,0,1058
7418,1-25,0,1,1,0,60.0,0,0,63.9,9,0,0,0,0,1058
7419,1-25,0,1,1,0,160.0,0,0,113.6,16,0,0,0,0,1058
7420,1-25,0,2,1,0,60.0,0,0,21.2,1,0,0,0,0,1058
7421,26-100,0,1,1,0,60.0,0,0,113.6,16,0,0,0,0,1058
7422,1-25,0,1,1,0,60.0,0,0,106.5,15,0,0,0,0,0
7423,101-500,0,2,1,0,60.0,1,0,470.6,2,0,0,0,0,1058
7424,1-25,0,1,1,0,60.0,0,0,106.5,15,0,0,0,0,0
7425,1-25,1,1,1,1,60.0,0,0,92.3,13,1,1,0,0,1053
7426,1-25,0,2,1,0,60.0,0,1,208.2,1,0,0,0,0,1057
7427,1-25,0,1,1,0,60.0,0,0,106.5,15,0,0,0,0,1057
7428,1-25,0,2,1,0,60.0,0,1,347.1,1,0,0,0,0,1057
7429,1-25,0,2,1,0,60.0,0,1,208.2,1,0,0,0,0,1057
7431,1-25,1,1,0,2,60.0,0,1,1874.1,7,8,0,0,5,1010
7432,1-25,0,2,0,0,60.0,1,1,596.5,4,0,0,0,0,1051
7433,1-25,0,2,0,0,60.0,1,1,706.0,3,0,0,0,0,1050
7434,26-100,0,1,1,0,60.0,0,0,169.6,8,1,1,0,0,1054
7435,26-100,0,1,1,1,60.0,0,1,1041.3000000000002,3,0,0,0,0,1045
7436,1-25,0,2,1,0,60.0,0,1,347.1,1,0,0,0,0,1057
7437,1-25,0,2,1,0,60.0,0,0,49.5,3,0,0,0,0,703
7438,1-25,0,2,1,0,60.0,0,0,35.4,3,0,0,0,0,1046
7439,101-500,0,2,1,0,60.0,1,1,14.1,1,0,0,0,0,1054
7440,101-500,0,2,0,0,60.0,1,1,804.7,5,0,0,0,0,1047
7442,500-1000,1,2,0,0,60.0,0,1,347.1,1,0,0,0,0,464
7443,1-25,0,2,1,0,60.0,0,1,347.1,1,0,0,0,0,1057
7444,1-25,0,1,1,0,60.0,0,0,42.4,2,0,0,0,0,0
7445,26-100,1,1,1,1,60.0,0,0,190.8,9,0,0,0,0,0
7447,1-25,1,1,1,0,60.0,0,0,63.6,3,1,1,2,0,1054
7448,1-25,0,2,1,0,60.0,0,0,21.2,1,0,0,0,0,1056
7449,500-1000,0,1,1,0,60.0,1,1,51.8,2,0,0,0,0,1054
7450,1-25,0,1,1,0,60.0,0,0,275.6,13,0,1,1,0,1054
7451,More than 1000,0,2,1,0,60.0,1,1,25.9,1,0,0,0,0,1054
7452,500-1000,0,2,0,0,60.0,0,1,902.4,3,0,0,0,0,1051
7453,101-500,0,2,1,1,60.0,1,0,588.0,5,0,1,1,0,1053
7454,101-500,0,2,1,0,60.0,0,1,347.1,1,0,0,0,0,1054
7455,101-500,0,2,1,0,60.0,1,1,19.4,1,0,0,0,0,1051
7458,26-100,0,2,1,0,60.0,1,0,941.2,4,0,0,0,0,1053
7459,26-100,0,1,1,0,60.0,0,0,49.7,7,0,0,0,0,1054
7460,26-100,0,2,1,0,60.0,1,0,470.6,2,0,0,0,0,0
7461,500-1000,0,2,1,0,60.0,0,1,347.1,1,1,1,0,1,0
7462,1-25,0,2,1,0,60.0,0,1,208.2,1,0,0,0,0,1053
7463,1-25,1,1,0,1,1860.0,0,0,275.6,13,0,0,0,0,449
7464,1-25,1,2,1,3,60.0,0,0,440.9,27,84,42,8,27,794
7465,26-100,0,2,1,1,60.0,1,0,2014.6,16,0,0,0,0,996
7466,500-1000,0,2,1,0,60.0,0,0,106.0,5,0,0,0,0,1053
7467,1-25,0,2,0,0,60.0,0,0,7.1,1,5,1,1,2,0
7468,1-25,0,2,1,0,60.0,0,0,7.1,1,0,0,0,0,1053
7469,101-500,0,2,0,1,60.0,0,1,870.7,3,0,0,0,0,1045
7470,1-25,0,2,1,0,660.0,0,0,7.1,1,0,0,0,0,1053
7472,26-100,0,2,1,0,60.0,0,0,14.2,2,0,1,0,0,931
7473,1-25,0,2,1,0,60.0,0,1,208.2,1,0,0,0,0,1052
7474,26-100,0,2,0,0,60.0,0,1,347.1,1,0,0,0,0,1052
7475,101-500,0,2,1,0,60.0,1,1,117.6,1,0,0,0,0,1050
7476,101-500,0,1,1,0,60.0,0,1,20.8,1,0,0,0,0,0
7477,101-500,0,2,1,0,60.0,0,0,14.2,2,0,0,0,0,1050
7478,101-500,1,2,1,2,60.0,0,1,208.2,1,18,6,28,8,1045
7480,101-500,0,2,1,0,160.0,0,0,63.6,3,0,0,0,0,1050
7481,1-25,0,2,1,0,60.0,0,0,28.3,2,0,0,0,0,1051
7482,1-25,0,2,1,0,60.0,0,0,28.3,2,0,0,0,0,1051
7483,1-25,0,1,1,0,660.0,0,0,21.3,3,0,0,0,0,485
7484,101-500,0,2,0,1,60.0,0,1,20.700000000000003,9,0,0,0,0,1039
7485,1-25,0,2,0,0,60.0,0,1,0.6,3,0,0,0,0,1047
7486,500-1000,0,2,1,0,60.0,0,1,0.0,1,0,0,0,0,1045
7487,26-100,0,2,1,0,60.0,0,1,0.0,1,0,0,0,0,1050
7488,101-500,0,2,1,0,60.0,1,1,0.0,1,0,0,0,0,0
7489,101-500,0,2,1,0,60.0,1,1,0.0,1,0,0,0,0,1050
7490,101-500,0,1,1,0,60.0,0,0,0.6,1,0,0,0,0,0
7491,1-25,0,2,1,0,60.0,0,1,0.0,1,0,0,0,0,1050
7492,1-25,0,2,1,0,60.0,0,0,7.1,1,0,0,0,0,1050
7493,1-25,0,2,1,0,60.0,0,0,7.1,1,0,0,0,0,1050
7494,1-25,0,2,1,0,60.0,0,0,21.2,1,0,0,0,0,1050
7495,1-25,0,2,1,0,60.0,0,0,21.2,1,0,0,0,0,0
7496,101-500,0,2,1,0,60.0,1,0,352.9,1,0,0,0,0,0
7497,1-25,0,2,1,0,60.0,0,0,21.2,1,0,0,0,0,1037
7498,1-25,0,1,1,2,500000.0,1,0,76.8,13,1,1,1,0,431
7499,26-100,0,2,1,0,60.0,1,0,11.8,1,0,0,0,0,0
7500,101-500,0,1,1,1,3735.0,0,0,171.4,9,0,1,2,0,1037
7501,500-1000,0,2,1,0,60.0,1,0,470.4,4,0,0,0,0,932
7502,1-25,0,2,0,0,60.0,0,1,5.9,3,0,0,0,0,1050
7504,101-500,0,2,1,0,60.0,1,0,941.2,2,1,1,1,0,1047
7508,500-1000,0,2,1,0,60.0,0,0,21.2,1,0,0,0,0,0
7509,1-25,0,2,1,0,60.0,0,0,21.2,1,0,0,0,0,0
7511,1-25,0,2,1,0,60.0,0,0,7.1,1,0,0,0,0,0
7512,500-1000,0,2,1,0,60.0,0,0,14.2,2,0,0,0,0,1047
7513,26-100,0,1,1,0,660.0,0,0,14.2,2,0,0,0,0,0
7514,1-25,0,1,1,0,660.0,0,0,14.2,2,0,0,0,0,1047
7515,1-25,0,1,1,0,660.0,0,0,14.2,2,0,0,0,0,809
7516,1-25,0,2,1,0,60.0,0,0,7.1,1,0,0,0,0,1047
7517,1-25,0,1,1,0,1860.0,0,0,42.4,2,0,0,0,0,1047
7518,1-25,0,2,1,0,60.0,0,1,208.2,1,0,0,0,0,1047
7519,1-25,0,1,1,0,660.0,0,0,14.2,2,0,0,0,0,1047
7521,101-500,0,2,1,0,60.0,0,0,14.2,2,0,0,0,0,1047
7522,1-25,0,2,1,0,60.0,0,0,21.2,1,0,0,0,0,1047
7523,1-25,0,2,0,0,60.0,0,0,7.1,3,0,0,0,0,1047
7524,1-25,0,1,1,0,60.0,1,0,470.6,1,0,0,0,0,1047
7525,500-1000,0,2,1,0,60.0,1,0,352.9,1,0,0,0,0,1047
7527,1-25,0,1,1,0,60.0,0,0,7.1,2,0,0,0,0,0
7529,1-25,0,2,1,0,60.0,0,0,0.0,1,0,0,0,0,0
7530,1-25,0,2,1,0,60.0,0,0,0.0,1,0,0,0,0,0
7531,101-500,0,2,1,0,60.0,0,1,347.1,1,0,0,6,0,1046
7532,500-1000,0,2,1,0,60.0,0,1,0.0,1,0,0,0,0,0
7533,1-25,0,2,1,0,60.0,0,1,0.0,1,0,0,0,0,0
7534,1-25,0,2,1,0,60.0,0,1,208.2,1,0,0,14,0,0
7535,1-25,0,2,1,0,60.0,0,1,0.0,1,0,0,0,0,0
7536,1-25,0,2,1,0,60.0,0,1,347.1,1,0,1,4,0,0
7537,101-500,1,2,0,1,60.0,0,0,21.3,3,0,0,0,0,1045
7538,1-25,0,1,0,0,60.0,0,1,1935.4,7,0,1,1,0,1044
7539,1-25,0,2,1,0,60.0,0,1,0.0,1,0,0,0,0,0
7540,101-500,0,2,1,0,60.0,0,1,176.5,2,0,0,0,0,1046
7541,500-1000,0,2,0,1,60.0,0,1,557.8,4,0,0,0,0,1045
7543,101-500,0,2,1,0,60.0,1,1,14.1,1,0,0,0,0,1046
7545,1-25,0,2,1,1,60.0,0,0,28.3,2,0,0,0,0,1046
7547,1-25,0,1,1,0,60.0,0,0,7.1,2,0,0,0,0,1046
7548,1-25,0,2,1,0,60.0,0,1,0.0,1,0,0,0,0,1046
7549,1-25,1,1,1,1,660.0,0,0,14.2,3,1,4,3,0,669
7550,1-25,0,2,1,0,60.0,0,0,7.1,2,0,0,0,0,1046
7551,1-25,0,1,1,0,60.0,0,1,208.2,2,0,0,0,0,1046
7553,1-25,0,1,1,0,60.0,0,0,7.1,2,0,0,0,0,1046
7554,101-500,1,2,1,2,1060.0,0,0,65.4,4,0,0,0,0,1033
7556,500-1000,0,2,0,0,2760.0,0,0,30.2,5,0,0,0,0,1045
7557,1-25,0,2,1,0,60.0,0,0,7.1,1,0,0,0,0,0
7558,1-25,0,2,1,0,60.0,0,0,0.0,1,0,0,0,0,0
7559,101-500,0,2,1,0,60.0,1,1,117.6,1,0,0,0,0,0
7560,1-25,0,1,0,0,60.0,0,0,14.2,3,0,0,0,0,1046
7561,1-25,0,2,0,0,60.0,0,1,0.0,2,0,0,0,0,1046
7562,1-25,0,2,0,0,60.0,0,1,706.0,6,0,0,0,0,1046
7563,1-25,0,2,0,0,60.0,0,0,1.8,4,0,0,0,0,1046
7564,1-25,0,2,1,0,60.0,0,1,0.0,1,0,0,0,0,1045
7565,1-25,0,2,1,0,60.0,0,0,14.2,2,0,0,0,0,450
7566,101-500,0,2,1,0,60.0,0,1,176.5,1,0,0,0,0,0
7567,1-25,0,2,1,0,60.0,0,0,7.1,1,0,0,0,0,1045
7568,1-25,0,2,1,0,60.0,0,0,7.1,1,0,0,0,0,1045
7569,101-500,0,2,0,0,60.0,0,1,347.1,3,0,0,0,0,1044
7570,More than 1000,0,2,0,0,60.0,0,1,0.0,2,0,0,0,0,1045
7575,1-25,0,2,1,0,60.0,0,0,7.1,1,0,0,0,0,1045
7577,26-100,0,2,0,0,60.0,0,1,208.2,1,0,0,0,0,0
7578,1-25,0,2,1,0,60.0,0,0,0.6,1,0,0,0,0,1045
7579,26-100,0,2,1,0,60.0,0,0,1.8,1,0,0,0,0,0
7580,26-100,0,2,1,0,60.0,0,0,0.6,1,0,0,0,0,1045
7581,26-100,0,2,1,0,60.0,0,0,1.8,1,0,0,0,0,0
7582,26-100,0,2,1,0,60.0,0,0,0.6,1,0,0,0,0,1045
7583,1-25,0,2,1,1,60.0,1,1,0.0,1,1,9,5,0,1031
7584,1-25,0,2,1,0,60.0,0,1,208.2,1,0,0,0,0,1045
7585,26-100,0,1,0,0,60.0,0,1,592.9,3,0,0,0,0,1045
7586,26-100,0,2,1,0,60.0,0,1,470.6,2,0,0,0,0,1045
7587,1-25,0,2,1,0,60.0,0,1,347.1,1,0,0,0,0,1045
7590,1-25,0,2,1,0,60.0,0,0,7.1,2,0,0,0,0,1045
7591,1-25,0,2,1,0,60.0,0,0,7.1,2,0,0,0,0,1045
7592,500-1000,0,2,1,0,60.0,0,1,347.1,1,0,0,0,0,1045
7593,1-25,0,1,0,0,60.0,0,0,14.2,3,0,0,0,0,1045
7594,1-25,0,2,0,0,60.0,0,1,294.1,2,0,0,0,0,1045
7595,500-1000,0,2,0,0,60.0,0,1,1078.9,5,0,0,0,0,464
7596,1-25,0,2,1,2,60.0,0,1,347.1,1,144,29,26,112,1008
7597,101-500,0,2,0,0,60.0,0,0,8.9,2,0,0,0,0,1045
7598,1-25,0,1,0,0,60.0,0,1,384.7,4,0,0,0,0,1045
7599,101-500,0,2,0,0,60.0,0,0,155.4,6,0,0,0,0,1045
7600,1-25,0,2,1,0,60.0,0,0,7.1,1,0,0,0,0,0
7605,101-500,0,2,0,0,60.0,0,1,731.8,3,0,0,0,0,0
7606,1-25,0,1,1,0,1535.0,0,0,77.19999999999999,10,1,2,0,1,970
7607,101-500,0,1,1,1,60.0,1,0,1058.6999999999998,3,0,0,0,0,1044
7608,1-25,0,2,0,0,60.0,0,0,0.0,2,0,0,0,0,1044
7609,1-25,0,2,1,0,60.0,0,0,7.1,1,0,0,0,0,1044
7610,500-1000,0,2,1,0,60.0,0,0,0.6,1,0,1,1,0,0
7611,1-25,0,2,1,0,60.0,0,1,0.0,1,0,0,0,0,0
7612,1-25,0,2,1,0,60.0,0,1,0.0,1,0,0,0,0,0
7613,1-25,0,1,0,0,60.0,0,0,14.8,3,0,0,0,0,0
7614,1-25,0,1,0,0,60.0,0,0,7.699999999999999,3,0,0,0,0,0
7615,1-25,0,1,0,0,60.0,0,1,384.7,4,0,0,0,0,1044
7616,26-100,0,1,0,0,60.0,0,0,23.6,3,0,0,0,0,1044
7617,26-100,0,2,1,0,60.0,1,1,0.0,1,0,0,2,0,1044
7618,1-25,0,2,1,0,60.0,0,1,208.2,1,0,0,4,0,1044
7619,1-25,0,1,0,0,60.0,0,0,28.4,4,0,0,0,0,962
7620,101-500,0,2,0,1,60.0,0,0,16.0,3,0,0,0,0,0
7622,500-1000,0,1,0,1,60.0,0,0,29.0,5,0,0,0,0,0
7624,101-500,0,2,1,0,60.0,0,1,176.5,1,0,0,0,0,0
7627,1-25,0,2,0,0,60.0,0,1,347.1,1,0,0,0,0,1044
7628,1-25,0,1,0,0,60.0,0,0,106.0,5,0,0,0,0,0
7629,101-500,0,2,0,0,60.0,0,0,8.9,2,0,0,0,0,0
7630,26-100,0,1,0,0,60.0,1,0,320.0,6,0,0,0,0,0
7631,101-500,0,2,1,1,60.0,0,0,8.9,2,0,0,0,0,0
7632,101-500,0,2,1,0,60.0,0,1,176.5,1,0,0,0,0,1043
7633,500-1000,0,2,1,0,60.0,0,1,294.1,1,0,0,0,0,0
7634,1-25,0,2,1,0,60.0,0,1,208.2,1,0,0,0,0,0
7635,26-100,0,2,1,0,60.0,1,0,23.6,2,0,0,0,0,1043
7636,1-25,0,2,1,0,60.0,0,1,347.1,1,0,0,0,0,0
7637,1-25,0,1,0,0,60.0,0,0,70.8,6,0,0,0,0,1043
7640,1-25,0,2,0,0,60.0,0,1,678.8,4,0,0,0,0,1043
7641,1-25,0,2,1,0,60.0,0,0,0.0,1,0,0,0,0,0
7642,1-25,0,2,0,0,60.0,0,0,0.6,3,0,0,0,0,0
7643,1-25,0,2,0,0,60.0,0,1,176.5,2,0,0,0,0,0
7644,26-100,0,2,1,0,60.0,1,1,117.6,1,0,0,0,0,1043
7645,500-1000,0,1,1,0,60.0,1,1,190.2,3,0,0,0,0,1043
7646,26-100,0,2,1,0,60.0,1,1,117.6,1,0,0,0,0,0
7647,101-500,0,1,0,0,60.0,1,1,235.2,2,2,1,0,2,1026
7648,26-100,0,1,0,0,60.0,1,1,352.79999999999995,3,0,0,0,0,1043
7650,1-25,0,2,0,0,60.0,0,1,710.5,4,0,0,0,0,0
7651,1-25,0,2,1,0,60.0,0,0,7.1,1,0,0,0,0,0
7652,1-25,0,2,1,0,60.0,0,1,347.1,1,0,0,0,0,0
7653,1-25,0,2,1,0,60.0,0,1,208.2,1,0,0,0,0,0
7654,101-500,0,2,1,0,60.0,0,0,28.3,2,0,0,0,0,0
7655,101-500,0,2,1,0,60.0,1,0,117.6,1,0,0,0,0,0
7656,101-500,0,2,1,0,60.0,0,1,294.1,1,0,0,0,0,0
7657,101-500,1,1,1,1,1560.0,0,0,21.3,3,0,0,0,0,1039
7658,500-1000,0,2,1,0,60.0,0,1,0.0,1,0,0,0,0,0
7659,1-25,0,2,1,0,60.0,0,1,0.0,1,0,0,0,0,1040
7660,More than 1000,0,2,1,0,60.0,1,1,0.0,1,0,0,0,0,0
7661,1-25,0,2,1,0,60.0,0,1,0.0,1,0,0,0,0,0
7662,101-500,0,1,1,0,60.0,0,0,7.1,2,0,0,0,0,1040
7663,1-25,0,2,1,0,60.0,1,0,0.0,1,0,0,0,0,1040
7664,500-1000,0,1,1,0,60.0,1,0,0.0,1,0,0,0,0,0
7665,1-25,0,2,1,0,60.0,0,0,0.0,1,0,0,0,0,1040
7666,26-100,0,2,1,0,60.0,1,0,235.2,2,0,0,0,0,0
7667,1-25,0,2,1,0,60.0,0,0,7.1,1,0,0,0,0,0
7669,1-25,0,2,1,0,60.0,0,0,7.1,1,0,0,0,0,0
7670,1-25,0,2,1,0,60.0,0,0,7.1,1,0,0,0,0,0
7671,1-25,0,1,0,0,60.0,0,0,23.0,2,0,0,0,0,0
7672,101-500,0,2,1,0,60.0,0,0,21.2,1,0,0,0,0,1039
7673,1-25,0,2,1,0,60.0,0,0,21.2,1,0,0,0,0,0
7674,1-25,0,2,1,0,60.0,0,1,347.1,1,0,0,0,0,0
7675,101-500,0,2,1,0,60.0,0,0,7.1,1,0,0,0,0,0
7676,1-25,0,2,1,0,60.0,0,1,208.2,1,0,0,0,0,0
7680,1-25,0,2,1,0,60.0,0,0,21.2,1,0,0,0,0,0
7681,101-500,0,2,0,0,60.0,0,0,8.9,2,0,0,0,0,1039
7682,500-1000,0,2,1,0,60.0,1,0,11.8,1,0,0,0,0,1039
7683,101-500,0,1,0,0,660.0,0,0,28.9,4,0,0,0,0,450
7684,26-100,0,2,1,0,60.0,0,0,23.0,2,0,0,0,0,1039
7685,26-100,0,2,1,0,60.0,0,0,0.6,1,0,0,0,0,1039
7686,101-500,0,2,1,0,60.0,0,0,0.6,1,0,0,0,0,0
7687,26-100,0,2,1,0,60.0,0,0,1.8,1,0,0,0,0,0
7688,26-100,0,2,1,0,60.0,1,0,11.8,1,0,0,0,0,1039
7689,101-500,0,2,1,0,60.0,1,0,11.8,1,0,0,0,0,1039
7690,1-25,0,2,1,0,60.0,1,0,0.0,1,0,0,0,0,0
7691,1-25,0,2,1,1,60.0,0,0,35.4,3,0,0,0,0,1039
7692,500-1000,0,2,1,0,60.0,0,0,69.5,4,0,0,0,0,0
7693,1-25,0,2,1,0,60.0,0,0,7.1,1,0,0,0,0,0
7694,101-500,0,2,1,0,60.0,1,0,117.6,1,0,0,0,0,0
7695,1-25,0,1,0,1,60.0,1,0,242.3,3,0,0,0,0,0
7698,1-25,0,2,1,0,60.0,0,0,0.0,1,0,0,0,0,1039
7699,1-25,0,2,1,0,60.0,0,0,1.8,1,0,0,0,0,1039
7700,1-25,0,2,1,0,60.0,1,0,0.0,1,0,0,0,0,1039
7701,1-25,0,2,1,0,60.0,0,0,0.0,1,0,0,0,0,0
7702,1-25,0,2,1,0,60.0,0,0,21.2,1,0,0,0,0,1038
7703,1-25,0,2,1,0,60.0,0,1,347.1,1,0,0,0,0,0
7704,101-500,0,2,0,0,1560.0,0,0,16.0,4,0,0,0,0,0
7705,1-25,0,2,1,1,60.0,0,0,7.1,1,0,0,0,0,0
7707,1-25,0,2,1,0,60.0,0,0,0.0,1,0,0,0,0,0
7710,101-500,0,2,1,0,60.0,1,0,58.8,1,0,0,0,0,1038
7711,101-500,0,2,1,1,60.0,1,0,941.2,2,0,0,0,0,1038
7712,1-25,0,2,1,0,60.0,0,0,7.699999999999999,3,0,0,0,0,1038
7713,1-25,0,2,1,0,60.0,0,1,0.0,1,0,0,0,0,0
7715,101-500,0,2,1,0,60.0,1,0,124.7,2,0,0,0,0,1037
7716,101-500,0,2,1,0,60.0,0,0,0.6,1,0,0,0,0,1038
7717,More than 1000,0,2,1,0,60.0,0,0,28.3,2,0,0,0,0,1038
7718,1-25,0,2,1,0,60.0,0,0,21.2,1,0,0,0,0,0
7719,101-500,0,2,1,1,60.0,0,0,124.7,2,0,0,0,0,1038
7721,1-25,0,2,1,0,60.0,0,1,208.2,1,0,6,1,0,1038
7722,1-25,0,2,1,0,60.0,0,0,21.2,1,0,0,0,0,1038
7723,1-25,0,1,0,1,60.0,0,0,65.4,4,0,0,0,0,1037
7725,1-25,0,2,1,0,60.0,0,0,7.1,1,0,0,0,0,1037
7726,1-25,0,2,1,0,60.0,0,0,7.1,1,0,0,0,0,1037
7727,1-25,0,2,1,0,60.0,0,0,21.2,1,0,0,0,0,1037
7728,1-25,0,2,1,0,60.0,0,0,7.1,1,0,0,0,0,1037
7729,1-25,0,2,1,0,60.0,0,0,21.8,2,0,0,0,0,1037
7730,1-25,0,2,1,0,60.0,0,0,7.1,1,0,0,0,0,1037
7731,101-500,0,2,1,1,60.0,0,0,7.1,1,0,0,0,0,1037
7732,1-25,0,2,1,0,60.0,0,0,21.2,1,0,0,0,0,1037
7733,1-25,0,2,1,0,60.0,0,0,7.1,1,0,0,0,0,1037
7734,1-25,0,2,1,0,60.0,0,0,21.2,1,0,0,0,0,0
7736,26-100,0,2,1,0,60.0,0,0,0.6,1,0,0,0,0,1037
7737,500-1000,0,1,1,0,60.0,0,0,1.8,1,0,0,0,0,1037
7738,26-100,0,2,1,1,60.0,0,0,23.6,3,0,0,0,0,1033
7739,101-500,0,1,1,0,60.0,1,0,29.4,2,0,0,0,0,1037
7741,1-25,0,2,1,0,60.0,0,0,7.1,1,0,0,0,0,1037
7742,1-25,0,2,1,0,60.0,0,0,21.2,1,0,0,0,0,1037
7743,1-25,0,2,1,0,60.0,0,0,7.1,1,0,0,0,0,0
7744,26-100,0,1,1,0,60.0,0,0,21.3,3,0,0,0,0,1037
7745,26-100,0,2,1,0,60.0,0,0,16.0,3,0,0,0,0,1036
7746,1-25,0,2,1,0,60.0,0,0,2.4,2,0,0,0,0,1036
7747,1-25,0,2,1,0,60.0,0,0,0.0,1,0,0,0,0,0
7748,1-25,0,2,1,0,60.0,0,0,21.2,1,0,0,0,0,0
7749,1-25,0,2,1,0,60.0,0,0,21.2,1,0,0,0,0,0
7750,26-100,0,2,1,0,60.0,0,0,28.3,2,0,0,0,0,0
7751,1-25,1,2,1,0,60.0,0,0,7.1,1,0,0,0,0,1036
7752,1-25,0,2,1,0,60.0,0,1,347.1,1,0,0,0,0,1036
7753,1-25,0,2,1,0,60.0,0,1,1543.6,5,0,0,0,0,1036
7754,1-25,0,2,1,0,60.0,0,0,0.0,1,0,0,0,0,1033
7755,1-25,0,2,1,0,60.0,0,0,0.0,1,0,0,0,0,1033
7756,1-25,0,1,1,0,60.0,0,0,7.699999999999999,2,0,0,0,0,1033
7757,26-100,0,2,1,1,60.0,0,0,7.1,1,4,6,1,2,973
7758,1-25,0,2,1,0,60.0,1,0,5.9,1,0,0,0,0,0
7759,1-25,0,2,1,0,60.0,1,0,5.9,1,0,0,0,0,0
7760,1-25,0,2,1,0,60.0,1,0,58.8,1,0,0,0,0,0
7761,1-25,0,2,1,0,60.0,1,0,58.8,1,0,0,0,0,0
7762,More than 1000,0,2,1,0,60.0,1,0,117.6,1,0,0,0,0,1032
7763,1-25,0,2,1,0,60.0,0,0,1.8,1,0,0,0,0,1032
7764,26-100,0,2,0,0,60.0,0,0,2.4,2,0,0,0,0,1032
7765,1-25,0,2,1,0,60.0,0,1,208.2,1,0,0,0,0,1031
7766,1-25,0,2,1,0,60.0,1,0,117.6,1,0,0,0,0,0
7767,1-25,0,2,1,0,60.0,0,1,347.1,1,0,0,0,0,1032
7768,1-25,0,2,1,0,60.0,0,0,7.1,1,0,0,0,0,0
7769,1-25,0,2,1,0,60.0,0,0,7.1,1,0,0,0,0,0
7770,1-25,0,2,1,0,60.0,0,0,7.1,1,0,0,0,0,1032
7771,500-1000,0,2,1,0,60.0,0,0,7.1,1,0,0,0,0,1032
7772,1-25,0,1,1,0,60.0,1,0,352.79999999999995,3,3,2,0,3,973
7773,26-100,0,2,1,0,60.0,0,1,176.5,1,0,0,0,0,1032
7774,26-100,0,2,1,0,60.0,0,1,34.7,1,0,0,0,0,1032
7775,1-25,0,2,1,1,60.0,0,0,42.4,2,0,0,0,0,1032
7777,1-25,0,1,1,1,660.0,0,0,35.4,4,1,1,0,0,455
7779,1-25,0,2,1,0,60.0,0,0,17.6,1,0,0,0,0,1032
7781,26-100,0,2,1,0,60.0,0,0,1.8,1,0,0,0,0,1032
7783,26-100,0,2,1,0,60.0,0,0,0.6,1,0,0,0,0,0
7784,1-25,0,2,0,0,60.0,0,0,1.8,1,0,0,0,0,0
7785,500-1000,0,1,1,1,60.0,0,0,21.3,3,0,0,0,0,0
7787,More than 1000,0,2,1,0,60.0,0,0,21.2,1,0,0,0,0,0
7788,500-1000,0,1,1,0,60.0,1,0,470.6,2,0,0,0,0,1031
7789,26-100,0,2,1,0,60.0,0,0,2.4,2,0,0,0,0,1030
7790,1-25,0,2,1,0,60.0,1,0,117.6,1,0,0,0,0,1031
7791,1-25,0,2,1,0,60.0,0,1,208.2,1,0,0,0,0,1031
7792,1-25,0,2,1,0,60.0,1,0,235.3,1,0,0,0,0,0
7793,101-500,0,2,1,1,60.0,0,0,1.8,1,36,6,1,34,1030
7794,1-25,0,1,0,0,60.0,0,0,23.0,2,0,0,0,0,1031
7795,1-25,0,2,1,0,60.0,0,1,11.8,2,0,0,0,0,0
7796,500-1000,0,2,1,0,60.0,0,1,0.0,1,0,0,0,0,1031
7797,More than 1000,0,2,1,0,60.0,0,1,16.7,2,0,0,0,0,1031
7798,1-25,1,1,0,1,60.0,0,0,134.4,9,0,0,0,0,1029
7799,More than 1000,0,1,0,0,60.0,0,1,947.1,5,0,0,0,0,1031
7801,1-25,0,2,1,0,60.0,0,0,7.1,1,0,0,0,0,0
7802,26-100,0,2,1,0,60.0,1,1,588.2,1,0,2,3,0,977
7803,1-25,0,2,1,0,60.0,1,0,117.6,1,0,0,0,0,0
7804,26-100,0,2,1,1,60.0,0,0,0.6,1,0,0,0,0,1031
7805,101-500,0,2,0,0,60.0,0,1,647.1,3,0,0,0,0,1031
7807,101-500,0,2,1,0,60.0,1,0,117.6,1,0,0,0,0,1031
7808,101-500,0,2,1,0,60.0,0,0,7.1,1,0,0,0,0,1030
7809,101-500,0,2,1,0,60.0,0,0,1.8,1,0,0,0,0,1030
7810,More than 1000,1,1,1,17,18174.0,0,0,300.4,16,53,5,3,19,329
7811,101-500,0,2,1,0,60.0,1,1,1.4,1,0,0,0,0,1030
7812,101-500,0,0,1,1,60.0,1,0,47.0,2,0,0,0,0,1030
7813,500-1000,0,2,1,0,2060.0,0,0,23.0,2,0,0,0,0,1030
7815,1-25,0,2,1,0,60.0,0,1,208.2,1,0,0,0,0,1030
7816,26-100,0,2,1,0,60.0,1,0,117.6,1,0,0,0,0,1030
7817,26-100,0,2,1,0,60.0,0,0,0.6,1,0,0,0,0,0
7818,1-25,0,2,1,0,60.0,0,1,347.1,1,0,0,0,0,1030
7819,1-25,0,1,1,0,60.0,0,1,402.3,11,0,0,0,0,1016
7820,101-500,0,2,1,1,60.0,1,0,235.3,1,0,0,0,0,0
7823,101-500,0,2,1,0,60.0,0,0,21.2,1,0,0,0,0,1030
7824,1-25,0,2,1,0,60.0,0,0,0.0,1,0,0,0,0,1030
7825,1-25,0,2,1,1,60.0,0,0,21.2,2,0,0,0,0,0
7829,500-1000,1,1,1,3,60.0,0,0,294.9,29,0,0,1,0,1022
7830,101-500,1,2,1,1,60.0,0,0,130.2,7,0,0,0,0,993
7831,500-1000,0,2,1,1,60.0,1,0,3176.1,25,0,0,0,0,1018
7832,26-100,1,1,1,2,60.0,0,0,335.29999999999995,29,4,1,5,2,967
7833,26-100,0,1,1,1,60.0,0,0,153.2,9,1,1,0,0,963
7834,500-1000,0,2,1,0,60.0,1,0,470.4,4,3,1,2,3,962
7835,1-25,0,2,1,0,60.0,0,0,0.0,1,0,0,0,0,1029
7836,1-25,0,2,0,0,60.0,0,1,0.0,2,0,0,0,0,0
7838,500-1000,0,2,0,1,60.0,0,1,0.0,2,0,0,0,0,1024
7839,500-1000,0,1,0,0,60.0,0,1,384.7,4,0,0,0,0,1024
7840,1-25,0,2,0,0,60.0,0,1,0.0,2,0,0,0,0,1029
7843,101-500,0,1,1,1,60.0,0,0,7.699999999999999,2,0,0,0,0,0
7846,101-500,0,2,1,0,60.0,0,0,0.6,1,0,0,0,0,1029
7847,101-500,0,2,1,0,60.0,0,0,0.6,1,0,0,0,0,1029
7848,26-100,0,2,1,0,60.0,0,0,1.8,1,0,0,0,0,1029
7849,101-500,0,2,1,0,60.0,0,0,0.6,1,0,0,0,0,1029
7850,500-1000,0,2,1,0,60.0,0,0,0.6,1,0,0,0,0,1029
7852,500-1000,0,1,1,0,60.0,0,0,23.6,2,0,0,0,0,1029
7853,26-100,0,2,1,0,60.0,0,0,1.8,1,0,0,0,0,1029
7854,26-100,0,2,1,0,60.0,0,0,1.8,1,0,0,0,0,1029
7855,101-500,0,2,1,0,60.0,1,0,23.5,1,0,0,0,0,1029
7856,500-1000,0,2,1,0,60.0,0,0,7.1,1,0,0,0,0,1029
7857,26-100,0,2,1,0,60.0,0,0,21.2,1,0,0,0,0,1029
7858,26-100,0,2,1,0,60.0,1,0,1.2,1,0,0,0,0,1029
7859,1-25,0,2,1,0,60.0,1,0,117.6,1,0,0,0,0,1029
7860,1-25,0,2,1,0,60.0,0,0,0.6,1,0,0,0,0,1029
7861,1-25,0,2,1,0,60.0,1,0,117.6,1,0,0,0,0,1029
7862,101-500,0,2,1,0,60.0,1,0,117.6,1,0,0,0,0,1029
7863,26-100,0,2,1,0,60.0,1,0,117.6,1,0,0,0,0,0
7866,1-25,0,2,1,0,60.0,0,0,0.0,1,0,0,0,0,0
7867,101-500,0,2,0,0,60.0,0,0,7.1,2,0,0,0,0,1029
7870,101-500,0,2,1,0,60.0,1,0,117.6,1,0,0,0,0,1029
7871,1-25,0,2,1,0,60.0,0,0,1.8,1,0,0,0,0,1029
7872,1-25,0,1,1,0,60.0,1,0,235.2,2,0,0,0,0,1029
7873,26-100,0,2,1,0,60.0,1,0,117.6,1,0,0,0,0,0
7874,101-500,0,2,1,0,60.0,0,0,0.6,1,0,0,0,0,1029
7875,26-100,0,1,0,0,60.0,0,0,1.2,2,0,0,0,0,0
7876,26-100,0,2,1,0,60.0,0,0,1.8,1,0,0,0,0,0
7877,101-500,0,2,1,0,60.0,0,0,1.4,1,0,0,0,0,1029
7878,101-500,0,2,1,0,60.0,0,0,1.8,1,0,0,0,0,1029
7879,500-1000,0,2,1,0,60.0,1,1,13.9,1,0,0,0,0,1028
7881,26-100,0,2,1,0,60.0,1,1,117.6,1,4,1,1,2,1026
7882,101-500,0,2,1,0,60.0,0,0,0.6,1,0,0,0,0,1026
7883,26-100,1,1,0,2,60.0,0,0,67.2,5,0,0,0,0,0
7884,1-25,0,2,1,0,60.0,0,1,208.2,1,0,0,0,0,0
7885,101-500,0,2,0,0,60.0,0,1,876.6,6,0,0,0,0,1026
7886,101-500,0,1,1,0,60.0,0,0,7.699999999999999,2,0,1,2,0,1026
7887,26-100,1,1,0,1,60.0,0,1,1249.1999999999998,7,0,0,0,0,1026
7891,101-500,1,2,0,2,60.0,0,0,0.6,1,11,3,2,7,1026
7892,1-25,0,2,1,0,60.0,0,0,0.0,1,0,0,0,0,1026
7894,26-100,0,2,1,0,60.0,0,0,3.0,3,0,0,0,0,1026
7896,26-100,0,1,1,0,660.0,0,0,16.6,4,0,0,0,0,0
7897,26-100,0,1,0,0,60.0,0,0,6.6000000000000005,5,0,0,0,0,0
7898,26-100,0,1,0,0,60.0,0,0,120.6,4,0,0,0,0,1026
7899,101-500,0,2,1,0,60.0,1,1,129.4,1,0,0,0,0,1026
7900,101-500,0,1,1,0,60.0,0,1,347.1,1,0,0,0,0,1025
7901,101-500,0,2,1,0,60.0,1,0,117.6,1,0,0,0,0,0
7902,26-100,0,2,1,0,60.0,0,0,7.1,1,0,0,0,0,0
7903,500-1000,0,2,1,0,60.0,0,0,0.0,1,3,1,0,3,1025
7905,26-100,0,1,0,1,60.0,0,0,23.6,3,0,0,0,0,1025
7906,26-100,0,1,1,0,60.0,1,1,280.0,2,0,0,0,0,1025
7907,1-25,0,2,1,0,60.0,0,0,7.1,1,0,0,0,0,1025
7908,1-25,0,2,1,0,60.0,0,0,0.6,1,0,0,0,0,1025
7909,26-100,0,2,1,0,60.0,0,0,7.1,1,0,0,0,0,1025
7910,26-100,1,2,0,2,60.0,1,1,641.2,3,0,0,0,0,1025
7912,101-500,0,2,1,0,60.0,0,0,7.1,1,0,0,0,0,1025
7914,26-100,0,2,1,0,60.0,0,0,0.6,1,0,0,0,0,1025
7915,101-500,0,2,0,0,60.0,0,0,8.2,1,0,0,0,0,1025
7917,500-1000,0,2,1,1,60.0,0,1,176.5,1,0,0,0,0,0
7918,1-25,0,2,1,0,60.0,0,0,0.6,1,0,0,0,0,0
7920,26-100,0,1,1,0,60.0,0,0,14.8,3,0,0,0,0,0
7921,26-100,0,2,1,0,60.0,0,0,0.6,1,0,0,0,0,0
7922,26-100,0,2,0,0,60.0,0,0,2.4,2,0,0,0,0,0
7923,101-500,0,2,1,0,60.0,0,0,0.6,1,0,0,0,0,0
7924,101-500,0,2,1,0,60.0,0,0,0.6,1,0,0,0,0,1024
7925,500-1000,0,2,1,0,60.0,0,0,0.6,1,0,0,0,0,0
7926,1-25,0,1,1,0,60.0,0,0,7.699999999999999,2,0,0,0,0,1024
7927,1-25,0,2,1,1,60.0,0,1,347.1,1,0,0,0,0,1023
7930,1-25,0,2,1,0,60.0,0,1,561.2,3,0,0,0,0,1024
7931,101-500,1,1,1,0,60.0,0,0,22.5,5,0,0,0,0,1019
7932,26-100,0,2,1,0,60.0,0,0,1.8,1,0,0,0,0,1024
7933,26-100,0,1,1,1,60.0,1,0,126.5,5,0,0,0,0,1023
7936,26-100,0,2,1,0,60.0,0,0,7.1,1,0,0,0,0,1024
7937,101-500,0,2,1,0,60.0,0,0,21.2,1,0,0,0,0,0
7938,101-500,0,1,1,0,60.0,0,0,8.5,2,0,0,0,0,1024
7940,500-1000,0,2,1,1,60.0,0,1,208.2,1,19,6,6,21,0
7942,101-500,0,2,1,0,60.0,0,0,0.6,1,0,0,0,0,1023
7943,26-100,0,2,1,0,60.0,0,0,7.1,1,0,0,0,0,1023
7944,26-100,0,1,1,0,60.0,1,1,418.7000000000001,4,0,0,0,0,1022
7945,101-500,0,2,1,0,60.0,0,1,347.1,1,0,0,0,0,0
7946,1-25,0,2,1,0,60.0,0,0,7.1,1,0,0,0,0,0
7947,101-500,0,2,1,0,60.0,0,0,1.8,1,0,0,0,0,0
7948,26-100,0,2,1,0,60.0,0,0,14.2,2,0,0,0,0,1022
7949,26-100,0,2,1,0,60.0,0,1,763.5,3,0,0,0,0,0
7950,26-100,0,2,1,0,60.0,0,0,7.1,1,0,0,0,0,1022
7951,101-500,0,1,1,0,2460.0,0,0,24.8,3,0,0,0,0,0
7952,101-500,0,1,1,0,60.0,0,1,730.6,6,0,0,0,0,1022
7954,500-1000,0,2,1,1,60.0,0,1,434.1,3,0,0,0,0,0
7957,500-1000,0,2,1,0,60.0,0,0,0.6,1,0,0,0,0,1022
7958,500-1000,0,2,1,0,60.0,0,0,1.8,1,0,0,0,0,1021
7959,1-25,0,2,1,0,60.0,0,1,208.2,1,0,0,0,0,1019
7960,101-500,1,1,1,0,2060.0,0,0,28.4,5,0,0,0,0,1011
7961,101-500,1,1,1,1,60.0,0,0,23.1,6,0,0,0,0,1019
7963,101-500,0,1,1,0,60.0,0,1,694.2,2,0,0,0,0,0
7964,More than 1000,0,1,1,2,60.0,0,0,24.1,2,6,2,2,2,987
7965,500-1000,0,2,1,0,60.0,0,1,555.3,2,0,0,0,0,984
7966,101-500,0,1,1,1,60.0,1,1,277.6,2,0,0,0,0,1019
7969,1-25,0,2,1,0,60.0,0,1,208.2,1,1,1,1,0,0
7971,26-100,0,2,1,0,60.0,1,1,14.1,1,0,0,0,0,0
7972,1-25,0,1,1,8,60.0,1,1,278.8,3,3,3,3,1,987
7973,500-1000,0,1,1,0,60.0,1,0,1647.0,2,0,0,0,0,1019
7976,101-500,0,1,1,0,60.0,0,1,353.0,2,0,0,0,0,1019
7977,1-25,0,2,1,2,60.0,0,0,72.5,7,0,0,0,0,1019
7979,101-500,0,2,1,3,60.0,0,1,294.1,4,0,0,0,0,1018
7980,26-100,1,1,1,0,60.0,0,0,29.6,6,0,0,0,0,1018
7982,500-1000,0,2,1,1,60.0,1,0,269.6,6,0,0,0,0,1018
7987,500-1000,0,1,1,0,60.0,1,0,117.6,4,0,0,0,0,1018
7988,26-100,0,1,1,0,860.0,0,0,7.699999999999999,2,1,1,1,0,984
7989,More than 1000,1,1,1,1,60.0,0,0,150.2,8,3,1,1,3,1015
7990,500-1000,0,2,1,1,60.0,0,0,1.8,1,1,2,1,1,0
7993,101-500,0,2,1,0,60.0,1,0,117.6,1,0,0,0,0,0
7994,101-500,0,2,1,0,60.0,1,0,117.6,1,0,0,0,0,0
7995,26-100,0,2,1,0,60.0,1,0,117.6,1,0,0,0,0,1015
7996,500-1000,0,1,1,0,60.0,0,0,7.699999999999999,2,0,0,0,0,0
7998,26-100,0,2,1,1,60.0,1,1,2.4,1,0,1,0,0,653
7999,26-100,0,1,1,1,11860.0,0,0,38.8,2,0,0,0,0,443
8002,26-100,0,2,1,0,60.0,0,1,347.1,1,6,1,1,6,0
8003,1-25,0,2,1,0,60.0,0,0,6.4,1,0,0,0,0,0
8004,1-25,0,2,1,0,60.0,0,1,347.1,1,6,2,2,5,0
8005,1-25,0,2,1,0,60.0,0,1,347.1,1,3,2,0,3,1008
8006,1-25,0,2,1,0,60.0,0,1,347.1,1,0,0,0,0,0
8007,101-500,0,2,1,0,60.0,0,0,0.6,1,1,1,0,1,0
8008,1-25,0,2,1,0,60.0,0,1,208.2,1,0,0,0,0,0
8009,26-100,0,2,1,0,60.0,0,0,1.8,1,0,2,0,0,1008
8010,1-25,0,2,1,0,60.0,0,1,347.1,1,3,1,1,2,0
8011,1-25,0,2,1,0,60.0,0,1,208.2,1,0,0,0,0,1008
8012,1-25,0,2,1,0,60.0,0,1,347.1,1,0,0,0,0,1008
8013,1-25,0,2,1,0,60.0,0,1,208.2,1,0,0,0,0,1008
8014,1-25,0,2,1,0,60.0,0,1,208.2,1,6,3,1,5,569
8016,1-25,0,2,1,0,60.0,0,0,7.1,1,0,0,0,0,1008
8017,1-25,0,2,1,0,60.0,0,0,7.1,1,0,0,0,0,1008
8018,1-25,0,2,1,0,60.0,0,0,5.6,1,0,0,0,0,1008
8019,1-25,0,2,1,0,60.0,0,1,347.1,1,6,1,0,1,968
8024,1-25,0,2,1,0,60.0,0,0,33.9,3,0,0,0,0,1005
8025,1-25,0,2,1,0,60.0,0,1,208.2,1,2,1,1,0,0
8026,500-1000,0,2,1,0,60.0,0,0,16.9,1,0,0,0,0,1005
8028,More than 1000,0,2,1,0,60.0,1,0,117.6,1,0,0,0,0,1005
8029,500-1000,0,2,1,0,60.0,0,0,5.6,1,0,0,0,0,1005
8031,101-500,0,2,1,0,60.0,0,0,16.9,1,0,0,0,0,1005
8032,More than 1000,0,2,1,0,60.0,0,1,208.2,1,0,0,0,0,1005
8033,1-25,0,2,1,0,60.0,0,0,16.9,1,0,0,0,0,1005
8035,1-25,0,2,1,0,60.0,0,0,16.9,1,0,0,0,0,1005
8036,1-25,0,2,1,0,60.0,0,1,208.2,1,0,0,0,0,1005
8038,1-25,0,2,1,0,60.0,0,1,347.1,1,0,0,0,0,1005
8039,101-500,0,2,1,0,60.0,0,0,5.6,1,0,0,0,0,1005
8040,1-25,0,2,1,0,60.0,0,0,5.6,1,0,0,0,0,1005
8041,500-1000,0,1,1,0,60.0,0,0,59.3,3,0,0,0,0,1003
8042,1-25,0,1,1,0,60.0,0,0,38.1,2,0,0,0,0,1005
8043,101-500,0,2,1,0,60.0,1,0,117.6,1,1,1,1,1,1004
8044,101-500,0,2,1,0,60.0,0,0,5.6,1,0,0,0,0,1005
8045,101-500,0,2,1,0,60.0,0,0,0.6,1,0,0,0,0,1005
8046,26-100,0,2,1,0,60.0,0,0,5.6,1,0,0,0,0,1005
8047,1-25,0,1,1,0,60.0,0,0,12.7,2,0,0,0,0,1005
8048,101-500,0,2,1,0,60.0,0,1,208.2,1,0,0,0,0,569
8049,1-25,0,2,1,2,60.0,1,1,1176.5,1,39,11,17,14,977
8050,500-1000,0,2,1,0,60.0,1,0,117.6,1,0,0,0,0,1005
8051,More than 1000,0,2,1,0,60.0,0,0,16.9,1,0,0,0,0,0
8052,101-500,0,2,1,0,60.0,0,0,5.6,1,2,2,2,1,1003
8053,101-500,0,2,1,1,60.0,1,0,157.5,4,2,2,2,0,1003
8054,101-500,0,1,1,0,60.0,1,0,235.2,2,0,0,0,0,1003
8055,1-25,0,2,1,0,60.0,0,0,5.6,1,0,0,0,0,1004
8056,26-100,0,2,1,0,60.0,0,0,1.8,1,3,1,1,2,1003
8058,26-100,0,2,1,0,60.0,0,1,208.2,1,1,1,1,1,0
8059,101-500,0,2,1,0,60.0,0,0,5.6,1,0,0,0,0,1003
8060,26-100,0,2,1,0,60.0,0,0,5.6,1,0,0,0,0,1003
8061,26-100,0,2,1,0,60.0,0,0,5.6,1,6,2,1,5,1003
8062,101-500,0,1,1,0,60.0,0,0,59.3,3,2,1,0,0,0
8063,1-25,0,2,1,0,60.0,0,0,16.9,1,0,0,0,0,1002
8064,101-500,0,1,1,1,60.0,0,0,55.1,4,0,1,1,0,1001
8065,More than 1000,0,2,1,0,60.0,0,1,347.1,1,0,0,0,0,1002
8066,More than 1000,0,1,1,0,60.0,0,0,38.1,2,0,0,0,0,1002
8067,More than 1000,0,2,1,1,60.0,0,1,555.3,2,389,25,1,162,959
8068,101-500,0,1,1,0,60.0,0,0,12.7,2,0,0,0,0,1001
8069,More than 1000,0,1,1,0,60.0,0,0,38.1,2,0,0,0,0,1001
8071,500-1000,0,1,1,0,60.0,0,1,416.4,2,0,0,0,0,1002
8072,1-25,0,2,1,0,60.0,0,1,347.1,1,0,0,0,0,0
8073,101-500,0,2,1,0,60.0,0,0,5.6,1,0,0,0,0,1002
8074,More than 1000,0,1,1,0,60.0,0,0,38.1,2,0,0,0,0,1002
8075,26-100,0,1,1,0,60.0,0,1,694.2,2,0,0,0,0,1002
8076,101-500,0,2,1,0,60.0,0,0,5.6,1,0,0,0,0,1002
8077,101-500,0,2,1,0,60.0,0,0,239.9,3,0,0,0,0,1001
8079,101-500,0,2,1,0,60.0,0,0,5.6,1,0,0,0,0,1001
8080,101-500,0,2,1,0,60.0,0,1,208.2,1,0,0,0,0,1001
8081,1-25,0,2,1,0,60.0,0,1,347.1,1,0,0,0,0,1001
8083,1-25,0,1,1,0,60.0,0,1,384.7,2,0,0,0,0,995
8085,26-100,0,2,1,0,60.0,0,0,0.6,1,0,0,0,0,996
8086,1-25,0,2,1,0,60.0,1,1,5.9,1,0,0,0,0,0
8087,1-25,0,2,1,0,60.0,0,0,7.699999999999999,2,0,0,0,0,996
8089,1-25,1,2,1,1,60.0,0,0,27.1,2,0,0,0,0,983
8090,1-25,0,2,1,0,60.0,0,0,42.4,2,0,0,0,0,995
8092,1-25,0,2,1,0,60.0,1,1,11.8,1,2,1,1,0,995
8093,1-25,0,2,1,0,60.0,0,1,176.5,1,0,0,0,0,995
8094,26-100,0,2,1,0,60.0,0,1,176.5,1,0,0,0,0,995
8095,1-25,0,2,1,0,60.0,0,0,0.6,1,0,0,0,0,995
8096,26-100,0,2,1,0,60.0,1,1,117.6,1,0,0,0,0,995
8097,26-100,0,2,1,0,60.0,0,1,11.8,1,0,0,0,0,995
8101,101-500,0,2,1,0,60.0,0,1,208.2,1,0,0,0,0,994
8102,500-1000,0,2,1,0,60.0,0,1,29.4,1,4,2,1,0,995
8103,26-100,0,2,1,0,60.0,0,1,294.1,1,0,0,0,0,995
8104,101-500,1,1,1,0,60.0,0,0,44.2,3,0,0,0,0,995
8105,26-100,0,1,1,0,60.0,0,1,988.3,3,0,0,0,0,994
8106,26-100,0,2,1,0,60.0,0,1,208.2,1,0,0,0,0,994
8107,101-500,0,2,1,0,60.0,0,1,294.1,1,0,0,0,0,994
8108,1-25,0,2,1,0,60.0,0,1,208.2,1,0,0,0,0,994
8109,1-25,0,2,1,0,60.0,0,1,208.2,1,0,0,0,0,994
8110,1-25,0,2,1,0,60.0,0,1,176.5,1,0,0,0,0,994
8111,1-25,0,2,1,0,60.0,0,1,176.5,1,0,0,0,0,994
8112,1-25,0,2,1,0,60.0,0,0,0.6,1,0,0,0,0,994
8113,1-25,0,2,1,0,60.0,0,0,1.8,1,0,0,0,0,994
8114,1-25,0,2,1,0,60.0,0,1,347.1,1,0,0,0,0,994
8115,26-100,0,1,1,0,60.0,0,1,384.7,2,0,0,0,0,994
8116,101-500,0,2,1,0,60.0,0,1,347.1,1,0,0,0,0,994
8117,101-500,0,2,1,0,60.0,1,1,138.8,1,0,0,0,0,994
8118,101-500,0,2,1,0,60.0,0,1,294.1,1,0,0,0,0,994
8119,101-500,1,2,1,1,60.0,0,1,555.3,2,0,0,0,0,983
8120,26-100,1,1,1,0,60.0,0,1,2189.5,8,1,8,2,1,969
8121,101-500,0,2,1,0,60.0,0,1,352.9,1,0,1,1,0,990
8123,More than 1000,0,2,1,0,60.0,0,0,21.2,1,0,1,0,0,994
8124,1-25,0,2,1,3,60.0,0,1,208.2,1,0,0,0,0,994
8128,500-1000,0,2,1,0,60.0,0,0,5.9,1,0,0,0,0,990
8129,1-25,0,2,1,0,60.0,0,1,176.5,1,1,1,1,1,0
8130,1-25,0,2,1,0,60.0,0,1,176.5,1,0,0,0,0,0
8131,500-1000,1,1,1,0,60.0,0,0,64.8,4,0,0,0,0,990
8132,101-500,0,2,1,0,60.0,1,1,117.6,1,0,0,0,0,987
8133,26-100,0,2,1,0,60.0,0,0,0.6,1,0,0,0,0,0
8134,500-1000,0,2,1,0,60.0,0,0,71.5,9,0,0,0,0,990
8135,101-500,0,1,1,0,60.0,0,0,71.39999999999999,7,0,0,0,0,990
8136,101-500,0,2,1,1,60.0,0,1,176.5,1,1,1,0,1,0
8137,500-1000,0,1,1,0,60.0,0,0,44.2,3,0,0,0,0,989
8139,500-1000,0,2,1,0,60.0,1,1,138.8,1,0,0,0,0,0
8140,500-1000,0,1,1,0,60.0,1,0,117.5,5,0,0,0,0,989
8141,500-1000,0,1,1,1,260.0,0,0,57.2,5,0,0,0,0,989
8142,101-500,1,1,1,1,60.0,0,0,44.2,3,0,0,0,0,989
8144,101-500,0,1,1,1,60.0,1,0,35.400000000000006,3,0,0,0,0,989
8145,500-1000,0,2,1,0,60.0,0,0,1.8,1,0,0,0,0,0
8146,26-100,0,1,1,1,60.0,1,0,94.4,8,0,0,0,0,989
8148,500-1000,0,1,1,1,60.0,0,0,6.5,1,43,10,16,14,947
8152,1-25,0,1,1,1,60.0,0,0,0.6,2,0,0,0,0,988
8163,101-500,0,2,1,0,60.0,0,0,0.6,1,0,0,0,0,988
8177,500-1000,1,2,1,0,60.0,0,1,18534.1,5,1,1,1,0,987
8178,101-500,0,2,1,1,60.0,0,1,17647.1,1,28,11,1,6,667
8179,1-25,0,2,1,0,60.0,1,1,117.6,1,1,1,1,1,984
8180,101-500,1,2,1,7,60.0,0,0,78.39999999999999,6,2,4,1,1,972
8181,26-100,0,2,1,0,60.0,0,0,7.1,1,0,1,0,0,984
8182,1-25,0,2,1,0,60.0,0,0,0.6,1,1,1,1,0,984
8193,26-100,1,2,1,1,60.0,0,0,65.4,4,1,1,1,1,983
8194,500-1000,0,1,1,1,60.0,1,0,70.80000000000001,6,0,0,0,0,980
8197,1-25,1,1,1,3,60.0,0,0,71.3,5,2,1,1,1,981
8199,101-500,0,1,1,0,60.0,0,0,50.1,4,0,0,0,0,0
8200,26-100,0,2,1,0,60.0,0,0,1.8,1,0,0,0,0,982
8201,101-500,0,1,1,0,60.0,1,0,235.2,2,1,1,0,1,0
8207,26-100,0,2,1,0,60.0,0,0,0.6,1,0,0,0,0,981
8208,500-1000,0,2,1,0,60.0,0,0,17.6,1,0,0,0,0,899
8209,1-25,0,2,1,1,60.0,0,0,28.9,3,0,0,0,0,982
8211,500-1000,0,2,1,0,60.0,0,0,0.6,1,0,0,0,0,980
8212,26-100,0,1,1,0,60.0,0,0,23.0,2,0,0,0,0,981
8213,500-1000,0,2,1,0,60.0,0,0,0.6,1,0,0,0,0,981
8214,101-500,0,2,1,1,60.0,0,1,176.5,1,2,1,1,1,981
8217,26-100,0,2,1,0,60.0,1,1,117.6,1,5,3,3,2,625
8218,500-1000,0,2,1,0,60.0,0,0,7.699999999999999,2,0,4,0,0,980
8219,26-100,0,2,1,1,60.0,0,0,17.6,1,4,4,10,2,960
8222,500-1000,0,2,1,0,60.0,0,1,176.5,1,2,1,1,1,980
8223,500-1000,0,2,1,0,60.0,0,1,176.5,1,0,0,0,0,0
8224,101-500,1,1,1,2,60.0,0,0,7.699999999999999,2,60,18,6,38,963
8226,1-25,0,2,1,0,60.0,0,0,0.6,1,1,2,0,1,977
8227,500-1000,1,2,1,0,60.0,0,0,23.0,2,0,0,0,0,976
8228,500-1000,0,2,1,2,60.0,1,0,117.6,1,21,4,2,4,969
8230,500-1000,0,2,1,0,60.0,0,0,0.6,1,0,0,0,0,973
8231,101-500,0,2,1,0,60.0,0,0,17.6,1,0,1,1,0,970
8233,101-500,0,1,1,0,60.0,0,1,1078.9,4,0,0,0,0,970
8234,500-1000,1,1,1,0,60.0,0,1,4095.3,15,0,0,0,0,967
8236,101-500,0,2,1,0,60.0,0,0,0.6,1,0,0,0,0,0
8240,500-1000,1,2,1,0,60.0,0,1,176.5,1,0,0,0,0,969
8244,101-500,0,2,1,0,60.0,0,1,176.5,1,0,0,0,0,969
8245,101-500,0,2,1,0,60.0,0,1,176.5,1,0,0,0,0,926
8246,500-1000,1,2,1,3,60.0,0,1,176.5,1,0,1,0,0,947
8247,101-500,0,2,1,0,60.0,0,0,0.6,1,0,0,0,0,617
8249,500-1000,0,2,1,0,60.0,0,1,1078.9,4,10,5,1,10,968
8251,101-500,0,2,1,1,60.0,0,1,176.5,1,2,1,0,2,968
8267,101-500,0,2,1,0,60.0,0,0,0.6,1,0,0,0,0,966
8269,1-25,0,2,1,0,60.0,0,1,294.1,1,6,5,1,6,962
8270,26-100,0,2,1,0,60.0,0,0,0.6,1,1,1,0,1,0
8271,26-100,0,2,1,0,60.0,1,1,117.6,1,0,0,0,0,0
8272,101-500,0,2,1,0,60.0,0,0,1.8,1,10,7,1,10,962
8274,500-1000,0,2,1,3,60.0,0,1,940.0,4,36,14,4,43,919
8275,26-100,0,2,1,1,60.0,0,1,176.5,1,1,1,1,1,961
8276,101-500,0,2,1,0,60.0,0,0,0.6,1,2,2,1,1,946
8278,101-500,0,1,1,2,60.0,0,0,23.0,2,9,2,1,5,931
8279,1-25,0,2,1,0,60.0,0,1,176.5,1,3,2,2,2,0
8281,500-1000,1,2,1,2,60.0,0,1,523.6,2,52,5,21,15,799
8283,1-25,0,2,1,1,60.0,0,1,347.1,1,14,4,3,8,0
8285,1-25,0,2,1,1,60.0,0,0,21.8,2,9,6,1,10,959
8287,101-500,1,2,1,11,60.0,0,0,1.8,1,0,1,1,0,959
8329,1-25,0,2,1,9,60.0,0,1,294.1,1,184,11,19,74,875
8330,26-100,0,2,1,0,60.0,0,1,347.1,1,0,0,0,0,947
8331,26-100,0,2,1,0,60.0,1,1,117.6,1,8,3,1,5,935
8332,1-25,1,2,1,0,60.0,0,1,2094.4,8,1,1,0,1,896
8334,500-1000,1,1,1,13,60.0,0,0,55.4,4,0,0,0,0,0
8346,101-500,0,2,1,0,60.0,0,0,21.8,2,0,1,0,0,946
8348,101-500,0,2,1,0,60.0,0,1,294.1,1,0,1,0,0,946
8351,101-500,1,1,1,12,60.0,0,1,1110.6,4,0,0,0,0,0
8364,26-100,0,2,1,0,60.0,0,0,1.8,1,0,0,0,0,0
8365,26-100,0,2,1,1,60.0,0,0,1.8,1,3,3,2,0,895
8366,101-500,0,2,1,0,60.0,0,1,294.1,1,0,0,0,0,0
8370,500-1000,0,2,1,1,60.0,0,1,523.6,2,15,7,1,9,926
8371,500-1000,0,2,1,0,60.0,1,1,117.6,1,0,0,0,0,569
8372,1-25,0,2,1,0,60.0,1,1,117.6,1,1,1,0,0,0
8373,26-100,0,1,1,1,751.0,0,0,53.6,7,0,1,1,0,464
8376,26-100,1,2,1,1,5300.0,0,0,713.0,46,5,2,2,3,431
8377,26-100,0,2,1,0,60.0,0,1,294.1,1,0,0,0,0,464
8378,26-100,0,2,1,0,60.0,0,0,0.6,1,0,0,0,0,932
8379,26-100,0,2,1,0,60.0,1,0,117.6,1,0,1,0,0,910
8380,26-100,0,2,1,1,60.0,0,1,347.1,1,0,1,0,0,932
8381,26-100,0,2,1,0,60.0,0,1,294.1,1,0,0,0,0,569
8386,26-100,0,1,1,2,204.0,0,1,870.7,3,0,2,0,0,392
8388,101-500,0,2,1,2,60.0,0,0,0.6,1,2,1,1,2,928
8391,26-100,0,2,1,2,60.0,0,1,176.5,1,0,0,0,0,928
8394,26-100,0,2,1,2,60.0,0,0,1.8,1,7,5,14,2,925
8396,101-500,0,2,1,0,60.0,0,0,0.6,1,2,1,0,2,927
8397,101-500,1,1,1,1,60.0,0,0,92.5,6,0,0,0,0,927
8398,101-500,0,2,1,0,60.0,0,1,176.5,1,26,16,3,16,912
8399,500-1000,0,2,1,0,60.0,1,0,1.4,1,0,0,0,0,0
8400,26-100,1,1,1,1,60.0,0,0,29.0,5,0,0,0,0,927
8402,500-1000,1,1,1,1,60.0,0,0,21.9,4,0,0,0,0,927
8404,101-500,1,1,1,1,60.0,0,1,2605.9,10,0,1,0,0,924
8407,26-100,0,2,1,1,60.0,0,1,294.1,1,9,8,1,6,926
8408,500-1000,0,2,1,0,60.0,1,1,117.6,1,0,0,0,0,926
8410,26-100,0,2,1,1,60.0,0,0,1.8,1,5,4,1,5,926
8412,101-500,0,2,1,1,60.0,0,0,0.6,1,5,6,1,5,926
8416,1-25,0,2,1,0,60.0,1,1,117.6,1,1,1,0,1,0
8417,500-1000,0,2,1,0,60.0,0,1,176.5,1,0,0,0,0,926
8418,26-100,0,2,1,0,60.0,0,1,176.5,1,0,0,0,0,926
8419,26-100,1,2,1,1,60.0,0,1,940.0,4,0,0,0,0,0
8421,101-500,1,2,1,0,500000.0,1,0,118.2,2,0,0,0,0,926
8422,1-25,0,2,1,0,60.0,0,0,0.6,1,0,0,0,0,0
8423,26-100,1,1,1,0,60.0,0,1,384.7,2,0,0,0,0,0
8425,26-100,1,2,1,0,60.0,0,0,1.8,1,0,0,0,0,925
8426,101-500,1,2,1,0,60.0,0,1,731.8,3,0,0,0,0,925
8427,101-500,1,2,1,0,60.0,0,0,50.2,6,0,0,0,0,925
8428,500-1000,0,2,1,0,60.0,1,0,117.7,1,0,0,0,0,925
8429,26-100,0,2,1,0,60.0,0,0,14.8,3,1,1,0,0,924
8430,500-1000,0,1,1,0,60.0,1,0,470.8,4,0,0,0,0,925
8431,26-100,1,1,1,3,60.0,0,0,46.5,3,4,3,2,3,822
8433,26-100,0,2,1,0,60.0,0,1,294.1,1,0,0,0,0,590
8434,26-100,0,1,1,0,1860.0,0,0,23.0,2,0,0,0,0,465
8435,101-500,0,2,1,0,60.0,0,0,0.6,1,0,0,0,0,924
8436,101-500,0,2,1,1,60.0,0,1,176.5,1,28,6,2,11,875
8437,101-500,0,2,1,0,60.0,0,0,0.6,1,1,3,1,0,924
8438,26-100,1,2,1,1,60.0,0,0,137.4,14,2,1,1,2,917
8440,500-1000,0,2,1,0,60.0,0,0,0.6,1,0,0,0,0,0
8441,1-25,0,2,1,0,60.0,0,0,0.6,1,0,1,0,0,919
8442,26-100,0,2,1,0,60.0,0,0,1.8,1,6,2,1,2,918
8444,26-100,0,2,1,0,60.0,0,0,0.6,1,1,1,1,1,919
8445,26-100,0,2,1,0,60.0,0,0,0.6,1,0,0,0,0,919
8446,101-500,0,2,1,0,60.0,0,0,1.8,1,0,0,0,0,919
8447,500-1000,0,2,1,0,60.0,0,0,0.6,1,0,1,1,0,918
8448,101-500,0,2,1,1,60.0,0,0,1.8,1,10,11,10,8,912
8449,101-500,1,2,1,2,6050.0,0,0,236.9,19,5,4,2,2,430
8453,1-25,0,2,1,0,45.0,0,1,470.6,2,0,0,0,0,590
8454,26-100,0,2,1,0,60.0,0,1,208.2,1,0,0,0,0,918
8455,101-500,0,1,1,0,660.0,0,0,7.699999999999999,2,0,0,0,0,469
8457,26-100,0,2,1,0,60.0,0,1,176.5,1,0,0,0,0,918
8458,101-500,0,2,1,0,60.0,0,1,347.1,1,0,0,0,0,918
8459,500-1000,0,2,1,0,60.0,1,1,117.6,1,0,1,0,0,590
8460,101-500,0,2,1,0,60.0,0,1,176.5,1,0,0,0,0,569
8462,101-500,0,2,1,0,60.0,0,0,0.6,1,0,0,0,0,917
8463,101-500,0,2,1,0,60.0,0,0,1.8,1,0,0,0,0,917
8465,101-500,0,2,1,0,60.0,1,0,117.6,1,0,0,0,0,917
8466,101-500,0,1,1,1,60.0,1,0,352.79999999999995,3,0,0,0,0,917
8468,101-500,0,2,1,0,60.0,0,0,0.6,1,0,0,0,0,917
8469,101-500,0,2,1,0,60.0,0,0,1.8,1,1,1,1,0,917
8470,101-500,0,2,1,0,60.0,1,0,117.6,1,0,0,0,0,917
8471,101-500,0,1,1,0,60.0,0,0,23.0,2,0,0,0,0,916
8472,26-100,0,1,1,0,500000.0,1,0,348.9,8,0,0,0,0,847
8473,26-100,0,1,1,1,60.0,0,1,641.2,2,0,0,0,0,916
8474,101-500,1,1,1,1,60.0,0,1,870.7,3,0,0,0,0,0
8476,101-500,1,2,1,1,60.0,0,0,21.8,2,0,0,0,0,0
8479,101-500,0,2,1,0,60.0,0,0,1.8,1,0,0,0,0,917
8480,101-500,0,2,1,0,60.0,0,1,294.1,1,0,0,0,0,916
8481,101-500,0,2,1,0,60.0,0,0,1.8,1,0,0,0,0,0
8482,101-500,1,1,1,1,60.0,0,0,64.39999999999999,8,18,6,10,9,469
8484,26-100,0,2,1,0,60.0,0,0,0.6,1,0,0,0,0,914
8485,101-500,0,1,1,1,1950.0,0,0,32.5,5,0,0,0,0,543
8486,26-100,0,1,1,0,1945.0,0,0,24.8,3,0,1,0,0,0
8487,101-500,0,1,1,0,60.0,1,0,235.2,2,0,1,1,0,914
8489,101-500,0,2,1,1,60.0,1,1,117.6,1,0,0,0,0,914
8492,26-100,0,2,1,0,60.0,0,1,176.5,1,0,0,0,0,0
8493,More than 1000,1,2,1,2,60.0,0,1,940.0,4,25,6,28,13,909
8494,101-500,1,1,1,1,60.0,0,1,1335.4,4,0,0,0,0,913
8497,1-25,0,1,1,1,990.0,0,0,7.699999999999999,2,392,99,117,181,660
8498,101-500,0,1,1,1,500000.0,1,0,278.29999999999995,7,0,1,0,0,483
8499,101-500,0,2,1,0,60.0,0,1,555.3,2,1,1,0,0,612
8501,26-100,1,1,1,14,1860.0,0,0,23.0,2,57,66,6,27,612
8502,26-100,0,2,1,0,60.0,0,0,28.9,3,5,1,0,3,912
8517,500-1000,0,2,1,0,60.0,0,0,222.2,1,0,0,0,0,0
8518,101-500,0,1,1,1,500000.0,1,0,360.5,5,1,1,1,1,912
8520,1-25,1,1,1,1,2911.0,0,0,50.0,4,0,0,0,0,464
8523,500-1000,1,1,1,1,124.0,0,0,51.9,5,1,1,3,1,464
8525,500-1000,1,1,1,3,60.0,0,1,1634.2,6,0,0,0,0,668
8529,101-500,1,1,1,0,60.0,0,1,384.7,2,2,3,14,1,800
8531,101-500,0,2,1,0,500000.0,1,0,161.8,4,1,1,1,1,910
8532,101-500,1,1,1,0,60.0,0,0,14.8,3,0,1,7,0,465
8533,26-100,0,2,1,0,60.0,0,0,1.8,1,0,1,0,0,0
8534,500-1000,1,1,1,0,3600.0,0,0,115.0,11,0,0,0,0,465
8535,1-25,1,1,1,0,14746.0,0,0,197.8,8,0,1,19,0,465
8536,101-500,0,2,1,0,60.0,0,1,294.1,1,0,0,0,0,0
8537,101-500,0,2,1,1,60.0,0,0,0.6,1,0,0,0,0,0
8540,500-1000,1,1,1,1,60.0,0,0,14.8,3,0,0,0,0,903
8541,101-500,1,2,1,0,60.0,0,1,176.5,1,0,0,0,0,903
8543,500-1000,0,2,1,0,60.0,0,1,176.5,1,4,2,5,1,898
8544,101-500,0,1,1,0,500000.0,1,0,355.2,4,1,1,1,1,543
8554,More than 1000,1,1,1,1,500000.0,1,0,237.6,17,12,4,8,11,337
8555,26-100,0,2,1,1,60.0,0,0,0.6,1,17,25,11,15,892
8556,101-500,1,1,1,0,60.0,0,1,731.8,3,0,0,2,0,896
8598,1-25,0,2,1,0,60.0,1,0,11.8,1,0,0,0,0,891
8599,500-1000,0,1,1,0,60.0,0,0,21.8,2,40,16,5,21,724
8600,26-100,0,1,1,0,60.0,0,0,1.8,1,0,1,1,0,892
8601,101-500,1,1,1,1,260.0,0,0,64.3,6,0,0,0,0,890
8602,26-100,0,1,1,0,60.0,1,1,117.6,1,0,0,0,0,892
8603,101-500,1,1,1,0,2460.0,0,0,44.2,3,1,1,1,1,891
8604,1-25,0,1,1,0,60.0,1,0,235.2,2,0,0,0,0,0
8605,26-100,0,1,1,0,60.0,1,0,352.79999999999995,3,0,0,0,0,891
8608,101-500,0,1,1,0,60.0,0,1,176.5,1,0,1,1,0,707
8609,101-500,1,1,1,13,180.0,0,1,641.2,2,7,3,5,2,401
8610,500-1000,0,1,1,1,499994.0,1,1,173.1,2,83,48,20,40,329
8612,26-100,1,2,1,3,59.0,0,1,940.0,4,3,1,4,1,401
8615,1-25,0,2,1,0,60.0,0,1,176.5,1,7,2,2,2,0
8617,1-25,0,2,1,0,60.0,1,0,117.6,1,1,1,0,1,464
8619,More than 1000,0,1,1,0,500000.0,1,0,352.79999999999995,3,0,0,0,0,886
8620,101-500,0,2,1,0,60.0,0,0,1.8,1,0,0,0,0,891
8634,101-500,0,2,1,0,60.0,0,1,208.2,1,0,0,0,0,886
8636,26-100,1,1,1,1,13600.0,0,0,872.8,58,0,0,0,0,0
8640,26-100,0,1,1,0,50.0,0,0,120.0,3,0,1,1,0,648
8691,500-1000,0,2,1,0,60.0,1,0,117.6,1,1,2,0,1,682
8715,26-100,0,2,1,13,60.0,0,0,1.8,1,0,1,1,0,855
8728,500-1000,1,1,1,0,60.0,0,0,65.4,4,2,1,0,2,858
8729,500-1000,0,2,1,0,60.0,0,0,0.6,1,0,0,0,0,858
8732,500-1000,0,1,1,0,620.0,0,0,531.8,12,2,3,0,2,648
8733,101-500,1,1,1,1,1818.0,0,0,169.1,11,3,2,0,5,648
8736,26-100,0,2,1,4,60.0,0,0,1.8,1,30,5,6,21,833
8741,1-25,1,1,1,5,1800.0,0,0,145.6,17,15,5,2,5,464
8742,101-500,1,1,1,6,60.0,0,0,44.2,3,17,5,5,13,793
8743,More than 1000,0,1,1,0,60.0,1,0,823.1999999999999,7,1,1,1,1,826
8744,1-25,0,2,1,3,60.0,0,1,1110.6,4,7,1,3,2,798
8745,101-500,1,1,1,1,60.0,0,1,988.3,3,5,3,2,3,795
8746,More than 1000,0,1,1,1,60.0,1,1,1388.0,10,2,3,0,1,450
8747,500-1000,0,2,1,1,60.0,0,1,176.5,1,4,1,1,0,844
8748,101-500,0,2,1,1,60.0,0,1,1078.9,4,6,1,0,0,514
8749,26-100,0,2,1,0,60.0,0,0,0.6,1,0,0,0,0,557
8750,101-500,1,2,1,0,60.0,0,0,0.6,1,7,1,0,5,0
8751,26-100,1,2,1,1,60.0,0,0,21.8,2,10,3,0,11,793
8756,101-500,0,1,1,0,60.0,0,0,11.8,1,1,1,1,1,848
8757,101-500,0,2,1,0,60.0,0,1,176.5,1,17,6,3,5,514
8794,101-500,0,2,1,0,60.0,0,0,0.6,1,3,3,3,3,809
8856,1-25,0,1,1,0,60.0,0,0,0.6,1,0,0,0,0,0
8870,26-100,0,2,1,0,60.0,0,1,887.0,4,0,0,0,0,823
8871,26-100,0,2,1,0,60.0,1,1,294.1,2,0,0,0,0,823
8872,101-500,0,2,1,0,60.0,0,1,176.5,1,0,0,0,0,800
8873,26-100,0,1,1,0,60.0,0,1,176.5,1,0,0,0,0,823
8874,1-25,0,1,1,0,60.0,0,1,176.6,1,0,0,0,0,823
8876,26-100,0,1,1,0,60.0,0,1,176.5,1,0,0,0,0,822
8877,101-500,0,1,1,0,60.0,0,1,2131.7,11,0,0,0,0,822
8882,26-100,0,1,1,0,60.0,0,0,28.9,3,0,0,0,0,822
8883,26-100,0,1,1,0,60.0,0,1,294.1,1,0,0,0,0,641
8884,1-25,0,1,1,0,60.0,0,0,21.8,2,0,0,0,0,822
8973,500-1000,0,1,1,0,60.0,1,1,117.6,1,0,0,0,0,0
8980,1-25,0,1,1,0,60.0,0,0,0.6,1,7,1,3,0,809
8981,101-500,0,1,1,0,60.0,0,1,176.5,1,0,1,1,0,0
8982,1-25,0,1,1,0,60.0,0,0,0.6,1,0,0,0,0,812
8983,101-500,0,1,1,0,60.0,1,0,117.6,1,0,0,0,0,0
8984,26-100,0,1,1,0,60.0,1,0,117.6,1,0,0,0,0,0
8985,26-100,0,1,1,0,60.0,1,0,117.6,1,0,0,0,0,0
8986,26-100,0,1,1,0,60.0,0,0,0.6,1,0,0,0,0,812
8987,26-100,0,1,1,0,60.0,1,0,117.6,1,0,1,1,0,0
8988,1-25,0,1,1,1,60.0,0,0,0.6,1,17,2,3,14,807
8989,1-25,0,1,1,1,60.0,0,0,0.6,1,2,1,11,1,756
8994,500-1000,1,1,1,1,60.0,0,0,52.6,8,24,4,6,12,801
9021,1-25,0,1,1,1,60.0,0,0,7.1,2,2,1,1,0,807
9036,101-500,0,1,1,1,59.0,0,0,1.8,1,66,1,7,1,792
9037,101-500,0,1,1,0,60.0,1,0,117.6,1,2,1,1,2,798
9042,1-25,0,1,1,1,60.0,1,0,117.6,1,2,1,1,1,807
9045,1-25,0,1,1,1,60.0,0,0,0.6,1,18,4,7,7,644
9047,101-500,1,1,1,1,60.0,0,0,0.6,1,4,1,1,0,805
9052,101-500,0,1,1,0,50.0,0,0,7.699999999999999,2,2,1,1,2,778
9054,101-500,0,1,1,0,60.0,0,0,0.6,1,0,0,0,0,801
9055,500-1000,0,1,1,0,60.0,0,0,0.6,1,0,0,0,0,0
9056,More than 1000,0,1,1,0,60.0,0,0,0.6,1,0,0,0,0,0
9057,26-100,0,1,1,0,60.0,0,1,176.5,1,0,0,0,0,0
9063,500-1000,1,1,1,0,60.0,1,0,125.3,3,1,1,0,0,763
9077,500-1000,1,1,1,2,60.0,0,0,78.4,8,6,1,7,5,801
9078,26-100,0,1,1,0,60.0,1,0,117.6,1,0,0,0,0,0
9081,1-25,0,1,1,0,60.0,0,0,21.8,2,16,1,6,4,798
9083,1-25,0,1,1,1,60.0,0,0,7.1,2,2,1,2,2,770
9086,500-1000,0,1,1,0,60.0,1,0,117.6,1,4,1,2,0,801
9087,500-1000,0,1,1,0,60.0,0,0,28.9,3,0,0,0,0,800
9088,101-500,0,1,1,0,60.0,1,1,235.2,2,0,0,0,0,0
9089,500-1000,0,1,1,0,60.0,1,0,117.6,1,0,1,1,0,0
9090,26-100,0,1,1,1,60.0,0,0,21.8,2,22,1,1,0,644
9092,101-500,0,1,1,0,60.0,0,0,0.6,1,0,0,0,0,800
9094,1-25,0,1,1,1,60.0,0,1,592.9,3,9,1,3,4,644
9095,1-25,1,1,1,40,3053.0,0,0,64.2,4,518,292,181,135,634
9097,26-100,0,1,1,0,60.0,1,0,117.6,1,7,1,5,5,643
9098,500-1000,0,1,1,0,60.0,0,0,21.8,2,1,1,0,0,800
9099,101-500,0,1,1,1,60.0,0,1,176.5,1,5,1,1,0,799
9101,500-1000,0,1,1,0,60.0,0,0,0.6,1,0,0,0,0,799
9102,500-1000,0,1,1,0,60.0,0,0,0.6,1,1,1,1,0,799
9104,26-100,0,1,1,0,60.0,0,1,384.7,2,0,0,0,0,0
9105,26-100,0,1,1,0,60.0,0,0,0.6,1,0,0,0,0,798
9106,500-1000,0,1,1,0,60.0,0,0,0.6,1,0,0,0,0,799
9119,500-1000,0,1,1,0,60.0,1,0,235.2,2,9,1,2,6,794
9120,101-500,0,1,1,1,60.0,0,0,0.6,1,5,2,3,1,794
9122,1-25,0,1,1,1,60.0,0,1,294.1,1,0,0,0,0,795
9124,26-100,0,1,1,0,60.0,0,1,208.2,1,0,1,2,0,0
9125,500-1000,0,1,1,0,60.0,0,0,21.8,2,15,1,3,6,795
9126,26-100,0,2,1,0,60.0,0,0,0.6,1,1,1,1,0,794
9128,101-500,0,1,1,1,60.0,0,0,0.6,1,1,3,3,1,0
9129,101-500,0,2,1,1,60.0,0,0,21.8,2,3,1,2,2,794
9131,1-25,0,2,1,0,60.0,0,0,0.6,1,13,8,18,1,792
9205,101-500,0,1,1,0,0.0,0,0,0.0,0,0,0,0,0,0
9222,101-500,0,2,1,0,500000.0,1,1,117.6,1,1,1,0,1,644
9224,500-1000,0,2,1,0,42.0,0,0,0.6,1,3,1,1,2,752
9225,More than 1000,1,1,1,5,4308.0,0,0,8.299999999999999,3,436,14,11,162,330
9228,101-500,0,1,1,0,35.0,0,0,0.6,1,30,3,2,5,653
9230,500-1000,0,2,1,0,22.0,0,0,0.6,1,23,2,2,7,744
9363,500-1000,0,1,1,0,150.0,0,1,294.1,1,6,3,0,0,708
9365,1-25,0,1,1,0,50.0,0,1,176.5,1,0,0,0,0,710
9366,101-500,0,1,1,0,150.0,0,0,1.8,1,0,0,0,0,710
9368,101-500,0,1,1,0,132.0,0,0,1.8,1,4,8,1,5,709
9374,More than 1000,0,1,1,0,26.0,0,0,0.6,1,0,0,0,0,709
9375,101-500,1,1,1,1,1767.0,0,0,21.8,2,24,4,5,7,639
9376,26-100,0,1,1,0,40.0,0,0,0.6,1,1,1,0,1,644
9377,More than 1000,1,1,1,10,15.0,0,0,0.6,1,59,114,6,38,645
9381,26-100,0,1,1,0,145.0,0,0,1.8,1,1,1,0,1,0
9387,500-1000,0,1,1,0,500000.0,1,0,117.6,1,0,0,0,0,703
9388,500-1000,0,1,1,0,1800.0,0,0,21.8,2,6,1,3,0,703
9389,500-1000,0,1,1,0,134.0,0,0,1.8,1,33,1,5,16,706
9390,500-1000,0,1,1,0,500000.0,1,0,117.6,1,0,0,0,0,708
9439,26-100,0,1,1,0,50.0,0,0,0.6,1,0,0,0,0,702
9517,101-500,1,1,1,2,7099.0,0,0,99.6,7,55,11,28,21,645
9572,500-1000,1,1,1,1,114.0,0,0,120.6,4,23,7,3,9,647
9575,1-25,0,1,1,0,500000.0,1,0,0.0,1,0,0,0,0,668
9576,500-1000,0,1,1,0,500000.0,1,0,117.6,1,0,0,0,0,674
9577,101-500,1,1,1,0,510000.0,1,0,374.0,4,0,1,0,0,653
9578,26-100,0,1,1,0,50.0,0,0,0.6,1,0,0,0,0,0
9579,1-25,1,1,1,24,2181.0,0,0,4.2,4,1465,116,179,441,326
9582,500-1000,0,1,1,0,50.0,0,0,0.6,1,0,3,0,0,673
9583,500-1000,0,1,1,1,45.0,0,0,0.6,1,2,8,2,1,645
9584,500-1000,0,1,1,0,146.0,0,0,1.8,1,1,2,0,1,655
9585,26-100,0,1,1,0,500000.0,1,0,117.6,1,0,1,0,0,644
9586,500-1000,0,1,1,0,49.0,0,1,176.5,1,1,1,1,1,645
9587,101-500,0,1,1,1,149.0,0,1,294.1,1,2,2,0,1,645
9592,500-1000,0,1,1,1,50.0,0,0,0.6,1,14,7,5,0,668
9593,101-500,0,1,1,0,1835.0,0,0,23.0,2,0,0,0,0,0
9594,1-25,0,1,1,0,500000.0,1,0,235.2,2,2,1,0,0,644
9595,500-1000,1,1,1,1,34.0,0,0,0.6,1,9,3,1,2,666
9597,1-25,1,1,1,0,1776.0,0,0,21.2,2,40,42,34,8,643
9598,1-25,1,1,1,2,32.0,0,0,226.0,11,106,12,18,59,638
9602,1-25,0,1,1,1,99.0,0,0,0.6,1,26,20,17,3,637
9606,1-25,0,1,1,0,50.0,0,0,0.6,1,0,1,0,0,654
9607,101-500,0,1,1,0,1800.0,0,0,21.8,2,1,1,1,0,667
9611,500-1000,0,1,1,0,50.0,0,0,0.6,1,0,0,0,0,645
9612,500-1000,0,1,1,0,50.0,0,0,0.6,1,0,1,0,0,667
9613,1-25,0,1,1,0,48.0,0,0,0.6,1,1,1,0,1,655
9614,500-1000,0,1,1,0,50.0,0,0,0.6,1,0,1,0,0,653
9615,More than 1000,0,1,1,0,50.0,0,0,0.6,1,1,1,1,0,643
9616,101-500,0,1,1,0,45.0,0,0,0.6,1,2,1,0,0,645
9617,500-1000,0,1,1,0,148.0,0,0,1.8,1,1,1,1,1,655
9619,101-500,0,1,1,1,500000.0,1,0,117.6,1,10,3,6,9,655
9620,1-25,0,1,1,0,500000.0,1,0,1.2,1,9,5,8,2,419
9623,26-100,0,1,1,0,50.0,0,0,0.6,1,1,1,5,0,643
9624,101-500,0,1,1,0,150.0,0,1,12.9,1,0,1,1,0,0
9625,101-500,0,1,1,0,500000.0,1,1,11.8,1,0,1,1,0,476
9626,26-100,0,1,1,0,500000.0,1,0,117.6,1,0,1,1,0,665
9627,101-500,0,1,1,0,500000.0,1,0,117.6,1,2,1,1,1,665
9630,1-25,0,2,1,0,150.0,0,0,0.0,1,0,0,0,0,644
9631,500-1000,0,1,1,0,50.0,0,0,0.6,1,0,1,0,0,645
9632,101-500,0,1,1,0,0.0,0,0,0.0,0,0,0,0,0,658
9633,101-500,0,1,1,0,50.0,0,0,0.6,1,0,0,0,0,661
9635,500-1000,1,1,1,0,3.0,0,0,57.9,8,28,6,4,21,641
9636,1-25,0,1,1,0,99.0,0,0,1.8,1,21,19,5,8,655
9637,500-1000,0,1,1,1,46.0,0,0,0.6,1,1,3,1,1,644
9639,500-1000,0,1,1,1,56.0,0,0,0.6,1,12,4,3,10,658
9643,26-100,0,1,1,0,500000.0,1,1,502.3,3,0,1,0,0,658
9645,1-25,0,1,1,0,500000.0,1,0,146.5,4,3,3,1,3,646
9646,101-500,0,1,1,0,49.0,0,1,176.5,1,1,1,0,1,655
9648,500-1000,0,1,1,0,50.0,0,0,0.6,1,0,0,0,0,658
9649,500-1000,0,1,1,0,150.0,0,0,1.8,1,0,0,0,0,0
9651,101-500,0,1,1,0,50.0,0,0,0.6,1,0,0,0,0,658
9652,500-1000,0,1,1,0,50.0,0,1,176.5,1,0,0,0,0,658
9653,101-500,0,1,1,0,150.0,0,1,294.1,1,0,0,0,0,658
9654,500-1000,0,1,1,0,49.0,0,0,0.6,1,1,1,0,1,644
9657,500-1000,0,1,1,0,50.0,0,0,0.6,1,0,0,0,0,655
9658,500-1000,0,1,1,0,45.0,0,0,0.6,1,0,0,0,0,645
9659,500-1000,0,1,1,1,40.0,0,0,0.6,1,4,1,1,2,645
9660,500-1000,0,1,1,0,49.0,0,1,176.5,1,2,1,0,1,645
9661,101-500,0,1,1,0,50.0,0,1,176.5,1,0,0,0,0,0
9662,101-500,0,1,1,0,49.0,0,1,176.5,1,1,1,0,1,0
9663,500-1000,0,1,1,0,44.0,0,0,0.6,1,1,1,1,1,0
9664,500-1000,0,1,1,0,144.0,0,0,1.8,1,1,1,1,1,645
9665,101-500,0,1,1,0,44.0,0,0,0.6,1,1,1,1,1,645
9666,500-1000,0,1,1,0,149.0,0,1,294.1,1,1,1,1,1,0
9667,500-1000,0,1,1,0,500000.0,1,0,118.8,1,1,1,1,1,645
9668,500-1000,0,1,1,0,50.0,0,1,117.6,1,0,0,0,0,0
9669,500-1000,0,1,1,0,150.0,0,1,158.8,1,0,0,0,0,0
9670,101-500,0,1,1,0,149.0,0,0,117.6,1,1,1,0,1,0
9671,101-500,0,1,1,0,150.0,0,1,2.9,1,0,0,0,0,0
9672,500-1000,0,1,1,0,49.0,0,1,1.8,1,1,1,1,1,644
9676,500-1000,0,1,1,1,50.0,0,0,0.6,1,0,0,0,0,654
9678,1-25,0,1,1,1,193.0,0,0,2.4,2,2,1,2,1,644
9681,1-25,0,1,1,1,41.0,0,0,0.6,1,5,4,22,2,646
9682,500-1000,0,1,1,0,50.0,0,0,0.6,1,3,1,1,0,646
9683,500-1000,0,1,1,0,50.0,0,1,176.5,1,0,0,0,0,646
9684,500-1000,0,1,1,0,49.0,0,1,176.5,1,1,1,0,1,645
9686,500-1000,0,1,1,0,50.0,0,1,176.5,1,2,1,1,0,644
9687,500-1000,0,1,1,0,1796.0,0,0,21.8,2,6,2,1,1,653
9690,500-1000,0,1,1,0,50.0,0,0,0.6,1,0,0,0,0,652
9691,101-500,1,1,1,0,860.0,0,0,7.699999999999999,2,0,0,0,0,646
9693,500-1000,0,1,1,0,49.0,0,0,0.6,1,1,1,0,1,644
9694,500-1000,0,1,1,1,100.0,0,1,384.7,2,2,1,1,0,644
9696,101-500,0,1,1,0,50.0,0,1,176.5,1,0,0,0,0,644
9697,101-500,0,2,1,1,500000.0,1,0,118.2,2,0,1,1,0,0
9699,500-1000,0,2,1,0,500000.0,1,1,294.1,2,0,0,0,0,644
9702,101-500,0,1,1,0,50.0,0,1,176.5,1,0,0,0,0,644
9703,26-100,0,1,1,0,49.0,0,1,235.3,1,1,1,0,1,641
9706,1-25,0,1,1,0,0.0,0,0,0.0,0,0,0,0,0,652
9707,500-1000,0,1,1,1,49.0,0,1,11.8,1,1,1,0,1,645
9709,500-1000,0,1,1,1,50.0,0,1,11.8,1,0,0,0,0,645
9711,101-500,0,1,1,0,50.0,0,1,11.8,1,4,1,11,0,591
9712,500-1000,0,1,1,0,45.0,0,0,0.6,1,1,1,1,1,644
9713,500-1000,0,1,1,0,45.0,0,0,11.8,1,1,1,0,1,644
9714,101-500,0,1,1,0,49.0,0,0,0.6,1,1,1,0,1,644
9715,500-1000,0,1,1,0,49.0,0,1,176.5,1,1,1,1,1,644
9716,101-500,1,0,1,1,10200.0,0,0,9.6,6,0,2,3,0,648
9718,26-100,0,1,1,0,50.0,0,0,0.6,1,0,1,0,0,647
9721,500-1000,0,1,1,1,50.0,0,0,0.6,1,0,0,0,0,647
9723,101-500,0,1,1,0,45.0,0,0,0.6,1,1,1,0,1,647
9724,500-1000,0,1,1,0,500000.0,1,0,117.6,1,1,1,0,1,646
9726,500-1000,1,1,1,0,500.0,0,0,3.0,3,0,1,0,0,647
9727,101-500,0,1,1,1,150.0,0,0,1.8,1,1,2,0,0,644
9729,101-500,0,1,1,0,45.0,0,0,0.6,1,2,1,0,1,643
9730,1-25,0,1,1,0,149.0,0,0,122.4,6,1,1,1,1,644
9731,101-500,1,1,1,0,45.0,0,0,120.6,4,1,1,1,1,644
9735,101-500,0,1,1,0,500000.0,1,0,117.6,1,1,1,1,1,644
9736,101-500,0,1,1,0,500000.0,1,0,117.6,1,0,0,0,0,0
9737,101-500,0,1,1,1,500000.0,1,0,117.6,1,0,0,0,0,644
9739,500-1000,0,1,1,0,500000.0,1,1,117.6,2,0,0,0,0,644
9741,101-500,0,1,1,1,45.0,0,0,0.6,1,1,1,1,1,641
9743,101-500,0,1,1,1,141.0,0,0,1.8,1,23,6,33,3,638
9744,26-100,0,1,1,0,38.0,0,0,0.6,1,2,1,2,1,641
9745,500-1000,1,1,1,3,499999.0,1,0,484.2,16,4,3,1,0,332
9748,101-500,0,1,1,1,37.0,0,0,0.6,1,0,0,0,0,637
9752,101-500,0,1,1,1,1050.0,0,0,0.6,1,0,1,1,0,637
9753,101-500,0,1,1,0,50.0,0,0,0.6,1,1,1,0,0,637
9754,500-1000,0,1,1,0,50.0,0,1,176.5,1,0,0,0,0,638
9755,26-100,0,1,1,2,73.0,0,0,1.8,1,56,13,13,18,455
9756,1-25,0,1,1,0,500000.0,1,0,240.0,9,1,1,1,0,637
9757,500-1000,1,1,1,11,500000.0,1,0,480.6,13,102,7,12,47,527
9759,101-500,0,2,1,0,500000.0,1,0,1.7999999999999998,2,0,1,1,0,637
9760,500-1000,0,1,1,0,50.0,0,0,0.6,1,0,0,0,0,637
9761,500-1000,0,1,1,0,50.0,0,0,0.6,1,0,0,0,0,637
9762,500-1000,0,1,1,0,50.0,0,0,0.6,1,0,0,0,0,637
9763,500-1000,0,1,1,0,50.0,0,0,0.6,1,0,0,0,0,637
9764,500-1000,0,1,1,0,50.0,0,0,0.6,1,0,0,0,0,637
9765,More than 1000,0,2,1,0,150.0,0,0,0.0,1,0,0,0,0,637
9766,101-500,0,1,1,0,500000.0,1,1,0.0,1,0,0,0,0,637
9767,500-1000,0,1,1,0,50.0,0,0,0.6,1,0,0,0,0,637
9768,500-1000,0,1,1,0,500000.0,1,0,117.6,1,0,0,0,0,637
9770,101-500,0,1,1,0,50.0,0,0,0.6,1,0,0,0,0,634
9771,500-1000,0,1,1,0,50.0,0,0,0.6,1,0,0,0,0,637
9772,101-500,0,1,1,0,50.0,0,0,0.6,1,0,1,1,0,636
9773,More than 1000,0,1,1,0,194.0,0,0,2.4,2,5,1,4,1,625
9774,500-1000,0,1,1,0,100.0,0,0,1.2,2,0,1,1,0,634
9775,500-1000,0,1,1,0,50.0,0,0,0.6,1,0,0,0,0,634
9776,500-1000,0,1,1,0,50.0,0,0,0.6,1,0,0,0,0,0
9777,1-25,0,1,1,0,50.0,0,0,0.0,1,0,0,0,0,0
9779,1-25,0,1,1,0,500000.0,1,0,119.4,3,1,1,0,0,633
9780,101-500,1,1,1,3,10445.0,0,0,0.6,1,54,4,16,32,457
9781,1-25,0,1,1,0,500000.0,1,0,0.0,1,0,0,0,0,0
9782,500-1000,0,2,1,0,146.0,0,0,2.4,2,18,2,3,1,633
9783,1-25,0,1,1,3,138.0,0,0,1.8,1,29,8,44,2,574
9785,1-25,0,1,1,0,50.0,0,0,0.0,1,2,1,1,0,633
9786,500-1000,0,1,1,0,50.0,0,0,0.6,1,1,1,1,0,0
9787,1-25,1,1,1,2,442.0,0,0,0.6,1,162,39,44,85,0
9788,1-25,0,1,1,1,1045.0,0,0,0.6,1,1,1,2,1,625
9790,101-500,0,1,1,0,50.0,0,0,0.6,1,0,0,0,0,630
9791,500-1000,0,1,1,1,85.0,0,0,0.6,1,5,1,1,4,625
9792,1-25,0,1,1,0,500000.0,1,1,117.6,1,2,1,1,2,627
9794,26-100,0,1,1,1,270.0,0,0,0.6,1,32,6,1,24,527
9795,1-25,0,1,1,0,149.0,0,1,294.1,1,1,1,0,1,0
9796,500-1000,0,1,1,0,34.0,0,0,0.6,1,4,1,4,2,620
9797,101-500,0,1,1,1,48.0,0,1,176.5,1,1,1,7,1,616
9798,500-1000,0,1,1,1,135.0,0,0,2.4,2,44,9,2,15,612
9799,1-25,0,1,1,1,2.0,0,0,0.6,1,6,2,2,5,611
9800,1-25,0,2,1,0,55.0,0,0,0.0,2,0,0,0,0,619
9801,1-25,0,2,1,0,49.0,0,0,0.0,1,0,0,0,0,616
9807,101-500,0,1,1,0,47.0,0,1,176.5,1,15,2,9,3,590
9809,1-25,0,1,1,0,500000.0,1,0,0.0,1,0,1,2,0,619
9810,1-25,0,2,1,0,60.0,0,0,0.0,3,0,0,0,0,618
9820,101-500,0,1,1,0,50.0,0,1,176.5,1,0,0,0,0,617
9821,101-500,0,1,1,0,42.0,0,0,0.6,1,2,1,1,1,617
9822,1-25,0,1,1,0,50.0,0,0,0.6,1,0,0,0,0,0
9823,101-500,0,1,1,1,2.0,0,0,1.8,1,62,8,15,25,597
9824,101-500,0,1,1,1,149.0,0,1,294.1,1,8,1,5,1,606
9825,26-100,0,1,1,0,50.0,0,0,0.6,1,0,0,0,0,0
9826,1-25,0,1,1,0,50.0,0,0,0.6,1,0,0,0,0,616
9827,26-100,0,1,1,0,50.0,0,1,176.5,1,2,1,1,0,616
9828,1-25,0,1,1,0,500000.0,1,1,0.0,1,3,1,2,0,616
9829,500-1000,1,1,1,1,50.0,0,0,0.6,1,2,1,1,0,616
9833,101-500,0,1,1,0,50.0,0,1,176.5,1,0,0,0,0,609
9834,101-500,0,1,1,0,35.0,0,0,0.6,1,3,2,1,3,609
9836,101-500,0,1,1,1,150.0,0,0,2.4,2,2,1,1,1,0
9838,101-500,1,1,1,1,2150.0,0,0,26.0,5,16,2,1,5,437
9839,101-500,0,1,1,0,150.0,0,0,1.8,1,1,1,1,0,602
9840,101-500,0,1,1,0,50.0,0,1,176.5,1,0,0,0,0,613
9843,101-500,0,1,1,0,45.0,0,0,0.6,1,1,1,0,1,612
9848,1-25,1,1,1,1,398.0,0,0,123.0,8,0,1,1,0,581
9850,101-500,0,2,1,1,175.0,0,0,2.4,2,3,3,3,3,612
9854,1-25,0,1,1,0,50.0,0,0,0.6,1,0,1,0,0,611
9855,1-25,0,1,1,0,50.0,0,0,0.6,1,0,0,0,0,612
9856,1-25,0,1,1,0,50.0,0,1,176.5,1,0,1,1,0,611
9857,1-25,0,1,1,0,150.0,0,0,1.8,1,0,0,0,0,611
9858,1-25,0,1,1,1,50.0,0,0,0.6,1,0,0,0,0,609
9859,1-25,0,2,1,0,50.0,0,0,0.0,1,0,1,0,0,0
9860,1-25,0,1,1,0,50.0,0,0,0.6,1,0,0,0,0,606
9861,1-25,1,1,1,0,120.0,0,1,1.8,1,0,0,0,0,610
9862,1-25,0,1,1,0,50.0,0,0,5.9,1,0,0,0,0,610
9863,1-25,1,1,1,5,20839.0,0,0,607.0999999999999,19,312,60,34,188,344
9864,1-25,1,1,1,0,137.0,0,0,0.6,1,5,2,1,4,610
9865,1-25,0,1,1,0,50.0,0,0,0.6,1,0,0,0,0,610
9866,500-1000,0,1,1,0,50.0,0,1,176.5,1,0,0,0,0,610
9868,1-25,0,1,1,0,500000.0,1,0,117.6,1,19,1,1,1,599
9869,101-500,1,1,1,10,9299.0,0,0,3.0,3,390,103,42,206,326
9871,1-25,0,1,1,0,47.0,0,0,0.6,1,4,3,12,1,590
9873,26-100,0,1,1,1,142.0,0,0,1.8,1,11,2,1,1,603
9875,500-1000,0,1,1,1,35.0,0,0,0.6,1,2,1,1,2,465
9876,26-100,0,1,1,1,190.0,0,0,0.6,1,4,2,1,4,465
9878,101-500,0,1,1,1,26.0,0,0,0.6,1,3,6,1,2,465
9880,1-25,0,1,1,0,150.0,0,0,0.0,1,0,0,0,0,0
9881,101-500,0,1,1,0,50.0,0,0,0.6,1,0,1,3,0,567
9882,101-500,0,1,1,0,50.0,0,1,176.5,1,0,0,0,0,0
9883,101-500,0,1,1,1,71.0,0,0,120.6,4,33,6,10,11,422
9884,26-100,0,1,1,1,143.0,0,0,1.8,1,4,2,1,2,422
9885,101-500,0,1,1,1,126.0,0,0,1.8,1,20,4,3,4,422
9886,101-500,0,1,1,1,142.0,0,0,1.8,1,4,3,2,2,422
9887,101-500,0,1,1,0,50.0,0,1,176.5,1,1,1,10,0,422
9888,101-500,0,1,1,0,150.0,0,1,294.1,1,3,4,1,0,422
9889,101-500,0,1,1,1,500000.0,1,1,117.6,1,3,3,0,0,422
9890,1-25,0,1,1,0,50.0,0,0,0.6,1,0,0,0,0,422
9891,26-100,0,1,1,1,500000.0,1,0,117.6,1,70,15,12,43,443
9897,101-500,0,1,1,1,145.0,0,0,1.8,1,1,1,0,1,422
9899,26-100,0,1,1,0,135.0,0,0,1.8,1,6,1,3,5,595
9902,26-100,0,1,1,0,50.0,0,1,176.5,1,0,0,0,0,597
9903,More than 1000,0,1,1,2,499933.0,1,0,117.6,1,14,2,3,13,595
9907,101-500,1,1,1,2,32.0,0,0,0.6,1,2,0,1,0,590
9909,500-1000,0,1,1,1,50.0,0,0,0.6,1,9,5,5,0,0
9910,500-1000,0,1,1,0,50.0,0,0,0.6,1,0,0,0,0,0
9911,101-500,0,2,1,2,106.0,0,0,2.5,3,74,12,13,51,480
9916,1-25,0,2,1,0,500000.0,1,0,117.6,1,0,0,0,0,476
9917,1-25,0,2,1,0,500000.0,1,0,235.2,2,0,1,2,0,0
9918,500-1000,0,1,1,0,250.0,0,0,0.6,1,0,0,0,0,0
9919,1-25,0,1,1,1,50.0,0,0,0.6,1,0,0,0,0,0
9921,101-500,0,1,1,0,46.0,0,0,0.6,1,2,1,1,1,589
9922,1-25,0,1,1,1,500000.0,1,0,120.0,3,0,0,0,0,0
9924,101-500,0,1,1,0,24.0,0,0,0.6,1,7,5,1,5,0
9926,26-100,0,1,1,1,4.0,0,0,0.7,1,16,16,4,8,441
9927,26-100,0,1,1,0,145.0,0,0,1.8,1,1,1,2,1,465
9928,1-25,0,1,1,0,50.0,0,0,0.6,1,0,1,1,0,575
9931,26-100,0,1,1,1,296.0,0,0,0.6,1,31,5,6,7,465
9932,1-25,0,1,1,1,45.0,0,0,0.6,1,1,16,1,0,422
9934,500-1000,0,1,1,0,50.0,0,1,176.5,1,0,1,0,0,576
9935,26-100,0,1,1,0,50.0,0,0,0.6,1,0,1,0,0,576
9938,500-1000,0,2,1,1,120.0,0,0,4.2,3,13,1,1,6,437
9939,1-25,0,1,1,0,500000.0,1,0,117.6,1,0,3,0,0,562
9940,26-100,0,1,1,0,50.0,0,0,0.6,1,0,1,1,0,512
9944,1-25,0,1,1,0,500000.0,1,0,117.6,1,9,2,6,2,569
9945,More than 1000,0,1,1,0,500000.0,1,1,117.6,1,19,6,2,9,567
9946,1-25,0,1,1,0,50.0,0,0,0.6,1,0,1,2,0,464
9947,1-25,0,1,1,1,178.0,0,0,2.4,2,22,3,2,17,568
9949,26-100,0,1,1,2,180.0,0,0,2.4,2,4,1,3,4,568
9957,1-25,0,1,1,0,150.0,0,0,1.8,1,0,0,0,0,0
9958,1-25,1,1,1,0,5300.0,0,0,2.4,2,0,0,0,0,547
9962,1-25,0,1,1,1,81.0,0,0,1.8,1,0,0,0,0,465
9963,26-100,0,1,1,1,150.0,0,0,13.6,2,0,0,0,0,567
9965,1-25,0,1,1,1,1080.0,0,0,0.6,3,0,0,0,0,543
9966,1-25,0,2,1,0,500000.0,1,0,0.0,1,0,0,0,0,0
9967,1-25,0,2,1,0,150.0,0,0,0.0,1,0,0,0,0,0
9968,1-25,0,1,1,0,50.0,0,0,0.6,1,0,0,0,0,0
9969,1-25,0,1,1,1,188.0,0,0,0.6,1,32,6,9,16,564
9971,101-500,0,1,1,1,191.0,0,0,0.6,1,12,5,2,8,554
9972,1-25,0,1,1,0,50.0,0,0,0.0,1,0,1,1,0,542
9973,More than 1000,0,1,1,0,500000.0,1,0,0.0,1,0,0,0,0,0
9976,1-25,0,1,1,1,50.0,0,1,176.5,1,0,0,0,0,555
9977,101-500,0,1,1,1,42.0,0,0,0.6,1,2,1,1,1,564
9981,1-25,0,2,1,0,150.0,0,0,0.0,1,0,0,0,0,0
9982,101-500,0,1,1,0,50.0,0,0,0.6,1,1,1,1,0,560
9984,101-500,0,1,1,0,50.0,0,0,0.6,1,0,0,0,0,0
9985,1-25,0,1,1,1,46.0,0,0,0.6,2,2,2,2,2,547
9987,1-25,0,1,1,1,124.0,0,0,0.6,1,61,12,10,34,534
9988,500-1000,0,1,1,1,4.0,0,1,176.5,1,22,10,9,5,434
9990,1-25,0,1,1,0,150000.0,0,0,176.5,1,2,1,1,0,541
9991,1-25,0,1,1,0,150.0,0,0,0.0,2,0,0,0,0,553
9993,1-25,0,1,1,1,294.0,0,0,1.8,1,59,3,23,18,511
9994,1-25,0,1,1,2,499998.0,1,0,0.0,1,241,4,22,44,329
9996,26-100,0,1,1,0,50.0,0,0,0.6,1,0,0,0,0,547
9997,26-100,0,1,1,1,150.0,0,0,1.8,1,0,0,0,0,483
9998,26-100,0,1,1,0,500000.0,1,0,117.6,1,0,0,0,0,549
9999,101-500,0,1,1,1,85.0,0,0,2.4,2,1,1,1,1,540
10000,More than 1000,0,1,1,1,500000.0,1,0,117.6,1,4,3,1,2,331
10001,1-25,0,1,1,0,500000.0,1,0,117.6,1,0,1,0,0,543
10011,101-500,0,1,1,2,163.0,0,0,1.8,1,0,0,0,0,361
10020,26-100,0,1,1,1,25.0,0,0,0.6,1,0,0,0,0,533
10022,1-25,0,1,1,0,500000.0,1,0,120.6,4,2,1,0,0,466
10023,1-25,1,1,1,2,280.0,0,0,4.8,4,98,26,7,12,329
10024,101-500,0,2,1,0,150.0,0,0,1.8,1,0,0,0,0,542
10025,101-500,0,1,1,0,500000.0,1,0,11.8,1,0,0,0,0,542
10027,1-25,0,1,1,0,190.0,0,1,208.2,1,0,0,0,0,542
10028,1-25,1,1,1,2,213.0,0,0,0.0,2,17,4,1,13,541
10030,1-25,0,2,1,0,150.0,0,0,0.0,1,0,0,0,0,540
10034,101-500,1,1,1,0,145.0,0,0,0.6,1,1,1,0,1,540
10037,500-1000,0,1,1,0,49.0,0,0,0.0,1,0,0,0,0,539
10044,26-100,0,1,1,1,50.0,0,0,0.6,1,0,0,0,0,422
10046,101-500,0,1,1,0,45.0,0,0,0.6,1,3,1,1,1,422
10047,26-100,0,1,1,0,150.0,0,0,1.8,1,0,0,0,0,422
10048,26-100,0,1,1,0,150.0,0,1,294.1,1,1,1,0,0,422
10049,26-100,0,1,1,0,44.0,0,0,0.6,1,2,1,1,1,0
10050,1-25,0,1,1,0,49.0,0,1,176.5,1,2,2,1,0,513
10051,26-100,0,1,1,0,44.0,0,0,0.6,1,1,1,1,0,505
10052,26-100,0,1,1,0,150.0,0,0,1.8,1,33,1,2,0,499
10053,1-25,0,1,1,0,50.0,0,1,176.5,1,0,0,0,0,534
10054,26-100,0,1,1,0,50.0,0,0,0.6,1,0,0,0,0,534
10055,26-100,0,1,1,0,45.0,0,0,0.6,1,5,4,4,1,490
10056,26-100,0,1,1,2,499970.0,1,0,117.6,1,246,40,27,57,337
10058,1-25,0,1,1,2,154.0,0,0,4.2,3,131,57,35,47,337
10059,1-25,0,1,1,0,33.0,0,0,0.6,1,4,3,3,1,361
10060,500-1000,0,1,1,1,50.0,0,0,0.6,1,43,10,3,25,427
10061,1-25,0,1,1,1,40.0,0,0,0.6,1,16,2,4,5,513
10063,1-25,0,1,1,1,24.0,0,0,0.0,1,50046,6,9,21,400
10064,1-25,0,1,1,0,150.0,0,0,0.0,1,0,1,1,0,513
10065,1-25,0,1,1,0,500000.0,1,0,0.0,1,59,2,3,44,423
10066,1-25,0,2,1,0,50.0,0,0,0.6,1,0,0,0,0,423
10068,101-500,0,1,1,1,36.0,0,0,0.6,1,13,1,1,13,522
10071,101-500,0,1,1,1,150.0,0,0,2.4,2,0,2,1,0,521
10075,1-25,1,1,1,1,9923.0,0,0,14.8,4,49,24,5,35,361
10076,More than 1000,0,1,1,0,500000.0,1,0,0.0,1,27,1,10,3,513
10077,1-25,0,1,1,0,150.0,0,0,1.8,1,0,0,0,0,0
10078,1-25,0,1,1,0,500000.0,1,0,0.0,1,0,0,0,0,0
10079,1-25,0,1,1,0,150.0,0,0,0.0,1,0,0,0,0,518
10080,1-25,0,2,1,0,150.0,0,1,0.0,1,0,0,0,0,518
10082,1-25,0,1,1,0,500000.0,1,0,0.0,1,0,0,0,0,0
10083,1-25,0,1,1,0,500000.0,1,0,0.0,1,0,0,0,0,0
10084,1-25,0,1,1,1,44.0,0,0,0.0,1,8,2,3,6,513
10086,26-100,0,1,1,1,606.0,0,0,2.4,2,0,0,0,0,513
10087,26-100,0,1,1,0,150.0,0,0,1.8,1,0,0,0,0,514
10088,101-500,0,1,1,0,150.0,0,0,1.8,1,0,0,0,0,514
10089,1-25,0,1,1,0,500000.0,1,0,117.6,1,0,0,0,0,514
10090,1-25,0,2,1,0,200.0,0,1,205.9,2,0,0,0,0,514
10091,26-100,0,1,1,0,150.0,0,0,1.8,1,0,0,0,0,513
10093,1-25,0,2,1,0,150.0,0,0,0.0,1,0,0,0,0,513
10094,1-25,0,1,1,0,150.0,0,0,0.0,1,0,0,0,0,0
10095,1-25,0,1,1,0,117.0,0,0,0.0,1,20,11,9,3,483
10096,26-100,0,1,1,0,500000.0,1,0,11.8,1,0,0,0,0,513
10097,101-500,0,1,1,0,50.0,0,0,0.6,1,2,1,1,0,507
10098,101-500,0,1,1,0,145.0,0,0,1.8,1,12,1,2,1,508
10099,26-100,0,1,1,0,500000.0,1,0,117.6,1,0,0,0,0,508
10100,101-500,0,1,1,0,50.0,0,0,0.6,1,0,0,0,0,508
10103,500-1000,0,2,1,0,50.0,0,0,0.6,1,0,0,0,0,504
10104,1-25,0,1,1,0,50.0,0,0,0.6,1,0,0,0,0,466
10105,26-100,0,1,1,0,50.0,0,0,0.6,1,0,0,0,0,504
10107,1-25,1,1,1,0,150.0,0,0,0.6,1,0,0,0,0,0
10108,500-1000,0,1,1,1,322.0,0,0,0.6,1,74,16,9,45,459
10109,500-1000,0,1,1,1,50.0,0,0,0.6,1,47,1,7,0,422
10110,26-100,0,1,1,0,50.0,0,0,0.6,1,0,0,0,0,422
10112,26-100,0,2,1,1,150.0,0,0,1.8,1,0,0,0,0,422
10114,500-1000,0,1,1,1,50.0,0,0,0.6,1,0,1,1,0,422
10116,101-500,0,1,1,0,470.0,0,1,176.5,1,2,1,2,0,350
10118,1-25,0,2,1,0,150.0,0,0,0.0,1,0,0,0,0,0
10119,101-500,0,1,1,0,2150.0,0,0,1.8,1,0,1,1,0,483
10120,1-25,0,1,1,1,33.0,0,1,176.5,1,53,22,18,20,408
10121,26-100,1,1,1,7,375.0,0,1,1470.5,5,572,162,41,270,329
10122,26-100,0,1,1,0,500000.0,1,1,117.6,1,17,3,3,8,484
10123,500-1000,0,1,1,1,221.0,0,0,0.6,1,47,6,5,15,368
10126,1-25,0,1,1,0,197.0,0,0,2.4,2,1,1,0,1,484
10127,500-1000,0,1,1,0,150.0,0,0,1.8,1,0,0,0,0,422
10128,101-500,0,1,1,0,500000.0,1,0,117.6,1,0,0,0,0,422
10129,101-500,0,1,1,1,50.0,0,1,176.5,1,0,0,0,0,422
10130,101-500,0,1,1,1,50.0,0,0,0.6,1,0,0,0,0,490
10132,500-1000,0,1,1,1,150.0,0,0,1.8,1,7,1,1,0,490
10138,101-500,0,1,1,1,30.0,0,0,1.8,1,39,5,7,19,480
10140,101-500,0,1,1,1,73.0,0,0,1.8,1,23,7,8,4,454
10142,500-1000,1,1,1,2,5751.0,0,0,0.6,1,73,32,16,59,330
10144,101-500,0,1,1,0,150.0,0,0,1.8,1,0,1,2,0,483
10145,1-25,0,2,1,1,31.0,0,0,0.0,1,8,3,0,6,465
10146,26-100,0,1,1,0,150.0,0,1,294.1,1,0,0,0,0,465
10147,101-500,1,1,1,0,150.0,0,0,1.8,1,0,1,0,0,465
10148,1-25,0,2,1,0,150.0,0,0,0.0,1,0,0,0,0,465
10152,26-100,0,1,1,0,150.0,0,0,1.8,1,0,1,1,0,465
10153,1-25,0,1,1,0,150.0,0,0,1.8,1,8,1,1,0,479
10154,101-500,0,1,1,0,149.0,0,1,294.1,1,1,1,1,1,479
10155,26-100,0,1,1,1,195.0,0,0,0.6,1,20,4,10,11,416
10157,1-25,0,1,1,1,36.0,0,0,0.0,1,26,14,2,14,448
10162,1-25,1,1,1,2,4074.0,0,0,0.6,1,27,8,2,9,451
10163,500-1000,0,1,1,0,50.0,0,0,0.6,1,0,0,0,0,465
10164,1-25,0,1,1,0,50.0,0,0,0.6,1,0,0,0,0,465
10169,1-25,0,1,1,0,50.0,0,0,1.2,1,0,0,0,0,465
10170,1-25,0,1,1,0,150.0,0,0,1.8,1,0,0,0,0,465
10171,1-25,0,1,1,0,150.0,0,0,1.8,1,0,0,0,0,465
10172,26-100,0,1,1,2,500000.0,1,0,123.6,6,44,11,5,25,408
10173,500-1000,0,1,1,0,9922.0,0,0,1.2,1,0,3,0,0,407
10175,1-25,0,2,1,0,50.0,0,1,178.3,2,0,0,0,0,449
10177,1-25,0,1,1,0,50.0,0,0,1.2,1,0,0,0,0,456
10178,1-25,0,1,1,0,50.0,0,0,1.2,1,0,0,0,0,456
10179,1-25,0,1,1,0,50.0,0,0,1.2,1,0,0,0,0,463
10180,1-25,0,1,1,0,50.0,0,0,1.2,1,0,0,0,0,0
10182,1-25,0,1,1,0,150.0,0,0,1.2,1,0,0,0,0,451
10183,500-1000,0,1,1,0,162.0,0,0,13.0,2,0,1,0,0,415
10184,1-25,1,1,1,1,500000.0,1,0,244.8,9,81,28,13,48,423
10185,1-25,0,2,1,0,50.0,0,0,118.8,3,0,1,0,0,449
10189,More than 1000,0,1,1,0,47.0,0,1,176.5,1,0,0,0,0,443
10190,1-25,0,1,1,0,1050.0,0,0,0.0,1,0,1,1,0,454
10191,500-1000,0,1,1,1,500000.0,1,0,11.8,1,6,2,1,2,440
10196,500-1000,0,2,1,0,500.0,0,1,0.0,1,0,0,0,0,0
10198,26-100,0,2,1,0,50.0,0,0,1.2,1,0,0,0,0,448
10199,500-1000,1,1,1,3,9579.0,0,0,0.0,1,422,64,30,255,350
10200,1-25,0,1,1,0,150.0,0,0,1.2,1,0,0,0,0,448
10201,101-500,0,1,1,0,500000.0,1,0,117.6,1,0,0,0,0,0
10202,1-25,0,1,1,0,500000.0,1,1,117.6,1,0,0,0,0,0
10203,26-100,0,2,1,0,50.0,0,0,0.0,1,0,0,0,0,0
10204,26-100,0,2,1,0,150.0,0,0,0.0,1,0,0,0,0,0
10205,500-1000,0,1,1,0,50.0,0,0,1.2,1,0,0,0,0,448
10206,1-25,0,1,1,1,50.0,0,1,0.0,1,1,3,0,0,0
10207,101-500,0,1,1,1,45.0,0,0,1.2,1,0,1,1,0,442
10211,1-25,0,1,1,1,49.0,0,0,0.0,1,0,1,6,0,442
10213,1-25,0,1,1,0,50.0,0,0,0.0,1,0,0,0,0,442
10215,1-25,0,2,1,1,150.0,0,1,0.0,1,0,1,2,0,423
10216,1-25,0,1,1,0,50.0,0,1,0.0,1,0,1,5,0,441
10217,1-25,0,1,1,0,150.0,0,0,0.0,1,0,1,0,0,441
10218,1-25,0,1,1,0,150.0,0,0,0.0,1,0,1,0,0,441
10220,1-25,0,1,1,0,50.0,0,0,1.2,1,0,0,0,0,440
10221,1-25,0,2,1,0,50.0,0,0,1.2,1,0,0,0,0,440
10222,1-25,0,1,1,0,50.0,0,1,17.6,1,0,0,0,0,437
10224,1-25,0,2,1,0,170.0,0,0,0.0,2,0,0,0,0,429
10225,1-25,0,1,1,0,50.0,0,0,0.0,1,0,0,0,0,437
10226,26-100,0,1,1,0,50.0,0,0,0.1,1,0,0,0,0,437
10227,1-25,0,1,1,0,50.0,0,0,1.2,1,0,0,0,0,437
10228,1-25,0,1,1,0,50.0,0,0,1.2,1,0,0,0,0,0
10229,1-25,0,2,1,0,50.0,0,0,1.2,1,0,0,0,0,437
10230,1-25,0,1,1,0,50.0,0,0,1.2,1,0,0,0,0,437
10231,1-25,0,2,1,0,50.0,0,1,17.6,1,0,0,0,0,436
10232,500-1000,1,1,1,1,20.0,0,0,1.2,1,4,2,3,1,0
10234,101-500,0,1,1,0,18.0,0,0,1.2,1,3,1,1,3,435
10236,101-500,0,1,1,0,47.0,0,0,4.2,3,1,1,2,1,331
10240,1-25,0,1,1,1,500000.0,1,0,117.6,1,9,16,9,6,416
10241,500-1000,0,1,1,0,8.0,0,0,1.2,1,0,1,7,0,408
10243,1-25,0,1,1,0,50.0,0,0,1.2,1,0,0,0,0,429
10244,1-25,0,1,1,0,50.0,0,0,1.2,1,0,0,0,0,0
10246,500-1000,0,1,1,1,66.0,0,0,1.8,1,36,5,9,19,422
10247,26-100,0,1,1,1,60998.0,0,0,0.0,1,9,1,1,0,336
10249,101-500,0,1,1,0,50.0,0,0,1.2,1,0,0,0,0,0
10250,101-500,0,1,1,1,49.0,0,1,176.5,1,1,1,1,1,423
10256,1-25,0,1,1,1,50.0,0,0,1.2,1,0,0,0,0,423
10259,1-25,0,1,1,1,898.0,0,0,1.2,1,16,5,10,8,331
10260,26-100,0,1,1,0,50.0,0,0,1.2,1,0,0,0,0,423
10261,101-500,0,1,1,1,50.0,0,0,1.2,1,0,0,0,0,423
10263,101-500,0,1,1,0,50.0,0,1,176.5,1,0,0,0,0,0
10267,1-25,0,1,1,1,50.0,0,0,1.2,1,0,0,0,0,414
10268,1-25,0,1,1,0,50.0,0,0,1.2,1,0,1,1,0,422
10269,1-25,0,1,1,0,50.0,0,0,1.2,1,0,0,0,0,422
10270,101-500,0,1,1,0,500000.0,1,0,117.6,1,0,1,1,0,422
10271,101-500,0,1,1,1,500000.0,1,0,117.6,1,17,5,3,6,421
10272,26-100,0,1,1,0,500000.0,1,0,117.6,1,1,1,1,0,422
10273,1-25,0,2,1,0,47.0,0,0,0.0,1,6,1,1,1,422
10275,1-25,0,1,1,0,500000.0,1,0,117.6,1,0,0,0,0,0
10276,1-25,0,1,1,0,500000.0,1,0,117.6,1,0,0,0,0,0
10277,1-25,0,1,1,0,500000.0,1,0,117.6,1,0,0,0,0,0
10278,1-25,0,1,1,1,500000.0,1,0,117.6,1,0,0,0,0,420
10285,1-25,0,1,1,0,150.0,0,0,1.8,1,0,0,0,0,420
10287,1-25,0,1,1,1,244.0,0,0,1.8,2,73,5,35,41,331
10288,1-25,0,1,1,0,50.0,0,0,1.2,2,0,0,0,0,0
10289,1-25,0,1,1,0,150.0,0,0,1.8,1,0,0,0,0,0
10290,1-25,0,1,1,0,500000.0,1,0,117.6,1,0,0,0,0,0
10291,1-25,0,1,1,0,150.0,0,0,1.8,1,0,0,0,0,0
10292,1-25,0,1,1,0,500000.0,1,0,117.6,1,0,0,0,0,0
10295,1-25,0,2,1,0,500000.0,1,0,0.0,1,0,0,0,0,0
10296,1-25,0,1,1,0,500000.0,1,0,117.6,1,0,0,0,0,0
10297,101-500,0,1,1,1,1990.0,0,0,1.2,1,26,5,3,4,329
10298,101-500,1,1,1,4,10355.0,0,0,247.8,11,240,68,53,136,330
10299,26-100,0,1,1,0,34.0,0,0,1.2,1,0,2,1,0,414
10300,1-25,1,1,1,2,26.0,0,0,1.2,2,137,23,50,68,331
10301,1-25,0,1,1,1,135.0,0,0,1.8,1,4,2,0,2,414
10302,1-25,0,1,1,0,500000.0,1,0,117.6,1,0,3,0,0,0
10303,101-500,0,1,1,0,50.0,0,0,1.2,1,0,1,0,0,414
10304,1-25,0,1,1,0,10069.0,0,0,1.2,1,0,0,0,0,0
10305,26-100,0,1,1,0,50.0,0,0,1.2,1,0,1,0,0,414
10307,1-25,0,1,1,0,50.0,0,0,1.2,1,0,0,0,0,414
10308,1-25,0,2,1,0,50.0,0,0,1.2,1,0,1,1,0,414
10309,1-25,0,1,1,0,50.0,0,1,176.5,1,0,0,0,0,413
10310,1-25,0,1,1,0,50.0,0,0,1.2,1,0,0,0,0,413
10311,1-25,0,1,1,0,50.0,0,0,1.2,1,0,0,0,0,413
10312,1-25,0,1,1,0,150.0,0,0,1.8,1,0,0,0,0,413
10313,1-25,1,1,1,1,10150.0,0,0,1.8,1,0,0,0,0,0
10315,1-25,0,2,1,1,550.0,0,0,133.6,5,0,0,0,0,413
10317,1-25,0,1,1,0,50.0,0,0,1.2,1,0,0,0,0,0
10318,1-25,0,1,1,0,50.0,0,0,1.2,1,0,0,0,0,0
10319,1-25,0,1,1,0,50.0,0,0,0.0,1,0,0,0,0,0
10320,1-25,0,2,1,0,500000.0,1,0,0.0,1,0,0,0,0,0
10321,26-100,0,1,1,0,50.0,0,0,1.2,1,0,0,0,0,0
10323,1-25,0,1,1,0,500000.0,1,0,0.0,1,0,0,0,0,0
10326,1-25,0,1,1,0,50.0,0,0,1.2,1,0,0,0,0,408
10327,101-500,0,1,1,0,48.0,0,0,1.2,1,1,1,0,1,0
10328,101-500,0,1,1,0,50.0,0,0,1.2,1,1,1,3,0,401
10330,500-1000,0,1,1,0,50.0,0,0,1.2,1,0,0,0,0,0
10331,500-1000,0,1,1,0,50.0,0,0,1.2,1,0,1,0,0,407
10332,1-25,0,1,1,1,40.0,0,0,0.0,1,11,1,3,11,0
10334,500-1000,0,1,1,0,150.0,0,1,2.9,1,0,0,0,0,406
10335,101-500,0,1,1,0,50.0,0,0,1.2,1,0,0,0,0,0
10336,500-1000,0,1,1,0,500000.0,1,0,1.2,1,0,0,0,0,406
10337,500-1000,0,1,1,1,653.0,0,0,1.2,1,2,2,1,2,360
10338,26-100,0,1,1,0,150.0,0,0,1.8,1,0,0,0,0,406
10339,1-25,0,2,1,1,141.0,0,0,0.0,2,5,1,1,5,394
10340,101-500,0,1,1,0,500000.0,1,0,117.6,1,1,1,1,1,394
10341,26-100,0,1,1,0,50.0,0,1,176.5,1,0,1,1,0,394
10342,1-25,0,2,1,0,200.0,0,0,1.8,2,0,0,0,0,394
10343,26-100,0,1,1,1,150.0,0,0,1.8,1,2,1,2,0,394
10350,500-1000,0,1,1,0,50.0,0,0,1.2,1,0,0,0,0,400
10351,500-1000,0,1,1,0,500000.0,1,0,117.6,1,0,0,0,0,394
10352,1-25,0,1,1,0,50.0,0,0,1.2,1,0,1,1,0,394
10354,500-1000,0,1,1,0,120.0,0,1,17.6,1,0,0,0,0,394
10356,500-1000,0,1,1,1,44.0,0,0,1.2,1,1,1,0,1,394
10357,More than 1000,0,2,1,0,200.0,0,0,1.8,2,0,0,0,0,394
10359,500-1000,0,1,1,0,500000.0,1,0,235.2,2,0,2,0,0,394
10360,26-100,0,1,1,1,50.0,0,0,1.2,1,0,1,1,0,387
10361,26-100,0,1,1,1,50.0,0,0,1.2,1,0,0,0,0,394
10363,26-100,0,1,1,1,50.0,0,1,176.5,1,0,0,0,0,394
10365,101-500,0,1,1,0,150.0,0,1,294.1,1,0,0,0,0,0
10366,1-25,0,1,1,0,150.0,0,0,0.0,1,0,0,0,0,0
10367,1-25,0,1,1,0,150.0,0,0,1.8,1,0,0,0,0,0
10368,1-25,0,2,1,1,150.0,0,0,0.0,1,0,1,5,0,0
10372,101-500,0,1,1,1,150.0,0,0,1.8,1,0,2,0,0,0
10374,1-25,0,1,1,0,150.0,0,0,1.8,1,0,0,0,0,0
10375,1-25,0,2,1,0,150.0,0,0,0.0,1,0,0,0,0,0
10376,1-25,0,2,1,0,300.0,0,0,1.8,2,0,0,0,0,0
10377,1-25,0,1,1,0,150.0,0,0,1.8,1,0,0,0,0,392
10378,101-500,0,1,1,0,150.0,0,0,1.8,1,0,3,0,0,392
10379,1-25,0,1,1,0,150.0,0,0,1.8,1,0,0,0,0,392
10380,1-25,0,2,1,0,200.0,0,0,1.8,2,0,0,0,0,0
10381,1-25,0,1,1,0,150.0,0,0,1.8,1,0,0,0,0,392
10382,1-25,0,2,1,0,220.0,0,0,1.8,3,0,0,0,0,0
10383,26-100,0,1,1,0,50.0,0,0,1.2,1,0,0,0,0,0
10384,1-25,0,2,1,0,300.0,0,0,1.8,2,0,0,0,0,389
10385,1-25,0,2,1,0,150.0,0,0,0.0,1,0,0,0,0,0
10386,26-100,0,1,1,0,50.0,0,0,1.2,1,0,0,0,0,389
10387,500-1000,0,1,1,0,47.0,0,0,1.4,1,1,1,2,1,378
10388,101-500,0,1,1,1,50.0,0,0,1.2,1,0,0,0,0,388
10389,1-25,0,1,1,0,50.0,0,0,1.2,1,0,0,0,0,0
10390,101-500,0,1,1,0,50.0,0,0,1.2,1,0,0,0,0,388
10392,26-100,0,1,1,0,150.0,0,0,1.8,1,0,0,0,0,388
10393,101-500,0,1,1,0,150.0,0,0,1.8,1,0,0,0,0,388
10394,1-25,0,1,1,0,150.0,0,0,1.8,1,0,0,0,0,388
10395,1-25,0,1,1,0,150.0,0,0,1.8,1,0,0,0,0,0
10396,1-25,0,1,1,0,150.0,0,0,1.8,1,0,0,0,0,388
10397,1-25,0,1,1,1,772.0,0,0,1.2,1,131,17,15,77,358
10398,1-25,0,1,1,1,46.0,0,0,1.2,1,0,0,2,0,388
10400,1-25,0,1,1,1,150.0,0,0,1.8,1,0,0,0,0,388
10402,1-25,0,1,1,0,49.0,0,0,1.2,1,1,1,1,1,388
10403,1-25,0,1,1,0,500000.0,1,0,117.6,1,0,0,0,0,387
10404,1-25,0,1,1,0,50.0,0,0,1.2,1,0,0,0,0,387
10405,101-500,0,1,1,1,50.0,0,0,1.2,1,0,0,0,0,0
10407,26-100,0,1,1,1,150.0,0,0,1.8,1,0,0,0,0,0
10409,1-25,1,1,1,2,50.0,0,0,1.2,1,0,0,0,0,387
10413,26-100,0,1,1,1,50.0,0,0,1.2,1,0,0,0,0,387
10415,101-500,0,1,1,1,150.0,0,0,1.8,1,0,1,0,0,387
10417,1-25,1,1,1,0,310.0,0,1,208.2,1,0,0,0,0,387
10418,1-25,0,1,1,1,49.0,0,0,1.2,1,0,1,1,0,0
10419,1-25,0,1,1,0,50.0,0,0,1.2,3,0,0,0,0,0
10420,1-25,1,1,1,2,75.0,0,0,4.2,5,0,0,0,0,0
10423,500-1000,1,1,1,3,50.0,0,0,1.2,1,0,0,0,0,386
10425,101-500,0,1,1,1,250.0,0,0,1.8,1,0,1,1,0,0
10430,101-500,0,1,1,1,20.0,0,0,1.2,1,0,0,0,0,347
10431,1-25,0,1,1,0,49.0,0,0,1.2,1,1,1,1,1,384
10432,1-25,0,1,1,0,100.0,0,0,1.2,2,0,0,0,0,0
10435,1-25,0,2,1,0,150.0,0,0,0.0,1,0,0,0,0,0
10436,1-25,0,2,1,0,150.0,0,0,0.0,1,0,0,0,0,0
10437,1-25,0,2,1,0,150.0,0,0,0.0,1,0,0,0,0,0
10438,101-500,0,1,1,0,30.0,0,0,1.2,1,4,1,2,2,337
10439,26-100,0,1,1,0,150.0,0,0,1.8,1,1,1,1,0,382
10440,26-100,0,2,1,0,100.0,0,0,118.8,2,0,0,0,0,337
10441,101-500,0,1,1,0,150.0,0,1,294.1,1,0,0,0,0,0
10442,26-100,0,1,1,2,629.0,0,0,1.8,1,70,13,5,43,326
10444,1-25,0,1,1,1,500000.0,1,0,120.6,3,12,3,2,7,349
10445,101-500,0,1,1,0,150.0,0,0,1.8,1,0,0,0,0,0
10446,1-25,0,1,1,0,500000.0,1,0,117.6,1,0,0,0,0,379
10448,26-100,0,1,1,1,50.0,0,0,1.2,1,0,1,1,0,379
10452,101-500,0,1,1,1,150.0,0,0,1.8,1,0,0,0,0,379
10456,1-25,0,1,1,0,50.0,0,0,1.2,1,0,0,0,0,0
10457,101-500,0,1,1,0,500000.0,1,0,117.6,1,0,1,1,0,379
10459,500-1000,0,1,1,0,50.0,0,0,1.2,1,0,0,0,0,379
10460,26-100,0,1,1,0,150.0,0,0,1.8,1,1,1,0,0,0
10462,1-25,0,1,1,2,1196.0,0,0,3.0,2,183,26,20,103,329
10466,26-100,0,1,1,1,50.0,0,0,1.2,1,0,0,0,0,0
10467,1-25,0,1,1,0,828.0,0,0,0.0,1,20,4,1,11,359
10473,1-25,0,1,1,0,500000.0,1,0,117.6,1,0,0,0,0,0
10474,1-25,0,1,1,0,500000.0,1,0,235.2,2,0,3,0,0,336
10475,101-500,0,1,1,0,50.0,0,0,1.2,1,0,0,0,0,0
10476,101-500,0,1,1,0,50.0,0,0,1.2,1,0,0,0,0,0
10477,1-25,0,1,1,0,150.0,0,0,0.0,1,0,0,0,0,0
10478,1-25,0,1,1,0,50.0,0,0,0.0,1,0,0,0,0,0
10479,1-25,1,1,1,2,30.0,0,0,0.0,1,9,3,2,2,331
10481,101-500,0,1,1,0,50.0,0,0,1.2,1,0,0,0,0,361
10482,101-500,0,1,1,1,0.0,0,0,1.2,1,25,7,4,8,326
10489,101-500,0,1,1,1,500000.0,1,0,118.8,2,25,3,5,14,329
10491,500-1000,0,1,1,0,150.0,0,0,1.8,1,0,11,0,0,357
10492,More than 1000,0,1,1,1,500000.0,1,0,117.6,1,3,2,0,3,0
10495,101-500,0,1,1,0,50.0,0,1,176.5,1,0,0,0,0,0
10496,26-100,0,1,1,1,80.0,0,0,1.2,1,46,8,7,22,344
10497,26-100,0,1,1,0,50.0,0,1,176.5,1,0,0,0,0,350
10498,1-25,0,1,1,0,150.0,0,1,294.1,1,0,0,0,0,350
10499,1-25,0,1,1,1,161.0,0,0,3.0,2,14,2,2,4,332
10503,26-100,0,1,1,0,50.0,0,0,1.2,1,0,0,0,0,0
10505,1-25,0,1,1,0,50.0,0,0,1.2,1,0,0,0,0,344
10506,1-25,0,1,1,0,200.0,0,0,3.0,2,0,0,0,0,0
10507,1-25,0,1,1,0,500000.0,1,0,117.6,1,0,0,0,0,344
10508,1-25,0,1,1,0,50.0,0,1,176.5,1,0,0,0,0,344
10509,1-25,0,1,1,0,500000.0,1,1,11.8,1,0,0,0,0,344
10510,26-100,0,1,1,0,50.0,0,0,1.2,1,0,0,0,0,344
10511,26-100,0,1,1,0,500000.0,1,0,117.6,1,0,0,0,0,344
10512,101-500,0,1,1,0,50.0,0,0,1.2,1,0,0,0,0,344
10513,101-500,0,1,1,0,50.0,0,0,1.2,1,0,0,0,0,344
10514,101-500,0,1,1,0,50.0,0,0,1.2,1,0,0,0,0,344
10515,101-500,0,1,1,0,50.0,0,0,1.2,1,0,0,0,0,344
10516,1-25,0,1,1,0,50.0,0,0,0.0,1,0,0,0,0,0
10517,1-25,0,1,1,0,50.0,0,0,0.0,1,0,0,0,0,0
10518,1-25,0,1,1,0,150.0,0,0,0.0,1,0,0,1,0,340
10519,101-500,0,1,1,0,150.0,0,0,3.0,2,0,1,1,0,0
10521,1-25,0,1,1,1,500000.0,1,0,117.6,2,24,1,16,7,331
10522,1-25,0,1,1,0,50.0,0,0,0.0,1,12,1,1,0,331
10523,1-25,0,1,1,1,47.0,0,1,647.1,3,2,1,1,0,329
10524,26-100,0,1,1,0,149.0,0,1,294.1,1,1,1,1,1,330
10525,26-100,0,1,1,0,500000.0,1,1,117.6,1,1,1,1,0,330
10526,101-500,0,1,1,0,500000.0,1,0,117.6,1,9,4,3,2,0
10528,26-100,0,1,1,0,50.0,0,0,1.2,1,1,1,1,0,0
10529,1-25,0,1,1,0,35.0,0,0,1.2,1,3,1,2,3,331
10530,1-25,0,1,1,0,147.0,0,0,0.0,1,3,3,5,1,0
10531,26-100,0,1,1,0,50.0,0,0,1.2,1,0,0,0,0,330
10533,1-25,0,1,1,0,49.0,0,0,0.0,1,2,2,2,1,0
10536,1-25,0,1,1,0,48.0,0,0,0.0,1,2,1,1,2,326
