catcher_id,subscription_amount,credit_given,currency_val,times_of_subscription
899,0.0,0,1.0,2
900,0.0,0,1.0,8
901,0.0,0,1.0,4
903,0.0,0,1.0,6
904,0.0,0,1.0,6
905,0.0,0,1.0,6
907,0.0,0,1.0,6
910,99.0,0,1.0,6
898,0.0,0,1.0,1
908,0.0,0,1.0,2
910,0.0,0,1.0,6
92,0.0,0,1.0,2
106,0.0,0,1.0,1
124,0.0,0,1.0,1
125,0.0,0,1.0,1
126,0.0,0,1.0,1
127,0.0,0,1.0,1
128,0.0,0,1.0,1
129,0.0,0,1.0,1
130,0.0,0,1.0,1
131,0.0,0,1.0,1
132,0.0,0,1.0,1
133,0.0,0,1.0,1
134,0.0,0,1.0,1
135,0.0,0,1.0,1
136,0.0,0,1.0,1
137,0.0,0,1.0,1
138,0.0,0,1.0,1
139,0.0,0,1.0,1
141,0.0,0,1.0,1
143,0.0,0,1.0,1
144,0.0,0,1.0,1
148,0.0,0,1.0,1
151,0.0,0,1.0,2
159,0.0,0,1.0,1
252,0.0,0,1.0,1
256,0.0,0,1.0,1
260,0.0,0,1.0,1
262,0.0,0,1.0,1
263,0.0,0,1.0,1
264,0.0,0,1.0,1
265,0.0,0,1.0,1
266,0.0,0,1.0,1
267,0.0,0,1.0,1
268,0.0,0,1.0,1
269,0.0,0,1.0,1
270,0.0,0,1.0,1
271,0.0,0,1.0,1
272,0.0,0,1.0,1
273,0.0,0,1.0,1
274,0.0,0,1.0,1
275,0.0,0,1.0,1
276,0.0,0,1.0,1
277,0.0,0,1.0,1
278,0.0,0,1.0,1
279,0.0,0,1.0,1
280,0.0,0,1.0,1
281,0.0,0,1.0,1
282,0.0,0,1.0,1
283,0.0,0,1.0,1
284,0.0,0,1.0,1
286,0.0,0,1.0,1
288,0.0,0,1.0,1
294,0.0,0,1.0,1
297,0.0,0,1.0,1
298,0.0,0,1.0,1
299,0.0,0,1.0,1
303,0.0,0,1.0,1
307,0.0,0,1.0,1
308,0.0,0,1.0,1
309,0.0,0,1.0,1
310,0.0,0,1.0,1
313,0.0,0,1.0,1
314,0.0,0,1.0,1
315,0.0,0,1.0,1
318,0.0,0,1.0,1
319,0.0,0,1.0,1
321,0.0,0,1.0,1
322,0.0,0,1.0,1
326,0.0,0,1.0,1
327,0.0,0,1.0,1
328,0.0,0,1.0,1
329,0.0,0,1.0,1
330,0.0,0,1.0,1
331,0.0,0,1.0,1
333,0.0,0,1.0,1
335,0.0,0,1.0,1
336,0.0,0,1.0,1
337,0.0,0,1.0,1
352,0.0,0,1.0,1
353,0.0,0,1.0,1
355,0.0,0,1.0,1
356,0.0,0,1.0,1
359,0.0,0,1.0,1
360,0.0,0,1.0,1
363,0.0,0,1.0,1
372,0.0,0,1.0,1
373,0.0,0,1.0,1
379,0.0,0,1.0,1
384,0.0,0,1.0,1
385,0.0,0,1.0,1
387,0.0,0,1.0,1
389,0.0,0,1.0,1
392,0.0,0,1.0,1
395,0.0,0,1.0,1
396,0.0,0,1.0,1
404,0.0,0,1.0,1
414,0.0,0,1.0,1
427,0.0,0,1.0,1
428,0.0,0,1.0,1
431,0.0,0,1.0,1
433,0.0,0,1.0,1
434,0.0,0,1.0,1
437,0.0,0,1.0,1
440,0.0,0,1.0,1
443,0.0,0,1.0,1
446,0.0,0,1.0,3
447,0.0,0,1.0,1
456,0.0,0,1.0,1
457,0.0,0,1.0,1
466,0.0,0,1.0,1
467,0.0,0,1.0,1
476,0.0,0,1.0,1
481,0.0,0,1.0,1
482,0.0,0,1.0,1
488,0.0,0,1.0,1
500,0.0,0,1.0,1
504,0.0,0,1.0,1
508,0.0,0,1.0,1
514,0.0,0,1.0,1
516,0.0,0,1.0,1
518,0.0,0,1.0,1
521,0.0,0,1.0,1
527,0.0,0,1.0,1
528,0.0,0,1.0,1
530,0.0,0,1.0,1
531,0.0,0,1.0,1
532,0.0,0,1.0,1
533,0.0,0,1.0,1
546,0.0,0,1.0,1
549,0.0,0,1.0,1
551,0.0,0,1.0,1
552,0.0,0,1.0,1
553,0.0,0,1.0,1
554,0.0,0,1.0,1
555,0.0,0,1.0,1
556,0.0,0,1.0,1
560,0.0,0,1.0,1
561,0.0,0,1.0,1
565,0.0,0,1.0,1
566,0.0,0,1.0,1
567,0.0,0,1.0,1
568,0.0,0,1.0,1
569,0.0,0,1.0,1
570,0.0,0,1.0,1
571,0.0,0,1.0,1
572,0.0,0,1.0,1
573,0.0,0,1.0,1
574,0.0,0,1.0,1
579,0.0,0,1.0,1
580,0.0,0,1.0,1
581,0.0,0,1.0,2
582,0.0,0,1.0,1
583,0.0,0,1.0,1
584,0.0,0,1.0,1
585,0.0,0,1.0,1
586,0.0,0,1.0,1
587,0.0,0,1.0,1
588,0.0,0,1.0,1
589,0.0,0,1.0,1
590,0.0,0,1.0,1
591,0.0,0,1.0,1
592,0.0,0,1.0,1
593,0.0,0,1.0,1
594,0.0,0,1.0,1
595,0.0,0,1.0,1
596,0.0,0,1.0,1
597,0.0,0,1.0,1
598,0.0,0,1.0,1
599,0.0,0,1.0,1
601,0.0,0,1.0,1
602,0.0,0,1.0,1
603,0.0,0,1.0,1
605,0.0,0,1.0,1
606,0.0,0,1.0,1
607,0.0,0,1.0,1
608,0.0,0,1.0,1
609,0.0,0,1.0,1
610,0.0,0,1.0,1
611,0.0,0,1.0,1
612,0.0,0,1.0,1
614,0.0,0,1.0,1
615,0.0,0,1.0,1
616,0.0,0,1.0,1
619,0.0,0,1.0,1
621,0.0,0,1.0,1
623,0.0,0,1.0,1
625,0.0,0,1.0,1
626,0.0,0,1.0,1
630,0.0,0,1.0,1
631,0.0,0,1.0,1
633,0.0,0,1.0,1
634,0.0,0,1.0,1
635,0.0,0,1.0,1
636,0.0,0,1.0,1
637,0.0,0,1.0,1
638,0.0,0,1.0,1
639,0.0,0,1.0,1
641,0.0,0,1.0,1
642,0.0,0,1.0,1
643,0.0,0,1.0,1
644,0.0,0,1.0,1
645,0.0,0,1.0,1
649,0.0,0,1.0,1
650,0.0,0,1.0,1
651,0.0,0,1.0,1
652,0.0,0,1.0,1
653,0.0,0,1.0,1
654,0.0,0,1.0,1
655,0.0,0,1.0,1
656,0.0,0,1.0,1
657,0.0,0,1.0,1
658,0.0,0,1.0,1
659,0.0,0,1.0,1
660,0.0,0,1.0,1
664,0.0,0,1.0,1
668,0.0,0,1.0,1
675,0.0,0,1.0,1
687,0.0,0,1.0,1
688,0.0,0,1.0,1
692,0.0,0,1.0,1
707,0.0,0,1.0,1
708,0.0,0,1.0,1
709,0.0,0,1.0,1
710,0.0,0,1.0,1
724,0.0,0,1.0,1
725,0.0,0,1.0,1
726,0.0,0,1.0,1
728,0.0,0,1.0,1
730,0.0,0,1.0,1
731,0.0,0,1.0,1
732,0.0,0,1.0,1
737,0.0,0,1.0,1
741,0.0,0,1.0,1
742,0.0,0,1.0,1
746,0.0,0,1.0,1
749,0.0,0,1.0,1
755,0.0,0,1.0,1
758,0.0,0,1.0,1
759,0.0,0,1.0,1
760,0.0,0,1.0,1
761,0.0,0,1.0,1
763,0.0,0,1.0,1
764,0.0,0,1.0,1
767,0.0,0,1.0,1
768,0.0,0,1.0,1
769,0.0,0,1.0,1
771,0.0,0,1.0,1
772,0.0,0,1.0,1
773,0.0,0,1.0,1
774,0.0,0,1.0,1
775,0.0,0,1.0,1
778,0.0,0,1.0,1
780,0.0,0,1.0,1
781,0.0,0,1.0,1
782,0.0,0,1.0,1
783,0.0,0,1.0,1
784,0.0,0,1.0,1
785,0.0,0,1.0,1
788,0.0,0,1.0,1
789,0.0,0,1.0,1
790,0.0,0,1.0,1
791,0.0,0,1.0,1
792,0.0,0,1.0,1
793,0.0,0,1.0,1
794,0.0,0,1.0,1
795,0.0,0,1.0,1
796,0.0,0,1.0,1
799,0.0,0,1.0,1
800,0.0,0,1.0,1
801,0.0,0,1.0,1
802,0.0,0,1.0,1
803,0.0,0,1.0,1
804,0.0,0,1.0,1
805,0.0,0,1.0,1
806,0.0,0,1.0,1
808,0.0,0,1.0,1
814,0.0,0,1.0,1
815,0.0,0,1.0,1
816,0.0,0,1.0,1
817,0.0,0,1.0,1
818,0.0,0,1.0,1
819,0.0,0,1.0,1
821,0.0,0,1.0,1
822,0.0,0,1.0,1
823,0.0,0,1.0,1
824,0.0,0,1.0,1
825,0.0,0,1.0,1
826,0.0,0,1.0,1
827,0.0,0,1.0,1
828,0.0,0,1.0,1
829,0.0,0,1.0,1
830,0.0,0,1.0,1
832,0.0,0,1.0,1
833,0.0,0,1.0,1
834,0.0,0,1.0,1
837,0.0,0,1.0,1
838,0.0,0,1.0,1
839,0.0,0,1.0,1
840,0.0,0,1.0,1
841,0.0,0,1.0,1
842,0.0,0,1.0,1
843,0.0,0,1.0,1
844,0.0,0,1.0,1
845,0.0,0,1.0,1
847,0.0,0,1.0,1
851,0.0,0,1.0,1
852,0.0,0,1.0,1
853,0.0,0,1.0,1
855,0.0,0,1.0,1
859,0.0,0,1.0,1
8713,0.0,0,1.0,5
876,0.0,0,1.0,1
877,0.0,0,1.0,1
878,0.0,0,1.0,1
886,0.0,0,1.0,1
888,0.0,0,1.0,1
889,0.0,0,1.0,1
895,0.0,0,1.0,1
913,99.0,0,1.0,1
914,99.0,0,1.0,1
915,99.0,0,1.0,1
918,99.0,0,1.0,1
919,99.0,0,1.0,1
920,99.0,0,1.0,1
921,99.0,0,1.0,1
922,99.0,0,1.0,11
923,99.0,0,1.0,4
929,0.0,0,1.0,1
930,0.0,0,1.0,1
932,0.0,0,1.0,1
933,0.0,0,1.0,1
935,0.0,0,1.0,2
936,0.0,0,1.0,1
935,99.0,0,1.0,2
937,0.0,0,1.0,1
938,0.0,0,1.0,1
939,0.0,0,1.0,1
940,0.0,0,1.0,3
941,99.0,0,1.0,1
942,99.0,0,1.0,4
8713,99.0,0,1.0,5
943,99.0,0,1.0,1
945,99.0,0,1.0,1
953,99.0,0,1.0,1
954,99.0,0,1.0,1
955,99.0,0,1.0,1
956,99.0,0,1.0,1
940,99.0,0,1.0,3
958,99.0,0,1.0,1
959,99.0,0,1.0,1
963,0.0,0,1.0,1
977,0.0,0,1.0,1
980,0.0,0,1.0,1
982,99.0,0,1.0,1
908,99.0,0,1.0,2
984,99.0,0,1.0,1
986,99.0,0,1.0,1
987,99.0,0,1.0,1
989,99.0,0,1.0,1
1000,99.0,0,1.0,1
1002,99.0,0,1.0,1
1004,99.0,0,1.0,1
1001,99.0,0,1.0,1
1003,99.0,0,1.0,1
1005,99.0,0,1.0,1
1006,99.0,0,1.0,1
1007,99.0,0,1.0,1
1009,99.0,0,1.0,1
1010,99.0,0,1.0,1
1011,99.0,0,1.0,1
1012,99.0,0,1.0,1
1013,99.0,0,1.0,4
1014,0.0,0,1.0,1
1015,99.0,0,1.0,1
1017,99.0,0,1.0,1
1018,99.0,0,1.0,4
1020,99.0,0,1.0,10
1019,99.0,0,1.0,6
1021,99.0,0,1.0,1
1022,99.0,0,1.0,1
1023,99.0,0,1.0,1
1024,99.0,0,1.0,2
1025,99.0,0,1.0,24
1026,99.0,0,1.0,1
1027,99.0,0,1.0,2
1028,99.0,0,1.0,1
1029,99.0,0,1.0,1
1030,99.0,0,1.0,1
1033,99.0,0,1.0,3
1034,99.0,0,1.0,1
1035,99.0,0,1.0,1
1036,99.0,0,1.0,1
1037,99.0,0,1.0,1
1038,99.0,0,1.0,1
1039,99.0,0,1.0,1
871,99.0,0,1.0,8
1040,99.0,0,1.0,1
1041,99.0,0,1.0,1
1042,99.0,0,1.0,3
1044,0.0,0,1.0,5
1044,111.0,0,1.0,5
1045,0.0,0,1.0,3
1045,99.0,0,1.0,3
1047,99.0,0,1.0,1
1048,0.0,0,1.0,4
1048,99.0,0,1.0,4
1048,111.0,0,1.0,4
1048,333.0,0,1.0,4
1049,99.0,0,1.0,5
1051,0.0,0,1.0,1
1049,0.0,0,1.0,5
1057,0.0,0,1.0,2
1057,50.0,0,1.0,2
1058,99.0,0,1.0,1
1044,99.0,0,1.0,5
1059,0.0,0,1.0,1
1060,99.0,0,1.0,1
1061,0.0,0,1.0,1
1062,0.0,0,1.0,2
1063,0.0,0,1.0,1
1064,99.0,0,1.0,1
1065,99.0,0,1.0,1
1066,99.0,0,1.0,1
1067,99.0,0,1.0,1
1068,99.0,0,1.0,1
1069,99.0,0,1.0,1
1070,99.0,0,1.0,1
1071,99.0,0,1.0,1
1072,99.0,0,1.0,1
1073,99.0,0,1.0,1
1074,99.0,0,1.0,1
1081,99.0,0,1.0,1
1082,99.0,0,1.0,1
1083,99.0,0,1.0,1
1084,99.0,0,1.0,1
1085,99.0,0,1.0,1
1086,99.0,0,1.0,1
1087,99.0,0,1.0,1
1088,99.0,0,1.0,1
1089,99.0,0,1.0,1
1090,99.0,0,1.0,1
1091,99.0,0,1.0,1
1092,99.0,0,1.0,1
1093,99.0,0,1.0,1
1094,99.0,0,1.0,1
1095,99.0,0,1.0,1
1096,99.0,0,1.0,1
1097,99.0,0,1.0,1
1098,99.0,0,1.0,1
1099,99.0,0,1.0,1
1100,99.0,0,1.0,1
1101,99.0,0,1.0,1
1102,99.0,0,1.0,1
1103,99.0,0,1.0,1
1104,99.0,0,1.0,1
1105,99.0,0,1.0,1
1107,99.0,0,1.0,1
1109,99.0,0,1.0,1
1110,99.0,0,1.0,1
1111,99.0,0,1.0,1
1112,99.0,0,1.0,1
1113,99.0,0,1.0,1
1114,99.0,0,1.0,1
1115,99.0,0,1.0,1
1116,99.0,0,1.0,1
1117,99.0,0,1.0,1
1118,99.0,0,1.0,1
1119,99.0,0,1.0,1
1120,99.0,0,1.0,1
1121,99.0,0,1.0,1
1122,99.0,0,1.0,1
1123,99.0,0,1.0,1
1124,99.0,0,1.0,1
1125,99.0,0,1.0,1
1126,99.0,0,1.0,1
1127,99.0,0,1.0,1
1128,99.0,0,1.0,1
1130,99.0,0,1.0,1
1131,99.0,0,1.0,1
1132,99.0,0,1.0,1
1133,99.0,0,1.0,1
1134,99.0,0,1.0,1
1135,99.0,0,1.0,1
1137,99.0,0,1.0,1
1138,99.0,0,1.0,1
1139,99.0,0,1.0,1
1140,99.0,0,1.0,1
1141,99.0,0,1.0,1
1142,99.0,0,1.0,1
1143,99.0,0,1.0,1
1144,99.0,0,1.0,1
1145,99.0,0,1.0,1
1146,99.0,0,1.0,4
1147,99.0,0,1.0,2
1148,99.0,0,1.0,1
1149,99.0,0,1.0,4
1150,99.0,0,1.0,5
1151,99.0,0,1.0,1
1152,99.0,0,1.0,1
1153,99.0,0,1.0,1
1154,99.0,0,1.0,1
1155,99.0,0,1.0,1
1156,99.0,0,1.0,2
1157,99.0,0,1.0,1
1158,99.0,0,1.0,1
1159,99.0,0,1.0,1
1160,99.0,0,1.0,1
1161,99.0,0,1.0,1
1162,99.0,0,1.0,1
1163,99.0,0,1.0,1
1164,99.0,0,1.0,1
1165,99.0,0,1.0,1
1166,99.0,0,1.0,1
1167,99.0,0,1.0,1
1168,99.0,0,1.0,1
1169,99.0,0,1.0,1
1170,0.0,0,1.0,1
1171,0.0,0,1.0,1
1172,0.0,0,1.0,1
1174,0.0,0,1.0,1
1177,0.0,0,1.0,1
1178,0.0,0,1.0,1
1179,99.0,0,1.0,1
1181,99.0,0,1.0,1
1182,99.0,0,1.0,1
1183,99.0,0,1.0,1
1184,99.0,0,1.0,1
1185,0.0,0,1.0,1
1186,99.0,0,1.0,1
1187,0.0,0,1.0,1
1188,0.0,0,1.0,1
1189,99.0,0,1.0,1
1190,0.0,0,1.0,1
1191,0.0,0,1.0,1
1192,0.0,0,1.0,1
1193,99.0,0,1.0,1
1195,99.0,0,1.0,1
1196,99.0,0,1.0,1
1197,99.0,0,1.0,1
1198,99.0,0,1.0,1
1199,99.0,0,1.0,1
1200,99.0,0,1.0,1
1201,99.0,0,1.0,1
1202,99.0,0,1.0,1
1203,99.0,0,1.0,1
1204,99.0,0,1.0,2
1205,99.0,0,1.0,1
1206,99.0,0,1.0,1
1207,99.0,0,1.0,1
1208,99.0,0,1.0,1
1209,99.0,0,1.0,15
1210,99.0,0,1.0,1
1211,99.0,0,1.0,1
1214,99.0,0,1.0,1
1215,99.0,0,1.0,1
1221,99.0,0,1.0,1
1222,99.0,0,1.0,1
1129,99.0,0,1.0,2
1233,99.0,0,1.0,1
1235,99.0,0,1.0,2
1236,99.0,0,1.0,1
1237,99.0,0,1.0,1
1238,99.0,0,1.0,1
1239,99.0,0,1.0,1
1240,99.0,0,1.0,1
1242,99.0,0,1.0,1
1243,99.0,0,1.0,1
1244,99.0,0,1.0,1
1246,99.0,0,1.0,1
1247,99.0,0,1.0,1
1248,99.0,0,1.0,1
1249,99.0,0,1.0,1
1250,99.0,0,1.0,1
1251,99.0,0,1.0,1
1252,99.0,0,1.0,1
1253,99.0,0,1.0,2
1254,99.0,0,1.0,1
1255,99.0,0,1.0,1
1257,99.0,0,1.0,1
1258,99.0,0,1.0,1
1259,99.0,0,1.0,1
1261,99.0,0,1.0,1
1062,99.0,0,1.0,2
1268,99.0,0,1.0,1
1269,99.0,0,1.0,1
1271,99.0,0,1.0,1
1273,99.0,0,1.0,1
1275,99.0,0,1.0,1
1276,99.0,0,1.0,11
1278,99.0,0,1.0,1
1280,99.0,0,1.0,1
1281,99.0,0,1.0,1
1282,99.0,0,1.0,1
1283,99.0,0,1.0,1
1284,99.0,0,1.0,1
1285,99.0,0,1.0,1
1286,99.0,0,1.0,1
1287,99.0,0,1.0,1
1288,99.0,0,1.0,1
1289,99.0,0,1.0,1
1290,99.0,0,1.0,1
1291,99.0,0,1.0,1
1292,99.0,0,1.0,1
1293,0.0,0,1.0,1
1295,99.0,0,1.0,1
1303,99.0,0,1.0,1
1304,99.0,0,1.0,1
1305,0.0,0,1.0,1
1307,0.0,0,1.0,1
1308,0.0,0,1.0,1
1309,0.0,0,1.0,1
1310,99.0,0,1.0,1
1312,0.0,0,1.0,1
1313,99.0,0,1.0,1
1314,99.0,0,1.0,1
1316,99.0,0,1.0,1
1341,99.0,0,1.0,1
1342,99.0,0,1.0,1
1343,99.0,0,1.0,1
1344,99.0,0,1.0,1
1345,99.0,0,1.0,1
1346,99.0,0,1.0,1
1347,99.0,0,1.0,1
1348,99.0,0,1.0,1
1350,99.0,0,1.0,1
1351,99.0,0,1.0,1
1352,99.0,0,1.0,1
1353,99.0,0,1.0,1
1354,99.0,0,1.0,1
1355,99.0,0,1.0,1
1356,99.0,0,1.0,1
903,99.0,0,1.0,6
904,99.0,0,1.0,6
905,99.0,0,1.0,6
1357,99.0,0,1.0,1
1358,99.0,0,1.0,1
1359,99.0,0,1.0,1
907,99.0,0,1.0,6
1361,0.0,0,1.0,1
1363,99.0,0,1.0,1
1364,0.0,0,1.0,2
1364,99.0,0,1.0,2
1365,99.0,0,1.0,1
1366,0.0,0,1.0,1
1367,99.0,0,1.0,1
1368,99.0,0,1.0,1
1369,99.0,0,1.0,1
1372,99.0,0,1.0,3
1373,99.0,0,1.0,1
1375,0.0,0,70.75,1
1376,0.0,0,70.68,1
1377,99.0,0,1.0,1
1371,99.0,0,1.0,12
1394,99.0,0,70.69,1
1395,99.0,0,1.0,1
1396,99.0,0,1.0,1
1400,99.0,0,1.0,1
1401,99.0,0,1.0,1
1402,99.0,0,1.0,1
1403,99.0,0,1.0,1
1404,99.0,0,1.0,1
1405,99.0,0,1.0,1
1406,99.0,0,1.0,4
1407,99.0,0,1.0,1
1408,99.0,0,1.0,1
1409,99.0,0,1.0,1
1410,99.0,0,1.0,5
1411,99.0,0,1.0,1
1412,99.0,0,1.0,1
1413,99.0,0,1.0,1
1414,99.0,0,1.0,1
1417,0.0,0,69.75,1
1418,0.0,0,69.75,1
1419,0.0,0,69.75,1
1420,0.0,0,1.0,1
1421,0.0,0,1.0,1
1422,99.0,0,1.0,1
1423,0.0,0,1.0,1
1424,0.0,0,1.0,1
1425,0.0,0,1.0,1
1426,0.0,0,1.0,1
1427,0.0,0,1.0,1
1428,0.0,0,1.0,1
1429,0.0,0,1.0,1
1430,0.0,0,70.01,1
1431,99.0,0,1.0,1
1432,99.0,0,1.0,1
1433,0.0,0,1.0,1
1434,0.0,0,1.0,1
1435,99.0,0,1.0,1
1436,99.0,0,1.0,1
1437,99.0,0,1.0,1
1438,99.0,0,1.0,1
1439,99.0,0,1.0,1
1440,99.0,0,1.0,1
1441,0.0,0,1.0,1
1443,99.0,0,1.0,1
1444,0.0,0,1.0,1
1445,99.0,0,1.0,1
1446,0.0,0,70.5,1
1447,0.0,0,70.5,1
1448,0.0,0,70.47,1
1449,99.0,0,1.0,1
1450,99.0,0,1.0,1
1451,99.0,0,1.0,1
1452,0.0,0,70.54,1
1453,0.0,0,70.54,1
1454,0.0,0,1.0,1
1455,0.0,0,70.5,1
1458,0.0,0,71.02,1
1459,0.0,0,71.02,1
1460,0.0,0,70.96,1
1461,0.0,0,70.96,1
1462,0.0,0,70.96,1
1463,0.0,0,70.82,1
1464,0.0,0,70.86,1
1465,0.0,0,70.86,1
1466,0.0,0,1.0,1
1467,0.0,0,70.89,1
1468,99.0,0,1.0,1
1469,0.0,0,70.65,1
1470,0.0,0,1.0,3
1471,0.0,0,1.0,1
1472,0.0,0,71.38,4
1472,0.0,0,1.0,4
1406,122.0,0,1.0,4
1477,99.0,0,1.0,1
1478,99.0,0,1.0,1
1479,99.0,0,71.38,1
1480,99.0,0,1.0,1
1481,99.0,0,1.0,1
1482,99.0,0,1.0,1
1483,99.0,0,1.0,1
1484,0.0,0,71.87,1
1485,0.0,0,71.87,1
1487,99.0,0,1.0,1
1488,99.0,0,1.0,1
1489,99.0,0,1.0,1
1490,0.0,0,1.0,3
1520,99.0,0,1.0,1
1525,99.0,0,1.0,2
1528,0.0,0,70.2,1
1547,0.0,0,1.0,1
1276,199.0,0,1.0,11
1406,199.0,0,1.0,4
1582,199.0,0,1.0,1
1583,199.0,0,1.0,1
1584,199.0,0,1.0,2
1585,199.0,0,1.0,1
1586,199.0,0,1.0,1
1587,199.0,0,1.0,1
1589,0.0,0,71.03,1
1592,199.0,0,1.0,1
1593,199.0,0,1.0,1
1594,199.0,0,1.0,1
1595,0.0,0,71.19,1
1598,0.0,0,71.21,1
1599,199.0,0,1.0,1
1600,0.0,0,71.27,1
1602,199.0,0,1.0,1
1603,199.0,0,1.0,1
1605,199.0,0,1.0,1
1606,199.0,0,1.0,1
1607,199.0,0,1.0,1
1608,199.0,0,1.0,1
1609,199.0,0,1.0,1
1610,199.0,0,1.0,1
1611,199.0,0,1.0,1
1612,199.0,0,1.0,1
1613,199.0,0,1.0,1
1614,199.0,0,1.0,1
1615,199.0,0,1.0,1
1616,199.0,0,1.0,1
1617,199.0,0,1.0,1
1618,0.0,0,71.15,1
1619,199.0,0,1.0,1
1620,199.0,0,1.0,1
1621,199.0,0,1.0,1
1627,199.0,0,1.0,1
1636,199.0,0,1.0,1
1637,199.0,0,1.0,1
1638,0.0,0,1.0,1
1639,0.0,0,1.0,1
1640,199.0,0,1.0,1
1641,199.0,0,1.0,1
1642,199.0,0,1.0,1
1643,0.0,0,71.18,1
1644,199.0,0,1.0,1
1645,0.0,0,71.18,1
1646,199.0,0,1.0,1
1647,199.0,0,1.0,1
1653,0.0,0,70.92,1
1655,199.0,0,1.0,3
1657,0.0,0,1.0,1
1655,100.0,0,1.0,3
1655,50.0,0,1.0,3
1658,199.0,0,1.0,1
1660,199.0,0,1.0,1
1661,0.0,0,70.86,1
1670,0.0,0,70.89,1
1674,199.0,0,1.0,1
1683,199.0,0,1.0,1
1684,199.0,0,1.0,1
1490,199.0,0,1.0,3
1691,199.0,0,1.0,1
1692,199.0,0,1.0,16
1693,199.0,0,1.0,1
1371,199.0,0,1.0,12
1697,199.0,0,1.0,1
1700,199.0,0,1.0,1
1702,199.0,0,1.0,1
1703,199.0,0,1.0,1
1705,0.0,0,68.54,1
1706,0.0,0,68.54,1
1710,199.0,0,1.0,1
1713,199.0,0,1.0,1
1715,199.0,0,1.0,1
1717,199.0,0,1.0,1
1719,0.0,0,69.18,1
1722,199.0,0,1.0,1
1724,199.0,0,1.0,1
1725,199.0,0,1.0,1
1726,199.0,0,1.0,1
1727,0.0,0,1.0,1
1728,199.0,0,1.0,1
1729,0.0,0,1.0,1
1730,199.0,0,1.0,1
1742,199.0,0,1.0,1
1743,0.0,0,1.0,3
1743,100.0,0,1.0,3
1745,199.0,0,1.0,1
1746,0.0,0,1.0,1
1748,199.0,0,1.0,1
1762,0.0,0,1.0,1
1763,0.0,0,1.0,1
1766,199.0,0,1.0,1
1769,199.0,0,1.0,1
1770,0.0,0,1.0,1
1774,0.0,0,1.0,1
1776,199.0,0,1.0,1
1778,199.0,0,1.0,1
1781,199.0,0,1.0,1
1782,199.0,0,1.0,1
1785,199.0,0,1.0,1
1787,0.0,0,1.0,1
1796,199.0,0,1.0,1
1800,199.0,0,1.0,1
1801,199.0,0,1.0,1
1802,199.0,0,1.0,1
1810,199.0,0,1.0,1
1811,199.0,0,1.0,1
1828,199.0,0,1.0,2
1839,0.0,0,1.0,10
1841,199.0,0,1.0,1
1842,199.0,0,1.0,2
1843,199.0,0,1.0,1
1850,199.0,0,1.0,1
1851,199.0,0,1.0,1
1852,199.0,0,1.0,1
1853,199.0,0,1.0,1
1854,199.0,0,1.0,1
1856,0.0,0,1.0,1
1858,0.0,0,1.0,1
1859,0.0,0,1.0,2
1859,99.0,0,1.0,2
1867,199.0,0,1.0,1
1868,0.0,0,1.0,1
1870,0.0,0,1.0,1
1873,199.0,0,1.0,238
1876,0.0,0,1.0,1
1204,199.0,0,1.0,2
1877,0.0,0,1.0,1
1878,199.0,0,1.0,2
1883,199.0,0,1.0,4
1873,10.0,0,1.0,238
1883,20.0,0,1.0,4
1692,100.0,0,1.0,16
1883,466.0,0,1.0,4
1873,1.0,0,1.0,238
1885,0.0,0,1.0,3
1885,1.0,0,1.0,3
1888,199.0,0,1.0,17
1888,1.0,0,1.0,17
1888,2.0,0,1.0,17
1888,10.0,0,1.0,17
1888,3.0,0,1.0,17
1889,199.0,0,1.0,4
1889,1.0,0,1.0,4
1888,4.0,0,1.0,17
1890,0.0,0,1.0,14
1890,10.0,0,1.0,14
1890,1.0,0,1.0,14
1890,122.0,0,1.0,14
1890,66.0,0,1.0,14
1890,12.0,0,1.0,14
1891,199.0,0,1.0,13
1891,1.0,0,1.0,13
1891,10.0,0,1.0,13
1891,2.0,0,1.0,13
1891,3.0,0,1.0,13
1891,4.0,0,1.0,13
1891,5.0,0,1.0,13
1891,6.0,0,1.0,13
1828,1.0,0,1.0,2
1878,100.0,0,1.0,2
1895,0.0,0,1.0,1
1896,0.0,0,1.0,1
1897,199.0,0,1.0,2
1897,22.0,0,1.0,2
1873,122.0,0,1.0,238
1900,199.0,0,1.0,1
1903,10.0,0,1.0,1
1904,10.0,0,1.0,1
1906,66.0,0,1.0,1
1907,66.0,0,1.0,1
1909,1.0,0,1.0,1
1910,344.0,0,1.0,1
1911,0.0,0,1.0,1
1912,0.0,0,1.0,1
1913,0.0,0,1.0,1
1914,10.0,0,1.0,1
1915,120.0,0,1.0,1
1916,120.0,0,1.0,1
1917,30.0,0,1.0,1
1873,20.0,0,1.0,238
1692,66.0,0,1.0,16
1918,0.0,0,1.0,1
1919,10.0,0,1.0,1
1920,0.0,0,1.0,1
1921,0.0,0,1.0,1
1922,0.0,0,1.0,1
1923,0.0,0,1.0,1
1924,199.0,0,1.0,2
1873,36.0,0,1.0,238
1925,0.0,0,1.0,1
1926,0.0,0,1.0,1
1927,0.0,0,1.0,3
1927,199.0,0,1.0,3
1928,199.0,0,1.0,1
1929,0.0,0,1.0,1
1930,10.0,0,1.0,2
1931,0.0,0,1.0,1
1873,56.0,0,1.0,238
1933,0.0,0,1.0,1
1930,60.0,0,1.0,2
1934,199.0,0,1.0,1
1692,10.0,0,1.0,16
1935,199.0,0,1.0,1
1936,10.0,0,1.0,1
1942,10.0,0,1.0,1
1943,0.0,0,1.0,1
1946,199.0,0,1.0,1
1955,199.0,0,1.0,1
1956,0.0,0,1.0,2
1960,199.0,0,1.0,1
1956,199.0,0,1.0,2
1968,199.0,0,1.0,1
1986,1.0,0,1.0,1
1988,199.0,0,1.0,1
2009,199.0,0,1.0,1
2010,100.0,0,1.0,1
2011,1.0,0,1.0,1
2012,60.0,0,1.0,1
2013,40.0,0,1.0,1
2017,40.0,0,1.0,5
2017,199.0,0,1.0,5
2017,100.0,0,1.0,5
2021,199.0,0,1.0,1
581,199.0,0,1.0,2
2024,0.0,0,1.0,1
2026,199.0,0,1.0,1
2027,199.0,0,1.0,3
2028,10.0,0,1.0,1
2031,199.0,0,1.0,2
2032,12.0,0,1.0,3
2032,199.0,0,1.0,3
2031,1000.0,0,1.0,2
2039,12.0,0,1.0,1
2041,199.0,0,1.0,1
2042,199.0,0,1.0,1
2045,199.0,0,1.0,1
2046,199.0,0,1.0,2
2055,199.0,0,1.0,1
2056,199.0,0,1.0,1
2057,199.0,0,1.0,1
2071,10.0,0,1.0,1
2090,10.0,0,1.0,1
2095,199.0,0,1.0,1
2096,199.0,0,1.0,1
2097,199.0,0,1.0,1
2098,10.0,0,1.0,1
2103,10.0,0,1.0,1
2107,0.0,0,1.0,1
2110,199.0,0,1.0,1
2111,10.0,0,1.0,1
2112,150.0,0,1.0,1
2113,199.0,0,1.0,1
2114,199.0,0,1.0,1
2115,150.0,0,1.0,1
2116,199.0,0,1.0,1
2117,150.0,0,1.0,1
2118,200.0,0,1.0,1
2120,0.0,0,1.0,1
2121,0.0,0,1.0,1
2122,0.0,0,1.0,1
2123,150.0,0,1.0,1
2124,0.0,0,1.0,1
2125,150.0,0,1.0,1
2126,150.0,0,1.0,1
2127,0.0,0,1.0,1
2128,0.0,0,1.0,1
2129,211.0,0,1.0,1
2130,199.0,0,1.0,1
2131,0.0,0,1.0,1
2132,0.0,0,1.0,1
2133,199.0,0,1.0,1
2134,199.0,0,1.0,1
2135,200.0,0,1.0,1
2136,10.0,0,1.0,1
2137,200.0,0,1.0,1
2138,10.0,0,1.0,1
2139,200.0,0,1.0,1
2140,200.0,0,1.0,1
2141,10.0,0,1.0,1
2142,200.0,0,1.0,1
2143,200.0,0,1.0,1
2145,199.0,0,1.0,1
2046,150.0,0,1.0,2
2153,199.0,0,1.0,1
2154,0.0,0,1.0,3
2154,199.0,0,1.0,3
2155,0.0,0,1.0,1
2156,199.0,0,1.0,1
2157,199.0,0,1.0,1
2168,199.0,0,1.0,2
2168,1000.0,0,1.0,2
2169,199.0,0,1.0,13
2170,0.0,0,1.0,1
2171,199.0,0,1.0,1
2172,0.0,0,1.0,1
2173,0.0,0,1.0,1
2174,0.0,0,1.0,1
2175,199.0,0,1.0,1
2178,0.0,0,1.0,3
2178,10.0,0,1.0,3
2181,199.0,0,1.0,1
2182,0.0,0,1.0,1
2183,0.0,0,1.0,1
2184,199.0,0,1.0,1
2185,0.0,0,1.0,1
2186,199.0,0,1.0,1
2187,199.0,0,1.0,1
2188,199.0,0,1.0,7
2188,10.0,0,1.0,7
2188,20.0,0,1.0,7
2188,30.0,0,1.0,7
2189,0.0,0,1.0,3
2189,10.0,0,1.0,3
2188,60.0,0,1.0,7
2188,50.0,0,1.0,7
2189,50.0,0,1.0,3
2190,10.0,0,1.0,4
2190,100.0,0,1.0,4
2190,50.0,0,1.0,4
2191,199.0,0,1.0,1
2192,0.0,0,1.0,1
2193,0.0,0,1.0,1
2190,20.0,0,1.0,4
2194,199.0,0,1.0,1
2196,199.0,0,1.0,3
2203,0.0,0,1.0,1
2206,199.0,0,1.0,1
2208,200.0,0,1.0,1
2209,200.0,0,1.0,1
2214,0.0,0,1.0,1
2215,0.0,0,71.65,1
2216,0.0,0,71.65,1
2217,0.0,0,1.0,1
2218,0.0,0,71.65,1
2219,0.0,0,71.65,1
2220,0.0,0,71.65,1
2221,0.0,0,71.65,1
2222,0.0,0,71.65,1
2223,0.0,0,71.65,1
2224,0.0,0,71.65,1
2225,0.0,0,71.75,1
2226,0.0,0,1.0,1
2227,0.0,0,71.75,2
2227,199.0,0,1.0,2
2228,0.0,0,71.75,1
2229,7174.61,0,71.75,1
2230,150.0,0,1.0,1
2231,100.0,0,1.0,1
2232,199.0,0,1.0,1
2234,199.0,0,1.0,1
2235,24.96,0,70.92,1
2236,24.96,0,70.92,1
2237,24.96,0,70.92,1
2238,24.96,0,70.92,1
2196,10.0,0,1.0,3
2242,199.0,0,1.0,1
2243,25.0,0,70.8,1
2244,25.0,0,70.8,1
2245,25.0,0,70.8,1
2246,0.17,0,70.8,1
2247,199.0,0,1.0,1
2248,0.0,0,70.88,1
2249,0.0,0,70.88,1
2250,0.0,0,70.88,1
2251,199.0,0,1.0,1
2252,0.0,0,70.97,1
2254,0.0,0,70.96,1
2255,199.0,0,1.0,1
2256,199.0,0,1.0,1
2257,0.0,0,71.09,1
2258,0.0,0,71.09,1
2259,0.0,0,71.09,1
2260,0.0,0,71.09,1
2261,0.0,0,71.09,1
2262,199.0,0,1.0,1
2263,0.0,0,71.19,1
2264,199.0,0,1.0,1
2265,0.0,0,71.26,2
2265,100.0,0,1.0,2
1372,199.0,0,1.0,3
2266,0.0,0,71.4,1
2267,0.0,0,71.33,1
2269,0.0,0,71.39,1
2270,199.0,0,1.0,1
2272,0.0,0,71.39,1
2274,199.0,0,1.0,3
2276,199.0,0,1.0,1
2278,199.0,0,1.0,1
2281,199.0,0,1.0,1
2282,199.0,0,1.0,1
2283,199.0,0,1.0,1
2286,99.0,0,1.0,1
2287,199.0,0,1.0,1
2288,199.0,0,1.0,1
2289,199.0,0,1.0,1
2290,199.0,0,1.0,1
2291,99.0,0,1.0,1
2292,5000.0,0,1.0,1
2294,199.0,0,1.0,1
2295,99.0,0,1.0,1
2297,1000.0,0,1.0,1
1873,100.0,0,1.0,238
2301,199.0,0,1.0,1
2302,0.0,0,71.25,1
2303,100.0,0,1.0,1
2304,0.0,0,1.0,1
2305,199.0,0,1.0,1
2306,199.0,0,1.0,1
2307,199.0,0,1.0,1
2308,199.0,0,1.0,1
2309,199.0,0,1.0,1
2310,99.0,0,1.0,1
2311,199.0,0,1.0,2
2311,10.0,0,1.0,2
2313,10.0,0,1.0,2
2314,0.0,0,1.0,1
2315,0.0,0,1.0,1
2313,100.0,0,1.0,2
2316,199.0,0,0.0,1
2317,199.0,0,0.0,1
2318,118.0,0,1.0,1
2319,118.0,0,1.0,1
2320,118.0,0,1.0,1
2321,118.0,0,1.0,1
2322,199.0,0,1.0,1
2323,199.0,0,1.0,1
2324,199.0,0,1.0,1
2325,118.0,0,1.0,1
2326,11.0,0,1.0,1
2327,11.0,0,1.0,1
2330,199.0,0,1.0,1
2331,11.0,0,1.0,1
2332,11.0,0,1.0,1
2334,199.0,0,1.0,79
2335,11.0,0,1.0,58
2336,500.0,0,1.0,1
2337,24.0,0,1.0,1
2338,11.0,0,1.0,1
2339,21.0,0,1.0,1
2340,100.0,0,1.0,1
2341,100.0,0,1.0,1
2342,11.0,0,1.0,1
2343,100.0,0,1.0,1
2345,100.0,0,1.0,1
2346,12.0,0,1.0,1
2347,100.0,0,1.0,4
2348,100.0,0,1.0,13
2349,100.0,0,1.0,3
2348,500.0,0,1.0,13
2348,20.0,0,1.0,13
2348,25.0,0,1.0,13
2348,10.0,0,1.0,13
2348,40.0,0,1.0,13
2348,199.0,0,1.0,13
2348,0.0,0,1.0,13
2354,1900.0,0,1.0,1
2349,1000.0,0,1.0,3
2355,224.2,0,1.0,1
2356,100.0,0,1.0,1
2357,11800.0,0,1.0,1
2358,11800.0,0,1.0,1
2359,11800.0,0,1.0,1
2360,11800.0,0,1.0,1
2361,10000.0,0,1.0,1
2362,11800.0,0,1.0,1
2363,199.0,0,1.0,2
2365,11800.0,0,1.0,1
2366,11800.0,0,1.0,1
2367,600.0,0,1.0,1
2368,600.0,0,1.0,1
2369,800.0,0,1.0,1
2370,80.0,0,1.0,1
2371,106.2,0,1.0,1
2372,106.2,0,1.0,1
2388,100.0,0,1.0,1
2391,199.0,0,1.0,1
2392,199.0,0,1.0,6
2392,100.0,0,1.0,6
2394,11800.0,0,1.0,5
2394,10.0,0,1.0,5
2394,0.0,0,1.0,5
2392,9.0,0,1.0,6
2392,32.0,0,1.0,6
2396,1.0,0,1.0,1
2397,11800.0,0,1.0,1
2400,600.0,0,1.0,3
2400,201.0,0,1.0,3
2400,10.0,0,1.0,3
2403,11800.0,0,1.0,8
2394,12.0,0,1.0,5
2404,30.0,0,1.0,1
2403,10.0,0,1.0,8
2405,10.0,0,1.0,1
2407,150.0,0,1.0,1
2403,100.0,0,1.0,8
2403,5.0,0,1.0,8
2409,23.6,0,1.0,1
2410,150.0,0,1.0,1
2411,11800.0,0,1.0,8
2411,199.0,0,1.0,8
2411,1.0,0,1.0,8
2412,199.0,0,1.0,7
2411,100.0,0,1.0,8
2412,100.0,0,1.0,7
2411,122.0,0,1.0,8
2413,199.0,0,1.0,1
2411,10.0,0,1.0,8
2414,199.0,0,1.0,7
2414,10.0,0,1.0,7
2414,100.0,0,1.0,7
2415,11800.0,0,1.0,1
2414,122.0,0,1.0,7
2419,11800.0,0,1.0,1
2420,11800.0,0,1.0,1
2421,11800.0,0,1.0,2
2422,11800.0,0,1.0,1
2424,199.0,0,1.0,9
2424,123.0,0,1.0,9
2424,100.0,0,1.0,9
2425,592.0,0,1.0,1
2414,123.0,0,1.0,7
2424,124.0,0,1.0,9
2421,123.0,0,1.0,2
2424,163.0,0,1.0,9
2424,125.0,0,1.0,9
2426,4720.0,0,1.0,1
2424,122.0,0,1.0,9
2427,592.0,0,1.0,1
2429,4720.0,0,1.0,2
2430,4720.0,0,1.0,1
2432,199.0,0,1.0,1
2435,160.0,0,1.0,2
2436,100.0,0,1.0,3
2435,100.0,0,1.0,2
2436,120.0,0,1.0,3
2437,500.0,0,1.0,2
2438,10.0,0,1.0,1
2437,140.0,0,1.0,2
2436,160.0,0,1.0,3
2439,130.0,0,1.0,1
2440,140.0,0,1.0,1
2441,500.0,0,1.0,1
2442,1500.0,0,1.0,1
2443,800.0,0,1.0,1
2444,4720.0,0,1.0,1
2445,199.0,0,1.0,1
2446,592.0,0,1.0,4
2450,199.0,0,1.0,2
2451,199.0,0,1.0,1
2464,100.0,0,1.0,1
2468,1.18,0,1.0,1
2473,1.0,0,1.0,1
2475,100.0,0,1.0,1
2476,236.0,0,1.0,1
2477,106.2,0,1.0,1
2478,236.0,0,1.0,1
2479,106.2,0,1.0,1
2480,140.0,0,1.0,1
2481,125.0,0,1.0,1
2446,100.0,0,1.0,4
2446,150.0,0,1.0,4
2482,230.0,0,1.0,1
2483,592.0,0,1.0,1
2484,592.0,0,1.0,1
2485,592.0,0,1.0,1
2486,199.0,0,1.0,1
2492,199.0,0,1.0,1
2493,24.0,0,1.0,1
2347,199.0,0,1.0,4
2494,1000.0,0,1.0,1
2495,592.0,0,1.0,10
2496,24.0,0,1.0,2
2496,199.0,0,1.0,2
2498,5000.0,0,1.0,2
2499,1.0,0,1.0,1
2500,1000.0,0,1.0,1
2501,199.0,0,1.0,1
2502,11800.0,0,1.0,1
2503,2.0,0,1.0,1
2504,11800.0,0,1.0,1
2505,2.0,0,1.0,1
2506,10.0,0,1.0,1
2507,0.0,0,1.0,1
2508,13.0,0,1.0,2
2508,11.8,0,1.0,2
2495,11.8,0,1.0,10
2509,1.0,0,1.0,1
2498,10.0,0,1.0,2
2510,100.0,0,1.0,1
2511,199.0,0,1.0,1
2512,199.0,0,1.0,1
2513,100.0,0,1.0,1
2514,2.0,0,1.0,1
2515,100.0,0,1.0,1
2516,100.0,0,1.0,1
2517,11800.0,0,1.0,1
2518,11800.0,0,1.0,1
2519,12.0,0,1.0,1
2520,199.0,0,1.0,1
2521,199.0,0,1.0,1
2522,199.0,0,1.0,1
2523,199.0,0,1.0,6
2524,11800.0,0,1.0,1
2525,11800.0,0,1.0,2
2526,24.0,0,1.0,1
2527,199.0,0,1.0,1
2525,199.0,0,1.0,2
2529,199.0,0,1.0,2
2530,199.0,0,1.0,1
2523,10.0,0,1.0,6
2531,10.0,0,1.0,1
2529,10.0,0,1.0,2
1209,199.0,0,1.0,15
2532,199.0,0,1.0,1
2533,199.0,0,1.0,1
2534,53.0,0,1.0,17
2535,199.0,0,1.0,5
2536,199.0,0,1.0,1
2537,199.0,0,1.0,2
2534,14.16,0,1.0,17
2538,53.0,0,1.0,1
2534,23.6,0,1.0,17
2537,10.0,0,1.0,2
2539,60.0,0,1.0,1
2540,199.0,0,1.0,2
2541,1.0,0,1.0,4
2534,234.82,0,1.0,17
2534,1.18,0,1.0,17
2542,60.0,0,1.0,1
2544,0.0,0,1.0,2
2544,10.0,0,1.0,2
2546,0.0,0,1.0,7
2546,100.0,0,1.0,7
2550,11800.0,0,1.0,2
2541,11.8,0,1.0,4
2541,14.16,0,1.0,4
2541,145.14,0,1.0,4
2540,1.0,0,1.0,2
2550,118.0,0,1.0,2
2551,199.0,0,1.0,11
2551,1.0,0,1.0,11
2551,13.0,0,1.0,11
2551,19.0,0,1.0,11
2551,99.0,0,1.0,11
2551,73.0,0,1.0,11
2534,88.5,0,1.0,17
2551,12.0,0,1.0,11
2534,15.34,0,1.0,17
2551,1234.0,0,1.0,11
2534,276.12,0,1.0,17
2553,11800.0,0,1.0,1
2554,1.18,0,1.0,1
2551,5.0,0,1.0,11
92,199.0,0,1.0,2
2558,199.0,0,1.0,3
2559,100.0,0,1.0,4
2559,1.0,0,1.0,4
2558,100.0,0,1.0,3
2560,11800.0,0,1.0,8
2558,10.0,0,1.0,3
2560,1.18,0,1.0,8
2560,11.8,0,1.0,8
2561,11800.0,0,1.0,5
2546,10.0,0,1.0,7
2561,11.8,0,1.0,5
2562,11.8,0,1.0,2
2562,50.0,0,1.0,2
2563,11800.0,0,1.0,2
2564,24.0,0,1.0,3
2565,24.0,0,1.0,3
2566,118.0,0,1.0,2
2564,118.0,0,1.0,3
2567,100.0,0,1.0,5
2565,118.0,0,1.0,3
2568,164.3,0,1.0,2
2563,118.0,0,1.0,2
2568,118.0,0,1.0,2
2569,11800.0,0,1.0,1
2570,600.0,0,1.0,1
2571,199.0,0,1.0,2
2571,10.0,0,1.0,2
2575,11800.0,0,1.0,1
2576,11800.0,0,1.0,1
2577,139.24,0,1.0,1
2578,236.0,0,1.0,1
2579,199.0,0,1.0,1
2580,199.0,0,1.0,1
2581,11800.0,0,1.0,9
2582,199.0,0,1.0,1
2583,200.0,0,1.0,1
2581,1.18,0,1.0,9
2584,11800.0,0,1.0,1
2581,15.0,0,1.0,9
2581,199.0,0,1.0,9
2581,12.0,0,1.0,9
2585,100.0,0,1.0,1
2581,89.0,0,1.0,9
2581,45.0,0,1.0,9
2586,100.0,0,1.0,1
2587,100.0,0,1.0,1
2588,199.0,0,1.0,1
2589,118.0,0,1.0,1
2590,100.0,0,1.0,1
2591,5900.0,0,1.0,1
2595,11800.0,0,1.0,1
2599,199.0,0,1.0,1
2601,236.0,0,1.0,1
2602,236.0,0,1.0,1
2566,100.0,0,1.0,2
2603,118.0,0,1.0,1
2604,1000.0,0,1.0,2
2604,50.0,0,1.0,2
2605,199.0,0,1.0,1
2608,2360.0,0,1.0,1
2609,199.0,0,1.0,1
2611,5310.0,0,1.0,1
2616,3500.0,0,1.0,1
2617,2500.0,0,1.0,1
2619,11800.0,0,1.0,1
2620,1000.0,0,1.0,1
2621,199.0,0,1.0,1
2622,14.16,0,1.0,1
2623,12.0,0,1.0,1
2624,1000.0,0,1.0,1
2625,199.0,0,1.0,1
2627,11800.0,0,1.0,4
2627,50.0,0,1.0,4
2627,500.0,0,1.0,4
2627,70.8,0,1.0,4
2629,0.0,0,1.0,1
2450,140.0,0,1.0,2
2630,123.0,0,1.0,1
2631,123.0,0,1.0,1
2632,12.0,0,1.0,2
2632,11.8,0,1.0,2
2633,199.0,0,1.0,1
2634,11800.0,0,1.0,1
2635,199.0,0,1.0,1
2636,299.0,0,1.0,1
2638,199.0,0,1.0,1
2640,11800.0,0,1.0,1
2641,11800.0,0,1.0,1
2642,199.0,0,1.0,2
2642,10.0,0,1.0,2
2643,11800.0,0,1.0,1
2644,199.0,0,1.0,1
2645,11800.0,0,1.0,1
2646,23.6,0,1.0,3
2647,199.0,0,1.0,1
2648,23.6,0,1.0,1
2649,23.6,0,1.0,1
2654,199.0,0,1.0,1
2657,500.0,0,1.0,1
2658,500.0,0,1.0,1
2659,500.0,0,1.0,1
2661,250.0,0,1.0,1
2663,5200.0,0,1.0,1
2664,199.0,0,1.0,3
2664,100.0,0,1.0,3
2664,200.0,0,1.0,3
2665,199.0,0,1.0,2
2665,300.0,0,1.0,2
2666,199.0,0,1.0,2
2666,100.0,0,1.0,2
2667,199.0,0,1.0,1
2668,11.8,0,1.0,1
2669,11.8,0,1.0,1
2670,11.8,0,1.0,1
2671,11.8,0,1.0,1
2672,11.8,0,1.0,1
2674,118.0,0,1.0,4
2675,199.0,0,1.0,1
2677,11.8,0,1.0,1
2674,1.0,0,1.0,4
2674,12.0,0,1.0,4
2678,100.0,0,1.0,3
2678,10.0,0,1.0,3
2679,100.0,0,1.0,1
2678,118.0,0,1.0,3
2680,118.0,0,1.0,1
2681,10.0,0,1.0,1
2682,199.0,0,1.0,1
2683,41.3,0,1.0,1
2685,53100.0,0,1.0,1
2686,118.0,0,1.0,1
2687,100.0,0,1.0,1
2688,53100.0,0,1.0,1
2692,23.6,0,1.0,1
2693,53100.0,0,1.0,1
2694,11.8,0,1.0,1
2697,11800.0,0,1.0,1
2700,100.0,0,1.0,1
2701,100.0,0,1.0,1
2702,100.0,0,1.0,2
2705,199.0,0,1.0,1
2706,1.0,0,1.0,1
2707,1.0,0,1.0,1
2708,10.0,0,1.0,1
2709,199.0,0,1.0,1
2710,10.0,0,1.0,1
2711,12.0,0,1.0,1
2712,12.0,0,1.0,1
2713,199.0,0,1.0,1
2714,9.0,0,1.0,1
2715,12.0,0,1.0,1
2717,199.0,0,1.0,1
2718,12.0,0,1.0,1
2722,12.0,0,1.0,1
2723,11800.0,0,1.0,1
2724,199.0,0,1.0,1
2726,19.0,0,1.0,1
2727,19.0,0,1.0,1
2728,122.0,0,1.0,3
2728,1.0,0,1.0,3
2728,14.0,0,1.0,3
2733,1000.0,0,1.0,1
2735,23.6,0,1.0,1
2741,199.0,0,1.0,1
2742,10.0,0,1.0,1
2743,10.0,0,1.0,1
2744,1.0,0,1.0,1
2745,12.0,0,1.0,1
2746,53100.0,0,1.0,1
2747,12.0,0,1.0,1
2749,12.0,0,1.0,1
2750,5000.0,0,1.0,1
2751,1000.0,0,1.0,1
2754,100.0,0,1.0,1
2755,100.0,0,1.0,1
2756,118.0,0,1.0,1
2757,1180.0,0,1.0,1
2758,12.0,0,1.0,1
2759,118.0,0,1.0,1
2760,11800.0,0,1.0,1
2761,118.0,0,1.0,1
2762,118.0,0,1.0,1
2763,118.0,0,1.0,1
2764,53100.0,0,1.0,1
2765,11.8,0,1.0,1
2766,11800.0,0,1.0,1
2767,118.0,0,1.0,1
2770,11800.0,0,1.0,1
2771,11800.0,0,1.0,1
2772,23.6,0,1.0,1
2773,199.0,0,1.0,1
2774,11800.0,0,1.0,1
2781,199.0,0,1.0,1
2783,199.0,0,1.0,1
2784,5000.0,0,1.0,1
2786,5900.0,0,1.0,1
2788,199.0,0,1.0,1
2790,199.0,0,1.0,1
2791,11800.0,0,1.0,1
2792,1.0,0,1.0,1
2796,10000.0,0,1.0,1
2798,118.0,0,1.0,1
2802,199.0,0,1.0,1
2804,11.8,0,1.0,1
2805,199.0,0,1.0,1
2806,11.8,0,1.0,1
2807,1.0,0,1.0,1
2808,11800.0,0,1.0,1
2809,11.8,0,1.0,1
2810,1180.0,0,1.0,1
2811,1180.0,0,1.0,1
2812,11800.0,0,1.0,1
2813,5000.0,0,1.0,1
2814,1000.0,0,1.0,1
2815,1180.0,0,1.0,1
2816,11.8,0,1.0,1
2817,199.0,0,1.0,1
2818,100.0,0,1.0,1
2819,100.0,0,1.0,1
2820,23.6,0,1.0,1
2824,199.0,0,1.0,1
2825,53100.0,0,1.0,1
2826,1.0,0,1.0,1
2827,100.0,0,1.0,1
2828,11800.0,0,1.0,1
2829,350.0,0,1.0,2
2831,413.0,0,1.0,1
2832,1.18,0,1.0,1
2829,100.0,0,1.0,2
2412,150.0,0,1.0,7
2833,11800.0,0,1.0,1
2834,1.18,0,1.0,1
2835,19.0,0,1.0,1
2836,199.0,0,1.0,1
2838,100.0,0,1.0,1
2839,22.42,0,1.0,1
2840,199.0,0,1.0,1
2841,19.0,0,1.0,1
2842,199.0,0,1.0,1
2845,53100.0,0,1.0,2
2846,120.0,0,1.0,1
2847,199.0,0,1.0,2
2848,141.6,0,1.0,1
2845,14.16,0,1.0,2
2849,11.8,0,1.0,2
2850,100.0,0,1.0,4
2849,123.0,0,1.0,2
2851,10000.0,0,1.0,1
2852,100.0,0,1.0,1
2853,1.18,0,1.0,1
2854,1180.0,0,1.0,1
2855,11800.0,0,1.0,3
2850,143.0,0,1.0,4
2847,100.0,0,1.0,2
2850,14.0,0,1.0,4
2855,100.0,0,1.0,3
2856,14160.0,0,1.0,2
2857,53100.0,0,1.0,3
2856,100.0,0,1.0,2
2857,1000.0,0,1.0,3
2857,1.0,0,1.0,3
2858,11.8,0,1.0,1
2859,53.1,0,1.0,1
2860,100.0,0,1.0,1
2862,1.0,0,1.0,1
2863,118.0,0,1.0,1
2864,1.0,0,1.0,1
2866,5000.0,0,1.0,1
2867,10000.0,0,1.0,1
2870,5900.0,0,1.0,1
2871,53.1,0,1.0,1
2875,10.0,0,1.0,1
2876,53.1,0,1.0,1
2879,53.1,0,1.0,1
2274,100.0,0,1.0,3
2274,123.0,0,1.0,3
2883,23.6,0,1.0,1
2884,53.1,0,1.0,1
2886,199.0,0,1.0,1
2890,199.0,0,1.0,1
2896,53.1,0,1.0,1
2897,100.0,0,1.0,1
2898,11.8,0,1.0,1
2899,11.8,0,1.0,1
2900,11.8,0,1.0,1
2901,199.0,0,1.0,1
2903,11.8,0,1.0,1
2904,199.0,0,1.0,1
2905,11.8,0,1.0,1
2906,199.0,0,1.0,1
2908,53.1,0,1.0,1
2911,11.8,0,1.0,1
2912,11.8,0,1.0,1
2429,199.0,0,1.0,2
2915,53.1,0,1.0,1
2916,11.8,0,1.0,1
2917,11.8,0,1.0,1
2918,11.8,0,1.0,1
2920,11.8,0,1.0,1
2921,11800.0,0,1.0,1
2925,199.0,0,1.0,1
2927,199.0,0,1.0,1
2929,199.0,0,1.0,1
2930,11.8,0,1.0,1
2931,23.6,0,1.0,1
2932,53.1,0,1.0,1
2933,199.0,0,1.0,1
2934,11.8,0,1.0,1
2935,53.1,0,1.0,1
2936,118.0,0,1.0,1
2937,118.0,0,1.0,1
2938,1.18,0,1.0,2
2938,199.0,0,1.0,2
2939,11800.0,0,1.0,1
2940,11.8,0,1.0,1
2941,11800.0,0,1.0,1
2942,11.8,0,1.0,1
2943,11.8,0,1.0,1
2944,199.0,0,1.0,1
2945,118.0,0,1.0,1
2946,100.0,0,1.0,1
2947,11.8,0,1.0,1
2948,118.0,0,1.0,1
2949,118.0,0,1.0,2
2949,199.0,0,1.0,2
2950,100.0,0,1.0,1
2951,118.0,0,1.0,1
2952,1.0,0,1.0,1
2953,11.8,0,1.0,1
2954,11800.0,0,1.0,1
2955,23.6,0,1.0,1
2956,11800.0,0,1.0,1
2957,199.0,0,1.0,10
2958,11.8,0,1.0,1
2959,118.0,0,1.0,2
2959,199.0,0,1.0,2
2960,53.1,0,1.0,1
2961,53.1,0,1.0,1
2962,100.0,0,1.0,1
2963,100.0,0,1.0,1
2964,100.0,0,1.0,1
2966,100.0,0,1.0,1
2967,2000.0,0,1.0,1
2968,2000.0,0,1.0,1
2969,2000.0,0,1.0,1
2970,2000.0,0,1.0,1
2971,0.0,0,1.0,1
2972,0.0,0,1.0,1
2973,0.0,0,1.0,1
2974,100.0,0,1.0,1
2975,100.0,0,1.0,1
2976,100.0,0,1.0,1
2977,0.0,0,1.0,1
2978,0.0,0,1.0,1
2979,118.0,0,1.0,1
2980,0.0,0,1.0,1
2981,23.6,0,1.0,1
2982,118.0,0,1.0,1
2983,11800.0,0,1.0,1
2984,1.0,0,1.0,1
2985,23.6,0,1.0,1
2986,23.6,0,1.0,1
2987,23.6,0,1.0,1
2988,23.6,0,1.0,1
2989,23.6,0,1.0,1
2990,23.6,0,1.0,1
2991,10000.0,0,1.0,1
2992,10000.0,0,1.0,1
2993,10000.0,0,1.0,1
2994,0.0,0,1.0,1
2997,53.1,0,1.0,1
2998,23.6,0,1.0,1
2999,53.1,0,1.0,1
3000,11800.0,0,1.0,2
3000,199.0,0,1.0,2
3001,23.6,0,1.0,1
3002,23.6,0,1.0,1
3003,11800.0,0,1.0,1
3004,53.1,0,1.0,1
3005,100.0,0,1.0,1
3006,0.0,0,1.0,1
3007,2.0,0,1.0,1
3009,100.0,0,1.0,1
3010,2.0,0,1.0,1
3011,53.1,0,1.0,1
3012,53.1,0,1.0,1
3013,1180.0,0,1.0,1
3014,10.0,0,1.0,1
3015,1.18,0,1.0,1
3016,300.0,0,1.0,1
3017,300.0,0,1.0,1
3018,354.0,0,1.0,1
3020,23.6,0,1.0,1
3021,23.6,0,1.0,1
3022,0.0,0,1.0,1
3023,53.1,0,1.0,1
3024,23.6,0,1.0,1
3025,23.6,0,1.0,1
3026,23.6,0,1.0,1
3027,23.6,0,1.0,1
2334,1.0,0,1.0,79
3029,53.1,0,1.0,4
3029,142.78,0,1.0,4
3029,1.0,0,1.0,4
3031,23.6,0,1.0,1
3032,23.6,0,1.0,1
3033,11.8,0,1.0,1
3034,11800.0,0,1.0,1
3035,1000.0,0,1.0,1
3036,100.0,0,1.0,1
3037,1000.0,0,1.0,3
3037,100.0,0,1.0,3
3039,10.0,0,1.0,1
3040,10.0,0,1.0,1
3041,1180.0,0,1.0,2
3041,199.0,0,1.0,2
3043,0.0,0,1.0,1
3046,0.0,0,1.0,1
3047,0.0,0,1.0,1
3049,0.0,0,1.0,1
3050,0.0,0,1.0,1
3052,0.0,0,1.0,1
3053,199.0,0,1.0,1
3054,100000.0,0,1.0,1
3055,1180.0,0,1.0,1
3056,1000.0,0,1.0,1
3057,100.0,0,1.0,1
3058,100.0,0,1.0,1
3059,199.0,0,1.0,1
3060,53.1,0,1.0,1
3062,0.0,0,1.0,1
3064,1.0,0,1.0,1
3065,1.0,0,1.0,1
3066,91.0,0,1.0,1
3067,1.0,0,1.0,1
3068,1.0,0,1.0,1
3069,1.0,0,1.0,1
3070,1.18,0,1.0,1
3071,1000.0,0,1.0,1
3072,1000.0,0,1.0,1
3073,1000.0,0,1.0,1
3074,11.8,0,1.0,1
3075,1000.0,0,1.0,1
3076,10.0,0,1.0,1
3078,53.1,0,1.0,1
3079,100.0,0,1.0,1
3081,118.0,0,1.0,2
3081,15.0,0,1.0,2
3082,0.0,0,1.0,1
3084,0.0,0,1.0,1
3087,0.0,0,1.0,1
3088,0.0,0,1.0,1
3089,1000.0,0,1.0,1
3091,3.0,0,1.0,1
3092,0.0,0,1.0,1
3093,10.0,0,1.0,1
3098,199.0,0,1.0,1
3100,100.0,0,1.0,1
3102,100.0,0,1.0,1
3104,1000.0,0,1.0,1
3105,1000.0,0,1.0,1
3107,100.0,0,1.0,1
3109,100.0,0,1.0,2
3111,0.0,0,1.0,1
3113,1180.0,0,1.0,1
3116,1000.0,0,1.0,1
3118,53.1,0,1.0,1
3119,1.18,0,1.0,1
3121,1180.0,0,1.0,1
3125,1000.0,0,1.0,1
3131,1.0,0,1.0,1
3139,1180.0,0,1.0,2
3139,199.0,0,1.0,2
3143,0.0,0,1.0,1
3145,11.8,0,1.0,1
3147,199.0,0,1.0,1
3150,0.0,0,1.0,2
3152,199.0,0,1.0,1
3153,45.0,0,1.0,1
3155,45.0,0,1.0,1
3156,1.0,0,1.0,1
3157,1.0,0,1.0,1
3158,123.0,0,1.0,1
3159,11.8,0,1.0,1
3160,12.0,0,1.0,1
3161,14.16,0,1.0,1
3163,199.0,0,1.0,3
3163,20.0,0,1.0,3
3163,12.0,0,1.0,3
3164,12.0,0,1.0,1
3166,12.0,0,1.0,1
3168,11.8,0,1.0,1
3169,53.1,0,1.0,1
3171,53.1,0,1.0,1
3173,23.0,0,1.0,2
3173,124.0,0,1.0,2
3174,11800.0,0,1.0,1
3176,53.1,0,1.0,1
3178,11.8,0,1.0,1
3179,199.0,0,1.0,2
3179,10.0,0,1.0,2
3181,100.0,0,1.0,1
3183,118.0,0,1.0,1
3184,5000.0,0,1.0,1
3185,5000.0,0,1.0,1
3186,500.0,0,1.0,1
3187,5000.0,0,1.0,1
3188,5000.0,0,1.0,1
3189,5900.0,0,1.0,1
3194,109.0,0,1.0,1
3196,100.0,0,1.0,1
3197,100.0,0,1.0,1
3198,100.0,0,1.0,1
3199,109.0,0,1.0,1
3203,22.0,0,1.0,1
3205,141.6,0,1.0,1
3206,125.0,0,1.0,1
3209,22.0,0,1.0,1
3214,100.0,0,1.0,1
3218,171.1,0,1.0,1
3220,145.0,0,1.0,1
3221,171.1,0,1.0,1
3223,11.8,0,1.0,1
3225,120.0,0,1.0,1
3226,141.6,0,1.0,1
3228,10000.0,0,1.0,1
3229,0.0,0,1.0,1
3238,1000.0,0,1.0,1
3241,53.1,0,1.0,1
3242,10.0,0,1.0,1
3249,10.0,0,1.0,1
3250,100.0,0,1.0,1
3251,1.18,0,1.0,1
3257,100.0,0,1.0,1
3258,100.0,0,1.0,1
3261,150.0,0,1.0,1
3263,141.6,0,1.0,4
3264,100.0,0,1.0,1
3265,1.0,0,1.0,1
3266,1.0,0,1.0,1
3267,100.0,0,1.0,1
3268,23.6,0,1.0,1
3269,100.0,0,1.0,1
3270,100.0,0,1.0,1
3271,1000.0,0,1.0,2
3272,1000.0,0,1.0,2
3271,122.0,0,1.0,2
3273,0.0,0,1.0,1
3263,14.16,0,1.0,4
3263,100.0,0,1.0,4
3275,10.0,0,1.0,1
3277,199.0,0,1.0,1
3279,0.0,0,1.0,2
3280,80.0,0,1.0,1
3279,100.0,0,1.0,2
3281,80.0,0,1.0,1
3282,233.0,0,1.0,1
3283,100.0,0,1.0,3
3284,100.0,0,1.0,1
3285,100.0,0,1.0,1
3286,11.8,0,1.0,1
3288,10.0,0,1.0,1
3289,140.0,0,1.0,1
3291,100.0,0,1.0,2
3292,100.0,0,1.0,1
3293,100.0,0,1.0,1
3294,100.0,0,1.0,3
3294,118.0,0,1.0,3
3297,0.0,0,1.0,6
3297,100.0,0,1.0,6
3298,100.0,0,1.0,2
3299,1.0,0,1.0,1
3297,200.0,0,1.0,6
3297,211.0,0,1.0,6
3297,1000.0,0,1.0,6
3303,1000.0,0,1.0,1
3304,122.0,0,1.0,1
3305,1180.0,0,1.0,1
3306,15.0,0,1.0,1
3307,1180.0,0,1.0,1
3308,53.1,0,1.0,1
3309,53.1,0,1.0,1
3310,199.0,0,1.0,1
3311,199.0,0,1.0,1
3312,199.0,0,1.0,1
3313,199.0,0,1.0,1
3314,118.0,0,1.0,1
3315,199.0,0,1.0,1
3316,53.1,0,1.0,1
3317,199.0,0,1.0,2
3318,11.8,0,1.0,1
3320,199.0,0,1.0,1
3322,20000.0,0,1.0,1
3324,1180.0,0,1.0,1
3325,10500.0,0,1.0,1
3317,10.0,0,1.0,2
3327,100.0,0,1.0,1
3328,4500.0,0,1.0,1
3329,100.0,0,1.0,1
3330,1000.0,0,1.0,1
3332,9267.72,0,1.0,1
3333,7000.0,0,1.0,1
3334,1000.0,0,1.0,2
3334,100.0,0,1.0,2
3336,11.8,0,1.0,1
3337,11800.0,0,1.0,1
3339,11800.0,0,1.0,1
3340,199.0,0,1.0,1
3341,1000.0,0,1.0,1
3342,1000.0,0,1.0,2
3343,1000.0,0,1.0,2
3344,1180.0,0,1.0,2
3343,2500.0,0,1.0,2
3342,118.0,0,1.0,2
3345,23.6,0,1.0,1
3346,1.18,0,1.0,1
3347,23.6,0,1.0,1
3348,23.6,0,1.0,1
3349,23.6,0,1.0,1
3350,23.6,0,1.0,1
3351,23.6,0,1.0,1
3352,23.6,0,1.0,1
3353,11800.0,0,1.0,1
3354,11800.0,0,1.0,1
3355,11800.0,0,1.0,1
3356,11800.0,0,1.0,1
3357,11800.0,0,1.0,1
3358,11800.0,0,1.0,1
3359,11800.0,0,1.0,1
3360,11800.0,0,1.0,1
3361,11800.0,0,1.0,1
3362,11800.0,0,1.0,1
3363,11800.0,0,1.0,1
3364,11.8,0,1.0,1
3365,1.18,0,1.0,1
3366,11800.0,0,1.0,1
3367,23.6,0,1.0,1
3368,50000.0,0,1.0,1
3369,50000.0,0,1.0,1
3370,50000.0,0,1.0,1
3371,50000.0,0,1.0,1
3372,118.0,0,1.0,1
3373,118.0,0,1.0,2
3374,199.0,0,1.0,1
3375,100.0,0,1.0,1
3376,11800.0,0,1.0,1
3377,100.0,0,1.0,1
3378,10000.0,0,1.0,1
3379,10000.0,0,1.0,1
3380,10000.0,0,1.0,1
3381,10000.0,0,1.0,1
3382,10000.0,0,1.0,4
3382,122.0,0,1.0,4
3382,12.0,0,1.0,4
3382,100.0,0,1.0,4
3383,100.0,0,1.0,1
3384,23.6,0,1.0,2
3389,1000.0,0,1.0,1
3390,199.0,0,1.0,1
3394,1180.0,0,1.0,2
3395,1.18,0,1.0,1
3396,1.18,0,1.0,1
3397,1.18,0,1.0,1
3394,199.0,0,1.0,2
3400,23.6,0,1.0,1
3401,199.0,0,1.0,2
3402,199.0,0,1.0,1
3403,199.0,0,1.0,1
3404,1180.0,0,1.0,1
3405,199.0,0,1.0,1
3406,1.18,0,1.0,1
3407,120.0,0,1.0,1
3408,0.0,0,1.0,1
3410,0.0,0,1.0,1
3412,100.0,0,1.0,1
3413,100.0,0,1.0,1
3414,100.0,0,1.0,1
3415,100.0,0,1.0,1
3417,1180.0,0,1.0,1
3418,11800.0,0,1.0,1
3419,50000.0,0,1.0,1
3420,11800.0,0,1.0,1
3424,109.0,0,1.0,1
3425,500.0,0,1.0,1
3427,118.0,0,1.0,1
3428,118.0,0,1.0,1
3429,199.0,0,1.0,1
3430,5000.0,0,1.0,1
3431,118.0,0,1.0,1
3432,118.0,0,1.0,1
3433,118.0,0,1.0,1
3435,50.0,0,1.0,1
3436,118.0,0,1.0,1
3437,885.0,0,1.0,1
3438,118.0,0,1.0,1
3439,109.0,0,1.0,1
3440,118.0,0,1.0,1
3441,109.0,0,1.0,1
3442,817.5,0,1.0,1
3443,5.9,0,1.0,1
3444,50.0,0,1.0,1
3445,50.0,0,1.0,1
3446,199.0,0,1.0,1
3447,885.0,0,1.0,1
3448,50.0,0,1.0,1
3449,1090.0,0,1.0,1
3450,11800.0,0,1.0,1
3451,125.0,0,1.0,1
3452,70.0,0,1.0,1
3453,50.0,0,1.0,1
3454,20.0,0,1.0,1
3455,30.0,0,1.0,1
3456,20.0,0,1.0,1
3457,885.0,0,1.0,1
3458,20.0,0,1.0,1
3459,885.0,0,1.0,1
3460,20.0,0,1.0,1
3461,20.0,0,1.0,2
3462,20.0,0,1.0,1
3463,120.0,0,1.0,3
3463,150.0,0,1.0,3
3463,100.0,0,1.0,3
3461,50.0,0,1.0,2
3464,153.4,0,1.0,1
3466,10.9,0,1.0,1
3467,11.8,0,1.0,1
3468,817.5,0,1.0,2
2335,118.0,0,1.0,58
3469,199.0,0,1.0,1
3468,199.0,0,1.0,2
3470,817.5,0,1.0,1
3472,135.0,0,1.0,1
3473,159.3,0,1.0,1
3475,817.5,0,1.0,2
3476,50.0,0,1.0,1
3475,199.0,0,1.0,2
3478,49.05,0,1.0,1
3481,885.0,0,1.0,1
3482,199.0,0,1.0,1
3483,100.0,0,1.0,1
3484,118.0,0,1.0,1
1839,199.0,0,1.0,10
3492,199.0,0,1.0,1
3498,200.0,0,1.0,1
3499,199.0,0,1.0,1
3500,236.0,0,1.0,1
3501,199.0,0,1.0,1
3502,118.0,0,1.0,25
3503,1.18,0,1.0,1
3504,885.0,0,1.0,1
3508,100.0,0,1.0,1
3510,885.0,0,1.0,1
3373,199.0,0,1.0,2
3512,29500.0,0,1.0,1
3513,150.0,0,1.0,1
3514,177.0,0,1.0,1
3515,1180.0,0,1.0,1
3516,1180.0,0,1.0,1
3518,885.0,0,1.0,1
3536,1.18,0,1.0,1
3538,1180.0,0,1.0,1
3549,1090.0,0,1.0,1
3550,1270.0,0,1.0,1
3551,1270.0,0,1.0,1
3552,1270.0,0,1.0,1
3553,10000.0,0,1.0,1
3554,11800.0,0,1.0,6
3555,1.18,0,1.0,1
3557,1180.0,0,1.0,1
3558,1180.0,0,1.0,1
3560,885.0,0,1.0,1
3561,23.6,0,1.0,1
3562,1180.0,0,1.0,1
3563,11800.0,0,1.0,1
3564,1180.0,0,1.0,1
3565,1180.0,0,1.0,1
3566,11800.0,0,1.0,1
3567,118.0,0,1.0,1
3568,1.18,0,1.0,1
3569,118.0,0,1.0,1
3570,11800.0,0,1.0,1
3571,118.0,0,1.0,1
3572,1180.0,0,1.0,1
3573,1180.0,0,1.0,1
3574,11800.0,0,1.0,1
3575,1180.0,0,1.0,1
3576,1180.0,0,1.0,1
3577,1180.0,0,1.0,1
3578,1180.0,0,1.0,1
3579,23.6,0,1.0,1
3580,23.6,0,1.0,1
3581,23.6,0,1.0,1
3597,1000.0,0,1.0,1
3598,500.0,0,1.0,1
3599,11800.0,0,1.0,1
3600,500.0,0,1.0,1
3601,885.0,0,1.0,2
3601,199.0,0,1.0,2
3602,885.0,0,1.0,1
3603,11800.0,0,1.0,1
3604,500.0,0,1.0,1
3605,11800.0,0,1.0,1
3606,11800.0,0,1.0,1
3607,11800.0,0,1.0,1
3608,200.0,0,1.0,1
3609,11800.0,0,1.0,1
3610,23.6,0,1.0,1
3611,20.0,0,1.0,1
3612,100.0,0,1.0,1
3613,1000.0,0,1.0,1
3614,100.0,0,1.0,1
3615,199.0,0,1.0,1
3616,118.0,0,1.0,1
3617,100.0,0,1.0,1
3618,199.0,0,1.0,1
3619,118.0,0,1.0,2
3619,199.0,0,1.0,2
3620,100.0,0,1.0,1
3621,100.0,0,1.0,1
3622,20000.0,0,1.0,1
3624,23600.0,0,1.0,1
3625,885.0,0,1.0,1
3626,11800.0,0,1.0,3
3628,2950000.0,0,1.0,2
3629,118.0,0,1.0,1
3626,100.0,0,1.0,3
3631,2950000.0,0,1.0,5
3632,199.0,0,1.0,1
3626,200.0,0,1.0,3
3634,118.0,0,1.0,2
3635,11800.0,0,1.0,1
3636,53.1,0,1.0,1
3637,1.18,0,1.0,1
3628,1180.0,0,1.0,2
3634,100.0,0,1.0,2
3638,1180.0,0,1.0,2
3639,199.0,0,1.0,1
3631,1180.0,0,1.0,5
3640,100.0,0,1.0,1
3638,100.0,0,1.0,2
3641,118.0,0,1.0,1
3642,590.0,0,1.0,1
3643,11800.0,0,1.0,1
3384,1090.0,0,1.0,2
3631,1000.0,0,1.0,5
3647,2950000.0,0,1.0,1
3648,199.0,0,1.0,2
3649,1180.0,0,1.0,2
3650,100.0,0,1.0,1
3651,100.0,0,1.0,1
3652,100.0,0,1.0,2
3653,118.0,0,1.0,1
3654,12.0,0,1.0,3
3649,118.0,0,1.0,2
3655,885.0,0,1.0,3
3655,118.0,0,1.0,3
3655,236.0,0,1.0,3
3654,118.0,0,1.0,3
3656,118.0,0,1.0,2
3656,199.0,0,1.0,2
3658,100.0,0,1.0,1
3648,100.0,0,1.0,2
3659,1000.0,0,1.0,2
3660,118.0,0,1.0,1
3631,199.0,0,1.0,5
3663,100.0,0,1.0,1
3664,2950000.0,0,1.0,1
3665,11800.0,0,1.0,1
3666,100.0,0,1.0,1
3667,150.0,0,1.0,1
3668,11800.0,0,1.0,1
3669,177.0,0,1.0,1
3670,150.0,0,1.0,1
3671,177.0,0,1.0,1
3672,150.0,0,1.0,1
3673,150.0,0,1.0,1
3674,177.0,0,1.0,1
3675,177.0,0,1.0,1
3676,12.0,0,1.0,1
3677,11.8,0,1.0,1
3678,118.0,0,1.0,33
3678,531.0,0,1.0,33
3678,296.18,0,1.0,33
3502,199.0,0,1.0,25
2335,199.0,0,1.0,58
1372,112.0,0,1.0,3
3681,4.0,0,1.0,1
3682,4.0,0,1.0,1
3683,700000.0,0,1.0,1
3684,826000.0,0,1.0,1
3659,354.0,0,1.0,2
3685,354.0,0,1.0,2
3685,1062.0,0,1.0,2
3688,118.0,0,1.0,1
3689,100.0,0,1.0,1
3690,118.0,0,1.0,1
3691,1.0,0,1.0,1
3692,1770.0,0,1.0,1
3693,118.0,0,1.0,1
3694,1.18,0,1.0,1
3695,118.0,0,1.0,1
3696,118.0,0,1.0,1
3698,100.0,0,1.0,1
3699,100.0,0,1.0,1
3700,100.0,0,1.0,1
3702,100.0,0,1.0,1
3705,100.0,0,1.0,1
3706,12.0,0,1.0,2
3707,100.0,0,1.0,1
3708,885.0,0,1.0,12
3706,100.0,0,1.0,2
3709,100.0,0,1.0,1
3711,118.0,0,1.0,1
3708,1770.0,0,1.0,12
2334,100.0,0,1.0,79
3712,2950000.0,0,1.0,2
3712,177.0,0,1.0,2
3713,1.18,0,1.0,2
3715,1.0,0,1.0,2
3713,590.0,0,1.0,2
3708,590.0,0,1.0,12
3715,200.0,0,1.0,2
3717,199.0,0,1.0,7
3717,300.0,0,1.0,7
3717,50.0,0,1.0,7
3708,14.16,0,1.0,12
3150,118.0,0,1.0,2
3719,1.0,0,1.0,1
3720,1.0,0,1.0,1
3721,1.0,0,1.0,1
1873,150.0,0,1.0,238
2169,100.0,0,1.0,13
3723,885.0,0,1.0,2
3723,199.0,0,1.0,2
3724,2950000.0,0,1.0,1
3725,100.0,0,1.0,1
3726,500.0,0,1.0,1
3727,50.0,0,1.0,1
3728,2950000.0,0,1.0,1
3729,0.0,0,1.0,1
3730,0.0,0,1.0,1
3731,1.18,0,1.0,2
3731,199.0,0,1.0,2
3732,885.0,0,1.0,2
3732,199.0,0,1.0,2
3733,0.0,0,1.0,2
3733,1500.0,0,1.0,2
3734,100.0,0,1.0,1
3735,1.18,0,1.0,1
3737,118.0,0,1.0,1
3738,4720.0,0,1.0,1
3739,5000.0,0,1.0,1
3740,23.6,0,1.0,1
3742,0.0,0,1.0,2
3742,1180.0,0,1.0,2
3743,0.0,0,1.0,2
3743,2950.0,0,1.0,2
3745,0.0,0,1.0,2
3746,0.0,0,1.0,5
3745,6490.0,0,1.0,2
3747,0.0,0,1.0,2
3748,23.6,0,1.0,1
3747,15000.0,0,1.0,2
3749,0.0,0,1.0,1
3750,23.6,0,1.0,1
3751,0.0,0,1.0,1
3752,0.0,0,1.0,1
3753,23.6,0,1.0,1
3754,0.0,0,1.0,2
3754,199.0,0,1.0,2
3746,1180.0,0,1.0,5
3746,11.8,0,1.0,5
3746,29500.0,0,1.0,5
3759,199.0,0,1.0,2
3759,150.0,0,1.0,2
3760,23.6,0,1.0,1
3761,27678.08,0,1.0,4
3763,118.0,0,1.0,2
3765,1180.0,0,1.0,2
3765,199.0,0,1.0,2
3766,0.0,0,1.0,2
2334,0.0,0,1.0,79
3767,11800.0,0,1.0,1
3768,100.0,0,1.0,1
2334,125.0,0,1.0,79
3763,200.0,0,1.0,2
3771,2950.0,0,1.0,4
3771,230.0,0,1.0,4
3774,100.0,0,1.0,1
3775,199.0,0,1.0,1
3777,199.0,0,1.0,2
3779,100.0,0,1.0,1
3783,118.0,0,1.0,3
3783,100.0,0,1.0,3
3787,135.0,0,1.0,1
3793,0.0,0,1.0,2
3794,0.0,0,1.0,2
3783,354.0,0,1.0,3
3771,100.0,0,1.0,4
3794,199.0,0,1.0,2
3795,0.0,0,1.0,2
3795,199.0,0,1.0,2
3793,200.0,0,1.0,2
3766,500.0,0,1.0,2
3797,118.0,0,1.0,1
3798,300.0,0,1.0,1
3777,100.0,0,1.0,2
3800,0.0,0,1.0,1
3801,0.0,0,1.0,1
3802,885.0,0,1.0,1
3803,2000.0,0,1.0,3
3805,2000.0,0,1.0,2
3806,885.0,0,1.0,2
3811,2000.0,0,1.0,2
3812,2000.0,0,1.0,9
3816,885.0,0,1.0,2
3812,500.0,0,1.0,9
3818,1.18,0,1.0,1
3812,100.0,0,1.0,9
3811,500.0,0,1.0,2
3816,250.0,0,1.0,2
3812,150.0,0,1.0,9
3812,350.0,0,1.0,9
3803,100.0,0,1.0,3
3803,500.0,0,1.0,3
3819,1000.0,0,1.0,5
3824,23.6,0,1.0,2
3824,10.0,0,1.0,2
3819,100.0,0,1.0,5
3825,199.0,0,1.0,2
3827,199.0,0,1.0,1
3828,0.0,0,1.0,3
3805,100.0,0,1.0,2
3825,100.0,0,1.0,2
3829,0.0,0,1.0,4
3829,100.0,0,1.0,4
3829,10.0,0,1.0,4
3831,11800.0,0,1.0,1
3829,500.0,0,1.0,4
3828,199.0,0,1.0,3
3832,0.0,0,1.0,1
3833,0.0,0,1.0,1
3834,0.0,0,1.0,1
3835,0.0,0,1.0,1
3836,0.0,0,1.0,2
3837,1.18,0,1.0,1
3839,100.0,0,1.0,7
3840,1.18,0,1.0,5
3840,200.0,0,1.0,5
3840,118.0,0,1.0,5
3839,1.18,0,1.0,7
3839,2950000.0,0,1.0,7
3839,200.0,0,1.0,7
3839,50.0,0,1.0,7
3840,1.0,0,1.0,5
3836,50.0,0,1.0,2
3708,5900.0,0,1.0,12
3708,5000.0,0,1.0,12
3841,0.0,0,1.0,6
3841,200.0,0,1.0,6
3841,118.0,0,1.0,6
3842,118.0,0,1.0,5
3841,1.0,0,1.0,6
3841,1.18,0,1.0,6
3844,1.18,0,1.0,7
3844,885.0,0,1.0,7
3844,20.0,0,1.0,7
3844,11.8,0,1.0,7
3844,1.0,0,1.0,7
3842,354.0,0,1.0,5
3844,118.0,0,1.0,7
3845,0.0,0,1.0,1
3846,118.0,0,1.0,9
2169,10.0,0,1.0,13
3846,10.0,0,1.0,9
2169,1000.0,0,1.0,13
3846,12.0,0,1.0,9
3678,1180.0,0,1.0,33
3846,11.8,0,1.0,9
3847,0.0,0,1.0,3
3847,10.0,0,1.0,3
3848,0.0,0,1.0,6
3848,200.0,0,1.0,6
3848,1.18,0,1.0,6
3848,118.0,0,1.0,6
3846,100.0,0,1.0,9
3846,2950000.0,0,1.0,9
2335,177.0,0,1.0,58
2335,150.0,0,1.0,58
3852,199.0,0,1.0,1
3853,2000.0,0,1.0,1
3854,2000.0,0,1.0,1
3855,118.0,0,1.0,1
3856,1.18,0,1.0,1
3857,118.0,0,1.0,2
3857,53.1,0,1.0,2
3858,885.0,0,1.0,2
3859,885.0,0,1.0,1
3858,53.1,0,1.0,2
3860,199.0,0,1.0,1
3861,118.0,0,1.0,5
3861,100.0,0,1.0,5
3862,885.0,0,1.0,2
3861,200.0,0,1.0,5
3863,0.0,0,1.0,1
3864,1000.0,0,1.0,1
3866,1000.0,0,1.0,1
3867,1000.0,0,1.0,1
1839,11.8,0,1.0,10
3868,0.0,0,1.0,1
3828,100.0,0,1.0,3
3869,118.0,0,1.0,2
3869,885.0,0,1.0,2
3870,118.0,0,1.0,2
3871,2950.0,0,1.0,2
3871,118.0,0,1.0,2
3872,2950.0,0,1.0,2
3875,100.0,0,1.0,1
3876,100.0,0,1.0,1
3877,100.0,0,1.0,1
3878,2950.0,0,1.0,1
3879,199.0,0,1.0,1
3880,2950.0,0,1.0,2
3880,53.1,0,1.0,2
3882,118.0,0,1.0,2
3882,2950000.0,0,1.0,2
3708,500.0,0,1.0,12
3717,100.0,0,1.0,7
3883,11.8,0,1.0,1
3884,100.0,0,1.0,1
3887,100.0,0,1.0,1
3888,118.0,0,1.0,1
3890,199.0,0,1.0,1
3891,100.0,0,1.0,1
3892,100.0,0,1.0,1
3894,118.0,0,1.0,1
3895,118.0,0,1.0,4
3895,30.0,0,1.0,4
3897,199.0,0,1.0,9
3898,118.0,0,1.0,12
3899,2950.0,0,1.0,1
3900,118.0,0,1.0,3
3901,199.0,0,1.0,1
3902,199.0,0,1.0,5
3900,2950000.0,0,1.0,3
3905,2950.0,0,1.0,1
3906,1100.0,0,1.0,22
3907,118.0,0,1.0,2
3907,11.8,0,1.0,2
3910,885.0,0,1.0,2
3910,118.0,0,1.0,2
3911,1180.0,0,1.0,3
3911,11.8,0,1.0,3
3898,2950000.0,0,1.0,12
3912,118.0,0,1.0,1
3913,1.0,0,1.0,1
3915,118.0,0,1.0,2
3915,2950.0,0,1.0,2
3916,118.0,0,1.0,2
3916,2950000.0,0,1.0,2
3917,118.0,0,1.0,3
3917,11.8,0,1.0,3
3918,118.0,0,1.0,1
3919,4000.0,0,1.0,3
3898,150.0,0,1.0,12
3895,20.0,0,1.0,4
3895,100.0,0,1.0,4
3919,50.0,0,1.0,3
3919,199.0,0,1.0,3
3906,61.36,0,1.0,22
3921,100.0,0,1.0,3
3921,5.0,0,1.0,3
3921,199.0,0,1.0,3
3923,199.0,0,1.0,1
3924,118.0,0,1.0,2
3925,123.9,0,1.0,23
3925,118.0,0,1.0,23
3927,190.0,0,1.0,2
3925,2950000.0,0,1.0,23
3928,500.0,0,1.0,3
3927,100.0,0,1.0,2
3928,2950000.0,0,1.0,3
3928,2950.0,0,1.0,3
3929,0.0,0,1.0,1
3930,0.0,0,1.0,1
3924,11.8,0,1.0,2
3931,0.0,0,1.0,1
3932,0.0,0,1.0,1
3933,590.0,0,1.0,2
3933,118.0,0,1.0,2
3906,70.0,0,1.0,22
3906,5.0,0,1.0,22
3906,118.0,0,1.0,22
3906,15.0,0,1.0,22
3935,118.0,0,1.0,1
3936,0.0,0,1.0,3
3937,5800.0,0,1.0,2
3937,500.0,0,1.0,2
3906,20.0,0,1.0,22
3906,200.0,0,1.0,22
3936,885.0,0,1.0,3
3925,50.0,0,1.0,23
3940,6000.0,0,1.0,2
3940,50.0,0,1.0,2
3941,15000.0,0,1.0,1
3925,590.0,0,1.0,23
3944,118.0,0,1.0,1
3936,11.8,0,1.0,3
3945,5000.0,0,1.0,2
3925,2950.0,0,1.0,23
3945,29.0,0,1.0,2
3906,2950000.0,0,1.0,22
3946,118.0,0,1.0,2
3947,118.0,0,1.0,4
3947,2950.0,0,1.0,4
3948,118.0,0,1.0,16
3947,30.0,0,1.0,4
3948,2950.0,0,1.0,16
3948,30.0,0,1.0,16
3950,4500.0,0,1.0,4
3950,100.0,0,1.0,4
3950,150.0,0,1.0,4
3948,2950000.0,0,1.0,16
3950,200.0,0,1.0,4
3948,100.0,0,1.0,16
2334,300.0,0,1.0,79
3952,23.6,0,1.0,1
3953,118.0,0,1.0,3
3953,2950000.0,0,1.0,3
3953,590.0,0,1.0,3
3954,23.6,0,1.0,1
3955,23.6,0,1.0,1
3956,23.6,0,1.0,1
3957,100.0,0,1.0,7
3957,200.0,0,1.0,7
3678,100.0,0,1.0,33
3958,23.6,0,1.0,2
2334,3.0,0,1.0,79
3958,11.8,0,1.0,2
3959,23.6,0,1.0,1
3960,2950.0,0,1.0,2
3961,199.0,0,1.0,1
3964,1000.0,0,1.0,3
3966,1000.0,0,1.0,3
3968,199.0,0,1.0,1
3970,1.18,0,1.0,1
3925,15.0,0,1.0,23
3960,100.0,0,1.0,2
3971,100.0,0,1.0,2
3972,0.0,0,1.0,2
3972,100.0,0,1.0,2
3973,100.0,0,1.0,2
3925,23.6,0,1.0,23
3925,200.0,0,1.0,23
3898,50.0,0,1.0,12
3898,59.0,0,1.0,12
3898,17.7,0,1.0,12
3906,50.0,0,1.0,22
3906,59.0,0,1.0,22
3906,23.6,0,1.0,22
3974,118.0,0,1.0,2
3975,118.0,0,1.0,2
3906,17.7,0,1.0,22
3502,15.0,0,1.0,25
3502,34.0,0,1.0,25
3976,118.0,0,1.0,8
3976,50.0,0,1.0,8
3976,37.76,0,1.0,8
3976,21.0,0,1.0,8
3976,27.14,0,1.0,8
2957,100.0,0,1.0,10
2957,750.0,0,1.0,10
3948,50.0,0,1.0,16
3948,23.0,0,1.0,16
3948,15.0,0,1.0,16
3948,45.0,0,1.0,16
3977,200.0,0,1.0,4
3977,100.0,0,1.0,4
2957,150.0,0,1.0,10
3902,120.0,0,1.0,5
3902,150.0,0,1.0,5
3948,50.74,0,1.0,16
3977,20.0,0,1.0,4
2335,2950.0,0,1.0,58
3978,118.0,0,1.0,9
3978,59.0,0,1.0,9
3978,70.8,0,1.0,9
3897,130.0,0,1.0,9
3978,50.0,0,1.0,9
3980,100.0,0,1.0,4
3980,200.0,0,1.0,4
3925,59.0,0,1.0,23
3981,100.0,0,1.0,3
3925,33.0,0,1.0,23
3982,59.0,0,1.0,1
3761,59.0,0,1.0,4
3761,50.0,0,1.0,4
3985,0.0,0,1.0,6
3985,118.0,0,1.0,6
3985,23.6,0,1.0,6
3986,0.0,0,1.0,1
3985,27.14,0,1.0,6
3987,0.0,0,1.0,4
3985,41.3,0,1.0,6
3987,100.0,0,1.0,4
3988,0.0,0,1.0,4
3988,20.0,0,1.0,4
3925,53.1,0,1.0,23
2335,45.0,0,1.0,58
2335,34.0,0,1.0,58
3925,29.5,0,1.0,23
3925,35.4,0,1.0,23
3925,88.5,0,1.0,23
3925,20.0,0,1.0,23
3948,59.0,0,1.0,16
3948,70.8,0,1.0,16
3948,55.0,0,1.0,16
3678,250.0,0,1.0,33
3897,100.0,0,1.0,9
3898,590.0,0,1.0,12
3898,826.0,0,1.0,12
3898,11.0,0,1.0,12
3898,110.0,0,1.0,12
3989,118.0,0,1.0,2
3989,2950000.0,0,1.0,2
3991,5000.0,0,1.0,7
3992,17700.0,0,1.0,1
2335,10.0,0,1.0,58
2335,1.0,0,1.0,58
2335,11.8,0,1.0,58
2335,11800.0,0,1.0,58
3993,5000.0,0,1.0,1
3995,5000.0,0,1.0,3
3991,590.0,0,1.0,7
3991,300.0,0,1.0,7
3991,150.0,0,1.0,7
3997,118.0,0,1.0,3
3997,2950.0,0,1.0,3
3897,190.0,0,1.0,9
3897,140.0,0,1.0,9
3897,180.0,0,1.0,9
4000,118.0,0,1.0,5
4000,2950.0,0,1.0,5
4002,118.0,0,1.0,7
4003,118.0,0,1.0,2
4002,2950000.0,0,1.0,7
4005,118.0,0,1.0,3
4006,1000.0,0,1.0,3
4006,250.0,0,1.0,3
3988,118.0,0,1.0,4
4006,350.0,0,1.0,3
4007,200.0,0,1.0,3
4007,100.0,0,1.0,3
4007,350.0,0,1.0,3
4005,11800.0,0,1.0,3
3988,1180.0,0,1.0,4
3925,236.0,0,1.0,23
4009,1.0,0,1.0,4
4009,1.18,0,1.0,4
4010,118.0,0,1.0,1
4009,11.8,0,1.0,4
4011,118.0,0,1.0,1
4013,100.0,0,1.0,1
4014,100.0,0,1.0,1
4015,118.0,0,1.0,6
4016,1180.0,0,1.0,1
4017,199.0,0,1.0,3
4018,1180.0,0,1.0,6
4020,2950.0,0,1.0,9
4021,1180.0,0,1.0,1
4022,1180.0,0,1.0,14
4023,0.0,0,1.0,7
4024,885.0,0,1.0,4
4026,110.0,0,1.0,1
4028,1180.0,0,1.0,1
4015,590.0,0,1.0,6
4015,50.0,0,1.0,6
4024,1.0,0,1.0,4
4015,407.1,0,1.0,6
4020,591.18,0,1.0,9
4029,94.4,0,1.0,5
4030,1180.0,0,1.0,1
4023,236.0,0,1.0,7
4022,354.0,0,1.0,14
4020,141.6,0,1.0,9
4029,590.0,0,1.0,5
4020,259.6,0,1.0,9
4029,600.0,0,1.0,5
4029,76.7,0,1.0,5
4022,236.0,0,1.0,14
4017,120.0,0,1.0,3
4020,201.0,0,1.0,9
4029,59.0,0,1.0,5
4017,180.0,0,1.0,3
4022,118.0,0,1.0,14
4031,1180.0,0,1.0,1
4032,11800.0,0,1.0,1
4033,1180.0,0,1.0,1
4034,1180.0,0,1.0,1
4035,1180.0,0,1.0,1
4036,1180.0,0,1.0,1
4037,472.0,0,1.0,5
4037,118.0,0,1.0,5
4037,59.0,0,1.0,5
4038,1180.0,0,1.0,17
4037,53.1,0,1.0,5
4037,50.0,0,1.0,5
4038,236.0,0,1.0,17
4039,2950000.0,0,1.0,6
4038,118.0,0,1.0,17
4040,53.1,0,1.0,3
4040,59.0,0,1.0,3
4023,118.0,0,1.0,7
4039,118.0,0,1.0,6
4023,177.0,0,1.0,7
4042,1180.0,0,1.0,1
4038,448.4,0,1.0,17
4043,199.0,0,1.0,6
4044,1180.0,0,1.0,1
4045,1180.0,0,1.0,1
4043,100.0,0,1.0,6
4046,1180.0,0,1.0,1
4043,130.0,0,1.0,6
4038,82.6,0,1.0,17
4047,1180.0,0,1.0,1
4043,170.0,0,1.0,6
4048,0.0,0,1.0,4
4039,1180.0,0,1.0,6
4049,140.0,0,1.0,1
4050,0.0,0,1.0,2
4050,199.0,0,1.0,2
4051,0.0,0,1.0,3
4051,118.0,0,1.0,3
4052,0.0,0,1.0,6
4048,118.0,0,1.0,4
4052,199.0,0,1.0,6
4052,60.0,0,1.0,6
4052,90.0,0,1.0,6
4052,50.0,0,1.0,6
4048,354.0,0,1.0,4
4052,400.0,0,1.0,6
4053,0.0,0,1.0,1
4054,0.0,0,1.0,4
4054,199.0,0,1.0,4
4054,100.0,0,1.0,4
4054,200.0,0,1.0,4
4058,100.0,0,1.0,8
4058,1000.0,0,1.0,8
4058,300.0,0,1.0,8
4058,320.0,0,1.0,8
4058,122.0,0,1.0,8
4058,90.0,0,1.0,8
4058,200.0,0,1.0,8
4058,250.0,0,1.0,8
4059,118.0,0,1.0,9
4059,200.0,0,1.0,9
4059,250.0,0,1.0,9
4059,354.0,0,1.0,9
4059,100.0,0,1.0,9
4062,1180.0,0,1.0,2
4062,118.0,0,1.0,2
4063,1180.0,0,1.0,10
4063,118.0,0,1.0,10
4064,1000.0,0,1.0,1
4063,236.0,0,1.0,10
4065,118.0,0,1.0,1
4063,290.0,0,1.0,10
4066,199.0,0,1.0,2
4066,20.0,0,1.0,2
4067,1180.0,0,1.0,7
4067,118.0,0,1.0,7
4067,3304.0,0,1.0,7
4067,2950.0,0,1.0,7
2335,53.1,0,1.0,58
2335,23.6,0,1.0,58
4071,1180.0,0,1.0,10
4071,3304.0,0,1.0,10
4071,118.0,0,1.0,10
4071,2950.0,0,1.0,10
4074,1180.0,0,1.0,1
4075,1180.0,0,1.0,5
4075,118.0,0,1.0,5
4079,199.0,0,1.0,1
4080,199.0,0,1.0,1
4082,199.0,0,1.0,1
4084,2950.0,0,1.0,1
4086,5000.0,0,1.0,1
4088,500.0,0,1.0,1
4094,1000.0,0,1.0,1
4096,3000.0,0,1.0,1
4099,5000.0,0,1.0,1
3964,199.0,0,1.0,3
3995,2950.0,0,1.0,3
3995,11800.0,0,1.0,3
3966,11800.0,0,1.0,3
4103,1180.0,0,1.0,1
4104,1180.0,0,1.0,2
4104,118.0,0,1.0,2
4105,1180.0,0,1.0,4
4105,118.0,0,1.0,4
4109,0.0,0,1.0,11
4109,118.0,0,1.0,11
4112,2950.0,0,1.0,11
4113,118.0,0,1.0,3
4112,5900.0,0,1.0,11
4116,118.0,0,1.0,1
4112,50.0,0,1.0,11
4119,199.0,0,1.0,3
4112,11800.0,0,1.0,11
4122,5900.0,0,1.0,1
2334,200.0,0,1.0,79
2334,40.0,0,1.0,79
2334,42.0,0,1.0,79
2334,20.0,0,1.0,79
4123,118.0,0,1.0,1
4124,118.0,0,1.0,5
4132,50.0,0,1.0,18
4138,118.0,0,1.0,3
4132,199.0,0,1.0,18
4138,53.1,0,1.0,3
4140,118.0,0,1.0,3
4142,2950000.0,0,1.0,2
4142,11800.0,0,1.0,2
4143,11800.0,0,1.0,1
4145,118.0,0,1.0,2
4145,11.8,0,1.0,2
4147,2950.0,0,1.0,1
4149,118.0,0,1.0,2
4149,11.8,0,1.0,2
4150,118.0,0,1.0,2
4150,11.8,0,1.0,2
4152,118.0,0,1.0,2
4152,11.8,0,1.0,2
4154,199.0,0,1.0,2
4156,590.0,0,1.0,1
4158,500.0,0,1.0,1
4160,23.6,0,1.0,1
4161,23.6,0,1.0,1
4162,23.6,0,1.0,1
4163,118.0,0,1.0,2
4163,11.8,0,1.0,2
4165,118.0,0,1.0,2
4165,11.8,0,1.0,2
4167,118.0,0,1.0,2
4167,11.8,0,1.0,2
4169,199.0,0,1.0,1
4170,199.0,0,1.0,1
4109,2950.0,0,1.0,11
4171,23.6,0,1.0,1
4109,53.1,0,1.0,11
4173,23.6,0,1.0,1
4174,11800.0,0,1.0,1
1873,120.0,0,1.0,238
4175,11.8,0,1.0,1
4177,23.6,0,1.0,1
4178,23.6,0,1.0,1
3678,2950.0,0,1.0,33
3678,2950000.0,0,1.0,33
4179,23.6,0,1.0,1
4180,11800.0,0,1.0,1
4181,118.0,0,1.0,1
4182,23.6,0,1.0,1
4183,23.6,0,1.0,1
4184,23.6,0,1.0,1
4185,2950.0,0,1.0,1
4186,199.0,0,1.0,5
4188,2950.0,0,1.0,1
4190,100.0,0,1.0,2
4191,100.0,0,1.0,1
4192,11.8,0,1.0,2
4192,5900.0,0,1.0,2
4193,23.6,0,1.0,1
4194,23.6,0,1.0,1
4195,23.6,0,1.0,1
4196,199.0,0,1.0,1
4198,2950.0,0,1.0,1
4200,199.0,0,1.0,8
4201,100.0,0,1.0,1
4200,400.0,0,1.0,8
4204,236.0,0,1.0,6
4204,472.0,0,1.0,6
4200,4000.0,0,1.0,8
4200,40.0,0,1.0,8
4204,118.0,0,1.0,6
4204,2950000.0,0,1.0,6
4206,118.0,0,1.0,10
2334,1000.0,0,1.0,79
2334,10.0,0,1.0,79
4207,500.0,0,1.0,2
4207,199.0,0,1.0,2
2334,50.0,0,1.0,79
4204,59.0,0,1.0,6
4209,118.0,0,1.0,1
4210,11800.0,0,1.0,19
4210,5900.0,0,1.0,19
4211,199.0,0,1.0,14
3502,59.0,0,1.0,25
4211,345.0,0,1.0,14
4212,199.0,0,1.0,8
4212,5000.0,0,1.0,8
4210,1.18,0,1.0,19
4210,118.0,0,1.0,19
4210,354.0,0,1.0,19
4213,11800.0,0,1.0,8
4213,3540.0,0,1.0,8
4214,2950.0,0,1.0,1
4215,700.0,0,1.0,8
4215,5000.0,0,1.0,8
4215,199.0,0,1.0,8
4217,12.0,0,1.0,2
4217,100.0,0,1.0,2
4218,100.0,0,1.0,3
4219,118.0,0,1.0,1
4220,118.0,0,1.0,5
4221,118.0,0,1.0,1
4223,2950.0,0,1.0,1
4224,11800.0,0,1.0,2
4225,199.0,0,1.0,1
4224,5900.0,0,1.0,2
4226,590.0,0,1.0,6
4226,354.0,0,1.0,6
4220,2950000.0,0,1.0,5
4228,118.0,0,1.0,2
4211,100.0,0,1.0,14
4218,199.0,0,1.0,3
4231,100.0,0,1.0,10
4232,100.0,0,1.0,2
4232,1000.0,0,1.0,2
4231,1000.0,0,1.0,10
4211,145.0,0,1.0,14
4211,50.0,0,1.0,14
4211,60.0,0,1.0,14
4231,200.0,0,1.0,10
4211,70.0,0,1.0,14
4211,30.0,0,1.0,14
4211,300.0,0,1.0,14
4226,150.0,0,1.0,6
4233,100.0,0,1.0,1
4234,0.0,0,1.0,1
4226,100.0,0,1.0,6
4235,2950000.0,0,1.0,1
4226,2950.0,0,1.0,6
4236,0.0,0,1.0,1
4213,118.0,0,1.0,8
4213,100.0,0,1.0,8
4213,2950.0,0,1.0,8
4238,0.0,0,1.0,2
4238,1000.0,0,1.0,2
4186,160.0,0,1.0,5
4186,120.0,0,1.0,5
4240,12390.0,0,1.0,7
4240,5900.0,0,1.0,7
4243,130.0,0,1.0,1
4240,3500.0,0,1.0,7
4244,130.0,0,1.0,4
4245,118.0,0,1.0,1
4240,2950.0,0,1.0,7
4240,11800.0,0,1.0,7
4244,199.0,0,1.0,4
4244,225.0,0,1.0,4
4248,118.0,0,1.0,1
4250,199.0,0,1.0,2
4253,9086.0,0,1.0,16
4254,118.0,0,1.0,2
4253,942.82,0,1.0,16
4254,20.0,0,1.0,2
4253,590.0,0,1.0,16
4256,118.0,0,1.0,1
4253,100.0,0,1.0,16
4253,11800.0,0,1.0,16
4250,100.0,0,1.0,2
4257,199.0,0,1.0,1
4259,0.0,0,1.0,1
4260,0.0,0,1.0,1
4262,0.0,0,1.0,1
4264,0.0,0,1.0,2
4264,199.0,0,1.0,2
4212,400.0,0,1.0,8
4253,472.0,0,1.0,16
4253,1180.0,0,1.0,16
4266,11800.0,0,1.0,47
4267,23.6,0,1.0,5
4266,590.0,0,1.0,47
4266,354.0,0,1.0,47
4215,200.0,0,1.0,8
4215,300.0,0,1.0,8
4215,122.0,0,1.0,8
4266,295.0,0,1.0,47
4267,118.0,0,1.0,5
4267,11.8,0,1.0,5
4269,199.0,0,1.0,3
4269,200.0,0,1.0,3
4266,118.0,0,1.0,47
4266,5.9,0,1.0,47
4271,400.0,0,1.0,2
4266,236.0,0,1.0,47
4271,600.0,0,1.0,2
4266,47.2,0,1.0,47
4267,17.7,0,1.0,5
4276,2950.0,0,1.0,1
4277,118.0,0,1.0,5
4277,236.0,0,1.0,5
4283,0.0,0,1.0,1
4284,0.0,0,1.0,1
3678,0.0,0,1.0,33
4277,0.0,0,1.0,5
2169,123.0,0,1.0,13
4285,199.0,0,1.0,1
4286,118.0,0,1.0,3
4286,236.0,0,1.0,3
4287,400.0,0,1.0,1
4288,120.0,0,1.0,1
4266,5900.0,0,1.0,47
4266,3540.0,0,1.0,47
4289,0.0,0,1.0,1
4290,199.0,0,1.0,1
4266,1180.0,0,1.0,47
4266,820.0,0,1.0,47
4266,1000.0,0,1.0,47
4297,118.0,0,1.0,1
4298,2950.0,0,1.0,1
4300,100.0,0,1.0,1
4301,118.0,0,1.0,1
4303,199.0,0,1.0,1
4304,2342.0,0,1.0,1
4305,2342.0,0,1.0,1
4306,2950.0,0,1.0,1
4266,4100.0,0,1.0,47
4266,82.0,0,1.0,47
4266,100.0,0,1.0,47
4307,70.8,0,1.0,1
4308,2950.0,0,1.0,2
4310,118.0,0,1.0,1
4311,2950.0,0,1.0,1
4312,2950.0,0,1.0,1
4313,199.0,0,1.0,1
4315,199.0,0,1.0,1
4316,199.0,0,1.0,1
4317,0.0,0,1.0,1
4318,0.0,0,1.0,1
4319,118.0,0,1.0,1
4320,118.0,0,1.0,1
3502,2950000.0,0,1.0,25
3502,2950.0,0,1.0,25
3502,1180.0,0,1.0,25
4321,0.0,0,1.0,1
4322,0.0,0,1.0,1
4323,0.0,0,1.0,1
4324,0.0,0,1.0,1
4325,0.0,0,1.0,1
4326,0.0,0,1.0,1
4327,0.0,0,1.0,4
151,199.0,0,1.0,2
4327,199.0,0,1.0,4
4331,0.0,0,1.0,1
446,199.0,0,1.0,3
4334,2950.0,0,1.0,1
4337,2950000.0,0,1.0,1
4338,2950000.0,0,1.0,1
4341,199.0,0,1.0,1
4343,199.0,0,1.0,1
4345,0.0,0,1.0,1
2334,234.0,0,1.0,79
4266,410.0,0,1.0,47
2957,0.0,0,1.0,10
4348,0.0,0,1.0,1
4308,23.6,0,1.0,2
4352,0.0,0,1.0,2
4353,0.0,0,1.0,1
4354,0.0,0,1.0,1
4355,120.0,0,0.0,1
4356,118.0,0,1.0,1
4358,11800.0,0,1.0,2
4362,118.0,0,1.0,1
4364,118.0,0,1.0,1
4266,500.0,0,1.0,47
4212,500.0,0,1.0,8
4358,118.0,0,1.0,2
4371,118.0,0,1.0,1
4374,199.0,0,1.0,4
4376,199.0,0,1.0,1
4377,0.0,0,1.0,3
4378,200.0,0,1.0,1
4379,118.0,0,1.0,1
4382,118.0,0,1.0,2
4382,2950000.0,0,1.0,2
4383,118.0,0,1.0,2
4383,2950000.0,0,1.0,2
4384,100.0,0,1.0,2
4244,118.0,0,1.0,4
4384,118.0,0,1.0,2
4388,118.0,0,1.0,2
4389,118.0,0,1.0,2
4391,1000.0,0,1.0,1
4392,118.0,0,1.0,2
4392,2950.0,0,1.0,2
4394,200.0,0,1.0,2
4389,2950.0,0,1.0,2
4377,118.0,0,1.0,3
4394,10.0,0,1.0,2
4388,100.0,0,1.0,2
3678,50.0,0,1.0,33
2335,50.0,0,1.0,58
4397,100.0,0,1.0,1
4398,100.0,0,1.0,1
4399,100.0,0,0.0,1
4400,100.0,0,1.0,1
4210,50.0,0,1.0,19
4401,2950000.0,0,1.0,4
4402,0.0,0,0.0,1
4403,118.0,0,1.0,2
4404,11.8,0,1.0,3
4405,59.0,0,1.0,1
4404,118.0,0,1.0,3
4404,2950000.0,0,1.0,3
4406,199.0,0,1.0,12
4408,100.0,0,1.0,1
4409,0.0,0,1.0,1
4410,0.0,0,1.0,1
4406,40.0,0,1.0,12
4413,2950.0,0,1.0,1
4406,50.0,0,1.0,12
4418,118.0,0,1.0,1
4420,250.0,0,1.0,1
4421,250.0,0,1.0,5
4421,199.0,0,1.0,5
4424,118.0,0,1.0,1
4421,100.0,0,1.0,5
4401,118.0,0,1.0,4
4429,20.0,0,1.0,1
4430,200.0,0,1.0,1
4431,118.0,0,1.0,14
4431,16.4,0,1.0,14
4431,164.0,0,1.0,14
4432,118.0,0,1.0,6
4433,23.6,0,1.0,1
4431,65.6,0,1.0,14
4431,800.0,0,1.0,14
4431,41.0,0,1.0,14
4431,60.0,0,1.0,14
4434,23.6,0,1.0,1
4435,23.6,0,1.0,1
4437,3304.0,0,1.0,7
4437,2950000.0,0,1.0,7
4437,94.4,0,1.0,7
4437,236.0,0,1.0,7
4438,23.6,0,1.0,1
4439,23.6,0,1.0,1
4440,2950.0,0,1.0,1
4443,23.6,0,1.0,1
4444,2950.0,0,1.0,1
4446,118.0,0,1.0,3
4447,118.0,0,1.0,1
4446,2950.0,0,1.0,3
4449,23.6,0,1.0,2
4449,82.0,0,1.0,2
4450,118.0,0,1.0,1
4431,82.0,0,1.0,14
4451,23.6,0,1.0,1
2335,82.0,0,1.0,58
2335,100.0,0,1.0,58
4452,100.0,0,1.0,4
4452,60.0,0,1.0,4
4452,50.0,0,1.0,4
4453,1180.0,0,1.0,17
4453,32.8,0,1.0,17
4453,236.0,0,1.0,17
4453,82.0,0,1.0,17
4453,2950000.0,0,1.0,17
4453,410.0,0,1.0,17
4453,50.0,0,1.0,17
4453,328.0,0,1.0,17
4453,118.0,0,1.0,17
4437,118.0,0,1.0,7
4453,41.0,0,1.0,17
4454,1180.0,0,1.0,6
4454,123.0,0,1.0,6
4454,59.0,0,1.0,6
4454,118.0,0,1.0,6
4454,2950.0,0,1.0,6
4454,50.0,0,1.0,6
4453,2950.0,0,1.0,17
4401,11.8,0,1.0,4
4406,400.0,0,1.0,12
4457,23.6,0,1.0,1
4406,60.0,0,1.0,12
4458,0.0,0,1.0,4
4458,199.0,0,1.0,4
4460,100.0,0,1.0,1
4461,100.0,0,1.0,1
4462,23.6,0,1.0,1
4463,11800.0,0,1.0,1
4464,23.6,0,1.0,1
4466,23.6,0,1.0,1
4467,11800.0,0,1.0,1
4453,500.0,0,1.0,17
4468,11800.0,0,1.0,1
4469,100.0,0,1.0,1
4470,50.0,0,0.0,1
4471,60.0,0,0.0,1
4453,200.0,0,1.0,17
4472,11800.0,0,1.0,1
1235,199.0,0,1.0,2
4473,70.0,0,1.0,1
4474,0.0,0,1.0,1
4477,0.0,0,1.0,1
4478,0.0,0,1.0,1
4479,10.0,0,1.0,1
4480,0.0,0,1.0,1
4453,590.0,0,1.0,17
4453,400.0,0,1.0,17
3806,2950000.0,0,1.0,2
4482,199.0,0,1.0,9
4482,120.0,0,1.0,9
4482,122.0,0,1.0,9
4484,11800.0,0,1.0,1
4482,50.0,0,1.0,9
4485,11800.0,0,1.0,1
4486,11800.0,0,1.0,1
4487,100.0,0,1.0,1
4488,100.0,0,1.0,1
4489,100.0,0,1.0,1
4490,100.0,0,1.0,1
4491,100.0,0,1.0,1
4492,0.0,0,1.0,1
4493,0.0,0,1.0,1
4494,0.0,0,1.0,1
4495,100.0,0,1.0,1
4496,0.0,0,0.0,1
1839,8.2,0,1.0,10
1839,20.0,0,1.0,10
4497,118.0,0,1.0,1
4498,199.0,0,1.0,6
4499,118.0,0,1.0,10
4500,236.0,0,1.0,11
4499,10.0,0,1.0,10
4501,118.0,0,1.0,1
4499,236.0,0,1.0,10
4503,118.0,0,1.0,1
4498,50.0,0,1.0,6
4505,199.0,0,1.0,1
4506,199.0,0,1.0,6
4507,0.0,0,1.0,1
4499,12.0,0,1.0,10
4508,100.0,0,1.0,8
4499,2.36,0,1.0,10
4506,4.0,0,1.0,6
4506,3.0,0,1.0,6
4506,10.0,0,1.0,6
4210,200.0,0,1.0,19
4499,30.0,0,1.0,10
4210,300.0,0,1.0,19
4509,199.0,0,1.0,26
4509,50.0,0,1.0,26
4509,580.0,0,1.0,26
4509,40.0,0,1.0,26
4509,90.0,0,1.0,26
4509,60.0,0,1.0,26
4509,800.0,0,1.0,26
4509,0.0,0,1.0,26
4509,59.0,0,1.0,26
4511,100.0,0,1.0,1
4018,11.8,0,1.0,6
4512,99.0,0,1.0,7
4018,10.0,0,1.0,6
4512,55.0,0,1.0,7
4509,29.0,0,1.0,26
4512,19.0,0,1.0,7
4512,25.0,0,1.0,7
4432,100.0,0,1.0,6
4513,100.0,0,1.0,7
4513,20.0,0,1.0,7
4513,300.0,0,1.0,7
4513,50.0,0,1.0,7
4508,120.0,0,1.0,8
4500,100.0,0,1.0,11
4514,523.0,0,1.0,1
4515,0.0,0,1.0,2
4516,0.0,0,1.0,2
4500,1000.0,0,1.0,11
4516,199.0,0,1.0,2
4517,0.0,0,1.0,1
4518,0.0,0,1.0,2
4509,100.0,0,1.0,26
4519,118.0,0,1.0,1
4520,100.0,0,0.0,2
4520,199.0,0,1.0,2
4521,0.0,0,0.0,2
4521,120.0,0,1.0,2
4518,82.0,0,1.0,2
4432,177.0,0,1.0,6
4515,170.0,0,1.0,2
4509,10.0,0,1.0,26
4509,30.0,0,1.0,26
4500,2.36,0,1.0,11
4522,118.0,0,1.0,5
4522,130.0,0,1.0,5
4523,199.0,0,1.0,1
4522,120.36,0,1.0,5
2334,19.0,0,1.0,79
4524,118.0,0,1.0,12
4524,120.0,0,1.0,12
2334,29.0,0,1.0,79
2334,30.0,0,1.0,79
4524,101.0,0,1.0,12
4524,119.18,0,1.0,12
4524,121.54,0,1.0,12
4524,357.54,0,1.0,12
4525,11800.0,0,1.0,2
4524,303.0,0,1.0,12
4512,50.0,0,1.0,7
4509,102.0,0,1.0,26
4527,199.0,0,1.0,8
4018,1.0,0,1.0,6
4528,1180.0,0,1.0,21
4528,80.0,0,1.0,21
4528,94.4,0,1.0,21
4529,199.0,0,1.0,17
4352,199.0,0,1.0,2
4529,100.0,0,1.0,17
4528,53.1,0,1.0,21
4529,202.0,0,1.0,17
4528,100.0,0,1.0,21
4529,10.0,0,1.0,17
4525,100.0,0,1.0,2
4522,70.8,0,1.0,5
4528,17.7,0,1.0,21
4528,60.0,0,1.0,21
4528,120.36,0,1.0,21
4528,1203.6,0,1.0,21
4528,130.98,0,1.0,21
4524,145.14,0,1.0,12
4528,50.0,0,1.0,21
4524,1456.12,0,1.0,12
4529,150.0,0,1.0,17
4528,35.0,0,1.0,21
4528,35.4,0,1.0,21
4529,120.0,0,1.0,17
4528,500.0,0,1.0,21
4528,472.0,0,1.0,21
4531,11800.0,0,1.0,4
4532,118.0,0,1.0,7
4527,150.0,0,1.0,8
4532,237.18,0,1.0,7
4532,201.0,0,1.0,7
4532,111.0,0,1.0,7
4532,130.98,0,1.0,7
4531,15.0,0,1.0,4
4532,1310.98,0,1.0,7
4531,59.0,0,1.0,4
4531,236.0,0,1.0,4
4509,25.0,0,1.0,26
4018,118.0,0,1.0,6
4528,55.0,0,1.0,21
4512,15.0,0,1.0,7
4534,500.0,0,1.0,7
4534,94.4,0,1.0,7
4534,25.0,0,1.0,7
4534,59.0,0,1.0,7
4535,47.2,0,1.0,2
4535,590.0,0,1.0,2
4529,40.0,0,1.0,17
4537,40.0,0,1.0,7
4537,99.0,0,1.0,7
4537,472.0,0,1.0,7
4529,50.0,0,1.0,17
4266,644.28,0,1.0,47
4527,160.0,0,1.0,8
4538,0.0,0,1.0,1
4539,118.0,0,1.0,1
4540,100.0,0,1.0,1
4541,0.0,0,1.0,1
4542,47.2,0,1.0,4
4543,40.0,0,1.0,1
4544,47.2,0,1.0,1
4527,220.0,0,1.0,8
4545,12.0,0,0.0,2
4537,59.0,0,1.0,7
4537,60.0,0,1.0,7
4545,100.0,0,1.0,2
4537,90.0,0,1.0,7
4542,70.8,0,1.0,4
4542,90.0,0,1.0,4
4542,1000.0,0,1.0,4
4534,99.0,0,1.0,7
4534,199.0,0,1.0,7
4534,234.82,0,1.0,7
4548,0.0,0,1.0,1
4527,100.0,0,1.0,8
2335,41.0,0,1.0,58
4549,118.0,0,1.0,1
4024,118.0,0,1.0,4
4551,0.0,0,1.0,2
4552,118.0,0,1.0,1
4551,100.0,0,1.0,2
4553,4000.0,0,1.0,1
4555,2000.0,0,1.0,1
4556,6000.0,0,1.0,6
4556,2950.0,0,1.0,6
4558,0.0,0,1.0,1
4559,0.0,0,1.0,1
4556,500.0,0,1.0,6
4560,0.0,0,1.0,1
4561,0.0,0,1.0,1
4562,100.0,0,1.0,5
4563,0.0,0,1.0,1
4564,0.0,0,1.0,1
4562,82.0,0,1.0,5
4562,164.0,0,1.0,5
4562,200.0,0,1.0,5
4562,410.0,0,1.0,5
4565,0.0,0,1.0,2
4565,120.0,0,1.0,2
2335,225.0,0,1.0,58
4566,100.0,0,1.0,2
4566,118.0,0,1.0,2
4567,10.0,0,1.0,1
4568,0.0,0,1.0,2
4568,118.0,0,1.0,2
4569,0.0,0,0.0,3
4569,199.0,0,1.0,3
4569,0.0,0,1.0,3
4570,0.0,0,0.0,2
4571,0.0,0,1.0,1
4572,100.0,0,1.0,1
4573,10.0,0,0.0,6
4574,23.0,0,1.0,4
4574,8.2,0,1.0,4
4575,3304.0,0,1.0,5
4575,100.0,0,1.0,5
4576,0.0,0,1.0,6
4576,200.0,0,1.0,6
4576,295.0,0,1.0,6
4576,90.0,0,1.0,6
4577,0.0,0,1.0,4
4577,199.0,0,1.0,4
4577,35.0,0,1.0,4
4577,40.0,0,1.0,4
4377,40.0,0,1.0,3
4458,300.0,0,1.0,4
4576,2.0,0,1.0,6
4578,0.0,0,0.0,2
4578,1.0,0,1.0,2
4132,0.0,0,1.0,18
2334,900.0,0,1.0,79
4579,0.0,0,1.0,5
4579,5.9,0,1.0,5
4580,100.0,0,1.0,4
4579,1.18,0,1.0,5
4581,0.0,0,1.0,1
4580,45.0,0,1.0,4
4580,354.0,0,1.0,4
4580,708.0,0,1.0,4
4582,1.0,0,1.0,1
4583,199.0,0,1.0,1
4584,200.0,0,1.0,5
4584,59.0,0,1.0,5
4584,20.0,0,1.0,5
4584,10.0,0,1.0,5
2334,122.0,0,1.0,79
4575,222.0,0,1.0,5
4574,120.0,0,1.0,4
4574,328.0,0,1.0,4
4575,333.0,0,1.0,5
4573,199.0,0,1.0,6
4585,100.0,0,0.0,3
4513,1000.0,0,1.0,7
4585,199.0,0,1.0,3
4585,0.0,0,1.0,3
4586,1000.0,0,0.0,2
4586,199.0,0,1.0,2
4587,0.0,0,0.0,1
4546,150.0,0,1.0,1
2334,61.0,0,1.0,79
4529,350.0,0,1.0,17
2334,22.0,0,1.0,79
4327,122.0,0,1.0,4
4588,199.0,0,1.0,1
4529,450.0,0,1.0,17
1873,15.0,0,1.0,238
4529,600.0,0,1.0,17
1873,40.0,0,1.0,238
4529,750.0,0,1.0,17
4529,580.0,0,1.0,17
4590,199.0,0,1.0,1
4591,199.0,0,1.0,1
4592,1000.0,0,1.0,1
4593,199.0,0,1.0,1
4594,199.0,0,1.0,1
4595,0.0,0,1.0,1
4596,0.0,0,1.0,1
4597,0.0,0,0.0,1
4598,500.0,0,0.0,1
4599,100.0,0,0.0,1
4600,100.0,0,0.0,1
4601,456.0,0,1.0,1
4602,0.0,0,0.0,1
4603,0.0,0,0.0,1
4604,0.0,0,0.0,1
4605,199.0,0,1.0,3
4579,100.0,0,1.0,5
4266,3000.0,0,1.0,47
4266,2360.0,0,1.0,47
4606,23.6,0,1.0,2
4606,10000.0,0,1.0,2
4605,1000.0,0,1.0,3
4607,199.0,0,1.0,1
4605,100.0,0,1.0,3
4608,199.0,0,1.0,1
4609,199.0,0,1.0,2
4609,200.0,0,1.0,2
4610,199.0,0,1.0,2
4610,200.0,0,1.0,2
4611,100.0,0,1.0,1
4612,199.0,0,1.0,1
4613,199.0,0,1.0,2
4613,200.0,0,1.0,2
4614,199.0,0,1.0,3
4615,199.0,0,1.0,1
4616,199.0,0,1.0,2
4616,200.0,0,1.0,2
4614,10.0,0,1.0,3
4266,700.0,0,1.0,47
4617,199.0,0,1.0,1
4618,199.0,0,1.0,2
4618,200.0,0,1.0,2
4619,2950.0,0,1.0,1
4621,100.0,0,1.0,1
4622,118.0,0,1.0,1
4623,2950000.0,0,1.0,1
4624,2950000.0,0,1.0,1
4625,100.0,0,1.0,1
4626,100.0,0,1.0,1
4627,100.0,0,1.0,1
4629,0.0,0,1.0,2
4629,199.0,0,1.0,2
4630,118.0,0,1.0,1
4570,199.0,0,1.0,2
4631,200.0,0,1.0,1
4632,3000.0,0,1.0,1
4633,118.0,0,1.0,3
4633,100.0,0,1.0,3
4633,20.0,0,1.0,3
4637,118.0,0,1.0,1
4646,11800.0,0,1.0,1
4647,11800.0,0,1.0,1
4653,11800.0,0,1.0,1
4654,199.0,0,1.0,1
4655,199.0,0,1.0,1
4656,11800.0,0,1.0,1
4657,11800.0,0,1.0,1
4658,11800.0,0,1.0,1
4659,199.0,0,1.0,1
4660,123.0,0,1.0,1
4661,199.0,0,1.0,1
4662,11798.82,0,1.0,1
4663,11798.82,0,1.0,1
4664,390.0,0,1.0,1
4665,11.8,0,1.0,1
4666,345.0,0,1.0,1
4674,59.0,0,1.0,1
4675,59.0,0,1.0,1
4676,59.0,0,1.0,1
4677,53.1,0,1.0,1
4679,500.0,0,1.0,7
4679,100.0,0,1.0,7
4680,59.0,0,1.0,1
4681,100.0,0,1.0,1
4682,199.0,0,1.0,1
4683,53.1,0,1.0,4
4684,53.1,0,1.0,1
4685,53.1,0,1.0,1
4686,0.0,0,1.0,1
4687,100.0,0,1.0,1
4688,0.0,0,0.0,1
4689,0.0,0,1.0,1
4690,0.0,0,0.0,1
4691,0.0,0,0.0,1
4694,118.0,0,1.0,1
4695,199.0,0,1.0,1
4696,560.5,0,1.0,1
4697,1180.0,0,1.0,1
4698,1180.0,0,1.0,1
4699,199.0,0,1.0,1
4700,200.0,0,1.0,1
4704,300.0,0,1.0,1
4705,100.0,0,1.0,1
4706,100.0,0,1.0,1
4707,1180.0,0,1.0,1
4708,560.5,0,1.0,1
4709,560.5,0,1.0,1
4710,100.0,0,1.0,1
4712,1180.0,0,1.0,1
4713,1000.0,0,1.0,1
4714,567.0,0,1.0,1
4715,100.0,0,1.0,1
4716,199.0,0,1.0,1
4717,100.0,0,1.0,1
4718,560.5,0,1.0,5
4719,199.0,0,1.0,1
4720,1180.0,0,1.0,1
4679,234.0,0,1.0,7
4721,1180.0,0,1.0,1
4722,1180.0,0,1.0,1
4723,100.0,0,1.0,1
4724,100.0,0,1.0,1
4725,200.0,0,1.0,1
4718,700.0,0,1.0,5
4726,1180.0,0,1.0,1
4727,1180.0,0,1.0,1
4728,199.0,0,1.0,1
4729,53.1,0,1.0,1
4730,80.0,0,1.0,1
4731,100.0,0,1.0,1
4718,600.0,0,1.0,5
4732,1180.0,0,1.0,1
4718,1000.0,0,1.0,5
4733,1000.0,0,1.0,1
4734,199.0,0,1.0,1
4735,100.0,0,1.0,1
4736,199.0,0,1.0,6
4737,200.0,0,1.0,1
4718,100.0,0,1.0,5
4736,150.0,0,1.0,6
4736,200.0,0,1.0,6
4741,11800.0,0,1.0,1
4744,1000.0,0,1.0,1
4745,1000.0,0,1.0,1
4746,43.0,0,1.0,1
4747,50.0,0,1.0,1
4748,500.0,0,1.0,1
4751,123.0,0,1.0,1
4753,0.0,0,1.0,1
4754,0.0,0,1.0,1
4755,0.0,0,1.0,1
4756,0.0,0,1.0,1
4757,0.0,0,1.0,1
4758,0.0,0,1.0,1
4759,0.0,0,1.0,1
4760,0.0,0,1.0,1
4761,11800.0,0,1.0,1
4762,0.0,0,1.0,1
4763,200.0,0,0.0,1
4764,200.0,0,0.0,1
4765,1000.0,0,0.0,1
4768,200.0,0,0.0,1
4769,199.0,0,1.0,1
4771,24.0,0,1.0,1
4774,345.0,0,1.0,1
4776,1180.0,0,1.0,1
4778,1000.0,0,0.0,1
4780,400.0,0,1.0,1
4781,10000.0,0,1.0,1
4782,560.5,0,1.0,1
4783,1180.0,0,1.0,1
4784,500.0,0,1.0,1
4785,35.0,0,1.0,2
4785,500.0,0,1.0,2
4786,560.5,0,1.0,1
4787,324.0,0,1.0,1
4789,199.0,0,1.0,2
4579,45.0,0,1.0,5
4575,53.1,0,1.0,5
4790,50.0,0,1.0,1
4791,11800.0,0,1.0,6
4792,560.5,0,1.0,1
4793,118.0,0,1.0,1
4794,560.5,0,1.0,1
4795,200.0,0,1.0,1
4796,345.0,0,1.0,1
4797,100.0,0,1.0,1
4798,199.0,0,1.0,5
4799,199.0,0,1.0,8
4800,560.5,0,1.0,1
4801,199.0,0,1.0,1
4791,100.0,0,1.0,6
4802,475.0,0,1.0,9
4798,900.0,0,1.0,5
4791,890.0,0,1.0,6
4683,10000.0,0,1.0,4
4683,100000.0,0,1.0,4
4804,1180.0,0,1.0,1
4805,1180.0,0,1.0,1
4802,5000.0,0,1.0,9
4799,500.0,0,1.0,8
4806,1180.0,0,1.0,1
2334,34.0,0,1.0,79
4807,3543.0,0,0.0,1
4798,500.0,0,1.0,5
4802,10000.0,0,1.0,9
4802,101000.0,0,1.0,9
4802,100000.0,0,1.0,9
4802,1000000.0,0,1.0,9
4799,10000.0,0,1.0,8
4791,500.0,0,1.0,6
4798,10000.0,0,1.0,5
4808,11800.0,0,1.0,3
4809,1180.0,0,1.0,8
4799,958.0,0,1.0,8
4809,118.0,0,1.0,8
4808,500.0,0,1.0,3
4808,300.0,0,1.0,3
4809,100.0,0,1.0,8
4809,300.0,0,1.0,8
4810,1180.0,0,1.0,1
4811,200.0,0,1.0,1
4812,100.0,0,1.0,1
4813,199.0,0,1.0,1
4809,50.0,0,1.0,8
4809,47.2,0,1.0,8
4814,232.0,0,1.0,1
4815,199.0,0,1.0,2
4816,199.0,0,1.0,1
4817,100.0,0,1.0,1
4818,100.0,0,1.0,1
4815,60.0,0,1.0,2
4819,199.0,0,1.0,2
4132,35.0,0,1.0,18
4820,40.0,0,1.0,1
4821,47.2,0,1.0,1
4822,47.2,0,1.0,1
4823,199.0,0,1.0,1
4824,199.0,0,1.0,1
4825,199.0,0,1.0,1
4826,555.0,0,1.0,1
4827,454.0,0,1.0,1
4828,242.0,0,1.0,1
4829,34.0,0,1.0,1
4830,50.0,0,1.0,7
4830,55.0,0,1.0,7
4831,34.0,0,1.0,1
4832,34.0,0,1.0,6
4830,456.0,0,1.0,7
4830,45.0,0,1.0,7
4830,700.0,0,1.0,7
4832,456.0,0,1.0,6
4809,10000000.0,0,1.0,8
4799,999911.0,0,1.0,8
4832,10000.0,0,1.0,6
4830,800.0,0,1.0,7
4833,560.5,0,1.0,1
4834,560.5,0,1.0,1
4832,118.0,0,1.0,6
4836,11800.0,0,1.0,1
4837,11800.0,0,1.0,1
4838,199.0,0,1.0,1
4832,590.0,0,1.0,6
4584,538.08,0,1.0,5
4839,15000.0,0,1.0,1
4840,560.5,0,1.0,1
4841,34.0,0,1.0,1
4842,199.0,0,1.0,1
4843,199.0,0,1.0,1
4844,0.0,0,1.0,1
4845,0.0,0,1.0,3
4846,560.5,0,1.0,3
4845,199.0,0,1.0,3
4845,234.0,0,1.0,3
4847,45.0,0,1.0,6
4847,345.0,0,1.0,6
4848,786.0,0,0.0,1
4849,560.5,0,1.0,2
4847,199.0,0,1.0,6
4851,345.0,0,0.0,1
4852,3453.0,0,1.0,1
4849,700.0,0,1.0,2
4853,53.1,0,1.0,9
4854,2950000.0,0,1.0,5
4853,118.0,0,1.0,9
4854,1050.2,0,1.0,5
4855,234.0,0,1.0,1
4856,199.0,0,1.0,2
4856,800.0,0,1.0,2
4854,118.0,0,1.0,5
4854,11798.82,0,1.0,5
4858,10000.0,0,1.0,1
4132,500.0,0,1.0,18
4859,100000.0,0,1.0,1
4860,10000.0,0,1.0,1
4862,10000.0,0,0.0,1
4853,1180.0,0,1.0,9
4863,50.0,0,1.0,1
4853,11.8,0,1.0,9
4864,560.5,0,1.0,1
4865,4170.12,0,1.0,1
4866,456.0,0,1.0,1
4867,46.0,0,1.0,2
4867,199.0,0,1.0,2
4868,1000.0,0,1.0,1
4869,100.0,0,0.0,1
4870,345.0,0,1.0,1
4871,45.0,0,0.0,1
4872,0.0,0,0.0,1
4873,199.0,0,1.0,1
4874,199.0,0,1.0,4
4876,10000.0,0,1.0,1
4877,1000.0,0,0.0,1
4878,100000.0,0,0.0,1
4879,10000.0,0,1.0,1
4798,600.0,0,1.0,5
4880,100000.0,0,0.0,1
4881,1000.0,0,0.0,2
4882,11800.0,0,1.0,1
4881,199.0,0,1.0,2
4883,199.0,0,1.0,1
4884,199.0,0,1.0,1
4886,40.0,0,0.0,1
4887,34.0,0,1.0,1
4888,1000.0,0,1.0,1
4889,10000.0,0,1.0,1
4890,34.0,0,1.0,1
4891,10000.0,0,0.0,1
4892,1000.0,0,1.0,1
4893,34.0,0,1.0,1
4894,34.0,0,1.0,2
4894,118.0,0,1.0,2
4895,10000.0,0,1.0,2
4896,0.0,0,1.0,1
4897,34.0,0,1.0,2
4897,55.0,0,1.0,2
4895,34.0,0,1.0,2
4898,1000.0,0,1.0,1
4900,546.0,0,0.0,1
4901,50.0,0,1.0,1
4902,1180.0,0,1.0,4
4902,118.0,0,1.0,4
4906,53.1,0,1.0,1
4907,53.1,0,1.0,1
4908,118.0,0,1.0,2
4909,199.0,0,1.0,1
4910,199.0,0,1.0,1
4908,500.0,0,1.0,2
4915,0.0,0,1.0,1
4916,199.0,0,1.0,1
4918,11800.0,0,1.0,1
4919,100.0,0,1.0,1
4925,11800.0,0,1.0,1
4928,100.0,0,0.0,1
4929,199.0,0,1.0,2
4929,100.0,0,1.0,2
4930,10.0,0,1.0,1
4931,100.0,0,0.0,1
4932,100.0,0,0.0,1
4933,100.0,0,0.0,1
4934,100.0,0,1.0,1
4935,100.0,0,1.0,1
4936,560.5,0,1.0,1
4941,100.0,0,1.0,1
4942,118.0,0,1.0,4
4944,11800.0,0,1.0,1
4946,560.5,0,1.0,1
4947,5000.0,0,1.0,1
4948,118.0,0,1.0,1
4949,700.0,0,0.0,1
4950,300.0,0,0.0,1
4951,53.1,0,1.0,1
4952,100.0,0,0.0,2
4952,199.0,0,1.0,2
4954,100.0,0,0.0,2
4954,199.0,0,1.0,2
4960,15000.0,0,1.0,3
4960,9000.0,0,1.0,3
4960,920.0,0,1.0,3
4961,23.0,0,1.0,1
4962,118.0,0,1.0,2
4962,500.0,0,1.0,2
4964,50.0,0,1.0,2
4964,118.0,0,1.0,2
4968,100.0,0,1.0,1
4978,560.5,0,1.0,1
4942,1.18,0,1.0,4
4942,1062.0,0,1.0,4
4989,1180.0,0,1.0,1
4991,100.0,0,1.0,1
4992,234.82,0,1.0,1
4994,5900.0,0,1.0,5
4999,234.82,0,1.0,3
4994,200.0,0,1.0,5
5000,5900.0,0,1.0,4
5001,199.0,0,1.0,3
5002,199.0,0,1.0,2
2169,120.0,0,1.0,13
5000,240.0,0,1.0,4
5000,100.0,0,1.0,4
5000,236.0,0,1.0,4
4791,1000.0,0,1.0,6
4791,133.0,0,1.0,6
5026,199.0,0,1.0,1
5027,199.0,0,1.0,3
5028,0.0,0,0.0,1
5030,100.0,0,0.0,1
5027,100.0,0,1.0,3
4999,100.0,0,1.0,3
5001,200.0,0,1.0,3
5001,20.0,0,1.0,3
4999,300.0,0,1.0,3
5031,199.0,0,1.0,2
4819,350.0,0,1.0,2
5031,100.0,0,1.0,2
4994,90.0,0,1.0,5
4994,47.2,0,1.0,5
4994,70.0,0,1.0,5
5032,5900.0,0,1.0,1
5033,0.0,0,1.0,1
5034,40.0,0,1.0,8
5035,40.0,0,1.0,1
5036,130.0,0,1.0,3
5034,199.0,0,1.0,8
5036,118.0,0,1.0,3
5034,100.0,0,1.0,8
5037,100.0,0,1.0,2
5037,118.0,0,1.0,2
5038,234.82,0,1.0,1
5034,110.0,0,1.0,8
5034,122.0,0,1.0,8
5039,0.0,0,1.0,3
5040,0.0,0,1.0,2
5040,177.0,0,1.0,2
5041,100.0,0,1.0,1
5042,177.0,0,1.0,1
5043,150.0,0,1.0,1
5044,100.0,0,1.0,1
5045,234.82,0,1.0,1
5046,118.0,0,1.0,1
4902,200.0,0,1.0,4
5047,100.0,0,1.0,1
5048,11800.0,0,1.0,1
5049,11800.0,0,1.0,1
5050,11800.0,0,1.0,1
5051,11800.0,0,1.0,1
5052,1.0,0,1.0,1
5053,500.0,0,1.0,1
5054,199.0,0,1.0,1
5055,11800.0,0,1.0,2
5056,11800.0,0,1.0,1
5057,199.0,0,1.0,1
5058,11800.0,0,1.0,2
5059,11800.0,0,1.0,1
5060,11800.0,0,1.0,1
5061,236.0,0,1.0,3
5062,10.0,0,1.0,1
5061,0.0,0,1.0,3
5055,10.0,0,1.0,2
5063,11800.0,0,1.0,1
5039,122.0,0,1.0,3
5064,236.0,0,1.0,1
5065,90.0,0,0.0,1
5066,90.0,0,1.0,1
5068,199.0,0,1.0,1
5069,11800.0,0,1.0,2
5070,590.0,0,1.0,1
5071,590.0,0,1.0,1
5061,12.98,0,1.0,3
5072,236.0,0,1.0,1
5073,100.0,0,1.0,1
5027,200.0,0,1.0,3
5080,100.0,0,1.0,2
5081,236.0,0,1.0,1
5090,11800.0,0,1.0,2
5090,141.6,0,1.0,2
5092,236.0,0,1.0,1
5096,236.0,0,1.0,1
5101,11800.0,0,1.0,2
5102,199.0,0,1.0,1
5101,1180.0,0,1.0,2
5103,236.0,0,1.0,1
5104,11800.0,0,1.0,1
5106,5900.0,0,1.0,3
5106,100.0,0,1.0,3
5106,236.0,0,1.0,3
5109,234.82,0,1.0,1
5112,11800.0,0,1.0,1
5058,118.0,0,1.0,2
5114,11800.0,0,1.0,1
5117,234.82,0,1.0,2
5118,234.82,0,1.0,2
5119,234.82,0,1.0,1
5121,234.82,0,1.0,2
5123,234.82,0,1.0,1
5124,5.0,0,1.0,1
5121,118.0,0,1.0,2
5117,236.0,0,1.0,2
5125,5900.0,0,1.0,2
5127,11800.0,0,1.0,1
5130,11800.0,0,1.0,2
5130,118.0,0,1.0,2
5131,11800.0,0,1.0,2
5131,100.0,0,1.0,2
5125,100.0,0,1.0,2
5134,234.82,0,1.0,1
5137,100.0,0,1.0,1
5138,5900.0,0,1.0,1
5139,234.82,0,1.0,1
5140,234.82,0,1.0,1
5141,234.82,0,1.0,1
5142,234.82,0,1.0,2
5142,5900.0,0,1.0,2
5143,234.82,0,1.0,2
5143,11.8,0,1.0,2
5145,234.82,0,1.0,1
5146,222.0,0,1.0,1
4846,234.82,0,1.0,3
4846,10.0,0,1.0,3
5147,34.0,0,1.0,2
5148,11800.0,0,1.0,1
5149,234.82,0,1.0,6
5150,11800.0,0,1.0,3
5150,236.0,0,1.0,3
5150,100.0,0,1.0,3
5151,100.0,0,1.0,1
5147,0.0,0,1.0,2
5149,100.0,0,1.0,6
5149,300.0,0,1.0,6
5149,472.0,0,1.0,6
5149,600.0,0,1.0,6
5039,61.0,0,1.0,3
5160,234.82,0,1.0,1
5163,0.0,0,1.0,1
5164,11800.0,0,1.0,1
5165,199.0,0,1.0,1
5166,500.0,0,1.0,8
5169,200.0,0,1.0,4
5169,118.0,0,1.0,4
5169,141.6,0,1.0,4
5174,5000.0,0,1.0,3
5176,5900.0,0,1.0,2
5174,118.0,0,1.0,3
5176,1222.0,0,1.0,2
5174,1222.0,0,1.0,3
5178,199.0,0,1.0,1
5166,3000.0,0,1.0,8
5166,199.0,0,1.0,8
5179,199.0,0,1.0,3
5179,333.0,0,1.0,3
5179,224.0,0,1.0,3
5180,11800.0,0,1.0,1
5181,11800.0,0,1.0,1
5149,234.0,0,1.0,6
5183,234.82,0,1.0,1
5166,212.0,0,1.0,8
5184,234.82,0,1.0,2
5186,5900.0,0,1.0,13
5188,11800.0,0,1.0,1
5184,5900.0,0,1.0,2
5190,5900.0,0,1.0,1
5191,234.82,0,1.0,2
5193,199.0,0,1.0,9
5166,123.0,0,1.0,8
5201,11800.0,0,1.0,2
5186,234.82,0,1.0,13
5186,11800.0,0,1.0,13
5204,234.82,0,1.0,2
5204,11800.0,0,1.0,2
5205,199.0,0,1.0,2
5205,234.82,0,1.0,2
5206,11800.0,0,1.0,2
5207,234.82,0,1.0,2
5206,234.82,0,1.0,2
5193,100.0,0,1.0,9
5208,11800.0,0,1.0,1
5212,234.82,0,1.0,2
5212,5900.0,0,1.0,2
5213,5900.0,0,1.0,1
5215,234.82,0,1.0,1
5216,199.0,0,1.0,4
5217,150.0,0,1.0,6
5219,199.0,0,1.0,1
5220,234.82,0,1.0,9
5221,234.82,0,1.0,1
5224,199.0,0,1.0,3
5225,234.82,0,1.0,10
5228,5900.0,0,1.0,6
5220,118.0,0,1.0,9
5229,199.0,0,1.0,2
5225,248.98,0,1.0,10
5220,199.0,0,1.0,9
5201,300.0,0,1.0,2
5225,98.0,0,1.0,10
5217,50.0,0,1.0,6
5220,50.0,0,1.0,9
5225,5900.0,0,1.0,10
5217,59.0,0,1.0,6
5225,11800.0,0,1.0,10
5230,9000.0,0,1.0,1
5217,234.82,0,1.0,6
5220,5900.0,0,1.0,9
5228,10.0,0,1.0,6
5231,11800.0,0,1.0,7
5228,11.8,0,1.0,6
5228,14.16,0,1.0,6
5228,500.0,0,1.0,6
5233,5000.0,0,1.0,5
5234,100.0,0,1.0,1
5235,300.0,0,1.0,1
5236,5000.0,0,1.0,2
5237,354.0,0,1.0,2
5236,199.0,0,1.0,2
5237,145.14,0,1.0,2
5239,199.0,0,1.0,1
5233,11.0,0,1.0,5
5240,199.0,0,1.0,1
5217,5900.0,0,1.0,6
5241,150.0,0,1.0,7
5242,199.0,0,1.0,1
5241,11800.0,0,1.0,7
5233,500000.0,0,1.0,5
5233,0.0,0,1.0,5
5246,199.0,0,1.0,1
5241,234.82,0,1.0,7
5241,5900.0,0,1.0,7
5249,11800.0,0,1.0,2
5250,4720.0,0,1.0,1
5252,199.0,0,1.0,1
5231,199.0,0,1.0,7
5220,150.0,0,1.0,9
5224,230.0,0,1.0,3
5231,234.82,0,1.0,7
5224,600.0,0,1.0,3
5233,118.0,0,1.0,5
5241,90.0,0,1.0,7
5258,5000.0,0,1.0,1
5231,500.0,0,1.0,7
5259,199.0,0,1.0,3
5231,10.0,0,1.0,7
5231,23.6,0,1.0,7
5261,200.0,0,1.0,1
5262,199.0,0,1.0,1
5269,234.82,0,1.0,1
5274,100.0,0,1.0,1
5275,100.0,0,0.0,1
5276,100.0,0,0.0,1
5277,234.82,0,1.0,2
5277,5000.0,0,1.0,2
5278,5900.0,0,1.0,1
5279,5900.0,0,1.0,1
5280,234.82,0,1.0,1
5281,5900.0,0,1.0,1
5282,5000.0,0,1.0,2
5283,199.0,0,1.0,2
5284,199.0,0,1.0,1
5285,5900.0,0,1.0,1
5286,5900.0,0,1.0,1
5287,5900.0,0,1.0,1
5288,5900.0,0,1.0,1
5289,5900.0,0,1.0,1
5290,5900.0,0,1.0,1
5292,11800.0,0,1.0,1
5293,11800.0,0,1.0,2
5193,1000.0,0,1.0,9
5193,1001.0,0,1.0,9
5293,199.0,0,1.0,2
5294,5900.0,0,1.0,3
5294,121.0,0,1.0,3
5294,123.0,0,1.0,3
4736,5000.0,0,1.0,6
1873,5000.0,0,1.0,238
5259,5000.0,0,1.0,3
5283,778.0,0,1.0,2
5295,11800.0,0,1.0,1
5296,234.82,0,1.0,1
3037,5000.0,0,1.0,3
5297,17700.0,0,1.0,2
5297,29500.0,0,1.0,2
5299,499.0,0,1.0,1
5300,15000.0,0,1.0,2
5300,4788.0,0,1.0,2
5302,17700.0,0,1.0,2
5302,29500.0,0,1.0,2
5304,17700.0,0,1.0,2
5304,29500.0,0,1.0,2
5306,17700.0,0,1.0,2
5306,29500.0,0,1.0,2
5308,17700.0,0,1.0,2
5308,29500.0,0,1.0,2
1873,4788.0,0,1.0,238
5310,17700.0,0,1.0,24
5310,29500.0,0,1.0,24
5312,17700.0,0,1.0,2
5312,29500.0,0,1.0,2
5314,17700.0,0,1.0,7
5314,29500.0,0,1.0,7
5316,17700.0,0,1.0,2
5316,29500.0,0,1.0,2
5318,17700.0,0,1.0,2
5318,29500.0,0,1.0,2
5320,17700.0,0,1.0,2
5320,29500.0,0,1.0,2
5322,17700.0,0,1.0,116
5322,29500.0,0,1.0,116
5324,17700.0,0,1.0,3
5324,29500.0,0,1.0,3
5326,499.0,0,1.0,2
5326,4788.0,0,1.0,2
5327,499.0,0,1.0,1
5328,499.0,0,1.0,1
5329,17700.0,0,1.0,1
5330,29500.0,0,1.0,1
5331,17700.0,0,1.0,1
5332,499.0,0,1.0,1
5333,17700.0,0,1.0,1
5335,499.0,0,1.0,11
5337,29500.0,0,1.0,1
5339,499.0,0,1.0,1
5340,29500.0,0,1.0,1
5341,499.0,0,1.0,1
5342,17700.0,0,1.0,1
5343,499.0,0,1.0,1
5344,499.0,0,1.0,2
5345,499.0,0,1.0,1
5346,588.82,0,1.0,1
5350,499.0,0,1.0,1
5352,17700.0,0,1.0,1
5354,499.0,0,1.0,1
1873,499.0,0,1.0,238
5355,2.0,0,1.0,1
5356,17700.0,0,1.0,6
5358,4788.0,0,1.0,7
5358,499.0,0,1.0,7
5358,10000.0,0,1.0,7
5360,25000.0,0,1.0,2
5361,499.0,0,1.0,1
5362,499.0,0,1.0,1
5363,4788.0,0,1.0,1
5368,499.0,0,1.0,7
5369,499.0,0,1.0,4
5371,0.0,0,1.0,2
5371,499.0,0,1.0,2
5356,29500.0,0,1.0,6
5374,4788.0,0,1.0,1
5368,4788.0,0,1.0,7
5368,10000.0,0,1.0,7
5368,0.0,0,1.0,7
5375,499.0,0,1.0,1
5376,17700.0,0,1.0,2
5376,29500.0,0,1.0,2
5377,499.0,0,1.0,2
5377,4788.0,0,1.0,2
5378,17700.0,0,1.0,1
1839,29500.0,0,1.0,10
5380,17700.0,0,1.0,3
5380,15000.0,0,1.0,3
5380,177.0,0,1.0,3
5381,499.0,0,1.0,1
5369,10000.0,0,1.0,4
5282,25000.0,0,1.0,2
5382,17700.0,0,1.0,11
5385,499.0,0,1.0,1
5386,499.0,0,1.0,3
5389,499.0,0,1.0,1
5382,29500.0,0,1.0,11
5382,200.0,0,1.0,11
5382,15000.0,0,1.0,11
5391,29500.0,0,1.0,1
5393,0.0,0,1.0,6
5393,499.0,0,1.0,6
5394,0.0,0,1.0,3
5395,17700.0,0,1.0,1
5397,29500.0,0,1.0,1
5394,499.0,0,1.0,3
5394,10000.0,0,1.0,3
5401,0.0,0,1.0,2
5403,17700.0,0,1.0,3
5404,17700.0,0,1.0,1
5405,10.0,0,1.0,2
5406,1000.0,0,1.0,1
5407,29500.0,0,1.0,1
5408,499.0,0,1.0,2
5409,29500.0,0,1.0,1
5410,29500.0,0,1.0,1
5408,4788.0,0,1.0,2
5411,17700.0,0,1.0,1
5413,17700.0,0,1.0,1
5405,499.0,0,1.0,2
5414,499.0,0,1.0,2
5416,29500.0,0,1.0,1
5417,499.0,0,1.0,6
5418,499.0,0,1.0,1
5419,499.0,0,1.0,2
5419,4788.0,0,1.0,2
5414,4788.0,0,1.0,2
5420,0.0,0,1.0,1
5421,0.0,0,1.0,1
5423,17700.0,0,1.0,1
5424,17700.0,0,1.0,1
5425,29500.0,0,1.0,1
5426,4788.0,0,1.0,1
5428,17700.0,0,1.0,6
5429,17700.0,0,1.0,1
5430,29500.0,0,1.0,1
5431,200.0,0,1.0,1
5432,17700.0,0,1.0,1
5435,0.0,0,0.0,1
5436,0.0,0,1.0,1
5428,15000.0,0,1.0,6
5437,499.0,0,1.0,1
5438,29500.0,0,1.0,1
5441,17700.0,0,1.0,1
5393,4788.0,0,1.0,6
5393,122.0,0,1.0,6
5449,15000.0,0,1.0,1
5453,0.0,0,1.0,2
5454,0.0,0,1.0,1
5457,0.0,0,1.0,1
5458,0.0,0,1.0,1
5461,0.0,0,1.0,2
5462,10000.0,0,1.0,1
5463,17700.0,0,1.0,1
5335,4788.0,0,1.0,11
5464,23600.0,0,1.0,1
5465,499.0,0,1.0,3
5465,4788.0,0,1.0,3
5466,17700.0,0,1.0,1
5470,29500.0,0,1.0,2
5470,10000.0,0,1.0,2
5473,0.0,0,1.0,3
5473,499.0,0,1.0,3
5473,4788.0,0,1.0,3
5474,15000.0,0,1.0,1
5475,17700.0,0,1.0,1
5476,17700.0,0,1.0,1
5477,17700.0,0,1.0,1
5478,40000.0,0,1.0,1
5479,15000.0,0,1.0,1
5401,10000.0,0,1.0,2
5480,15000.0,0,1.0,1
5482,0.0,0,1.0,1
5483,0.0,0,1.0,1
5485,1500.0,0,1.0,1
5486,0.0,0,0.0,1
5487,499.0,0,0.0,1
5453,499.0,0,1.0,2
5488,0.0,0,1.0,1
5489,0.0,0,0.0,2
5490,25000.0,0,1.0,1
5491,0.0,0,1.0,1
5492,17700.0,0,1.0,1
5493,4788.0,0,1.0,2
5489,499.0,0,1.0,2
5494,0.0,0,1.0,2
5494,4788.0,0,1.0,2
5495,499.0,0,1.0,3
5496,0.0,0,1.0,2
5496,499.0,0,1.0,2
5495,4788.0,0,1.0,3
5497,17700.0,0,1.0,1
1873,10000.0,0,1.0,238
5498,17700.0,0,1.0,1
5499,29500.0,0,1.0,1
5501,29500.0,0,1.0,1
5502,10000.0,0,1.0,1
5503,0.0,0,1.0,3
5503,499.0,0,1.0,3
5503,4788.0,0,1.0,3
5504,17700.0,0,1.0,2
5505,17700.0,0,1.0,1
5506,17700.0,0,1.0,1
5507,17700.0,0,1.0,2
5507,29500.0,0,1.0,2
5508,499.0,0,1.0,1
5504,29500.0,0,1.0,2
5417,4788.0,0,1.0,6
5509,0.0,0,1.0,1
5510,4788.0,0,1.0,2
5511,499.0,0,1.0,1
5512,17700.0,0,1.0,3
5513,17700.0,0,1.0,1
5514,17700.0,0,1.0,3
5515,17700.0,0,1.0,1
5517,17700.0,0,1.0,2
5518,17700.0,0,1.0,1
5517,29500.0,0,1.0,2
5519,5649.84,0,1.0,1
5520,29500.0,0,1.0,1
5521,17700.0,0,1.0,2
5521,29500.0,0,1.0,2
5522,17700.0,0,1.0,1
5514,29500.0,0,1.0,3
5523,17700.0,0,1.0,2
5524,29500.0,0,1.0,1
5523,29500.0,0,1.0,2
5514,10000.0,0,1.0,3
5512,25000.0,0,1.0,3
5512,1000.0,0,1.0,3
5526,10000.0,0,1.0,3
5527,17700.0,0,1.0,1
5528,29500.0,0,1.0,1
5529,29500.0,0,1.0,1
5530,29500.0,0,1.0,1
5531,17700.0,0,1.0,1
5533,17700.0,0,1.0,1
5534,17700.0,0,1.0,1
5535,17700.0,0,1.0,1
5537,499.0,0,1.0,1
5538,29500.0,0,1.0,1
5540,499.0,0,1.0,2
5541,499.0,0,1.0,1
5542,499.0,0,1.0,1
5543,499.0,0,1.0,1
5544,17700.0,0,1.0,1
5545,499.0,0,1.0,1
5546,17700.0,0,1.0,1
5547,499.0,0,1.0,1
5548,499.0,0,1.0,1
5549,17700.0,0,1.0,1
5550,499.0,0,1.0,2
5551,499.0,0,1.0,2
5552,499.0,0,1.0,1
5553,499.0,0,1.0,1
5554,499.0,0,1.0,1
5555,499.0,0,1.0,1
5556,499.0,0,1.0,1
5557,499.0,0,1.0,1
5558,17700.0,0,1.0,1
5559,499.0,0,1.0,1
5560,499.0,0,1.0,1
5461,499.0,0,1.0,2
5561,499.0,0,1.0,1
5562,499.0,0,1.0,1
5563,499.0,0,1.0,1
5564,499.0,0,1.0,13
5565,4788.0,0,1.0,1
5566,499.0,0,1.0,1
5567,499.0,0,1.0,1
5568,15000.0,0,1.0,2
5569,17700.0,0,1.0,8
5570,15000.0,0,1.0,1
5571,1000.0,0,1.0,1
5572,15000.0,0,1.0,1
5569,29500.0,0,1.0,8
5569,15000.0,0,1.0,8
5564,4788.0,0,1.0,13
5575,17700.0,0,1.0,4
5575,15000.0,0,1.0,4
5575,1222.0,0,1.0,4
5578,10000.0,0,1.0,1
5579,29500.0,0,1.0,1
5580,17700.0,0,1.0,1
5581,17700.0,0,1.0,2
5581,29500.0,0,1.0,2
5583,266.0,0,1.0,1
5584,10000.0,0,1.0,1
5585,15000.0,0,1.0,4
5587,499.0,0,1.0,1
5589,17700.0,0,1.0,1
5590,17700.0,0,1.0,1
5591,29500.0,0,1.0,1
5592,29500.0,0,1.0,1
5593,17700.0,0,1.0,1
5594,17700.0,0,1.0,1
5596,25000.0,0,1.0,1
5597,15000.0,0,1.0,1
5598,15000.0,0,1.0,1
5599,25000.0,0,1.0,1
5600,10000.0,0,1.0,1
5605,15000.0,0,1.0,1
5606,0.0,0,1.0,1
5608,4788.0,0,0.0,1
5610,0.0,0,1.0,2
5612,15000.0,0,1.0,1
5613,29500.0,0,1.0,1
5614,15000.0,0,1.0,3
5615,0.0,0,1.0,6
5616,15000.0,0,1.0,1
5617,0.0,0,1.0,2
5620,15000.0,0,1.0,1
5621,15000.0,0,1.0,1
5622,0.0,0,1.0,3
5623,0.0,0,1.0,1
5624,0.0,0,1.0,1
5625,0.0,0,1.0,1
5626,0.0,0,1.0,2
5627,17700.0,0,1.0,1
5628,0.0,0,1.0,1
5629,0.0,0,1.0,1
5610,499.0,0,1.0,2
5630,29500.0,0,1.0,1
5631,0.0,0,1.0,3
5632,29500.0,0,1.0,3
5633,499.0,0,1.0,12
5634,4788.0,0,1.0,2
5635,499.0,0,1.0,9
5635,299.0,0,1.0,9
5633,299.0,0,1.0,12
5638,17700.0,0,1.0,5
5639,299.0,0,1.0,8
5639,499.0,0,1.0,8
5641,4788.0,0,1.0,2
5638,29500.0,0,1.0,5
5643,178.0,0,1.0,2
5643,4788.0,0,1.0,2
5644,499.0,0,1.0,4
5639,4788.0,0,1.0,8
5646,499.0,0,1.0,17
5644,299.0,0,1.0,4
5646,299.0,0,1.0,17
5644,4788.0,0,1.0,4
5647,499.0,0,1.0,1
2169,499.0,0,1.0,13
2169,299.0,0,1.0,13
5648,17700.0,0,1.0,2
5649,15000.0,0,1.0,1
5648,15000.0,0,1.0,2
5651,15000.0,0,1.0,1
5652,0.0,0,1.0,2
5633,399.0,0,1.0,12
5653,17700.0,0,1.0,2
5654,499.0,0,1.0,6
5633,599.0,0,1.0,12
5654,299.0,0,1.0,6
5646,399.0,0,1.0,17
5655,0.0,0,1.0,2
5654,699.0,0,1.0,6
5657,0.0,0,1.0,3
5658,17700.0,0,1.0,1
5661,499.0,0,1.0,1
5662,29500.0,0,1.0,1
5663,29500.0,0,1.0,1
5664,29500.0,0,1.0,1
5665,17700.0,0,1.0,1
5666,17700.0,0,1.0,1
5667,17700.0,0,1.0,1
5657,299.0,0,1.0,3
5564,399.0,0,1.0,13
5657,399.0,0,1.0,3
5670,17700.0,0,1.0,1
5672,299.0,0,1.0,2
5673,399.0,0,1.0,1
5655,4788.0,0,1.0,2
5652,299.0,0,1.0,2
5674,17700.0,0,1.0,7
5677,0.0,0,1.0,2
5677,15000.0,0,1.0,2
5678,17700.0,0,1.0,1
5679,29500.0,0,1.0,1
5690,399.0,0,1.0,1
5692,399.0,0,1.0,1
5694,17700.0,0,1.0,2
5674,15000.0,0,1.0,7
5617,17700.0,0,1.0,2
5626,17700.0,0,1.0,2
5585,4788.0,0,1.0,4
5695,20000.0,0,1.0,1
5699,25000.0,0,1.0,1
5701,10000.0,0,1.0,1
5702,39.0,0,1.0,1
5703,39.0,0,1.0,1
5704,399.0,0,1.0,1
5564,299.0,0,1.0,13
5705,5000.0,0,1.0,3
5705,17700.0,0,1.0,3
5705,29500.0,0,1.0,3
5615,299.0,0,1.0,6
5706,17700.0,0,1.0,11
5706,15000.0,0,1.0,11
5706,150.0,0,1.0,11
5708,29500.0,0,1.0,1
5709,1800.0,0,1.0,1
5710,399.0,0,0.0,1
5711,15000.0,0,1.0,1
5712,17700.0,0,1.0,1
5713,17700.0,0,1.0,1
5714,17700.0,0,1.0,1
5715,17700.0,0,1.0,1
5716,17700.0,0,1.0,1
5717,17700.0,0,1.0,1
5718,17700.0,0,1.0,1
5719,17700.0,0,1.0,1
5720,399.0,0,1.0,1
5721,17700.0,0,1.0,1
5722,17700.0,0,1.0,1
5725,399.0,0,1.0,3
5725,599.0,0,1.0,3
5737,299.0,0,1.0,4
5737,399.0,0,1.0,4
5741,17700.0,0,1.0,7
5741,250.0,0,1.0,7
5741,15.0,0,1.0,7
5741,25000.0,0,1.0,7
5741,15000.0,0,1.0,7
5748,17700.0,0,1.0,1
5750,17700.0,0,1.0,1
5751,399.0,0,1.0,3
5752,17700.0,0,1.0,6
5751,4788.0,0,1.0,3
2334,10000.0,0,1.0,79
5755,399.0,0,1.0,1
5756,17700.0,0,1.0,1
5758,0.0,0,0.0,1
5759,10000.0,0,1.0,8
5752,15000.0,0,1.0,6
5761,399.0,0,1.0,29
5761,699.0,0,1.0,29
5761,299.0,0,1.0,29
5761,499.0,0,1.0,29
5761,899.0,0,1.0,29
5761,4788.0,0,1.0,29
5764,470.82,0,1.0,1
5765,399.0,0,1.0,9
5766,17700.0,0,1.0,12
5765,4788.0,0,1.0,9
5768,17700.0,0,1.0,3
5768,29500.0,0,1.0,3
5771,399.0,0,1.0,3
5771,499.0,0,1.0,3
5771,299.0,0,1.0,3
5773,29500.0,0,1.0,3
5774,17700.0,0,1.0,3
5775,30000.0,0,1.0,6
5775,11800.0,0,1.0,6
5775,50000.0,0,1.0,6
5776,11800.0,0,1.0,3
5776,29500.0,0,1.0,3
5777,29500.0,0,1.0,2
5778,20000.0,0,1.0,8
5776,20000.0,0,1.0,3
5779,30000.0,0,1.0,4
5780,23600.0,0,1.0,8
5781,8000.0,0,1.0,5
5781,20000.0,0,1.0,5
5781,10000.0,0,1.0,5
5782,399.0,0,1.0,1
5783,399.0,0,1.0,1
5784,10000.0,0,1.0,1
5785,10000.0,0,1.0,1
5786,29500.0,0,1.0,2
5787,10000.0,0,1.0,1
5788,10000.0,0,0.0,1
5789,0.0,0,1.0,1
5790,0.0,0,1.0,1
5791,0.0,0,1.0,2
5792,0.0,0,1.0,2
5792,15000.0,0,1.0,2
5766,15000.0,0,1.0,12
5766,30000.0,0,1.0,12
5694,29500.0,0,1.0,2
5793,0.0,0,1.0,1
5794,0.0,0,0.0,1
5795,0.0,0,0.0,1
5796,11800.0,0,1.0,6
5759,4788.0,0,1.0,8
5796,10000.0,0,1.0,6
5798,399.0,0,1.0,2
5800,399.0,0,1.0,9
5801,17700.0,0,1.0,2
5800,4788.0,0,1.0,9
5800,10000.0,0,1.0,9
5805,39.0,0,1.0,2
5805,100.0,0,1.0,2
5806,0.0,0,1.0,1
5807,0.0,0,1.0,1
5809,4788.0,0,0.0,1
5810,0.0,0,1.0,1
5811,0.0,0,1.0,2
5811,4788.0,0,1.0,2
5812,17700.0,0,1.0,1
5813,399.0,0,1.0,1
5814,17700.0,0,1.0,6
5815,399.0,0,1.0,2
5817,399.0,0,1.0,1
5568,17700.0,0,1.0,2
5819,0.0,0,1.0,1
5820,15000.0,0,1.0,1
5821,11800.0,0,1.0,2
5822,17700.0,0,1.0,1
5823,17700.0,0,1.0,2
5824,4788.0,0,1.0,1
5823,15000.0,0,1.0,2
5428,29500.0,0,1.0,6
5801,29500.0,0,1.0,2
5828,17700.0,0,1.0,1
5829,17700.0,0,1.0,1
5814,29500.0,0,1.0,6
5761,4789.0,0,1.0,29
5831,17700.0,0,1.0,1
5834,25000.0,0,1.0,2
5834,10000.0,0,1.0,2
5798,299.0,0,1.0,2
5837,399.0,0,1.0,4
5837,299.0,0,1.0,4
5838,10000.0,0,1.0,1
5839,17700.0,0,1.0,6
5839,29500.0,0,1.0,6
5837,4788.0,0,1.0,4
5840,399.0,0,1.0,1
5841,399.0,0,1.0,1
5842,399.0,0,1.0,1
5843,399.0,0,1.0,1
5844,499.0,0,1.0,1
5845,4788.0,0,1.0,1
5846,10000.0,0,1.0,1
5849,15000.0,0,1.0,2
5850,17700.0,0,1.0,1
5849,29500.0,0,1.0,2
5851,111.0,0,1.0,1
5852,399.0,0,1.0,2
5853,4788.0,0,1.0,1
5854,399.0,0,1.0,6
5854,1299.0,0,1.0,6
5854,299.0,0,1.0,6
5856,17700.0,0,1.0,2
5857,17700.0,0,1.0,1
5858,29500.0,0,1.0,1
5859,399.0,0,1.0,1
5868,17700.0,0,1.0,8
5868,29500.0,0,1.0,8
5874,17700.0,0,1.0,21
5875,17700.0,0,1.0,1
5877,399.0,0,1.0,1
5878,17700.0,0,1.0,1
5880,29500.0,0,1.0,1
5883,17700.0,0,1.0,1
5885,17700.0,0,1.0,2
5886,29500.0,0,1.0,1
5887,29500.0,0,1.0,1
5891,399.0,0,1.0,1
5892,399.0,0,1.0,1
5893,399.0,0,1.0,2
5894,399.0,0,1.0,2
5894,299.0,0,1.0,2
5895,17700.0,0,1.0,1
5896,17700.0,0,1.0,2
5897,17700.0,0,1.0,1
5896,29500.0,0,1.0,2
5898,29500.0,0,1.0,6
5899,29500.0,0,1.0,1
5885,29500.0,0,1.0,2
5900,29500.0,0,1.0,1
5901,399.0,0,1.0,3
5901,499.0,0,1.0,3
5901,1000.0,0,1.0,3
5903,399.0,0,1.0,3
5903,299.0,0,1.0,3
5904,29500.0,0,1.0,2
5903,4788.0,0,1.0,3
5905,17700.0,0,1.0,10
5905,29500.0,0,1.0,10
5908,15000.0,0,1.0,1
5800,299.0,0,1.0,9
5909,399.0,0,1.0,3
5874,29500.0,0,1.0,21
5917,17700.0,0,1.0,4
5909,4788.0,0,1.0,3
5917,10000.0,0,1.0,4
5909,10000.0,0,1.0,3
5921,470.82,0,1.0,1
5924,399.0,0,1.0,9
5924,299.0,0,1.0,9
5924,499.0,0,1.0,9
5852,299.0,0,1.0,2
5925,15000.0,0,1.0,1
5926,1416.0,0,1.0,4
5924,4788.0,0,1.0,9
5926,10.0,0,1.0,4
5926,11.8,0,1.0,4
5926,15000.0,0,1.0,4
5874,25000.0,0,1.0,21
5874,20.0,0,1.0,21
5928,15000.0,0,1.0,1
5929,0.0,0,1.0,2
5929,25000.0,0,1.0,2
5930,17700.0,0,1.0,2
5930,1416.0,0,1.0,2
5931,399.0,0,1.0,2
5932,1000.0,0,1.0,1
5933,399.0,0,1.0,1
5936,10000.0,0,1.0,1
5937,10000.0,0,1.0,1
5938,10000.0,0,1.0,1
5931,4788.0,0,1.0,2
5939,17700.0,0,1.0,1
5940,17700.0,0,1.0,1
5941,17700.0,0,1.0,2
5942,29500.0,0,1.0,1
5943,29500.0,0,1.0,29
5945,29500.0,0,1.0,1
5946,10000.0,0,1.0,1
5947,10000.0,0,1.0,4
5948,399.0,0,1.0,1
5949,17700.0,0,1.0,1
5951,29500.0,0,1.0,1
5952,10000.0,0,1.0,1
5953,399.0,0,1.0,1
5956,399.0,0,1.0,2
5956,4788.0,0,1.0,2
5958,10000.0,0,1.0,1
5924,10000.0,0,1.0,9
5959,17700.0,0,1.0,3
5960,17700.0,0,1.0,1
5966,17700.0,0,1.0,1
5969,399.0,0,1.0,1
5971,17700.0,0,1.0,1
5972,0.0,0,1.0,1
5973,399.0,0,1.0,1
5974,17700.0,0,1.0,1
5980,29500.0,0,1.0,1
5981,10000.0,0,1.0,1
5983,10000.0,0,1.0,1
5985,399.0,0,1.0,1
5987,10000.0,0,1.0,1
5988,17700.0,0,1.0,1
5989,29500.0,0,1.0,1
5990,10000.0,0,1.0,1
5991,17700.0,0,1.0,1
5992,4788.0,0,1.0,1
5993,10000.0,0,1.0,1
5994,29500.0,0,1.0,1
5996,399.0,0,1.0,2
5997,17700.0,0,1.0,1
5998,29500.0,0,1.0,1
5996,4788.0,0,1.0,2
6000,10000.0,0,1.0,1
6002,10000.0,0,1.0,2
6004,4788.0,0,1.0,1
6005,10000.0,0,1.0,1
6006,4788.0,0,1.0,3
6007,4788.0,0,1.0,1
6008,10000.0,0,1.0,1
6009,10000.0,0,1.0,1
6014,29500.0,0,1.0,14
6016,399.0,0,1.0,1
6017,399.0,0,1.0,10
6019,17700.0,0,1.0,1
6021,399.0,0,1.0,4
6023,200000.0,0,1.0,2
6025,399.0,0,1.0,1
6027,17700.0,0,1.0,1
6028,399.0,0,1.0,1
6029,399.0,0,1.0,2
6029,499.0,0,1.0,2
6031,10000.0,0,1.0,1
6032,10000.0,0,1.0,1
6033,10000.0,0,1.0,2
6033,399.0,0,1.0,2
6035,17700.0,0,1.0,1
6036,17700.0,0,1.0,2
6037,25000.0,0,1.0,3
6038,399.0,0,1.0,2
6039,15000.0,0,1.0,2
6039,29500.0,0,1.0,2
6042,399.0,0,1.0,4
6044,17700.0,0,1.0,1
6046,29500.0,0,1.0,1
6047,399.0,0,1.0,3
6042,299.0,0,1.0,4
6058,399.0,0,1.0,4
6058,299.0,0,1.0,4
6058,4788.0,0,1.0,4
6069,29500.0,0,1.0,1
6070,17700.0,0,1.0,3
6070,29500.0,0,1.0,3
6071,11800.0,0,1.0,1
6072,17700.0,0,1.0,2
6076,399.0,0,1.0,1
6078,17700.0,0,1.0,1
6079,17700.0,0,1.0,1
6080,17700.0,0,1.0,1
6081,1000.0,0,1.0,8
6082,1.18,0,1.0,1
6083,150.0,0,1.0,1
6084,17700.0,0,1.0,2
6085,17700.0,0,1.0,5
6086,25000.0,0,1.0,1
6087,1180.0,0,1.0,1
6088,399.0,0,1.0,2
6089,17700.0,0,1.0,1
6088,4788.0,0,1.0,2
6090,1180.0,0,1.0,1
6091,1180.0,0,1.0,1
6092,1180.0,0,1.0,1
6093,25000.0,0,1.0,1
6094,1000.0,0,1.0,1
6037,29500.0,0,1.0,3
6095,1000.0,0,1.0,1
6096,15000.0,0,1.0,1
6097,15000.0,0,1.0,1
6098,15000.0,0,1.0,1
6099,15000.0,0,1.0,1
6100,15000.0,0,1.0,1
6101,17700.0,0,1.0,1
6102,10000.0,0,1.0,1
6103,25000.0,0,1.0,1
6104,15000.0,0,1.0,1
6105,10000.0,0,1.0,1
6106,29500.0,0,1.0,8
5893,4788.0,0,1.0,2
6107,399.0,0,1.0,15
6108,17700.0,0,1.0,1
6109,29500.0,0,1.0,6
6110,17700.0,0,1.0,1
6111,29500.0,0,1.0,1
6107,299.0,0,1.0,15
6112,399.0,0,1.0,3
6112,1299.0,0,1.0,3
6107,599.0,0,1.0,15
6107,799.0,0,1.0,15
6107,699.0,0,1.0,15
6112,4788.0,0,1.0,3
6113,399.0,0,1.0,1
6114,10000.0,0,1.0,1
6115,0.0,0,1.0,1
6116,0.0,0,1.0,1
6117,0.0,0,1.0,1
6118,10000.0,0,1.0,1
6119,4788.0,0,1.0,1
6120,4788.0,0,1.0,1
6121,4788.0,0,1.0,1
6122,4788.0,0,1.0,1
6123,0.0,0,1.0,1
6124,399.0,0,1.0,1
6125,10000.0,0,1.0,1
6126,1000.0,0,1.0,1
6127,399.0,0,1.0,1
6128,1000.0,0,1.0,1
6129,10000.0,0,1.0,1
6131,17700.0,0,1.0,1
6132,17700.0,0,1.0,1
6133,17700.0,0,1.0,1
6134,17700.0,0,1.0,1
6135,17700.0,0,1.0,1
6136,17700.0,0,1.0,1
6137,17700.0,0,1.0,1
6138,17700.0,0,1.0,1
6139,29500.0,0,1.0,2
6141,25000.0,0,1.0,1
6142,399.0,0,0.0,1
6143,0.0,0,1.0,1
6144,15000.0,0,1.0,1
6145,4788.0,0,0.0,1
6146,10000.0,0,1.0,1
6147,0.0,0,1.0,1
6148,0.0,0,1.0,1
6149,0.0,0,1.0,1
6151,15000.0,0,1.0,1
6152,11800.0,0,1.0,1
6154,17700.0,0,1.0,2
6157,12000.0,0,1.0,1
6165,17700.0,0,1.0,1
6167,17700.0,0,1.0,1
6169,25000.0,0,1.0,1
6170,399.0,0,1.0,6
6171,399.0,0,1.0,1
6170,299.0,0,1.0,6
6170,1000.0,0,1.0,6
6170,4788.0,0,1.0,6
6174,17700.0,0,1.0,1
6175,17700.0,0,1.0,4
6176,0.0,0,1.0,1
6177,399.0,0,0.0,1
6178,0.0,0,1.0,1
6179,17700.0,0,1.0,1
6180,399.0,0,1.0,2
6181,17700.0,0,1.0,1
6182,17700.0,0,1.0,1
6183,17700.0,0,1.0,3
6184,17700.0,0,1.0,5
6185,17700.0,0,1.0,10
6186,17700.0,0,1.0,1
6188,17700.0,0,1.0,1
6189,29500.0,0,1.0,1
6190,29500.0,0,1.0,1
4789,4788.0,0,1.0,2
6194,399.0,0,1.0,1
6195,17700.0,0,1.0,1
6196,399.0,0,1.0,1
6197,17700.0,0,1.0,1
6199,29500.0,0,1.0,1
6200,29500.0,0,1.0,1
6183,29500.0,0,1.0,3
6207,399.0,0,1.0,9
6207,299.0,0,1.0,9
6207,1299.0,0,1.0,9
6207,4788.0,0,1.0,9
6209,29500.0,0,1.0,1
6210,399.0,0,1.0,1
6211,17700.0,0,1.0,3
6212,2000.0,0,1.0,4
6212,699.0,0,1.0,4
6212,4788.0,0,1.0,4
6213,17700.0,0,1.0,1
6214,4788.0,0,1.0,1
6215,29500.0,0,1.0,1
6216,2000.0,0,1.0,2
6216,299.0,0,1.0,2
6217,17700.0,0,1.0,3
6217,29500.0,0,1.0,3
6218,11800.0,0,1.0,1
6211,123.0,0,1.0,3
6222,17700.0,0,1.0,1
6223,399.0,0,1.0,1
6224,399.0,0,1.0,1
6225,0.0,0,1.0,1
6185,29500.0,0,1.0,10
6226,399.0,0,1.0,1
6227,29500.0,0,1.0,2
6229,0.0,0,1.0,1
5941,29500.0,0,1.0,2
6232,49.0,0,1.0,2
6232,99.0,0,1.0,2
6234,0.0,0,1.0,1
6235,0.0,0,1.0,1
6017,49.0,0,1.0,10
6236,0.0,0,1.0,3
6237,99.0,0,1.0,1
6238,0.0,0,1.0,4
6238,-51.0,0,1.0,4
6241,0.0,0,1.0,1
6242,999.0,0,1.0,1
6244,20000.0,0,1.0,1
6245,0.0,0,1.0,1
6246,99.0,0,1.0,1
6247,10000.0,0,1.0,1
6248,49.0,0,1.0,1
6249,0.0,0,1.0,1
6250,17700.0,0,1.0,1
6251,17700.0,0,1.0,1
6252,17700.0,0,1.0,1
6253,49.0,0,1.0,1
6254,99.0,0,1.0,1
6255,10000.0,0,1.0,1
6256,49.0,0,1.0,9
6256,-51.0,0,1.0,9
6257,99.0,0,1.0,2
6258,5000.0,0,1.0,4
6256,99.0,0,1.0,9
6259,0.0,0,1.0,1
6260,0.0,0,1.0,1
6261,0.0,0,1.0,1
6262,17700.0,0,1.0,2
6264,49.0,0,1.0,1
6265,15000.0,0,1.0,1
6266,25000.0,0,1.0,1
6267,100.0,0,1.0,1
6268,10000.0,0,1.0,1
6269,15000.0,0,1.0,1
6270,10000.0,0,1.0,1
6271,5000.0,0,1.0,1
6272,17700.0,0,1.0,1
6273,1000.0,0,1.0,1
6276,17700.0,0,1.0,1
6277,29500.0,0,1.0,1
6278,25000.0,0,1.0,1
6279,29500.0,0,1.0,1
6283,49.0,0,1.0,4
6284,29500.0,0,1.0,1
6285,0.0,0,1.0,1
6286,0.0,0,1.0,1
6287,49.0,0,1.0,13
6288,1000.0,0,1.0,1
6289,29500.0,0,1.0,1
6293,17700.0,0,1.0,1
6301,10.0,0,1.0,1
6302,1000.0,0,1.0,1
6303,0.0,0,1.0,1
6304,0.0,0,1.0,1
6305,0.0,0,1.0,1
6306,0.0,0,1.0,1
6307,0.0,0,1.0,1
6308,0.0,0,1.0,1
6309,0.0,0,1.0,1
6310,99.0,0,1.0,1
6311,0.0,0,1.0,1
6312,17700.0,0,1.0,7
6313,0.0,0,1.0,1
6314,0.0,0,1.0,1
6319,29500.0,0,1.0,1
6321,25000.0,0,1.0,1
6323,25000.0,0,1.0,1
6324,25000.0,0,1.0,1
6326,17700.0,0,1.0,1
6328,15000.0,0,1.0,1
6312,29500.0,0,1.0,7
6332,10000.0,0,1.0,1
6333,1.0,0,1.0,1
6335,11800.0,0,1.0,1
6337,29500.0,0,1.0,1
6342,29500.0,0,1.0,1
6344,49.0,0,1.0,1
6346,15000.0,0,1.0,1
6348,49.0,0,1.0,2
6348,99.0,0,1.0,2
6350,17700.0,0,1.0,1
6352,0.0,0,0.0,1
6353,99.0,0,0.0,1
6354,25000.0,0,1.0,1
6355,0.0,0,1.0,1
6356,15000.0,0,1.0,1
6357,99.0,0,0.0,1
6358,17700.0,0,1.0,1
6359,17700.0,0,1.0,1
6361,0.0,0,1.0,1
6362,29500.0,0,1.0,1
6363,0.0,0,1.0,1
6364,0.0,0,1.0,1
6365,49.0,0,1.0,1
6367,99.0,0,1.0,1
6369,0.0,0,1.0,1
6370,0.0,0,1.0,1
6371,0.0,0,1.0,1
6180,149.0,0,1.0,2
6381,0.0,0,1.0,1
6382,0.0,0,1.0,2
6383,0.0,0,1.0,1
6384,0.0,0,1.0,1
6385,0.0,0,1.0,1
6382,49.0,0,1.0,2
6386,0.0,0,1.0,1
6387,0.0,0,1.0,1
6388,899.0,0,1.0,1
6389,17700.0,0,1.0,1
6390,17700.0,0,1.0,1
6391,49.0,0,1.0,1
6392,29500.0,0,1.0,1
6393,49.0,0,1.0,1
6394,49.0,0,1.0,1
6395,899.0,0,1.0,1
6396,29500.0,0,1.0,1
6397,49.0,0,1.0,1
6398,29500.0,0,1.0,1
6399,17700.0,0,1.0,1
6400,17700.0,0,1.0,1
6401,899.0,0,1.0,1
6402,19.0,0,1.0,1
6403,15.0,0,1.0,1
6404,17700.0,0,1.0,2
6405,0.0,0,1.0,1
6406,49.0,0,1.0,1
6408,116.82,0,1.0,1
6409,29500.0,0,1.0,1
6410,29500.0,0,1.0,1
6411,17700.0,0,1.0,4
6412,29500.0,0,1.0,1
6413,17700.0,0,1.0,1
6414,29500.0,0,1.0,1
6415,17700.0,0,1.0,1
6416,29500.0,0,1.0,1
6417,10.0,0,1.0,1
6418,17700.0,0,1.0,3
6418,29500.0,0,1.0,3
6420,17700.0,0,1.0,2
6420,29500.0,0,1.0,2
6421,0.0,0,1.0,1
6422,50.0,0,1.0,1
6424,0.0,0,1.0,1
6426,50.0,0,1.0,1
6427,15000.0,0,1.0,1
6428,17700.0,0,1.0,1
6429,17700.0,0,1.0,1
5943,25000.0,0,1.0,29
6430,17700.0,0,1.0,3
6430,29500.0,0,1.0,3
6431,29500.0,0,1.0,1
6433,29500.0,0,1.0,1
6107,50.0,0,1.0,15
6107,150.0,0,1.0,15
6436,17700.0,0,1.0,5
6436,29500.0,0,1.0,5
6437,50.0,0,1.0,3
6437,150.0,0,1.0,3
6438,1000.0,0,1.0,1
6439,50.0,0,1.0,1
6443,150.0,0,1.0,5
6444,29500.0,0,1.0,1
6445,10000.0,0,1.0,1
6447,1500.0,0,1.0,1
6449,17700.0,0,1.0,2
6450,17700.0,0,1.0,1
6451,10000.0,0,1.0,1
6453,17700.0,0,1.0,1
6455,25000.0,0,1.0,1
6457,10000.0,0,1.0,1
6459,17700.0,0,1.0,1
6461,17700.0,0,1.0,1
6462,17700.0,0,1.0,1
6463,17700.0,0,1.0,3
6463,29500.0,0,1.0,3
6465,17700.0,0,1.0,1
6466,29500.0,0,1.0,1
6468,50.0,0,1.0,4
6470,17700.0,0,1.0,1
6471,150.0,0,1.0,1
6473,17700.0,0,1.0,1
6475,29500.0,0,1.0,6
6476,17700.0,0,1.0,2
6477,17700.0,0,1.0,1
6478,17700.0,0,1.0,1
6479,17700.0,0,1.0,1
6480,255.0,0,1.0,1
6481,17700.0,0,1.0,1
6483,355.0,0,1.0,1
6485,17700.0,0,1.0,10
6486,8.0,0,1.0,1
6488,17700.0,0,1.0,1
6489,588.0,0,1.0,1
6491,5666.0,0,1.0,1
6485,29500.0,0,1.0,10
6499,10000.0,0,1.0,11
6499,50.0,0,1.0,11
6499,5.0,0,1.0,11
6500,17700.0,0,1.0,2
6500,15000.0,0,1.0,2
6501,150.0,0,1.0,2
6502,50.0,0,1.0,6
6503,50.0,0,1.0,1
6504,15000.0,0,1.0,1
6506,15000.0,0,1.0,3
6507,29500.0,0,1.0,1
6508,150.0,0,1.0,3
6506,17700.0,0,1.0,3
6509,17700.0,0,1.0,1
6513,50.0,0,1.0,1
6514,15000.0,0,1.0,2
6515,55.0,0,1.0,1
6514,17700.0,0,1.0,2
6506,29500.0,0,1.0,3
6516,55.0,0,1.0,1
6517,29500.0,0,1.0,1
6518,50.0,0,1.0,1
6519,50.0,0,1.0,1
6520,29500.0,0,1.0,1
6521,0.0,0,1.0,1
6523,50.0,0,1.0,2
6524,17700.0,0,1.0,3
6523,150.0,0,1.0,2
6525,29500.0,0,1.0,2
6526,17700.0,0,1.0,10
6527,50.0,0,1.0,5
5854,50.0,0,1.0,6
6524,29500.0,0,1.0,3
6528,17700.0,0,1.0,3
6529,17700.0,0,1.0,4
6529,29500.0,0,1.0,4
6530,17700.0,0,1.0,2
6532,50.0,0,1.0,2
6532,150.0,0,1.0,2
6533,15000.0,0,1.0,3
6533,17700.0,0,1.0,3
6533,29500.0,0,1.0,3
6528,29500.0,0,1.0,3
6534,20.0,0,1.0,2
6535,50.0,0,1.0,3
6536,0.0,0,1.0,1
6535,150.0,0,1.0,3
6537,10000.0,0,1.0,1
6538,17700.0,0,1.0,1
6540,25000.0,0,1.0,3
6540,29500.0,0,1.0,3
6540,10000.0,0,1.0,3
6541,218.0,0,1.0,1
6542,10000.0,0,1.0,1
6543,29500.0,0,1.0,2
6544,17700.0,0,1.0,16
6545,50.0,0,1.0,1
6546,50.0,0,1.0,4
6547,50.0,0,1.0,1
6544,29500.0,0,1.0,16
6546,150.0,0,1.0,4
6549,17700.0,0,1.0,5
6551,50.0,0,1.0,6
6552,17700.0,0,1.0,1
6551,150.0,0,1.0,6
6553,50.0,0,1.0,2
6553,150.0,0,1.0,2
5800,150.0,0,1.0,9
6554,50.0,0,1.0,1
6556,50.0,0,1.0,1
6557,150.0,0,1.0,1
6558,150.0,0,1.0,2
6559,150.0,0,1.0,2
5550,150.0,0,1.0,2
5551,150.0,0,1.0,2
6560,50.0,0,1.0,4
6560,150.0,0,1.0,4
6561,50.0,0,1.0,1
6562,50.0,0,1.0,4
6562,150.0,0,1.0,4
6563,50.0,0,1.0,12
6563,150.0,0,1.0,12
6563,15.0,0,1.0,12
6502,150.0,0,1.0,6
6527,150.0,0,1.0,5
6047,150.0,0,1.0,3
6038,150.0,0,1.0,2
6042,150.0,0,1.0,4
6499,150.0,0,1.0,11
6564,150.0,0,1.0,2
6565,50.0,0,1.0,3
6565,150.0,0,1.0,3
6565,250.0,0,1.0,3
6566,50.0,0,1.0,2
6566,150.0,0,1.0,2
6287,50.0,0,1.0,13
6287,150.0,0,1.0,13
6017,50.0,0,1.0,10
6017,150.0,0,1.0,10
6021,150.0,0,1.0,4
6621,150.0,0,1.0,1
6404,199.0,0,1.0,2
6622,17700.0,0,1.0,3
6622,29500.0,0,1.0,3
6623,50.0,0,1.0,8
6624,15000.0,0,1.0,1
6625,150.0,0,1.0,1
6626,50.0,0,1.0,1
6623,150.0,0,1.0,8
6630,10000.0,0,1.0,1
6631,10000.0,0,1.0,13
6632,17700.0,0,1.0,1
6633,600.0,0,1.0,1
6634,15000.0,0,1.0,1
6636,150.0,0,1.0,1
5335,150.0,0,1.0,11
6638,150.0,0,1.0,1
6006,150.0,0,1.0,3
6639,10000.0,0,1.0,1
6641,10000.0,0,1.0,1
6643,100000.0,0,1.0,1
6644,50.0,0,1.0,5
6644,150.0,0,1.0,5
6645,15000.0,0,1.0,1
6646,600.0,0,1.0,1
6647,17700.0,0,1.0,1
6648,10000.0,0,1.0,1
6649,17700.0,0,1.0,1
6650,600.0,0,1.0,2
6651,600.0,0,1.0,3
6652,1.0,0,1.0,1
6653,1800.0,0,1.0,1
6654,1800.0,0,1.0,2
6654,150.0,0,1.0,2
6651,150.0,0,1.0,3
6655,10000.0,0,1.0,2
6656,10000.0,0,1.0,1
6657,15000.0,0,1.0,5
6658,50.0,0,1.0,1
6657,10000.0,0,1.0,5
6659,17700.0,0,1.0,6
6657,1000.0,0,1.0,5
6661,17700.0,0,1.0,1
6662,17700.0,0,1.0,1
6664,17700.0,0,1.0,1
6665,10000.0,0,1.0,1
6666,1000.0,0,1.0,1
6667,15000.0,0,1.0,2
6667,10000.0,0,1.0,2
6669,17700.0,0,1.0,2
6669,10000.0,0,1.0,2
6670,15000.0,0,1.0,1
6671,1800.0,0,1.0,1
6672,17700.0,0,1.0,6
6674,15000.0,0,1.0,1
6675,50.0,0,1.0,11
6676,600.0,0,1.0,1
6677,17700.0,0,1.0,3
6650,150.0,0,1.0,2
6678,17700.0,0,1.0,1
6677,29500.0,0,1.0,3
6679,17700.0,0,1.0,8
6675,150.0,0,1.0,11
6675,-50.0,0,1.0,11
6682,1800.0,0,1.0,1
6683,600.0,0,1.0,6
6684,1800.0,0,1.0,1
6685,600.0,0,1.0,1
6683,50.0,0,1.0,6
6686,177.0,0,1.0,5
6687,1800.0,0,1.0,1
6688,17700.0,0,1.0,14
6691,1800.0,0,1.0,1
6693,29500.0,0,1.0,1
6694,17700.0,0,1.0,1
6696,10000.0,0,1.0,2
6679,29500.0,0,1.0,8
6702,17700.0,0,1.0,2
6688,10000.0,0,1.0,14
6688,15000.0,0,1.0,14
6688,11800.0,0,1.0,14
6688,29500.0,0,1.0,14
6686,29500.0,0,1.0,5
6705,150.0,0,1.0,2
6707,600.0,0,1.0,9
6707,50.0,0,1.0,9
6708,10000.0,0,1.0,1
6710,600.0,0,1.0,1
6711,1800.0,0,1.0,2
6712,150.0,0,1.0,7
6707,150.0,0,1.0,9
6714,17700.0,0,1.0,2
6715,17700.0,0,1.0,4
6717,10000.0,0,1.0,1
6719,600.0,0,1.0,8
6721,600.0,0,1.0,5
6724,1800.0,0,1.0,3
6719,150.0,0,1.0,8
6724,150.0,0,1.0,3
6721,50.0,0,1.0,5
6721,150.0,0,1.0,5
6726,600.0,0,1.0,2
6726,150.0,0,1.0,2
6727,600.0,0,1.0,4
6727,50.0,0,1.0,4
6719,50.0,0,1.0,8
6711,150.0,0,1.0,2
6728,17700.0,0,1.0,5
6728,29500.0,0,1.0,5
6729,17700.0,0,1.0,1
6730,50.0,0,1.0,1
6731,29500.0,0,1.0,2
6644,100.0,0,1.0,5
6732,10000.0,0,1.0,15
6733,10000.0,0,1.0,3
6734,10000.0,0,1.0,2
6743,600.0,0,1.0,9
6744,15000.0,0,1.0,2
6743,150.0,0,1.0,9
6744,25000.0,0,1.0,2
6745,17700.0,0,1.0,1
6743,10000.0,0,1.0,9
6732,15000.0,0,1.0,15
6748,15000.0,0,1.0,4
6748,17700.0,0,1.0,4
6748,29500.0,0,1.0,4
6749,17700.0,0,1.0,3
6750,600.0,0,1.0,2
6750,150.0,0,1.0,2
6751,17700.0,0,1.0,1
6752,17700.0,0,1.0,2
6749,29500.0,0,1.0,3
6753,600.0,0,1.0,3
6743,50.0,0,1.0,9
6499,200.0,0,1.0,11
6753,50.0,0,1.0,3
6754,29500.0,0,1.0,1
6753,150.0,0,1.0,3
6755,600.0,0,1.0,1
6756,29500.0,0,1.0,1
6757,600.0,0,1.0,5
6758,600.0,0,1.0,2
6759,600.0,0,1.0,2
6760,1800.0,0,1.0,1
6761,600.0,0,1.0,1
6762,600.0,0,1.0,3
6763,29500.0,0,1.0,1
6762,150.0,0,1.0,3
6764,29500.0,0,1.0,1
6765,1800.0,0,1.0,1
6766,17700.0,0,1.0,1
6767,17700.0,0,1.0,1
6759,150.0,0,1.0,2
6768,29500.0,0,1.0,1
6769,50.0,0,1.0,1
6770,600.0,0,1.0,4
6770,50.0,0,1.0,4
6771,50.0,0,1.0,2
6770,150.0,0,1.0,4
6772,150.0,0,1.0,3
6771,150.0,0,1.0,2
6773,50.0,0,1.0,1
6774,600.0,0,1.0,3
6774,150.0,0,1.0,3
6775,150.0,0,1.0,13
6776,10000.0,0,1.0,1
6777,10000.0,0,1.0,1
6778,29500.0,0,1.0,1
6779,1800.0,0,1.0,1
6780,17700.0,0,1.0,1
6781,600.0,0,1.0,2
6781,150.0,0,1.0,2
6782,600.0,0,1.0,14
6782,150.0,0,1.0,14
6783,600.0,0,1.0,2
6783,250.0,0,1.0,2
6784,600.0,0,1.0,4
6784,100.0,0,1.0,4
6784,200.0,0,1.0,4
6784,300.0,0,1.0,4
6757,100.0,0,1.0,5
6786,17700.0,0,1.0,1
6787,11800.0,0,1.0,1
6788,11800.0,0,1.0,1
6789,17700.0,0,1.0,1
6790,1800.0,0,1.0,1
6791,17700.0,0,1.0,1
6792,29500.0,0,1.0,1
6793,15000.0,0,1.0,1
6794,1800.0,0,1.0,3
6794,150.0,0,1.0,3
6795,17700.0,0,1.0,1
6796,17700.0,0,1.0,1
6797,600.0,0,1.0,1
6798,17700.0,0,1.0,1
6799,1800.0,0,1.0,3
6799,150.0,0,1.0,3
6800,600.0,0,1.0,3
6800,100.0,0,1.0,3
6801,17700.0,0,1.0,1
6757,150.0,0,1.0,5
6800,50.0,0,1.0,3
6802,600.0,0,1.0,3
6802,100.0,0,1.0,3
6802,300.0,0,1.0,3
6803,50.0,0,1.0,7
6803,150.0,0,1.0,7
6804,600.0,0,1.0,2
6804,150.0,0,1.0,2
6806,29500.0,0,1.0,1
6807,600.0,0,1.0,6
6808,600.0,0,1.0,2
6807,50.0,0,1.0,6
6808,100.0,0,1.0,2
6807,150.0,0,1.0,6
6809,15000.0,0,1.0,1
6810,1800.0,0,1.0,2
6810,150.0,0,1.0,2
6811,17700.0,0,1.0,1
6812,25000.0,0,1.0,1
6813,50.0,0,1.0,3
6814,150.0,0,1.0,1
6815,150.0,0,1.0,2
6816,17700.0,0,1.0,1
6818,15000.0,0,1.0,1
6819,600.0,0,1.0,4
6819,150.0,0,1.0,4
6819,1050.0,0,1.0,4
6820,17700.0,0,1.0,3
6821,15000.0,0,1.0,6
6822,17700.0,0,1.0,1
6823,15000.0,0,1.0,3
6823,17700.0,0,1.0,3
6823,29500.0,0,1.0,3
6821,17700.0,0,1.0,6
6824,600.0,0,1.0,10
6824,50.0,0,1.0,10
6826,17700.0,0,1.0,1
6821,29500.0,0,1.0,6
6827,17700.0,0,1.0,3
6828,600.0,0,1.0,4
6827,29500.0,0,1.0,3
6828,150.0,0,1.0,4
6829,15000.0,0,1.0,3
6829,17700.0,0,1.0,3
6829,29500.0,0,1.0,3
6820,29500.0,0,1.0,3
6831,600.0,0,1.0,8
6832,15000.0,0,1.0,10
6831,50.0,0,1.0,8
6832,17700.0,0,1.0,10
6832,29500.0,0,1.0,10
6833,17700.0,0,1.0,2
6835,29500.0,0,1.0,4
6836,600.0,0,1.0,3
3401,150.0,0,1.0,2
6836,150.0,0,1.0,3
6831,150.0,0,1.0,8
6837,600.0,0,1.0,2
6838,600.0,0,1.0,4
6837,150.0,0,1.0,2
6838,100.0,0,1.0,4
6838,150.0,0,1.0,4
6839,600.0,0,1.0,2
6838,200.0,0,1.0,4
6839,150.0,0,1.0,2
6832,25000.0,0,1.0,10
6835,25000.0,0,1.0,4
6840,600.0,0,1.0,3
6841,600.0,0,1.0,7
6840,50.0,0,1.0,3
6841,100.0,0,1.0,7
6840,150.0,0,1.0,3
6843,600.0,0,1.0,2
6843,150.0,0,1.0,2
6841,150.0,0,1.0,7
6844,600.0,0,1.0,4
6844,150.0,0,1.0,4
6841,50.0,0,1.0,7
6845,1800.0,0,1.0,1
6846,50.0,0,1.0,1
6847,600.0,0,1.0,6
6847,100.0,0,1.0,6
6847,50.0,0,1.0,6
6847,15000.0,0,1.0,6
6849,80.0,0,1.0,17
6849,100.0,0,1.0,17
6849,1000.0,0,1.0,17
6849,150.0,0,1.0,17
6849,50.0,0,1.0,17
6849,1500.0,0,1.0,17
6851,29500.0,0,1.0,1
6852,600.0,0,1.0,2
6852,150.0,0,1.0,2
6853,50.0,0,1.0,2
6854,17700.0,0,1.0,1
6856,50.0,0,1.0,2
6856,10000.0,0,1.0,2
6857,17700.0,0,1.0,5
6858,17700.0,0,1.0,1
6859,15000.0,0,1.0,3
6859,17700.0,0,1.0,3
6859,25000.0,0,1.0,3
6860,50.0,0,1.0,2
6860,150.0,0,1.0,2
6714,29500.0,0,1.0,2
6861,17700.0,0,1.0,1
6862,236000.0,0,1.0,1
6863,600.0,0,1.0,22
6863,150.0,0,1.0,22
6863,50.0,0,1.0,22
6865,50.0,0,1.0,6
6865,150.0,0,1.0,6
6866,17700.0,0,1.0,1
6863,100.0,0,1.0,22
6863,1000.0,0,1.0,22
6867,600.0,0,1.0,1
6863,2000.0,0,1.0,22
6863,200.0,0,1.0,22
6863,10000.0,0,1.0,22
6863,9000.0,0,1.0,22
6868,50.0,0,1.0,3
6868,1000.0,0,1.0,3
6853,700.0,0,1.0,2
6871,600.0,0,1.0,3
6872,600.0,0,1.0,13
6871,50.0,0,1.0,3
6873,600.0,0,1.0,10
6873,700.0,0,1.0,10
6874,600.0,0,1.0,1
6873,1800.0,0,1.0,10
6875,50.0,0,1.0,1
6872,700.0,0,1.0,13
6878,600.0,0,1.0,1
6879,600.0,0,1.0,2
6880,600.0,0,1.0,15
6880,700.0,0,1.0,15
6881,1800.0,0,1.0,1
6882,600.0,0,1.0,1
6883,50.0,0,1.0,1
6880,1000.0,0,1.0,15
6880,50.0,0,1.0,15
6884,0.0,0,1.0,1
6885,0.0,0,1.0,1
6880,800.0,0,1.0,15
6886,1800.0,0,1.0,4
6287,1800.0,0,1.0,13
6887,150.0,0,1.0,1
6880,900.0,0,1.0,15
6890,600.0,0,1.0,7
6890,1800.0,0,1.0,7
6891,600.0,0,1.0,3
6872,1800.0,0,1.0,13
6892,50.0,0,1.0,1
6891,800.0,0,1.0,3
6891,700.0,0,1.0,3
6894,1800.0,0,1.0,4
6896,150.0,0,1.0,5
6896,1800.0,0,1.0,5
6898,1800.0,0,1.0,4
6900,600.0,0,1.0,4
6900,900.0,0,1.0,4
6900,700.0,0,1.0,4
6902,600.0,0,1.0,3
6902,100.0,0,1.0,3
6903,600.0,0,1.0,1
6904,600.0,0,1.0,4
6906,17700.0,0,1.0,3
6900,1800.0,0,1.0,4
6904,1800.0,0,1.0,4
6879,1800.0,0,1.0,2
6908,600.0,0,1.0,11
6909,17700.0,0,1.0,10
6910,600.0,0,1.0,7
6910,800.0,0,1.0,7
6910,700.0,0,1.0,7
6908,1800.0,0,1.0,11
6909,180000.0,0,1.0,10
6909,29500.0,0,1.0,10
6914,50.0,0,1.0,3
6914,150.0,0,1.0,3
6915,50.0,0,1.0,1
6916,600.0,0,1.0,5
6916,700.0,0,1.0,5
6918,29500.0,0,1.0,1
6916,1800.0,0,1.0,5
6919,29500.0,0,1.0,1
6920,1800.0,0,1.0,1
6921,17700.0,0,1.0,3
6923,600.0,0,1.0,5
6921,29500.0,0,1.0,3
6923,700.0,0,1.0,5
6924,29500.0,0,1.0,1
6910,1800.0,0,1.0,7
6923,100.0,0,1.0,5
6925,17700.0,0,1.0,1
6923,50.0,0,1.0,5
6857,29500.0,0,1.0,5
6926,17700.0,0,1.0,1
6927,17700.0,0,1.0,1
6928,17700.0,0,1.0,1
6929,17700.0,0,1.0,1
6930,150.0,0,1.0,1
6931,15000.0,0,1.0,1
6932,15000.0,0,1.0,1
6933,15000.0,0,1.0,1
6934,15000.0,0,1.0,7
6934,17700.0,0,1.0,7
6934,29500.0,0,1.0,7
6935,50.0,0,1.0,1
6936,5000.0,0,1.0,1
6937,150.0,0,1.0,1
6938,150.0,0,1.0,1
6939,50.0,0,1.0,2
6939,10000.0,0,1.0,2
6940,600.0,0,1.0,1
6941,1800.0,0,1.0,1
6942,10000.0,0,1.0,1
6943,25000.0,0,1.0,1
6944,500.0,0,1.0,7
6944,50.0,0,1.0,7
6945,15000.0,0,1.0,1
6946,600.0,0,1.0,7
6947,61.36,0,1.0,1
6949,17700.0,0,1.0,1
6950,600.0,0,1.0,6
6950,600.0,600,1.0,6
6951,600.0,0,1.0,1
6950,1800.0,1800,1.0,6
6952,600.0,0,1.0,1
6953,600.0,0,1.0,3
6953,600.0,600,1.0,3
6953,1800.0,1800,1.0,3
6954,600.0,600,1.0,3
6954,1800.0,1800,1.0,3
6955,600.0,600,1.0,3
6955,1800.0,1800,1.0,3
6956,17700.0,50,1.0,3
6956,29500.0,150,1.0,3
6957,17700.0,50,1.0,1
6958,50.0,50,1.0,1
6959,50.0,50,1.0,2
6959,600.0,600,1.0,2
6960,15000.0,50,1.0,2
6961,50.0,50,1.0,1
6962,50.0,50,1.0,1
6960,17700.0,50,1.0,2
6963,100.0,0,1.0,1
6946,600.0,600,1.0,7
6964,600.0,600,1.0,19
6965,29500.0,150,1.0,3
6966,17700.0,50,1.0,3
6966,29500.0,150,1.0,3
6909,29500.0,150,1.0,10
5874,29500.0,150,1.0,21
6968,17700.0,50,1.0,3
6965,29500.0,0,1.0,3
6969,15000.0,50,1.0,1
6970,10000.0,0,1.0,5
6971,17700.0,50,1.0,2
6970,120000.0,0,1.0,5
6970,1440000.0,0,1.0,5
6970,17280000.0,0,1.0,5
6972,600.0,600,1.0,4
6973,500.0,50,1.0,1
6974,100.0,50,1.0,3
6974,600.0,600,1.0,3
6972,1800.0,1800,1.0,4
6971,17700.0,0,1.0,2
6975,200.0,75,1.0,6
6975,1800.0,1800,1.0,6
6970,99999999.99,0,1.0,5
6944,600.0,600,1.0,7
6977,60.0,60,1.0,6
6977,600.0,600,1.0,6
6980,17700.0,0,1.0,1
6981,10000.0,0,1.0,2
6914,1800.0,0,1.0,3
6982,600.0,0,1.0,3
6982,1800.0,0,1.0,3
6964,600.0,0,1.0,19
6984,180.0,0,1.0,1
6972,1800.0,0,1.0,4
6964,1800.0,0,1.0,19
6977,10000.0,0,1.0,6
6988,600.0,0,1.0,3
6988,1800.0,0,1.0,3
6977,20000.0,0,1.0,6
6996,600.0,0,1.0,5
6997,50.0,0,1.0,4
6998,50.0,0,1.0,3
6997,600.0,0,1.0,4
6998,600.0,0,1.0,3
7000,17700.0,0,1.0,13
6997,1800.0,0,1.0,4
6964,10000.0,0,1.0,19
7001,150.0,0,1.0,3
7001,1800.0,0,1.0,3
7002,10000.0,0,1.0,2
6964,120000.0,0,1.0,19
6964,1440000.0,0,1.0,19
7002,120000.0,0,1.0,2
7003,0.0,0,1.0,1
6964,17280000.0,0,1.0,19
6964,99999999.99,0,1.0,19
6873,10000.0,0,1.0,10
7004,0.0,0,1.0,1
7005,54.0,0,1.0,4
7005,600.0,0,1.0,4
7005,1800.0,0,1.0,4
7007,29500.0,0,1.0,2
7008,29500.0,0,1.0,2
7008,10000.0,0,1.0,2
7010,15000.0,0,1.0,2
7010,10000.0,0,1.0,2
7011,149.0,0,1.0,2
7011,1800.0,0,1.0,2
7012,600.0,0,1.0,10
7013,0.0,0,1.0,3
7013,17700.0,0,1.0,3
7013,11800.0,0,1.0,3
7014,600.0,0,1.0,2
7014,10000.0,0,1.0,2
7015,150.0,0,1.0,2
7000,29500.0,0,1.0,13
7015,1800.0,0,1.0,2
7016,50.0,0,1.0,1
7017,50.0,0,1.0,1
7018,50.0,0,1.0,1
7019,600.0,0,1.0,28
7020,15000.0,0,1.0,6
7020,17700.0,0,1.0,6
7020,29500.0,0,1.0,6
7023,11800.0,0,1.0,1
6944,600.0,0,1.0,7
7025,17700.0,0,1.0,3
7012,1800.0,0,1.0,10
7019,1800.0,0,1.0,28
7026,90000.0,0,1.0,1
7027,600.0,0,1.0,3
7027,50.0,0,1.0,3
7028,10.0,0,1.0,1
7029,14160.0,0,1.0,2
7012,150.0,0,1.0,10
6944,1800.0,0,1.0,7
7030,10000.0,0,1.0,3
6946,10000.0,0,1.0,7
7031,5000.0,0,1.0,4
7032,600.0,0,1.0,5
7032,1800.0,0,1.0,5
7033,50.0,0,1.0,2
7035,600.0,0,1.0,2
7036,600.0,0,1.0,4
7033,600.0,0,1.0,2
7038,600.0,0,1.0,3
7036,600.0,600,1.0,4
7040,50.0,50,1.0,3
7036,1800.0,1800,1.0,4
7040,600.0,600,1.0,3
7042,600.0,600,1.0,3
7040,1800.0,1800,1.0,3
7043,1800.0,1800,1.0,2
7044,50.0,50,1.0,2
7044,1800.0,1800,1.0,2
7046,800.0,0,1.0,2
7048,600.0,600,1.0,1
7049,150.0,150,1.0,2
7050,1800.0,1800,1.0,1
7049,1800.0,1800,1.0,2
7032,1800.0,1800,1.0,5
5947,11800.0,0,1.0,4
7052,10000.0,0,1.0,2
7054,600.0,600,1.0,1
7055,1800.0,1800,1.0,1
7056,600.0,600,1.0,3
6485,10000.0,0,1.0,10
7056,1800.0,1800,1.0,3
7025,29500.0,150,1.0,3
7058,17700.0,50,1.0,1
7025,10000.0,0,1.0,3
7059,17700.0,50,1.0,2
7038,10000.0,0,1.0,3
6828,10000.0,0,1.0,4
7059,29500.0,150,1.0,2
6902,10000.0,0,1.0,3
6106,10000.0,0,1.0,8
7060,600.0,600,1.0,1
7061,600.0,600,1.0,5
6106,25000.0,0,1.0,8
5569,29500.0,150,1.0,8
7019,1800.0,1800,1.0,28
7062,600.0,600,1.0,1
7063,50.0,50,1.0,4
7063,600.0,600,1.0,4
7063,1800.0,1800,1.0,4
6950,10000.0,0,1.0,6
7064,17700.0,50,1.0,4
7065,50.0,50,1.0,7
7066,50.0,50,1.0,7
7067,150.0,150,1.0,2
7064,10000.0,0,1.0,4
7068,10000.0,0,1.0,2
7068,1000.0,100,1.0,2
7069,17700.0,50,1.0,1
7070,25000.0,150,1.0,1
1873,20000.0,2000,1.0,238
7071,10000.0,0,1.0,1
7065,600.0,600,1.0,7
6106,236.0,0,1.0,8
7067,1000.0,50,1.0,2
7073,17700.0,50,1.0,1
7074,20000.0,0,1.0,10
7074,10000.0,100,1.0,10
7076,29500.0,150,1.0,3
7074,5000.0,0,1.0,10
7074,5000.0,50,1.0,10
7076,10000.0,0,1.0,3
7066,600.0,600,1.0,7
7066,1800.0,1800,1.0,7
7012,10000.0,0,1.0,10
7074,8000.0,0,1.0,10
7074,8000.0,800,1.0,10
7074,9000.0,900,1.0,10
7077,600.0,600,1.0,17
7078,17700.0,50,1.0,1
7077,1800.0,1800,1.0,17
7080,600.0,600,1.0,2
7082,17700.0,50,1.0,1
7083,17700.0,50,1.0,10
7074,2000.0,100,1.0,10
7065,1800.0,1800,1.0,7
7074,10000.0,0,1.0,10
7077,1800.0,0,1.0,17
7084,150.0,150,1.0,1
7085,150.0,142,1.0,3
7085,1800.0,1800,1.0,3
7086,1800.0,1800,1.0,6
7087,10000.0,0,1.0,3
7088,29500.0,150,1.0,1
7089,600.0,600,1.0,3
7089,1800.0,1800,1.0,3
7086,1800.0,0,1.0,6
7091,17700.0,50,1.0,3
7092,1000.0,0,1.0,1
7083,29500.0,150,1.0,10
7091,29500.0,150,1.0,3
7093,600.0,600,1.0,2
7086,1000.0,0,1.0,6
7093,1800.0,1800,1.0,2
7086,1000.0,500,1.0,6
7095,17700.0,50,1.0,2
7095,29500.0,150,1.0,2
7097,10000.0,0,1.0,20
7066,5000.0,150,1.0,7
7066,50000.0,2000,1.0,7
1873,20000.0,0,1.0,238
7066,10000.0,0,1.0,7
7098,13933333.0,1000,1.0,3
7098,600.0,600,1.0,3
7099,17700.0,50,1.0,10
7099,29500.0,150,1.0,10
7098,1800.0,1800,1.0,3
7102,150.0,150,1.0,7
7102,1800.0,1800,1.0,7
7103,600.0,600,1.0,1
7097,5000.0,0,1.0,20
7077,200.0,200,1.0,17
7097,2000.0,0,1.0,20
7077,3000.0,1500,1.0,17
7097,8000.0,0,1.0,20
7106,17700.0,50,1.0,1
7107,10000.0,0,1.0,7
7097,15000.0,0,1.0,20
7108,17700.0,50,1.0,24
7108,17700.0,0,1.0,24
7108,500.0,50,1.0,24
7108,29500.0,0,1.0,24
7109,600.0,600,1.0,3
7108,29500.0,150,1.0,24
7108,25000.0,0,1.0,24
7109,1800.0,1800,1.0,3
7107,5000.0,0,1.0,7
7108,318.6,0,1.0,24
7108,318.6,90,1.0,24
7108,1000.0,150,1.0,24
7108,944.0,50,1.0,24
7110,17700.0,50,1.0,6
7077,200.0,0,1.0,17
7077,10000.0,0,1.0,17
7111,600.0,600,1.0,2
7111,1500.0,0,1.0,2
7112,600.0,600,1.0,2
7108,118.0,150,1.0,24
7112,1500.0,0,1.0,2
7108,10000.0,0,1.0,24
7113,600.0,600,1.0,4
7113,1800.0,1800,1.0,4
7108,11000.0,0,1.0,24
7114,10000.0,0,1.0,2
7116,25000.0,150,1.0,2
7116,29500.0,150,1.0,2
7113,1800.0,0,1.0,4
7117,15000.0,50,1.0,2
7117,17700.0,50,1.0,2
7118,600.0,600,1.0,3
7118,1800.0,1800,1.0,3
7110,29500.0,150,1.0,6
7119,17700.0,50,1.0,1
7120,17700.0,50,1.0,4
7121,29500.0,150,1.0,1
7108,8000.0,0,1.0,24
7122,10000.0,0,1.0,1
7108,14160.0,0,1.0,24
7123,50.0,50,1.0,2
7123,150.0,150,1.0,2
7124,15000.0,50,1.0,2
7125,15000.0,50,1.0,1
7124,25000.0,150,1.0,2
7126,25000.0,150,1.0,1
7127,10000.0,0,1.0,1
7128,1516.0,50,1.0,3
7128,17700.0,50,1.0,3
7128,29500.0,150,1.0,3
7129,50.0,50,1.0,2
7129,150.0,150,1.0,2
7130,15000.0,0,1.0,1
7131,10000.0,0,1.0,1
7133,17700.0,50,1.0,2
7133,29500.0,150,1.0,2
7035,50.0,50,1.0,2
7134,29500.0,150,1.0,1
7120,29500.0,150,1.0,4
7135,685.0,0,1.0,1
7136,10000.0,0,1.0,1
7137,600.0,600,1.0,4
7137,1800.0,1800,1.0,4
7140,600.0,600,1.0,5
7140,150.0,150,1.0,5
7140,200.0,200,1.0,5
7141,17700.0,50,1.0,3
7141,236.0,200,1.0,3
7141,200.0,200,1.0,3
7142,600.0,600,1.0,4
7142,200.0,50,1.0,4
7142,300.0,300,1.0,4
7142,500.0,500,1.0,4
7143,600.0,600,1.0,7
7144,600.0,600,1.0,4
7143,200.0,200,1.0,7
7145,10000.0,0,1.0,1
7146,17700.0,50,1.0,4
7148,17700.0,50,1.0,2
7148,200.0,50,1.0,2
7146,200.0,200,1.0,4
7149,600.0,600,1.0,1
7146,29500.0,150,1.0,4
7150,600.0,600,1.0,6
7151,29500.0,150,1.0,2
7152,10000.0,0,1.0,1
7153,17700.0,50,1.0,4
7153,25000.0,150,1.0,4
7153,10000.0,0,1.0,4
7154,10000.0,0,1.0,2
7144,1800.0,1800,1.0,4
7155,17700.0,50,1.0,1
7143,1800.0,1800,1.0,7
7156,10000.0,0,1.0,2
7158,600.0,600,1.0,1
7150,1800.0,1800,1.0,6
7159,10000.0,0,1.0,1
7160,17700.0,50,1.0,3
7161,600.0,600,1.0,4
7161,1800.0,1800,1.0,4
7160,29500.0,150,1.0,3
7150,10000.0,0,1.0,6
7162,17700.0,50,1.0,1
7163,17700.0,50,1.0,1
7164,600.0,600,1.0,5
7164,1000.0,50,1.0,5
7164,1000.0,150,1.0,5
7164,1800.0,1800,1.0,5
7164,150.0,150,1.0,5
7165,17700.0,50,1.0,1
7166,1800.0,1800,1.0,1
7167,17700.0,50,1.0,1
7168,600.0,600,1.0,1
7169,29500.0,150,1.0,2
7170,17700.0,50,1.0,2
7171,17700.0,50,1.0,3
7172,29500.0,150,1.0,1
7174,600.0,600,1.0,4
7175,1800.0,1800,1.0,1
7176,600.0,600,1.0,2
7177,29500.0,150,1.0,1
7178,600.0,600,1.0,1
7179,1800.0,1800,1.0,1
7180,17700.0,50,1.0,3
7171,29500.0,150,1.0,3
7181,600.0,600,1.0,1
7174,1800.0,1800,1.0,4
7180,29500.0,150,1.0,3
7182,17700.0,50,1.0,4
7182,29500.0,150,1.0,4
7183,600.0,600,1.0,2
7184,600.0,600,1.0,1
7185,17700.0,50,1.0,2
7185,29500.0,150,1.0,2
7186,0.0,0,1.0,5
7187,29500.0,150,1.0,3
7186,600.0,600,1.0,5
7189,17700.0,50,1.0,3
7186,1800.0,1800,1.0,5
7186,2000.0,1500,1.0,5
7190,17700.0,50,1.0,1
7191,600.0,600,1.0,6
7192,0.0,0,1.0,1
7193,17700.0,50,1.0,3
7194,0.0,0,0.0,1
7195,10000.0,0,1.0,1
7196,15000.0,0,1.0,1
7197,10000.0,0,1.0,1
7193,29500.0,150,1.0,3
7198,10000.0,0,1.0,5
7199,60000.0,0,1.0,1
7187,10000.0,0,1.0,3
7202,15000.0,50,1.0,1
7191,1800.0,1800,1.0,6
7203,29500.0,150,1.0,1
7198,50.0,50,1.0,5
6014,365.0,365,1.0,14
2646,177.0,150,1.0,3
2646,8200.0,0,1.0,3
7208,17700.0,50,1.0,6
5335,1800.0,1800,1.0,11
7208,29500.0,150,1.0,6
7209,29500.0,150,1.0,1
7210,29500.0,150,1.0,2
7211,25000.0,150,1.0,2
7212,0.0,0,1.0,1
7211,29500.0,0,1.0,2
7213,15000.0,0,1.0,1
7214,25000.0,150,1.0,1
7215,15000.0,50,1.0,4
7215,17700.0,50,1.0,4
7216,600.0,600,1.0,4
7215,29500.0,150,1.0,4
7217,10000.0,0,1.0,1
7219,10000.0,0,1.0,1
7220,25000.0,150,1.0,1
7221,25000.0,150,1.0,4
7221,29500.0,150,1.0,4
7222,10000.0,0,1.0,1
7216,1800.0,1800,1.0,4
7223,0.0,0,1.0,1
7224,0.0,0,1.0,1
7226,0.0,20,1.0,1
7227,50.0,50,0.0,1
7228,30000.0,1,1.0,2
7228,30000.0,0,1.0,2
7229,0.0,20,1.0,1
7230,0.0,50,0.0,1
7231,47200.0,1,1.0,2
7232,0.0,50,1.0,1
7231,47200.0,0,1.0,2
7233,10000.0,1,1.0,2
7233,10000.0,0,1.0,2
7234,50.0,50,0.0,1
7235,11800.0,1,1.0,2
7236,15000.0,50,1.0,1
7235,11800.0,0,1.0,2
7237,20000.0,1,1.0,1
7238,15000.0,50,1.0,1
7239,0.0,5,1.0,1
7240,11800.0,1,1.0,1
7241,17700.0,1,1.0,1
7242,15000.0,50,1.0,1
7243,10000.0,0,1.0,1
7244,17700.0,50,1.0,9
7245,15000.0,50,1.0,1
7246,17700.0,50,1.0,1
7247,600.0,600,1.0,5
7248,17700.0,50,1.0,1
7249,17700.0,50,1.0,1
7250,15000.0,50,1.0,1
7251,29500.0,150,1.0,1
7252,25000.0,150,1.0,1
7253,10000.0,0,1.0,1
7244,1180.0,0,1.0,9
7254,20000.0,0,1.0,2
7244,1180.0,50,1.0,9
7255,15000.0,50,1.0,1
7256,35400.0,0,1.0,2
7244,15000.0,50,1.0,9
7244,25000.0,150,1.0,9
7257,30000.0,0,1.0,2
7244,10000.0,0,1.0,9
7258,17700.0,50,1.0,2
7259,15000.0,50,1.0,1
7260,15000.0,50,1.0,2
7261,15000.0,50,1.0,1
7260,17700.0,50,1.0,2
7262,29500.0,150,1.0,2
7263,25000.0,150,1.0,2
7264,15000.0,50,1.0,1
7247,100.0,50,1.0,5
7269,15000.0,50,1.0,1
7270,25000.0,150,1.0,2
7247,50.0,50,1.0,5
7247,150.0,150,1.0,5
7263,29500.0,150,1.0,2
7270,29500.0,150,1.0,2
7272,10000.0,0,1.0,1
7273,1800.0,1800,1.0,4
7274,20000.0,0,1.0,1
7275,10723.84,0,1.0,1
7276,15000.0,50,1.0,5
7276,25000.0,150,1.0,5
7277,15000.0,50,1.0,10
7277,25000.0,150,1.0,10
7277,200.0,150,1.0,10
7277,177.0,150,1.0,10
7277,150.0,150,1.0,10
7277,236.0,150,1.0,10
7280,600.0,600,1.0,1
7281,17700.0,50,1.0,4
7282,50.0,50,0.0,7
7281,17700.0,0,1.0,4
7282,50.0,50,1.0,7
7282,200.0,50,1.0,7
7282,300.0,50,1.0,7
7282,100.0,50,1.0,7
7284,17700.0,50,1.0,4
7281,29500.0,150,1.0,4
7284,15000.0,50,1.0,4
7284,100.0,50,1.0,4
7286,29500.0,150,1.0,2
7287,15000.0,50,1.0,1
7288,11800.0,0,1.0,1
7290,0.0,0,1.0,1
7291,0.0,0,1.0,1
7292,0.0,0,1.0,1
7293,0.0,0,1.0,1
7294,600.0,600,1.0,2
7294,50.0,50,1.0,2
7295,600.0,600,1.0,1
7296,0.0,0,1.0,1
7297,600.0,600,1.0,1
7300,0.0,50,0.0,7
7301,0.0,600,0.0,4
7302,50.0,50,0.0,1
7301,600.0,0,1.0,4
7304,600.0,600,1.0,3
7301,600.0,600,1.0,4
7304,50.0,50,1.0,3
7305,0.0,0,1.0,1
7306,0.0,0,1.0,1
7307,0.0,0,1.0,2
7307,1800.0,1800,1.0,2
7300,29500.0,0,1.0,7
7300,25000.0,150,1.0,7
7308,0.0,50,1.0,1
7309,17700.0,50,1.0,1
7310,0.0,50,1.0,3
7304,150.0,150,1.0,3
7300,29500.0,150,1.0,7
7310,29500.0,150,1.0,3
7311,0.0,0,1.0,1
7312,0.0,0,1.0,1
7313,600.0,600,1.0,3
7314,600.0,600,1.0,9
7314,600.0,0,1.0,9
7314,1800.0,1800,1.0,9
7314,1800.0,0,1.0,9
7316,50.0,50,1.0,2
7316,600.0,600,1.0,2
7317,1800.0,1800,1.0,3
7318,0.0,0,1.0,2
7319,50000.0,0,1.0,4
7321,600.0,600,1.0,5
7318,600.0,600,1.0,2
7321,1800.0,1800,1.0,5
7310,103.84,15,1.0,3
7323,0.0,0,1.0,1
7324,0.0,0,1.0,1
7325,0.0,0,1.0,1
7326,0.0,0,1.0,1
7327,0.0,0,1.0,1
7328,0.0,0,1.0,1
7329,0.0,0,1.0,4
7329,600.0,600,1.0,4
7331,0.0,0,1.0,4
7332,0.0,50,0.0,1
7331,50.0,50,1.0,4
7333,0.0,0,1.0,12
7334,0.0,0,0.0,1
7335,17700.0,50,1.0,6
7336,10000.0,0,0.0,2
7336,10000.0,0,1.0,2
7337,0.0,50,1.0,1
7333,600.0,600,1.0,12
7333,50.0,50,1.0,12
7333,150.0,150,1.0,12
7338,0.0,50,0.0,1
7333,80.0,50,1.0,12
7333,1500.0,1500,1.0,12
7333,10000.0,0,1.0,12
7335,17700.0,0,1.0,6
7340,0.0,0,1.0,1
7341,0.0,0,1.0,1
7342,0.0,0,1.0,1
7343,0.0,150,1.0,1
7335,29500.0,150,1.0,6
7344,0.0,0,1.0,6
7344,120.0,0,1.0,6
7335,11800.0,0,1.0,6
7344,10000.0,0,1.0,6
7346,0.0,0,1.0,1
7347,0.0,0,1.0,1
7348,29500.0,150,1.0,2
7348,10.0,0,1.0,2
7349,50.0,50,1.0,4
7350,150.0,150,1.0,3
7351,0.0,150,1.0,2
7351,29500.0,150,1.0,2
7350,1800.0,1800,1.0,3
7353,500.0,0,1.0,1
7354,0.0,0,1.0,1
7355,17700.0,50,1.0,2
7349,600.0,600,1.0,4
7356,0.0,0,1.0,1
7358,29500.0,150,1.0,1
7359,0.0,0,1.0,1
7349,1800.0,1800,1.0,4
7360,0.0,0,1.0,1
7361,0.0,0,1.0,1
7362,0.0,0,1.0,3
7363,0.0,0,1.0,1
7364,10000.0,0,1.0,4
7362,300000.0,0,1.0,3
7362,300000.0,1800,1.0,3
7366,1000.0,0,1.0,1
7367,15000.0,40,1.0,1
7368,1900.0,5,1.0,1
7369,17700.0,50,1.0,1
7370,29500.0,150,1.0,1
7371,20000.0,0,1.0,1
7372,2500.0,150,1.0,1
7373,0.0,0,1.0,1
5898,29500.0,150,1.0,6
7355,29500.0,150,1.0,2
7374,29500.0,150,1.0,1
7375,17700.0,50,1.0,1
7376,2360.0,0,1.0,1
7377,1300.0,50,1.0,1
7378,17700.0,50,1.0,1
7379,29500.0,150,1.0,1
7380,17700.0,50,1.0,2
7380,2500.0,150,1.0,2
7381,17700.0,50,1.0,2
7381,25000.0,150,1.0,2
7382,0.0,0,1.0,1
7383,0.0,0,1.0,1
7384,0.0,150,1.0,1
7385,0.0,50,1.0,1
7386,0.0,150,1.0,1
7387,0.0,150,1.0,1
7388,0.0,150,1.0,8
7388,29500.0,0,1.0,8
7388,29500.0,150,1.0,8
7388,10000.0,0,1.0,8
7390,600.0,0,1.0,7
7391,600.0,0,1.0,2
7390,600.0,600,1.0,7
7390,1800.0,1800,1.0,7
7392,1800.0,0,1.0,6
6014,29500.0,150,1.0,14
5800,1800.0,1800,1.0,9
7393,1800.0,0,1.0,2
7393,1800.0,1800,1.0,2
7392,1800.0,1800,1.0,6
7394,600.0,0,1.0,1
7391,600.0,600,1.0,2
7396,17700.0,0,1.0,2
7397,600.0,0,1.0,1
7399,17700.0,0,1.0,4
7402,60.0,0,1.0,1
6262,29500.0,150,1.0,2
7405,600.0,0,1.0,1
7406,600.0,0,1.0,1
7407,600.0,0,1.0,15
7408,600.0,0,1.0,15
7408,600.0,600,1.0,15
7409,600.0,0,1.0,1
7410,17700.0,0,1.0,1
7412,10000.0,0,1.0,1
7413,17700.0,0,1.0,1
7415,17700.0,0,1.0,2
7415,29500.0,150,1.0,2
7407,600.0,50,1.0,15
7408,600.0,50,1.0,15
7416,17700.0,0,1.0,2
7407,600.0,600,1.0,15
7416,29500.0,150,1.0,2
7418,600.0,0,1.0,9
7419,600.0,0,1.0,16
7420,1800.0,0,1.0,1
7421,600.0,0,1.0,16
7422,600.0,0,1.0,15
7423,20000.0,0,1.0,2
7424,600.0,0,1.0,15
7425,600.0,0,1.0,13
7426,17700.0,0,1.0,1
7427,600.0,0,1.0,15
7428,29500.0,0,1.0,1
7429,17700.0,0,1.0,1
7431,17700.0,0,1.0,7
7432,17700.0,0,1.0,4
7433,29500.0,0,1.0,3
7434,1800.0,0,1.0,8
7435,29500.0,0,1.0,3
7436,29500.0,0,1.0,1
7437,600.0,0,1.0,3
7438,600.0,0,1.0,3
7438,600.0,600,1.0,3
7439,1200.0,0,1.0,1
7438,1800.0,1800,1.0,3
7440,17700.0,0,1.0,5
7442,29500.0,0,1.0,1
7443,29500.0,0,1.0,1
7434,1800.0,1800,1.0,8
7444,1800.0,0,1.0,2
7444,1800.0,1800,1.0,2
7445,1800.0,0,1.0,9
7445,1800.0,1800,1.0,9
7447,1800.0,0,1.0,3
7448,1800.0,0,1.0,1
7447,1800.0,1800,1.0,3
7449,2200.0,0,1.0,2
7450,1800.0,0,1.0,13
7451,2200.0,0,1.0,1
7452,17700.0,0,1.0,3
7453,10000.0,0,1.0,5
7454,29500.0,0,1.0,1
7418,600.0,600,1.0,9
7419,600.0,600,1.0,16
6081,10000.0,0,1.0,8
7421,600.0,600,1.0,16
7422,600.0,600,1.0,15
7424,600.0,600,1.0,15
7427,600.0,600,1.0,15
7455,1652.0,0,1.0,1
7450,1800.0,1800,1.0,13
7425,600.0,600,1.0,13
7396,29500.0,150,1.0,2
7431,17700.0,50,1.0,7
7458,20000.0,0,1.0,4
7459,600.0,0,1.0,7
7459,600.0,600,1.0,7
7433,29500.0,150,1.0,3
7399,17700.0,50,1.0,4
6715,17700.0,50,1.0,4
7440,17700.0,50,1.0,5
7440,29500.0,150,1.0,5
7460,20000.0,0,1.0,2
7435,29500.0,150,1.0,3
7461,29500.0,0,1.0,1
7462,17700.0,0,1.0,1
7463,1800.0,0,1.0,13
7464,600.0,0,1.0,27
7465,20000.0,0,1.0,17
7466,1800.0,0,1.0,5
7463,1800.0,1800,1.0,13
7464,600.0,600,1.0,27
7467,600.0,0,1.0,1
7466,1800.0,1800,1.0,5
7431,29500.0,0,1.0,7
7432,29500.0,0,1.0,4
7468,600.0,0,1.0,1
7313,1800.0,1800,1.0,3
7080,1800.0,1800,1.0,2
7431,29500.0,150,1.0,7
7452,29500.0,0,1.0,3
7452,29500.0,150,1.0,3
7469,15000.0,0,1.0,3
7470,600.0,0,1.0,1
7472,600.0,0,1.0,1
7473,17700.0,0,1.0,1
7474,29500.0,0,1.0,1
7475,10000.0,0,1.0,1
7476,1770.0,0,1.0,1
7477,600.0,0,1.0,2
7477,600.0,600,1.0,2
7478,17700.0,0,1.0,1
7440,2500.0,0,1.0,5
7399,29500.0,150,1.0,4
7432,2500.0,150,1.0,4
7432,1000.0,0,1.0,4
7440,1000.0,0,1.0,5
7083,1000.0,0,1.0,10
7433,1000.0,0,1.0,3
7480,1800.0,0,1.0,3
7437,1800.0,1800,1.0,3
7481,600.0,0,1.0,2
7481,1800.0,1800,1.0,2
7482,600.0,0,1.0,2
7482,1800.0,1800,1.0,2
7483,600.0,0,1.0,2
7480,1800.0,1800,1.0,3
7484,0.0,15,1.0,9
7485,0.0,5,1.0,3
7486,0.0,20,1.0,1
7487,0.0,15,1.0,1
7488,0.0,10,1.0,1
7489,0.0,15,1.0,1
7490,50.0,50,0.0,1
7491,0.0,5,1.0,1
7492,600.0,0,1.0,1
7493,600.0,0,1.0,1
7494,1800.0,0,1.0,1
7495,1800.0,0,1.0,1
7496,30000.0,0,1.0,1
7497,1800.0,0,1.0,1
7498,600.0,0,1.0,6
7499,1000.0,0,1.0,1
7483,600.0,600,1.0,2
7500,1800.0,0,1.0,5
7501,10000.0,0,1.0,4
7502,0.0,5,1.0,3
7500,1800.0,1800,1.0,5
7502,500.0,50,1.0,3
7484,500.0,50,1.0,9
7485,50.0,50,1.0,3
7504,40000.0,0,1.0,2
7498,600.0,600,1.0,6
7508,1800.0,0,1.0,1
7509,1800.0,0,1.0,1
7511,600.0,0,1.0,1
7512,600.0,0,1.0,2
7513,600.0,0,1.0,1
7514,600.0,0,1.0,1
7515,600.0,0,1.0,1
7516,600.0,0,1.0,1
7517,1800.0,0,1.0,1
7518,17700.0,0,1.0,1
7519,600.0,0,1.0,1
7521,600.0,0,1.0,2
7522,1800.0,0,1.0,1
7523,0.0,5,1.0,3
7521,600.0,600,1.0,2
7484,100.0,50,1.0,9
7524,40000.0,0,1.0,1
7484,150.0,150,1.0,9
7523,600.0,50,1.0,3
7525,30000.0,0,1.0,1
7527,0.0,5,1.0,2
7527,600.0,600,1.0,2
7512,600.0,600,1.0,2
7529,0.0,5,1.0,1
7530,0.0,5,1.0,1
7531,29500.0,0,1.0,1
7532,0.0,5,1.0,1
7533,0.0,50,1.0,1
2335,177.0,150,1.0,58
6998,600.0,600,1.0,3
7001,1800.0,1800,1.0,3
7534,17700.0,0,1.0,1
7535,0.0,150,1.0,1
7536,29500.0,0,1.0,1
7537,600.0,0,1.0,3
7538,29500.0,0,1.0,7
7539,0.0,5,1.0,1
7537,600.0,600,1.0,3
7540,0.0,150,1.0,2
7540,15000.0,50,1.0,2
7541,15000.0,50,1.0,4
7541,1451.4,0,1.0,4
7543,1200.0,0,1.0,1
7545,600.0,0,1.0,2
7545,1800.0,1800,1.0,2
7547,0.0,5,1.0,2
7547,600.0,600,1.0,2
7548,0.0,5,1.0,1
7549,0.0,50,0.0,6
7550,0.0,500,0.0,2
7550,600.0,600,1.0,2
7549,600.0,600,1.0,6
7551,0.0,5,1.0,2
7551,17700.0,50,1.0,2
7553,0.0,5,1.0,2
7553,600.0,600,1.0,2
7554,150.0,0,1.0,4
7556,600.0,0,1.0,5
7557,600.0,600,0.0,1
7558,0.0,50,0.0,1
7559,10000.0,0,1.0,1
5943,29500.0,150,1.0,29
7560,0.0,5,1.0,3
7560,600.0,600,1.0,3
7561,0.0,5,1.0,2
7554,1800.0,1800,1.0,4
7562,0.0,5,1.0,6
7562,15000.0,600,1.0,6
7563,0.0,5,1.0,4
7564,0.0,5,1.0,1
7556,600.0,600,1.0,5
7565,600.0,0,1.0,2
7565,600.0,600,1.0,2
7566,15000.0,0,1.0,1
7567,600.0,0,1.0,1
7568,600.0,0,1.0,1
7569,0.0,15,1.0,3
7570,0.0,150,1.0,2
1873,50.0,50,1.0,238
7575,600.0,600,1.0,1
7469,29500.0,0,1.0,3
7577,17700.0,50,1.0,1
7578,50.0,50,1.0,1
7579,150.0,150,1.0,1
7580,50.0,50,1.0,1
7469,29500.0,150,1.0,3
7581,150.0,150,1.0,1
7582,50.0,50,1.0,1
7583,2.0,0,1.0,1
7584,17700.0,50,1.0,1
7585,17700.0,50,1.0,3
7586,25000.0,150,1.0,2
7587,29500.0,150,1.0,1
7541,29500.0,150,1.0,4
7590,0.0,0,1.0,2
7590,600.0,600,1.0,2
7591,0.0,0,1.0,2
7591,600.0,600,1.0,2
7592,29500.0,150,1.0,1
7593,0.0,0,1.0,3
7593,600.0,600,1.0,3
7585,15000.0,50,1.0,3
7594,0.0,0,1.0,2
7594,25000.0,150,1.0,2
7595,0.0,0,1.0,5
7595,17700.0,50,1.0,5
7595,15000.0,50,1.0,5
7596,29500.0,150,1.0,1
7556,150.0,150,1.0,5
7597,600.0,600,1.0,2
7595,29500.0,150,1.0,5
7595,29500.0,0,1.0,5
7597,150.0,150,1.0,2
7569,29500.0,150,1.0,3
7598,0.0,0,1.0,4
7599,600.0,600,1.0,6
7599,1800.0,1800,1.0,6
7599,10000.0,0,1.0,6
7600,600.0,600,1.0,1
7599,50.0,50,1.0,6
7599,150.0,150,1.0,6
7598,17700.0,50,1.0,4
7598,15000.0,50,1.0,4
7605,15000.0,50,1.0,3
7606,0.0,0,1.0,7
7606,600.0,600,1.0,7
7607,30000.0,0,1.0,3
7608,0.0,0,1.0,2
7605,17700.0,50,1.0,3
7605,29500.0,150,1.0,3
7609,600.0,600,1.0,1
7606,500.0,0,1.0,7
7606,50.0,50,1.0,7
7606,1800.0,1800,1.0,7
7610,50.0,50,1.0,1
7611,0.0,150,1.0,1
7612,0.0,50,1.0,1
7613,600.0,600,1.0,3
7614,0.0,0,1.0,3
7615,0.0,0,1.0,4
7614,50.0,50,1.0,3
7615,15000.0,50,1.0,4
7614,600.0,600,1.0,3
7615,17700.0,50,1.0,4
7613,50.0,50,1.0,3
7616,50.0,50,1.0,3
7616,150.0,150,1.0,3
7538,25000.0,150,1.0,7
7617,1.0,0,1.0,1
7616,1800.0,1800,1.0,3
7538,1000.0,150,1.0,7
7538,29500.0,150,1.0,7
7618,17700.0,50,1.0,1
7619,600.0,600,1.0,4
7620,600.0,600,1.0,3
7622,50.0,50,1.0,5
7624,15000.0,50,1.0,1
7622,600.0,600,1.0,5
7563,150.0,150,1.0,4
7627,29500.0,150,1.0,1
7620,150.0,150,1.0,3
7628,1800.0,1800,1.0,5
7629,600.0,600,1.0,2
7630,1800.0,1800,1.0,6
7629,150.0,150,1.0,2
7631,600.0,600,1.0,2
7631,150.0,150,1.0,2
7632,15000.0,50,1.0,1
7630,10000.0,0,1.0,6
7633,25000.0,150,1.0,1
7634,17700.0,50,1.0,1
7635,1000.0,0,1.0,2
7636,29500.0,150,1.0,1
7637,600.0,600,1.0,6
7640,0.0,0,1.0,4
7640,15000.0,50,1.0,4
7640,17700.0,50,1.0,4
7637,1800.0,1800,1.0,6
7641,0.0,50,0.0,1
7640,25000.0,150,1.0,4
7642,0.0,0,1.0,3
7642,50.0,50,1.0,3
7643,0.0,150,1.0,2
7643,15000.0,50,1.0,2
7644,10000.0,0,1.0,1
7645,14160.0,0,1.0,3
7645,1000.0,0,1.0,3
7646,10000.0,0,1.0,1
7647,10000.0,0,1.0,2
7648,10000.0,0,1.0,3
7649,25000.0,150,1.0,3
7465,500.0,0,1.0,17
7465,10000.0,0,1.0,17
7649,15000.0,150,1.0,3
7650,17700.0,50,1.0,4
7651,600.0,600,1.0,1
7652,29500.0,150,1.0,1
7653,17700.0,50,1.0,1
7554,1800.0,0,1.0,4
7650,15000.0,50,1.0,4
7650,10000.0,50,1.0,4
7654,600.0,600,1.0,2
7654,1800.0,0,1.0,2
7465,100.0,0,1.0,17
7655,10000.0,0,1.0,1
7656,25000.0,150,1.0,1
7657,600.0,600,1.0,3
7658,0.0,0,1.0,1
7659,0.0,0,1.0,1
7660,0.0,0,1.0,1
7661,0.0,0,1.0,1
7662,0.0,50,0.0,2
7662,600.0,600,1.0,2
7663,0.0,50,0.0,1
7664,0.0,0,0.0,1
7665,0.0,0,1.0,1
7666,10000.0,0,1.0,2
7667,600.0,600,1.0,1
7669,600.0,600,1.0,1
7670,600.0,600,1.0,1
7657,600.0,50,1.0,3
7671,1800.0,1800,1.0,2
7672,1800.0,1800,1.0,1
7673,1800.0,1800,1.0,1
7674,29500.0,150,1.0,1
7675,600.0,600,1.0,1
7676,17700.0,50,1.0,1
7680,1800.0,1800,1.0,1
7671,150.0,150,1.0,2
7681,600.0,600,1.0,2
7682,1000.0,0,1.0,1
7683,50.0,50,1.0,3
7684,150.0,150,1.0,2
7685,50.0,50,1.0,1
7686,50.0,50,1.0,1
7465,50.0,50,1.0,17
7687,150.0,150,1.0,1
7688,1000.0,0,1.0,1
7681,150.0,150,1.0,2
7689,1000.0,0,1.0,1
7683,600.0,600,1.0,3
7690,0.0,0,1.0,1
7691,600.0,600,1.0,3
7692,1800.0,1800,1.0,4
7684,1800.0,1800,1.0,2
7693,600.0,600,1.0,1
7694,10000.0,0,1.0,1
7695,600.0,600,1.0,3
7691,1800.0,1800,1.0,3
7695,10000.0,0,1.0,3
7692,500.0,150,1.0,4
7698,0.0,0,1.0,1
7699,150.0,150,0.0,1
7700,0.0,0,1.0,1
7701,0.0,0,1.0,1
7702,1800.0,150,0.0,1
7703,29500.0,150,1.0,1
7704,600.0,600,1.0,4
7704,50.0,50,1.0,4
7705,600.0,600,0.0,1
7707,0.0,150,0.0,1
7704,100.0,150,1.0,4
7710,5000.0,0,1.0,1
7711,40000.0,0,1.0,2
7712,0.0,0,1.0,3
7713,0.0,0,1.0,1
7712,50.0,50,1.0,3
7715,600.0,600,1.0,2
7712,600.0,600,1.0,3
7715,10000.0,0,1.0,2
7464,10000.0,0,1.0,27
7277,29500.0,150,1.0,10
7716,50.0,50,1.0,1
7464,1800.0,1800,1.0,27
7717,600.0,600,1.0,2
7718,1800.0,1800,1.0,1
7719,10000.0,0,1.0,2
7721,17700.0,50,1.0,1
7717,1800.0,1800,1.0,2
7719,600.0,600,1.0,2
7722,1800.0,1800,1.0,1
7723,1800.0,1800,1.0,4
7723,150.0,150,1.0,4
6968,29500.0,150,1.0,3
7725,600.0,600,1.0,1
7726,600.0,600,1.0,1
7727,1800.0,1800,1.0,1
7728,600.0,600,1.0,1
7729,50.0,50,1.0,2
7730,600.0,600,1.0,1
7731,600.0,600,1.0,1
7729,1800.0,1800,1.0,2
7732,1800.0,1800,1.0,1
7733,600.0,600,1.0,1
7734,1800.0,1800,1.0,1
7736,50.0,50,1.0,1
7737,150.0,150,0.0,1
7738,50.0,50,0.0,3
7739,1000.0,0,1.0,2
7738,150.0,150,1.0,3
1873,600.0,600,1.0,238
7399,10000.0,0,1.0,4
7741,600.0,600,1.0,1
7739,1500.0,0,1.0,2
7742,1800.0,1800,1.0,1
7743,600.0,600,1.0,1
7738,1800.0,1800,1.0,3
7744,600.0,600,1.0,3
7745,600.0,600,1.0,3
7746,50.0,50,0.0,2
7747,0.0,150,0.0,1
7748,1800.0,1800,1.0,1
7749,1800.0,1800,1.0,1
7745,150.0,150,1.0,3
7750,600.0,600,1.0,2
7750,1800.0,1800,1.0,2
7751,600.0,600,1.0,1
7752,29500.0,150,1.0,1
6715,29500.0,150,1.0,4
7170,29500.0,150,1.0,2
7746,150.0,150,1.0,2
7753,17700.0,50,1.0,5
7753,29500.0,150,1.0,5
7753,25000.0,150,1.0,5
7754,0.0,0,1.0,1
7755,0.0,0,1.0,1
7756,50.0,50,1.0,2
7756,600.0,600,1.0,2
6475,29500.0,150,1.0,6
7757,600.0,600,1.0,1
7758,500.0,0,1.0,1
7759,500.0,0,1.0,1
7760,5001.0,0,1.0,1
7761,5001.0,0,1.0,1
7762,10000.0,0,1.0,1
7763,150.0,150,1.0,1
7764,50.0,50,1.0,2
7765,17700.0,50,1.0,1
7766,10000.0,0,1.0,1
7767,29500.0,150,1.0,1
7768,600.0,600,1.0,1
7769,600.0,600,1.0,1
7770,600.0,600,1.0,1
7771,600.0,600,1.0,1
7772,10000.0,0,1.0,3
7773,15000.0,50,1.0,1
7774,2950.0,15,1.0,1
7775,1800.0,1800,1.0,2
7777,600.0,50,1.0,3
7777,600.0,600,1.0,3
7779,1500.0,1500,1.0,1
7781,150.0,150,1.0,1
7783,50.0,50,1.0,1
7784,150.0,150,1.0,1
7785,600.0,600,1.0,3
7787,1800.0,1800,1.0,1
7788,20000.0,0,1.0,2
7789,50.0,50,1.0,2
7790,10000.0,0,1.0,1
7791,17700.0,50,1.0,1
7792,20000.0,0,1.0,1
7793,150.0,150,1.0,1
7794,150.0,150,1.0,2
7794,1800.0,1800,1.0,2
7795,0.0,0,1.0,2
7795,1000.0,50,1.0,2
7796,0.0,0,1.0,1
7764,150.0,150,1.0,2
7797,0.0,0,1.0,2
7797,1416.0,50,1.0,2
7798,600.0,600,1.0,9
7799,0.0,0,1.0,5
7799,1000.0,150,1.0,5
7799,29500.0,150,1.0,5
7799,25000.0,150,1.0,5
7801,600.0,600,1.0,1
7798,1800.0,1800,1.0,9
7802,50000.0,0,1.0,1
7803,10000.0,0,1.0,1
7804,50.0,50,1.0,1
7805,15000.0,50,1.0,3
7805,25000.0,150,1.0,3
7807,10000.0,0,1.0,1
7808,600.0,600,1.0,1
7809,150.0,150,1.0,1
7810,150.0,150,1.0,3
7811,118.0,0,1.0,1
7812,2000.0,0,1.0,2
7813,150.0,150,1.0,2
7815,17700.0,50,1.0,1
7816,10000.0,0,1.0,1
7817,50.0,50,1.0,1
7818,29500.0,150,1.0,1
7819,17700.0,50,1.0,11
7820,20000.0,0,1.0,1
7823,1800.0,1800,1.0,1
7824,0.0,0,1.0,1
7789,150.0,150,1.0,2
7825,0.0,0,1.0,2
7825,1800.0,1800,1.0,2
7819,0.0,0,1.0,11
7819,1500.0,0,1.0,11
5943,0.0,0,1.0,29
7829,700.0,700,1.0,29
7830,1900.0,1900,1.0,7
7831,20000.0,0,1.0,25
7832,700.0,700,1.0,29
7833,1900.0,1900,1.0,9
7834,10000.0,0,1.0,4
7829,600.0,600,1.0,29
7830,1800.0,1800,1.0,7
7832,600.0,600,1.0,29
7813,1800.0,1800,1.0,2
7835,0.0,0,1.0,1
7836,0.0,0,1.0,2
7838,0.0,0,1.0,2
7839,0.0,0,1.0,4
7839,15000.0,50,1.0,4
7840,0.0,0,1.0,2
7843,50.0,40,1.0,2
7843,600.0,600,1.0,2
7846,50.0,50,1.0,1
7847,50.0,50,1.0,1
7848,150.0,150,1.0,1
7849,50.0,50,1.0,1
7829,-1800.0,1800,1.0,29
7850,50.0,50,1.0,1
7829,-1800.0,-5400,1.0,29
7852,200.0,200,1.0,2
7852,1800.0,1800,1.0,2
7853,150.0,150,1.0,1
7854,150.0,150,1.0,1
7855,2000.0,0,1.0,1
7856,600.0,600,1.0,1
7857,1800.0,1800,1.0,1
7858,100.0,0,1.0,1
7859,10000.0,0,1.0,1
7860,50.0,50,1.0,1
7861,10000.0,0,1.0,1
7862,10000.0,0,1.0,1
7863,10000.0,0,1.0,1
7866,0.0,50,0.0,1
7867,0.0,50,0.0,2
7867,600.0,600,1.0,2
7870,10000.0,0,1.0,1
7871,150.0,150,1.0,1
7872,10000.0,0,1.0,2
7873,10000.0,0,1.0,1
7874,50.0,50,1.0,1
7875,50.0,50,1.0,2
7876,150.0,150,1.0,1
7877,122.0,122,1.0,1
7878,150.0,150,1.0,1
7879,1180.0,0,1.0,1
7829,600.0,0,1.0,29
7881,10000.0,0,1.0,1
7882,50.0,50,1.0,1
7883,150.0,150,1.0,5
7884,17700.0,50,1.0,1
7883,1800.0,1800,1.0,5
7885,0.0,0,1.0,6
7883,150.0,0,1.0,5
7885,15000.0,50,1.0,6
7886,50.0,50,1.0,2
7885,15000.0,0,1.0,6
7886,600.0,600,1.0,2
7885,29500.0,150,1.0,6
7887,17700.0,50,1.0,7
7883,1800.0,0,1.0,5
7887,17700.0,0,1.0,7
7891,50.0,50,1.0,1
7892,0.0,0,1.0,1
7887,0.0,0,1.0,7
7894,50.0,50,1.0,3
7894,150.0,0,1.0,3
7896,50.0,50,1.0,3
7896,150.0,0,1.0,3
7832,150.0,0,1.0,29
7832,50.0,50,1.0,29
7896,600.0,600,1.0,3
7897,50.0,50,1.0,5
7898,50.0,50,1.0,4
7898,150.0,0,1.0,4
7897,150.0,0,1.0,5
7898,10000.0,0,1.0,4
7832,150.0,150,1.0,29
7897,150.0,150,1.0,5
7899,11000.0,0,1.0,1
7832,600.0,0,1.0,29
7900,29500.0,150,1.0,1
7833,150.0,150,1.0,9
7831,10000.0,0,1.0,25
7833,1800.0,1800,1.0,9
5943,15000.0,50,1.0,29
7829,150.0,150,1.0,29
7901,10000.0,0,1.0,1
7902,600.0,600,1.0,1
7903,2.0,2,1.0,1
7905,50.0,50,1.0,3
7906,12000.0,0,1.0,2
7907,600.0,600,1.0,1
7908,50.0,50,1.0,1
7909,600.0,600,1.0,1
7910,15000.0,50,1.0,3
7912,600.0,50,1.0,1
7906,11800.0,0,1.0,2
7910,29500.0,150,1.0,3
7914,50.0,50,1.0,1
7915,699.0,500,1.0,1
7905,150.0,150,1.0,3
7910,10000.0,0,1.0,3
7917,15000.0,50,1.0,1
7918,50.0,50,1.0,1
7905,1800.0,1800,1.0,3
7920,50.0,50,1.0,3
7920,600.0,600,1.0,3
7921,50.0,50,1.0,1
7922,50.0,50,1.0,2
7923,50.0,50,1.0,1
7924,50.0,50,1.0,1
7922,150.0,150,1.0,2
7925,50.0,50,1.0,1
7926,50.0,50,1.0,2
7927,29500.0,150,1.0,1
7926,600.0,600,1.0,2
7930,17700.0,50,1.0,3
7931,50.0,50,1.0,5
7930,15000.0,50,1.0,3
7932,150.0,150,1.0,1
7930,15000.0,0,1.0,3
7829,1800.0,1800,1.0,29
7831,50.0,50,1.0,25
7933,50.0,50,1.0,5
7819,15000.0,50,1.0,11
7839,17700.0,50,1.0,4
7833,1800.0,0,1.0,9
7829,50.0,50,1.0,29
7933,600.0,0,1.0,5
7936,600.0,600,1.0,1
7937,1800.0,1800,1.0,1
7938,122.0,122,1.0,2
7938,600.0,600,1.0,2
7933,10000.0,0,1.0,5
7940,17700.0,50,1.0,1
7942,50.0,50,1.0,1
7829,10000.0,0,1.0,29
7943,600.0,600,1.0,1
7944,2000.0,0,1.0,4
7945,29500.0,150,1.0,1
7944,11800.0,0,1.0,4
7944,10000.0,0,1.0,4
5943,11800.0,0,1.0,29
7946,600.0,600,1.0,1
7947,150.0,150,1.0,1
7948,600.0,600,1.0,2
7949,17700.0,50,1.0,3
7830,150.0,150,1.0,7
7949,29500.0,150,1.0,3
7950,600.0,600,1.0,1
7951,150.0,150,1.0,3
7832,50.0,0,1.0,29
7951,1800.0,1800,1.0,3
7952,100.0,0,1.0,6
7952,11800.0,0,1.0,6
7952,25000.0,150,1.0,6
7954,100.0,0,1.0,3
7954,11800.0,0,1.0,3
7954,25000.0,150,1.0,3
7957,50.0,50,1.0,1
7832,10000.0,0,1.0,29
7958,150.0,150,1.0,1
7959,17700.0,50,1.0,1
7960,150.0,160,1.0,5
7961,600.0,600,1.0,6
7960,1800.0,1800,1.0,5
7963,29500.0,150,1.0,2
7810,1800.0,1800,1.0,3
7964,250.0,200,1.0,2
7965,17700.0,50,1.0,2
7961,50.0,50,1.0,6
7960,150.0,150,1.0,5
5943,25000.0,150,1.0,29
7966,11800.0,0,1.0,2
7964,1800.0,1800,1.0,2
7931,600.0,600,1.0,5
7969,17700.0,50,1.0,1
7971,1200.0,0,1.0,1
7972,100.0,0,1.0,3
7973,70000.0,0,1.0,2
7976,15000.0,50,1.0,2
7977,600.0,600,1.0,7
7977,700.0,700,1.0,7
7977,50.0,50,1.0,7
7979,0.0,0,1.0,4
7980,600.0,600,1.0,6
7980,600.0,0,1.0,6
7977,1800.0,0,1.0,7
7977,1800.0,1800,1.0,7
7982,600.0,600,1.0,6
7980,50.0,50,1.0,6
7982,500.0,500,1.0,6
7979,25000.0,150,1.0,4
7982,20000.0,0,1.0,6
7987,2000.0,0,1.0,4
7988,50.0,50,1.0,2
7988,600.0,600,1.0,2
7987,3000.0,0,1.0,4
5854,600.0,600,1.0,6
7989,150.0,150,1.0,8
7989,1800.0,1800,1.0,8
7586,15000.0,50,1.0,2
7990,150.0,150,1.0,1
7993,10000.0,0,1.0,1
7994,10000.0,0,1.0,1
7995,10000.0,0,1.0,1
7996,50.0,50,1.0,2
7996,600.0,600,1.0,2
7998,200.0,0,1.0,1
7999,1500.0,1500,1.0,1
1873,1800.0,1800,1.0,238
6184,29500.0,150,1.0,5
8002,29500.0,150,1.0,1
8003,540.0,600,1.0,1
8004,29500.0,150,1.0,1
8005,29500.0,150,1.0,1
8006,29500.0,150,1.0,1
8007,50.0,50,1.0,1
8008,17700.0,50,1.0,1
8009,150.0,150,1.0,1
8010,29500.0,150,1.0,1
8011,17700.0,50,1.0,1
8012,29500.0,150,1.0,1
8013,17700.0,50,1.0,1
8014,17700.0,50,1.0,1
8016,600.0,600,1.0,1
8017,600.0,600,1.0,1
8018,480.0,600,1.0,1
7972,11800.0,0,1.0,3
8019,29500.0,150,1.0,1
8024,480.0,600,1.0,3
8025,17700.0,50,1.0,1
8026,1440.0,1800,1.0,1
8028,10000.0,0,1.0,1
8029,480.0,600,1.0,1
8030,480.0,600,1.0,1
8031,1440.0,1800,1.0,1
8032,17700.0,50,1.0,1
8033,1440.0,1800,1.0,1
8035,1440.0,1800,1.0,1
8036,17700.0,50,1.0,1
8038,29500.0,150,1.0,1
8039,480.0,600,1.0,1
8040,480.0,600,1.0,1
8041,1440.0,1800,1.0,3
8042,1440.0,1800,1.0,2
8042,1800.0,1800,1.0,2
8043,10000.0,0,1.0,1
8024,600.0,600,1.0,3
8024,1800.0,1800,1.0,3
8044,480.0,600,1.0,1
8045,50.0,50,1.0,1
8046,480.0,600,1.0,1
8047,480.0,600,1.0,2
8047,600.0,600,1.0,2
8048,17700.0,50,1.0,1
8049,100000.0,0,1.0,1
8050,10000.0,0,1.0,1
8041,1800.0,0,1.0,3
8041,1800.0,1800,1.0,3
8051,1440.0,1800,1.0,1
8052,480.0,600,1.0,1
8053,1440.0,1800,1.0,4
8054,10000.0,0,1.0,2
8055,480.0,600,1.0,1
8053,1800.0,1800,1.0,4
8056,150.0,150,1.0,1
8053,150.0,150,1.0,4
8058,17700.0,50,1.0,1
8053,10000.0,0,1.0,4
8059,480.0,600,1.0,1
8060,480.0,600,1.0,1
8061,480.0,600,1.0,1
8062,1440.0,1800,1.0,3
8062,1800.0,0,1.0,3
8062,1800.0,1800,1.0,3
8063,1440.0,1800,1.0,1
8064,480.0,600,1.0,4
8065,29500.0,150,1.0,1
8064,600.0,600,1.0,4
8066,1440.0,1800,1.0,2
8067,17700.0,50,1.0,2
8068,480.0,600,1.0,2
8068,600.0,600,1.0,2
8069,1440.0,1800,1.0,2
8071,17700.0,50,1.0,2
8072,29500.0,150,1.0,1
8073,480.0,600,1.0,1
8074,1440.0,1800,1.0,2
8074,1800.0,1800,1.0,2
8075,29500.0,150,1.0,2
8076,480.0,600,1.0,1
8077,10000.0,0,1.0,3
8064,1800.0,1800,1.0,4
8066,1800.0,1800,1.0,2
8069,1800.0,1800,1.0,2
8077,400.0,200,1.0,3
8079,480.0,600,1.0,1
8080,17700.0,50,1.0,1
8081,29500.0,150,1.0,1
8083,17700.0,50,1.0,2
8067,29500.0,150,1.0,2
8085,50.0,50,1.0,1
8086,500.0,0,1.0,1
8087,50.0,50,1.0,2
8087,600.0,600,1.0,2
8089,500.0,500,1.0,2
8090,1800.0,1800,1.0,2
8083,15000.0,50,1.0,2
8092,1000.0,0,1.0,1
8093,15000.0,50,1.0,1
8094,15000.0,50,1.0,1
8095,50.0,50,1.0,1
8096,10000.0,0,1.0,1
8097,1000.0,50,1.0,1
8098,15000.0,50,1.0,1
8101,17700.0,50,1.0,1
8102,2500.0,150,1.0,1
8103,25000.0,150,1.0,1
8104,150.0,150,1.0,3
8104,1800.0,0,1.0,3
8104,1800.0,1800,1.0,3
8105,25000.0,150,1.0,3
8105,29500.0,0,1.0,3
8105,29500.0,150,1.0,3
8106,17700.0,50,1.0,1
8107,25000.0,150,1.0,1
8108,17700.0,50,1.0,1
8109,17700.0,50,1.0,1
8110,15000.0,50,1.0,1
8111,15000.0,50,1.0,1
8112,50.0,50,1.0,1
8113,150.0,150,1.0,1
8114,29500.0,150,1.0,1
8115,15000.0,50,1.0,2
8116,29500.0,150,1.0,1
8115,17700.0,50,1.0,2
8117,11800.0,0,1.0,1
8118,25000.0,150,1.0,1
8119,17700.0,50,1.0,2
8120,15000.0,50,1.0,8
8121,30000.0,250,1.0,1
8120,17700.0,50,1.0,8
8123,1800.0,150,1.0,1
8124,17700.0,50,1.0,1
8128,500.0,500,1.0,1
8129,15000.0,50,1.0,1
8130,15000.0,50,1.0,1
8131,100.0,50,1.0,4
8132,10000.0,0,1.0,1
8133,50.0,50,1.0,1
8120,29500.0,150,1.0,8
8131,1800.0,1800,1.0,4
8134,50.0,50,1.0,9
8134,600.0,600,1.0,9
8134,1800.0,1800,1.0,9
8135,50.0,50,1.0,7
8135,600.0,600,1.0,7
8135,1800.0,1800,1.0,7
8136,15000.0,150,1.0,1
8137,150.0,150,1.0,3
8137,1800.0,1800,1.0,3
8139,11800.0,0,1.0,1
8140,2000.0,0,1.0,5
8141,50.0,50,1.0,5
8141,600.0,600,1.0,5
8141,1800.0,1800,1.0,5
8142,150.0,150,1.0,3
8142,1800.0,1800,1.0,3
8144,1000.0,0,1.0,3
8145,150.0,150,1.0,1
8146,1000.0,0,1.0,8
8148,550.0,10,1.0,4
8150,0.0,0,1.0,1
8151,0.0,0,1.0,1
8152,0.0,0,1.0,2
8152,50.0,50,1.0,2
6672,15000.0,50,1.0,6
8163,50.0,50,1.0,2
8177,1500000.0,50,1.0,5
8177,17700.0,50,1.0,5
8178,1500000.0,50,1.0,1
8177,15000.0,50,1.0,5
8177,25000.0,150,1.0,5
8179,10000.0,0,1.0,1
8180,50.0,50,1.0,6
8181,600.0,600,1.0,1
8182,50.0,50,1.0,1
8180,600.0,600,1.0,6
8180,1800.0,1800,1.0,6
6017,1800.0,1800,1.0,10
7965,29500.0,150,1.0,2
8089,1800.0,1800,1.0,2
8119,29500.0,150,1.0,2
8193,150.0,150,1.0,4
8193,1800.0,1800,1.0,4
8194,1000.0,0,1.0,6
8197,50.0,50,1.0,5
8197,600.0,600,1.0,5
8197,1800.0,1800,1.0,5
8199,50.0,50,1.0,4
8199,600.0,600,1.0,4
8199,1800.0,1800,1.0,4
8200,150.0,150,1.0,1
8201,10000.0,0,1.0,2
8207,50.0,50,1.0,1
8208,1500.0,250,1.0,1
8209,50.0,50,1.0,3
8209,600.0,600,1.0,3
8209,1800.0,1800,1.0,3
8211,50.0,50,1.0,1
8212,150.0,150,1.0,2
8212,1800.0,1800,1.0,2
8213,50.0,50,1.0,1
8214,15000.0,50,1.0,1
8217,10000.0,0,1.0,1
8218,50.0,50,1.0,4
8219,1500.0,150,1.0,1
8218,600.0,600,1.0,4
8222,15000.0,50,1.0,1
8223,15000.0,50,1.0,1
8224,50.0,50,1.0,2
8224,600.0,600,1.0,2
8226,50.0,50,1.0,1
8227,150.0,150,1.0,2
8228,10000.0,0,1.0,1
8227,1800.0,1800,1.0,2
8229,0.0,0,1.0,1
8230,50.0,50,1.0,1
8231,1500.0,1500,1.0,1
8233,15000.0,50,1.0,4
8233,17700.0,50,1.0,4
8233,29500.0,150,1.0,4
1873,150.0,150,1.0,238
8234,17700.0,50,1.0,16
8234,17700.0,0,1.0,16
8236,50.0,50,1.0,1
8234,29500.0,0,1.0,16
6672,17700.0,50,1.0,6
8234,29500.0,150,1.0,16
8240,15000.0,50,1.0,1
8244,15000.0,50,1.0,1
8245,15000.0,50,1.0,1
8246,15000.0,50,1.0,1
8247,50.0,50,1.0,1
8249,15000.0,50,1.0,4
8249,17700.0,50,1.0,4
8249,29500.0,0,1.0,4
8249,29500.0,150,1.0,4
8251,15000.0,50,1.0,1
8267,50.0,50,1.0,1
8269,25000.0,150,1.0,1
8270,50.0,50,1.0,1
8271,10000.0,0,1.0,1
8272,150.0,150,1.0,1
8274,15000.0,50,1.0,5
8275,15000.0,1500,1.0,1
8276,50.0,50,1.0,1
8278,150.0,150,1.0,2
8279,15000.0,1500,1.0,1
8274,17700.0,50,1.0,5
8274,29500.0,150,1.0,5
8281,15000.0,50,1.0,1
8283,29500.0,2500,1.0,1
8285,50.0,50,1.0,2
8287,150.0,150,1.0,1
8278,1800.0,1800,1.0,2
8285,1800.0,1800,1.0,2
8299,15000.0,50,1.0,12
8299,17700.0,50,1.0,12
8299,10000.0,0,1.0,12
8299,0.0,0,1.0,12
8299,25000.0,150,1.0,12
8300,25000.0,150,1.0,1
8301,50.0,50,1.0,1
8302,50.0,50,1.0,4
8302,600.0,0,1.0,4
8302,1800.0,0,1.0,4
8303,25000.0,150,1.0,1
8304,50.0,50,1.0,1
8305,25000.0,2550,1.0,1
1873,1800.0,0,1.0,238
8306,15000.0,50,1.0,1
8307,50.0,50,1.0,1
8308,15000.0,50,1.0,2
8308,29500.0,150,1.0,2
8218,600.0,0,1.0,4
8311,15000.0,50,1.0,1
8314,10000.0,0,1.0,1
8316,15000.0,50,1.0,3
8317,50.0,50,1.0,5
8317,600.0,0,1.0,5
8317,1800.0,0,1.0,5
8316,29500.0,0,1.0,3
8316,17700.0,0,1.0,3
8318,50.0,50,1.0,7
8318,600.0,0,1.0,7
8318,1800.0,0,1.0,7
8319,15000.0,50,1.0,1
8320,15000.0,50,1.0,30
8320,17700.0,0,1.0,30
8320,29500.0,0,1.0,30
8318,600.0,600,1.0,7
8322,15000.0,50,1.0,2
8322,29500.0,150,1.0,2
8323,50.0,50,1.0,4
8323,1800.0,1800,1.0,4
4614,1800.0,1800,1.0,3
5646,600.0,600,1.0,17
8323,10000.0,0,1.0,4
5646,1800.0,1800,1.0,17
8339,50.0,50,1.0,3
8339,600.0,600,1.0,3
8339,1800.0,1800,1.0,3
8351,50.0,50,1.0,4
8351,600.0,600,1.0,4
8351,1800.0,1800,1.0,4
8363,50.0,50,1.0,1
8148,600.0,600,1.0,4
8148,1800.0,1800,1.0,4
8375,600.0,50,1.0,17
8387,15000.0,50,1.0,1
8388,10000.0,0,1.0,1
8389,50.0,50,1.0,8
8390,25000.0,150,1.0,4
8375,1800.0,1800,1.0,17
8375,50.0,50,1.0,17
8390,15000.0,50,1.0,4
8320,29500.0,150,1.0,30
8320,17700.0,50,1.0,30
8389,600.0,600,1.0,8
8389,1800.0,1800,1.0,8
8396,500.0,50,1.0,3
8396,600.0,600,1.0,3
8396,1800.0,1800,1.0,3
8412,15000.0,50,1.0,5
8412,17700.0,50,1.0,5
8412,29500.0,150,1.0,5
8426,10000.0,0,1.0,1
8427,10000.0,0,1.0,1
8428,15000.0,50,1.0,1
8429,10000.0,0,1.0,1
8430,15000.0,50,1.0,1
8431,10000.0,0,1.0,1
8432,10000.0,0,1.0,1
8433,500.0,500,1.0,1
8434,50.0,50,1.0,1
8435,10000.0,0,1.0,1
8436,10000.0,0,1.0,1
8437,15000.0,6,1.0,4
8437,17700.0,50,1.0,4
8438,15000.0,50,1.0,1
8439,15000.0,50,1.0,1
8440,15000.0,50,1.0,1
8441,10000.0,0,1.0,1
8442,25000.0,0,1.0,1
8443,10000.0,0,1.0,1
8444,50.0,50,1.0,1
8445,15000.0,50,1.0,1
8446,29500.0,150,1.0,1
8448,50.0,50,1.0,1
8450,1200.0,50,1.0,1
8471,10000.0,0,1.0,1
8453,150.0,150,1.0,1
6475,10000.0,0,1.0,6
6475,25000.0,150,1.0,6
8458,150.0,150,1.0,1
7099,10000.0,0,1.0,10
8460,15000.0,50,1.0,2
8460,17700.0,50,1.0,2
8461,15000.0,50,1.0,1
8462,50.0,50,1.0,2
8462,600.0,600,1.0,2
8463,15000.0,50,1.0,1
8464,10000.0,0,1.0,2
8465,10000.0,0,1.0,7
8465,99999999.99,0,1.0,7
7099,25000.0,150,1.0,10
8465,150.0,150,1.0,7
6543,29500.0,150,1.0,2
8467,50.0,50,1.0,2
8468,10000.0,0,1.0,1
5672,600.0,600,1.0,2
8469,15000.0,50,1.0,1
8467,1800.0,1800,1.0,2
8234,15000.0,50,1.0,16
8474,10000.0,0,1.0,2
7549,10000.0,0,1.0,6
8474,15000.0,50,1.0,2
7549,50.0,50,1.0,6
6411,17700.0,50,1.0,4
8477,5000.0,50,1.0,1
8479,10000.0,0,1.0,2
8480,150.0,150,1.0,1
8481,10000.0,0,1.0,1
8482,50.0,50,1.0,1
8483,50.0,1000,1.0,12
8484,25000.0,150,1.0,1
8485,199.0,0,1.0,1
8486,50.0,50,1.0,1
8487,50.0,50,1.0,1
8488,15000.0,50,1.0,6
8488,17700.0,50,1.0,6
8488,29500.0,150,1.0,6
8488,59.0,50,1.0,6
8489,50.0,50,1.0,4
8489,600.0,600,1.0,4
8489,1800.0,1800,1.0,4
8490,50.0,50,1.0,51
8490,600.0,600,1.0,51
8490,1800.0,1800,1.0,51
8490,150.0,150,1.0,51
8491,50.0,50,1.0,1
8492,50.0,50,1.0,4
8492,600.0,600,1.0,4
8492,1800.0,1800,1.0,4
8493,10000.0,0,1.0,1
8494,10000.0,0,1.0,1
8495,10000.0,0,1.0,1
8496,10000.0,0,1.0,1
8497,10000.0,0,1.0,2
8498,15000.0,50,1.0,1
8499,10000.0,0,1.0,1
8500,10000.0,0,1.0,3
8501,50.0,50,1.0,1
8502,15000.0,50,1.0,1
8500,50.0,50,1.0,3
8497,15000.0,50,1.0,2
8503,50.0,50,1.0,1
8504,50.0,50,1.0,1
8505,50.0,50,1.0,1
8506,15000.0,50,1.0,1
8507,50.0,50,1.0,1
8508,50.0,50,1.0,1
8509,15000.0,50,1.0,1
8510,10000.0,0,1.0,1
8483,1800.0,1800,1.0,12
8483,50.0,50,1.0,12
8511,0.0,0,1.0,1
6139,29500.0,150,1.0,2
8512,10000.0,0,1.0,1
8513,50.0,50,1.0,1
8514,50.0,50,1.0,1
8515,50.0,50,1.0,1
8516,0.0,5,1.0,1
8517,25000.0,150,1.0,1
8518,10000.0,0,1.0,1
8519,10000.0,0,1.0,1
8520,10000.0,0,1.0,1
8521,25000.0,150,1.0,1
8522,10000.0,0,1.0,1
8523,10000.0,0,1.0,1
8524,10000.0,0,1.0,1
8525,11800.0,0,1.0,1
8526,10000.0,0,1.0,1
8527,10000.0,0,1.0,1
8528,50.0,50,1.0,2
8528,10000.0,0,1.0,2
8530,10000.0,0,1.0,1
8531,10000.0,0,1.0,1
8532,10000.0,0,1.0,1
8533,150.0,150,1.0,1
8534,150.0,150,1.0,1
8535,150.0,150,1.0,1
8536,150.0,150,1.0,1
8538,50.0,50,1.0,1
8539,10000.0,0,1.0,1
8540,10000.0,0,1.0,1
8541,10000.0,0,1.0,2
8541,50.0,50,1.0,2
8542,10000.0,0,1.0,2
8542,50.0,50,1.0,2
8543,150.0,150,0.0,1
8544,25000.0,150,1.0,1
8545,50.0,50,0.0,1
8546,10000.0,0,0.0,1
8549,50.0,50,1.0,1
8550,150.0,150,1.0,1
8551,0.0,50,0.0,1
8552,0.0,50,1.0,1
8553,50.0,50,1.0,2
8554,10000.0,0,1.0,1
8555,150.0,150,1.0,1
8553,600.0,600,1.0,2
8556,50.0,50,1.0,2
8557,25000.0,150,1.0,1
8559,50.0,50,1.0,1
8560,50.0,50,1.0,1
8561,0.0,50,1.0,1
8562,0.0,50,1.0,1
8564,15000.0,50,1.0,6
8565,0.0,0,1.0,3
8566,0.0,0,1.0,1
8574,50.0,50,1.0,2
8595,10000.0,0,1.0,1
8597,150.0,150,1.0,4
8597,10000.0,0,1.0,4
8564,10000.0,0,1.0,6
8574,10000.0,0,1.0,2
8599,150.0,150,1.0,1
8621,0.0,0,1.0,1
8623,10000.0,0,1.0,1
8625,0.0,0,1.0,1
8687,10000.0,0,1.0,1
8701,10000.0,0,1.0,1
8703,10000.0,0,1.0,1
8713,10000.0,0,1.0,5
8715,10000.0,0,1.0,1
8597,50.0,50,1.0,4
8721,10000.0,0,1.0,1
8723,25000.0,150,1.0,3
8723,15000.0,50,1.0,3
8729,0.0,0,1.0,1
8731,0.0,500,1.0,1
8464,10000000.0,0,1.0,2
8853,0.0,5000,1.0,1
8857,0.0,50,1.0,1
8858,0.0,0,1.0,1
8859,0.0,0,1.0,1
8860,0.0,150,1.0,1
8861,0.0,150,1.0,1
8862,0.0,0,1.0,1
8863,0.0,0,1.0,1
8864,0.0,50,1.0,1
8163,600.0,600,1.0,2
8865,50.0,50,1.0,1
8869,0.0,150,1.0,3
8871,0.0,150,1.0,1
8873,0.0,50,1.0,1
8877,150.0,150,1.0,1
8879,0.0,50,1.0,1
8881,0.0,10000,1.0,1
8885,50.0,50,1.0,1
8891,0.0,10000,1.0,1
8893,0.0,500,1.0,1
8897,0.0,500,1.0,1
5249,29500.0,150,1.0,2
8899,10000.0,0,1.0,1
8905,0.0,0,1.0,1
8923,11800.0,0,1.0,1
8925,10000.0,0,1.0,1
8927,10000.0,0,1.0,1
8929,10000.0,0,1.0,1
8931,10000.0,0,1.0,1
8933,10000.0,0,1.0,1
8943,0.0,50,1.0,1
8945,10000.0,0,1.0,1
8947,0.0,5000,1.0,1
8957,10000.0,0,1.0,1
8869,50.0,50,1.0,3
8963,0.0,50,1.0,1
8869,150.0,150,1.0,3
8967,10000.0,0,1.0,1
8969,0.0,150,1.0,1
8971,0.0,150,1.0,1
8977,150.0,150,1.0,1
8979,50.0,50,1.0,1
8981,50.0,50,1.0,1
8987,10000.0,0,1.0,1
8991,10000.0,0,1.0,1
8993,150.0,150,1.0,1
8995,0.0,150,1.0,1
9001,150.0,150,1.0,1
9003,150.0,150,1.0,1
9005,150.0,150,1.0,1
9007,0.0,150,1.0,1
9009,10000.0,0,1.0,1
9011,0.0,0,1.0,1
9013,150.0,150,1.0,1
9015,0.0,150,1.0,1
9017,0.0,0,1.0,1
9019,0.0,0,1.0,1
9021,0.0,0,1.0,1
9023,0.0,150,1.0,1
9025,0.0,0,1.0,1
9027,150.0,150,1.0,1
9031,150.0,150,0.0,1
9033,50.0,50,0.0,1
9035,0.0,50,1.0,1
9037,29500.0,150,1.0,1
9083,29500.0,150,1.0,1
9085,15000.0,50,1.0,1
9087,29500.0,150,1.0,1
9089,29500.0,150,1.0,1
9091,29500.0,150,1.0,1
9093,29500.0,150,1.0,1
9095,150.0,150,1.0,1
9099,0.0,150,1.0,1
9101,0.0,150,1.0,1
9103,0.0,150,1.0,1
9105,0.0,150,1.0,1
9107,0.0,150,1.0,1
9109,0.0,150,1.0,1
9115,0.0,150,1.0,1
9117,0.0,150,1.0,1
9119,0.0,150,1.0,2
9121,0.0,150,1.0,1
9123,0.0,150,1.0,2
9125,150.0,150,1.0,1
9127,150.0,150,1.0,1
9129,150.0,150,1.0,1
9131,150.0,150,1.0,1
9133,150.0,150,1.0,1
9135,150.0,150,1.0,1
9137,150.0,150,1.0,1
9139,150.0,150,1.0,1
9141,150.0,150,1.0,1
9143,150.0,150,1.0,1
9145,150.0,150,1.0,1
9147,150.0,150,1.0,1
9149,150.0,150,1.0,1
9151,0.0,150,1.0,1
9153,0.0,150,1.0,1
9155,0.0,150,1.0,1
9157,0.0,150,1.0,1
9159,0.0,150,1.0,1
9161,0.0,150,1.0,1
9163,0.0,150,1.0,1
9165,0.0,150,1.0,1
9167,0.0,150,1.0,1
9169,0.0,150,1.0,1
9171,0.0,150,1.0,1
9173,0.0,150,1.0,1
9175,0.0,150,1.0,1
9177,150.0,150,1.0,1
9179,150.0,150,1.0,1
9181,150.0,150,1.0,1
9183,150.0,150,1.0,1
9185,0.0,150,1.0,2
9187,0.0,150,1.0,1
9189,150.0,150,1.0,1
9191,0.0,150,1.0,1
9193,0.0,150,1.0,1
9195,0.0,150,1.0,1
9197,0.0,150,1.0,1
9199,0.0,150,1.0,1
9201,0.0,150,1.0,1
9203,150.0,150,1.0,1
9205,0.0,150,1.0,1
9207,150.0,150,1.0,1
9209,150.0,150,1.0,1
9211,150.0,150,0.0,1
9213,0.0,50,0.0,1
9215,0.0,150,1.0,1
9217,150.0,150,0.0,1
9219,0.0,50,0.0,1
9221,150.0,150,1.0,1
9223,150.0,150,1.0,1
9225,150.0,150,1.0,1
9229,150.0,150,1.0,1
9231,150.0,150,1.0,1
9233,0.0,150,1.0,1
9235,150.0,150,1.0,1
9237,150.0,150,1.0,1
9239,150.0,150,1.0,1
9241,150.0,150,1.0,1
9243,150.0,150,1.0,1
9245,150.0,150,1.0,1
9247,150.0,150,1.0,1
9251,150.0,150,1.0,1
9253,150.0,150,1.0,1
9257,150.0,150,1.0,1
9279,150.0,150,1.0,1
9283,0.0,150,1.0,2
9283,150.0,150,1.0,2
9185,150.0,150,1.0,2
9123,150.0,150,1.0,2
9119,150.0,150,1.0,2
9287,50.0,50,1.0,1
9289,50.0,50,1.0,1
9293,10000.0,0,1.0,1
9297,10000.0,0,1.0,1
9299,10000.0,0,1.0,2
9311,150.0,150,1.0,1
7151,10000.0,0,1.0,2
9313,50.0,50,1.0,1
9315,10000.0,0,1.0,1
9317,0.0,0,1.0,1
9319,0.0,0,1.0,1
9365,50.0,50,1.0,1
8565,10010.0,0,1.0,3
9405,0.0,0,1.0,1
1873,5000.0,5000,1.0,238
9413,150.0,150,1.0,1
9299,50.0,0,1.0,2
8565,5000.0,0,1.0,3
9445,0.0,150,0.0,1
