catcher_id,jobma_catcher_status,jobma_catcher_type,subscription_status,subscription_type,referral_credit,is_premium,sub_user,company_size,per_sub_user,number_of_logins,jobma_login_status,days_since_login,wallet_sum,plan_type,is_unlimited,subscription_sum,subscription_count,currency,premium_plan_id,pre_recorded_kit_counts,number_of_jobs_posted,number_of_invitations,number_of_pitcher_applied,pre_rec_interviews_counts,live_interviews_counts,ai_kit_counts,ai_interviews_counts
92,1,1,2,0,0,1,999,1-25,100.0,1.0,1.0,401.0,37.0,0.0,0.0,199.0,2.0,0,3.0,2.0,825.0,7.0,17640.0,3.0,2.0,0.0,0.0
106,0,0,2,0,0,1,999,1-25,100.0,1.0,1.0,1117.8183765377855,0.0,0.0,0.0,0.0,1.0,0,3.0,0.0,0.0,0.0,0.0,0.0,0.0,0.0,0.0
124,1,0,2,0,0,1,999,1-25,100.0,1.0,1.0,1117.8183765377855,0.0,0.0,0.0,0.0,1.0,0,3.0,0.0,1.0,0.0,3.0,0.0,0.0,0.0,0.0
125,1,0,2,0,0,1,999,1-25,100.0,1.0,1.0,1117.8183765377855,0.0,0.0,0.0,0.0,1.0,0,3.0,0.0,0.0,0.0,0.0,0.0,0.0,0.0,0.0
126,1,0,2,0,0,1,999,1-25,100.0,1.0,1.0,1117.8183765377855,0.0,0.0,0.0,0.0,1.0,0,3.0,0.0,1.0,0.0,2.0,0.0,0.0,0.0,0.0
127,1,0,2,0,0,1,999,1-25,100.0,1.0,0.0,2822.0,0.0,0.0,0.0,0.0,1.0,0,3.0,0.0,0.0,0.0,0.0,28.0,0.0,0.0,0.0
128,1,0,2,0,0,1,999,1-25,100.0,1.0,1.0,1117.8183765377855,0.0,0.0,0.0,0.0,1.0,0,3.0,0.0,1.0,0.0,1.0,0.0,0.0,0.0,0.0
129,1,0,2,0,0,1,999,1-25,100.0,1.0,1.0,1117.8183765377855,0.0,0.0,0.0,0.0,1.0,0,3.0,0.0,1.0,0.0,1.0,0.0,0.0,0.0,0.0
130,1,0,2,0,0,1,999,1-25,100.0,1.0,1.0,1117.8183765377855,0.0,0.0,0.0,0.0,1.0,0,3.0,0.0,0.0,0.0,0.0,0.0,0.0,0.0,0.0
131,1,0,2,0,0,1,999,1-25,100.0,1.0,1.0,1117.8183765377855,0.0,0.0,0.0,0.0,1.0,0,3.0,0.0,1.0,0.0,0.0,0.0,0.0,0.0,0.0
132,1,0,2,0,0,1,999,1-25,100.0,1.0,1.0,1117.8183765377855,0.0,0.0,0.0,0.0,1.0,0,3.0,0.0,0.0,0.0,0.0,0.0,0.0,0.0,0.0
133,1,0,2,0,0,1,999,1-25,100.0,1.0,1.0,1117.8183765377855,0.0,0.0,0.0,0.0,1.0,0,3.0,0.0,0.0,0.0,0.0,0.0,0.0,0.0,0.0
134,1,0,2,0,0,1,999,1-25,100.0,1.0,1.0,1117.8183765377855,0.0,0.0,0.0,0.0,1.0,0,3.0,0.0,0.0,0.0,0.0,0.0,0.0,0.0,0.0
136,1,0,2,0,0,1,999,1-25,100.0,1.0,1.0,1117.8183765377855,0.0,0.0,0.0,0.0,1.0,0,3.0,0.0,0.0,0.0,0.0,0.0,0.0,0.0,0.0
137,1,0,2,0,0,1,999,1-25,100.0,1.0,1.0,1117.8183765377855,0.0,0.0,0.0,0.0,1.0,0,3.0,0.0,1.0,0.0,0.0,0.0,0.0,0.0,0.0
138,1,0,2,0,0,1,999,1-25,100.0,1.0,1.0,1117.8183765377855,0.0,0.0,0.0,0.0,1.0,0,3.0,0.0,4.0,0.0,4.0,0.0,0.0,0.0,0.0
143,1,0,2,0,0,1,999,1-25,100.0,1.0,1.0,1117.8183765377855,0.0,0.0,0.0,0.0,1.0,0,3.0,0.0,0.0,0.0,0.0,0.0,0.0,0.0,0.0
148,1,0,2,0,0,1,999,1-25,100.0,1.0,1.0,1117.8183765377855,0.0,0.0,0.0,0.0,1.0,0,3.0,0.0,2.0,0.0,4.0,0.0,0.0,0.0,0.0
151,0,0,2,0,0,1,999,1-25,100.0,1.0,1.0,1610.0,11107.0,0.0,0.0,199.0,2.0,0,3.0,1.0,1.0,0.0,4.0,4.0,0.0,0.0,0.0
159,0,0,2,0,0,1,999,1-25,100.0,1.0,1.0,1117.8183765377855,0.0,0.0,0.0,0.0,1.0,0,3.0,0.0,0.0,0.0,0.0,0.0,0.0,0.0,0.0
252,1,0,2,0,0,1,999,1-25,100.0,1.0,1.0,1117.8183765377855,0.0,0.0,0.0,0.0,1.0,0,3.0,0.0,3.0,0.0,4.0,0.0,0.0,0.0,0.0
256,0,0,2,0,0,1,999,1-25,100.0,1.0,1.0,1117.8183765377855,0.0,0.0,0.0,0.0,1.0,0,3.0,0.0,0.0,0.0,0.0,0.0,0.0,0.0,0.0
260,0,0,2,0,0,1,999,1-25,100.0,1.0,1.0,1117.8183765377855,0.0,0.0,0.0,0.0,1.0,0,3.0,0.0,0.0,0.0,0.0,0.0,0.0,0.0,0.0
262,0,0,2,0,0,1,999,1-25,100.0,1.0,1.0,1117.8183765377855,0.0,0.0,0.0,0.0,1.0,0,3.0,0.0,0.0,0.0,0.0,0.0,0.0,0.0,0.0
263,1,0,2,0,0,1,999,1-25,100.0,1.0,1.0,1117.8183765377855,0.0,0.0,0.0,0.0,1.0,0,3.0,0.0,0.0,0.0,0.0,0.0,0.0,0.0,0.0
264,0,0,2,0,0,1,999,1-25,100.0,1.0,1.0,1117.8183765377855,0.0,0.0,0.0,0.0,1.0,0,3.0,0.0,0.0,0.0,0.0,0.0,0.0,0.0,0.0
265,1,0,2,0,0,1,999,1-25,100.0,1.0,1.0,1117.8183765377855,0.0,0.0,0.0,0.0,1.0,0,3.0,0.0,0.0,0.0,0.0,0.0,0.0,0.0,0.0
266,0,0,2,0,0,1,999,1-25,100.0,1.0,1.0,1117.8183765377855,0.0,0.0,0.0,0.0,1.0,0,3.0,0.0,0.0,0.0,0.0,0.0,0.0,0.0,0.0
267,0,0,2,0,0,1,999,1-25,100.0,1.0,1.0,1117.8183765377855,0.0,0.0,0.0,0.0,1.0,0,3.0,0.0,0.0,0.0,0.0,0.0,0.0,0.0,0.0
268,0,0,2,0,0,1,999,1-25,100.0,1.0,1.0,1117.8183765377855,0.0,0.0,0.0,0.0,1.0,0,3.0,0.0,0.0,0.0,0.0,0.0,0.0,0.0,0.0
269,0,0,2,0,0,1,999,1-25,100.0,1.0,1.0,1117.8183765377855,0.0,0.0,0.0,0.0,1.0,0,3.0,0.0,0.0,0.0,0.0,0.0,0.0,0.0,0.0
270,0,0,2,0,0,1,999,1-25,100.0,1.0,1.0,1117.8183765377855,0.0,0.0,0.0,0.0,1.0,0,3.0,0.0,0.0,0.0,0.0,0.0,0.0,0.0,0.0
271,0,0,2,0,0,1,999,1-25,100.0,1.0,1.0,1117.8183765377855,0.0,0.0,0.0,0.0,1.0,0,3.0,0.0,0.0,0.0,0.0,0.0,0.0,0.0,0.0
272,1,0,2,0,0,1,999,1-25,100.0,1.0,1.0,1117.8183765377855,0.0,0.0,0.0,0.0,1.0,0,3.0,0.0,0.0,0.0,0.0,0.0,0.0,0.0,0.0
273,0,0,2,0,0,1,999,1-25,100.0,1.0,1.0,1117.8183765377855,0.0,0.0,0.0,0.0,1.0,0,3.0,0.0,0.0,0.0,0.0,0.0,0.0,0.0,0.0
274,0,0,2,0,0,1,999,1-25,100.0,1.0,1.0,1117.8183765377855,0.0,0.0,0.0,0.0,1.0,0,3.0,0.0,0.0,0.0,0.0,0.0,0.0,0.0,0.0
275,0,0,2,0,0,1,999,1-25,100.0,1.0,1.0,1117.8183765377855,0.0,0.0,0.0,0.0,1.0,0,3.0,0.0,0.0,0.0,0.0,0.0,0.0,0.0,0.0
276,0,0,2,0,0,1,999,1-25,100.0,1.0,1.0,1117.8183765377855,0.0,0.0,0.0,0.0,1.0,0,3.0,0.0,0.0,0.0,0.0,0.0,0.0,0.0,0.0
277,0,0,2,0,0,1,999,1-25,100.0,1.0,1.0,1117.8183765377855,0.0,0.0,0.0,0.0,1.0,0,3.0,0.0,0.0,0.0,0.0,0.0,0.0,0.0,0.0
278,0,0,2,0,0,1,999,1-25,100.0,1.0,1.0,1117.8183765377855,0.0,0.0,0.0,0.0,1.0,0,3.0,0.0,0.0,0.0,0.0,0.0,0.0,0.0,0.0
279,0,0,2,0,0,1,999,1-25,100.0,1.0,1.0,1117.8183765377855,0.0,0.0,0.0,0.0,1.0,0,3.0,0.0,0.0,0.0,0.0,0.0,0.0,0.0,0.0
280,0,0,2,0,0,1,999,1-25,100.0,1.0,1.0,1117.8183765377855,0.0,0.0,0.0,0.0,1.0,0,3.0,0.0,0.0,0.0,0.0,0.0,0.0,0.0,0.0
281,0,0,2,0,0,1,999,1-25,100.0,1.0,1.0,1117.8183765377855,0.0,0.0,0.0,0.0,1.0,0,3.0,0.0,0.0,0.0,0.0,0.0,0.0,0.0,0.0
282,0,0,2,0,0,1,999,1-25,100.0,1.0,1.0,1117.8183765377855,0.0,0.0,0.0,0.0,1.0,0,3.0,0.0,0.0,0.0,0.0,0.0,0.0,0.0,0.0
283,1,0,2,0,0,1,999,1-25,100.0,1.0,1.0,1117.8183765377855,0.0,0.0,0.0,0.0,1.0,0,3.0,0.0,0.0,0.0,0.0,0.0,0.0,0.0,0.0
284,0,0,2,0,0,1,999,1-25,100.0,1.0,1.0,1117.8183765377855,0.0,0.0,0.0,0.0,1.0,0,3.0,0.0,0.0,0.0,0.0,0.0,0.0,0.0,0.0
286,1,0,2,0,0,1,999,1-25,100.0,1.0,1.0,1117.8183765377855,0.0,0.0,0.0,0.0,1.0,0,3.0,0.0,6.0,0.0,7.0,2.0,0.0,0.0,0.0
288,1,0,2,0,0,1,999,1-25,100.0,1.0,1.0,1117.8183765377855,0.0,0.0,0.0,0.0,1.0,0,3.0,0.0,0.0,0.0,0.0,0.0,0.0,0.0,0.0
294,1,0,2,0,0,1,999,1-25,100.0,1.0,1.0,1117.8183765377855,0.0,0.0,0.0,0.0,1.0,0,3.0,0.0,0.0,0.0,0.0,0.0,0.0,0.0,0.0
297,0,0,2,0,0,1,999,1-25,100.0,1.0,1.0,1117.8183765377855,0.0,0.0,0.0,0.0,1.0,0,3.0,0.0,0.0,0.0,0.0,0.0,0.0,0.0,0.0
298,0,0,2,0,0,1,999,1-25,100.0,1.0,1.0,1117.8183765377855,0.0,0.0,0.0,0.0,1.0,0,3.0,0.0,0.0,0.0,0.0,0.0,0.0,0.0,0.0
299,1,0,2,0,0,1,999,1-25,100.0,1.0,1.0,1117.8183765377855,0.0,0.0,0.0,0.0,1.0,0,3.0,0.0,0.0,0.0,0.0,0.0,0.0,0.0,0.0
303,0,0,2,0,0,1,999,1-25,100.0,1.0,1.0,1117.8183765377855,0.0,0.0,0.0,0.0,1.0,0,3.0,0.0,0.0,0.0,0.0,0.0,0.0,0.0,0.0
307,0,0,2,0,0,1,999,1-25,100.0,1.0,1.0,1117.8183765377855,0.0,0.0,0.0,0.0,1.0,0,3.0,0.0,0.0,0.0,0.0,0.0,0.0,0.0,0.0
308,0,0,2,0,0,1,999,1-25,100.0,1.0,1.0,1117.8183765377855,0.0,0.0,0.0,0.0,1.0,0,3.0,0.0,0.0,0.0,0.0,0.0,0.0,0.0,0.0
309,0,0,2,0,0,1,999,1-25,100.0,1.0,1.0,1117.8183765377855,0.0,0.0,0.0,0.0,1.0,0,3.0,0.0,0.0,0.0,0.0,0.0,0.0,0.0,0.0
310,0,0,2,0,0,1,999,1-25,100.0,1.0,1.0,1117.8183765377855,0.0,0.0,0.0,0.0,1.0,0,3.0,0.0,0.0,0.0,0.0,0.0,0.0,0.0,0.0
313,0,0,2,0,0,1,999,1-25,100.0,1.0,1.0,1117.8183765377855,0.0,0.0,0.0,0.0,1.0,0,3.0,0.0,0.0,0.0,0.0,0.0,0.0,0.0,0.0
314,1,0,2,0,0,1,999,1-25,100.0,1.0,1.0,1117.8183765377855,0.0,0.0,0.0,0.0,1.0,0,3.0,0.0,0.0,0.0,0.0,0.0,0.0,0.0,0.0
315,0,0,2,0,0,1,999,1-25,100.0,1.0,1.0,1117.8183765377855,0.0,0.0,0.0,0.0,1.0,0,3.0,0.0,0.0,0.0,0.0,0.0,0.0,0.0,0.0
318,0,0,2,0,0,1,999,1-25,100.0,1.0,1.0,1117.8183765377855,0.0,0.0,0.0,0.0,1.0,0,3.0,0.0,0.0,0.0,0.0,0.0,0.0,0.0,0.0
319,0,0,2,0,0,1,999,1-25,100.0,1.0,1.0,1117.8183765377855,0.0,0.0,0.0,0.0,1.0,0,3.0,0.0,0.0,0.0,0.0,0.0,0.0,0.0,0.0
321,1,0,2,0,0,1,999,1-25,100.0,1.0,1.0,1117.8183765377855,0.0,0.0,0.0,0.0,1.0,0,3.0,0.0,0.0,0.0,0.0,0.0,0.0,0.0,0.0
322,1,0,2,0,0,1,999,1-25,100.0,1.0,1.0,1117.8183765377855,0.0,0.0,0.0,0.0,1.0,0,3.0,0.0,0.0,0.0,0.0,0.0,0.0,0.0,0.0
326,1,0,2,0,0,1,999,1-25,100.0,1.0,1.0,1117.8183765377855,0.0,0.0,0.0,0.0,1.0,0,3.0,0.0,0.0,0.0,0.0,0.0,0.0,0.0,0.0
327,0,0,2,0,0,1,999,1-25,100.0,1.0,1.0,1117.8183765377855,0.0,0.0,0.0,0.0,1.0,0,3.0,0.0,35.0,0.0,643.0,30.0,0.0,0.0,0.0
328,0,0,2,0,0,1,999,1-25,100.0,1.0,1.0,1117.8183765377855,0.0,0.0,0.0,0.0,1.0,0,3.0,0.0,0.0,0.0,0.0,0.0,0.0,0.0,0.0
329,0,0,2,0,0,1,999,1-25,100.0,1.0,1.0,1117.8183765377855,0.0,0.0,0.0,0.0,1.0,0,3.0,0.0,0.0,0.0,0.0,0.0,0.0,0.0,0.0
330,1,0,2,0,0,1,999,1-25,100.0,1.0,1.0,1117.8183765377855,0.0,0.0,0.0,0.0,1.0,0,3.0,0.0,0.0,0.0,0.0,0.0,0.0,0.0,0.0
331,0,0,2,0,0,1,999,1-25,100.0,1.0,1.0,1117.8183765377855,0.0,0.0,0.0,0.0,1.0,0,3.0,0.0,0.0,0.0,0.0,0.0,0.0,0.0,0.0
333,0,0,2,0,0,1,999,1-25,100.0,1.0,1.0,1117.8183765377855,0.0,0.0,0.0,0.0,1.0,0,3.0,0.0,0.0,0.0,0.0,0.0,0.0,0.0,0.0
335,0,0,2,0,0,1,999,1-25,100.0,1.0,1.0,1117.8183765377855,0.0,0.0,0.0,0.0,1.0,0,3.0,0.0,0.0,0.0,0.0,0.0,0.0,0.0,0.0
336,0,0,2,0,0,1,999,1-25,100.0,1.0,1.0,1117.8183765377855,0.0,0.0,0.0,0.0,1.0,0,3.0,0.0,0.0,0.0,0.0,0.0,0.0,0.0,0.0
337,0,0,2,0,0,1,999,1-25,100.0,1.0,1.0,1117.8183765377855,0.0,0.0,0.0,0.0,1.0,0,3.0,0.0,0.0,0.0,0.0,0.0,0.0,0.0,0.0
352,0,0,2,0,0,1,999,1-25,100.0,1.0,1.0,1117.8183765377855,0.0,0.0,0.0,0.0,1.0,0,3.0,0.0,0.0,0.0,0.0,0.0,0.0,0.0,0.0
353,1,0,2,0,0,1,999,1-25,100.0,1.0,1.0,1117.8183765377855,0.0,0.0,0.0,0.0,1.0,0,3.0,0.0,0.0,0.0,0.0,0.0,0.0,0.0,0.0
355,1,0,2,0,0,1,999,1-25,100.0,1.0,1.0,1117.8183765377855,0.0,0.0,0.0,0.0,1.0,0,3.0,0.0,0.0,0.0,0.0,0.0,0.0,0.0,0.0
356,0,0,2,0,0,1,999,1-25,100.0,1.0,1.0,1117.8183765377855,0.0,0.0,0.0,0.0,1.0,0,3.0,0.0,0.0,0.0,0.0,0.0,0.0,0.0,0.0
359,0,0,2,0,0,1,999,1-25,100.0,1.0,1.0,1117.8183765377855,0.0,0.0,0.0,0.0,1.0,0,3.0,0.0,0.0,0.0,0.0,0.0,0.0,0.0,0.0
360,0,0,2,0,0,1,999,1-25,100.0,1.0,1.0,1117.8183765377855,0.0,0.0,0.0,0.0,1.0,0,3.0,0.0,0.0,0.0,0.0,0.0,0.0,0.0,0.0
363,1,0,2,0,0,1,999,1-25,100.0,1.0,1.0,1117.8183765377855,0.0,0.0,0.0,0.0,1.0,0,3.0,0.0,0.0,0.0,0.0,0.0,0.0,0.0,0.0
372,0,0,2,0,0,1,999,1-25,100.0,1.0,1.0,1117.8183765377855,0.0,0.0,0.0,0.0,1.0,0,3.0,0.0,0.0,0.0,0.0,0.0,0.0,0.0,0.0
373,0,0,2,0,0,1,999,1-25,100.0,1.0,1.0,1117.8183765377855,0.0,0.0,0.0,0.0,1.0,0,3.0,0.0,0.0,0.0,0.0,0.0,0.0,0.0,0.0
379,0,0,2,0,0,1,999,1-25,100.0,1.0,1.0,1117.8183765377855,0.0,0.0,0.0,0.0,1.0,0,3.0,0.0,0.0,0.0,0.0,0.0,0.0,0.0,0.0
384,1,0,2,0,0,1,999,1-25,100.0,1.0,1.0,1117.8183765377855,0.0,0.0,0.0,0.0,1.0,0,3.0,0.0,0.0,0.0,0.0,0.0,0.0,0.0,0.0
385,1,0,2,0,0,1,999,1-25,100.0,1.0,1.0,1117.8183765377855,0.0,0.0,0.0,0.0,1.0,0,3.0,0.0,1.0,0.0,1.0,0.0,0.0,0.0,0.0
387,1,0,2,0,0,1,999,1-25,100.0,1.0,1.0,1117.8183765377855,0.0,0.0,0.0,0.0,1.0,0,3.0,0.0,0.0,0.0,0.0,0.0,0.0,0.0,0.0
389,1,0,2,0,0,1,999,1-25,100.0,1.0,1.0,1117.8183765377855,0.0,0.0,0.0,0.0,1.0,0,3.0,0.0,0.0,0.0,0.0,0.0,0.0,0.0,0.0
392,0,0,2,0,0,1,999,1-25,100.0,1.0,1.0,1117.8183765377855,0.0,0.0,0.0,0.0,1.0,0,3.0,0.0,0.0,0.0,0.0,0.0,0.0,0.0,0.0
395,0,0,2,0,0,1,999,1-25,100.0,1.0,1.0,1117.8183765377855,0.0,0.0,0.0,0.0,1.0,0,3.0,0.0,0.0,0.0,0.0,0.0,0.0,0.0,0.0
396,0,0,2,0,0,1,999,1-25,100.0,1.0,1.0,1117.8183765377855,0.0,0.0,0.0,0.0,1.0,0,3.0,0.0,0.0,0.0,0.0,0.0,0.0,0.0,0.0
404,1,0,2,0,0,1,999,1-25,100.0,1.0,1.0,1117.8183765377855,0.0,0.0,0.0,0.0,1.0,0,3.0,1.0,7.0,0.0,2.0,1.0,0.0,0.0,0.0
414,1,0,2,0,0,1,999,1-25,100.0,1.0,1.0,1117.8183765377855,0.0,0.0,0.0,0.0,1.0,0,3.0,0.0,0.0,0.0,0.0,0.0,0.0,0.0,0.0
427,0,0,2,0,0,1,999,1-25,100.0,1.0,1.0,1117.8183765377855,0.0,0.0,0.0,0.0,1.0,0,3.0,0.0,0.0,0.0,0.0,0.0,0.0,0.0,0.0
428,1,0,2,0,0,1,999,1-25,100.0,1.0,1.0,1117.8183765377855,0.0,0.0,0.0,0.0,1.0,0,3.0,0.0,0.0,0.0,0.0,0.0,0.0,0.0,0.0
431,1,0,2,0,0,1,999,1-25,100.0,1.0,1.0,1117.8183765377855,0.0,0.0,0.0,0.0,1.0,0,3.0,0.0,0.0,0.0,0.0,0.0,0.0,0.0,0.0
433,1,0,2,0,0,1,999,1-25,100.0,1.0,1.0,1117.8183765377855,0.0,0.0,0.0,0.0,1.0,0,3.0,0.0,0.0,0.0,0.0,0.0,0.0,0.0,0.0
434,0,0,2,0,0,1,999,1-25,100.0,1.0,1.0,1117.8183765377855,0.0,0.0,0.0,0.0,1.0,0,3.0,0.0,0.0,0.0,0.0,0.0,0.0,0.0,0.0
437,1,0,2,0,0,1,999,1-25,100.0,1.0,1.0,1117.8183765377855,0.0,0.0,0.0,0.0,1.0,0,3.0,0.0,0.0,0.0,0.0,0.0,0.0,0.0,0.0
440,1,0,2,0,0,1,999,1-25,100.0,1.0,1.0,1117.8183765377855,0.0,0.0,0.0,0.0,1.0,0,3.0,0.0,0.0,0.0,0.0,0.0,0.0,0.0,0.0
443,1,0,2,0,0,1,999,1-25,100.0,1.0,1.0,1814.0,0.0,0.0,0.0,0.0,1.0,0,3.0,0.0,0.0,0.0,0.0,0.0,0.0,0.0,0.0
446,1,0,2,0,0,1,999,1-25,100.0,1.0,1.0,147.0,0.0,0.0,0.0,199.0,3.0,0,3.0,24.0,35.0,1.0,794.0,677.0,1.0,0.0,0.0
447,0,0,2,0,0,1,999,1-25,100.0,1.0,1.0,1117.8183765377855,0.0,0.0,0.0,0.0,1.0,0,3.0,0.0,0.0,0.0,0.0,0.0,0.0,0.0,0.0
456,0,0,2,0,0,1,999,1-25,100.0,1.0,1.0,1117.8183765377855,0.0,0.0,0.0,0.0,1.0,0,3.0,0.0,0.0,0.0,0.0,0.0,0.0,0.0,0.0
457,0,0,2,0,0,1,999,1-25,100.0,1.0,1.0,1117.8183765377855,0.0,0.0,0.0,0.0,1.0,0,3.0,0.0,0.0,0.0,0.0,0.0,0.0,0.0,0.0
466,1,0,2,0,0,1,999,1-25,100.0,1.0,1.0,1117.8183765377855,0.0,0.0,0.0,0.0,1.0,0,3.0,0.0,0.0,0.0,0.0,0.0,0.0,0.0,0.0
467,1,0,2,0,0,1,999,1-25,100.0,1.0,1.0,1117.8183765377855,0.0,0.0,0.0,0.0,1.0,0,3.0,0.0,0.0,0.0,0.0,0.0,0.0,0.0,0.0
476,0,0,2,0,0,1,999,1-25,100.0,1.0,1.0,1117.8183765377855,0.0,0.0,0.0,0.0,1.0,0,3.0,0.0,0.0,0.0,0.0,0.0,0.0,0.0,0.0
481,0,0,2,0,0,1,999,1-25,100.0,1.0,1.0,1117.8183765377855,0.0,0.0,0.0,0.0,1.0,0,3.0,0.0,0.0,0.0,0.0,0.0,0.0,0.0,0.0
482,0,0,2,0,0,1,999,1-25,100.0,1.0,1.0,1117.8183765377855,0.0,0.0,0.0,0.0,1.0,0,3.0,0.0,0.0,0.0,0.0,0.0,0.0,0.0,0.0
488,1,0,2,0,0,1,999,1-25,100.0,1.0,1.0,1117.8183765377855,0.0,0.0,0.0,0.0,1.0,0,3.0,0.0,0.0,0.0,0.0,0.0,0.0,0.0,0.0
500,0,0,2,0,0,1,999,1-25,100.0,1.0,1.0,1117.8183765377855,0.0,0.0,0.0,0.0,1.0,0,3.0,0.0,0.0,0.0,0.0,0.0,0.0,0.0,0.0
504,0,0,2,0,0,1,999,1-25,100.0,1.0,1.0,1117.8183765377855,0.0,0.0,0.0,0.0,1.0,0,3.0,0.0,0.0,0.0,0.0,0.0,0.0,0.0,0.0
508,0,0,2,0,0,1,999,1-25,100.0,1.0,1.0,1117.8183765377855,0.0,0.0,0.0,0.0,1.0,0,3.0,0.0,0.0,0.0,0.0,0.0,0.0,0.0,0.0
514,1,0,2,0,0,1,999,1-25,100.0,1.0,1.0,1117.8183765377855,0.0,0.0,0.0,0.0,1.0,0,3.0,0.0,0.0,0.0,0.0,0.0,0.0,0.0,0.0
516,1,0,2,0,0,1,999,1-25,100.0,1.0,1.0,1117.8183765377855,0.0,0.0,0.0,0.0,1.0,0,3.0,0.0,0.0,0.0,0.0,0.0,0.0,0.0,0.0
518,1,0,2,0,0,1,999,1-25,100.0,1.0,1.0,1117.8183765377855,0.0,0.0,0.0,0.0,1.0,0,3.0,0.0,0.0,0.0,0.0,0.0,0.0,0.0,0.0
521,1,0,2,0,0,1,999,1-25,100.0,1.0,1.0,1117.8183765377855,0.0,0.0,0.0,0.0,1.0,0,3.0,0.0,3.0,0.0,4.0,0.0,0.0,0.0,0.0
527,0,0,2,0,0,1,999,1-25,100.0,1.0,1.0,1117.8183765377855,0.0,0.0,0.0,0.0,1.0,0,3.0,0.0,0.0,0.0,0.0,0.0,0.0,0.0,0.0
528,0,0,2,0,0,1,999,1-25,100.0,1.0,1.0,1117.8183765377855,0.0,0.0,0.0,0.0,1.0,0,3.0,0.0,0.0,0.0,0.0,0.0,0.0,0.0,0.0
530,0,0,2,0,0,1,999,1-25,100.0,1.0,1.0,1117.8183765377855,0.0,0.0,0.0,0.0,1.0,0,3.0,0.0,0.0,0.0,0.0,0.0,0.0,0.0,0.0
531,1,0,2,0,0,1,999,1-25,100.0,1.0,1.0,1117.8183765377855,0.0,0.0,0.0,0.0,1.0,0,3.0,0.0,0.0,0.0,0.0,0.0,0.0,0.0,0.0
532,0,0,2,0,0,1,999,1-25,100.0,1.0,1.0,1117.8183765377855,0.0,0.0,0.0,0.0,1.0,0,3.0,0.0,0.0,0.0,0.0,0.0,0.0,0.0,0.0
533,0,0,2,0,0,1,999,1-25,100.0,1.0,1.0,1117.8183765377855,0.0,0.0,0.0,0.0,1.0,0,3.0,0.0,0.0,0.0,0.0,0.0,0.0,0.0,0.0
546,0,0,2,0,0,1,999,1-25,100.0,1.0,1.0,1117.8183765377855,0.0,0.0,0.0,0.0,1.0,0,3.0,0.0,0.0,0.0,0.0,0.0,0.0,0.0,0.0
549,0,0,2,0,0,1,999,1-25,100.0,1.0,1.0,1117.8183765377855,0.0,0.0,0.0,0.0,1.0,0,3.0,0.0,0.0,0.0,0.0,0.0,0.0,0.0,0.0
551,0,0,2,0,0,1,999,1-25,100.0,1.0,1.0,1117.8183765377855,0.0,0.0,0.0,0.0,1.0,0,3.0,0.0,0.0,0.0,0.0,0.0,0.0,0.0,0.0
552,1,0,2,0,0,1,999,1-25,100.0,1.0,1.0,1117.8183765377855,0.0,0.0,0.0,0.0,1.0,0,3.0,0.0,0.0,0.0,0.0,0.0,0.0,0.0,0.0
553,0,0,2,0,0,1,999,1-25,100.0,1.0,1.0,1117.8183765377855,0.0,0.0,0.0,0.0,1.0,0,3.0,0.0,0.0,0.0,0.0,0.0,0.0,0.0,0.0
554,0,0,2,0,0,1,999,1-25,100.0,1.0,1.0,1117.8183765377855,0.0,0.0,0.0,0.0,1.0,0,3.0,0.0,0.0,0.0,0.0,0.0,0.0,0.0,0.0
555,0,0,2,0,0,1,999,1-25,100.0,1.0,1.0,1117.8183765377855,0.0,0.0,0.0,0.0,1.0,0,3.0,0.0,0.0,0.0,0.0,0.0,0.0,0.0,0.0
556,1,0,2,0,0,1,999,1-25,100.0,1.0,1.0,1117.8183765377855,0.0,0.0,0.0,0.0,1.0,0,3.0,0.0,0.0,0.0,0.0,0.0,0.0,0.0,0.0
560,0,0,2,0,0,1,999,1-25,100.0,1.0,1.0,1117.8183765377855,0.0,0.0,0.0,0.0,1.0,0,3.0,0.0,0.0,0.0,0.0,0.0,0.0,0.0,0.0
561,0,0,2,0,0,1,999,1-25,100.0,1.0,1.0,1117.8183765377855,0.0,0.0,0.0,0.0,1.0,0,3.0,0.0,0.0,0.0,0.0,0.0,0.0,0.0,0.0
565,1,0,2,0,0,1,999,1-25,100.0,1.0,1.0,1117.8183765377855,0.0,0.0,0.0,0.0,1.0,0,3.0,0.0,0.0,0.0,0.0,0.0,0.0,0.0,0.0
566,0,0,2,0,0,1,999,1-25,100.0,1.0,1.0,1117.8183765377855,0.0,0.0,0.0,0.0,1.0,0,3.0,0.0,0.0,0.0,0.0,0.0,0.0,0.0,0.0
567,0,0,2,0,0,1,999,1-25,100.0,1.0,1.0,1117.8183765377855,0.0,0.0,0.0,0.0,1.0,0,3.0,0.0,0.0,0.0,0.0,0.0,0.0,0.0,0.0
568,0,0,2,0,0,1,999,1-25,100.0,1.0,1.0,1117.8183765377855,0.0,0.0,0.0,0.0,1.0,0,3.0,0.0,0.0,0.0,0.0,0.0,0.0,0.0,0.0
569,0,0,2,0,0,1,999,1-25,100.0,1.0,1.0,1117.8183765377855,0.0,0.0,0.0,0.0,1.0,0,3.0,0.0,0.0,0.0,0.0,0.0,0.0,0.0,0.0
570,0,0,2,0,0,1,999,1-25,100.0,1.0,1.0,1117.8183765377855,0.0,0.0,0.0,0.0,1.0,0,3.0,0.0,0.0,0.0,0.0,0.0,0.0,0.0,0.0
571,0,0,2,0,0,1,999,1-25,100.0,1.0,1.0,1117.8183765377855,0.0,0.0,0.0,0.0,1.0,0,3.0,0.0,0.0,0.0,0.0,0.0,0.0,0.0,0.0
572,0,0,2,0,0,1,999,1-25,100.0,1.0,1.0,1117.8183765377855,0.0,0.0,0.0,0.0,1.0,0,3.0,0.0,0.0,0.0,0.0,0.0,0.0,0.0,0.0
573,0,0,2,0,0,1,999,1-25,100.0,1.0,1.0,1117.8183765377855,0.0,0.0,0.0,0.0,1.0,0,3.0,0.0,0.0,0.0,0.0,0.0,0.0,0.0,0.0
574,0,0,2,0,0,1,999,1-25,100.0,1.0,1.0,1117.8183765377855,0.0,0.0,0.0,0.0,1.0,0,3.0,0.0,0.0,0.0,0.0,0.0,0.0,0.0,0.0
579,0,0,2,0,0,1,999,1-25,100.0,1.0,1.0,1117.8183765377855,0.0,0.0,0.0,0.0,1.0,0,3.0,0.0,0.0,0.0,0.0,0.0,0.0,0.0,0.0
580,1,0,2,0,0,1,999,1-25,100.0,1.0,1.0,1117.8183765377855,0.0,0.0,0.0,0.0,1.0,0,3.0,0.0,0.0,0.0,0.0,0.0,0.0,0.0,0.0
581,1,0,2,0,0,1,999,1-25,100.0,1.0,1.0,1117.8183765377855,280.0,0.0,0.0,199.0,2.0,0,3.0,0.0,0.0,0.0,0.0,0.0,0.0,0.0,0.0
582,0,0,2,0,0,1,999,1-25,100.0,1.0,1.0,1117.8183765377855,0.0,0.0,0.0,0.0,1.0,0,3.0,0.0,0.0,0.0,0.0,0.0,0.0,0.0,0.0
583,1,0,2,0,0,1,999,1-25,100.0,1.0,1.0,1117.8183765377855,0.0,0.0,0.0,0.0,1.0,0,3.0,0.0,0.0,0.0,0.0,0.0,0.0,0.0,0.0
584,1,0,2,0,0,1,999,1-25,100.0,1.0,1.0,1117.8183765377855,0.0,0.0,0.0,0.0,1.0,0,3.0,0.0,0.0,0.0,0.0,0.0,0.0,0.0,0.0
585,1,0,2,0,0,1,999,1-25,100.0,1.0,1.0,1117.8183765377855,0.0,0.0,0.0,0.0,1.0,0,3.0,0.0,0.0,0.0,0.0,0.0,0.0,0.0,0.0
586,1,0,2,0,0,1,999,1-25,100.0,1.0,1.0,1117.8183765377855,0.0,0.0,0.0,0.0,1.0,0,3.0,0.0,0.0,0.0,0.0,0.0,0.0,0.0,0.0
587,0,0,2,0,0,1,999,1-25,100.0,1.0,1.0,1117.8183765377855,0.0,0.0,0.0,0.0,1.0,0,3.0,0.0,0.0,0.0,0.0,0.0,0.0,0.0,0.0
588,0,0,2,0,0,1,999,1-25,100.0,1.0,1.0,1117.8183765377855,0.0,0.0,0.0,0.0,1.0,0,3.0,0.0,0.0,0.0,0.0,0.0,0.0,0.0,0.0
589,1,0,2,0,0,1,999,1-25,100.0,1.0,1.0,1117.8183765377855,0.0,0.0,0.0,0.0,1.0,0,3.0,0.0,1.0,0.0,1.0,0.0,0.0,0.0,0.0
590,1,0,2,0,0,1,999,1-25,100.0,1.0,1.0,1117.8183765377855,0.0,0.0,0.0,0.0,1.0,0,3.0,0.0,0.0,0.0,0.0,0.0,0.0,0.0,0.0
591,0,0,2,0,0,1,999,1-25,100.0,1.0,1.0,1117.8183765377855,0.0,0.0,0.0,0.0,1.0,0,3.0,0.0,0.0,0.0,0.0,0.0,0.0,0.0,0.0
592,1,0,2,0,0,1,999,1-25,100.0,1.0,1.0,1117.8183765377855,0.0,0.0,0.0,0.0,1.0,0,3.0,0.0,0.0,0.0,0.0,0.0,0.0,0.0,0.0
593,0,0,2,0,0,1,999,1-25,100.0,1.0,1.0,1117.8183765377855,0.0,0.0,0.0,0.0,1.0,0,3.0,0.0,0.0,0.0,0.0,0.0,0.0,0.0,0.0
594,0,0,2,0,0,1,999,1-25,100.0,1.0,1.0,1117.8183765377855,0.0,0.0,0.0,0.0,1.0,0,3.0,0.0,0.0,0.0,0.0,0.0,0.0,0.0,0.0
595,1,0,2,0,0,1,999,1-25,100.0,1.0,1.0,1117.8183765377855,0.0,0.0,0.0,0.0,1.0,0,3.0,0.0,0.0,0.0,0.0,0.0,0.0,0.0,0.0
596,1,0,2,0,0,1,999,1-25,100.0,1.0,1.0,1117.8183765377855,0.0,0.0,0.0,0.0,1.0,0,3.0,0.0,0.0,0.0,0.0,0.0,0.0,0.0,0.0
597,0,0,2,0,0,1,999,1-25,100.0,1.0,1.0,1117.8183765377855,0.0,0.0,0.0,0.0,1.0,0,3.0,0.0,0.0,0.0,0.0,0.0,0.0,0.0,0.0
598,0,0,2,0,0,1,999,1-25,100.0,1.0,1.0,1117.8183765377855,0.0,0.0,0.0,0.0,1.0,0,3.0,0.0,0.0,0.0,0.0,0.0,0.0,0.0,0.0
599,0,0,2,0,0,1,999,1-25,100.0,1.0,1.0,1117.8183765377855,0.0,0.0,0.0,0.0,1.0,0,3.0,0.0,0.0,0.0,0.0,0.0,0.0,0.0,0.0
601,1,0,2,0,0,1,999,1-25,100.0,1.0,1.0,1117.8183765377855,0.0,0.0,0.0,0.0,1.0,0,3.0,0.0,0.0,0.0,0.0,0.0,0.0,0.0,0.0
602,0,0,2,0,0,1,999,1-25,100.0,1.0,1.0,1117.8183765377855,0.0,0.0,0.0,0.0,1.0,0,3.0,0.0,0.0,0.0,0.0,0.0,0.0,0.0,0.0
603,0,0,2,0,0,1,999,1-25,100.0,1.0,1.0,1117.8183765377855,0.0,0.0,0.0,0.0,1.0,0,3.0,0.0,0.0,0.0,0.0,0.0,0.0,0.0,0.0
605,0,0,2,0,0,1,999,1-25,100.0,1.0,1.0,1117.8183765377855,0.0,0.0,0.0,0.0,1.0,0,3.0,0.0,0.0,0.0,0.0,0.0,0.0,0.0,0.0
606,0,0,2,0,0,1,999,1-25,100.0,1.0,1.0,1117.8183765377855,0.0,0.0,0.0,0.0,1.0,0,3.0,0.0,0.0,0.0,0.0,0.0,0.0,0.0,0.0
607,0,0,2,0,0,1,999,1-25,100.0,1.0,1.0,1117.8183765377855,0.0,0.0,0.0,0.0,1.0,0,3.0,0.0,0.0,0.0,0.0,0.0,0.0,0.0,0.0
608,0,0,2,0,0,1,999,1-25,100.0,1.0,1.0,1117.8183765377855,0.0,0.0,0.0,0.0,1.0,0,3.0,0.0,0.0,0.0,0.0,0.0,0.0,0.0,0.0
609,0,0,2,0,0,1,999,1-25,100.0,1.0,1.0,1117.8183765377855,0.0,0.0,0.0,0.0,1.0,0,3.0,0.0,0.0,0.0,0.0,0.0,0.0,0.0,0.0
610,0,0,2,0,0,1,999,1-25,100.0,1.0,1.0,1117.8183765377855,0.0,0.0,0.0,0.0,1.0,0,3.0,0.0,0.0,0.0,0.0,0.0,0.0,0.0,0.0
611,0,0,2,0,0,1,999,1-25,100.0,1.0,1.0,1117.8183765377855,0.0,0.0,0.0,0.0,1.0,0,3.0,0.0,0.0,0.0,0.0,0.0,0.0,0.0,0.0
612,1,0,2,0,0,1,999,1-25,100.0,1.0,1.0,1117.8183765377855,0.0,0.0,0.0,0.0,1.0,0,3.0,0.0,0.0,0.0,0.0,0.0,0.0,0.0,0.0
614,0,0,2,0,0,1,999,1-25,100.0,1.0,1.0,1117.8183765377855,0.0,0.0,0.0,0.0,1.0,0,3.0,0.0,0.0,0.0,0.0,0.0,0.0,0.0,0.0
615,0,0,2,0,0,1,999,1-25,100.0,1.0,1.0,1117.8183765377855,0.0,0.0,0.0,0.0,1.0,0,3.0,0.0,0.0,0.0,0.0,0.0,0.0,0.0,0.0
616,0,0,2,0,0,1,999,1-25,100.0,1.0,1.0,1117.8183765377855,0.0,0.0,0.0,0.0,1.0,0,3.0,0.0,0.0,0.0,0.0,0.0,0.0,0.0,0.0
619,1,0,2,0,0,1,999,1-25,100.0,1.0,1.0,1117.8183765377855,0.0,0.0,0.0,0.0,1.0,0,3.0,0.0,0.0,0.0,0.0,0.0,0.0,0.0,0.0
621,0,0,2,0,0,1,999,1-25,100.0,1.0,1.0,1117.8183765377855,0.0,0.0,0.0,0.0,1.0,0,3.0,0.0,0.0,0.0,0.0,0.0,0.0,0.0,0.0
623,0,0,2,0,0,1,999,1-25,100.0,1.0,1.0,1117.8183765377855,0.0,0.0,0.0,0.0,1.0,0,3.0,0.0,0.0,0.0,0.0,0.0,0.0,0.0,0.0
625,0,0,2,0,0,1,999,1-25,100.0,1.0,1.0,1117.8183765377855,0.0,0.0,0.0,0.0,1.0,0,3.0,0.0,0.0,0.0,0.0,0.0,0.0,0.0,0.0
626,0,0,2,0,0,1,999,1-25,100.0,1.0,1.0,1117.8183765377855,0.0,0.0,0.0,0.0,1.0,0,3.0,0.0,0.0,0.0,0.0,0.0,0.0,0.0,0.0
630,0,0,2,0,0,1,999,1-25,100.0,1.0,1.0,1117.8183765377855,0.0,0.0,0.0,0.0,1.0,0,3.0,0.0,0.0,0.0,0.0,0.0,0.0,0.0,0.0
631,0,0,2,0,0,1,999,1-25,100.0,1.0,1.0,1117.8183765377855,0.0,0.0,0.0,0.0,1.0,0,3.0,0.0,0.0,0.0,0.0,0.0,0.0,0.0,0.0
633,1,0,2,0,0,1,999,1-25,100.0,1.0,1.0,1117.8183765377855,0.0,0.0,0.0,0.0,1.0,0,3.0,0.0,0.0,0.0,0.0,0.0,0.0,0.0,0.0
634,0,0,2,0,0,1,999,1-25,100.0,1.0,1.0,1117.8183765377855,0.0,0.0,0.0,0.0,1.0,0,3.0,0.0,0.0,0.0,0.0,0.0,0.0,0.0,0.0
635,0,0,2,0,0,1,999,1-25,100.0,1.0,1.0,1117.8183765377855,0.0,0.0,0.0,0.0,1.0,0,3.0,0.0,0.0,0.0,0.0,0.0,0.0,0.0,0.0
636,0,0,2,0,0,1,999,1-25,100.0,1.0,1.0,1117.8183765377855,0.0,0.0,0.0,0.0,1.0,0,3.0,0.0,0.0,0.0,0.0,0.0,0.0,0.0,0.0
637,1,0,2,0,0,1,999,1-25,100.0,1.0,1.0,1117.8183765377855,0.0,0.0,0.0,0.0,1.0,0,3.0,0.0,0.0,0.0,0.0,0.0,0.0,0.0,0.0
638,1,0,2,0,0,1,999,1-25,100.0,1.0,1.0,1117.8183765377855,0.0,0.0,0.0,0.0,1.0,0,3.0,0.0,0.0,0.0,0.0,0.0,0.0,0.0,0.0
639,1,0,2,0,0,1,999,1-25,100.0,1.0,1.0,1117.8183765377855,0.0,0.0,0.0,0.0,1.0,0,3.0,0.0,1.0,0.0,1.0,0.0,0.0,0.0,0.0
641,1,0,2,0,0,1,999,1-25,100.0,1.0,1.0,1117.8183765377855,0.0,0.0,0.0,0.0,1.0,0,3.0,0.0,0.0,0.0,0.0,0.0,0.0,0.0,0.0
642,0,0,2,0,0,1,999,1-25,100.0,1.0,1.0,1117.8183765377855,0.0,0.0,0.0,0.0,1.0,0,3.0,0.0,0.0,0.0,0.0,0.0,0.0,0.0,0.0
643,1,0,2,0,0,1,999,1-25,100.0,1.0,1.0,1117.8183765377855,0.0,0.0,0.0,0.0,1.0,0,3.0,0.0,1.0,0.0,0.0,0.0,0.0,0.0,0.0
644,0,0,2,0,0,1,999,1-25,100.0,1.0,1.0,1117.8183765377855,0.0,0.0,0.0,0.0,1.0,0,3.0,0.0,0.0,0.0,0.0,0.0,0.0,0.0,0.0
645,0,0,2,0,0,1,999,1-25,100.0,1.0,1.0,1117.8183765377855,0.0,0.0,0.0,0.0,1.0,0,3.0,0.0,0.0,0.0,0.0,0.0,0.0,0.0,0.0
649,0,0,2,0,0,1,999,1-25,100.0,1.0,1.0,1117.8183765377855,0.0,0.0,0.0,0.0,1.0,0,3.0,0.0,0.0,0.0,0.0,0.0,0.0,0.0,0.0
650,0,0,2,0,0,1,999,1-25,100.0,1.0,1.0,1117.8183765377855,0.0,0.0,0.0,0.0,1.0,0,3.0,0.0,0.0,0.0,0.0,0.0,0.0,0.0,0.0
651,0,0,2,0,0,1,999,1-25,100.0,1.0,1.0,1117.8183765377855,0.0,0.0,0.0,0.0,1.0,0,3.0,0.0,0.0,0.0,0.0,0.0,0.0,0.0,0.0
652,1,0,2,0,0,1,999,1-25,100.0,1.0,1.0,1117.8183765377855,0.0,0.0,0.0,0.0,1.0,0,3.0,0.0,0.0,0.0,0.0,0.0,0.0,0.0,0.0
653,0,0,2,0,0,1,999,1-25,100.0,1.0,1.0,1117.8183765377855,0.0,0.0,0.0,0.0,1.0,0,3.0,0.0,0.0,0.0,0.0,0.0,0.0,0.0,0.0
654,0,0,2,0,0,1,999,1-25,100.0,1.0,1.0,1117.8183765377855,0.0,0.0,0.0,0.0,1.0,0,3.0,0.0,0.0,0.0,0.0,0.0,0.0,0.0,0.0
655,1,0,2,0,0,1,999,1-25,100.0,1.0,1.0,1117.8183765377855,0.0,0.0,0.0,0.0,1.0,0,3.0,0.0,0.0,0.0,0.0,0.0,0.0,0.0,0.0
656,0,0,2,0,0,1,999,1-25,100.0,1.0,1.0,1117.8183765377855,0.0,0.0,0.0,0.0,1.0,0,3.0,0.0,0.0,0.0,0.0,0.0,0.0,0.0,0.0
657,1,0,2,0,0,1,999,1-25,100.0,1.0,1.0,1117.8183765377855,0.0,0.0,0.0,0.0,1.0,0,3.0,0.0,1.0,0.0,0.0,0.0,0.0,0.0,0.0
658,0,0,2,0,0,1,999,1-25,100.0,1.0,1.0,1117.8183765377855,0.0,0.0,0.0,0.0,1.0,0,3.0,0.0,0.0,0.0,0.0,0.0,0.0,0.0,0.0
659,0,0,2,0,0,1,999,1-25,100.0,1.0,1.0,1117.8183765377855,0.0,0.0,0.0,0.0,1.0,0,3.0,0.0,0.0,0.0,0.0,0.0,0.0,0.0,0.0
660,0,0,2,0,0,1,999,1-25,100.0,1.0,1.0,1117.8183765377855,0.0,0.0,0.0,0.0,1.0,0,3.0,0.0,0.0,0.0,0.0,0.0,0.0,0.0,0.0
664,0,0,2,0,0,1,999,1-25,100.0,1.0,1.0,1117.8183765377855,0.0,0.0,0.0,0.0,1.0,0,3.0,0.0,0.0,0.0,0.0,0.0,0.0,0.0,0.0
668,0,0,2,0,0,1,999,1-25,100.0,1.0,1.0,1117.8183765377855,0.0,0.0,0.0,0.0,1.0,0,3.0,0.0,0.0,0.0,0.0,0.0,0.0,0.0,0.0
675,1,0,2,0,0,1,999,1-25,100.0,1.0,0.0,3125.0,0.0,0.0,0.0,0.0,1.0,0,3.0,0.0,0.0,0.0,0.0,0.0,0.0,0.0,0.0
687,0,0,2,0,0,1,999,1-25,100.0,1.0,0.0,3112.0,0.0,0.0,0.0,0.0,1.0,0,3.0,0.0,0.0,0.0,0.0,0.0,0.0,0.0,0.0
688,1,0,2,0,0,1,999,1-25,100.0,1.0,0.0,3111.0,0.0,0.0,0.0,0.0,1.0,0,3.0,0.0,0.0,0.0,0.0,0.0,0.0,0.0,0.0
692,1,0,2,0,0,1,999,1-25,100.0,1.0,0.0,3100.0,0.0,0.0,0.0,0.0,1.0,0,3.0,12.0,19.0,0.0,3.0,7.0,0.0,0.0,0.0
707,1,0,2,0,0,1,999,1-25,100.0,1.0,0.0,3089.0,0.0,0.0,0.0,0.0,1.0,0,3.0,0.0,0.0,0.0,0.0,0.0,0.0,0.0,0.0
708,1,0,2,0,0,1,999,1-25,100.0,1.0,0.0,3089.0,0.0,0.0,0.0,0.0,1.0,0,3.0,0.0,0.0,0.0,0.0,0.0,0.0,0.0,0.0
709,1,0,2,0,0,1,999,1-25,100.0,1.0,0.0,3089.0,1099.0,0.0,0.0,0.0,1.0,0,3.0,0.0,0.0,0.0,0.0,0.0,0.0,0.0,0.0
710,1,0,2,0,0,1,999,1-25,100.0,1.0,0.0,3088.0,0.0,0.0,0.0,0.0,1.0,0,3.0,0.0,0.0,0.0,0.0,0.0,0.0,0.0,0.0
724,1,0,2,0,0,1,999,1-25,100.0,1.0,0.0,3086.0,0.0,0.0,0.0,0.0,1.0,0,3.0,0.0,0.0,0.0,0.0,0.0,0.0,0.0,0.0
725,1,0,2,0,0,1,999,1-25,100.0,1.0,0.0,3081.0,0.0,0.0,0.0,0.0,1.0,0,3.0,0.0,0.0,0.0,0.0,0.0,0.0,0.0,0.0
726,1,0,2,0,0,1,999,1-25,100.0,1.0,0.0,3081.0,0.0,0.0,0.0,0.0,1.0,0,3.0,0.0,1.0,0.0,1.0,0.0,0.0,0.0,0.0
728,1,0,2,0,0,1,999,1-25,100.0,1.0,0.0,3079.0,0.0,0.0,0.0,0.0,1.0,0,3.0,0.0,0.0,0.0,0.0,0.0,0.0,0.0,0.0
730,1,0,2,0,0,1,999,1-25,100.0,1.0,0.0,3075.0,0.0,0.0,0.0,0.0,1.0,0,3.0,0.0,0.0,0.0,0.0,0.0,0.0,0.0,0.0
731,1,0,2,0,0,1,999,1-25,100.0,1.0,0.0,3074.0,0.0,0.0,0.0,0.0,1.0,0,3.0,0.0,0.0,0.0,0.0,0.0,0.0,0.0,0.0
732,1,0,2,0,0,1,999,1-25,100.0,0.0,0.0,0.0,0.0,0.0,0.0,0.0,1.0,0,3.0,0.0,0.0,0.0,0.0,0.0,0.0,0.0,0.0
737,0,0,2,0,0,1,999,1-25,100.0,1.0,0.0,3074.0,0.0,0.0,0.0,0.0,1.0,0,3.0,0.0,0.0,0.0,0.0,0.0,0.0,0.0,0.0
741,0,0,2,0,0,1,999,1-25,100.0,1.0,0.0,3072.0,0.0,0.0,0.0,0.0,1.0,0,3.0,0.0,0.0,0.0,0.0,0.0,0.0,0.0,0.0
742,0,0,2,0,0,1,999,1-25,100.0,1.0,0.0,3068.0,0.0,0.0,0.0,0.0,1.0,0,3.0,0.0,0.0,0.0,0.0,0.0,0.0,0.0,0.0
746,1,0,2,0,0,1,999,1-25,100.0,1.0,0.0,3068.0,2221.0,0.0,0.0,0.0,1.0,0,3.0,9.0,13.0,8.0,26.0,14.0,10.0,0.0,0.0
749,1,0,2,0,0,1,999,1-25,100.0,1.0,0.0,3067.0,0.0,0.0,0.0,0.0,1.0,0,3.0,0.0,0.0,0.0,0.0,0.0,0.0,0.0,0.0
755,1,0,2,0,0,1,999,1-25,100.0,1.0,0.0,3061.0,0.0,0.0,0.0,0.0,1.0,0,3.0,0.0,0.0,0.0,0.0,0.0,0.0,0.0,0.0
758,1,0,2,0,0,1,999,1-25,100.0,1.0,0.0,3057.0,0.0,0.0,0.0,0.0,1.0,0,3.0,0.0,0.0,0.0,0.0,0.0,0.0,0.0,0.0
759,1,0,2,0,0,1,999,1-25,100.0,1.0,0.0,3054.0,0.0,0.0,0.0,0.0,1.0,0,3.0,0.0,0.0,0.0,0.0,0.0,0.0,0.0,0.0
760,1,0,2,0,0,1,999,1-25,100.0,1.0,0.0,3048.0,0.0,0.0,0.0,0.0,1.0,0,3.0,0.0,0.0,0.0,0.0,0.0,0.0,0.0,0.0
761,1,0,2,0,0,1,999,1-25,100.0,1.0,0.0,3048.0,0.0,0.0,0.0,0.0,1.0,0,3.0,0.0,0.0,0.0,0.0,0.0,0.0,0.0,0.0
763,1,0,2,0,0,1,999,1-25,100.0,1.0,0.0,3045.0,100.0,0.0,0.0,0.0,1.0,0,3.0,4.0,3.0,0.0,0.0,0.0,0.0,0.0,0.0
764,1,0,2,0,0,1,999,1-25,100.0,1.0,0.0,3044.0,0.0,0.0,0.0,0.0,1.0,0,3.0,0.0,0.0,0.0,0.0,0.0,0.0,0.0,0.0
767,1,0,2,0,0,1,999,1-25,100.0,1.0,0.0,3039.0,0.0,0.0,0.0,0.0,1.0,0,3.0,0.0,0.0,0.0,0.0,0.0,0.0,0.0,0.0
768,1,0,2,0,0,1,999,1-25,100.0,1.0,0.0,3039.0,0.0,0.0,0.0,0.0,1.0,0,3.0,0.0,0.0,0.0,0.0,0.0,0.0,0.0,0.0
769,1,0,2,0,0,1,999,1-25,100.0,1.0,0.0,3037.0,0.0,0.0,0.0,0.0,1.0,0,3.0,0.0,0.0,0.0,0.0,0.0,0.0,0.0,0.0
771,0,0,2,0,0,1,999,1-25,100.0,1.0,0.0,3032.0,0.0,0.0,0.0,0.0,1.0,0,3.0,0.0,0.0,0.0,0.0,0.0,0.0,0.0,0.0
772,1,0,2,0,0,1,999,1-25,100.0,1.0,0.0,3032.0,0.0,0.0,0.0,0.0,1.0,0,3.0,0.0,0.0,0.0,0.0,0.0,0.0,0.0,0.0
773,1,0,2,0,0,1,999,1-25,100.0,1.0,0.0,3029.0,0.0,0.0,0.0,0.0,1.0,0,3.0,0.0,0.0,0.0,0.0,0.0,0.0,0.0,0.0
774,1,0,2,0,0,1,999,1-25,100.0,1.0,0.0,3028.0,0.0,0.0,0.0,0.0,1.0,0,3.0,0.0,0.0,0.0,0.0,0.0,0.0,0.0,0.0
775,1,0,2,0,0,1,999,1-25,100.0,1.0,0.0,3028.0,0.0,0.0,0.0,0.0,1.0,0,3.0,0.0,0.0,0.0,0.0,0.0,0.0,0.0,0.0
778,1,0,2,0,0,1,999,1-25,100.0,1.0,0.0,3020.0,0.0,0.0,0.0,0.0,1.0,0,3.0,0.0,0.0,0.0,0.0,0.0,0.0,0.0,0.0
780,1,0,2,0,0,1,999,1-25,100.0,1.0,0.0,3019.0,0.0,0.0,0.0,0.0,1.0,0,3.0,0.0,0.0,0.0,0.0,0.0,0.0,0.0,0.0
781,1,0,2,0,0,1,999,1-25,100.0,1.0,0.0,959.0,0.0,0.0,0.0,0.0,1.0,0,3.0,2.0,2.0,0.0,2.0,2.0,0.0,0.0,0.0
782,1,0,2,0,0,1,999,1-25,100.0,1.0,0.0,3016.0,0.0,0.0,0.0,0.0,1.0,0,3.0,0.0,0.0,0.0,0.0,0.0,0.0,0.0,0.0
783,1,0,2,0,0,1,999,1-25,100.0,1.0,0.0,3016.0,0.0,0.0,0.0,0.0,1.0,0,3.0,0.0,0.0,0.0,0.0,0.0,0.0,0.0,0.0
784,1,0,2,0,0,1,999,1-25,100.0,1.0,0.0,3012.0,0.0,0.0,0.0,0.0,1.0,0,3.0,0.0,0.0,0.0,0.0,0.0,0.0,0.0,0.0
785,1,0,2,0,0,1,999,1-25,100.0,1.0,0.0,3010.0,0.0,0.0,0.0,0.0,1.0,0,3.0,0.0,0.0,0.0,0.0,0.0,0.0,0.0,0.0
788,1,0,2,0,0,1,999,1-25,100.0,1.0,0.0,3005.0,0.0,0.0,0.0,0.0,1.0,0,3.0,0.0,0.0,0.0,0.0,0.0,0.0,0.0,0.0
789,0,0,2,0,0,1,999,1-25,100.0,1.0,0.0,3003.0,0.0,0.0,0.0,0.0,1.0,0,3.0,0.0,0.0,0.0,0.0,0.0,0.0,0.0,0.0
790,1,0,2,0,0,1,999,1-25,100.0,1.0,0.0,3003.0,0.0,0.0,0.0,0.0,1.0,0,3.0,0.0,1.0,0.0,0.0,0.0,0.0,0.0,0.0
791,1,0,2,0,0,1,999,1-25,100.0,1.0,0.0,3003.0,0.0,0.0,0.0,0.0,1.0,0,3.0,0.0,1.0,0.0,2.0,0.0,0.0,0.0,0.0
792,1,0,2,0,0,1,999,1-25,100.0,1.0,0.0,3001.0,0.0,0.0,0.0,0.0,1.0,0,3.0,0.0,0.0,0.0,0.0,0.0,0.0,0.0,0.0
793,1,0,2,0,0,1,999,1-25,100.0,1.0,0.0,3001.0,0.0,0.0,0.0,0.0,1.0,0,3.0,0.0,0.0,0.0,0.0,0.0,0.0,0.0,0.0
794,1,0,2,0,0,1,999,1-25,100.0,1.0,0.0,2999.0,0.0,0.0,0.0,0.0,1.0,0,3.0,0.0,1.0,0.0,0.0,0.0,0.0,0.0,0.0
795,1,0,2,0,0,1,999,1-25,100.0,1.0,0.0,2999.0,0.0,0.0,0.0,0.0,1.0,0,3.0,0.0,0.0,0.0,0.0,0.0,0.0,0.0,0.0
796,1,0,2,0,0,1,999,1-25,100.0,1.0,0.0,2998.0,0.0,0.0,0.0,0.0,1.0,0,3.0,0.0,1.0,0.0,0.0,0.0,0.0,0.0,0.0
799,0,0,2,0,0,1,999,1-25,100.0,1.0,0.0,2975.0,0.0,0.0,0.0,0.0,1.0,0,3.0,0.0,0.0,0.0,0.0,0.0,0.0,0.0,0.0
800,0,0,2,0,0,1,999,1-25,100.0,1.0,0.0,2968.0,0.0,0.0,0.0,0.0,1.0,0,3.0,1.0,2.0,0.0,2.0,1.0,0.0,0.0,0.0
801,0,0,2,0,0,1,999,1-25,100.0,1.0,0.0,2959.0,0.0,0.0,0.0,0.0,1.0,0,3.0,0.0,1.0,0.0,0.0,0.0,0.0,0.0,0.0
802,0,0,2,0,0,1,999,1-25,100.0,1.0,0.0,2958.0,0.0,0.0,0.0,0.0,1.0,0,3.0,0.0,0.0,0.0,0.0,0.0,0.0,0.0,0.0
803,0,0,2,0,0,1,999,1-25,100.0,1.0,0.0,2954.0,0.0,0.0,0.0,0.0,1.0,0,3.0,0.0,1.0,0.0,0.0,0.0,0.0,0.0,0.0
804,1,0,2,0,0,1,999,1-25,100.0,1.0,0.0,2954.0,12.0,0.0,0.0,0.0,1.0,0,3.0,0.0,1.0,0.0,0.0,0.0,0.0,0.0,0.0
805,0,0,2,0,0,1,999,1-25,100.0,1.0,0.0,2951.0,0.0,0.0,0.0,0.0,1.0,0,3.0,0.0,1.0,0.0,0.0,0.0,0.0,0.0,0.0
806,1,0,2,0,0,1,999,1-25,100.0,1.0,0.0,2941.0,0.0,0.0,0.0,0.0,1.0,0,3.0,0.0,0.0,0.0,0.0,0.0,0.0,0.0,0.0
808,0,0,2,0,0,1,999,1-25,100.0,1.0,0.0,2933.0,0.0,0.0,0.0,0.0,1.0,0,3.0,0.0,1.0,0.0,0.0,0.0,0.0,0.0,0.0
814,1,0,2,0,0,1,999,1-25,100.0,1.0,0.0,2926.0,0.0,0.0,0.0,0.0,1.0,0,3.0,1.0,1.0,0.0,0.0,0.0,0.0,0.0,0.0
815,1,0,2,0,0,1,999,1-25,100.0,1.0,0.0,2921.0,0.0,0.0,0.0,0.0,1.0,0,3.0,0.0,0.0,0.0,0.0,0.0,0.0,0.0,0.0
816,1,0,2,0,0,1,999,1-25,100.0,1.0,0.0,2912.0,0.0,0.0,0.0,0.0,1.0,0,3.0,0.0,0.0,0.0,0.0,0.0,0.0,0.0,0.0
817,1,0,2,0,0,1,999,1-25,100.0,1.0,0.0,2911.0,0.0,0.0,0.0,0.0,1.0,0,3.0,0.0,0.0,0.0,0.0,0.0,0.0,0.0,0.0
818,1,0,2,0,0,1,999,1-25,100.0,1.0,0.0,2906.0,0.0,0.0,0.0,0.0,1.0,0,3.0,0.0,1.0,0.0,0.0,0.0,0.0,0.0,0.0
819,1,0,2,0,0,1,999,1-25,100.0,1.0,0.0,2898.0,0.0,0.0,0.0,0.0,1.0,0,3.0,0.0,0.0,0.0,0.0,0.0,0.0,0.0,0.0
821,1,0,2,0,0,1,999,1-25,100.0,1.0,0.0,2892.0,0.0,0.0,0.0,0.0,1.0,0,3.0,0.0,0.0,0.0,0.0,0.0,0.0,0.0,0.0
822,1,0,2,0,0,1,999,1-25,100.0,1.0,0.0,2891.0,0.0,0.0,0.0,0.0,1.0,0,3.0,0.0,0.0,0.0,0.0,0.0,0.0,0.0,0.0
823,1,0,2,0,0,1,999,1-25,100.0,1.0,0.0,2886.0,0.0,0.0,0.0,0.0,1.0,0,3.0,0.0,0.0,0.0,0.0,0.0,0.0,0.0,0.0
824,1,0,2,0,0,1,999,1-25,100.0,1.0,0.0,1236.0,0.0,0.0,0.0,0.0,1.0,0,3.0,1.0,1.0,0.0,0.0,0.0,0.0,0.0,0.0
825,1,0,2,0,0,1,999,1-25,100.0,1.0,0.0,2881.0,0.0,0.0,0.0,0.0,1.0,0,3.0,2.0,3.0,0.0,0.0,0.0,0.0,0.0,0.0
826,1,0,2,0,0,1,999,1-25,100.0,1.0,0.0,2878.0,0.0,0.0,0.0,0.0,1.0,0,3.0,0.0,0.0,0.0,0.0,0.0,0.0,0.0,0.0
827,1,0,2,0,0,1,999,1-25,100.0,1.0,0.0,2877.0,0.0,0.0,0.0,0.0,1.0,0,3.0,0.0,0.0,0.0,0.0,0.0,0.0,0.0,0.0
828,0,0,2,0,0,1,999,1-25,100.0,1.0,0.0,2875.0,0.0,0.0,0.0,0.0,1.0,0,3.0,0.0,0.0,0.0,0.0,0.0,0.0,0.0,0.0
829,1,0,2,0,0,1,999,1-25,100.0,2.0,0.0,2874.0,0.0,0.0,0.0,0.0,1.0,0,3.0,0.0,1.0,0.0,0.0,0.0,0.0,0.0,0.0
830,1,0,2,0,0,1,999,1-25,100.0,1.0,0.0,2874.0,0.0,0.0,0.0,0.0,1.0,0,3.0,0.0,0.0,0.0,0.0,0.0,0.0,0.0,0.0
832,1,0,2,0,0,1,999,1-25,100.0,1.0,0.0,938.0,0.0,0.0,0.0,0.0,1.0,0,3.0,2.0,4.0,0.0,0.0,222.0,0.0,0.0,0.0
833,1,1,2,0,0,1,999,1-25,100.0,1.0,0.0,2865.0,0.0,0.0,0.0,0.0,1.0,0,3.0,0.0,0.0,0.0,0.0,0.0,0.0,0.0,0.0
834,1,0,2,0,0,1,999,1-25,100.0,1.0,0.0,2860.0,0.0,0.0,0.0,0.0,1.0,0,3.0,0.0,0.0,0.0,0.0,0.0,0.0,0.0,0.0
837,1,0,2,0,0,1,999,1-25,100.0,1.0,0.0,2858.0,0.0,0.0,0.0,0.0,1.0,0,3.0,0.0,0.0,0.0,0.0,0.0,0.0,0.0,0.0
838,0,0,2,0,0,1,999,1-25,100.0,1.0,0.0,2852.0,0.0,0.0,0.0,0.0,1.0,0,3.0,0.0,0.0,0.0,0.0,0.0,0.0,0.0,0.0
839,0,0,2,0,0,1,999,1-25,100.0,1.0,0.0,2851.0,0.0,0.0,0.0,0.0,1.0,0,3.0,0.0,0.0,0.0,0.0,0.0,0.0,0.0,0.0
840,1,0,2,0,0,1,999,1-25,100.0,1.0,0.0,2845.0,0.0,0.0,0.0,0.0,1.0,0,3.0,0.0,0.0,0.0,0.0,0.0,0.0,0.0,0.0
841,1,0,2,0,0,1,999,1-25,100.0,1.0,0.0,2844.0,0.0,0.0,0.0,0.0,1.0,0,3.0,0.0,0.0,0.0,0.0,0.0,0.0,0.0,0.0
842,0,0,2,0,0,1,999,1-25,100.0,1.0,0.0,2843.0,0.0,0.0,0.0,0.0,1.0,0,3.0,0.0,0.0,0.0,0.0,0.0,0.0,0.0,0.0
843,0,0,2,0,0,1,999,1-25,100.0,1.0,0.0,2838.0,0.0,0.0,0.0,0.0,1.0,0,3.0,0.0,0.0,0.0,0.0,0.0,0.0,0.0,0.0
844,1,0,2,0,0,1,999,1-25,100.0,1.0,0.0,2834.0,0.0,0.0,0.0,0.0,1.0,0,3.0,0.0,0.0,0.0,0.0,0.0,0.0,0.0,0.0
845,0,0,2,0,0,1,999,1-25,100.0,1.0,0.0,2832.0,0.0,0.0,0.0,0.0,1.0,0,3.0,0.0,0.0,0.0,0.0,0.0,0.0,0.0,0.0
847,0,0,2,0,0,1,999,1-25,100.0,1.0,0.0,2828.0,0.0,0.0,0.0,0.0,1.0,0,3.0,0.0,0.0,0.0,0.0,0.0,0.0,0.0,0.0
851,0,0,2,0,0,1,999,1-25,100.0,1.0,0.0,2828.0,0.0,0.0,0.0,0.0,1.0,0,3.0,0.0,0.0,0.0,0.0,0.0,0.0,0.0,0.0
852,1,0,2,0,0,1,999,1-25,100.0,1.0,0.0,2826.0,0.0,0.0,0.0,0.0,1.0,0,3.0,0.0,0.0,0.0,0.0,0.0,0.0,0.0,0.0
853,0,0,2,0,0,1,999,1-25,100.0,1.0,0.0,2824.0,0.0,0.0,0.0,0.0,1.0,0,3.0,0.0,0.0,0.0,0.0,0.0,0.0,0.0,0.0
855,0,0,2,0,0,1,999,1-25,100.0,1.0,1.0,2807.0,0.0,0.0,0.0,0.0,1.0,0,3.0,0.0,0.0,0.0,0.0,0.0,0.0,0.0,0.0
859,1,0,2,0,0,1,999,1-25,100.0,1.0,0.0,2803.0,0.0,0.0,0.0,0.0,1.0,0,3.0,0.0,0.0,0.0,0.0,0.0,0.0,0.0,0.0
871,1,1,2,0,0,1,999,1-25,100.0,1.0,0.0,402.0,882.0,0.0,0.0,792.0,8.0,0,3.0,0.0,0.0,0.0,0.0,0.0,0.0,0.0,0.0
876,1,0,2,0,0,1,999,1-25,100.0,1.0,0.0,2787.0,0.0,0.0,0.0,0.0,1.0,0,3.0,0.0,0.0,0.0,0.0,0.0,0.0,0.0,0.0
877,0,0,2,0,0,1,999,1-25,100.0,1.0,0.0,2787.0,0.0,0.0,0.0,0.0,1.0,0,3.0,0.0,0.0,0.0,0.0,0.0,0.0,0.0,0.0
878,0,0,2,0,0,1,999,1-25,100.0,1.0,0.0,2787.0,0.0,0.0,0.0,0.0,1.0,0,3.0,0.0,0.0,0.0,0.0,0.0,0.0,0.0,0.0
886,0,0,2,0,0,1,999,1-25,100.0,1.0,0.0,2769.0,0.0,0.0,0.0,0.0,1.0,0,3.0,0.0,0.0,0.0,0.0,0.0,0.0,0.0,0.0
888,1,0,2,0,0,1,999,1-25,100.0,1.0,0.0,2761.0,0.0,0.0,0.0,0.0,1.0,0,3.0,0.0,0.0,0.0,0.0,0.0,0.0,0.0,0.0
889,1,0,2,0,0,1,999,1-25,100.0,1.0,0.0,2761.0,0.0,0.0,0.0,0.0,1.0,0,3.0,0.0,0.0,0.0,0.0,0.0,0.0,0.0,0.0
895,1,0,2,0,0,1,999,1-25,100.0,1.0,0.0,2732.0,0.0,0.0,0.0,0.0,1.0,0,3.0,0.0,0.0,0.0,0.0,0.0,0.0,0.0,0.0
898,0,1,2,0,0,1,999,1-25,100.0,2.0,0.0,644.0,0.0,0.0,0.0,0.0,1.0,0,3.0,0.0,0.0,0.0,0.0,0.0,0.0,0.0,0.0
899,0,1,2,0,0,1,999,1-25,100.0,1.0,0.0,2730.0,0.0,0.0,0.0,0.0,2.0,0,3.0,1.0,1.0,0.0,1.0,1.0,0.0,0.0,0.0
901,0,1,2,0,0,1,999,1-25,100.0,1.0,0.0,2727.0,0.0,0.0,0.0,0.0,4.0,0,3.0,0.0,0.0,0.0,0.0,0.0,0.0,0.0,0.0
903,0,1,2,0,0,1,999,1-25,100.0,1.0,0.0,2727.0,80.0,0.0,0.0,198.0,6.0,0,3.0,1.0,1.0,0.0,1.0,1.0,0.0,0.0,0.0
904,0,1,2,0,0,1,999,1-25,100.0,1.0,0.0,2727.0,80.0,0.0,0.0,198.0,6.0,0,3.0,1.0,1.0,0.0,1.0,1.0,0.0,0.0,0.0
905,1,1,2,0,0,1,999,1-25,100.0,1.0,0.0,2726.0,80.0,0.0,0.0,198.0,6.0,0,3.0,1.0,1.0,0.0,2.0,2.0,0.0,0.0,0.0
908,0,1,2,0,0,1,999,1-25,100.0,1.0,0.0,2723.0,1340.0,0.0,0.0,99.0,2.0,0,3.0,44.0,66.0,42.0,79.0,44.0,14.0,0.0,0.0
910,0,1,2,0,0,1,999,1-25,100.0,1.0,0.0,2718.0,89.0,0.0,0.0,396.0,6.0,0,3.0,2.0,2.0,0.0,3.0,3.0,0.0,0.0,0.0
913,1,1,2,0,0,1,999,1-25,100.0,1.0,0.0,2706.0,10.0,0.0,0.0,99.0,1.0,0,3.0,0.0,0.0,0.0,0.0,0.0,0.0,0.0,0.0
914,0,1,2,0,0,1,999,1-25,100.0,1.0,0.0,2706.0,10.0,0.0,0.0,99.0,1.0,0,3.0,0.0,0.0,0.0,0.0,0.0,0.0,0.0,0.0
915,0,1,2,0,0,1,999,1-25,100.0,1.0,0.0,2706.0,10.0,0.0,0.0,99.0,1.0,0,3.0,0.0,0.0,0.0,0.0,0.0,0.0,0.0,0.0
918,0,1,2,0,0,1,999,1-25,100.0,1.0,0.0,2704.0,10.0,0.0,0.0,99.0,1.0,0,3.0,2.0,1.0,0.0,0.0,0.0,0.0,0.0,0.0
919,1,1,2,0,0,1,999,1-25,100.0,1.0,0.0,2703.0,10.0,0.0,0.0,99.0,1.0,0,3.0,0.0,0.0,0.0,0.0,0.0,0.0,0.0,0.0
920,1,1,2,0,0,1,999,1-25,100.0,1.0,0.0,2703.0,59.0,0.0,0.0,99.0,1.0,0,3.0,0.0,1.0,0.0,5.0,1.0,0.0,0.0,0.0
921,0,1,2,0,0,1,999,1-25,100.0,1.0,0.0,2703.0,260.0,0.0,0.0,99.0,1.0,0,3.0,0.0,0.0,0.0,0.0,0.0,0.0,0.0,0.0
922,0,1,2,0,0,1,999,1-25,100.0,1.0,0.0,2702.0,0.0,0.0,0.0,1089.0,11.0,0,3.0,5.0,4.0,2.0,21.0,22.0,2.0,0.0,0.0
923,0,1,2,0,0,1,999,1-25,100.0,1.0,0.0,2698.0,100112.0,0.0,0.0,396.0,4.0,0,3.0,0.0,0.0,0.0,0.0,0.0,0.0,0.0,0.0
929,1,0,2,0,0,1,999,1-25,100.0,1.0,0.0,2684.0,5.0,0.0,0.0,0.0,1.0,0,3.0,0.0,1.0,0.0,2.0,0.0,0.0,0.0,0.0
930,1,0,2,0,0,1,999,1-25,100.0,1.0,0.0,2684.0,4.0,0.0,0.0,0.0,1.0,0,3.0,1.0,1.0,2.0,2.0,1.0,0.0,0.0,0.0
932,0,0,2,0,0,1,999,1-25,100.0,1.0,0.0,2684.0,5.0,0.0,0.0,0.0,1.0,0,3.0,0.0,1.0,0.0,0.0,0.0,0.0,0.0,0.0
933,1,0,2,0,0,1,999,1-25,100.0,1.0,0.0,2683.0,0.0,0.0,0.0,0.0,1.0,0,3.0,1.0,1.0,0.0,6.0,4.0,0.0,0.0,0.0
935,1,0,2,0,0,1,999,1-25,100.0,1.0,0.0,2676.0,100.0,0.0,0.0,99.0,2.0,0,3.0,1.0,2.0,0.0,3.0,3.0,0.0,0.0,0.0
936,1,0,2,0,0,1,999,1-25,100.0,1.0,0.0,2676.0,4.0,0.0,0.0,0.0,1.0,0,3.0,1.0,1.0,0.0,1.0,1.0,0.0,0.0,0.0
937,1,0,2,0,0,1,999,1-25,100.0,1.0,0.0,2675.0,0.0,0.0,0.0,0.0,1.0,0,3.0,1.0,2.0,0.0,5.0,5.0,0.0,0.0,0.0
938,0,0,2,0,0,1,999,1-25,100.0,1.0,0.0,2675.0,5.0,0.0,0.0,0.0,1.0,0,3.0,0.0,1.0,0.0,0.0,0.0,0.0,0.0,0.0
939,1,0,2,0,0,1,999,1-25,100.0,1.0,0.0,2674.0,5.0,0.0,0.0,0.0,1.0,0,3.0,2.0,3.0,0.0,0.0,0.0,0.0,0.0,0.0
940,1,0,2,0,0,1,999,1-25,100.0,1.0,0.0,2674.0,25.0,0.0,0.0,198.0,3.0,0,3.0,1.0,1.0,1.0,1.0,0.0,0.0,0.0,0.0
941,1,1,2,0,0,1,999,1-25,100.0,1.0,0.0,2661.0,10.0,0.0,0.0,99.0,1.0,0,3.0,0.0,0.0,0.0,0.0,0.0,0.0,0.0,0.0
942,1,1,2,0,0,1,999,1-25,100.0,1.0,0.0,402.0,84.0,0.0,0.0,396.0,4.0,0,3.0,0.0,0.0,0.0,0.0,9.0,0.0,0.0,0.0
943,1,1,2,0,0,1,999,1-25,100.0,1.0,0.0,2655.0,23.0,0.0,0.0,99.0,1.0,0,3.0,2.0,2.0,0.0,7.0,3.0,0.0,0.0,0.0
945,1,1,2,0,0,1,999,1-25,100.0,1.0,0.0,2649.0,10.0,0.0,0.0,99.0,1.0,0,3.0,0.0,0.0,0.0,0.0,0.0,0.0,0.0,0.0
953,1,1,2,0,0,1,999,1-25,100.0,1.0,0.0,2641.0,10.0,0.0,0.0,99.0,1.0,0,3.0,0.0,0.0,0.0,0.0,0.0,0.0,0.0,0.0
954,1,1,2,0,0,1,999,1-25,100.0,1.0,0.0,2641.0,10.0,0.0,0.0,99.0,1.0,0,3.0,0.0,0.0,0.0,0.0,0.0,0.0,0.0,0.0
955,1,1,2,0,0,1,999,1-25,100.0,1.0,0.0,2641.0,10.0,0.0,0.0,99.0,1.0,0,3.0,0.0,0.0,0.0,0.0,0.0,0.0,0.0,0.0
956,1,1,2,0,0,1,999,1-25,100.0,1.0,0.0,2641.0,10.0,0.0,0.0,99.0,1.0,0,3.0,3.0,5.0,0.0,0.0,0.0,0.0,0.0,0.0
958,1,1,2,0,0,1,999,1-25,100.0,1.0,0.0,2635.0,10.0,0.0,0.0,99.0,1.0,0,3.0,0.0,0.0,0.0,0.0,0.0,0.0,0.0,0.0
959,1,1,2,0,0,1,999,1-25,100.0,1.0,0.0,2635.0,10.0,0.0,0.0,99.0,1.0,0,3.0,0.0,0.0,0.0,0.0,0.0,0.0,0.0,0.0
963,0,0,2,0,0,1,999,1-25,100.0,1.0,0.0,2635.0,5.0,0.0,0.0,0.0,1.0,0,3.0,0.0,1.0,0.0,0.0,0.0,0.0,0.0,0.0
977,0,0,2,0,0,1,999,1-25,100.0,1.0,0.0,2635.0,5.0,0.0,0.0,0.0,1.0,0,3.0,0.0,1.0,0.0,0.0,0.0,0.0,0.0,0.0
980,0,0,2,0,0,1,999,1-25,100.0,1.0,0.0,2632.0,5.0,0.0,0.0,0.0,1.0,0,3.0,0.0,1.0,0.0,0.0,0.0,0.0,0.0,0.0
982,1,1,2,0,0,1,999,1-25,100.0,1.0,0.0,2613.0,10.0,0.0,0.0,99.0,1.0,0,3.0,0.0,0.0,0.0,0.0,0.0,0.0,0.0,0.0
984,1,1,2,0,0,1,999,1-25,100.0,1.0,0.0,2607.0,30.0,0.0,0.0,99.0,1.0,0,3.0,2.0,2.0,8.0,17.0,11.0,3.0,0.0,0.0
986,1,1,2,0,0,1,999,1-25,100.0,1.0,0.0,2607.0,10.0,0.0,0.0,99.0,1.0,0,3.0,0.0,0.0,0.0,0.0,0.0,0.0,0.0,0.0
987,1,1,2,0,0,1,999,1-25,100.0,5.0,1.0,436.0,8.0,0.0,0.0,99.0,1.0,0,3.0,1.0,2.0,1.0,4.0,3.0,0.0,0.0,0.0
989,1,1,2,0,0,1,999,1-25,100.0,1.0,0.0,2607.0,160.0,0.0,0.0,99.0,1.0,0,3.0,0.0,0.0,0.0,0.0,0.0,0.0,0.0,0.0
1000,1,1,2,0,0,1,999,1-25,100.0,1.0,0.0,2601.0,130.0,0.0,0.0,99.0,1.0,0,3.0,0.0,0.0,0.0,0.0,4.0,3.0,0.0,0.0
1001,1,1,2,0,0,1,999,1-25,100.0,5.0,0.0,2600.0,10.0,0.0,0.0,99.0,1.0,0,3.0,0.0,0.0,0.0,0.0,0.0,0.0,0.0,0.0
1002,1,1,2,0,0,1,999,1-25,100.0,5.0,0.0,2600.0,10.0,0.0,0.0,99.0,1.0,0,3.0,0.0,0.0,0.0,0.0,0.0,0.0,0.0,0.0
1003,1,1,2,0,0,1,999,1-25,100.0,5.0,0.0,2600.0,10.0,0.0,0.0,99.0,1.0,0,3.0,0.0,0.0,0.0,0.0,0.0,0.0,0.0,0.0
1004,1,1,2,0,0,1,999,1-25,100.0,5.0,0.0,2600.0,10.0,0.0,0.0,99.0,1.0,0,3.0,0.0,0.0,0.0,0.0,0.0,0.0,0.0,0.0
1005,1,1,2,0,0,1,999,1-25,100.0,5.0,0.0,2600.0,10.0,0.0,0.0,99.0,1.0,0,3.0,0.0,0.0,0.0,0.0,0.0,0.0,0.0,0.0
1006,1,1,2,0,0,1,999,1-25,100.0,1.0,0.0,2600.0,10.0,0.0,0.0,99.0,1.0,0,3.0,0.0,0.0,0.0,0.0,0.0,0.0,0.0,0.0
1007,1,1,2,0,0,1,999,1-25,100.0,1.0,0.0,2600.0,10.0,0.0,0.0,99.0,1.0,0,3.0,0.0,0.0,0.0,0.0,0.0,0.0,0.0,0.0
1009,1,1,2,0,0,1,999,1-25,100.0,1.0,0.0,2597.0,111.0,0.0,0.0,99.0,1.0,0,3.0,8.0,8.0,0.0,8.0,9.0,0.0,0.0,0.0
1010,1,1,2,0,0,1,999,1-25,100.0,1.0,0.0,2597.0,10.0,0.0,0.0,99.0,1.0,0,3.0,0.0,0.0,0.0,0.0,0.0,0.0,0.0,0.0
1011,1,1,2,0,0,1,999,1-25,100.0,1.0,0.0,2597.0,10.0,0.0,0.0,99.0,1.0,0,3.0,0.0,0.0,0.0,0.0,0.0,0.0,0.0,0.0
1012,1,1,2,0,0,1,999,1-25,100.0,1.0,0.0,960.0,10.0,0.0,0.0,99.0,1.0,0,3.0,0.0,0.0,0.0,0.0,0.0,0.0,0.0,0.0
1013,1,1,2,0,0,1,999,1-25,100.0,1.0,0.0,2594.0,100.0,0.0,0.0,396.0,4.0,0,3.0,2.0,1.0,0.0,23.0,18.0,0.0,0.0,0.0
1014,1,0,2,0,0,1,999,1-25,100.0,1.0,0.0,2594.0,5.0,0.0,0.0,0.0,1.0,0,3.0,0.0,1.0,0.0,0.0,0.0,0.0,0.0,0.0
1015,1,1,2,0,0,1,999,1-25,100.0,1.0,0.0,2594.0,10.0,0.0,0.0,99.0,1.0,0,3.0,0.0,1.0,0.0,0.0,0.0,0.0,0.0,0.0
1017,1,1,2,0,0,1,999,1-25,100.0,1.0,0.0,2593.0,10.0,0.0,0.0,99.0,1.0,0,3.0,0.0,0.0,0.0,0.0,0.0,0.0,0.0,0.0
1018,1,1,2,0,0,1,999,1-25,100.0,1.0,0.0,2592.0,122.0,0.0,0.0,396.0,4.0,0,3.0,0.0,0.0,0.0,0.0,0.0,0.0,0.0,0.0
1019,1,1,1,0,0,1,999,1-25,100.0,1.0,0.0,2592.0,240.0,0.0,0.0,594.0,6.0,0,3.0,0.0,0.0,0.0,0.0,0.0,0.0,0.0,0.0
1021,1,1,2,0,0,1,999,1-25,100.0,0.0,0.0,0.0,10.0,0.0,0.0,99.0,1.0,0,3.0,0.0,0.0,0.0,0.0,0.0,0.0,0.0,0.0
1022,1,1,2,0,0,1,999,1-25,100.0,1.0,0.0,2586.0,10.0,0.0,0.0,99.0,1.0,0,3.0,0.0,0.0,0.0,0.0,0.0,0.0,0.0,0.0
1023,1,1,2,0,0,1,999,1-25,100.0,1.0,0.0,2586.0,8.0,0.0,0.0,99.0,1.0,0,3.0,2.0,2.0,0.0,2.0,2.0,0.0,0.0,0.0
1024,1,1,2,0,0,1,999,1-25,100.0,1.0,0.0,2586.0,20.0,0.0,0.0,198.0,2.0,0,3.0,0.0,0.0,0.0,0.0,0.0,0.0,0.0,0.0
1025,1,1,2,0,0,1,999,1-25,100.0,1.0,0.0,2586.0,330.0,0.0,0.0,2376.0,24.0,0,3.0,0.0,0.0,0.0,0.0,0.0,0.0,0.0,0.0
1026,1,1,2,0,0,1,999,1-25,100.0,1.0,0.0,2585.0,7.0,0.0,0.0,99.0,1.0,0,3.0,3.0,3.0,1.0,3.0,3.0,0.0,0.0,0.0
1027,1,1,2,0,0,1,999,1-25,100.0,1.0,0.0,2585.0,30.0,0.0,0.0,198.0,2.0,0,3.0,0.0,0.0,0.0,0.0,0.0,0.0,0.0,0.0
1028,1,1,2,0,0,1,999,1-25,100.0,1.0,0.0,2585.0,10.0,0.0,0.0,99.0,1.0,0,3.0,0.0,0.0,0.0,0.0,0.0,0.0,0.0,0.0
1029,1,1,2,0,0,1,999,1-25,100.0,1.0,0.0,2585.0,10.0,0.0,0.0,99.0,1.0,0,3.0,0.0,0.0,0.0,0.0,0.0,0.0,0.0,0.0
1030,1,1,2,0,0,1,999,1-25,100.0,2.0,0.0,1255.0,50.0,0.0,0.0,99.0,1.0,0,3.0,0.0,0.0,0.0,0.0,0.0,0.0,0.0,0.0
1033,1,1,2,0,0,1,999,1-25,100.0,1.0,0.0,2580.0,30.0,0.0,0.0,297.0,3.0,0,3.0,4.0,6.0,1.0,6.0,5.0,0.0,0.0,0.0
1034,1,1,2,0,0,1,999,1-25,100.0,1.0,0.0,2580.0,10.0,0.0,0.0,99.0,1.0,0,3.0,0.0,0.0,0.0,0.0,0.0,0.0,0.0,0.0
1035,1,1,2,0,0,1,999,1-25,100.0,1.0,0.0,2580.0,10.0,0.0,0.0,99.0,1.0,0,3.0,0.0,0.0,0.0,0.0,0.0,0.0,0.0,0.0
1036,1,1,2,0,0,1,999,1-25,100.0,1.0,0.0,2579.0,10.0,0.0,0.0,99.0,1.0,0,3.0,0.0,0.0,0.0,0.0,0.0,0.0,0.0,0.0
1037,1,1,2,0,0,1,999,1-25,100.0,1.0,0.0,2579.0,10.0,0.0,0.0,99.0,1.0,0,3.0,0.0,0.0,0.0,0.0,0.0,0.0,0.0,0.0
1038,1,1,2,0,0,1,999,1-25,100.0,1.0,0.0,2578.0,10.0,0.0,0.0,99.0,1.0,0,3.0,0.0,2.0,2.0,2.0,0.0,0.0,0.0,0.0
1039,0,1,2,0,0,1,999,1-25,100.0,1.0,0.0,2578.0,10.0,0.0,0.0,99.0,1.0,0,3.0,0.0,0.0,0.0,0.0,0.0,0.0,0.0,0.0
1040,1,1,2,0,0,1,999,1-25,100.0,1.0,0.0,2570.0,7.0,0.0,0.0,99.0,1.0,0,3.0,4.0,3.0,0.0,3.0,4.0,0.0,0.0,0.0
1041,1,1,2,0,0,1,999,1-25,100.0,1.0,0.0,2566.0,10.0,0.0,0.0,99.0,1.0,0,3.0,0.0,0.0,0.0,0.0,0.0,0.0,0.0,0.0
1042,1,1,2,0,0,1,999,1-25,100.0,1.0,0.0,2566.0,30.0,0.0,0.0,297.0,3.0,0,3.0,0.0,0.0,0.0,0.0,0.0,0.0,0.0,0.0
1044,1,1,2,0,0,1,999,1-25,100.0,1.0,0.0,2564.0,173.0,0.0,0.0,408.0,5.0,0,3.0,0.0,0.0,0.0,0.0,0.0,0.0,0.0,0.0
1045,1,1,2,0,0,1,999,1-25,100.0,1.0,0.0,2563.0,340.0,0.0,0.0,198.0,3.0,0,3.0,0.0,1.0,0.0,1.0,0.0,0.0,0.0,0.0
1047,1,1,2,0,0,1,999,1-25,100.0,1.0,0.0,2563.0,10.0,0.0,0.0,99.0,1.0,0,3.0,0.0,1.0,0.0,1.0,0.0,0.0,0.0,0.0
1048,1,1,2,0,0,1,999,1-25,100.0,1.0,0.0,2563.0,221.0,0.0,0.0,543.0,4.0,0,3.0,1.0,2.0,0.0,2.0,1.0,0.0,0.0,0.0
1049,1,1,2,0,0,1,999,1-25,100.0,1.0,0.0,2562.0,308.0,0.0,0.0,396.0,5.0,0,3.0,3.0,3.0,0.0,3.0,2.0,0.0,0.0,0.0
1051,0,1,2,0,0,1,999,1-25,100.0,1.0,0.0,2562.0,10.0,0.0,0.0,0.0,1.0,0,3.0,0.0,0.0,0.0,0.0,0.0,0.0,0.0,0.0
1057,1,1,2,0,0,1,999,1-25,100.0,1.0,0.0,2535.0,53.0,0.0,0.0,50.0,2.0,0,3.0,1.0,1.0,0.0,2.0,1.0,0.0,0.0,0.0
1058,1,1,2,0,0,1,999,1-25,100.0,1.0,0.0,2530.0,10.0,0.0,0.0,99.0,1.0,0,3.0,0.0,1.0,0.0,1.0,0.0,0.0,0.0,0.0
1059,1,1,2,0,0,1,999,1-25,100.0,1.0,0.0,2528.0,5.0,0.0,0.0,0.0,1.0,0,3.0,1.0,1.0,0.0,1.0,1.0,0.0,0.0,0.0
1060,1,1,2,0,0,1,999,1-25,100.0,1.0,0.0,865.0,10.0,0.0,0.0,99.0,1.0,0,3.0,0.0,0.0,0.0,0.0,0.0,0.0,0.0,0.0
1061,1,1,2,0,0,1,999,1-25,100.0,1.0,0.0,2528.0,5.0,0.0,0.0,0.0,1.0,0,3.0,0.0,0.0,0.0,0.0,0.0,0.0,0.0,0.0
1062,1,1,2,0,0,1,999,1-25,100.0,1.0,0.0,2528.0,5.0,0.0,0.0,99.0,2.0,0,3.0,0.0,0.0,0.0,0.0,0.0,0.0,0.0,0.0
1063,1,1,2,0,0,1,999,1-25,100.0,1.0,0.0,2528.0,5.0,0.0,0.0,0.0,1.0,0,3.0,0.0,0.0,0.0,0.0,0.0,0.0,0.0,0.0
1064,1,1,2,0,0,1,999,1-25,100.0,1.0,0.0,2527.0,10.0,0.0,0.0,99.0,1.0,0,3.0,0.0,0.0,0.0,0.0,0.0,0.0,0.0,0.0
1065,1,1,2,0,0,1,999,1-25,100.0,1.0,0.0,2523.0,10.0,0.0,0.0,99.0,1.0,0,3.0,0.0,0.0,0.0,0.0,0.0,0.0,0.0,0.0
1066,1,1,2,0,0,1,999,1-25,100.0,1.0,0.0,2523.0,0.0,0.0,0.0,99.0,1.0,0,3.0,0.0,0.0,0.0,0.0,0.0,0.0,0.0,0.0
1067,1,1,2,0,0,1,999,1-25,100.0,1.0,0.0,2523.0,0.0,0.0,0.0,99.0,1.0,0,3.0,0.0,0.0,0.0,0.0,0.0,0.0,0.0,0.0
1068,1,1,2,0,0,1,999,1-25,100.0,1.0,0.0,2523.0,20.0,0.0,0.0,99.0,1.0,0,3.0,0.0,0.0,0.0,0.0,0.0,0.0,0.0,0.0
1069,1,1,2,0,0,1,999,1-25,100.0,1.0,0.0,2523.0,111.0,0.0,0.0,99.0,1.0,0,3.0,0.0,0.0,0.0,0.0,0.0,0.0,0.0,0.0
1070,1,1,2,0,0,1,999,1-25,100.0,1.0,0.0,2523.0,50.0,0.0,0.0,99.0,1.0,0,3.0,0.0,0.0,0.0,0.0,0.0,0.0,0.0,0.0
1071,1,1,2,0,0,1,999,1-25,100.0,1.0,0.0,2523.0,20.0,0.0,0.0,99.0,1.0,0,3.0,0.0,0.0,0.0,0.0,0.0,0.0,0.0,0.0
1072,1,1,2,0,0,1,999,1-25,100.0,1.0,0.0,2523.0,100.0,0.0,0.0,99.0,1.0,0,3.0,0.0,0.0,0.0,0.0,0.0,0.0,0.0,0.0
1073,1,1,2,0,0,1,999,1-25,100.0,1.0,0.0,2523.0,0.0,0.0,0.0,99.0,1.0,0,3.0,0.0,0.0,0.0,0.0,0.0,0.0,0.0,0.0
1074,1,1,2,0,0,1,999,1-25,100.0,1.0,0.0,2523.0,25.0,0.0,0.0,99.0,1.0,0,3.0,0.0,0.0,0.0,0.0,0.0,0.0,0.0,0.0
1081,1,1,2,0,0,1,999,1-25,100.0,1.0,0.0,2523.0,25.0,0.0,0.0,99.0,1.0,0,3.0,0.0,0.0,0.0,0.0,0.0,0.0,0.0,0.0
1082,1,1,2,0,0,1,999,1-25,100.0,1.0,0.0,2523.0,0.0,0.0,0.0,99.0,1.0,0,3.0,0.0,0.0,0.0,0.0,0.0,0.0,0.0,0.0
1083,1,1,2,0,0,1,999,1-25,100.0,1.0,0.0,2522.0,0.0,0.0,0.0,99.0,1.0,0,3.0,0.0,0.0,0.0,0.0,0.0,0.0,0.0,0.0
1084,1,1,2,0,0,1,999,1-25,100.0,1.0,0.0,2522.0,25.0,0.0,0.0,99.0,1.0,0,3.0,0.0,0.0,0.0,0.0,0.0,0.0,0.0,0.0
1085,1,1,2,0,0,1,999,1-25,100.0,1.0,0.0,2522.0,50.0,0.0,0.0,99.0,1.0,0,3.0,0.0,0.0,0.0,0.0,0.0,0.0,0.0,0.0
1086,1,1,2,0,0,1,999,1-25,100.0,1.0,0.0,2522.0,0.0,0.0,0.0,99.0,1.0,0,3.0,0.0,0.0,0.0,0.0,0.0,0.0,0.0,0.0
1087,1,1,2,0,0,1,999,1-25,100.0,1.0,0.0,2522.0,0.0,0.0,0.0,99.0,1.0,0,3.0,0.0,0.0,0.0,0.0,0.0,0.0,0.0,0.0
1088,1,1,2,0,0,1,999,1-25,100.0,1.0,0.0,2522.0,100.0,0.0,0.0,99.0,1.0,0,3.0,0.0,0.0,0.0,0.0,0.0,0.0,0.0,0.0
1089,1,1,2,0,0,1,999,1-25,100.0,1.0,0.0,2521.0,100.0,0.0,0.0,99.0,1.0,0,3.0,0.0,0.0,0.0,0.0,0.0,0.0,0.0,0.0
1090,1,1,2,0,0,1,999,1-25,100.0,1.0,0.0,2521.0,222.0,0.0,0.0,99.0,1.0,0,3.0,1.0,2.0,0.0,6.0,1.0,0.0,0.0,0.0
1091,1,1,2,0,0,1,999,1-25,100.0,1.0,0.0,2516.0,0.0,0.0,0.0,99.0,1.0,0,3.0,0.0,0.0,0.0,0.0,0.0,0.0,0.0,0.0
1092,0,0,2,0,0,1,999,1-25,100.0,1.0,0.0,2516.0,100.0,0.0,0.0,99.0,1.0,0,3.0,0.0,1.0,0.0,0.0,0.0,0.0,0.0,0.0
1093,1,1,2,0,0,1,999,1-25,100.0,1.0,0.0,2516.0,10.0,0.0,0.0,99.0,1.0,0,3.0,0.0,0.0,0.0,0.0,0.0,0.0,0.0,0.0
1094,1,1,2,0,0,1,999,1-25,100.0,1.0,0.0,2516.0,0.0,0.0,0.0,99.0,1.0,0,3.0,0.0,0.0,0.0,0.0,0.0,0.0,0.0,0.0
1095,1,1,2,0,0,1,999,1-25,100.0,1.0,0.0,2516.0,0.0,0.0,0.0,99.0,1.0,0,3.0,0.0,0.0,0.0,0.0,0.0,0.0,0.0,0.0
1096,1,1,2,0,0,1,999,1-25,100.0,1.0,0.0,2516.0,0.0,0.0,0.0,99.0,1.0,0,3.0,0.0,0.0,0.0,0.0,0.0,0.0,0.0,0.0
1097,1,1,2,0,0,1,999,1-25,100.0,1.0,0.0,2516.0,100.0,0.0,0.0,99.0,1.0,0,3.0,0.0,0.0,0.0,0.0,0.0,0.0,0.0,0.0
1098,0,0,2,0,0,1,999,1-25,100.0,1.0,0.0,2516.0,0.0,0.0,0.0,99.0,1.0,0,3.0,0.0,1.0,0.0,0.0,0.0,0.0,0.0,0.0
1099,0,0,2,0,0,1,999,1-25,100.0,1.0,0.0,2516.0,100.0,0.0,0.0,99.0,1.0,0,3.0,0.0,1.0,0.0,0.0,0.0,0.0,0.0,0.0
1100,1,1,2,0,0,1,999,1-25,100.0,1.0,0.0,2515.0,100.0,0.0,0.0,99.0,1.0,0,3.0,0.0,0.0,0.0,0.0,0.0,0.0,0.0,0.0
1101,1,1,2,0,0,1,999,1-25,100.0,1.0,0.0,2515.0,100.0,0.0,0.0,99.0,1.0,0,3.0,0.0,0.0,0.0,0.0,0.0,0.0,0.0,0.0
1102,1,1,2,0,0,1,999,1-25,100.0,1.0,0.0,2515.0,100.0,0.0,0.0,99.0,1.0,0,3.0,0.0,0.0,0.0,0.0,0.0,0.0,0.0,0.0
1103,1,1,2,0,0,1,999,1-25,100.0,1.0,0.0,2515.0,100.0,0.0,0.0,99.0,1.0,0,3.0,0.0,0.0,0.0,0.0,0.0,0.0,0.0,0.0
1104,1,1,2,0,0,1,999,1-25,100.0,1.0,0.0,2515.0,100.0,0.0,0.0,99.0,1.0,0,3.0,0.0,0.0,0.0,0.0,0.0,0.0,0.0,0.0
1105,1,1,2,0,0,1,999,1-25,100.0,1.0,0.0,2515.0,0.0,0.0,0.0,99.0,1.0,0,3.0,0.0,0.0,0.0,0.0,0.0,0.0,0.0,0.0
1107,1,1,2,0,0,1,999,1-25,100.0,1.0,0.0,2509.0,0.0,0.0,0.0,99.0,1.0,0,3.0,0.0,0.0,0.0,0.0,0.0,0.0,0.0,0.0
1109,1,1,2,0,0,1,999,1-25,100.0,1.0,0.0,2507.0,210.0,0.0,0.0,99.0,1.0,0,3.0,0.0,0.0,0.0,0.0,0.0,0.0,0.0,0.0
1110,1,1,2,0,0,1,999,1-25,100.0,1.0,0.0,2507.0,210.0,0.0,0.0,99.0,1.0,0,3.0,0.0,0.0,0.0,0.0,0.0,0.0,0.0,0.0
1111,1,1,2,0,0,1,999,1-25,100.0,1.0,0.0,2507.0,1100.0,0.0,0.0,99.0,1.0,0,3.0,0.0,0.0,0.0,0.0,0.0,0.0,0.0,0.0
1112,1,1,2,0,0,1,999,1-25,100.0,1.0,0.0,2507.0,1100.0,0.0,0.0,99.0,1.0,0,3.0,0.0,0.0,0.0,0.0,0.0,0.0,0.0,0.0
1113,1,1,2,0,0,1,999,1-25,100.0,1.0,0.0,2507.0,0.0,0.0,0.0,99.0,1.0,0,3.0,0.0,0.0,0.0,0.0,0.0,0.0,0.0,0.0
1114,1,1,2,0,0,1,999,1-25,100.0,1.0,0.0,2507.0,0.0,0.0,0.0,99.0,1.0,0,3.0,0.0,0.0,0.0,0.0,0.0,0.0,0.0,0.0
1115,1,1,2,0,0,1,999,1-25,100.0,1.0,0.0,2503.0,100.0,0.0,0.0,99.0,1.0,0,3.0,0.0,0.0,0.0,0.0,0.0,0.0,0.0,0.0
1116,1,1,2,0,0,1,999,1-25,100.0,1.0,0.0,2503.0,100.0,0.0,0.0,99.0,1.0,0,3.0,0.0,0.0,0.0,0.0,0.0,0.0,0.0,0.0
1117,1,1,2,0,0,1,999,1-25,100.0,1.0,0.0,2503.0,100.0,0.0,0.0,99.0,1.0,0,3.0,0.0,0.0,0.0,0.0,0.0,0.0,0.0,0.0
1118,1,1,2,0,0,1,999,1-25,100.0,1.0,0.0,2502.0,1100.0,0.0,0.0,99.0,1.0,0,3.0,0.0,0.0,0.0,0.0,0.0,0.0,0.0,0.0
1119,1,1,2,0,0,1,999,1-25,100.0,1.0,0.0,2502.0,1100.0,0.0,0.0,99.0,1.0,0,3.0,0.0,0.0,0.0,0.0,0.0,0.0,0.0,0.0
1120,1,1,2,0,0,1,999,1-25,100.0,1.0,0.0,2502.0,1100.0,0.0,0.0,99.0,1.0,0,3.0,0.0,0.0,0.0,0.0,0.0,0.0,0.0,0.0
1121,1,1,2,0,0,1,999,1-25,100.0,1.0,0.0,2502.0,1100.0,0.0,0.0,99.0,1.0,0,3.0,0.0,0.0,0.0,0.0,0.0,0.0,0.0,0.0
1122,1,1,2,0,0,1,999,1-25,100.0,1.0,0.0,2502.0,100.0,0.0,0.0,99.0,1.0,0,3.0,0.0,0.0,0.0,0.0,0.0,0.0,0.0,0.0
1123,1,1,2,0,0,1,999,1-25,100.0,1.0,0.0,2502.0,100.0,0.0,0.0,99.0,1.0,0,3.0,0.0,0.0,0.0,0.0,0.0,0.0,0.0,0.0
1124,1,1,2,0,0,1,999,1-25,100.0,1.0,0.0,2502.0,0.0,0.0,0.0,99.0,1.0,0,3.0,0.0,0.0,0.0,0.0,0.0,0.0,0.0,0.0
1125,1,1,2,0,0,1,999,1-25,100.0,1.0,0.0,2502.0,0.0,0.0,0.0,99.0,1.0,0,3.0,0.0,0.0,0.0,0.0,0.0,0.0,0.0,0.0
1126,1,1,2,0,0,1,999,1-25,100.0,1.0,0.0,2502.0,0.0,0.0,0.0,99.0,1.0,0,3.0,0.0,0.0,0.0,0.0,0.0,0.0,0.0,0.0
1127,1,1,2,0,0,1,999,1-25,100.0,1.0,0.0,2502.0,0.0,0.0,0.0,99.0,1.0,0,3.0,0.0,0.0,0.0,0.0,0.0,0.0,0.0,0.0
1128,1,1,2,0,0,1,999,1-25,100.0,1.0,0.0,2502.0,0.0,0.0,0.0,99.0,1.0,0,3.0,0.0,0.0,0.0,0.0,0.0,0.0,0.0,0.0
1130,1,1,2,0,0,1,999,1-25,100.0,1.0,0.0,2500.0,100.0,0.0,0.0,99.0,1.0,0,3.0,0.0,0.0,0.0,0.0,0.0,0.0,0.0,0.0
1131,1,1,2,0,0,1,999,1-25,100.0,1.0,0.0,1814.0,0.0,0.0,0.0,99.0,1.0,0,3.0,0.0,0.0,0.0,0.0,0.0,0.0,0.0,0.0
1132,1,1,2,0,0,1,999,1-25,100.0,1.0,0.0,2495.0,1100.0,0.0,0.0,99.0,1.0,0,3.0,0.0,0.0,0.0,0.0,0.0,0.0,0.0,0.0
1133,1,1,2,0,0,1,999,1-25,100.0,1.0,0.0,2492.0,100.0,0.0,0.0,99.0,1.0,0,3.0,0.0,0.0,0.0,0.0,0.0,0.0,0.0,0.0
1134,1,1,2,0,0,1,999,1-25,100.0,1.0,0.0,2492.0,0.0,0.0,0.0,99.0,1.0,0,3.0,0.0,0.0,0.0,0.0,0.0,0.0,0.0,0.0
1135,1,1,2,0,0,1,999,1-25,100.0,1.0,0.0,2492.0,0.0,0.0,0.0,99.0,1.0,0,3.0,0.0,0.0,0.0,0.0,0.0,0.0,0.0,0.0
1137,1,1,2,0,0,1,999,1-25,100.0,1.0,0.0,2489.0,0.0,0.0,0.0,99.0,1.0,0,3.0,0.0,0.0,0.0,0.0,0.0,0.0,0.0,0.0
1138,1,1,2,0,0,1,999,1-25,100.0,1.0,0.0,2489.0,210.0,0.0,0.0,99.0,1.0,0,3.0,0.0,0.0,0.0,0.0,0.0,0.0,0.0,0.0
1139,1,1,2,0,0,1,999,1-25,100.0,1.0,0.0,2489.0,210.0,0.0,0.0,99.0,1.0,0,3.0,0.0,0.0,0.0,0.0,0.0,0.0,0.0,0.0
1140,1,1,2,0,0,1,999,1-25,100.0,1.0,0.0,2489.0,100.0,0.0,0.0,99.0,1.0,0,3.0,0.0,0.0,0.0,0.0,0.0,0.0,0.0,0.0
1141,0,0,2,0,0,1,999,1-25,100.0,1.0,0.0,2489.0,0.0,0.0,0.0,99.0,1.0,0,3.0,0.0,1.0,0.0,0.0,0.0,0.0,0.0,0.0
1142,0,0,2,0,0,1,999,1-25,100.0,1.0,0.0,2489.0,100.0,0.0,0.0,99.0,1.0,0,3.0,0.0,1.0,0.0,0.0,0.0,0.0,0.0,0.0
1143,0,0,2,0,0,1,999,1-25,100.0,1.0,0.0,2489.0,210.0,0.0,0.0,99.0,1.0,0,3.0,0.0,1.0,0.0,0.0,0.0,0.0,0.0,0.0
1144,1,1,2,0,0,1,999,1-25,100.0,2.0,0.0,2489.0,0.0,0.0,0.0,99.0,1.0,0,3.0,0.0,0.0,0.0,0.0,0.0,0.0,0.0,0.0
1145,1,1,2,0,0,1,999,1-25,100.0,1.0,0.0,2489.0,0.0,0.0,0.0,99.0,1.0,0,3.0,0.0,0.0,0.0,0.0,0.0,0.0,0.0,0.0
1146,1,1,2,0,0,1,999,1-25,100.0,1.0,0.0,2489.0,1120.0,0.0,0.0,396.0,4.0,0,3.0,0.0,0.0,0.0,0.0,0.0,0.0,0.0,0.0
1147,1,1,2,0,0,1,999,1-25,100.0,1.0,0.0,2489.0,210.0,0.0,0.0,198.0,2.0,0,3.0,0.0,0.0,0.0,0.0,0.0,0.0,0.0,0.0
1148,0,0,2,0,0,1,999,1-25,100.0,1.0,0.0,2488.0,210.0,0.0,0.0,99.0,1.0,0,3.0,0.0,1.0,0.0,1.0,0.0,0.0,0.0,0.0
1149,0,0,2,0,0,1,999,1-25,100.0,1.0,0.0,2488.0,210.0,0.0,0.0,396.0,4.0,0,3.0,0.0,1.0,0.0,0.0,0.0,0.0,0.0,0.0
1150,0,0,2,0,0,1,999,1-25,100.0,1.0,0.0,2488.0,1500.0,0.0,0.0,495.0,5.0,0,3.0,0.0,1.0,0.0,0.0,0.0,0.0,0.0,0.0
1151,1,1,2,0,0,1,999,1-25,100.0,1.0,0.0,2488.0,500.0,0.0,0.0,99.0,1.0,0,3.0,0.0,0.0,0.0,0.0,0.0,0.0,0.0,0.0
1152,0,0,2,0,0,1,999,1-25,100.0,1.0,0.0,2488.0,0.0,0.0,0.0,99.0,1.0,0,3.0,0.0,1.0,0.0,0.0,0.0,0.0,0.0,0.0
1153,0,0,2,0,0,1,999,1-25,100.0,1.0,0.0,2488.0,210.0,0.0,0.0,99.0,1.0,0,3.0,0.0,1.0,0.0,0.0,0.0,0.0,0.0,0.0
1154,0,0,2,0,0,1,999,1-25,100.0,1.0,0.0,2488.0,0.0,0.0,0.0,99.0,1.0,0,3.0,0.0,1.0,0.0,0.0,0.0,0.0,0.0,0.0
1155,0,0,2,0,0,1,999,1-25,100.0,1.0,0.0,2488.0,100.0,0.0,0.0,99.0,1.0,0,3.0,0.0,1.0,0.0,0.0,0.0,0.0,0.0,0.0
1156,0,0,2,0,0,1,999,1-25,100.0,1.0,0.0,2488.0,210.0,0.0,0.0,198.0,2.0,0,3.0,0.0,1.0,0.0,0.0,0.0,0.0,0.0,0.0
1157,0,0,2,0,0,1,999,1-25,100.0,1.0,0.0,2488.0,100.0,0.0,0.0,99.0,1.0,0,3.0,0.0,1.0,0.0,0.0,0.0,0.0,0.0,0.0
1158,0,0,2,0,0,1,999,1-25,100.0,1.0,0.0,2488.0,210.0,0.0,0.0,99.0,1.0,0,3.0,0.0,1.0,0.0,0.0,0.0,0.0,0.0,0.0
1159,0,0,2,0,0,1,999,1-25,100.0,1.0,0.0,2488.0,100.0,0.0,0.0,99.0,1.0,0,3.0,0.0,1.0,0.0,0.0,0.0,0.0,0.0,0.0
1160,0,0,2,0,0,1,999,1-25,100.0,1.0,0.0,2488.0,1100.0,0.0,0.0,99.0,1.0,0,3.0,0.0,1.0,0.0,0.0,0.0,0.0,0.0,0.0
1161,1,1,2,0,0,1,999,1-25,100.0,1.0,0.0,2487.0,0.0,0.0,0.0,99.0,1.0,0,3.0,0.0,0.0,0.0,0.0,0.0,0.0,0.0,0.0
1162,0,0,2,0,0,1,999,1-25,100.0,1.0,0.0,2487.0,0.0,0.0,0.0,99.0,1.0,0,3.0,0.0,1.0,0.0,0.0,0.0,0.0,0.0,0.0
1163,0,0,2,0,0,1,999,1-25,100.0,1.0,0.0,2487.0,1100.0,0.0,0.0,99.0,1.0,0,3.0,0.0,1.0,0.0,0.0,0.0,0.0,0.0,0.0
1164,0,0,2,0,0,1,999,1-25,100.0,1.0,0.0,2487.0,543.0,0.0,0.0,99.0,1.0,0,3.0,0.0,1.0,0.0,0.0,0.0,0.0,0.0,0.0
1165,1,1,2,0,0,1,999,1-25,100.0,1.0,0.0,2487.0,0.0,0.0,0.0,99.0,1.0,0,3.0,0.0,0.0,0.0,0.0,0.0,0.0,0.0,0.0
1166,0,0,2,0,0,1,999,1-25,100.0,1.0,0.0,2487.0,0.0,0.0,0.0,99.0,1.0,0,3.0,0.0,1.0,0.0,0.0,0.0,0.0,0.0,0.0
1167,0,0,2,0,0,1,999,1-25,100.0,1.0,0.0,2487.0,1300.0,0.0,0.0,99.0,1.0,0,3.0,0.0,1.0,0.0,0.0,0.0,0.0,0.0,0.0
1168,0,0,2,0,0,1,999,1-25,100.0,1.0,0.0,2486.0,1100.0,0.0,0.0,99.0,1.0,0,3.0,0.0,1.0,0.0,0.0,0.0,0.0,0.0,0.0
1169,0,0,2,0,0,1,999,1-25,100.0,1.0,0.0,2486.0,1100.0,0.0,0.0,99.0,1.0,0,3.0,0.0,1.0,0.0,0.0,0.0,0.0,0.0,0.0
1170,1,1,2,0,0,1,999,1-25,100.0,1.0,0.0,2485.0,5.0,0.0,0.0,0.0,1.0,0,3.0,0.0,0.0,0.0,0.0,0.0,0.0,0.0,0.0
1171,1,1,2,0,0,1,999,1-25,100.0,1.0,0.0,2485.0,5.0,0.0,0.0,0.0,1.0,0,3.0,0.0,0.0,0.0,0.0,0.0,0.0,0.0,0.0
1172,1,1,2,0,0,1,999,1-25,100.0,1.0,0.0,2485.0,5.0,0.0,0.0,0.0,1.0,0,3.0,0.0,0.0,0.0,0.0,0.0,0.0,0.0,0.0
1174,1,1,2,0,0,1,999,1-25,100.0,1.0,0.0,2481.0,5.0,0.0,0.0,0.0,1.0,0,3.0,0.0,0.0,0.0,0.0,0.0,0.0,0.0,0.0
1177,1,1,2,0,0,1,999,1-25,100.0,1.0,0.0,2481.0,5.0,0.0,0.0,0.0,1.0,0,3.0,0.0,0.0,0.0,0.0,0.0,0.0,0.0,0.0
1178,0,1,2,0,0,1,999,1-25,100.0,1.0,0.0,2480.0,10.0,0.0,0.0,0.0,1.0,0,3.0,0.0,0.0,0.0,0.0,0.0,0.0,0.0,0.0
1179,0,0,2,0,0,1,999,1-25,100.0,1.0,0.0,2480.0,210.0,0.0,0.0,99.0,1.0,0,3.0,1.0,1.0,0.0,0.0,0.0,0.0,0.0,0.0
1181,1,1,2,0,0,1,999,1-25,100.0,1.0,0.0,2479.0,0.0,0.0,0.0,99.0,1.0,0,3.0,0.0,0.0,0.0,0.0,0.0,0.0,0.0,0.0
1182,0,0,2,0,0,1,999,1-25,100.0,1.0,0.0,2479.0,0.0,0.0,0.0,99.0,1.0,0,3.0,0.0,3.0,0.0,0.0,0.0,0.0,0.0,0.0
1183,1,1,2,0,0,1,999,1-25,100.0,1.0,0.0,2479.0,1100.0,0.0,0.0,99.0,1.0,0,3.0,1.0,3.0,0.0,0.0,0.0,0.0,0.0,0.0
1184,0,0,2,0,0,1,999,1-25,100.0,1.0,0.0,2479.0,2000.0,0.0,0.0,99.0,1.0,0,3.0,4.0,6.0,0.0,0.0,0.0,0.0,0.0,0.0
1185,0,1,2,0,0,1,999,1-25,100.0,1.0,0.0,2479.0,30.0,0.0,0.0,0.0,1.0,0,3.0,0.0,1.0,0.0,0.0,0.0,0.0,0.0,0.0
1186,1,1,2,0,0,1,999,1-25,100.0,1.0,0.0,2479.0,1100.0,0.0,0.0,99.0,1.0,0,3.0,0.0,0.0,0.0,0.0,0.0,0.0,0.0,0.0
1187,1,1,2,0,0,1,999,1-25,100.0,1.0,0.0,2479.0,5.0,0.0,0.0,0.0,1.0,0,3.0,0.0,0.0,0.0,0.0,0.0,0.0,0.0,0.0
1188,1,1,2,0,0,1,999,1-25,100.0,1.0,0.0,2479.0,5.0,0.0,0.0,0.0,1.0,0,3.0,0.0,0.0,0.0,0.0,0.0,0.0,0.0,0.0
1189,0,0,2,0,0,1,999,1-25,100.0,1.0,0.0,2478.0,1100.0,0.0,0.0,99.0,1.0,0,3.0,0.0,3.0,0.0,0.0,0.0,0.0,0.0,0.0
1190,1,1,2,0,0,1,999,1-25,100.0,1.0,0.0,1542.0,10.0,0.0,0.0,0.0,1.0,0,3.0,0.0,0.0,0.0,0.0,0.0,0.0,0.0,0.0
1191,1,1,2,0,0,1,999,1-25,100.0,1.0,0.0,2478.0,131.0,0.0,0.0,0.0,1.0,0,3.0,1.0,1.0,0.0,0.0,0.0,0.0,0.0,0.0
1192,1,1,2,0,0,1,999,1-25,100.0,1.0,0.0,2478.0,15.0,0.0,0.0,0.0,1.0,0,3.0,0.0,0.0,0.0,0.0,0.0,0.0,0.0,0.0
1193,0,0,2,0,0,1,999,1-25,100.0,1.0,0.0,2478.0,0.0,0.0,0.0,99.0,1.0,0,3.0,0.0,0.0,0.0,0.0,0.0,0.0,0.0,0.0
1195,0,0,2,0,0,1,999,1-25,100.0,1.0,0.0,2478.0,0.0,0.0,0.0,99.0,1.0,0,3.0,0.0,1.0,0.0,0.0,0.0,0.0,0.0,0.0
1196,0,0,2,0,0,1,999,1-25,100.0,1.0,0.0,2478.0,2000.0,0.0,0.0,99.0,1.0,0,3.0,0.0,1.0,0.0,0.0,0.0,0.0,0.0,0.0
1197,1,1,2,0,0,1,999,1-25,100.0,1.0,0.0,2478.0,0.0,0.0,0.0,99.0,1.0,0,3.0,1.0,1.0,0.0,0.0,0.0,0.0,0.0,0.0
1198,0,0,2,0,0,1,999,1-25,100.0,1.0,0.0,2478.0,1100.0,0.0,0.0,99.0,1.0,0,3.0,0.0,1.0,0.0,0.0,0.0,0.0,0.0,0.0
1199,1,1,2,0,0,1,999,1-25,100.0,1.0,0.0,2475.0,2000.0,0.0,0.0,99.0,1.0,0,3.0,0.0,0.0,0.0,0.0,0.0,0.0,0.0,0.0
1200,1,1,2,0,0,1,999,1-25,100.0,1.0,0.0,2474.0,1100.0,0.0,0.0,99.0,1.0,0,3.0,0.0,0.0,0.0,0.0,0.0,0.0,0.0,0.0
1201,0,0,2,0,0,1,999,1-25,100.0,1.0,0.0,2474.0,100.0,0.0,0.0,99.0,1.0,0,3.0,0.0,1.0,0.0,0.0,0.0,0.0,0.0,0.0
1202,0,0,2,0,0,1,999,1-25,100.0,1.0,0.0,2474.0,1100.0,0.0,0.0,99.0,1.0,0,3.0,0.0,1.0,0.0,0.0,0.0,0.0,0.0,0.0
1203,1,1,2,0,0,1,999,1-25,100.0,1.0,0.0,2473.0,0.0,0.0,0.0,99.0,1.0,0,3.0,0.0,0.0,0.0,0.0,0.0,0.0,0.0,0.0
1204,1,1,2,0,0,1,999,1-25,100.0,1.0,0.0,402.0,131.0,0.0,0.0,298.0,2.0,0,3.0,0.0,0.0,0.0,0.0,0.0,0.0,0.0,0.0
1205,1,1,2,0,0,1,999,1-25,100.0,1.0,0.0,2473.0,0.0,0.0,0.0,99.0,1.0,0,3.0,0.0,0.0,0.0,0.0,0.0,0.0,0.0,0.0
1206,1,1,2,0,0,1,999,1-25,100.0,1.0,0.0,2473.0,0.0,0.0,0.0,99.0,1.0,0,3.0,0.0,0.0,0.0,0.0,0.0,0.0,0.0,0.0
1207,1,1,2,0,0,1,999,1-25,100.0,1.0,0.0,2473.0,0.0,0.0,0.0,99.0,1.0,0,3.0,0.0,0.0,0.0,0.0,0.0,0.0,0.0,0.0
1208,0,0,2,0,0,1,999,1-25,100.0,1.0,0.0,2473.0,600.0,0.0,0.0,99.0,1.0,0,3.0,0.0,1.0,0.0,0.0,0.0,0.0,0.0,0.0
1209,1,1,2,0,0,1,999,1-25,100.0,2.0,0.0,1579.0,0.0,0.0,0.0,1585.0,15.0,0,3.0,69.0,175.0,116.0,277.0,227.0,45.0,0.0,0.0
1210,1,1,2,0,0,1,999,1-25,100.0,1.0,0.0,2472.0,1211.0,0.0,0.0,99.0,1.0,0,3.0,0.0,0.0,0.0,0.0,0.0,0.0,0.0,0.0
1211,0,0,2,0,0,1,999,1-25,100.0,1.0,0.0,2472.0,0.0,0.0,0.0,99.0,1.0,0,3.0,0.0,1.0,0.0,0.0,0.0,0.0,0.0,0.0
1214,1,1,2,0,0,1,999,1-25,100.0,1.0,0.0,2467.0,1100.0,0.0,0.0,99.0,1.0,0,3.0,0.0,0.0,0.0,0.0,0.0,0.0,0.0,0.0
1215,1,1,2,0,0,1,999,1-25,100.0,1.0,0.0,2467.0,207.0,0.0,0.0,99.0,1.0,0,3.0,1.0,2.0,0.0,3.0,3.0,0.0,0.0,0.0
1221,1,1,2,0,0,1,999,1-25,100.0,1.0,0.0,2464.0,100.0,0.0,0.0,99.0,1.0,0,3.0,0.0,0.0,0.0,0.0,0.0,0.0,0.0,0.0
1222,1,1,2,0,0,1,999,1-25,100.0,1.0,0.0,1885.0,0.0,0.0,0.0,99.0,1.0,0,3.0,1.0,2.0,0.0,2.0,0.0,0.0,0.0,0.0
1233,1,1,2,0,0,1,999,1-25,100.0,1.0,0.0,2454.0,97.0,0.0,0.0,99.0,1.0,0,3.0,2.0,2.0,0.0,2.0,2.0,0.0,0.0,0.0
1235,1,1,2,0,0,1,999,1-25,100.0,1.0,0.0,1129.0,500000.0,0.0,1.0,298.0,2.0,0,3.0,9.0,4.0,0.0,29.0,24.0,4.0,0.0,0.0
1236,1,1,2,0,0,1,999,1-25,100.0,1.0,0.0,2453.0,0.0,0.0,0.0,99.0,1.0,0,3.0,0.0,0.0,0.0,0.0,0.0,0.0,0.0,0.0
1237,1,1,2,0,0,1,999,1-25,100.0,1.0,0.0,2452.0,97.0,0.0,0.0,99.0,1.0,0,3.0,3.0,1.0,0.0,1.0,1.0,2.0,0.0,0.0
1238,1,1,2,0,0,1,999,1-25,100.0,1.0,0.0,2452.0,100.0,0.0,0.0,99.0,1.0,0,3.0,0.0,0.0,0.0,0.0,0.0,0.0,0.0,0.0
1239,1,1,2,0,0,1,999,1-25,100.0,1.0,0.0,2452.0,100.0,0.0,0.0,99.0,1.0,0,3.0,0.0,0.0,0.0,0.0,0.0,0.0,0.0,0.0
1240,1,1,2,0,0,1,999,1-25,100.0,1.0,0.0,2451.0,97.0,0.0,0.0,99.0,1.0,0,3.0,2.0,0.0,0.0,0.0,0.0,0.0,0.0,0.0
1242,1,1,2,0,0,1,999,1-25,100.0,1.0,0.0,2451.0,100.0,0.0,0.0,99.0,1.0,0,3.0,0.0,0.0,0.0,0.0,0.0,0.0,0.0,0.0
1243,1,1,2,0,0,1,999,1-25,100.0,1.0,0.0,2451.0,100.0,0.0,0.0,99.0,1.0,0,3.0,0.0,0.0,0.0,0.0,0.0,0.0,0.0,0.0
1244,1,1,2,0,0,1,999,1-25,100.0,1.0,0.0,2451.0,100.0,0.0,0.0,99.0,1.0,0,3.0,0.0,0.0,0.0,0.0,0.0,0.0,0.0,0.0
1246,1,1,2,0,0,1,999,1-25,100.0,1.0,0.0,2451.0,0.0,0.0,0.0,99.0,1.0,0,3.0,0.0,0.0,0.0,0.0,0.0,0.0,0.0,0.0
1247,1,1,2,0,0,1,999,1-25,100.0,1.0,0.0,2451.0,0.0,0.0,0.0,99.0,1.0,0,3.0,0.0,0.0,0.0,0.0,0.0,0.0,0.0,0.0
1248,1,1,2,0,0,1,999,1-25,100.0,1.0,0.0,2451.0,100.0,0.0,0.0,99.0,1.0,0,3.0,0.0,0.0,0.0,0.0,0.0,0.0,0.0,0.0
1249,1,1,2,0,0,1,999,1-25,100.0,1.0,0.0,2451.0,0.0,0.0,0.0,99.0,1.0,0,3.0,0.0,0.0,0.0,0.0,0.0,0.0,0.0,0.0
1250,1,1,2,0,0,1,999,1-25,100.0,1.0,0.0,2451.0,0.0,0.0,0.0,99.0,1.0,0,3.0,0.0,0.0,0.0,0.0,0.0,0.0,0.0,0.0
1251,1,1,2,0,0,1,999,1-25,100.0,1.0,0.0,2451.0,0.0,0.0,0.0,99.0,1.0,0,3.0,0.0,0.0,0.0,0.0,0.0,0.0,0.0,0.0
1252,1,1,2,0,0,1,999,1-25,100.0,1.0,0.0,2451.0,0.0,0.0,0.0,99.0,1.0,0,3.0,0.0,0.0,0.0,0.0,0.0,0.0,0.0,0.0
1253,1,1,2,0,0,1,999,1-25,100.0,1.0,0.0,2451.0,0.0,0.0,0.0,198.0,2.0,0,3.0,0.0,0.0,0.0,0.0,0.0,0.0,0.0,0.0
1254,0,0,2,0,0,1,999,1-25,100.0,1.0,0.0,2451.0,93.0,0.0,0.0,99.0,1.0,0,3.0,5.0,7.0,0.0,6.0,7.0,0.0,0.0,0.0
1255,0,0,2,0,0,1,999,1-25,100.0,1.0,0.0,2451.0,0.0,0.0,0.0,99.0,1.0,0,3.0,0.0,1.0,0.0,0.0,0.0,0.0,0.0,0.0
1257,0,1,2,0,0,1,999,1-25,100.0,1.0,0.0,2443.0,100.0,0.0,0.0,99.0,1.0,0,3.0,2.0,0.0,0.0,0.0,0.0,0.0,0.0,0.0
1258,1,1,2,0,0,1,999,1-25,100.0,1.0,0.0,2443.0,0.0,0.0,0.0,99.0,1.0,0,3.0,0.0,0.0,0.0,0.0,0.0,0.0,0.0,0.0
1259,1,1,2,0,0,1,999,1-25,100.0,1.0,0.0,2440.0,0.0,0.0,0.0,99.0,1.0,0,3.0,0.0,0.0,0.0,0.0,0.0,0.0,0.0,0.0
1261,0,0,2,0,0,1,999,1-25,100.0,1.0,0.0,2440.0,0.0,0.0,0.0,99.0,1.0,0,3.0,0.0,1.0,0.0,0.0,0.0,0.0,0.0,0.0
1268,1,1,2,0,0,1,999,1-25,100.0,1.0,0.0,2432.0,100.0,0.0,0.0,99.0,1.0,0,3.0,2.0,3.0,0.0,9.0,0.0,0.0,0.0,0.0
1269,0,0,2,0,0,1,999,1-25,100.0,1.0,0.0,2430.0,89.0,0.0,0.0,99.0,1.0,0,3.0,4.0,1.0,0.0,5.0,5.0,0.0,0.0,0.0
1271,0,0,2,0,0,1,999,1-25,100.0,1.0,0.0,2429.0,68.0,0.0,0.0,99.0,1.0,0,3.0,4.0,3.0,0.0,8.0,8.0,0.0,0.0,0.0
1273,0,0,2,0,0,1,999,1-25,100.0,1.0,0.0,2428.0,28.0,0.0,0.0,99.0,1.0,0,3.0,5.0,2.0,0.0,22.0,19.0,0.0,0.0,0.0
1275,1,1,2,0,0,1,999,1-25,100.0,1.0,0.0,2426.0,1100.0,0.0,0.0,99.0,1.0,0,3.0,0.0,0.0,0.0,0.0,0.0,0.0,0.0,0.0
1276,1,1,2,0,0,1,37,1-25,100.0,1.0,0.0,401.0,469.0,0.0,0.0,1389.0,11.0,0,3.0,0.0,0.0,0.0,0.0,0.0,0.0,0.0,0.0
1278,1,1,2,0,0,1,999,1-25,100.0,1.0,0.0,2425.0,100.0,0.0,0.0,99.0,1.0,0,3.0,1.0,3.0,0.0,2.0,1.0,0.0,0.0,0.0
1280,1,1,2,0,0,1,999,1-25,100.0,1.0,0.0,2424.0,100.0,0.0,0.0,99.0,1.0,0,3.0,0.0,0.0,0.0,0.0,0.0,0.0,0.0,0.0
1281,0,0,2,0,0,1,999,1-25,100.0,1.0,0.0,2424.0,100.0,0.0,0.0,99.0,1.0,0,3.0,0.0,1.0,0.0,0.0,0.0,0.0,0.0,0.0
1282,1,1,2,0,0,1,999,1-25,100.0,1.0,0.0,2424.0,0.0,0.0,0.0,99.0,1.0,0,3.0,0.0,0.0,0.0,0.0,0.0,0.0,0.0,0.0
1283,0,0,2,0,0,1,999,1-25,100.0,1.0,0.0,2424.0,0.0,0.0,0.0,99.0,1.0,0,3.0,0.0,1.0,0.0,0.0,0.0,0.0,0.0,0.0
1284,1,1,2,0,0,1,999,1-25,100.0,1.0,0.0,2424.0,1302.0,0.0,0.0,99.0,1.0,0,3.0,0.0,0.0,0.0,0.0,0.0,0.0,0.0,0.0
1285,1,1,2,0,0,1,999,1-25,100.0,1.0,0.0,2424.0,500.0,0.0,0.0,99.0,1.0,0,3.0,0.0,0.0,0.0,0.0,0.0,0.0,0.0,0.0
1286,1,1,2,0,0,1,999,1-25,100.0,1.0,0.0,2424.0,1100.0,0.0,0.0,99.0,1.0,0,3.0,0.0,0.0,0.0,0.0,0.0,0.0,0.0,0.0
1287,1,1,2,0,0,1,999,1-25,100.0,1.0,0.0,2424.0,0.0,0.0,0.0,99.0,1.0,0,3.0,0.0,0.0,0.0,0.0,0.0,0.0,0.0,0.0
1288,1,1,2,0,0,1,999,1-25,100.0,1.0,0.0,2423.0,100.0,0.0,0.0,99.0,1.0,0,3.0,0.0,0.0,0.0,0.0,0.0,0.0,0.0,0.0
1289,0,0,2,0,0,1,999,1-25,100.0,1.0,0.0,2423.0,25903.0,0.0,0.0,99.0,1.0,0,3.0,1.0,2.0,0.0,0.0,0.0,0.0,0.0,0.0
1290,1,1,2,0,0,1,999,1-25,100.0,1.0,0.0,2423.0,1100.0,0.0,0.0,99.0,1.0,0,3.0,0.0,0.0,0.0,0.0,0.0,0.0,0.0,0.0
1291,1,1,2,0,0,1,999,1-25,100.0,1.0,0.0,2423.0,100.0,0.0,0.0,99.0,1.0,0,3.0,0.0,0.0,0.0,0.0,0.0,0.0,0.0,0.0
1292,1,1,2,0,0,1,999,1-25,100.0,1.0,0.0,2422.0,812.0,0.0,0.0,99.0,1.0,0,3.0,1.0,1.0,0.0,0.0,0.0,0.0,0.0,0.0
1293,1,1,2,0,0,1,999,1-25,100.0,0.0,0.0,0.0,10.0,0.0,0.0,0.0,1.0,0,3.0,0.0,0.0,0.0,0.0,0.0,0.0,0.0,0.0
1295,1,1,2,0,0,1,999,1-25,100.0,1.0,0.0,2419.0,100.0,0.0,0.0,99.0,1.0,0,3.0,0.0,0.0,0.0,0.0,0.0,0.0,0.0,0.0
1303,1,1,2,0,0,1,999,1-25,100.0,1.0,0.0,2415.0,0.0,0.0,0.0,99.0,1.0,0,3.0,0.0,0.0,0.0,0.0,0.0,0.0,0.0,0.0
1304,1,1,2,0,0,1,999,1-25,100.0,1.0,0.0,2415.0,210.0,0.0,0.0,99.0,1.0,0,3.0,0.0,0.0,0.0,0.0,0.0,0.0,0.0,0.0
1305,1,1,2,0,0,1,999,1-25,100.0,1.0,0.0,2412.0,20.0,0.0,0.0,0.0,1.0,0,3.0,1.0,1.0,0.0,0.0,0.0,0.0,0.0,0.0
1307,1,1,2,0,0,1,999,1-25,100.0,1.0,0.0,2410.0,14.0,0.0,0.0,0.0,1.0,0,3.0,1.0,1.0,0.0,1.0,1.0,0.0,0.0,0.0
1308,1,1,2,0,0,1,999,1-25,100.0,1.0,0.0,2410.0,5.0,0.0,0.0,0.0,1.0,0,3.0,1.0,1.0,0.0,0.0,0.0,0.0,0.0,0.0
1309,1,1,2,0,0,1,999,1-25,100.0,1.0,0.0,2410.0,10.0,0.0,0.0,0.0,1.0,0,3.0,0.0,0.0,0.0,0.0,0.0,0.0,0.0,0.0
1310,0,0,2,0,0,1,999,1-25,100.0,1.0,0.0,2409.0,1100.0,0.0,0.0,99.0,1.0,0,3.0,0.0,1.0,0.0,0.0,0.0,0.0,0.0,0.0
1312,1,1,2,0,0,1,999,1-25,100.0,1.0,0.0,2408.0,105.0,0.0,0.0,0.0,1.0,0,3.0,0.0,0.0,0.0,0.0,0.0,0.0,0.0,0.0
1313,1,0,2,0,0,1,999,1-25,100.0,1.0,0.0,2404.0,109.0,0.0,0.0,99.0,1.0,0,3.0,0.0,0.0,0.0,0.0,0.0,0.0,0.0,0.0
1314,1,0,2,0,0,1,999,1-25,100.0,1.0,0.0,2404.0,109.0,0.0,0.0,99.0,1.0,0,3.0,0.0,0.0,0.0,0.0,0.0,0.0,0.0,0.0
1316,1,1,2,0,0,1,999,1-25,100.0,1.0,0.0,2403.0,100.0,0.0,0.0,99.0,1.0,0,3.0,2.0,2.0,0.0,0.0,0.0,0.0,0.0,0.0
1341,1,1,2,0,0,1,999,1-25,100.0,1.0,0.0,2376.0,100.0,0.0,0.0,99.0,1.0,0,3.0,0.0,0.0,0.0,0.0,0.0,0.0,0.0,0.0
1342,1,1,2,0,0,1,999,1-25,100.0,1.0,0.0,2376.0,100.0,0.0,0.0,99.0,1.0,0,3.0,0.0,0.0,0.0,0.0,0.0,0.0,0.0,0.0
1343,1,1,2,0,0,1,999,1-25,100.0,1.0,0.0,2374.0,100.0,0.0,0.0,99.0,1.0,0,3.0,0.0,0.0,0.0,0.0,0.0,0.0,0.0,0.0
1344,1,1,2,0,0,1,999,1-25,100.0,1.0,0.0,2374.0,100.0,0.0,0.0,99.0,1.0,0,3.0,0.0,0.0,0.0,0.0,0.0,0.0,0.0,0.0
1345,1,1,2,0,0,1,999,1-25,100.0,1.0,0.0,2374.0,0.0,0.0,0.0,99.0,1.0,0,3.0,0.0,0.0,0.0,0.0,0.0,0.0,0.0,0.0
1346,1,1,2,0,0,1,999,1-25,100.0,1.0,0.0,2374.0,210.0,0.0,0.0,99.0,1.0,0,3.0,0.0,0.0,0.0,0.0,0.0,0.0,0.0,0.0
1347,1,1,2,0,0,1,999,1-25,100.0,1.0,0.0,2373.0,100.0,0.0,0.0,99.0,1.0,0,3.0,35.0,23.0,0.0,15.0,15.0,0.0,0.0,0.0
1348,1,1,2,0,0,1,999,1-25,100.0,1.0,0.0,2370.0,0.0,0.0,0.0,99.0,1.0,0,3.0,0.0,0.0,0.0,0.0,0.0,0.0,0.0,0.0
1350,1,1,2,0,0,1,999,1-25,100.0,1.0,0.0,2366.0,100.0,0.0,0.0,99.0,1.0,0,3.0,0.0,0.0,0.0,0.0,0.0,0.0,0.0,0.0
1351,1,1,2,0,0,1,999,1-25,100.0,1.0,0.0,2366.0,221.0,0.0,0.0,99.0,1.0,0,3.0,0.0,0.0,0.0,0.0,0.0,0.0,0.0,0.0
1352,1,1,2,0,0,1,999,1-25,100.0,1.0,0.0,2366.0,0.0,0.0,0.0,99.0,1.0,0,3.0,0.0,0.0,0.0,0.0,0.0,0.0,0.0,0.0
1353,1,1,2,0,0,1,999,1-25,100.0,1.0,0.0,2366.0,100.0,0.0,0.0,99.0,1.0,0,3.0,0.0,0.0,0.0,0.0,0.0,0.0,0.0,0.0
1354,1,1,2,0,0,1,999,1-25,100.0,1.0,0.0,2366.0,100.0,0.0,0.0,99.0,1.0,0,3.0,0.0,0.0,0.0,0.0,0.0,0.0,0.0,0.0
1355,1,1,2,0,0,1,999,1-25,100.0,1.0,0.0,2363.0,100.0,0.0,0.0,99.0,1.0,0,3.0,0.0,0.0,0.0,0.0,0.0,0.0,0.0,0.0
1356,1,1,2,0,0,1,999,1-25,100.0,1.0,0.0,2363.0,100.0,0.0,0.0,99.0,1.0,0,3.0,0.0,0.0,0.0,0.0,0.0,0.0,0.0,0.0
1357,1,1,2,0,0,1,999,1-25,100.0,1.0,0.0,2359.0,100.0,0.0,0.0,99.0,1.0,0,3.0,0.0,0.0,0.0,0.0,0.0,0.0,0.0,0.0
1358,1,1,2,0,0,1,999,1-25,100.0,1.0,0.0,2359.0,100.0,0.0,0.0,99.0,1.0,0,3.0,0.0,0.0,0.0,0.0,0.0,0.0,0.0,0.0
1359,1,1,2,0,0,1,999,1-25,100.0,1.0,0.0,2359.0,100.0,0.0,0.0,99.0,1.0,0,3.0,0.0,0.0,0.0,0.0,0.0,0.0,0.0,0.0
1361,1,1,2,0,0,1,999,1-25,100.0,1.0,0.0,2355.0,1500.0,1.0,0.0,0.0,1.0,0,3.0,0.0,0.0,0.0,0.0,0.0,0.0,0.0,0.0
1363,1,1,2,0,0,1,999,1-25,100.0,1.0,0.0,2353.0,100.0,0.0,0.0,99.0,1.0,0,3.0,0.0,0.0,0.0,0.0,0.0,0.0,0.0,0.0
1364,1,1,1,0,0,1,999,1-25,100.0,1.0,0.0,2353.0,20.0,0.0,0.0,99.0,2.0,0,3.0,0.0,0.0,0.0,0.0,0.0,0.0,0.0,0.0
1365,1,1,2,0,0,1,999,1-25,100.0,1.0,0.0,2352.0,0.0,0.0,0.0,99.0,1.0,0,3.0,0.0,0.0,0.0,0.0,0.0,0.0,0.0,0.0
1366,1,1,2,0,0,1,999,1-25,100.0,1.0,0.0,2352.0,1500.0,1.0,0.0,0.0,1.0,0,3.0,0.0,0.0,0.0,0.0,0.0,0.0,0.0,0.0
1367,1,1,2,0,0,1,999,1-25,100.0,1.0,0.0,2349.0,200.0,0.0,0.0,99.0,1.0,0,3.0,0.0,0.0,0.0,0.0,0.0,0.0,0.0,0.0
1368,1,1,2,0,0,1,999,1-25,100.0,1.0,0.0,2349.0,0.0,0.0,0.0,99.0,1.0,0,3.0,0.0,0.0,0.0,0.0,0.0,0.0,0.0,0.0
1369,1,1,2,0,0,1,999,1-25,100.0,1.0,0.0,2349.0,91.0,0.0,0.0,99.0,1.0,0,3.0,1.0,2.0,0.0,13.0,11.0,4.0,0.0,0.0
1371,1,1,2,0,0,1,999,1-25,100.0,1.0,0.0,1661.0,107.0,0.0,0.0,2288.0,12.0,0,3.0,106.0,179.0,244.0,166.0,151.0,18.0,0.0,0.0
1372,1,1,2,0,0,1,999,1-25,100.0,1.0,0.0,1878.0,78.0,0.0,1.0,410.0,3.0,0,3.0,36.0,269.0,327.0,249.0,112.0,94.0,0.0,0.0
1373,1,1,2,0,0,1,999,1-25,100.0,1.0,0.0,2347.0,210.0,0.0,0.0,99.0,1.0,0,3.0,0.0,0.0,0.0,0.0,0.0,0.0,0.0,0.0
1375,1,1,2,0,0,1,999,1-25,100.0,1.0,0.0,2346.0,1500.0,1.0,0.0,0.0,1.0,0,3.0,0.0,0.0,0.0,0.0,0.0,0.0,0.0,0.0
1376,1,1,2,0,0,1,999,1-25,100.0,1.0,0.0,2346.0,4000.0,1.0,0.0,0.0,1.0,0,3.0,0.0,0.0,0.0,0.0,0.0,0.0,0.0,0.0
1377,1,1,2,0,0,1,999,1-25,100.0,1.0,0.0,2345.0,100.0,0.0,0.0,99.0,1.0,0,3.0,0.0,0.0,0.0,0.0,0.0,0.0,0.0,0.0
1394,1,1,2,0,0,1,999,1-25,100.0,1.0,0.0,2340.0,0.0,0.0,0.0,99.0,1.0,0,3.0,0.0,0.0,0.0,0.0,0.0,0.0,0.0,0.0
1395,1,1,2,0,0,1,999,1-25,100.0,1.0,0.0,2340.0,100.0,0.0,0.0,99.0,1.0,0,3.0,1.0,1.0,0.0,2.0,1.0,0.0,0.0,0.0
1396,1,1,2,0,0,1,999,1-25,100.0,1.0,0.0,2340.0,0.0,0.0,0.0,99.0,1.0,0,3.0,0.0,1.0,0.0,1.0,0.0,0.0,0.0,0.0
1400,1,1,2,0,0,1,999,1-25,100.0,1.0,0.0,2339.0,0.0,0.0,0.0,99.0,1.0,0,3.0,0.0,0.0,0.0,0.0,0.0,0.0,0.0,0.0
1401,1,1,2,0,0,1,999,1-25,100.0,1.0,0.0,2339.0,0.0,0.0,0.0,99.0,1.0,0,3.0,0.0,0.0,0.0,0.0,0.0,0.0,0.0,0.0
1402,1,1,2,0,0,1,999,1-25,100.0,1.0,0.0,2339.0,100.0,0.0,0.0,99.0,1.0,0,3.0,2.0,1.0,0.0,1.0,1.0,0.0,0.0,0.0
1403,1,1,2,0,0,1,999,1-25,100.0,1.0,0.0,2339.0,0.0,0.0,0.0,99.0,1.0,0,3.0,0.0,0.0,0.0,0.0,0.0,0.0,0.0,0.0
1404,1,1,2,0,0,1,999,1-25,100.0,1.0,0.0,2339.0,1194.0,0.0,0.0,99.0,1.0,0,3.0,1.0,1.0,0.0,6.0,4.0,1.0,0.0,0.0
1405,1,1,2,0,0,1,999,1-25,100.0,1.0,0.0,2339.0,1100.0,0.0,0.0,99.0,1.0,0,3.0,0.0,0.0,0.0,0.0,0.0,0.0,0.0,0.0
1406,1,1,2,0,0,1,999,1-25,100.0,1.0,0.0,2339.0,122.0,0.0,0.0,519.0,4.0,0,3.0,1.0,1.0,0.0,0.0,0.0,0.0,0.0,0.0
1407,1,1,2,0,0,1,999,1-25,100.0,1.0,0.0,2339.0,100.0,0.0,0.0,99.0,1.0,0,3.0,1.0,1.0,0.0,1.0,1.0,0.0,0.0,0.0
1408,1,1,2,0,0,1,999,1-25,100.0,1.0,0.0,2339.0,0.0,0.0,0.0,99.0,1.0,0,3.0,0.0,0.0,0.0,0.0,0.0,0.0,0.0,0.0
1409,1,1,2,0,0,1,999,1-25,100.0,1.0,0.0,2339.0,0.0,0.0,0.0,99.0,1.0,0,3.0,0.0,0.0,0.0,0.0,0.0,0.0,0.0,0.0
1410,1,1,2,0,0,1,999,1-25,100.0,1.0,0.0,2339.0,292.0,0.0,0.0,495.0,5.0,0,3.0,7.0,7.0,2.0,2.0,2.0,0.0,0.0,0.0
1411,1,1,2,0,0,1,999,1-25,100.0,1.0,0.0,2339.0,0.0,0.0,0.0,99.0,1.0,0,3.0,0.0,0.0,0.0,0.0,0.0,0.0,0.0,0.0
1412,1,1,2,0,0,1,999,1-25,100.0,1.0,0.0,2339.0,81.0,0.0,0.0,99.0,1.0,0,3.0,61.0,133.0,290.0,145.0,131.0,16.0,0.0,0.0
1413,1,1,2,0,0,1,999,1-25,100.0,1.0,0.0,2338.0,100.0,0.0,0.0,99.0,1.0,0,3.0,0.0,0.0,0.0,0.0,0.0,0.0,0.0,0.0
1414,1,1,2,0,0,1,999,1-25,100.0,1.0,0.0,2338.0,100.0,0.0,0.0,99.0,1.0,0,3.0,0.0,0.0,0.0,0.0,0.0,0.0,0.0,0.0
1417,1,1,2,0,0,1,999,1-25,100.0,1.0,0.0,2338.0,1500.0,1.0,0.0,0.0,1.0,0,3.0,0.0,0.0,0.0,0.0,0.0,0.0,0.0,0.0
1418,1,1,2,0,0,1,999,1-25,100.0,1.0,0.0,2338.0,1500.0,1.0,0.0,0.0,1.0,0,3.0,0.0,0.0,0.0,0.0,0.0,0.0,0.0,0.0
1419,1,1,2,0,0,1,999,1-25,100.0,1.0,0.0,2338.0,1500.0,1.0,0.0,0.0,1.0,0,3.0,0.0,0.0,0.0,0.0,0.0,0.0,0.0,0.0
1420,1,1,2,0,0,1,999,1-25,12000.0,1.0,0.0,2338.0,1500.0,1.0,0.0,0.0,1.0,0,3.0,0.0,0.0,0.0,0.0,0.0,0.0,0.0,0.0
1421,1,1,2,0,0,1,999,1-25,12000.0,1.0,0.0,2338.0,1500.0,1.0,0.0,0.0,1.0,0,3.0,0.0,0.0,0.0,0.0,0.0,0.0,0.0,0.0
1422,1,1,2,0,0,1,999,1-25,100.0,1.0,0.0,2338.0,1100.0,0.0,0.0,99.0,1.0,0,3.0,0.0,0.0,0.0,0.0,0.0,0.0,0.0,0.0
1423,1,1,2,0,0,1,999,1-25,12000.0,1.0,0.0,2338.0,1500.0,1.0,0.0,0.0,1.0,0,3.0,0.0,0.0,0.0,0.0,0.0,0.0,0.0,0.0
1424,1,1,2,0,0,1,999,1-25,12000.0,1.0,0.0,2338.0,1500.0,1.0,0.0,0.0,1.0,0,3.0,0.0,0.0,0.0,0.0,0.0,0.0,0.0,0.0
1425,1,1,2,0,0,1,999,1-25,12000.0,1.0,0.0,2338.0,1500.0,1.0,0.0,0.0,1.0,0,3.0,0.0,0.0,0.0,0.0,0.0,0.0,0.0,0.0
1426,1,1,2,0,0,1,999,1-25,12000.0,1.0,0.0,2338.0,1500.0,1.0,0.0,0.0,1.0,0,3.0,0.0,0.0,0.0,0.0,0.0,0.0,0.0,0.0
1427,1,1,2,0,0,1,999,1-25,12000.0,1.0,0.0,2338.0,1500.0,1.0,0.0,0.0,1.0,0,3.0,0.0,0.0,0.0,0.0,0.0,0.0,0.0,0.0
1428,1,1,2,0,0,1,999,1-25,12000.0,1.0,0.0,2338.0,1500.0,1.0,0.0,0.0,1.0,0,3.0,0.0,0.0,0.0,0.0,0.0,0.0,0.0,0.0
1429,1,1,2,0,0,1,999,1-25,12000.0,1.0,0.0,2338.0,1500.0,1.0,0.0,0.0,1.0,0,3.0,0.0,0.0,0.0,0.0,0.0,0.0,0.0,0.0
1430,1,1,2,0,0,1,999,1-25,100.0,1.0,0.0,2335.0,1495.0,1.0,0.0,0.0,1.0,0,3.0,2.0,1.0,0.0,7.0,7.0,0.0,0.0,0.0
1431,1,1,2,0,0,1,999,1-25,100.0,1.0,0.0,2335.0,1100.0,0.0,0.0,99.0,1.0,0,3.0,0.0,0.0,0.0,0.0,0.0,0.0,0.0,0.0
1432,1,1,2,0,0,1,999,1-25,100.0,1.0,0.0,2335.0,100.0,0.0,0.0,99.0,1.0,0,3.0,0.0,0.0,0.0,0.0,0.0,0.0,0.0,0.0
1433,1,1,2,0,0,1,999,1-25,12000.0,1.0,0.0,2335.0,1500.0,1.0,0.0,0.0,1.0,0,3.0,0.0,0.0,0.0,0.0,0.0,0.0,0.0,0.0
1434,1,1,2,0,0,1,999,1-25,12000.0,1.0,0.0,2335.0,4000.0,1.0,0.0,0.0,1.0,0,3.0,0.0,0.0,0.0,0.0,0.0,0.0,0.0,0.0
1435,1,1,2,0,0,1,999,1-25,100.0,1.0,0.0,2334.0,550.0,0.0,0.0,99.0,1.0,0,3.0,0.0,0.0,0.0,0.0,0.0,0.0,0.0,0.0
1436,1,1,2,0,0,1,999,1-25,100.0,1.0,0.0,2334.0,550.0,0.0,0.0,99.0,1.0,0,3.0,0.0,0.0,0.0,0.0,0.0,0.0,0.0,0.0
1437,1,1,2,0,0,1,999,1-25,100.0,1.0,0.0,2334.0,550.0,0.0,0.0,99.0,1.0,0,3.0,0.0,0.0,0.0,0.0,0.0,0.0,0.0,0.0
1438,1,1,2,0,0,1,999,1-25,100.0,1.0,0.0,2334.0,550.0,0.0,0.0,99.0,1.0,0,3.0,1.0,1.0,0.0,0.0,0.0,0.0,0.0,0.0
1439,1,1,2,0,0,1,999,1-25,100.0,1.0,0.0,2334.0,200.0,0.0,0.0,99.0,1.0,0,3.0,0.0,0.0,0.0,0.0,0.0,0.0,0.0,0.0
1440,1,1,2,0,0,1,999,1-25,100.0,1.0,0.0,2334.0,100.0,0.0,0.0,99.0,1.0,0,3.0,0.0,0.0,0.0,0.0,0.0,0.0,0.0,0.0
1441,1,1,2,0,0,1,999,1-25,12000.0,1.0,0.0,2334.0,1500.0,1.0,0.0,0.0,1.0,0,3.0,0.0,0.0,0.0,0.0,0.0,0.0,0.0,0.0
1443,1,1,2,0,0,1,999,1-25,100.0,1.0,0.0,2333.0,550.0,0.0,0.0,99.0,1.0,0,3.0,0.0,0.0,0.0,0.0,0.0,0.0,0.0,0.0
1444,1,1,2,0,0,1,999,1-25,12000.0,1.0,0.0,2333.0,1500.0,1.0,0.0,0.0,1.0,0,3.0,0.0,0.0,0.0,0.0,0.0,0.0,0.0,0.0
1445,1,1,2,0,0,1,999,1-25,100.0,1.0,0.0,2333.0,550.0,0.0,0.0,99.0,1.0,0,3.0,0.0,0.0,0.0,0.0,0.0,0.0,0.0,0.0
1446,1,1,2,0,0,1,999,1-25,100.0,1.0,0.0,2333.0,4000.0,1.0,0.0,0.0,1.0,0,3.0,0.0,0.0,0.0,0.0,0.0,0.0,0.0,0.0
1447,1,1,2,0,0,1,999,1-25,100.0,1.0,0.0,2333.0,4000.0,1.0,0.0,0.0,1.0,0,3.0,0.0,0.0,0.0,0.0,0.0,0.0,0.0,0.0
1448,1,1,2,0,0,1,999,1-25,100.0,1.0,0.0,2333.0,4000.0,1.0,0.0,0.0,1.0,0,3.0,0.0,0.0,0.0,0.0,0.0,0.0,0.0,0.0
1449,1,1,2,0,0,1,999,1-25,100.0,1.0,0.0,2333.0,550.0,0.0,0.0,99.0,1.0,0,3.0,1.0,1.0,0.0,2.0,2.0,0.0,0.0,0.0
1450,1,1,2,0,0,1,999,1-25,100.0,1.0,0.0,2333.0,550.0,0.0,0.0,99.0,1.0,0,3.0,0.0,0.0,0.0,0.0,0.0,0.0,0.0,0.0
1451,1,1,2,0,0,1,999,1-25,100.0,1.0,0.0,2333.0,550.0,0.0,0.0,99.0,1.0,0,3.0,0.0,0.0,0.0,0.0,0.0,0.0,0.0,0.0
1452,1,1,2,0,0,1,999,1-25,100.0,1.0,0.0,2333.0,1500.0,1.0,0.0,0.0,1.0,0,3.0,0.0,0.0,0.0,0.0,0.0,0.0,0.0,0.0
1453,1,1,2,0,0,1,999,1-25,100.0,1.0,0.0,2333.0,1500.0,1.0,0.0,0.0,1.0,0,3.0,0.0,0.0,0.0,0.0,0.0,0.0,0.0,0.0
1454,1,1,2,0,0,1,999,1-25,12000.0,1.0,0.0,2333.0,1500.0,1.0,0.0,0.0,1.0,1,3.0,0.0,0.0,0.0,0.0,0.0,0.0,0.0,0.0
1455,1,1,2,0,0,1,999,1-25,100.0,1.0,0.0,2332.0,1500.0,1.0,0.0,0.0,1.0,0,3.0,0.0,0.0,0.0,0.0,0.0,0.0,0.0,0.0
1458,1,1,2,0,0,1,999,1-25,100.0,1.0,0.0,2332.0,1500.0,1.0,0.0,0.0,1.0,0,3.0,0.0,0.0,0.0,0.0,0.0,0.0,0.0,0.0
1459,1,1,2,0,0,1,999,1-25,100.0,1.0,0.0,2332.0,1500.0,1.0,0.0,0.0,1.0,0,3.0,0.0,0.0,0.0,0.0,0.0,0.0,0.0,0.0
1460,1,1,2,0,0,1,999,1-25,100.0,1.0,0.0,2332.0,1500.0,1.0,0.0,0.0,1.0,0,3.0,0.0,0.0,0.0,0.0,0.0,0.0,0.0,0.0
1461,1,1,2,0,0,1,999,1-25,100.0,1.0,0.0,2332.0,1500.0,1.0,0.0,0.0,1.0,0,3.0,0.0,0.0,0.0,0.0,0.0,0.0,0.0,0.0
1462,1,1,2,0,0,1,999,1-25,100.0,1.0,0.0,2332.0,1500.0,1.0,0.0,0.0,1.0,0,3.0,0.0,0.0,0.0,0.0,0.0,0.0,0.0,0.0
1463,1,1,2,0,0,1,999,1-25,100.0,1.0,0.0,2332.0,1500.0,1.0,0.0,0.0,1.0,0,3.0,0.0,0.0,0.0,0.0,0.0,0.0,0.0,0.0
1464,1,1,2,0,0,1,999,1-25,100.0,1.0,0.0,2332.0,1500.0,1.0,0.0,0.0,1.0,0,3.0,0.0,0.0,0.0,0.0,0.0,0.0,0.0,0.0
1465,1,1,2,0,0,1,999,1-25,100.0,1.0,0.0,2332.0,1500.0,1.0,0.0,0.0,1.0,0,3.0,0.0,0.0,0.0,0.0,0.0,0.0,0.0,0.0
1466,1,1,2,0,0,1,999,1-25,12000.0,1.0,0.0,2332.0,1500.0,1.0,0.0,0.0,1.0,1,3.0,0.0,0.0,0.0,0.0,0.0,0.0,0.0,0.0
1467,1,1,2,0,0,1,999,1-25,100.0,1.0,0.0,2332.0,1500.0,1.0,0.0,0.0,1.0,0,3.0,0.0,0.0,0.0,0.0,0.0,0.0,0.0,0.0
1468,1,1,2,0,0,1,999,1-25,100.0,1.0,0.0,2331.0,750.0,0.0,0.0,99.0,1.0,0,3.0,0.0,0.0,0.0,0.0,0.0,0.0,0.0,0.0
1469,1,1,2,0,0,1,999,1-25,100.0,1.0,0.0,2331.0,1500.0,1.0,0.0,0.0,1.0,0,3.0,0.0,0.0,0.0,0.0,0.0,0.0,0.0,0.0
1470,1,1,2,0,0,1,999,1-25,12000.0,1.0,0.0,2330.0,1500.0,1.0,0.0,0.0,3.0,1,3.0,0.0,0.0,0.0,0.0,0.0,0.0,0.0,0.0
1471,1,1,2,0,0,1,999,1-25,12000.0,1.0,0.0,2330.0,1500.0,1.0,0.0,0.0,1.0,1,3.0,0.0,0.0,0.0,0.0,0.0,0.0,0.0,0.0
1472,1,1,2,0,0,1,999,1-25,100.0,1.0,0.0,2330.0,1611.0,1.0,0.0,0.0,4.0,0,3.0,0.0,0.0,0.0,0.0,0.0,0.0,0.0,0.0
1477,1,1,2,0,0,1,999,1-25,100.0,1.0,0.0,2326.0,100.0,0.0,0.0,99.0,1.0,0,3.0,0.0,0.0,0.0,0.0,0.0,0.0,0.0,0.0
1478,1,1,2,0,0,1,999,1-25,100.0,1.0,0.0,2325.0,550.0,0.0,0.0,99.0,1.0,0,3.0,0.0,0.0,0.0,0.0,0.0,0.0,0.0,0.0
1479,1,1,2,0,0,1,999,1-25,100.0,1.0,0.0,2325.0,550.0,0.0,0.0,99.0,1.0,0,3.0,0.0,0.0,0.0,0.0,0.0,0.0,0.0,0.0
1480,1,1,2,0,0,1,999,1-25,100.0,1.0,0.0,2325.0,100.0,0.0,0.0,99.0,1.0,0,3.0,0.0,0.0,0.0,0.0,0.0,0.0,0.0,0.0
1481,1,1,2,0,0,1,999,1-25,100.0,1.0,0.0,2325.0,550.0,0.0,0.0,99.0,1.0,0,3.0,0.0,0.0,0.0,0.0,0.0,0.0,0.0,0.0
1482,1,1,2,0,0,1,999,1-25,100.0,1.0,0.0,2324.0,550.0,0.0,0.0,99.0,1.0,0,3.0,0.0,0.0,0.0,0.0,0.0,0.0,0.0,0.0
1483,1,1,2,0,0,1,999,1-25,100.0,1.0,0.0,2324.0,100.0,0.0,0.0,99.0,1.0,0,3.0,0.0,0.0,0.0,0.0,0.0,0.0,0.0,0.0
1484,1,1,2,0,0,1,999,1-25,12000.0,1.0,0.0,2324.0,1500.0,1.0,0.0,0.0,1.0,0,3.0,0.0,0.0,0.0,0.0,0.0,0.0,0.0,0.0
1485,1,1,2,0,0,1,999,1-25,12000.0,1.0,0.0,2324.0,1500.0,1.0,0.0,0.0,1.0,0,3.0,0.0,0.0,0.0,0.0,0.0,0.0,0.0,0.0
1487,1,1,2,0,0,1,999,1-25,100.0,1.0,0.0,2321.0,99.0,0.0,0.0,99.0,1.0,0,3.0,1.0,1.0,0.0,5.0,5.0,0.0,0.0,0.0
1488,1,1,2,0,0,1,999,1-25,100.0,1.0,0.0,2321.0,100.0,0.0,0.0,99.0,1.0,0,3.0,0.0,0.0,0.0,0.0,0.0,0.0,0.0,0.0
1489,1,1,2,0,0,1,999,1-25,100.0,1.0,0.0,2320.0,100.0,0.0,0.0,99.0,1.0,0,3.0,0.0,0.0,0.0,0.0,0.0,0.0,0.0,0.0
1490,1,1,2,0,0,1,999,1-25,100.0,1.0,0.0,2318.0,110.0,0.0,0.0,398.0,3.0,0,3.0,0.0,0.0,0.0,0.0,0.0,0.0,0.0,0.0
1520,1,1,2,0,0,1,999,1-25,100.0,1.0,0.0,2305.0,694.0,0.0,0.0,99.0,1.0,0,3.0,7.0,31.0,63.0,80.0,61.0,11.0,0.0,0.0
1525,1,1,2,0,0,1,999,1-25,100.0,1.0,0.0,2304.0,38.0,0.0,0.0,198.0,2.0,0,3.0,7.0,13.0,0.0,40.0,42.0,0.0,0.0,0.0
1528,1,1,2,0,0,1,999,1-25,12000.0,1.0,0.0,2304.0,4000.0,1.0,0.0,0.0,1.0,0,3.0,0.0,0.0,0.0,0.0,0.0,0.0,0.0,0.0
1547,1,1,2,0,0,1,999,1-25,12000.0,1.0,0.0,2299.0,1497.0,1.0,0.0,0.0,1.0,1,3.0,2.0,4.0,0.0,7.0,7.0,0.0,0.0,0.0
1582,1,1,2,0,0,1,999,1-25,100.0,1.0,0.0,2291.0,0.0,0.0,0.0,199.0,1.0,0,3.0,1.0,4.0,11.0,11.0,7.0,1.0,0.0,0.0
1583,1,1,2,0,0,1,999,1-25,100.0,1.0,0.0,2290.0,200.0,0.0,0.0,199.0,1.0,0,3.0,0.0,0.0,0.0,0.0,0.0,0.0,0.0,0.0
1584,1,1,2,0,0,1,999,1-25,100.0,1.0,0.0,2290.0,284.0,0.0,0.0,398.0,2.0,0,3.0,5.0,16.0,18.0,17.0,10.0,9.0,0.0,0.0
1585,1,1,2,0,0,1,999,1-25,100.0,1.0,0.0,2290.0,550.0,0.0,0.0,199.0,1.0,0,3.0,0.0,0.0,0.0,0.0,0.0,0.0,0.0,0.0
1586,1,1,2,0,0,1,999,1-25,100.0,1.0,0.0,2290.0,550.0,0.0,0.0,199.0,1.0,0,3.0,0.0,0.0,0.0,0.0,0.0,0.0,0.0,0.0
1587,1,1,2,0,0,1,999,1-25,100.0,1.0,0.0,2290.0,294.0,0.0,0.0,199.0,1.0,0,3.0,4.0,3.0,2.0,5.0,4.0,0.0,0.0,0.0
1589,1,1,2,0,0,1,999,1-25,12000.0,1.0,0.0,2290.0,1500.0,1.0,0.0,0.0,1.0,0,3.0,0.0,0.0,0.0,0.0,0.0,0.0,0.0,0.0
1592,1,1,2,0,0,1,999,1-25,100.0,1.0,0.0,2286.0,536.0,0.0,0.0,199.0,1.0,0,3.0,5.0,10.0,13.0,10.0,7.0,7.0,0.0,0.0
1593,1,1,2,0,0,1,999,1-25,100.0,1.0,0.0,2286.0,0.0,0.0,0.0,199.0,1.0,0,3.0,2.0,6.0,0.0,9.0,3.0,6.0,0.0,0.0
1594,1,1,2,0,0,1,999,1-25,100.0,1.0,0.0,2286.0,550.0,0.0,0.0,199.0,1.0,0,3.0,0.0,0.0,0.0,0.0,0.0,0.0,0.0,0.0
1595,1,1,2,0,0,1,999,1-25,12000.0,1.0,0.0,2286.0,1500.0,1.0,0.0,0.0,1.0,0,3.0,0.0,0.0,0.0,0.0,0.0,0.0,0.0,0.0
1598,1,1,2,0,0,1,999,1-25,12000.0,1.0,0.0,2284.0,50008.0,1.0,0.0,0.0,1.0,0,3.0,2.0,6.0,14.0,25.0,17.0,6.0,0.0,0.0
1599,1,1,2,0,0,1,999,1-25,100.0,1.0,0.0,2284.0,0.0,0.0,0.0,199.0,1.0,0,3.0,23.0,40.0,168.0,71.0,65.0,7.0,0.0,0.0
1600,1,1,2,0,0,1,999,1-25,12000.0,1.0,0.0,2283.0,6998.0,1.0,0.0,0.0,1.0,0,3.0,1.0,1.0,0.0,1.0,1.0,0.0,0.0,0.0
1602,1,1,2,0,0,1,999,1-25,100.0,1.0,0.0,2278.0,641.0,0.0,0.0,199.0,1.0,0,3.0,3.0,3.0,11.0,5.0,4.0,3.0,0.0,0.0
1603,1,1,2,0,0,1,999,1-25,100.0,1.0,0.0,2278.0,650.0,0.0,0.0,199.0,1.0,0,3.0,0.0,0.0,0.0,0.0,0.0,0.0,0.0,0.0
1605,1,1,2,0,0,1,999,1-25,100.0,1.0,0.0,2278.0,650.0,0.0,0.0,199.0,1.0,0,3.0,0.0,0.0,0.0,0.0,0.0,0.0,0.0,0.0
1606,1,1,2,0,0,1,999,1-25,100.0,1.0,0.0,2278.0,650.0,0.0,0.0,199.0,1.0,0,3.0,0.0,0.0,0.0,0.0,0.0,0.0,0.0,0.0
1607,1,1,2,0,0,1,999,1-25,100.0,1.0,0.0,2278.0,648.0,0.0,0.0,199.0,1.0,0,3.0,2.0,8.0,2.0,9.0,6.0,1.0,0.0,0.0
1608,1,1,2,0,0,1,999,1-25,100.0,1.0,0.0,2278.0,2389.0,0.0,0.0,199.0,1.0,0,3.0,4.0,5.0,28.0,13.0,11.0,4.0,0.0,0.0
1609,1,1,2,0,0,1,999,1-25,100.0,1.0,0.0,2278.0,650.0,0.0,0.0,199.0,1.0,0,3.0,0.0,0.0,0.0,0.0,0.0,0.0,0.0,0.0
1610,1,1,2,0,0,1,999,1-25,100.0,1.0,0.0,2278.0,2400.0,0.0,0.0,199.0,1.0,0,3.0,0.0,0.0,0.0,0.0,0.0,0.0,0.0,0.0
1611,1,1,2,0,0,1,999,1-25,100.0,1.0,0.0,2278.0,650.0,0.0,0.0,199.0,1.0,0,3.0,0.0,0.0,0.0,0.0,0.0,0.0,0.0,0.0
1612,1,1,2,0,0,1,999,1-25,100.0,1.0,0.0,2278.0,650.0,0.0,0.0,199.0,1.0,0,3.0,0.0,0.0,0.0,0.0,0.0,0.0,0.0,0.0
1613,1,1,2,0,0,1,999,1-25,100.0,1.0,0.0,2278.0,650.0,0.0,0.0,199.0,1.0,0,3.0,0.0,0.0,0.0,0.0,0.0,0.0,0.0,0.0
1614,1,1,2,0,0,1,999,1-25,100.0,1.0,0.0,2278.0,650.0,0.0,0.0,199.0,1.0,0,3.0,0.0,0.0,0.0,0.0,0.0,0.0,0.0,0.0
1615,1,1,2,0,0,1,999,1-25,100.0,1.0,0.0,2278.0,650.0,0.0,0.0,199.0,1.0,0,3.0,0.0,0.0,0.0,0.0,0.0,0.0,0.0,0.0
1616,1,1,2,0,0,1,999,1-25,100.0,1.0,0.0,2278.0,200.0,0.0,0.0,199.0,1.0,0,3.0,0.0,0.0,0.0,0.0,0.0,0.0,0.0,0.0
1617,1,1,2,0,0,1,999,1-25,100.0,1.0,0.0,2278.0,650.0,0.0,0.0,199.0,1.0,0,3.0,0.0,0.0,0.0,0.0,0.0,0.0,0.0,0.0
1618,1,1,2,0,0,1,999,1-25,12000.0,1.0,0.0,2278.0,1600.0,1.0,0.0,0.0,1.0,0,3.0,0.0,0.0,0.0,0.0,0.0,0.0,0.0,0.0
1619,1,1,2,0,0,1,999,1-25,100.0,1.0,0.0,2278.0,650.0,0.0,0.0,199.0,1.0,0,3.0,0.0,0.0,0.0,0.0,0.0,0.0,0.0,0.0
1620,1,1,2,0,0,1,999,1-25,100.0,1.0,0.0,2278.0,650.0,0.0,0.0,199.0,1.0,0,3.0,0.0,0.0,0.0,0.0,0.0,0.0,0.0,0.0
1621,1,1,2,0,0,1,999,1-25,100.0,1.0,0.0,2278.0,650.0,0.0,0.0,199.0,1.0,0,3.0,0.0,0.0,0.0,0.0,0.0,0.0,0.0,0.0
1627,1,1,2,0,0,1,999,1-25,100.0,1.0,0.0,2275.0,643.0,0.0,0.0,199.0,1.0,0,3.0,2.0,4.0,0.0,7.0,6.0,1.0,0.0,0.0
1636,1,1,2,0,0,1,999,1-25,100.0,1.0,0.0,2264.0,650.0,0.0,0.0,199.0,1.0,0,3.0,3.0,6.0,0.0,2.0,2.0,0.0,0.0,0.0
1637,1,1,2,0,0,1,999,1-25,100.0,1.0,0.0,2262.0,197.0,0.0,0.0,199.0,1.0,0,3.0,2.0,12.0,29.0,3.0,2.0,1.0,0.0,0.0
1638,1,1,2,0,0,1,999,1-25,12000.0,1.0,0.0,2262.0,1600.0,1.0,0.0,0.0,1.0,0,3.0,0.0,0.0,0.0,0.0,0.0,0.0,0.0,0.0
1639,1,1,2,0,0,1,999,1-25,12000.0,1.0,0.0,2262.0,1600.0,1.0,0.0,0.0,1.0,0,3.0,0.0,0.0,0.0,0.0,0.0,0.0,0.0,0.0
1640,1,1,2,0,0,1,999,1-25,100.0,1.0,0.0,2262.0,650.0,0.0,0.0,199.0,1.0,0,3.0,0.0,0.0,0.0,0.0,0.0,0.0,0.0,0.0
1641,1,1,2,0,0,1,999,1-25,100.0,1.0,0.0,2262.0,200.0,0.0,0.0,199.0,1.0,0,3.0,0.0,0.0,0.0,0.0,0.0,0.0,0.0,0.0
1642,1,1,2,0,0,1,999,1-25,100.0,1.0,0.0,2262.0,650.0,0.0,0.0,199.0,1.0,0,3.0,0.0,0.0,0.0,0.0,0.0,0.0,0.0,0.0
1643,1,1,2,0,0,1,999,1-25,12000.0,1.0,0.0,2261.0,1600.0,1.0,0.0,0.0,1.0,0,3.0,0.0,0.0,0.0,0.0,0.0,0.0,0.0,0.0
1644,1,1,2,0,0,1,999,1-25,100.0,1.0,0.0,2261.0,2400.0,0.0,0.0,199.0,1.0,0,3.0,0.0,0.0,0.0,0.0,0.0,0.0,0.0,0.0
1645,1,1,2,0,0,1,999,1-25,12000.0,1.0,0.0,2261.0,4100.0,1.0,0.0,0.0,1.0,0,3.0,0.0,0.0,0.0,0.0,0.0,0.0,0.0,0.0
1646,1,1,2,0,0,1,999,1-25,100.0,1.0,0.0,2261.0,200.0,0.0,0.0,199.0,1.0,0,3.0,0.0,0.0,0.0,0.0,0.0,0.0,0.0,0.0
1647,1,1,2,0,0,1,999,1-25,100.0,1.0,0.0,2261.0,650.0,0.0,0.0,199.0,1.0,0,3.0,0.0,0.0,0.0,0.0,0.0,0.0,0.0,0.0
1653,1,1,2,0,0,1,999,1-25,12000.0,1.0,0.0,2250.0,4100.0,1.0,0.0,0.0,1.0,0,3.0,0.0,0.0,0.0,0.0,0.0,0.0,0.0,0.0
1655,1,1,2,0,0,1,999,1-25,100.0,1.0,0.0,2249.0,830.0,0.0,0.0,349.0,3.0,0,3.0,1.0,4.0,12.0,3.0,3.0,0.0,0.0,0.0
1657,1,1,2,0,0,1,999,1-25,12000.0,1.0,0.0,2248.0,7113.0,1.0,0.0,0.0,1.0,1,3.0,2.0,8.0,17.0,9.0,9.0,0.0,0.0,0.0
1658,1,1,2,0,0,1,999,1-25,100.0,1.0,0.0,2248.0,649.0,0.0,0.0,199.0,1.0,0,3.0,1.0,3.0,0.0,2.0,1.0,0.0,0.0,0.0
1660,1,1,2,0,0,1,999,1-25,100.0,1.0,0.0,2247.0,200.0,0.0,0.0,199.0,1.0,0,3.0,1.0,3.0,1.0,0.0,0.0,0.0,0.0,0.0
1661,1,1,2,0,0,1,999,1-25,12000.0,1.0,0.0,2247.0,1600.0,1.0,0.0,0.0,1.0,0,3.0,0.0,0.0,0.0,0.0,0.0,0.0,0.0,0.0
1670,1,1,2,0,0,1,999,1-25,12000.0,1.0,0.0,2244.0,1598.0,1.0,0.0,0.0,1.0,0,3.0,1.0,4.0,9.0,5.0,3.0,3.0,0.0,0.0
1674,1,1,2,0,0,1,999,1-25,100.0,1.0,0.0,2244.0,650.0,0.0,0.0,199.0,1.0,0,3.0,0.0,8.0,2.0,1.0,2.0,0.0,0.0,0.0
1683,1,1,2,0,0,1,999,1-25,100.0,1.0,0.0,2242.0,100.0,0.0,0.0,199.0,1.0,0,3.0,2.0,6.0,31.0,4.0,4.0,0.0,0.0,0.0
1684,1,1,2,0,0,1,999,1-25,100.0,1.0,0.0,2242.0,167.0,0.0,0.0,199.0,1.0,0,3.0,2.0,10.0,36.0,17.0,10.0,5.0,0.0,0.0
1691,1,1,2,0,0,1,999,1-25,100.0,1.0,0.0,2236.0,200.0,0.0,0.0,199.0,1.0,0,3.0,0.0,0.0,0.0,0.0,0.0,0.0,0.0,0.0
1692,1,1,2,0,0,1,999,1-25,100.0,1.0,0.0,1796.0,174.0,0.0,0.0,2664.0,16.0,0,3.0,85.0,300.0,1245.0,467.0,436.0,21.0,0.0,0.0
1693,1,1,2,0,0,1,999,1-25,100.0,1.0,0.0,2236.0,650.0,0.0,0.0,199.0,1.0,0,3.0,0.0,1.0,0.0,0.0,0.0,0.0,0.0,0.0
1697,1,1,2,0,0,1,999,1-25,100.0,1.0,0.0,2235.0,642.0,0.0,0.0,199.0,1.0,0,3.0,1.0,2.0,10.0,8.0,8.0,0.0,0.0,0.0
1700,1,1,2,0,0,1,999,1-25,100.0,1.0,0.0,2234.0,199.0,0.0,0.0,199.0,1.0,0,3.0,1.0,1.0,1.0,1.0,1.0,0.0,0.0,0.0
1702,1,1,2,0,0,1,999,1-25,100.0,1.0,0.0,2234.0,650.0,0.0,0.0,199.0,1.0,0,3.0,1.0,1.0,1.0,1.0,1.0,0.0,0.0,0.0
1703,1,1,2,0,0,1,999,1-25,100.0,1.0,0.0,2233.0,200.0,0.0,0.0,199.0,1.0,0,3.0,0.0,0.0,0.0,0.0,0.0,0.0,0.0,0.0
1705,1,1,2,0,0,1,999,1-25,12000.0,1.0,0.0,2229.0,1600.0,1.0,0.0,0.0,1.0,0,3.0,0.0,0.0,0.0,0.0,0.0,0.0,0.0,0.0
1706,1,1,2,0,0,1,999,1-25,12000.0,1.0,0.0,2229.0,1595.0,1.0,0.0,0.0,1.0,0,3.0,1.0,1.0,1.0,1.0,3.0,0.0,0.0,0.0
1710,1,1,2,0,0,1,999,1-25,100.0,1.0,0.0,2229.0,624.0,0.0,0.0,199.0,1.0,0,3.0,3.0,5.0,12.0,10.0,10.0,1.0,0.0,0.0
1713,1,1,2,0,0,1,999,1-25,100.0,1.0,0.0,2223.0,280.0,0.0,0.0,199.0,1.0,0,3.0,0.0,0.0,0.0,0.0,0.0,0.0,0.0,0.0
1715,1,1,2,0,0,1,999,1-25,100.0,1.0,0.0,2221.0,180.0,0.0,0.0,199.0,1.0,0,3.0,1.0,0.0,0.0,0.0,0.0,0.0,0.0,0.0
1717,1,1,2,0,0,1,999,1-25,100.0,1.0,0.0,2220.0,180.0,0.0,0.0,199.0,1.0,0,3.0,0.0,0.0,0.0,0.0,0.0,0.0,0.0,0.0
1719,1,1,2,0,0,1,999,1-25,12000.0,1.0,0.0,2216.0,1580.0,1.0,0.0,0.0,1.0,0,3.0,0.0,0.0,0.0,0.0,0.0,0.0,0.0,0.0
1722,1,1,2,0,0,1,999,1-25,100.0,1.0,0.0,2216.0,629.0,0.0,0.0,199.0,1.0,0,3.0,1.0,1.0,2.0,1.0,1.0,0.0,0.0,0.0
1724,1,1,2,0,0,1,999,1-25,100.0,1.0,0.0,2214.0,624.0,0.0,0.0,199.0,1.0,0,3.0,2.0,1.0,5.0,5.0,5.0,0.0,0.0,0.0
1725,1,1,2,0,0,1,999,1-25,100.0,1.0,0.0,2214.0,629.0,0.0,0.0,199.0,1.0,0,3.0,1.0,1.0,3.0,1.0,1.0,0.0,0.0,0.0
1726,1,1,2,0,0,1,999,1-25,100.0,1.0,0.0,2213.0,622.0,0.0,0.0,199.0,1.0,0,3.0,1.0,1.0,4.0,4.0,4.0,0.0,0.0,0.0
1727,1,1,2,0,0,1,999,1-25,12000.0,1.0,0.0,2209.0,1580.0,1.0,0.0,0.0,1.0,0,3.0,0.0,0.0,0.0,0.0,0.0,0.0,0.0,0.0
1728,1,1,2,0,0,1,999,1-25,100.0,1.0,0.0,2209.0,180.0,0.0,0.0,199.0,1.0,0,3.0,0.0,0.0,0.0,0.0,0.0,0.0,0.0,0.0
1729,1,1,2,0,0,1,999,1-25,100.0,1.0,0.0,2206.0,5.0,0.0,0.0,0.0,1.0,0,3.0,0.0,0.0,0.0,0.0,0.0,0.0,0.0,0.0
1730,1,1,2,0,0,1,999,1-25,100.0,1.0,0.0,2205.0,1235.0,0.0,0.0,199.0,1.0,0,3.0,37.0,116.0,67.0,19.0,16.0,0.0,0.0,0.0
1742,1,1,2,0,0,1,999,1-25,100.0,1.0,0.0,2188.0,630.0,0.0,0.0,199.0,1.0,0,3.0,1.0,0.0,0.0,0.0,0.0,0.0,0.0,0.0
1743,1,1,2,0,0,1,999,1-25,100.0,1.0,0.0,2177.0,80.0,0.0,0.0,100.0,3.0,0,3.0,0.0,0.0,0.0,0.0,0.0,0.0,0.0,0.0
1745,1,1,2,0,0,1,999,1-25,100.0,1.0,0.0,2172.0,630.0,0.0,0.0,199.0,1.0,0,3.0,2.0,0.0,0.0,0.0,0.0,0.0,0.0,0.0
1746,1,1,2,0,0,1,999,1-25,100.0,1.0,0.0,2172.0,5.0,0.0,0.0,0.0,1.0,0,3.0,0.0,0.0,0.0,0.0,0.0,0.0,0.0,0.0
1748,1,1,2,0,0,1,999,1-25,100.0,1.0,0.0,2170.0,156.0,0.0,0.0,199.0,1.0,0,3.0,1.0,2.0,11.0,11.0,10.0,0.0,0.0,0.0
1762,1,1,2,0,0,1,999,1-25,100.0,1.0,0.0,2157.0,5.0,0.0,0.0,0.0,1.0,0,3.0,0.0,0.0,0.0,0.0,0.0,0.0,0.0,0.0
1763,1,1,2,0,0,1,999,1-25,100.0,1.0,0.0,2157.0,2.0,0.0,0.0,0.0,1.0,0,3.0,0.0,0.0,0.0,0.0,0.0,0.0,0.0,0.0
1766,1,1,2,0,0,1,999,1-25,100.0,1.0,0.0,2153.0,628.0,0.0,0.0,199.0,1.0,0,3.0,2.0,2.0,2.0,1.0,2.0,0.0,0.0,0.0
1769,1,1,2,0,0,1,999,1-25,100.0,1.0,0.0,2149.0,598.0,0.0,0.0,199.0,1.0,0,3.0,8.0,11.0,22.0,11.0,9.0,0.0,0.0,0.0
1770,1,1,2,0,0,1,999,1-25,12000.0,1.0,0.0,2149.0,1580.0,1.0,0.0,0.0,1.0,0,3.0,0.0,0.0,0.0,0.0,0.0,0.0,0.0,0.0
1774,1,1,2,0,0,1,999,1-25,12000.0,1.0,0.0,2145.0,1572.0,1.0,0.0,0.0,1.0,0,3.0,8.0,2.0,1.0,0.0,1.0,0.0,0.0,0.0
1776,1,1,2,0,0,1,999,1-25,100.0,1.0,0.0,2145.0,628.0,0.0,0.0,199.0,1.0,0,3.0,0.0,0.0,0.0,0.0,0.0,0.0,0.0,0.0
1778,1,1,2,0,0,1,999,1-25,100.0,1.0,0.0,2143.0,180.0,0.0,0.0,199.0,1.0,0,3.0,0.0,0.0,0.0,0.0,0.0,0.0,0.0,0.0
1781,1,1,2,0,0,1,999,1-25,100.0,1.0,0.0,2143.0,180.0,0.0,0.0,199.0,1.0,0,3.0,0.0,0.0,0.0,0.0,0.0,0.0,0.0,0.0
1782,1,1,2,0,0,1,999,1-25,100.0,1.0,0.0,2143.0,630.0,0.0,0.0,199.0,1.0,0,3.0,0.0,0.0,0.0,0.0,0.0,0.0,0.0,0.0
1785,1,1,2,0,0,1,999,1-25,100.0,1.0,0.0,2138.0,180.0,0.0,0.0,199.0,1.0,0,3.0,1.0,2.0,0.0,0.0,0.0,0.0,0.0,0.0
1787,1,1,2,0,0,1,999,1-25,12000.0,1.0,0.0,2136.0,1580.0,1.0,0.0,0.0,1.0,1,3.0,1.0,1.0,1.0,0.0,0.0,0.0,0.0,0.0
1796,1,1,2,0,0,1,999,1-25,100.0,1.0,0.0,2130.0,180.0,0.0,0.0,199.0,1.0,0,3.0,1.0,2.0,7.0,0.0,0.0,0.0,0.0,0.0
1800,1,1,2,0,0,1,999,1-25,100.0,1.0,0.0,2124.0,180.0,0.0,0.0,199.0,1.0,0,3.0,0.0,0.0,0.0,0.0,0.0,0.0,0.0,0.0
1801,1,1,2,0,0,1,999,1-25,100.0,1.0,0.0,2124.0,180.0,0.0,0.0,199.0,1.0,0,3.0,0.0,0.0,0.0,0.0,0.0,0.0,0.0,0.0
1802,1,1,2,0,0,1,999,1-25,100.0,1.0,0.0,2123.0,627.0,0.0,0.0,199.0,1.0,0,3.0,2.0,1.0,10.0,4.0,3.0,1.0,0.0,0.0
1810,1,1,2,0,0,1,999,1-25,100.0,1.0,0.0,2118.0,180.0,0.0,0.0,199.0,1.0,0,3.0,0.0,0.0,0.0,0.0,0.0,0.0,0.0,0.0
1811,1,1,2,0,0,1,999,1-25,100.0,1.0,0.0,2118.0,180.0,0.0,0.0,199.0,1.0,0,3.0,0.0,1.0,0.0,0.0,0.0,0.0,0.0,0.0
1828,1,1,2,0,0,1,999,1-25,100.0,0.0,0.0,0.0,80.0,0.0,1.0,200.0,2.0,0,3.0,11.0,31.0,124.0,46.0,45.0,0.0,0.0,0.0
1839,0,1,2,0,0,1,10,1-25,10000.0,1.0,0.0,879.0,300.0,1.0,0.0,59275.4,10.0,1,6.0,151.0,330.0,1397.0,288.0,279.0,11.0,0.0,0.0
1841,1,1,2,0,0,1,999,1-25,100.0,1.0,0.0,2110.0,730.0,0.0,0.0,199.0,1.0,0,3.0,0.0,0.0,0.0,0.0,0.0,0.0,0.0,0.0
1842,1,1,2,0,0,1,999,1-25,100.0,1.0,0.0,2110.0,100.0,0.0,0.0,398.0,2.0,0,3.0,0.0,0.0,0.0,0.0,0.0,0.0,0.0,0.0
1843,1,1,2,0,0,1,999,1-25,100.0,1.0,0.0,2110.0,2380.0,0.0,0.0,199.0,1.0,0,3.0,0.0,0.0,0.0,0.0,0.0,0.0,0.0,0.0
1850,1,1,2,0,0,1,999,1-25,100.0,1.0,0.0,2107.0,630.0,0.0,0.0,199.0,1.0,0,3.0,0.0,0.0,0.0,0.0,0.0,0.0,0.0,0.0
1851,1,1,2,0,0,1,999,1-25,100.0,1.0,0.0,2107.0,630.0,0.0,0.0,199.0,1.0,0,3.0,0.0,0.0,0.0,0.0,0.0,0.0,0.0,0.0
1852,1,1,2,0,0,1,999,1-25,100.0,1.0,0.0,2107.0,626.0,0.0,0.0,199.0,1.0,0,3.0,1.0,6.0,9.0,2.0,2.0,0.0,0.0,0.0
1853,1,1,2,0,0,1,999,1-25,100.0,1.0,0.0,2107.0,630.0,0.0,0.0,199.0,1.0,0,3.0,0.0,0.0,0.0,0.0,0.0,0.0,0.0,0.0
1854,1,1,2,0,0,1,999,1-25,100.0,1.0,0.0,2107.0,180.0,0.0,0.0,199.0,1.0,0,3.0,0.0,0.0,0.0,0.0,0.0,0.0,0.0,0.0
1856,1,1,2,0,0,1,999,1-25,12000.0,1.0,0.0,2107.0,1578.0,1.0,0.0,0.0,1.0,0,3.0,2.0,2.0,10.0,1.0,2.0,0.0,0.0,0.0
1858,1,1,2,0,0,1,999,1-25,12000.0,1.0,0.0,2100.0,1580.0,1.0,0.0,0.0,1.0,0,3.0,0.0,0.0,0.0,0.0,0.0,0.0,0.0,0.0
1859,1,1,2,0,0,1,999,1-25,100.0,1.0,0.0,2098.0,189.0,0.0,0.0,99.0,2.0,0,3.0,10.0,1.0,4.0,0.0,0.0,0.0,0.0,0.0
1867,1,1,2,0,0,1,999,1-25,100.0,1.0,0.0,2086.0,180.0,0.0,0.0,199.0,1.0,0,3.0,0.0,0.0,0.0,0.0,0.0,0.0,0.0,0.0
1868,1,1,2,0,0,1,999,1-25,12000.0,1.0,0.0,2086.0,1580.0,1.0,0.0,0.0,1.0,1,3.0,0.0,0.0,0.0,0.0,0.0,0.0,0.0,0.0
1870,1,1,2,0,0,1,999,1-25,12000.0,1.0,0.0,2074.0,4078.0,1.0,0.0,0.0,1.0,0,3.0,1.0,1.0,14.0,1.0,1.0,0.0,0.0,0.0
1873,1,1,1,0,1,1,999,500-1000,100.0,1.0,0.0,23.0,882.0,0.0,0.0,1243365.0,238.0,0,4.0,297.0,547.0,2539.0,728.0,604.0,113.0,32.0,67.0
1876,1,1,2,0,0,1,999,1-25,12000.0,1.0,0.0,2066.0,1580.0,1.0,0.0,0.0,1.0,0,3.0,0.0,0.0,0.0,0.0,0.0,0.0,0.0,0.0
1877,1,1,2,0,0,1,999,1-25,12000.0,1.0,0.0,2066.0,4080.0,1.0,0.0,0.0,1.0,0,3.0,0.0,0.0,0.0,0.0,0.0,0.0,0.0,0.0
1878,1,1,2,0,0,1,999,1-25,100.0,1.0,0.0,2066.0,190.0,0.0,0.0,299.0,2.0,0,3.0,1.0,1.0,1.0,0.0,0.0,0.0,0.0,0.0
1883,1,1,2,0,0,1,999,1-25,100.0,1.0,0.0,2065.0,505.0,0.0,0.0,705.0,4.0,0,3.0,0.0,0.0,0.0,0.0,0.0,0.0,0.0,0.0
1885,1,1,2,0,0,1,999,1-25,12000.0,1.0,0.0,2061.0,1590.0,1.0,0.0,2.0,3.0,0,3.0,0.0,0.0,0.0,0.0,0.0,0.0,0.0,0.0
1888,1,1,1,0,0,1,999,1-25,100.0,1.0,0.0,2060.0,239.0,0.0,0.0,641.0,17.0,0,3.0,0.0,0.0,0.0,0.0,0.0,0.0,0.0,0.0
1889,1,1,2,0,0,1,999,1-25,100.0,1.0,0.0,2060.0,191.0,0.0,0.0,400.0,4.0,0,3.0,1.0,0.0,0.0,0.0,0.0,0.0,0.0,0.0
1890,1,1,2,0,0,1,999,1-25,100.0,1.0,0.0,2059.0,116.0,0.0,0.0,470.0,14.0,0,3.0,0.0,0.0,0.0,0.0,0.0,0.0,0.0,0.0
1891,1,1,2,0,0,1,999,1-25,100.0,1.0,0.0,2058.0,170.0,0.0,0.0,247.0,13.0,0,3.0,1.0,1.0,3.0,2.0,2.0,0.0,0.0,0.0
1895,1,1,2,0,0,1,999,1-25,12000.0,1.0,0.0,2058.0,1580.0,1.0,0.0,0.0,1.0,1,3.0,0.0,0.0,0.0,0.0,0.0,0.0,0.0,0.0
1896,1,1,2,0,0,1,999,1-25,12000.0,1.0,0.0,2058.0,1580.0,1.0,0.0,0.0,1.0,0,3.0,0.0,0.0,0.0,0.0,0.0,0.0,0.0,0.0
1897,1,1,2,0,0,1,999,1-25,100.0,1.0,0.0,2058.0,630.0,0.0,0.0,221.0,2.0,0,3.0,0.0,0.0,0.0,0.0,0.0,0.0,0.0,0.0
1900,1,1,2,0,0,1,999,1-25,100.0,1.0,0.0,2051.0,740.0,0.0,0.0,199.0,1.0,0,3.0,0.0,0.0,0.0,0.0,0.0,0.0,0.0,0.0
1903,1,1,2,0,0,1,999,1-25,100.0,1.0,0.0,2046.0,180.0,0.0,0.0,10.0,1.0,0,3.0,0.0,0.0,0.0,0.0,0.0,0.0,0.0,0.0
1904,1,1,2,0,0,1,999,1-25,100.0,1.0,0.0,2046.0,90.0,0.0,0.0,10.0,1.0,0,3.0,0.0,0.0,0.0,0.0,0.0,0.0,0.0,0.0
1906,1,1,2,0,0,1,999,1-25,100.0,1.0,0.0,2046.0,146.0,0.0,0.0,66.0,1.0,0,3.0,0.0,0.0,0.0,0.0,0.0,0.0,0.0,0.0
1907,1,1,2,0,0,1,999,1-25,100.0,1.0,0.0,2046.0,146.0,0.0,0.0,66.0,1.0,0,3.0,0.0,0.0,0.0,0.0,0.0,0.0,0.0,0.0
1909,1,1,2,0,0,1,999,1-25,100.0,1.0,0.0,2045.0,89.0,0.0,0.0,1.0,1.0,0,3.0,0.0,1.0,5.0,1.0,1.0,0.0,0.0,0.0
1910,1,1,2,0,0,1,999,1-25,100.0,1.0,0.0,2045.0,92.0,0.0,0.0,344.0,1.0,0,3.0,0.0,0.0,0.0,0.0,0.0,0.0,0.0,0.0
1911,1,1,2,0,0,1,999,1-25,12000.0,1.0,0.0,2044.0,4080.0,1.0,0.0,0.0,1.0,0,3.0,0.0,1.0,0.0,1.0,0.0,0.0,0.0,0.0
1912,1,1,2,0,0,1,999,1-25,12000.0,1.0,0.0,2044.0,1580.0,1.0,0.0,0.0,1.0,0,3.0,0.0,0.0,0.0,0.0,0.0,0.0,0.0,0.0
1913,1,1,2,0,0,1,999,1-25,12000.0,1.0,0.0,2044.0,1580.0,1.0,0.0,0.0,1.0,1,3.0,0.0,0.0,0.0,0.0,0.0,0.0,0.0,0.0
1914,1,1,2,0,0,1,999,1-25,100.0,1.0,0.0,2041.0,97.0,0.0,0.0,10.0,1.0,0,3.0,0.0,1.0,6.0,1.0,1.0,1.0,0.0,0.0
1915,1,1,2,0,0,1,999,1-25,100.0,1.0,0.0,2041.0,200.0,0.0,0.0,120.0,1.0,0,3.0,0.0,0.0,0.0,0.0,0.0,0.0,0.0,0.0
1916,1,1,2,0,0,1,999,1-25,100.0,1.0,0.0,2041.0,200.0,0.0,0.0,120.0,1.0,0,3.0,0.0,0.0,0.0,0.0,0.0,0.0,0.0,0.0
1917,1,1,2,0,0,1,999,1-25,100.0,1.0,0.0,2041.0,80.0,0.0,0.0,30.0,1.0,0,3.0,0.0,0.0,0.0,0.0,0.0,0.0,0.0,0.0
1918,1,1,2,0,0,1,999,1-25,12000.0,2.0,0.0,946.0,1577.0,1.0,0.0,0.0,1.0,0,3.0,0.0,7.0,7.0,3.0,3.0,0.0,0.0,0.0
1919,1,1,2,0,0,1,999,1-25,100.0,1.0,0.0,2040.0,100.0,0.0,0.0,10.0,1.0,0,3.0,0.0,0.0,0.0,0.0,0.0,0.0,0.0,0.0
1920,1,1,2,0,0,1,999,1-25,12000.0,1.0,0.0,2040.0,1580.0,1.0,0.0,0.0,1.0,0,3.0,0.0,1.0,0.0,0.0,0.0,0.0,0.0,0.0
1921,1,1,2,0,0,1,999,1-25,12000.0,1.0,0.0,2040.0,1580.0,1.0,0.0,0.0,1.0,0,3.0,0.0,0.0,0.0,0.0,0.0,0.0,0.0,0.0
1922,1,1,2,0,0,1,999,1-25,100.0,1.0,0.0,2040.0,10.0,0.0,0.0,0.0,1.0,0,3.0,0.0,0.0,0.0,0.0,0.0,0.0,0.0,0.0
1923,1,1,2,0,0,1,999,1-25,12000.0,1.0,0.0,2040.0,1580.0,1.0,0.0,0.0,1.0,0,3.0,0.0,1.0,2.0,0.0,0.0,0.0,0.0,0.0
1924,1,1,2,0,0,1,999,1-25,100.0,1.0,0.0,2039.0,630.0,0.0,0.0,398.0,2.0,0,3.0,0.0,0.0,0.0,0.0,0.0,0.0,0.0,0.0
1925,1,1,2,0,0,1,999,1-25,12000.0,1.0,0.0,2039.0,1562.0,1.0,0.0,0.0,1.0,0,3.0,1.0,41.0,98.0,31.0,35.0,2.0,0.0,0.0
1926,1,1,2,0,0,1,999,1-25,12000.0,1.0,0.0,2039.0,1580.0,1.0,0.0,0.0,1.0,0,3.0,0.0,0.0,0.0,0.0,0.0,0.0,0.0,0.0
1927,1,1,2,0,0,1,999,1-25,12000.0,1.0,0.0,2039.0,1580.0,1.0,0.0,398.0,3.0,1,3.0,0.0,0.0,0.0,0.0,0.0,0.0,0.0,0.0
1928,1,1,2,0,0,1,999,1-25,100.0,1.0,0.0,2039.0,180.0,0.0,0.0,199.0,1.0,0,3.0,0.0,0.0,0.0,0.0,0.0,0.0,0.0,0.0
1929,1,1,2,0,0,1,999,1-25,12000.0,1.0,0.0,2039.0,1580.0,1.0,0.0,0.0,1.0,0,3.0,0.0,0.0,0.0,0.0,0.0,0.0,0.0,0.0
1930,1,1,2,0,0,1,999,1-25,100.0,1.0,0.0,2039.0,90.0,0.0,0.0,70.0,2.0,0,3.0,0.0,0.0,0.0,0.0,0.0,0.0,0.0,0.0
1931,1,1,2,0,0,1,999,1-25,12000.0,1.0,0.0,2039.0,4080.0,1.0,0.0,0.0,1.0,0,3.0,0.0,0.0,0.0,0.0,0.0,0.0,0.0,0.0
1933,1,1,2,0,0,1,999,1-25,12000.0,1.0,0.0,1884.0,1580.0,1.0,0.0,0.0,1.0,0,3.0,0.0,0.0,0.0,0.0,0.0,0.0,0.0,0.0
1934,1,1,2,0,0,1,999,1-25,100.0,1.0,0.0,2039.0,630.0,0.0,0.0,199.0,1.0,0,3.0,0.0,0.0,0.0,0.0,0.0,0.0,0.0,0.0
1935,1,1,2,0,0,1,999,1-25,100.0,1.0,0.0,2039.0,380.0,0.0,0.0,199.0,1.0,0,3.0,0.0,0.0,0.0,0.0,0.0,0.0,0.0,0.0
1936,1,1,2,0,0,1,999,1-25,100.0,1.0,0.0,2039.0,92.0,0.0,0.0,10.0,1.0,0,3.0,0.0,0.0,0.0,0.0,0.0,0.0,0.0,0.0
1942,1,1,2,0,0,1,999,1-25,100.0,1.0,0.0,2038.0,89.0,0.0,0.0,10.0,1.0,0,3.0,0.0,0.0,0.0,0.0,0.0,0.0,0.0,0.0
1943,1,1,2,0,0,1,999,1-25,12000.0,1.0,0.0,2038.0,1580.0,1.0,0.0,0.0,1.0,0,3.0,0.0,0.0,0.0,0.0,0.0,0.0,0.0,0.0
1946,1,1,2,0,0,1,999,1-25,100.0,1.0,0.0,2038.0,180.0,0.0,0.0,199.0,1.0,0,3.0,0.0,0.0,0.0,0.0,0.0,0.0,0.0,0.0
1955,1,1,2,0,0,1,999,1-25,100.0,1.0,0.0,2038.0,660.0,0.0,0.0,199.0,1.0,0,3.0,0.0,0.0,0.0,0.0,0.0,0.0,0.0,0.0
1956,1,1,2,0,0,1,999,1-25,12000.0,1.0,0.0,2038.0,1580.0,1.0,0.0,199.0,2.0,0,3.0,0.0,0.0,0.0,0.0,0.0,0.0,0.0,0.0
1960,1,1,2,0,0,1,999,1-25,100.0,1.0,0.0,2038.0,2430.0,0.0,0.0,199.0,1.0,0,3.0,0.0,0.0,0.0,0.0,0.0,0.0,0.0,0.0
1968,1,1,2,0,0,1,999,1-25,100.0,1.0,0.0,2038.0,630.0,0.0,0.0,199.0,1.0,0,3.0,0.0,0.0,0.0,0.0,0.0,0.0,0.0,0.0
1986,1,1,2,0,0,1,999,1-25,100.0,1.0,0.0,2038.0,121.0,0.0,0.0,1.0,1.0,0,3.0,0.0,0.0,0.0,0.0,0.0,0.0,0.0,0.0
1988,1,1,2,0,0,1,999,1-25,100.0,1.0,0.0,2038.0,231.0,0.0,0.0,199.0,1.0,0,3.0,0.0,0.0,0.0,0.0,0.0,0.0,0.0,0.0
2009,1,1,2,0,0,1,999,1-25,100.0,1.0,0.0,2038.0,179.0,0.0,0.0,199.0,1.0,0,3.0,0.0,2.0,3.0,1.0,1.0,0.0,0.0,0.0
2010,1,1,2,0,0,1,999,1-25,100.0,1.0,0.0,2037.0,130.0,0.0,0.0,100.0,1.0,0,3.0,0.0,0.0,0.0,0.0,0.0,0.0,0.0,0.0
2011,1,1,2,0,0,1,999,1-25,100.0,1.0,0.0,2037.0,81.0,0.0,0.0,1.0,1.0,0,3.0,0.0,0.0,0.0,0.0,0.0,0.0,0.0,0.0
2012,1,1,2,0,0,1,999,1-25,100.0,1.0,0.0,2037.0,107.0,0.0,0.0,60.0,1.0,0,3.0,0.0,3.0,3.0,1.0,1.0,0.0,0.0,0.0
2013,1,1,2,0,0,1,999,1-25,100.0,1.0,0.0,2034.0,130.0,0.0,0.0,40.0,1.0,0,3.0,0.0,1.0,6.0,1.0,2.0,0.0,0.0,0.0
2017,1,1,2,0,0,1,999,1-25,100.0,1.0,0.0,2034.0,547.0,0.0,0.0,737.0,5.0,0,3.0,0.0,57.0,69.0,57.0,9.0,50.0,0.0,0.0
2021,1,1,2,0,0,1,7,1-25,100.0,1.0,0.0,1862.0,621.0,0.0,0.0,199.0,1.0,0,3.0,1.0,28.0,61.0,45.0,44.0,0.0,0.0,0.0
2024,1,1,2,0,0,0,1,1-25,12000.0,1.0,0.0,2027.0,1580.0,1.0,0.0,0.0,1.0,0,3.0,0.0,0.0,0.0,0.0,0.0,0.0,0.0,0.0
2026,1,1,2,0,0,1,3,1-25,100.0,1.0,0.0,2027.0,630.0,0.0,0.0,199.0,1.0,0,3.0,0.0,0.0,0.0,0.0,0.0,0.0,0.0,0.0
2027,1,1,2,0,0,1,109,1-25,90.0,1.0,0.0,2027.0,630.0,0.0,0.0,597.0,3.0,0,3.0,0.0,0.0,0.0,0.0,0.0,0.0,0.0,0.0
2028,1,1,2,0,0,1,3,1-25,100.0,1.0,0.0,2025.0,90.0,0.0,0.0,10.0,1.0,0,3.0,0.0,0.0,0.0,0.0,0.0,0.0,0.0,0.0
2031,1,1,2,0,0,0,1,1-25,100.0,1.0,0.0,2024.0,301.0,0.0,0.0,1199.0,2.0,0,3.0,0.0,1.0,4.0,1.0,1.0,0.0,0.0,0.0
2032,1,1,2,0,0,1,12,1-25,100.0,1.0,0.0,2024.0,180.0,0.0,0.0,410.0,3.0,0,3.0,0.0,0.0,0.0,0.0,0.0,0.0,0.0,0.0
2039,1,1,2,0,0,1,4,1-25,100.0,1.0,0.0,2024.0,80.0,0.0,0.0,12.0,1.0,0,3.0,0.0,0.0,0.0,0.0,0.0,0.0,0.0,0.0
2041,1,1,2,0,0,0,1,1-25,100.0,1.0,0.0,2020.0,630.0,0.0,0.0,199.0,1.0,0,3.0,0.0,5.0,0.0,0.0,0.0,0.0,0.0,0.0
2042,1,1,2,0,0,0,1,1-25,100.0,1.0,0.0,2020.0,630.0,0.0,0.0,199.0,1.0,0,3.0,0.0,0.0,0.0,0.0,0.0,0.0,0.0,0.0
2045,1,1,2,0,0,1,10,1-25,100.0,1.0,0.0,2019.0,626.0,0.0,0.0,199.0,1.0,0,3.0,0.0,4.0,12.0,3.0,3.0,0.0,0.0,0.0
2046,1,1,2,0,0,1,22,1-25,100.0,1.0,0.0,1583.0,1926.0,0.0,0.0,349.0,2.0,0,3.0,34.0,10.0,277.0,67.0,56.0,10.0,0.0,0.0
2055,1,1,2,0,0,1,3,1-25,100.0,1.0,0.0,2019.0,629.0,0.0,0.0,199.0,1.0,0,3.0,0.0,1.0,0.0,1.0,1.0,0.0,0.0,0.0
2056,1,1,2,0,0,0,1,1-25,100.0,1.0,0.0,2019.0,630.0,0.0,0.0,199.0,1.0,0,3.0,0.0,0.0,0.0,0.0,0.0,0.0,0.0,0.0
2057,1,1,2,0,0,0,1,1-25,100.0,1.0,0.0,2019.0,630.0,0.0,0.0,199.0,1.0,0,3.0,0.0,0.0,0.0,0.0,0.0,0.0,0.0,0.0
2071,1,1,2,0,0,1,5,1-25,100.0,1.0,0.0,2019.0,80.0,0.0,0.0,10.0,1.0,0,3.0,0.0,0.0,0.0,0.0,0.0,0.0,0.0,0.0
2090,1,1,2,0,0,1,3,1-25,100.0,1.0,0.0,2018.0,90.0,0.0,0.0,10.0,1.0,0,3.0,0.0,0.0,0.0,0.0,0.0,0.0,0.0,0.0
2095,1,1,2,0,0,0,1,1-25,100.0,1.0,0.0,2018.0,630.0,0.0,0.0,199.0,1.0,0,3.0,0.0,0.0,0.0,0.0,0.0,0.0,0.0,0.0
2096,1,1,2,0,0,0,1,1-25,100.0,1.0,0.0,2018.0,630.0,0.0,0.0,199.0,1.0,0,3.0,0.0,0.0,0.0,0.0,0.0,0.0,0.0,0.0
2097,1,1,2,0,0,0,1,1-25,100.0,1.0,0.0,2018.0,630.0,0.0,0.0,199.0,1.0,0,3.0,0.0,0.0,0.0,0.0,0.0,0.0,0.0,0.0
2098,1,1,2,0,0,1,3,1-25,100.0,1.0,0.0,2018.0,80.0,0.0,0.0,10.0,1.0,0,3.0,0.0,0.0,0.0,0.0,0.0,0.0,0.0,0.0
2103,1,1,2,0,0,1,2,1-25,100.0,1.0,0.0,2018.0,80.0,0.0,0.0,10.0,1.0,0,3.0,0.0,0.0,0.0,0.0,0.0,0.0,0.0,0.0
2107,1,1,1,0,0,0,1,1-25,12000.0,1.0,0.0,2017.0,1500.0,1.0,0.0,0.0,1.0,0,3.0,0.0,2.0,0.0,0.0,0.0,0.0,0.0,0.0
2110,1,1,2,0,0,1,3,1-25,100.0,1.0,0.0,2017.0,230.0,0.0,0.0,199.0,1.0,0,3.0,0.0,0.0,0.0,0.0,0.0,0.0,0.0,0.0
2111,1,1,2,0,0,1,3,1-25,100.0,1.0,0.0,2017.0,208.0,0.0,0.0,10.0,1.0,0,3.0,0.0,1.0,3.0,1.0,1.0,0.0,0.0,0.0
2112,1,1,2,0,0,1,4,1-25,100.0,1.0,0.0,2017.0,150.0,0.0,0.0,150.0,1.0,0,3.0,0.0,0.0,0.0,0.0,0.0,0.0,0.0,0.0
2113,1,1,2,0,0,1,2,1-25,100.0,1.0,0.0,2017.0,580.0,0.0,0.0,199.0,1.0,0,3.0,0.0,0.0,0.0,0.0,0.0,0.0,0.0,0.0
2114,1,1,2,0,0,1,6,1-25,100.0,1.0,0.0,2017.0,85.0,0.0,0.0,199.0,1.0,0,3.0,0.0,0.0,0.0,0.0,0.0,0.0,0.0,0.0
2115,1,1,2,0,0,1,4,1-25,100.0,1.0,0.0,2017.0,150.0,0.0,0.0,150.0,1.0,0,3.0,0.0,0.0,0.0,0.0,0.0,0.0,0.0,0.0
2116,1,1,2,0,0,1,6,1-25,100.0,1.0,0.0,2017.0,180.0,0.0,0.0,199.0,1.0,0,3.0,0.0,0.0,0.0,0.0,0.0,0.0,0.0,0.0
2117,1,1,2,0,0,1,4,1-25,100.0,1.0,0.0,2017.0,150.0,0.0,0.0,150.0,1.0,0,3.0,0.0,0.0,0.0,0.0,0.0,0.0,0.0,0.0
2118,1,1,2,0,0,1,3,1-25,100.0,1.0,0.0,2017.0,279.0,0.0,0.0,200.0,1.0,0,3.0,0.0,0.0,0.0,0.0,0.0,0.0,0.0,0.0
2120,1,1,2,0,0,0,1,1-25,12000.0,1.0,0.0,2017.0,1850.0,1.0,0.0,0.0,1.0,0,3.0,0.0,0.0,0.0,0.0,0.0,0.0,0.0,0.0
2121,1,1,2,0,0,0,1,1-25,12000.0,1.0,0.0,2017.0,4800.0,1.0,0.0,0.0,1.0,0,3.0,0.0,0.0,0.0,0.0,0.0,0.0,0.0,0.0
2122,1,1,2,0,0,0,1,1-25,12000.0,1.0,0.0,2017.0,4080.0,1.0,0.0,0.0,1.0,0,3.0,0.0,0.0,0.0,0.0,0.0,0.0,0.0,0.0
2123,1,1,2,0,0,1,2,1-25,100.0,1.0,0.0,2017.0,180.0,0.0,0.0,150.0,1.0,0,3.0,0.0,0.0,0.0,0.0,0.0,0.0,0.0,0.0
2124,1,1,2,0,0,0,1,1-25,12000.0,1.0,0.0,2017.0,4080.0,1.0,0.0,0.0,1.0,0,3.0,0.0,0.0,0.0,0.0,0.0,0.0,0.0,0.0
2125,1,1,2,0,0,1,2,1-25,100.0,1.0,0.0,2017.0,180.0,0.0,0.0,150.0,1.0,0,3.0,0.0,0.0,0.0,0.0,0.0,0.0,0.0,0.0
2126,1,1,2,0,0,1,2,1-25,100.0,1.0,0.0,2017.0,180.0,0.0,0.0,150.0,1.0,0,3.0,0.0,0.0,0.0,0.0,0.0,0.0,0.0,0.0
2127,1,1,2,0,0,0,1,1-25,12000.0,1.0,0.0,2017.0,4080.0,1.0,0.0,0.0,1.0,0,3.0,0.0,0.0,0.0,0.0,0.0,0.0,0.0,0.0
2128,1,1,2,0,0,0,1,1-25,12000.0,1.0,0.0,2017.0,90.0,1.0,0.0,0.0,1.0,0,3.0,0.0,0.0,0.0,0.0,0.0,0.0,0.0,0.0
2129,1,1,2,0,0,1,2,1-25,100.0,1.0,0.0,2017.0,140.0,0.0,0.0,211.0,1.0,0,3.0,0.0,0.0,0.0,0.0,0.0,0.0,0.0,0.0
2130,1,1,2,0,0,0,1,1-25,100.0,1.0,0.0,2016.0,630.0,0.0,0.0,199.0,1.0,0,3.0,0.0,0.0,0.0,0.0,0.0,0.0,0.0,0.0
2131,1,1,2,0,0,0,1,1-25,12000.0,1.0,0.0,2016.0,1580.0,1.0,0.0,0.0,1.0,0,3.0,0.0,0.0,0.0,0.0,0.0,0.0,0.0,0.0
2132,1,1,2,0,0,0,1,1-25,12000.0,1.0,0.0,2016.0,1580.0,1.0,0.0,0.0,1.0,0,3.0,0.0,0.0,0.0,0.0,0.0,0.0,0.0,0.0
2133,1,1,2,0,0,1,3,1-25,100.0,1.0,0.0,2016.0,1420.0,0.0,0.0,199.0,1.0,0,3.0,5.0,4.0,21.0,11.0,15.0,2.0,0.0,0.0
2134,1,1,2,0,0,0,1,1-25,100.0,1.0,0.0,2016.0,630.0,0.0,0.0,199.0,1.0,0,3.0,0.0,1.0,0.0,0.0,0.0,0.0,0.0,0.0
2135,1,1,2,0,0,1,3,1-25,100.0,1.0,0.0,2016.0,130.0,0.0,0.0,200.0,1.0,0,3.0,0.0,0.0,0.0,0.0,0.0,0.0,0.0,0.0
2136,1,1,2,0,0,1,11,1-25,100.0,1.0,0.0,2016.0,82.0,0.0,0.0,10.0,1.0,0,3.0,0.0,1.0,0.0,0.0,0.0,0.0,0.0,0.0
2137,1,1,2,0,0,1,3,1-25,100.0,1.0,0.0,2016.0,85.0,0.0,0.0,200.0,1.0,0,3.0,0.0,0.0,0.0,0.0,0.0,0.0,0.0,0.0
2138,1,1,2,0,0,1,11,1-25,100.0,1.0,0.0,2016.0,82.0,0.0,0.0,10.0,1.0,0,3.0,0.0,0.0,0.0,0.0,0.0,0.0,0.0,0.0
2139,1,1,2,0,0,1,3,1-25,100.0,1.0,0.0,2016.0,85.0,0.0,0.0,200.0,1.0,0,3.0,0.0,0.0,0.0,0.0,0.0,0.0,0.0,0.0
2140,1,1,2,0,0,1,3,1-25,100.0,1.0,0.0,2016.0,85.0,0.0,0.0,200.0,1.0,0,3.0,0.0,0.0,0.0,0.0,0.0,0.0,0.0,0.0
2141,1,1,2,0,0,1,11,1-25,100.0,1.0,0.0,2016.0,82.0,0.0,0.0,10.0,1.0,0,3.0,0.0,0.0,0.0,0.0,0.0,0.0,0.0,0.0
2142,1,1,2,0,0,1,3,1-25,100.0,1.0,0.0,2016.0,202.0,0.0,0.0,200.0,1.0,0,3.0,0.0,0.0,0.0,0.0,0.0,0.0,0.0,0.0
2143,1,1,2,0,0,0,1,1-25,100.0,1.0,0.0,2016.0,201.0,0.0,0.0,200.0,1.0,0,3.0,0.0,1.0,5.0,3.0,3.0,0.0,0.0,0.0
2145,1,1,2,0,0,0,1,1-25,100.0,1.0,0.0,2016.0,630.0,0.0,0.0,199.0,1.0,0,3.0,0.0,0.0,0.0,0.0,0.0,0.0,0.0,0.0
2153,1,1,2,0,0,0,1,1-25,100.0,1.0,0.0,2011.0,630.0,0.0,0.0,199.0,1.0,0,3.0,5.0,1.0,10.0,2.0,2.0,0.0,0.0,0.0
2154,1,1,2,0,0,0,1,1-25,100.0,1.0,0.0,2011.0,290.0,0.0,0.0,398.0,3.0,0,3.0,0.0,0.0,0.0,0.0,0.0,0.0,0.0,0.0
2155,1,1,2,0,0,0,1,1-25,12000.0,1.0,0.0,2011.0,1556.0,1.0,0.0,0.0,1.0,0,3.0,29.0,3.0,167.0,75.0,76.0,0.0,0.0,0.0
2156,1,1,2,0,0,0,1,1-25,100.0,1.0,0.0,2011.0,640.0,0.0,0.0,199.0,1.0,0,3.0,0.0,0.0,0.0,0.0,0.0,0.0,0.0,0.0
2157,1,1,2,0,0,0,1,1-25,100.0,1.0,0.0,2009.0,829.0,0.0,0.0,199.0,1.0,0,3.0,1.0,2.0,4.0,1.0,1.0,0.0,0.0,0.0
2168,1,1,2,0,0,0,1,1-25,100.0,1.0,0.0,1999.0,1628.0,0.0,0.0,1199.0,2.0,0,3.0,2.0,2.0,1.0,1.0,1.0,0.0,0.0,0.0
2169,1,1,2,0,0,1,1,1-25,100.0,1.0,0.0,1428.0,499999.0,0.0,0.0,4048.0,13.0,0,3.0,131.0,216.0,1820.0,533.0,517.0,17.0,0.0,0.0
2170,1,1,2,0,0,0,1,1-25,12000.0,1.0,0.0,1995.0,1580.0,1.0,0.0,0.0,1.0,0,3.0,0.0,0.0,0.0,0.0,0.0,0.0,0.0,0.0
2171,1,1,2,0,0,0,1,1-25,100.0,1.0,0.0,1995.0,630.0,0.0,0.0,199.0,1.0,0,3.0,0.0,0.0,0.0,0.0,0.0,0.0,0.0,0.0
2172,1,1,2,0,0,0,1,1-25,12000.0,1.0,0.0,1992.0,1580.0,1.0,0.0,0.0,1.0,0,3.0,0.0,0.0,0.0,0.0,0.0,0.0,0.0,0.0
2173,1,1,2,0,0,0,1,1-25,12000.0,1.0,0.0,1991.0,1580.0,1.0,0.0,0.0,1.0,0,3.0,0.0,1.0,2.0,0.0,0.0,0.0,0.0,0.0
2174,1,1,2,0,0,0,1,1-25,12000.0,1.0,0.0,1991.0,1580.0,1.0,0.0,0.0,1.0,0,3.0,0.0,0.0,0.0,0.0,0.0,0.0,0.0,0.0
2175,1,1,2,0,0,1,3,1-25,100.0,1.0,0.0,1991.0,630.0,0.0,0.0,199.0,1.0,0,3.0,0.0,0.0,0.0,0.0,0.0,0.0,0.0,0.0
2178,1,1,2,0,0,0,1,1-25,100.0,1.0,0.0,1991.0,95.0,0.0,0.0,10.0,3.0,0,3.0,0.0,0.0,0.0,0.0,0.0,0.0,0.0,0.0
2181,1,1,2,0,0,0,1,1-25,100.0,1.0,0.0,1988.0,630.0,0.0,0.0,199.0,1.0,0,3.0,0.0,0.0,0.0,0.0,0.0,0.0,0.0,0.0
2182,1,1,2,0,0,0,1,1-25,100.0,1.0,0.0,1988.0,5.0,0.0,0.0,0.0,1.0,0,3.0,0.0,0.0,0.0,0.0,0.0,0.0,0.0,0.0
2183,1,1,2,0,0,0,1,1-25,12000.0,1.0,0.0,1984.0,1559.0,1.0,0.0,0.0,1.0,0,3.0,5.0,1.0,64.0,20.0,20.0,1.0,0.0,0.0
2184,1,1,2,0,0,0,1,1-25,100.0,1.0,0.0,1984.0,630.0,0.0,0.0,199.0,1.0,0,3.0,0.0,0.0,0.0,0.0,0.0,0.0,0.0,0.0
2185,1,1,2,0,0,0,1,1-25,12000.0,1.0,0.0,1984.0,1580.0,1.0,0.0,0.0,1.0,0,3.0,0.0,0.0,0.0,0.0,0.0,0.0,0.0,0.0
2186,1,1,2,0,0,0,1,1-25,100.0,1.0,0.0,1982.0,628.0,0.0,0.0,199.0,1.0,0,3.0,0.0,1.0,0.0,0.0,0.0,0.0,0.0,0.0
2187,1,1,2,0,0,0,1,1-25,100.0,1.0,0.0,1982.0,622.0,0.0,0.0,199.0,1.0,0,3.0,2.0,1.0,12.0,6.0,4.0,2.0,0.0,0.0
2188,1,1,1,0,0,0,1,1-25,100.0,1.0,0.0,1982.0,380.0,0.0,0.0,379.0,7.0,0,3.0,0.0,0.0,0.0,0.0,0.0,0.0,0.0,0.0
2189,1,1,2,0,0,0,1,1-25,100.0,1.0,0.0,1982.0,117.0,0.0,0.0,60.0,3.0,0,3.0,0.0,0.0,0.0,0.0,0.0,0.0,0.0,0.0
2190,1,1,2,0,0,0,1,1-25,100.0,1.0,0.0,1982.0,298.0,0.0,0.0,180.0,4.0,0,3.0,1.0,1.0,1.0,1.0,1.0,0.0,0.0,0.0
2191,1,1,2,0,0,0,1,1-25,100.0,1.0,0.0,1981.0,630.0,0.0,0.0,199.0,1.0,0,3.0,0.0,0.0,0.0,0.0,0.0,0.0,0.0,0.0
2192,1,1,2,0,0,0,1,1-25,100.0,1.0,0.0,1981.0,5.0,0.0,0.0,0.0,1.0,0,3.0,0.0,0.0,0.0,0.0,0.0,0.0,0.0,0.0
2193,1,1,2,0,0,0,1,1-25,100.0,1.0,0.0,1981.0,5.0,0.0,0.0,0.0,1.0,0,3.0,0.0,0.0,0.0,0.0,0.0,0.0,0.0,0.0
2194,1,1,2,0,0,0,1,1-25,100.0,1.0,0.0,1981.0,630.0,0.0,0.0,199.0,1.0,0,3.0,1.0,0.0,0.0,0.0,0.0,0.0,0.0,0.0
2196,1,1,2,0,0,1,5,1-25,100.0,1.0,0.0,1978.0,508.0,0.0,0.0,408.0,3.0,0,3.0,8.0,2.0,17.0,7.0,10.0,1.0,0.0,0.0
2203,1,1,2,0,0,1,2,1-25,12000.0,1.0,0.0,1976.0,1580.0,1.0,0.0,0.0,1.0,0,3.0,0.0,0.0,0.0,0.0,0.0,0.0,0.0,0.0
2206,1,1,2,0,0,0,1,1-25,100.0,1.0,0.0,1976.0,630.0,0.0,0.0,199.0,1.0,0,3.0,0.0,0.0,0.0,0.0,0.0,0.0,0.0,0.0
2208,1,1,2,0,0,1,11,1-25,100.0,1.0,0.0,1976.0,180.0,0.0,0.0,200.0,1.0,0,3.0,0.0,0.0,0.0,0.0,0.0,0.0,0.0,0.0
2209,1,1,2,0,0,1,11,1-25,100.0,1.0,0.0,1976.0,180.0,0.0,0.0,200.0,1.0,0,3.0,0.0,0.0,0.0,0.0,0.0,0.0,0.0,0.0
2214,1,1,2,0,0,0,1,1-25,12000.0,1.0,0.0,1970.0,1580.0,1.0,0.0,0.0,1.0,1,3.0,0.0,0.0,0.0,0.0,0.0,0.0,0.0,0.0
2215,1,1,2,0,0,1,3,1-25,12000.0,1.0,0.0,1970.0,81.0,1.0,0.0,0.0,1.0,1,3.0,0.0,0.0,0.0,0.0,0.0,0.0,0.0,0.0
2216,1,1,2,0,0,1,6,1-25,12000.0,1.0,0.0,1970.0,94.0,1.0,0.0,0.0,1.0,1,3.0,1.0,1.0,6.0,4.0,4.0,0.0,0.0,0.0
2217,1,1,2,0,0,0,1,1-25,12000.0,1.0,0.0,1970.0,1580.0,1.0,0.0,0.0,1.0,1,3.0,0.0,0.0,0.0,0.0,0.0,0.0,0.0,0.0
2218,1,1,2,0,0,1,5,1-25,12000.0,1.0,0.0,1970.0,3077.0,1.0,0.0,0.0,1.0,0,3.0,1.0,1.0,2.0,2.0,2.0,0.0,0.0,0.0
2219,1,1,2,0,0,1,35,1-25,12000.0,1.0,0.0,1970.0,82.0,1.0,0.0,0.0,1.0,1,3.0,0.0,0.0,0.0,0.0,0.0,0.0,0.0,0.0
2220,1,1,2,0,0,1,4,1-25,12000.0,1.0,0.0,1970.0,90.0,1.0,0.0,0.0,1.0,1,3.0,0.0,0.0,0.0,0.0,0.0,0.0,0.0,0.0
2221,1,1,2,0,0,0,1,1-25,12000.0,1.0,0.0,1970.0,1580.0,1.0,0.0,0.0,1.0,0,3.0,0.0,0.0,0.0,0.0,0.0,0.0,0.0,0.0
2222,1,1,2,0,0,1,2,1-25,12000.0,1.0,0.0,1970.0,81.0,1.0,0.0,0.0,1.0,1,3.0,0.0,0.0,0.0,0.0,0.0,0.0,0.0,0.0
2223,1,1,2,0,0,1,5,1-25,12000.0,1.0,0.0,1747.0,100.0,1.0,0.0,0.0,1.0,1,3.0,0.0,0.0,0.0,0.0,0.0,0.0,0.0,0.0
2224,1,1,2,0,0,1,4,1-25,12000.0,1.0,0.0,1970.0,130.0,1.0,0.0,0.0,1.0,1,3.0,0.0,0.0,0.0,0.0,0.0,0.0,0.0,0.0
2225,1,1,2,0,0,1,5,1-25,12000.0,1.0,0.0,1969.0,90.0,1.0,0.0,0.0,1.0,1,3.0,0.0,0.0,0.0,0.0,0.0,0.0,0.0,0.0
2226,1,1,2,0,0,0,1,1-25,12000.0,1.0,0.0,1969.0,90.0,1.0,0.0,0.0,1.0,1,3.0,0.0,0.0,0.0,0.0,0.0,0.0,0.0,0.0
2227,1,1,2,0,0,0,1,1-25,12000.0,1.0,0.0,1969.0,1598.0,1.0,0.0,199.0,2.0,0,3.0,0.0,0.0,0.0,0.0,0.0,0.0,0.0,0.0
2228,1,1,2,0,0,0,1,1-25,12000.0,1.0,0.0,1969.0,4080.0,1.0,0.0,0.0,1.0,0,3.0,0.0,0.0,0.0,0.0,0.0,0.0,0.0,0.0
2229,1,1,2,0,0,1,6,1-25,100.0,1.0,0.0,1969.0,130.0,0.0,0.0,7174.61,1.0,0,3.0,0.0,0.0,0.0,0.0,0.0,0.0,0.0,0.0
2230,1,1,2,0,0,1,2,1-25,100.0,1.0,0.0,1969.0,180.0,0.0,0.0,150.0,1.0,0,3.0,0.0,0.0,0.0,0.0,0.0,0.0,0.0,0.0
2231,1,1,2,0,0,1,2,1-25,12000.0,1.0,0.0,1969.0,180.0,1.0,0.0,100.0,1.0,1,3.0,0.0,0.0,0.0,0.0,0.0,0.0,0.0,0.0
2232,1,1,2,0,0,0,1,1-25,100.0,1.0,0.0,1967.0,180.0,0.0,0.0,199.0,1.0,0,3.0,0.0,0.0,0.0,0.0,0.0,0.0,0.0,0.0
2234,1,1,2,0,0,0,1,1-25,100.0,1.0,0.0,1962.0,630.0,0.0,0.0,199.0,1.0,0,3.0,0.0,0.0,0.0,0.0,0.0,0.0,0.0,0.0
2235,1,1,2,0,0,0,1,1-25,12000.0,1.0,0.0,1962.0,1580.0,1.0,0.0,24.96,1.0,0,3.0,0.0,0.0,0.0,0.0,0.0,0.0,0.0,0.0
2236,1,1,2,0,0,1,2,1-25,12000.0,1.0,0.0,1962.0,1580.0,1.0,0.0,24.96,1.0,0,3.0,0.0,0.0,0.0,0.0,0.0,0.0,0.0,0.0
2237,1,1,2,0,0,0,1,1-25,12000.0,1.0,0.0,1962.0,1580.0,1.0,0.0,24.96,1.0,0,3.0,0.0,0.0,0.0,0.0,0.0,0.0,0.0,0.0
2238,1,1,2,0,0,0,1,1-25,12000.0,1.0,0.0,1962.0,1580.0,1.0,0.0,24.96,1.0,0,3.0,0.0,0.0,0.0,0.0,0.0,0.0,0.0,0.0
2242,1,1,2,0,0,0,1,1-25,100.0,1.0,0.0,1961.0,630.0,0.0,0.0,199.0,1.0,0,3.0,0.0,0.0,0.0,0.0,0.0,0.0,0.0,0.0
2243,1,1,2,0,0,0,1,1-25,12000.0,1.0,0.0,1961.0,1580.0,1.0,0.0,25.0,1.0,0,3.0,0.0,0.0,0.0,0.0,0.0,0.0,0.0,0.0
2244,1,1,2,0,0,0,1,1-25,12000.0,1.0,0.0,1961.0,1580.0,1.0,0.0,25.0,1.0,0,3.0,0.0,0.0,0.0,0.0,0.0,0.0,0.0,0.0
2245,1,1,2,0,0,0,1,1-25,12000.0,1.0,0.0,1961.0,1580.0,1.0,0.0,25.0,1.0,0,3.0,0.0,0.0,0.0,0.0,0.0,0.0,0.0,0.0
2246,1,1,2,0,0,0,1,1-25,12000.0,1.0,0.0,1961.0,90.0,1.0,0.0,0.17,1.0,0,3.0,0.0,0.0,0.0,0.0,0.0,0.0,0.0,0.0
2247,1,1,2,0,0,0,1,1-25,100.0,1.0,0.0,1960.0,629.0,0.0,0.0,199.0,1.0,0,3.0,2.0,2.0,5.0,1.0,1.0,0.0,0.0,0.0
2248,1,1,2,0,0,0,1,1-25,12000.0,1.0,0.0,1960.0,1580.0,1.0,0.0,0.0,1.0,0,3.0,0.0,0.0,0.0,0.0,0.0,0.0,0.0,0.0
2249,1,1,2,0,0,0,1,1-25,12000.0,1.0,0.0,1960.0,1580.0,1.0,0.0,0.0,1.0,0,3.0,0.0,0.0,0.0,0.0,0.0,0.0,0.0,0.0
2250,1,1,2,0,0,0,1,1-25,12000.0,1.0,0.0,1960.0,90.0,1.0,0.0,0.0,1.0,0,3.0,0.0,0.0,0.0,0.0,0.0,0.0,0.0,0.0
2251,1,1,2,0,0,0,1,1-25,100.0,1.0,0.0,1957.0,625.0,0.0,0.0,199.0,1.0,0,3.0,13.0,4.0,219.0,5.0,4.0,1.0,0.0,0.0
2252,1,1,2,0,0,0,1,1-25,12000.0,1.0,0.0,1956.0,1580.0,1.0,0.0,0.0,1.0,0,3.0,0.0,0.0,0.0,0.0,0.0,0.0,0.0,0.0
2254,1,1,2,0,0,0,1,26-100,12000.0,1.0,0.0,1955.0,1580.0,1.0,0.0,0.0,1.0,0,3.0,0.0,0.0,0.0,0.0,0.0,0.0,0.0,0.0
2255,1,1,2,0,0,0,1,1-25,100.0,1.0,0.0,1955.0,179.0,0.0,0.0,199.0,1.0,0,3.0,1.0,1.0,2.0,1.0,1.0,0.0,0.0,0.0
2256,1,1,2,0,0,0,1,101-500,100.0,1.0,0.0,1954.0,180.0,0.0,0.0,199.0,1.0,0,3.0,0.0,0.0,0.0,0.0,0.0,0.0,0.0,0.0
2257,1,1,2,0,0,0,1,1-25,12000.0,1.0,0.0,1953.0,1580.0,1.0,0.0,0.0,1.0,0,3.0,0.0,0.0,0.0,0.0,0.0,0.0,0.0,0.0
2258,1,1,2,0,0,0,1,1-25,12000.0,1.0,0.0,1953.0,1580.0,1.0,0.0,0.0,1.0,0,3.0,0.0,0.0,0.0,0.0,0.0,0.0,0.0,0.0
2259,1,1,2,0,0,0,1,1-25,12000.0,1.0,0.0,1953.0,1580.0,1.0,0.0,0.0,1.0,0,3.0,0.0,0.0,0.0,0.0,0.0,0.0,0.0,0.0
2260,1,1,2,0,0,0,1,26-100,12000.0,1.0,0.0,1953.0,1580.0,1.0,0.0,0.0,1.0,0,3.0,0.0,0.0,0.0,0.0,0.0,0.0,0.0,0.0
2261,1,1,2,0,0,0,1,101-500,12000.0,1.0,0.0,1953.0,1580.0,1.0,0.0,0.0,1.0,0,3.0,0.0,0.0,0.0,0.0,0.0,0.0,0.0,0.0
2262,1,1,2,0,0,1,4,26-100,100.0,1.0,0.0,1953.0,280.0,0.0,0.0,199.0,1.0,0,3.0,0.0,0.0,0.0,0.0,0.0,0.0,0.0,0.0
2263,1,1,2,0,0,0,1,26-100,12000.0,1.0,0.0,1898.0,1580.0,1.0,0.0,0.0,1.0,0,3.0,0.0,1.0,0.0,0.0,0.0,0.0,0.0,0.0
2264,1,1,2,0,0,0,1,26-100,100.0,1.0,0.0,1947.0,180.0,0.0,0.0,199.0,1.0,0,3.0,0.0,0.0,0.0,0.0,0.0,0.0,0.0,0.0
2265,1,1,2,0,0,0,1,26-100,12000.0,1.0,0.0,1947.0,1680.0,1.0,0.0,100.0,2.0,0,3.0,0.0,0.0,0.0,0.0,0.0,0.0,0.0,0.0
2266,1,1,2,0,0,0,1,26-100,12000.0,1.0,0.0,437.0,1575.0,1.0,0.0,0.0,1.0,0,3.0,35.0,44.0,2624.0,3.0,3.0,0.0,0.0,0.0
2267,1,1,2,0,0,0,1,1-25,12000.0,1.0,0.0,1942.0,1580.0,1.0,0.0,0.0,1.0,0,3.0,0.0,1.0,0.0,0.0,0.0,0.0,0.0,0.0
2269,1,1,2,0,0,0,1,26-100,12000.0,1.0,0.0,1939.0,1580.0,1.0,0.0,0.0,1.0,0,3.0,1.0,1.0,2.0,0.0,0.0,0.0,0.0,0.0
2270,1,1,2,0,0,0,1,500-1000,100.0,1.0,0.0,1939.0,67644.0,0.0,0.0,199.0,1.0,0,3.0,1.0,1.0,1.0,0.0,0.0,0.0,0.0,0.0
2272,1,1,2,0,0,0,1,26-100,12000.0,1.0,0.0,1939.0,90.0,1.0,0.0,0.0,1.0,0,3.0,0.0,1.0,0.0,0.0,0.0,0.0,0.0,0.0
2274,1,1,2,1,0,0,1,26-100,100.0,1.0,0.0,1494.0,735.0,0.0,1.0,422.0,3.0,0,3.0,16.0,6.0,134.0,66.0,66.0,0.0,0.0,0.0
2276,1,1,2,1,0,1,2,26-100,100.0,1.0,0.0,1905.0,587.0,0.0,0.0,199.0,1.0,0,3.0,4.0,4.0,84.0,33.0,34.0,0.0,0.0,0.0
2278,1,1,2,0,0,0,1,1-25,100.0,1.0,0.0,1933.0,180.0,0.0,0.0,199.0,1.0,0,3.0,0.0,0.0,0.0,0.0,0.0,0.0,0.0,0.0
2281,1,1,2,0,0,0,1,1-25,100.0,1.0,0.0,1933.0,180.0,0.0,0.0,199.0,1.0,0,3.0,0.0,0.0,0.0,0.0,0.0,0.0,0.0,0.0
2282,1,1,2,0,0,0,1,1-25,100.0,1.0,0.0,1933.0,80.0,0.0,0.0,199.0,1.0,0,3.0,0.0,0.0,0.0,0.0,0.0,0.0,0.0,0.0
2283,1,1,2,0,0,0,1,1-25,100.0,1.0,0.0,1933.0,81.0,0.0,0.0,199.0,1.0,0,3.0,0.0,0.0,0.0,0.0,0.0,0.0,0.0,0.0
2286,1,1,2,0,0,1,2,1-25,100.0,1.0,0.0,1933.0,180.0,0.0,0.0,99.0,1.0,0,3.0,0.0,0.0,0.0,0.0,0.0,0.0,0.0,0.0
2287,1,1,2,0,0,1,2,1-25,100.0,1.0,0.0,1933.0,80.0,0.0,0.0,199.0,1.0,0,3.0,0.0,0.0,0.0,0.0,0.0,0.0,0.0,0.0
2288,1,1,2,0,0,0,1,1-25,100.0,1.0,0.0,1933.0,180.0,0.0,0.0,199.0,1.0,0,3.0,0.0,0.0,0.0,0.0,0.0,0.0,0.0,0.0
2289,1,1,2,0,0,0,1,1-25,100.0,1.0,0.0,1933.0,80.0,0.0,0.0,199.0,1.0,0,3.0,0.0,0.0,0.0,0.0,0.0,0.0,0.0,0.0
2290,1,1,2,0,0,0,1,26-100,100.0,1.0,0.0,1933.0,180.0,0.0,0.0,199.0,1.0,0,3.0,0.0,0.0,0.0,0.0,0.0,0.0,0.0,0.0
2291,1,1,2,0,0,0,1,1-25,100.0,1.0,0.0,1933.0,180.0,0.0,0.0,99.0,1.0,0,3.0,0.0,0.0,0.0,0.0,0.0,0.0,0.0,0.0
2292,1,1,2,0,0,1,5,1-25,100.0,1.0,0.0,1933.0,80.0,0.0,0.0,5000.0,1.0,0,3.0,0.0,0.0,0.0,0.0,0.0,0.0,0.0,0.0
2294,1,1,2,0,0,0,1,1-25,100.0,1.0,0.0,1932.0,180.0,0.0,0.0,199.0,1.0,0,3.0,0.0,0.0,0.0,0.0,0.0,0.0,0.0,0.0
2295,1,1,2,0,0,0,1,1-25,100.0,1.0,0.0,1932.0,84.0,0.0,0.0,99.0,1.0,0,3.0,3.0,1.0,2.0,1.0,1.0,0.0,0.0,0.0
2297,1,1,2,0,0,1,3,1-25,100.0,1.0,0.0,1932.0,90.0,0.0,0.0,1000.0,1.0,0,3.0,0.0,0.0,0.0,0.0,0.0,0.0,0.0,0.0
2301,1,1,2,0,0,0,1,1-25,100.0,1.0,0.0,1932.0,180.0,0.0,0.0,199.0,1.0,0,3.0,0.0,0.0,0.0,0.0,0.0,0.0,0.0,0.0
2302,1,1,2,0,0,0,1,1-25,12000.0,1.0,0.0,1932.0,1580.0,1.0,0.0,0.0,1.0,0,3.0,0.0,0.0,0.0,0.0,0.0,0.0,0.0,0.0
2303,1,1,2,0,0,0,1,1-25,100.0,1.0,0.0,1932.0,140.0,0.0,0.0,100.0,1.0,0,3.0,0.0,0.0,0.0,0.0,0.0,0.0,0.0,0.0
2304,1,1,2,0,0,0,1,1-25,12000.0,1.0,0.0,1932.0,180.0,1.0,0.0,0.0,1.0,1,3.0,1.0,1.0,3.0,2.0,2.0,0.0,0.0,0.0
2305,1,1,2,0,0,0,1,1-25,100.0,1.0,0.0,1932.0,315.0,0.0,0.0,199.0,1.0,0,3.0,0.0,0.0,0.0,0.0,0.0,0.0,0.0,0.0
2306,1,1,2,0,0,0,1,1-25,100.0,1.0,0.0,1932.0,80.0,0.0,0.0,199.0,1.0,0,3.0,0.0,0.0,0.0,0.0,0.0,0.0,0.0,0.0
2307,1,1,2,0,0,0,1,1-25,100.0,1.0,0.0,1932.0,222.0,0.0,0.0,199.0,1.0,0,3.0,0.0,0.0,0.0,0.0,0.0,0.0,0.0,0.0
2308,1,1,2,0,0,0,1,1-25,100.0,1.0,0.0,1932.0,184.0,0.0,0.0,199.0,1.0,0,3.0,0.0,0.0,0.0,0.0,0.0,0.0,0.0,0.0
2309,1,1,2,0,0,0,1,1-25,100.0,0.0,0.0,0.0,190.0,0.0,0.0,199.0,1.0,0,3.0,0.0,0.0,0.0,0.0,0.0,0.0,0.0,0.0
2310,1,1,2,0,0,1,3,1-25,100.0,1.0,0.0,1932.0,204.0,0.0,0.0,99.0,1.0,0,3.0,0.0,0.0,0.0,0.0,0.0,0.0,0.0,0.0
2311,1,1,2,0,0,1,2,1-25,100.0,1.0,0.0,1929.0,290.0,0.0,0.0,209.0,2.0,0,3.0,0.0,0.0,0.0,0.0,0.0,0.0,0.0,0.0
2313,1,1,2,0,0,0,1,1-25,100.0,1.0,0.0,1929.0,220.0,0.0,0.0,110.0,2.0,0,3.0,0.0,0.0,0.0,0.0,0.0,0.0,0.0,0.0
2314,1,1,2,0,0,0,1,1-25,12000.0,1.0,0.0,1929.0,4091.0,1.0,0.0,0.0,1.0,1,3.0,0.0,0.0,0.0,0.0,0.0,0.0,0.0,0.0
2315,0,1,2,0,0,0,1,1-25,12000.0,1.0,0.0,1929.0,81.0,1.0,0.0,0.0,1.0,1,3.0,0.0,0.0,0.0,0.0,0.0,0.0,0.0,0.0
2316,1,1,2,1,0,0,1,26-100,100.0,1.0,0.0,1921.0,280.0,1.0,0.0,199.0,1.0,0,3.0,0.0,0.0,0.0,0.0,0.0,0.0,0.0,0.0
2317,1,1,2,1,0,1,3,26-100,100.0,2.0,0.0,1921.0,630.0,1.0,0.0,199.0,1.0,0,3.0,0.0,0.0,0.0,0.0,0.0,0.0,0.0,0.0
2318,1,1,2,1,0,0,1,26-100,10000.0,1.0,0.0,1921.0,3080.0,1.0,0.0,118.0,1.0,1,3.0,0.0,0.0,0.0,0.0,0.0,0.0,0.0,0.0
2319,1,1,2,0,0,0,1,26-100,10000.0,1.0,0.0,1921.0,3180.0,1.0,0.0,118.0,1.0,1,3.0,0.0,0.0,0.0,0.0,0.0,0.0,0.0,0.0
2320,1,1,2,0,0,0,1,26-100,10000.0,1.0,0.0,1921.0,3080.0,1.0,0.0,118.0,1.0,1,3.0,0.0,0.0,0.0,0.0,0.0,0.0,0.0,0.0
2321,1,1,2,0,0,1,2,500-1000,10000.0,1.0,0.0,1921.0,3080.0,1.0,0.0,118.0,1.0,1,3.0,0.0,0.0,0.0,0.0,0.0,0.0,0.0,0.0
2322,1,1,2,1,0,0,1,1-25,100.0,1.0,0.0,1921.0,630.0,0.0,0.0,199.0,1.0,0,3.0,0.0,0.0,0.0,0.0,0.0,0.0,0.0,0.0
2323,1,1,2,0,0,0,1,1-25,100.0,1.0,0.0,1921.0,640.0,0.0,0.0,199.0,1.0,0,3.0,0.0,0.0,0.0,0.0,0.0,0.0,0.0,0.0
2324,1,1,2,0,0,1,4,26-100,100.0,1.0,0.0,1920.0,630.0,0.0,0.0,199.0,1.0,0,3.0,0.0,0.0,0.0,0.0,0.0,0.0,0.0,0.0
2325,1,1,2,0,0,1,2,26-100,10000.0,1.0,0.0,1920.0,190.0,1.0,0.0,118.0,1.0,1,3.0,0.0,0.0,0.0,0.0,0.0,0.0,0.0,0.0
2326,1,1,2,0,0,1,2,1-25,10000.0,1.0,0.0,1920.0,404.0,1.0,0.0,11.0,1.0,1,3.0,1.0,1.0,3.0,3.0,3.0,0.0,0.0,0.0
2327,1,1,2,0,0,1,2,101-500,10000.0,1.0,0.0,1920.0,180.0,1.0,0.0,11.0,1.0,1,3.0,0.0,0.0,0.0,0.0,0.0,0.0,0.0,0.0
2330,1,1,2,0,0,0,1,26-100,100.0,1.0,0.0,1920.0,630.0,0.0,0.0,199.0,1.0,0,3.0,0.0,0.0,0.0,0.0,0.0,0.0,0.0,0.0
2331,1,1,2,0,0,1,3,26-100,10000.0,1.0,0.0,1920.0,180.0,1.0,0.0,11.0,1.0,1,3.0,0.0,0.0,0.0,0.0,0.0,0.0,0.0,0.0
2332,1,1,2,0,0,0,1,101-500,10000.0,1.0,0.0,1920.0,180.0,1.0,0.0,11.0,1.0,1,3.0,0.0,0.0,0.0,0.0,0.0,0.0,0.0,0.0
2334,0,1,1,0,0,1,999,101-500,100.0,1.0,0.0,431.0,500000.0,0.0,1.0,33056.0,79.0,0,4.0,50.0,117.0,1731.0,632.0,614.0,37.0,0.0,0.0
2335,1,1,1,0,0,1,10,26-100,10000.0,1.0,0.0,437.0,500142.0,1.0,0.0,97702.09999999999,58.0,1,3.0,172.0,329.0,3396.0,895.0,860.0,47.0,0.0,0.0
2336,1,1,2,0,0,1,2,26-100,10000.0,1.0,0.0,1920.0,750.0,1.0,0.0,500.0,1.0,1,3.0,0.0,0.0,0.0,0.0,0.0,0.0,0.0,0.0
2337,1,1,2,0,0,0,1,26-100,10000.0,1.0,0.0,1920.0,280.0,1.0,0.0,24.0,1.0,1,3.0,0.0,1.0,0.0,0.0,0.0,0.0,0.0,0.0
2338,1,1,2,0,0,0,1,1-25,10000.0,1.0,0.0,1919.0,180.0,1.0,0.0,11.0,1.0,1,3.0,0.0,0.0,0.0,0.0,0.0,0.0,0.0,0.0
2339,1,1,2,0,0,1,3,26-100,100.0,1.0,0.0,1919.0,851.0,0.0,0.0,21.0,1.0,0,3.0,0.0,0.0,0.0,0.0,0.0,0.0,0.0,0.0
2340,1,1,2,0,0,1,2,1-25,10000.0,1.0,0.0,1919.0,200.0,1.0,0.0,100.0,1.0,1,3.0,0.0,0.0,0.0,0.0,0.0,0.0,0.0,0.0
2341,1,1,2,0,0,1,2,26-100,100.0,1.0,0.0,1919.0,1180.0,0.0,0.0,100.0,1.0,0,3.0,0.0,0.0,0.0,0.0,0.0,0.0,0.0,0.0
2342,1,1,2,0,0,0,1,26-100,10000.0,1.0,0.0,1919.0,180.0,1.0,0.0,11.0,1.0,1,3.0,0.0,0.0,0.0,0.0,0.0,0.0,0.0,0.0
2343,1,1,2,0,0,1,3,1-25,10000.0,1.0,0.0,1919.0,530.0,1.0,0.0,100.0,1.0,1,3.0,0.0,0.0,0.0,0.0,0.0,0.0,0.0,0.0
2345,1,1,2,0,0,1,2,26-100,100.0,1.0,0.0,1919.0,6090.0,0.0,0.0,100.0,1.0,0,3.0,0.0,0.0,0.0,0.0,0.0,0.0,0.0,0.0
2346,1,1,2,0,0,0,1,26-100,10000.0,1.0,0.0,1919.0,80.0,1.0,0.0,12.0,1.0,1,3.0,0.0,0.0,0.0,0.0,0.0,0.0,0.0,0.0
2347,1,1,2,0,0,1,2,26-100,10000.0,1.0,0.0,1824.0,81.0,1.0,0.0,697.0,4.0,1,3.0,1.0,1.0,2.0,0.0,0.0,0.0,0.0,0.0
2348,1,1,2,0,0,1,3,26-100,10000.0,1.0,0.0,1919.0,80.0,1.0,0.0,1119.0,13.0,1,3.0,0.0,0.0,0.0,0.0,0.0,0.0,0.0,0.0
2349,1,1,2,0,0,0,1,26-100,100.0,1.0,0.0,1919.0,1180.0,0.0,0.0,1200.0,3.0,0,3.0,0.0,0.0,0.0,0.0,0.0,0.0,0.0,0.0
2354,1,1,2,0,0,1,4,26-100,10000.0,1.0,0.0,1919.0,200.0,1.0,0.0,1900.0,1.0,1,3.0,0.0,0.0,0.0,0.0,0.0,0.0,0.0,0.0
2355,1,1,2,0,0,1,4,26-100,100.0,1.0,0.0,1919.0,82.0,0.0,0.0,224.2,1.0,0,3.0,0.0,0.0,0.0,0.0,0.0,0.0,0.0,0.0
2356,1,1,2,0,0,1,13,26-100,100.0,1.0,0.0,1919.0,7890.0,0.0,0.0,100.0,1.0,0,3.0,0.0,0.0,0.0,0.0,0.0,0.0,0.0,0.0
2357,1,1,2,0,0,0,1,26-100,10000.0,1.0,0.0,1919.0,180.0,1.0,0.0,11800.0,1.0,1,3.0,0.0,0.0,0.0,0.0,0.0,0.0,0.0,0.0
2358,1,1,2,0,0,0,1,26-100,10000.0,1.0,0.0,1919.0,330.0,1.0,0.0,11800.0,1.0,1,3.0,0.0,0.0,0.0,0.0,0.0,0.0,0.0,0.0
2359,1,1,2,0,0,0,1,26-100,10000.0,1.0,0.0,1918.0,340.0,1.0,0.0,11800.0,1.0,1,3.0,0.0,0.0,0.0,0.0,0.0,0.0,0.0,0.0
2360,1,1,2,0,0,1,4,26-100,10000.0,1.0,0.0,1918.0,90.0,1.0,0.0,11800.0,1.0,1,3.0,0.0,0.0,0.0,0.0,0.0,0.0,0.0,0.0
2361,1,1,2,0,0,0,1,26-100,10000.0,1.0,0.0,1918.0,90.0,1.0,0.0,10000.0,1.0,1,3.0,0.0,0.0,0.0,0.0,0.0,0.0,0.0,0.0
2362,1,1,2,0,0,1,2,26-100,10000.0,1.0,0.0,1918.0,100.0,1.0,0.0,11800.0,1.0,1,3.0,0.0,0.0,0.0,0.0,0.0,0.0,0.0,0.0
2363,1,1,2,0,0,1,12,500-1000,100.0,1.0,0.0,1918.0,300.0,0.0,0.0,398.0,2.0,0,3.0,0.0,0.0,0.0,0.0,0.0,0.0,0.0,0.0
2365,1,1,2,0,0,0,1,101-500,10000.0,1.0,0.0,1918.0,135.0,1.0,0.0,11800.0,1.0,1,3.0,1.0,2.0,10.0,7.0,7.0,0.0,0.0,0.0
2366,1,1,2,0,0,0,1,26-100,10000.0,1.0,0.0,1918.0,190.0,1.0,0.0,11800.0,1.0,1,3.0,0.0,0.0,0.0,0.0,0.0,0.0,0.0,0.0
2367,1,1,2,0,0,1,5,26-100,100.0,1.0,0.0,1918.0,80.0,0.0,0.0,600.0,1.0,0,3.0,0.0,0.0,0.0,0.0,0.0,0.0,0.0,0.0
2368,1,1,2,0,0,1,5,26-100,100.0,1.0,0.0,1918.0,60.0,0.0,0.0,600.0,1.0,0,3.0,0.0,0.0,0.0,0.0,0.0,0.0,0.0,0.0
2369,1,1,2,0,0,1,9,26-100,100.0,1.0,0.0,1918.0,580.0,0.0,0.0,800.0,1.0,0,3.0,0.0,0.0,0.0,0.0,0.0,0.0,0.0,0.0
2370,1,1,2,0,0,1,9,26-100,10000.0,1.0,0.0,1918.0,190.0,1.0,0.0,80.0,1.0,1,3.0,0.0,0.0,0.0,0.0,0.0,0.0,0.0,0.0
2371,1,1,2,0,0,1,9,101-500,10000.0,1.0,0.0,1918.0,189.0,1.0,0.0,106.2,1.0,1,3.0,0.0,0.0,0.0,0.0,0.0,0.0,0.0,0.0
2372,1,1,2,0,0,1,9,26-100,10000.0,1.0,0.0,1918.0,100.0,1.0,0.0,106.2,1.0,1,3.0,0.0,0.0,0.0,0.0,0.0,0.0,0.0,0.0
2388,1,1,2,0,0,1,11,26-100,100.0,1.0,0.0,1914.0,180.0,0.0,0.0,100.0,1.0,0,3.0,0.0,0.0,0.0,0.0,0.0,0.0,0.0,0.0
2391,1,1,2,0,0,0,1,1-25,100.0,1.0,0.0,1914.0,630.0,0.0,0.0,199.0,1.0,0,3.0,0.0,0.0,0.0,0.0,0.0,0.0,0.0,0.0
2392,1,1,2,0,0,1,4,1-25,100.0,1.0,0.0,1694.0,212.0,0.0,0.0,639.0,6.0,0,3.0,0.0,0.0,0.0,0.0,0.0,0.0,0.0,0.0
2394,1,1,2,0,0,1,3,26-100,10000.0,1.0,0.0,1914.0,230.0,1.0,0.0,11832.0,5.0,1,3.0,1.0,1.0,2.0,0.0,0.0,0.0,0.0,0.0
2396,1,1,2,0,0,0,1,26-100,100.0,1.0,0.0,1914.0,182.0,0.0,0.0,1.0,1.0,0,3.0,0.0,0.0,0.0,0.0,0.0,0.0,0.0,0.0
2397,1,1,2,0,0,1,2,1-25,10000.0,1.0,0.0,1914.0,180.0,1.0,0.0,11800.0,1.0,1,3.0,0.0,0.0,0.0,0.0,0.0,0.0,0.0,0.0
2400,1,1,2,0,0,0,1,26-100,100.0,1.0,0.0,1914.0,830.0,0.0,0.0,811.0,3.0,0,3.0,0.0,0.0,0.0,0.0,0.0,0.0,0.0,0.0
2403,1,1,1,0,0,0,1,26-100,10000.0,1.0,0.0,1912.0,495.0,1.0,0.0,11955.0,8.0,1,3.0,0.0,0.0,0.0,0.0,0.0,0.0,0.0,0.0
2404,1,1,2,0,0,1,2,1-25,100.0,1.0,0.0,1912.0,30.0,0.0,0.0,30.0,1.0,0,3.0,0.0,0.0,0.0,0.0,0.0,0.0,0.0,0.0
2405,1,1,2,0,0,1,2,26-100,100.0,1.0,0.0,1912.0,10.0,0.0,0.0,10.0,1.0,0,3.0,0.0,0.0,0.0,0.0,0.0,0.0,0.0,0.0
2407,1,1,2,0,0,1,11,26-100,100.0,1.0,0.0,1912.0,50.0,0.0,0.0,150.0,1.0,0,3.0,0.0,0.0,0.0,0.0,0.0,0.0,0.0,0.0
2409,1,1,2,0,0,1,2,26-100,10000.0,1.0,0.0,1912.0,119.0,1.0,0.0,23.6,1.0,1,3.0,1.0,1.0,1.0,1.0,1.0,0.0,0.0,0.0
2410,1,1,2,0,0,1,11,1-25,10000.0,1.0,0.0,1912.0,30.0,1.0,0.0,150.0,1.0,1,3.0,0.0,0.0,0.0,0.0,0.0,0.0,0.0,0.0
2411,1,1,1,0,0,0,1,26-100,10000.0,1.0,0.0,1911.0,884.0,1.0,0.0,12342.0,8.0,1,3.0,0.0,0.0,0.0,0.0,0.0,0.0,0.0,0.0
2412,1,1,2,0,0,1,11,26-100,100.0,1.0,0.0,1523.0,1346.0,0.0,0.0,1245.0,7.0,0,3.0,5.0,8.0,66.0,39.0,38.0,0.0,0.0,0.0
2413,1,1,2,0,0,0,1,26-100,100.0,1.0,0.0,1911.0,109.0,0.0,0.0,199.0,1.0,0,3.0,0.0,0.0,0.0,0.0,0.0,0.0,0.0,0.0
2414,1,1,2,0,0,0,1,1-25,100.0,2.0,0.0,1670.0,200.0,0.0,1.0,798.0,7.0,0,3.0,1.0,1.0,3.0,1.0,1.0,0.0,0.0,0.0
2415,1,1,2,0,0,0,1,26-100,10000.0,1.0,0.0,1911.0,180.0,1.0,0.0,11800.0,1.0,1,3.0,0.0,0.0,0.0,0.0,0.0,0.0,0.0,0.0
2419,1,1,2,0,0,0,1,26-100,10000.0,1.0,0.0,1911.0,140.0,1.0,0.0,11800.0,1.0,1,3.0,0.0,0.0,0.0,0.0,0.0,0.0,0.0,0.0
2420,1,1,2,0,0,0,1,101-500,10000.0,1.0,0.0,1908.0,100.0,1.0,0.0,11800.0,1.0,1,3.0,0.0,0.0,0.0,0.0,0.0,0.0,0.0,0.0
2421,1,1,2,0,0,0,1,26-100,10000.0,1.0,0.0,1908.0,100.0,1.0,0.0,11923.0,2.0,1,3.0,0.0,0.0,0.0,0.0,0.0,0.0,0.0,0.0
2422,1,1,2,0,0,0,1,1-25,10000.0,1.0,0.0,1908.0,100.0,1.0,0.0,11800.0,1.0,1,3.0,0.0,0.0,0.0,0.0,0.0,0.0,0.0,0.0
2424,1,1,1,0,0,0,1,1-25,100.0,1.0,0.0,1908.0,550.0,0.0,0.0,1200.0,9.0,0,3.0,0.0,0.0,0.0,0.0,0.0,0.0,0.0,0.0
2425,1,1,2,0,0,0,1,1-25,10000.0,1.0,0.0,1908.0,296.0,1.0,0.0,592.0,1.0,1,3.0,0.0,0.0,0.0,0.0,0.0,0.0,0.0,0.0
2426,1,1,2,0,0,0,1,1-25,10000.0,1.0,0.0,1908.0,150.0,1.0,0.0,4720.0,1.0,1,3.0,0.0,0.0,0.0,0.0,0.0,0.0,0.0,0.0
2427,1,1,2,0,0,0,1,1-25,10000.0,1.0,0.0,1908.0,50.0,1.0,0.0,592.0,1.0,1,3.0,0.0,0.0,0.0,0.0,0.0,0.0,0.0,0.0
2429,1,1,2,0,0,0,1,1-25,10000.0,1.0,0.0,1801.0,151.0,1.0,0.0,4919.0,2.0,1,3.0,0.0,0.0,0.0,0.0,0.0,0.0,0.0,0.0
2430,1,1,2,0,0,0,1,26-100,10000.0,1.0,0.0,1908.0,151.0,1.0,0.0,4720.0,1.0,1,3.0,0.0,0.0,0.0,0.0,0.0,0.0,0.0,0.0
2432,1,1,2,0,0,1,9,1-25,100.0,1.0,0.0,1908.0,550.0,0.0,0.0,199.0,1.0,0,3.0,0.0,0.0,0.0,0.0,0.0,0.0,0.0,0.0
2435,1,1,2,0,0,1,3,1-25,100.0,1.0,0.0,1908.0,90.0,0.0,0.0,260.0,2.0,0,3.0,0.0,0.0,0.0,0.0,0.0,0.0,0.0,0.0
2436,1,1,2,0,0,1,15,1-25,10000.0,1.0,0.0,1908.0,70.0,1.0,0.0,380.0,3.0,1,3.0,0.0,0.0,0.0,0.0,0.0,0.0,0.0,0.0
2437,1,1,2,0,0,1,3,500-1000,100.0,1.0,0.0,1908.0,250.0,0.0,0.0,640.0,2.0,0,3.0,0.0,0.0,0.0,0.0,0.0,0.0,0.0,0.0
2438,1,1,2,0,0,1,3,26-100,100.0,1.0,0.0,1908.0,0.0,0.0,0.0,10.0,1.0,0,3.0,0.0,0.0,0.0,0.0,0.0,0.0,0.0,0.0
2439,1,1,2,0,0,1,3,1-25,100.0,1.0,0.0,1907.0,100.0,0.0,0.0,130.0,1.0,0,3.0,0.0,0.0,0.0,0.0,0.0,0.0,0.0,0.0
2440,1,1,2,0,0,1,4,26-100,100.0,1.0,0.0,1907.0,30.0,0.0,0.0,140.0,1.0,0,3.0,0.0,0.0,0.0,0.0,0.0,0.0,0.0,0.0
2441,1,1,2,0,0,1,3,1-25,100.0,1.0,0.0,1907.0,100.0,0.0,0.0,500.0,1.0,0,3.0,0.0,0.0,0.0,0.0,0.0,0.0,0.0,0.0
2442,1,1,2,0,0,1,3,26-100,100.0,1.0,0.0,1907.0,500.0,0.0,0.0,1500.0,1.0,0,3.0,0.0,0.0,0.0,0.0,0.0,0.0,0.0,0.0
2443,1,1,2,0,0,1,2,26-100,10000.0,1.0,0.0,1907.0,50.0,1.0,0.0,800.0,1.0,1,3.0,0.0,0.0,0.0,0.0,0.0,0.0,0.0,0.0
2444,1,1,2,0,0,0,1,101-500,10000.0,1.0,0.0,1907.0,151.0,1.0,0.0,4720.0,1.0,1,3.0,0.0,0.0,0.0,0.0,0.0,0.0,0.0,0.0
2445,1,1,2,0,0,1,3,26-100,100.0,1.0,0.0,1900.0,550.0,0.0,0.0,199.0,1.0,0,3.0,1.0,1.0,1.0,1.0,1.0,0.0,0.0,0.0
2446,0,1,2,0,0,1,4,1-25,10000.0,1.0,0.0,1885.0,110.0,1.0,0.0,992.0,4.0,1,3.0,0.0,0.0,0.0,0.0,0.0,0.0,0.0,0.0
2450,1,1,2,0,0,0,1,26-100,100.0,1.0,0.0,1883.0,700.0,0.0,0.0,339.0,2.0,0,3.0,0.0,0.0,0.0,0.0,0.0,0.0,0.0,0.0
2451,1,1,2,0,0,1,15,1-25,100.0,1.0,0.0,1701.0,203.0,0.0,0.0,199.0,1.0,0,3.0,15.0,32.0,344.0,127.0,123.0,5.0,0.0,0.0
2464,1,1,2,0,0,1,3,1-25,500.0,1.0,0.0,1905.0,10.0,1.0,0.0,100.0,1.0,1,3.0,0.0,0.0,0.0,0.0,0.0,0.0,0.0,0.0
2468,1,1,2,0,0,1,5,26-100,500.0,1.0,0.0,1905.0,10.0,1.0,0.0,1.18,1.0,1,3.0,0.0,0.0,0.0,0.0,0.0,0.0,0.0,0.0
2473,1,1,2,0,0,0,1,1-25,100.0,1.0,0.0,1905.0,10.0,0.0,0.0,1.0,1.0,0,3.0,0.0,0.0,0.0,0.0,0.0,0.0,0.0,0.0
2475,1,1,2,0,0,1,11,1-25,500.0,1.0,0.0,1905.0,100.0,1.0,0.0,100.0,1.0,1,3.0,0.0,0.0,0.0,0.0,0.0,0.0,0.0,0.0
2476,1,1,2,0,0,1,17,26-100,500.0,1.0,0.0,1905.0,20.0,1.0,0.0,236.0,1.0,1,3.0,0.0,0.0,0.0,0.0,0.0,0.0,0.0,0.0
2477,1,1,2,0,0,1,5,26-100,500.0,1.0,0.0,1905.0,50.0,1.0,0.0,106.2,1.0,1,3.0,0.0,0.0,0.0,0.0,0.0,0.0,0.0,0.0
2478,1,1,2,0,0,1,5,26-100,100.0,1.0,0.0,1905.0,100.0,0.0,0.0,236.0,1.0,0,3.0,0.0,0.0,0.0,0.0,0.0,0.0,0.0,0.0
2479,1,1,2,0,0,1,9,1-25,500.0,1.0,0.0,1899.0,100.0,1.0,0.0,106.2,1.0,1,3.0,0.0,0.0,0.0,0.0,0.0,0.0,0.0,0.0
2480,1,1,2,0,0,1,7,26-100,100.0,1.0,0.0,1905.0,29.0,0.0,0.0,140.0,1.0,0,3.0,1.0,0.0,0.0,0.0,0.0,0.0,0.0,0.0
2481,1,1,2,0,0,1,3,26-100,500.0,1.0,0.0,1905.0,30.0,1.0,0.0,125.0,1.0,1,3.0,0.0,0.0,0.0,0.0,0.0,0.0,0.0,0.0
2482,1,1,2,0,0,1,13,1-25,500.0,1.0,0.0,1905.0,20.0,1.0,0.0,230.0,1.0,1,3.0,0.0,0.0,0.0,0.0,0.0,0.0,0.0,0.0
2483,1,1,2,0,0,1,2,1-25,500.0,1.0,0.0,1905.0,50.0,1.0,0.0,592.0,1.0,1,3.0,1.0,0.0,0.0,0.0,0.0,0.0,0.0,0.0
2484,1,1,2,0,0,0,1,1-25,500.0,1.0,0.0,1904.0,50.0,1.0,0.0,592.0,1.0,1,3.0,0.0,0.0,0.0,0.0,0.0,0.0,0.0,0.0
2485,1,1,2,0,0,0,1,1-25,500.0,1.0,0.0,1900.0,50.0,1.0,0.0,592.0,1.0,1,3.0,0.0,0.0,0.0,0.0,0.0,0.0,0.0,0.0
2486,1,1,2,0,0,1,2,26-100,100.0,1.0,0.0,1900.0,550.0,0.0,0.0,199.0,1.0,0,3.0,0.0,1.0,0.0,0.0,0.0,0.0,0.0,0.0
2492,1,1,2,0,0,0,1,26-100,100.0,1.0,0.0,1899.0,550.0,0.0,0.0,199.0,1.0,0,3.0,0.0,0.0,0.0,0.0,0.0,0.0,0.0,0.0
2493,1,1,2,0,0,0,1,26-100,80.0,1.0,0.0,1899.0,100.0,1.0,0.0,24.0,1.0,1,3.0,0.0,0.0,0.0,0.0,0.0,0.0,0.0,0.0
2494,1,1,2,0,0,1,2,1-25,100.0,1.0,0.0,1897.0,0.0,0.0,0.0,1000.0,1.0,0,3.0,0.0,0.0,0.0,0.0,0.0,0.0,0.0,0.0
2495,1,1,2,0,0,0,1,1-25,80.0,1.0,0.0,1899.0,50.0,1.0,0.0,698.2,10.0,1,3.0,0.0,0.0,0.0,0.0,0.0,0.0,0.0,0.0
2496,1,1,2,0,0,1,3,26-100,80.0,1.0,0.0,1899.0,100.0,1.0,0.0,223.0,2.0,1,3.0,0.0,0.0,0.0,0.0,0.0,0.0,0.0,0.0
2498,1,1,2,0,0,1,2,26-100,100.0,2.0,0.0,1893.0,0.0,0.0,0.0,5010.0,2.0,0,3.0,1.0,0.0,0.0,0.0,0.0,0.0,0.0,0.0
2499,1,1,2,0,0,1,2,1-25,80.0,1.0,0.0,1899.0,1.0,1.0,0.0,1.0,1.0,1,3.0,0.0,0.0,0.0,0.0,0.0,0.0,0.0,0.0
2500,1,1,2,0,0,1,2,26-100,80.0,1.0,0.0,1898.0,100.0,1.0,0.0,1000.0,1.0,1,3.0,0.0,0.0,0.0,0.0,0.0,0.0,0.0,0.0
2501,1,1,2,0,0,0,1,101-500,100.0,1.0,0.0,1898.0,500.0,0.0,0.0,199.0,1.0,0,3.0,0.0,0.0,0.0,0.0,0.0,0.0,0.0,0.0
2502,1,1,2,0,0,0,1,26-100,80.0,1.0,0.0,1897.0,100.0,1.0,0.0,11800.0,1.0,1,3.0,0.0,0.0,0.0,0.0,0.0,0.0,0.0,0.0
2503,1,1,2,0,0,1,2,1-25,80.0,1.0,0.0,1897.0,0.0,1.0,0.0,2.0,1.0,1,3.0,0.0,0.0,0.0,0.0,0.0,0.0,0.0,0.0
2504,1,1,2,0,0,0,1,1-25,80.0,1.0,0.0,1897.0,100.0,1.0,0.0,11800.0,1.0,1,3.0,0.0,0.0,0.0,0.0,0.0,0.0,0.0,0.0
2505,1,1,2,0,0,1,2,1-25,80.0,1.0,0.0,1897.0,0.0,1.0,0.0,2.0,1.0,1,3.0,0.0,0.0,0.0,0.0,0.0,0.0,0.0,0.0
2506,1,1,2,0,0,0,1,101-500,80.0,1.0,0.0,1897.0,0.0,1.0,0.0,10.0,1.0,1,3.0,0.0,0.0,0.0,0.0,0.0,0.0,0.0,0.0
2507,1,1,2,0,0,0,1,26-100,100.0,1.0,0.0,1897.0,200.0,0.0,0.0,0.0,1.0,0,3.0,0.0,0.0,0.0,0.0,0.0,0.0,0.0,0.0
2508,1,1,2,0,0,0,1,26-100,80.0,1.0,0.0,1897.0,226.0,1.0,0.0,24.8,2.0,1,3.0,0.0,0.0,0.0,0.0,0.0,0.0,0.0,0.0
2509,1,1,2,0,0,1,2,1-25,100.0,1.0,0.0,1897.0,1.0,0.0,0.0,1.0,1.0,0,3.0,0.0,0.0,0.0,0.0,0.0,0.0,0.0,0.0
2510,1,1,2,0,0,1,3,1-25,100.0,1.0,0.0,1897.0,100.0,0.0,0.0,100.0,1.0,0,3.0,0.0,0.0,0.0,0.0,0.0,0.0,0.0,0.0
2511,1,1,2,0,0,0,1,26-100,100.0,1.0,0.0,1897.0,550.0,0.0,0.0,199.0,1.0,0,3.0,0.0,0.0,0.0,0.0,0.0,0.0,0.0,0.0
2512,1,1,2,0,0,0,1,1-25,100.0,1.0,0.0,1897.0,550.0,0.0,0.0,199.0,1.0,0,3.0,0.0,0.0,0.0,0.0,0.0,0.0,0.0,0.0
2513,1,1,2,0,0,1,3,26-100,100.0,1.0,0.0,1897.0,100.0,0.0,0.0,100.0,1.0,0,3.0,0.0,0.0,0.0,0.0,0.0,0.0,0.0,0.0
2514,1,1,2,0,0,1,2,26-100,100.0,1.0,0.0,1897.0,1.0,0.0,0.0,2.0,1.0,0,3.0,0.0,0.0,0.0,0.0,0.0,0.0,0.0,0.0
2515,1,1,2,0,0,1,3,26-100,100.0,1.0,0.0,1897.0,100.0,0.0,0.0,100.0,1.0,0,3.0,0.0,0.0,0.0,0.0,0.0,0.0,0.0,0.0
2516,1,1,2,0,0,1,3,26-100,100.0,1.0,0.0,1897.0,100.0,0.0,0.0,100.0,1.0,0,3.0,0.0,0.0,0.0,0.0,0.0,0.0,0.0,0.0
2517,1,1,2,0,0,0,1,101-500,80.0,1.0,0.0,1894.0,100.0,1.0,0.0,11800.0,1.0,1,3.0,0.0,0.0,0.0,0.0,0.0,0.0,0.0,0.0
2518,1,1,2,0,0,1,2,101-500,80.0,1.0,0.0,1894.0,300.0,1.0,0.0,11800.0,1.0,1,3.0,0.0,0.0,0.0,0.0,0.0,0.0,0.0,0.0
2519,1,1,2,0,0,0,1,26-100,80.0,1.0,0.0,1894.0,5010.0,1.0,0.0,12.0,1.0,1,3.0,0.0,0.0,0.0,0.0,0.0,0.0,0.0,0.0
2520,1,1,2,0,0,0,1,500-1000,100.0,1.0,0.0,1894.0,800.0,0.0,0.0,199.0,1.0,0,3.0,0.0,0.0,0.0,0.0,0.0,0.0,0.0,0.0
2521,1,1,2,0,0,0,1,26-100,100.0,1.0,0.0,1893.0,650.0,0.0,0.0,199.0,1.0,0,3.0,0.0,0.0,0.0,0.0,0.0,0.0,0.0,0.0
2522,1,1,2,0,0,0,1,500-1000,100.0,1.0,0.0,1893.0,650.0,0.0,0.0,199.0,1.0,0,3.0,0.0,0.0,0.0,0.0,0.0,0.0,0.0,0.0
2523,1,1,2,0,0,1,5,26-100,100.0,1.0,0.0,1893.0,2807.0,0.0,0.0,1005.0,6.0,0,3.0,1.0,1.0,2.0,1.0,1.0,0.0,0.0,0.0
2524,1,1,2,0,0,0,1,26-100,80.0,1.0,0.0,1893.0,100.0,1.0,0.0,11800.0,1.0,1,3.0,0.0,0.0,0.0,0.0,0.0,0.0,0.0,0.0
2525,1,1,2,0,0,0,1,101-500,80.0,1.0,0.0,1893.0,218.0,1.0,0.0,11999.0,2.0,1,3.0,1.0,1.0,4.0,2.0,2.0,0.0,0.0,0.0
2526,1,1,2,0,0,0,1,26-100,80.0,1.0,0.0,1893.0,100.0,1.0,0.0,24.0,1.0,1,3.0,0.0,0.0,0.0,0.0,0.0,0.0,0.0,0.0
2527,1,1,2,0,0,0,1,26-100,100.0,0.0,0.0,0.0,1423.0,0.0,0.0,199.0,1.0,0,3.0,0.0,0.0,0.0,0.0,0.0,0.0,0.0,0.0
2529,1,1,2,0,0,0,1,500-1000,100.0,1.0,0.0,1893.0,2363.0,0.0,0.0,209.0,2.0,0,3.0,0.0,0.0,0.0,0.0,0.0,0.0,0.0,0.0
2530,1,1,2,0,0,0,1,26-100,100.0,1.0,0.0,1893.0,2100.0,0.0,0.0,199.0,1.0,0,3.0,0.0,0.0,0.0,0.0,0.0,0.0,0.0,0.0
2531,1,1,2,0,0,0,1,101-500,100.0,1.0,0.0,1893.0,1000.0,0.0,0.0,10.0,1.0,0,3.0,0.0,0.0,0.0,0.0,0.0,0.0,0.0,0.0
2532,1,1,2,0,0,0,1,101-500,100.0,1.0,0.0,1892.0,310.0,0.0,0.0,199.0,1.0,0,3.0,0.0,0.0,0.0,0.0,0.0,0.0,0.0,0.0
2533,1,1,2,0,0,0,1,101-500,100.0,1.0,0.0,1892.0,100.0,0.0,0.0,199.0,1.0,0,3.0,0.0,0.0,0.0,0.0,0.0,0.0,0.0,0.0
2534,1,1,2,0,0,1,31,1-25,80.0,1.0,0.0,1829.0,815.0,1.0,0.0,1073.7,17.0,1,3.0,1.0,1.0,23.0,11.0,11.0,3.0,0.0,0.0
2535,1,1,2,0,0,0,1,26-100,100.0,1.0,0.0,1892.0,550.0,0.0,0.0,995.0,5.0,0,3.0,0.0,0.0,0.0,0.0,0.0,0.0,0.0,0.0
2536,1,1,2,0,0,0,1,101-500,100.0,1.0,0.0,1892.0,200.0,0.0,0.0,199.0,1.0,0,3.0,0.0,0.0,0.0,0.0,0.0,0.0,0.0,0.0
2537,1,1,2,0,0,0,1,26-100,100.0,1.0,0.0,1892.0,1150.0,0.0,0.0,209.0,2.0,0,3.0,0.0,0.0,0.0,0.0,0.0,0.0,0.0,0.0
2538,1,1,2,0,0,0,1,26-100,80.0,2.0,0.0,1892.0,2453.0,1.0,0.0,53.0,1.0,1,3.0,0.0,0.0,0.0,0.0,0.0,0.0,0.0,0.0
2539,1,1,2,0,0,1,3,1-25,80.0,1.0,0.0,1892.0,300.0,1.0,0.0,60.0,1.0,1,3.0,0.0,0.0,0.0,0.0,0.0,0.0,0.0,0.0
2540,1,1,2,0,0,0,1,101-500,100.0,1.0,0.0,1892.0,2300.0,0.0,0.0,200.0,2.0,0,3.0,0.0,0.0,0.0,0.0,0.0,0.0,0.0,0.0
2541,1,1,2,0,0,0,1,1-25,80.0,1.0,0.0,1892.0,242.0,1.0,0.0,172.1,4.0,1,3.0,0.0,0.0,0.0,0.0,0.0,0.0,0.0,0.0
2542,1,1,2,0,0,1,2,26-100,80.0,1.0,0.0,1892.0,0.0,1.0,0.0,60.0,1.0,1,3.0,0.0,0.0,0.0,0.0,0.0,0.0,0.0,0.0
2544,1,1,2,0,0,0,1,1-25,100.0,1.0,0.0,1892.0,30.0,0.0,0.0,10.0,2.0,0,3.0,0.0,0.0,0.0,0.0,0.0,0.0,0.0,0.0
2546,1,1,1,0,0,0,1,1-25,100.0,1.0,0.0,1887.0,145.0,0.0,0.0,240.0,7.0,0,3.0,0.0,0.0,0.0,0.0,0.0,0.0,0.0,0.0
2550,1,1,2,0,0,0,1,1-25,80.0,1.0,0.0,1892.0,280.0,1.0,0.0,11918.0,2.0,1,3.0,0.0,0.0,0.0,0.0,0.0,0.0,0.0,0.0
2551,1,1,1,0,0,1,2,101-500,100.0,1.0,0.0,1891.0,145.0,0.0,0.0,1657.0,11.0,0,3.0,1.0,1.0,1.0,1.0,0.0,1.0,0.0,0.0
2553,1,1,2,0,0,0,1,101-500,80.0,1.0,0.0,1891.0,45.0,1.0,0.0,11800.0,1.0,1,3.0,0.0,0.0,0.0,0.0,0.0,0.0,0.0,0.0
2554,0,1,2,0,0,1,13,26-100,80.0,1.0,0.0,1885.0,112.0,1.0,0.0,1.18,1.0,1,3.0,1.0,1.0,1.0,0.0,0.0,0.0,0.0,0.0
2558,1,1,2,0,0,1,3,26-100,100.0,1.0,0.0,1890.0,310.0,0.0,0.0,309.0,3.0,0,3.0,0.0,0.0,0.0,0.0,0.0,0.0,0.0,0.0
2559,1,1,2,0,0,1,2,1-25,100.0,1.0,0.0,1890.0,53.0,0.0,0.0,103.0,4.0,0,3.0,0.0,0.0,0.0,0.0,0.0,0.0,0.0,0.0
2560,1,1,2,0,0,0,1,1-25,60.0,1.0,0.0,1890.0,100.0,1.0,0.0,11850.74,8.0,1,3.0,0.0,0.0,0.0,0.0,0.0,0.0,0.0,0.0
2561,1,1,1,0,0,0,1,1-25,60.0,1.0,0.0,1887.0,140.0,1.0,0.0,11847.2,5.0,1,3.0,0.0,0.0,0.0,0.0,0.0,0.0,0.0,0.0
2562,1,1,2,0,0,1,3,26-100,60.0,1.0,0.0,1887.0,80.0,1.0,0.0,61.8,2.0,1,3.0,0.0,0.0,0.0,0.0,0.0,0.0,0.0,0.0
2563,1,1,2,0,0,0,1,26-100,60.0,2.0,0.0,1887.0,350.0,1.0,0.0,11918.0,2.0,1,3.0,0.0,0.0,0.0,0.0,0.0,0.0,0.0,0.0
2564,1,1,2,0,0,0,1,1-25,60.0,1.0,0.0,1887.0,300.0,1.0,0.0,260.0,3.0,1,3.0,0.0,0.0,0.0,0.0,0.0,0.0,0.0,0.0
2565,1,1,2,0,0,0,1,101-500,60.0,1.0,0.0,1887.0,300.0,1.0,0.0,260.0,3.0,1,3.0,0.0,0.0,0.0,0.0,0.0,0.0,0.0,0.0
2566,1,1,2,0,0,1,3,26-100,100.0,1.0,0.0,1887.0,300.0,0.0,0.0,218.0,2.0,0,3.0,0.0,0.0,0.0,0.0,0.0,0.0,0.0,0.0
2567,1,1,1,0,0,1,14,26-100,100.0,1.0,0.0,1885.0,501.0,0.0,0.0,500.0,5.0,0,3.0,0.0,0.0,0.0,0.0,0.0,0.0,0.0,0.0
2568,1,1,2,0,0,1,3,26-100,60.0,1.0,0.0,1887.0,200.0,1.0,0.0,282.3,2.0,1,3.0,0.0,0.0,0.0,0.0,0.0,0.0,0.0,0.0
2569,1,1,2,0,0,1,5,1-25,60.0,1.0,0.0,1887.0,709.0,1.0,0.0,11800.0,1.0,1,3.0,1.0,1.0,3.0,1.0,1.0,0.0,0.0,0.0
2570,1,1,2,0,0,1,2,26-100,60.0,1.0,0.0,1887.0,896.0,1.0,0.0,600.0,1.0,1,3.0,1.0,1.0,3.0,2.0,2.0,0.0,0.0,0.0
2571,1,1,2,0,0,0,1,26-100,100.0,1.0,0.0,1887.0,1000.0,0.0,0.0,209.0,2.0,0,3.0,0.0,0.0,0.0,0.0,0.0,0.0,0.0,0.0
2575,1,1,2,0,0,0,1,26-100,60.0,1.0,0.0,1887.0,100.0,1.0,0.0,11800.0,1.0,1,3.0,0.0,0.0,0.0,0.0,0.0,0.0,0.0,0.0
2576,1,1,2,0,0,0,1,26-100,60.0,1.0,0.0,1887.0,250.0,1.0,0.0,11800.0,1.0,1,3.0,0.0,0.0,0.0,0.0,0.0,0.0,0.0,0.0
2577,1,1,2,0,0,1,4,101-500,60.0,1.0,0.0,1887.0,100.0,1.0,0.0,139.24,1.0,1,3.0,0.0,0.0,0.0,0.0,0.0,0.0,0.0,0.0
2578,1,1,2,0,0,1,4,26-100,100.0,1.0,0.0,1885.0,200.0,0.0,0.0,236.0,1.0,0,3.0,0.0,0.0,0.0,0.0,0.0,0.0,0.0,0.0
2579,0,1,2,0,0,0,1,26-100,100.0,1.0,0.0,1885.0,550.0,0.0,0.0,199.0,1.0,0,3.0,0.0,0.0,0.0,0.0,0.0,0.0,0.0,0.0
2580,1,1,2,0,0,0,1,26-100,100.0,1.0,0.0,1887.0,550.0,0.0,0.0,199.0,1.0,0,3.0,0.0,0.0,0.0,0.0,0.0,0.0,0.0,0.0
2581,1,1,2,0,0,1,2,26-100,60.0,1.0,0.0,1887.0,45.0,1.0,0.0,12559.18,9.0,1,3.0,0.0,0.0,0.0,0.0,0.0,0.0,0.0,0.0
2582,1,1,2,0,0,0,1,26-100,100.0,1.0,0.0,1887.0,100.0,0.0,0.0,199.0,1.0,0,3.0,0.0,0.0,0.0,0.0,0.0,0.0,0.0,0.0
2583,1,1,2,0,0,1,4,1-25,60.0,1.0,0.0,1887.0,200.0,1.0,0.0,200.0,1.0,1,3.0,0.0,0.0,0.0,0.0,0.0,0.0,0.0,0.0
2584,1,1,2,0,0,0,1,26-100,60.0,1.0,0.0,1887.0,250.0,1.0,0.0,11800.0,1.0,1,3.0,0.0,0.0,0.0,0.0,0.0,0.0,0.0,0.0
2585,1,1,2,0,0,0,1,1-25,100.0,1.0,0.0,1887.0,100.0,0.0,0.0,100.0,1.0,0,3.0,0.0,0.0,0.0,0.0,0.0,0.0,0.0,0.0
2586,1,1,2,0,0,1,3,26-100,100.0,1.0,0.0,1887.0,200.0,0.0,0.0,100.0,1.0,0,3.0,0.0,0.0,0.0,0.0,0.0,0.0,0.0,0.0
2587,0,1,2,0,0,1,2,26-100,100.0,1.0,0.0,1887.0,600.0,0.0,0.0,100.0,1.0,0,3.0,0.0,0.0,0.0,0.0,0.0,0.0,0.0,0.0
2588,1,1,2,0,0,0,1,26-100,100.0,1.0,0.0,1885.0,650.0,0.0,0.0,199.0,1.0,0,3.0,1.0,0.0,0.0,0.0,0.0,0.0,0.0,0.0
2589,1,1,2,0,0,1,3,26-100,60.0,1.0,0.0,1886.0,100.0,1.0,0.0,118.0,1.0,1,3.0,0.0,0.0,0.0,0.0,0.0,0.0,0.0,0.0
2590,1,1,2,0,0,1,3,26-100,100.0,1.0,0.0,1886.0,100.0,0.0,0.0,100.0,1.0,0,3.0,1.0,1.0,3.0,1.0,1.0,0.0,0.0,0.0
2591,1,1,2,0,0,1,3,101-500,60.0,1.0,0.0,1886.0,1000.0,1.0,0.0,5900.0,1.0,1,3.0,0.0,0.0,0.0,0.0,0.0,0.0,0.0,0.0
2595,1,1,2,0,0,1,2,26-100,60.0,1.0,0.0,1886.0,100.0,1.0,0.0,11800.0,1.0,1,3.0,0.0,0.0,0.0,0.0,0.0,0.0,0.0,0.0
2599,1,1,2,0,0,1,2,26-100,100.0,1.0,0.0,1886.0,550.0,0.0,0.0,199.0,1.0,0,3.0,0.0,0.0,0.0,0.0,0.0,0.0,0.0,0.0
2601,1,1,2,0,0,1,2,1-25,60.0,1.0,0.0,1886.0,100.0,1.0,0.0,236.0,1.0,1,3.0,0.0,0.0,0.0,0.0,0.0,0.0,0.0,0.0
2602,1,1,2,0,0,1,2,101-500,60.0,1.0,0.0,1885.0,100.0,1.0,0.0,236.0,1.0,1,3.0,0.0,0.0,0.0,0.0,0.0,0.0,0.0,0.0
2603,1,1,2,0,0,1,4,26-100,60.0,1.0,0.0,1885.0,100.0,1.0,0.0,118.0,1.0,1,3.0,0.0,0.0,0.0,0.0,0.0,0.0,0.0,0.0
2604,1,1,2,0,0,1,3,26-100,100.0,1.0,0.0,1885.0,550.0,0.0,0.0,1050.0,2.0,0,3.0,2.0,1.0,10.0,0.0,0.0,0.0,0.0,0.0
2605,1,1,2,0,0,0,1,26-100,100.0,1.0,0.0,1886.0,550.0,0.0,0.0,199.0,1.0,0,3.0,0.0,0.0,0.0,0.0,0.0,0.0,0.0,0.0
2608,1,1,2,0,0,1,2,101-500,60.0,1.0,0.0,1885.0,300.0,1.0,0.0,2360.0,1.0,1,3.0,0.0,1.0,0.0,0.0,0.0,0.0,0.0,0.0
2609,1,1,2,0,0,0,1,101-500,100.0,1.0,0.0,1885.0,2300.0,0.0,0.0,199.0,1.0,0,3.0,0.0,0.0,0.0,0.0,0.0,0.0,0.0,0.0
2611,1,1,2,0,0,1,4,101-500,60.0,1.0,0.0,1885.0,1500.0,1.0,0.0,5310.0,1.0,1,3.0,0.0,0.0,0.0,0.0,0.0,0.0,0.0,0.0
2616,1,1,2,0,0,1,2,1-25,100.0,1.0,0.0,1885.0,200.0,0.0,0.0,3500.0,1.0,0,3.0,0.0,0.0,0.0,0.0,0.0,0.0,0.0,0.0
2617,1,1,2,0,0,1,102,500-1000,100.0,1.0,0.0,1885.0,202.0,0.0,0.0,2500.0,1.0,0,3.0,0.0,0.0,0.0,0.0,0.0,0.0,0.0,0.0
2619,1,1,2,0,0,0,1,101-500,60.0,1.0,0.0,1885.0,100.0,1.0,0.0,11800.0,1.0,1,3.0,0.0,0.0,0.0,0.0,0.0,0.0,0.0,0.0
2620,1,1,2,0,0,1,2,1-25,100.0,1.0,0.0,1885.0,100.0,0.0,0.0,1000.0,1.0,0,3.0,0.0,0.0,0.0,0.0,0.0,0.0,0.0,0.0
2621,1,1,2,0,0,0,1,101-500,100.0,1.0,0.0,1885.0,550.0,0.0,0.0,199.0,1.0,0,3.0,0.0,0.0,0.0,0.0,0.0,0.0,0.0,0.0
2622,1,1,2,0,0,0,1,1-25,60.0,1.0,0.0,1885.0,15.0,1.0,0.0,14.16,1.0,1,3.0,0.0,0.0,0.0,0.0,0.0,0.0,0.0,0.0
2623,1,1,2,0,0,0,1,1-25,60.0,1.0,0.0,1885.0,15.0,1.0,0.0,12.0,1.0,1,3.0,0.0,0.0,0.0,0.0,0.0,0.0,0.0,0.0
2624,1,1,2,0,0,1,123,26-100,60.0,1.0,0.0,1885.0,100.0,1.0,0.0,1000.0,1.0,1,3.0,0.0,0.0,0.0,0.0,0.0,0.0,0.0,0.0
2625,1,1,2,0,0,0,1,26-100,100.0,1.0,0.0,1883.0,544.0,0.0,0.0,199.0,1.0,0,3.0,2.0,1.0,6.0,4.0,4.0,0.0,0.0,0.0
2627,1,1,2,0,0,0,1,26-100,60.0,1.0,0.0,1883.0,497.0,1.0,0.0,12420.8,4.0,1,3.0,3.0,1.0,7.0,3.0,3.0,0.0,0.0,0.0
2629,1,1,2,0,0,0,1,101-500,60.0,1.0,0.0,1568.0,5.0,0.0,0.0,0.0,1.0,1,3.0,0.0,0.0,0.0,0.0,0.0,0.0,0.0,0.0
2630,1,1,2,0,0,0,1,101-500,100.0,1.0,0.0,1883.0,0.0,0.0,0.0,123.0,1.0,0,3.0,0.0,0.0,0.0,0.0,0.0,0.0,0.0,0.0
2631,1,1,2,0,0,0,1,26-100,100.0,1.0,0.0,1883.0,1.0,0.0,0.0,123.0,1.0,0,3.0,0.0,0.0,0.0,0.0,0.0,0.0,0.0,0.0
2632,1,1,2,0,0,1,13,500-1000,100.0,1.0,0.0,1880.0,312.0,0.0,0.0,23.8,2.0,1,3.0,0.0,0.0,0.0,0.0,0.0,0.0,0.0,0.0
2633,1,1,2,0,0,0,1,1-25,100.0,1.0,0.0,1862.0,100.0,0.0,0.0,199.0,1.0,0,3.0,1.0,5.0,54.0,0.0,0.0,0.0,0.0,0.0
2634,1,1,2,0,0,0,1,1-25,60.0,2.0,0.0,1830.0,25.0,1.0,0.0,11800.0,1.0,1,3.0,6.0,5.0,16.0,8.0,7.0,1.0,0.0,0.0
2635,1,1,2,0,0,0,1,26-100,100.0,1.0,0.0,1880.0,649.0,0.0,0.0,199.0,1.0,0,3.0,1.0,1.0,1.0,1.0,1.0,0.0,0.0,0.0
2636,1,1,2,0,0,0,1,500-1000,100.0,1.0,0.0,1880.0,301.0,0.0,0.0,299.0,1.0,0,3.0,0.0,0.0,0.0,0.0,0.0,0.0,0.0,0.0
2638,1,1,2,0,0,0,1,26-100,100.0,1.0,0.0,1879.0,547.0,0.0,0.0,199.0,1.0,0,3.0,0.0,1.0,1.0,0.0,0.0,0.0,0.0,0.0
2640,1,1,2,0,0,0,1,101-500,60.0,1.0,0.0,1879.0,100.0,1.0,0.0,11800.0,1.0,1,3.0,0.0,0.0,0.0,0.0,0.0,0.0,0.0,0.0
2641,1,1,2,0,0,0,1,26-100,60.0,1.0,0.0,1879.0,250.0,1.0,0.0,11800.0,1.0,1,3.0,0.0,0.0,0.0,0.0,0.0,0.0,0.0,0.0
2642,1,1,2,0,0,1,12,26-100,100.0,1.0,0.0,1879.0,550.0,0.0,0.0,209.0,2.0,0,3.0,0.0,0.0,0.0,0.0,0.0,0.0,0.0,0.0
2643,1,1,2,0,0,0,1,26-100,60.0,1.0,0.0,1879.0,200.0,1.0,0.0,11800.0,1.0,1,3.0,0.0,0.0,0.0,0.0,0.0,0.0,0.0,0.0
2644,1,1,2,0,0,0,1,26-100,100.0,1.0,0.0,1878.0,550.0,0.0,0.0,199.0,1.0,0,3.0,1.0,0.0,0.0,0.0,0.0,0.0,0.0,0.0
2645,1,1,2,0,0,1,2,26-100,60.0,1.0,0.0,1878.0,310.0,1.0,0.0,11800.0,1.0,1,3.0,1.0,2.0,0.0,0.0,0.0,0.0,0.0,0.0
2646,1,1,2,0,0,0,999,26-100,10000.0,1.0,0.0,1065.0,500000.0,1.0,1.0,8400.6,3.0,1,7.0,0.0,0.0,0.0,0.0,0.0,0.0,0.0,0.0
2647,1,1,2,0,0,1,3,26-100,100.0,1.0,0.0,1878.0,800.0,0.0,0.0,199.0,1.0,0,3.0,0.0,0.0,0.0,0.0,0.0,0.0,0.0,0.0
2648,1,1,2,0,0,0,1,26-100,60.0,1.0,0.0,1878.0,100.0,1.0,0.0,23.6,1.0,1,3.0,0.0,0.0,0.0,0.0,0.0,0.0,0.0,0.0
2649,1,1,2,0,0,0,1,101-500,60.0,1.0,0.0,1878.0,693.0,1.0,0.0,23.6,1.0,1,3.0,0.0,0.0,0.0,0.0,0.0,0.0,0.0,0.0
2654,1,1,2,0,0,1,2,1-25,100.0,1.0,0.0,1878.0,650.0,0.0,0.0,199.0,1.0,0,3.0,0.0,0.0,0.0,0.0,0.0,0.0,0.0,0.0
2657,1,1,2,0,0,1,2,101-500,100.0,1.0,0.0,1878.0,100.0,0.0,0.0,500.0,1.0,0,3.0,0.0,0.0,0.0,0.0,0.0,0.0,0.0,0.0
2658,1,1,2,0,0,1,2,26-100,100.0,1.0,0.0,1878.0,100.0,0.0,0.0,500.0,1.0,0,3.0,0.0,0.0,0.0,0.0,0.0,0.0,0.0,0.0
2659,1,1,2,0,0,1,3,101-500,100.0,1.0,0.0,1878.0,100.0,0.0,0.0,500.0,1.0,0,3.0,0.0,0.0,0.0,0.0,0.0,0.0,0.0,0.0
2661,1,1,2,0,0,1,3,26-100,100.0,1.0,0.0,1878.0,150.0,0.0,0.0,250.0,1.0,0,3.0,0.0,0.0,0.0,0.0,0.0,0.0,0.0,0.0
2663,1,1,2,0,0,1,3,26-100,100.0,1.0,0.0,1878.0,300.0,0.0,0.0,5200.0,1.0,0,3.0,0.0,0.0,0.0,0.0,0.0,0.0,0.0,0.0
2664,1,1,2,0,0,0,1,26-100,100.0,1.0,0.0,1878.0,700.0,0.0,0.0,499.0,3.0,0,3.0,0.0,0.0,0.0,0.0,0.0,0.0,0.0,0.0
2665,1,1,2,0,0,0,1,1-25,100.0,1.0,0.0,1878.0,700.0,0.0,0.0,499.0,2.0,0,3.0,0.0,0.0,0.0,0.0,0.0,0.0,0.0,0.0
2666,1,1,2,0,0,0,1,1-25,100.0,1.0,0.0,1878.0,600.0,0.0,0.0,299.0,2.0,0,3.0,0.0,0.0,0.0,0.0,0.0,0.0,0.0,0.0
2667,1,1,2,0,0,1,3,101-500,100.0,1.0,0.0,1878.0,650.0,0.0,0.0,199.0,1.0,0,3.0,0.0,0.0,0.0,0.0,0.0,0.0,0.0,0.0
2668,1,1,2,0,0,0,1,26-100,60.0,1.0,0.0,1878.0,60.0,1.0,0.0,11.8,1.0,1,3.0,0.0,0.0,0.0,0.0,0.0,0.0,0.0,0.0
2669,1,1,2,0,0,0,1,26-100,60.0,1.0,0.0,1878.0,60.0,1.0,0.0,11.8,1.0,1,3.0,0.0,0.0,0.0,0.0,0.0,0.0,0.0,0.0
2670,1,1,2,0,0,0,1,26-100,60.0,1.0,0.0,1878.0,5.0,1.0,0.0,11.8,1.0,1,3.0,0.0,0.0,0.0,0.0,0.0,0.0,0.0,0.0
2671,1,1,2,0,0,0,1,26-100,60.0,1.0,0.0,1878.0,4.0,1.0,0.0,11.8,1.0,1,3.0,0.0,0.0,0.0,0.0,0.0,0.0,0.0,0.0
2672,1,1,2,0,0,0,1,26-100,60.0,1.0,0.0,1878.0,99.0,1.0,0.0,11.8,1.0,1,3.0,1.0,1.0,5.0,5.0,4.0,1.0,0.0,0.0
2674,1,1,2,0,0,0,1,26-100,60.0,1.0,0.0,1878.0,12.0,1.0,0.0,249.0,4.0,1,3.0,0.0,0.0,0.0,0.0,0.0,0.0,0.0,0.0
2675,1,1,2,0,0,0,1,26-100,100.0,1.0,0.0,1878.0,550.0,0.0,0.0,199.0,1.0,0,3.0,0.0,0.0,0.0,0.0,0.0,0.0,0.0,0.0
2677,1,1,2,0,0,0,1,26-100,60.0,1.0,0.0,1878.0,60.0,1.0,0.0,11.8,1.0,1,3.0,0.0,0.0,0.0,0.0,0.0,0.0,0.0,0.0
2678,1,1,2,0,0,0,1,26-100,60.0,1.0,0.0,1878.0,149.0,1.0,0.0,228.0,3.0,1,3.0,1.0,0.0,0.0,0.0,0.0,0.0,0.0,0.0
2679,1,1,2,0,0,0,1,26-100,100.0,1.0,0.0,1878.0,20.0,0.0,0.0,100.0,1.0,0,3.0,0.0,0.0,0.0,0.0,0.0,0.0,0.0,0.0
2680,1,1,2,0,0,0,1,1-25,60.0,1.0,0.0,1878.0,20.0,1.0,0.0,118.0,1.0,1,3.0,0.0,0.0,0.0,0.0,0.0,0.0,0.0,0.0
2681,1,1,2,0,0,1,2,26-100,100.0,1.0,0.0,1878.0,30.0,0.0,0.0,10.0,1.0,0,3.0,0.0,0.0,0.0,0.0,0.0,0.0,0.0,0.0
2682,1,1,2,0,0,0,1,26-100,100.0,1.0,0.0,1878.0,650.0,0.0,0.0,199.0,1.0,0,3.0,0.0,0.0,0.0,0.0,0.0,0.0,0.0,0.0
2683,1,1,2,0,0,0,1,26-100,60.0,1.0,0.0,1878.0,299.0,1.0,0.0,41.3,1.0,1,3.0,2.0,1.0,2.0,1.0,1.0,0.0,0.0,0.0
2685,1,1,2,0,0,0,1,101-500,60.0,1.0,0.0,1877.0,403.0,1.0,0.0,53100.0,1.0,1,3.0,3.0,1.0,2.0,2.0,2.0,0.0,0.0,0.0
2686,1,1,2,0,0,1,3,26-100,60.0,1.0,0.0,1877.0,50.0,1.0,0.0,118.0,1.0,1,3.0,0.0,0.0,0.0,0.0,0.0,0.0,0.0,0.0
2687,1,1,2,0,0,1,3,1-25,60.0,1.0,0.0,1877.0,50.0,1.0,0.0,100.0,1.0,1,3.0,0.0,0.0,0.0,0.0,0.0,0.0,0.0,0.0
2688,1,1,2,0,0,0,1,1-25,60.0,1.0,0.0,1877.0,293.0,1.0,0.0,53100.0,1.0,1,3.0,11.0,1.0,8.0,6.0,6.0,0.0,0.0,0.0
2692,1,1,2,0,0,0,1,26-100,60.0,1.0,0.0,1873.0,100.0,1.0,0.0,23.6,1.0,1,3.0,0.0,0.0,0.0,0.0,0.0,0.0,0.0,0.0
2693,1,1,2,0,0,0,1,101-500,60.0,1.0,0.0,1871.0,300.0,1.0,0.0,53100.0,1.0,1,3.0,0.0,0.0,0.0,0.0,0.0,0.0,0.0,0.0
2694,1,1,2,0,0,0,1,1-25,60.0,1.0,0.0,1871.0,60.0,1.0,0.0,11.8,1.0,1,3.0,0.0,0.0,0.0,0.0,0.0,0.0,0.0,0.0
2697,1,1,2,0,0,0,1,1-25,60.0,1.0,0.0,1870.0,100.0,1.0,0.0,11800.0,1.0,1,3.0,0.0,0.0,0.0,0.0,0.0,0.0,0.0,0.0
2700,1,1,2,0,0,1,2,1-25,60.0,1.0,0.0,1869.0,100.0,1.0,0.0,100.0,1.0,1,3.0,0.0,0.0,0.0,0.0,0.0,0.0,0.0,0.0
2701,1,1,2,0,0,1,2,1-25,60.0,1.0,0.0,1869.0,100.0,1.0,0.0,100.0,1.0,1,3.0,0.0,0.0,0.0,0.0,0.0,0.0,0.0,0.0
2702,1,1,2,0,0,1,2,26-100,100.0,1.0,0.0,1868.0,199.0,0.0,0.0,200.0,2.0,0,3.0,1.0,2.0,3.0,1.0,1.0,0.0,0.0,0.0
2705,1,1,2,0,0,0,1,26-100,100.0,1.0,0.0,1868.0,100.0,0.0,0.0,199.0,1.0,0,3.0,0.0,0.0,0.0,0.0,0.0,0.0,0.0,0.0
2706,1,1,2,0,0,0,1,26-100,100.0,1.0,0.0,1866.0,0.0,0.0,0.0,1.0,1.0,0,3.0,0.0,0.0,0.0,0.0,0.0,0.0,0.0,0.0
2707,1,1,2,0,0,1,2,26-100,100.0,1.0,0.0,1866.0,0.0,0.0,0.0,1.0,1.0,0,3.0,0.0,0.0,0.0,0.0,0.0,0.0,0.0,0.0
2708,1,1,2,0,0,1,2,101-500,100.0,1.0,0.0,1866.0,100.0,0.0,0.0,10.0,1.0,0,3.0,0.0,0.0,0.0,0.0,0.0,0.0,0.0,0.0
2709,1,1,2,0,0,0,1,26-100,100.0,1.0,0.0,1866.0,550.0,0.0,0.0,199.0,1.0,0,3.0,0.0,0.0,0.0,0.0,0.0,0.0,0.0,0.0
2710,1,1,2,0,0,0,1,26-100,100.0,1.0,0.0,1866.0,0.0,0.0,0.0,10.0,1.0,0,3.0,0.0,0.0,0.0,0.0,0.0,0.0,0.0,0.0
2711,1,1,2,0,0,0,1,26-100,100.0,1.0,0.0,1866.0,12.0,0.0,0.0,12.0,1.0,0,3.0,0.0,0.0,0.0,0.0,0.0,0.0,0.0,0.0
2712,1,1,2,0,0,1,1,1-25,100.0,1.0,0.0,1866.0,0.0,0.0,0.0,12.0,1.0,0,3.0,0.0,0.0,0.0,0.0,0.0,0.0,0.0,0.0
2713,1,1,2,0,0,1,2,1-25,100.0,1.0,0.0,1866.0,200.0,0.0,0.0,199.0,1.0,0,3.0,0.0,0.0,0.0,0.0,0.0,0.0,0.0,0.0
2714,1,1,2,0,0,1,1,101-500,100.0,1.0,0.0,1866.0,8.0,0.0,0.0,9.0,1.0,0,3.0,0.0,0.0,0.0,0.0,0.0,0.0,0.0,0.0
2715,1,1,2,0,0,0,1,26-100,100.0,1.0,0.0,1866.0,12.0,0.0,0.0,12.0,1.0,0,3.0,0.0,0.0,0.0,0.0,0.0,0.0,0.0,0.0
2717,1,1,2,0,0,0,1,101-500,100.0,1.0,0.0,1865.0,550.0,0.0,0.0,199.0,1.0,0,3.0,0.0,0.0,0.0,0.0,0.0,0.0,0.0,0.0
2718,1,1,2,0,0,1,1,1-25,60.0,1.0,0.0,1866.0,30.0,1.0,0.0,12.0,1.0,1,3.0,0.0,0.0,0.0,0.0,0.0,0.0,0.0,0.0
2722,1,1,2,0,0,0,1,26-100,60.0,1.0,0.0,1866.0,30.0,1.0,0.0,12.0,1.0,1,3.0,0.0,0.0,0.0,0.0,0.0,0.0,0.0,0.0
2723,1,1,2,0,0,0,1,26-100,60.0,1.0,0.0,1866.0,100.0,1.0,0.0,11800.0,1.0,1,3.0,0.0,0.0,0.0,0.0,0.0,0.0,0.0,0.0
2724,1,1,2,0,0,0,1,1-25,100.0,1.0,0.0,1865.0,1150.0,0.0,0.0,199.0,1.0,0,3.0,0.0,0.0,0.0,0.0,0.0,0.0,0.0,0.0
2726,1,1,2,0,0,0,1,1-25,100.0,1.0,0.0,1865.0,0.0,0.0,0.0,19.0,1.0,0,3.0,0.0,0.0,0.0,0.0,0.0,0.0,0.0,0.0
2727,1,1,2,0,0,0,1,26-100,100.0,1.0,0.0,1865.0,700.0,0.0,0.0,19.0,1.0,0,3.0,1.0,1.0,3.0,3.0,3.0,0.0,0.0,0.0
2728,1,1,2,0,0,1,5,26-100,100.0,1.0,0.0,1865.0,14.0,0.0,0.0,137.0,3.0,0,3.0,0.0,1.0,0.0,0.0,0.0,0.0,0.0,0.0
2733,1,1,2,0,0,1,1000,26-100,60.0,1.0,0.0,1865.0,139.0,1.0,0.0,1000.0,1.0,1,3.0,1.0,0.0,1.0,0.0,0.0,0.0,0.0,0.0
2735,1,1,2,0,0,1,4,101-500,60.0,1.0,0.0,1865.0,90.0,1.0,0.0,23.6,1.0,1,3.0,0.0,0.0,0.0,0.0,0.0,0.0,0.0,0.0
2741,1,1,2,0,0,1,1,1-25,100.0,1.0,0.0,1793.0,97.0,0.0,0.0,199.0,1.0,0,3.0,2.0,2.0,0.0,0.0,0.0,0.0,0.0,0.0
2742,1,1,2,0,0,0,1,1-25,100.0,1.0,0.0,1865.0,0.0,0.0,0.0,10.0,1.0,0,3.0,0.0,0.0,0.0,0.0,0.0,0.0,0.0,0.0
2743,1,1,2,0,0,0,1,26-100,100.0,1.0,0.0,1865.0,0.0,0.0,0.0,10.0,1.0,0,3.0,0.0,0.0,0.0,0.0,0.0,0.0,0.0,0.0
2744,1,1,2,0,0,0,1,26-100,100.0,1.0,0.0,1865.0,0.0,0.0,0.0,1.0,1.0,0,3.0,0.0,0.0,0.0,0.0,0.0,0.0,0.0,0.0
2745,1,1,2,0,0,0,1,1-25,100.0,1.0,0.0,1865.0,0.0,0.0,0.0,12.0,1.0,0,3.0,0.0,0.0,0.0,0.0,0.0,0.0,0.0,0.0
2746,1,1,2,0,0,0,1,26-100,60.0,1.0,0.0,1865.0,300.0,1.0,0.0,53100.0,1.0,1,3.0,0.0,0.0,0.0,0.0,0.0,0.0,0.0,0.0
2747,1,1,2,0,0,1,1,1-25,100.0,1.0,0.0,1864.0,1.0,0.0,0.0,12.0,1.0,0,3.0,0.0,0.0,0.0,0.0,0.0,0.0,0.0,0.0
2749,1,1,2,0,0,1,0,101-500,100.0,1.0,0.0,1864.0,1.0,0.0,0.0,12.0,1.0,0,3.0,0.0,0.0,0.0,0.0,0.0,0.0,0.0,0.0
2750,1,1,2,0,0,1,1,101-500,100.0,1.0,0.0,1864.0,500.0,0.0,0.0,5000.0,1.0,0,3.0,0.0,0.0,0.0,0.0,0.0,0.0,0.0,0.0
2751,1,1,2,0,0,1,2,26-100,60.0,1.0,0.0,1864.0,100.0,1.0,0.0,1000.0,1.0,1,3.0,0.0,0.0,0.0,0.0,0.0,0.0,0.0,0.0
2754,1,1,2,0,0,1,0,1-25,60.0,1.0,0.0,1864.0,0.0,1.0,0.0,100.0,1.0,1,3.0,0.0,0.0,0.0,0.0,0.0,0.0,0.0,0.0
2755,1,1,2,0,0,1,1,26-100,100.0,1.0,0.0,1864.0,0.0,0.0,0.0,100.0,1.0,0,3.0,0.0,0.0,0.0,0.0,0.0,0.0,0.0,0.0
2756,1,1,2,0,0,1,4,26-100,60.0,1.0,0.0,1864.0,78.0,1.0,0.0,118.0,1.0,1,3.0,0.0,0.0,0.0,0.0,0.0,0.0,0.0,0.0
2757,1,1,2,0,0,1,0,500-1000,60.0,1.0,0.0,1864.0,100.0,1.0,0.0,1180.0,1.0,1,3.0,0.0,0.0,0.0,0.0,0.0,0.0,0.0,0.0
2758,1,1,2,0,0,1,0,26-100,60.0,1.0,0.0,1864.0,15.0,1.0,0.0,12.0,1.0,1,3.0,0.0,0.0,0.0,0.0,0.0,0.0,0.0,0.0
2759,1,1,2,0,0,1,2,26-100,60.0,1.0,0.0,1864.0,105.0,1.0,0.0,118.0,1.0,1,3.0,0.0,0.0,0.0,0.0,0.0,0.0,0.0,0.0
2760,1,1,2,0,0,0,1,26-100,60.0,1.0,0.0,1801.0,95.0,1.0,0.0,11800.0,1.0,1,3.0,5.0,2.0,19.0,16.0,16.0,0.0,0.0,0.0
2761,1,1,2,0,0,0,1,101-500,60.0,1.0,0.0,1863.0,164.0,1.0,0.0,118.0,1.0,1,3.0,0.0,0.0,0.0,0.0,0.0,0.0,0.0,0.0
2762,1,1,2,0,0,0,1,101-500,60.0,1.0,0.0,1864.0,104.0,1.0,0.0,118.0,1.0,1,3.0,0.0,0.0,0.0,0.0,0.0,0.0,0.0,0.0
2763,1,1,2,0,0,0,1,1-25,60.0,1.0,0.0,1863.0,4.0,1.0,0.0,118.0,1.0,1,3.0,1.0,0.0,0.0,0.0,0.0,0.0,0.0,0.0
2764,1,1,2,0,0,0,1,101-500,60.0,2.0,0.0,1863.0,300.0,1.0,0.0,53100.0,1.0,1,3.0,0.0,0.0,0.0,0.0,0.0,0.0,0.0,0.0
2765,1,1,2,0,0,0,1,26-100,60.0,1.0,0.0,1863.0,60.0,1.0,0.0,11.8,1.0,1,3.0,0.0,0.0,0.0,0.0,0.0,0.0,0.0,0.0
2766,1,1,2,0,0,1,4,26-100,60.0,1.0,0.0,1863.0,470.0,1.0,0.0,11800.0,1.0,1,3.0,0.0,0.0,0.0,0.0,0.0,0.0,0.0,0.0
2767,1,1,2,0,0,0,1,26-100,60.0,1.0,0.0,1863.0,4.0,1.0,0.0,118.0,1.0,1,3.0,0.0,0.0,0.0,0.0,0.0,0.0,0.0,0.0
2770,1,1,2,0,0,0,1,26-100,60.0,1.0,0.0,1863.0,100.0,1.0,0.0,11800.0,1.0,1,3.0,0.0,0.0,0.0,0.0,0.0,0.0,0.0,0.0
2771,1,1,2,0,0,1,5,1-25,60.0,1.0,0.0,1863.0,340.0,1.0,0.0,11800.0,1.0,1,3.0,0.0,0.0,0.0,0.0,0.0,0.0,0.0,0.0
2772,1,1,2,0,0,0,1,26-100,60.0,1.0,0.0,1863.0,100.0,1.0,0.0,23.6,1.0,1,3.0,0.0,0.0,0.0,0.0,0.0,0.0,0.0,0.0
2773,1,1,2,0,0,0,1,26-100,100.0,1.0,0.0,1863.0,550.0,0.0,0.0,199.0,1.0,0,3.0,0.0,0.0,0.0,0.0,0.0,0.0,0.0,0.0
2774,1,1,2,0,0,0,1,1-25,60.0,1.0,0.0,1863.0,250.0,1.0,0.0,11800.0,1.0,1,3.0,0.0,0.0,0.0,0.0,0.0,0.0,0.0,0.0
2781,1,1,2,0,0,1,3,101-500,100.0,1.0,0.0,1863.0,200.0,0.0,0.0,199.0,1.0,0,3.0,0.0,0.0,0.0,0.0,0.0,0.0,0.0,0.0
2783,1,1,2,0,0,1,2,26-100,100.0,1.0,0.0,1863.0,350.0,0.0,0.0,199.0,1.0,0,3.0,0.0,0.0,0.0,0.0,0.0,0.0,0.0,0.0
2784,1,1,2,0,0,1,1,26-100,60.0,1.0,0.0,1863.0,1000.0,1.0,0.0,5000.0,1.0,1,3.0,0.0,0.0,0.0,0.0,0.0,0.0,0.0,0.0
2786,1,1,2,0,0,1,0,26-100,60.0,1.0,0.0,1863.0,1000.0,1.0,0.0,5900.0,1.0,1,3.0,0.0,0.0,0.0,0.0,0.0,0.0,0.0,0.0
2788,1,1,2,0,0,1,2,1-25,100.0,1.0,0.0,1863.0,550.0,0.0,0.0,199.0,1.0,0,3.0,0.0,0.0,0.0,0.0,0.0,0.0,0.0,0.0
2790,1,1,2,0,0,0,1,26-100,100.0,1.0,0.0,1863.0,100.0,0.0,0.0,199.0,1.0,0,3.0,0.0,0.0,0.0,0.0,0.0,0.0,0.0,0.0
2791,1,1,2,0,0,0,1,26-100,60.0,1.0,0.0,1863.0,140.0,1.0,0.0,11800.0,1.0,1,3.0,0.0,0.0,0.0,0.0,0.0,0.0,0.0,0.0
2792,1,1,2,0,0,1,3,26-100,100.0,1.0,0.0,1863.0,632.0,0.0,0.0,1.0,1.0,0,3.0,0.0,0.0,0.0,0.0,0.0,0.0,0.0,0.0
2796,1,1,2,0,0,1,1,26-100,60.0,1.0,0.0,1863.0,80.0,1.0,0.0,10000.0,1.0,1,3.0,0.0,0.0,0.0,0.0,0.0,0.0,0.0,0.0
2798,1,1,2,0,0,1,0,500-1000,60.0,1.0,0.0,1863.0,1000.0,1.0,0.0,118.0,1.0,1,3.0,0.0,0.0,0.0,0.0,0.0,0.0,0.0,0.0
2802,1,1,2,0,0,1,15,1-25,100.0,1.0,0.0,36.0,223.0,0.0,0.0,199.0,1.0,0,3.0,8.0,92.0,743.0,133.0,114.0,23.0,0.0,0.0
2804,1,1,2,0,0,0,1,26-100,60.0,1.0,0.0,1862.0,60.0,1.0,0.0,11.8,1.0,1,3.0,0.0,0.0,0.0,0.0,0.0,0.0,0.0,0.0
2805,1,1,2,0,0,0,1,101-500,100.0,1.0,0.0,1862.0,1150.0,0.0,0.0,199.0,1.0,0,3.0,0.0,0.0,0.0,0.0,0.0,0.0,0.0,0.0
2806,1,1,2,0,0,0,1,26-100,60.0,1.0,0.0,1862.0,60.0,1.0,0.0,11.8,1.0,1,3.0,0.0,0.0,0.0,0.0,0.0,0.0,0.0,0.0
2807,1,1,2,0,0,1,0,500-1000,60.0,1.0,0.0,1859.0,1.0,1.0,0.0,1.0,1.0,1,3.0,0.0,0.0,0.0,0.0,0.0,0.0,0.0,0.0
2808,1,1,2,0,0,1,1,26-100,60.0,1.0,0.0,1859.0,15000.0,1.0,0.0,11800.0,1.0,1,3.0,0.0,0.0,0.0,0.0,0.0,0.0,0.0,0.0
2809,1,1,2,0,0,0,1,26-100,60.0,1.0,0.0,1859.0,60.0,1.0,0.0,11.8,1.0,1,3.0,0.0,0.0,0.0,0.0,0.0,0.0,0.0,0.0
2810,1,1,2,0,0,1,1,26-100,60.0,1.0,0.0,1859.0,1000.0,1.0,0.0,1180.0,1.0,1,3.0,0.0,0.0,0.0,0.0,0.0,0.0,0.0,0.0
2811,1,1,2,0,0,1,1,101-500,60.0,1.0,0.0,1859.0,1500.0,1.0,0.0,1180.0,1.0,1,3.0,1.0,0.0,0.0,0.0,0.0,0.0,0.0,0.0
2812,1,1,2,0,0,1,1,101-500,60.0,1.0,0.0,1859.0,15000.0,1.0,0.0,11800.0,1.0,1,3.0,0.0,0.0,0.0,0.0,0.0,0.0,0.0,0.0
2813,1,1,2,0,0,1,1,101-500,100.0,1.0,0.0,1859.0,100.0,0.0,0.0,5000.0,1.0,0,3.0,0.0,0.0,0.0,0.0,0.0,0.0,0.0,0.0
2814,1,1,2,0,0,1,0,26-100,60.0,1.0,0.0,1859.0,50.0,1.0,0.0,1000.0,1.0,1,3.0,0.0,0.0,0.0,0.0,0.0,0.0,0.0,0.0
2815,1,1,2,0,0,1,1,26-100,60.0,1.0,0.0,1859.0,70.0,1.0,0.0,1180.0,1.0,1,3.0,0.0,0.0,0.0,0.0,0.0,0.0,0.0,0.0
2816,1,1,2,0,0,0,1,26-100,60.0,1.0,0.0,1859.0,60.0,1.0,0.0,11.8,1.0,1,3.0,0.0,0.0,0.0,0.0,0.0,0.0,0.0,0.0
2817,1,1,2,0,0,0,1,26-100,100.0,1.0,0.0,1859.0,550.0,0.0,0.0,199.0,1.0,0,3.0,0.0,0.0,0.0,0.0,0.0,0.0,0.0,0.0
2818,1,1,2,0,0,1,0,500-1000,100.0,1.0,0.0,1859.0,10.0,0.0,0.0,100.0,1.0,0,3.0,0.0,0.0,0.0,0.0,0.0,0.0,0.0,0.0
2819,1,1,2,0,0,1,0,1-25,60.0,1.0,0.0,1859.0,110.0,1.0,0.0,100.0,1.0,1,3.0,0.0,0.0,0.0,0.0,0.0,0.0,0.0,0.0
2820,1,1,2,0,0,1,3,500-1000,60.0,1.0,0.0,1859.0,130.0,1.0,0.0,23.6,1.0,1,3.0,0.0,0.0,0.0,0.0,0.0,0.0,0.0,0.0
2824,1,1,2,0,0,0,1,26-100,100.0,1.0,0.0,1859.0,550.0,0.0,0.0,199.0,1.0,0,3.0,0.0,0.0,0.0,0.0,0.0,0.0,0.0,0.0
2825,1,1,2,0,0,0,1,26-100,60.0,1.0,0.0,1858.0,400.0,1.0,0.0,53100.0,1.0,1,3.0,0.0,0.0,0.0,0.0,0.0,0.0,0.0,0.0
2826,1,1,2,0,0,1,0,26-100,60.0,1.0,0.0,1858.0,0.0,1.0,0.0,1.0,1.0,1,3.0,0.0,0.0,0.0,0.0,0.0,0.0,0.0,0.0
2827,1,1,2,0,0,1,0,26-100,60.0,1.0,0.0,1857.0,99.0,1.0,0.0,100.0,1.0,1,3.0,1.0,1.0,2.0,1.0,1.0,0.0,0.0,0.0
2828,1,1,2,0,0,1,101,500-1000,60.0,1.0,0.0,1857.0,1270.0,1.0,0.0,11800.0,1.0,1,3.0,0.0,0.0,0.0,0.0,0.0,0.0,0.0,0.0
2829,1,1,2,0,0,1,1,26-100,60.0,1.0,0.0,1857.0,390.0,1.0,0.0,450.0,2.0,1,3.0,0.0,0.0,0.0,0.0,0.0,0.0,0.0,0.0
2831,1,1,2,0,0,1,1,26-100,60.0,1.0,0.0,1857.0,140.0,1.0,0.0,413.0,1.0,1,3.0,0.0,0.0,0.0,0.0,0.0,0.0,0.0,0.0
2832,1,1,2,0,0,0,1,26-100,60.0,1.0,0.0,1857.0,0.0,1.0,0.0,1.18,1.0,1,3.0,2.0,1.0,3.0,3.0,3.0,0.0,0.0,0.0
2833,1,1,2,0,0,1,2,500-1000,60.0,1.0,0.0,1857.0,199.0,1.0,0.0,11800.0,1.0,1,3.0,1.0,1.0,1.0,1.0,1.0,0.0,0.0,0.0
2834,1,1,2,0,0,1,1,26-100,60.0,1.0,0.0,1857.0,0.0,1.0,0.0,1.18,1.0,1,3.0,0.0,0.0,0.0,0.0,0.0,0.0,0.0,0.0
2835,1,1,2,0,0,1,1,1-25,100.0,1.0,0.0,1857.0,199.0,0.0,0.0,19.0,1.0,0,3.0,1.0,0.0,0.0,0.0,0.0,0.0,0.0,0.0
2836,1,1,2,0,0,0,1,26-100,100.0,1.0,0.0,1857.0,550.0,0.0,0.0,199.0,1.0,0,3.0,0.0,0.0,0.0,0.0,0.0,0.0,0.0,0.0
2838,1,1,2,0,0,1,0,26-100,100.0,1.0,0.0,1857.0,100.0,0.0,0.0,100.0,1.0,0,3.0,0.0,0.0,0.0,0.0,0.0,0.0,0.0,0.0
2839,1,1,2,0,0,1,2,26-100,60.0,1.0,0.0,1857.0,199.0,1.0,0.0,22.42,1.0,1,3.0,0.0,0.0,0.0,0.0,0.0,0.0,0.0,0.0
2840,1,1,2,0,0,1,3,1-25,100.0,1.0,0.0,1857.0,680.0,0.0,0.0,199.0,1.0,0,3.0,1.0,1.0,4.0,4.0,3.0,1.0,0.0,0.0
2841,1,1,2,0,0,1,2,26-100,100.0,1.0,0.0,1857.0,199.0,0.0,0.0,19.0,1.0,0,3.0,0.0,0.0,0.0,0.0,0.0,0.0,0.0,0.0
2842,1,1,2,0,0,1,2,101-500,100.0,1.0,0.0,1857.0,650.0,0.0,0.0,199.0,1.0,0,3.0,0.0,0.0,0.0,0.0,0.0,0.0,0.0,0.0
2845,1,1,2,0,0,1,5,26-100,60.0,1.0,0.0,1856.0,100.0,1.0,0.0,53114.16,2.0,1,3.0,0.0,0.0,0.0,0.0,0.0,0.0,0.0,0.0
2846,1,1,2,0,0,1,0,26-100,60.0,1.0,0.0,1857.0,60.0,1.0,0.0,120.0,1.0,1,3.0,0.0,0.0,0.0,0.0,0.0,0.0,0.0,0.0
2847,1,1,2,0,0,1,2,26-100,100.0,1.0,0.0,1856.0,98660.0,0.0,0.0,299.0,2.0,0,3.0,0.0,1.0,0.0,0.0,0.0,0.0,0.0,0.0
2848,1,1,2,0,0,1,0,26-100,60.0,1.0,0.0,1857.0,60.0,1.0,0.0,141.6,1.0,1,3.0,0.0,0.0,0.0,0.0,0.0,0.0,0.0,0.0
2849,1,1,2,0,0,1,1,1-25,60.0,1.0,0.0,1856.0,268.0,1.0,0.0,134.8,2.0,1,3.0,0.0,0.0,0.0,0.0,0.0,0.0,0.0,0.0
2850,1,1,2,0,0,1,1,26-100,100.0,1.0,0.0,1830.0,565.0,0.0,0.0,357.0,4.0,0,3.0,1.0,3.0,16.0,6.0,6.0,0.0,0.0,0.0
2851,1,1,2,0,0,1,5,26-100,60.0,1.0,0.0,1856.0,20100.0,1.0,0.0,10000.0,1.0,1,3.0,0.0,0.0,0.0,0.0,0.0,0.0,0.0,0.0
2852,1,1,2,0,0,1,3,26-100,60.0,1.0,0.0,1856.0,170.0,1.0,0.0,100.0,1.0,1,3.0,0.0,0.0,0.0,0.0,0.0,0.0,0.0,0.0
2853,1,1,2,0,0,1,3,26-100,60.0,1.0,0.0,1856.0,0.0,1.0,0.0,1.18,1.0,1,3.0,0.0,0.0,0.0,0.0,0.0,0.0,0.0,0.0
2854,1,1,2,0,0,1,0,26-100,60.0,1.0,0.0,1856.0,1000.0,1.0,0.0,1180.0,1.0,1,3.0,0.0,0.0,0.0,0.0,0.0,0.0,0.0,0.0
2855,1,1,2,0,0,0,1,26-100,60.0,1.0,0.0,1856.0,200.0,1.0,0.0,12000.0,3.0,1,3.0,0.0,0.0,0.0,0.0,0.0,0.0,0.0,0.0
2856,1,1,2,0,0,1,0,101-500,60.0,1.0,0.0,1856.0,100.0,1.0,0.0,14260.0,2.0,1,3.0,0.0,0.0,0.0,0.0,0.0,0.0,0.0,0.0
2857,1,1,2,0,0,0,1,26-100,60.0,1.0,0.0,1856.0,100.0,1.0,0.0,54101.0,3.0,1,3.0,1.0,0.0,0.0,0.0,0.0,0.0,0.0,0.0
2858,1,1,2,0,0,0,1,1-25,60.0,1.0,0.0,1856.0,60.0,1.0,0.0,11.8,1.0,1,3.0,1.0,0.0,0.0,0.0,0.0,0.0,0.0,0.0
2859,1,1,2,0,0,0,1,101-500,60.0,1.0,0.0,1856.0,131.0,1.0,0.0,53.1,1.0,1,3.0,0.0,0.0,0.0,0.0,0.0,0.0,0.0,0.0
2860,1,1,2,0,0,1,4,26-100,60.0,1.0,0.0,1856.0,100.0,1.0,0.0,100.0,1.0,1,3.0,0.0,0.0,0.0,0.0,0.0,0.0,0.0,0.0
2862,1,1,2,0,0,1,1,26-100,100.0,1.0,0.0,1856.0,122.0,0.0,0.0,1.0,1.0,0,3.0,0.0,0.0,0.0,0.0,0.0,0.0,0.0,0.0
2863,1,1,2,0,0,1,5,26-100,60.0,1.0,0.0,1841.0,100.0,1.0,0.0,118.0,1.0,1,3.0,1.0,2.0,103.0,0.0,0.0,0.0,0.0,0.0
2864,1,1,2,0,0,1,1,1-25,100.0,1.0,0.0,1856.0,122.0,0.0,0.0,1.0,1.0,0,3.0,0.0,0.0,0.0,0.0,0.0,0.0,0.0,0.0
2866,1,1,2,0,0,1,7,26-100,100.0,1.0,0.0,1855.0,300.0,0.0,0.0,5000.0,1.0,0,3.0,0.0,0.0,0.0,0.0,0.0,0.0,0.0,0.0
2867,1,1,2,0,0,1,1,101-500,60.0,1.0,0.0,1842.0,947.0,1.0,0.0,10000.0,1.0,1,3.0,1.0,1.0,17.0,0.0,0.0,0.0,0.0,0.0
2870,1,1,2,0,0,1,1,101-500,60.0,1.0,0.0,1855.0,927.0,1.0,0.0,5900.0,1.0,1,3.0,1.0,1.0,3.0,1.0,1.0,0.0,0.0,0.0
2871,1,1,2,0,0,0,1,26-100,60.0,1.0,0.0,1842.0,28.0,1.0,0.0,53.1,1.0,1,3.0,1.0,7.0,472.0,4.0,1.0,2.0,0.0,0.0
2875,1,1,2,0,0,1,1,500-1000,100.0,1.0,0.0,1849.0,100.0,0.0,0.0,10.0,1.0,0,3.0,0.0,0.0,0.0,0.0,0.0,0.0,0.0,0.0
2876,1,1,2,0,0,0,1,26-100,60.0,2.0,0.0,1836.0,30.0,1.0,0.0,53.1,1.0,1,3.0,1.0,3.0,15.0,2.0,2.0,0.0,0.0,0.0
2879,1,1,2,0,0,1,5,101-500,60.0,1.0,0.0,1845.0,30.0,1.0,0.0,53.1,1.0,1,3.0,0.0,0.0,0.0,0.0,0.0,0.0,0.0,0.0
2883,1,1,2,0,0,0,1,26-100,60.0,1.0,0.0,1841.0,100.0,1.0,0.0,23.6,1.0,1,3.0,0.0,1.0,0.0,0.0,0.0,0.0,0.0,0.0
2884,1,1,2,0,0,1,5,26-100,60.0,1.0,0.0,1838.0,130.0,1.0,0.0,53.1,1.0,1,3.0,0.0,0.0,0.0,0.0,0.0,0.0,0.0,0.0
2886,1,1,2,0,0,1,2,26-100,100.0,1.0,0.0,1838.0,650.0,0.0,0.0,199.0,1.0,0,3.0,0.0,0.0,0.0,0.0,0.0,0.0,0.0,0.0
2890,1,1,2,0,0,0,1,26-100,100.0,1.0,0.0,1836.0,200.0,0.0,0.0,199.0,1.0,0,3.0,0.0,0.0,0.0,0.0,0.0,0.0,0.0,0.0
2896,1,1,2,0,0,0,1,More than 1000,60.0,1.0,0.0,1824.0,30.0,1.0,0.0,53.1,1.0,1,3.0,0.0,0.0,0.0,0.0,0.0,0.0,0.0,0.0
2897,1,1,2,0,0,1,1,More than 1000,100.0,1.0,0.0,1824.0,87.0,0.0,0.0,100.0,1.0,0,3.0,1.0,4.0,4.0,2.0,1.0,1.0,0.0,0.0
2898,1,1,2,0,0,0,1,26-100,60.0,1.0,0.0,1823.0,60.0,1.0,0.0,11.8,1.0,1,3.0,0.0,0.0,0.0,0.0,0.0,0.0,0.0,0.0
2899,1,1,2,0,0,0,1,1-25,60.0,1.0,0.0,1822.0,60.0,1.0,0.0,11.8,1.0,1,3.0,0.0,0.0,0.0,0.0,0.0,0.0,0.0,0.0
2900,1,1,2,0,0,0,1,26-100,60.0,1.0,0.0,1822.0,60.0,1.0,0.0,11.8,1.0,1,3.0,0.0,0.0,0.0,0.0,0.0,0.0,0.0,0.0
2901,1,1,2,0,0,0,1,1-25,100.0,1.0,0.0,1822.0,550.0,0.0,0.0,199.0,1.0,0,3.0,0.0,0.0,0.0,0.0,0.0,0.0,0.0,0.0
2903,1,1,2,0,0,0,1,101-500,60.0,1.0,0.0,1822.0,60.0,1.0,0.0,11.8,1.0,1,3.0,0.0,0.0,0.0,0.0,0.0,0.0,0.0,0.0
2904,1,1,2,0,0,0,1,26-100,100.0,1.0,0.0,1822.0,550.0,0.0,0.0,199.0,1.0,0,3.0,0.0,0.0,0.0,0.0,0.0,0.0,0.0,0.0
2905,1,1,2,0,0,0,1,26-100,60.0,1.0,0.0,1821.0,60.0,1.0,0.0,11.8,1.0,1,3.0,0.0,0.0,0.0,0.0,0.0,0.0,0.0,0.0
2906,1,1,2,0,0,1,2,26-100,100.0,1.0,0.0,1697.0,550.0,0.0,0.0,199.0,1.0,0,3.0,0.0,0.0,0.0,0.0,0.0,0.0,0.0,0.0
2908,1,1,2,0,0,0,1,26-100,60.0,1.0,0.0,1817.0,30.0,1.0,0.0,53.1,1.0,1,3.0,0.0,0.0,0.0,0.0,0.0,0.0,0.0,0.0
2911,1,1,2,0,0,0,1,26-100,60.0,1.0,0.0,1802.0,60.0,1.0,0.0,11.8,1.0,1,3.0,0.0,0.0,0.0,0.0,0.0,0.0,0.0,0.0
2912,1,1,2,0,0,1,2,1-25,60.0,1.0,0.0,1794.0,60.0,1.0,0.0,11.8,1.0,1,3.0,0.0,0.0,0.0,0.0,0.0,0.0,0.0,0.0
2915,1,1,2,0,0,0,1,1-25,60.0,1.0,0.0,1801.0,30.0,1.0,0.0,53.1,1.0,1,3.0,0.0,0.0,0.0,0.0,0.0,0.0,0.0,0.0
2916,1,1,2,0,0,0,1,1-25,60.0,1.0,0.0,1801.0,60.0,1.0,0.0,11.8,1.0,1,3.0,0.0,0.0,0.0,0.0,0.0,0.0,0.0,0.0
2917,1,1,2,0,0,0,1,1-25,60.0,1.0,0.0,1801.0,60.0,1.0,0.0,11.8,1.0,1,3.0,1.0,1.0,2.0,2.0,2.0,0.0,0.0,0.0
2918,1,1,2,0,0,0,1,101-500,60.0,1.0,0.0,1800.0,60.0,1.0,0.0,11.8,1.0,1,3.0,0.0,0.0,0.0,0.0,0.0,0.0,0.0,0.0
2920,1,1,2,0,0,0,1,1-25,60.0,1.0,0.0,1800.0,60.0,1.0,0.0,11.8,1.0,1,3.0,0.0,0.0,0.0,0.0,0.0,0.0,0.0,0.0
2921,1,1,2,0,0,0,1,26-100,60.0,1.0,0.0,1800.0,250.0,1.0,0.0,11800.0,1.0,1,3.0,0.0,0.0,0.0,0.0,0.0,0.0,0.0,0.0
2925,1,1,2,0,0,0,1,101-500,100.0,1.0,0.0,1796.0,100.0,0.0,0.0,199.0,1.0,0,3.0,0.0,0.0,0.0,0.0,0.0,0.0,0.0,0.0
2927,1,1,2,0,0,0,1,1-25,100.0,1.0,0.0,1792.0,550.0,0.0,0.0,199.0,1.0,0,3.0,0.0,0.0,0.0,0.0,0.0,0.0,0.0,0.0
2929,1,1,2,0,0,0,1,1-25,100.0,1.0,0.0,1794.0,550.0,0.0,0.0,199.0,1.0,0,3.0,0.0,0.0,0.0,0.0,0.0,0.0,0.0,0.0
2930,1,1,2,0,0,0,1,1-25,60.0,1.0,0.0,1794.0,160.0,1.0,0.0,11.8,1.0,1,3.0,0.0,0.0,0.0,0.0,0.0,0.0,0.0,0.0
2931,1,1,2,0,0,0,1,26-100,60.0,1.0,0.0,1793.0,100.0,1.0,0.0,23.6,1.0,1,3.0,0.0,0.0,0.0,0.0,0.0,0.0,0.0,0.0
2932,1,1,2,0,0,0,1,1-25,60.0,1.0,0.0,1793.0,30.0,1.0,0.0,53.1,1.0,1,3.0,0.0,0.0,0.0,0.0,0.0,0.0,0.0,0.0
2933,1,1,2,0,0,0,1,1-25,100.0,1.0,0.0,1792.0,550.0,0.0,0.0,199.0,1.0,0,3.0,0.0,0.0,0.0,0.0,0.0,0.0,0.0,0.0
2934,1,1,2,0,0,0,1,1-25,60.0,1.0,0.0,1792.0,60.0,1.0,0.0,11.8,1.0,1,3.0,0.0,0.0,0.0,0.0,0.0,0.0,0.0,0.0
2935,1,1,2,0,0,0,1,26-100,60.0,1.0,0.0,1792.0,30.0,1.0,0.0,53.1,1.0,1,3.0,0.0,0.0,0.0,0.0,0.0,0.0,0.0,0.0
2936,1,1,2,0,0,0,1,1-25,60.0,1.0,0.0,1789.0,4.0,1.0,0.0,118.0,1.0,1,3.0,0.0,0.0,0.0,0.0,0.0,0.0,0.0,0.0
2937,1,1,2,0,0,0,1,101-500,60.0,1.0,0.0,1789.0,4.0,1.0,0.0,118.0,1.0,1,3.0,0.0,0.0,0.0,0.0,0.0,0.0,0.0,0.0
2938,1,1,2,0,0,0,1,26-100,60.0,1.0,0.0,1789.0,0.0,1.0,0.0,200.18,2.0,1,3.0,0.0,1.0,0.0,0.0,0.0,0.0,0.0,0.0
2939,1,1,2,0,0,0,1,26-100,60.0,1.0,0.0,1789.0,250.0,1.0,0.0,11800.0,1.0,1,3.0,0.0,1.0,0.0,0.0,0.0,0.0,0.0,0.0
2940,1,1,2,0,0,0,1,26-100,60.0,1.0,0.0,1789.0,60.0,1.0,0.0,11.8,1.0,1,3.0,0.0,1.0,0.0,0.0,0.0,0.0,0.0,0.0
2941,1,1,2,0,0,0,1,26-100,60.0,1.0,0.0,1788.0,100.0,1.0,0.0,11800.0,1.0,1,3.0,0.0,1.0,0.0,0.0,0.0,0.0,0.0,0.0
2942,1,1,2,0,0,0,1,1-25,60.0,1.0,0.0,1788.0,60.0,1.0,0.0,11.8,1.0,1,3.0,0.0,0.0,0.0,0.0,0.0,0.0,0.0,0.0
2943,1,1,2,0,0,0,1,1-25,60.0,1.0,0.0,1788.0,60.0,1.0,0.0,11.8,1.0,1,3.0,0.0,1.0,0.0,0.0,0.0,0.0,0.0,0.0
2944,1,1,2,0,0,0,1,101-500,100.0,1.0,0.0,1788.0,100.0,0.0,0.0,199.0,1.0,0,3.0,0.0,0.0,0.0,0.0,0.0,0.0,0.0,0.0
2945,1,1,2,0,0,0,1,26-100,60.0,1.0,0.0,1788.0,4.0,1.0,0.0,118.0,1.0,1,3.0,0.0,0.0,0.0,0.0,0.0,0.0,0.0,0.0
2946,1,1,2,0,0,1,0,101-500,100.0,1.0,0.0,1788.0,10.0,0.0,0.0,100.0,1.0,0,3.0,0.0,0.0,0.0,0.0,0.0,0.0,0.0,0.0
2947,1,1,2,0,0,0,1,500-1000,60.0,1.0,0.0,1788.0,60.0,1.0,0.0,11.8,1.0,1,3.0,0.0,1.0,0.0,0.0,0.0,0.0,0.0,0.0
2948,1,1,2,0,0,0,1,1-25,60.0,1.0,0.0,1788.0,4.0,1.0,0.0,118.0,1.0,1,3.0,0.0,0.0,0.0,0.0,0.0,0.0,0.0,0.0
2949,1,1,2,0,0,0,1,101-500,60.0,1.0,0.0,1788.0,4.0,1.0,0.0,317.0,2.0,1,3.0,0.0,2.0,0.0,1.0,0.0,0.0,0.0,0.0
2950,1,1,2,0,0,1,0,101-500,100.0,1.0,0.0,1788.0,500.0,0.0,0.0,100.0,1.0,0,3.0,0.0,0.0,0.0,0.0,0.0,0.0,0.0,0.0
2951,1,1,2,0,0,1,0,1-25,60.0,1.0,0.0,1788.0,500.0,1.0,0.0,118.0,1.0,1,3.0,0.0,0.0,0.0,0.0,0.0,0.0,0.0,0.0
2952,1,1,2,0,0,1,1,1-25,60.0,1.0,0.0,1788.0,1.0,1.0,0.0,1.0,1.0,1,3.0,0.0,0.0,0.0,0.0,0.0,0.0,0.0,0.0
2953,1,1,2,0,0,0,1,101-500,60.0,1.0,0.0,1787.0,60.0,1.0,0.0,11.8,1.0,1,3.0,0.0,1.0,0.0,0.0,0.0,0.0,0.0,0.0
2954,1,1,2,0,0,0,1,26-100,60.0,1.0,0.0,1787.0,100.0,1.0,0.0,11800.0,1.0,1,3.0,0.0,1.0,0.0,0.0,0.0,0.0,0.0,0.0
2955,1,1,2,0,0,0,1,1-25,60.0,1.0,0.0,1787.0,100.0,1.0,0.0,23.6,1.0,1,3.0,0.0,0.0,0.0,0.0,0.0,0.0,0.0,0.0
2956,1,1,2,0,0,0,1,101-500,60.0,1.0,0.0,1786.0,250.0,1.0,0.0,11800.0,1.0,1,3.0,0.0,1.0,0.0,0.0,0.0,0.0,0.0,0.0
2957,1,1,2,0,0,1,7,1-25,100.0,1.0,0.0,1586.0,98.0,0.0,0.0,2646.0,10.0,0,3.0,8.0,34.0,479.0,47.0,40.0,4.0,0.0,0.0
2958,1,1,2,0,0,0,1,1-25,60.0,1.0,0.0,1786.0,60.0,1.0,0.0,11.8,1.0,1,3.0,0.0,0.0,0.0,0.0,0.0,0.0,0.0,0.0
2959,1,1,2,0,0,1,4,26-100,60.0,1.0,0.0,1786.0,4.0,1.0,0.0,317.0,2.0,1,3.0,0.0,0.0,0.0,0.0,0.0,0.0,0.0,0.0
2960,1,1,2,0,0,0,1,1-25,60.0,1.0,0.0,1786.0,30.0,1.0,0.0,53.1,1.0,1,3.0,0.0,0.0,0.0,0.0,0.0,0.0,0.0,0.0
2961,1,1,2,0,0,0,1,1-25,60.0,1.0,0.0,1786.0,30.0,1.0,0.0,53.1,1.0,1,3.0,0.0,0.0,0.0,0.0,0.0,0.0,0.0,0.0
2962,1,1,2,0,0,1,2,1-25,60.0,1.0,0.0,1786.0,50.0,1.0,0.0,100.0,1.0,1,3.0,0.0,0.0,0.0,0.0,0.0,0.0,0.0,0.0
2963,1,1,2,0,0,1,1,1-25,100.0,1.0,0.0,1786.0,50.0,0.0,0.0,100.0,1.0,0,3.0,0.0,0.0,0.0,0.0,0.0,0.0,0.0,0.0
2964,1,1,2,0,0,1,1,1-25,60.0,1.0,0.0,1786.0,0.0,1.0,0.0,100.0,1.0,1,3.0,0.0,1.0,0.0,0.0,0.0,0.0,0.0,0.0
2966,1,1,2,0,0,1,1,26-100,100.0,1.0,0.0,1786.0,50.0,0.0,0.0,100.0,1.0,0,3.0,0.0,1.0,0.0,0.0,0.0,0.0,0.0,0.0
2967,1,1,2,0,0,1,0,1-25,100.0,1.0,0.0,1785.0,0.0,0.0,0.0,2000.0,1.0,0,3.0,0.0,1.0,0.0,0.0,0.0,0.0,0.0,0.0
2968,1,1,2,0,0,1,0,1-25,100.0,1.0,0.0,1785.0,0.0,0.0,0.0,2000.0,1.0,0,3.0,0.0,1.0,0.0,0.0,0.0,0.0,0.0,0.0
2969,1,1,2,0,0,1,0,26-100,100.0,4.0,0.0,1785.0,0.0,0.0,0.0,2000.0,1.0,0,3.0,0.0,1.0,0.0,0.0,0.0,0.0,0.0,0.0
2970,1,1,2,0,0,1,22,101-500,60.0,1.0,0.0,1785.0,0.0,1.0,0.0,2000.0,1.0,1,3.0,0.0,1.0,0.0,0.0,0.0,0.0,0.0,0.0
2971,1,1,2,0,0,0,1,1-25,100.0,1.0,0.0,1785.0,5.0,0.0,0.0,0.0,1.0,0,3.0,0.0,0.0,0.0,0.0,0.0,0.0,0.0,0.0
2972,1,1,2,0,0,0,1,1-25,100.0,1.0,0.0,1785.0,5.0,0.0,0.0,0.0,1.0,0,3.0,0.0,0.0,0.0,0.0,0.0,0.0,0.0,0.0
2973,1,1,2,0,0,0,1,1-25,100.0,1.0,0.0,1785.0,5.0,0.0,0.0,0.0,1.0,0,3.0,0.0,1.0,0.0,0.0,0.0,0.0,0.0,0.0
2974,1,1,2,0,0,1,2,101-500,60.0,1.0,0.0,1785.0,0.0,1.0,0.0,100.0,1.0,1,3.0,0.0,1.0,0.0,0.0,0.0,0.0,0.0,0.0
2975,1,1,2,0,0,1,2,26-100,100.0,1.0,0.0,1785.0,0.0,0.0,0.0,100.0,1.0,0,3.0,0.0,1.0,0.0,0.0,0.0,0.0,0.0,0.0
2976,1,1,2,0,0,1,0,26-100,60.0,1.0,0.0,1785.0,0.0,1.0,0.0,100.0,1.0,1,3.0,0.0,1.0,0.0,0.0,0.0,0.0,0.0,0.0
2977,1,1,2,0,0,0,1,1-25,100.0,1.0,0.0,1785.0,5.0,0.0,0.0,0.0,1.0,0,3.0,0.0,0.0,0.0,0.0,0.0,0.0,0.0,0.0
2978,1,1,2,0,0,0,1,1-25,100.0,1.0,0.0,1782.0,5.0,0.0,0.0,0.0,1.0,0,3.0,0.0,0.0,0.0,0.0,0.0,0.0,0.0,0.0
2979,1,1,2,0,0,0,1,26-100,60.0,1.0,0.0,1782.0,4.0,1.0,0.0,118.0,1.0,1,3.0,0.0,0.0,0.0,0.0,0.0,0.0,0.0,0.0
2980,1,1,2,0,0,0,1,1-25,100.0,1.0,0.0,1782.0,5.0,0.0,0.0,0.0,1.0,0,3.0,0.0,0.0,0.0,0.0,0.0,0.0,0.0,0.0
2981,1,1,2,0,0,0,1,26-100,60.0,1.0,0.0,1782.0,100.0,1.0,0.0,23.6,1.0,1,3.0,0.0,0.0,0.0,0.0,0.0,0.0,0.0,0.0
2982,1,1,2,0,0,0,1,1-25,60.0,1.0,0.0,1782.0,4.0,1.0,0.0,118.0,1.0,1,3.0,0.0,0.0,0.0,0.0,0.0,0.0,0.0,0.0
2983,1,1,2,0,0,0,1,1-25,60.0,1.0,0.0,1346.0,250.0,1.0,0.0,11800.0,1.0,1,3.0,0.0,0.0,0.0,0.0,0.0,0.0,0.0,0.0
2984,1,1,2,0,0,1,0,1-25,100.0,1.0,0.0,1733.0,10.0,0.0,0.0,1.0,1.0,0,3.0,4.0,2.0,28.0,0.0,0.0,0.0,0.0,0.0
2985,1,1,2,0,0,0,1,1-25,60.0,1.0,0.0,1781.0,100.0,1.0,0.0,23.6,1.0,1,3.0,0.0,0.0,0.0,0.0,0.0,0.0,0.0,0.0
2986,1,1,2,0,0,0,1,1-25,60.0,1.0,0.0,1781.0,100.0,1.0,0.0,23.6,1.0,1,3.0,0.0,0.0,0.0,0.0,0.0,0.0,0.0,0.0
2987,1,1,2,0,0,0,1,1-25,60.0,1.0,0.0,1781.0,100.0,1.0,0.0,23.6,1.0,1,3.0,0.0,0.0,0.0,0.0,0.0,0.0,0.0,0.0
2988,1,1,2,0,0,0,1,1-25,60.0,1.0,0.0,1781.0,100.0,1.0,0.0,23.6,1.0,1,3.0,0.0,0.0,0.0,0.0,0.0,0.0,0.0,0.0
2989,1,1,2,0,0,0,1,1-25,60.0,1.0,0.0,1781.0,100.0,1.0,0.0,23.6,1.0,1,3.0,0.0,0.0,0.0,0.0,0.0,0.0,0.0,0.0
2990,1,1,2,0,0,0,1,1-25,60.0,1.0,0.0,1781.0,100.0,1.0,0.0,23.6,1.0,1,3.0,0.0,0.0,0.0,0.0,0.0,0.0,0.0,0.0
2991,1,1,2,0,0,1,0,26-100,100.0,1.0,0.0,1779.0,0.0,0.0,0.0,10000.0,1.0,0,3.0,0.0,2.0,0.0,0.0,0.0,0.0,0.0,0.0
2992,1,1,2,0,0,1,0,26-100,60.0,1.0,0.0,1780.0,0.0,1.0,0.0,10000.0,1.0,1,3.0,0.0,1.0,0.0,0.0,0.0,0.0,0.0,0.0
2993,1,1,2,0,0,1,0,26-100,100.0,1.0,0.0,1780.0,0.0,0.0,0.0,10000.0,1.0,0,3.0,0.0,1.0,0.0,0.0,0.0,0.0,0.0,0.0
2994,1,1,2,0,0,0,1,1-25,100.0,1.0,0.0,1780.0,5.0,0.0,0.0,0.0,1.0,0,3.0,0.0,0.0,0.0,0.0,0.0,0.0,0.0,0.0
2997,1,1,2,0,0,0,1,26-100,60.0,1.0,0.0,1780.0,30.0,1.0,0.0,53.1,1.0,1,3.0,0.0,0.0,0.0,0.0,0.0,0.0,0.0,0.0
2998,1,1,2,0,0,0,1,101-500,60.0,1.0,0.0,1773.0,100.0,1.0,0.0,23.6,1.0,1,3.0,0.0,0.0,0.0,0.0,0.0,0.0,0.0,0.0
2999,1,1,2,0,0,0,1,1-25,60.0,1.0,0.0,1780.0,30.0,1.0,0.0,53.1,1.0,1,3.0,0.0,0.0,0.0,0.0,0.0,0.0,0.0,0.0
3000,1,1,2,0,0,0,1,101-500,60.0,1.0,0.0,1779.0,100.0,1.0,0.0,11999.0,2.0,1,3.0,0.0,0.0,0.0,0.0,0.0,0.0,0.0,0.0
3001,1,1,2,0,0,0,1,1-25,60.0,1.0,0.0,1779.0,100.0,1.0,0.0,23.6,1.0,1,3.0,0.0,0.0,0.0,0.0,0.0,0.0,0.0,0.0
3002,1,1,2,0,0,0,1,1-25,60.0,1.0,0.0,1779.0,99.0,1.0,0.0,23.6,1.0,1,3.0,1.0,1.0,1.0,1.0,1.0,0.0,0.0,0.0
3003,1,1,2,0,0,0,1,26-100,60.0,1.0,0.0,1778.0,250.0,1.0,0.0,11800.0,1.0,1,3.0,0.0,1.0,0.0,0.0,0.0,0.0,0.0,0.0
3004,1,1,2,0,0,0,1,26-100,60.0,1.0,0.0,1778.0,30.0,1.0,0.0,53.1,1.0,1,3.0,0.0,1.0,0.0,0.0,0.0,0.0,0.0,0.0
3005,1,1,2,0,0,1,0,26-100,100.0,1.0,0.0,1778.0,0.0,0.0,0.0,100.0,1.0,0,3.0,0.0,1.0,0.0,0.0,0.0,0.0,0.0,0.0
3006,1,1,2,0,0,0,1,1-25,100.0,1.0,0.0,1778.0,5.0,0.0,0.0,0.0,1.0,0,3.0,0.0,1.0,0.0,0.0,0.0,0.0,0.0,0.0
3007,1,1,2,0,0,1,0,1-25,100.0,1.0,0.0,1778.0,0.0,0.0,0.0,2.0,1.0,0,3.0,0.0,0.0,0.0,0.0,0.0,0.0,0.0,0.0
3009,1,1,2,0,0,1,0,1-25,100.0,1.0,0.0,1778.0,0.0,0.0,0.0,100.0,1.0,0,3.0,0.0,2.0,0.0,0.0,0.0,0.0,0.0,0.0
3010,1,1,2,0,0,1,0,1-25,100.0,1.0,0.0,1778.0,0.0,0.0,0.0,2.0,1.0,0,3.0,0.0,1.0,0.0,0.0,0.0,0.0,0.0,0.0
3011,1,1,2,0,0,0,1,1-25,60.0,1.0,0.0,1777.0,30.0,1.0,0.0,53.1,1.0,1,3.0,0.0,0.0,0.0,0.0,0.0,0.0,0.0,0.0
3012,1,1,2,0,0,0,1,1-25,60.0,1.0,0.0,1757.0,29.0,1.0,0.0,53.1,1.0,1,3.0,2.0,5.0,5.0,2.0,2.0,0.0,0.0,0.0
3013,1,1,2,0,0,1,3,500-1000,60.0,1.0,0.0,1777.0,102.0,1.0,0.0,1180.0,1.0,1,3.0,0.0,0.0,0.0,0.0,0.0,0.0,0.0,0.0
3014,1,1,2,0,0,1,0,26-100,100.0,1.0,0.0,1777.0,10.0,0.0,0.0,10.0,1.0,0,3.0,0.0,0.0,0.0,0.0,0.0,0.0,0.0,0.0
3015,1,1,2,0,0,1,0,101-500,60.0,1.0,0.0,1777.0,12.0,1.0,0.0,1.18,1.0,1,3.0,0.0,0.0,0.0,0.0,0.0,0.0,0.0,0.0
3016,1,1,2,0,0,1,0,1-25,100.0,4.0,0.0,1785.0,100.0,0.0,0.0,300.0,1.0,0,3.0,0.0,0.0,0.0,0.0,0.0,0.0,0.0,0.0
3017,1,1,2,0,0,1,0,26-100,60.0,1.0,0.0,1777.0,100.0,1.0,0.0,300.0,1.0,1,3.0,0.0,0.0,0.0,0.0,0.0,0.0,0.0,0.0
3018,1,1,2,0,0,1,0,1-25,60.0,1.0,0.0,1767.0,100.0,1.0,0.0,354.0,1.0,1,3.0,0.0,0.0,0.0,0.0,0.0,0.0,0.0,0.0
3020,1,1,2,0,0,0,1,1-25,60.0,1.0,0.0,1776.0,100.0,1.0,0.0,23.6,1.0,1,3.0,0.0,0.0,0.0,0.0,0.0,0.0,0.0,0.0
3021,1,1,2,0,0,0,1,1-25,60.0,1.0,0.0,1776.0,100.0,1.0,0.0,23.6,1.0,1,3.0,0.0,0.0,0.0,0.0,0.0,0.0,0.0,0.0
3022,1,1,2,0,0,0,1,1-25,100.0,1.0,0.0,1775.0,5.0,0.0,0.0,0.0,1.0,0,3.0,0.0,0.0,0.0,0.0,0.0,0.0,0.0,0.0
3023,0,1,2,0,0,0,1,101-500,60.0,1.0,0.0,1774.0,30.0,1.0,0.0,53.1,1.0,1,3.0,0.0,0.0,0.0,0.0,0.0,0.0,0.0,0.0
3024,1,1,2,0,0,0,1,1-25,60.0,1.0,0.0,1773.0,100.0,1.0,0.0,23.6,1.0,1,3.0,0.0,0.0,0.0,0.0,0.0,0.0,0.0,0.0
3025,1,1,2,0,0,0,1,1-25,60.0,1.0,0.0,1773.0,100.0,1.0,0.0,23.6,1.0,1,3.0,0.0,0.0,0.0,0.0,0.0,0.0,0.0,0.0
3026,1,1,2,0,0,0,1,1-25,60.0,1.0,0.0,1773.0,100.0,1.0,0.0,23.6,1.0,1,3.0,0.0,0.0,0.0,0.0,0.0,0.0,0.0,0.0
3027,1,1,2,0,0,0,1,1-25,60.0,1.0,0.0,1773.0,100.0,1.0,0.0,23.6,1.0,1,3.0,0.0,0.0,0.0,0.0,0.0,0.0,0.0,0.0
3029,1,1,2,0,0,0,1,1-25,60.0,1.0,0.0,1773.0,34.0,1.0,0.0,197.88,4.0,1,3.0,0.0,0.0,0.0,0.0,0.0,0.0,0.0,0.0
3031,1,1,2,0,0,0,1,1-25,60.0,1.0,0.0,1772.0,100.0,1.0,0.0,23.6,1.0,1,3.0,0.0,0.0,0.0,0.0,0.0,0.0,0.0,0.0
3032,1,1,2,0,0,0,1,1-25,60.0,1.0,0.0,1772.0,100.0,1.0,0.0,23.6,1.0,1,3.0,0.0,0.0,0.0,0.0,0.0,0.0,0.0,0.0
3033,1,1,2,0,0,0,1,1-25,60.0,2.0,0.0,1767.0,60.0,1.0,0.0,11.8,1.0,1,3.0,0.0,0.0,0.0,0.0,0.0,0.0,0.0,0.0
3034,1,1,2,0,0,0,1,101-500,60.0,1.0,0.0,1768.0,250.0,1.0,0.0,11800.0,1.0,1,3.0,0.0,1.0,0.0,0.0,0.0,0.0,0.0,0.0
3035,1,1,2,0,0,1,2,26-100,100.0,4.0,0.0,1785.0,0.0,0.0,0.0,1000.0,1.0,0,3.0,0.0,0.0,0.0,0.0,0.0,0.0,0.0,0.0
3036,1,1,2,0,0,1,3,26-100,100.0,4.0,0.0,1785.0,0.0,0.0,0.0,100.0,1.0,0,3.0,0.0,0.0,0.0,0.0,0.0,0.0,0.0,0.0
3037,0,1,2,0,0,1,10,26-100,100.0,0.0,0.0,0.0,500000.0,0.0,1.0,6100.0,3.0,0,3.0,0.0,0.0,0.0,0.0,0.0,0.0,0.0,0.0
3039,1,1,2,0,0,1,999,101-500,100.0,0.0,0.0,0.0,500000.0,0.0,1.0,10.0,1.0,0,3.0,0.0,0.0,0.0,0.0,0.0,0.0,0.0,0.0
3040,1,1,2,0,0,1,0,101-500,100.0,1.0,0.0,1767.0,10.0,0.0,0.0,10.0,1.0,0,3.0,0.0,0.0,0.0,0.0,0.0,0.0,0.0,0.0
3041,1,1,2,0,0,0,1,1-25,60.0,1.0,0.0,431.0,2.0,1.0,0.0,1379.0,2.0,1,3.0,0.0,0.0,0.0,0.0,0.0,0.0,0.0,0.0
3043,1,1,2,0,0,1,4,1-25,100.0,1.0,0.0,1766.0,5.0,0.0,0.0,0.0,1.0,0,3.0,0.0,0.0,0.0,0.0,0.0,0.0,0.0,0.0
3046,1,1,2,0,0,0,1,1-25,100.0,1.0,0.0,1766.0,5.0,0.0,0.0,0.0,1.0,0,3.0,0.0,0.0,0.0,0.0,0.0,0.0,0.0,0.0
3047,1,1,2,0,0,0,1,1-25,100.0,1.0,0.0,1766.0,5.0,0.0,0.0,0.0,1.0,0,3.0,0.0,0.0,0.0,0.0,0.0,0.0,0.0,0.0
3049,1,1,2,0,0,0,1,1-25,100.0,1.0,0.0,1766.0,5.0,0.0,0.0,0.0,1.0,0,3.0,0.0,0.0,0.0,0.0,0.0,0.0,0.0,0.0
3050,1,1,2,0,0,0,1,1-25,60.0,1.0,0.0,1766.0,5.0,0.0,0.0,0.0,1.0,1,3.0,0.0,0.0,0.0,0.0,0.0,0.0,0.0,0.0
3052,1,1,2,0,0,0,1,1-25,100.0,1.0,0.0,1766.0,5.0,0.0,0.0,0.0,1.0,0,3.0,0.0,0.0,0.0,0.0,0.0,0.0,0.0,0.0
3053,1,1,2,0,0,0,1,26-100,100.0,1.0,0.0,1766.0,650.0,0.0,0.0,199.0,1.0,0,3.0,0.0,0.0,0.0,0.0,0.0,0.0,0.0,0.0
3054,1,1,2,0,0,1,0,101-500,60.0,1.0,0.0,1765.0,100000.0,1.0,0.0,100000.0,1.0,1,3.0,0.0,0.0,0.0,0.0,0.0,0.0,0.0,0.0
3055,1,1,2,0,0,1,2,500-1000,60.0,1.0,0.0,1765.0,0.0,1.0,0.0,1180.0,1.0,1,3.0,0.0,0.0,0.0,0.0,0.0,0.0,0.0,0.0
3056,1,1,2,0,0,1,0,26-100,100.0,1.0,0.0,1765.0,0.0,0.0,1.0,1000.0,1.0,0,3.0,0.0,0.0,0.0,0.0,0.0,0.0,0.0,0.0
3057,1,1,2,0,0,1,1,101-500,60.0,1.0,0.0,1765.0,0.0,1.0,0.0,100.0,1.0,1,3.0,0.0,1.0,0.0,0.0,0.0,0.0,0.0,0.0
3058,1,1,2,0,0,1,0,26-100,60.0,1.0,0.0,1765.0,0.0,1.0,0.0,100.0,1.0,1,3.0,0.0,0.0,0.0,0.0,0.0,0.0,0.0,0.0
3059,1,1,2,0,0,0,1,26-100,100.0,1.0,0.0,1765.0,550.0,0.0,0.0,199.0,1.0,0,3.0,0.0,0.0,0.0,0.0,0.0,0.0,0.0,0.0
3060,1,1,2,0,0,0,1,26-100,60.0,1.0,0.0,1765.0,30.0,1.0,0.0,53.1,1.0,1,3.0,0.0,0.0,0.0,0.0,0.0,0.0,0.0,0.0
3062,1,1,2,0,0,0,1,1-25,100.0,1.0,0.0,1765.0,5.0,0.0,0.0,0.0,1.0,0,3.0,0.0,0.0,0.0,0.0,0.0,0.0,0.0,0.0
3064,1,1,2,0,0,1,3,101-500,100.0,1.0,0.0,1592.0,0.0,0.0,1.0,1.0,1.0,0,3.0,2.0,3.0,15.0,1.0,1.0,0.0,0.0,0.0
3065,1,1,2,0,0,1,3,500-1000,100.0,1.0,0.0,1765.0,500000.0,0.0,1.0,1.0,1.0,0,3.0,0.0,0.0,0.0,0.0,0.0,0.0,0.0,0.0
3066,1,1,2,0,0,1,2,500-1000,100.0,1.0,0.0,1765.0,100.0,0.0,0.0,91.0,1.0,0,3.0,0.0,0.0,0.0,0.0,0.0,0.0,0.0,0.0
3067,1,1,2,0,0,1,3,500-1000,60.0,1.0,0.0,1765.0,5000.0,1.0,0.0,1.0,1.0,1,3.0,0.0,1.0,0.0,0.0,0.0,0.0,0.0,0.0
3068,1,1,2,0,0,1,0,1-25,100.0,1.0,0.0,1765.0,200.0,0.0,0.0,1.0,1.0,0,3.0,0.0,0.0,0.0,0.0,0.0,0.0,0.0,0.0
3069,1,1,2,0,0,1,3,101-500,60.0,1.0,0.0,1765.0,250.0,1.0,0.0,1.0,1.0,1,3.0,0.0,0.0,0.0,0.0,0.0,0.0,0.0,0.0
3070,1,1,2,0,0,1,3,26-100,60.0,1.0,0.0,1765.0,100.0,1.0,0.0,1.18,1.0,1,3.0,1.0,1.0,1.0,0.0,0.0,0.0,0.0,0.0
3071,1,1,2,0,0,1,1,26-100,100.0,1.0,0.0,1765.0,1000.0,0.0,1.0,1000.0,1.0,0,3.0,0.0,0.0,0.0,0.0,0.0,0.0,0.0,0.0
3072,1,1,2,0,0,1,1,26-100,100.0,1.0,0.0,1765.0,1000.0,0.0,1.0,1000.0,1.0,0,3.0,0.0,0.0,0.0,0.0,0.0,0.0,0.0,0.0
3073,1,1,2,0,0,1,1,101-500,60.0,1.0,0.0,1765.0,1000.0,1.0,0.0,1000.0,1.0,1,3.0,0.0,0.0,0.0,0.0,0.0,0.0,0.0,0.0
3074,1,1,2,0,0,0,1,101-500,60.0,1.0,0.0,1765.0,160.0,1.0,0.0,11.8,1.0,1,3.0,0.0,0.0,0.0,0.0,0.0,0.0,0.0,0.0
3075,1,1,2,0,0,1,1,101-500,100.0,1.0,0.0,1765.0,1000.0,0.0,1.0,1000.0,1.0,0,3.0,0.0,0.0,0.0,0.0,0.0,0.0,0.0,0.0
3076,1,1,2,0,0,1,1,26-100,100.0,2.0,0.0,1764.0,0.0,0.0,1.0,10.0,1.0,0,3.0,2.0,2.0,4.0,1.0,1.0,0.0,0.0,0.0
3078,1,1,2,0,0,0,1,26-100,60.0,1.0,0.0,1764.0,30.0,1.0,0.0,53.1,1.0,1,3.0,0.0,0.0,0.0,0.0,0.0,0.0,0.0,0.0
3079,1,1,2,0,0,1,0,1-25,100.0,1.0,0.0,1764.0,1.0,0.0,1.0,100.0,1.0,0,3.0,0.0,0.0,0.0,0.0,0.0,0.0,0.0,0.0
3081,1,1,2,0,0,1,3,1-25,60.0,1.0,0.0,1764.0,19.0,1.0,0.0,133.0,2.0,1,3.0,0.0,0.0,0.0,0.0,0.0,0.0,0.0,0.0
3082,1,1,2,0,0,0,1,1-25,100.0,1.0,0.0,1764.0,5.0,0.0,0.0,0.0,1.0,0,3.0,0.0,0.0,0.0,0.0,0.0,0.0,0.0,0.0
3084,1,1,2,0,0,0,1,1-25,100.0,1.0,0.0,1764.0,5.0,0.0,0.0,0.0,1.0,0,3.0,0.0,0.0,0.0,0.0,0.0,0.0,0.0,0.0
3087,1,1,2,0,0,0,1,1-25,100.0,1.0,0.0,1764.0,5.0,0.0,0.0,0.0,1.0,0,3.0,0.0,0.0,0.0,0.0,0.0,0.0,0.0,0.0
3088,1,1,2,0,0,0,1,1-25,100.0,1.0,0.0,1764.0,5.0,0.0,0.0,0.0,1.0,0,3.0,0.0,0.0,0.0,0.0,0.0,0.0,0.0,0.0
3089,1,1,2,0,0,1,3,1-25,60.0,1.0,0.0,1764.0,1000.0,1.0,0.0,1000.0,1.0,1,3.0,0.0,0.0,0.0,0.0,0.0,0.0,0.0,0.0
3091,1,1,2,0,0,1,13,101-500,100.0,1.0,0.0,1764.0,100.0,0.0,0.0,3.0,1.0,0,3.0,0.0,1.0,0.0,0.0,0.0,0.0,0.0,0.0
3092,1,1,2,0,0,0,1,1-25,100.0,1.0,0.0,1764.0,5.0,0.0,0.0,0.0,1.0,0,3.0,0.0,0.0,0.0,0.0,0.0,0.0,0.0,0.0
3093,1,1,2,0,0,1,2,101-500,100.0,1.0,0.0,1764.0,100.0,0.0,0.0,10.0,1.0,0,3.0,0.0,0.0,0.0,0.0,0.0,0.0,0.0,0.0
3098,1,1,2,0,0,0,1,101-500,100.0,1.0,0.0,1764.0,100.0,0.0,0.0,199.0,1.0,0,3.0,0.0,0.0,0.0,0.0,0.0,0.0,0.0,0.0
3100,1,1,2,0,0,1,4,101-500,60.0,1.0,0.0,1764.0,100.0,1.0,0.0,100.0,1.0,1,3.0,0.0,0.0,0.0,0.0,0.0,0.0,0.0,0.0
3102,1,1,2,0,0,1,2,1-25,100.0,0.0,0.0,0.0,100.0,0.0,1.0,100.0,1.0,0,3.0,0.0,0.0,0.0,0.0,0.0,0.0,0.0,0.0
3104,1,1,2,0,0,1,2,500-1000,60.0,1.0,0.0,1764.0,1000.0,1.0,0.0,1000.0,1.0,1,3.0,0.0,0.0,0.0,0.0,0.0,0.0,0.0,0.0
3105,1,1,2,0,0,1,2,500-1000,100.0,0.0,0.0,0.0,1000.0,0.0,1.0,1000.0,1.0,0,3.0,0.0,0.0,0.0,0.0,0.0,0.0,0.0,0.0
3107,1,1,2,0,0,1,2,101-500,60.0,1.0,0.0,1764.0,100.0,1.0,0.0,100.0,1.0,1,3.0,0.0,0.0,0.0,0.0,0.0,0.0,0.0,0.0
3109,1,1,2,0,0,1,2,26-100,100.0,1.0,0.0,1764.0,200.0,0.0,1.0,200.0,2.0,0,3.0,0.0,0.0,0.0,0.0,0.0,0.0,0.0,0.0
3111,1,1,2,0,0,1,4,1-25,100.0,1.0,0.0,1764.0,5.0,0.0,0.0,0.0,1.0,0,3.0,0.0,0.0,0.0,0.0,0.0,0.0,0.0,0.0
3113,1,1,2,0,0,1,3,101-500,60.0,1.0,0.0,1761.0,72.0,1.0,0.0,1180.0,1.0,1,3.0,0.0,0.0,0.0,0.0,0.0,0.0,0.0,0.0
3116,1,1,2,0,0,1,2,101-500,100.0,1.0,0.0,1761.0,1000.0,0.0,1.0,1000.0,1.0,0,3.0,0.0,0.0,0.0,0.0,0.0,0.0,0.0,0.0
3118,1,1,2,0,0,0,1,26-100,60.0,1.0,0.0,1761.0,30.0,1.0,0.0,53.1,1.0,1,3.0,1.0,1.0,0.0,0.0,0.0,0.0,0.0,0.0
3119,1,1,2,0,0,0,1,26-100,60.0,1.0,0.0,1761.0,0.0,1.0,0.0,1.18,1.0,1,3.0,0.0,0.0,0.0,0.0,0.0,0.0,0.0,0.0
3121,1,1,2,0,0,1,6,26-100,60.0,1.0,0.0,1761.0,2.0,1.0,0.0,1180.0,1.0,1,3.0,0.0,0.0,0.0,0.0,0.0,0.0,0.0,0.0
3125,1,1,2,0,0,1,5,101-500,100.0,1.0,0.0,1761.0,1000.0,0.0,0.0,1000.0,1.0,0,3.0,0.0,0.0,0.0,0.0,0.0,0.0,0.0,0.0
3131,1,1,2,0,0,1,11,26-100,100.0,1.0,0.0,1759.0,5.0,0.0,1.0,1.0,1.0,0,3.0,0.0,0.0,0.0,0.0,0.0,0.0,0.0,0.0
3139,1,1,2,0,0,1,4,500-1000,60.0,1.0,0.0,1759.0,2.0,1.0,0.0,1379.0,2.0,1,3.0,0.0,0.0,0.0,0.0,0.0,0.0,0.0,0.0
3143,1,1,2,0,0,0,1,1-25,100.0,1.0,0.0,1752.0,5.0,0.0,0.0,0.0,1.0,0,3.0,0.0,0.0,0.0,0.0,0.0,0.0,0.0,0.0
3145,1,1,2,0,0,1,2,26-100,60.0,1.0,0.0,1759.0,130.0,1.0,0.0,11.8,1.0,1,3.0,0.0,0.0,0.0,0.0,0.0,0.0,0.0,0.0
3147,1,1,2,0,0,1,2,1-25,100.0,1.0,0.0,1758.0,650.0,0.0,0.0,199.0,1.0,0,3.0,0.0,0.0,0.0,0.0,0.0,0.0,0.0,0.0
3150,1,1,2,0,0,0,1,26-100,60.0,1.0,0.0,1747.0,133.0,0.0,0.0,118.0,2.0,1,3.0,0.0,0.0,0.0,0.0,0.0,0.0,0.0,0.0
3152,1,1,2,0,0,0,1,101-500,100.0,1.0,0.0,1758.0,100.0,0.0,0.0,199.0,1.0,0,3.0,0.0,0.0,0.0,0.0,0.0,0.0,0.0,0.0
3153,1,1,2,0,0,1,1,26-100,100.0,1.0,0.0,1758.0,30.0,0.0,0.0,45.0,1.0,0,3.0,0.0,0.0,0.0,0.0,0.0,0.0,0.0,0.0
3155,1,1,2,0,0,1,1,1-25,100.0,1.0,0.0,1758.0,499999.0,0.0,1.0,45.0,1.0,0,3.0,1.0,1.0,2.0,1.0,1.0,0.0,0.0,0.0
3156,1,1,2,0,0,1,0,26-100,100.0,1.0,0.0,1758.0,499995.0,0.0,1.0,1.0,1.0,0,3.0,1.0,1.0,4.0,1.0,1.0,0.0,0.0,0.0
3157,1,1,2,0,0,1,0,101-500,60.0,1.0,0.0,1758.0,500000.0,1.0,0.0,1.0,1.0,1,3.0,0.0,1.0,0.0,0.0,0.0,0.0,0.0,0.0
3158,1,1,2,0,0,1,2,500-1000,100.0,1.0,0.0,1758.0,109.0,0.0,0.0,123.0,1.0,0,3.0,1.0,1.0,2.0,1.0,1.0,0.0,0.0,0.0
3159,1,1,2,0,0,0,1,26-100,60.0,1.0,0.0,1758.0,59.0,1.0,0.0,11.8,1.0,1,3.0,1.0,1.0,1.0,1.0,1.0,0.0,0.0,0.0
3160,1,1,2,0,0,1,0,1-25,60.0,1.0,0.0,1758.0,0.0,1.0,0.0,12.0,1.0,1,3.0,1.0,1.0,1.0,1.0,1.0,0.0,0.0,0.0
3161,1,1,2,0,0,1,1,1-25,60.0,1.0,0.0,1758.0,100.0,1.0,0.0,14.16,1.0,1,3.0,1.0,1.0,1.0,1.0,1.0,0.0,0.0,0.0
3163,1,1,2,0,0,1,4,1-25,100.0,1.0,0.0,1757.0,242.0,0.0,0.0,231.0,3.0,0,3.0,0.0,0.0,0.0,0.0,0.0,0.0,0.0,0.0
3164,1,1,2,0,0,1,2,500-1000,100.0,1.0,0.0,1757.0,351.0,0.0,0.0,12.0,1.0,0,3.0,0.0,0.0,0.0,0.0,0.0,0.0,0.0,0.0
3166,1,1,2,0,0,1,1,26-100,60.0,1.0,0.0,1757.0,200.0,1.0,0.0,12.0,1.0,1,3.0,0.0,0.0,0.0,0.0,0.0,0.0,0.0,0.0
3168,1,1,2,0,0,0,1,1-25,60.0,1.0,0.0,1757.0,60.0,1.0,0.0,11.8,1.0,1,3.0,0.0,0.0,0.0,0.0,0.0,0.0,0.0,0.0
3169,1,1,2,0,0,0,1,101-500,60.0,1.0,0.0,1757.0,60.0,1.0,0.0,53.1,1.0,1,3.0,0.0,0.0,0.0,0.0,0.0,0.0,0.0,0.0
3171,1,1,2,0,0,1,2,26-100,60.0,1.0,0.0,1753.0,500000.0,1.0,1.0,53.1,1.0,1,3.0,1.0,1.0,1.0,1.0,1.0,0.0,0.0,0.0
3173,1,1,2,0,0,1,1,1-25,100.0,1.0,0.0,1753.0,38.0,0.0,0.0,147.0,2.0,0,3.0,0.0,0.0,0.0,0.0,0.0,0.0,0.0,0.0
3174,1,1,2,0,0,0,1,26-100,60.0,1.0,0.0,1752.0,250.0,1.0,0.0,11800.0,1.0,1,3.0,1.0,0.0,0.0,0.0,0.0,0.0,0.0,0.0
3176,1,1,2,0,0,0,1,1-25,60.0,1.0,0.0,1752.0,30.0,1.0,0.0,53.1,1.0,1,3.0,0.0,0.0,1.0,1.0,1.0,0.0,0.0,0.0
3178,1,1,2,0,0,0,1,1-25,60.0,1.0,0.0,1752.0,60.0,1.0,0.0,11.8,1.0,1,3.0,0.0,0.0,0.0,0.0,0.0,0.0,0.0,0.0
3179,1,1,2,0,0,0,1,1-25,100.0,1.0,0.0,1752.0,112.0,0.0,0.0,209.0,2.0,0,3.0,0.0,0.0,0.0,0.0,0.0,0.0,0.0,0.0
3181,1,1,2,0,0,1,1,1-25,100.0,1.0,0.0,1752.0,10.0,0.0,0.0,100.0,1.0,0,3.0,0.0,0.0,0.0,0.0,0.0,0.0,0.0,0.0
3183,1,1,2,0,0,1,0,26-100,60.0,1.0,0.0,1751.0,500000.0,1.0,0.0,118.0,1.0,1,3.0,0.0,0.0,0.0,0.0,0.0,0.0,0.0,0.0
3184,1,1,2,0,0,1,0,1-25,60.0,1.0,0.0,1751.0,500000.0,1.0,0.0,5000.0,1.0,1,3.0,0.0,0.0,0.0,0.0,0.0,0.0,0.0,0.0
3185,1,1,2,0,0,1,0,1-25,60.0,1.0,0.0,1751.0,500000.0,1.0,1.0,5000.0,1.0,1,3.0,0.0,0.0,0.0,0.0,0.0,0.0,0.0,0.0
3186,1,1,2,0,0,1,0,1-25,100.0,1.0,0.0,1751.0,500000.0,0.0,1.0,500.0,1.0,0,3.0,0.0,0.0,0.0,0.0,0.0,0.0,0.0,0.0
3187,1,1,2,0,0,1,0,1-25,100.0,1.0,0.0,1751.0,500000.0,0.0,1.0,5000.0,1.0,0,3.0,0.0,0.0,0.0,0.0,0.0,0.0,0.0,0.0
3188,1,1,2,0,0,1,0,1-25,60.0,1.0,0.0,1751.0,500000.0,1.0,1.0,5000.0,1.0,1,3.0,0.0,0.0,0.0,0.0,0.0,0.0,0.0,0.0
3189,1,1,2,0,0,1,0,26-100,60.0,1.0,0.0,1751.0,500000.0,1.0,1.0,5900.0,1.0,1,3.0,0.0,0.0,0.0,0.0,0.0,0.0,0.0,0.0
3194,1,1,2,0,0,1,0,26-100,100.0,1.0,0.0,1751.0,500000.0,0.0,1.0,109.0,1.0,0,3.0,0.0,0.0,0.0,0.0,0.0,0.0,0.0,0.0
3196,1,1,2,0,0,1,0,1-25,100.0,1.0,0.0,1751.0,12.0,0.0,0.0,100.0,1.0,0,3.0,0.0,0.0,0.0,0.0,0.0,0.0,0.0,0.0
3197,1,1,2,0,0,1,0,26-100,100.0,1.0,0.0,1751.0,500000.0,0.0,1.0,100.0,1.0,0,3.0,0.0,0.0,0.0,0.0,0.0,0.0,0.0,0.0
3198,1,1,2,0,0,1,0,101-500,60.0,1.0,0.0,1751.0,500000.0,1.0,1.0,100.0,1.0,1,3.0,0.0,0.0,0.0,0.0,0.0,0.0,0.0,0.0
3199,1,1,2,0,0,1,0,26-100,60.0,1.0,0.0,1751.0,500000.0,1.0,1.0,109.0,1.0,1,3.0,0.0,0.0,0.0,0.0,0.0,0.0,0.0,0.0
3203,1,1,2,0,0,1,100,1-25,60.0,1.0,0.0,1751.0,500000.0,1.0,1.0,22.0,1.0,1,3.0,0.0,0.0,0.0,0.0,0.0,0.0,0.0,0.0
3205,1,1,2,0,0,1,100,26-100,60.0,1.0,0.0,1751.0,500000.0,1.0,1.0,141.6,1.0,1,3.0,0.0,0.0,0.0,0.0,0.0,0.0,0.0,0.0
3206,1,1,2,0,0,1,100,1-25,100.0,1.0,0.0,1702.0,499989.0,0.0,1.0,125.0,1.0,0,3.0,3.0,3.0,18.0,3.0,3.0,1.0,0.0,0.0
3209,1,1,2,0,0,1,0,101-500,60.0,1.0,0.0,1751.0,500000.0,1.0,1.0,22.0,1.0,1,3.0,0.0,0.0,0.0,0.0,0.0,0.0,0.0,0.0
3214,1,1,2,0,0,1,100,1-25,100.0,1.0,0.0,1751.0,500000.0,0.0,1.0,100.0,1.0,0,3.0,1.0,1.0,0.0,0.0,0.0,0.0,0.0,0.0
3218,1,1,2,0,0,1,100,26-100,60.0,1.0,0.0,1750.0,500000.0,1.0,1.0,171.1,1.0,1,3.0,0.0,0.0,0.0,0.0,0.0,0.0,0.0,0.0
3220,1,1,2,0,0,1,100,1-25,60.0,1.0,0.0,1751.0,500000.0,1.0,1.0,145.0,1.0,1,3.0,0.0,0.0,0.0,0.0,0.0,0.0,0.0,0.0
3221,1,1,2,0,0,1,0,1-25,60.0,1.0,0.0,1751.0,0.0,1.0,0.0,171.1,1.0,1,3.0,0.0,0.0,0.0,0.0,0.0,0.0,0.0,0.0
3223,1,1,2,0,0,0,1,26-100,60.0,1.0,0.0,1751.0,60.0,1.0,0.0,11.8,1.0,1,3.0,0.0,0.0,0.0,0.0,0.0,0.0,0.0,0.0
3225,1,1,2,0,0,1,100,1-25,100.0,1.0,0.0,1750.0,500000.0,0.0,1.0,120.0,1.0,0,3.0,1.0,1.0,1.0,1.0,1.0,0.0,0.0,0.0
3226,1,1,2,0,0,1,100,26-100,60.0,1.0,0.0,1750.0,500000.0,1.0,1.0,141.6,1.0,1,3.0,0.0,0.0,0.0,0.0,0.0,0.0,0.0,0.0
3228,1,1,2,0,0,1,100,26-100,100.0,1.0,0.0,1750.0,501000.0,0.0,1.0,10000.0,1.0,0,3.0,0.0,0.0,0.0,0.0,0.0,0.0,0.0,0.0
3229,1,1,2,0,0,1,4,1-25,100.0,1.0,0.0,1750.0,5.0,0.0,0.0,0.0,1.0,0,3.0,0.0,0.0,0.0,0.0,0.0,0.0,0.0,0.0
3238,1,1,2,0,0,1,100,26-100,100.0,1.0,0.0,1750.0,500000.0,0.0,1.0,1000.0,1.0,0,3.0,1.0,1.0,1.0,1.0,1.0,0.0,0.0,0.0
3241,1,1,2,0,0,0,1,26-100,60.0,1.0,0.0,1750.0,30.0,1.0,0.0,53.1,1.0,1,3.0,0.0,0.0,0.0,0.0,0.0,0.0,0.0,0.0
3242,1,1,2,0,0,1,100,1-25,60.0,1.0,0.0,1747.0,500000.0,1.0,1.0,10.0,1.0,1,3.0,0.0,0.0,0.0,0.0,0.0,0.0,0.0,0.0
3249,1,1,2,0,0,1,100,26-100,100.0,1.0,0.0,1746.0,500000.0,0.0,1.0,10.0,1.0,0,3.0,0.0,1.0,0.0,0.0,0.0,0.0,0.0,0.0
3250,1,1,2,0,0,1,100,26-100,100.0,1.0,0.0,1747.0,500000.0,0.0,1.0,100.0,1.0,0,3.0,1.0,1.0,0.0,0.0,0.0,0.0,0.0,0.0
3251,1,1,2,0,0,1,4,101-500,60.0,1.0,0.0,1747.0,100.0,1.0,0.0,1.18,1.0,1,3.0,0.0,0.0,0.0,0.0,0.0,0.0,0.0,0.0
3257,1,1,2,0,0,1,2,1-25,100.0,1.0,0.0,1746.0,15.0,0.0,0.0,100.0,1.0,0,3.0,0.0,1.0,0.0,0.0,0.0,0.0,0.0,0.0
3258,1,1,2,0,0,1,100,26-100,100.0,1.0,0.0,1746.0,500000.0,0.0,1.0,100.0,1.0,0,3.0,0.0,1.0,0.0,0.0,0.0,0.0,0.0,0.0
3261,1,1,2,0,0,1,100,101-500,60.0,1.0,0.0,1747.0,500000.0,1.0,1.0,150.0,1.0,1,3.0,0.0,2.0,0.0,0.0,0.0,0.0,0.0,0.0
3263,1,1,2,0,0,1,100,101-500,60.0,1.0,0.0,1746.0,100.0,1.0,1.0,355.76,4.0,1,3.0,0.0,1.0,0.0,0.0,0.0,0.0,0.0,0.0
3264,1,1,2,0,0,1,100,26-100,100.0,1.0,0.0,1447.0,499998.0,0.0,1.0,100.0,1.0,0,3.0,1.0,1.0,3.0,1.0,1.0,0.0,0.0,0.0
3265,1,1,2,0,0,1,100,26-100,60.0,1.0,0.0,1746.0,499999.0,1.0,1.0,1.0,1.0,1,3.0,1.0,1.0,2.0,1.0,1.0,0.0,0.0,0.0
3266,1,1,2,0,0,1,100,26-100,100.0,1.0,0.0,1747.0,500000.0,0.0,1.0,1.0,1.0,0,3.0,0.0,0.0,0.0,0.0,0.0,0.0,0.0,0.0
3267,1,1,2,0,0,1,100,1-25,100.0,1.0,0.0,1747.0,500000.0,0.0,1.0,100.0,1.0,0,3.0,0.0,0.0,0.0,0.0,0.0,0.0,0.0,0.0
3268,1,1,2,0,0,0,1,101-500,60.0,1.0,0.0,1747.0,100.0,1.0,0.0,23.6,1.0,1,3.0,0.0,0.0,0.0,0.0,0.0,0.0,0.0,0.0
3269,1,1,2,0,0,1,100,26-100,60.0,1.0,0.0,1747.0,500000.0,1.0,1.0,100.0,1.0,1,3.0,0.0,0.0,0.0,0.0,0.0,0.0,0.0,0.0
3270,1,1,2,0,0,1,0,26-100,60.0,1.0,0.0,1747.0,10000.0,1.0,0.0,100.0,1.0,1,3.0,0.0,0.0,0.0,0.0,0.0,0.0,0.0,0.0
3271,1,1,2,0,0,1,100,101-500,100.0,1.0,0.0,1746.0,500122.0,0.0,1.0,1122.0,2.0,0,3.0,0.0,0.0,0.0,0.0,0.0,0.0,0.0,0.0
3272,1,1,2,0,0,1,0,1-25,100.0,1.0,0.0,1746.0,2000.0,0.0,0.0,2000.0,2.0,0,3.0,0.0,0.0,0.0,0.0,0.0,0.0,0.0,0.0
3273,1,1,2,0,0,0,1,1-25,100.0,1.0,0.0,1746.0,5.0,0.0,0.0,0.0,1.0,0,3.0,0.0,0.0,0.0,0.0,0.0,0.0,0.0,0.0
3275,1,1,2,0,0,1,1,1-25,100.0,1.0,0.0,1746.0,310.0,0.0,0.0,10.0,1.0,0,3.0,0.0,0.0,0.0,0.0,0.0,0.0,0.0,0.0
3277,1,1,2,0,0,1,2,26-100,100.0,1.0,0.0,1746.0,550.0,0.0,0.0,199.0,1.0,0,3.0,0.0,0.0,0.0,0.0,0.0,0.0,0.0,0.0
3279,1,1,2,0,0,0,1,1-25,100.0,1.0,0.0,1746.0,110.0,0.0,0.0,100.0,2.0,0,3.0,0.0,0.0,0.0,0.0,0.0,0.0,0.0,0.0
3280,1,1,2,0,0,1,100,26-100,100.0,1.0,0.0,1746.0,499985.0,0.0,1.0,80.0,1.0,0,3.0,1.0,1.0,4.0,2.0,2.0,0.0,0.0,0.0
3281,1,1,2,0,0,1,100,26-100,100.0,1.0,0.0,1746.0,500000.0,0.0,1.0,80.0,1.0,0,3.0,0.0,0.0,0.0,0.0,0.0,0.0,0.0,0.0
3282,1,1,2,0,0,1,100,26-100,100.0,1.0,0.0,1746.0,500000.0,0.0,1.0,233.0,1.0,0,3.0,0.0,0.0,0.0,0.0,0.0,0.0,0.0,0.0
3283,1,1,2,0,0,1,100,101-500,100.0,1.0,0.0,1746.0,500200.0,0.0,1.0,300.0,3.0,0,3.0,0.0,0.0,0.0,0.0,0.0,0.0,0.0,0.0
3284,1,1,2,0,0,1,100,1-25,60.0,1.0,0.0,1746.0,500000.0,1.0,1.0,100.0,1.0,1,3.0,0.0,0.0,0.0,0.0,0.0,0.0,0.0,0.0
3285,1,1,2,0,0,1,0,26-100,100.0,1.0,0.0,1746.0,100.0,0.0,0.0,100.0,1.0,0,3.0,0.0,0.0,0.0,0.0,0.0,0.0,0.0,0.0
3286,1,1,2,0,0,0,1,26-100,60.0,1.0,0.0,1746.0,60.0,1.0,0.0,11.8,1.0,1,3.0,0.0,0.0,0.0,0.0,0.0,0.0,0.0,0.0
3288,1,1,2,0,0,1,4,1-25,100.0,1.0,0.0,1746.0,810.0,0.0,0.0,10.0,1.0,0,3.0,0.0,0.0,0.0,0.0,0.0,0.0,0.0,0.0
3289,1,1,2,0,0,1,2,26-100,100.0,1.0,0.0,1746.0,141.0,0.0,0.0,140.0,1.0,0,3.0,1.0,1.0,0.0,0.0,0.0,0.0,0.0,0.0
3291,1,1,2,0,0,1,100,101-500,100.0,1.0,0.0,1746.0,500100.0,0.0,1.0,200.0,2.0,0,3.0,1.0,1.0,3.0,1.0,1.0,0.0,0.0,0.0
3292,1,1,2,0,0,1,100,26-100,100.0,1.0,0.0,1746.0,500000.0,0.0,1.0,100.0,1.0,0,3.0,0.0,0.0,0.0,0.0,0.0,0.0,0.0,0.0
3293,1,1,2,0,0,1,100,101-500,60.0,1.0,0.0,1746.0,499999.0,1.0,1.0,100.0,1.0,1,3.0,1.0,1.0,1.0,1.0,1.0,0.0,0.0,0.0
3294,1,1,2,0,0,1,100,1-25,60.0,1.0,0.0,1746.0,500100.0,1.0,1.0,336.0,3.0,1,3.0,0.0,0.0,0.0,0.0,0.0,0.0,0.0,0.0
3297,1,1,1,0,0,0,1,1-25,100.0,1.0,0.0,1746.0,1122.0,0.0,0.0,1711.0,6.0,0,3.0,0.0,0.0,0.0,0.0,0.0,0.0,0.0,0.0
3298,1,1,2,0,0,1,100,1-25,100.0,1.0,0.0,1746.0,500100.0,0.0,1.0,200.0,2.0,0,3.0,0.0,0.0,0.0,0.0,0.0,0.0,0.0,0.0
3299,1,1,2,0,0,1,100,26-100,100.0,1.0,0.0,1746.0,500000.0,0.0,1.0,1.0,1.0,0,3.0,0.0,0.0,0.0,0.0,0.0,0.0,0.0,0.0
3303,1,1,2,0,0,1,100,26-100,60.0,1.0,0.0,1746.0,500000.0,1.0,1.0,1000.0,1.0,1,3.0,1.0,1.0,1.0,1.0,1.0,0.0,0.0,0.0
3304,1,1,2,0,0,1,100,26-100,100.0,1.0,0.0,1746.0,500000.0,0.0,1.0,122.0,1.0,0,3.0,0.0,0.0,0.0,0.0,0.0,0.0,0.0,0.0
3305,1,1,2,0,0,1,100,26-100,60.0,1.0,0.0,1746.0,499999.0,1.0,1.0,1180.0,1.0,1,3.0,1.0,1.0,3.0,2.0,2.0,0.0,0.0,0.0
3306,1,1,2,0,0,1,0,101-500,100.0,1.0,0.0,1746.0,15.0,0.0,0.0,15.0,1.0,0,3.0,0.0,0.0,0.0,0.0,0.0,0.0,0.0,0.0
3307,1,1,2,0,0,0,1,101-500,60.0,1.0,0.0,1746.0,2.0,1.0,0.0,1180.0,1.0,1,3.0,0.0,0.0,0.0,0.0,0.0,0.0,0.0,0.0
3308,1,1,2,0,0,0,1,101-500,60.0,1.0,0.0,1746.0,30.0,1.0,0.0,53.1,1.0,1,3.0,0.0,0.0,0.0,0.0,0.0,0.0,0.0,0.0
3309,1,1,2,0,0,0,1,26-100,60.0,1.0,0.0,1746.0,30.0,1.0,0.0,53.1,1.0,1,3.0,0.0,0.0,0.0,0.0,0.0,0.0,0.0,0.0
3310,1,1,2,0,0,0,1,26-100,100.0,1.0,0.0,1746.0,320.0,0.0,0.0,199.0,1.0,0,3.0,0.0,0.0,0.0,0.0,0.0,0.0,0.0,0.0
3311,1,1,2,0,0,0,1,101-500,100.0,1.0,0.0,1746.0,300.0,0.0,0.0,199.0,1.0,0,3.0,0.0,0.0,0.0,0.0,0.0,0.0,0.0,0.0
3312,1,1,2,0,0,0,1,26-100,100.0,1.0,0.0,1746.0,320.0,0.0,0.0,199.0,1.0,0,3.0,0.0,0.0,0.0,0.0,0.0,0.0,0.0,0.0
3313,1,1,2,0,0,0,1,500-1000,100.0,1.0,0.0,1746.0,2300.0,0.0,0.0,199.0,1.0,0,3.0,0.0,0.0,0.0,0.0,0.0,0.0,0.0,0.0
3314,1,1,2,0,0,0,1,26-100,60.0,1.0,0.0,1746.0,4.0,1.0,0.0,118.0,1.0,1,3.0,0.0,0.0,0.0,0.0,0.0,0.0,0.0,0.0
3315,1,1,2,0,0,0,1,26-100,100.0,1.0,0.0,1746.0,320.0,0.0,0.0,199.0,1.0,0,3.0,0.0,0.0,0.0,0.0,0.0,0.0,0.0,0.0
3316,1,1,2,0,0,0,1,1-25,60.0,1.0,0.0,1746.0,30.0,1.0,0.0,53.1,1.0,1,3.0,0.0,0.0,0.0,0.0,0.0,0.0,0.0,0.0
3317,1,1,2,0,0,1,4,26-100,100.0,1.0,0.0,1743.0,1750.0,0.0,0.0,209.0,2.0,0,3.0,1.0,1.0,178.0,0.0,0.0,0.0,0.0,0.0
3318,1,1,2,0,0,1,3,1-25,60.0,1.0,0.0,1745.0,130.0,1.0,0.0,11.8,1.0,1,3.0,0.0,0.0,0.0,0.0,0.0,0.0,0.0,0.0
3320,1,1,2,0,0,1,2,1-25,100.0,1.0,0.0,1745.0,650.0,0.0,0.0,199.0,1.0,0,3.0,0.0,0.0,0.0,0.0,0.0,0.0,0.0,0.0
3322,1,1,2,0,0,1,1,101-500,100.0,1.0,0.0,1745.0,50100.0,0.0,0.0,20000.0,1.0,0,3.0,0.0,0.0,0.0,0.0,0.0,0.0,0.0,0.0
3324,1,1,2,0,0,0,1,1-25,60.0,1.0,0.0,1745.0,12.0,1.0,0.0,1180.0,1.0,1,3.0,2.0,2.0,1.0,0.0,0.0,0.0,0.0,0.0
3325,1,1,2,0,0,1,100,1-25,100.0,1.0,0.0,1745.0,500000.0,0.0,1.0,10500.0,1.0,0,3.0,0.0,0.0,0.0,0.0,0.0,0.0,0.0,0.0
3327,1,1,2,0,0,1,100,26-100,60.0,1.0,0.0,1745.0,500000.0,1.0,1.0,100.0,1.0,1,3.0,0.0,0.0,0.0,0.0,0.0,0.0,0.0,0.0
3328,1,1,2,0,0,1,3,26-100,60.0,1.0,0.0,1745.0,860.0,1.0,0.0,4500.0,1.0,1,3.0,0.0,0.0,0.0,0.0,0.0,0.0,0.0,0.0
3329,1,1,2,0,0,1,0,26-100,100.0,1.0,0.0,1745.0,10.0,0.0,0.0,100.0,1.0,0,3.0,0.0,0.0,0.0,0.0,0.0,0.0,0.0,0.0
3330,1,1,2,0,0,1,100,26-100,60.0,1.0,0.0,1745.0,500000.0,1.0,1.0,1000.0,1.0,1,3.0,0.0,0.0,0.0,0.0,0.0,0.0,0.0,0.0
3332,1,1,2,0,0,1,100,1-25,60.0,1.0,0.0,1745.0,500000.0,1.0,1.0,9267.72,1.0,1,3.0,0.0,0.0,0.0,0.0,0.0,0.0,0.0,0.0
3333,1,1,2,0,0,1,100,1-25,100.0,1.0,0.0,1745.0,500000.0,0.0,1.0,7000.0,1.0,0,3.0,0.0,0.0,0.0,0.0,0.0,0.0,0.0,0.0
3334,1,1,2,0,0,1,100,1-25,100.0,1.0,0.0,1745.0,500100.0,0.0,1.0,1100.0,2.0,0,3.0,1.0,1.0,6.0,1.0,1.0,0.0,0.0,0.0
3336,1,1,2,0,0,0,1,26-100,60.0,1.0,0.0,1743.0,60.0,1.0,0.0,11.8,1.0,1,3.0,0.0,0.0,0.0,0.0,0.0,0.0,0.0,0.0
3337,1,1,2,0,0,1,3,26-100,60.0,1.0,0.0,1743.0,350.0,1.0,0.0,11800.0,1.0,1,3.0,0.0,0.0,0.0,0.0,0.0,0.0,0.0,0.0
3339,1,1,2,0,0,0,1,26-100,60.0,1.0,0.0,1743.0,601.0,1.0,0.0,11800.0,1.0,1,3.0,0.0,0.0,0.0,0.0,0.0,0.0,0.0,0.0
3340,1,1,2,0,0,1,2,26-100,100.0,1.0,0.0,1743.0,200.0,0.0,0.0,199.0,1.0,0,3.0,0.0,0.0,0.0,0.0,0.0,0.0,0.0,0.0
3341,1,1,2,0,0,1,100,101-500,100.0,1.0,0.0,1743.0,500000.0,0.0,1.0,1000.0,1.0,0,3.0,0.0,0.0,0.0,0.0,0.0,0.0,0.0,0.0
3342,1,1,2,0,0,1,100,101-500,60.0,1.0,0.0,1743.0,500100.0,1.0,1.0,1118.0,2.0,1,3.0,0.0,0.0,0.0,0.0,0.0,0.0,0.0,0.0
3343,1,1,2,0,0,1,4,26-100,100.0,1.0,0.0,1743.0,5500.0,0.0,0.0,3500.0,2.0,0,3.0,0.0,0.0,0.0,0.0,0.0,0.0,0.0,0.0
3344,1,1,2,0,0,1,4,26-100,60.0,1.0,0.0,1743.0,2000.0,1.0,0.0,2360.0,2.0,1,3.0,0.0,0.0,0.0,0.0,0.0,0.0,0.0,0.0
3345,1,1,2,0,0,1,15,1-25,60.0,1.0,0.0,1743.0,100.0,1.0,0.0,23.6,1.0,1,3.0,0.0,0.0,0.0,0.0,0.0,0.0,0.0,0.0
3346,1,1,2,0,0,0,1,26-100,60.0,1.0,0.0,1740.0,0.0,1.0,0.0,1.18,1.0,1,3.0,0.0,0.0,0.0,0.0,0.0,0.0,0.0,0.0
3347,1,1,2,0,0,0,1,1-25,60.0,1.0,0.0,1740.0,100.0,1.0,0.0,23.6,1.0,1,3.0,0.0,0.0,0.0,0.0,0.0,0.0,0.0,0.0
3348,1,1,2,0,0,0,1,1-25,60.0,1.0,0.0,1740.0,100.0,1.0,0.0,23.6,1.0,1,3.0,0.0,0.0,0.0,0.0,0.0,0.0,0.0,0.0
3349,1,1,2,0,0,0,1,1-25,60.0,1.0,0.0,1740.0,100.0,1.0,0.0,23.6,1.0,1,3.0,0.0,0.0,0.0,0.0,0.0,0.0,0.0,0.0
3350,1,1,2,0,0,0,1,1-25,60.0,1.0,0.0,1740.0,100.0,1.0,0.0,23.6,1.0,1,3.0,0.0,0.0,0.0,0.0,0.0,0.0,0.0,0.0
3351,1,1,2,0,0,0,1,1-25,60.0,1.0,0.0,1739.0,100.0,1.0,0.0,23.6,1.0,1,3.0,0.0,0.0,0.0,0.0,0.0,0.0,0.0,0.0
3352,1,1,2,0,0,1,3,1-25,60.0,1.0,0.0,1739.0,100.0,1.0,0.0,23.6,1.0,1,3.0,0.0,0.0,0.0,0.0,0.0,0.0,0.0,0.0
3353,1,1,2,0,0,1,2,1-25,60.0,1.0,0.0,1737.0,2500.0,1.0,0.0,11800.0,1.0,1,3.0,0.0,0.0,0.0,0.0,0.0,0.0,0.0,0.0
3354,1,1,2,0,0,1,2,1-25,60.0,1.0,0.0,1736.0,2500.0,1.0,0.0,11800.0,1.0,1,3.0,0.0,0.0,0.0,0.0,0.0,0.0,0.0,0.0
3355,1,1,2,0,0,1,2,1-25,60.0,1.0,0.0,1736.0,2500.0,1.0,0.0,11800.0,1.0,1,3.0,0.0,0.0,0.0,0.0,0.0,0.0,0.0,0.0
3356,1,1,2,0,0,1,2,1-25,60.0,1.0,0.0,1736.0,2500.0,1.0,0.0,11800.0,1.0,1,3.0,0.0,0.0,0.0,0.0,0.0,0.0,0.0,0.0
3357,1,1,2,0,0,1,2,1-25,60.0,1.0,0.0,1736.0,2500.0,1.0,0.0,11800.0,1.0,1,3.0,0.0,0.0,0.0,0.0,0.0,0.0,0.0,0.0
3358,1,1,2,0,0,1,2,1-25,60.0,1.0,0.0,1736.0,2500.0,1.0,0.0,11800.0,1.0,1,3.0,0.0,0.0,0.0,0.0,0.0,0.0,0.0,0.0
3359,1,1,2,0,0,1,2,1-25,60.0,1.0,0.0,1736.0,2500.0,1.0,0.0,11800.0,1.0,1,3.0,0.0,0.0,0.0,0.0,0.0,0.0,0.0,0.0
3360,1,1,2,0,0,1,2,1-25,60.0,1.0,0.0,1736.0,2500.0,1.0,0.0,11800.0,1.0,1,3.0,0.0,0.0,0.0,0.0,0.0,0.0,0.0,0.0
3361,1,1,2,0,0,1,2,1-25,60.0,1.0,0.0,1736.0,2500.0,1.0,0.0,11800.0,1.0,1,3.0,0.0,0.0,0.0,0.0,0.0,0.0,0.0,0.0
3362,1,1,2,0,0,1,6,1-25,60.0,1.0,0.0,1736.0,2500.0,1.0,0.0,11800.0,1.0,1,3.0,0.0,0.0,0.0,0.0,0.0,0.0,0.0,0.0
3363,1,1,2,0,0,1,2,1-25,60.0,1.0,0.0,1736.0,2500.0,1.0,0.0,11800.0,1.0,1,3.0,0.0,0.0,0.0,0.0,0.0,0.0,0.0,0.0
3364,1,1,2,0,0,0,1,26-100,60.0,1.0,0.0,1736.0,60.0,1.0,0.0,11.8,1.0,1,3.0,0.0,0.0,0.0,0.0,0.0,0.0,0.0,0.0
3365,1,1,2,0,0,0,1,26-100,60.0,1.0,0.0,1736.0,0.0,1.0,0.0,1.18,1.0,1,3.0,1.0,1.0,3.0,0.0,0.0,0.0,0.0,0.0
3366,1,1,2,0,0,1,2,1-25,60.0,1.0,0.0,1736.0,2500.0,1.0,0.0,11800.0,1.0,1,3.0,0.0,0.0,0.0,0.0,0.0,0.0,0.0,0.0
3367,1,1,2,0,0,0,1,1-25,60.0,1.0,0.0,1736.0,100.0,1.0,0.0,23.6,1.0,1,3.0,0.0,0.0,0.0,0.0,0.0,0.0,0.0,0.0
3368,1,1,2,0,0,1,1,1-25,60.0,1.0,0.0,1733.0,10000.0,1.0,0.0,50000.0,1.0,1,3.0,0.0,0.0,0.0,0.0,0.0,0.0,0.0,0.0
3369,1,1,2,0,0,1,1,1-25,60.0,1.0,0.0,1732.0,10000.0,1.0,0.0,50000.0,1.0,1,3.0,0.0,0.0,0.0,0.0,0.0,0.0,0.0,0.0
3370,1,1,2,0,0,1,1,1-25,60.0,1.0,0.0,1732.0,10000.0,1.0,0.0,50000.0,1.0,1,3.0,0.0,0.0,0.0,0.0,0.0,0.0,0.0,0.0
3371,1,1,2,0,0,1,5,1-25,60.0,1.0,0.0,1732.0,10000.0,1.0,0.0,50000.0,1.0,1,3.0,0.0,0.0,0.0,0.0,0.0,0.0,0.0,0.0
3372,1,1,2,0,0,1,100,26-100,60.0,1.0,0.0,1732.0,500000.0,1.0,1.0,118.0,1.0,1,3.0,0.0,0.0,0.0,0.0,0.0,0.0,0.0,0.0
3373,1,1,2,0,0,0,1,1-25,60.0,1.0,0.0,1732.0,4.0,1.0,0.0,317.0,2.0,1,3.0,0.0,0.0,0.0,0.0,0.0,0.0,0.0,0.0
3374,1,1,2,0,0,1,2,26-100,100.0,1.0,0.0,1732.0,100.0,0.0,0.0,199.0,1.0,0,3.0,0.0,0.0,0.0,0.0,0.0,0.0,0.0,0.0
3375,1,1,2,0,0,1,2,26-100,100.0,1.0,0.0,1732.0,100.0,0.0,0.0,100.0,1.0,0,3.0,0.0,0.0,0.0,0.0,0.0,0.0,0.0,0.0
3376,1,1,2,0,0,1,100,1-25,60.0,1.0,0.0,1732.0,500000.0,1.0,1.0,11800.0,1.0,1,3.0,0.0,0.0,0.0,0.0,0.0,0.0,0.0,0.0
3377,1,1,2,0,0,1,2,26-100,60.0,1.0,0.0,1732.0,0.0,1.0,0.0,100.0,1.0,1,3.0,0.0,0.0,0.0,0.0,0.0,0.0,0.0,0.0
3378,1,1,2,0,0,1,100,1-25,60.0,1.0,0.0,1731.0,500000.0,1.0,1.0,10000.0,1.0,1,3.0,0.0,0.0,0.0,0.0,0.0,0.0,0.0,0.0
3379,1,1,2,0,0,1,100,1-25,60.0,1.0,0.0,1731.0,500000.0,1.0,1.0,10000.0,1.0,1,3.0,0.0,0.0,0.0,0.0,0.0,0.0,0.0,0.0
3380,1,1,2,0,0,1,100,1-25,60.0,1.0,0.0,1731.0,500000.0,1.0,1.0,10000.0,1.0,1,3.0,0.0,0.0,0.0,0.0,0.0,0.0,0.0,0.0
3381,1,1,2,0,0,1,100,1-25,60.0,1.0,0.0,1731.0,500000.0,1.0,1.0,10000.0,1.0,1,3.0,0.0,0.0,0.0,0.0,0.0,0.0,0.0,0.0
3382,1,1,2,0,0,1,100,1-25,60.0,1.0,0.0,1731.0,500234.0,1.0,1.0,10234.0,4.0,1,3.0,0.0,0.0,0.0,0.0,0.0,0.0,0.0,0.0
3383,1,1,2,0,0,1,100,1-25,60.0,1.0,0.0,1731.0,500000.0,1.0,1.0,100.0,1.0,1,3.0,0.0,0.0,0.0,0.0,0.0,0.0,0.0,0.0
3384,1,1,2,0,0,0,1,1-25,60.0,1.0,0.0,1731.0,101.0,1.0,0.0,1113.6,2.0,1,3.0,1.0,1.0,5.0,0.0,0.0,0.0,0.0,0.0
3389,1,1,2,0,0,1,100,101-500,100.0,1.0,0.0,1729.0,500000.0,0.0,1.0,1000.0,1.0,0,3.0,0.0,0.0,0.0,0.0,0.0,0.0,0.0,0.0
3390,1,1,2,0,0,1,4,26-100,100.0,1.0,0.0,1729.0,100.0,0.0,0.0,199.0,1.0,0,3.0,0.0,0.0,0.0,0.0,0.0,0.0,0.0,0.0
3394,1,1,2,0,0,0,1,26-100,60.0,1.0,0.0,1722.0,60.0,1.0,0.0,1379.0,2.0,1,3.0,2.0,2.0,53.0,9.0,1.0,8.0,0.0,0.0
3395,1,1,2,0,0,1,0,1-25,60.0,1.0,0.0,1726.0,1.0,1.0,0.0,1.18,1.0,1,3.0,0.0,0.0,0.0,0.0,0.0,0.0,0.0,0.0
3396,1,1,2,0,0,1,0,1-25,60.0,1.0,0.0,1726.0,1.0,1.0,0.0,1.18,1.0,1,3.0,0.0,0.0,0.0,0.0,0.0,0.0,0.0,0.0
3397,1,1,2,0,0,1,0,1-25,60.0,1.0,0.0,1726.0,1.0,1.0,0.0,1.18,1.0,1,3.0,0.0,0.0,0.0,0.0,0.0,0.0,0.0,0.0
3400,1,1,2,0,0,0,1,1-25,60.0,1.0,0.0,1724.0,130.0,1.0,0.0,23.6,1.0,1,3.0,0.0,0.0,0.0,0.0,0.0,0.0,0.0,0.0
3401,1,1,1,0,0,1,14,26-100,100.0,1.0,0.0,1724.0,850.0,0.0,0.0,349.0,2.0,0,3.0,0.0,0.0,0.0,0.0,0.0,0.0,0.0,0.0
3402,1,1,2,0,0,0,1,26-100,100.0,1.0,0.0,1724.0,100.0,0.0,0.0,199.0,1.0,0,3.0,0.0,0.0,0.0,0.0,0.0,0.0,0.0,0.0
3403,1,1,2,0,0,0,1,101-500,100.0,1.0,0.0,1724.0,100.0,0.0,0.0,199.0,1.0,0,3.0,0.0,0.0,0.0,0.0,0.0,0.0,0.0,0.0
3404,1,1,2,0,0,0,1,26-100,60.0,1.0,0.0,1724.0,2.0,1.0,0.0,1180.0,1.0,1,3.0,0.0,0.0,0.0,0.0,0.0,0.0,0.0,0.0
3405,1,1,2,0,0,0,1,1-25,100.0,1.0,0.0,1724.0,550.0,0.0,0.0,199.0,1.0,0,3.0,0.0,0.0,0.0,0.0,0.0,0.0,0.0,0.0
3406,1,1,2,0,0,0,1,26-100,60.0,1.0,0.0,1724.0,0.0,1.0,0.0,1.18,1.0,1,3.0,0.0,0.0,0.0,0.0,0.0,0.0,0.0,0.0
3407,1,1,2,0,0,1,4,26-100,100.0,1.0,0.0,1724.0,1010.0,0.0,0.0,120.0,1.0,0,3.0,0.0,0.0,0.0,0.0,0.0,0.0,0.0,0.0
3408,1,1,2,0,0,0,1,1-25,60.0,1.0,0.0,1723.0,0.0,0.0,0.0,0.0,1.0,1,3.0,0.0,0.0,0.0,0.0,0.0,0.0,0.0,0.0
3410,1,1,2,0,0,0,1,26-100,100.0,1.0,0.0,1722.0,0.0,0.0,0.0,0.0,1.0,0,3.0,0.0,0.0,0.0,0.0,0.0,0.0,0.0,0.0
3412,1,1,2,0,0,1,2,26-100,100.0,1.0,0.0,1720.0,500.0,0.0,0.0,100.0,1.0,0,3.0,0.0,0.0,0.0,0.0,0.0,0.0,0.0,0.0
3413,1,1,2,0,0,1,2,26-100,100.0,1.0,0.0,1721.0,500.0,0.0,0.0,100.0,1.0,0,3.0,0.0,0.0,0.0,0.0,0.0,0.0,0.0,0.0
3414,1,1,2,0,0,1,2,26-100,100.0,1.0,0.0,1720.0,500.0,0.0,0.0,100.0,1.0,0,3.0,0.0,0.0,0.0,0.0,0.0,0.0,0.0,0.0
3415,1,1,2,0,0,1,2,26-100,100.0,1.0,0.0,1720.0,500.0,0.0,0.0,100.0,1.0,0,3.0,1.0,1.0,2.0,0.0,0.0,0.0,0.0,0.0
3417,1,1,2,0,0,1,2,1-25,60.0,1.0,0.0,1694.0,2.0,1.0,0.0,1180.0,1.0,1,3.0,2.0,6.0,4.0,1.0,1.0,0.0,0.0,0.0
3418,1,1,2,0,0,1,2,1-25,60.0,1.0,0.0,1705.0,2500.0,1.0,0.0,11800.0,1.0,1,3.0,0.0,0.0,0.0,0.0,0.0,0.0,0.0,0.0
3419,1,1,2,0,0,1,1,1-25,60.0,1.0,0.0,1705.0,10000.0,1.0,0.0,50000.0,1.0,1,3.0,0.0,0.0,0.0,0.0,0.0,0.0,0.0,0.0
3420,1,1,2,0,0,1,100,1-25,60.0,1.0,0.0,1705.0,500000.0,1.0,1.0,11800.0,1.0,1,3.0,0.0,0.0,0.0,0.0,0.0,0.0,0.0,0.0
3424,1,1,2,0,0,0,1,26-100,60.0,1.0,0.0,1704.0,4.0,1.0,0.0,109.0,1.0,1,3.0,0.0,0.0,0.0,0.0,0.0,0.0,0.0,0.0
3425,1,1,2,0,0,1,1,1-25,60.0,1.0,0.0,1704.0,1000.0,1.0,0.0,500.0,1.0,1,3.0,0.0,0.0,0.0,0.0,0.0,0.0,0.0,0.0
3427,1,1,2,0,0,0,1,1-25,60.0,1.0,0.0,1703.0,4.0,1.0,0.0,118.0,1.0,1,3.0,0.0,0.0,0.0,0.0,0.0,0.0,0.0,0.0
3428,1,1,2,0,0,0,1,1-25,60.0,1.0,0.0,1703.0,4.0,1.0,0.0,118.0,1.0,1,3.0,0.0,0.0,0.0,0.0,0.0,0.0,0.0,0.0
3429,1,1,2,0,0,1,4,26-100,100.0,1.0,0.0,1703.0,650.0,0.0,0.0,199.0,1.0,0,3.0,0.0,0.0,0.0,0.0,0.0,0.0,0.0,0.0
3430,1,1,2,0,0,1,13,1-25,60.0,1.0,0.0,1703.0,530.0,1.0,0.0,5000.0,1.0,1,3.0,0.0,0.0,0.0,0.0,0.0,0.0,0.0,0.0
3431,1,1,2,0,0,0,1,26-100,60.0,1.0,0.0,1703.0,4.0,1.0,0.0,118.0,1.0,1,3.0,0.0,0.0,0.0,0.0,0.0,0.0,0.0,0.0
3432,1,1,2,0,0,0,1,26-100,60.0,1.0,0.0,1703.0,4.0,1.0,0.0,118.0,1.0,1,3.0,0.0,0.0,0.0,0.0,0.0,0.0,0.0,0.0
3433,1,1,2,0,0,1,2,1-25,60.0,1.0,0.0,1703.0,65.0,1.0,0.0,118.0,1.0,1,3.0,0.0,0.0,0.0,0.0,0.0,0.0,0.0,0.0
3435,1,1,2,0,0,1,100,101-500,60.0,1.0,0.0,1703.0,500000.0,1.0,1.0,50.0,1.0,1,3.0,0.0,0.0,0.0,0.0,0.0,0.0,0.0,0.0
3436,1,1,2,0,0,0,1,1-25,60.0,1.0,0.0,1703.0,4.0,1.0,0.0,118.0,1.0,1,3.0,0.0,0.0,0.0,0.0,0.0,0.0,0.0,0.0
3437,1,1,2,0,0,1,100,26-100,60.0,1.0,0.0,1703.0,500000.0,1.0,1.0,885.0,1.0,1,3.0,0.0,0.0,0.0,0.0,0.0,0.0,0.0,0.0
3438,1,1,2,0,0,0,1,1-25,60.0,1.0,0.0,1703.0,4.0,1.0,0.0,118.0,1.0,1,3.0,0.0,0.0,0.0,0.0,0.0,0.0,0.0,0.0
3439,1,1,2,0,0,0,1,1-25,60.0,1.0,0.0,1703.0,4.0,1.0,0.0,109.0,1.0,1,3.0,0.0,0.0,0.0,0.0,0.0,0.0,0.0,0.0
3440,1,1,2,0,0,0,1,1-25,60.0,1.0,0.0,1703.0,4.0,1.0,0.0,118.0,1.0,1,3.0,0.0,0.0,0.0,0.0,0.0,0.0,0.0,0.0
3441,1,1,2,0,0,1,2,1-25,60.0,1.0,0.0,1702.0,4.0,1.0,0.0,109.0,1.0,1,3.0,0.0,0.0,0.0,0.0,0.0,0.0,0.0,0.0
3442,1,1,2,0,0,0,1,1-25,60.0,1.0,0.0,1702.0,1.0,1.0,0.0,817.5,1.0,1,3.0,0.0,0.0,0.0,0.0,0.0,0.0,0.0,0.0
3443,1,1,2,0,0,1,100,26-100,60.0,1.0,0.0,1702.0,500000.0,1.0,1.0,5.9,1.0,1,3.0,0.0,0.0,0.0,0.0,0.0,0.0,0.0,0.0
3444,1,1,2,0,0,1,1,1-25,100.0,1.0,0.0,1702.0,112.0,0.0,0.0,50.0,1.0,0,3.0,0.0,0.0,0.0,0.0,0.0,0.0,0.0,0.0
3445,1,1,2,0,0,1,100,1-25,100.0,1.0,0.0,1702.0,500000.0,0.0,1.0,50.0,1.0,0,3.0,0.0,0.0,0.0,0.0,0.0,0.0,0.0,0.0
3446,1,1,2,0,0,1,2,26-100,100.0,1.0,0.0,1702.0,550.0,0.0,0.0,199.0,1.0,0,3.0,0.0,0.0,0.0,0.0,0.0,0.0,0.0,0.0
3447,1,1,2,0,0,1,2,500-1000,60.0,1.0,0.0,1702.0,1.0,1.0,0.0,885.0,1.0,1,3.0,0.0,0.0,0.0,0.0,0.0,0.0,0.0,0.0
3448,1,1,2,0,0,1,0,26-100,60.0,1.0,0.0,1702.0,13.0,1.0,0.0,50.0,1.0,1,3.0,0.0,0.0,0.0,0.0,0.0,0.0,0.0,0.0
3449,1,1,2,0,0,0,1,26-100,60.0,1.0,0.0,1702.0,2.0,1.0,0.0,1090.0,1.0,1,3.0,0.0,0.0,0.0,0.0,0.0,0.0,0.0,0.0
3450,1,1,2,0,0,0,1,26-100,60.0,1.0,0.0,1701.0,250.0,1.0,0.0,11800.0,1.0,1,3.0,0.0,0.0,0.0,0.0,0.0,0.0,0.0,0.0
3451,1,1,2,0,0,1,4,26-100,60.0,1.0,0.0,1701.0,50.0,1.0,0.0,125.0,1.0,1,3.0,0.0,0.0,0.0,0.0,0.0,0.0,0.0,0.0
3452,1,1,2,0,0,1,5,1-25,60.0,1.0,0.0,1684.0,60.0,1.0,0.0,70.0,1.0,1,3.0,1.0,1.0,0.0,0.0,0.0,0.0,0.0,0.0
3453,1,1,2,0,0,1,1,1-25,100.0,1.0,0.0,1701.0,1.0,0.0,0.0,50.0,1.0,0,3.0,0.0,0.0,0.0,0.0,0.0,0.0,0.0,0.0
3454,1,1,2,0,0,1,2,1-25,100.0,1.0,0.0,1698.0,50.0,0.0,0.0,20.0,1.0,0,3.0,0.0,0.0,0.0,0.0,0.0,0.0,0.0,0.0
3455,1,1,2,0,0,1,0,26-100,100.0,1.0,0.0,1698.0,10.0,0.0,0.0,30.0,1.0,0,3.0,0.0,0.0,0.0,0.0,0.0,0.0,0.0,0.0
3456,1,1,2,0,0,1,2,1-25,60.0,1.0,0.0,1698.0,50.0,1.0,0.0,20.0,1.0,1,3.0,0.0,0.0,0.0,0.0,0.0,0.0,0.0,0.0
3457,1,1,2,0,0,0,1,1-25,60.0,1.0,0.0,1695.0,1.0,1.0,0.0,885.0,1.0,1,3.0,0.0,0.0,0.0,0.0,0.0,0.0,0.0,0.0
3458,1,1,2,0,0,1,2,26-100,60.0,1.0,0.0,1698.0,50.0,1.0,0.0,20.0,1.0,1,3.0,0.0,0.0,0.0,0.0,0.0,0.0,0.0,0.0
3459,1,1,2,0,0,0,1,26-100,60.0,1.0,0.0,1698.0,1.0,1.0,0.0,885.0,1.0,1,3.0,0.0,0.0,0.0,0.0,0.0,0.0,0.0,0.0
3460,1,1,2,0,0,1,3,500-1000,60.0,1.0,0.0,1698.0,305.0,1.0,0.0,20.0,1.0,1,3.0,0.0,0.0,0.0,0.0,0.0,0.0,0.0,0.0
3461,1,1,2,0,0,1,2,26-100,100.0,1.0,0.0,1698.0,100.0,0.0,0.0,70.0,2.0,0,3.0,0.0,0.0,0.0,0.0,0.0,0.0,0.0,0.0
3462,1,1,2,0,0,1,4,1-25,100.0,1.0,0.0,1698.0,824.0,0.0,0.0,20.0,1.0,0,3.0,0.0,0.0,0.0,0.0,0.0,0.0,0.0,0.0
3463,1,1,2,0,0,1,100,26-100,100.0,1.0,0.0,1698.0,260.0,0.0,1.0,370.0,3.0,0,3.0,0.0,0.0,0.0,0.0,0.0,0.0,0.0,0.0
3464,1,1,2,0,0,1,1,101-500,60.0,1.0,0.0,1698.0,130.0,1.0,0.0,153.4,1.0,1,3.0,0.0,0.0,0.0,0.0,0.0,0.0,0.0,0.0
3466,1,1,2,0,0,0,1,1-25,60.0,1.0,0.0,1698.0,60.0,1.0,0.0,10.9,1.0,1,3.0,0.0,0.0,0.0,0.0,0.0,0.0,0.0,0.0
3467,1,1,2,0,0,1,2,1-25,60.0,1.0,0.0,1697.0,61.0,1.0,0.0,11.8,1.0,1,3.0,0.0,0.0,0.0,0.0,0.0,0.0,0.0,0.0
3468,1,1,2,0,0,0,1,26-100,60.0,1.0,0.0,1697.0,1.0,1.0,0.0,1016.5,2.0,1,3.0,0.0,0.0,0.0,0.0,0.0,0.0,0.0,0.0
3469,1,1,2,0,0,0,1,26-100,100.0,1.0,0.0,1697.0,100.0,0.0,0.0,199.0,1.0,0,3.0,0.0,0.0,0.0,0.0,0.0,0.0,0.0,0.0
3470,1,1,2,0,0,1,3,26-100,60.0,1.0,0.0,1697.0,2.0,1.0,0.0,817.5,1.0,1,3.0,0.0,0.0,0.0,0.0,0.0,0.0,0.0,0.0
3472,1,1,2,0,0,1,1,101-500,60.0,1.0,0.0,1697.0,15.0,1.0,0.0,135.0,1.0,1,3.0,0.0,0.0,0.0,0.0,0.0,0.0,0.0,0.0
3473,1,1,2,0,0,1,1,1-25,60.0,1.0,0.0,1697.0,165.0,1.0,0.0,159.3,1.0,1,3.0,0.0,0.0,0.0,0.0,0.0,0.0,0.0,0.0
3475,1,1,2,0,0,0,1,26-100,60.0,1.0,0.0,1696.0,1.0,1.0,0.0,1016.5,2.0,1,3.0,0.0,0.0,0.0,0.0,0.0,0.0,0.0,0.0
3476,1,1,2,0,0,1,0,26-100,60.0,1.0,0.0,1697.0,25.0,1.0,0.0,50.0,1.0,1,3.0,0.0,0.0,0.0,0.0,0.0,0.0,0.0,0.0
3478,1,1,2,0,0,0,1,26-100,60.0,1.0,0.0,1696.0,30.0,1.0,0.0,49.05,1.0,1,3.0,0.0,0.0,0.0,0.0,0.0,0.0,0.0,0.0
3481,1,1,2,0,0,1,2,1-25,60.0,1.0,0.0,1696.0,151.0,1.0,0.0,885.0,1.0,1,3.0,0.0,0.0,0.0,0.0,0.0,0.0,0.0,0.0
3482,1,1,2,0,0,0,1,26-100,100.0,1.0,0.0,1696.0,550.0,0.0,0.0,199.0,1.0,0,3.0,0.0,0.0,0.0,0.0,0.0,0.0,0.0,0.0
3483,1,1,2,0,0,1,1,26-100,100.0,1.0,0.0,1696.0,60.0,0.0,0.0,100.0,1.0,0,3.0,0.0,0.0,0.0,0.0,0.0,0.0,0.0,0.0
3484,1,1,2,0,0,1,5,26-100,60.0,1.0,0.0,1694.0,270.0,1.0,0.0,118.0,1.0,1,3.0,0.0,0.0,0.0,0.0,0.0,0.0,0.0,0.0
3492,1,1,2,0,0,1,4,26-100,100.0,1.0,0.0,1695.0,550.0,0.0,0.0,199.0,1.0,0,3.0,0.0,0.0,0.0,0.0,0.0,0.0,0.0,0.0
3498,1,1,2,0,0,1,1,26-100,60.0,1.0,0.0,1695.0,80.0,1.0,0.0,200.0,1.0,1,3.0,0.0,0.0,0.0,0.0,0.0,0.0,0.0,0.0
3499,1,1,2,0,0,1,3,26-100,100.0,1.0,0.0,1691.0,200.0,0.0,0.0,199.0,1.0,0,3.0,1.0,1.0,6.0,2.0,2.0,0.0,0.0,0.0
3500,1,1,2,0,0,1,1,101-500,60.0,1.0,0.0,1695.0,50.0,1.0,0.0,236.0,1.0,1,3.0,0.0,0.0,0.0,0.0,0.0,0.0,0.0,0.0
3501,1,1,2,0,0,1,3,1-25,100.0,1.0,0.0,1695.0,100.0,0.0,0.0,199.0,1.0,0,3.0,0.0,0.0,0.0,0.0,0.0,0.0,0.0,0.0
3502,1,1,2,0,0,1,9,26-100,60.0,1.0,0.0,1606.0,3520.0,1.0,0.0,11806089.0,25.0,1,3.0,1.0,1.0,6.0,1.0,1.0,0.0,0.0,0.0
3503,1,1,2,0,0,0,1,26-100,60.0,1.0,0.0,1695.0,0.0,1.0,0.0,1.18,1.0,1,3.0,0.0,0.0,0.0,0.0,0.0,0.0,0.0,0.0
3504,1,1,2,0,0,0,1,26-100,60.0,1.0,0.0,1695.0,1.0,1.0,0.0,885.0,1.0,1,3.0,0.0,0.0,0.0,0.0,0.0,0.0,0.0,0.0
3508,1,1,2,0,0,1,1,1-25,100.0,1.0,0.0,1695.0,100.0,0.0,0.0,100.0,1.0,0,3.0,0.0,0.0,0.0,0.0,0.0,0.0,0.0,0.0
3510,1,1,2,0,0,0,1,1-25,60.0,1.0,0.0,1695.0,1.0,1.0,0.0,885.0,1.0,1,3.0,1.0,1.0,2.0,1.0,1.0,0.0,0.0,0.0
3512,1,1,2,0,0,1,0,101-500,60.0,1.0,0.0,1694.0,450.0,1.0,0.0,29500.0,1.0,1,3.0,0.0,0.0,0.0,0.0,0.0,0.0,0.0,0.0
3513,1,1,2,0,0,1,0,26-100,60.0,1.0,0.0,1694.0,200.0,1.0,0.0,150.0,1.0,1,3.0,0.0,0.0,0.0,0.0,0.0,0.0,0.0,0.0
3514,1,1,2,0,0,1,0,1-25,60.0,1.0,0.0,1689.0,200.0,1.0,0.0,177.0,1.0,1,3.0,0.0,0.0,0.0,0.0,0.0,0.0,0.0,0.0
3515,1,1,2,0,0,0,1,26-100,60.0,1.0,0.0,1694.0,2.0,1.0,0.0,1180.0,1.0,1,3.0,0.0,0.0,0.0,0.0,0.0,0.0,0.0,0.0
3516,1,1,2,0,0,0,1,26-100,60.0,1.0,0.0,1694.0,2.0,1.0,0.0,1180.0,1.0,1,3.0,0.0,0.0,0.0,0.0,0.0,0.0,0.0,0.0
3518,1,1,2,0,0,0,1,1-25,60.0,1.0,0.0,1694.0,1.0,1.0,0.0,885.0,1.0,1,3.0,0.0,0.0,0.0,0.0,0.0,0.0,0.0,0.0
3536,1,1,2,0,0,1,3,1-25,60.0,1.0,0.0,1690.0,260.0,1.0,0.0,1.18,1.0,1,3.0,0.0,0.0,0.0,0.0,0.0,0.0,0.0,0.0
3538,1,1,2,0,0,0,1,500-1000,60.0,1.0,0.0,1690.0,2.0,1.0,0.0,1180.0,1.0,1,3.0,0.0,0.0,0.0,0.0,0.0,0.0,0.0,0.0
3549,1,1,2,0,0,0,1,101-500,60.0,1.0,0.0,1689.0,2.0,1.0,0.0,1090.0,1.0,1,3.0,0.0,0.0,0.0,0.0,0.0,0.0,0.0,0.0
3550,1,1,2,0,0,0,1,26-100,60.0,1.0,0.0,1689.0,2.0,1.0,0.0,1270.0,1.0,1,3.0,0.0,0.0,0.0,0.0,0.0,0.0,0.0,0.0
3551,1,1,2,0,0,0,1,1-25,60.0,1.0,0.0,1689.0,2.0,1.0,0.0,1270.0,1.0,1,3.0,0.0,0.0,0.0,0.0,0.0,0.0,0.0,0.0
3552,1,1,2,0,0,0,1,26-100,60.0,1.0,0.0,1689.0,2.0,1.0,0.0,1270.0,1.0,1,3.0,0.0,0.0,0.0,0.0,0.0,0.0,0.0,0.0
3553,1,1,2,0,0,0,1,26-100,60.0,1.0,0.0,1689.0,100.0,1.0,0.0,10000.0,1.0,1,3.0,0.0,0.0,0.0,0.0,0.0,0.0,0.0,0.0
3554,1,1,2,0,0,0,1,26-100,60.0,1.0,0.0,1688.0,100.0,1.0,0.0,70800.0,6.0,1,3.0,0.0,0.0,0.0,0.0,0.0,0.0,0.0,0.0
3555,1,1,2,0,0,0,1,1-25,60.0,1.0,0.0,1688.0,500.0,1.0,0.0,1.18,1.0,1,3.0,1.0,1.0,0.0,0.0,0.0,0.0,0.0,0.0
3557,1,1,2,0,0,1,2,1-25,60.0,1.0,0.0,1688.0,2.0,1.0,0.0,1180.0,1.0,1,3.0,0.0,0.0,0.0,0.0,0.0,0.0,0.0,0.0
3558,1,1,2,0,0,0,1,26-100,60.0,1.0,0.0,1687.0,2.0,1.0,0.0,1180.0,1.0,1,3.0,0.0,0.0,0.0,0.0,0.0,0.0,0.0,0.0
3560,1,1,2,0,0,1,4,101-500,60.0,1.0,0.0,1687.0,151.0,1.0,0.0,885.0,1.0,1,3.0,0.0,0.0,0.0,0.0,0.0,0.0,0.0,0.0
3561,1,1,2,0,0,0,1,1-25,60.0,1.0,0.0,1687.0,100.0,1.0,0.0,23.6,1.0,1,3.0,0.0,0.0,0.0,0.0,0.0,0.0,0.0,0.0
3562,1,1,2,0,0,0,1,101-500,60.0,1.0,0.0,1687.0,2.0,1.0,0.0,1180.0,1.0,1,3.0,0.0,0.0,0.0,0.0,0.0,0.0,0.0,0.0
3563,1,1,2,0,0,0,1,26-100,60.0,1.0,0.0,1687.0,100.0,1.0,0.0,11800.0,1.0,1,3.0,0.0,0.0,0.0,0.0,0.0,0.0,0.0,0.0
3564,1,1,2,0,0,0,1,500-1000,60.0,1.0,0.0,1687.0,2.0,1.0,0.0,1180.0,1.0,1,3.0,0.0,0.0,0.0,0.0,0.0,0.0,0.0,0.0
3565,1,1,2,0,0,0,1,101-500,60.0,1.0,0.0,1687.0,2.0,1.0,0.0,1180.0,1.0,1,3.0,0.0,0.0,0.0,0.0,0.0,0.0,0.0,0.0
3566,1,1,2,0,0,0,1,26-100,60.0,1.0,0.0,1687.0,600.0,1.0,0.0,11800.0,1.0,1,3.0,0.0,0.0,0.0,0.0,0.0,0.0,0.0,0.0
3567,1,1,2,0,0,0,1,26-100,60.0,1.0,0.0,1687.0,4.0,1.0,0.0,118.0,1.0,1,3.0,0.0,0.0,0.0,0.0,0.0,0.0,0.0,0.0
3568,1,1,2,0,0,1,2,1-25,60.0,1.0,0.0,1687.0,2.0,1.0,0.0,1.18,1.0,1,3.0,0.0,0.0,0.0,0.0,0.0,0.0,0.0,0.0
3569,1,1,2,0,0,0,1,26-100,60.0,1.0,0.0,1687.0,4.0,1.0,0.0,118.0,1.0,1,3.0,0.0,0.0,0.0,0.0,0.0,0.0,0.0,0.0
3570,1,1,2,0,0,0,1,1-25,60.0,1.0,0.0,1687.0,100.0,1.0,0.0,11800.0,1.0,1,3.0,0.0,0.0,0.0,0.0,0.0,0.0,0.0,0.0
3571,1,1,2,0,0,0,1,1-25,60.0,1.0,0.0,1687.0,5.0,1.0,0.0,118.0,1.0,1,3.0,0.0,0.0,0.0,0.0,0.0,0.0,0.0,0.0
3572,1,1,2,0,0,0,1,26-100,60.0,1.0,0.0,1687.0,2.0,1.0,0.0,1180.0,1.0,1,3.0,0.0,0.0,0.0,0.0,0.0,0.0,0.0,0.0
3573,1,1,2,0,0,0,1,1-25,60.0,1.0,0.0,1687.0,2.0,1.0,0.0,1180.0,1.0,1,3.0,0.0,0.0,0.0,0.0,0.0,0.0,0.0,0.0
3574,1,1,2,0,0,0,1,26-100,60.0,1.0,0.0,1687.0,100.0,1.0,0.0,11800.0,1.0,1,3.0,0.0,0.0,0.0,0.0,0.0,0.0,0.0,0.0
3575,1,1,2,0,0,0,1,101-500,60.0,1.0,0.0,1687.0,2.0,1.0,0.0,1180.0,1.0,1,3.0,0.0,0.0,0.0,0.0,0.0,0.0,0.0,0.0
3576,1,1,2,0,0,1,6,26-100,60.0,1.0,0.0,1687.0,1030.0,1.0,0.0,1180.0,1.0,1,3.0,0.0,0.0,0.0,0.0,0.0,0.0,0.0,0.0
3577,1,1,2,0,0,1,100,1-25,60.0,1.0,0.0,1687.0,500000.0,1.0,1.0,1180.0,1.0,1,3.0,0.0,0.0,0.0,0.0,0.0,0.0,0.0,0.0
3578,1,1,2,0,0,1,2,1-25,60.0,1.0,0.0,1687.0,1000.0,1.0,0.0,1180.0,1.0,1,3.0,0.0,0.0,0.0,0.0,0.0,0.0,0.0,0.0
3579,1,1,2,0,0,0,1,1-25,60.0,1.0,0.0,1687.0,100.0,1.0,0.0,23.6,1.0,1,3.0,0.0,0.0,0.0,0.0,0.0,0.0,0.0,0.0
3580,1,1,2,0,0,0,1,1-25,60.0,1.0,0.0,1687.0,100.0,1.0,0.0,23.6,1.0,1,3.0,0.0,0.0,0.0,0.0,0.0,0.0,0.0,0.0
3581,1,1,2,0,0,0,1,1-25,60.0,1.0,0.0,1686.0,100.0,1.0,0.0,23.6,1.0,1,3.0,0.0,0.0,0.0,0.0,0.0,0.0,0.0,0.0
3597,1,1,2,0,0,1,100,26-100,60.0,1.0,0.0,1684.0,500000.0,1.0,1.0,1000.0,1.0,1,3.0,0.0,0.0,0.0,0.0,0.0,0.0,0.0,0.0
3598,1,1,2,0,0,1,100,26-100,60.0,1.0,0.0,1684.0,500000.0,1.0,1.0,500.0,1.0,1,3.0,0.0,0.0,0.0,0.0,0.0,0.0,0.0,0.0
3599,1,1,2,0,0,1,2,1-25,60.0,1.0,0.0,1684.0,2500.0,1.0,0.0,11800.0,1.0,1,3.0,0.0,0.0,0.0,0.0,0.0,0.0,0.0,0.0
3600,1,1,2,0,0,1,100,26-100,60.0,1.0,0.0,1684.0,500000.0,1.0,1.0,500.0,1.0,1,3.0,0.0,0.0,0.0,0.0,0.0,0.0,0.0,0.0
3601,1,1,2,0,0,0,1,1-25,60.0,1.0,0.0,1684.0,1.0,1.0,0.0,1084.0,2.0,1,3.0,0.0,0.0,0.0,0.0,0.0,0.0,0.0,0.0
3602,1,1,2,0,0,0,1,101-500,60.0,1.0,0.0,1684.0,1.0,1.0,0.0,885.0,1.0,1,3.0,0.0,0.0,0.0,0.0,0.0,0.0,0.0,0.0
3603,1,1,2,0,0,1,2,1-25,60.0,1.0,0.0,1684.0,2500.0,1.0,0.0,11800.0,1.0,1,3.0,0.0,0.0,0.0,0.0,0.0,0.0,0.0,0.0
3604,1,1,2,0,0,1,4,26-100,60.0,1.0,0.0,1684.0,551.0,1.0,0.0,500.0,1.0,1,3.0,0.0,0.0,0.0,0.0,0.0,0.0,0.0,0.0
3605,1,1,2,0,0,0,1,26-100,60.0,1.0,0.0,1683.0,100.0,1.0,0.0,11800.0,1.0,1,3.0,1.0,1.0,0.0,0.0,0.0,0.0,0.0,0.0
3606,1,1,2,0,0,1,2,1-25,60.0,1.0,0.0,1684.0,2500.0,1.0,0.0,11800.0,1.0,1,3.0,0.0,0.0,0.0,0.0,0.0,0.0,0.0,0.0
3607,1,1,2,0,0,1,2,1-25,60.0,1.0,0.0,1684.0,2500.0,1.0,0.0,11800.0,1.0,1,3.0,0.0,0.0,0.0,0.0,0.0,0.0,0.0,0.0
3608,1,1,2,0,0,1,5,26-100,60.0,1.0,0.0,1684.0,250.0,1.0,0.0,200.0,1.0,1,3.0,0.0,0.0,0.0,0.0,0.0,0.0,0.0,0.0
3609,1,1,2,0,0,1,2,1-25,60.0,1.0,0.0,1684.0,2500.0,1.0,0.0,11800.0,1.0,1,3.0,0.0,0.0,0.0,0.0,0.0,0.0,0.0,0.0
3610,1,1,2,0,0,0,1,1-25,60.0,1.0,0.0,1684.0,100.0,1.0,0.0,23.6,1.0,1,3.0,0.0,0.0,0.0,0.0,0.0,0.0,0.0,0.0
3611,1,1,2,0,0,1,4,26-100,60.0,1.0,0.0,1684.0,10.0,1.0,0.0,20.0,1.0,1,3.0,0.0,0.0,0.0,0.0,0.0,0.0,0.0,0.0
3612,1,1,2,0,0,1,6,26-100,60.0,1.0,0.0,1684.0,150.0,1.0,0.0,100.0,1.0,1,3.0,0.0,0.0,0.0,0.0,0.0,0.0,0.0,0.0
3613,1,1,2,0,0,1,0,1-25,60.0,1.0,0.0,1684.0,101.0,1.0,0.0,1000.0,1.0,1,3.0,0.0,0.0,0.0,0.0,0.0,0.0,0.0,0.0
3614,1,1,2,0,0,1,2,26-100,100.0,1.0,0.0,1684.0,500.0,0.0,0.0,100.0,1.0,0,3.0,0.0,0.0,0.0,0.0,0.0,0.0,0.0,0.0
3615,1,1,2,0,0,1,3,26-100,100.0,1.0,0.0,1683.0,550.0,0.0,0.0,199.0,1.0,0,3.0,0.0,0.0,0.0,0.0,0.0,0.0,0.0,0.0
3616,1,1,2,0,0,1,103,26-100,60.0,1.0,0.0,1684.0,101.0,1.0,0.0,118.0,1.0,1,3.0,0.0,0.0,0.0,0.0,0.0,0.0,0.0,0.0
3617,1,1,2,0,0,1,2,26-100,100.0,1.0,0.0,1684.0,500.0,0.0,0.0,100.0,1.0,0,3.0,0.0,0.0,0.0,0.0,0.0,0.0,0.0,0.0
3618,1,1,2,0,0,0,1,26-100,100.0,1.0,0.0,1684.0,550.0,0.0,0.0,199.0,1.0,0,3.0,0.0,0.0,0.0,0.0,0.0,0.0,0.0,0.0
3619,1,1,2,0,0,1,4,26-100,60.0,1.0,0.0,1684.0,50.0,1.0,0.0,317.0,2.0,1,3.0,0.0,0.0,0.0,0.0,0.0,0.0,0.0,0.0
3620,1,1,2,0,0,1,2,26-100,100.0,1.0,0.0,1684.0,500.0,0.0,0.0,100.0,1.0,0,3.0,0.0,0.0,0.0,0.0,0.0,0.0,0.0,0.0
3621,1,1,2,0,0,1,0,1-25,100.0,1.0,0.0,1684.0,300.0,0.0,0.0,100.0,1.0,0,3.0,0.0,0.0,0.0,0.0,0.0,0.0,0.0,0.0
3622,1,1,2,0,0,1,100,101-500,60.0,1.0,0.0,1684.0,500000.0,1.0,1.0,20000.0,1.0,1,3.0,0.0,0.0,0.0,0.0,0.0,0.0,0.0,0.0
3624,1,1,2,0,0,1,6,26-100,60.0,1.0,0.0,1684.0,100.0,1.0,0.0,23600.0,1.0,1,3.0,0.0,0.0,0.0,0.0,0.0,0.0,0.0,0.0
3625,1,1,2,0,0,0,1,26-100,60.0,1.0,0.0,1684.0,1.0,1.0,0.0,885.0,1.0,1,3.0,0.0,0.0,0.0,0.0,0.0,0.0,0.0,0.0
3626,1,1,2,0,0,1,5,1-25,60.0,1.0,0.0,1683.0,302.0,1.0,0.0,12100.0,3.0,1,3.0,0.0,0.0,0.0,0.0,0.0,0.0,0.0,0.0
3628,1,1,2,0,0,1,3,26-100,60.0,1.0,0.0,1677.0,350.0,1.0,0.0,2951180.0,2.0,1,3.0,0.0,0.0,0.0,0.0,0.0,0.0,0.0,0.0
3629,1,1,2,0,0,1,2,1-25,60.0,1.0,0.0,1683.0,50.0,1.0,0.0,118.0,1.0,1,3.0,0.0,0.0,0.0,0.0,0.0,0.0,0.0,0.0
3631,1,1,2,0,0,1,5,26-100,60.0,1.0,0.0,1677.0,1002.0,1.0,0.0,2953559.0,5.0,1,3.0,0.0,0.0,0.0,0.0,0.0,0.0,0.0,0.0
3632,1,1,2,0,0,0,1,1-25,100.0,1.0,0.0,1683.0,550.0,0.0,0.0,199.0,1.0,0,3.0,0.0,0.0,0.0,0.0,0.0,0.0,0.0,0.0
3634,1,1,2,0,0,0,1,1-25,60.0,1.0,0.0,1683.0,200.0,1.0,0.0,218.0,2.0,1,3.0,0.0,0.0,0.0,0.0,0.0,0.0,0.0,0.0
3635,1,1,2,0,0,0,1,26-100,60.0,1.0,0.0,1683.0,100.0,1.0,0.0,11800.0,1.0,1,3.0,1.0,1.0,3.0,3.0,3.0,0.0,0.0,0.0
3636,1,1,2,0,0,0,1,26-100,60.0,1.0,0.0,1683.0,30.0,1.0,0.0,53.1,1.0,1,3.0,0.0,0.0,0.0,0.0,0.0,0.0,0.0,0.0
3637,1,1,2,0,0,0,1,1-25,60.0,1.0,0.0,1683.0,0.0,1.0,0.0,1.18,1.0,1,3.0,0.0,0.0,0.0,0.0,0.0,0.0,0.0,0.0
3638,1,1,2,0,0,0,1,26-100,60.0,1.0,0.0,1683.0,202.0,1.0,0.0,1280.0,2.0,1,3.0,0.0,0.0,0.0,0.0,0.0,0.0,0.0,0.0
3639,1,1,2,0,0,1,3,101-500,100.0,1.0,0.0,1683.0,550.0,0.0,0.0,199.0,1.0,0,3.0,0.0,0.0,0.0,0.0,0.0,0.0,0.0,0.0
3640,1,1,2,0,0,1,0,26-100,60.0,1.0,0.0,1683.0,50.0,1.0,0.0,100.0,1.0,1,3.0,0.0,0.0,0.0,0.0,0.0,0.0,0.0,0.0
3641,1,1,2,0,0,1,100,1-25,60.0,1.0,0.0,1683.0,500000.0,1.0,1.0,118.0,1.0,1,3.0,0.0,0.0,0.0,0.0,0.0,0.0,0.0,0.0
3642,1,1,2,0,0,1,1,101-500,60.0,1.0,0.0,1683.0,10.0,1.0,0.0,590.0,1.0,1,3.0,0.0,0.0,0.0,0.0,0.0,0.0,0.0,0.0
3643,1,1,2,0,0,1,2,26-100,60.0,1.0,0.0,1683.0,251.0,1.0,0.0,11800.0,1.0,1,3.0,0.0,0.0,0.0,0.0,0.0,0.0,0.0,0.0
3647,1,1,2,0,0,1,9,101-500,60.0,1.0,0.0,1677.0,302.0,1.0,0.0,2950000.0,1.0,1,3.0,0.0,0.0,0.0,0.0,0.0,0.0,0.0,0.0
3648,1,1,2,0,0,0,1,1-25,100.0,1.0,0.0,1683.0,650.0,0.0,0.0,299.0,2.0,0,3.0,0.0,1.0,0.0,0.0,0.0,0.0,0.0,0.0
3649,1,1,2,0,0,0,1,1-25,60.0,1.0,0.0,1683.0,102.0,1.0,0.0,1298.0,2.0,1,3.0,0.0,0.0,0.0,0.0,0.0,0.0,0.0,0.0
3650,1,1,2,0,0,1,100,1-25,100.0,1.0,0.0,1683.0,500000.0,0.0,1.0,100.0,1.0,0,3.0,0.0,0.0,0.0,0.0,0.0,0.0,0.0,0.0
3651,1,1,2,0,0,1,100,26-100,100.0,1.0,0.0,1683.0,500000.0,0.0,1.0,100.0,1.0,0,3.0,0.0,0.0,0.0,0.0,0.0,0.0,0.0,0.0
3652,1,1,2,0,0,1,100,101-500,100.0,1.0,0.0,1683.0,500200.0,0.0,1.0,200.0,2.0,0,3.0,0.0,0.0,0.0,0.0,0.0,0.0,0.0,0.0
3653,1,1,2,0,0,1,5,26-100,60.0,1.0,0.0,1683.0,550.0,1.0,0.0,118.0,1.0,1,3.0,0.0,0.0,0.0,0.0,0.0,0.0,0.0,0.0
3654,1,1,2,0,0,1,1,26-100,60.0,1.0,0.0,1683.0,300.0,1.0,0.0,248.0,3.0,1,3.0,0.0,0.0,0.0,0.0,0.0,0.0,0.0,0.0
3655,1,1,2,0,0,0,1,1-25,60.0,1.0,0.0,1683.0,301.0,1.0,0.0,1239.0,3.0,1,3.0,0.0,0.0,0.0,0.0,0.0,0.0,0.0,0.0
3656,1,1,2,0,0,0,1,101-500,60.0,1.0,0.0,1683.0,151.0,1.0,0.0,317.0,2.0,1,3.0,0.0,0.0,0.0,0.0,0.0,0.0,0.0,0.0
3658,1,1,2,0,0,1,100,101-500,100.0,1.0,0.0,1683.0,500000.0,0.0,1.0,100.0,1.0,0,3.0,0.0,0.0,0.0,0.0,0.0,0.0,0.0,0.0
3659,1,1,2,0,0,1,100,26-100,60.0,1.0,0.0,1680.0,500000.0,1.0,1.0,1354.0,2.0,1,3.0,0.0,0.0,0.0,0.0,0.0,0.0,0.0,0.0
3660,1,1,2,0,0,0,1,26-100,60.0,1.0,0.0,1680.0,51.0,1.0,0.0,118.0,1.0,1,3.0,0.0,0.0,0.0,0.0,0.0,0.0,0.0,0.0
3663,1,1,2,0,0,1,100,1-25,100.0,1.0,0.0,1680.0,500000.0,0.0,1.0,100.0,1.0,0,3.0,0.0,0.0,0.0,0.0,0.0,0.0,0.0,0.0
3664,1,1,2,0,0,0,1,26-100,60.0,1.0,0.0,1680.0,200.0,1.0,0.0,2950000.0,1.0,1,3.0,0.0,0.0,0.0,0.0,0.0,0.0,0.0,0.0
3665,1,1,2,0,0,0,1,26-100,60.0,1.0,0.0,1677.0,100.0,1.0,0.0,11800.0,1.0,1,3.0,0.0,0.0,0.0,0.0,0.0,0.0,0.0,0.0
3666,1,1,2,0,0,1,5,26-100,100.0,1.0,0.0,1680.0,200.0,0.0,0.0,100.0,1.0,0,3.0,0.0,0.0,0.0,0.0,0.0,0.0,0.0,0.0
3667,1,1,2,0,0,1,1,26-100,60.0,1.0,0.0,1680.0,1000.0,1.0,0.0,150.0,1.0,1,3.0,0.0,0.0,0.0,0.0,0.0,0.0,0.0,0.0
3668,1,1,2,0,0,1,3,1-25,60.0,1.0,0.0,1680.0,250.0,1.0,0.0,11800.0,1.0,1,3.0,0.0,0.0,0.0,0.0,0.0,0.0,0.0,0.0
3669,1,1,2,0,0,1,3,1-25,60.0,1.0,0.0,1680.0,100.0,1.0,0.0,177.0,1.0,1,3.0,0.0,0.0,0.0,0.0,0.0,0.0,0.0,0.0
3670,1,1,2,0,0,1,3,26-100,60.0,1.0,0.0,1680.0,100.0,1.0,0.0,150.0,1.0,1,3.0,0.0,0.0,0.0,0.0,0.0,0.0,0.0,0.0
3671,1,1,2,0,0,1,4,26-100,60.0,1.0,0.0,1680.0,100.0,1.0,0.0,177.0,1.0,1,3.0,0.0,0.0,0.0,0.0,0.0,0.0,0.0,0.0
3672,1,1,2,0,0,1,100,101-500,60.0,1.0,0.0,1680.0,500000.0,1.0,1.0,150.0,1.0,1,3.0,0.0,0.0,0.0,0.0,0.0,0.0,0.0,0.0
3673,1,1,2,0,0,1,100,26-100,60.0,1.0,0.0,1680.0,500000.0,1.0,1.0,150.0,1.0,1,3.0,0.0,0.0,0.0,0.0,0.0,0.0,0.0,0.0
3674,1,1,2,0,0,1,100,26-100,60.0,1.0,0.0,1680.0,500000.0,1.0,1.0,177.0,1.0,1,3.0,0.0,0.0,0.0,0.0,0.0,0.0,0.0,0.0
3675,1,1,2,0,0,1,100,1-25,60.0,1.0,0.0,1680.0,500000.0,1.0,1.0,177.0,1.0,1,3.0,0.0,0.0,0.0,0.0,0.0,0.0,0.0,0.0
3676,1,1,2,0,0,1,100,1-25,60.0,1.0,0.0,1680.0,500000.0,1.0,1.0,12.0,1.0,1,3.0,0.0,0.0,0.0,0.0,0.0,0.0,0.0,0.0
3677,1,1,2,0,0,0,1,1-25,60.0,1.0,0.0,1677.0,60.0,1.0,0.0,11.8,1.0,1,3.0,0.0,0.0,0.0,0.0,0.0,0.0,0.0,0.0
3678,1,1,2,0,0,1,40,26-100,60.0,1.0,0.0,1447.0,8.0,1.0,0.0,17718419.18,33.0,1,3.0,27.0,92.0,485.0,221.0,215.0,18.0,0.0,0.0
3681,1,1,2,0,0,1,3,1-25,100.0,1.0,0.0,1676.0,70000.0,0.0,0.0,4.0,1.0,0,3.0,0.0,0.0,0.0,0.0,0.0,0.0,0.0,0.0
3682,1,1,2,0,0,1,100,26-100,100.0,1.0,0.0,1676.0,500000.0,0.0,1.0,4.0,1.0,0,3.0,0.0,0.0,0.0,0.0,0.0,0.0,0.0,0.0
3683,1,1,2,0,0,1,100,1-25,60.0,1.0,0.0,1676.0,500000.0,1.0,1.0,700000.0,1.0,1,3.0,0.0,0.0,0.0,0.0,0.0,0.0,0.0,0.0
3684,1,1,2,0,0,1,3,1-25,60.0,1.0,0.0,1676.0,5000.0,1.0,0.0,826000.0,1.0,1,3.0,0.0,0.0,0.0,0.0,0.0,0.0,0.0,0.0
3685,1,1,2,0,0,1,100,26-100,60.0,1.0,0.0,1676.0,500000.0,1.0,1.0,1416.0,2.0,1,3.0,0.0,0.0,0.0,0.0,0.0,0.0,0.0,0.0
3688,1,1,2,0,0,1,100,26-100,60.0,1.0,0.0,1676.0,500000.0,1.0,1.0,118.0,1.0,1,3.0,0.0,0.0,0.0,0.0,0.0,0.0,0.0,0.0
3689,1,1,2,0,0,1,100,26-100,60.0,1.0,0.0,1676.0,500000.0,1.0,1.0,100.0,1.0,1,3.0,0.0,0.0,0.0,0.0,0.0,0.0,0.0,0.0
3690,1,1,2,0,0,1,1,26-100,60.0,1.0,0.0,1676.0,100.0,1.0,0.0,118.0,1.0,1,3.0,0.0,0.0,0.0,0.0,0.0,0.0,0.0,0.0
3691,1,1,2,0,0,1,100,26-100,100.0,1.0,0.0,1676.0,500000.0,0.0,1.0,1.0,1.0,0,3.0,0.0,0.0,0.0,0.0,0.0,0.0,0.0,0.0
3692,1,1,2,0,0,1,0,500-1000,60.0,1.0,0.0,1676.0,300.0,1.0,0.0,1770.0,1.0,1,3.0,0.0,0.0,0.0,0.0,0.0,0.0,0.0,0.0
3693,1,1,2,0,0,1,100,26-100,60.0,1.0,0.0,1676.0,500000.0,1.0,1.0,118.0,1.0,1,3.0,0.0,0.0,0.0,0.0,0.0,0.0,0.0,0.0
3694,1,1,2,0,0,0,1,101-500,60.0,1.0,0.0,1676.0,0.0,1.0,0.0,1.18,1.0,1,3.0,0.0,0.0,0.0,0.0,0.0,0.0,0.0,0.0
3695,1,1,2,0,0,1,100,26-100,60.0,1.0,0.0,1676.0,500000.0,1.0,1.0,118.0,1.0,1,3.0,0.0,0.0,0.0,0.0,0.0,0.0,0.0,0.0
3696,1,1,2,0,0,1,100,101-500,60.0,1.0,0.0,1676.0,500000.0,1.0,1.0,118.0,1.0,1,3.0,0.0,0.0,0.0,0.0,0.0,0.0,0.0,0.0
3698,1,1,2,0,0,1,100,1-25,60.0,1.0,0.0,1676.0,500000.0,1.0,1.0,100.0,1.0,1,3.0,0.0,0.0,0.0,0.0,0.0,0.0,0.0,0.0
3699,1,1,2,0,0,1,100,1-25,60.0,1.0,0.0,1676.0,500000.0,1.0,1.0,100.0,1.0,1,3.0,0.0,0.0,0.0,0.0,0.0,0.0,0.0,0.0
3700,1,1,2,0,0,1,100,1-25,60.0,1.0,0.0,1141.0,500000.0,1.0,1.0,100.0,1.0,1,3.0,0.0,0.0,0.0,0.0,0.0,0.0,0.0,0.0
3702,1,1,2,0,0,1,100,26-100,100.0,1.0,0.0,1141.0,500000.0,0.0,1.0,100.0,1.0,0,3.0,0.0,0.0,0.0,0.0,0.0,0.0,0.0,0.0
3705,1,1,2,0,0,1,100,1-25,100.0,1.0,0.0,1675.0,500000.0,0.0,1.0,100.0,1.0,0,3.0,0.0,0.0,0.0,0.0,0.0,0.0,0.0,0.0
3706,1,1,2,0,0,1,100,101-500,100.0,1.0,0.0,1675.0,500000.0,0.0,1.0,112.0,2.0,0,3.0,0.0,0.0,0.0,0.0,0.0,0.0,0.0,0.0
3707,1,1,2,0,0,1,100,1-25,100.0,1.0,0.0,1675.0,500000.0,0.0,1.0,100.0,1.0,0,3.0,0.0,0.0,0.0,0.0,0.0,0.0,0.0,0.0
3708,1,1,2,0,0,1,16,101-500,60.0,1.0,0.0,1654.0,1403.0,1.0,0.0,32639.16,12.0,1,3.0,0.0,0.0,0.0,0.0,0.0,0.0,0.0,0.0
3709,1,1,2,0,0,1,0,26-100,60.0,1.0,0.0,1675.0,0.0,1.0,0.0,100.0,1.0,1,3.0,0.0,0.0,0.0,0.0,0.0,0.0,0.0,0.0
3711,1,1,2,0,0,1,0,26-100,60.0,1.0,0.0,1675.0,0.0,1.0,0.0,118.0,1.0,1,3.0,0.0,0.0,0.0,0.0,0.0,0.0,0.0,0.0
3712,1,1,2,0,0,0,1,26-100,60.0,1.0,0.0,1675.0,250.0,1.0,0.0,2950177.0,2.0,1,3.0,0.0,0.0,0.0,0.0,0.0,0.0,0.0,0.0
3713,1,1,2,0,0,1,4,1-25,60.0,1.0,0.0,1675.0,110.0,1.0,0.0,591.18,2.0,1,3.0,0.0,0.0,0.0,0.0,0.0,0.0,0.0,0.0
3715,1,1,2,0,0,1,100,101-500,100.0,1.0,0.0,1675.0,500000.0,0.0,1.0,201.0,2.0,0,3.0,0.0,0.0,0.0,0.0,0.0,0.0,0.0,0.0
3717,1,1,2,0,0,1,7,1-25,100.0,1.0,0.0,1669.0,3646.0,0.0,0.0,998.0,7.0,0,3.0,0.0,0.0,0.0,0.0,0.0,0.0,0.0,0.0
3719,1,1,2,0,0,1,0,26-100,100.0,1.0,0.0,1675.0,0.0,0.0,0.0,1.0,1.0,0,3.0,0.0,0.0,0.0,0.0,0.0,0.0,0.0,0.0
3720,1,1,2,0,0,1,100,26-100,100.0,1.0,0.0,1675.0,500000.0,0.0,1.0,1.0,1.0,0,3.0,0.0,0.0,0.0,0.0,0.0,0.0,0.0,0.0
3721,1,1,2,0,0,1,1,26-100,100.0,1.0,0.0,1675.0,10.0,0.0,0.0,1.0,1.0,0,3.0,0.0,0.0,0.0,0.0,0.0,0.0,0.0,0.0
3723,1,1,2,0,0,1,4,1-25,60.0,1.0,0.0,1674.0,1.0,1.0,0.0,1084.0,2.0,1,3.0,0.0,0.0,0.0,0.0,0.0,0.0,0.0,0.0
3724,1,1,2,0,0,0,1,101-500,60.0,1.0,0.0,1654.0,198.0,0.0,0.0,2950000.0,1.0,1,3.0,1.0,4.0,16.0,9.0,9.0,0.0,0.0,0.0
3725,1,1,2,0,0,1,1,101-500,60.0,1.0,0.0,1674.0,0.0,0.0,0.0,100.0,1.0,1,3.0,0.0,0.0,0.0,0.0,0.0,0.0,0.0,0.0
3726,1,1,2,0,0,1,4,101-500,60.0,1.0,0.0,1674.0,100.0,1.0,0.0,500.0,1.0,1,3.0,0.0,0.0,0.0,0.0,0.0,0.0,0.0,0.0
3727,1,1,2,0,0,1,2,1-25,60.0,1.0,0.0,1674.0,750.0,0.0,0.0,50.0,1.0,1,3.0,0.0,0.0,0.0,0.0,0.0,0.0,0.0,0.0
3728,1,1,2,0,0,0,1,26-100,60.0,1.0,0.0,1674.0,200.0,0.0,0.0,2950000.0,1.0,1,3.0,0.0,0.0,0.0,0.0,0.0,0.0,0.0,0.0
3729,1,1,2,0,0,0,1,26-100,60.0,1.0,0.0,1674.0,5.0,1.0,0.0,0.0,1.0,1,3.0,0.0,0.0,0.0,0.0,0.0,0.0,0.0,0.0
3730,1,1,2,0,0,0,1,1-25,60.0,1.0,0.0,1674.0,5.0,1.0,0.0,0.0,1.0,1,3.0,0.0,0.0,0.0,0.0,0.0,0.0,0.0,0.0
3731,1,1,2,0,0,0,1,101-500,60.0,1.0,0.0,1674.0,0.0,0.0,0.0,200.18,2.0,1,3.0,0.0,0.0,0.0,0.0,0.0,0.0,0.0,0.0
3732,1,1,2,0,0,0,1,1-25,60.0,1.0,0.0,1674.0,1.0,0.0,0.0,1084.0,2.0,1,3.0,0.0,0.0,0.0,0.0,0.0,0.0,0.0,0.0
3733,1,1,2,0,0,1,2,1-25,100.0,1.0,0.0,1674.0,607.0,0.0,0.0,1500.0,2.0,0,3.0,0.0,0.0,0.0,0.0,0.0,0.0,0.0,0.0
3734,1,1,2,0,0,1,100,1-25,100.0,1.0,0.0,1674.0,500000.0,0.0,1.0,100.0,1.0,0,3.0,0.0,0.0,0.0,0.0,0.0,0.0,0.0,0.0
3735,1,1,2,0,0,0,1,26-100,60.0,1.0,0.0,1673.0,74.0,1.0,0.0,1.18,1.0,1,3.0,0.0,0.0,0.0,0.0,0.0,0.0,0.0,0.0
3737,1,1,2,0,0,1,1,26-100,60.0,1.0,0.0,1674.0,50.0,1.0,0.0,118.0,1.0,1,3.0,0.0,0.0,0.0,0.0,0.0,0.0,0.0,0.0
3738,1,1,2,0,0,1,3,26-100,60.0,1.0,0.0,1674.0,0.0,1.0,0.0,4720.0,1.0,1,3.0,0.0,0.0,0.0,0.0,0.0,0.0,0.0,0.0
3739,1,1,2,0,0,1,2,1-25,60.0,1.0,0.0,1674.0,200.0,1.0,0.0,5000.0,1.0,1,3.0,0.0,0.0,0.0,0.0,0.0,0.0,0.0,0.0
3740,1,1,2,0,0,0,1,1-25,60.0,1.0,0.0,1674.0,100.0,1.0,0.0,23.6,1.0,1,3.0,0.0,0.0,0.0,0.0,0.0,0.0,0.0,0.0
3742,1,1,2,0,0,0,1,1-25,60.0,1.0,0.0,1673.0,1610.0,1.0,0.0,1180.0,2.0,1,3.0,0.0,0.0,0.0,0.0,0.0,0.0,0.0,0.0
3743,1,1,2,0,0,0,1,1-25,60.0,1.0,0.0,1673.0,1005.0,1.0,0.0,2950.0,2.0,1,3.0,0.0,0.0,0.0,0.0,0.0,0.0,0.0,0.0
3745,1,1,2,0,0,0,1,1-25,60.0,1.0,0.0,1673.0,505.0,1.0,0.0,6490.0,2.0,1,3.0,0.0,0.0,0.0,0.0,0.0,0.0,0.0,0.0
3746,1,1,1,0,0,1,13,1-25,60.0,1.0,0.0,1673.0,27170.0,1.0,0.0,31871.8,5.0,1,3.0,0.0,0.0,0.0,0.0,0.0,0.0,0.0,0.0
3747,1,1,2,0,0,0,1,1-25,100.0,1.0,0.0,1673.0,1520.0,0.0,0.0,15000.0,2.0,0,3.0,0.0,0.0,0.0,0.0,0.0,0.0,0.0,0.0
3748,1,1,2,0,0,0,1,1-25,60.0,1.0,0.0,1673.0,100.0,1.0,0.0,23.6,1.0,1,3.0,0.0,0.0,0.0,0.0,0.0,0.0,0.0,0.0
3749,1,1,2,0,0,0,1,1-25,60.0,1.0,0.0,1673.0,5.0,1.0,0.0,0.0,1.0,1,3.0,0.0,0.0,0.0,0.0,0.0,0.0,0.0,0.0
3750,1,1,2,0,0,0,1,1-25,60.0,1.0,0.0,1673.0,100.0,1.0,0.0,23.6,1.0,1,3.0,0.0,0.0,0.0,0.0,0.0,0.0,0.0,0.0
3751,1,1,2,0,0,0,1,1-25,60.0,1.0,0.0,1673.0,5.0,1.0,0.0,0.0,1.0,1,3.0,0.0,0.0,0.0,0.0,0.0,0.0,0.0,0.0
3752,1,1,2,0,0,0,1,1-25,60.0,1.0,0.0,1673.0,5.0,1.0,0.0,0.0,1.0,1,3.0,0.0,0.0,0.0,0.0,0.0,0.0,0.0,0.0
3753,1,1,2,0,0,0,1,1-25,60.0,1.0,0.0,1673.0,100.0,1.0,0.0,23.6,1.0,1,3.0,0.0,0.0,0.0,0.0,0.0,0.0,0.0,0.0
3754,1,1,2,0,0,1,4,1-25,100.0,1.0,0.0,1673.0,266.0,0.0,0.0,199.0,2.0,0,3.0,0.0,0.0,0.0,0.0,0.0,0.0,0.0,0.0
3759,1,1,2,0,0,1,100,101-500,100.0,1.0,0.0,1673.0,500000.0,0.0,1.0,349.0,2.0,0,3.0,0.0,0.0,0.0,0.0,0.0,0.0,0.0,0.0
3760,1,1,2,0,0,0,1,1-25,60.0,1.0,0.0,1673.0,100.0,1.0,0.0,23.6,1.0,1,3.0,0.0,0.0,0.0,0.0,0.0,0.0,0.0,0.0
3761,1,1,2,0,0,1,100,26-100,60.0,1.0,0.0,1660.0,500070.0,1.0,1.0,27846.08,4.0,1,3.0,0.0,0.0,0.0,0.0,0.0,0.0,0.0,0.0
3763,1,1,2,0,0,1,22,26-100,60.0,1.0,0.0,1673.0,411.0,1.0,0.0,318.0,2.0,1,3.0,0.0,0.0,0.0,0.0,0.0,0.0,0.0,0.0
3765,1,1,2,0,0,0,1,26-100,60.0,1.0,0.0,1661.0,3.0,1.0,0.0,1379.0,2.0,1,3.0,0.0,0.0,0.0,0.0,0.0,0.0,0.0,0.0
3766,1,1,2,0,0,0,1,1-25,60.0,1.0,0.0,1673.0,505.0,1.0,0.0,500.0,2.0,1,3.0,0.0,0.0,0.0,0.0,0.0,0.0,0.0,0.0
3767,1,1,2,0,0,1,2,1-25,60.0,1.0,0.0,1673.0,2500.0,1.0,0.0,11800.0,1.0,1,3.0,0.0,0.0,0.0,0.0,0.0,0.0,0.0,0.0
3768,1,1,2,0,0,1,2,26-100,60.0,1.0,0.0,1673.0,100.0,1.0,0.0,100.0,1.0,1,3.0,0.0,0.0,0.0,0.0,0.0,0.0,0.0,0.0
3771,1,1,2,0,0,1,5,101-500,60.0,1.0,0.0,1673.0,2570.0,1.0,0.0,3380.0,4.0,1,3.0,0.0,0.0,0.0,0.0,0.0,0.0,0.0,0.0
3774,1,1,2,0,0,1,100,1-25,100.0,1.0,0.0,1673.0,500000.0,0.0,1.0,100.0,1.0,0,3.0,0.0,0.0,0.0,0.0,0.0,0.0,0.0,0.0
3775,1,1,2,0,0,0,1,101-500,100.0,1.0,0.0,1673.0,100.0,0.0,0.0,199.0,1.0,0,3.0,0.0,0.0,0.0,0.0,0.0,0.0,0.0,0.0
3777,1,1,2,0,0,1,6,1-25,100.0,1.0,0.0,1670.0,570.0,0.0,0.0,299.0,2.0,0,3.0,0.0,0.0,0.0,0.0,0.0,0.0,0.0,0.0
3779,1,1,2,0,0,1,9,101-500,60.0,1.0,0.0,1673.0,200.0,1.0,0.0,100.0,1.0,1,3.0,0.0,0.0,0.0,0.0,0.0,0.0,0.0,0.0
3783,1,1,2,0,0,1,10,26-100,60.0,1.0,0.0,1673.0,570.0,1.0,0.0,572.0,3.0,1,3.0,0.0,0.0,0.0,0.0,0.0,0.0,0.0,0.0
3787,1,1,2,0,0,1,1,26-100,100.0,1.0,0.0,1673.0,150.0,0.0,0.0,135.0,1.0,0,3.0,0.0,0.0,0.0,0.0,0.0,0.0,0.0,0.0
3793,1,1,2,0,0,0,1,1-25,100.0,1.0,0.0,1673.0,205.0,0.0,0.0,200.0,2.0,0,3.0,0.0,0.0,0.0,0.0,0.0,0.0,0.0,0.0
3794,1,1,2,0,0,1,3,1-25,100.0,1.0,0.0,1673.0,491.0,0.0,0.0,199.0,2.0,0,3.0,0.0,0.0,0.0,0.0,0.0,0.0,0.0,0.0
3795,1,1,2,0,0,1,2,1-25,60.0,1.0,0.0,1673.0,5.0,1.0,0.0,199.0,2.0,1,3.0,0.0,0.0,0.0,0.0,0.0,0.0,0.0,0.0
3797,1,1,2,0,0,1,2,26-100,60.0,1.0,0.0,1673.0,1070.0,1.0,0.0,118.0,1.0,1,3.0,0.0,0.0,0.0,0.0,0.0,0.0,0.0,0.0
3798,1,1,2,0,0,1,6,26-100,60.0,1.0,0.0,1673.0,1.0,1.0,0.0,300.0,1.0,1,3.0,0.0,0.0,0.0,0.0,0.0,0.0,0.0,0.0
3800,1,1,2,0,0,0,1,1-25,60.0,1.0,0.0,1673.0,0.0,0.0,0.0,0.0,1.0,1,3.0,0.0,0.0,0.0,0.0,0.0,0.0,0.0,0.0
3801,1,1,2,0,0,0,1,1-25,100.0,1.0,0.0,1673.0,0.0,0.0,0.0,0.0,1.0,0,3.0,0.0,0.0,0.0,0.0,0.0,0.0,0.0,0.0
3802,1,1,2,0,0,0,1,500-1000,60.0,1.0,0.0,1670.0,1.0,1.0,0.0,885.0,1.0,1,3.0,0.0,0.0,0.0,0.0,0.0,0.0,0.0,0.0
3803,1,1,2,0,0,1,100,1-25,100.0,1.0,0.0,1670.0,750.0,0.0,1.0,2600.0,3.0,0,3.0,0.0,0.0,0.0,0.0,0.0,0.0,0.0,0.0
3805,1,1,2,0,0,1,7,101-500,100.0,1.0,0.0,1669.0,500.0,0.0,0.0,2100.0,2.0,0,3.0,0.0,0.0,0.0,0.0,0.0,0.0,0.0,0.0
3806,1,1,2,0,0,1,12,500-1000,60.0,1.0,0.0,1670.0,754.0,1.0,0.0,2950885.0,2.0,1,3.0,0.0,0.0,0.0,0.0,0.0,0.0,0.0,0.0
3811,1,1,2,0,0,1,2,26-100,100.0,1.0,0.0,1670.0,600.0,0.0,0.0,2500.0,2.0,0,3.0,0.0,0.0,0.0,0.0,0.0,0.0,0.0,0.0
3812,1,1,2,0,0,1,8,1-25,100.0,1.0,0.0,1670.0,550.0,0.0,0.0,4700.0,9.0,0,3.0,0.0,0.0,0.0,0.0,0.0,0.0,0.0,0.0
3816,1,1,2,0,0,1,3,500-1000,60.0,1.0,0.0,1670.0,422.0,1.0,0.0,1135.0,2.0,1,3.0,0.0,0.0,0.0,0.0,0.0,0.0,0.0,0.0
3818,1,1,2,0,0,0,1,1-25,60.0,1.0,0.0,1670.0,0.0,1.0,0.0,1.18,1.0,1,3.0,0.0,0.0,0.0,0.0,0.0,0.0,0.0,0.0
3819,1,1,1,0,0,1,100,1-25,100.0,1.0,0.0,1670.0,500250.0,0.0,1.0,2300.0,5.0,0,3.0,0.0,0.0,0.0,0.0,0.0,0.0,0.0,0.0
3824,1,1,2,0,0,0,1,1-25,60.0,1.0,0.0,1670.0,200.0,1.0,0.0,33.6,2.0,1,3.0,0.0,0.0,0.0,0.0,0.0,0.0,0.0,0.0
3825,1,1,2,0,0,1,2,26-100,100.0,1.0,0.0,1669.0,9710.0,0.0,0.0,299.0,2.0,0,3.0,0.0,0.0,0.0,0.0,0.0,0.0,0.0,0.0
3827,1,1,2,0,0,1,7,1-25,100.0,1.0,0.0,1670.0,100.0,0.0,0.0,199.0,1.0,0,3.0,0.0,0.0,0.0,0.0,0.0,0.0,0.0,0.0
3828,1,1,2,0,0,0,1,26-100,60.0,1.0,0.0,1669.0,100.0,0.0,0.0,299.0,3.0,1,3.0,0.0,0.0,0.0,0.0,0.0,0.0,0.0,0.0
3829,1,1,2,0,0,1,6,1-25,100.0,1.0,0.0,1670.0,1820.0,0.0,0.0,610.0,4.0,0,3.0,0.0,0.0,0.0,0.0,0.0,0.0,0.0,0.0
3831,1,1,2,0,0,1,2,1-25,60.0,1.0,0.0,1670.0,2500.0,1.0,0.0,11800.0,1.0,1,3.0,0.0,0.0,0.0,0.0,0.0,0.0,0.0,0.0
3832,1,1,2,0,0,0,1,1-25,100.0,1.0,0.0,1669.0,5.0,0.0,0.0,0.0,1.0,0,3.0,0.0,0.0,0.0,0.0,0.0,0.0,0.0,0.0
3833,1,1,2,0,0,0,1,1-25,100.0,1.0,0.0,1669.0,20.0,0.0,0.0,0.0,1.0,0,3.0,0.0,0.0,0.0,0.0,0.0,0.0,0.0,0.0
3834,1,1,2,0,0,0,1,26-100,60.0,1.0,0.0,1669.0,0.0,0.0,0.0,0.0,1.0,1,3.0,0.0,0.0,0.0,0.0,0.0,0.0,0.0,0.0
3835,1,1,2,0,0,0,1,1-25,100.0,1.0,0.0,1669.0,5.0,0.0,0.0,0.0,1.0,0,3.0,0.0,0.0,0.0,0.0,0.0,0.0,0.0,0.0
3836,1,1,2,0,0,0,1,1-25,100.0,1.0,0.0,1669.0,55.0,0.0,0.0,50.0,2.0,0,3.0,0.0,0.0,0.0,0.0,0.0,0.0,0.0,0.0
3837,1,1,2,0,0,0,1,1-25,60.0,1.0,0.0,1669.0,0.0,1.0,0.0,1.18,1.0,1,3.0,0.0,0.0,0.0,0.0,0.0,0.0,0.0,0.0
3839,1,1,2,0,0,1,2,26-100,60.0,1.0,0.0,1669.0,750.0,1.0,0.0,2950452.3600000003,7.0,1,3.0,0.0,0.0,0.0,0.0,0.0,0.0,0.0,0.0
3840,1,1,2,0,0,1,0,101-500,60.0,1.0,0.0,1669.0,351.0,1.0,0.0,321.36,5.0,1,3.0,0.0,0.0,0.0,0.0,0.0,0.0,0.0,0.0
3841,1,1,2,0,0,0,1,1-25,60.0,1.0,0.0,1669.0,2.0,1.0,0.0,321.18,6.0,1,3.0,0.0,0.0,0.0,0.0,0.0,0.0,0.0,0.0
3842,1,1,2,0,0,1,2,500-1000,60.0,1.0,0.0,1669.0,1010.0,1.0,0.0,826.0,5.0,1,3.0,0.0,0.0,0.0,0.0,0.0,0.0,0.0,0.0
3844,1,1,2,0,0,0,1,101-500,60.0,1.0,0.0,1660.0,132.0,1.0,0.0,1038.1599999999999,7.0,1,3.0,0.0,0.0,0.0,0.0,0.0,0.0,0.0,0.0
3845,1,1,2,0,0,0,1,1-25,100.0,1.0,0.0,1669.0,20.0,0.0,0.0,0.0,1.0,0,3.0,0.0,0.0,0.0,0.0,0.0,0.0,0.0,0.0
3846,1,1,2,0,0,1,2,101-500,60.0,1.0,0.0,1668.0,394.0,1.0,0.0,2950499.8,9.0,1,3.0,0.0,0.0,0.0,0.0,0.0,0.0,0.0,0.0
3847,1,1,2,0,0,0,1,1-25,100.0,1.0,0.0,1669.0,48.0,0.0,0.0,20.0,3.0,0,3.0,0.0,0.0,0.0,0.0,0.0,0.0,0.0,0.0
3848,1,1,2,0,0,0,1,1-25,60.0,1.0,0.0,1669.0,455.0,1.0,0.0,438.36,6.0,1,3.0,0.0,0.0,0.0,0.0,0.0,0.0,0.0,0.0
3852,1,1,2,0,0,0,1,26-100,100.0,1.0,0.0,1668.0,100.0,0.0,0.0,199.0,1.0,0,3.0,0.0,0.0,0.0,0.0,0.0,0.0,0.0,0.0
3853,1,1,2,0,0,1,100,26-100,100.0,1.0,0.0,1668.0,5.0,0.0,0.0,2000.0,1.0,0,3.0,0.0,0.0,0.0,0.0,0.0,0.0,0.0,0.0
3854,1,1,2,0,0,1,100,26-100,60.0,1.0,0.0,1668.0,5.0,1.0,0.0,2000.0,1.0,1,3.0,0.0,0.0,0.0,0.0,0.0,0.0,0.0,0.0
3855,1,1,2,0,0,0,1,1-25,60.0,1.0,0.0,1668.0,50.0,1.0,0.0,118.0,1.0,1,3.0,0.0,0.0,0.0,0.0,0.0,0.0,0.0,0.0
3856,1,1,2,0,0,0,1,1-25,60.0,1.0,0.0,1668.0,0.0,1.0,0.0,1.18,1.0,1,3.0,0.0,0.0,0.0,0.0,0.0,0.0,0.0,0.0
3857,1,1,2,0,0,0,1,26-100,60.0,1.0,0.0,1668.0,80.0,1.0,0.0,171.1,2.0,1,3.0,0.0,0.0,0.0,0.0,0.0,0.0,0.0,0.0
3858,1,1,2,0,0,0,1,101-500,60.0,1.0,0.0,1668.0,1.0,1.0,0.0,938.1,2.0,1,3.0,0.0,0.0,0.0,0.0,0.0,0.0,0.0,0.0
3859,1,1,2,0,0,0,1,26-100,60.0,1.0,0.0,1668.0,502.0,1.0,0.0,885.0,1.0,1,3.0,0.0,0.0,0.0,0.0,0.0,0.0,0.0,0.0
3860,1,1,2,0,0,0,1,26-100,100.0,1.0,0.0,1668.0,100.0,0.0,0.0,199.0,1.0,0,3.0,0.0,0.0,0.0,0.0,0.0,0.0,0.0,0.0
3861,1,1,2,0,0,1,2,26-100,60.0,1.0,0.0,1668.0,547.0,1.0,0.0,654.0,5.0,1,3.0,1.0,1.0,5.0,4.0,4.0,0.0,0.0,0.0
3862,1,1,2,0,0,0,1,1-25,60.0,1.0,0.0,1668.0,2.0,1.0,0.0,1770.0,2.0,1,3.0,0.0,0.0,0.0,0.0,0.0,0.0,0.0,0.0
3863,1,1,2,0,0,0,1,1-25,100.0,1.0,0.0,1668.0,15.0,0.0,0.0,0.0,1.0,0,3.0,0.0,0.0,0.0,0.0,0.0,0.0,0.0,0.0
3864,1,1,2,0,0,1,3,26-100,100.0,1.0,0.0,1668.0,100.0,0.0,0.0,1000.0,1.0,0,3.0,0.0,0.0,0.0,0.0,0.0,0.0,0.0,0.0
3866,1,1,2,0,0,1,3,26-100,60.0,1.0,0.0,1668.0,100.0,1.0,0.0,1000.0,1.0,1,3.0,0.0,0.0,0.0,0.0,0.0,0.0,0.0,0.0
3867,1,1,2,0,0,1,3,26-100,60.0,1.0,0.0,1668.0,100.0,1.0,0.0,1000.0,1.0,1,3.0,0.0,0.0,0.0,0.0,0.0,0.0,0.0,0.0
3868,1,1,2,0,0,0,1,1-25,100.0,1.0,0.0,1668.0,15.0,0.0,0.0,0.0,1.0,0,3.0,0.0,0.0,0.0,0.0,0.0,0.0,0.0,0.0
3869,1,1,2,0,0,0,1,101-500,60.0,1.0,0.0,1668.0,51.0,1.0,0.0,1003.0,2.0,1,3.0,0.0,0.0,0.0,0.0,0.0,0.0,0.0,0.0
3870,1,1,2,0,0,0,1,101-500,60.0,1.0,0.0,1668.0,100.0,1.0,0.0,236.0,2.0,1,3.0,0.0,0.0,0.0,0.0,0.0,0.0,0.0,0.0
3871,1,1,2,0,0,0,1,500-1000,60.0,1.0,0.0,1668.0,300.0,1.0,0.0,3068.0,2.0,1,3.0,0.0,0.0,0.0,0.0,0.0,0.0,0.0,0.0
3872,1,1,2,0,0,0,1,101-500,60.0,1.0,0.0,1668.0,500.0,1.0,0.0,5900.0,2.0,1,3.0,0.0,0.0,0.0,0.0,0.0,0.0,0.0,0.0
3875,1,1,2,0,0,1,4,26-100,60.0,1.0,0.0,1668.0,1000.0,1.0,0.0,100.0,1.0,1,3.0,0.0,0.0,0.0,0.0,0.0,0.0,0.0,0.0
3876,1,1,2,0,0,1,4,26-100,100.0,1.0,0.0,1668.0,1000.0,0.0,0.0,100.0,1.0,0,3.0,0.0,0.0,0.0,0.0,0.0,0.0,0.0,0.0
3877,1,1,2,0,0,1,4,26-100,60.0,1.0,0.0,1668.0,1000.0,1.0,0.0,100.0,1.0,1,3.0,0.0,0.0,0.0,0.0,0.0,0.0,0.0,0.0
3878,1,1,2,0,0,0,1,26-100,60.0,1.0,0.0,1668.0,250.0,1.0,0.0,2950.0,1.0,1,3.0,0.0,0.0,0.0,0.0,0.0,0.0,0.0,0.0
3879,1,1,2,0,0,0,1,26-100,100.0,1.0,0.0,1668.0,200.0,0.0,0.0,199.0,1.0,0,3.0,0.0,0.0,0.0,0.0,0.0,0.0,0.0,0.0
3880,1,1,2,0,0,1,2,101-500,60.0,1.0,0.0,1668.0,281.0,1.0,0.0,3003.1,2.0,1,3.0,0.0,0.0,0.0,0.0,0.0,0.0,0.0,0.0
3882,1,1,2,0,0,1,3,500-1000,60.0,1.0,0.0,1668.0,251.0,1.0,0.0,2950118.0,2.0,1,3.0,0.0,0.0,0.0,0.0,0.0,0.0,0.0,0.0
3883,1,1,2,0,0,0,1,26-100,60.0,1.0,0.0,1668.0,60.0,1.0,0.0,11.8,1.0,1,3.0,0.0,0.0,0.0,0.0,0.0,0.0,0.0,0.0
3884,1,1,2,0,0,1,1,26-100,100.0,1.0,0.0,1668.0,100.0,0.0,0.0,100.0,1.0,0,3.0,0.0,0.0,0.0,0.0,0.0,0.0,0.0,0.0
3887,1,1,2,0,0,1,10,101-500,60.0,1.0,0.0,1668.0,101.0,1.0,0.0,100.0,1.0,1,3.0,0.0,0.0,0.0,0.0,0.0,0.0,0.0,0.0
3888,1,1,2,0,0,1,100,101-500,60.0,1.0,0.0,1668.0,500000.0,1.0,1.0,118.0,1.0,1,3.0,0.0,0.0,0.0,0.0,0.0,0.0,0.0,0.0
3890,1,1,2,0,0,0,1,26-100,100.0,1.0,0.0,1668.0,100.0,0.0,0.0,199.0,1.0,0,3.0,0.0,0.0,0.0,0.0,0.0,0.0,0.0,0.0
3891,1,1,2,0,0,1,1,26-100,100.0,1.0,0.0,1668.0,100.0,0.0,0.0,100.0,1.0,0,3.0,0.0,0.0,0.0,0.0,0.0,0.0,0.0,0.0
3892,1,1,2,0,0,1,10,26-100,100.0,1.0,0.0,1668.0,100.0,0.0,0.0,100.0,1.0,0,3.0,0.0,0.0,0.0,0.0,0.0,0.0,0.0,0.0
3894,1,1,2,0,0,0,1,1-25,60.0,1.0,0.0,1668.0,50.0,1.0,0.0,118.0,1.0,1,3.0,0.0,0.0,0.0,0.0,0.0,0.0,0.0,0.0
3895,1,1,2,0,0,1,5,26-100,60.0,1.0,0.0,1667.0,372.0,1.0,0.0,268.0,4.0,1,3.0,0.0,0.0,0.0,0.0,0.0,0.0,0.0,0.0
3897,1,1,2,0,0,0,1,26-100,100.0,1.0,0.0,1660.0,1080.0,0.0,0.0,1437.0,9.0,0,3.0,1.0,1.0,3.0,1.0,1.0,0.0,0.0,0.0
3898,1,1,1,0,0,1,6,26-100,60.0,1.0,0.0,1660.0,1400.0,1.0,0.0,2952099.7,12.0,1,3.0,0.0,0.0,0.0,0.0,0.0,0.0,0.0,0.0
3899,1,1,2,0,0,0,1,26-100,60.0,1.0,0.0,1667.0,250.0,1.0,0.0,2950.0,1.0,1,3.0,0.0,0.0,0.0,0.0,0.0,0.0,0.0,0.0
3900,1,1,2,0,0,1,3,101-500,60.0,1.0,0.0,1667.0,471.0,1.0,0.0,2950236.0,3.0,1,3.0,0.0,0.0,0.0,0.0,0.0,0.0,0.0,0.0
3901,1,1,2,0,0,0,1,26-100,100.0,1.0,0.0,1660.0,550.0,0.0,0.0,199.0,1.0,0,3.0,0.0,0.0,0.0,0.0,0.0,0.0,0.0,0.0
3902,1,1,2,0,0,1,17,26-100,100.0,1.0,0.0,1661.0,670.0,0.0,0.0,867.0,5.0,0,3.0,1.0,1.0,1.0,0.0,0.0,0.0,0.0,0.0
3905,1,1,2,0,0,0,1,26-100,60.0,1.0,0.0,1667.0,250.0,1.0,0.0,2950.0,1.0,1,3.0,0.0,0.0,0.0,0.0,0.0,0.0,0.0,0.0
3906,1,1,2,0,0,1,13,26-100,60.0,1.0,0.0,1660.0,0.0,1.0,0.0,2952425.86,22.0,1,3.0,0.0,0.0,0.0,0.0,0.0,0.0,0.0,0.0
3907,1,1,2,0,0,0,1,500-1000,60.0,1.0,0.0,1667.0,110.0,1.0,0.0,129.8,2.0,1,3.0,0.0,0.0,0.0,0.0,0.0,0.0,0.0,0.0
3910,1,1,2,0,0,0,1,101-500,60.0,1.0,0.0,1667.0,51.0,1.0,0.0,1003.0,2.0,1,3.0,0.0,0.0,0.0,0.0,0.0,0.0,0.0,0.0
3911,1,1,2,0,0,0,1,1-25,60.0,1.0,0.0,1667.0,62.0,1.0,0.0,1203.6,3.0,1,3.0,0.0,0.0,0.0,0.0,0.0,0.0,0.0,0.0
3912,1,1,2,0,0,0,1,1-25,60.0,1.0,0.0,1667.0,50.0,1.0,0.0,118.0,1.0,1,3.0,0.0,0.0,0.0,0.0,0.0,0.0,0.0,0.0
3913,1,1,2,0,0,1,100,26-100,60.0,1.0,0.0,1667.0,500000.0,1.0,1.0,1.0,1.0,1,3.0,0.0,0.0,0.0,0.0,0.0,0.0,0.0,0.0
3915,1,1,2,0,0,0,1,500-1000,60.0,1.0,0.0,1667.0,50.0,1.0,0.0,3068.0,2.0,1,3.0,0.0,0.0,0.0,0.0,0.0,0.0,0.0,0.0
3916,1,1,2,0,0,0,1,101-500,60.0,1.0,0.0,1667.0,50.0,1.0,0.0,2950118.0,2.0,1,3.0,0.0,0.0,0.0,0.0,0.0,0.0,0.0,0.0
3917,1,1,2,0,0,0,1,1-25,60.0,1.0,0.0,1667.0,114.0,1.0,0.0,247.8,3.0,1,3.0,0.0,0.0,0.0,0.0,0.0,0.0,0.0,0.0
3918,1,1,2,0,0,0,1,26-100,60.0,1.0,0.0,1667.0,50.0,1.0,0.0,118.0,1.0,1,3.0,0.0,0.0,0.0,0.0,0.0,0.0,0.0,0.0
3919,1,1,2,0,0,1,5,1-25,100.0,1.0,0.0,1667.0,2240.0,0.0,0.0,4249.0,3.0,0,3.0,0.0,0.0,0.0,0.0,0.0,0.0,0.0,0.0
3921,1,1,2,0,0,1,2,26-100,100.0,1.0,0.0,1667.0,5.0,0.0,0.0,304.0,3.0,0,3.0,0.0,0.0,0.0,0.0,0.0,0.0,0.0,0.0
3923,1,1,2,0,0,0,1,26-100,100.0,1.0,0.0,1667.0,650.0,0.0,0.0,199.0,1.0,0,3.0,0.0,0.0,0.0,0.0,0.0,0.0,0.0,0.0
3924,1,1,2,0,0,0,1,26-100,60.0,1.0,0.0,1667.0,110.0,1.0,0.0,129.8,2.0,1,3.0,0.0,0.0,0.0,0.0,0.0,0.0,0.0,0.0
3925,1,1,1,0,0,1,8,26-100,60.0,1.0,0.0,1660.0,2171.0,1.0,0.0,5905265.0,23.0,1,3.0,0.0,0.0,0.0,0.0,0.0,0.0,0.0,0.0
3927,1,1,2,0,0,1,0,26-100,100.0,1.0,0.0,1667.0,100.0,0.0,0.0,290.0,2.0,0,3.0,0.0,0.0,0.0,0.0,0.0,0.0,0.0,0.0
3928,1,1,2,0,0,1,0,101-500,60.0,1.0,0.0,1667.0,370.0,1.0,0.0,2953450.0,3.0,1,3.0,0.0,0.0,0.0,0.0,0.0,0.0,0.0,0.0
3929,1,1,2,0,0,0,1,1-25,100.0,1.0,0.0,1667.0,5.0,0.0,0.0,0.0,1.0,0,3.0,0.0,0.0,0.0,0.0,0.0,0.0,0.0,0.0
3930,1,1,2,0,0,0,1,1-25,100.0,1.0,0.0,1667.0,5.0,0.0,0.0,0.0,1.0,0,3.0,0.0,0.0,0.0,0.0,0.0,0.0,0.0,0.0
3931,1,1,2,0,0,0,1,1-25,60.0,1.0,0.0,1667.0,5.0,1.0,0.0,0.0,1.0,1,3.0,0.0,0.0,0.0,0.0,0.0,0.0,0.0,0.0
3932,1,1,2,0,0,0,1,26-100,60.0,1.0,0.0,1667.0,5.0,1.0,0.0,0.0,1.0,1,3.0,0.0,0.0,0.0,0.0,0.0,0.0,0.0,0.0
3933,1,1,2,0,0,1,0,26-100,60.0,1.0,0.0,1667.0,55.0,1.0,0.0,708.0,2.0,1,3.0,0.0,0.0,0.0,0.0,0.0,0.0,0.0,0.0
3935,1,1,2,0,0,0,1,26-100,60.0,1.0,0.0,1663.0,50.0,1.0,0.0,118.0,1.0,1,3.0,0.0,0.0,0.0,0.0,0.0,0.0,0.0,0.0
3936,1,1,2,0,0,1,4,1-25,60.0,1.0,0.0,1663.0,76.0,1.0,0.0,896.8,3.0,1,3.0,0.0,0.0,0.0,0.0,0.0,0.0,0.0,0.0
3937,1,1,2,0,0,1,2,26-100,100.0,1.0,0.0,1663.0,500.0,0.0,0.0,6300.0,2.0,0,3.0,0.0,0.0,0.0,0.0,0.0,0.0,0.0,0.0
3940,1,1,2,0,0,1,3,26-100,100.0,1.0,0.0,1663.0,50.0,0.0,0.0,6050.0,2.0,0,3.0,0.0,0.0,0.0,0.0,0.0,0.0,0.0,0.0
3941,1,1,2,0,0,1,1,500-1000,60.0,1.0,0.0,1663.0,170.0,1.0,0.0,15000.0,1.0,1,3.0,0.0,0.0,0.0,0.0,0.0,0.0,0.0,0.0
3944,1,1,2,0,0,1,4,26-100,60.0,1.0,0.0,1663.0,51.0,1.0,0.0,118.0,1.0,1,3.0,0.0,0.0,0.0,0.0,0.0,0.0,0.0,0.0
3945,1,1,2,0,0,1,1,101-500,60.0,1.0,0.0,1663.0,50.0,1.0,0.0,5029.0,2.0,1,3.0,0.0,0.0,0.0,0.0,0.0,0.0,0.0,0.0
3946,1,1,2,0,0,0,1,26-100,60.0,1.0,0.0,1661.0,50.0,1.0,0.0,236.0,2.0,1,3.0,0.0,0.0,0.0,0.0,0.0,0.0,0.0,0.0
3947,1,1,2,0,0,0,1,26-100,60.0,1.0,0.0,1663.0,80.0,1.0,0.0,3216.0,4.0,1,3.0,0.0,0.0,0.0,0.0,0.0,0.0,0.0,0.0
3948,1,1,1,0,0,0,1,26-100,60.0,1.0,0.0,1661.0,378.0,1.0,0.0,2953829.54,16.0,1,3.0,0.0,0.0,0.0,0.0,0.0,0.0,0.0,0.0
3950,1,1,2,0,0,1,100,26-100,100.0,1.0,0.0,1660.0,500300.0,0.0,1.0,4950.0,4.0,0,3.0,0.0,0.0,0.0,0.0,0.0,0.0,0.0,0.0
3952,1,1,2,0,0,0,1,1-25,60.0,1.0,0.0,1663.0,100.0,1.0,0.0,23.6,1.0,1,3.0,0.0,0.0,0.0,0.0,0.0,0.0,0.0,0.0
3953,1,1,2,0,0,0,1,1-25,60.0,1.0,0.0,1663.0,50.0,1.0,0.0,2950708.0,3.0,1,3.0,0.0,0.0,0.0,0.0,0.0,0.0,0.0,0.0
3954,1,1,2,0,0,0,1,1-25,60.0,1.0,0.0,1663.0,100.0,1.0,0.0,23.6,1.0,1,3.0,0.0,0.0,0.0,0.0,0.0,0.0,0.0,0.0
3955,1,1,2,0,0,0,1,1-25,60.0,1.0,0.0,1663.0,100.0,1.0,0.0,23.6,1.0,1,3.0,0.0,0.0,0.0,0.0,0.0,0.0,0.0,0.0
3956,1,1,2,0,0,0,1,1-25,60.0,1.0,0.0,1663.0,100.0,1.0,0.0,23.6,1.0,1,3.0,0.0,0.0,0.0,0.0,0.0,0.0,0.0,0.0
3957,1,1,2,0,0,1,2,1-25,100.0,1.0,0.0,1663.0,1100.0,0.0,0.0,1000.0,7.0,0,3.0,0.0,0.0,0.0,0.0,0.0,0.0,0.0,0.0
3958,1,1,2,0,0,0,1,1-25,60.0,1.0,0.0,1663.0,300.0,1.0,0.0,35.400000000000006,2.0,1,3.0,0.0,0.0,0.0,0.0,0.0,0.0,0.0,0.0
3959,1,1,2,0,0,0,1,1-25,60.0,1.0,0.0,1663.0,100.0,1.0,0.0,23.6,1.0,1,3.0,0.0,0.0,0.0,0.0,0.0,0.0,0.0,0.0
3960,1,1,2,0,0,1,5,26-100,60.0,1.0,0.0,1579.0,453.0,1.0,0.0,3050.0,2.0,1,3.0,1.0,2.0,196.0,0.0,0.0,0.0,0.0,0.0
3961,1,1,2,0,0,1,4,26-100,100.0,1.0,0.0,1586.0,1200.0,0.0,0.0,199.0,1.0,0,3.0,1.0,1.0,49.0,0.0,0.0,0.0,0.0,0.0
3964,1,1,2,0,0,1,3,26-100,100.0,1.0,0.0,1548.0,1200.0,0.0,0.0,1398.0,3.0,0,3.0,0.0,0.0,3.0,0.0,0.0,0.0,0.0,0.0
3966,1,1,2,0,0,1,3,26-100,60.0,1.0,0.0,1638.0,1650.0,1.0,0.0,24600.0,3.0,1,3.0,1.0,1.0,51.0,0.0,0.0,0.0,0.0,0.0
3968,1,1,2,0,0,0,1,26-100,100.0,1.0,0.0,1662.0,280.0,0.0,0.0,199.0,1.0,0,3.0,0.0,0.0,0.0,0.0,0.0,0.0,0.0,0.0
3970,1,1,2,0,0,0,1,26-100,60.0,1.0,0.0,1662.0,149.0,1.0,0.0,1.18,1.0,1,3.0,1.0,1.0,1.0,1.0,0.0,1.0,0.0,0.0
3971,1,1,2,0,0,1,100,26-100,100.0,1.0,0.0,1662.0,500000.0,0.0,1.0,200.0,2.0,0,3.0,0.0,0.0,0.0,0.0,0.0,0.0,0.0,0.0
3972,1,1,2,0,0,0,1,1-25,100.0,1.0,0.0,1662.0,105.0,0.0,0.0,100.0,2.0,0,3.0,0.0,0.0,0.0,0.0,0.0,0.0,0.0,0.0
3973,1,1,2,0,0,1,2,26-100,100.0,1.0,0.0,1662.0,200.0,0.0,0.0,200.0,2.0,0,3.0,0.0,0.0,0.0,0.0,0.0,0.0,0.0,0.0
3974,1,1,2,0,0,1,2,26-100,60.0,1.0,0.0,1662.0,300.0,1.0,0.0,236.0,2.0,1,3.0,0.0,0.0,0.0,0.0,0.0,0.0,0.0,0.0
3975,1,1,2,0,0,0,1,26-100,60.0,1.0,0.0,1662.0,250.0,1.0,0.0,236.0,2.0,1,3.0,0.0,0.0,0.0,0.0,0.0,0.0,0.0,0.0
3976,1,1,2,0,0,0,1,101-500,60.0,1.0,0.0,1662.0,5172.0,1.0,0.0,607.9,8.0,1,3.0,0.0,0.0,0.0,0.0,0.0,0.0,0.0,0.0
3977,1,1,2,0,0,1,5,26-100,100.0,1.0,0.0,1660.0,1470.0,0.0,0.0,420.0,4.0,0,3.0,0.0,0.0,0.0,0.0,0.0,0.0,0.0,0.0
3978,1,1,2,0,0,1,4,26-100,60.0,1.0,0.0,1661.0,300.0,1.0,0.0,887.8,9.0,1,3.0,0.0,0.0,0.0,0.0,0.0,0.0,0.0,0.0
3980,1,1,2,0,0,1,100,26-100,100.0,1.0,0.0,1661.0,500300.0,0.0,1.0,500.0,4.0,0,3.0,0.0,0.0,0.0,0.0,0.0,0.0,0.0,0.0
3981,1,1,2,0,0,1,12,26-100,100.0,1.0,0.0,1661.0,2150.0,0.0,0.0,300.0,3.0,0,3.0,0.0,0.0,0.0,0.0,0.0,0.0,0.0,0.0
3982,0,1,2,0,0,1,103,101-500,60.0,1.0,0.0,1661.0,101.0,1.0,0.0,59.0,1.0,1,3.0,0.0,0.0,0.0,0.0,0.0,0.0,0.0,0.0
3985,1,1,2,0,0,0,1,1-25,60.0,1.0,0.0,1661.0,141.0,1.0,0.0,210.04,6.0,1,3.0,0.0,0.0,0.0,0.0,0.0,0.0,0.0,0.0
3986,1,1,2,0,0,0,1,500-1000,60.0,1.0,0.0,1661.0,0.0,0.0,0.0,0.0,1.0,1,3.0,0.0,0.0,0.0,0.0,0.0,0.0,0.0,0.0
3987,1,1,2,0,0,0,1,1-25,100.0,1.0,0.0,1661.0,305.0,0.0,0.0,300.0,4.0,0,3.0,0.0,0.0,0.0,0.0,0.0,0.0,0.0,0.0
3988,1,1,2,0,0,0,1,1-25,60.0,1.0,0.0,1660.0,825.0,1.0,0.0,1318.0,4.0,1,3.0,0.0,0.0,0.0,0.0,0.0,0.0,0.0,0.0
3989,1,1,2,0,0,0,1,101-500,60.0,1.0,0.0,1660.0,350.0,1.0,0.0,2950118.0,2.0,1,3.0,0.0,0.0,0.0,0.0,0.0,0.0,0.0,0.0
3991,1,1,2,0,0,1,3,26-100,60.0,1.0,0.0,1660.0,450.0,1.0,0.0,7810.0,7.0,1,3.0,0.0,0.0,0.0,0.0,0.0,0.0,0.0,0.0
3992,1,1,2,0,0,1,120,500-1000,60.0,1.0,0.0,1660.0,210.0,1.0,0.0,17700.0,1.0,1,3.0,0.0,0.0,0.0,0.0,0.0,0.0,0.0,0.0
3993,1,1,2,0,0,1,2,1-25,60.0,1.0,0.0,1660.0,0.0,1.0,0.0,5000.0,1.0,1,3.0,0.0,0.0,0.0,0.0,0.0,0.0,0.0,0.0
3995,1,1,2,0,0,1,2,101-500,60.0,1.0,0.0,1654.0,500.0,1.0,0.0,19750.0,3.0,1,3.0,0.0,0.0,0.0,0.0,0.0,0.0,0.0,0.0
3997,1,1,2,0,0,0,1,26-100,60.0,1.0,0.0,1660.0,300.0,1.0,0.0,6018.0,3.0,1,3.0,0.0,0.0,0.0,0.0,0.0,0.0,0.0,0.0
4000,1,1,2,0,0,0,1,1-25,60.0,1.0,0.0,1660.0,400.0,1.0,0.0,6254.0,5.0,1,3.0,0.0,0.0,0.0,0.0,0.0,0.0,0.0,0.0
4002,1,1,2,0,0,0,1,500-1000,60.0,1.0,0.0,1660.0,950.0,1.0,0.0,11800354.0,7.0,1,3.0,0.0,0.0,0.0,0.0,0.0,0.0,0.0,0.0
4003,1,1,2,0,0,0,1,500-1000,60.0,1.0,0.0,1660.0,100.0,1.0,0.0,236.0,2.0,1,3.0,0.0,0.0,0.0,0.0,0.0,0.0,0.0,0.0
4005,1,1,2,0,0,0,1,1-25,60.0,1.0,0.0,1660.0,350.0,1.0,0.0,12036.0,3.0,1,3.0,0.0,0.0,0.0,0.0,0.0,0.0,0.0,0.0
4006,1,1,2,0,0,1,100,101-500,100.0,1.0,0.0,1660.0,500000.0,0.0,1.0,1600.0,3.0,0,3.0,0.0,0.0,0.0,0.0,0.0,0.0,0.0,0.0
4007,1,1,2,0,0,1,2,101-500,100.0,1.0,0.0,1660.0,850.0,0.0,0.0,650.0,3.0,0,3.0,0.0,0.0,0.0,0.0,0.0,0.0,0.0,0.0
4009,1,1,2,0,0,1,0,1-25,60.0,1.0,0.0,1660.0,0.0,1.0,0.0,15.16,4.0,1,3.0,0.0,0.0,0.0,0.0,0.0,0.0,0.0,0.0
4010,1,1,2,0,0,0,1,1-25,60.0,1.0,0.0,1660.0,50.0,1.0,0.0,118.0,1.0,1,3.0,0.0,0.0,0.0,0.0,0.0,0.0,0.0,0.0
4011,1,1,2,0,0,0,1,101-500,60.0,1.0,0.0,1660.0,50.0,1.0,0.0,118.0,1.0,1,3.0,0.0,0.0,0.0,0.0,0.0,0.0,0.0,0.0
4013,1,1,2,0,0,1,10,26-100,100.0,1.0,0.0,1659.0,1000.0,0.0,0.0,100.0,1.0,0,3.0,0.0,0.0,0.0,0.0,0.0,0.0,0.0,0.0
4014,1,1,2,0,0,1,10,26-100,60.0,1.0,0.0,1659.0,1000.0,1.0,0.0,100.0,1.0,1,3.0,0.0,0.0,0.0,0.0,0.0,0.0,0.0,0.0
4015,1,1,2,0,0,1,10,1-25,60.0,1.0,0.0,1659.0,50.0,1.0,0.0,1690.2,6.0,1,3.0,0.0,0.0,0.0,0.0,0.0,0.0,0.0,0.0
4016,1,1,2,0,0,1,100,101-500,60.0,1.0,0.0,1659.0,500000.0,1.0,1.0,1180.0,1.0,1,3.0,0.0,0.0,0.0,0.0,0.0,0.0,0.0,0.0
4017,1,1,2,0,0,0,1,26-100,100.0,1.0,0.0,1659.0,270.0,0.0,0.0,499.0,3.0,0,3.0,0.0,0.0,0.0,0.0,0.0,0.0,0.0,0.0
4018,1,1,2,0,0,1,100,101-500,60.0,1.0,0.0,1548.0,500000.0,1.0,1.0,1332.6,6.0,1,3.0,1.0,1.0,2.0,0.0,0.0,0.0,0.0,0.0
4020,1,1,2,0,0,1,2,500-1000,60.0,1.0,0.0,1659.0,458.0,1.0,0.0,6508.099999999999,9.0,1,3.0,0.0,0.0,0.0,0.0,0.0,0.0,0.0,0.0
4021,1,1,2,0,0,1,100,26-100,60.0,1.0,0.0,1659.0,500000.0,1.0,1.0,1180.0,1.0,1,3.0,0.0,0.0,0.0,0.0,0.0,0.0,0.0,0.0
4022,1,1,2,0,0,1,2,26-100,60.0,1.0,0.0,1659.0,6600.0,1.0,0.0,5546.0,14.0,1,3.0,0.0,0.0,0.0,0.0,0.0,0.0,0.0,0.0
4023,1,1,2,0,0,1,2,101-500,60.0,1.0,0.0,1659.0,555.0,1.0,0.0,1180.0,7.0,1,3.0,0.0,0.0,0.0,0.0,0.0,0.0,0.0,0.0
4024,1,1,2,0,0,0,1,26-100,60.0,1.0,0.0,1557.0,53.0,1.0,0.0,1889.0,4.0,1,3.0,0.0,0.0,0.0,0.0,0.0,0.0,0.0,0.0
4026,1,1,2,0,0,1,2,26-100,100.0,1.0,0.0,1659.0,80.0,0.0,0.0,110.0,1.0,0,3.0,0.0,0.0,0.0,0.0,0.0,0.0,0.0,0.0
4028,1,1,2,0,0,1,10,26-100,60.0,1.0,0.0,1659.0,1000.0,1.0,0.0,1180.0,1.0,1,3.0,0.0,0.0,0.0,0.0,0.0,0.0,0.0,0.0
4029,1,1,2,0,0,1,0,26-100,60.0,1.0,0.0,1659.0,1200.0,1.0,0.0,1420.1,5.0,1,3.0,0.0,0.0,0.0,0.0,0.0,0.0,0.0,0.0
4030,1,1,2,0,0,1,100,26-100,60.0,1.0,0.0,1659.0,500000.0,1.0,1.0,1180.0,1.0,1,3.0,0.0,0.0,0.0,0.0,0.0,0.0,0.0,0.0
4031,1,1,2,0,0,1,10,26-100,60.0,1.0,0.0,1659.0,1000.0,1.0,0.0,1180.0,1.0,1,3.0,0.0,0.0,0.0,0.0,0.0,0.0,0.0,0.0
4032,1,1,2,0,0,0,1,26-100,60.0,1.0,0.0,1659.0,100.0,1.0,0.0,11800.0,1.0,1,3.0,0.0,0.0,0.0,0.0,0.0,0.0,0.0,0.0
4033,1,1,2,0,0,1,100,101-500,60.0,1.0,0.0,1659.0,500000.0,1.0,1.0,1180.0,1.0,1,3.0,0.0,0.0,0.0,0.0,0.0,0.0,0.0,0.0
4034,1,1,2,0,0,1,10,26-100,60.0,1.0,0.0,1659.0,1000.0,1.0,0.0,1180.0,1.0,1,3.0,0.0,0.0,0.0,0.0,0.0,0.0,0.0,0.0
4035,1,1,2,0,0,1,100,101-500,60.0,1.0,0.0,1659.0,500000.0,1.0,1.0,1180.0,1.0,1,3.0,0.0,0.0,0.0,0.0,0.0,0.0,0.0,0.0
4036,1,1,2,0,0,1,10,101-500,60.0,1.0,0.0,1659.0,1000.0,1.0,0.0,1180.0,1.0,1,3.0,0.0,0.0,0.0,0.0,0.0,0.0,0.0,0.0
4037,1,1,1,0,0,1,0,1-25,60.0,1.0,0.0,1659.0,850.0,1.0,0.0,752.1,5.0,1,3.0,0.0,0.0,0.0,0.0,0.0,0.0,0.0,0.0
4038,1,1,2,0,0,1,2,26-100,60.0,1.0,0.0,1659.0,3360.0,1.0,0.0,3799.6,17.0,1,3.0,0.0,0.0,0.0,0.0,0.0,0.0,0.0,0.0
4039,1,1,2,0,0,1,3,500-1000,60.0,1.0,0.0,1659.0,221.0,1.0,0.0,2952714.0,6.0,1,3.0,0.0,0.0,0.0,0.0,0.0,0.0,0.0,0.0
4040,1,1,2,0,0,1,2,26-100,60.0,1.0,0.0,1659.0,1105.0,1.0,0.0,165.2,3.0,1,3.0,0.0,0.0,0.0,0.0,0.0,0.0,0.0,0.0
4042,1,1,2,0,0,1,100,26-100,60.0,1.0,0.0,1659.0,500000.0,1.0,1.0,1180.0,1.0,1,3.0,0.0,0.0,0.0,0.0,0.0,0.0,0.0,0.0
4043,1,1,2,0,0,0,1,26-100,100.0,1.0,0.0,1659.0,100.0,0.0,0.0,829.0,6.0,0,3.0,0.0,0.0,0.0,0.0,0.0,0.0,0.0,0.0
4044,1,1,2,0,0,1,10,26-100,60.0,1.0,0.0,1659.0,1000.0,1.0,0.0,1180.0,1.0,1,3.0,0.0,0.0,0.0,0.0,0.0,0.0,0.0,0.0
4045,1,1,2,0,0,1,10,26-100,60.0,1.0,0.0,1659.0,1000.0,1.0,0.0,1180.0,1.0,1,3.0,0.0,0.0,0.0,0.0,0.0,0.0,0.0,0.0
4046,1,1,2,0,0,1,100,101-500,60.0,1.0,0.0,1659.0,500000.0,1.0,1.0,1180.0,1.0,1,3.0,0.0,0.0,0.0,0.0,0.0,0.0,0.0,0.0
4047,1,1,2,0,0,1,10,101-500,60.0,1.0,0.0,1659.0,1000.0,1.0,0.0,1180.0,1.0,1,3.0,0.0,0.0,0.0,0.0,0.0,0.0,0.0,0.0
4048,1,1,2,0,0,0,1,1-25,60.0,1.0,0.0,1659.0,405.0,1.0,0.0,590.0,4.0,1,3.0,0.0,0.0,0.0,0.0,0.0,0.0,0.0,0.0
4049,1,1,2,0,0,1,1,26-100,100.0,1.0,0.0,1659.0,0.0,0.0,0.0,140.0,1.0,0,3.0,0.0,0.0,0.0,0.0,0.0,0.0,0.0,0.0
4050,1,1,2,0,0,0,1,1-25,100.0,1.0,0.0,1659.0,5.0,0.0,0.0,199.0,2.0,0,3.0,0.0,0.0,0.0,0.0,0.0,0.0,0.0,0.0
4051,1,1,2,0,0,0,1,1-25,60.0,1.0,0.0,1659.0,55.0,1.0,0.0,236.0,3.0,1,3.0,0.0,0.0,0.0,0.0,0.0,0.0,0.0,0.0
4052,1,1,2,0,0,0,1,1-25,100.0,1.0,0.0,1659.0,815.0,0.0,0.0,799.0,6.0,0,3.0,0.0,0.0,0.0,0.0,0.0,0.0,0.0,0.0
4053,1,1,2,0,0,0,1,1-25,100.0,1.0,0.0,1659.0,5.0,0.0,0.0,0.0,1.0,0,3.0,0.0,0.0,0.0,0.0,0.0,0.0,0.0,0.0
4054,1,1,2,0,0,1,5,1-25,100.0,1.0,0.0,1656.0,605.0,0.0,0.0,499.0,4.0,0,3.0,1.0,0.0,0.0,0.0,0.0,0.0,0.0,0.0
4058,1,1,1,0,0,1,2,101-500,100.0,1.0,0.0,1656.0,3643.0,0.0,0.0,2382.0,8.0,0,3.0,0.0,0.0,0.0,0.0,0.0,0.0,0.0,0.0
4059,1,1,1,0,0,1,6,500-1000,60.0,1.0,0.0,1656.0,2501.0,1.0,0.0,2438.0,9.0,1,3.0,0.0,0.0,0.0,0.0,0.0,0.0,0.0,0.0
4062,1,1,2,0,0,1,0,500-1000,60.0,1.0,0.0,1656.0,400.0,1.0,0.0,1298.0,2.0,1,3.0,0.0,0.0,0.0,0.0,0.0,0.0,0.0,0.0
4063,1,1,2,0,0,1,6,101-500,60.0,1.0,0.0,1656.0,4700.0,1.0,0.0,4184.0,10.0,1,3.0,0.0,0.0,0.0,0.0,0.0,0.0,0.0,0.0
4064,1,1,2,0,0,0,1,26-100,60.0,1.0,0.0,1656.0,2.0,1.0,0.0,1000.0,1.0,1,3.0,0.0,0.0,0.0,0.0,0.0,0.0,0.0,0.0
4065,1,1,2,0,0,0,1,26-100,60.0,1.0,0.0,1656.0,99.0,1.0,0.0,118.0,1.0,1,3.0,1.0,1.0,1.0,1.0,1.0,0.0,0.0,0.0
4066,1,1,2,0,0,0,1,101-500,100.0,1.0,0.0,1656.0,770.0,0.0,0.0,219.0,2.0,0,3.0,0.0,0.0,0.0,0.0,0.0,0.0,0.0,0.0
4067,1,1,2,0,0,0,1,500-1000,60.0,1.0,0.0,1656.0,4255.0,1.0,0.0,8968.0,7.0,1,3.0,1.0,1.0,1.0,1.0,1.0,0.0,0.0,0.0
4071,1,1,2,0,0,1,4,26-100,60.0,1.0,0.0,1655.0,8255.0,1.0,0.0,16756.0,10.0,1,3.0,0.0,0.0,0.0,0.0,0.0,0.0,0.0,0.0
4074,1,1,2,0,0,1,3,26-100,60.0,1.0,0.0,1655.0,200.0,1.0,0.0,1180.0,1.0,1,3.0,0.0,0.0,0.0,0.0,0.0,0.0,0.0,0.0
4075,1,1,2,0,0,1,4,26-100,60.0,1.0,0.0,1655.0,4005.0,1.0,0.0,3776.0,5.0,1,3.0,0.0,0.0,0.0,0.0,0.0,0.0,0.0,0.0
4079,1,1,2,0,0,0,1,26-100,100.0,1.0,0.0,1654.0,200.0,0.0,0.0,199.0,1.0,0,3.0,0.0,0.0,0.0,0.0,0.0,0.0,0.0,0.0
4080,1,1,2,0,0,1,5,500-1000,100.0,1.0,0.0,1654.0,100.0,0.0,0.0,199.0,1.0,0,3.0,0.0,0.0,0.0,0.0,0.0,0.0,0.0,0.0
4082,1,1,2,0,0,1,4,101-500,100.0,1.0,0.0,1654.0,550.0,0.0,0.0,199.0,1.0,0,3.0,0.0,0.0,0.0,0.0,0.0,0.0,0.0,0.0
4084,1,1,2,0,0,0,1,26-100,60.0,1.0,0.0,1654.0,250.0,1.0,0.0,2950.0,1.0,1,3.0,0.0,0.0,0.0,0.0,0.0,0.0,0.0,0.0
4086,1,1,2,0,0,1,100,1-25,100.0,1.0,0.0,1654.0,500000.0,0.0,1.0,5000.0,1.0,0,3.0,0.0,0.0,0.0,0.0,0.0,0.0,0.0,0.0
4088,1,1,2,0,0,1,107,26-100,100.0,1.0,0.0,1654.0,0.0,0.0,0.0,500.0,1.0,0,3.0,0.0,0.0,0.0,0.0,0.0,0.0,0.0,0.0
4094,1,1,2,0,0,1,2,26-100,100.0,1.0,0.0,1654.0,0.0,0.0,0.0,1000.0,1.0,0,3.0,0.0,0.0,0.0,0.0,0.0,0.0,0.0,0.0
4096,1,1,2,0,0,1,3,1-25,100.0,1.0,0.0,1654.0,30.0,0.0,0.0,3000.0,1.0,0,3.0,0.0,0.0,0.0,0.0,0.0,0.0,0.0,0.0
4099,1,1,2,0,0,1,106,26-100,100.0,1.0,0.0,1654.0,0.0,0.0,0.0,5000.0,1.0,0,3.0,0.0,0.0,0.0,0.0,0.0,0.0,0.0,0.0
4103,1,1,2,0,0,0,1,500-1000,60.0,1.0,0.0,1654.0,2000.0,1.0,0.0,1180.0,1.0,1,3.0,0.0,0.0,0.0,0.0,0.0,0.0,0.0,0.0
4104,1,1,2,0,0,1,7,500-1000,60.0,1.0,0.0,1654.0,2005.0,1.0,0.0,1298.0,2.0,1,3.0,0.0,0.0,0.0,0.0,0.0,0.0,0.0,0.0
4105,1,1,2,0,0,1,11,500-1000,60.0,1.0,0.0,1653.0,2570.0,1.0,0.0,1534.0,4.0,1,3.0,0.0,0.0,0.0,0.0,0.0,0.0,0.0,0.0
4109,1,1,2,0,0,1,13,1-25,60.0,1.0,0.0,1648.0,110.0,1.0,0.0,3947.1,11.0,1,3.0,0.0,0.0,0.0,0.0,0.0,0.0,0.0,0.0
4112,1,1,2,0,0,1,2,101-500,60.0,1.0,0.0,1653.0,3055.0,1.0,0.0,59050.0,11.0,1,3.0,0.0,0.0,0.0,0.0,0.0,0.0,0.0,0.0
4113,1,1,2,0,0,1,5,500-1000,60.0,1.0,0.0,1653.0,160.0,1.0,0.0,354.0,3.0,1,3.0,0.0,0.0,0.0,0.0,0.0,0.0,0.0,0.0
4116,1,1,2,0,0,1,8,500-1000,60.0,1.0,0.0,1653.0,405.0,1.0,0.0,118.0,1.0,1,3.0,0.0,0.0,0.0,0.0,0.0,0.0,0.0,0.0
4119,1,1,2,0,0,0,1,500-1000,100.0,1.0,0.0,1648.0,100.0,0.0,0.0,597.0,3.0,0,3.0,0.0,0.0,0.0,0.0,0.0,0.0,0.0,0.0
4122,1,1,2,0,0,1,0,101-500,60.0,1.0,0.0,1653.0,500.0,1.0,0.0,5900.0,1.0,1,3.0,0.0,0.0,0.0,0.0,0.0,0.0,0.0,0.0
4123,1,1,2,0,0,1,7,1-25,60.0,1.0,0.0,1652.0,50.0,1.0,0.0,118.0,1.0,1,3.0,0.0,0.0,0.0,0.0,0.0,0.0,0.0,0.0
4124,1,1,2,0,0,1,17,500-1000,60.0,1.0,0.0,1652.0,15.0,1.0,0.0,590.0,5.0,1,3.0,0.0,0.0,0.0,0.0,0.0,0.0,0.0,0.0
4132,1,1,2,0,0,1,26,26-100,100.0,1.0,0.0,1373.0,901.0,0.0,0.0,3023.0,18.0,0,3.0,17.0,37.0,292.0,67.0,46.0,0.0,0.0,0.0
4138,1,1,2,0,0,1,2,500-1000,60.0,1.0,0.0,904.0,230.0,1.0,0.0,289.1,3.0,1,3.0,0.0,0.0,0.0,0.0,0.0,0.0,0.0,0.0
4140,1,1,2,0,0,0,1,500-1000,60.0,1.0,0.0,1652.0,16.0,1.0,0.0,354.0,3.0,1,3.0,0.0,0.0,0.0,0.0,0.0,0.0,0.0,0.0
4142,1,1,2,0,0,0,1,1-25,60.0,1.0,0.0,1652.0,200.0,1.0,0.0,2961800.0,2.0,1,3.0,0.0,0.0,0.0,0.0,0.0,0.0,0.0,0.0
4143,1,1,2,0,0,1,4,101-500,60.0,1.0,0.0,1649.0,256.0,1.0,0.0,11800.0,1.0,1,3.0,0.0,0.0,0.0,0.0,0.0,0.0,0.0,0.0
4145,1,1,2,0,0,1,2,101-500,60.0,1.0,0.0,1649.0,115.0,1.0,0.0,129.8,2.0,1,3.0,0.0,0.0,0.0,0.0,0.0,0.0,0.0,0.0
4147,1,1,2,0,0,1,4,26-100,60.0,1.0,0.0,1649.0,255.0,1.0,0.0,2950.0,1.0,1,3.0,0.0,0.0,0.0,0.0,0.0,0.0,0.0,0.0
4149,1,1,2,0,0,0,1,1-25,60.0,1.0,0.0,1649.0,110.0,1.0,0.0,129.8,2.0,1,3.0,0.0,0.0,0.0,0.0,0.0,0.0,0.0,0.0
4150,1,1,2,0,0,0,1,1-25,60.0,1.0,0.0,1649.0,110.0,1.0,0.0,129.8,2.0,1,3.0,0.0,0.0,0.0,0.0,0.0,0.0,0.0,0.0
4152,1,1,2,0,0,0,1,101-500,60.0,1.0,0.0,1649.0,110.0,1.0,0.0,129.8,2.0,1,3.0,0.0,0.0,0.0,0.0,0.0,0.0,0.0,0.0
4154,1,1,2,0,0,1,2,26-100,100.0,1.0,0.0,1649.0,250.0,0.0,0.0,398.0,2.0,0,3.0,0.0,0.0,0.0,0.0,0.0,0.0,0.0,0.0
4156,1,1,2,0,0,1,3,26-100,60.0,1.0,0.0,1649.0,1.0,1.0,0.0,590.0,1.0,1,3.0,0.0,0.0,0.0,0.0,0.0,0.0,0.0,0.0
4158,1,1,2,0,0,1,2,101-500,100.0,1.0,0.0,1649.0,300.0,0.0,0.0,500.0,1.0,0,3.0,0.0,0.0,0.0,0.0,0.0,0.0,0.0,0.0
4160,1,1,2,0,0,0,1,1-25,60.0,1.0,0.0,1649.0,100.0,1.0,0.0,23.6,1.0,1,3.0,0.0,0.0,0.0,0.0,0.0,0.0,0.0,0.0
4161,1,1,2,0,0,0,1,1-25,60.0,1.0,0.0,1649.0,100.0,1.0,0.0,23.6,1.0,1,3.0,0.0,0.0,0.0,0.0,0.0,0.0,0.0,0.0
4162,1,1,2,0,0,0,1,1-25,60.0,1.0,0.0,1649.0,100.0,1.0,0.0,23.6,1.0,1,3.0,0.0,0.0,0.0,0.0,0.0,0.0,0.0,0.0
4163,1,1,2,0,0,0,1,101-500,60.0,1.0,0.0,1649.0,110.0,1.0,0.0,129.8,2.0,1,3.0,0.0,0.0,0.0,0.0,0.0,0.0,0.0,0.0
4165,1,1,2,0,0,0,1,101-500,60.0,1.0,0.0,1649.0,211.0,1.0,0.0,129.8,2.0,1,3.0,0.0,0.0,0.0,0.0,0.0,0.0,0.0,0.0
4167,1,1,2,0,0,0,1,26-100,60.0,1.0,0.0,1649.0,110.0,1.0,0.0,129.8,2.0,1,3.0,0.0,0.0,0.0,0.0,0.0,0.0,0.0,0.0
4169,1,1,2,0,0,0,1,26-100,100.0,1.0,0.0,1648.0,100.0,0.0,0.0,199.0,1.0,0,3.0,0.0,0.0,0.0,0.0,0.0,0.0,0.0,0.0
4170,1,1,2,0,0,0,1,26-100,100.0,1.0,0.0,1648.0,100.0,0.0,0.0,199.0,1.0,0,3.0,0.0,0.0,0.0,0.0,0.0,0.0,0.0,0.0
4171,1,1,2,0,0,0,1,1-25,60.0,1.0,0.0,1648.0,100.0,1.0,0.0,23.6,1.0,1,3.0,0.0,0.0,0.0,0.0,0.0,0.0,0.0,0.0
4173,1,1,2,0,0,0,1,1-25,60.0,1.0,0.0,1648.0,100.0,1.0,0.0,23.6,1.0,1,3.0,0.0,0.0,0.0,0.0,0.0,0.0,0.0,0.0
4174,1,1,2,0,0,0,1,500-1000,60.0,1.0,0.0,1646.0,250.0,1.0,0.0,11800.0,1.0,1,3.0,1.0,4.0,0.0,0.0,0.0,0.0,0.0,0.0
4175,1,1,2,0,0,1,2,1-25,60.0,1.0,0.0,1647.0,61.0,1.0,0.0,11.8,1.0,1,3.0,0.0,0.0,0.0,0.0,0.0,0.0,0.0,0.0
4177,1,1,2,0,0,0,1,1-25,60.0,1.0,0.0,1647.0,100.0,1.0,0.0,23.6,1.0,1,3.0,0.0,0.0,0.0,0.0,0.0,0.0,0.0,0.0
4178,1,1,2,0,0,1,2,1-25,60.0,1.0,0.0,1647.0,100.0,1.0,0.0,23.6,1.0,1,3.0,0.0,0.0,0.0,0.0,0.0,0.0,0.0,0.0
4179,1,1,2,0,0,0,1,1-25,60.0,1.0,0.0,1647.0,100.0,1.0,0.0,23.6,1.0,1,3.0,0.0,0.0,0.0,0.0,0.0,0.0,0.0,0.0
4180,1,1,2,0,0,1,2,1-25,60.0,1.0,0.0,1647.0,2500.0,1.0,0.0,11800.0,1.0,1,3.0,0.0,0.0,0.0,0.0,0.0,0.0,0.0,0.0
4181,1,1,2,0,0,0,1,26-100,60.0,1.0,0.0,1647.0,50.0,1.0,0.0,118.0,1.0,1,3.0,0.0,0.0,0.0,0.0,0.0,0.0,0.0,0.0
4182,1,1,2,0,0,0,1,1-25,60.0,1.0,0.0,1647.0,100.0,1.0,0.0,23.6,1.0,1,3.0,0.0,0.0,0.0,0.0,0.0,0.0,0.0,0.0
4183,1,1,2,0,0,0,1,1-25,60.0,1.0,0.0,1647.0,100.0,1.0,0.0,23.6,1.0,1,3.0,0.0,0.0,0.0,0.0,0.0,0.0,0.0,0.0
4184,1,1,2,0,0,0,1,1-25,60.0,1.0,0.0,1647.0,100.0,1.0,0.0,23.6,1.0,1,3.0,0.0,0.0,0.0,0.0,0.0,0.0,0.0,0.0
4185,1,1,2,0,0,0,1,26-100,60.0,1.0,0.0,1646.0,250.0,1.0,0.0,2950.0,1.0,1,3.0,0.0,0.0,0.0,0.0,0.0,0.0,0.0,0.0
4186,1,1,2,0,0,1,14,26-100,100.0,1.0,0.0,1638.0,2629.0,0.0,0.0,877.0,5.0,0,3.0,1.0,1.0,1.0,1.0,1.0,0.0,0.0,0.0
4188,1,1,2,0,0,0,1,26-100,60.0,1.0,0.0,1646.0,250.0,1.0,0.0,2950.0,1.0,1,3.0,0.0,0.0,0.0,0.0,0.0,0.0,0.0,0.0
4190,1,1,2,0,0,1,100,101-500,100.0,1.0,0.0,1646.0,100.0,0.0,0.0,200.0,2.0,0,3.0,0.0,0.0,0.0,0.0,0.0,0.0,0.0,0.0
4191,1,1,2,0,0,1,100,26-100,100.0,1.0,0.0,1646.0,500000.0,0.0,1.0,100.0,1.0,0,3.0,0.0,0.0,0.0,0.0,0.0,0.0,0.0,0.0
4192,1,1,2,0,0,0,1,1-25,60.0,1.0,0.0,1646.0,560.0,1.0,0.0,5911.8,2.0,1,3.0,0.0,0.0,0.0,0.0,0.0,0.0,0.0,0.0
4193,1,1,2,0,0,0,1,1-25,60.0,1.0,0.0,1646.0,100.0,1.0,0.0,23.6,1.0,1,3.0,0.0,0.0,0.0,0.0,0.0,0.0,0.0,0.0
4194,1,1,2,0,0,0,1,1-25,60.0,1.0,0.0,1646.0,100.0,1.0,0.0,23.6,1.0,1,3.0,0.0,0.0,0.0,0.0,0.0,0.0,0.0,0.0
4195,1,1,2,0,0,0,1,1-25,60.0,1.0,0.0,1645.0,100.0,1.0,0.0,23.6,1.0,1,3.0,0.0,0.0,0.0,0.0,0.0,0.0,0.0,0.0
4196,1,1,2,0,0,1,5,101-500,100.0,1.0,0.0,1645.0,400.0,0.0,0.0,199.0,1.0,0,3.0,0.0,0.0,0.0,0.0,0.0,0.0,0.0,0.0
4198,1,1,2,0,0,0,1,26-100,60.0,1.0,0.0,1645.0,250.0,1.0,0.0,2950.0,1.0,1,3.0,0.0,0.0,0.0,0.0,0.0,0.0,0.0,0.0
4200,1,1,2,0,0,1,4,1-25,100.0,1.0,0.0,1645.0,1040.0,0.0,0.0,5435.0,8.0,0,3.0,0.0,0.0,0.0,0.0,0.0,0.0,0.0,0.0
4201,1,1,2,0,0,1,103,26-100,100.0,1.0,0.0,1645.0,100.0,0.0,0.0,100.0,1.0,0,3.0,0.0,0.0,0.0,0.0,0.0,0.0,0.0,0.0
4204,1,1,2,0,0,1,3,500-1000,60.0,1.0,0.0,1645.0,580.0,1.0,0.0,2951003.0,6.0,1,3.0,0.0,0.0,0.0,0.0,0.0,0.0,0.0,0.0
4206,1,1,2,0,0,0,1,26-100,60.0,1.0,0.0,1645.0,1350.0,1.0,0.0,1180.0,10.0,1,3.0,0.0,0.0,0.0,0.0,0.0,0.0,0.0,0.0
4207,1,1,2,0,0,1,3,1-25,100.0,1.0,0.0,1645.0,900.0,0.0,0.0,699.0,2.0,0,3.0,0.0,0.0,0.0,0.0,0.0,0.0,0.0,0.0
4209,1,1,2,0,0,0,1,26-100,60.0,1.0,0.0,1642.0,50.0,1.0,0.0,118.0,1.0,1,3.0,0.0,0.0,0.0,0.0,0.0,0.0,0.0,0.0
4210,1,1,1,0,0,0,1,500-1000,60.0,1.0,0.0,1498.0,2906.0,1.0,0.0,31131.9,19.0,1,3.0,0.0,0.0,0.0,0.0,0.0,0.0,0.0,0.0
4211,1,1,2,0,0,1,2,26-100,100.0,1.0,0.0,1641.0,1535.0,0.0,0.0,2145.0,14.0,0,3.0,1.0,1.0,4.0,1.0,0.0,1.0,0.0,0.0
4212,1,1,1,0,0,1,3,101-500,100.0,1.0,0.0,1564.0,1450.0,0.0,0.0,12198.0,8.0,0,3.0,0.0,0.0,0.0,0.0,0.0,0.0,0.0,0.0
4213,1,1,2,0,0,0,1,101-500,60.0,1.0,0.0,1642.0,1100.0,1.0,0.0,29128.0,8.0,1,3.0,0.0,0.0,0.0,0.0,0.0,0.0,0.0,0.0
4214,1,1,2,0,0,1,2,26-100,60.0,1.0,0.0,1642.0,261.0,1.0,0.0,2950.0,1.0,1,3.0,0.0,0.0,0.0,0.0,0.0,0.0,0.0,0.0
4215,1,1,2,0,0,1,5,101-500,100.0,1.0,0.0,1640.0,1132.0,0.0,0.0,7121.0,8.0,0,3.0,0.0,0.0,0.0,0.0,0.0,0.0,0.0,0.0
4217,1,1,2,0,0,1,1000,26-100,100.0,1.0,0.0,1642.0,200.0,0.0,0.0,112.0,2.0,0,3.0,0.0,0.0,0.0,0.0,0.0,0.0,0.0,0.0
4218,1,1,2,0,0,1,100,101-500,100.0,1.0,0.0,1642.0,100.0,0.0,0.0,399.0,3.0,0,3.0,0.0,0.0,0.0,0.0,0.0,0.0,0.0,0.0
4219,1,1,2,0,0,1,100,101-500,60.0,1.0,0.0,1642.0,100.0,1.0,0.0,118.0,1.0,1,3.0,0.0,0.0,0.0,0.0,0.0,0.0,0.0,0.0
4220,1,1,2,0,0,1,3,26-100,60.0,1.0,0.0,1642.0,150.0,1.0,0.0,2950472.0,5.0,1,3.0,0.0,0.0,0.0,0.0,0.0,0.0,0.0,0.0
4221,1,1,2,0,0,0,1,26-100,60.0,1.0,0.0,1642.0,50.0,1.0,0.0,118.0,1.0,1,3.0,0.0,1.0,0.0,0.0,0.0,0.0,0.0,0.0
4223,1,1,2,0,0,1,2,26-100,60.0,1.0,0.0,1642.0,255.0,1.0,0.0,2950.0,1.0,1,3.0,0.0,0.0,0.0,0.0,0.0,0.0,0.0,0.0
4224,1,1,2,0,0,0,1,26-100,60.0,1.0,0.0,1642.0,450.0,1.0,0.0,17700.0,2.0,1,3.0,0.0,0.0,0.0,0.0,0.0,0.0,0.0,0.0
4225,1,1,2,0,0,0,1,26-100,100.0,1.0,0.0,1641.0,99.0,0.0,0.0,199.0,1.0,0,3.0,0.0,0.0,0.0,0.0,0.0,0.0,0.0,0.0
4226,1,1,2,0,0,1,0,101-500,60.0,1.0,0.0,1642.0,870.0,1.0,0.0,4734.0,6.0,1,3.0,0.0,0.0,0.0,0.0,0.0,0.0,0.0,0.0
4228,1,1,2,0,0,1,3,26-100,60.0,1.0,0.0,1642.0,50.0,1.0,0.0,236.0,2.0,1,3.0,0.0,0.0,0.0,0.0,0.0,0.0,0.0,0.0
4231,1,1,1,0,0,1,100,101-500,100.0,1.0,0.0,1642.0,2500.0,0.0,0.0,2500.0,10.0,0,3.0,0.0,0.0,0.0,0.0,0.0,0.0,0.0,0.0
4232,1,1,2,0,0,1,100,101-500,100.0,1.0,0.0,1642.0,100.0,0.0,0.0,1100.0,2.0,0,3.0,0.0,0.0,0.0,0.0,0.0,0.0,0.0,0.0
4233,1,1,2,0,0,1,1,101-500,100.0,1.0,0.0,1642.0,100.0,0.0,0.0,100.0,1.0,0,3.0,0.0,0.0,0.0,0.0,0.0,0.0,0.0,0.0
4234,1,1,2,0,0,0,1,1-25,60.0,1.0,0.0,1642.0,0.0,0.0,0.0,0.0,1.0,1,3.0,0.0,0.0,0.0,0.0,0.0,0.0,0.0,0.0
4235,1,1,2,0,0,0,1,26-100,60.0,1.0,0.0,1642.0,200.0,1.0,0.0,2950000.0,1.0,1,3.0,0.0,0.0,0.0,0.0,0.0,0.0,0.0,0.0
4236,1,1,2,0,0,0,1,26-100,60.0,1.0,0.0,1642.0,0.0,0.0,0.0,0.0,1.0,1,3.0,0.0,0.0,0.0,0.0,0.0,0.0,0.0,0.0
4238,1,1,2,0,0,0,1,1-25,100.0,1.0,0.0,1641.0,1005.0,0.0,0.0,1000.0,2.0,0,3.0,0.0,0.0,0.0,0.0,0.0,0.0,0.0,0.0
4240,1,1,2,0,0,1,100,26-100,60.0,1.0,0.0,1640.0,503750.0,1.0,1.0,48340.0,7.0,1,3.0,0.0,0.0,0.0,0.0,0.0,0.0,0.0,0.0
4243,1,1,2,0,0,1,130,26-100,100.0,1.0,0.0,1641.0,100.0,0.0,0.0,130.0,1.0,0,3.0,0.0,0.0,0.0,0.0,0.0,0.0,0.0,0.0
4244,1,1,2,0,0,1,145,26-100,100.0,1.0,0.0,1576.0,877.0,1.0,0.0,672.0,4.0,1,3.0,1.0,3.0,10.0,4.0,2.0,2.0,0.0,0.0
4245,1,1,2,0,0,0,1,101-500,60.0,1.0,0.0,1641.0,50.0,1.0,0.0,118.0,1.0,1,3.0,0.0,1.0,0.0,0.0,0.0,0.0,0.0,0.0
4248,1,1,2,0,0,0,1,1-25,60.0,1.0,0.0,1641.0,50.0,1.0,0.0,118.0,1.0,1,3.0,1.0,0.0,0.0,0.0,0.0,0.0,0.0,0.0
4250,1,1,2,0,0,0,1,101-500,100.0,1.0,0.0,1639.0,491.0,0.0,0.0,299.0,2.0,0,3.0,3.0,1.0,14.0,10.0,10.0,0.0,0.0,0.0
4253,1,1,2,0,0,1,2,26-100,60.0,1.0,0.0,1640.0,733.0,1.0,0.0,30623.64,16.0,1,3.0,0.0,1.0,1.0,0.0,0.0,0.0,0.0,0.0
4254,1,1,2,0,0,0,1,26-100,60.0,1.0,0.0,1641.0,70.0,1.0,0.0,138.0,2.0,1,3.0,0.0,1.0,1.0,0.0,0.0,0.0,0.0,0.0
4256,1,1,2,0,0,0,1,26-100,60.0,1.0,0.0,1641.0,50.0,1.0,0.0,118.0,1.0,1,3.0,0.0,1.0,1.0,0.0,0.0,0.0,0.0,0.0
4257,1,1,2,0,0,0,1,26-100,100.0,1.0,0.0,1640.0,100.0,0.0,0.0,199.0,1.0,0,3.0,0.0,0.0,0.0,0.0,0.0,0.0,0.0,0.0
4259,1,1,2,0,0,0,1,1-25,100.0,1.0,0.0,1640.0,0.0,0.0,0.0,0.0,1.0,0,3.0,0.0,0.0,0.0,0.0,0.0,0.0,0.0,0.0
4260,1,1,2,0,0,0,1,1-25,100.0,1.0,0.0,1635.0,5.0,0.0,0.0,0.0,1.0,0,3.0,0.0,0.0,0.0,0.0,0.0,0.0,0.0,0.0
4262,1,1,2,0,0,0,1,1-25,100.0,1.0,0.0,1640.0,5.0,0.0,0.0,0.0,1.0,0,3.0,0.0,0.0,0.0,0.0,0.0,0.0,0.0,0.0
4264,1,1,2,0,0,0,1,1-25,100.0,1.0,0.0,1640.0,0.0,0.0,0.0,199.0,2.0,0,3.0,0.0,0.0,0.0,0.0,0.0,0.0,0.0,0.0
4266,1,1,1,0,0,0,1,26-100,60.0,1.0,0.0,1548.0,11257.0,1.0,0.0,54972.38,47.0,1,3.0,1.0,5.0,10.0,9.0,9.0,0.0,0.0,0.0
4267,1,1,2,0,0,0,1,1-25,60.0,1.0,0.0,1640.0,310.0,1.0,0.0,182.9,5.0,1,3.0,0.0,0.0,0.0,0.0,0.0,0.0,0.0,0.0
4269,1,1,2,0,0,1,4,1-25,100.0,1.0,0.0,1640.0,320.0,0.0,0.0,598.0,3.0,0,3.0,0.0,0.0,0.0,0.0,0.0,0.0,0.0,0.0
4271,1,1,2,0,0,1,1,101-500,100.0,1.0,0.0,1640.0,140.0,0.0,0.0,1000.0,2.0,0,3.0,0.0,0.0,0.0,0.0,0.0,0.0,0.0,0.0
4276,1,1,2,0,0,0,1,1-25,60.0,1.0,0.0,1638.0,250.0,1.0,0.0,2950.0,1.0,1,3.0,1.0,1.0,1.0,0.0,0.0,0.0,0.0,0.0
4277,1,1,2,0,0,1,5,1-25,60.0,1.0,0.0,1638.0,650.0,1.0,0.0,826.0,5.0,1,3.0,0.0,0.0,0.0,0.0,0.0,0.0,0.0,0.0
4283,1,1,2,0,0,0,1,1-25,100.0,1.0,0.0,1635.0,5.0,0.0,0.0,0.0,1.0,0,3.0,0.0,0.0,0.0,0.0,0.0,0.0,0.0,0.0
4284,1,1,2,0,0,0,1,26-100,60.0,1.0,0.0,1635.0,0.0,0.0,0.0,0.0,1.0,1,3.0,0.0,0.0,0.0,0.0,0.0,0.0,0.0,0.0
4285,1,1,2,0,0,0,1,26-100,100.0,1.0,0.0,1635.0,0.0,0.0,0.0,199.0,1.0,0,3.0,0.0,0.0,0.0,0.0,0.0,0.0,0.0,0.0
4286,1,1,2,0,0,0,1,26-100,60.0,1.0,0.0,1635.0,50.0,1.0,0.0,472.0,3.0,1,3.0,0.0,0.0,0.0,0.0,0.0,0.0,0.0,0.0
4287,1,1,2,0,0,1,100,26-100,100.0,1.0,0.0,1635.0,500000.0,0.0,1.0,400.0,1.0,0,3.0,0.0,0.0,0.0,0.0,0.0,0.0,0.0,0.0
4288,1,1,2,0,0,1,2,26-100,100.0,1.0,0.0,1635.0,151.0,0.0,0.0,120.0,1.0,0,3.0,0.0,0.0,0.0,0.0,0.0,0.0,0.0,0.0
4289,1,1,2,0,0,0,1,1-25,60.0,1.0,0.0,1635.0,5.0,1.0,0.0,0.0,1.0,1,3.0,0.0,0.0,0.0,0.0,0.0,0.0,0.0,0.0
4290,1,1,2,0,0,0,1,26-100,100.0,1.0,0.0,1635.0,423.0,0.0,0.0,199.0,1.0,0,3.0,0.0,0.0,0.0,0.0,0.0,0.0,0.0,0.0
4297,1,1,2,0,0,0,1,101-500,60.0,1.0,0.0,1628.0,56.0,1.0,0.0,118.0,1.0,1,3.0,0.0,0.0,0.0,0.0,0.0,0.0,0.0,0.0
4298,1,1,2,0,0,1,4,26-100,60.0,1.0,0.0,1628.0,250.0,1.0,0.0,2950.0,1.0,1,3.0,0.0,0.0,0.0,0.0,0.0,0.0,0.0,0.0
4300,1,1,2,0,0,1,0,26-100,100.0,1.0,0.0,1628.0,180.0,0.0,0.0,100.0,1.0,0,3.0,0.0,1.0,1.0,0.0,0.0,0.0,0.0,0.0
4301,1,1,2,0,0,0,1,More than 1000,60.0,1.0,0.0,1628.0,50.0,1.0,0.0,118.0,1.0,1,3.0,0.0,0.0,0.0,0.0,0.0,0.0,0.0,0.0
4303,1,1,2,0,0,1,1,101-500,100.0,1.0,0.0,1619.0,92.0,0.0,0.0,199.0,1.0,0,3.0,1.0,0.0,0.0,0.0,0.0,0.0,0.0,0.0
4304,1,1,2,0,0,1,0,1-25,100.0,1.0,0.0,1627.0,99999999.0,0.0,0.0,2342.0,1.0,0,3.0,0.0,0.0,0.0,0.0,0.0,0.0,0.0,0.0
4305,1,1,2,0,0,1,0,26-100,100.0,1.0,0.0,1627.0,99999999.0,0.0,0.0,2342.0,1.0,0,3.0,0.0,0.0,0.0,0.0,0.0,0.0,0.0,0.0
4306,1,1,2,0,0,0,1,1-25,60.0,1.0,0.0,1626.0,250.0,1.0,0.0,2950.0,1.0,1,3.0,0.0,0.0,0.0,0.0,0.0,0.0,0.0,0.0
4307,1,1,2,0,0,1,100,26-100,60.0,1.0,0.0,1626.0,500000.0,1.0,1.0,70.8,1.0,1,3.0,0.0,0.0,0.0,0.0,0.0,0.0,0.0,0.0
4308,1,1,2,0,0,0,1,26-100,60.0,1.0,0.0,1569.0,500000.0,1.0,0.0,2973.6,2.0,1,3.0,0.0,1.0,1.0,0.0,0.0,0.0,0.0,0.0
4310,1,1,2,0,0,0,1,26-100,60.0,1.0,0.0,1625.0,5.0,1.0,0.0,118.0,1.0,1,3.0,0.0,0.0,0.0,0.0,0.0,0.0,0.0,0.0
4311,1,1,2,0,0,0,1,1-25,60.0,1.0,0.0,1626.0,250.0,1.0,0.0,2950.0,1.0,1,3.0,0.0,0.0,0.0,0.0,0.0,0.0,0.0,0.0
4312,1,1,2,0,0,0,1,26-100,60.0,1.0,0.0,1624.0,250.0,1.0,0.0,2950.0,1.0,1,3.0,0.0,0.0,0.0,0.0,0.0,0.0,0.0,0.0
4313,1,1,2,0,0,0,1,101-500,100.0,1.0,0.0,1619.0,550.0,0.0,0.0,199.0,1.0,0,3.0,0.0,0.0,0.0,0.0,0.0,0.0,0.0,0.0
4315,1,1,2,0,0,0,1,26-100,100.0,1.0,0.0,1619.0,320.0,0.0,0.0,199.0,1.0,0,3.0,0.0,0.0,0.0,0.0,0.0,0.0,0.0,0.0
4316,1,1,2,0,0,0,1,26-100,100.0,1.0,0.0,1619.0,120.0,0.0,0.0,199.0,1.0,0,3.0,0.0,0.0,0.0,0.0,0.0,0.0,0.0,0.0
4317,1,1,2,0,0,0,1,1-25,60.0,1.0,0.0,1619.0,5.0,1.0,0.0,0.0,1.0,1,3.0,0.0,0.0,0.0,0.0,0.0,0.0,0.0,0.0
4318,1,1,2,0,0,0,1,1-25,100.0,1.0,0.0,1619.0,5.0,0.0,0.0,0.0,1.0,0,3.0,0.0,0.0,0.0,0.0,0.0,0.0,0.0,0.0
4319,1,1,2,0,0,0,1,26-100,60.0,1.0,0.0,1618.0,100.0,1.0,0.0,118.0,1.0,1,3.0,0.0,0.0,0.0,0.0,0.0,0.0,0.0,0.0
4320,1,1,2,0,0,0,1,26-100,60.0,1.0,0.0,1614.0,50.0,1.0,0.0,118.0,1.0,1,3.0,1.0,1.0,3.0,1.0,1.0,0.0,0.0,0.0
4321,1,1,2,0,0,0,1,26-100,100.0,1.0,0.0,1613.0,0.0,0.0,0.0,0.0,1.0,0,3.0,0.0,0.0,0.0,0.0,0.0,0.0,0.0,0.0
4322,1,1,2,0,0,0,1,26-100,60.0,1.0,0.0,1613.0,0.0,0.0,0.0,0.0,1.0,1,3.0,0.0,0.0,0.0,0.0,0.0,0.0,0.0,0.0
4323,1,1,2,0,0,0,1,1-25,100.0,1.0,0.0,1613.0,0.0,0.0,0.0,0.0,1.0,0,3.0,0.0,0.0,0.0,0.0,0.0,0.0,0.0,0.0
4324,1,1,2,0,0,0,1,26-100,100.0,1.0,0.0,1613.0,0.0,0.0,0.0,0.0,1.0,0,3.0,0.0,0.0,0.0,0.0,0.0,0.0,0.0,0.0
4325,1,1,2,0,0,0,1,26-100,100.0,1.0,0.0,1613.0,0.0,0.0,0.0,0.0,1.0,0,3.0,0.0,0.0,0.0,0.0,0.0,0.0,0.0,0.0
4326,1,1,2,0,0,0,1,1-25,100.0,1.0,0.0,1613.0,0.0,0.0,0.0,0.0,1.0,0,3.0,0.0,0.0,0.0,0.0,0.0,0.0,0.0,0.0
4327,1,1,2,0,0,0,1,1-25,100.0,1.0,0.0,1579.0,5.0,0.0,0.0,443.0,4.0,0,3.0,0.0,0.0,0.0,0.0,0.0,0.0,0.0,0.0
4331,1,1,2,0,0,0,1,1-25,100.0,1.0,0.0,1599.0,5.0,0.0,0.0,0.0,1.0,0,3.0,0.0,0.0,0.0,0.0,0.0,0.0,0.0,0.0
4334,1,1,2,0,0,1,2,26-100,60.0,1.0,0.0,1579.0,750.0,1.0,0.0,2950.0,1.0,1,3.0,1.0,1.0,98.0,0.0,0.0,0.0,0.0,0.0
4337,1,1,2,0,0,1,11,500-1000,60.0,1.0,0.0,1596.0,210.0,1.0,0.0,2950000.0,1.0,1,3.0,0.0,0.0,0.0,0.0,0.0,0.0,0.0,0.0
4338,1,1,2,0,0,0,1,26-100,60.0,1.0,0.0,1605.0,200.0,1.0,0.0,2950000.0,1.0,1,3.0,0.0,0.0,0.0,0.0,0.0,0.0,0.0,0.0
4341,1,1,2,0,0,1,4,26-100,100.0,1.0,0.0,1597.0,100.0,0.0,0.0,199.0,1.0,0,3.0,0.0,0.0,0.0,0.0,0.0,0.0,0.0,0.0
4343,1,1,2,0,0,0,1,500-1000,100.0,1.0,0.0,1603.0,0.0,0.0,0.0,199.0,1.0,0,3.0,0.0,0.0,0.0,0.0,0.0,0.0,0.0,0.0
4345,1,1,2,0,0,0,1,26-100,60.0,1.0,0.0,1571.0,0.0,0.0,0.0,0.0,1.0,1,3.0,0.0,0.0,0.0,0.0,0.0,0.0,0.0,0.0
4348,1,1,2,0,0,0,1,26-100,60.0,1.0,0.0,1596.0,0.0,0.0,0.0,0.0,1.0,1,3.0,0.0,0.0,0.0,0.0,0.0,0.0,0.0,0.0
4352,1,1,2,0,0,0,1,1-25,100.0,1.0,0.0,1579.0,5.0,0.0,0.0,199.0,2.0,0,3.0,0.0,0.0,0.0,0.0,0.0,0.0,0.0,0.0
4353,1,1,2,0,0,0,1,26-100,60.0,1.0,0.0,1593.0,0.0,0.0,0.0,0.0,1.0,1,3.0,0.0,0.0,0.0,0.0,0.0,0.0,0.0,0.0
4354,1,1,2,0,0,0,1,26-100,60.0,1.0,0.0,1578.0,0.0,0.0,0.0,0.0,1.0,1,3.0,1.0,2.0,199.0,0.0,0.0,0.0,0.0,0.0
4355,1,1,2,0,0,0,1,26-100,100.0,1.0,0.0,1592.0,75.0,0.0,0.0,120.0,1.0,0,3.0,0.0,2.0,1.0,0.0,0.0,0.0,0.0,0.0
4356,1,1,2,0,0,0,1,26-100,60.0,1.0,0.0,1591.0,50.0,1.0,0.0,118.0,1.0,1,3.0,0.0,0.0,0.0,0.0,0.0,0.0,0.0,0.0
4358,1,1,2,0,0,1,3,1-25,60.0,1.0,0.0,1586.0,2560.0,1.0,0.0,11918.0,2.0,1,3.0,0.0,0.0,0.0,0.0,0.0,0.0,0.0,0.0
4362,1,1,2,0,0,0,1,1-25,60.0,1.0,0.0,1589.0,50.0,1.0,0.0,118.0,1.0,1,3.0,0.0,0.0,0.0,0.0,0.0,0.0,0.0,0.0
4364,1,1,1,0,0,1,7,26-100,60.0,1.0,0.0,1585.0,50.0,1.0,0.0,118.0,1.0,0,3.0,1.0,1.0,761.0,1.0,1.0,0.0,0.0,0.0
4371,1,1,2,0,0,0,1,26-100,60.0,1.0,0.0,1586.0,50.0,1.0,0.0,118.0,1.0,1,3.0,0.0,0.0,0.0,0.0,0.0,0.0,0.0,0.0
4374,1,1,2,0,0,0,1,1-25,100.0,1.0,0.0,1584.0,100.0,0.0,0.0,796.0,4.0,0,3.0,1.0,3.0,343.0,0.0,0.0,0.0,0.0,0.0
4376,1,0,2,0,0,0,1,1-25,100.0,1.0,0.0,1580.0,0.0,0.0,0.0,199.0,1.0,0,3.0,0.0,0.0,0.0,0.0,0.0,0.0,0.0,0.0
4377,1,1,2,0,0,0,1,1-25,60.0,1.0,0.0,1555.0,115.0,1.0,0.0,158.0,3.0,1,3.0,0.0,0.0,0.0,0.0,0.0,0.0,0.0,0.0
4378,1,1,1,0,0,1,0,26-100,100.0,1.0,0.0,1579.0,10.0,0.0,0.0,200.0,1.0,0,3.0,1.0,1.0,98.0,0.0,0.0,0.0,0.0,0.0
4379,1,1,1,0,0,0,1,101-500,60.0,1.0,0.0,1578.0,50.0,1.0,0.0,118.0,1.0,1,3.0,1.0,2.0,102.0,0.0,0.0,0.0,0.0,0.0
4382,1,1,2,0,0,0,1,101-500,60.0,1.0,0.0,1576.0,250.0,1.0,0.0,2950118.0,2.0,1,3.0,0.0,0.0,0.0,0.0,0.0,0.0,0.0,0.0
4383,1,1,2,0,0,0,1,101-500,60.0,1.0,0.0,1576.0,250.0,1.0,0.0,2950118.0,2.0,1,3.0,0.0,0.0,0.0,0.0,0.0,0.0,0.0,0.0
4384,1,1,2,0,0,1,0,26-100,100.0,1.0,0.0,1576.0,60.0,1.0,0.0,218.0,2.0,1,3.0,0.0,0.0,0.0,0.0,0.0,0.0,0.0,0.0
4388,1,1,2,0,0,0,1,26-100,60.0,1.0,0.0,1572.0,60.0,1.0,0.0,218.0,2.0,1,3.0,0.0,0.0,0.0,0.0,0.0,0.0,0.0,0.0
4389,1,1,1,0,0,1,2,1-25,60.0,1.0,0.0,1572.0,301.0,1.0,0.0,3068.0,2.0,1,3.0,0.0,0.0,0.0,0.0,0.0,0.0,0.0,0.0
4391,1,1,1,0,0,0,1,26-100,60.0,1.0,0.0,1572.0,205.0,0.0,0.0,1000.0,1.0,1,3.0,1.0,1.0,5.0,1.0,1.0,0.0,0.0,0.0
4392,1,1,1,0,0,0,1,26-100,60.0,1.0,0.0,1572.0,300.0,1.0,0.0,3068.0,2.0,1,3.0,0.0,0.0,0.0,0.0,0.0,0.0,0.0,0.0
4394,1,1,1,0,0,0,1,1-25,60.0,1.0,0.0,1572.0,515.0,0.0,0.0,210.0,2.0,1,3.0,0.0,0.0,0.0,0.0,0.0,0.0,0.0,0.0
4397,1,1,2,0,0,0,1,1-25,60.0,1.0,0.0,1571.0,155.0,0.0,0.0,100.0,1.0,1,3.0,0.0,0.0,0.0,0.0,0.0,0.0,0.0,0.0
4398,1,1,2,0,0,0,1,1-25,60.0,1.0,0.0,1571.0,155.0,0.0,0.0,100.0,1.0,1,3.0,0.0,0.0,0.0,0.0,0.0,0.0,0.0,0.0
4399,1,1,2,0,0,1,2,101-500,100.0,1.0,0.0,1570.0,105.0,0.0,0.0,100.0,1.0,0,3.0,0.0,0.0,0.0,0.0,0.0,0.0,0.0,0.0
4400,1,1,2,0,0,0,1,1-25,60.0,1.0,0.0,1571.0,105.0,0.0,0.0,100.0,1.0,1,3.0,0.0,0.0,0.0,0.0,0.0,0.0,0.0,0.0
4401,1,1,2,0,0,1,5,26-100,60.0,1.0,0.0,1571.0,366.0,1.0,0.0,2950247.8,4.0,1,3.0,1.0,1.0,0.0,0.0,0.0,0.0,0.0,0.0
4402,1,1,2,0,0,0,1,26-100,100.0,1.0,0.0,1571.0,5.0,0.0,0.0,0.0,1.0,0,3.0,0.0,0.0,0.0,0.0,0.0,0.0,0.0,0.0
4403,1,1,2,0,0,0,1,26-100,60.0,1.0,0.0,1571.0,100.0,1.0,0.0,236.0,2.0,1,3.0,0.0,0.0,0.0,0.0,0.0,0.0,0.0,0.0
4404,1,1,2,0,0,1,100,26-100,60.0,1.0,0.0,1571.0,500250.0,1.0,0.0,2950129.8,3.0,1,3.0,0.0,0.0,0.0,0.0,0.0,0.0,0.0,0.0
4405,1,1,2,0,0,1,100,26-100,60.0,1.0,0.0,1571.0,500000.0,1.0,1.0,59.0,1.0,1,3.0,0.0,1.0,1.0,1.0,0.0,0.0,0.0,0.0
4406,1,1,2,0,0,1,11,26-100,100.0,1.0,0.0,1565.0,2600.0,0.0,0.0,2194.0,12.0,0,3.0,0.0,0.0,0.0,0.0,0.0,0.0,0.0,0.0
4408,1,1,2,0,0,0,1,26-100,60.0,1.0,0.0,1570.0,105.0,0.0,0.0,100.0,1.0,1,3.0,0.0,0.0,0.0,0.0,0.0,0.0,0.0,0.0
4409,1,1,2,0,0,0,1,26-100,60.0,1.0,0.0,1570.0,5.0,1.0,0.0,0.0,1.0,1,3.0,0.0,0.0,0.0,0.0,0.0,0.0,0.0,0.0
4410,1,1,2,0,0,0,1,1-25,100.0,1.0,0.0,1570.0,5.0,0.0,0.0,0.0,1.0,0,3.0,0.0,0.0,0.0,0.0,0.0,0.0,0.0,0.0
4413,1,1,2,0,0,1,4,500-1000,60.0,1.0,0.0,1569.0,500000.0,1.0,1.0,2950.0,1.0,1,3.0,1.0,1.0,2.0,1.0,1.0,0.0,0.0,0.0
4418,1,1,2,0,0,1,2,26-100,60.0,1.0,0.0,1570.0,50.0,1.0,0.0,118.0,1.0,1,3.0,0.0,0.0,0.0,0.0,0.0,0.0,0.0,0.0
4420,1,1,2,0,0,1,0,101-500,100.0,1.0,0.0,1570.0,1000.0,0.0,0.0,250.0,1.0,0,3.0,0.0,0.0,0.0,0.0,0.0,0.0,0.0,0.0
4421,1,1,2,0,0,1,1,26-100,100.0,1.0,0.0,1570.0,2800.0,0.0,0.0,947.0,5.0,0,3.0,0.0,0.0,0.0,0.0,0.0,0.0,0.0,0.0
4424,1,1,2,0,0,0,1,101-500,60.0,1.0,0.0,1570.0,50.0,1.0,0.0,118.0,1.0,1,3.0,0.0,0.0,0.0,0.0,0.0,0.0,0.0,0.0
4429,1,1,2,0,0,0,1,1-25,60.0,1.0,0.0,1570.0,405.0,0.0,0.0,20.0,1.0,1,3.0,0.0,0.0,0.0,0.0,0.0,0.0,0.0,0.0
4430,1,1,2,0,0,0,1,1-25,60.0,1.0,0.0,1570.0,305.0,0.0,0.0,200.0,1.0,1,3.0,0.0,0.0,0.0,0.0,0.0,0.0,0.0,0.0
4431,1,1,1,0,0,1,3,101-500,60.0,1.0,0.0,1569.0,2441.0,1.0,0.0,2752.0,14.0,1,3.0,0.0,0.0,0.0,0.0,0.0,0.0,0.0,0.0
4432,1,1,2,0,0,1,2,26-100,60.0,1.0,0.0,1569.0,688.0,1.0,0.0,731.0,6.0,1,3.0,1.0,5.0,261.0,6.0,4.0,2.0,0.0,0.0
4433,1,1,2,0,0,0,1,1-25,60.0,1.0,0.0,1569.0,100.0,1.0,0.0,23.6,1.0,1,3.0,0.0,0.0,0.0,0.0,0.0,0.0,0.0,0.0
4434,1,1,2,0,0,0,1,1-25,60.0,1.0,0.0,1569.0,100.0,1.0,0.0,23.6,1.0,1,3.0,0.0,0.0,0.0,0.0,0.0,0.0,0.0,0.0
4435,1,1,2,0,0,0,1,1-25,60.0,1.0,0.0,1569.0,100.0,1.0,0.0,23.6,1.0,1,3.0,0.0,0.0,0.0,0.0,0.0,0.0,0.0,0.0
4437,1,1,2,0,0,1,7,101-500,60.0,1.0,0.0,1568.0,505.0,1.0,0.0,5903870.4,7.0,1,3.0,0.0,0.0,0.0,0.0,0.0,0.0,0.0,0.0
4438,1,1,2,0,0,0,1,1-25,60.0,1.0,0.0,1569.0,100.0,1.0,0.0,23.6,1.0,1,3.0,0.0,0.0,0.0,0.0,0.0,0.0,0.0,0.0
4439,1,1,2,0,0,0,1,1-25,60.0,1.0,0.0,1569.0,100.0,1.0,0.0,23.6,1.0,1,3.0,0.0,0.0,0.0,0.0,0.0,0.0,0.0,0.0
4440,1,1,2,0,0,1,6,26-100,60.0,1.0,0.0,1569.0,275.0,1.0,0.0,2950.0,1.0,1,3.0,0.0,0.0,0.0,0.0,0.0,0.0,0.0,0.0
4443,1,1,2,0,0,0,1,1-25,60.0,1.0,0.0,1569.0,100.0,1.0,0.0,23.6,1.0,1,3.0,0.0,0.0,0.0,0.0,0.0,0.0,0.0,0.0
4444,1,1,2,0,0,1,2,101-500,60.0,1.0,0.0,1569.0,271.0,1.0,0.0,2950.0,1.0,1,3.0,0.0,0.0,0.0,0.0,0.0,0.0,0.0,0.0
4446,1,1,2,0,0,0,1,26-100,60.0,1.0,0.0,1569.0,300.0,1.0,0.0,6018.0,3.0,1,3.0,0.0,0.0,0.0,0.0,0.0,0.0,0.0,0.0
4447,1,1,2,0,0,1,0,26-100,60.0,1.0,0.0,1568.0,100.0,1.0,0.0,118.0,1.0,1,3.0,0.0,0.0,0.0,0.0,0.0,0.0,0.0,0.0
4449,1,1,2,0,0,0,1,1-25,60.0,1.0,0.0,1569.0,110.0,1.0,0.0,105.6,2.0,1,3.0,0.0,0.0,0.0,0.0,0.0,0.0,0.0,0.0
4450,1,1,2,0,0,1,0,101-500,60.0,1.0,0.0,1568.0,100.0,1.0,0.0,118.0,1.0,1,3.0,0.0,0.0,0.0,0.0,0.0,0.0,0.0,0.0
4451,1,1,2,0,0,0,1,1-25,60.0,1.0,0.0,1569.0,100.0,1.0,0.0,23.6,1.0,1,3.0,0.0,0.0,0.0,0.0,0.0,0.0,0.0,0.0
4452,1,1,2,0,0,1,100,101-500,100.0,1.0,0.0,1568.0,500000.0,0.0,1.0,270.0,4.0,0,3.0,0.0,0.0,0.0,0.0,0.0,0.0,0.0,0.0
4453,1,1,1,0,0,1,5,26-100,60.0,1.0,0.0,1563.0,2360.0,1.0,0.0,2958117.8,17.0,1,3.0,0.0,0.0,0.0,0.0,0.0,0.0,0.0,0.0
4454,1,1,2,0,0,1,3,26-100,60.0,1.0,0.0,1568.0,710.0,1.0,0.0,4480.0,6.0,1,3.0,0.0,0.0,0.0,0.0,0.0,0.0,0.0,0.0
4457,1,1,2,0,0,1,9,1-25,60.0,1.0,0.0,1568.0,100.0,1.0,0.0,23.6,1.0,1,3.0,0.0,0.0,0.0,0.0,0.0,0.0,0.0,0.0
4458,1,1,2,0,0,0,1,1-25,100.0,1.0,0.0,1555.0,855.0,0.0,0.0,698.0,4.0,0,3.0,0.0,0.0,0.0,0.0,0.0,0.0,0.0,0.0
4460,1,1,2,0,0,0,1,1-25,60.0,1.0,0.0,1568.0,220.0,0.0,0.0,100.0,1.0,1,3.0,0.0,0.0,0.0,0.0,0.0,0.0,0.0,0.0
4461,1,1,2,0,0,0,1,26-100,60.0,1.0,0.0,1568.0,205.0,0.0,0.0,100.0,1.0,1,3.0,0.0,0.0,0.0,0.0,0.0,0.0,0.0,0.0
4462,1,1,2,0,0,0,1,1-25,60.0,1.0,0.0,1568.0,100.0,1.0,0.0,23.6,1.0,1,3.0,0.0,0.0,0.0,0.0,0.0,0.0,0.0,0.0
4463,1,1,2,0,0,1,100,1-25,60.0,1.0,0.0,1568.0,500000.0,1.0,1.0,11800.0,1.0,1,3.0,0.0,0.0,0.0,0.0,0.0,0.0,0.0,0.0
4464,1,1,2,0,0,0,1,1-25,60.0,1.0,0.0,1565.0,100.0,1.0,0.0,23.6,1.0,1,3.0,0.0,0.0,0.0,0.0,0.0,0.0,0.0,0.0
4466,1,1,2,0,0,0,1,1-25,60.0,1.0,0.0,1565.0,0.0,1.0,0.0,23.6,1.0,1,3.0,1.0,1.0,3.0,0.0,0.0,0.0,0.0,0.0
4467,0,1,2,0,0,1,2,1-25,60.0,1.0,0.0,1542.0,2500.0,1.0,0.0,11800.0,1.0,1,3.0,0.0,0.0,0.0,0.0,0.0,0.0,0.0,0.0
4468,1,1,2,0,0,1,2,1-25,60.0,1.0,0.0,1565.0,2500.0,1.0,0.0,11800.0,1.0,1,3.0,0.0,0.0,0.0,0.0,0.0,0.0,0.0,0.0
4469,1,1,2,0,0,0,1,1-25,60.0,1.0,0.0,1564.0,1505.0,0.0,0.0,100.0,1.0,1,3.0,0.0,0.0,0.0,0.0,0.0,0.0,0.0,0.0
4470,1,1,2,0,0,0,1,1-25,100.0,1.0,0.0,1564.0,55.0,0.0,0.0,50.0,1.0,0,3.0,0.0,0.0,0.0,0.0,0.0,0.0,0.0,0.0
4471,1,1,2,0,0,0,1,1-25,100.0,1.0,0.0,1564.0,65.0,0.0,0.0,60.0,1.0,0,3.0,0.0,0.0,0.0,0.0,0.0,0.0,0.0,0.0
4472,1,1,2,0,0,0,1,500-1000,60.0,1.0,0.0,1564.0,250.0,1.0,0.0,11800.0,1.0,1,3.0,0.0,0.0,0.0,0.0,0.0,0.0,0.0,0.0
4473,1,1,2,0,0,0,1,26-100,60.0,1.0,0.0,1564.0,65.0,0.0,0.0,70.0,1.0,1,3.0,0.0,0.0,0.0,0.0,0.0,0.0,0.0,0.0
4474,1,1,2,0,0,0,1,1-25,60.0,1.0,0.0,1564.0,20.0,0.0,0.0,0.0,1.0,1,3.0,0.0,0.0,0.0,0.0,0.0,0.0,0.0,0.0
4477,1,1,2,0,0,0,1,1-25,60.0,1.0,0.0,1564.0,5.0,0.0,0.0,0.0,1.0,1,3.0,0.0,0.0,0.0,0.0,0.0,0.0,0.0,0.0
4478,1,1,2,0,0,0,1,1-25,60.0,1.0,0.0,1564.0,5.0,0.0,0.0,0.0,1.0,1,3.0,0.0,0.0,0.0,0.0,0.0,0.0,0.0,0.0
4479,1,1,2,0,0,0,1,1-25,60.0,1.0,0.0,1564.0,20.0,0.0,0.0,10.0,1.0,1,3.0,0.0,0.0,0.0,0.0,0.0,0.0,0.0,0.0
4480,1,1,2,0,0,0,1,1-25,60.0,1.0,0.0,1563.0,5.0,0.0,0.0,0.0,1.0,1,3.0,1.0,0.0,0.0,0.0,0.0,0.0,0.0,0.0
4482,1,1,2,0,0,1,3,101-500,100.0,1.0,0.0,1561.0,300.0,0.0,0.0,1486.0,9.0,0,3.0,0.0,0.0,0.0,0.0,0.0,0.0,0.0,0.0
4484,1,1,2,0,0,1,2,1-25,60.0,1.0,0.0,1563.0,2500.0,1.0,0.0,11800.0,1.0,1,3.0,0.0,0.0,0.0,0.0,0.0,0.0,0.0,0.0
4485,1,1,2,0,0,1,2,1-25,60.0,1.0,0.0,1563.0,2500.0,1.0,0.0,11800.0,1.0,1,3.0,0.0,0.0,0.0,0.0,0.0,0.0,0.0,0.0
4486,1,1,2,0,0,1,2,1-25,60.0,1.0,0.0,1562.0,2500.0,1.0,0.0,11800.0,1.0,1,3.0,0.0,0.0,0.0,0.0,0.0,0.0,0.0,0.0
4487,1,1,2,0,0,1,2,26-100,100.0,1.0,0.0,1563.0,500.0,0.0,0.0,100.0,1.0,0,3.0,0.0,0.0,0.0,0.0,0.0,0.0,0.0,0.0
4488,1,1,2,0,0,1,2,26-100,100.0,1.0,0.0,1563.0,500.0,0.0,0.0,100.0,1.0,0,3.0,0.0,0.0,0.0,0.0,0.0,0.0,0.0,0.0
4489,1,1,2,0,0,1,2,26-100,100.0,1.0,0.0,1563.0,500.0,0.0,0.0,100.0,1.0,0,3.0,0.0,0.0,0.0,0.0,0.0,0.0,0.0,0.0
4490,1,1,2,0,0,1,2,26-100,100.0,1.0,0.0,1563.0,500.0,0.0,0.0,100.0,1.0,0,3.0,0.0,0.0,0.0,0.0,0.0,0.0,0.0,0.0
4491,1,1,2,0,0,1,2,26-100,100.0,1.0,0.0,1562.0,500.0,0.0,0.0,100.0,1.0,0,3.0,0.0,0.0,0.0,0.0,0.0,0.0,0.0,0.0
4492,1,1,2,0,0,0,1,1-25,60.0,1.0,0.0,1562.0,5.0,0.0,0.0,0.0,1.0,1,3.0,0.0,0.0,0.0,0.0,0.0,0.0,0.0,0.0
4493,1,1,2,0,0,0,1,1-25,60.0,1.0,0.0,1562.0,5.0,0.0,0.0,0.0,1.0,1,3.0,0.0,0.0,0.0,0.0,0.0,0.0,0.0,0.0
4494,1,1,2,0,0,0,1,1-25,60.0,1.0,0.0,1562.0,5.0,0.0,0.0,0.0,1.0,1,3.0,0.0,0.0,0.0,0.0,0.0,0.0,0.0,0.0
4495,1,1,2,0,0,0,1,26-100,60.0,1.0,0.0,1562.0,15.0,0.0,0.0,100.0,1.0,1,3.0,0.0,0.0,0.0,0.0,0.0,0.0,0.0,0.0
4496,1,1,2,0,0,0,1,101-500,100.0,1.0,0.0,428.0,5.0,0.0,0.0,0.0,1.0,0,3.0,0.0,0.0,0.0,0.0,0.0,0.0,0.0,0.0
4497,1,1,2,0,0,1,2,26-100,60.0,1.0,0.0,1562.0,100.0,1.0,0.0,118.0,1.0,1,3.0,0.0,0.0,0.0,0.0,0.0,0.0,0.0,0.0
4498,1,1,1,0,0,1,2,26-100,100.0,1.0,0.0,1562.0,650.0,0.0,0.0,1045.0,6.0,0,3.0,0.0,0.0,0.0,0.0,0.0,0.0,0.0,0.0
4499,1,1,1,0,0,1,0,26-100,60.0,1.0,0.0,1562.0,301.0,1.0,0.0,435.08,10.0,1,3.0,0.0,0.0,0.0,0.0,0.0,0.0,0.0,0.0
4500,1,1,2,0,0,1,2,1-25,60.0,1.0,0.0,1562.0,3703.0,1.0,0.0,3838.36,11.0,1,3.0,0.0,0.0,0.0,0.0,0.0,0.0,0.0,0.0
4501,1,1,2,0,0,1,1,1-25,60.0,1.0,0.0,1562.0,50.0,1.0,0.0,118.0,1.0,1,3.0,0.0,0.0,0.0,0.0,0.0,0.0,0.0,0.0
4503,1,1,2,0,0,1,0,1-25,60.0,1.0,0.0,1562.0,100.0,1.0,0.0,118.0,1.0,1,3.0,0.0,0.0,0.0,0.0,0.0,0.0,0.0,0.0
4505,1,1,1,0,0,0,1,26-100,100.0,1.0,0.0,1562.0,100.0,0.0,0.0,199.0,1.0,0,3.0,0.0,0.0,0.0,0.0,0.0,0.0,0.0,0.0
4506,1,1,2,0,0,0,1,26-100,100.0,1.0,0.0,1562.0,130.0,0.0,0.0,236.0,6.0,0,3.0,0.0,0.0,0.0,0.0,0.0,0.0,0.0,0.0
4507,1,1,2,0,0,0,1,1-25,60.0,1.0,0.0,1562.0,5.0,0.0,0.0,0.0,1.0,1,3.0,0.0,0.0,0.0,0.0,0.0,0.0,0.0,0.0
4508,1,1,1,0,0,1,1,1-25,60.0,1.0,0.0,1562.0,820.0,1.0,0.0,820.0,8.0,1,3.0,0.0,0.0,0.0,0.0,0.0,0.0,0.0,0.0
4509,1,1,2,0,0,1,2,1-25,100.0,1.0,0.0,1558.0,2009.0,0.0,0.0,3822.0,26.0,0,3.0,0.0,0.0,0.0,0.0,0.0,0.0,0.0,0.0
4511,1,1,2,0,0,0,1,1-25,60.0,1.0,0.0,1561.0,105.0,0.0,0.0,100.0,1.0,1,3.0,0.0,0.0,0.0,0.0,0.0,0.0,0.0,0.0
4512,1,1,1,0,0,1,2,1-25,100.0,1.0,0.0,1558.0,1310.0,0.0,0.0,313.0,7.0,0,3.0,0.0,0.0,0.0,0.0,0.0,0.0,0.0,0.0
4513,1,1,2,0,0,1,100,1-25,100.0,1.0,0.0,1554.0,500020.0,0.0,1.0,2070.0,7.0,0,3.0,0.0,0.0,0.0,0.0,0.0,0.0,0.0,0.0
4514,1,1,2,0,0,0,1,1-25,60.0,1.0,0.0,1561.0,25.0,0.0,0.0,523.0,1.0,1,3.0,0.0,0.0,0.0,0.0,0.0,0.0,0.0,0.0
4515,1,1,2,0,0,0,1,1-25,60.0,1.0,0.0,1561.0,125.0,1.0,0.0,170.0,2.0,1,3.0,0.0,0.0,0.0,0.0,0.0,0.0,0.0,0.0
4516,1,1,2,0,0,0,1,1-25,100.0,1.0,0.0,1561.0,5.0,0.0,0.0,199.0,2.0,0,3.0,0.0,0.0,0.0,0.0,0.0,0.0,0.0,0.0
4517,1,1,2,0,0,0,1,1-25,100.0,2.0,0.0,1561.0,5.0,0.0,0.0,0.0,1.0,0,3.0,0.0,0.0,0.0,0.0,0.0,0.0,0.0,0.0
4518,1,1,2,0,0,0,1,1-25,60.0,1.0,0.0,1561.0,115.0,0.0,0.0,82.0,2.0,1,3.0,0.0,0.0,0.0,0.0,0.0,0.0,0.0,0.0
4519,1,1,2,0,0,0,1,1-25,60.0,1.0,0.0,1561.0,50.0,1.0,0.0,118.0,1.0,1,3.0,0.0,0.0,0.0,0.0,0.0,0.0,0.0,0.0
4520,1,1,2,0,0,0,1,26-100,100.0,1.0,0.0,1561.0,1005.0,0.0,0.0,299.0,2.0,0,3.0,0.0,0.0,0.0,0.0,0.0,0.0,0.0,0.0
4521,1,1,2,0,0,0,1,26-100,100.0,1.0,0.0,1561.0,635.0,0.0,0.0,120.0,2.0,0,3.0,0.0,0.0,0.0,0.0,0.0,0.0,0.0,0.0
4522,1,1,2,0,0,0,1,26-100,60.0,1.0,0.0,1558.0,300.0,1.0,0.0,509.96,5.0,1,3.0,0.0,0.0,0.0,0.0,0.0,0.0,0.0,0.0
4523,1,1,2,0,0,0,1,26-100,100.0,1.0,0.0,1561.0,200.0,0.0,0.0,199.0,1.0,0,3.0,0.0,0.0,0.0,0.0,0.0,0.0,0.0,0.0
4524,1,1,1,0,0,0,1,26-100,60.0,1.0,0.0,1459.0,4396.0,1.0,0.0,3232.8,12.0,1,3.0,0.0,0.0,0.0,0.0,0.0,0.0,0.0,0.0
4525,1,1,2,0,0,0,1,500-1000,60.0,1.0,0.0,1554.0,197.0,1.0,0.0,11900.0,2.0,1,3.0,1.0,1.0,5.0,5.0,4.0,1.0,0.0,0.0
4527,1,1,2,0,0,1,2,1-25,100.0,1.0,0.0,1547.0,2379.0,0.0,0.0,1288.0,8.0,0,3.0,1.0,2.0,3.0,3.0,2.0,0.0,0.0,0.0
4528,1,1,1,0,0,1,2,26-100,60.0,1.0,0.0,1558.0,7581.0,1.0,0.0,4605.26,21.0,1,3.0,0.0,0.0,0.0,0.0,0.0,0.0,0.0,0.0
4529,1,1,1,0,0,1,6,1-25,100.0,1.0,0.0,1551.0,2762.0,0.0,0.0,4001.0,17.0,0,3.0,0.0,0.0,0.0,0.0,0.0,0.0,0.0,0.0
4531,1,1,1,0,0,0,1,26-100,60.0,1.0,0.0,1558.0,425.0,1.0,0.0,12110.0,4.0,1,3.0,0.0,0.0,0.0,0.0,0.0,0.0,0.0,0.0
4532,1,1,2,0,0,0,1,500-1000,60.0,1.0,0.0,1558.0,3342.0,1.0,0.0,2240.12,7.0,1,3.0,0.0,0.0,0.0,0.0,0.0,0.0,0.0,0.0
4534,1,1,1,0,0,1,4,26-100,60.0,1.0,0.0,1558.0,2057.0,1.0,0.0,1211.22,7.0,1,3.0,0.0,0.0,0.0,0.0,0.0,0.0,0.0,0.0
4535,1,1,2,0,0,1,0,26-100,60.0,1.0,0.0,1558.0,550.0,1.0,0.0,637.2,2.0,1,3.0,0.0,0.0,0.0,0.0,0.0,0.0,0.0,0.0
4537,1,1,2,0,0,1,100,26-100,60.0,1.0,0.0,1558.0,80.0,1.0,1.0,860.0,7.0,1,3.0,0.0,0.0,0.0,0.0,0.0,0.0,0.0,0.0
4538,1,1,2,0,0,0,1,500-1000,60.0,1.0,0.0,1558.0,5.0,1.0,0.0,0.0,1.0,1,3.0,0.0,0.0,0.0,0.0,0.0,0.0,0.0,0.0
4539,1,1,2,0,0,0,1,101-500,60.0,1.0,0.0,1558.0,5.0,1.0,0.0,118.0,1.0,1,3.0,0.0,1.0,0.0,0.0,0.0,0.0,0.0,0.0
4540,1,1,2,0,0,0,1,101-500,60.0,1.0,0.0,1558.0,105.0,0.0,0.0,100.0,1.0,1,3.0,0.0,0.0,0.0,0.0,0.0,0.0,0.0,0.0
4541,1,1,2,0,0,0,1,101-500,60.0,1.0,0.0,1558.0,5.0,1.0,0.0,0.0,1.0,1,3.0,0.0,0.0,0.0,0.0,0.0,0.0,0.0,0.0
4542,1,1,2,0,0,1,100,1-25,60.0,1.0,0.0,1558.0,1000.0,1.0,1.0,1208.0,4.0,1,3.0,0.0,0.0,0.0,0.0,0.0,0.0,0.0,0.0
4543,1,1,2,0,0,1,0,26-100,60.0,1.0,0.0,1557.0,50.0,1.0,0.0,40.0,1.0,1,3.0,0.0,0.0,0.0,0.0,0.0,0.0,0.0,0.0
4544,1,1,2,0,0,1,0,101-500,60.0,1.0,0.0,1558.0,59.0,1.0,0.0,47.2,1.0,1,3.0,0.0,0.0,0.0,0.0,0.0,0.0,0.0,0.0
4545,1,1,2,0,0,0,1,101-500,100.0,2.0,0.0,1558.0,17.0,0.0,0.0,112.0,2.0,0,3.0,0.0,0.0,0.0,0.0,0.0,0.0,0.0,0.0
4546,1,1,2,0,0,1,100,1-25,100.0,1.0,0.0,1459.0,500000.0,0.0,1.0,150.0,1.0,0,3.0,0.0,0.0,0.0,0.0,0.0,0.0,0.0,0.0
4548,1,1,2,0,0,0,1,1-25,60.0,1.0,0.0,1557.0,10.0,1.0,0.0,0.0,1.0,1,3.0,0.0,0.0,0.0,0.0,0.0,0.0,0.0,0.0
4549,1,1,2,0,0,0,1,26-100,60.0,1.0,0.0,1557.0,49.0,1.0,0.0,118.0,1.0,1,3.0,1.0,1.0,1.0,1.0,1.0,0.0,0.0,0.0
4551,1,1,2,0,0,0,1,1-25,60.0,1.0,0.0,1557.0,15.0,0.0,0.0,100.0,2.0,1,3.0,0.0,0.0,0.0,0.0,0.0,0.0,0.0,0.0
4552,1,1,2,0,0,0,1,1-25,60.0,1.0,0.0,1557.0,50.0,1.0,0.0,118.0,1.0,1,3.0,0.0,0.0,0.0,0.0,0.0,0.0,0.0,0.0
4553,1,1,2,0,0,1,1,1-25,60.0,1.0,0.0,1557.0,200.0,1.0,0.0,4000.0,1.0,1,3.0,0.0,0.0,0.0,0.0,0.0,0.0,0.0,0.0
4555,1,1,2,0,0,1,1,1-25,60.0,1.0,0.0,1557.0,100.0,1.0,0.0,2000.0,1.0,1,3.0,0.0,0.0,0.0,0.0,0.0,0.0,0.0,0.0
4556,1,1,2,0,0,1,3,26-100,60.0,1.0,0.0,1557.0,565.0,1.0,0.0,18300.0,6.0,1,3.0,0.0,0.0,0.0,0.0,0.0,0.0,0.0,0.0
4558,1,1,2,0,0,0,1,26-100,60.0,1.0,0.0,1557.0,5.0,0.0,0.0,0.0,1.0,1,3.0,0.0,0.0,0.0,0.0,0.0,0.0,0.0,0.0
4559,1,1,2,0,0,0,1,1-25,60.0,1.0,0.0,1557.0,10.0,0.0,0.0,0.0,1.0,1,3.0,0.0,0.0,0.0,0.0,0.0,0.0,0.0,0.0
4560,1,1,2,0,0,0,1,1-25,60.0,1.0,0.0,1556.0,5.0,0.0,0.0,0.0,1.0,1,3.0,0.0,0.0,0.0,0.0,0.0,0.0,0.0,0.0
4561,1,1,2,0,0,0,1,1-25,60.0,1.0,0.0,1556.0,5.0,0.0,0.0,0.0,1.0,1,3.0,0.0,0.0,0.0,0.0,0.0,0.0,0.0,0.0
4562,1,1,2,0,0,0,1,26-100,60.0,1.0,0.0,1556.0,925.0,0.0,0.0,956.0,5.0,1,3.0,0.0,0.0,0.0,0.0,0.0,0.0,0.0,0.0
4563,1,1,2,0,0,0,1,1-25,60.0,1.0,0.0,1556.0,20.0,0.0,0.0,0.0,1.0,1,3.0,0.0,0.0,0.0,0.0,0.0,0.0,0.0,0.0
4564,1,1,2,0,0,0,1,1-25,60.0,1.0,0.0,1556.0,20.0,0.0,0.0,0.0,1.0,1,3.0,0.0,0.0,0.0,0.0,0.0,0.0,0.0,0.0
4565,1,1,2,0,0,1,4,26-100,60.0,1.0,0.0,1556.0,105.0,1.0,0.0,120.0,2.0,1,3.0,0.0,0.0,0.0,0.0,0.0,0.0,0.0,0.0
4566,1,1,2,0,0,0,1,1-25,60.0,1.0,0.0,1556.0,105.0,1.0,0.0,218.0,2.0,1,3.0,0.0,0.0,0.0,0.0,0.0,0.0,0.0,0.0
4567,1,1,2,0,0,0,1,1-25,60.0,1.0,0.0,1556.0,20.0,1.0,0.0,10.0,1.0,1,3.0,0.0,0.0,0.0,0.0,0.0,0.0,0.0,0.0
4568,1,1,2,0,0,0,1,1-25,60.0,1.0,0.0,1556.0,60.0,1.0,0.0,118.0,2.0,1,3.0,0.0,0.0,0.0,0.0,0.0,0.0,0.0,0.0
4569,1,1,2,0,0,1,5,101-500,100.0,1.0,0.0,1556.0,55.0,0.0,0.0,199.0,3.0,0,3.0,0.0,0.0,0.0,0.0,0.0,0.0,0.0,0.0
4570,1,1,2,0,0,0,1,26-100,100.0,1.0,0.0,1542.0,15.0,0.0,0.0,199.0,2.0,0,3.0,0.0,0.0,0.0,0.0,0.0,0.0,0.0,0.0
4571,1,1,2,0,0,0,1,1-25,60.0,1.0,0.0,1556.0,20.0,1.0,0.0,0.0,1.0,1,3.0,0.0,0.0,0.0,0.0,0.0,0.0,0.0,0.0
4572,1,1,2,0,0,0,1,1-25,60.0,1.0,0.0,1556.0,165.0,1.0,0.0,100.0,1.0,1,3.0,0.0,0.0,0.0,0.0,0.0,0.0,0.0,0.0
4573,1,1,2,0,0,0,1,1-25,100.0,1.0,0.0,1554.0,35.0,0.0,0.0,1005.0,6.0,0,3.0,0.0,0.0,0.0,0.0,0.0,0.0,0.0,0.0
4574,1,1,2,0,0,1,4,26-100,60.0,1.0,0.0,1554.0,400.0,1.0,0.0,479.2,4.0,1,3.0,0.0,1.0,0.0,0.0,0.0,0.0,0.0,0.0
4575,1,1,1,0,0,0,1,26-100,60.0,1.0,0.0,1492.0,1166.0,1.0,0.0,4012.1,5.0,1,3.0,0.0,0.0,0.0,0.0,0.0,0.0,0.0,0.0
4576,1,1,1,0,0,0,1,1-25,60.0,1.0,0.0,1555.0,1090.0,1.0,0.0,787.0,6.0,1,3.0,0.0,0.0,0.0,0.0,0.0,0.0,0.0,0.0
4577,1,1,2,0,0,1,5,1-25,100.0,1.0,0.0,1555.0,590.0,0.0,0.0,274.0,4.0,0,3.0,0.0,0.0,0.0,0.0,0.0,0.0,0.0,0.0
4578,1,1,1,0,0,0,1,1-25,100.0,1.0,0.0,1555.0,5.0,0.0,0.0,1.0,2.0,0,3.0,0.0,0.0,0.0,0.0,0.0,0.0,0.0,0.0
4579,1,1,2,0,0,0,1,1-25,60.0,1.0,0.0,1492.0,152.0,1.0,0.0,152.07999999999998,5.0,1,3.0,0.0,0.0,0.0,0.0,0.0,0.0,0.0,0.0
4580,1,1,2,0,0,0,1,26-100,60.0,1.0,0.0,1555.0,850.0,1.0,0.0,1207.0,4.0,1,3.0,0.0,0.0,0.0,0.0,0.0,0.0,0.0,0.0
4581,1,1,2,0,0,0,1,1-25,100.0,1.0,0.0,1380.0,6.0,0.0,0.0,0.0,1.0,0,3.0,0.0,0.0,0.0,0.0,0.0,0.0,0.0,0.0
4582,1,1,2,0,0,0,1,26-100,60.0,1.0,0.0,1555.0,6.0,1.0,0.0,1.0,1.0,1,3.0,0.0,0.0,0.0,0.0,0.0,0.0,0.0,0.0
4583,1,1,2,0,0,0,1,101-500,100.0,1.0,0.0,1555.0,100.0,0.0,0.0,199.0,1.0,0,3.0,0.0,0.0,0.0,0.0,0.0,0.0,0.0,0.0
4584,1,1,1,0,0,0,1,500-1000,60.0,1.0,0.0,1554.0,1006.0,1.0,0.0,827.08,5.0,1,3.0,0.0,0.0,0.0,0.0,0.0,0.0,0.0,0.0
4585,1,1,2,0,0,0,1,26-100,100.0,1.0,0.0,1554.0,50.0,0.0,0.0,299.0,3.0,0,3.0,0.0,0.0,0.0,0.0,0.0,0.0,0.0,0.0
4586,1,1,2,0,0,1,2,26-100,100.0,1.0,0.0,1554.0,505.0,0.0,0.0,1199.0,2.0,0,3.0,0.0,0.0,0.0,0.0,0.0,0.0,0.0,0.0
4587,1,1,2,0,0,0,1,26-100,100.0,1.0,0.0,1554.0,5.0,0.0,0.0,0.0,1.0,0,3.0,0.0,0.0,0.0,0.0,0.0,0.0,0.0,0.0
4588,1,1,2,0,0,0,1,1-25,100.0,1.0,0.0,1554.0,100.0,0.0,0.0,199.0,1.0,0,3.0,0.0,0.0,0.0,0.0,0.0,0.0,0.0,0.0
4590,1,1,2,0,0,0,1,1-25,100.0,1.0,0.0,1554.0,200.0,0.0,0.0,199.0,1.0,0,3.0,0.0,0.0,0.0,0.0,0.0,0.0,0.0,0.0
4591,1,1,2,0,0,1,10,101-500,100.0,1.0,0.0,1551.0,400.0,0.0,0.0,199.0,1.0,0,3.0,0.0,0.0,0.0,0.0,0.0,0.0,0.0,0.0
4592,1,1,2,0,0,0,1,101-500,60.0,1.0,0.0,946.0,50.0,1.0,0.0,1000.0,1.0,1,3.0,0.0,0.0,0.0,0.0,0.0,0.0,0.0,0.0
4593,1,1,2,0,0,0,1,101-500,100.0,1.0,0.0,1552.0,200.0,0.0,0.0,199.0,1.0,0,3.0,0.0,0.0,0.0,0.0,0.0,0.0,0.0,0.0
4594,1,1,2,0,0,1,5,101-500,100.0,1.0,0.0,1551.0,200.0,0.0,0.0,199.0,1.0,0,3.0,0.0,0.0,0.0,0.0,0.0,0.0,0.0,0.0
4595,1,1,2,0,0,0,1,101-500,60.0,1.0,0.0,1542.0,5.0,1.0,0.0,0.0,1.0,1,3.0,0.0,0.0,0.0,0.0,0.0,0.0,0.0,0.0
4596,1,1,2,0,0,0,1,1-25,60.0,1.0,0.0,1551.0,5.0,1.0,0.0,0.0,1.0,1,3.0,0.0,0.0,0.0,0.0,0.0,0.0,0.0,0.0
4597,1,1,2,0,0,0,1,101-500,100.0,1.0,0.0,1551.0,5.0,0.0,0.0,0.0,1.0,0,3.0,0.0,0.0,0.0,0.0,0.0,0.0,0.0,0.0
4598,1,1,2,0,0,0,1,101-500,100.0,1.0,0.0,1551.0,505.0,0.0,0.0,500.0,1.0,0,3.0,0.0,0.0,0.0,0.0,0.0,0.0,0.0,0.0
4599,1,1,2,0,0,0,1,101-500,100.0,1.0,0.0,1551.0,55.0,0.0,0.0,100.0,1.0,0,3.0,0.0,0.0,0.0,0.0,0.0,0.0,0.0,0.0
4600,1,1,2,0,0,0,1,101-500,100.0,1.0,0.0,1551.0,50.0,0.0,0.0,100.0,1.0,0,3.0,0.0,0.0,0.0,0.0,0.0,0.0,0.0,0.0
4601,1,1,2,0,0,0,1,101-500,60.0,1.0,0.0,1551.0,505.0,1.0,0.0,456.0,1.0,1,3.0,0.0,0.0,0.0,0.0,0.0,0.0,0.0,0.0
4602,1,1,2,0,0,0,1,101-500,100.0,1.0,0.0,1551.0,5.0,0.0,0.0,0.0,1.0,0,3.0,0.0,0.0,0.0,0.0,0.0,0.0,0.0,0.0
4603,1,1,2,0,0,0,1,101-500,100.0,1.0,0.0,1551.0,5.0,0.0,0.0,0.0,1.0,0,3.0,0.0,0.0,0.0,0.0,0.0,0.0,0.0,0.0
4604,1,1,2,0,0,0,1,26-100,100.0,1.0,0.0,1551.0,5.0,0.0,0.0,0.0,1.0,0,3.0,0.0,0.0,0.0,0.0,0.0,0.0,0.0,0.0
4605,1,1,2,0,0,0,1,26-100,100.0,1.0,0.0,1549.0,10210.0,0.0,0.0,1299.0,3.0,0,3.0,0.0,0.0,0.0,0.0,0.0,0.0,0.0,0.0
4606,1,1,2,0,0,0,1,26-100,60.0,1.0,0.0,1549.0,1000100.0,1.0,0.0,10023.6,2.0,1,3.0,0.0,0.0,0.0,0.0,0.0,0.0,0.0,0.0
4607,1,1,2,0,0,0,1,26-100,100.0,1.0,0.0,1549.0,200.0,0.0,0.0,199.0,1.0,0,3.0,0.0,0.0,0.0,0.0,0.0,0.0,0.0,0.0
4608,1,1,2,0,0,0,1,101-500,100.0,1.0,0.0,1548.0,200.0,0.0,0.0,199.0,1.0,0,3.0,0.0,0.0,0.0,0.0,0.0,0.0,0.0,0.0
4609,1,1,2,0,0,1,5,101-500,100.0,1.0,0.0,1548.0,500.0,0.0,0.0,399.0,2.0,0,3.0,0.0,0.0,0.0,0.0,0.0,0.0,0.0,0.0
4610,1,1,2,0,0,1,5,101-500,100.0,1.0,0.0,1547.0,500.0,0.0,0.0,399.0,2.0,0,3.0,0.0,0.0,0.0,0.0,0.0,0.0,0.0,0.0
4611,1,1,2,0,0,0,1,101-500,60.0,1.0,0.0,1547.0,55.0,1.0,0.0,100.0,1.0,1,3.0,0.0,0.0,0.0,0.0,0.0,0.0,0.0,0.0
4612,1,1,2,0,0,1,5,101-500,100.0,1.0,0.0,1547.0,400.0,0.0,0.0,199.0,1.0,0,3.0,0.0,0.0,0.0,0.0,0.0,0.0,0.0,0.0
4613,1,1,2,0,0,1,5,101-500,100.0,1.0,0.0,1547.0,500000.0,0.0,1.0,399.0,2.0,0,3.0,0.0,0.0,0.0,0.0,0.0,0.0,0.0,0.0
4614,1,1,1,0,0,1,10,101-500,100.0,1.0,0.0,1547.0,2210.0,0.0,0.0,2009.0,3.0,0,3.0,0.0,0.0,0.0,0.0,0.0,0.0,0.0,0.0
4615,1,1,2,0,0,1,5,101-500,100.0,1.0,0.0,1547.0,400.0,0.0,0.0,199.0,1.0,0,3.0,0.0,0.0,0.0,0.0,0.0,0.0,0.0,0.0
4616,1,1,2,0,0,1,5,101-500,100.0,1.0,0.0,1547.0,700.0,0.0,0.0,399.0,2.0,0,3.0,0.0,0.0,0.0,0.0,0.0,0.0,0.0,0.0
4617,1,1,2,0,0,1,5,101-500,100.0,1.0,0.0,1547.0,400.0,0.0,0.0,199.0,1.0,0,3.0,0.0,0.0,0.0,0.0,0.0,0.0,0.0,0.0
4618,1,1,2,0,0,1,5,101-500,100.0,1.0,0.0,1493.0,700.0,0.0,0.0,399.0,2.0,0,3.0,1.0,1.0,0.0,0.0,0.0,0.0,0.0,0.0
4619,1,1,2,0,0,0,1,26-100,60.0,1.0,0.0,1544.0,250.0,1.0,0.0,2950.0,1.0,1,3.0,0.0,0.0,0.0,0.0,0.0,0.0,0.0,0.0
4621,1,1,2,0,0,1,100,26-100,100.0,1.0,0.0,1544.0,500000.0,0.0,1.0,100.0,1.0,0,3.0,0.0,0.0,0.0,0.0,0.0,0.0,0.0,0.0
4622,1,1,2,0,0,0,1,26-100,60.0,1.0,0.0,1544.0,50.0,1.0,0.0,118.0,1.0,1,3.0,0.0,0.0,0.0,0.0,0.0,0.0,0.0,0.0
4623,1,1,2,0,0,1,100,500-1000,60.0,1.0,0.0,1544.0,200.0,1.0,1.0,2950000.0,1.0,1,3.0,0.0,0.0,0.0,0.0,0.0,0.0,0.0,0.0
4624,1,1,2,0,0,0,1,500-1000,60.0,1.0,0.0,1544.0,200.0,1.0,0.0,2950000.0,1.0,1,3.0,0.0,0.0,0.0,0.0,0.0,0.0,0.0,0.0
4625,1,1,2,0,0,1,2,26-100,100.0,1.0,0.0,1544.0,500.0,0.0,0.0,100.0,1.0,0,3.0,0.0,0.0,0.0,0.0,0.0,0.0,0.0,0.0
4626,1,1,2,0,0,1,6,26-100,100.0,1.0,0.0,1544.0,500000.0,0.0,1.0,100.0,1.0,0,3.0,0.0,0.0,0.0,0.0,0.0,0.0,0.0,0.0
4627,1,1,2,0,0,1,100,26-100,100.0,1.0,0.0,1544.0,500000.0,0.0,1.0,100.0,1.0,0,3.0,0.0,0.0,0.0,0.0,0.0,0.0,0.0,0.0
4629,1,1,2,0,0,0,1,1-25,100.0,1.0,0.0,1543.0,10.0,0.0,0.0,199.0,2.0,0,3.0,0.0,0.0,0.0,0.0,0.0,0.0,0.0,0.0
4630,1,1,2,0,0,0,1,26-100,60.0,1.0,0.0,1543.0,500000.0,1.0,1.0,118.0,1.0,1,3.0,1.0,1.0,0.0,0.0,0.0,0.0,0.0,0.0
4631,1,1,2,0,0,1,100,26-100,100.0,1.0,0.0,1542.0,0.0,0.0,0.0,200.0,1.0,0,3.0,0.0,0.0,0.0,0.0,0.0,0.0,0.0,0.0
4632,1,1,2,0,0,1,100,26-100,100.0,1.0,0.0,1542.0,500000.0,0.0,1.0,3000.0,1.0,0,3.0,0.0,0.0,0.0,0.0,0.0,0.0,0.0,0.0
4633,1,1,2,0,0,0,1,26-100,60.0,1.0,0.0,1542.0,60.0,1.0,0.0,238.0,3.0,1,3.0,0.0,0.0,0.0,0.0,0.0,0.0,0.0,0.0
4637,1,1,2,0,0,1,2,26-100,60.0,1.0,0.0,1542.0,500000.0,1.0,1.0,118.0,1.0,1,3.0,0.0,0.0,0.0,0.0,0.0,0.0,0.0,0.0
4646,1,1,2,0,0,0,1,26-100,60.0,1.0,0.0,946.0,100.0,1.0,0.0,11800.0,1.0,1,3.0,1.0,1.0,1.0,0.0,0.0,0.0,0.0,0.0
4647,1,1,2,0,0,0,1,26-100,60.0,1.0,0.0,1537.0,100.0,1.0,0.0,11800.0,1.0,1,3.0,0.0,0.0,0.0,0.0,0.0,0.0,0.0,0.0
4653,1,0,2,0,0,0,1,26-100,0.0,1.0,0.0,1509.0,100.0,1.0,0.0,11800.0,1.0,1,3.0,0.0,0.0,0.0,0.0,0.0,0.0,0.0,0.0
4654,1,0,2,0,0,0,1,26-100,100.0,1.0,0.0,1509.0,200.0,0.0,0.0,199.0,1.0,0,3.0,0.0,0.0,0.0,0.0,0.0,0.0,0.0,0.0
4655,1,0,2,0,0,0,1,26-100,100.0,1.0,0.0,1509.0,100.0,0.0,0.0,199.0,1.0,0,3.0,0.0,0.0,0.0,0.0,0.0,0.0,0.0,0.0
4656,1,0,2,0,0,0,1,26-100,0.0,1.0,0.0,1102.0,250.0,1.0,0.0,11800.0,1.0,1,3.0,1.0,0.0,10.0,0.0,0.0,0.0,0.0,0.0
4657,1,0,2,0,0,0,1,26-100,0.0,1.0,0.0,1509.0,250.0,1.0,0.0,11800.0,1.0,1,3.0,0.0,0.0,0.0,0.0,0.0,0.0,0.0,0.0
4658,1,0,2,0,0,0,1,26-100,0.0,1.0,0.0,1509.0,100.0,1.0,0.0,11800.0,1.0,1,3.0,0.0,0.0,0.0,0.0,0.0,0.0,0.0,0.0
4659,1,0,2,0,0,0,1,26-100,100.0,1.0,0.0,1509.0,100.0,0.0,0.0,199.0,1.0,0,3.0,0.0,0.0,0.0,0.0,0.0,0.0,0.0,0.0
4660,1,0,2,0,0,0,0,26-100,100.0,1.0,0.0,1509.0,123.0,0.0,0.0,123.0,1.0,0,3.0,0.0,0.0,0.0,0.0,0.0,0.0,0.0,0.0
4661,1,0,2,0,0,0,1,26-100,100.0,1.0,0.0,1509.0,550.0,0.0,0.0,199.0,1.0,0,3.0,0.0,0.0,0.0,0.0,0.0,0.0,0.0,0.0
4662,1,0,2,0,0,0,1,101-500,0.0,1.0,0.0,1509.0,50.0,1.0,0.0,11798.82,1.0,1,3.0,0.0,0.0,0.0,0.0,0.0,0.0,0.0,0.0
4663,1,0,2,0,0,0,1,26-100,0.0,1.0,0.0,1509.0,50.0,1.0,0.0,11798.82,1.0,1,3.0,0.0,0.0,0.0,0.0,0.0,0.0,0.0,0.0
4664,1,0,2,0,0,0,3,500-1000,100.0,2.0,0.0,1509.0,10.0,0.0,0.0,390.0,1.0,0,3.0,0.0,0.0,0.0,0.0,0.0,0.0,0.0,0.0
4665,1,0,2,0,0,0,1,26-100,0.0,1.0,0.0,1509.0,60.0,1.0,0.0,11.8,1.0,1,3.0,0.0,0.0,0.0,0.0,0.0,0.0,0.0,0.0
4666,1,0,2,0,0,0,0,500-1000,100.0,1.0,0.0,1509.0,0.0,0.0,0.0,345.0,1.0,0,3.0,0.0,0.0,0.0,0.0,0.0,0.0,0.0,0.0
4674,1,0,2,0,0,0,1,101-500,0.0,1.0,0.0,1508.0,0.0,1.0,0.0,59.0,1.0,1,3.0,0.0,0.0,0.0,0.0,0.0,0.0,0.0,0.0
4675,1,0,2,0,0,0,1,500-1000,0.0,1.0,0.0,1508.0,0.0,1.0,0.0,59.0,1.0,1,3.0,0.0,0.0,0.0,0.0,0.0,0.0,0.0,0.0
4676,1,0,2,0,0,0,1,500-1000,0.0,1.0,0.0,1507.0,0.0,1.0,0.0,59.0,1.0,1,3.0,0.0,0.0,0.0,0.0,0.0,0.0,0.0,0.0
4677,1,0,2,0,0,0,1,500-1000,0.0,1.0,0.0,1500.0,30.0,1.0,0.0,53.1,1.0,1,3.0,0.0,1.0,0.0,0.0,0.0,0.0,0.0,0.0
4679,1,0,1,0,0,1,2,500-1000,100.0,1.0,0.0,1506.0,223.0,0.0,0.0,1368.0,7.0,0,3.0,0.0,0.0,0.0,0.0,0.0,0.0,0.0,0.0
4680,1,0,2,0,0,0,1,26-100,0.0,1.0,0.0,1506.0,0.0,1.0,0.0,59.0,1.0,1,3.0,0.0,0.0,0.0,0.0,0.0,0.0,0.0,0.0
4681,1,0,2,0,0,0,100,26-100,100.0,1.0,0.0,1506.0,500000.0,0.0,1.0,100.0,1.0,0,3.0,0.0,0.0,0.0,0.0,0.0,0.0,0.0,0.0
4682,1,0,2,0,0,0,1,101-500,100.0,1.0,0.0,1506.0,550.0,0.0,0.0,199.0,1.0,0,3.0,0.0,0.0,0.0,0.0,0.0,0.0,0.0,0.0
4683,0,0,1,0,0,1,3,101-500,0.0,1.0,0.0,1498.0,1042.0,1.0,0.0,120053.1,4.0,1,3.0,0.0,0.0,0.0,0.0,0.0,0.0,0.0,0.0
4684,1,0,2,0,0,0,1,101-500,0.0,1.0,0.0,1505.0,30.0,1.0,0.0,53.1,1.0,1,3.0,1.0,0.0,0.0,0.0,0.0,0.0,0.0,0.0
4685,1,0,2,0,0,0,1,26-100,0.0,1.0,0.0,1505.0,2453.0,1.0,0.0,53.1,1.0,1,3.0,0.0,0.0,0.0,0.0,0.0,0.0,0.0,0.0
4686,1,0,2,0,0,0,1,500-1000,0.0,1.0,0.0,1057.0,5.0,0.0,0.0,0.0,1.0,1,3.0,0.0,0.0,0.0,0.0,0.0,0.0,0.0,0.0
4687,1,0,1,0,0,0,1,More than 1000,0.0,1.0,0.0,1505.0,30.0,0.0,0.0,100.0,1.0,1,3.0,0.0,0.0,0.0,0.0,0.0,0.0,0.0,0.0
4688,1,0,2,0,0,0,1,26-100,100.0,1.0,0.0,1505.0,5.0,0.0,0.0,0.0,1.0,0,3.0,0.0,0.0,0.0,0.0,0.0,0.0,0.0,0.0
4689,1,0,2,0,0,0,1,500-1000,0.0,1.0,0.0,1505.0,5.0,0.0,0.0,0.0,1.0,1,3.0,0.0,0.0,0.0,0.0,0.0,0.0,0.0,0.0
4690,1,0,2,0,0,0,1,500-1000,100.0,2.0,0.0,1509.0,5.0,0.0,0.0,0.0,1.0,0,3.0,0.0,0.0,0.0,0.0,0.0,0.0,0.0,0.0
4691,1,0,2,0,0,0,1,More than 1000,100.0,1.0,0.0,1505.0,5.0,0.0,0.0,0.0,1.0,0,3.0,0.0,0.0,0.0,0.0,0.0,0.0,0.0,0.0
4694,1,0,2,0,0,0,1,1-25,0.0,1.0,0.0,1486.0,50.0,1.0,0.0,118.0,1.0,1,3.0,0.0,0.0,0.0,0.0,0.0,0.0,0.0,0.0
4695,1,0,2,0,0,0,1,1-25,100.0,1.0,0.0,1502.0,100.0,0.0,0.0,199.0,1.0,0,3.0,0.0,0.0,0.0,0.0,0.0,0.0,0.0,0.0
4696,1,0,2,0,0,0,1,26-100,0.0,1.0,0.0,1501.0,67.0,1.0,0.0,560.5,1.0,1,3.0,0.0,0.0,0.0,0.0,0.0,0.0,0.0,0.0
4697,1,0,2,0,0,0,1,26-100,0.0,1.0,0.0,1501.0,5.0,1.0,0.0,1180.0,1.0,1,3.0,0.0,0.0,0.0,0.0,0.0,0.0,0.0,0.0
4698,1,0,2,0,0,0,1,1-25,0.0,1.0,0.0,1501.0,5.0,1.0,0.0,1180.0,1.0,1,3.0,0.0,0.0,0.0,0.0,0.0,0.0,0.0,0.0
4699,1,0,2,0,0,1,2,1-25,100.0,1.0,0.0,1501.0,100.0,0.0,0.0,199.0,1.0,0,3.0,0.0,0.0,0.0,0.0,0.0,0.0,0.0,0.0
4700,1,0,2,0,0,1,4,1-25,100.0,1.0,0.0,1501.0,350.0,0.0,0.0,200.0,1.0,0,3.0,0.0,0.0,0.0,0.0,0.0,0.0,0.0,0.0
4704,1,0,2,0,0,0,1,1-25,100.0,1.0,0.0,1500.0,500.0,0.0,0.0,300.0,1.0,0,3.0,0.0,0.0,0.0,0.0,0.0,0.0,0.0,0.0
4705,1,0,2,0,0,0,1,More than 1000,100.0,1.0,0.0,1500.0,0.0,0.0,0.0,100.0,1.0,0,3.0,0.0,0.0,0.0,0.0,0.0,0.0,0.0,0.0
4706,1,0,2,0,0,0,1,26-100,100.0,1.0,0.0,1500.0,0.0,0.0,0.0,100.0,1.0,0,3.0,0.0,0.0,0.0,0.0,0.0,0.0,0.0,0.0
4707,1,0,2,0,0,0,1,1-25,0.0,1.0,0.0,1500.0,5.0,1.0,0.0,1180.0,1.0,1,3.0,0.0,0.0,0.0,0.0,0.0,0.0,0.0,0.0
4708,1,0,2,0,0,0,1,101-500,0.0,1.0,0.0,1500.0,67.0,1.0,0.0,560.5,1.0,1,3.0,0.0,0.0,0.0,0.0,0.0,0.0,0.0,0.0
4709,1,0,2,0,0,0,1,26-100,0.0,1.0,0.0,1499.0,67.0,1.0,0.0,560.5,1.0,1,3.0,0.0,0.0,0.0,0.0,0.0,0.0,0.0,0.0
4710,1,0,2,0,0,0,100,101-500,100.0,1.0,0.0,1499.0,500000.0,0.0,1.0,100.0,1.0,0,3.0,0.0,0.0,0.0,0.0,0.0,0.0,0.0,0.0
4712,1,0,2,0,0,0,1,1-25,0.0,1.0,0.0,1499.0,5.0,1.0,0.0,1180.0,1.0,1,3.0,0.0,0.0,0.0,0.0,0.0,0.0,0.0,0.0
4713,1,0,2,0,0,0,1,26-100,0.0,1.0,0.0,1499.0,220.0,0.0,0.0,1000.0,1.0,1,3.0,0.0,0.0,0.0,0.0,0.0,0.0,0.0,0.0
4714,1,0,2,0,0,0,100,500-1000,100.0,1.0,0.0,1499.0,500000.0,0.0,1.0,567.0,1.0,0,3.0,0.0,0.0,0.0,0.0,0.0,0.0,0.0,0.0
4715,1,0,2,0,0,0,1,26-100,0.0,1.0,0.0,1499.0,30.0,0.0,0.0,100.0,1.0,1,3.0,0.0,0.0,0.0,0.0,0.0,0.0,0.0,0.0
4716,1,0,2,0,0,0,1,1-25,100.0,1.0,0.0,1499.0,2300.0,0.0,0.0,199.0,1.0,0,3.0,0.0,0.0,0.0,0.0,0.0,0.0,0.0,0.0
4717,1,0,2,0,0,0,1,26-100,0.0,1.0,0.0,1499.0,105.0,0.0,0.0,100.0,1.0,1,3.0,0.0,0.0,0.0,0.0,0.0,0.0,0.0,0.0
4718,1,0,1,0,0,1,4,101-500,0.0,1.0,0.0,1495.0,167.0,1.0,0.0,2960.5,5.0,1,3.0,0.0,0.0,0.0,0.0,0.0,0.0,0.0,0.0
4719,1,0,2,0,0,0,1,More than 1000,100.0,1.0,0.0,1498.0,550.0,0.0,0.0,199.0,1.0,0,3.0,3.0,1.0,2.0,0.0,0.0,0.0,0.0,0.0
4720,1,0,2,0,0,0,1,26-100,0.0,1.0,0.0,1486.0,5.0,1.0,0.0,1180.0,1.0,1,3.0,0.0,0.0,0.0,0.0,0.0,0.0,0.0,0.0
4721,1,0,2,0,0,0,1,1-25,0.0,1.0,0.0,1498.0,5.0,1.0,0.0,1180.0,1.0,1,3.0,0.0,0.0,0.0,0.0,0.0,0.0,0.0,0.0
4722,1,0,2,0,0,0,1,1-25,0.0,1.0,0.0,1498.0,5.0,1.0,0.0,1180.0,1.0,1,3.0,0.0,0.0,0.0,0.0,0.0,0.0,0.0,0.0
4723,1,0,2,0,0,0,100,26-100,0.0,1.0,0.0,1495.0,500000.0,1.0,1.0,100.0,1.0,1,3.0,0.0,1.0,0.0,0.0,0.0,0.0,0.0,0.0
4724,1,0,2,0,0,0,100,26-100,100.0,1.0,0.0,1498.0,500000.0,0.0,1.0,100.0,1.0,0,3.0,0.0,0.0,0.0,0.0,0.0,0.0,0.0,0.0
4725,1,0,2,0,0,0,100,1-25,100.0,1.0,0.0,1498.0,500000.0,0.0,1.0,200.0,1.0,0,3.0,0.0,0.0,0.0,0.0,0.0,0.0,0.0,0.0
4726,1,0,2,0,0,0,1,1-25,0.0,1.0,0.0,1498.0,5.0,1.0,0.0,1180.0,1.0,1,3.0,0.0,0.0,0.0,0.0,0.0,0.0,0.0,0.0
4727,1,0,2,0,0,0,1,1-25,0.0,1.0,0.0,1498.0,5.0,1.0,0.0,1180.0,1.0,1,3.0,0.0,0.0,0.0,0.0,0.0,0.0,0.0,0.0
4728,1,0,2,0,0,0,1,101-500,100.0,1.0,0.0,1498.0,100.0,0.0,0.0,199.0,1.0,0,3.0,0.0,0.0,0.0,0.0,0.0,0.0,0.0,0.0
4729,1,0,2,0,0,1,2,101-500,0.0,1.0,0.0,1498.0,30.0,1.0,0.0,53.1,1.0,1,3.0,0.0,0.0,0.0,0.0,0.0,0.0,0.0,0.0
4730,1,0,2,0,0,0,0,More than 1000,0.0,1.0,0.0,1498.0,8.0,1.0,0.0,80.0,1.0,1,3.0,0.0,0.0,0.0,0.0,0.0,0.0,0.0,0.0
4731,1,0,2,0,0,0,100,1-25,100.0,1.0,0.0,1493.0,500000.0,0.0,1.0,100.0,1.0,0,3.0,0.0,0.0,0.0,0.0,0.0,0.0,0.0,0.0
4732,1,0,2,0,0,0,1,1-25,0.0,1.0,0.0,1498.0,5.0,1.0,0.0,1180.0,1.0,1,3.0,0.0,0.0,0.0,0.0,0.0,0.0,0.0,0.0
4733,1,0,2,0,0,0,100,1-25,0.0,1.0,0.0,1498.0,500000.0,1.0,1.0,1000.0,1.0,1,3.0,0.0,0.0,0.0,0.0,0.0,0.0,0.0,0.0
4734,1,0,2,0,0,0,1,1-25,100.0,1.0,0.0,1498.0,200.0,0.0,0.0,199.0,1.0,0,3.0,0.0,0.0,0.0,0.0,0.0,0.0,0.0,0.0
4735,1,0,2,0,0,0,1,1-25,0.0,1.0,0.0,1495.0,110.0,0.0,0.0,100.0,1.0,1,3.0,0.0,0.0,0.0,0.0,0.0,0.0,0.0,0.0
4736,1,0,2,0,0,1,10,500-1000,100.0,1.0,0.0,1311.0,500000.0,0.0,1.0,5947.0,6.0,0,3.0,2.0,24.0,39.0,3.0,3.0,0.0,0.0,0.0
4737,1,0,2,0,0,0,100,500-1000,100.0,1.0,0.0,1495.0,500000.0,0.0,1.0,200.0,1.0,0,3.0,0.0,0.0,0.0,0.0,0.0,0.0,0.0,0.0
4741,1,0,2,0,0,0,1,1-25,0.0,1.0,0.0,1495.0,250.0,1.0,0.0,11800.0,1.0,1,3.0,0.0,0.0,0.0,0.0,0.0,0.0,0.0,0.0
4744,1,0,2,0,0,0,100,500-1000,100.0,1.0,0.0,1495.0,500000.0,0.0,1.0,1000.0,1.0,0,3.0,0.0,0.0,0.0,0.0,0.0,0.0,0.0,0.0
4745,1,0,2,0,0,0,100,500-1000,0.0,1.0,0.0,1495.0,500000.0,1.0,1.0,1000.0,1.0,1,3.0,0.0,0.0,0.0,0.0,0.0,0.0,0.0,0.0
4746,1,0,2,0,0,0,100,101-500,100.0,1.0,0.0,1495.0,500000.0,0.0,1.0,43.0,1.0,0,3.0,0.0,0.0,0.0,0.0,0.0,0.0,0.0,0.0
4747,1,0,2,0,0,0,100,500-1000,0.0,1.0,0.0,1495.0,500000.0,1.0,1.0,50.0,1.0,1,3.0,0.0,0.0,0.0,0.0,0.0,0.0,0.0,0.0
4748,1,0,2,0,0,0,100,500-1000,0.0,1.0,0.0,1495.0,500000.0,1.0,1.0,500.0,1.0,1,3.0,0.0,0.0,0.0,0.0,0.0,0.0,0.0,0.0
4751,1,0,2,0,0,0,100,101-500,100.0,1.0,0.0,1495.0,500000.0,0.0,1.0,123.0,1.0,0,3.0,0.0,0.0,0.0,0.0,0.0,0.0,0.0,0.0
4753,1,0,2,0,0,0,1,1-25,100.0,1.0,0.0,1495.0,5.0,0.0,0.0,0.0,1.0,0,3.0,0.0,0.0,0.0,0.0,0.0,0.0,0.0,0.0
4754,1,0,2,0,0,0,1,1-25,100.0,1.0,0.0,1495.0,5.0,0.0,0.0,0.0,1.0,0,3.0,0.0,0.0,0.0,0.0,0.0,0.0,0.0,0.0
4755,1,0,2,0,0,0,1,1-25,100.0,1.0,0.0,1495.0,5.0,0.0,0.0,0.0,1.0,0,3.0,0.0,0.0,0.0,0.0,0.0,0.0,0.0,0.0
4756,1,0,2,0,0,0,1,1-25,0.0,1.0,0.0,1495.0,5.0,1.0,0.0,0.0,1.0,1,3.0,0.0,0.0,0.0,0.0,0.0,0.0,0.0,0.0
4757,1,0,2,0,0,0,1,1-25,0.0,1.0,0.0,1495.0,5.0,1.0,0.0,0.0,1.0,1,3.0,0.0,0.0,0.0,0.0,0.0,0.0,0.0,0.0
4758,1,0,2,0,0,0,1,1-25,0.0,1.0,0.0,1495.0,5.0,1.0,0.0,0.0,1.0,1,3.0,0.0,0.0,0.0,0.0,0.0,0.0,0.0,0.0
4759,1,0,2,0,0,0,1,1-25,0.0,1.0,0.0,1495.0,5.0,1.0,0.0,0.0,1.0,1,3.0,0.0,0.0,0.0,0.0,0.0,0.0,0.0,0.0
4760,1,0,2,0,0,0,1,1-25,0.0,1.0,0.0,1495.0,5.0,1.0,0.0,0.0,1.0,1,3.0,0.0,0.0,0.0,0.0,0.0,0.0,0.0,0.0
4761,1,0,2,0,0,0,1,26-100,0.0,1.0,0.0,1494.0,100.0,1.0,0.0,11800.0,1.0,1,3.0,0.0,0.0,0.0,0.0,0.0,0.0,0.0,0.0
4762,1,0,2,0,0,0,1,500-1000,0.0,1.0,0.0,1494.0,5.0,0.0,0.0,0.0,1.0,1,3.0,0.0,0.0,0.0,0.0,0.0,0.0,0.0,0.0
4763,1,0,2,0,0,0,1,101-500,100.0,1.0,0.0,1494.0,220.0,0.0,0.0,200.0,1.0,0,3.0,0.0,0.0,0.0,0.0,0.0,0.0,0.0,0.0
4764,1,0,2,0,0,0,1,1-25,100.0,1.0,0.0,1494.0,350.0,0.0,0.0,200.0,1.0,0,3.0,0.0,0.0,0.0,0.0,0.0,0.0,0.0,0.0
4765,1,0,2,0,0,0,1,26-100,100.0,1.0,0.0,1450.0,500000.0,0.0,1.0,1000.0,1.0,0,3.0,0.0,0.0,0.0,0.0,0.0,0.0,0.0,0.0
4768,1,0,2,0,0,0,1,1-25,100.0,1.0,0.0,1494.0,350.0,0.0,0.0,200.0,1.0,0,3.0,0.0,0.0,0.0,0.0,0.0,0.0,0.0,0.0
4769,1,0,2,0,0,0,1,101-500,100.0,1.0,0.0,1494.0,100.0,0.0,0.0,199.0,1.0,0,3.0,0.0,0.0,0.0,0.0,0.0,0.0,0.0,0.0
4771,1,0,2,0,0,0,100,26-100,100.0,1.0,0.0,1494.0,500000.0,0.0,1.0,24.0,1.0,0,3.0,0.0,0.0,0.0,0.0,0.0,0.0,0.0,0.0
4774,1,0,2,0,0,0,100,500-1000,100.0,1.0,0.0,1494.0,500000.0,0.0,1.0,345.0,1.0,0,3.0,0.0,0.0,0.0,0.0,0.0,0.0,0.0,0.0
4776,1,0,2,0,0,0,1,1-25,0.0,1.0,0.0,1493.0,5.0,1.0,0.0,1180.0,1.0,1,3.0,0.0,0.0,0.0,0.0,0.0,0.0,0.0,0.0
4778,1,0,2,0,0,0,1,101-500,100.0,1.0,0.0,1493.0,105.0,0.0,0.0,1000.0,1.0,0,3.0,1.0,1.0,0.0,0.0,0.0,0.0,0.0,0.0
4780,1,0,2,0,0,0,100,26-100,100.0,1.0,0.0,1493.0,500000.0,0.0,1.0,400.0,1.0,0,3.0,0.0,0.0,0.0,0.0,0.0,0.0,0.0,0.0
4781,1,0,2,0,0,0,100,More than 1000,100.0,1.0,0.0,1493.0,500000.0,0.0,1.0,10000.0,1.0,0,3.0,0.0,0.0,0.0,0.0,0.0,0.0,0.0,0.0
4782,1,0,2,0,0,0,1,500-1000,0.0,1.0,0.0,1493.0,67.0,1.0,0.0,560.5,1.0,1,3.0,0.0,0.0,0.0,0.0,0.0,0.0,0.0,0.0
4783,1,0,2,0,0,0,1,1-25,0.0,1.0,0.0,1493.0,350.0,1.0,0.0,1180.0,1.0,1,3.0,0.0,0.0,0.0,0.0,0.0,0.0,0.0,0.0
4784,1,0,2,0,0,0,100,101-500,100.0,1.0,0.0,1492.0,500000.0,0.0,1.0,500.0,1.0,0,3.0,0.0,0.0,0.0,0.0,0.0,0.0,0.0,0.0
4785,1,0,2,0,0,0,100,26-100,100.0,1.0,0.0,1486.0,500000.0,0.0,1.0,535.0,2.0,0,3.0,1.0,3.0,1.0,0.0,0.0,0.0,0.0,0.0
4786,1,0,2,0,0,0,1,26-100,0.0,1.0,0.0,1492.0,67.0,1.0,0.0,560.5,1.0,1,3.0,1.0,0.0,0.0,0.0,0.0,0.0,0.0,0.0
4787,1,0,2,0,0,0,100,101-500,100.0,1.0,0.0,1492.0,500000.0,0.0,1.0,324.0,1.0,0,3.0,0.0,0.0,0.0,0.0,0.0,0.0,0.0,0.0
4789,1,0,2,0,0,1,2,26-100,100.0,1.0,0.0,305.0,92.0,0.0,0.0,4987.0,2.0,0,3.0,5.0,6.0,17.0,8.0,6.0,0.0,0.0,0.0
4790,1,0,2,0,0,0,100,500-1000,100.0,1.0,0.0,1492.0,500000.0,0.0,1.0,50.0,1.0,0,3.0,0.0,1.0,0.0,0.0,0.0,0.0,0.0,0.0
4791,0,0,1,0,0,0,100,500-1000,0.0,1.0,0.0,1460.0,1183.0,1.0,1.0,14423.0,6.0,1,3.0,1.0,3.0,0.0,0.0,0.0,0.0,0.0,0.0
4792,1,0,2,0,0,0,1,101-500,0.0,1.0,0.0,1492.0,67.0,1.0,0.0,560.5,1.0,1,3.0,0.0,0.0,0.0,0.0,0.0,0.0,0.0,0.0
4793,1,0,2,0,0,0,1,26-100,0.0,1.0,0.0,1492.0,50.0,1.0,0.0,118.0,1.0,1,3.0,0.0,0.0,0.0,0.0,0.0,0.0,0.0,0.0
4794,1,0,2,0,0,0,1,26-100,0.0,1.0,0.0,1492.0,67.0,1.0,0.0,560.5,1.0,1,3.0,1.0,1.0,21.0,0.0,0.0,0.0,0.0,0.0
4795,1,0,2,0,0,0,1,26-100,100.0,1.0,0.0,1492.0,100.0,0.0,0.0,200.0,1.0,0,3.0,0.0,0.0,0.0,0.0,0.0,0.0,0.0,0.0
4796,1,0,2,0,0,0,100,More than 1000,100.0,1.0,0.0,1492.0,500000.0,0.0,1.0,345.0,1.0,0,3.0,0.0,0.0,0.0,0.0,0.0,0.0,0.0,0.0
4797,1,0,2,0,0,0,1,26-100,100.0,1.0,0.0,1492.0,20.0,0.0,0.0,100.0,1.0,0,3.0,0.0,0.0,0.0,0.0,0.0,0.0,0.0,0.0
4798,0,0,1,0,0,0,100,1-25,100.0,1.0,0.0,1477.0,500000.0,0.0,1.0,12199.0,5.0,0,3.0,0.0,3.0,2.0,0.0,0.0,0.0,0.0,0.0
4799,0,0,1,0,0,0,1,26-100,100.0,1.0,0.0,989.0,1330.0,0.0,0.0,3021390.0,8.0,0,3.0,0.0,0.0,0.0,0.0,0.0,0.0,0.0,0.0
4800,1,0,2,0,0,0,1,26-100,0.0,1.0,0.0,1491.0,67.0,1.0,0.0,560.5,1.0,1,3.0,0.0,0.0,0.0,0.0,0.0,0.0,0.0,0.0
4801,1,0,2,0,0,0,1,26-100,100.0,1.0,0.0,1491.0,200.0,0.0,0.0,199.0,1.0,0,3.0,0.0,0.0,0.0,0.0,0.0,0.0,0.0,0.0
4802,0,0,1,0,0,0,1,26-100,0.0,1.0,0.0,1477.0,33317.0,1.0,0.0,1426475.0,9.0,1,3.0,0.0,0.0,0.0,0.0,0.0,0.0,0.0,0.0
4804,1,0,2,0,0,0,1,26-100,0.0,1.0,0.0,1491.0,5.0,1.0,0.0,1180.0,1.0,1,3.0,0.0,0.0,0.0,0.0,0.0,0.0,0.0,0.0
4805,1,0,2,0,0,0,1,26-100,0.0,1.0,0.0,1491.0,5.0,1.0,0.0,1180.0,1.0,1,3.0,0.0,0.0,0.0,0.0,0.0,0.0,0.0,0.0
4806,1,0,2,0,0,0,1,26-100,0.0,1.0,0.0,1491.0,5.0,1.0,0.0,1180.0,1.0,1,3.0,0.0,0.0,0.0,0.0,0.0,0.0,0.0,0.0
4807,1,0,2,0,0,0,1,26-100,100.0,1.0,0.0,1487.0,34539.0,0.0,0.0,3543.0,1.0,0,3.0,0.0,0.0,0.0,0.0,0.0,0.0,0.0,0.0
4808,0,0,2,0,0,0,1,101-500,0.0,1.0,0.0,1487.0,300.0,1.0,0.0,12600.0,3.0,1,3.0,0.0,0.0,0.0,0.0,0.0,0.0,0.0,0.0
4809,0,0,1,0,0,1,3,500-1000,0.0,1.0,0.0,1486.0,10506.0,1.0,0.0,10001842.4,8.0,1,3.0,0.0,0.0,0.0,0.0,0.0,0.0,0.0,0.0
4810,1,0,2,0,0,0,1,1-25,0.0,1.0,0.0,1487.0,5.0,1.0,0.0,1180.0,1.0,1,3.0,0.0,0.0,0.0,0.0,0.0,0.0,0.0,0.0
4811,1,0,2,0,0,0,1,101-500,100.0,1.0,0.0,1487.0,200.0,0.0,0.0,200.0,1.0,0,3.0,0.0,0.0,0.0,0.0,0.0,0.0,0.0,0.0
4812,1,0,2,0,0,0,1,1-25,100.0,1.0,0.0,1487.0,100.0,0.0,0.0,100.0,1.0,0,3.0,0.0,0.0,0.0,0.0,0.0,0.0,0.0,0.0
4813,1,0,2,0,0,1,2,101-500,100.0,1.0,0.0,1487.0,550.0,0.0,0.0,199.0,1.0,0,3.0,0.0,0.0,0.0,0.0,0.0,0.0,0.0,0.0
4814,1,0,2,0,0,0,100,500-1000,100.0,1.0,0.0,1487.0,500000.0,0.0,1.0,232.0,1.0,0,3.0,0.0,0.0,0.0,0.0,0.0,0.0,0.0,0.0
4815,0,0,2,0,0,1,2,101-500,100.0,1.0,0.0,1487.0,631.0,0.0,0.0,259.0,2.0,0,3.0,0.0,0.0,0.0,0.0,0.0,0.0,0.0,0.0
4816,1,0,2,0,0,0,1,500-1000,100.0,1.0,0.0,1487.0,100.0,0.0,0.0,199.0,1.0,0,3.0,0.0,0.0,0.0,0.0,0.0,0.0,0.0,0.0
4817,1,0,2,0,0,0,0,26-100,100.0,1.0,0.0,1487.0,12.0,0.0,0.0,100.0,1.0,0,3.0,0.0,0.0,0.0,0.0,0.0,0.0,0.0,0.0
4818,1,0,2,0,0,0,0,26-100,100.0,1.0,0.0,1487.0,12.0,0.0,0.0,100.0,1.0,0,3.0,0.0,0.0,0.0,0.0,0.0,0.0,0.0,0.0
4819,0,0,2,0,0,0,1,101-500,100.0,1.0,0.0,1459.0,700.0,0.0,0.0,549.0,2.0,0,3.0,0.0,0.0,0.0,0.0,0.0,0.0,0.0,0.0
4820,1,0,2,0,0,0,0,101-500,100.0,1.0,0.0,1487.0,5.0,0.0,0.0,40.0,1.0,0,3.0,0.0,0.0,0.0,0.0,0.0,0.0,0.0,0.0
4821,1,0,2,0,0,0,0,101-500,0.0,1.0,0.0,1487.0,5.0,1.0,0.0,47.2,1.0,1,3.0,0.0,0.0,0.0,0.0,0.0,0.0,0.0,0.0
4822,1,0,2,0,0,0,0,More than 1000,0.0,1.0,0.0,1487.0,0.0,1.0,0.0,47.2,1.0,1,3.0,0.0,0.0,0.0,0.0,0.0,0.0,0.0,0.0
4823,1,0,2,0,0,0,1,26-100,100.0,1.0,0.0,1487.0,2300.0,0.0,0.0,199.0,1.0,0,3.0,0.0,0.0,0.0,0.0,0.0,0.0,0.0,0.0
4824,1,0,2,0,0,0,1,101-500,100.0,1.0,0.0,1471.0,100.0,0.0,0.0,199.0,1.0,0,3.0,0.0,0.0,0.0,0.0,0.0,0.0,0.0,0.0
4825,1,0,2,0,0,0,1,101-500,100.0,1.0,0.0,1487.0,100.0,0.0,0.0,199.0,1.0,0,3.0,0.0,0.0,0.0,0.0,0.0,0.0,0.0,0.0
4826,1,0,2,0,0,0,100,101-500,100.0,1.0,0.0,1487.0,500000.0,0.0,1.0,555.0,1.0,0,3.0,0.0,0.0,0.0,0.0,0.0,0.0,0.0,0.0
4827,1,0,2,0,0,0,100,101-500,100.0,1.0,0.0,1487.0,500000.0,0.0,1.0,454.0,1.0,0,3.0,0.0,0.0,0.0,0.0,0.0,0.0,0.0,0.0
4828,1,0,2,0,0,0,100,101-500,100.0,1.0,0.0,1487.0,500000.0,0.0,1.0,242.0,1.0,0,3.0,0.0,0.0,0.0,0.0,0.0,0.0,0.0,0.0
4829,1,0,2,0,0,0,0,101-500,100.0,1.0,0.0,1486.0,44.0,0.0,0.0,34.0,1.0,0,3.0,0.0,0.0,0.0,0.0,0.0,0.0,0.0,0.0
4830,0,0,1,0,0,1,3,500-1000,100.0,1.0,0.0,1486.0,1642.0,0.0,0.0,2151.0,7.0,0,3.0,0.0,0.0,0.0,0.0,0.0,0.0,0.0,0.0
4831,1,0,2,0,0,0,1,500-1000,100.0,1.0,0.0,1486.0,34.0,0.0,0.0,34.0,1.0,0,3.0,0.0,0.0,0.0,0.0,0.0,0.0,0.0,0.0
4832,0,0,2,0,0,0,100,101-500,0.0,1.0,0.0,1486.0,500000.0,1.0,1.0,21198.0,6.0,1,3.0,0.0,0.0,0.0,0.0,0.0,0.0,0.0,0.0
4833,1,0,2,0,0,0,1,26-100,0.0,1.0,0.0,1486.0,67.0,1.0,0.0,560.5,1.0,1,3.0,0.0,0.0,0.0,0.0,0.0,0.0,0.0,0.0
4834,1,0,2,0,0,0,1,101-500,0.0,1.0,0.0,1486.0,67.0,1.0,0.0,560.5,1.0,1,3.0,0.0,0.0,0.0,0.0,0.0,0.0,0.0,0.0
4836,1,0,2,0,0,0,1,500-1000,0.0,1.0,0.0,1460.0,45100.0,1.0,0.0,11800.0,1.0,1,3.0,0.0,0.0,0.0,0.0,0.0,0.0,0.0,0.0
4837,1,0,2,0,0,0,1,500-1000,0.0,1.0,0.0,1477.0,601.0,1.0,0.0,11800.0,1.0,1,3.0,0.0,0.0,0.0,0.0,0.0,0.0,0.0,0.0
4838,1,0,2,0,0,0,1,26-100,100.0,1.0,0.0,1486.0,100.0,0.0,0.0,199.0,1.0,0,3.0,0.0,0.0,0.0,0.0,0.0,0.0,0.0,0.0
4839,1,0,2,0,0,0,100,26-100,100.0,1.0,0.0,1486.0,500000.0,0.0,1.0,15000.0,1.0,0,3.0,0.0,0.0,0.0,0.0,0.0,0.0,0.0,0.0
4840,1,0,2,0,0,0,1,1-25,0.0,1.0,0.0,1486.0,67.0,1.0,0.0,560.5,1.0,1,3.0,0.0,0.0,0.0,0.0,0.0,0.0,0.0,0.0
4841,1,0,2,0,0,0,100,26-100,100.0,1.0,0.0,1486.0,500000.0,0.0,1.0,34.0,1.0,0,3.0,0.0,0.0,0.0,0.0,0.0,0.0,0.0,0.0
4842,1,0,2,0,0,0,1,26-100,100.0,1.0,0.0,1486.0,100.0,0.0,0.0,199.0,1.0,0,3.0,0.0,0.0,0.0,0.0,0.0,0.0,0.0,0.0
4843,1,0,2,0,0,0,1,26-100,100.0,1.0,0.0,1473.0,100.0,0.0,0.0,199.0,1.0,0,3.0,0.0,0.0,0.0,0.0,0.0,0.0,0.0,0.0
4844,1,0,2,0,0,0,1,1-25,100.0,1.0,0.0,1486.0,5.0,0.0,0.0,0.0,1.0,0,3.0,0.0,0.0,0.0,0.0,0.0,0.0,0.0,0.0
4845,0,0,2,0,0,1,2,1-25,100.0,1.0,0.0,1486.0,692.0,0.0,0.0,433.0,3.0,0,3.0,0.0,0.0,0.0,0.0,0.0,0.0,0.0,0.0
4846,1,0,2,0,0,0,1,26-100,0.0,1.0,0.0,1451.0,137.0,1.0,0.0,805.3199999999999,3.0,1,4.0,0.0,0.0,0.0,0.0,0.0,0.0,0.0,0.0
4847,1,0,2,0,0,1,2,500-1000,100.0,1.0,0.0,1485.0,1101.0,0.0,0.0,1186.0,6.0,0,3.0,0.0,0.0,0.0,0.0,0.0,0.0,0.0,0.0
4848,1,0,2,0,0,0,1,1-25,100.0,1.0,0.0,1486.0,83.0,0.0,0.0,786.0,1.0,0,3.0,0.0,0.0,0.0,0.0,0.0,0.0,0.0,0.0
4849,1,0,2,0,0,0,1,26-100,0.0,1.0,0.0,1486.0,137.0,1.0,0.0,1260.5,2.0,1,3.0,0.0,0.0,0.0,0.0,0.0,0.0,0.0,0.0
4851,1,0,2,0,0,0,1,101-500,100.0,1.0,0.0,1095.0,350.0,0.0,0.0,345.0,1.0,0,3.0,0.0,0.0,0.0,0.0,0.0,0.0,0.0,0.0
4852,1,0,2,0,0,0,1,1-25,0.0,1.0,0.0,1486.0,3458.0,0.0,0.0,3453.0,1.0,1,3.0,0.0,0.0,0.0,0.0,0.0,0.0,0.0,0.0
4853,1,0,2,0,0,0,1,26-100,0.0,1.0,0.0,1486.0,5013.0,1.0,0.0,1952.8999999999999,9.0,1,3.0,0.0,0.0,0.0,0.0,0.0,0.0,0.0,0.0
4854,1,0,2,0,0,0,1,101-500,0.0,1.0,0.0,1095.0,220.0,1.0,0.0,2963085.02,5.0,1,3.0,0.0,0.0,0.0,0.0,0.0,0.0,0.0,0.0
4855,1,0,2,0,0,0,0,101-500,100.0,1.0,0.0,1486.0,123.0,0.0,0.0,234.0,1.0,0,3.0,0.0,0.0,0.0,0.0,0.0,0.0,0.0,0.0
4856,1,0,2,0,0,0,1,101-500,100.0,1.0,0.0,1485.0,1100.0,0.0,0.0,999.0,2.0,0,3.0,0.0,0.0,0.0,0.0,0.0,0.0,0.0,0.0
4858,1,0,2,0,0,0,100,500-1000,100.0,1.0,0.0,1485.0,500000.0,0.0,1.0,10000.0,1.0,0,3.0,0.0,0.0,0.0,0.0,0.0,0.0,0.0,0.0
4859,1,0,2,0,0,0,100,500-1000,0.0,1.0,0.0,1485.0,500000.0,1.0,1.0,100000.0,1.0,1,3.0,0.0,0.0,0.0,0.0,0.0,0.0,0.0,0.0
4860,1,0,2,0,0,0,1,500-1000,0.0,1.0,0.0,1485.0,1005.0,0.0,0.0,10000.0,1.0,1,3.0,0.0,0.0,0.0,0.0,0.0,0.0,0.0,0.0
4862,1,0,2,0,0,0,1,101-500,100.0,1.0,0.0,1485.0,15.0,0.0,0.0,10000.0,1.0,0,3.0,0.0,0.0,0.0,0.0,0.0,0.0,0.0,0.0
4863,1,0,2,0,0,0,100,101-500,0.0,1.0,0.0,1485.0,500000.0,1.0,1.0,50.0,1.0,1,3.0,0.0,0.0,0.0,0.0,0.0,0.0,0.0,0.0
4864,1,0,2,0,0,0,1,26-100,0.0,1.0,0.0,1485.0,67.0,1.0,0.0,560.5,1.0,1,3.0,0.0,0.0,0.0,0.0,0.0,0.0,0.0,0.0
4865,1,0,2,0,0,0,100,26-100,0.0,1.0,0.0,1485.0,500000.0,1.0,1.0,4170.12,1.0,1,3.0,0.0,0.0,0.0,0.0,0.0,0.0,0.0,0.0
4866,1,0,2,0,0,0,100,26-100,100.0,1.0,0.0,1485.0,500000.0,0.0,1.0,456.0,1.0,0,3.0,0.0,0.0,0.0,0.0,0.0,0.0,0.0,0.0
4867,1,0,2,0,0,0,0,101-500,100.0,1.0,0.0,1485.0,7999.0,0.0,0.0,245.0,2.0,0,3.0,0.0,0.0,0.0,0.0,0.0,0.0,0.0,0.0
4868,1,0,2,0,0,0,1,26-100,0.0,1.0,0.0,1485.0,105.0,0.0,0.0,1000.0,1.0,1,3.0,0.0,0.0,0.0,0.0,0.0,0.0,0.0,0.0
4869,1,0,2,0,0,0,1,101-500,100.0,1.0,0.0,1485.0,105.0,0.0,0.0,100.0,1.0,0,3.0,0.0,0.0,0.0,0.0,0.0,0.0,0.0,0.0
4870,0,0,2,0,0,0,1,101-500,0.0,1.0,0.0,1485.0,100350.0,0.0,0.0,345.0,1.0,1,3.0,0.0,0.0,0.0,0.0,0.0,0.0,0.0,0.0
4871,0,0,2,0,0,0,1,101-500,100.0,1.0,0.0,1485.0,10050.0,0.0,0.0,45.0,1.0,0,3.0,0.0,0.0,0.0,0.0,0.0,0.0,0.0,0.0
4872,1,0,2,0,0,0,1,101-500,100.0,1.0,0.0,1485.0,5.0,0.0,0.0,0.0,1.0,0,3.0,0.0,0.0,0.0,0.0,0.0,0.0,0.0,0.0
4873,1,0,2,0,0,0,1,26-100,100.0,1.0,0.0,1485.0,200.0,0.0,0.0,199.0,1.0,0,3.0,0.0,0.0,0.0,0.0,0.0,0.0,0.0,0.0
4874,1,0,2,0,0,0,1,101-500,100.0,1.0,0.0,1477.0,99.0,0.0,0.0,796.0,4.0,0,3.0,3.0,3.0,12.0,8.0,13.0,0.0,0.0,0.0
4876,1,0,2,0,0,0,1,26-100,0.0,1.0,0.0,1485.0,105.0,1.0,0.0,10000.0,1.0,1,3.0,0.0,0.0,0.0,0.0,0.0,0.0,0.0,0.0
4877,1,0,2,0,0,0,1,500-1000,100.0,1.0,0.0,1485.0,105.0,0.0,0.0,1000.0,1.0,0,3.0,0.0,0.0,0.0,0.0,0.0,0.0,0.0,0.0
4878,1,0,2,0,0,0,1,26-100,100.0,1.0,0.0,1485.0,1005.0,0.0,0.0,100000.0,1.0,0,3.0,0.0,0.0,0.0,0.0,0.0,0.0,0.0,0.0
4879,1,0,2,0,0,0,1,101-500,0.0,1.0,0.0,1485.0,105.0,0.0,0.0,10000.0,1.0,1,3.0,0.0,0.0,0.0,0.0,0.0,0.0,0.0,0.0
4880,1,0,2,0,0,0,1,26-100,100.0,1.0,0.0,1485.0,1005.0,0.0,0.0,100000.0,1.0,0,3.0,0.0,0.0,0.0,0.0,0.0,0.0,0.0,0.0
4881,1,0,2,0,0,0,1,More than 1000,100.0,1.0,0.0,1485.0,1005.0,0.0,0.0,1199.0,2.0,0,3.0,0.0,0.0,0.0,0.0,0.0,0.0,0.0,0.0
4882,0,0,2,0,0,0,1,101-500,0.0,1.0,0.0,1485.0,1100.0,1.0,0.0,11800.0,1.0,1,3.0,0.0,0.0,0.0,0.0,0.0,0.0,0.0,0.0
4883,1,0,2,0,0,0,1,101-500,100.0,2.0,0.0,1485.0,100.0,0.0,0.0,199.0,1.0,0,3.0,0.0,1.0,0.0,0.0,0.0,0.0,0.0,0.0
4884,1,0,2,0,0,0,1,101-500,100.0,2.0,0.0,1485.0,100.0,0.0,0.0,199.0,1.0,0,3.0,0.0,0.0,0.0,0.0,0.0,0.0,0.0,0.0
4886,1,0,2,0,0,0,1,26-100,100.0,1.0,0.0,1485.0,55.0,0.0,0.0,40.0,1.0,0,3.0,0.0,0.0,0.0,0.0,0.0,0.0,0.0,0.0
4887,1,0,2,0,0,0,1,26-100,0.0,1.0,0.0,1485.0,239.0,0.0,0.0,34.0,1.0,1,3.0,0.0,0.0,0.0,0.0,0.0,0.0,0.0,0.0
4888,1,0,2,0,0,0,1,101-500,0.0,1.0,0.0,1485.0,105.0,0.0,0.0,1000.0,1.0,1,3.0,0.0,0.0,0.0,0.0,0.0,0.0,0.0,0.0
4889,1,0,2,0,0,0,1,101-500,0.0,1.0,0.0,1485.0,105.0,1.0,0.0,10000.0,1.0,1,3.0,0.0,0.0,0.0,0.0,0.0,0.0,0.0,0.0
4890,1,0,2,0,0,0,0,1-25,100.0,1.0,0.0,1485.0,234.0,0.0,0.0,34.0,1.0,0,3.0,0.0,0.0,0.0,0.0,0.0,0.0,0.0,0.0
4891,1,0,2,0,0,0,1,26-100,100.0,1.0,0.0,1485.0,105.0,0.0,0.0,10000.0,1.0,0,3.0,0.0,0.0,0.0,0.0,0.0,0.0,0.0,0.0
4892,1,0,2,0,0,0,1,1-25,0.0,1.0,0.0,1485.0,105.0,1.0,0.0,1000.0,1.0,1,3.0,0.0,0.0,0.0,0.0,0.0,0.0,0.0,0.0
4893,1,0,2,0,0,0,0,26-100,0.0,1.0,0.0,1485.0,234.0,1.0,0.0,34.0,1.0,1,3.0,0.0,0.0,0.0,0.0,0.0,0.0,0.0,0.0
4894,1,0,2,0,0,0,1,26-100,0.0,1.0,0.0,1485.0,339.0,1.0,0.0,152.0,2.0,1,3.0,0.0,0.0,0.0,0.0,0.0,0.0,0.0,0.0
4895,0,0,2,0,0,0,1,101-500,0.0,1.0,0.0,1484.0,384.0,1.0,0.0,10034.0,2.0,1,3.0,0.0,0.0,0.0,0.0,0.0,0.0,0.0,0.0
4896,1,0,2,0,0,0,1,1-25,100.0,1.0,0.0,1484.0,5.0,0.0,0.0,0.0,1.0,0,3.0,0.0,0.0,0.0,0.0,0.0,0.0,0.0,0.0
4897,0,0,2,0,0,0,0,500-1000,100.0,1.0,0.0,1484.0,355.0,0.0,0.0,89.0,2.0,0,3.0,0.0,0.0,0.0,0.0,0.0,0.0,0.0,0.0
4898,1,0,2,0,0,0,1,500-1000,0.0,1.0,0.0,1484.0,105.0,1.0,0.0,1000.0,1.0,1,3.0,0.0,0.0,0.0,0.0,0.0,0.0,0.0,0.0
4900,1,0,2,0,0,0,1,101-500,100.0,1.0,0.0,1481.0,505.0,0.0,0.0,546.0,1.0,0,3.0,0.0,0.0,0.0,0.0,0.0,0.0,0.0,0.0
4901,1,0,2,0,0,0,100,500-1000,100.0,1.0,0.0,1481.0,500000.0,0.0,1.0,50.0,1.0,0,3.0,0.0,0.0,0.0,0.0,0.0,0.0,0.0,0.0
4902,1,0,2,0,0,1,3,101-500,0.0,1.0,0.0,317.0,2161.0,1.0,1.0,2678.0,4.0,1,3.0,2.0,13.0,28.0,13.0,11.0,2.0,0.0,0.0
4906,1,0,2,0,0,0,1,1-25,0.0,1.0,0.0,1480.0,2453.0,1.0,0.0,53.1,1.0,1,3.0,0.0,0.0,0.0,0.0,0.0,0.0,0.0,0.0
4907,1,0,2,0,0,1,3,26-100,0.0,1.0,0.0,1480.0,2453.0,1.0,0.0,53.1,1.0,1,3.0,0.0,0.0,0.0,0.0,0.0,0.0,0.0,0.0
4908,1,0,2,0,0,0,100,26-100,0.0,1.0,0.0,1479.0,500000.0,1.0,1.0,618.0,2.0,1,3.0,0.0,0.0,0.0,0.0,0.0,0.0,0.0,0.0
4909,1,0,2,0,0,0,1,101-500,100.0,1.0,0.0,1479.0,100.0,0.0,0.0,199.0,1.0,0,3.0,0.0,0.0,0.0,0.0,0.0,0.0,0.0,0.0
4910,1,0,2,0,0,0,1,26-100,100.0,1.0,0.0,1478.0,100.0,0.0,0.0,199.0,1.0,0,3.0,3.0,7.0,4.0,0.0,0.0,0.0,0.0,0.0
4915,1,0,2,0,0,0,1,1-25,100.0,1.0,0.0,1477.0,5.0,0.0,0.0,0.0,1.0,0,3.0,1.0,0.0,0.0,0.0,0.0,0.0,0.0,0.0
4916,1,1,2,0,0,0,1,26-100,100.0,1.0,0.0,1477.0,100.0,0.0,0.0,199.0,1.0,0,3.0,0.0,1.0,0.0,0.0,0.0,0.0,0.0,0.0
4918,1,1,2,0,0,0,1,1-25,0.0,1.0,0.0,1477.0,100.0,1.0,0.0,11800.0,1.0,1,3.0,0.0,1.0,0.0,0.0,0.0,0.0,0.0,0.0
4919,1,1,2,0,0,0,1,26-100,0.0,1.0,0.0,1477.0,105.0,1.0,0.0,100.0,1.0,1,3.0,0.0,0.0,0.0,0.0,0.0,0.0,0.0,0.0
4925,1,1,2,0,0,0,1,101-500,0.0,1.0,0.0,1473.0,250.0,1.0,0.0,11800.0,1.0,1,3.0,0.0,0.0,0.0,0.0,0.0,0.0,0.0,0.0
4928,1,1,2,0,0,0,1,26-100,100.0,1.0,0.0,1473.0,105.0,0.0,0.0,100.0,1.0,0,3.0,0.0,0.0,0.0,0.0,0.0,0.0,0.0,0.0
4929,1,1,2,0,0,0,1,26-100,100.0,1.0,0.0,1473.0,110.0,0.0,0.0,299.0,2.0,0,3.0,0.0,0.0,0.0,0.0,0.0,0.0,0.0,0.0
4930,1,1,2,0,0,0,2,1-25,100.0,1.0,0.0,1473.0,100.0,0.0,0.0,10.0,1.0,0,3.0,0.0,0.0,0.0,0.0,0.0,0.0,0.0,0.0
4931,1,1,2,0,0,0,1,101-500,100.0,1.0,0.0,1473.0,105.0,0.0,0.0,100.0,1.0,0,3.0,0.0,0.0,0.0,0.0,0.0,0.0,0.0,0.0
4932,1,1,2,0,0,0,1,26-100,100.0,1.0,0.0,1473.0,115.0,0.0,0.0,100.0,1.0,0,3.0,0.0,0.0,0.0,0.0,0.0,0.0,0.0,0.0
4933,1,1,2,0,0,0,1,26-100,100.0,1.0,0.0,1473.0,105.0,0.0,0.0,100.0,1.0,0,3.0,0.0,0.0,0.0,0.0,0.0,0.0,0.0,0.0
4934,1,1,2,0,0,0,1,101-500,0.0,1.0,0.0,1473.0,15.0,1.0,0.0,100.0,1.0,1,3.0,0.0,0.0,0.0,0.0,0.0,0.0,0.0,0.0
4935,1,1,2,0,0,0,1,1-25,0.0,1.0,0.0,1473.0,15.0,1.0,0.0,100.0,1.0,1,3.0,0.0,0.0,0.0,0.0,0.0,0.0,0.0,0.0
4936,1,1,2,0,0,0,1,26-100,0.0,1.0,0.0,1472.0,67.0,1.0,0.0,560.5,1.0,1,3.0,0.0,0.0,0.0,0.0,0.0,0.0,0.0,0.0
4941,1,1,2,0,0,0,100,26-100,100.0,1.0,0.0,1471.0,500000.0,0.0,1.0,100.0,1.0,0,3.0,0.0,0.0,0.0,0.0,0.0,0.0,0.0,0.0
4942,1,1,2,0,0,1,100,101-500,0.0,1.0,0.0,1452.0,500000.0,1.0,1.0,2243.1800000000003,4.0,1,3.0,0.0,0.0,0.0,0.0,0.0,0.0,0.0,0.0
4944,1,1,2,0,0,0,1,101-500,0.0,1.0,0.0,1463.0,100.0,1.0,0.0,11800.0,1.0,1,3.0,1.0,2.0,0.0,0.0,0.0,0.0,0.0,0.0
4946,1,1,2,0,0,0,1,500-1000,0.0,1.0,0.0,1458.0,67.0,1.0,0.0,560.5,1.0,1,3.0,0.0,0.0,0.0,0.0,0.0,0.0,0.0,0.0
4947,1,1,2,0,0,0,100,More than 1000,100.0,1.0,0.0,1470.0,500000.0,0.0,1.0,5000.0,1.0,0,3.0,0.0,0.0,0.0,0.0,0.0,0.0,0.0,0.0
4948,1,1,2,0,0,0,1,1-25,0.0,1.0,0.0,1463.0,50.0,1.0,0.0,118.0,1.0,1,3.0,0.0,0.0,0.0,0.0,0.0,0.0,0.0,0.0
4949,1,1,2,0,0,0,1,101-500,100.0,1.0,0.0,1469.0,605.0,0.0,0.0,700.0,1.0,0,3.0,0.0,0.0,0.0,0.0,0.0,0.0,0.0,0.0
4950,1,1,2,0,0,0,1,26-100,100.0,1.0,0.0,1465.0,405.0,0.0,0.0,300.0,1.0,0,3.0,0.0,0.0,0.0,0.0,0.0,0.0,0.0,0.0
4951,1,1,2,0,0,0,1,26-100,0.0,1.0,0.0,1467.0,30.0,1.0,0.0,53.1,1.0,1,3.0,0.0,0.0,0.0,0.0,0.0,0.0,0.0,0.0
4952,1,1,2,0,0,0,1,500-1000,100.0,1.0,0.0,1450.0,45.0,0.0,0.0,299.0,2.0,0,3.0,1.0,0.0,0.0,0.0,0.0,0.0,0.0,0.0
4954,1,1,2,0,0,0,1,26-100,100.0,1.0,0.0,1467.0,45.0,0.0,0.0,299.0,2.0,0,3.0,0.0,0.0,0.0,0.0,0.0,0.0,0.0,0.0
4960,0,1,2,0,0,0,100,500-1000,100.0,1.0,0.0,1465.0,900.0,0.0,1.0,24920.0,3.0,0,3.0,0.0,0.0,0.0,0.0,0.0,0.0,0.0,0.0
4961,1,1,2,0,0,0,0,101-500,100.0,1.0,0.0,1450.0,50.0,0.0,0.0,23.0,1.0,0,3.0,1.0,0.0,0.0,0.0,0.0,0.0,0.0,0.0
4962,1,1,2,0,0,0,1,101-500,0.0,1.0,0.0,1464.0,500000.0,1.0,1.0,618.0,2.0,1,3.0,0.0,1.0,0.0,0.0,0.0,0.0,0.0,0.0
4964,1,1,2,0,0,0,1,1-25,0.0,1.0,0.0,1464.0,500000.0,1.0,1.0,168.0,2.0,1,3.0,0.0,0.0,0.0,0.0,0.0,0.0,0.0,0.0
4968,1,1,2,0,0,0,100,26-100,100.0,1.0,0.0,1465.0,500000.0,0.0,1.0,100.0,1.0,0,3.0,0.0,0.0,0.0,0.0,0.0,0.0,0.0,0.0
4978,1,1,2,0,0,0,1,101-500,0.0,1.0,0.0,1463.0,500000.0,1.0,1.0,560.5,1.0,1,3.0,1.0,1.0,2.0,0.0,0.0,0.0,0.0,0.0
4989,1,1,2,0,0,0,1,26-100,0.0,1.0,0.0,1463.0,74.0,1.0,0.0,1180.0,1.0,1,3.0,0.0,0.0,0.0,0.0,0.0,0.0,0.0,0.0
4991,1,1,2,0,0,0,1,26-100,0.0,1.0,0.0,1462.0,105.0,1.0,0.0,100.0,1.0,1,3.0,0.0,0.0,0.0,0.0,0.0,0.0,0.0,0.0
4992,1,1,2,0,0,0,1,1-25,0.0,1.0,0.0,1461.0,0.0,1.0,0.0,234.82,1.0,1,3.0,0.0,0.0,0.0,0.0,0.0,0.0,0.0,0.0
4994,0,1,1,0,0,1,3,1-25,0.0,1.0,0.0,1459.0,991.0,1.0,0.0,6307.2,5.0,1,3.0,0.0,0.0,0.0,0.0,0.0,0.0,0.0,0.0
4999,0,1,1,0,0,0,1,26-100,0.0,1.0,0.0,1459.0,250.0,1.0,0.0,634.8199999999999,3.0,1,3.0,1.0,1.0,0.0,0.0,0.0,0.0,0.0,0.0
5000,0,1,1,0,0,1,12,1-25,0.0,1.0,0.0,1456.0,1399.0,1.0,0.0,6476.0,4.0,1,3.0,1.0,5.0,3.0,1.0,1.0,0.0,0.0,0.0
5001,0,1,1,0,0,0,1,26-100,100.0,1.0,0.0,1460.0,250.0,0.0,0.0,419.0,3.0,0,3.0,0.0,0.0,0.0,0.0,0.0,0.0,0.0,0.0
5002,1,1,2,0,0,1,5,101-500,100.0,1.0,0.0,1428.0,498.0,0.0,0.0,398.0,2.0,0,3.0,2.0,5.0,11.0,7.0,5.0,0.0,0.0,0.0
5026,1,1,2,0,0,0,1,101-500,100.0,1.0,0.0,1459.0,100.0,0.0,0.0,199.0,1.0,0,3.0,0.0,0.0,0.0,0.0,0.0,0.0,0.0,0.0
5027,1,1,2,0,0,0,100,1-25,100.0,1.0,0.0,1446.0,100.0,0.0,0.0,499.0,3.0,0,3.0,0.0,0.0,0.0,0.0,0.0,0.0,0.0,0.0
5028,1,1,2,0,0,0,1,500-1000,100.0,1.0,0.0,1459.0,5.0,0.0,0.0,0.0,1.0,0,3.0,0.0,0.0,0.0,0.0,0.0,0.0,0.0,0.0
5030,1,1,1,0,0,0,1,26-100,100.0,1.0,0.0,1459.0,105.0,0.0,0.0,100.0,1.0,0,3.0,0.0,0.0,0.0,0.0,0.0,0.0,0.0,0.0
5031,0,1,1,0,0,0,1,101-500,100.0,1.0,0.0,1459.0,1100.0,0.0,0.0,299.0,2.0,0,3.0,1.0,1.0,1.0,1.0,1.0,0.0,0.0,0.0
5032,1,1,2,0,0,0,1,101-500,0.0,1.0,0.0,1459.0,0.0,1.0,0.0,5900.0,1.0,1,3.0,0.0,0.0,0.0,0.0,0.0,0.0,0.0,0.0
5033,1,1,2,0,0,0,1,1-25,100.0,1.0,0.0,1459.0,5.0,0.0,0.0,0.0,1.0,0,3.0,0.0,0.0,0.0,0.0,0.0,0.0,0.0,0.0
5034,1,1,2,0,0,0,0,101-500,100.0,1.0,0.0,1457.0,50.0,0.0,0.0,1069.0,8.0,0,3.0,0.0,0.0,0.0,0.0,0.0,0.0,0.0,0.0
5035,1,1,2,0,0,0,100,500-1000,100.0,1.0,0.0,1459.0,500000.0,0.0,1.0,40.0,1.0,0,3.0,0.0,0.0,0.0,0.0,0.0,0.0,0.0,0.0
5036,1,1,2,0,0,0,0,500-1000,0.0,1.0,0.0,1457.0,89.0,1.0,0.0,366.0,3.0,1,3.0,0.0,0.0,0.0,0.0,0.0,0.0,0.0,0.0
5037,1,1,2,0,0,0,1,101-500,0.0,1.0,0.0,1458.0,165.0,1.0,0.0,218.0,2.0,1,3.0,0.0,0.0,0.0,0.0,0.0,0.0,0.0,0.0
5038,1,1,2,0,0,0,1,1-25,0.0,1.0,0.0,1458.0,0.0,1.0,0.0,234.82,1.0,1,1.0,0.0,0.0,0.0,0.0,0.0,0.0,0.0,0.0
5039,1,1,2,0,0,0,1,1-25,100.0,1.0,0.0,1451.0,5.0,0.0,0.0,183.0,3.0,0,0.0,0.0,0.0,0.0,0.0,0.0,0.0,0.0,0.0
5040,1,1,2,0,0,0,1,1-25,0.0,1.0,0.0,1458.0,5.0,1.0,0.0,177.0,2.0,1,0.0,0.0,0.0,0.0,0.0,0.0,0.0,0.0,0.0
5041,1,1,2,0,0,0,1,26-100,100.0,1.0,0.0,1458.0,100.0,0.0,0.0,100.0,1.0,0,0.0,0.0,0.0,0.0,0.0,0.0,0.0,0.0,0.0
5042,1,1,2,0,0,0,0,101-500,0.0,1.0,0.0,1458.0,120.0,1.0,0.0,177.0,1.0,1,0.0,0.0,0.0,0.0,0.0,0.0,0.0,0.0,0.0
5043,1,1,2,0,0,0,0,26-100,100.0,1.0,0.0,1458.0,60.0,0.0,0.0,150.0,1.0,0,0.0,0.0,0.0,0.0,0.0,0.0,0.0,0.0,0.0
5044,1,1,2,0,0,0,1,26-100,0.0,1.0,0.0,1458.0,100.0,1.0,0.0,100.0,1.0,1,0.0,0.0,0.0,0.0,0.0,0.0,0.0,0.0,0.0
5045,1,1,2,0,0,0,1,26-100,0.0,1.0,0.0,1458.0,0.0,1.0,0.0,234.82,1.0,1,1.0,0.0,11.0,0.0,0.0,0.0,0.0,0.0,0.0
5046,1,1,2,0,0,0,1,101-500,0.0,1.0,0.0,1458.0,100.0,1.0,0.0,118.0,1.0,1,0.0,0.0,0.0,0.0,0.0,0.0,0.0,0.0,0.0
5047,1,1,2,0,0,0,100,1-25,100.0,1.0,0.0,1458.0,500000.0,0.0,1.0,100.0,1.0,0,0.0,0.0,0.0,0.0,0.0,0.0,0.0,0.0,0.0
5048,1,1,2,0,0,1,2,26-100,0.0,1.0,0.0,1458.0,0.0,1.0,0.0,11800.0,1.0,1,4.0,1.0,2.0,2.0,1.0,1.0,0.0,0.0,0.0
5049,1,1,2,0,0,0,1,26-100,0.0,1.0,0.0,1458.0,0.0,1.0,0.0,11800.0,1.0,1,4.0,0.0,0.0,0.0,0.0,0.0,0.0,0.0,0.0
5050,1,1,2,0,0,0,1,26-100,0.0,1.0,0.0,1458.0,0.0,1.0,0.0,11800.0,1.0,1,4.0,0.0,0.0,0.0,0.0,0.0,0.0,0.0,0.0
5051,1,1,2,0,0,0,1,101-500,0.0,1.0,0.0,1458.0,0.0,1.0,0.0,11800.0,1.0,1,4.0,0.0,0.0,0.0,0.0,0.0,0.0,0.0,0.0
5052,1,1,2,0,0,0,1,26-100,100.0,1.0,0.0,1457.0,1.0,0.0,0.0,1.0,1.0,0,0.0,0.0,0.0,0.0,0.0,0.0,0.0,0.0,0.0
5053,1,1,2,0,0,0,5,101-500,100.0,1.0,0.0,1457.0,2000.0,0.0,0.0,500.0,1.0,0,0.0,0.0,0.0,0.0,0.0,0.0,0.0,0.0,0.0
5054,1,1,2,0,0,0,1,26-100,100.0,1.0,0.0,1457.0,500.0,0.0,0.0,199.0,1.0,0,2.0,0.0,0.0,0.0,0.0,0.0,0.0,0.0,0.0
5055,1,1,2,0,0,0,100,26-100,0.0,1.0,0.0,1449.0,500000.0,1.0,1.0,11810.0,2.0,1,4.0,1.0,1.0,1.0,1.0,1.0,0.0,0.0,0.0
5056,1,1,2,0,0,0,1,1-25,0.0,1.0,0.0,1457.0,0.0,1.0,0.0,11800.0,1.0,1,4.0,0.0,0.0,0.0,0.0,0.0,0.0,0.0,0.0
5057,1,1,2,0,0,0,1,1-25,100.0,1.0,0.0,1453.0,700.0,0.0,0.0,199.0,1.0,0,2.0,1.0,11.0,1.0,0.0,0.0,0.0,0.0,0.0
5058,1,1,2,0,0,1,16,101-500,0.0,1.0,0.0,1449.0,535.0,1.0,0.0,11918.0,2.0,1,4.0,8.0,5.0,52.0,8.0,14.0,0.0,0.0,0.0
5059,1,1,2,0,0,0,1,26-100,0.0,1.0,0.0,1457.0,0.0,1.0,0.0,11800.0,1.0,1,4.0,0.0,0.0,0.0,0.0,0.0,0.0,0.0,0.0
5060,1,1,2,0,0,0,1,1-25,0.0,1.0,0.0,1457.0,0.0,1.0,0.0,11800.0,1.0,1,4.0,0.0,1.0,0.0,0.0,0.0,0.0,0.0,0.0
5061,0,1,2,0,0,1,2,26-100,0.0,1.0,0.0,1457.0,502.0,1.0,0.0,248.98,3.0,1,6.0,0.0,1.0,0.0,0.0,0.0,0.0,0.0,0.0
5062,1,1,2,0,0,0,100,1-25,100.0,1.0,0.0,1457.0,500000.0,0.0,1.0,10.0,1.0,0,0.0,0.0,0.0,0.0,0.0,0.0,0.0,0.0,0.0
5063,1,1,2,0,0,0,1,26-100,0.0,1.0,0.0,1451.0,0.0,1.0,0.0,11800.0,1.0,1,4.0,0.0,1.0,0.0,0.0,0.0,0.0,0.0,0.0
5064,1,1,2,0,0,0,1,26-100,0.0,1.0,0.0,1457.0,0.0,1.0,0.0,236.0,1.0,1,8.0,0.0,1.0,0.0,0.0,0.0,0.0,0.0,0.0
5065,1,1,2,0,0,0,1,500-1000,100.0,1.0,0.0,1457.0,95.0,0.0,0.0,90.0,1.0,0,0.0,0.0,0.0,0.0,0.0,0.0,0.0,0.0,0.0
5066,1,1,2,0,0,0,1,1-25,0.0,1.0,0.0,1457.0,105.0,1.0,0.0,90.0,1.0,1,0.0,0.0,0.0,0.0,0.0,0.0,0.0,0.0,0.0
5068,1,1,2,0,0,0,1,1-25,100.0,1.0,0.0,1457.0,500.0,0.0,0.0,199.0,1.0,0,2.0,0.0,0.0,0.0,0.0,0.0,0.0,0.0,0.0
5069,1,1,2,0,0,0,999,1-25,60.0,1.0,0.0,1444.0,500000.0,1.0,1.0,23600.0,2.0,1,6.0,0.0,2.0,0.0,3.0,0.0,0.0,0.0,0.0
5070,1,1,2,0,0,1,8,1-25,0.0,1.0,0.0,1456.0,50.0,1.0,0.0,590.0,1.0,1,10.0,0.0,0.0,0.0,0.0,0.0,0.0,0.0,0.0
5071,1,1,2,0,0,0,1,1-25,0.0,1.0,0.0,1453.0,50.0,1.0,0.0,590.0,1.0,1,10.0,1.0,0.0,0.0,0.0,0.0,0.0,0.0,0.0
5072,1,1,2,0,0,0,1,1-25,0.0,1.0,0.0,1456.0,300.0,1.0,0.0,236.0,1.0,1,7.0,0.0,0.0,0.0,0.0,0.0,0.0,0.0,0.0
5073,1,1,2,0,0,1,6,101-500,100.0,1.0,0.0,1451.0,300.0,0.0,0.0,100.0,1.0,0,0.0,1.0,2.0,5.0,5.0,4.0,0.0,0.0,0.0
5080,1,1,2,0,0,0,100,26-100,100.0,1.0,0.0,1453.0,500000.0,0.0,1.0,200.0,2.0,0,0.0,0.0,0.0,0.0,0.0,0.0,0.0,0.0,0.0
5081,1,1,2,0,0,0,2,1-25,60.0,1.0,0.0,1453.0,500000.0,1.0,1.0,236.0,1.0,1,8.0,0.0,0.0,0.0,0.0,0.0,0.0,0.0,0.0
5090,1,1,2,0,0,1,61,26-100,60.0,1.0,0.0,1450.0,1465.0,1.0,0.0,11941.6,2.0,1,4.0,1.0,6.0,0.0,0.0,0.0,0.0,0.0,0.0
5092,1,1,2,0,0,0,10,1-25,60.0,1.0,0.0,1453.0,500000.0,1.0,1.0,236.0,1.0,1,8.0,0.0,0.0,0.0,0.0,0.0,0.0,0.0,0.0
5096,1,1,2,0,0,0,10,101-500,60.0,1.0,0.0,1453.0,500000.0,1.0,1.0,236.0,1.0,1,8.0,0.0,0.0,0.0,0.0,0.0,0.0,0.0,0.0
5101,1,1,2,0,0,0,60,26-100,60.0,1.0,0.0,1452.0,3000.0,1.0,0.0,12980.0,2.0,1,4.0,1.0,1.0,1.0,1.0,1.0,0.0,0.0,0.0
5102,1,1,2,0,0,0,999,101-500,100.0,1.0,0.0,1453.0,500000.0,0.0,1.0,199.0,1.0,0,3.0,0.0,0.0,0.0,0.0,0.0,0.0,0.0,0.0
5103,1,1,2,0,0,0,100,26-100,0.0,1.0,0.0,1453.0,500000.0,1.0,0.0,236.0,1.0,1,0.0,0.0,0.0,0.0,0.0,0.0,0.0,0.0,0.0
5104,1,1,2,0,0,0,999,101-500,60.0,1.0,0.0,1453.0,500000.0,1.0,1.0,11800.0,1.0,1,6.0,0.0,0.0,0.0,0.0,0.0,0.0,0.0,0.0
5106,0,1,2,0,0,0,10,26-100,60.0,1.0,0.0,1453.0,500200.0,1.0,1.0,6236.0,3.0,1,5.0,1.0,1.0,1.0,0.0,0.0,0.0,0.0,0.0
5109,1,1,2,0,0,1,61,1-25,60.0,1.0,0.0,1394.0,405.0,1.0,0.0,234.82,1.0,1,4.0,1.0,1.0,4.0,2.0,2.0,0.0,0.0,0.0
5112,1,1,2,0,0,0,999,101-500,60.0,1.0,0.0,1449.0,500000.0,1.0,1.0,11800.0,1.0,1,6.0,1.0,1.0,1.0,0.0,0.0,0.0,0.0,0.0
5114,1,1,2,0,0,0,999,101-500,60.0,1.0,0.0,1453.0,500000.0,1.0,1.0,11800.0,1.0,1,6.0,0.0,0.0,0.0,0.0,0.0,0.0,0.0,0.0
5117,1,1,2,0,0,1,65,26-100,60.0,1.0,0.0,1452.0,260.0,1.0,0.0,470.82,2.0,1,4.0,0.0,0.0,0.0,0.0,0.0,0.0,0.0,0.0
5118,1,1,2,0,0,0,60,1-25,60.0,1.0,0.0,1452.0,120.0,1.0,0.0,469.64,2.0,1,4.0,0.0,0.0,0.0,0.0,0.0,0.0,0.0,0.0
5119,1,1,2,0,0,0,60,26-100,60.0,1.0,0.0,1452.0,60.0,1.0,0.0,234.82,1.0,1,4.0,0.0,0.0,0.0,0.0,0.0,0.0,0.0,0.0
5121,1,1,2,0,0,0,60,101-500,60.0,1.0,0.0,1450.0,70.0,1.0,0.0,352.82,2.0,1,4.0,1.0,0.0,0.0,0.0,0.0,0.0,0.0,0.0
5123,1,1,2,0,0,0,60,26-100,60.0,1.0,0.0,1452.0,60.0,1.0,0.0,234.82,1.0,1,4.0,0.0,14.0,3.0,3.0,0.0,0.0,0.0,0.0
5124,1,1,2,0,0,0,12,26-100,100.0,1.0,0.0,1452.0,100.0,0.0,0.0,5.0,1.0,0,0.0,0.0,0.0,0.0,0.0,0.0,0.0,0.0,0.0
5125,0,1,2,0,0,1,11,1-25,60.0,1.0,0.0,1450.0,500100.0,1.0,1.0,6000.0,2.0,1,5.0,0.0,0.0,0.0,0.0,0.0,0.0,0.0,0.0
5127,1,1,2,0,0,0,100,101-500,60.0,1.0,0.0,1443.0,499999.0,1.0,1.0,11800.0,1.0,1,6.0,2.0,2.0,9.0,2.0,2.0,0.0,0.0,0.0
5130,1,1,2,0,0,0,100,101-500,60.0,1.0,0.0,1447.0,500000.0,1.0,1.0,11918.0,2.0,1,6.0,0.0,1.0,0.0,0.0,0.0,0.0,0.0,0.0
5131,0,1,2,0,0,0,100,26-100,60.0,1.0,0.0,1450.0,500200.0,1.0,1.0,11900.0,2.0,1,6.0,1.0,1.0,2.0,0.0,0.0,0.0,0.0,0.0
5134,1,1,2,0,0,0,60,101-500,60.0,1.0,0.0,1452.0,60.0,1.0,0.0,234.82,1.0,1,4.0,1.0,1.0,0.0,0.0,0.0,0.0,0.0,0.0
5137,1,1,2,0,0,0,100,101-500,0.0,1.0,0.0,1452.0,500000.0,1.0,0.0,100.0,1.0,1,0.0,0.0,0.0,0.0,0.0,0.0,0.0,0.0,0.0
5138,1,1,2,0,0,0,10,26-100,60.0,1.0,0.0,1452.0,500000.0,1.0,1.0,5900.0,1.0,1,5.0,0.0,0.0,0.0,0.0,0.0,0.0,0.0,0.0
5139,0,1,2,0,0,0,60,1-25,60.0,1.0,0.0,1452.0,260.0,1.0,0.0,234.82,1.0,1,4.0,0.0,0.0,0.0,0.0,0.0,0.0,0.0,0.0
5140,1,1,2,0,0,0,60,1-25,60.0,1.0,0.0,1452.0,60.0,1.0,0.0,234.82,1.0,1,4.0,0.0,0.0,0.0,0.0,0.0,0.0,0.0,0.0
5141,1,1,2,0,0,0,60,1-25,60.0,1.0,0.0,1452.0,60.0,1.0,0.0,234.82,1.0,1,4.0,0.0,0.0,0.0,0.0,0.0,0.0,0.0,0.0
5142,1,1,2,0,0,0,60,1-25,60.0,1.0,0.0,1452.0,160.0,1.0,0.0,6134.82,2.0,1,4.0,0.0,0.0,0.0,0.0,0.0,0.0,0.0,0.0
5143,1,1,2,0,0,0,60,26-100,60.0,1.0,0.0,1450.0,70.0,1.0,0.0,246.62,2.0,1,4.0,0.0,0.0,0.0,0.0,0.0,0.0,0.0,0.0
5145,1,1,2,0,0,0,60,101-500,60.0,1.0,0.0,1451.0,60.0,1.0,0.0,234.82,1.0,1,4.0,0.0,0.0,0.0,0.0,0.0,0.0,0.0,0.0
5146,1,1,2,0,0,0,0,26-100,100.0,1.0,0.0,1451.0,66.0,0.0,0.0,222.0,1.0,0,0.0,0.0,0.0,0.0,0.0,0.0,0.0,0.0,0.0
5147,0,1,2,0,0,0,0,26-100,100.0,1.0,0.0,1451.0,743.0,0.0,0.0,34.0,2.0,0,0.0,0.0,0.0,0.0,0.0,0.0,0.0,0.0,0.0
5148,1,1,2,0,0,0,100,101-500,60.0,1.0,0.0,1450.0,500000.0,1.0,1.0,11800.0,1.0,1,6.0,4.0,2.0,2.0,0.0,0.0,0.0,0.0,0.0
5149,0,1,2,0,0,1,63,500-1000,60.0,1.0,0.0,1450.0,270.0,1.0,0.0,1940.82,6.0,1,4.0,1.0,12.0,0.0,0.0,0.0,0.0,0.0,0.0
5150,0,1,2,0,0,0,100,26-100,60.0,1.0,0.0,1450.0,500100.0,1.0,1.0,12136.0,3.0,1,6.0,1.0,1.0,1.0,1.0,1.0,0.0,0.0,0.0
5151,1,1,2,0,0,0,10,1-25,0.0,1.0,0.0,1451.0,0.0,1.0,0.0,100.0,1.0,1,0.0,0.0,0.0,0.0,0.0,0.0,0.0,0.0,0.0
5160,1,1,2,0,0,0,60,101-500,60.0,1.0,0.0,1451.0,60.0,1.0,0.0,234.82,1.0,1,4.0,0.0,0.0,0.0,0.0,0.0,0.0,0.0,0.0
5163,1,1,2,0,0,0,1,1-25,100.0,1.0,0.0,1450.0,5.0,0.0,0.0,0.0,1.0,0,0.0,0.0,0.0,0.0,0.0,0.0,0.0,0.0,0.0
5164,1,1,2,0,0,0,100,1-25,60.0,1.0,0.0,1450.0,500000.0,1.0,1.0,11800.0,1.0,1,6.0,1.0,3.0,0.0,0.0,0.0,0.0,0.0,0.0
5165,1,1,2,0,0,0,4,More than 1000,60.0,1.0,0.0,1450.0,60.0,1.0,0.0,199.0,1.0,1,4.0,0.0,4.0,0.0,0.0,0.0,0.0,0.0,0.0
5166,1,1,2,0,0,1,3,26-100,100.0,1.0,0.0,1449.0,400.0,0.0,0.0,4932.0,8.0,0,1.0,0.0,2.0,0.0,0.0,0.0,0.0,0.0,0.0
5169,0,1,1,0,0,1,999,101-500,60.0,1.0,0.0,1450.0,500000.0,1.0,1.0,659.6,4.0,1,4.0,0.0,0.0,0.0,0.0,0.0,0.0,0.0,0.0
5174,0,1,2,0,0,1,18,101-500,60.0,1.0,0.0,1450.0,501222.0,1.0,1.0,6340.0,3.0,1,5.0,0.0,0.0,0.0,0.0,0.0,0.0,0.0,0.0
5176,0,1,2,0,0,0,10,26-100,60.0,1.0,0.0,1450.0,501222.0,1.0,1.0,7122.0,2.0,1,5.0,0.0,0.0,0.0,0.0,0.0,0.0,0.0,0.0
5178,1,1,2,0,0,0,0,101-500,60.0,1.0,0.0,1450.0,500000.0,1.0,1.0,199.0,1.0,1,4.0,0.0,0.0,0.0,0.0,0.0,0.0,0.0,0.0
5179,1,1,2,0,0,0,0,500-1000,60.0,1.0,0.0,1450.0,393.0,1.0,0.0,756.0,3.0,1,4.0,0.0,0.0,0.0,0.0,0.0,0.0,0.0,0.0
5180,1,1,2,0,0,0,999,26-100,60.0,1.0,0.0,1448.0,500000.0,1.0,1.0,11800.0,1.0,1,6.0,2.0,1.0,2.0,0.0,0.0,0.0,0.0,0.0
5181,1,1,2,0,0,0,999,101-500,60.0,1.0,0.0,1447.0,500000.0,1.0,1.0,11800.0,1.0,1,6.0,0.0,0.0,0.0,0.0,0.0,0.0,0.0,0.0
5183,1,1,2,0,0,0,60,1-25,60.0,1.0,0.0,1450.0,60.0,1.0,0.0,234.82,1.0,1,4.0,0.0,0.0,0.0,0.0,0.0,0.0,0.0,0.0
5184,1,1,2,0,0,0,10,101-500,60.0,1.0,0.0,1449.0,500000.0,1.0,1.0,6134.82,2.0,1,5.0,0.0,0.0,0.0,0.0,0.0,0.0,0.0,0.0
5186,1,1,2,0,0,0,10,26-100,60.0,1.0,0.0,1445.0,500000.0,1.0,1.0,77404.46,13.0,1,5.0,0.0,0.0,0.0,0.0,0.0,0.0,0.0,0.0
5188,1,1,2,0,0,0,999,101-500,60.0,1.0,0.0,1449.0,500000.0,1.0,1.0,11800.0,1.0,1,6.0,0.0,0.0,0.0,0.0,0.0,0.0,0.0,0.0
5190,1,1,2,0,0,0,10,101-500,60.0,1.0,0.0,1400.0,500000.0,1.0,1.0,5900.0,1.0,1,5.0,0.0,0.0,0.0,0.0,0.0,0.0,0.0,0.0
5191,1,1,2,0,0,0,60,26-100,60.0,1.0,0.0,1438.0,120.0,1.0,0.0,469.64,2.0,1,4.0,0.0,0.0,0.0,0.0,0.0,0.0,0.0,0.0
5193,1,1,2,0,0,1,999,101-500,100.0,1.0,0.0,1448.0,500000.0,0.0,1.0,6404.0,9.0,0,3.0,2.0,4.0,0.0,0.0,0.0,0.0,0.0,0.0
5201,1,1,2,0,0,0,999,26-100,60.0,1.0,0.0,1428.0,500000.0,1.0,1.0,12100.0,2.0,1,6.0,2.0,1.0,19.0,1.0,1.0,0.0,0.0,0.0
5204,1,1,2,0,0,0,999,26-100,60.0,1.0,0.0,1449.0,500000.0,1.0,1.0,12034.82,2.0,1,6.0,0.0,0.0,0.0,0.0,0.0,0.0,0.0,0.0
5205,1,1,2,0,0,0,60,500-1000,60.0,1.0,0.0,1449.0,120.0,1.0,0.0,433.82,2.0,1,4.0,0.0,0.0,0.0,0.0,0.0,0.0,0.0,0.0
5206,1,1,2,0,0,0,60,1-25,60.0,1.0,0.0,1449.0,60.0,1.0,0.0,12034.82,2.0,1,6.0,0.0,0.0,0.0,0.0,0.0,0.0,0.0,0.0
5207,1,1,2,0,0,0,60,101-500,60.0,1.0,0.0,1449.0,120.0,1.0,0.0,469.64,2.0,1,4.0,0.0,0.0,0.0,0.0,0.0,0.0,0.0,0.0
5208,1,1,2,0,0,0,999,101-500,60.0,1.0,0.0,1449.0,500000.0,1.0,1.0,11800.0,1.0,1,6.0,0.0,0.0,0.0,0.0,0.0,0.0,0.0,0.0
5212,1,1,2,0,0,0,10,101-500,60.0,1.0,0.0,1448.0,500000.0,1.0,1.0,6134.82,2.0,1,5.0,0.0,0.0,0.0,0.0,0.0,0.0,0.0,0.0
5213,1,1,2,0,0,1,13,101-500,60.0,1.0,0.0,1448.0,500000.0,1.0,1.0,5900.0,1.0,1,5.0,0.0,0.0,0.0,0.0,0.0,0.0,0.0,0.0
5215,1,1,2,0,0,1,64,26-100,60.0,1.0,0.0,1448.0,60.0,1.0,0.0,234.82,1.0,1,4.0,0.0,1.0,0.0,0.0,0.0,0.0,0.0,0.0
5216,1,1,1,0,0,1,0,1-25,100.0,1.0,0.0,1448.0,100.0,0.0,0.0,796.0,4.0,0,2.0,0.0,0.0,0.0,0.0,0.0,0.0,0.0,0.0
5217,0,1,2,0,0,1,10,26-100,60.0,1.0,0.0,1447.0,500000.0,1.0,1.0,6543.82,6.0,1,5.0,0.0,0.0,0.0,0.0,0.0,0.0,0.0,0.0
5219,1,1,2,0,0,0,0,26-100,100.0,1.0,0.0,1448.0,100.0,0.0,0.0,199.0,1.0,0,1.0,0.0,0.0,0.0,0.0,0.0,0.0,0.0,0.0
5220,0,1,1,0,0,1,62,101-500,60.0,1.0,0.0,1430.0,210.0,1.0,0.0,7320.46,9.0,1,5.0,0.0,0.0,0.0,0.0,0.0,0.0,0.0,0.0
5221,1,1,2,0,0,1,66,101-500,60.0,1.0,0.0,1448.0,60.0,1.0,0.0,234.82,1.0,1,4.0,0.0,0.0,0.0,0.0,0.0,0.0,0.0,0.0
5224,1,1,2,0,0,1,12,1-25,100.0,1.0,0.0,1447.0,500000.0,0.0,1.0,1029.0,3.0,0,2.0,0.0,0.0,0.0,0.0,0.0,0.0,0.0,0.0
5225,0,1,2,0,0,1,60,More than 1000,60.0,1.0,0.0,1448.0,60.0,1.0,0.0,30786.26,10.0,1,6.0,0.0,0.0,0.0,0.0,0.0,0.0,0.0,0.0
5228,0,1,2,0,0,1,30,101-500,60.0,1.0,0.0,1444.0,500.0,1.0,1.0,6445.96,6.0,1,5.0,1.0,11.0,0.0,0.0,0.0,0.0,0.0,0.0
5229,1,1,2,0,0,0,0,26-100,100.0,1.0,0.0,1448.0,0.0,0.0,0.0,398.0,2.0,0,3.0,0.0,0.0,0.0,0.0,0.0,0.0,0.0,0.0
5230,1,1,2,0,0,0,1,500-1000,0.0,1.0,0.0,1439.0,105.0,1.0,0.0,9000.0,1.0,1,0.0,0.0,0.0,0.0,0.0,0.0,0.0,0.0,0.0
5231,0,1,1,0,0,0,999,101-500,60.0,1.0,0.0,1447.0,500200.0,1.0,1.0,12791.02,7.0,1,6.0,0.0,0.0,0.0,0.0,0.0,0.0,0.0,0.0
5233,0,1,1,0,0,0,16,101-500,60.0,1.0,0.0,1447.0,500110.0,1.0,1.0,505129.0,5.0,1,5.0,0.0,0.0,0.0,0.0,0.0,0.0,0.0,0.0
5234,1,1,2,0,0,0,2,101-500,100.0,1.0,0.0,1447.0,100.0,0.0,0.0,100.0,1.0,0,1.0,0.0,0.0,0.0,0.0,0.0,0.0,0.0,0.0
5235,1,1,2,0,0,0,10,26-100,100.0,1.0,0.0,1447.0,500000.0,0.0,1.0,300.0,1.0,0,2.0,0.0,0.0,0.0,0.0,0.0,0.0,0.0,0.0
5236,1,1,2,0,0,0,999,101-500,100.0,1.0,0.0,1447.0,500000.0,0.0,1.0,5199.0,2.0,0,3.0,0.0,0.0,0.0,0.0,0.0,0.0,0.0,0.0
5237,1,1,2,0,0,1,5,500-1000,60.0,1.0,0.0,1447.0,189.0,1.0,0.0,499.14,2.0,1,4.0,0.0,0.0,0.0,0.0,0.0,0.0,0.0,0.0
5239,1,1,2,0,0,0,999,26-100,100.0,1.0,0.0,1447.0,500000.0,0.0,1.0,199.0,1.0,0,3.0,0.0,0.0,0.0,0.0,0.0,0.0,0.0,0.0
5240,1,1,2,0,0,0,0,26-100,100.0,1.0,0.0,1447.0,100.0,0.0,0.0,199.0,1.0,0,1.0,0.0,0.0,0.0,0.0,0.0,0.0,0.0,0.0
5241,0,1,2,0,0,0,60,101-500,60.0,1.0,0.0,1446.0,419.0,1.0,0.0,18559.64,7.0,1,6.0,0.0,0.0,0.0,0.0,0.0,0.0,0.0,0.0
5242,1,1,2,0,0,0,999,26-100,100.0,1.0,0.0,1447.0,500000.0,0.0,1.0,199.0,1.0,0,3.0,0.0,0.0,0.0,0.0,0.0,0.0,0.0,0.0
5246,1,1,2,0,0,0,999,1-25,100.0,1.0,0.0,1447.0,500000.0,0.0,1.0,199.0,1.0,0,3.0,0.0,0.0,0.0,0.0,0.0,0.0,0.0,0.0
5249,1,1,1,0,0,0,999,26-100,10000.0,1.0,0.0,1425.0,500150.0,1.0,0.0,41300.0,2.0,1,6.0,1.0,0.0,1.0,0.0,0.0,0.0,0.0,0.0
5250,1,1,2,0,0,1,13,500-1000,60.0,1.0,0.0,1447.0,500000.0,1.0,1.0,4720.0,1.0,1,5.0,0.0,0.0,0.0,0.0,0.0,0.0,0.0,0.0
5252,1,1,2,0,0,0,0,26-100,100.0,1.0,0.0,1447.0,100.0,0.0,0.0,199.0,1.0,0,1.0,1.0,0.0,1.0,1.0,1.0,0.0,0.0,0.0
5258,1,1,2,0,0,1,13,26-100,60.0,1.0,0.0,1447.0,500000.0,1.0,1.0,5000.0,1.0,1,5.0,0.0,0.0,0.0,0.0,0.0,0.0,0.0,0.0
5259,1,1,2,0,0,0,10,26-100,100.0,1.0,0.0,1435.0,500000.0,0.0,1.0,5398.0,3.0,0,3.0,0.0,0.0,0.0,0.0,0.0,0.0,0.0,0.0
5261,1,1,2,0,0,1,2,26-100,100.0,1.0,0.0,1447.0,100.0,0.0,0.0,200.0,1.0,0,1.0,0.0,0.0,0.0,0.0,0.0,0.0,0.0,0.0
5262,1,1,2,0,0,0,0,1-25,100.0,1.0,0.0,1445.0,500000.0,0.0,1.0,199.0,1.0,0,1.0,0.0,0.0,0.0,0.0,0.0,0.0,0.0,0.0
5269,1,1,2,0,0,0,60,26-100,60.0,1.0,0.0,1445.0,60.0,1.0,0.0,234.82,1.0,1,4.0,1.0,1.0,0.0,0.0,0.0,0.0,0.0,0.0
5270,0,0,1,0,0,0,1,1-25,100.0,5.0,1.0,436.0,0.0,0.0,0.0,0.0,0.0,0,0.0,0.0,0.0,0.0,0.0,0.0,0.0,0.0,0.0
5274,1,1,2,0,0,0,999,1-25,100.0,1.0,0.0,1444.0,500000.0,0.0,1.0,100.0,1.0,0,3.0,0.0,0.0,0.0,0.0,0.0,0.0,0.0,0.0
5275,1,1,2,0,0,0,1,500-1000,100.0,1.0,0.0,1444.0,105.0,0.0,0.0,100.0,1.0,0,0.0,0.0,0.0,0.0,0.0,0.0,0.0,0.0,0.0
5276,1,1,2,0,0,0,1,1-25,100.0,1.0,0.0,1444.0,105.0,0.0,0.0,100.0,1.0,0,0.0,0.0,0.0,0.0,0.0,0.0,0.0,0.0,0.0
5277,1,1,2,0,0,0,10,1-25,60.0,1.0,0.0,1443.0,500000.0,1.0,1.0,5234.82,2.0,1,5.0,0.0,0.0,0.0,0.0,0.0,0.0,0.0,0.0
5278,1,1,2,0,0,0,10,500-1000,60.0,1.0,0.0,1442.0,500000.0,1.0,1.0,5900.0,1.0,1,5.0,0.0,1.0,0.0,0.0,0.0,0.0,0.0,0.0
5279,1,1,2,0,0,0,10,26-100,60.0,1.0,0.0,1441.0,500000.0,1.0,1.0,5900.0,1.0,1,5.0,0.0,0.0,0.0,0.0,0.0,0.0,0.0,0.0
5280,1,1,2,0,0,0,60,101-500,60.0,1.0,0.0,1441.0,60.0,1.0,0.0,234.82,1.0,1,4.0,0.0,0.0,0.0,0.0,0.0,0.0,0.0,0.0
5281,1,1,2,0,0,0,10,26-100,60.0,1.0,0.0,1432.0,500000.0,1.0,1.0,5900.0,1.0,1,5.0,1.0,1.0,4.0,1.0,0.0,0.0,0.0,0.0
5282,1,1,2,0,0,0,10,26-100,10000.0,1.0,0.0,1395.0,500150.0,1.0,0.0,30000.0,2.0,1,6.0,0.0,0.0,0.0,0.0,0.0,0.0,0.0,0.0
5283,1,1,2,0,0,0,0,101-500,100.0,1.0,0.0,1441.0,100.0,0.0,0.0,977.0,2.0,0,1.0,0.0,0.0,0.0,0.0,0.0,0.0,0.0,0.0
5287,1,1,2,0,0,0,10,101-500,60.0,1.0,0.0,1440.0,500000.0,1.0,1.0,5900.0,1.0,1,5.0,0.0,0.0,0.0,0.0,0.0,0.0,0.0,0.0
5289,1,1,2,0,0,0,10,26-100,60.0,1.0,0.0,1440.0,500000.0,1.0,1.0,5900.0,1.0,1,5.0,0.0,0.0,0.0,0.0,0.0,0.0,0.0,0.0
5290,1,1,2,0,0,0,10,26-100,60.0,1.0,0.0,1440.0,500000.0,1.0,1.0,5900.0,1.0,1,5.0,0.0,0.0,0.0,0.0,0.0,0.0,0.0,0.0
5292,1,1,2,0,0,0,999,26-100,60.0,1.0,0.0,1439.0,500000.0,1.0,1.0,11800.0,1.0,1,6.0,1.0,1.0,1.0,1.0,1.0,0.0,0.0,0.0
5293,1,1,2,0,0,0,999,101-500,60.0,1.0,0.0,1439.0,500000.0,1.0,1.0,11999.0,2.0,1,6.0,1.0,1.0,1.0,1.0,1.0,0.0,0.0,0.0
5294,1,1,2,0,0,0,10,26-100,60.0,1.0,0.0,1435.0,500000.0,1.0,1.0,6144.0,3.0,1,5.0,0.0,0.0,0.0,0.0,0.0,0.0,0.0,0.0
5295,1,1,2,0,0,0,999,101-500,60.0,1.0,0.0,1414.0,500000.0,1.0,1.0,11800.0,1.0,1,6.0,2.0,9.0,9.0,5.0,5.0,0.0,0.0,0.0
5296,1,1,2,0,0,0,0,1-25,60.0,1.0,0.0,1431.0,60.0,1.0,0.0,234.82,1.0,1,4.0,0.0,0.0,0.0,0.0,0.0,0.0,0.0,0.0
5297,1,1,2,0,0,0,10,1-25,10000.0,1.0,0.0,1411.0,200.0,1.0,0.0,47200.0,2.0,1,6.0,0.0,0.0,0.0,0.0,0.0,0.0,0.0,0.0
5299,1,1,2,0,0,0,1,26-100,100.0,1.0,0.0,1411.0,200.0,0.0,0.0,499.0,1.0,0,2.0,0.0,1.0,0.0,0.0,0.0,0.0,0.0,0.0
5300,1,1,2,0,0,0,10,1-25,10000.0,1.0,0.0,1411.0,500000.0,1.0,1.0,19788.0,2.0,1,5.0,0.0,0.0,0.0,0.0,0.0,0.0,0.0,0.0
5302,1,1,2,0,0,0,10,1-25,10000.0,1.0,0.0,1411.0,200.0,1.0,0.0,47200.0,2.0,1,6.0,0.0,0.0,0.0,0.0,0.0,0.0,0.0,0.0
5304,1,1,2,0,0,0,10,1-25,10000.0,1.0,0.0,1411.0,200.0,1.0,0.0,47200.0,2.0,1,6.0,0.0,0.0,0.0,0.0,0.0,0.0,0.0,0.0
5306,1,1,2,0,0,0,10,1-25,10000.0,1.0,0.0,1411.0,200.0,1.0,0.0,47200.0,2.0,1,6.0,0.0,0.0,0.0,0.0,0.0,0.0,0.0,0.0
5308,1,1,2,0,0,0,10,1-25,10000.0,1.0,0.0,1411.0,200.0,1.0,0.0,47200.0,2.0,1,6.0,0.0,0.0,0.0,0.0,0.0,0.0,0.0,0.0
5310,1,1,2,0,0,0,10,1-25,10000.0,1.0,0.0,1411.0,3500.0,1.0,0.0,696200.0,24.0,1,6.0,0.0,0.0,0.0,0.0,0.0,0.0,0.0,0.0
5312,1,1,2,0,0,0,10,26-100,10000.0,1.0,0.0,1411.0,200.0,1.0,0.0,47200.0,2.0,1,6.0,0.0,0.0,0.0,0.0,0.0,0.0,0.0,0.0
5314,1,1,2,0,0,0,10,1-25,10000.0,1.0,0.0,1411.0,800.0,1.0,0.0,194700.0,7.0,1,6.0,0.0,0.0,0.0,0.0,0.0,0.0,0.0,0.0
5316,1,1,2,0,0,0,10,1-25,10000.0,1.0,0.0,1411.0,200.0,1.0,0.0,47200.0,2.0,1,6.0,0.0,0.0,0.0,0.0,0.0,0.0,0.0,0.0
5318,1,1,2,0,0,0,10,1-25,10000.0,1.0,0.0,1411.0,200.0,1.0,0.0,47200.0,2.0,1,6.0,0.0,0.0,0.0,0.0,0.0,0.0,0.0,0.0
5320,1,1,2,0,0,0,10,1-25,10000.0,1.0,0.0,1411.0,200.0,1.0,0.0,47200.0,2.0,1,6.0,0.0,0.0,0.0,0.0,0.0,0.0,0.0,0.0
5322,1,1,2,0,0,0,10,1-25,10000.0,1.0,0.0,1411.0,1550.0,1.0,0.0,3410200.0,116.0,1,6.0,0.0,0.0,0.0,0.0,0.0,0.0,0.0,0.0
5324,1,1,2,0,0,0,10,1-25,10000.0,1.0,0.0,1402.0,1395.0,1.0,0.0,76700.0,3.0,1,6.0,0.0,0.0,0.0,0.0,0.0,0.0,0.0,0.0
5326,1,1,2,0,0,0,10,500-1000,100.0,1.0,0.0,1107.0,500000.0,0.0,1.0,5287.0,2.0,0,3.0,0.0,0.0,0.0,0.0,0.0,0.0,0.0,0.0
5327,1,1,2,0,0,0,1,26-100,100.0,1.0,0.0,1404.0,200.0,0.0,0.0,499.0,1.0,0,2.0,1.0,0.0,0.0,0.0,0.0,0.0,0.0,0.0
5328,1,1,2,0,0,0,1,101-500,100.0,1.0,0.0,1402.0,520.0,0.0,0.0,499.0,1.0,0,2.0,1.0,1.0,0.0,0.0,0.0,0.0,0.0,0.0
5329,1,1,2,0,0,0,1,26-100,10000.0,1.0,0.0,1403.0,50.0,1.0,0.0,17700.0,1.0,1,5.0,0.0,0.0,0.0,0.0,0.0,0.0,0.0,0.0
5330,1,1,2,0,0,0,10,101-500,10000.0,1.0,0.0,1404.0,150.0,1.0,0.0,29500.0,1.0,1,6.0,0.0,0.0,0.0,0.0,0.0,0.0,0.0,0.0
5331,1,1,2,0,0,0,1,1-25,10000.0,1.0,0.0,1403.0,395.0,1.0,0.0,17700.0,1.0,1,5.0,0.0,0.0,0.0,0.0,0.0,0.0,0.0,0.0
5332,1,1,2,0,0,0,1,1-25,100.0,1.0,0.0,1403.0,520.0,0.0,0.0,499.0,1.0,0,2.0,0.0,0.0,0.0,0.0,0.0,0.0,0.0,0.0
5333,1,1,2,0,0,0,1,500-1000,10000.0,1.0,0.0,1355.0,659.0,1.0,0.0,17700.0,1.0,1,5.0,1.0,0.0,2.0,1.0,1.0,0.0,0.0,0.0
5335,0,1,1,0,0,1,21,500-1000,100.0,1.0,0.0,954.0,1910.0,0.0,0.0,27886.0,11.0,0,3.0,71.0,89.0,519.0,188.0,203.0,0.0,0.0,0.0
5337,1,1,2,0,0,0,10,26-100,10000.0,1.0,0.0,1355.0,421.0,1.0,0.0,29500.0,1.0,1,6.0,1.0,1.0,7.0,0.0,0.0,0.0,0.0,0.0
5339,1,1,2,0,0,0,1,101-500,100.0,1.0,0.0,1402.0,300.0,0.0,0.0,499.0,1.0,0,2.0,0.0,0.0,0.0,0.0,0.0,0.0,0.0,0.0
5340,1,1,2,0,0,0,10,500-1000,10000.0,1.0,0.0,1352.0,150.0,1.0,0.0,29500.0,1.0,1,6.0,0.0,0.0,0.0,0.0,0.0,0.0,0.0,0.0
5341,1,1,2,0,0,1,1,500-1000,100.0,1.0,0.0,1306.0,195.0,0.0,0.0,499.0,1.0,0,2.0,1.0,6.0,3.0,3.0,3.0,0.0,0.0,0.0
5342,1,1,2,0,0,0,1,101-500,10000.0,1.0,0.0,1402.0,50.0,1.0,0.0,17700.0,1.0,1,5.0,1.0,10.0,0.0,0.0,0.0,0.0,0.0,0.0
5343,1,1,2,0,0,0,1,500-1000,100.0,1.0,0.0,1402.0,200.0,0.0,0.0,499.0,1.0,0,2.0,0.0,0.0,0.0,0.0,0.0,0.0,0.0,0.0
5344,1,1,2,0,0,1,2,500-1000,100.0,1.0,0.0,1100.0,10600.0,0.0,0.0,998.0,2.0,0,2.0,1.0,10.0,0.0,0.0,0.0,0.0,0.0,0.0
5345,1,1,2,0,0,0,1,26-100,100.0,1.0,0.0,1397.0,200.0,0.0,0.0,499.0,1.0,0,2.0,1.0,13.0,2.0,0.0,0.0,0.0,0.0,0.0
5346,1,1,2,0,0,0,1,26-100,100.0,1.0,0.0,1402.0,200.0,1.0,0.0,588.82,1.0,1,2.0,1.0,10.0,1.0,0.0,0.0,0.0,0.0,0.0
5350,1,1,2,0,0,0,1,101-500,100.0,1.0,0.0,1402.0,200.0,0.0,0.0,499.0,1.0,0,2.0,0.0,0.0,0.0,0.0,0.0,0.0,0.0,0.0
5352,1,1,2,0,0,0,1,101-500,10000.0,1.0,0.0,1397.0,50.0,1.0,0.0,17700.0,1.0,1,5.0,1.0,12.0,0.0,0.0,0.0,0.0,0.0,0.0
5354,1,1,2,0,0,0,1,26-100,100.0,1.0,0.0,1397.0,200.0,0.0,0.0,499.0,1.0,0,2.0,0.0,0.0,0.0,0.0,0.0,0.0,0.0,0.0
5355,1,1,2,0,0,0,0,26-100,100.0,1.0,0.0,1348.0,10.0,0.0,0.0,2.0,1.0,0,1.0,1.0,1.0,1.0,1.0,1.0,0.0,0.0,0.0
5356,1,1,2,0,0,0,10,101-500,10000.0,1.0,0.0,1393.0,506.0,1.0,0.0,165200.0,6.0,1,6.0,0.0,6.0,1.0,0.0,0.0,0.0,0.0,0.0
5358,1,1,2,0,0,0,10,26-100,100.0,1.0,0.0,1388.0,500000.0,0.0,1.0,40574.0,7.0,0,4.0,1.0,1.0,1.0,0.0,0.0,0.0,0.0,0.0
5360,1,1,2,0,0,0,10,26-100,10000.0,1.0,0.0,1389.0,300.0,1.0,0.0,50000.0,2.0,1,6.0,0.0,4.0,0.0,0.0,0.0,0.0,0.0,0.0
5361,1,1,2,0,0,0,1,26-100,100.0,2.0,0.0,1397.0,200.0,0.0,0.0,499.0,1.0,0,2.0,0.0,0.0,0.0,0.0,0.0,0.0,0.0,0.0
5362,1,1,2,0,0,0,1,26-100,100.0,2.0,0.0,1397.0,200.0,0.0,0.0,499.0,1.0,0,2.0,0.0,0.0,0.0,0.0,0.0,0.0,0.0,0.0
5363,1,1,2,0,0,0,10,1-25,100.0,1.0,0.0,1397.0,500000.0,0.0,1.0,4788.0,1.0,0,3.0,0.0,0.0,0.0,0.0,0.0,0.0,0.0,0.0
5368,0,1,2,0,0,0,1,500-1000,100.0,1.0,0.0,1379.0,420.0,0.0,0.0,16285.0,7.0,0,4.0,0.0,0.0,0.0,0.0,0.0,0.0,0.0,0.0
5369,1,1,2,0,0,1,999,1-25,100.0,1.0,0.0,1389.0,500000.0,0.0,1.0,11497.0,4.0,0,4.0,1.0,3.0,0.0,0.0,0.0,0.0,0.0,0.0
5371,1,1,2,0,0,0,10,101-500,100.0,1.0,0.0,1396.0,500270.0,0.0,1.0,499.0,2.0,0,3.0,0.0,0.0,0.0,0.0,0.0,0.0,0.0,0.0
5374,1,1,2,0,0,0,10,500-1000,100.0,1.0,0.0,1396.0,500000.0,0.0,1.0,4788.0,1.0,0,3.0,1.0,1.0,1.0,1.0,1.0,0.0,0.0,0.0
5375,1,1,2,0,0,0,1,500-1000,100.0,1.0,0.0,1394.0,200.0,0.0,0.0,499.0,1.0,0,2.0,1.0,2.0,0.0,0.0,0.0,0.0,0.0,0.0
5376,1,1,2,0,0,0,10,26-100,10000.0,1.0,0.0,1396.0,200.0,1.0,0.0,47200.0,2.0,1,6.0,1.0,11.0,0.0,0.0,0.0,0.0,0.0,0.0
5377,1,1,2,0,0,0,10,101-500,100.0,1.0,0.0,1396.0,500000.0,0.0,1.0,5287.0,2.0,0,3.0,0.0,0.0,0.0,0.0,0.0,0.0,0.0,0.0
5378,1,1,2,0,0,0,1,101-500,10000.0,1.0,0.0,1394.0,35.0,1.0,0.0,17700.0,1.0,1,5.0,0.0,0.0,0.0,0.0,0.0,0.0,0.0,0.0
5380,1,1,2,0,0,0,1,101-500,10000.0,1.0,0.0,1388.0,101.0,1.0,0.0,32877.0,3.0,1,5.0,2.0,1.0,6.0,6.0,6.0,0.0,0.0,0.0
5381,1,1,2,0,0,0,1,101-500,100.0,1.0,0.0,1395.0,200.0,0.0,0.0,499.0,1.0,0,2.0,0.0,0.0,0.0,0.0,0.0,0.0,0.0,0.0
5382,0,1,2,0,0,1,1,500-1000,10000.0,1.0,0.0,1382.0,57.0,1.0,0.0,257100.0,11.0,1,5.0,2.0,2.0,11.0,9.0,9.0,0.0,0.0,0.0
5385,1,1,2,0,0,0,1,500-1000,100.0,1.0,0.0,1394.0,200.0,0.0,0.0,499.0,1.0,0,2.0,1.0,1.0,0.0,0.0,0.0,0.0,0.0,0.0
5386,1,1,2,0,0,1,1,101-500,100.0,1.0,0.0,1394.0,600.0,0.0,0.0,1497.0,3.0,0,2.0,0.0,4.0,0.0,0.0,0.0,0.0,0.0,0.0
5389,1,1,2,0,0,0,1,1-25,100.0,1.0,0.0,1360.0,96.0,0.0,0.0,499.0,1.0,0,2.0,2.0,1.0,9.0,8.0,8.0,0.0,0.0,0.0
5391,1,1,2,0,0,0,10,1-25,10000.0,1.0,0.0,1394.0,150.0,1.0,0.0,29500.0,1.0,1,6.0,0.0,0.0,0.0,0.0,0.0,0.0,0.0,0.0
5393,1,1,2,0,0,0,1,1-25,100.0,1.0,0.0,1390.0,410.0,0.0,0.0,6030.0,6.0,0,2.0,0.0,0.0,0.0,0.0,0.0,0.0,0.0,0.0
5394,1,1,2,0,0,0,999,500-1000,100.0,1.0,0.0,1387.0,500000.0,0.0,1.0,10499.0,3.0,0,4.0,4.0,21.0,3.0,0.0,0.0,0.0,0.0,0.0
5395,1,1,2,0,0,1,2,1-25,10000.0,1.0,0.0,1376.0,50.0,1.0,0.0,17700.0,1.0,1,5.0,0.0,0.0,0.0,0.0,0.0,0.0,0.0,0.0
5397,1,1,2,0,0,0,10,101-500,10000.0,1.0,0.0,1387.0,145.0,1.0,0.0,29500.0,1.0,1,6.0,4.0,4.0,37.0,6.0,6.0,0.0,0.0,0.0
5401,1,1,2,0,0,0,999,1-25,100.0,1.0,0.0,1381.0,499998.0,0.0,1.0,10000.0,2.0,0,4.0,2.0,1.0,5.0,2.0,2.0,0.0,0.0,0.0
5403,1,1,2,0,0,1,2,101-500,10000.0,1.0,0.0,1313.0,1597.0,1.0,0.0,53100.0,3.0,1,5.0,5.0,14.0,16.0,1.0,1.0,0.0,0.0,0.0
5404,1,1,2,0,0,1,2,26-100,10000.0,1.0,0.0,1095.0,698.0,1.0,0.0,17700.0,1.0,1,5.0,2.0,4.0,11.0,8.0,8.0,0.0,0.0,0.0
5405,1,1,2,0,0,0,1,101-500,100.0,1.0,0.0,1388.0,210.0,0.0,0.0,509.0,2.0,0,2.0,1.0,0.0,0.0,0.0,0.0,0.0,0.0,0.0
5406,1,1,2,0,0,0,999,26-100,100.0,1.0,0.0,1388.0,500000.0,0.0,1.0,1000.0,1.0,0,4.0,0.0,0.0,0.0,0.0,0.0,0.0,0.0,0.0
5407,1,1,2,0,0,0,10,101-500,10000.0,1.0,0.0,1388.0,150.0,1.0,0.0,29500.0,1.0,1,6.0,0.0,0.0,0.0,0.0,0.0,0.0,0.0,0.0
5408,1,1,2,0,0,0,10,26-100,100.0,1.0,0.0,1333.0,500000.0,0.0,1.0,5287.0,2.0,0,3.0,0.0,0.0,0.0,0.0,0.0,0.0,0.0,0.0
5409,1,1,2,0,0,0,10,101-500,10000.0,1.0,0.0,1388.0,150.0,1.0,0.0,29500.0,1.0,1,6.0,2.0,0.0,1.0,0.0,0.0,0.0,0.0,0.0
5410,1,1,2,0,0,1,11,26-100,10000.0,1.0,0.0,1388.0,150.0,1.0,0.0,29500.0,1.0,1,6.0,0.0,0.0,0.0,0.0,0.0,0.0,0.0,0.0
5411,1,1,2,0,0,1,5,26-100,10000.0,1.0,0.0,1388.0,56.0,1.0,0.0,17700.0,1.0,1,5.0,0.0,0.0,0.0,0.0,0.0,0.0,0.0,0.0
5413,1,1,2,0,0,1,4,26-100,10000.0,1.0,0.0,1388.0,58.0,1.0,0.0,17700.0,1.0,1,5.0,1.0,1.0,3.0,2.0,2.0,0.0,0.0,0.0
5414,1,1,2,0,0,0,10,1-25,100.0,1.0,0.0,1388.0,500000.0,0.0,1.0,5287.0,2.0,0,3.0,1.0,0.0,0.0,0.0,0.0,0.0,0.0,0.0
5416,1,1,2,0,0,0,10,101-500,10000.0,1.0,0.0,1380.0,141.0,1.0,0.0,29500.0,1.0,1,6.0,1.0,1.0,12.0,1.0,1.0,0.0,0.0,0.0
5417,1,1,2,0,0,1,10,26-100,100.0,1.0,0.0,1313.0,500008.0,0.0,1.0,20150.0,6.0,0,3.0,5.0,4.0,69.0,38.0,38.0,0.0,0.0,0.0
5418,1,1,2,0,0,0,10,500-1000,100.0,1.0,0.0,1388.0,500000.0,0.0,1.0,499.0,1.0,0,3.0,0.0,0.0,0.0,0.0,0.0,0.0,0.0,0.0
5419,1,1,2,0,0,0,10,500-1000,100.0,1.0,0.0,1387.0,500000.0,0.0,1.0,5287.0,2.0,0,3.0,0.0,0.0,0.0,0.0,0.0,0.0,0.0,0.0
5420,1,1,2,0,0,0,0,101-500,100.0,1.0,0.0,1387.0,10.0,0.0,0.0,0.0,1.0,0,1.0,1.0,0.0,0.0,0.0,0.0,0.0,0.0,0.0
5421,1,1,2,0,0,1,1,1-25,100.0,1.0,0.0,1387.0,0.0,0.0,0.0,0.0,1.0,0,1.0,1.0,1.0,11.0,10.0,11.0,0.0,0.0,0.0
5423,1,1,2,0,0,0,1,26-100,10000.0,1.0,0.0,1387.0,50.0,1.0,0.0,17700.0,1.0,1,5.0,1.0,1.0,4.0,0.0,0.0,0.0,0.0,0.0
5424,1,1,2,0,0,1,3,26-100,10000.0,1.0,0.0,1382.0,62.0,1.0,0.0,17700.0,1.0,1,5.0,1.0,1.0,3.0,3.0,3.0,0.0,0.0,0.0
5425,1,1,2,0,0,0,10,101-500,10000.0,1.0,0.0,1382.0,148.0,1.0,0.0,29500.0,1.0,1,6.0,1.0,1.0,6.0,2.0,2.0,0.0,0.0,0.0
5426,1,1,2,0,0,0,10,26-100,100.0,1.0,0.0,1387.0,500000.0,0.0,1.0,4788.0,1.0,0,3.0,0.0,0.0,0.0,0.0,0.0,0.0,0.0,0.0
5428,1,1,2,0,0,0,1,101-500,10000.0,1.0,0.0,1256.0,115.0,1.0,0.0,150700.0,6.0,1,5.0,6.0,1.0,11.0,10.0,10.0,0.0,0.0,0.0
5429,1,1,2,0,0,1,5,101-500,10000.0,1.0,0.0,1379.0,50.0,1.0,0.0,17700.0,1.0,1,5.0,1.0,1.0,4.0,0.0,0.0,0.0,0.0,0.0
5430,1,1,2,0,0,0,10,101-500,10000.0,1.0,0.0,1386.0,134.0,1.0,0.0,29500.0,1.0,1,6.0,4.0,2.0,11.0,9.0,9.0,0.0,0.0,0.0
5431,1,1,2,0,0,0,999,26-100,10000.0,1.0,0.0,1383.0,500000.0,1.0,1.0,200.0,1.0,1,7.0,1.0,0.0,0.0,0.0,0.0,0.0,0.0,0.0
5432,1,1,2,0,0,0,1,500-1000,10000.0,1.0,0.0,1386.0,50.0,1.0,0.0,17700.0,1.0,1,5.0,0.0,0.0,0.0,0.0,0.0,0.0,0.0,0.0
5435,1,1,2,0,0,0,1,101-500,100.0,1.0,0.0,1386.0,5.0,0.0,0.0,0.0,1.0,0,0.0,0.0,0.0,0.0,0.0,0.0,0.0,0.0,0.0
5436,1,1,2,0,0,0,1,1-25,100.0,1.0,1.0,1386.0,3560.0,0.0,0.0,0.0,1.0,0,1.0,0.0,0.0,0.0,0.0,0.0,0.0,0.0,0.0
5437,1,1,2,0,0,0,1,101-500,100.0,1.0,0.0,1386.0,200.0,0.0,0.0,499.0,1.0,0,2.0,0.0,0.0,0.0,0.0,0.0,0.0,0.0,0.0
5438,1,1,2,0,0,0,10,26-100,10000.0,1.0,0.0,1383.0,150.0,1.0,0.0,29500.0,1.0,1,6.0,0.0,0.0,0.0,0.0,0.0,0.0,0.0,0.0
5441,1,1,2,0,0,0,1,26-100,10000.0,1.0,0.0,1383.0,48.0,1.0,0.0,17700.0,1.0,1,5.0,1.0,0.0,4.0,4.0,4.0,0.0,0.0,0.0
5449,1,1,2,0,0,0,1,500-1000,10000.0,1.0,0.0,1383.0,5.0,1.0,0.0,15000.0,1.0,1,5.0,1.0,1.0,2.0,2.0,2.0,0.0,0.0,0.0
5453,1,1,2,0,0,0,1,1-25,100.0,1.0,0.0,1383.0,205.0,0.0,0.0,499.0,2.0,0,2.0,0.0,0.0,0.0,0.0,0.0,0.0,0.0,0.0
5454,1,1,2,0,0,0,1,1-25,10000.0,1.0,0.0,1383.0,5.0,1.0,0.0,0.0,1.0,1,5.0,0.0,0.0,0.0,0.0,0.0,0.0,0.0,0.0
5457,1,1,2,0,0,0,1,1-25,10000.0,1.0,0.0,1383.0,10.0,1.0,0.0,0.0,1.0,1,5.0,0.0,0.0,0.0,0.0,0.0,0.0,0.0,0.0
5458,1,1,2,0,0,0,0,1-25,100.0,1.0,0.0,1383.0,5.0,0.0,0.0,0.0,1.0,0,1.0,0.0,0.0,0.0,0.0,0.0,0.0,0.0,0.0
5461,1,1,2,0,0,0,1,26-100,100.0,1.0,0.0,1372.0,209.0,0.0,0.0,499.0,2.0,0,2.0,1.0,0.0,1.0,1.0,1.0,0.0,0.0,0.0
5462,1,1,2,0,0,0,999,26-100,10000.0,1.0,0.0,1382.0,500000.0,1.0,1.0,10000.0,1.0,1,7.0,0.0,0.0,0.0,0.0,0.0,0.0,0.0,0.0
5463,1,1,2,0,0,0,1,26-100,10000.0,1.0,0.0,1382.0,62.0,1.0,0.0,17700.0,1.0,1,5.0,1.0,1.0,11.0,0.0,0.0,0.0,0.0,0.0
5464,1,1,2,0,0,0,999,101-500,10000.0,1.0,0.0,1382.0,500000.0,1.0,1.0,23600.0,1.0,1,7.0,0.0,0.0,0.0,0.0,0.0,0.0,0.0,0.0
5465,1,1,2,0,0,0,10,26-100,100.0,1.0,0.0,1382.0,500000.0,0.0,1.0,10075.0,3.0,0,3.0,1.0,1.0,4.0,0.0,0.0,0.0,0.0,0.0
5466,1,1,2,0,0,0,1,1-25,10000.0,1.0,0.0,1382.0,395.0,1.0,0.0,17700.0,1.0,1,5.0,0.0,0.0,0.0,0.0,0.0,0.0,0.0,0.0
5470,1,1,2,0,0,1,999,26-100,10000.0,1.0,0.0,1379.0,500000.0,1.0,1.0,39500.0,2.0,1,7.0,1.0,1.0,1.0,0.0,0.0,0.0,0.0,0.0
5473,1,1,2,0,0,0,10,500-1000,100.0,1.0,0.0,1382.0,500000.0,0.0,1.0,5287.0,3.0,0,3.0,0.0,0.0,0.0,0.0,0.0,0.0,0.0,0.0
5474,1,1,2,0,0,0,1,1-25,10000.0,1.0,0.0,1341.0,740.0,0.0,0.0,15000.0,1.0,1,5.0,0.0,0.0,0.0,0.0,0.0,0.0,0.0,0.0
5475,1,1,2,0,0,0,1,1-25,10000.0,1.0,0.0,1382.0,50.0,1.0,0.0,17700.0,1.0,1,5.0,0.0,0.0,0.0,0.0,0.0,0.0,0.0,0.0
5476,1,1,2,0,0,0,1,1-25,10000.0,1.0,0.0,1381.0,50.0,1.0,0.0,17700.0,1.0,1,5.0,0.0,0.0,0.0,0.0,0.0,0.0,0.0,0.0
5477,1,1,2,0,0,0,1,101-500,10000.0,1.0,0.0,1380.0,50.0,1.0,0.0,17700.0,1.0,1,5.0,0.0,0.0,0.0,0.0,0.0,0.0,0.0,0.0
5478,1,1,2,0,0,0,999,101-500,100.0,1.0,0.0,1381.0,500000.0,0.0,1.0,40000.0,1.0,0,4.0,0.0,0.0,0.0,0.0,0.0,0.0,0.0,0.0
5479,1,1,2,0,0,0,1,26-100,10000.0,1.0,0.0,1380.0,50.0,0.0,0.0,15000.0,1.0,1,5.0,0.0,0.0,0.0,0.0,0.0,0.0,0.0,0.0
5480,1,1,2,0,0,0,1,26-100,10000.0,1.0,0.0,1381.0,51.0,0.0,0.0,15000.0,1.0,1,5.0,0.0,0.0,0.0,0.0,0.0,0.0,0.0,0.0
5482,1,1,2,0,0,0,1,1-25,10000.0,1.0,0.0,1381.0,5.0,1.0,0.0,0.0,1.0,1,5.0,0.0,0.0,0.0,0.0,0.0,0.0,0.0,0.0
5483,1,1,2,0,0,0,0,1-25,100.0,1.0,0.0,1381.0,5.0,0.0,0.0,0.0,1.0,0,1.0,0.0,0.0,0.0,0.0,0.0,0.0,0.0,0.0
5485,1,1,2,0,0,0,1,26-100,10000.0,1.0,0.0,1381.0,250.0,0.0,0.0,1500.0,1.0,1,5.0,0.0,0.0,0.0,0.0,0.0,0.0,0.0,0.0
5486,1,1,2,0,0,0,0,101-500,100.0,1.0,0.0,1381.0,10.0,0.0,0.0,0.0,1.0,0,1.0,0.0,0.0,0.0,0.0,0.0,0.0,0.0,0.0
5487,1,1,2,0,0,0,1,1-25,100.0,1.0,0.0,1381.0,100.0,0.0,0.0,499.0,1.0,0,2.0,0.0,0.0,0.0,0.0,0.0,0.0,0.0,0.0
5488,1,1,2,0,0,0,0,101-500,100.0,1.0,0.0,1380.0,10.0,0.0,0.0,0.0,1.0,0,1.0,0.0,0.0,0.0,0.0,0.0,0.0,0.0,0.0
5489,1,1,2,0,0,0,10,500-1000,100.0,1.0,0.0,1380.0,500000.0,0.0,1.0,499.0,2.0,0,3.0,0.0,0.0,0.0,0.0,0.0,0.0,0.0,0.0
5490,1,1,2,0,0,0,10,26-100,10000.0,1.0,0.0,1380.0,150.0,0.0,0.0,25000.0,1.0,1,6.0,0.0,0.0,0.0,0.0,0.0,0.0,0.0,0.0
5491,1,1,2,0,0,0,0,101-500,100.0,1.0,0.0,1380.0,10.0,0.0,0.0,0.0,1.0,0,1.0,0.0,1.0,0.0,0.0,0.0,0.0,0.0,0.0
5492,1,1,2,0,0,1,6,101-500,10000.0,1.0,0.0,1374.0,390.0,1.0,0.0,17700.0,1.0,1,5.0,3.0,4.0,110.0,7.0,7.0,0.0,0.0,0.0
5493,1,1,2,0,0,0,10,26-100,100.0,1.0,0.0,1341.0,500000.0,0.0,1.0,9576.0,2.0,0,3.0,1.0,0.0,0.0,0.0,0.0,0.0,0.0,0.0
5494,1,1,2,0,0,0,10,26-100,100.0,1.0,0.0,1319.0,500000.0,0.0,1.0,4788.0,2.0,0,3.0,0.0,0.0,0.0,0.0,0.0,0.0,0.0,0.0
5495,1,1,2,0,0,0,10,500-1000,100.0,1.0,0.0,1380.0,500000.0,0.0,1.0,5786.0,3.0,0,3.0,0.0,1.0,0.0,0.0,0.0,0.0,0.0,0.0
5496,1,1,2,0,0,0,10,1-25,100.0,1.0,0.0,1380.0,500000.0,0.0,1.0,499.0,2.0,0,3.0,0.0,0.0,0.0,0.0,0.0,0.0,0.0,0.0
5497,1,1,2,0,0,0,1,26-100,10000.0,1.0,0.0,1380.0,50.0,1.0,0.0,17700.0,1.0,1,5.0,0.0,0.0,0.0,0.0,0.0,0.0,0.0,0.0
5498,1,1,2,0,0,0,1,26-100,10000.0,1.0,0.0,1379.0,50.0,1.0,0.0,17700.0,1.0,1,5.0,1.0,1.0,1.0,0.0,0.0,0.0,0.0,0.0
5499,1,1,2,0,0,0,10,26-100,10000.0,1.0,0.0,1379.0,150.0,1.0,0.0,29500.0,1.0,1,6.0,0.0,0.0,0.0,0.0,0.0,0.0,0.0,0.0
5501,1,1,2,0,0,1,1000,26-100,10000.0,1.0,0.0,1375.0,14000.0,1.0,0.0,29500.0,1.0,1,6.0,0.0,0.0,0.0,0.0,0.0,0.0,0.0,0.0
5502,1,1,2,0,0,1,999,500-1000,10000.0,1.0,0.0,1379.0,500000.0,1.0,1.0,10000.0,1.0,1,7.0,1.0,2.0,2.0,1.0,1.0,0.0,0.0,0.0
5503,1,1,1,0,0,1,10,26-100,100.0,1.0,0.0,1379.0,500000.0,0.0,1.0,5287.0,3.0,0,3.0,0.0,0.0,0.0,0.0,0.0,0.0,0.0,0.0
5504,1,1,2,0,0,0,10,500-1000,10000.0,1.0,0.0,1379.0,200.0,1.0,0.0,47200.0,2.0,1,6.0,0.0,0.0,0.0,0.0,0.0,0.0,0.0,0.0
5505,1,1,2,0,0,1,0,26-100,10000.0,1.0,0.0,1379.0,0.0,1.0,0.0,17700.0,1.0,1,5.0,1.0,1.0,1.0,1.0,1.0,0.0,0.0,0.0
5506,1,1,2,0,0,0,1,26-100,10000.0,1.0,0.0,1379.0,50.0,1.0,0.0,17700.0,1.0,1,5.0,0.0,1.0,0.0,0.0,0.0,0.0,0.0,0.0
5507,1,1,2,0,0,0,1,26-100,10000.0,1.0,0.0,1379.0,50.0,1.0,0.0,47200.0,2.0,1,6.0,0.0,0.0,0.0,0.0,0.0,0.0,0.0,0.0
5508,1,1,2,0,0,0,1,26-100,100.0,1.0,0.0,1379.0,300.0,0.0,0.0,499.0,1.0,0,2.0,0.0,0.0,0.0,0.0,0.0,0.0,0.0,0.0
5509,1,1,2,0,0,0,0,1-25,100.0,1.0,0.0,1376.0,10.0,0.0,0.0,0.0,1.0,0,1.0,0.0,0.0,0.0,0.0,0.0,0.0,0.0,0.0
5510,1,1,2,0,0,1,10,26-100,100.0,1.0,0.0,1354.0,500000.0,0.0,1.0,9576.0,2.0,0,3.0,1.0,2.0,0.0,0.0,0.0,0.0,0.0,0.0
5511,1,1,2,0,0,1,14,26-100,100.0,1.0,0.0,1376.0,200.0,0.0,0.0,499.0,1.0,0,2.0,0.0,0.0,0.0,0.0,0.0,0.0,0.0,0.0
5512,0,1,2,0,0,0,999,101-500,10000.0,1.0,0.0,1369.0,500000.0,1.0,1.0,43700.0,3.0,1,7.0,1.0,1.0,9.0,0.0,0.0,0.0,0.0,0.0
5513,1,1,2,0,0,1,15,101-500,10000.0,1.0,0.0,1376.0,75.0,1.0,0.0,17700.0,1.0,1,5.0,0.0,0.0,0.0,0.0,0.0,0.0,0.0,0.0
5514,1,1,2,0,0,1,999,101-500,10000.0,1.0,0.0,1376.0,500000.0,1.0,1.0,57200.0,3.0,1,7.0,0.0,0.0,0.0,0.0,0.0,0.0,0.0,0.0
5515,1,1,2,0,0,1,4,1-25,10000.0,1.0,0.0,1369.0,0.0,1.0,0.0,17700.0,1.0,1,5.0,1.0,1.0,0.0,0.0,0.0,0.0,0.0,0.0
5517,1,1,2,0,0,0,10,26-100,10000.0,1.0,0.0,1376.0,545.0,1.0,0.0,47200.0,2.0,1,6.0,0.0,0.0,0.0,0.0,0.0,0.0,0.0,0.0
5518,1,1,2,0,0,0,1,500-1000,10000.0,1.0,0.0,1376.0,50.0,1.0,0.0,17700.0,1.0,1,5.0,0.0,0.0,0.0,0.0,0.0,0.0,0.0,0.0
5519,1,1,2,0,0,0,10,26-100,100.0,1.0,0.0,1376.0,500000.0,1.0,1.0,5649.84,1.0,1,3.0,0.0,0.0,0.0,0.0,0.0,0.0,0.0,0.0
5520,1,1,2,0,0,0,10,26-100,10000.0,1.0,0.0,1373.0,150.0,1.0,0.0,29500.0,1.0,1,6.0,0.0,0.0,0.0,0.0,0.0,0.0,0.0,0.0
5521,1,1,2,0,0,0,10,26-100,10000.0,1.0,0.0,1376.0,545.0,1.0,0.0,47200.0,2.0,1,6.0,0.0,0.0,0.0,0.0,0.0,0.0,0.0,0.0
5522,1,1,2,0,0,1,2,26-100,10000.0,1.0,0.0,1373.0,50.0,1.0,0.0,17700.0,1.0,1,5.0,0.0,0.0,0.0,0.0,0.0,0.0,0.0,0.0
5523,1,1,2,0,0,0,10,26-100,10000.0,1.0,0.0,1376.0,200.0,1.0,0.0,47200.0,2.0,1,6.0,0.0,0.0,0.0,0.0,0.0,0.0,0.0,0.0
5524,1,1,2,0,0,1,15,26-100,10000.0,1.0,0.0,1375.0,495.0,1.0,0.0,29500.0,1.0,1,6.0,0.0,0.0,0.0,0.0,0.0,0.0,0.0,0.0
5526,1,1,2,0,0,1,999,26-100,10000.0,1.0,0.0,1289.0,500000.0,1.0,1.0,30000.0,3.0,1,7.0,4.0,4.0,74.0,30.0,32.0,0.0,0.0,0.0
5527,1,1,2,0,0,0,1,101-500,10000.0,1.0,0.0,1375.0,50.0,1.0,0.0,17700.0,1.0,1,5.0,0.0,0.0,0.0,0.0,0.0,0.0,0.0,0.0
5528,0,1,2,0,0,0,10,26-100,10000.0,1.0,0.0,1375.0,150.0,1.0,0.0,29500.0,1.0,1,6.0,0.0,0.0,0.0,0.0,0.0,0.0,0.0,0.0
5529,1,1,2,0,0,0,10,26-100,10000.0,1.0,0.0,1374.0,839.0,1.0,0.0,29500.0,1.0,1,6.0,1.0,1.0,3.0,1.0,1.0,0.0,0.0,0.0
5530,1,1,2,0,0,0,10,1-25,10000.0,1.0,0.0,1373.0,248.0,1.0,0.0,29500.0,1.0,1,6.0,1.0,1.0,8.0,2.0,2.0,0.0,0.0,0.0
5531,1,1,2,0,0,0,1,101-500,10000.0,1.0,0.0,1341.0,150.0,1.0,0.0,17700.0,1.0,1,5.0,1.0,2.0,0.0,0.0,0.0,0.0,0.0,0.0
5533,1,1,2,0,0,1,4,26-100,10000.0,1.0,0.0,1374.0,395.0,1.0,0.0,17700.0,1.0,1,5.0,0.0,0.0,0.0,0.0,0.0,0.0,0.0,0.0
5534,1,1,2,0,0,0,1,101-500,10000.0,1.0,0.0,1373.0,401.0,1.0,0.0,17700.0,1.0,1,5.0,0.0,0.0,0.0,0.0,0.0,0.0,0.0,0.0
5535,1,1,2,0,0,0,1,1-25,10000.0,1.0,0.0,1374.0,50.0,1.0,0.0,17700.0,1.0,1,5.0,1.0,0.0,1.0,0.0,0.0,0.0,0.0,0.0
5537,1,1,2,0,0,0,1,1-25,100.0,1.0,0.0,1373.0,1200.0,0.0,0.0,499.0,1.0,0,2.0,0.0,0.0,0.0,0.0,0.0,0.0,0.0,0.0
5538,1,1,2,0,0,0,10,26-100,10000.0,1.0,0.0,1362.0,145.0,1.0,0.0,29500.0,1.0,1,6.0,2.0,1.0,35.0,7.0,7.0,0.0,0.0,0.0
5540,1,1,2,0,0,0,1,26-100,100.0,1.0,0.0,1373.0,400.0,0.0,0.0,998.0,2.0,0,2.0,0.0,0.0,0.0,0.0,0.0,0.0,0.0,0.0
5541,1,1,2,0,0,0,1,101-500,100.0,1.0,0.0,1373.0,200.0,0.0,0.0,499.0,1.0,0,2.0,0.0,0.0,0.0,0.0,0.0,0.0,0.0,0.0
5542,1,1,2,0,0,0,1,101-500,100.0,1.0,0.0,1355.0,200.0,0.0,0.0,499.0,1.0,0,2.0,0.0,0.0,0.0,0.0,0.0,0.0,0.0,0.0
5543,1,1,2,0,0,0,1,101-500,100.0,1.0,0.0,1373.0,13200.0,0.0,0.0,499.0,1.0,0,2.0,0.0,0.0,0.0,0.0,0.0,0.0,0.0,0.0
5544,1,1,2,0,0,0,1,101-500,10000.0,1.0,0.0,1373.0,50.0,1.0,0.0,17700.0,1.0,1,5.0,0.0,0.0,0.0,0.0,0.0,0.0,0.0,0.0
5545,1,1,2,0,0,0,10,26-100,100.0,1.0,0.0,1373.0,500000.0,0.0,1.0,499.0,1.0,0,3.0,0.0,0.0,0.0,0.0,0.0,0.0,0.0,0.0
5546,1,1,2,0,0,1,2,500-1000,10000.0,1.0,0.0,1373.0,50.0,1.0,0.0,17700.0,1.0,1,5.0,0.0,0.0,0.0,0.0,0.0,0.0,0.0,0.0
5547,1,1,2,0,0,0,1,26-100,100.0,1.0,0.0,1373.0,200.0,0.0,0.0,499.0,1.0,0,2.0,0.0,0.0,0.0,0.0,0.0,0.0,0.0,0.0
5548,1,1,2,0,0,0,1,26-100,100.0,1.0,0.0,1373.0,200.0,0.0,0.0,499.0,1.0,0,2.0,0.0,0.0,0.0,0.0,0.0,0.0,0.0,0.0
5549,1,1,2,0,0,0,1,1-25,10000.0,1.0,0.0,1373.0,50.0,1.0,0.0,17700.0,1.0,1,5.0,0.0,0.0,0.0,0.0,0.0,0.0,0.0,0.0
5550,1,1,1,0,0,0,10,101-500,100.0,1.0,0.0,1040.0,100.0,0.0,0.0,649.0,2.0,0,2.0,2.0,3.0,7.0,1.0,1.0,0.0,0.0,0.0
5551,1,1,2,0,0,0,1,26-100,100.0,1.0,0.0,1373.0,200.0,0.0,0.0,649.0,2.0,0,2.0,0.0,0.0,0.0,0.0,0.0,0.0,0.0,0.0
5552,1,1,2,0,0,0,1,500-1000,100.0,1.0,0.0,1373.0,200.0,0.0,0.0,499.0,1.0,0,2.0,0.0,0.0,0.0,0.0,0.0,0.0,0.0,0.0
5553,1,1,2,0,0,0,1,101-500,100.0,1.0,0.0,1373.0,200.0,0.0,0.0,499.0,1.0,0,2.0,0.0,0.0,0.0,0.0,0.0,0.0,0.0,0.0
5554,1,1,2,0,0,0,1,26-100,100.0,1.0,0.0,1373.0,200.0,0.0,0.0,499.0,1.0,0,2.0,0.0,0.0,0.0,0.0,0.0,0.0,0.0,0.0
5555,1,1,2,0,0,0,1,1-25,100.0,1.0,0.0,1373.0,200.0,0.0,0.0,499.0,1.0,0,2.0,0.0,0.0,0.0,0.0,0.0,0.0,0.0,0.0
5556,1,1,2,0,0,0,10,26-100,100.0,1.0,0.0,1369.0,500000.0,0.0,1.0,499.0,1.0,0,3.0,0.0,0.0,0.0,0.0,0.0,0.0,0.0,0.0
5557,1,1,2,0,0,0,1,26-100,100.0,1.0,0.0,1372.0,200.0,0.0,0.0,499.0,1.0,0,2.0,0.0,0.0,0.0,0.0,0.0,0.0,0.0,0.0
5558,1,1,2,0,0,0,1,101-500,10000.0,1.0,0.0,1372.0,50.0,1.0,0.0,17700.0,1.0,1,5.0,0.0,0.0,0.0,0.0,0.0,0.0,0.0,0.0
5559,1,1,2,0,0,0,1,26-100,100.0,1.0,0.0,1372.0,200.0,0.0,0.0,499.0,1.0,0,2.0,0.0,0.0,0.0,0.0,0.0,0.0,0.0,0.0
5560,1,1,2,0,0,0,1,1-25,100.0,1.0,0.0,1372.0,200.0,0.0,0.0,499.0,1.0,0,2.0,0.0,0.0,0.0,0.0,0.0,0.0,0.0,0.0
5561,1,1,2,0,0,0,1,1-25,100.0,1.0,0.0,1372.0,200.0,0.0,0.0,499.0,1.0,0,2.0,0.0,0.0,0.0,0.0,0.0,0.0,0.0,0.0
5562,1,1,2,0,0,0,1,1-25,100.0,1.0,0.0,1372.0,200.0,0.0,0.0,499.0,1.0,0,2.0,0.0,0.0,0.0,0.0,0.0,0.0,0.0,0.0
5563,1,1,2,0,0,0,1,26-100,100.0,1.0,0.0,1372.0,200.0,0.0,0.0,499.0,1.0,0,2.0,0.0,0.0,0.0,0.0,0.0,0.0,0.0,0.0
5564,0,1,2,0,0,1,1,500-1000,100.0,1.0,0.0,1340.0,486.0,0.0,0.0,9376.0,13.0,0,2.0,8.0,7.0,59.0,35.0,37.0,0.0,0.0,0.0
5565,1,1,2,0,0,0,10,26-100,100.0,1.0,0.0,1369.0,500000.0,0.0,1.0,4788.0,1.0,0,3.0,0.0,0.0,0.0,0.0,0.0,0.0,0.0,0.0
5566,1,1,2,0,0,0,1,101-500,100.0,1.0,0.0,1369.0,200.0,0.0,0.0,499.0,1.0,0,2.0,0.0,0.0,0.0,0.0,0.0,0.0,0.0,0.0
5567,1,1,2,0,0,0,1,101-500,100.0,1.0,0.0,1365.0,200.0,0.0,0.0,499.0,1.0,0,2.0,0.0,0.0,0.0,0.0,0.0,0.0,0.0,0.0
5568,1,1,2,0,0,0,1,26-100,10000.0,2.0,0.0,1369.0,100.0,0.0,0.0,32700.0,2.0,1,5.0,0.0,0.0,0.0,0.0,0.0,0.0,0.0,0.0
5569,1,1,2,0,0,1,10,500-1000,10000.0,1.0,0.0,1008.0,347.0,1.0,0.0,195200.0,8.0,1,6.0,0.0,0.0,10.0,8.0,7.0,0.0,0.0,0.0
5570,1,1,2,0,0,0,1,26-100,10000.0,2.0,0.0,1369.0,50.0,0.0,0.0,15000.0,1.0,1,5.0,0.0,0.0,0.0,0.0,0.0,0.0,0.0,0.0
5571,1,1,2,0,0,0,999,26-100,100.0,1.0,0.0,1366.0,500000.0,0.0,1.0,1000.0,1.0,0,4.0,1.0,1.0,0.0,0.0,0.0,0.0,0.0,0.0
5572,0,1,2,0,0,0,1,101-500,10000.0,1.0,0.0,1369.0,50.0,0.0,0.0,15000.0,1.0,1,5.0,0.0,0.0,0.0,0.0,0.0,0.0,0.0,0.0
5575,0,1,2,0,0,1,999,1-25,60.0,1.0,0.0,1368.0,500000.0,1.0,1.0,48922.0,4.0,1,7.0,0.0,0.0,0.0,0.0,0.0,0.0,0.0,0.0
5578,1,1,2,0,0,0,999,More than 1000,100.0,1.0,0.0,1359.0,499998.0,0.0,1.0,10000.0,1.0,0,4.0,3.0,3.0,15.0,6.0,6.0,0.0,0.0,0.0
5579,1,1,2,0,0,0,10,26-100,10000.0,1.0,0.0,1368.0,150.0,1.0,0.0,29500.0,1.0,1,6.0,0.0,0.0,0.0,0.0,0.0,0.0,0.0,0.0
5580,1,1,2,0,0,0,1,26-100,10000.0,1.0,0.0,1368.0,50.0,1.0,0.0,17700.0,1.0,1,5.0,0.0,0.0,0.0,0.0,0.0,0.0,0.0,0.0
5581,1,1,2,0,0,1,15,26-100,10000.0,1.0,0.0,1352.0,245.0,1.0,0.0,47200.0,2.0,1,6.0,3.0,3.0,32.0,13.0,15.0,0.0,0.0,0.0
5583,1,1,2,0,0,0,1,101-500,0.0,1.0,0.0,1366.0,12.0,0.0,0.0,266.0,1.0,1,0.0,0.0,0.0,0.0,0.0,0.0,0.0,0.0,0.0
5584,1,1,2,0,0,0,1,1-25,0.0,1.0,0.0,1344.0,2.0,0.0,0.0,10000.0,1.0,1,0.0,0.0,0.0,0.0,0.0,0.0,0.0,0.0,0.0
5585,1,1,2,0,0,0,10,1-25,100.0,1.0,0.0,1344.0,500000.0,0.0,1.0,49788.0,4.0,1,5.0,0.0,1.0,0.0,0.0,0.0,0.0,0.0,0.0
5587,1,1,2,0,0,0,1,26-100,100.0,1.0,0.0,1365.0,200.0,0.0,0.0,499.0,1.0,0,2.0,1.0,1.0,0.0,0.0,0.0,0.0,0.0,0.0
5589,1,1,2,0,0,0,1,1-25,10000.0,1.0,0.0,1365.0,395.0,1.0,0.0,17700.0,1.0,1,5.0,0.0,0.0,0.0,0.0,0.0,0.0,0.0,0.0
5590,1,1,2,0,0,0,1,101-500,10000.0,1.0,0.0,1365.0,50.0,1.0,0.0,17700.0,1.0,1,5.0,0.0,0.0,0.0,0.0,0.0,0.0,0.0,0.0
5591,1,1,2,0,0,0,10,26-100,10000.0,1.0,0.0,1092.0,150.0,1.0,0.0,29500.0,1.0,1,6.0,1.0,1.0,0.0,0.0,0.0,0.0,0.0,0.0
5592,1,1,2,0,0,0,10,1-25,10000.0,1.0,0.0,1362.0,150.0,1.0,0.0,29500.0,1.0,1,6.0,1.0,0.0,0.0,0.0,0.0,0.0,0.0,0.0
5593,1,1,2,0,0,0,1,26-100,10000.0,1.0,0.0,1361.0,50.0,1.0,0.0,17700.0,1.0,1,5.0,1.0,0.0,0.0,0.0,0.0,0.0,0.0,0.0
5594,1,1,2,0,0,0,1,26-100,10000.0,1.0,0.0,1362.0,50.0,1.0,0.0,17700.0,1.0,1,5.0,1.0,0.0,10.0,0.0,0.0,0.0,0.0,0.0
5596,1,1,2,0,0,0,10,26-100,10000.0,1.0,0.0,1362.0,150.0,0.0,0.0,25000.0,1.0,1,6.0,0.0,0.0,0.0,0.0,0.0,0.0,0.0,0.0
5597,1,1,2,0,0,0,1,500-1000,10000.0,1.0,0.0,1362.0,50.0,0.0,0.0,15000.0,1.0,1,5.0,0.0,0.0,0.0,0.0,0.0,0.0,0.0,0.0
5598,1,1,2,0,0,0,1,101-500,10000.0,1.0,0.0,1362.0,395.0,1.0,0.0,15000.0,1.0,1,5.0,0.0,0.0,0.0,0.0,0.0,0.0,0.0,0.0
5599,1,1,2,0,0,0,10,500-1000,10000.0,1.0,0.0,1362.0,150.0,0.0,0.0,25000.0,1.0,1,6.0,0.0,0.0,0.0,0.0,0.0,0.0,0.0,0.0
5600,1,1,2,0,0,0,999,More than 1000,10000.0,1.0,0.0,1361.0,500000.0,1.0,1.0,10000.0,1.0,1,7.0,1.0,1.0,1.0,0.0,0.0,0.0,0.0,0.0
5605,1,1,2,0,0,0,1,101-500,10000.0,1.0,0.0,1359.0,50.0,0.0,0.0,15000.0,1.0,1,5.0,0.0,0.0,0.0,0.0,0.0,0.0,0.0,0.0
5606,1,1,2,0,0,0,1,1-25,100.0,1.0,0.0,1358.0,5.0,0.0,0.0,0.0,1.0,0,2.0,1.0,0.0,1.0,1.0,1.0,0.0,0.0,0.0
5608,1,1,2,0,0,0,10,101-500,100.0,1.0,0.0,1359.0,500000.0,0.0,1.0,4788.0,1.0,0,3.0,1.0,0.0,1.0,0.0,0.0,0.0,0.0,0.0
5610,0,1,2,0,0,1,1,1-25,10000.0,1.0,0.0,1358.0,790.0,1.0,0.0,499.0,2.0,1,5.0,0.0,0.0,0.0,0.0,0.0,0.0,0.0,0.0
5612,1,1,2,0,0,0,1,26-100,10000.0,1.0,0.0,1360.0,50.0,1.0,0.0,15000.0,1.0,1,5.0,0.0,0.0,0.0,0.0,0.0,0.0,0.0,0.0
5613,1,1,2,0,0,1,13,26-100,10000.0,1.0,0.0,1360.0,150.0,1.0,0.0,29500.0,1.0,1,6.0,0.0,0.0,0.0,0.0,0.0,0.0,0.0,0.0
5614,0,1,2,0,0,1,2,101-500,10000.0,1.0,0.0,1359.0,420.0,1.0,0.0,45000.0,3.0,1,5.0,0.0,0.0,0.0,0.0,0.0,0.0,0.0,0.0
5615,0,1,2,0,0,0,1,1-25,100.0,1.0,0.0,1341.0,30.0,1.0,0.0,598.0,6.0,1,6.0,0.0,0.0,0.0,0.0,0.0,0.0,0.0,0.0
5616,1,1,2,0,0,0,1,More than 1000,10000.0,1.0,0.0,1360.0,48.0,1.0,0.0,15000.0,1.0,1,5.0,1.0,0.0,2.0,2.0,2.0,0.0,0.0,0.0
5617,1,1,2,0,0,0,1,500-1000,10000.0,1.0,0.0,1360.0,100.0,1.0,0.0,17700.0,2.0,1,5.0,0.0,0.0,0.0,0.0,0.0,0.0,0.0,0.0
5620,1,1,2,0,0,0,1,101-500,10000.0,1.0,0.0,1359.0,50.0,1.0,0.0,15000.0,1.0,1,5.0,0.0,0.0,0.0,0.0,0.0,0.0,0.0,0.0
5621,1,1,2,0,0,0,1,101-500,10000.0,1.0,0.0,1359.0,50.0,1.0,0.0,15000.0,1.0,1,5.0,0.0,0.0,0.0,0.0,0.0,0.0,0.0,0.0
5622,0,1,2,0,0,0,1,1-25,100.0,1.0,0.0,1359.0,36.0,0.0,0.0,0.0,3.0,0,2.0,1.0,1.0,2.0,2.0,2.0,0.0,0.0,0.0
5623,1,1,2,0,0,0,1,1-25,100.0,1.0,0.0,1359.0,5.0,0.0,0.0,0.0,1.0,0,0.0,0.0,0.0,0.0,0.0,0.0,0.0,0.0,0.0
5624,1,1,2,0,0,0,1,1-25,100.0,1.0,0.0,1344.0,5.0,0.0,0.0,0.0,1.0,0,0.0,0.0,0.0,0.0,0.0,0.0,0.0,0.0,0.0
5625,1,1,2,0,0,0,1,1-25,100.0,1.0,0.0,1359.0,5.0,0.0,0.0,0.0,1.0,0,0.0,0.0,0.0,0.0,0.0,0.0,0.0,0.0,0.0
5626,0,1,2,0,0,0,1,101-500,10000.0,1.0,0.0,1341.0,100.0,1.0,0.0,17700.0,2.0,1,5.0,0.0,0.0,0.0,0.0,0.0,0.0,0.0,0.0
5627,1,1,2,0,0,0,1,26-100,10000.0,1.0,0.0,1359.0,50.0,1.0,0.0,17700.0,1.0,1,5.0,0.0,0.0,0.0,0.0,0.0,0.0,0.0,0.0
5628,1,1,2,0,0,0,1,26-100,10000.0,1.0,0.0,1359.0,50.0,1.0,0.0,0.0,1.0,1,5.0,0.0,0.0,0.0,0.0,0.0,0.0,0.0,0.0
5629,1,1,2,0,0,0,1,101-500,10000.0,1.0,0.0,1358.0,50.0,1.0,0.0,0.0,1.0,1,5.0,0.0,0.0,0.0,0.0,0.0,0.0,0.0,0.0
5630,1,1,2,0,0,0,10,26-100,10000.0,1.0,0.0,1358.0,150.0,1.0,0.0,29500.0,1.0,1,6.0,1.0,0.0,0.0,0.0,0.0,0.0,0.0,0.0
5631,0,1,2,0,0,0,999,More than 1000,10000.0,1.0,0.0,1358.0,500010.0,1.0,1.0,0.0,3.0,0,4.0,0.0,0.0,0.0,0.0,0.0,0.0,0.0,0.0
5632,1,1,2,0,0,0,10,101-500,10000.0,1.0,0.0,1311.0,297.0,1.0,0.0,88500.0,3.0,1,6.0,2.0,2.0,6.0,6.0,6.0,0.0,0.0,0.0
5633,0,1,2,0,0,0,1,1-25,100.0,1.0,0.0,1347.0,100.0,0.0,0.0,4688.0,12.0,0,2.0,1.0,0.0,0.0,0.0,0.0,0.0,0.0,0.0
5634,1,1,2,0,0,0,10,26-100,100.0,1.0,0.0,1355.0,500000.0,0.0,1.0,9576.0,2.0,0,3.0,0.0,0.0,0.0,0.0,0.0,0.0,0.0,0.0
5635,1,1,2,0,0,0,1,26-100,100.0,1.0,0.0,1352.0,800.0,0.0,0.0,3491.0,9.0,0,2.0,1.0,1.0,1.0,0.0,0.0,0.0,0.0,0.0
5638,1,1,2,0,0,0,10,26-100,10000.0,1.0,0.0,1355.0,550.0,1.0,0.0,123900.0,5.0,1,6.0,0.0,0.0,0.0,0.0,0.0,0.0,0.0,0.0
5639,1,1,2,0,0,0,10,101-500,100.0,1.0,0.0,1346.0,500000.0,0.0,1.0,25237.0,8.0,0,3.0,0.0,0.0,0.0,0.0,0.0,0.0,0.0,0.0
5641,1,1,2,0,0,0,10,26-100,100.0,1.0,0.0,1355.0,500000.0,0.0,1.0,9576.0,2.0,0,3.0,0.0,0.0,0.0,0.0,0.0,0.0,0.0,0.0
5643,1,1,2,0,0,0,10,101-500,100.0,1.0,0.0,1355.0,500000.0,0.0,1.0,4966.0,2.0,0,3.0,0.0,0.0,0.0,0.0,0.0,0.0,0.0,0.0
5644,1,1,2,0,0,0,10,26-100,100.0,1.0,0.0,1354.0,500000.0,0.0,1.0,6085.0,4.0,0,3.0,0.0,0.0,0.0,0.0,0.0,0.0,0.0,0.0
5646,1,1,1,0,0,1,11,26-100,100.0,1.0,0.0,946.0,5400.0,0.0,0.0,11488.0,17.0,0,3.0,3.0,1.0,3.0,3.0,3.0,0.0,0.0,0.0
5647,1,1,2,0,0,0,10,101-500,100.0,1.0,0.0,1354.0,500000.0,0.0,1.0,499.0,1.0,0,3.0,0.0,0.0,0.0,0.0,0.0,0.0,0.0,0.0
5648,0,1,2,0,0,1,2,101-500,60.0,1.0,0.0,1341.0,100.0,1.0,0.0,32700.0,2.0,1,5.0,0.0,12.0,0.0,0.0,0.0,0.0,0.0,0.0
5649,1,1,2,0,0,0,1,101-500,10000.0,1.0,0.0,1354.0,250.0,1.0,0.0,15000.0,1.0,1,5.0,0.0,0.0,0.0,0.0,0.0,0.0,0.0,0.0
5651,1,1,2,0,0,0,1,26-100,10000.0,1.0,0.0,1354.0,250.0,1.0,0.0,15000.0,1.0,1,5.0,0.0,0.0,0.0,0.0,0.0,0.0,0.0,0.0
5652,1,1,2,0,0,0,1,500-1000,100.0,1.0,0.0,1346.0,10.0,0.0,0.0,299.0,2.0,0,2.0,0.0,0.0,0.0,0.0,0.0,0.0,0.0,0.0
5653,0,1,2,0,0,1,9,26-100,10000.0,1.0,0.0,1345.0,9.0,1.0,0.0,35400.0,2.0,1,5.0,2.0,1.0,5.0,4.0,4.0,0.0,0.0,0.0
5654,1,1,2,0,0,0,1,101-500,100.0,1.0,0.0,1338.0,2000.0,0.0,0.0,2394.0,6.0,0,2.0,0.0,0.0,1.0,0.0,0.0,0.0,0.0,0.0
5655,1,1,2,0,0,0,10,1-25,100.0,1.0,0.0,1346.0,500000.0,0.0,1.0,4788.0,2.0,0,3.0,0.0,0.0,0.0,0.0,0.0,0.0,0.0,0.0
5657,0,1,2,0,0,0,1,1-25,100.0,1.0,0.0,1347.0,5.0,0.0,0.0,698.0,3.0,0,2.0,0.0,0.0,0.0,0.0,0.0,0.0,0.0,0.0
5658,1,1,2,0,0,0,1,1-25,10000.0,1.0,0.0,1353.0,50.0,1.0,0.0,17700.0,1.0,1,5.0,0.0,0.0,0.0,0.0,0.0,0.0,0.0,0.0
5661,1,1,2,0,0,0,1,26-100,100.0,1.0,0.0,1351.0,200.0,0.0,0.0,499.0,1.0,0,2.0,0.0,10.0,0.0,0.0,0.0,0.0,0.0,0.0
5662,1,1,2,0,0,0,10,26-100,10000.0,1.0,0.0,1352.0,150.0,1.0,0.0,29500.0,1.0,1,6.0,0.0,0.0,0.0,0.0,0.0,0.0,0.0,0.0
5663,1,1,2,0,0,0,10,101-500,10000.0,1.0,0.0,1351.0,150.0,1.0,0.0,29500.0,1.0,1,6.0,0.0,0.0,0.0,0.0,0.0,0.0,0.0,0.0
5664,1,1,2,0,0,0,10,26-100,10000.0,1.0,0.0,1351.0,150.0,1.0,0.0,29500.0,1.0,1,6.0,0.0,0.0,0.0,0.0,0.0,0.0,0.0,0.0
5665,1,1,2,0,0,0,1,26-100,10000.0,1.0,0.0,1348.0,101.0,1.0,0.0,17700.0,1.0,1,5.0,1.0,0.0,2.0,2.0,2.0,0.0,0.0,0.0
5666,1,1,2,0,0,0,1,26-100,10000.0,1.0,0.0,1338.0,50.0,1.0,0.0,17700.0,1.0,1,5.0,1.0,0.0,1.0,0.0,0.0,0.0,0.0,0.0
5667,1,1,2,0,0,0,1,26-100,10000.0,1.0,0.0,1333.0,50.0,1.0,0.0,17700.0,1.0,1,5.0,1.0,1.0,2.0,0.0,0.0,0.0,0.0,0.0
5670,1,1,2,0,0,0,1,26-100,10000.0,1.0,0.0,1346.0,50.0,1.0,0.0,17700.0,1.0,1,5.0,1.0,1.0,0.0,0.0,0.0,0.0,0.0,0.0
5672,1,1,2,0,0,0,1,500-1000,100.0,1.0,0.0,875.0,625.0,0.0,0.0,899.0,2.0,0,2.0,1.0,1.0,0.0,0.0,0.0,0.0,0.0,0.0
5673,0,1,2,0,0,1,2,1-25,100.0,1.0,0.0,1319.0,145.0,0.0,0.0,399.0,1.0,0,2.0,0.0,0.0,0.0,0.0,0.0,0.0,0.0,0.0
5674,0,1,2,0,0,0,1,101-500,10000.0,1.0,0.0,994.0,576.0,1.0,0.0,113100.0,7.0,1,5.0,2.0,1.0,12.0,5.0,5.0,0.0,0.0,0.0
5677,1,1,2,0,0,0,1,1-25,10000.0,1.0,0.0,1345.0,100.0,1.0,0.0,15000.0,2.0,1,5.0,0.0,0.0,0.0,0.0,0.0,0.0,0.0,0.0
5678,1,1,2,0,0,0,1,101-500,10000.0,1.0,0.0,1345.0,50.0,1.0,0.0,17700.0,1.0,1,5.0,0.0,0.0,0.0,0.0,0.0,0.0,0.0,0.0
5679,1,1,2,0,0,1,12,101-500,10000.0,1.0,0.0,1345.0,276.0,1.0,0.0,29500.0,1.0,1,6.0,0.0,0.0,0.0,0.0,0.0,0.0,0.0,0.0
5690,1,1,2,0,0,0,1,26-100,100.0,1.0,0.0,1344.0,100.0,0.0,0.0,399.0,1.0,0,2.0,0.0,0.0,0.0,0.0,0.0,0.0,0.0,0.0
5692,1,1,2,0,0,1,1,500-1000,100.0,1.0,0.0,1344.0,100.0,0.0,0.0,399.0,1.0,0,2.0,0.0,0.0,0.0,0.0,0.0,0.0,0.0,0.0
5694,1,1,2,0,0,0,10,1-25,10000.0,1.0,0.0,1311.0,204.0,1.0,0.0,47200.0,2.0,1,6.0,2.0,1.0,1.0,1.0,1.0,0.0,0.0,0.0
5695,1,1,2,0,0,0,999,101-500,100.0,1.0,0.0,1344.0,500000.0,0.0,1.0,20000.0,1.0,0,4.0,0.0,1.0,0.0,0.0,0.0,0.0,0.0,0.0
5699,1,1,2,0,0,0,10,1-25,10000.0,1.0,0.0,1341.0,150.0,1.0,0.0,25000.0,1.0,1,6.0,0.0,0.0,0.0,0.0,0.0,0.0,0.0,0.0
5701,1,1,2,0,0,0,999,26-100,100.0,1.0,0.0,1341.0,500000.0,0.0,1.0,10000.0,1.0,0,4.0,0.0,0.0,0.0,0.0,0.0,0.0,0.0,0.0
5702,1,1,2,0,0,0,1,500-1000,100.0,1.0,0.0,1319.0,100.0,0.0,0.0,39.0,1.0,0,2.0,0.0,0.0,0.0,0.0,0.0,0.0,0.0,0.0
5703,1,1,2,0,0,1,2,26-100,100.0,1.0,0.0,1341.0,10.0,0.0,0.0,39.0,1.0,0,2.0,0.0,0.0,0.0,0.0,0.0,0.0,0.0,0.0
5704,1,1,2,0,0,0,1,500-1000,100.0,1.0,0.0,1341.0,10.0,0.0,0.0,399.0,1.0,0,2.0,0.0,0.0,0.0,0.0,0.0,0.0,0.0,0.0
5705,1,1,2,0,0,0,10,26-100,10000.0,1.0,0.0,1338.0,210.0,1.0,0.0,52200.0,3.0,1,6.0,0.0,0.0,0.0,0.0,0.0,0.0,0.0,0.0
5706,0,1,2,0,0,0,1,1-25,10000.0,1.0,0.0,1332.0,326.0,1.0,0.0,163650.0,11.0,1,5.0,0.0,0.0,0.0,0.0,0.0,0.0,0.0,0.0
5708,1,1,2,0,0,0,10,1-25,10000.0,1.0,0.0,1334.0,149.0,1.0,0.0,29500.0,1.0,1,6.0,1.0,1.0,1.0,1.0,1.0,0.0,0.0,0.0
5709,1,1,2,0,0,0,999,500-1000,10000.0,1.0,0.0,1319.0,500000.0,1.0,1.0,1800.0,1.0,1,7.0,1.0,1.0,1.0,1.0,1.0,0.0,0.0,0.0
5710,1,1,2,0,0,0,1,1-25,100.0,1.0,0.0,1338.0,100.0,0.0,0.0,399.0,1.0,0,2.0,0.0,0.0,0.0,0.0,0.0,0.0,0.0,0.0
5711,1,1,2,0,0,0,1,1-25,10000.0,1.0,0.0,1338.0,50.0,1.0,0.0,15000.0,1.0,1,5.0,0.0,0.0,0.0,0.0,0.0,0.0,0.0,0.0
5712,1,1,2,0,0,0,1,101-500,10000.0,1.0,0.0,1337.0,50.0,1.0,0.0,17700.0,1.0,1,5.0,0.0,0.0,0.0,0.0,0.0,0.0,0.0,0.0
5713,1,1,2,0,0,0,1,26-100,10000.0,1.0,0.0,1337.0,50.0,1.0,0.0,17700.0,1.0,1,5.0,1.0,0.0,1.0,0.0,0.0,0.0,0.0,0.0
5714,1,1,2,0,0,0,1,26-100,10000.0,1.0,0.0,1337.0,50.0,1.0,0.0,17700.0,1.0,1,5.0,0.0,0.0,0.0,0.0,0.0,0.0,0.0,0.0
5715,1,1,2,0,0,0,1,1-25,10000.0,1.0,0.0,1337.0,50.0,1.0,0.0,17700.0,1.0,1,5.0,0.0,0.0,0.0,0.0,0.0,0.0,0.0,0.0
5716,1,1,2,0,0,0,1,1-25,10000.0,1.0,0.0,1337.0,50.0,1.0,0.0,17700.0,1.0,1,5.0,0.0,0.0,0.0,0.0,0.0,0.0,0.0,0.0
5717,1,1,2,0,0,0,1,1-25,10000.0,1.0,0.0,1337.0,50.0,1.0,0.0,17700.0,1.0,1,5.0,0.0,0.0,0.0,0.0,0.0,0.0,0.0,0.0
5718,1,1,2,0,0,0,1,1-25,10000.0,1.0,0.0,1337.0,50.0,1.0,0.0,17700.0,1.0,1,5.0,0.0,0.0,0.0,0.0,0.0,0.0,0.0,0.0
5719,1,1,2,0,0,0,1,101-500,10000.0,1.0,0.0,1337.0,50.0,1.0,0.0,17700.0,1.0,1,5.0,0.0,0.0,0.0,0.0,0.0,0.0,0.0,0.0
5720,1,1,2,0,0,0,1,26-100,100.0,1.0,0.0,1337.0,100.0,0.0,0.0,399.0,1.0,0,2.0,0.0,0.0,0.0,0.0,0.0,0.0,0.0,0.0
5721,1,1,2,0,0,0,1,1-25,10000.0,1.0,0.0,1337.0,50.0,1.0,0.0,17700.0,1.0,1,5.0,0.0,0.0,0.0,0.0,0.0,0.0,0.0,0.0
5722,1,1,2,0,0,1,6,101-500,10000.0,1.0,0.0,1306.0,240.0,1.0,0.0,17700.0,1.0,1,5.0,2.0,1.0,5.0,1.0,2.0,0.0,0.0,0.0
5725,1,1,2,0,0,1,1,101-500,100.0,1.0,0.0,1319.0,200.0,0.0,0.0,1397.0,3.0,0,2.0,1.0,0.0,0.0,0.0,0.0,0.0,0.0,0.0
5737,1,1,1,0,0,1,1,500-1000,100.0,1.0,0.0,1326.0,1300.0,0.0,0.0,1396.0,4.0,0,2.0,0.0,0.0,1.0,0.0,0.0,0.0,0.0,0.0
5741,0,1,1,0,0,1,3,26-100,60.0,1.0,0.0,1332.0,535.0,1.0,0.0,87965.0,7.0,1,6.0,0.0,0.0,0.0,0.0,0.0,0.0,0.0,0.0
5748,1,1,2,0,0,0,1,26-100,10000.0,1.0,0.0,1331.0,50.0,1.0,0.0,17700.0,1.0,1,5.0,0.0,0.0,0.0,0.0,0.0,0.0,0.0,0.0
5750,1,1,2,0,0,0,1,1-25,10000.0,1.0,0.0,1327.0,50.0,1.0,0.0,17700.0,1.0,1,5.0,1.0,0.0,0.0,0.0,0.0,0.0,0.0,0.0
5751,1,1,2,0,0,0,10,26-100,100.0,1.0,0.0,1327.0,500000.0,0.0,1.0,5586.0,3.0,0,3.0,1.0,1.0,4.0,3.0,3.0,0.0,0.0,0.0
5752,1,1,1,0,0,0,1,1-25,10000.0,1.0,0.0,1310.0,397.0,1.0,0.0,92700.0,6.0,1,5.0,0.0,0.0,0.0,0.0,0.0,0.0,0.0,0.0
5755,1,1,2,0,0,0,1,1-25,100.0,1.0,0.0,1243.0,99.0,0.0,0.0,399.0,1.0,0,2.0,2.0,0.0,4.0,1.0,0.0,0.0,0.0,0.0
5756,1,1,2,0,0,0,1,26-100,10000.0,1.0,0.0,1320.0,49.0,1.0,0.0,17700.0,1.0,1,5.0,0.0,0.0,1.0,0.0,0.0,0.0,0.0,0.0
5758,1,1,2,0,0,0,999,500-1000,100.0,1.0,0.0,1312.0,500000.0,0.0,1.0,0.0,1.0,0,4.0,0.0,0.0,0.0,0.0,0.0,0.0,0.0,0.0
5759,0,1,2,0,0,0,10,26-100,100.0,1.0,0.0,1310.0,500000.0,0.0,1.0,69576.0,8.0,0,4.0,0.0,0.0,0.0,0.0,0.0,0.0,0.0,0.0
5761,1,1,2,0,0,0,10,1-25,100.0,1.0,0.0,1263.0,500000.0,0.0,1.0,113319.0,29.0,0,3.0,0.0,0.0,0.0,0.0,0.0,0.0,0.0,0.0
5764,1,1,2,0,0,0,1,1-25,100.0,1.0,0.0,1318.0,100.0,1.0,0.0,470.82,1.0,1,2.0,0.0,0.0,0.0,0.0,0.0,0.0,0.0,0.0
5765,1,1,1,0,0,0,10,26-100,100.0,1.0,0.0,1317.0,500012.0,0.0,1.0,38703.0,9.0,0,3.0,1.0,1.0,1.0,0.0,0.0,0.0,0.0,0.0
5766,0,1,1,0,0,1,999,101-500,10000.0,1.0,0.0,960.0,500000.0,1.0,1.0,246600.0,12.0,1,7.0,0.0,0.0,0.0,0.0,0.0,0.0,0.0,0.0
5768,1,1,2,0,0,1,10,26-100,10000.0,1.0,0.0,1313.0,815.0,1.0,0.0,76700.0,3.0,1,6.0,3.0,1.0,3.0,1.0,1.0,0.0,0.0,0.0
5771,1,1,1,0,0,0,1,1-25,100.0,1.0,0.0,1318.0,300.0,0.0,0.0,1197.0,3.0,0,2.0,0.0,0.0,0.0,0.0,0.0,0.0,0.0,0.0
5773,1,1,2,0,0,0,10,26-100,10000.0,1.0,0.0,1318.0,300.0,1.0,0.0,88500.0,3.0,1,6.0,0.0,0.0,0.0,0.0,0.0,0.0,0.0,0.0
5774,1,1,2,0,0,0,1,1-25,10000.0,1.0,0.0,1318.0,100.0,1.0,0.0,53100.0,3.0,1,5.0,0.0,0.0,0.0,0.0,0.0,0.0,0.0,0.0
5775,0,1,1,0,0,0,999,500-1000,10000.0,1.0,0.0,1092.0,500000.0,1.0,1.0,241800.0,6.0,1,7.0,0.0,0.0,0.0,0.0,0.0,0.0,0.0,0.0
5776,0,1,2,0,0,0,10,1-25,60.0,1.0,0.0,1317.0,520.0,1.0,0.0,61300.0,3.0,1,6.0,1.0,1.0,2.0,2.0,2.0,0.0,0.0,0.0
5777,1,1,2,0,0,0,10,26-100,10000.0,1.0,0.0,1317.0,300.0,1.0,0.0,59000.0,2.0,1,6.0,0.0,0.0,0.0,0.0,0.0,0.0,0.0,0.0
5778,1,1,1,0,0,0,999,500-1000,10000.0,1.0,0.0,1310.0,500000.0,1.0,1.0,160000.0,8.0,1,7.0,0.0,0.0,0.0,0.0,0.0,0.0,0.0,0.0
5779,1,1,2,0,0,0,999,500-1000,100.0,1.0,0.0,1317.0,500000.0,0.0,1.0,120000.0,4.0,0,4.0,0.0,0.0,0.0,0.0,0.0,0.0,0.0,0.0
5780,1,1,1,0,0,0,999,500-1000,10000.0,1.0,0.0,1256.0,500012.0,1.0,1.0,188800.0,8.0,1,7.0,0.0,0.0,0.0,0.0,0.0,0.0,0.0,0.0
5781,0,1,2,0,0,0,999,101-500,100.0,1.0,0.0,1317.0,500000.0,0.0,1.0,54000.0,5.0,0,4.0,0.0,0.0,0.0,0.0,0.0,0.0,0.0,0.0
5782,1,1,2,0,0,0,1,26-100,100.0,1.0,0.0,1316.0,1100.0,0.0,0.0,399.0,1.0,0,2.0,0.0,0.0,0.0,0.0,0.0,0.0,0.0,0.0
5783,1,1,2,0,0,0,1,26-100,100.0,1.0,0.0,1290.0,15578.0,0.0,0.0,399.0,1.0,0,2.0,0.0,0.0,0.0,0.0,0.0,0.0,0.0,0.0
5784,1,1,2,0,0,0,999,26-100,10000.0,1.0,0.0,1311.0,500000.0,1.0,1.0,10000.0,1.0,1,7.0,0.0,0.0,0.0,0.0,0.0,0.0,0.0,0.0
5785,1,1,2,0,0,0,999,1-25,10000.0,1.0,0.0,1312.0,500000.0,1.0,1.0,10000.0,1.0,1,7.0,0.0,0.0,0.0,0.0,0.0,0.0,0.0,0.0
5786,1,1,2,0,0,0,10,26-100,10000.0,1.0,0.0,1312.0,300.0,1.0,0.0,59000.0,2.0,1,6.0,0.0,0.0,0.0,0.0,0.0,0.0,0.0,0.0
5787,1,1,2,0,0,0,999,1-25,10000.0,1.0,0.0,1312.0,500000.0,1.0,1.0,10000.0,1.0,1,7.0,0.0,0.0,0.0,0.0,0.0,0.0,0.0,0.0
5788,1,1,2,0,0,0,999,1-25,100.0,1.0,0.0,1312.0,500000.0,0.0,1.0,10000.0,1.0,0,4.0,0.0,0.0,0.0,0.0,0.0,0.0,0.0,0.0
5789,1,1,2,0,0,0,999,101-500,10000.0,1.0,0.0,1312.0,500000.0,1.0,1.0,0.0,1.0,1,7.0,0.0,0.0,0.0,0.0,0.0,0.0,0.0,0.0
5790,1,1,2,0,0,0,999,1-25,10000.0,1.0,0.0,1312.0,500000.0,1.0,1.0,0.0,1.0,1,7.0,0.0,0.0,0.0,0.0,0.0,0.0,0.0,0.0
5791,1,1,2,0,0,0,999,1-25,10000.0,1.0,0.0,1263.0,500000.0,1.0,1.0,0.0,2.0,1,7.0,1.0,0.0,0.0,0.0,0.0,0.0,0.0,0.0
5792,0,1,2,0,0,0,1,1-25,60.0,1.0,0.0,1311.0,50.0,1.0,0.0,15000.0,2.0,1,7.0,0.0,0.0,0.0,0.0,0.0,0.0,0.0,0.0
5793,1,1,2,0,0,0,999,26-100,10000.0,1.0,0.0,1311.0,500000.0,1.0,1.0,0.0,1.0,1,7.0,0.0,0.0,0.0,0.0,0.0,0.0,0.0,0.0
5794,1,1,2,0,0,0,999,1-25,100.0,1.0,0.0,1311.0,500000.0,0.0,1.0,0.0,1.0,0,4.0,0.0,0.0,0.0,0.0,0.0,0.0,0.0,0.0
5795,1,1,2,0,0,0,999,1-25,100.0,1.0,0.0,1311.0,500000.0,0.0,1.0,0.0,1.0,0,4.0,0.0,0.0,0.0,0.0,0.0,0.0,0.0,0.0
5796,1,1,1,0,0,0,999,500-1000,10000.0,1.0,0.0,1299.0,500000.0,1.0,1.0,63600.0,6.0,1,7.0,0.0,0.0,0.0,0.0,0.0,0.0,0.0,0.0
5798,1,1,2,0,0,0,1,More than 1000,100.0,1.0,0.0,1284.0,100.0,0.0,0.0,698.0,2.0,0,2.0,2.0,1.0,1.0,0.0,0.0,0.0,0.0,0.0
5800,0,1,1,0,0,1,12,26-100,100.0,1.0,0.0,942.0,1935.0,0.0,0.0,22773.0,9.0,0,4.0,31.0,13.0,265.0,72.0,153.0,0.0,0.0,0.0
5801,1,1,2,0,0,1,10,26-100,10000.0,1.0,0.0,1232.0,388.0,1.0,0.0,47200.0,2.0,1,6.0,13.0,26.0,84.0,13.0,19.0,0.0,0.0,0.0
5805,0,1,2,0,0,0,999,26-100,100.0,1.0,0.0,1303.0,500000.0,0.0,1.0,139.0,2.0,0,4.0,0.0,0.0,0.0,0.0,0.0,0.0,0.0,0.0
5806,1,1,2,0,0,0,1,More than 1000,10000.0,1.0,0.0,1303.0,10.0,1.0,0.0,0.0,1.0,1,5.0,0.0,0.0,0.0,0.0,0.0,0.0,0.0,0.0
5807,1,1,2,0,0,0,1,1-25,10000.0,1.0,0.0,1303.0,5.0,1.0,0.0,0.0,1.0,1,5.0,0.0,0.0,0.0,0.0,0.0,0.0,0.0,0.0
5809,1,1,1,0,0,0,10,1-25,100.0,1.0,0.0,1303.0,500000.0,0.0,1.0,4788.0,1.0,0,3.0,0.0,0.0,0.0,0.0,0.0,0.0,0.0,0.0
5810,1,1,1,0,0,0,10,1-25,100.0,1.0,0.0,1303.0,500000.0,0.0,1.0,0.0,1.0,0,3.0,0.0,0.0,0.0,0.0,0.0,0.0,0.0,0.0
5811,1,1,1,0,0,0,10,1-25,100.0,1.0,0.0,1303.0,500000.0,0.0,1.0,4788.0,2.0,0,3.0,0.0,0.0,0.0,0.0,0.0,0.0,0.0,0.0
5812,1,1,2,0,0,0,1,1-25,10000.0,1.0,0.0,1302.0,50.0,1.0,0.0,17700.0,1.0,1,5.0,1.0,1.0,14.0,0.0,0.0,0.0,0.0,0.0
5813,1,1,2,0,0,0,1,26-100,100.0,1.0,0.0,1302.0,100.0,0.0,0.0,399.0,1.0,0,2.0,1.0,1.0,3.0,0.0,0.0,0.0,0.0,0.0
5814,1,1,1,0,0,1,18,101-500,10000.0,1.0,0.0,1071.0,493.0,1.0,0.0,153400.0,6.0,1,6.0,124.0,17.0,734.0,253.0,396.0,0.0,0.0,0.0
5815,1,1,2,0,0,0,999,1-25,100.0,1.0,0.0,1302.0,500000.0,0.0,1.0,798.0,2.0,0,4.0,0.0,0.0,0.0,0.0,0.0,0.0,0.0,0.0
5817,1,1,2,0,0,0,1,More than 1000,100.0,1.0,0.0,1299.0,100.0,0.0,0.0,399.0,1.0,0,2.0,1.0,0.0,0.0,0.0,0.0,0.0,0.0,0.0
5819,1,1,2,0,0,0,1,26-100,10000.0,1.0,0.0,1299.0,1000.0,1.0,0.0,0.0,1.0,1,5.0,0.0,0.0,0.0,0.0,0.0,0.0,0.0,0.0
5820,1,1,2,0,0,0,1,101-500,10000.0,1.0,0.0,1299.0,99999999.0,1.0,0.0,15000.0,1.0,1,5.0,0.0,0.0,0.0,0.0,0.0,0.0,0.0,0.0
5821,1,1,2,0,0,0,999,More than 1000,10000.0,1.0,0.0,1299.0,500000.0,1.0,1.0,23600.0,2.0,1,7.0,0.0,0.0,0.0,0.0,0.0,0.0,0.0,0.0
5822,1,1,2,0,0,0,1,1-25,10000.0,1.0,0.0,1262.0,45.0,1.0,0.0,17700.0,1.0,1,5.0,1.0,1.0,8.0,5.0,8.0,0.0,0.0,0.0
5823,1,1,2,0,0,1,3,1-25,10000.0,1.0,0.0,1295.0,48.0,1.0,0.0,32700.0,2.0,1,5.0,0.0,3.0,0.0,0.0,0.0,0.0,0.0,0.0
5824,1,1,2,0,0,0,10,26-100,100.0,1.0,0.0,1299.0,500000.0,0.0,1.0,4788.0,1.0,0,3.0,0.0,0.0,0.0,0.0,0.0,0.0,0.0,0.0
5828,1,1,2,0,0,0,1,26-100,10000.0,1.0,0.0,1215.0,43.0,1.0,0.0,17700.0,1.0,1,5.0,3.0,10.0,13.0,3.0,10.0,0.0,0.0,0.0
5829,1,1,2,0,0,0,1,26-100,10000.0,1.0,0.0,1261.0,49.0,1.0,0.0,17700.0,1.0,1,5.0,2.0,0.0,2.0,1.0,2.0,0.0,0.0,0.0
5831,1,1,2,0,0,0,1,26-100,10000.0,1.0,0.0,1283.0,48.0,1.0,0.0,17700.0,1.0,1,5.0,1.0,1.0,3.0,3.0,3.0,0.0,0.0,0.0
5834,0,1,2,0,0,0,999,101-500,100.0,1.0,0.0,1260.0,499998.0,0.0,1.0,35000.0,2.0,0,6.0,2.0,2.0,2.0,1.0,1.0,0.0,0.0,0.0
5837,1,1,2,0,0,1,26,1-25,100.0,1.0,0.0,1254.0,500000.0,0.0,1.0,5785.0,4.0,0,3.0,1.0,1.0,2.0,1.0,1.0,0.0,0.0,0.0
5838,1,1,2,0,0,0,999,101-500,10000.0,1.0,0.0,1257.0,500000.0,1.0,1.0,10000.0,1.0,1,7.0,0.0,0.0,0.0,0.0,0.0,0.0,0.0,0.0
5839,1,1,1,0,0,1,5,26-100,10000.0,1.0,0.0,1257.0,220.0,1.0,0.0,141600.0,6.0,1,5.0,0.0,0.0,0.0,0.0,0.0,0.0,0.0,0.0
5840,1,1,2,0,0,0,1,26-100,100.0,1.0,0.0,1256.0,100.0,0.0,0.0,399.0,1.0,0,2.0,0.0,0.0,0.0,0.0,0.0,0.0,0.0,0.0
5841,1,1,2,0,0,0,1,1-25,100.0,1.0,0.0,1256.0,100.0,0.0,0.0,399.0,1.0,0,2.0,0.0,0.0,0.0,0.0,0.0,0.0,0.0,0.0
5842,1,1,2,0,0,0,1,101-500,100.0,1.0,0.0,1256.0,100.0,0.0,0.0,399.0,1.0,0,2.0,0.0,0.0,0.0,0.0,0.0,0.0,0.0,0.0
5843,1,1,2,0,0,0,1,500-1000,100.0,2.0,0.0,1148.0,100.0,0.0,0.0,399.0,1.0,0,2.0,1.0,0.0,1.0,1.0,1.0,0.0,0.0,0.0
5844,1,1,2,0,0,0,10,500-1000,100.0,1.0,0.0,1256.0,500000.0,0.0,1.0,499.0,1.0,0,3.0,0.0,0.0,0.0,0.0,0.0,0.0,0.0,0.0
5845,1,1,2,0,0,1,113,500-1000,100.0,1.0,0.0,1254.0,500000.0,0.0,1.0,4788.0,1.0,0,3.0,0.0,0.0,0.0,0.0,0.0,0.0,0.0,0.0
5846,1,1,2,0,0,0,999,26-100,100.0,1.0,0.0,1256.0,499999.0,0.0,1.0,10000.0,1.0,0,4.0,1.0,0.0,0.0,0.0,0.0,0.0,0.0,0.0
5849,1,1,2,0,0,0,10,26-100,10000.0,1.0,0.0,1254.0,200.0,1.0,0.0,44500.0,2.0,1,6.0,1.0,1.0,2.0,0.0,0.0,0.0,0.0,0.0
5850,1,1,2,0,0,0,1,1-25,10000.0,1.0,0.0,1255.0,50.0,1.0,0.0,17700.0,1.0,1,5.0,1.0,0.0,1.0,1.0,1.0,0.0,0.0,0.0
5851,1,1,2,0,0,0,10,101-500,100.0,1.0,0.0,1255.0,500000.0,0.0,1.0,111.0,1.0,0,3.0,0.0,0.0,0.0,0.0,0.0,0.0,0.0,0.0
5852,1,1,2,0,0,0,1,1-25,100.0,1.0,0.0,1155.0,76.0,0.0,0.0,698.0,2.0,0,2.0,8.0,1.0,52.0,14.0,31.0,0.0,0.0,0.0
5853,1,1,2,0,0,0,10,1-25,100.0,1.0,0.0,1255.0,500000.0,0.0,1.0,4788.0,1.0,0,3.0,0.0,0.0,0.0,0.0,0.0,0.0,0.0,0.0
5854,1,1,1,0,0,1,3,101-500,100.0,1.0,0.0,534.0,1093.0,0.0,0.0,2946.0,6.0,0,2.0,10.0,194.0,100.0,28.0,36.0,0.0,0.0,0.0
5856,1,1,2,0,0,1,1,26-100,10000.0,1.0,0.0,1085.0,157.0,1.0,0.0,35400.0,2.0,1,5.0,7.0,11.0,230.0,43.0,152.0,0.0,0.0,0.0
5857,1,1,2,0,0,0,1,26-100,10000.0,1.0,0.0,1248.0,50.0,1.0,0.0,17700.0,1.0,1,5.0,0.0,0.0,0.0,0.0,0.0,0.0,0.0,0.0
5858,1,1,2,0,0,0,10,1-25,10000.0,1.0,0.0,1247.0,100.0,1.0,0.0,29500.0,1.0,1,6.0,1.0,1.0,0.0,0.0,0.0,0.0,0.0,0.0
5859,1,1,2,0,0,0,1,26-100,100.0,1.0,0.0,476.0,290.0,0.0,0.0,399.0,1.0,0,2.0,3.0,2.0,36.0,13.0,25.0,0.0,0.0,0.0
5868,1,1,1,0,0,1,14,1-25,10000.0,1.0,0.0,998.0,108.0,1.0,0.0,224200.0,8.0,1,6.0,41.0,11.0,614.0,268.0,375.0,0.0,0.0,0.0
5874,0,1,1,0,0,1,19,26-100,10000.0,1.0,0.0,1026.0,137.0,1.0,0.0,550120.0,21.0,1,6.0,80.0,41.0,834.0,241.0,384.0,0.0,0.0,0.0
5875,1,1,2,0,0,1,2,1-25,10000.0,2.0,0.0,1232.0,106.0,1.0,0.0,17700.0,1.0,1,5.0,4.0,4.0,13.0,3.0,10.0,0.0,0.0,0.0
5877,1,1,2,0,0,0,1,26-100,100.0,1.0,0.0,1233.0,100.0,0.0,0.0,399.0,1.0,0,2.0,0.0,0.0,0.0,0.0,0.0,0.0,0.0,0.0
5878,1,1,2,0,0,0,1,101-500,10000.0,1.0,0.0,1233.0,50.0,1.0,0.0,17700.0,1.0,1,5.0,0.0,0.0,0.0,0.0,0.0,0.0,0.0,0.0
5880,1,1,2,0,0,0,10,26-100,10000.0,1.0,0.0,1227.0,150.0,1.0,0.0,29500.0,1.0,1,6.0,1.0,3.0,1.0,1.0,0.0,0.0,0.0,0.0
5883,1,1,2,0,0,0,1,101-500,10000.0,1.0,0.0,1227.0,37.0,1.0,0.0,17700.0,1.0,1,5.0,5.0,6.0,22.0,8.0,12.0,0.0,0.0,0.0
5885,1,1,2,0,0,0,10,500-1000,10000.0,1.0,0.0,1191.0,177.0,1.0,0.0,47200.0,2.0,1,6.0,15.0,16.0,200.0,63.0,155.0,0.0,0.0,0.0
5886,1,1,2,0,0,0,10,26-100,10000.0,1.0,0.0,1228.0,150.0,1.0,0.0,29500.0,1.0,1,6.0,0.0,0.0,0.0,0.0,0.0,0.0,0.0,0.0
5887,1,1,2,0,0,0,10,1-25,10000.0,1.0,0.0,1205.0,106.0,1.0,0.0,29500.0,1.0,1,6.0,5.0,7.0,91.0,23.0,39.0,0.0,0.0,0.0
5891,1,1,2,0,0,0,1,26-100,100.0,1.0,0.0,1187.0,92.0,0.0,0.0,399.0,1.0,0,2.0,2.0,1.0,16.0,5.0,7.0,0.0,0.0,0.0
5892,1,1,2,0,0,0,1,26-100,100.0,1.0,0.0,1225.0,100.0,0.0,0.0,399.0,1.0,0,2.0,0.0,0.0,0.0,0.0,0.0,0.0,0.0,0.0
5893,1,1,2,0,0,0,10,1-25,100.0,1.0,0.0,1225.0,500000.0,0.0,1.0,5187.0,2.0,0,3.0,2.0,189.0,18.0,4.0,7.0,0.0,0.0,0.0
5894,1,1,2,0,0,0,1,1-25,100.0,1.0,0.0,1219.0,100.0,0.0,0.0,698.0,2.0,0,2.0,0.0,0.0,0.0,0.0,0.0,0.0,0.0,0.0
5895,1,1,2,0,0,0,1,26-100,10000.0,1.0,0.0,1215.0,50.0,1.0,0.0,17700.0,1.0,1,5.0,1.0,1.0,1.0,1.0,1.0,0.0,0.0,0.0
5896,1,1,2,0,0,0,10,26-100,10000.0,1.0,0.0,904.0,200.0,1.0,0.0,47200.0,2.0,1,6.0,2.0,0.0,0.0,0.0,0.0,0.0,0.0,0.0
5897,1,1,2,0,0,0,1,101-500,10000.0,1.0,0.0,1200.0,50.0,1.0,0.0,17700.0,1.0,1,5.0,1.0,1.0,1.0,0.0,0.0,0.0,0.0,0.0
5898,0,1,2,0,0,1,14,26-100,10000.0,1.0,0.0,995.0,732.0,1.0,0.0,177000.0,6.0,1,6.0,75.0,17.0,757.0,315.0,332.0,0.0,0.0,0.0
5899,1,1,2,0,0,0,10,26-100,10000.0,1.0,0.0,1197.0,150.0,1.0,0.0,29500.0,1.0,1,6.0,1.0,2.0,3.0,0.0,0.0,0.0,0.0,0.0
5900,1,1,2,0,0,0,10,1-25,10000.0,1.0,0.0,1214.0,150.0,1.0,0.0,29500.0,1.0,1,6.0,1.0,0.0,0.0,0.0,0.0,0.0,0.0,0.0
5901,0,1,2,0,0,1,1,1-25,100.0,1.0,0.0,1214.0,100.0,0.0,0.0,1898.0,3.0,0,2.0,1.0,1.0,2.0,1.0,1.0,0.0,0.0,0.0
5903,1,1,2,0,0,1,10,26-100,100.0,1.0,0.0,1214.0,500000.0,0.0,1.0,5486.0,3.0,0,3.0,0.0,0.0,0.0,0.0,0.0,0.0,0.0,0.0
5904,1,1,2,0,0,0,10,26-100,10000.0,1.0,0.0,1214.0,300.0,1.0,0.0,59000.0,2.0,1,6.0,1.0,1.0,0.0,0.0,0.0,0.0,0.0,0.0
5905,0,1,1,0,0,1,2,26-100,10000.0,1.0,0.0,1213.0,370.0,1.0,0.0,200600.0,10.0,1,5.0,0.0,0.0,0.0,0.0,0.0,0.0,0.0,0.0
5908,0,1,2,0,0,1,4,101-500,10000.0,1.0,0.0,1213.0,250.0,1.0,0.0,15000.0,1.0,1,5.0,0.0,0.0,0.0,0.0,0.0,0.0,0.0,0.0
5909,0,1,2,0,0,1,999,More than 1000,100.0,1.0,0.0,1121.0,500000.0,0.0,1.0,15187.0,3.0,0,4.0,2.0,1.0,5.0,1.0,1.0,0.0,0.0,0.0
5917,0,1,2,0,0,1,999,26-100,10000.0,1.0,0.0,1180.0,500000.0,1.0,1.0,47700.0,4.0,1,7.0,0.0,0.0,0.0,0.0,0.0,0.0,0.0,0.0
5921,1,1,2,0,0,0,1,26-100,100.0,1.0,0.0,1207.0,100.0,1.0,0.0,470.82,1.0,1,2.0,1.0,1.0,1.0,0.0,0.0,0.0,0.0,0.0
5924,1,1,2,0,0,1,999,1-25,100.0,1.0,0.0,1199.0,500000.0,0.0,1.0,17181.0,9.0,0,4.0,2.0,3.0,14.0,1.0,3.0,0.0,0.0,0.0
5925,1,1,2,0,0,0,999,More than 1000,10000.0,1.0,0.0,1198.0,499999.0,1.0,1.0,15000.0,1.0,1,7.0,3.0,2.0,14.0,9.0,2.0,0.0,0.0,0.0
5926,0,1,1,0,0,0,1,500-1000,60.0,1.0,0.0,1204.0,5.0,1.0,0.0,16437.8,4.0,1,7.0,0.0,0.0,0.0,0.0,0.0,0.0,0.0,0.0
5928,1,1,2,0,0,0,1,26-100,10000.0,1.0,0.0,1205.0,50.0,1.0,0.0,15000.0,1.0,1,5.0,0.0,0.0,0.0,0.0,0.0,0.0,0.0,0.0
5929,1,1,2,0,0,0,10,500-1000,10000.0,1.0,0.0,1205.0,300.0,1.0,0.0,25000.0,2.0,1,6.0,1.0,1.0,1.0,1.0,0.0,0.0,0.0,0.0
5930,1,1,2,0,0,0,1,26-100,10000.0,1.0,0.0,1115.0,1046.0,1.0,0.0,19116.0,2.0,1,5.0,9.0,3.0,38.0,17.0,22.0,0.0,0.0,0.0
5931,1,1,2,0,0,0,10,1-25,100.0,1.0,0.0,1179.0,500000.0,0.0,1.0,5187.0,2.0,0,3.0,1.0,1.0,1.0,1.0,0.0,0.0,0.0,0.0
5932,1,1,2,0,0,0,999,More than 1000,100.0,1.0,0.0,1204.0,500000.0,0.0,1.0,1000.0,1.0,0,4.0,1.0,1.0,0.0,0.0,0.0,0.0,0.0,0.0
5933,1,1,2,0,0,0,1,101-500,100.0,1.0,0.0,1201.0,100.0,0.0,0.0,399.0,1.0,0,2.0,2.0,1.0,5.0,0.0,0.0,0.0,0.0,0.0
5936,1,1,2,0,0,0,999,101-500,10000.0,1.0,0.0,1197.0,500000.0,1.0,1.0,10000.0,1.0,1,7.0,3.0,2.0,17.0,7.0,0.0,0.0,0.0,0.0
5937,1,1,2,0,0,0,999,1-25,100.0,1.0,0.0,1204.0,500000.0,0.0,1.0,10000.0,1.0,0,4.0,0.0,0.0,0.0,0.0,0.0,0.0,0.0,0.0
5938,1,1,2,0,0,0,999,1-25,100.0,1.0,0.0,1204.0,500000.0,0.0,1.0,10000.0,1.0,0,4.0,0.0,0.0,0.0,0.0,0.0,0.0,0.0,0.0
5939,1,1,2,0,0,0,1,1-25,10000.0,1.0,0.0,1201.0,50.0,1.0,0.0,17700.0,1.0,1,5.0,0.0,0.0,0.0,0.0,0.0,0.0,0.0,0.0
5940,1,1,2,0,0,0,1,26-100,10000.0,1.0,0.0,1201.0,50.0,1.0,0.0,17700.0,1.0,1,5.0,0.0,0.0,0.0,0.0,0.0,0.0,0.0,0.0
5941,1,1,2,0,0,0,10,1-25,10000.0,1.0,0.0,974.0,200.0,1.0,0.0,47200.0,2.0,1,6.0,5.0,5.0,11.0,6.0,6.0,0.0,0.0,0.0
5942,1,1,2,0,0,0,10,26-100,10000.0,1.0,0.0,1201.0,150.0,1.0,0.0,29500.0,1.0,1,6.0,0.0,0.0,0.0,0.0,0.0,0.0,0.0,0.0
5943,1,1,1,0,0,1,10,26-100,10000.0,1.0,0.0,1002.0,899.0,1.0,0.0,727300.0,29.0,1,7.0,196.0,38.0,1342.0,406.0,449.0,0.0,0.0,0.0
5945,1,1,2,0,0,0,10,101-500,10000.0,1.0,0.0,1200.0,145.0,1.0,0.0,29500.0,1.0,1,6.0,3.0,4.0,15.0,3.0,8.0,0.0,0.0,0.0
5946,1,1,2,0,0,0,999,26-100,10000.0,1.0,0.0,1200.0,500000.0,1.0,1.0,10000.0,1.0,1,7.0,1.0,1.0,0.0,0.0,0.0,0.0,0.0,0.0
5947,1,1,1,0,0,1,999,101-500,100.0,1.0,0.0,794.0,499941.0,1.0,1.0,41800.0,4.0,1,7.0,151.0,34.0,726.0,333.0,470.0,0.0,0.0,0.0
5948,1,1,2,0,0,0,1,1-25,100.0,1.0,0.0,1187.0,100.0,0.0,0.0,399.0,1.0,0,2.0,3.0,2.0,8.0,4.0,1.0,0.0,0.0,0.0
5949,1,1,2,0,0,0,1,1-25,10000.0,1.0,0.0,1190.0,42.0,1.0,0.0,17700.0,1.0,1,5.0,5.0,1.0,23.0,9.0,15.0,0.0,0.0,0.0
5951,1,1,2,0,0,0,10,26-100,10000.0,1.0,0.0,1200.0,150.0,1.0,0.0,29500.0,1.0,1,6.0,0.0,0.0,0.0,0.0,0.0,0.0,0.0,0.0
5952,1,1,2,0,0,0,999,26-100,10000.0,1.0,0.0,1200.0,500000.0,1.0,1.0,10000.0,1.0,1,7.0,0.0,0.0,0.0,0.0,0.0,0.0,0.0,0.0
5953,1,1,2,0,0,0,1,26-100,100.0,1.0,0.0,1200.0,100.0,0.0,0.0,399.0,1.0,0,2.0,0.0,0.0,0.0,0.0,0.0,0.0,0.0,0.0
5956,1,1,2,0,0,0,10,26-100,100.0,1.0,0.0,1151.0,499999.0,0.0,1.0,5187.0,2.0,0,3.0,1.0,1.0,4.0,0.0,0.0,0.0,0.0,0.0
5958,1,1,2,0,0,0,999,More than 1000,100.0,1.0,0.0,1199.0,500000.0,0.0,1.0,10000.0,1.0,0,4.0,2.0,1.0,1.0,0.0,0.0,0.0,0.0,0.0
5959,1,1,2,0,0,0,1,26-100,10000.0,1.0,0.0,947.0,108.0,1.0,0.0,53100.0,3.0,1,5.0,5.0,15.0,131.0,24.0,46.0,0.0,0.0,0.0
5960,1,1,2,0,0,0,1,101-500,10000.0,1.0,0.0,1199.0,50.0,1.0,0.0,17700.0,1.0,1,5.0,1.0,1.0,0.0,0.0,0.0,0.0,0.0,0.0
5966,1,1,2,0,0,0,1,26-100,10000.0,1.0,0.0,1198.0,50.0,1.0,0.0,17700.0,1.0,1,5.0,0.0,0.0,0.0,0.0,0.0,0.0,0.0,0.0
5969,1,1,2,0,0,1,2,26-100,100.0,1.0,0.0,1179.0,298.0,0.0,0.0,399.0,1.0,0,2.0,9.0,5.0,27.0,9.0,3.0,0.0,0.0,0.0
5971,1,1,2,0,0,0,1,1-25,10000.0,1.0,0.0,1194.0,50.0,1.0,0.0,17700.0,1.0,1,5.0,0.0,0.0,0.0,0.0,0.0,0.0,0.0,0.0
5972,1,1,2,0,0,0,10,1-25,10000.0,1.0,0.0,1194.0,150.0,1.0,0.0,0.0,1.0,1,6.0,0.0,0.0,0.0,0.0,0.0,0.0,0.0,0.0
5973,1,1,2,0,0,0,1,500-1000,100.0,1.0,0.0,1194.0,100.0,0.0,0.0,399.0,1.0,0,2.0,0.0,0.0,0.0,0.0,0.0,0.0,0.0,0.0
5974,1,1,2,0,0,0,1,101-500,10000.0,1.0,0.0,1187.0,20.0,1.0,0.0,17700.0,1.0,1,5.0,11.0,1.0,49.0,21.0,32.0,0.0,0.0,0.0
5980,1,1,2,0,0,0,10,More than 1000,10000.0,1.0,0.0,1180.0,150.0,1.0,0.0,29500.0,1.0,1,6.0,0.0,0.0,0.0,0.0,0.0,0.0,0.0,0.0
5981,1,1,2,0,0,0,999,500-1000,10000.0,1.0,0.0,1191.0,500000.0,1.0,1.0,10000.0,1.0,1,7.0,0.0,0.0,0.0,0.0,0.0,0.0,0.0,0.0
5983,1,1,2,0,0,0,999,More than 1000,10000.0,1.0,0.0,1191.0,500000.0,1.0,1.0,10000.0,1.0,1,7.0,0.0,0.0,0.0,0.0,0.0,0.0,0.0,0.0
5985,1,1,2,0,0,0,1,More than 1000,100.0,1.0,0.0,1190.0,96.0,0.0,0.0,399.0,1.0,0,2.0,3.0,1.0,11.0,5.0,5.0,0.0,0.0,0.0
5987,1,1,2,0,0,0,999,101-500,100.0,1.0,0.0,1093.0,500000.0,0.0,1.0,10000.0,1.0,0,4.0,0.0,0.0,0.0,0.0,0.0,0.0,0.0,0.0
5988,1,1,2,0,0,0,1,26-100,10000.0,1.0,0.0,1187.0,50.0,1.0,0.0,17700.0,1.0,1,5.0,0.0,0.0,0.0,0.0,0.0,0.0,0.0,0.0
5989,1,1,2,0,0,0,10,26-100,10000.0,1.0,0.0,1187.0,150.0,1.0,0.0,29500.0,1.0,1,6.0,1.0,0.0,2.0,2.0,2.0,0.0,0.0,0.0
5990,1,1,2,0,0,0,999,26-100,10000.0,1.0,0.0,1093.0,500000.0,1.0,1.0,10000.0,1.0,1,7.0,1.0,0.0,1.0,1.0,1.0,0.0,0.0,0.0
5991,1,1,2,0,0,0,1,101-500,10000.0,1.0,0.0,1150.0,75.0,1.0,0.0,17700.0,1.0,1,5.0,2.0,0.0,7.0,7.0,7.0,0.0,0.0,0.0
5992,1,1,2,0,0,0,10,26-100,100.0,1.0,0.0,1124.0,500000.0,0.0,1.0,4788.0,1.0,0,3.0,1.0,0.0,1.0,1.0,1.0,0.0,0.0,0.0
5993,1,1,2,0,0,0,999,101-500,100.0,1.0,0.0,1103.0,500000.0,0.0,1.0,10000.0,1.0,0,4.0,1.0,1.0,9.0,3.0,3.0,0.0,0.0,0.0
5994,1,1,2,0,0,0,10,1-25,10000.0,1.0,0.0,1123.0,147.0,1.0,0.0,29500.0,1.0,1,6.0,3.0,3.0,15.0,15.0,15.0,0.0,0.0,0.0
5996,1,1,2,0,0,0,10,1-25,100.0,1.0,0.0,1184.0,499992.0,0.0,1.0,5187.0,2.0,0,3.0,3.0,1.0,14.0,15.0,15.0,0.0,0.0,0.0
5997,1,1,2,0,0,0,1,26-100,10000.0,1.0,0.0,1187.0,49.0,1.0,0.0,17700.0,1.0,1,5.0,1.0,1.0,1.0,1.0,1.0,0.0,0.0,0.0
5998,1,1,2,0,0,0,10,26-100,10000.0,1.0,0.0,1187.0,149.0,1.0,0.0,29500.0,1.0,1,6.0,1.0,1.0,1.0,1.0,1.0,0.0,0.0,0.0
6000,1,1,2,0,0,0,999,101-500,100.0,1.0,0.0,1187.0,500000.0,0.0,1.0,10000.0,1.0,0,4.0,1.0,1.0,5.0,4.0,4.0,0.0,0.0,0.0
6002,1,1,2,0,0,0,999,500-1000,10000.0,1.0,0.0,1149.0,500000.0,1.0,1.0,20000.0,2.0,1,7.0,0.0,3.0,2.0,1.0,1.0,0.0,0.0,0.0
6004,1,1,2,0,0,0,10,101-500,100.0,1.0,0.0,1187.0,500000.0,0.0,1.0,4788.0,1.0,0,3.0,0.0,0.0,0.0,0.0,0.0,0.0,0.0,0.0
6005,1,1,2,0,0,0,999,500-1000,10000.0,1.0,0.0,1180.0,500000.0,1.0,1.0,10000.0,1.0,1,7.0,1.0,2.0,0.0,0.0,0.0,0.0,0.0,0.0
6006,1,1,1,0,0,1,12,500-1000,100.0,1.0,0.0,1159.0,150.0,0.0,0.0,9726.0,3.0,0,3.0,1.0,2.0,1.0,0.0,0.0,0.0,0.0,0.0
6007,1,1,2,0,0,0,10,500-1000,100.0,1.0,0.0,1184.0,500000.0,0.0,1.0,4788.0,1.0,0,3.0,1.0,1.0,1.0,4.0,4.0,0.0,0.0,0.0
6008,1,1,2,0,0,0,999,101-500,100.0,1.0,0.0,1186.0,500000.0,0.0,1.0,10000.0,1.0,0,4.0,0.0,0.0,0.0,0.0,0.0,0.0,0.0,0.0
6009,1,1,2,0,0,0,999,1-25,100.0,1.0,0.0,1186.0,499999.0,0.0,1.0,10000.0,1.0,0,4.0,1.0,1.0,4.0,6.0,6.0,0.0,0.0,0.0
6014,1,1,1,0,0,1,116,500-1000,10000.0,2.0,0.0,976.0,128.0,1.0,0.0,383865.0,14.0,1,6.0,18.0,18.0,1109.0,379.0,484.0,0.0,0.0,0.0
6016,1,1,2,0,0,0,1,26-100,100.0,1.0,0.0,1171.0,99.0,0.0,0.0,399.0,1.0,0,2.0,1.0,1.0,1.0,1.0,1.0,0.0,0.0,0.0
6017,1,1,2,0,0,1,10,500-1000,100.0,1.0,0.0,912.0,1800.0,0.0,0.0,2998.0,10.0,0,3.0,6.0,6.0,5.0,3.0,3.0,0.0,0.0,0.0
6019,1,1,2,0,0,0,1,26-100,10000.0,1.0,0.0,1184.0,50.0,1.0,0.0,17700.0,1.0,1,5.0,1.0,1.0,1.0,1.0,1.0,0.0,0.0,0.0
6021,1,1,2,0,0,1,14,500-1000,100.0,1.0,0.0,1093.0,150.0,0.0,0.0,1098.0,4.0,0,3.0,1.0,2.0,12.0,5.0,5.0,0.0,0.0,0.0
6023,1,1,2,0,0,0,999,More than 1000,10000.0,1.0,0.0,1096.0,500000.0,1.0,1.0,400000.0,2.0,1,7.0,2.0,4.0,5.0,2.0,2.0,0.0,0.0,0.0
6025,1,1,2,0,0,1,2,26-100,100.0,1.0,0.0,1164.0,36.0,0.0,0.0,399.0,1.0,0,2.0,8.0,1.0,39.0,9.0,27.0,0.0,0.0,0.0
6027,1,1,2,0,0,0,1,101-500,10000.0,1.0,0.0,1179.0,50.0,1.0,0.0,17700.0,1.0,1,5.0,0.0,0.0,0.0,0.0,0.0,0.0,0.0,0.0
6028,1,1,2,0,0,0,1,26-100,100.0,1.0,0.0,1178.0,95.0,0.0,0.0,399.0,1.0,0,2.0,6.0,2.0,9.0,2.0,5.0,0.0,0.0,0.0
6029,1,1,2,0,0,1,1,500-1000,100.0,1.0,0.0,1177.0,399.0,0.0,0.0,898.0,2.0,0,2.0,1.0,1.0,4.0,1.0,1.0,0.0,0.0,0.0
6031,1,1,2,0,0,0,999,500-1000,100.0,1.0,0.0,1177.0,500000.0,0.0,1.0,10000.0,1.0,0,4.0,0.0,0.0,0.0,0.0,0.0,0.0,0.0,0.0
6032,1,1,2,0,0,0,999,26-100,100.0,1.0,0.0,1171.0,499996.0,0.0,1.0,10000.0,1.0,0,4.0,2.0,1.0,8.0,6.0,6.0,0.0,0.0,0.0
6033,1,1,2,0,0,0,1,26-100,100.0,1.0,0.0,1176.0,500100.0,0.0,0.0,10399.0,2.0,0,4.0,0.0,0.0,0.0,0.0,0.0,0.0,0.0,0.0
6035,1,1,2,0,0,0,1,1-25,10000.0,1.0,0.0,1173.0,50.0,1.0,0.0,17700.0,1.0,1,5.0,0.0,0.0,0.0,0.0,0.0,0.0,0.0,0.0
6036,1,1,2,0,0,1,5,26-100,10000.0,1.0,0.0,1150.0,186.0,1.0,0.0,35400.0,2.0,1,5.0,2.0,6.0,10.0,4.0,7.0,0.0,0.0,0.0
6037,1,1,2,0,0,0,10,More than 1000,10000.0,1.0,0.0,1149.0,450.0,1.0,0.0,84000.0,3.0,1,6.0,0.0,0.0,0.0,0.0,0.0,0.0,0.0,0.0
6038,1,1,2,0,0,0,10,26-100,100.0,1.0,0.0,1094.0,150.0,0.0,0.0,549.0,2.0,0,3.0,2.0,2.0,2.0,1.0,0.0,0.0,0.0,0.0
6039,1,1,2,0,0,0,10,26-100,10000.0,1.0,0.0,1172.0,200.0,1.0,0.0,44500.0,2.0,1,6.0,1.0,1.0,6.0,3.0,3.0,0.0,0.0,0.0
6042,1,1,2,0,0,1,12,26-100,100.0,1.0,0.0,1087.0,150.0,0.0,0.0,998.0,4.0,0,3.0,2.0,3.0,11.0,6.0,3.0,0.0,0.0,0.0
6044,1,1,2,0,0,0,1,26-100,10000.0,1.0,0.0,1169.0,50.0,1.0,0.0,17700.0,1.0,1,5.0,1.0,0.0,1.0,0.0,0.0,0.0,0.0,0.0
6046,1,1,2,0,0,0,10,26-100,10000.0,1.0,0.0,947.0,150.0,1.0,0.0,29500.0,1.0,1,6.0,1.0,1.0,7.0,0.0,0.0,0.0,0.0,0.0
6047,1,1,2,0,0,0,10,More than 1000,100.0,1.0,0.0,1094.0,150.0,0.0,0.0,699.0,3.0,0,3.0,3.0,1.0,11.0,9.0,0.0,0.0,0.0,0.0
6058,1,1,2,0,0,1,10,More than 1000,100.0,1.0,0.0,1159.0,500000.0,0.0,1.0,5785.0,4.0,0,3.0,0.0,0.0,0.0,0.0,0.0,0.0,0.0,0.0
6069,1,1,2,0,0,0,10,1-25,10000.0,1.0,0.0,1158.0,150.0,1.0,0.0,29500.0,1.0,1,6.0,0.0,0.0,0.0,0.0,0.0,0.0,0.0,0.0
6070,1,1,2,0,0,1,10,26-100,10000.0,1.0,0.0,1156.0,610.0,1.0,0.0,64900.0,3.0,1,6.0,0.0,0.0,0.0,0.0,0.0,0.0,0.0,0.0
6071,1,1,2,0,0,0,999,26-100,10000.0,1.0,0.0,1156.0,500000.0,1.0,1.0,11800.0,1.0,1,7.0,0.0,0.0,0.0,0.0,0.0,0.0,0.0,0.0
6072,1,1,2,0,0,1,3,More than 1000,10000.0,1.0,0.0,1155.0,241.0,1.0,0.0,35400.0,2.0,1,5.0,0.0,0.0,0.0,0.0,0.0,0.0,0.0,0.0
6076,1,1,2,0,0,0,1,26-100,100.0,1.0,0.0,1155.0,100.0,0.0,0.0,399.0,1.0,0,2.0,0.0,0.0,0.0,0.0,0.0,0.0,0.0,0.0
6078,1,1,2,0,0,0,1,101-500,10000.0,1.0,0.0,1155.0,50.0,1.0,0.0,17700.0,1.0,1,5.0,0.0,0.0,0.0,0.0,0.0,0.0,0.0,0.0
6079,1,1,2,0,0,0,1,101-500,10000.0,1.0,0.0,1155.0,50.0,1.0,0.0,17700.0,1.0,1,5.0,0.0,0.0,0.0,0.0,0.0,0.0,0.0,0.0
6080,1,1,2,0,0,0,1,26-100,10000.0,1.0,0.0,1155.0,50.0,1.0,0.0,17700.0,1.0,1,5.0,0.0,0.0,0.0,0.0,0.0,0.0,0.0,0.0
6081,1,1,1,0,0,0,999,More than 1000,100.0,1.0,0.0,942.0,500000.0,1.0,1.0,71000.0,8.0,1,7.0,8.0,2.0,25.0,25.0,25.0,0.0,0.0,0.0
6082,1,1,2,0,0,0,999,500-1000,10000.0,1.0,0.0,1054.0,500000.0,1.0,1.0,1.18,1.0,1,7.0,0.0,0.0,0.0,0.0,0.0,0.0,0.0,0.0
6083,1,1,2,0,0,1,3,1-25,10000.0,1.0,0.0,1033.0,500.0,1.0,0.0,150.0,1.0,1,5.0,0.0,0.0,0.0,0.0,0.0,0.0,0.0,0.0
6084,1,1,2,0,0,1,102,1-25,10000.0,1.0,0.0,1150.0,390.0,1.0,0.0,35400.0,2.0,1,5.0,0.0,0.0,0.0,0.0,0.0,0.0,0.0,0.0
6085,1,1,2,0,0,0,1,26-100,10000.0,1.0,0.0,1072.0,1368.0,1.0,0.0,88500.0,5.0,1,5.0,3.0,4.0,6.0,2.0,2.0,0.0,0.0,0.0
6086,1,1,2,0,0,0,10,26-100,10000.0,1.0,0.0,1150.0,150.0,1.0,0.0,25000.0,1.0,1,6.0,0.0,0.0,0.0,0.0,0.0,0.0,0.0,0.0
6087,1,1,2,0,0,0,60,More than 1000,10000.0,1.0,0.0,1150.0,330.0,1.0,0.0,1180.0,1.0,1,5.0,0.0,0.0,0.0,0.0,0.0,0.0,0.0,0.0
6088,1,1,2,0,0,1,10,26-100,100.0,1.0,0.0,1149.0,500000.0,0.0,1.0,5187.0,2.0,0,3.0,0.0,0.0,0.0,0.0,0.0,0.0,0.0,0.0
6089,1,1,2,0,0,0,1,1-25,10000.0,1.0,0.0,1141.0,50.0,1.0,0.0,17700.0,1.0,1,5.0,1.0,0.0,2.0,0.0,0.0,0.0,0.0,0.0
6090,1,1,2,0,0,0,999,More than 1000,10000.0,1.0,0.0,1150.0,500000.0,1.0,1.0,1180.0,1.0,1,7.0,0.0,0.0,0.0,0.0,0.0,0.0,0.0,0.0
6091,1,1,2,0,0,0,999,More than 1000,10000.0,1.0,0.0,1150.0,500000.0,1.0,1.0,1180.0,1.0,1,7.0,0.0,0.0,0.0,0.0,0.0,0.0,0.0,0.0
6092,1,1,2,0,0,0,999,More than 1000,10000.0,1.0,0.0,1150.0,500000.0,1.0,1.0,1180.0,1.0,1,7.0,0.0,0.0,0.0,0.0,0.0,0.0,0.0,0.0
6093,1,1,2,0,0,0,10,500-1000,10000.0,1.0,0.0,1149.0,150.0,1.0,0.0,25000.0,1.0,1,6.0,0.0,0.0,0.0,0.0,0.0,0.0,0.0,0.0
6094,1,1,2,0,0,0,10,26-100,10000.0,1.0,0.0,1149.0,150.0,1.0,0.0,1000.0,1.0,1,6.0,0.0,0.0,0.0,0.0,0.0,0.0,0.0,0.0
6095,1,1,2,0,0,0,10,26-100,10000.0,1.0,0.0,1149.0,150.0,1.0,0.0,1000.0,1.0,1,6.0,0.0,0.0,0.0,0.0,0.0,0.0,0.0,0.0
6096,1,1,2,0,0,0,1,500-1000,10000.0,1.0,0.0,1149.0,50.0,1.0,0.0,15000.0,1.0,1,5.0,0.0,0.0,0.0,0.0,0.0,0.0,0.0,0.0
6097,1,1,2,0,0,0,1,26-100,10000.0,1.0,0.0,1149.0,50.0,1.0,0.0,15000.0,1.0,1,5.0,1.0,1.0,0.0,0.0,0.0,0.0,0.0,0.0
6098,1,1,2,0,0,0,1,101-500,10000.0,1.0,0.0,1149.0,50.0,1.0,0.0,15000.0,1.0,1,5.0,0.0,0.0,0.0,0.0,0.0,0.0,0.0,0.0
6099,1,1,2,0,0,0,1,101-500,10000.0,1.0,0.0,1149.0,50.0,1.0,0.0,15000.0,1.0,1,5.0,0.0,0.0,0.0,0.0,0.0,0.0,0.0,0.0
6100,1,1,2,0,0,0,1,101-500,10000.0,1.0,0.0,1149.0,50.0,1.0,0.0,15000.0,1.0,1,5.0,0.0,0.0,0.0,0.0,0.0,0.0,0.0,0.0
6101,1,1,2,0,0,0,1,26-100,10000.0,1.0,0.0,1149.0,50.0,1.0,0.0,17700.0,1.0,1,5.0,1.0,0.0,2.0,0.0,0.0,0.0,0.0,0.0
6102,1,1,2,0,0,0,999,101-500,10000.0,1.0,0.0,1120.0,500000.0,1.0,1.0,10000.0,1.0,1,7.0,0.0,0.0,0.0,0.0,0.0,0.0,0.0,0.0
6103,1,1,2,0,0,0,10,1-25,10000.0,1.0,0.0,1149.0,150.0,1.0,0.0,25000.0,1.0,1,6.0,0.0,0.0,0.0,0.0,0.0,0.0,0.0,0.0
6104,1,1,2,0,0,0,1,500-1000,10000.0,1.0,0.0,1149.0,50.0,1.0,0.0,15000.0,1.0,1,5.0,0.0,0.0,0.0,0.0,0.0,0.0,0.0,0.0
6105,1,1,2,0,0,0,999,500-1000,10000.0,1.0,0.0,1149.0,500000.0,1.0,1.0,10000.0,1.0,1,7.0,0.0,0.0,0.0,0.0,0.0,0.0,0.0,0.0
6107,1,1,2,0,0,1,10,101-500,100.0,1.0,0.0,1008.0,1900.0,0.0,0.0,5238.0,15.0,0,3.0,1.0,0.0,2.0,0.0,0.0,0.0,0.0,0.0
6108,1,1,2,0,0,0,1,101-500,10000.0,1.0,0.0,1149.0,120.0,1.0,0.0,17700.0,1.0,1,5.0,0.0,0.0,0.0,0.0,0.0,0.0,0.0,0.0
6109,1,1,2,0,0,1,12,1-25,10000.0,1.0,0.0,1067.0,1020.0,1.0,0.0,177000.0,6.0,1,6.0,0.0,0.0,0.0,0.0,0.0,0.0,0.0,0.0
6110,1,1,2,0,0,0,1,1-25,10000.0,1.0,0.0,897.0,0.0,1.0,0.0,17700.0,1.0,1,5.0,3.0,1.0,513.0,202.0,193.0,0.0,0.0,0.0
6111,1,1,2,0,0,0,10,1-25,10000.0,1.0,0.0,1082.0,139.0,1.0,0.0,29500.0,1.0,1,6.0,67.0,6.0,296.0,86.0,92.0,0.0,0.0,0.0
6112,1,1,2,0,0,1,11,500-1000,100.0,1.0,0.0,1145.0,500000.0,0.0,1.0,6486.0,3.0,0,3.0,0.0,0.0,0.0,0.0,0.0,0.0,0.0,0.0
6113,1,1,2,0,0,0,1,1-25,100.0,1.0,0.0,1148.0,100.0,0.0,0.0,399.0,1.0,0,2.0,0.0,0.0,0.0,0.0,0.0,0.0,0.0,0.0
6114,1,1,2,0,0,0,999,More than 1000,100.0,1.0,0.0,1148.0,500000.0,0.0,1.0,10000.0,1.0,0,4.0,0.0,0.0,0.0,0.0,0.0,0.0,0.0,0.0
6115,1,1,2,0,0,0,999,1-25,100.0,1.0,0.0,1148.0,500000.0,0.0,1.0,0.0,1.0,0,4.0,0.0,0.0,0.0,0.0,0.0,0.0,0.0,0.0
6116,1,1,2,0,0,0,999,1-25,100.0,1.0,0.0,1148.0,500000.0,0.0,1.0,0.0,1.0,0,4.0,0.0,0.0,0.0,0.0,0.0,0.0,0.0,0.0
6117,1,1,2,0,0,0,999,1-25,100.0,1.0,0.0,1148.0,500000.0,0.0,1.0,0.0,1.0,0,4.0,0.0,0.0,0.0,0.0,0.0,0.0,0.0,0.0
6118,1,1,2,0,0,0,999,101-500,100.0,1.0,0.0,1148.0,500000.0,0.0,1.0,10000.0,1.0,0,4.0,0.0,0.0,0.0,0.0,0.0,0.0,0.0,0.0
6119,1,1,2,0,0,0,10,26-100,100.0,1.0,0.0,1148.0,500000.0,0.0,1.0,4788.0,1.0,0,3.0,0.0,0.0,0.0,0.0,0.0,0.0,0.0,0.0
6120,1,1,2,0,0,0,10,101-500,100.0,1.0,0.0,1148.0,500000.0,0.0,1.0,4788.0,1.0,0,3.0,0.0,0.0,0.0,0.0,0.0,0.0,0.0,0.0
6121,1,1,2,0,0,0,10,500-1000,100.0,1.0,0.0,1148.0,500000.0,0.0,1.0,4788.0,1.0,0,3.0,0.0,0.0,0.0,0.0,0.0,0.0,0.0,0.0
6122,1,1,2,0,0,0,10,26-100,100.0,1.0,0.0,1148.0,500000.0,0.0,1.0,4788.0,1.0,0,3.0,0.0,0.0,0.0,0.0,0.0,0.0,0.0,0.0
6123,1,1,2,0,0,0,10,1-25,100.0,1.0,0.0,1148.0,500000.0,0.0,1.0,0.0,1.0,0,3.0,0.0,0.0,0.0,0.0,0.0,0.0,0.0,0.0
6124,1,1,2,0,0,0,1,500-1000,100.0,1.0,0.0,1148.0,100.0,0.0,0.0,399.0,1.0,0,2.0,2.0,0.0,0.0,0.0,0.0,0.0,0.0,0.0
6125,1,1,2,0,0,0,999,101-500,100.0,1.0,0.0,1148.0,500000.0,0.0,1.0,10000.0,1.0,0,4.0,0.0,0.0,0.0,0.0,0.0,0.0,0.0,0.0
6126,1,1,2,0,0,0,999,101-500,100.0,1.0,0.0,1148.0,500000.0,0.0,1.0,1000.0,1.0,0,4.0,0.0,0.0,0.0,0.0,0.0,0.0,0.0,0.0
6127,1,1,2,0,0,0,1,26-100,100.0,1.0,0.0,1148.0,100.0,0.0,0.0,399.0,1.0,0,2.0,0.0,0.0,0.0,0.0,0.0,0.0,0.0,0.0
6128,1,1,2,0,0,0,999,26-100,100.0,1.0,0.0,1148.0,500000.0,0.0,1.0,1000.0,1.0,0,4.0,0.0,0.0,0.0,0.0,0.0,0.0,0.0,0.0
6129,1,1,2,0,0,0,999,More than 1000,100.0,1.0,0.0,1148.0,500000.0,0.0,1.0,10000.0,1.0,0,4.0,0.0,0.0,0.0,0.0,0.0,0.0,0.0,0.0
6131,1,1,2,0,0,0,1,101-500,10000.0,1.0,0.0,1145.0,50.0,1.0,0.0,17700.0,1.0,1,5.0,0.0,0.0,0.0,0.0,0.0,0.0,0.0,0.0
6132,1,1,2,0,0,0,1,101-500,10000.0,1.0,0.0,1145.0,50.0,1.0,0.0,17700.0,1.0,1,5.0,0.0,0.0,0.0,0.0,0.0,0.0,0.0,0.0
6133,1,1,2,0,0,0,1,101-500,10000.0,1.0,0.0,1145.0,50.0,1.0,0.0,17700.0,1.0,1,5.0,0.0,0.0,0.0,0.0,0.0,0.0,0.0,0.0
6134,1,1,2,0,0,0,1,1-25,10000.0,1.0,0.0,1145.0,50.0,1.0,0.0,17700.0,1.0,1,5.0,0.0,0.0,0.0,0.0,0.0,0.0,0.0,0.0
6135,1,1,2,0,0,0,1,26-100,10000.0,1.0,0.0,1145.0,50.0,1.0,0.0,17700.0,1.0,1,5.0,0.0,0.0,0.0,0.0,0.0,0.0,0.0,0.0
6136,1,1,2,0,0,0,1,101-500,10000.0,1.0,0.0,1145.0,50.0,1.0,0.0,17700.0,1.0,1,5.0,1.0,1.0,1.0,1.0,1.0,0.0,0.0,0.0
6137,1,1,2,0,0,0,1,26-100,10000.0,1.0,0.0,1145.0,50.0,1.0,0.0,17700.0,1.0,1,5.0,0.0,0.0,0.0,0.0,0.0,0.0,0.0,0.0
6138,1,1,2,0,0,0,1,101-500,10000.0,1.0,0.0,1145.0,50.0,1.0,0.0,17700.0,1.0,1,5.0,0.0,0.0,0.0,0.0,0.0,0.0,0.0,0.0
6139,1,1,2,0,0,0,10,1-25,10000.0,1.0,0.0,687.0,199.0,1.0,0.0,59000.0,2.0,1,6.0,96.0,22.0,1393.0,618.0,639.0,0.0,0.0,0.0
6141,1,1,1,0,0,0,10,1-25,10000.0,1.0,0.0,1144.0,150.0,1.0,0.0,25000.0,1.0,1,6.0,0.0,0.0,0.0,0.0,0.0,0.0,0.0,0.0
6142,1,1,2,0,0,0,1,26-100,100.0,1.0,0.0,1144.0,100.0,0.0,0.0,399.0,1.0,0,2.0,0.0,0.0,0.0,0.0,0.0,0.0,0.0,0.0
6143,1,1,1,0,0,0,1,26-100,10000.0,1.0,0.0,1144.0,50.0,1.0,0.0,0.0,1.0,1,5.0,0.0,0.0,0.0,0.0,0.0,0.0,0.0,0.0
6144,1,1,1,0,0,0,1,26-100,10000.0,1.0,0.0,1144.0,50.0,1.0,0.0,15000.0,1.0,1,5.0,0.0,0.0,0.0,0.0,0.0,0.0,0.0,0.0
6145,1,1,1,0,0,0,10,101-500,100.0,1.0,0.0,1144.0,500000.0,0.0,1.0,4788.0,1.0,0,3.0,0.0,0.0,0.0,0.0,0.0,0.0,0.0,0.0
6146,1,1,2,0,0,0,999,26-100,10000.0,1.0,0.0,1058.0,500000.0,1.0,1.0,10000.0,1.0,1,7.0,0.0,0.0,0.0,0.0,0.0,0.0,0.0,0.0
6147,1,1,2,0,0,0,10,1-25,100.0,1.0,0.0,1144.0,500000.0,0.0,1.0,0.0,1.0,0,3.0,0.0,0.0,0.0,0.0,0.0,0.0,0.0,0.0
6148,1,1,2,0,0,0,1,1-25,100.0,1.0,0.0,1144.0,5.0,0.0,0.0,0.0,1.0,0,2.0,0.0,0.0,0.0,0.0,0.0,0.0,0.0,0.0
6149,1,1,1,0,0,0,999,1-25,10000.0,1.0,0.0,1144.0,500000.0,1.0,1.0,0.0,1.0,1,7.0,0.0,0.0,0.0,0.0,0.0,0.0,0.0,0.0
6151,1,1,2,0,0,0,1,1-25,10000.0,1.0,0.0,1144.0,1190.0,1.0,0.0,15000.0,1.0,1,5.0,1.0,0.0,0.0,0.0,0.0,0.0,0.0,0.0
6152,1,1,2,0,0,0,999,26-100,10000.0,1.0,0.0,1144.0,500000.0,1.0,1.0,11800.0,1.0,1,7.0,0.0,0.0,0.0,0.0,0.0,0.0,0.0,0.0
6154,1,1,2,0,0,1,2,26-100,10000.0,1.0,0.0,1121.0,450.0,1.0,0.0,35400.0,2.0,1,5.0,0.0,0.0,0.0,0.0,0.0,0.0,0.0,0.0
6157,1,1,2,0,0,0,999,500-1000,100.0,1.0,0.0,1144.0,500000.0,0.0,1.0,12000.0,1.0,0,4.0,0.0,0.0,0.0,0.0,0.0,0.0,0.0,0.0
6165,1,1,2,0,0,0,1,26-100,10000.0,1.0,0.0,1144.0,50.0,1.0,0.0,17700.0,1.0,1,5.0,1.0,0.0,1.0,1.0,1.0,0.0,0.0,0.0
6167,1,1,2,0,0,1,4,101-500,10000.0,1.0,0.0,1143.0,50.0,1.0,0.0,17700.0,1.0,1,5.0,4.0,2.0,8.0,0.0,0.0,0.0,0.0,0.0
6169,1,1,1,0,0,0,20,1-25,10000.0,1.0,0.0,1045.0,200.0,1.0,0.0,25000.0,1.0,1,6.0,0.0,0.0,0.0,0.0,0.0,0.0,0.0,0.0
6170,0,1,2,0,0,1,10,26-100,100.0,1.0,0.0,1121.0,500000.0,0.0,1.0,11573.0,6.0,0,3.0,1.0,0.0,0.0,0.0,0.0,0.0,0.0,0.0
6171,0,1,2,0,0,0,1,1-25,100.0,1.0,0.0,1142.0,50.0,0.0,0.0,399.0,1.0,0,2.0,0.0,0.0,0.0,0.0,0.0,0.0,0.0,0.0
6174,1,1,2,0,0,0,1,26-100,10000.0,1.0,0.0,1142.0,50.0,1.0,0.0,17700.0,1.0,1,5.0,0.0,0.0,0.0,0.0,0.0,0.0,0.0,0.0
6175,1,1,2,0,0,0,1,26-100,10000.0,1.0,0.0,1117.0,200.0,1.0,0.0,70800.0,4.0,1,5.0,0.0,1.0,0.0,0.0,0.0,0.0,0.0,0.0
6176,1,1,2,0,0,0,1,1-25,100.0,1.0,0.0,1141.0,5.0,0.0,0.0,0.0,1.0,0,2.0,0.0,0.0,0.0,0.0,0.0,0.0,0.0,0.0
6177,1,1,2,0,0,0,1,26-100,100.0,1.0,0.0,1141.0,100.0,0.0,0.0,399.0,1.0,0,2.0,0.0,0.0,0.0,0.0,0.0,0.0,0.0,0.0
6178,1,1,2,0,0,0,1,1-25,10000.0,1.0,0.0,1141.0,50.0,1.0,0.0,0.0,1.0,1,5.0,0.0,0.0,0.0,0.0,0.0,0.0,0.0,0.0
6179,1,1,2,0,0,0,1,500-1000,10000.0,1.0,0.0,1138.0,50.0,1.0,0.0,17700.0,1.0,1,5.0,1.0,1.0,0.0,0.0,0.0,0.0,0.0,0.0
6180,1,1,2,0,0,0,1,26-100,100.0,1.0,0.0,1096.0,332.0,0.0,0.0,548.0,2.0,0,2.0,8.0,5.0,25.0,13.0,12.0,0.0,0.0,0.0
6181,1,1,2,0,0,0,1,500-1000,10000.0,1.0,0.0,1138.0,50.0,1.0,0.0,17700.0,1.0,1,5.0,0.0,0.0,0.0,0.0,0.0,0.0,0.0,0.0
6182,1,1,2,0,0,0,1,26-100,10000.0,1.0,0.0,1138.0,50.0,1.0,0.0,17700.0,1.0,1,5.0,0.0,0.0,0.0,0.0,0.0,0.0,0.0,0.0
6183,1,1,2,0,0,1,10,26-100,10000.0,1.0,0.0,1121.0,385.0,1.0,0.0,64900.0,3.0,1,6.0,5.0,4.0,30.0,12.0,16.0,0.0,0.0,0.0
6184,1,1,1,0,0,1,13,101-500,10000.0,1.0,0.0,36.0,5010.0,1.0,0.0,123900.0,5.0,1,6.0,82.0,70.0,1199.0,498.0,555.0,1.0,0.0,0.0
6185,1,1,1,0,0,1,3,More than 1000,10000.0,1.0,0.0,1037.0,273.0,1.0,0.0,224200.0,10.0,1,5.0,31.0,51.0,217.0,80.0,124.0,0.0,0.0,0.0
6186,1,1,2,0,0,0,1,1-25,10000.0,1.0,0.0,1137.0,50.0,1.0,0.0,17700.0,1.0,1,5.0,3.0,1.0,1.0,1.0,1.0,0.0,0.0,0.0
6188,1,1,2,0,0,0,1,1-25,10000.0,1.0,0.0,1137.0,50.0,1.0,0.0,17700.0,1.0,1,5.0,1.0,1.0,1.0,1.0,1.0,0.0,0.0,0.0
6189,1,1,2,0,0,1,31,1-25,10000.0,1.0,0.0,479.0,113.0,1.0,0.0,29500.0,1.0,1,6.0,23.0,45.0,315.0,178.0,178.0,0.0,0.0,0.0
6190,1,1,2,0,0,0,10,1-25,10000.0,1.0,0.0,1136.0,148.0,1.0,0.0,29500.0,1.0,1,6.0,1.0,1.0,27.0,2.0,2.0,0.0,0.0,0.0
6194,1,1,2,0,0,0,1,101-500,100.0,1.0,0.0,1136.0,100.0,0.0,0.0,399.0,1.0,0,2.0,0.0,0.0,0.0,0.0,0.0,0.0,0.0,0.0
6195,1,1,2,0,0,0,1,101-500,10000.0,1.0,0.0,1136.0,50.0,1.0,0.0,17700.0,1.0,1,5.0,0.0,0.0,0.0,0.0,0.0,0.0,0.0,0.0
6196,1,1,2,0,0,0,1,101-500,100.0,1.0,0.0,1136.0,100.0,0.0,0.0,399.0,1.0,0,2.0,0.0,0.0,0.0,0.0,0.0,0.0,0.0,0.0
6197,1,1,2,0,0,0,1,101-500,10000.0,1.0,0.0,1136.0,50.0,1.0,0.0,17700.0,1.0,1,5.0,0.0,0.0,0.0,0.0,0.0,0.0,0.0,0.0
6199,1,1,2,0,0,0,10,26-100,10000.0,1.0,0.0,1136.0,150.0,1.0,0.0,29500.0,1.0,1,6.0,0.0,0.0,0.0,0.0,0.0,0.0,0.0,0.0
6200,1,1,2,0,0,0,10,1-25,10000.0,1.0,0.0,1136.0,150.0,1.0,0.0,29500.0,1.0,1,6.0,0.0,0.0,0.0,0.0,0.0,0.0,0.0,0.0
6207,1,1,1,0,0,1,11,26-100,100.0,1.0,0.0,1116.0,500000.0,0.0,1.0,19258.0,9.0,0,3.0,0.0,0.0,0.0,0.0,0.0,0.0,0.0,0.0
6209,1,1,2,0,0,0,10,500-1000,10000.0,1.0,0.0,1131.0,150.0,1.0,0.0,29500.0,1.0,1,6.0,0.0,0.0,0.0,0.0,0.0,0.0,0.0,0.0
6210,1,1,2,0,0,0,1,500-1000,100.0,1.0,0.0,1131.0,100.0,0.0,0.0,399.0,1.0,0,2.0,0.0,0.0,0.0,0.0,0.0,0.0,0.0,0.0
6211,1,1,2,0,0,0,5,1-25,10000.0,1.0,0.0,1130.0,2.0,1.0,0.0,35523.0,3.0,1,5.0,0.0,1.0,0.0,0.0,0.0,0.0,0.0,0.0
6212,1,1,1,0,0,0,10,26-100,100.0,1.0,0.0,1130.0,500000.0,0.0,1.0,12275.0,4.0,0,3.0,0.0,0.0,0.0,0.0,0.0,0.0,0.0,0.0
6213,1,1,2,0,0,0,1,26-100,10000.0,1.0,0.0,1130.0,150.0,1.0,0.0,17700.0,1.0,1,5.0,0.0,0.0,0.0,0.0,0.0,0.0,0.0,0.0
6214,1,1,2,0,0,0,10,26-100,100.0,1.0,0.0,1130.0,500000.0,0.0,1.0,4788.0,1.0,0,3.0,0.0,0.0,0.0,0.0,0.0,0.0,0.0,0.0
6215,1,1,2,0,0,0,10,26-100,10000.0,1.0,0.0,1130.0,150.0,1.0,0.0,29500.0,1.0,1,6.0,0.0,0.0,0.0,0.0,0.0,0.0,0.0,0.0
6216,1,1,2,0,0,0,1,26-100,100.0,1.0,0.0,1130.0,10.0,0.0,0.0,2299.0,2.0,0,2.0,0.0,0.0,0.0,0.0,0.0,0.0,0.0,0.0
6217,1,1,2,0,0,0,10,101-500,10000.0,1.0,0.0,1130.0,250.0,1.0,0.0,64900.0,3.0,1,6.0,0.0,0.0,0.0,0.0,0.0,0.0,0.0,0.0
6218,1,1,2,0,0,0,11,500-1000,10000.0,1.0,0.0,1130.0,100.0,1.0,0.0,11800.0,1.0,1,5.0,0.0,0.0,0.0,0.0,0.0,0.0,0.0,0.0
6222,1,1,2,0,0,0,1,1-25,10000.0,1.0,0.0,1129.0,50.0,1.0,0.0,17700.0,1.0,1,5.0,0.0,0.0,0.0,0.0,0.0,0.0,0.0,0.0
6223,1,1,2,0,0,1,1000,500-1000,100.0,1.0,0.0,1129.0,100.0,0.0,0.0,399.0,1.0,0,2.0,0.0,0.0,0.0,0.0,0.0,0.0,0.0,0.0
6224,1,1,2,0,0,1,1000,101-500,100.0,1.0,0.0,1129.0,100.0,0.0,0.0,399.0,1.0,0,2.0,0.0,0.0,0.0,0.0,0.0,0.0,0.0,0.0
6225,1,1,2,0,0,0,999,1-25,100.0,1.0,0.0,1129.0,500000.0,0.0,1.0,0.0,1.0,0,4.0,0.0,0.0,0.0,0.0,0.0,0.0,0.0,0.0
6226,1,1,2,0,0,0,1,101-500,100.0,1.0,0.0,1129.0,100.0,0.0,0.0,399.0,1.0,0,2.0,0.0,0.0,0.0,0.0,0.0,0.0,0.0,0.0
6227,1,1,2,0,0,1,11,500-1000,10000.0,1.0,0.0,1085.0,185.0,1.0,0.0,59000.0,2.0,1,6.0,19.0,14.0,96.0,40.0,54.0,0.0,0.0,0.0
6229,1,1,2,0,0,0,0,26-100,100.0,1.0,0.0,1127.0,10.0,0.0,0.0,0.0,1.0,0,1.0,0.0,0.0,0.0,0.0,0.0,0.0,0.0,0.0
6232,1,1,2,0,0,0,10,1-25,100.0,1.0,0.0,1127.0,500000.0,0.0,1.0,148.0,2.0,0,3.0,0.0,0.0,0.0,0.0,0.0,0.0,0.0,0.0
6234,1,1,2,0,0,0,0,101-500,100.0,1.0,0.0,1124.0,10.0,0.0,0.0,0.0,1.0,0,1.0,0.0,0.0,0.0,0.0,0.0,0.0,0.0,0.0
6235,1,1,2,0,0,0,0,26-100,100.0,1.0,0.0,1124.0,10.0,0.0,0.0,0.0,1.0,0,1.0,0.0,0.0,0.0,0.0,0.0,0.0,0.0,0.0
6236,1,1,2,0,0,1,1,26-100,100.0,1.0,0.0,1124.0,10.0,0.0,0.0,0.0,3.0,0,1.0,1.0,1.0,0.0,0.0,0.0,0.0,0.0,0.0
6237,1,1,2,0,0,0,10,101-500,100.0,1.0,0.0,1124.0,1000.0,0.0,0.0,99.0,1.0,0,3.0,0.0,0.0,0.0,0.0,0.0,0.0,0.0,0.0
6238,1,1,2,0,0,1,6,101-500,100.0,1.0,0.0,1124.0,10.0,0.0,0.0,0.0,4.0,0,1.0,2.0,1.0,1.0,0.0,0.0,0.0,0.0,0.0
6241,1,1,2,0,0,1,1,101-500,100.0,1.0,0.0,1120.0,7.0,0.0,0.0,0.0,1.0,0,1.0,3.0,4.0,14.0,2.0,3.0,0.0,0.0,0.0
6242,1,1,2,0,0,0,10,More than 1000,100.0,1.0,0.0,1123.0,1000.0,0.0,0.0,999.0,1.0,0,3.0,0.0,0.0,0.0,0.0,0.0,0.0,0.0,0.0
6244,1,1,2,0,0,0,999,More than 1000,10000.0,1.0,0.0,1114.0,500000.0,1.0,1.0,20000.0,1.0,1,7.0,1.0,1.0,0.0,0.0,0.0,0.0,0.0,0.0
6245,1,1,2,0,0,0,0,101-500,100.0,1.0,0.0,1123.0,10.0,0.0,0.0,0.0,1.0,0,1.0,0.0,0.0,0.0,0.0,0.0,0.0,0.0,0.0
6246,1,1,2,0,0,0,10,1-25,100.0,1.0,0.0,1120.0,1000.0,0.0,0.0,99.0,1.0,0,3.0,0.0,0.0,0.0,0.0,0.0,0.0,0.0,0.0
6247,1,1,2,0,0,0,999,More than 1000,100.0,1.0,0.0,1123.0,500000.0,0.0,1.0,10000.0,1.0,0,4.0,0.0,0.0,0.0,0.0,0.0,0.0,0.0,0.0
6248,1,1,2,0,0,0,1,26-100,100.0,1.0,0.0,1123.0,100.0,0.0,0.0,49.0,1.0,0,2.0,0.0,0.0,0.0,0.0,0.0,0.0,0.0,0.0
6249,1,1,2,0,0,0,0,26-100,100.0,1.0,0.0,1123.0,10.0,0.0,0.0,0.0,1.0,0,1.0,0.0,1.0,0.0,0.0,0.0,0.0,0.0,0.0
6250,1,1,2,0,0,0,1,1-25,10000.0,1.0,0.0,1123.0,50.0,1.0,0.0,17700.0,1.0,1,5.0,0.0,0.0,0.0,0.0,0.0,0.0,0.0,0.0
6251,1,1,2,0,0,0,1,1-25,10000.0,1.0,0.0,1123.0,50.0,1.0,0.0,17700.0,1.0,1,5.0,0.0,0.0,0.0,0.0,0.0,0.0,0.0,0.0
6252,1,1,2,0,0,0,1,26-100,10000.0,1.0,0.0,1123.0,50.0,1.0,0.0,17700.0,1.0,1,5.0,0.0,0.0,0.0,0.0,0.0,0.0,0.0,0.0
6253,1,1,2,0,0,0,1,101-500,100.0,1.0,0.0,1120.0,100.0,0.0,0.0,49.0,1.0,0,2.0,0.0,0.0,0.0,0.0,0.0,0.0,0.0,0.0
6254,1,1,2,0,0,0,10,26-100,100.0,1.0,0.0,1122.0,1000.0,0.0,0.0,99.0,1.0,0,3.0,0.0,0.0,0.0,0.0,0.0,0.0,0.0,0.0
6255,1,1,2,0,0,0,999,101-500,100.0,1.0,0.0,1122.0,500000.0,0.0,1.0,10000.0,1.0,0,4.0,0.0,0.0,0.0,0.0,0.0,0.0,0.0,0.0
6256,1,1,2,0,0,1,21,1-25,100.0,1.0,0.0,1117.0,2320.0,0.0,0.0,241.0,9.0,0,3.0,0.0,0.0,0.0,0.0,0.0,0.0,0.0,0.0
6257,0,1,2,0,0,1,16,26-100,100.0,1.0,0.0,1121.0,5350.0,0.0,0.0,198.0,2.0,0,3.0,1.0,0.0,1.0,1.0,1.0,0.0,0.0,0.0
6258,1,1,1,0,0,0,999,26-100,100.0,1.0,0.0,1117.0,500000.0,0.0,1.0,20000.0,4.0,0,4.0,0.0,0.0,0.0,0.0,0.0,0.0,0.0,0.0
6259,1,1,2,0,0,0,0,1-25,100.0,1.0,0.0,1122.0,10.0,0.0,0.0,0.0,1.0,0,1.0,0.0,0.0,0.0,0.0,0.0,0.0,0.0,0.0
6260,1,1,2,0,0,0,0,1-25,100.0,1.0,0.0,1122.0,10.0,0.0,0.0,0.0,1.0,0,1.0,0.0,0.0,0.0,0.0,0.0,0.0,0.0,0.0
6261,1,1,2,0,0,0,0,1-25,100.0,1.0,0.0,1122.0,10.0,0.0,0.0,0.0,1.0,0,1.0,0.0,0.0,0.0,0.0,0.0,0.0,0.0,0.0
6262,1,1,2,0,0,1,10,26-100,10000.0,1.0,0.0,1051.0,266.0,1.0,0.0,47200.0,2.0,1,6.0,2.0,1.0,11.0,5.0,5.0,0.0,0.0,0.0
6264,1,1,2,0,0,0,1,500-1000,100.0,1.0,0.0,1121.0,100.0,0.0,0.0,49.0,1.0,0,2.0,0.0,0.0,0.0,0.0,0.0,0.0,0.0,0.0
6265,1,1,2,0,0,0,1,500-1000,10000.0,1.0,0.0,1121.0,50.0,1.0,0.0,15000.0,1.0,1,5.0,0.0,0.0,0.0,0.0,0.0,0.0,0.0,0.0
6266,1,1,2,0,0,0,10,26-100,10000.0,1.0,0.0,1121.0,150.0,1.0,0.0,25000.0,1.0,1,6.0,0.0,0.0,0.0,0.0,0.0,0.0,0.0,0.0
6267,1,1,2,0,0,0,10,101-500,100.0,1.0,0.0,1121.0,1000.0,0.0,0.0,100.0,1.0,0,3.0,0.0,0.0,0.0,0.0,0.0,0.0,0.0,0.0
6268,1,1,2,0,0,0,999,26-100,10000.0,1.0,0.0,1121.0,500000.0,1.0,1.0,10000.0,1.0,1,7.0,0.0,0.0,0.0,0.0,0.0,0.0,0.0,0.0
6269,1,1,2,0,0,0,1,26-100,10000.0,1.0,0.0,1121.0,50.0,1.0,0.0,15000.0,1.0,1,5.0,0.0,0.0,0.0,0.0,0.0,0.0,0.0,0.0
6270,1,1,2,0,0,0,999,101-500,100.0,1.0,0.0,1121.0,500000.0,0.0,1.0,10000.0,1.0,0,4.0,0.0,0.0,0.0,0.0,0.0,0.0,0.0,0.0
6271,1,1,2,0,0,0,5,26-100,100.0,1.0,0.0,1121.0,10.0,0.0,0.0,5000.0,1.0,0,1.0,0.0,0.0,0.0,0.0,0.0,0.0,0.0,0.0
6272,1,1,2,0,0,0,1,26-100,10000.0,1.0,0.0,1121.0,50.0,1.0,0.0,17700.0,1.0,1,5.0,0.0,0.0,0.0,0.0,0.0,0.0,0.0,0.0
6273,1,1,2,0,0,0,999,101-500,100.0,1.0,0.0,1121.0,500000.0,0.0,1.0,1000.0,1.0,0,4.0,0.0,0.0,0.0,0.0,0.0,0.0,0.0,0.0
6276,1,1,2,0,0,1,2,26-100,10000.0,1.0,0.0,1121.0,120.0,1.0,0.0,17700.0,1.0,1,5.0,0.0,0.0,0.0,0.0,0.0,0.0,0.0,0.0
6277,1,1,2,0,0,0,10,101-500,10000.0,1.0,0.0,1121.0,150.0,1.0,0.0,29500.0,1.0,1,6.0,0.0,0.0,0.0,0.0,0.0,0.0,0.0,0.0
6278,1,1,2,0,0,0,999,500-1000,10000.0,1.0,0.0,1121.0,500000.0,1.0,1.0,25000.0,1.0,1,7.0,0.0,0.0,0.0,0.0,0.0,0.0,0.0,0.0
6279,1,1,2,0,0,0,10,101-500,10000.0,1.0,0.0,1121.0,150.0,1.0,0.0,29500.0,1.0,1,6.0,0.0,0.0,0.0,0.0,0.0,0.0,0.0,0.0
6283,1,1,2,0,0,0,1,26-100,100.0,1.0,0.0,1121.0,100.0,0.0,0.0,196.0,4.0,0,2.0,0.0,0.0,0.0,0.0,0.0,0.0,0.0,0.0
6284,1,1,2,0,0,0,10,101-500,10000.0,1.0,0.0,1081.0,150.0,1.0,0.0,29500.0,1.0,1,6.0,1.0,0.0,3.0,1.0,2.0,0.0,0.0,0.0
6285,1,1,2,0,0,0,0,101-500,100.0,1.0,0.0,1121.0,10.0,0.0,0.0,0.0,1.0,0,1.0,0.0,0.0,0.0,0.0,0.0,0.0,0.0,0.0
6286,1,1,2,0,0,0,0,26-100,100.0,1.0,0.0,1121.0,10.0,0.0,0.0,0.0,1.0,0,1.0,0.0,0.0,0.0,0.0,0.0,0.0,0.0,0.0
6287,1,1,1,0,0,1,16,26-100,100.0,1.0,0.0,966.0,150.0,0.0,0.0,3099.0,13.0,0,3.0,1.0,0.0,2.0,1.0,1.0,0.0,0.0,0.0
6288,1,1,2,0,0,0,999,101-500,100.0,1.0,0.0,1081.0,500000.0,0.0,1.0,1000.0,1.0,0,4.0,1.0,1.0,0.0,0.0,0.0,0.0,0.0,0.0
6289,1,1,2,0,0,0,10,1-25,10000.0,1.0,0.0,1121.0,150.0,1.0,0.0,29500.0,1.0,1,6.0,0.0,0.0,0.0,0.0,0.0,0.0,0.0,0.0
6293,1,1,2,0,0,1,2,26-100,10000.0,1.0,0.0,1121.0,50.0,1.0,0.0,17700.0,1.0,1,5.0,0.0,0.0,0.0,0.0,0.0,0.0,0.0,0.0
6301,1,1,2,0,0,0,0,26-100,100.0,1.0,0.0,1121.0,10.0,0.0,0.0,10.0,1.0,0,1.0,0.0,0.0,0.0,0.0,0.0,0.0,0.0,0.0
6302,1,1,2,0,0,0,999,101-500,100.0,1.0,0.0,1067.0,499992.0,0.0,1.0,1000.0,1.0,0,4.0,3.0,1.0,7.0,3.0,3.0,0.0,0.0,0.0
6303,1,1,2,0,0,0,0,101-500,100.0,1.0,0.0,1121.0,10.0,0.0,0.0,0.0,1.0,0,1.0,0.0,0.0,0.0,0.0,0.0,0.0,0.0,0.0
6304,1,1,2,0,0,0,0,101-500,100.0,1.0,0.0,1121.0,10.0,0.0,0.0,0.0,1.0,0,1.0,0.0,0.0,0.0,0.0,0.0,0.0,0.0,0.0
6305,1,1,2,0,0,0,0,26-100,100.0,1.0,0.0,1121.0,10.0,0.0,0.0,0.0,1.0,0,1.0,0.0,0.0,0.0,0.0,0.0,0.0,0.0,0.0
6306,1,1,2,0,0,0,0,26-100,100.0,1.0,0.0,1121.0,10.0,0.0,0.0,0.0,1.0,0,1.0,0.0,0.0,0.0,0.0,0.0,0.0,0.0,0.0
6307,1,1,2,0,0,0,0,26-100,100.0,1.0,0.0,1121.0,10.0,0.0,0.0,0.0,1.0,0,1.0,0.0,0.0,0.0,0.0,0.0,0.0,0.0,0.0
6308,1,1,2,0,0,0,0,26-100,100.0,1.0,0.0,1121.0,10.0,0.0,0.0,0.0,1.0,0,1.0,0.0,0.0,0.0,0.0,0.0,0.0,0.0,0.0
6309,1,1,2,0,0,0,0,26-100,100.0,1.0,0.0,1121.0,10.0,0.0,0.0,0.0,1.0,0,1.0,0.0,0.0,0.0,0.0,0.0,0.0,0.0,0.0
6310,1,1,2,0,0,0,10,26-100,100.0,1.0,0.0,1117.0,1000.0,0.0,0.0,99.0,1.0,0,3.0,0.0,0.0,0.0,0.0,0.0,0.0,0.0,0.0
6311,1,1,2,0,0,0,0,101-500,100.0,1.0,0.0,1121.0,10.0,0.0,0.0,0.0,1.0,0,1.0,0.0,0.0,0.0,0.0,0.0,0.0,0.0,0.0
6312,1,1,2,0,0,1,10,26-100,10000.0,1.0,0.0,975.0,200.0,1.0,0.0,147500.0,7.0,1,6.0,0.0,0.0,0.0,0.0,0.0,0.0,0.0,0.0
6313,1,1,2,0,0,0,0,26-100,100.0,1.0,0.0,1120.0,10.0,0.0,0.0,0.0,1.0,0,1.0,0.0,0.0,0.0,0.0,0.0,0.0,0.0,0.0
6314,1,1,2,0,0,0,0,26-100,100.0,1.0,0.0,1120.0,10.0,0.0,0.0,0.0,1.0,0,1.0,0.0,0.0,0.0,0.0,0.0,0.0,0.0,0.0
6319,1,1,2,0,0,0,10,26-100,10000.0,1.0,0.0,1029.0,150.0,1.0,0.0,29500.0,1.0,1,6.0,1.0,0.0,3.0,1.0,3.0,0.0,0.0,0.0
6321,1,1,2,0,0,1,11,101-500,10000.0,1.0,0.0,1120.0,150.0,1.0,0.0,25000.0,1.0,1,6.0,0.0,0.0,0.0,0.0,0.0,0.0,0.0,0.0
6323,1,1,2,0,0,1,11,26-100,10000.0,1.0,0.0,1120.0,150.0,1.0,0.0,25000.0,1.0,1,6.0,0.0,0.0,0.0,0.0,0.0,0.0,0.0,0.0
6324,1,1,2,0,0,0,10,101-500,10000.0,1.0,0.0,1120.0,150.0,1.0,0.0,25000.0,1.0,1,6.0,0.0,0.0,0.0,0.0,0.0,0.0,0.0,0.0
6326,1,1,2,0,0,0,1,26-100,10000.0,1.0,0.0,1096.0,28.0,1.0,0.0,17700.0,1.0,1,5.0,8.0,8.0,45.0,27.0,28.0,0.0,0.0,0.0
6328,1,1,2,0,0,0,1,101-500,10000.0,1.0,0.0,1120.0,50.0,1.0,0.0,15000.0,1.0,1,5.0,0.0,0.0,0.0,0.0,0.0,0.0,0.0,0.0
6332,1,1,2,0,0,0,999,101-500,100.0,1.0,0.0,1117.0,500000.0,0.0,1.0,10000.0,1.0,0,4.0,0.0,0.0,0.0,0.0,0.0,0.0,0.0,0.0
6333,1,1,2,0,0,0,0,1-25,100.0,1.0,0.0,1117.0,10.0,0.0,0.0,1.0,1.0,0,1.0,0.0,0.0,0.0,0.0,0.0,0.0,0.0,0.0
6335,1,1,2,0,0,0,999,26-100,10000.0,1.0,0.0,1117.0,500000.0,1.0,1.0,11800.0,1.0,1,7.0,0.0,0.0,0.0,0.0,0.0,0.0,0.0,0.0
6337,1,1,2,0,0,0,10,1-25,10000.0,1.0,0.0,1117.0,150.0,1.0,0.0,29500.0,1.0,1,6.0,0.0,0.0,0.0,0.0,0.0,0.0,0.0,0.0
6342,1,1,2,0,0,0,10,101-500,10000.0,1.0,0.0,1117.0,150.0,1.0,0.0,29500.0,1.0,1,6.0,0.0,0.0,0.0,0.0,0.0,0.0,0.0,0.0
6344,1,1,2,0,0,0,1,101-500,100.0,1.0,0.0,1117.0,92.0,0.0,0.0,49.0,1.0,0,2.0,0.0,0.0,0.0,0.0,0.0,0.0,0.0,0.0
6346,1,1,2,0,0,0,1,101-500,10000.0,1.0,0.0,1117.0,50.0,1.0,0.0,15000.0,1.0,1,5.0,0.0,0.0,0.0,0.0,0.0,0.0,0.0,0.0
6348,1,1,2,0,0,0,10,101-500,100.0,1.0,0.0,1117.0,1100.0,0.0,0.0,148.0,2.0,0,3.0,0.0,0.0,0.0,0.0,0.0,0.0,0.0,0.0
6350,1,1,2,0,0,0,1,1-25,10000.0,1.0,0.0,1117.0,50.0,1.0,0.0,17700.0,1.0,1,5.0,0.0,0.0,0.0,0.0,0.0,0.0,0.0,0.0
6352,1,1,2,0,0,0,1,1-25,100.0,1.0,0.0,1117.0,100.0,0.0,0.0,0.0,1.0,0,2.0,0.0,0.0,0.0,0.0,0.0,0.0,0.0,0.0
6353,1,1,2,0,0,0,10,26-100,100.0,1.0,0.0,1117.0,1000.0,0.0,0.0,99.0,1.0,0,3.0,0.0,0.0,0.0,0.0,0.0,0.0,0.0,0.0
6354,1,1,2,0,0,0,10,101-500,10000.0,1.0,0.0,1117.0,150.0,1.0,0.0,25000.0,1.0,1,6.0,0.0,0.0,0.0,0.0,0.0,0.0,0.0,0.0
6355,1,1,2,0,0,0,1,More than 1000,10000.0,1.0,0.0,1117.0,50.0,1.0,0.0,0.0,1.0,1,5.0,0.0,0.0,0.0,0.0,0.0,0.0,0.0,0.0
6356,1,1,2,0,0,0,1,101-500,10000.0,1.0,0.0,1117.0,50.0,1.0,0.0,15000.0,1.0,1,5.0,0.0,0.0,0.0,0.0,0.0,0.0,0.0,0.0
6357,1,1,2,0,0,0,10,26-100,100.0,1.0,0.0,1117.0,1000.0,0.0,0.0,99.0,1.0,0,3.0,0.0,0.0,0.0,0.0,0.0,0.0,0.0,0.0
6358,1,1,2,0,0,0,1,26-100,10000.0,1.0,0.0,1116.0,50.0,1.0,0.0,17700.0,1.0,1,5.0,0.0,0.0,0.0,0.0,0.0,0.0,0.0,0.0
6359,1,1,2,0,0,1,3,101-500,10000.0,1.0,0.0,1103.0,120.0,1.0,0.0,17700.0,1.0,1,5.0,0.0,0.0,0.0,0.0,0.0,0.0,0.0,0.0
6361,1,1,2,0,0,0,0,26-100,100.0,1.0,0.0,1116.0,10.0,0.0,0.0,0.0,1.0,0,1.0,0.0,0.0,0.0,0.0,0.0,0.0,0.0,0.0
6362,1,1,2,0,0,0,10,101-500,10000.0,1.0,0.0,1116.0,150.0,1.0,0.0,29500.0,1.0,1,6.0,0.0,0.0,0.0,0.0,0.0,0.0,0.0,0.0
6363,1,1,2,0,0,0,0,26-100,100.0,1.0,0.0,1116.0,10.0,0.0,0.0,0.0,1.0,0,1.0,0.0,0.0,0.0,0.0,0.0,0.0,0.0,0.0
6364,1,1,2,0,0,0,0,101-500,100.0,1.0,0.0,1116.0,10.0,0.0,0.0,0.0,1.0,0,1.0,0.0,0.0,0.0,0.0,0.0,0.0,0.0,0.0
6365,1,1,2,0,0,0,1,500-1000,100.0,1.0,0.0,1116.0,100.0,0.0,0.0,49.0,1.0,0,2.0,0.0,0.0,0.0,0.0,0.0,0.0,0.0,0.0
6367,1,1,2,0,0,0,10,101-500,100.0,1.0,0.0,1116.0,1000.0,0.0,0.0,99.0,1.0,0,3.0,0.0,0.0,0.0,0.0,0.0,0.0,0.0,0.0
6369,1,1,2,0,0,0,0,101-500,100.0,1.0,0.0,1116.0,10.0,0.0,0.0,0.0,1.0,0,1.0,0.0,0.0,0.0,0.0,0.0,0.0,0.0,0.0
6370,1,1,2,0,0,0,0,26-100,100.0,1.0,0.0,1116.0,10.0,0.0,0.0,0.0,1.0,0,1.0,0.0,0.0,0.0,0.0,0.0,0.0,0.0,0.0
6371,1,1,2,0,0,0,0,26-100,100.0,1.0,0.0,1116.0,10.0,0.0,0.0,0.0,1.0,0,1.0,0.0,0.0,0.0,0.0,0.0,0.0,0.0,0.0
6381,0,1,2,0,0,0,0,26-100,100.0,1.0,0.0,1115.0,10.0,0.0,0.0,0.0,1.0,0,1.0,0.0,0.0,0.0,0.0,0.0,0.0,0.0,0.0
6382,1,1,2,0,0,0,1,101-500,100.0,1.0,0.0,1110.0,10.0,0.0,0.0,49.0,2.0,0,2.0,0.0,0.0,0.0,0.0,0.0,0.0,0.0,0.0
6383,1,1,2,0,0,0,0,26-100,100.0,1.0,0.0,1110.0,10.0,0.0,0.0,0.0,1.0,0,1.0,0.0,0.0,0.0,0.0,0.0,0.0,0.0,0.0
6384,1,1,2,0,0,0,0,26-100,100.0,1.0,0.0,1110.0,10.0,0.0,0.0,0.0,1.0,0,1.0,0.0,0.0,0.0,0.0,0.0,0.0,0.0,0.0
6385,0,1,2,0,0,0,0,101-500,100.0,1.0,0.0,1110.0,10.0,0.0,0.0,0.0,1.0,0,1.0,0.0,0.0,0.0,0.0,0.0,0.0,0.0,0.0
6386,1,1,2,0,0,0,0,101-500,100.0,1.0,0.0,1110.0,10.0,0.0,0.0,0.0,1.0,0,1.0,0.0,0.0,0.0,0.0,0.0,0.0,0.0,0.0
6387,1,1,2,0,0,0,0,101-500,100.0,1.0,0.0,1110.0,10.0,0.0,0.0,0.0,1.0,0,1.0,0.0,0.0,0.0,0.0,0.0,0.0,0.0,0.0
6388,1,1,2,0,0,0,0,26-100,100.0,1.0,0.0,1110.0,10.0,0.0,0.0,899.0,1.0,0,1.0,0.0,0.0,0.0,0.0,0.0,0.0,0.0,0.0
6389,1,1,2,0,0,0,1,1-25,10000.0,1.0,0.0,1110.0,50.0,1.0,0.0,17700.0,1.0,1,5.0,0.0,0.0,0.0,0.0,0.0,0.0,0.0,0.0
6390,1,1,2,0,0,0,1,26-100,10000.0,1.0,0.0,1110.0,50.0,1.0,0.0,17700.0,1.0,1,5.0,0.0,0.0,0.0,0.0,0.0,0.0,0.0,0.0
6391,1,1,2,0,0,0,1,1-25,100.0,1.0,0.0,1110.0,100.0,0.0,0.0,49.0,1.0,0,2.0,0.0,0.0,0.0,0.0,0.0,0.0,0.0,0.0
6392,1,1,2,0,0,0,10,26-100,10000.0,1.0,0.0,1110.0,150.0,1.0,0.0,29500.0,1.0,1,6.0,0.0,0.0,0.0,0.0,0.0,0.0,0.0,0.0
6393,1,1,2,0,0,0,1,101-500,100.0,1.0,0.0,1110.0,100.0,0.0,0.0,49.0,1.0,0,2.0,0.0,0.0,0.0,0.0,0.0,0.0,0.0,0.0
6394,1,1,2,0,0,0,1,1-25,100.0,1.0,0.0,1110.0,100.0,0.0,0.0,49.0,1.0,0,2.0,0.0,0.0,0.0,0.0,0.0,0.0,0.0,0.0
6395,1,1,2,0,0,0,10,26-100,100.0,1.0,0.0,1110.0,10.0,0.0,0.0,899.0,1.0,0,1.0,0.0,0.0,0.0,0.0,0.0,0.0,0.0,0.0
6396,1,1,2,0,0,0,10,1-25,10000.0,1.0,0.0,1110.0,150.0,1.0,0.0,29500.0,1.0,1,6.0,0.0,0.0,0.0,0.0,0.0,0.0,0.0,0.0
6397,1,1,2,0,0,0,1,1-25,100.0,1.0,0.0,1110.0,100.0,0.0,0.0,49.0,1.0,0,2.0,0.0,0.0,0.0,0.0,0.0,0.0,0.0,0.0
6398,1,1,2,0,0,0,10,101-500,10000.0,1.0,0.0,1110.0,150.0,1.0,0.0,29500.0,1.0,1,6.0,0.0,0.0,0.0,0.0,0.0,0.0,0.0,0.0
6399,1,1,2,0,0,0,1,26-100,10000.0,1.0,0.0,1110.0,50.0,1.0,0.0,17700.0,1.0,1,5.0,0.0,0.0,0.0,0.0,0.0,0.0,0.0,0.0
6400,1,1,2,0,0,0,1,26-100,10000.0,1.0,0.0,1110.0,50.0,1.0,0.0,17700.0,1.0,1,5.0,0.0,0.0,0.0,0.0,0.0,0.0,0.0,0.0
6401,1,1,2,0,0,0,10,500-1000,100.0,1.0,0.0,1110.0,10.0,0.0,0.0,899.0,1.0,0,1.0,0.0,0.0,0.0,0.0,0.0,0.0,0.0,0.0
6402,1,1,2,0,0,0,11,26-100,100.0,1.0,0.0,1110.0,9000.0,0.0,0.0,19.0,1.0,0,1.0,0.0,0.0,0.0,0.0,0.0,0.0,0.0,0.0
6403,1,1,2,0,0,0,10,101-500,100.0,1.0,0.0,1110.0,37.0,0.0,0.0,15.0,1.0,0,1.0,0.0,0.0,0.0,0.0,0.0,0.0,0.0,0.0
6404,1,1,2,0,0,0,1,101-500,10000.0,1.0,0.0,1109.0,50.0,1.0,0.0,17899.0,2.0,1,5.0,0.0,0.0,0.0,0.0,0.0,0.0,0.0,0.0
6405,1,1,2,0,0,1,1,1-25,100.0,1.0,0.0,1109.0,10.0,0.0,0.0,0.0,1.0,0,1.0,1.0,1.0,1.0,0.0,0.0,0.0,0.0,0.0
6406,1,1,2,0,0,0,1,1-25,100.0,1.0,0.0,1109.0,100.0,0.0,0.0,49.0,1.0,0,2.0,0.0,0.0,0.0,0.0,0.0,0.0,0.0,0.0
6408,1,1,2,0,0,0,10,1-25,100.0,1.0,0.0,1109.0,1000.0,1.0,0.0,116.82,1.0,1,3.0,4.0,2.0,4.0,0.0,0.0,0.0,0.0,0.0
6409,1,1,2,0,0,0,10,1-25,10000.0,1.0,0.0,1108.0,150.0,1.0,0.0,29500.0,1.0,1,6.0,0.0,0.0,0.0,0.0,0.0,0.0,0.0,0.0
6410,1,1,2,0,0,0,10,1-25,10000.0,1.0,0.0,1108.0,150.0,1.0,0.0,29500.0,1.0,1,6.0,1.0,1.0,1.0,0.0,0.0,0.0,0.0,0.0
6411,1,1,1,0,0,1,4,26-100,10000.0,1.0,0.0,116.0,5307.0,1.0,0.0,70800.0,4.0,1,5.0,35.0,49.0,1612.0,661.0,677.0,0.0,0.0,0.0
6412,1,1,2,0,0,0,10,1-25,10000.0,1.0,0.0,1108.0,150.0,1.0,0.0,29500.0,1.0,1,6.0,1.0,1.0,1.0,1.0,1.0,0.0,0.0,0.0
6413,1,1,2,0,0,0,1,1-25,10000.0,1.0,0.0,1108.0,50.0,1.0,0.0,17700.0,1.0,1,5.0,0.0,0.0,0.0,0.0,0.0,0.0,0.0,0.0
6414,1,1,2,0,0,0,10,500-1000,10000.0,1.0,0.0,1022.0,144.0,1.0,0.0,29500.0,1.0,1,6.0,36.0,2.0,324.0,33.0,33.0,0.0,0.0,0.0
6415,1,1,2,0,0,0,1,1-25,10000.0,1.0,0.0,1107.0,50.0,1.0,0.0,17700.0,1.0,1,5.0,3.0,1.0,4.0,2.0,2.0,0.0,0.0,0.0
6416,1,1,2,0,0,0,10,1-25,10000.0,1.0,0.0,1107.0,150.0,1.0,0.0,29500.0,1.0,1,6.0,4.0,1.0,4.0,2.0,2.0,0.0,0.0,0.0
6417,1,1,2,0,0,0,0,1-25,100.0,1.0,0.0,1107.0,10.0,0.0,0.0,10.0,1.0,0,1.0,0.0,0.0,0.0,0.0,0.0,0.0,0.0,0.0
6418,1,1,2,0,0,0,10,500-1000,10000.0,1.0,0.0,1107.0,370.0,1.0,0.0,64900.0,3.0,1,6.0,0.0,0.0,0.0,0.0,0.0,0.0,0.0,0.0
6420,1,1,2,0,0,0,10,500-1000,10000.0,1.0,0.0,1107.0,270.0,1.0,0.0,47200.0,2.0,1,6.0,0.0,0.0,0.0,0.0,0.0,0.0,0.0,0.0
6421,0,1,2,0,0,0,0,1-25,100.0,1.0,0.0,1107.0,10.0,0.0,0.0,0.0,1.0,0,1.0,0.0,0.0,0.0,0.0,0.0,0.0,0.0,0.0
6422,1,1,2,0,0,0,1,1-25,100.0,1.0,0.0,1096.0,49.0,0.0,0.0,50.0,1.0,0,2.0,3.0,2.0,5.0,4.0,4.0,0.0,0.0,0.0
6424,0,1,2,0,0,0,0,1-25,100.0,1.0,0.0,1107.0,10.0,0.0,0.0,0.0,1.0,0,1.0,0.0,0.0,0.0,0.0,0.0,0.0,0.0,0.0
6426,1,1,2,0,0,0,1,26-100,100.0,1.0,0.0,1103.0,48.0,0.0,0.0,50.0,1.0,0,2.0,2.0,1.0,2.0,1.0,2.0,0.0,0.0,0.0
6427,1,1,2,0,0,1,6,1-25,10000.0,1.0,0.0,1102.0,35.0,1.0,0.0,15000.0,1.0,1,5.0,3.0,3.0,33.0,21.0,29.0,0.0,0.0,0.0
6428,1,1,2,0,0,0,1,1-25,10000.0,1.0,0.0,1107.0,50.0,1.0,0.0,17700.0,1.0,1,5.0,0.0,0.0,0.0,0.0,0.0,0.0,0.0,0.0
6429,1,1,2,0,0,0,1,26-100,10000.0,1.0,0.0,1107.0,50.0,1.0,0.0,17700.0,1.0,1,5.0,0.0,0.0,0.0,0.0,0.0,0.0,0.0,0.0
6430,1,1,2,0,0,0,10,26-100,10000.0,1.0,0.0,1106.0,250.0,1.0,0.0,64900.0,3.0,1,6.0,0.0,0.0,0.0,0.0,0.0,0.0,0.0,0.0
6431,1,1,2,0,0,0,10,1-25,10000.0,1.0,0.0,1106.0,150.0,1.0,0.0,29500.0,1.0,1,6.0,0.0,0.0,0.0,0.0,0.0,0.0,0.0,0.0
6433,1,1,2,0,0,0,10,26-100,10000.0,1.0,0.0,1106.0,150.0,1.0,0.0,29500.0,1.0,1,6.0,0.0,0.0,0.0,0.0,0.0,0.0,0.0,0.0
6436,1,1,2,0,0,1,10,26-100,10000.0,1.0,0.0,1106.0,470.0,1.0,0.0,123900.0,5.0,1,6.0,0.0,0.0,0.0,0.0,0.0,0.0,0.0,0.0
6437,1,1,2,0,0,1,12,26-100,100.0,1.0,0.0,1106.0,1300.0,0.0,0.0,250.0,3.0,0,3.0,0.0,0.0,0.0,0.0,0.0,0.0,0.0,0.0
6438,1,1,2,0,0,0,5,101-500,10000.0,1.0,0.0,1106.0,100.0,1.0,0.0,1000.0,1.0,1,5.0,0.0,0.0,0.0,0.0,0.0,0.0,0.0,0.0
6439,1,1,2,0,0,0,1,500-1000,100.0,1.0,0.0,1103.0,50.0,0.0,0.0,50.0,1.0,0,2.0,0.0,0.0,0.0,0.0,0.0,0.0,0.0,0.0
6443,0,1,1,0,0,1,10,26-100,100.0,1.0,0.0,1101.0,150.0,0.0,0.0,750.0,5.0,0,3.0,1.0,1.0,2.0,2.0,2.0,0.0,0.0,0.0
6444,1,1,2,0,0,0,10,26-100,10000.0,1.0,0.0,1103.0,150.0,1.0,0.0,29500.0,1.0,1,6.0,2.0,1.0,33.0,10.0,10.0,0.0,0.0,0.0
6445,1,1,2,0,0,0,999,500-1000,100.0,1.0,0.0,1103.0,500000.0,0.0,1.0,10000.0,1.0,0,4.0,0.0,0.0,0.0,0.0,0.0,0.0,0.0,0.0
6447,1,1,2,0,0,1,2,26-100,10000.0,1.0,0.0,1103.0,50.0,1.0,0.0,1500.0,1.0,1,5.0,0.0,0.0,0.0,0.0,0.0,0.0,0.0,0.0
6449,1,1,2,0,0,0,1,26-100,10000.0,1.0,0.0,1103.0,50.0,1.0,0.0,35400.0,2.0,1,5.0,0.0,0.0,0.0,0.0,0.0,0.0,0.0,0.0
6450,1,1,2,0,0,0,1,26-100,10000.0,1.0,0.0,1103.0,50.0,1.0,0.0,17700.0,1.0,1,5.0,0.0,0.0,0.0,0.0,0.0,0.0,0.0,0.0
6451,1,1,2,0,0,0,999,26-100,100.0,1.0,0.0,1103.0,500000.0,0.0,1.0,10000.0,1.0,0,4.0,0.0,0.0,0.0,0.0,0.0,0.0,0.0,0.0
6453,1,1,2,0,0,1,8,500-1000,10000.0,1.0,0.0,1103.0,50.0,1.0,0.0,17700.0,1.0,1,5.0,0.0,0.0,0.0,0.0,0.0,0.0,0.0,0.0
6455,1,1,2,0,0,1,27,101-500,10000.0,1.0,0.0,1103.0,150.0,1.0,0.0,25000.0,1.0,1,6.0,0.0,0.0,0.0,0.0,0.0,0.0,0.0,0.0
6457,1,1,2,0,0,0,999,26-100,10000.0,1.0,0.0,1103.0,500000.0,1.0,1.0,10000.0,1.0,1,7.0,0.0,0.0,0.0,0.0,0.0,0.0,0.0,0.0
6459,1,1,2,0,0,0,1,26-100,10000.0,1.0,0.0,1103.0,50.0,1.0,0.0,17700.0,1.0,1,5.0,0.0,0.0,0.0,0.0,0.0,0.0,0.0,0.0
6461,1,1,2,0,0,0,1,500-1000,10000.0,1.0,0.0,1103.0,50.0,1.0,0.0,17700.0,1.0,1,5.0,0.0,0.0,0.0,0.0,0.0,0.0,0.0,0.0
6462,1,1,2,0,0,0,1,26-100,10000.0,1.0,0.0,1103.0,50.0,1.0,0.0,17700.0,1.0,1,5.0,2.0,4.0,5.0,1.0,1.0,0.0,0.0,0.0
6463,1,1,2,0,0,0,10,101-500,10000.0,1.0,0.0,1059.0,150.0,1.0,0.0,76700.0,3.0,1,6.0,0.0,0.0,0.0,0.0,0.0,0.0,0.0,0.0
6465,1,1,2,0,0,0,1,101-500,10000.0,1.0,0.0,1103.0,50.0,1.0,0.0,17700.0,1.0,1,5.0,1.0,2.0,1.0,1.0,1.0,0.0,0.0,0.0
6466,1,1,2,0,0,0,10,500-1000,10000.0,1.0,0.0,1103.0,150.0,1.0,0.0,29500.0,1.0,1,6.0,0.0,0.0,0.0,0.0,0.0,0.0,0.0,0.0
6468,0,1,1,0,0,0,1,101-500,100.0,1.0,0.0,1099.0,50.0,0.0,0.0,200.0,4.0,0,2.0,2.0,1.0,13.0,13.0,13.0,0.0,0.0,0.0
6470,1,1,2,0,0,0,1,26-100,10000.0,1.0,0.0,1103.0,50.0,1.0,0.0,17700.0,1.0,1,5.0,1.0,1.0,1.0,0.0,0.0,0.0,0.0,0.0
6471,1,1,2,0,0,1,11,26-100,100.0,1.0,0.0,904.0,150.0,0.0,0.0,150.0,1.0,0,3.0,0.0,0.0,0.0,0.0,0.0,0.0,0.0,0.0
6473,1,1,2,0,0,0,1,26-100,10000.0,1.0,0.0,1103.0,50.0,1.0,0.0,17700.0,1.0,1,5.0,1.0,1.0,1.0,0.0,0.0,0.0,0.0,0.0
6475,1,1,1,0,0,1,1000,1-25,10000.0,1.0,0.0,143.0,99999999.0,1.0,0.0,153000.0,6.0,1,7.0,97.0,70.0,969.0,759.0,756.0,0.0,0.0,0.0
6476,1,1,2,0,0,1,3,101-500,10000.0,1.0,0.0,1038.0,217.0,1.0,0.0,35400.0,2.0,1,5.0,7.0,6.0,12.0,3.0,3.0,0.0,0.0,0.0
6477,1,1,2,0,0,0,1,1-25,10000.0,1.0,0.0,1102.0,50.0,1.0,0.0,17700.0,1.0,1,5.0,3.0,3.0,2.0,1.0,1.0,0.0,0.0,0.0
6478,1,1,2,0,0,0,1,26-100,10000.0,1.0,0.0,1102.0,50.0,1.0,0.0,17700.0,1.0,1,5.0,0.0,0.0,0.0,0.0,0.0,0.0,0.0,0.0
6479,1,1,2,0,0,0,1,1-25,10000.0,1.0,0.0,1102.0,50.0,1.0,0.0,17700.0,1.0,1,5.0,0.0,0.0,0.0,0.0,0.0,0.0,0.0,0.0
6480,1,1,2,0,0,0,999,101-500,100.0,1.0,0.0,1102.0,500000.0,0.0,1.0,255.0,1.0,0,4.0,0.0,0.0,0.0,0.0,0.0,0.0,0.0,0.0
6481,1,1,2,0,0,0,1,500-1000,10000.0,1.0,0.0,1102.0,50.0,1.0,0.0,17700.0,1.0,1,5.0,0.0,0.0,0.0,0.0,0.0,0.0,0.0,0.0
6483,1,1,2,0,0,0,999,26-100,100.0,1.0,0.0,1099.0,500000.0,0.0,1.0,355.0,1.0,0,4.0,0.0,0.0,0.0,0.0,0.0,0.0,0.0,0.0
6485,0,1,1,0,0,0,999,26-100,10000.0,1.0,0.0,1071.0,500000.0,1.0,1.0,212900.0,10.0,1,7.0,2.0,2.0,13.0,5.0,5.0,0.0,0.0,0.0
6486,1,1,2,0,0,0,999,26-100,10000.0,1.0,0.0,1102.0,500000.0,1.0,1.0,8.0,1.0,1,7.0,0.0,0.0,0.0,0.0,0.0,0.0,0.0,0.0
6488,1,1,2,0,0,0,1,101-500,10000.0,1.0,0.0,1102.0,50.0,1.0,0.0,17700.0,1.0,1,5.0,1.0,0.0,1.0,0.0,0.0,0.0,0.0,0.0
6489,1,1,2,0,0,0,999,26-100,10000.0,1.0,0.0,1102.0,500000.0,1.0,1.0,588.0,1.0,1,7.0,1.0,2.0,1.0,1.0,0.0,0.0,0.0,0.0
6491,1,1,2,0,0,0,999,101-500,100.0,1.0,0.0,1102.0,500000.0,0.0,1.0,5666.0,1.0,0,4.0,0.0,0.0,0.0,0.0,0.0,0.0,0.0,0.0
6499,0,1,2,0,0,0,10,1-25,100.0,1.0,0.0,1082.0,750.0,0.0,0.0,11105.0,11.0,0,4.0,1.0,0.0,1.0,1.0,1.0,0.0,0.0,0.0
6500,0,1,2,0,0,0,1,26-100,60.0,1.0,0.0,1101.0,50.0,1.0,0.0,32700.0,2.0,1,5.0,0.0,0.0,0.0,0.0,0.0,0.0,0.0,0.0
6501,0,1,2,0,0,0,10,500-1000,100.0,1.0,0.0,1101.0,150.0,0.0,0.0,300.0,2.0,0,3.0,1.0,1.0,1.0,1.0,1.0,0.0,0.0,0.0
6502,1,1,1,0,0,0,10,1-25,100.0,1.0,0.0,1085.0,150.0,0.0,0.0,700.0,6.0,0,3.0,1.0,0.0,1.0,1.0,1.0,0.0,0.0,0.0
6503,1,1,2,0,0,1,101,26-100,100.0,1.0,0.0,1101.0,50.0,0.0,0.0,50.0,1.0,0,2.0,1.0,0.0,0.0,0.0,0.0,0.0,0.0,0.0
6504,1,1,2,0,0,0,1,1-25,10000.0,1.0,0.0,1101.0,50.0,1.0,0.0,15000.0,1.0,1,5.0,1.0,0.0,1.0,1.0,1.0,0.0,0.0,0.0
6506,1,1,2,0,0,0,10,1-25,10000.0,1.0,0.0,1099.0,150.0,1.0,0.0,62200.0,3.0,1,6.0,1.0,0.0,2.0,2.0,2.0,0.0,0.0,0.0
6507,1,1,2,0,0,0,10,26-100,10000.0,1.0,0.0,1071.0,150.0,1.0,0.0,29500.0,1.0,1,6.0,0.0,0.0,0.0,0.0,0.0,0.0,0.0,0.0
6508,0,1,1,0,0,0,10,101-500,100.0,1.0,0.0,1100.0,250.0,0.0,0.0,450.0,3.0,0,3.0,1.0,1.0,1.0,1.0,1.0,0.0,0.0,0.0
6509,1,1,2,0,0,1,101,1-25,10000.0,1.0,0.0,1082.0,50.0,1.0,0.0,17700.0,1.0,1,5.0,3.0,3.0,3.0,2.0,2.0,0.0,0.0,0.0
6513,1,1,2,0,0,0,1,101-500,100.0,1.0,0.0,1100.0,50.0,0.0,0.0,50.0,1.0,0,2.0,0.0,0.0,0.0,0.0,0.0,0.0,0.0,0.0
6514,1,1,2,0,0,0,1,1-25,10000.0,1.0,0.0,1100.0,50.0,1.0,0.0,32700.0,2.0,1,5.0,1.0,0.0,1.0,1.0,1.0,0.0,0.0,0.0
6515,1,1,2,0,0,0,10,101-500,100.0,1.0,0.0,1100.0,175.0,0.0,0.0,55.0,1.0,0,3.0,1.0,1.0,2.0,2.0,2.0,0.0,0.0,0.0
6516,1,1,2,0,0,0,10,26-100,100.0,1.0,0.0,1100.0,175.0,0.0,0.0,55.0,1.0,0,3.0,1.0,1.0,1.0,1.0,1.0,0.0,0.0,0.0
6517,1,1,2,0,0,0,10,26-100,10000.0,1.0,0.0,1100.0,150.0,1.0,0.0,29500.0,1.0,1,6.0,0.0,0.0,0.0,0.0,0.0,0.0,0.0,0.0
6518,1,1,2,0,0,0,1,1-25,100.0,1.0,0.0,1100.0,50.0,0.0,0.0,50.0,1.0,0,2.0,0.0,0.0,0.0,0.0,0.0,0.0,0.0,0.0
6519,1,1,2,0,0,0,1,101-500,100.0,1.0,0.0,1100.0,50.0,0.0,0.0,50.0,1.0,0,2.0,0.0,0.0,0.0,0.0,0.0,0.0,0.0,0.0
6520,1,1,2,0,0,0,10,26-100,10000.0,1.0,0.0,1100.0,150.0,1.0,0.0,29500.0,1.0,1,6.0,0.0,0.0,0.0,0.0,0.0,0.0,0.0,0.0
6521,1,1,2,0,0,0,1,1-25,100.0,1.0,0.0,1100.0,50.0,0.0,0.0,0.0,1.0,0,2.0,0.0,0.0,0.0,0.0,0.0,0.0,0.0,0.0
6523,1,1,2,0,0,1,110,500-1000,100.0,1.0,0.0,1099.0,150.0,0.0,0.0,200.0,2.0,0,3.0,1.0,1.0,0.0,0.0,0.0,0.0,0.0,0.0
6524,1,1,2,0,0,0,10,26-100,10000.0,1.0,0.0,1099.0,150.0,1.0,0.0,64900.0,3.0,1,6.0,0.0,0.0,0.0,0.0,0.0,0.0,0.0,0.0
6525,1,1,2,0,0,0,10,1-25,10000.0,1.0,0.0,1095.0,150.0,1.0,0.0,59000.0,2.0,1,6.0,1.0,0.0,1.0,1.0,1.0,0.0,0.0,0.0
6526,1,1,2,0,0,0,1,500-1000,10000.0,1.0,0.0,1099.0,50.0,1.0,0.0,177000.0,10.0,1,5.0,0.0,0.0,0.0,0.0,0.0,0.0,0.0,0.0
6527,1,1,1,0,0,0,10,101-500,100.0,1.0,0.0,1094.0,150.0,0.0,0.0,550.0,5.0,0,3.0,0.0,0.0,0.0,0.0,0.0,0.0,0.0,0.0
6528,1,1,2,0,0,1,11,26-100,10000.0,1.0,0.0,1093.0,150.0,1.0,0.0,64900.0,3.0,1,6.0,0.0,0.0,0.0,0.0,0.0,0.0,0.0,0.0
6529,1,1,2,0,0,0,10,26-100,10000.0,1.0,0.0,1096.0,150.0,1.0,0.0,94400.0,4.0,1,6.0,1.0,0.0,1.0,1.0,1.0,0.0,0.0,0.0
6530,1,1,2,0,0,0,1,26-100,10000.0,1.0,0.0,1096.0,50.0,1.0,0.0,35400.0,2.0,1,5.0,1.0,0.0,1.0,0.0,1.0,0.0,0.0,0.0
6532,1,1,2,0,0,1,12,500-1000,100.0,1.0,0.0,1099.0,150.0,0.0,0.0,200.0,2.0,0,3.0,0.0,0.0,0.0,0.0,0.0,0.0,0.0,0.0
6533,1,1,2,0,0,0,10,26-100,10000.0,1.0,0.0,1099.0,150.0,1.0,0.0,62200.0,3.0,1,6.0,1.0,0.0,1.0,1.0,1.0,0.0,0.0,0.0
6534,1,1,2,0,0,0,999,101-500,100.0,1.0,0.0,1099.0,500000.0,0.0,1.0,40.0,2.0,0,4.0,0.0,0.0,0.0,0.0,0.0,0.0,0.0,0.0
6535,1,1,2,0,0,0,10,101-500,100.0,1.0,0.0,1099.0,150.0,0.0,0.0,250.0,3.0,0,3.0,0.0,0.0,0.0,0.0,0.0,0.0,0.0,0.0
6536,1,1,1,0,0,0,10,1-25,100.0,1.0,0.0,1099.0,150.0,0.0,0.0,0.0,1.0,0,3.0,0.0,0.0,0.0,0.0,0.0,0.0,0.0,0.0
6537,1,1,2,0,0,0,999,101-500,100.0,1.0,0.0,1099.0,500000.0,0.0,1.0,10000.0,1.0,0,4.0,0.0,0.0,0.0,0.0,0.0,0.0,0.0,0.0
6538,1,1,2,0,0,0,1,500-1000,10000.0,1.0,0.0,1089.0,48.0,1.0,0.0,17700.0,1.0,1,5.0,2.0,0.0,5.0,5.0,5.0,0.0,0.0,0.0
6540,0,1,1,0,0,0,999,26-100,60.0,1.0,0.0,1099.0,500000.0,1.0,1.0,64500.0,3.0,1,7.0,0.0,0.0,0.0,0.0,0.0,0.0,0.0,0.0
6541,1,1,2,0,0,0,10,26-100,100.0,1.0,0.0,1099.0,1.0,0.0,0.0,218.0,1.0,0,3.0,0.0,0.0,0.0,0.0,0.0,0.0,0.0,0.0
6542,1,1,2,0,0,0,999,26-100,10000.0,1.0,0.0,1099.0,500000.0,1.0,1.0,10000.0,1.0,1,7.0,0.0,0.0,0.0,0.0,0.0,0.0,0.0,0.0
6543,1,1,1,0,1,0,10,More than 1000,10000.0,1.0,0.0,23.0,99939487.0,1.0,0.0,59000.0,2.0,1,6.0,5.0,1.0,19.0,474.0,456.0,3.0,1.0,0.0
6544,1,1,2,0,0,0,10,500-1000,10000.0,1.0,0.0,1096.0,150.0,1.0,0.0,365800.0,16.0,1,6.0,0.0,0.0,0.0,0.0,0.0,0.0,0.0,0.0
6545,1,1,2,0,0,0,1,1-25,100.0,1.0,0.0,1096.0,50.0,0.0,0.0,50.0,1.0,0,2.0,0.0,0.0,0.0,0.0,0.0,0.0,0.0,0.0
6546,1,1,2,0,0,1,10,500-1000,100.0,1.0,0.0,1096.0,150.0,0.0,0.0,400.0,4.0,0,3.0,1.0,1.0,1.0,1.0,1.0,0.0,0.0,0.0
6547,1,1,2,0,0,0,1,1-25,100.0,1.0,0.0,1096.0,50.0,0.0,0.0,50.0,1.0,0,2.0,0.0,0.0,0.0,0.0,0.0,0.0,0.0,0.0
6549,1,1,1,0,0,0,1,101-500,10000.0,1.0,0.0,1096.0,50.0,1.0,0.0,88500.0,5.0,1,5.0,1.0,0.0,1.0,1.0,1.0,0.0,0.0,0.0
6551,1,1,2,0,0,1,110,101-500,100.0,1.0,0.0,1096.0,150.0,0.0,0.0,400.0,6.0,0,3.0,0.0,0.0,0.0,0.0,0.0,0.0,0.0,0.0
6552,1,1,2,0,0,0,1,101-500,10000.0,1.0,0.0,1096.0,50.0,1.0,0.0,17700.0,1.0,1,5.0,0.0,0.0,0.0,0.0,0.0,0.0,0.0,0.0
6553,1,1,2,0,0,0,10,26-100,100.0,1.0,0.0,1096.0,150.0,0.0,0.0,200.0,2.0,0,3.0,0.0,0.0,0.0,0.0,0.0,0.0,0.0,0.0
6554,1,1,2,0,0,0,1,26-100,100.0,1.0,0.0,1096.0,50.0,0.0,0.0,50.0,1.0,0,2.0,0.0,0.0,0.0,0.0,0.0,0.0,0.0,0.0
6556,1,1,2,0,0,0,1,26-100,100.0,1.0,0.0,1095.0,50.0,0.0,0.0,50.0,1.0,0,2.0,0.0,0.0,0.0,0.0,0.0,0.0,0.0,0.0
6557,1,1,2,0,0,0,10,1-25,100.0,1.0,0.0,1095.0,150.0,0.0,0.0,150.0,1.0,0,3.0,0.0,0.0,0.0,0.0,0.0,0.0,0.0,0.0
6558,1,1,2,0,0,0,10,1-25,100.0,1.0,0.0,434.0,150.0,0.0,0.0,300.0,2.0,0,3.0,0.0,0.0,0.0,0.0,0.0,0.0,0.0,0.0
6559,1,1,1,0,0,0,10,1-25,100.0,1.0,0.0,1095.0,888.0,0.0,0.0,300.0,2.0,0,3.0,0.0,0.0,0.0,0.0,0.0,0.0,0.0,0.0
6560,1,1,1,0,0,0,10,26-100,100.0,1.0,0.0,1095.0,250.0,0.0,0.0,500.0,4.0,0,3.0,0.0,0.0,0.0,0.0,0.0,0.0,0.0,0.0
6561,1,1,2,0,0,0,1,1-25,100.0,1.0,0.0,1095.0,50.0,0.0,0.0,50.0,1.0,0,2.0,0.0,0.0,0.0,0.0,0.0,0.0,0.0,0.0
6562,1,1,1,0,0,0,10,1-25,100.0,1.0,0.0,1095.0,400.0,0.0,0.0,500.0,4.0,0,3.0,0.0,0.0,0.0,0.0,0.0,0.0,0.0,0.0
6563,1,1,1,0,0,0,10,1-25,100.0,1.0,0.0,1095.0,50.0,0.0,0.0,1165.0,12.0,0,3.0,0.0,0.0,0.0,0.0,0.0,0.0,0.0,0.0
6564,1,1,2,0,0,0,10,1-25,100.0,1.0,0.0,1094.0,150.0,0.0,0.0,300.0,2.0,0,3.0,0.0,0.0,0.0,0.0,0.0,0.0,0.0,0.0
6565,1,1,1,0,0,0,1,26-100,100.0,1.0,0.0,1094.0,50.0,0.0,0.0,450.0,3.0,0,2.0,0.0,0.0,0.0,0.0,0.0,0.0,0.0,0.0
6566,1,1,2,0,0,0,1,26-100,100.0,1.0,0.0,1094.0,50.0,0.0,0.0,200.0,2.0,0,2.0,0.0,0.0,0.0,0.0,0.0,0.0,0.0,0.0
6621,1,1,2,0,0,0,10,1-25,100.0,1.0,0.0,1093.0,150.0,0.0,0.0,150.0,1.0,0,3.0,0.0,0.0,0.0,0.0,0.0,0.0,0.0,0.0
6622,1,1,2,0,0,0,10,1-25,10000.0,1.0,0.0,1085.0,150.0,1.0,0.0,76700.0,3.0,1,6.0,0.0,0.0,0.0,0.0,0.0,0.0,0.0,0.0
6623,1,1,1,0,0,1,12,26-100,100.0,1.0,0.0,1092.0,150.0,0.0,0.0,1000.0,8.0,0,3.0,1.0,0.0,1.0,1.0,1.0,0.0,0.0,0.0
6624,1,1,2,0,0,0,1,More than 1000,10000.0,1.0,0.0,1093.0,50.0,1.0,0.0,15000.0,1.0,1,5.0,0.0,0.0,0.0,0.0,0.0,0.0,0.0,0.0
6625,1,1,2,0,0,0,10,101-500,100.0,1.0,0.0,1093.0,150.0,0.0,0.0,150.0,1.0,0,3.0,0.0,0.0,0.0,0.0,0.0,0.0,0.0,0.0
6626,1,1,2,0,0,0,1,26-100,100.0,1.0,0.0,1093.0,50.0,0.0,0.0,50.0,1.0,0,2.0,0.0,0.0,0.0,0.0,0.0,0.0,0.0,0.0
6630,1,1,2,0,0,0,999,101-500,10000.0,1.0,0.0,1092.0,500000.0,1.0,1.0,10000.0,1.0,1,7.0,0.0,0.0,0.0,0.0,0.0,0.0,0.0,0.0
6631,1,1,1,0,0,0,999,26-100,100.0,1.0,0.0,1089.0,500000.0,0.0,1.0,130000.0,13.0,0,4.0,0.0,0.0,0.0,0.0,0.0,0.0,0.0,0.0
6632,1,1,2,0,0,0,1,26-100,10000.0,1.0,0.0,1092.0,50.0,1.0,0.0,17700.0,1.0,1,5.0,0.0,0.0,0.0,0.0,0.0,0.0,0.0,0.0
6633,1,1,2,0,0,0,1,26-100,100.0,1.0,0.0,1092.0,50.0,0.0,0.0,600.0,1.0,0,2.0,0.0,0.0,0.0,0.0,0.0,0.0,0.0,0.0
6634,1,1,2,0,0,0,1,500-1000,10000.0,1.0,0.0,1092.0,50.0,1.0,0.0,15000.0,1.0,1,5.0,0.0,0.0,0.0,0.0,0.0,0.0,0.0,0.0
6636,1,1,2,0,0,0,10,More than 1000,100.0,1.0,0.0,1092.0,150.0,0.0,0.0,150.0,1.0,0,3.0,0.0,0.0,0.0,0.0,0.0,0.0,0.0,0.0
6638,1,1,2,0,0,0,10,500-1000,100.0,1.0,0.0,1092.0,150.0,0.0,0.0,150.0,1.0,0,3.0,0.0,0.0,0.0,0.0,0.0,0.0,0.0,0.0
6639,1,1,2,0,0,0,999,101-500,100.0,1.0,0.0,1092.0,500000.0,0.0,1.0,10000.0,1.0,0,4.0,0.0,0.0,0.0,0.0,0.0,0.0,0.0,0.0
6641,1,1,2,0,0,0,999,500-1000,100.0,1.0,0.0,1092.0,500000.0,0.0,1.0,10000.0,1.0,0,4.0,0.0,0.0,0.0,0.0,0.0,0.0,0.0,0.0
6643,1,1,2,0,0,0,999,26-100,10000.0,1.0,0.0,1092.0,500000.0,1.0,1.0,100000.0,1.0,1,7.0,0.0,0.0,0.0,0.0,0.0,0.0,0.0,0.0
6644,1,1,1,0,0,0,1,101-500,100.0,1.0,0.0,1087.0,66.0,0.0,0.0,450.0,5.0,0,2.0,1.0,0.0,1.0,1.0,1.0,0.0,0.0,0.0
6645,1,1,2,0,0,1,2,500-1000,10000.0,1.0,0.0,1092.0,50.0,1.0,0.0,15000.0,1.0,1,5.0,0.0,0.0,0.0,0.0,0.0,0.0,0.0,0.0
6646,1,1,2,0,0,0,1,101-500,100.0,1.0,0.0,1092.0,50.0,0.0,0.0,600.0,1.0,0,2.0,0.0,0.0,0.0,0.0,0.0,0.0,0.0,0.0
6647,1,1,2,0,0,0,1,101-500,10000.0,1.0,0.0,1092.0,50.0,1.0,0.0,17700.0,1.0,1,5.0,0.0,0.0,0.0,0.0,0.0,0.0,0.0,0.0
6648,1,1,2,0,0,0,999,500-1000,10000.0,1.0,0.0,1092.0,500000.0,1.0,1.0,10000.0,1.0,1,7.0,0.0,0.0,0.0,0.0,0.0,0.0,0.0,0.0
6649,1,1,2,0,0,0,1,26-100,10000.0,1.0,0.0,1092.0,50.0,1.0,0.0,17700.0,1.0,1,5.0,0.0,0.0,0.0,0.0,0.0,0.0,0.0,0.0
6650,1,1,2,0,0,1,4,26-100,100.0,1.0,0.0,1089.0,10049.0,0.0,0.0,750.0,2.0,0,2.0,1.0,0.0,1.0,1.0,1.0,0.0,0.0,0.0
6651,1,1,2,0,0,1,18,101-500,100.0,1.0,0.0,1085.0,148.0,0.0,0.0,900.0,3.0,0,3.0,1.0,0.0,3.0,2.0,2.0,0.0,0.0,0.0
6652,1,1,2,0,0,0,999,101-500,10000.0,1.0,0.0,1092.0,500000.0,1.0,1.0,1.0,1.0,1,7.0,0.0,0.0,0.0,0.0,0.0,0.0,0.0,0.0
6653,1,1,2,0,0,0,10,101-500,100.0,1.0,0.0,1092.0,150.0,0.0,0.0,1800.0,1.0,0,3.0,0.0,0.0,0.0,0.0,0.0,0.0,0.0,0.0
6654,1,1,2,0,0,0,10,101-500,100.0,1.0,0.0,1092.0,150.0,0.0,0.0,1950.0,2.0,0,3.0,0.0,0.0,0.0,0.0,0.0,0.0,0.0,0.0
6655,1,1,2,0,0,0,999,101-500,10000.0,1.0,0.0,1092.0,500000.0,1.0,1.0,20000.0,2.0,1,7.0,0.0,0.0,0.0,0.0,0.0,0.0,0.0,0.0
6656,1,1,2,0,0,0,999,101-500,100.0,1.0,0.0,1092.0,500000.0,0.0,1.0,10000.0,1.0,0,4.0,0.0,0.0,0.0,0.0,0.0,0.0,0.0,0.0
6657,1,1,2,0,0,0,1,101-500,10000.0,1.0,0.0,1092.0,500000.0,1.0,1.0,37000.0,5.0,1,7.0,0.0,0.0,0.0,0.0,0.0,0.0,0.0,0.0
6658,1,1,2,0,0,0,1,101-500,100.0,1.0,0.0,1092.0,50.0,0.0,0.0,50.0,1.0,0,2.0,0.0,0.0,0.0,0.0,0.0,0.0,0.0,0.0
6659,1,1,1,0,0,0,1,101-500,10000.0,1.0,0.0,1092.0,50.0,1.0,0.0,106200.0,6.0,1,5.0,0.0,0.0,0.0,0.0,0.0,0.0,0.0,0.0
6661,1,1,2,0,0,0,1,500-1000,10000.0,1.0,0.0,1092.0,50.0,1.0,0.0,17700.0,1.0,1,5.0,1.0,1.0,0.0,0.0,0.0,0.0,0.0,0.0
6662,1,1,2,0,0,0,1,26-100,10000.0,1.0,0.0,1092.0,50.0,1.0,0.0,17700.0,1.0,1,5.0,0.0,0.0,0.0,0.0,0.0,0.0,0.0,0.0
6664,1,1,2,0,0,0,1,26-100,10000.0,1.0,0.0,1092.0,50.0,1.0,0.0,17700.0,1.0,1,5.0,0.0,0.0,0.0,0.0,0.0,0.0,0.0,0.0
6665,1,1,2,0,0,0,999,500-1000,100.0,1.0,0.0,1092.0,500000.0,0.0,1.0,10000.0,1.0,0,4.0,0.0,0.0,0.0,0.0,0.0,0.0,0.0,0.0
6666,1,1,2,0,0,0,999,500-1000,10000.0,1.0,0.0,1092.0,500000.0,1.0,1.0,1000.0,1.0,1,7.0,0.0,0.0,0.0,0.0,0.0,0.0,0.0,0.0
6667,1,1,2,0,0,1,14,500-1000,10000.0,1.0,0.0,1092.0,500000.0,1.0,1.0,25000.0,2.0,1,7.0,0.0,0.0,0.0,0.0,0.0,0.0,0.0,0.0
6669,1,1,2,0,0,1,11,500-1000,10000.0,1.0,0.0,1092.0,500000.0,1.0,1.0,27700.0,2.0,1,7.0,0.0,0.0,0.0,0.0,0.0,0.0,0.0,0.0
6670,1,1,2,0,0,0,999,26-100,10000.0,1.0,0.0,1092.0,500000.0,1.0,1.0,15000.0,1.0,1,7.0,0.0,0.0,0.0,0.0,0.0,0.0,0.0,0.0
6671,1,1,2,0,0,0,10,26-100,100.0,1.0,0.0,1092.0,150.0,0.0,0.0,1800.0,1.0,0,3.0,0.0,0.0,0.0,0.0,0.0,0.0,0.0,0.0
6672,1,1,1,0,0,0,1,500-1000,10000.0,1.0,0.0,963.0,150.0,1.0,0.0,103500.0,6.0,1,5.0,1.0,1.0,0.0,0.0,0.0,0.0,0.0,0.0
6674,0,1,2,0,0,0,1,101-500,10000.0,1.0,0.0,1089.0,50.0,1.0,0.0,15000.0,1.0,1,5.0,0.0,0.0,0.0,0.0,0.0,0.0,0.0,0.0
6675,1,1,1,0,0,0,10,1-25,100.0,1.0,0.0,1082.0,150.0,0.0,0.0,950.0,11.0,0,3.0,1.0,0.0,5.0,5.0,5.0,0.0,0.0,0.0
6676,1,1,2,0,0,0,1,101-500,100.0,1.0,0.0,1089.0,50.0,0.0,0.0,600.0,1.0,0,2.0,0.0,0.0,0.0,0.0,0.0,0.0,0.0,0.0
6677,1,1,2,0,0,1,22,101-500,10000.0,1.0,0.0,1089.0,150.0,1.0,0.0,64900.0,3.0,1,6.0,1.0,0.0,1.0,1.0,1.0,0.0,0.0,0.0
6678,1,1,2,0,0,1,2,500-1000,10000.0,1.0,0.0,1089.0,260.0,1.0,0.0,17700.0,1.0,1,5.0,0.0,0.0,0.0,0.0,0.0,0.0,0.0,0.0
6679,1,1,1,0,0,1,12,26-100,10000.0,1.0,0.0,1067.0,494.0,1.0,0.0,200600.0,8.0,1,6.0,6.0,1.0,7.0,5.0,6.0,0.0,0.0,0.0
6682,1,1,2,0,0,0,10,101-500,100.0,1.0,0.0,1089.0,149.0,0.0,0.0,1800.0,1.0,0,3.0,1.0,0.0,1.0,1.0,1.0,0.0,0.0,0.0
6683,1,1,2,0,0,1,2,26-100,100.0,1.0,0.0,1089.0,31050.0,0.0,0.0,850.0,6.0,0,2.0,0.0,0.0,0.0,0.0,0.0,0.0,0.0,0.0
6684,1,1,2,0,0,0,10,26-100,100.0,1.0,0.0,1089.0,150.0,0.0,0.0,1800.0,1.0,0,3.0,0.0,0.0,0.0,0.0,0.0,0.0,0.0,0.0
6685,1,1,2,0,0,0,1,101-500,100.0,1.0,0.0,1089.0,50.0,0.0,0.0,600.0,1.0,0,2.0,0.0,0.0,0.0,0.0,0.0,0.0,0.0,0.0
6686,1,1,2,0,0,1,15,26-100,10000.0,1.0,0.0,1087.0,149.0,1.0,0.0,59531.0,5.0,1,6.0,2.0,0.0,5.0,1.0,3.0,0.0,0.0,0.0
6687,1,1,2,0,0,0,10,500-1000,100.0,1.0,0.0,1089.0,150.0,0.0,0.0,1800.0,1.0,0,3.0,0.0,0.0,0.0,0.0,0.0,0.0,0.0,0.0
6688,0,1,2,0,0,1,10,101-500,10000.0,1.0,0.0,1089.0,500000.0,1.0,1.0,228800.0,14.0,1,7.0,0.0,0.0,0.0,0.0,0.0,0.0,0.0,0.0
6691,1,1,2,0,0,0,10,1-25,100.0,1.0,0.0,1089.0,150.0,0.0,0.0,1800.0,1.0,0,3.0,0.0,0.0,0.0,0.0,0.0,0.0,0.0,0.0
6693,1,1,2,0,0,0,10,500-1000,10000.0,1.0,0.0,1089.0,150.0,1.0,0.0,29500.0,1.0,1,6.0,0.0,0.0,0.0,0.0,0.0,0.0,0.0,0.0
6694,1,1,2,0,0,0,1,1-25,10000.0,1.0,0.0,1089.0,50.0,1.0,0.0,17700.0,1.0,1,5.0,0.0,0.0,0.0,0.0,0.0,0.0,0.0,0.0
6696,1,1,2,0,0,0,999,26-100,10000.0,1.0,0.0,1087.0,500000.0,1.0,1.0,20000.0,2.0,1,7.0,1.0,1.0,2.0,2.0,2.0,0.0,0.0,0.0
6702,1,1,2,0,0,0,1,More than 1000,10000.0,1.0,0.0,1089.0,100.0,1.0,0.0,35400.0,2.0,1,5.0,0.0,0.0,0.0,0.0,0.0,0.0,0.0,0.0
6705,1,1,2,0,0,0,10,26-100,100.0,1.0,0.0,1087.0,150.0,0.0,0.0,300.0,2.0,0,3.0,0.0,0.0,0.0,0.0,0.0,0.0,0.0,0.0
6707,1,1,2,0,0,1,22,101-500,100.0,1.0,0.0,1087.0,550.0,0.0,0.0,1200.0,9.0,0,3.0,1.0,1.0,0.0,0.0,0.0,0.0,0.0,0.0
6708,1,1,2,0,0,0,999,500-1000,100.0,1.0,0.0,1087.0,500000.0,0.0,1.0,10000.0,1.0,0,4.0,0.0,0.0,0.0,0.0,0.0,0.0,0.0,0.0
6710,1,1,2,0,0,0,1,26-100,100.0,1.0,0.0,1087.0,50.0,0.0,0.0,600.0,1.0,0,2.0,0.0,0.0,0.0,0.0,0.0,0.0,0.0,0.0
6711,1,1,2,0,0,0,10,101-500,100.0,1.0,0.0,1087.0,300.0,0.0,0.0,1950.0,2.0,0,3.0,0.0,0.0,0.0,0.0,0.0,0.0,0.0,0.0
6712,1,1,1,0,0,0,10,101-500,100.0,1.0,0.0,1087.0,2534.0,0.0,0.0,1050.0,7.0,0,3.0,1.0,1.0,4.0,4.0,4.0,0.0,0.0,0.0
6714,1,1,2,0,0,0,10,26-100,10000.0,1.0,0.0,1079.0,198.0,1.0,0.0,47200.0,2.0,1,6.0,1.0,0.0,2.0,1.0,2.0,0.0,0.0,0.0
6715,1,1,2,0,0,0,10,26-100,10000.0,1.0,0.0,1029.0,289.0,1.0,0.0,82600.0,4.0,1,6.0,7.0,1.0,67.0,17.0,18.0,0.0,0.0,0.0
6717,1,1,2,0,0,0,999,500-1000,100.0,1.0,0.0,1087.0,500000.0,0.0,1.0,10000.0,1.0,0,4.0,0.0,0.0,0.0,0.0,0.0,0.0,0.0,0.0
6719,0,1,1,0,0,1,1,101-500,100.0,1.0,0.0,1082.0,250.0,0.0,0.0,1250.0,8.0,0,2.0,0.0,0.0,0.0,0.0,0.0,0.0,0.0,0.0
6721,0,1,2,0,0,0,10,26-100,100.0,1.0,0.0,1072.0,905.0,0.0,0.0,1000.0,5.0,0,3.0,3.0,0.0,6.0,2.0,2.0,0.0,0.0,0.0
6724,1,1,2,0,0,0,10,500-1000,100.0,1.0,0.0,1087.0,450.0,0.0,0.0,2100.0,3.0,0,3.0,0.0,0.0,0.0,0.0,0.0,0.0,0.0,0.0
6726,1,1,2,0,0,0,10,1-25,100.0,1.0,0.0,1087.0,600.0,0.0,0.0,750.0,2.0,0,3.0,0.0,0.0,0.0,0.0,0.0,0.0,0.0,0.0
6727,1,1,1,0,0,0,1,26-100,100.0,1.0,0.0,1087.0,50.0,0.0,0.0,750.0,4.0,0,2.0,0.0,0.0,0.0,0.0,0.0,0.0,0.0,0.0
6728,1,1,2,0,0,0,10,101-500,10000.0,1.0,0.0,1086.0,450.0,1.0,0.0,112100.0,5.0,1,6.0,0.0,0.0,0.0,0.0,0.0,0.0,0.0,0.0
6729,1,1,2,0,0,0,1,More than 1000,10000.0,1.0,0.0,1086.0,50.0,1.0,0.0,17700.0,1.0,1,5.0,0.0,0.0,0.0,0.0,0.0,0.0,0.0,0.0
6730,1,1,1,0,0,0,1,101-500,100.0,1.0,0.0,1086.0,50.0,0.0,0.0,50.0,1.0,0,2.0,0.0,0.0,0.0,0.0,0.0,0.0,0.0,0.0
6731,1,1,2,0,0,1,20,500-1000,10000.0,1.0,0.0,1086.0,370.0,1.0,0.0,59000.0,2.0,1,6.0,0.0,0.0,0.0,0.0,0.0,0.0,0.0,0.0
6732,0,1,1,0,0,0,999,More than 1000,60.0,1.0,0.0,1085.0,500000.0,1.0,1.0,165000.0,15.0,1,7.0,0.0,0.0,0.0,0.0,0.0,0.0,0.0,0.0
6733,1,1,1,0,0,0,999,101-500,100.0,1.0,0.0,1085.0,500000.0,0.0,1.0,30000.0,3.0,0,4.0,1.0,1.0,1.0,0.0,0.0,0.0,0.0,0.0
6734,1,1,2,0,0,0,999,101-500,10000.0,1.0,0.0,1085.0,500000.0,1.0,1.0,20000.0,2.0,1,7.0,0.0,0.0,0.0,0.0,0.0,0.0,0.0,0.0
6743,0,1,1,0,0,0,10,1-25,100.0,1.0,0.0,1085.0,50.0,0.0,0.0,21400.0,9.0,0,4.0,0.0,0.0,0.0,0.0,0.0,0.0,0.0,0.0
6744,0,1,2,0,0,0,0,101-500,60.0,1.0,0.0,1085.0,45.0,1.0,0.0,40000.0,2.0,1,6.0,0.0,0.0,0.0,0.0,0.0,0.0,0.0,0.0
6745,1,1,2,0,0,0,1,1-25,10000.0,1.0,0.0,1085.0,50.0,1.0,0.0,17700.0,1.0,1,5.0,0.0,0.0,0.0,0.0,0.0,0.0,0.0,0.0
6748,1,1,2,0,0,0,10,1-25,10000.0,1.0,0.0,1085.0,300.0,1.0,0.0,79900.0,4.0,1,6.0,0.0,0.0,0.0,0.0,0.0,0.0,0.0,0.0
6749,1,1,2,0,0,1,10,26-100,10000.0,1.0,0.0,1082.0,320.0,1.0,0.0,64900.0,3.0,1,6.0,0.0,0.0,0.0,0.0,0.0,0.0,0.0,0.0
6750,0,1,2,0,0,0,10,1-25,100.0,1.0,0.0,1082.0,250.0,0.0,0.0,750.0,2.0,0,3.0,0.0,0.0,0.0,0.0,0.0,0.0,0.0,0.0
6751,1,1,2,0,0,0,1,1-25,10000.0,1.0,0.0,1082.0,50.0,1.0,0.0,17700.0,1.0,1,5.0,0.0,0.0,0.0,0.0,0.0,0.0,0.0,0.0
6752,1,1,2,0,0,1,22,1-25,10000.0,1.0,0.0,1082.0,169.0,1.0,0.0,35400.0,2.0,1,5.0,1.0,1.0,1.0,1.0,1.0,0.0,0.0,0.0
6753,1,1,2,0,0,1,10,1-25,100.0,1.0,0.0,1082.0,150.0,0.0,0.0,800.0,3.0,0,3.0,0.0,0.0,0.0,0.0,0.0,0.0,0.0,0.0
6754,1,1,2,0,0,0,10,101-500,10000.0,1.0,0.0,1081.0,150.0,1.0,0.0,29500.0,1.0,1,6.0,0.0,0.0,0.0,0.0,0.0,0.0,0.0,0.0
6755,1,1,1,0,0,0,1,1-25,100.0,1.0,0.0,1082.0,50.0,0.0,0.0,600.0,1.0,0,2.0,0.0,0.0,0.0,0.0,0.0,0.0,0.0,0.0
6756,1,1,2,0,0,0,10,1-25,10000.0,1.0,0.0,1082.0,150.0,1.0,0.0,29500.0,1.0,1,6.0,0.0,0.0,0.0,0.0,0.0,0.0,0.0,0.0
6757,1,1,2,0,0,0,1,1-25,100.0,1.0,0.0,1081.0,1300.0,0.0,0.0,1100.0,5.0,0,2.0,0.0,0.0,0.0,0.0,0.0,0.0,0.0,0.0
6758,1,1,2,0,0,0,1,1-25,100.0,1.0,0.0,1078.0,50.0,0.0,0.0,1200.0,2.0,0,2.0,1.0,0.0,1.0,0.0,0.0,0.0,0.0,0.0
6759,1,1,2,0,0,0,10,1-25,100.0,1.0,0.0,1082.0,400.0,0.0,0.0,750.0,2.0,0,3.0,0.0,0.0,0.0,0.0,0.0,0.0,0.0,0.0
6760,1,1,2,0,0,0,10,1-25,100.0,1.0,0.0,1079.0,150.0,0.0,0.0,1800.0,1.0,0,3.0,1.0,0.0,0.0,0.0,0.0,0.0,0.0,0.0
6761,1,1,2,0,0,0,1,1-25,100.0,1.0,0.0,1082.0,50.0,0.0,0.0,600.0,1.0,0,2.0,0.0,0.0,0.0,0.0,0.0,0.0,0.0,0.0
6762,1,1,2,0,0,0,10,1-25,100.0,1.0,0.0,1082.0,400.0,0.0,0.0,900.0,3.0,0,3.0,0.0,0.0,0.0,0.0,0.0,0.0,0.0,0.0
6763,1,1,2,0,0,0,10,1-25,10000.0,1.0,0.0,1082.0,150.0,1.0,0.0,29500.0,1.0,1,6.0,0.0,0.0,0.0,0.0,0.0,0.0,0.0,0.0
6764,1,1,2,0,0,0,10,1-25,10000.0,1.0,0.0,1082.0,150.0,1.0,0.0,29500.0,1.0,1,6.0,0.0,0.0,0.0,0.0,0.0,0.0,0.0,0.0
6765,1,1,2,0,0,0,10,1-25,100.0,1.0,0.0,1082.0,150.0,0.0,0.0,1800.0,1.0,0,3.0,0.0,0.0,0.0,0.0,0.0,0.0,0.0,0.0
6766,1,1,2,0,0,0,1,1-25,10000.0,1.0,0.0,1082.0,50.0,1.0,0.0,17700.0,1.0,1,5.0,0.0,0.0,0.0,0.0,0.0,0.0,0.0,0.0
6767,1,1,2,0,0,0,1,1-25,10000.0,1.0,0.0,1082.0,50.0,1.0,0.0,17700.0,1.0,1,5.0,0.0,0.0,0.0,0.0,0.0,0.0,0.0,0.0
6768,1,1,2,0,0,0,10,500-1000,10000.0,1.0,0.0,1074.0,150.0,1.0,0.0,29500.0,1.0,1,6.0,0.0,0.0,0.0,0.0,0.0,0.0,0.0,0.0
6769,1,1,2,0,0,0,1,1-25,100.0,1.0,0.0,1082.0,50.0,0.0,0.0,50.0,1.0,0,2.0,0.0,0.0,0.0,0.0,0.0,0.0,0.0,0.0
6770,1,1,2,0,0,1,24,1-25,100.0,1.0,0.0,1082.0,950.0,0.0,0.0,850.0,4.0,0,3.0,0.0,0.0,0.0,0.0,0.0,0.0,0.0,0.0
6771,0,1,2,0,0,0,10,26-100,100.0,1.0,0.0,1082.0,350.0,0.0,0.0,200.0,2.0,0,3.0,0.0,0.0,0.0,0.0,0.0,0.0,0.0,0.0
6772,0,1,2,0,0,0,10,26-100,100.0,1.0,0.0,1079.0,850.0,0.0,0.0,450.0,3.0,0,3.0,0.0,1.0,0.0,0.0,0.0,0.0,0.0,0.0
6773,1,1,2,0,0,0,1,1-25,100.0,1.0,0.0,1082.0,50.0,0.0,0.0,50.0,1.0,0,2.0,0.0,0.0,0.0,0.0,0.0,0.0,0.0,0.0
6774,0,1,2,0,0,0,10,1-25,100.0,1.0,0.0,1082.0,350.0,0.0,0.0,900.0,3.0,0,3.0,0.0,0.0,0.0,0.0,0.0,0.0,0.0,0.0
6775,1,1,1,0,0,0,10,26-100,100.0,1.0,0.0,1081.0,2150.0,0.0,0.0,1950.0,13.0,0,3.0,0.0,0.0,0.0,0.0,0.0,0.0,0.0,0.0
6776,1,1,2,0,0,0,999,1-25,100.0,1.0,0.0,1079.0,500000.0,0.0,1.0,10000.0,1.0,0,4.0,0.0,0.0,0.0,0.0,0.0,0.0,0.0,0.0
6777,1,1,2,0,0,0,999,26-100,100.0,1.0,0.0,1082.0,500000.0,0.0,1.0,10000.0,1.0,0,4.0,0.0,0.0,0.0,0.0,0.0,0.0,0.0,0.0
6778,1,1,2,0,0,0,10,1-25,10000.0,1.0,0.0,1082.0,150.0,1.0,0.0,29500.0,1.0,1,6.0,0.0,0.0,0.0,0.0,0.0,0.0,0.0,0.0
6779,1,1,2,0,0,0,10,1-25,100.0,1.0,0.0,1082.0,150.0,0.0,0.0,1800.0,1.0,0,3.0,0.0,0.0,0.0,0.0,0.0,0.0,0.0,0.0
6780,1,1,2,0,0,0,1,1-25,10000.0,1.0,0.0,1082.0,50.0,1.0,0.0,17700.0,1.0,1,5.0,0.0,0.0,0.0,0.0,0.0,0.0,0.0,0.0
6781,1,1,2,0,0,0,10,1-25,100.0,1.0,0.0,1082.0,150.0,0.0,0.0,750.0,2.0,0,3.0,0.0,0.0,0.0,0.0,0.0,0.0,0.0,0.0
6782,1,1,1,0,0,0,10,1-25,100.0,1.0,0.0,1082.0,1650.0,0.0,0.0,2550.0,14.0,0,3.0,0.0,0.0,0.0,0.0,0.0,0.0,0.0,0.0
6783,1,1,2,0,0,0,10,1-25,100.0,1.0,0.0,1082.0,250.0,0.0,0.0,850.0,2.0,0,3.0,0.0,0.0,0.0,0.0,0.0,0.0,0.0,0.0
6784,1,1,2,0,0,0,10,1-25,100.0,1.0,0.0,1082.0,350.0,0.0,0.0,1200.0,4.0,0,3.0,0.0,0.0,0.0,0.0,0.0,0.0,0.0,0.0
6786,1,1,2,0,0,0,1,1-25,10000.0,1.0,0.0,1082.0,50.0,1.0,0.0,17700.0,1.0,1,5.0,0.0,0.0,0.0,0.0,0.0,0.0,0.0,0.0
6787,1,1,2,0,0,0,999,1-25,10000.0,1.0,0.0,1082.0,500000.0,1.0,1.0,11800.0,1.0,1,7.0,0.0,0.0,0.0,0.0,0.0,0.0,0.0,0.0
6788,1,1,2,0,0,0,999,101-500,10000.0,1.0,0.0,1082.0,500000.0,1.0,1.0,11800.0,1.0,1,7.0,0.0,0.0,0.0,0.0,0.0,0.0,0.0,0.0
6789,1,1,2,0,0,0,1,1-25,10000.0,1.0,0.0,1082.0,50.0,1.0,0.0,17700.0,1.0,1,5.0,0.0,0.0,0.0,0.0,0.0,0.0,0.0,0.0
6790,1,1,2,0,0,0,10,1-25,100.0,1.0,0.0,1082.0,150.0,0.0,0.0,1800.0,1.0,0,3.0,0.0,0.0,0.0,0.0,0.0,0.0,0.0,0.0
6791,1,1,2,0,0,0,1,1-25,10000.0,1.0,0.0,1082.0,50.0,1.0,0.0,17700.0,1.0,1,5.0,0.0,0.0,0.0,0.0,0.0,0.0,0.0,0.0
6792,1,1,2,0,0,0,10,1-25,10000.0,1.0,0.0,1082.0,150.0,1.0,0.0,29500.0,1.0,1,6.0,0.0,0.0,0.0,0.0,0.0,0.0,0.0,0.0
6793,1,1,2,0,0,0,1,26-100,10000.0,1.0,0.0,1082.0,50.0,1.0,0.0,15000.0,1.0,1,5.0,1.0,0.0,0.0,0.0,0.0,0.0,0.0,0.0
6794,1,1,2,0,0,0,10,1-25,100.0,1.0,0.0,1082.0,450.0,0.0,0.0,2100.0,3.0,0,3.0,0.0,0.0,0.0,0.0,0.0,0.0,0.0,0.0
6795,1,1,2,0,0,0,1,1-25,10000.0,1.0,0.0,1082.0,50.0,1.0,0.0,17700.0,1.0,1,5.0,0.0,0.0,0.0,0.0,0.0,0.0,0.0,0.0
6796,1,1,2,0,0,0,1,1-25,10000.0,1.0,0.0,1082.0,50.0,1.0,0.0,17700.0,1.0,1,5.0,0.0,0.0,0.0,0.0,0.0,0.0,0.0,0.0
6797,1,1,2,0,0,0,1,1-25,100.0,1.0,0.0,1082.0,50.0,0.0,0.0,600.0,1.0,0,2.0,0.0,0.0,0.0,0.0,0.0,0.0,0.0,0.0
6798,1,1,2,0,0,0,1,1-25,10000.0,1.0,0.0,1082.0,50.0,1.0,0.0,17700.0,1.0,1,5.0,0.0,0.0,0.0,0.0,0.0,0.0,0.0,0.0
6799,1,1,2,0,0,0,10,1-25,100.0,1.0,0.0,1082.0,750.0,0.0,0.0,2100.0,3.0,0,3.0,0.0,0.0,0.0,0.0,0.0,0.0,0.0,0.0
6800,1,1,2,0,0,0,10,1-25,100.0,1.0,0.0,1082.0,50.0,0.0,0.0,750.0,3.0,0,3.0,0.0,0.0,0.0,0.0,0.0,0.0,0.0,0.0
6801,1,1,2,0,0,0,1,1-25,10000.0,1.0,0.0,1082.0,50.0,1.0,0.0,17700.0,1.0,1,5.0,0.0,0.0,0.0,0.0,0.0,0.0,0.0,0.0
6802,1,1,2,0,0,0,10,1-25,100.0,1.0,0.0,1082.0,300.0,0.0,0.0,1000.0,3.0,0,3.0,0.0,0.0,0.0,0.0,0.0,0.0,0.0,0.0
6803,1,1,2,0,0,0,10,26-100,100.0,1.0,0.0,1081.0,150.0,0.0,0.0,750.0,7.0,0,3.0,0.0,0.0,0.0,0.0,0.0,0.0,0.0,0.0
6804,0,1,2,0,0,0,10,1-25,100.0,1.0,0.0,1082.0,300.0,0.0,0.0,750.0,2.0,0,3.0,0.0,0.0,0.0,0.0,0.0,0.0,0.0,0.0
6806,1,1,2,0,0,0,10,1-25,10000.0,1.0,0.0,1082.0,150.0,1.0,0.0,29500.0,1.0,1,6.0,0.0,0.0,0.0,0.0,0.0,0.0,0.0,0.0
6807,1,1,1,0,0,1,27,1-25,100.0,1.0,0.0,1082.0,600.0,0.0,0.0,1250.0,6.0,0,3.0,0.0,0.0,0.0,0.0,0.0,0.0,0.0,0.0
6808,1,1,2,0,0,0,1,1-25,100.0,1.0,0.0,1082.0,200.0,0.0,0.0,700.0,2.0,0,2.0,0.0,0.0,0.0,0.0,0.0,0.0,0.0,0.0
6809,1,1,2,0,0,0,1,26-100,10000.0,1.0,0.0,1082.0,50.0,1.0,0.0,15000.0,1.0,1,5.0,0.0,0.0,0.0,0.0,0.0,0.0,0.0,0.0
6810,1,1,2,0,0,0,10,1-25,100.0,1.0,0.0,1082.0,10300.0,0.0,0.0,1950.0,2.0,0,3.0,0.0,0.0,0.0,0.0,0.0,0.0,0.0,0.0
6811,1,1,2,0,0,0,1,1-25,10000.0,1.0,0.0,1082.0,50.0,1.0,0.0,17700.0,1.0,1,5.0,0.0,0.0,0.0,0.0,0.0,0.0,0.0,0.0
6812,1,1,2,0,0,0,10,26-100,10000.0,1.0,0.0,1082.0,150.0,1.0,0.0,25000.0,1.0,1,6.0,0.0,0.0,0.0,0.0,0.0,0.0,0.0,0.0
6813,1,1,1,0,0,0,1,26-100,100.0,1.0,0.0,1082.0,150.0,0.0,0.0,150.0,3.0,0,2.0,0.0,0.0,0.0,0.0,0.0,0.0,0.0,0.0
6814,1,1,2,0,0,0,10,26-100,100.0,1.0,0.0,1082.0,150.0,0.0,0.0,150.0,1.0,0,3.0,0.0,0.0,0.0,0.0,0.0,0.0,0.0,0.0
6815,1,1,2,0,0,0,10,26-100,100.0,1.0,0.0,1082.0,300.0,0.0,0.0,300.0,2.0,0,3.0,0.0,0.0,0.0,0.0,0.0,0.0,0.0,0.0
6816,1,1,2,0,0,0,1,1-25,10000.0,1.0,0.0,1081.0,50.0,1.0,0.0,17700.0,1.0,1,5.0,0.0,0.0,0.0,0.0,0.0,0.0,0.0,0.0
6818,1,1,2,0,0,0,1,1-25,10000.0,1.0,0.0,1081.0,50.0,1.0,0.0,15000.0,1.0,1,5.0,0.0,0.0,0.0,0.0,0.0,0.0,0.0,0.0
6819,1,1,1,0,0,0,1,1-25,100.0,1.0,0.0,1081.0,2250.0,0.0,0.0,1950.0,4.0,0,2.0,0.0,0.0,0.0,0.0,0.0,0.0,0.0,0.0
6820,1,1,2,0,0,1,10,1-25,10000.0,1.0,0.0,1081.0,250.0,1.0,0.0,64900.0,3.0,1,6.0,0.0,0.0,0.0,0.0,0.0,0.0,0.0,0.0
6821,1,1,1,0,0,1,10,26-100,10000.0,1.0,0.0,1081.0,500.0,1.0,0.0,150700.0,6.0,1,6.0,0.0,0.0,0.0,0.0,0.0,0.0,0.0,0.0
6822,1,1,2,0,0,0,1,1-25,10000.0,1.0,0.0,1081.0,120.0,1.0,0.0,17700.0,1.0,1,5.0,0.0,0.0,0.0,0.0,0.0,0.0,0.0,0.0
6823,1,1,2,0,0,0,10,1-25,10000.0,1.0,0.0,1081.0,250.0,1.0,0.0,62200.0,3.0,1,6.0,0.0,0.0,0.0,0.0,0.0,0.0,0.0,0.0
6824,1,1,1,0,0,0,1,1-25,100.0,1.0,0.0,1081.0,50.0,0.0,0.0,1050.0,10.0,0,2.0,0.0,0.0,0.0,0.0,0.0,0.0,0.0,0.0
6826,1,1,2,0,0,0,1,1-25,10000.0,1.0,0.0,1081.0,50.0,1.0,0.0,17700.0,1.0,1,5.0,1.0,0.0,2.0,2.0,2.0,0.0,0.0,0.0
6827,1,1,2,0,0,0,10,1-25,10000.0,1.0,0.0,1081.0,250.0,1.0,0.0,64900.0,3.0,1,6.0,0.0,0.0,0.0,0.0,0.0,0.0,0.0,0.0
6828,1,1,2,0,0,0,999,1-25,100.0,1.0,0.0,1071.0,500000.0,0.0,1.0,10900.0,4.0,0,4.0,0.0,0.0,0.0,0.0,0.0,0.0,0.0,0.0
6829,1,1,2,0,0,0,10,1-25,10000.0,1.0,0.0,1081.0,250.0,1.0,0.0,62200.0,3.0,1,6.0,0.0,0.0,0.0,0.0,0.0,0.0,0.0,0.0
6831,1,1,1,0,0,0,10,500-1000,100.0,1.0,0.0,1081.0,200.0,0.0,0.0,1050.0,8.0,0,3.0,0.0,0.0,0.0,0.0,0.0,0.0,0.0,0.0
6832,1,1,1,0,0,1,17,1-25,10000.0,1.0,0.0,1081.0,809.0,1.0,0.0,240600.0,10.0,1,6.0,1.0,1.0,2.0,1.0,1.0,0.0,0.0,0.0
6833,1,1,2,0,0,0,1,1-25,10000.0,1.0,0.0,1081.0,100.0,1.0,0.0,35400.0,2.0,1,5.0,0.0,0.0,0.0,0.0,0.0,0.0,0.0,0.0
6835,1,1,1,0,0,1,11,1-25,10000.0,1.0,0.0,1081.0,670.0,1.0,0.0,113500.0,4.0,1,6.0,0.0,0.0,0.0,0.0,0.0,0.0,0.0,0.0
6836,1,1,1,0,0,0,10,1-25,100.0,1.0,0.0,1081.0,400.0,0.0,0.0,900.0,3.0,0,3.0,0.0,0.0,0.0,0.0,0.0,0.0,0.0,0.0
6837,1,1,2,0,0,0,10,1-25,100.0,1.0,0.0,1081.0,200.0,0.0,0.0,750.0,2.0,0,3.0,0.0,0.0,0.0,0.0,0.0,0.0,0.0,0.0
6838,1,1,2,0,0,0,1,1-25,100.0,1.0,0.0,1081.0,400.0,0.0,0.0,1050.0,4.0,0,2.0,0.0,0.0,0.0,0.0,0.0,0.0,0.0,0.0
6839,1,1,2,0,0,0,10,1-25,100.0,1.0,0.0,1081.0,200.0,0.0,0.0,750.0,2.0,0,3.0,0.0,0.0,0.0,0.0,0.0,0.0,0.0,0.0
6840,1,1,2,0,0,0,10,1-25,100.0,1.0,0.0,1081.0,150.0,0.0,0.0,800.0,3.0,0,3.0,0.0,0.0,0.0,0.0,0.0,0.0,0.0,0.0
6841,1,1,2,0,0,0,1,1-25,100.0,1.0,0.0,1081.0,900.0,0.0,0.0,1200.0,7.0,0,2.0,0.0,0.0,0.0,0.0,0.0,0.0,0.0,0.0
6843,1,1,2,0,0,0,10,1-25,100.0,1.0,0.0,1081.0,150.0,0.0,0.0,750.0,2.0,0,3.0,0.0,0.0,0.0,0.0,0.0,0.0,0.0,0.0
6844,1,1,2,0,0,0,10,1-25,100.0,1.0,0.0,854.0,400.0,0.0,0.0,1050.0,4.0,0,3.0,0.0,0.0,0.0,0.0,0.0,0.0,0.0,0.0
6845,1,1,2,0,0,0,10,1-25,100.0,1.0,0.0,1081.0,150.0,0.0,0.0,1800.0,1.0,0,3.0,0.0,0.0,0.0,0.0,0.0,0.0,0.0,0.0
6846,1,1,2,0,0,0,1,1-25,100.0,1.0,0.0,1081.0,50.0,0.0,0.0,50.0,1.0,0,2.0,0.0,0.0,0.0,0.0,0.0,0.0,0.0,0.0
6847,1,1,1,0,0,0,1,1-25,100.0,1.0,0.0,1074.0,3500.0,0.0,0.0,30850.0,6.0,0,2.0,0.0,0.0,0.0,0.0,0.0,0.0,0.0,0.0
6849,1,1,1,0,0,0,10,101-500,100.0,1.0,0.0,1081.0,550.0,0.0,0.0,7480.0,17.0,0,3.0,0.0,0.0,0.0,0.0,0.0,0.0,0.0,0.0
6851,1,1,2,0,0,0,10,1-25,10000.0,1.0,0.0,1080.0,150.0,1.0,0.0,29500.0,1.0,1,6.0,2.0,2.0,2.0,1.0,1.0,0.0,0.0,0.0
6852,1,1,2,0,0,0,1,1-25,100.0,1.0,0.0,1078.0,400.0,0.0,0.0,750.0,2.0,0,2.0,0.0,0.0,0.0,0.0,0.0,0.0,0.0,0.0
6853,1,1,2,0,0,1,2,101-500,100.0,1.0,0.0,1078.0,50.0,0.0,0.0,750.0,2.0,0,2.0,0.0,0.0,0.0,0.0,0.0,0.0,0.0,0.0
6854,1,1,2,0,0,0,1,1-25,10000.0,1.0,0.0,1080.0,49.0,1.0,0.0,17700.0,1.0,1,5.0,1.0,0.0,1.0,1.0,1.0,0.0,0.0,0.0
6856,0,1,2,0,0,0,1,101-500,100.0,1.0,0.0,1080.0,500000.0,0.0,1.0,10050.0,2.0,0,4.0,1.0,0.0,1.0,0.0,0.0,0.0,0.0,0.0
6857,1,1,2,0,0,1,10,1-25,10000.0,1.0,0.0,1074.0,420.0,1.0,0.0,100300.0,5.0,1,6.0,1.0,1.0,0.0,0.0,0.0,0.0,0.0,0.0
6858,1,1,2,0,0,0,1,More than 1000,10000.0,1.0,0.0,1080.0,50.0,1.0,0.0,17700.0,1.0,1,5.0,0.0,0.0,0.0,0.0,0.0,0.0,0.0,0.0
6859,0,1,2,0,0,0,10,26-100,60.0,1.0,0.0,1079.0,270.0,1.0,0.0,57700.0,3.0,1,6.0,0.0,0.0,0.0,0.0,0.0,0.0,0.0,0.0
6860,0,1,2,0,0,0,10,101-500,100.0,1.0,0.0,1080.0,150.0,0.0,0.0,200.0,2.0,0,3.0,0.0,0.0,0.0,0.0,0.0,0.0,0.0,0.0
6861,1,1,2,0,0,0,1,1-25,10000.0,1.0,0.0,1079.0,50.0,1.0,0.0,17700.0,1.0,1,5.0,0.0,0.0,0.0,0.0,0.0,0.0,0.0,0.0
6862,1,1,2,0,0,0,999,26-100,10000.0,1.0,0.0,1079.0,500000.0,1.0,1.0,236000.0,1.0,1,7.0,0.0,0.0,0.0,0.0,0.0,0.0,0.0,0.0
6863,0,1,2,0,0,1,10,500-1000,100.0,1.0,0.0,1078.0,500000.0,0.0,1.0,35600.0,22.0,0,4.0,0.0,0.0,0.0,0.0,0.0,0.0,0.0,0.0
6865,0,1,2,0,0,0,10,500-1000,100.0,1.0,0.0,1078.0,520.0,0.0,0.0,500.0,6.0,0,3.0,0.0,0.0,0.0,0.0,0.0,0.0,0.0,0.0
6866,1,1,2,0,0,0,1,1-25,10000.0,1.0,0.0,1079.0,50.0,1.0,0.0,17700.0,1.0,1,5.0,0.0,0.0,0.0,0.0,0.0,0.0,0.0,0.0
6867,1,1,2,0,0,0,1,1-25,100.0,1.0,0.0,1079.0,50.0,0.0,0.0,600.0,1.0,0,2.0,1.0,2.0,1.0,0.0,0.0,0.0,0.0,0.0
6868,1,1,1,0,0,0,1,500-1000,100.0,1.0,0.0,1078.0,5550.0,0.0,0.0,2050.0,3.0,0,2.0,0.0,0.0,0.0,0.0,0.0,0.0,0.0,0.0
6871,0,1,1,0,0,0,1,101-500,100.0,1.0,0.0,1078.0,50.0,0.0,0.0,1250.0,3.0,0,2.0,0.0,0.0,0.0,0.0,0.0,0.0,0.0,0.0
6872,1,1,1,0,0,1,30,1-25,100.0,1.0,0.0,1078.0,150.0,0.0,0.0,15400.0,13.0,0,3.0,0.0,0.0,0.0,0.0,0.0,0.0,0.0,0.0
6873,0,1,2,0,0,1,999,1-25,100.0,1.0,0.0,1072.0,200.0,0.0,0.0,23900.0,10.0,0,4.0,0.0,0.0,0.0,0.0,0.0,0.0,0.0,0.0
6874,1,1,2,0,0,0,1,101-500,100.0,1.0,0.0,1078.0,50.0,0.0,0.0,600.0,1.0,0,2.0,0.0,0.0,0.0,0.0,0.0,0.0,0.0,0.0
6875,1,1,2,0,0,0,1,101-500,100.0,1.0,0.0,1078.0,50.0,0.0,0.0,50.0,1.0,0,2.0,0.0,0.0,0.0,0.0,0.0,0.0,0.0,0.0
6878,1,1,2,0,0,0,1,1-25,100.0,1.0,0.0,1078.0,50.0,0.0,0.0,600.0,1.0,0,2.0,0.0,0.0,0.0,0.0,0.0,0.0,0.0,0.0
6879,1,1,2,0,0,0,10,101-500,100.0,1.0,0.0,1073.0,450.0,0.0,0.0,2400.0,2.0,0,3.0,0.0,0.0,0.0,0.0,0.0,0.0,0.0,0.0
6880,1,1,1,0,0,0,1,1-25,100.0,1.0,0.0,1072.0,650.0,0.0,0.0,9400.0,15.0,0,2.0,0.0,0.0,0.0,0.0,0.0,0.0,0.0,0.0
6881,1,1,2,0,0,0,10,1-25,100.0,1.0,0.0,1078.0,150.0,0.0,0.0,1800.0,1.0,0,3.0,0.0,0.0,0.0,0.0,0.0,0.0,0.0,0.0
6882,1,1,2,0,0,0,1,1-25,100.0,1.0,0.0,1078.0,50.0,0.0,0.0,600.0,1.0,0,2.0,0.0,0.0,0.0,0.0,0.0,0.0,0.0,0.0
6883,1,1,2,0,0,0,1,101-500,100.0,1.0,0.0,1073.0,350.0,0.0,0.0,50.0,1.0,0,2.0,0.0,0.0,0.0,0.0,0.0,0.0,0.0,0.0
6884,1,1,2,0,0,0,1,1-25,100.0,2.0,0.0,1078.0,50.0,0.0,0.0,0.0,1.0,0,2.0,0.0,0.0,0.0,0.0,0.0,0.0,0.0,0.0
6885,1,1,2,0,0,0,1,1-25,100.0,2.0,0.0,1078.0,50.0,0.0,0.0,0.0,1.0,0,2.0,0.0,0.0,0.0,0.0,0.0,0.0,0.0,0.0
6886,0,1,2,0,0,0,10,26-100,100.0,1.0,0.0,1078.0,150.0,0.0,0.0,7200.0,4.0,0,3.0,0.0,0.0,0.0,0.0,0.0,0.0,0.0,0.0
6887,1,1,2,0,0,0,10,26-100,100.0,1.0,0.0,1078.0,150.0,0.0,0.0,150.0,1.0,0,3.0,0.0,0.0,0.0,0.0,0.0,0.0,0.0,0.0
6890,1,1,1,0,0,0,10,1-25,100.0,1.0,0.0,1078.0,150.0,0.0,0.0,9000.0,7.0,0,3.0,0.0,0.0,0.0,0.0,0.0,0.0,0.0,0.0
6891,1,1,1,0,0,0,1,26-100,100.0,1.0,0.0,1078.0,50.0,0.0,0.0,2100.0,3.0,0,2.0,0.0,0.0,0.0,0.0,0.0,0.0,0.0,0.0
6892,1,1,2,0,0,0,1,1-25,100.0,1.0,0.0,1078.0,50.0,0.0,0.0,50.0,1.0,0,2.0,0.0,0.0,0.0,0.0,0.0,0.0,0.0,0.0
6894,1,1,2,0,0,0,10,1-25,100.0,1.0,0.0,1078.0,150.0,0.0,0.0,7200.0,4.0,0,3.0,0.0,0.0,0.0,0.0,0.0,0.0,0.0,0.0
6896,1,1,2,0,0,0,10,26-100,100.0,1.0,0.0,1078.0,150.0,0.0,0.0,7350.0,5.0,0,3.0,0.0,0.0,0.0,0.0,0.0,0.0,0.0,0.0
6898,0,1,2,0,0,0,10,1-25,100.0,1.0,0.0,1078.0,150.0,0.0,0.0,7200.0,4.0,0,3.0,0.0,0.0,0.0,0.0,0.0,0.0,0.0,0.0
6900,1,1,2,0,0,0,10,1-25,100.0,1.0,0.0,1078.0,150.0,0.0,0.0,4000.0,4.0,0,3.0,0.0,0.0,0.0,0.0,0.0,0.0,0.0,0.0
6902,0,1,1,0,0,0,999,1-25,100.0,1.0,0.0,1078.0,500000.0,0.0,1.0,10700.0,3.0,0,4.0,0.0,0.0,0.0,0.0,0.0,0.0,0.0,0.0
6903,1,1,2,0,0,0,1,101-500,100.0,1.0,0.0,1078.0,50.0,0.0,0.0,600.0,1.0,0,2.0,0.0,0.0,0.0,0.0,0.0,0.0,0.0,0.0
6904,1,1,2,0,0,0,10,26-100,100.0,1.0,0.0,1078.0,150.0,0.0,0.0,3600.0,4.0,0,3.0,0.0,0.0,0.0,0.0,0.0,0.0,0.0,0.0
6906,1,1,1,0,0,1,2,1-25,10000.0,1.0,0.0,1078.0,100.0,1.0,0.0,53100.0,3.0,1,5.0,0.0,0.0,0.0,0.0,0.0,0.0,0.0,0.0
6908,1,1,2,0,0,0,10,26-100,100.0,1.0,0.0,1075.0,750.0,0.0,0.0,13800.0,11.0,0,3.0,0.0,0.0,0.0,0.0,0.0,0.0,0.0,0.0
6909,1,1,1,0,0,1,27,1-25,10000.0,1.0,0.0,1073.0,1038.0,1.0,0.0,572400.0,10.0,1,6.0,1.0,1.0,4.0,1.0,1.0,0.0,0.0,0.0
6910,0,1,1,0,0,0,10,1-25,100.0,1.0,0.0,1075.0,650.0,0.0,0.0,7000.0,7.0,0,3.0,1.0,0.0,2.0,0.0,0.0,0.0,0.0,0.0
6914,0,1,1,0,0,0,10,101-500,100.0,1.0,0.0,1075.0,2170.0,0.0,0.0,2000.0,3.0,0,3.0,0.0,0.0,0.0,0.0,0.0,0.0,0.0,0.0
6915,1,1,2,0,0,0,1,26-100,100.0,1.0,0.0,1075.0,50.0,0.0,0.0,50.0,1.0,0,2.0,0.0,0.0,0.0,0.0,0.0,0.0,0.0,0.0
6916,1,1,1,0,0,0,10,101-500,100.0,1.0,0.0,1075.0,300.0,0.0,0.0,5500.0,5.0,0,3.0,0.0,0.0,0.0,0.0,0.0,0.0,0.0,0.0
6918,1,1,2,0,0,0,10,1-25,10000.0,1.0,0.0,1075.0,150.0,1.0,0.0,29500.0,1.0,1,6.0,0.0,0.0,0.0,0.0,0.0,0.0,0.0,0.0
6919,1,1,2,0,0,0,10,1-25,10000.0,1.0,0.0,1075.0,150.0,1.0,0.0,29500.0,1.0,1,6.0,0.0,0.0,0.0,0.0,0.0,0.0,0.0,0.0
6920,1,1,2,0,0,0,10,26-100,100.0,1.0,0.0,1075.0,150.0,0.0,0.0,1800.0,1.0,0,3.0,0.0,0.0,0.0,0.0,0.0,0.0,0.0,0.0
6921,1,1,2,0,0,0,10,26-100,10000.0,1.0,0.0,1075.0,560.0,1.0,0.0,64900.0,3.0,1,6.0,0.0,0.0,0.0,0.0,0.0,0.0,0.0,0.0
6923,0,1,1,0,0,0,1,1-25,100.0,1.0,0.0,1075.0,50.0,0.0,0.0,2150.0,5.0,0,2.0,1.0,1.0,0.0,0.0,0.0,0.0,0.0,0.0
6924,1,1,2,0,0,0,10,500-1000,10000.0,1.0,0.0,1075.0,510.0,1.0,0.0,29500.0,1.0,1,6.0,0.0,0.0,0.0,0.0,0.0,0.0,0.0,0.0
6925,1,1,2,0,0,0,1,1-25,10000.0,1.0,0.0,1075.0,410.0,1.0,0.0,17700.0,1.0,1,5.0,0.0,0.0,0.0,0.0,0.0,0.0,0.0,0.0
6926,1,1,2,0,0,0,1,101-500,10000.0,1.0,0.0,1075.0,50.0,1.0,0.0,17700.0,1.0,1,5.0,0.0,0.0,0.0,0.0,0.0,0.0,0.0,0.0
6927,1,1,2,0,0,0,1,1-25,10000.0,1.0,0.0,1074.0,50.0,1.0,0.0,17700.0,1.0,1,5.0,0.0,0.0,0.0,0.0,0.0,0.0,0.0,0.0
6928,1,1,2,0,0,0,1,101-500,10000.0,1.0,0.0,1074.0,50.0,1.0,0.0,17700.0,1.0,1,5.0,0.0,0.0,0.0,0.0,0.0,0.0,0.0,0.0
6929,1,1,2,0,0,0,1,101-500,10000.0,1.0,0.0,1074.0,50.0,1.0,0.0,17700.0,1.0,1,5.0,0.0,0.0,0.0,0.0,0.0,0.0,0.0,0.0
6930,1,1,2,0,0,0,10,1-25,100.0,1.0,0.0,1074.0,150.0,0.0,0.0,150.0,1.0,0,3.0,0.0,0.0,0.0,0.0,0.0,0.0,0.0,0.0
6931,1,1,2,0,0,0,1,26-100,10000.0,1.0,0.0,1074.0,50.0,1.0,0.0,15000.0,1.0,1,5.0,0.0,0.0,0.0,0.0,0.0,0.0,0.0,0.0
6932,1,1,2,0,0,0,1,26-100,10000.0,1.0,0.0,1074.0,50.0,1.0,0.0,15000.0,1.0,1,5.0,0.0,0.0,0.0,0.0,0.0,0.0,0.0,0.0
6933,1,1,2,0,0,0,1,1-25,10000.0,1.0,0.0,1074.0,50.0,1.0,0.0,15000.0,1.0,1,5.0,0.0,0.0,0.0,0.0,0.0,0.0,0.0,0.0
6934,1,1,1,0,0,0,10,26-100,10000.0,1.0,0.0,1074.0,450.0,1.0,0.0,168400.0,7.0,1,6.0,0.0,0.0,0.0,0.0,0.0,0.0,0.0,0.0
6935,1,1,2,0,0,0,1,101-500,100.0,1.0,0.0,1074.0,50.0,0.0,0.0,50.0,1.0,0,2.0,0.0,0.0,0.0,0.0,0.0,0.0,0.0,0.0
6936,1,1,2,0,0,0,1,26-100,100.0,1.0,0.0,1074.0,50.0,0.0,0.0,5000.0,1.0,0,2.0,0.0,0.0,0.0,0.0,0.0,0.0,0.0,0.0
6937,1,1,1,0,0,0,10,101-500,100.0,1.0,0.0,1074.0,150.0,0.0,0.0,150.0,1.0,0,3.0,0.0,0.0,0.0,0.0,0.0,0.0,0.0,0.0
6938,1,1,2,0,0,0,10,101-500,100.0,1.0,0.0,1074.0,150.0,0.0,0.0,150.0,1.0,0,3.0,0.0,0.0,0.0,0.0,0.0,0.0,0.0,0.0
6939,1,1,2,0,0,0,1,1-25,100.0,1.0,0.0,1074.0,500000.0,0.0,1.0,10050.0,2.0,0,4.0,0.0,0.0,0.0,0.0,0.0,0.0,0.0,0.0
6940,1,1,2,0,0,0,1,1-25,100.0,1.0,0.0,1074.0,600.0,0.0,0.0,600.0,1.0,0,2.0,0.0,0.0,0.0,0.0,0.0,0.0,0.0,0.0
6941,1,1,2,0,0,0,10,1-25,100.0,1.0,0.0,1074.0,1800.0,0.0,0.0,1800.0,1.0,0,3.0,0.0,0.0,0.0,0.0,0.0,0.0,0.0,0.0
6942,1,1,1,0,0,0,999,1-25,100.0,1.0,0.0,1074.0,500000.0,0.0,1.0,10000.0,1.0,0,4.0,0.0,0.0,0.0,0.0,0.0,0.0,0.0,0.0
6943,1,1,2,0,0,0,10,26-100,10000.0,1.0,0.0,1074.0,150.0,1.0,0.0,25000.0,1.0,1,6.0,0.0,0.0,0.0,0.0,0.0,0.0,0.0,0.0
6944,0,1,2,0,0,0,10,500-1000,100.0,2.0,0.0,1074.0,5989.0,0.0,0.0,4200.0,7.0,0,3.0,2.0,1.0,2.0,2.0,2.0,0.0,0.0,0.0
6945,1,1,2,0,0,0,12,500-1000,10000.0,1.0,0.0,1057.0,500.0,1.0,0.0,15000.0,1.0,1,5.0,1.0,0.0,5.0,0.0,0.0,0.0,0.0,0.0
6946,1,1,1,0,0,1,999,1-25,100.0,1.0,0.0,1068.0,500000.0,0.0,1.0,51200.0,7.0,0,4.0,0.0,0.0,0.0,0.0,0.0,0.0,0.0,0.0
6947,1,1,2,0,0,0,4,101-500,10000.0,1.0,0.0,1074.0,50.0,1.0,0.0,61.36,1.0,1,5.0,0.0,0.0,0.0,0.0,0.0,0.0,0.0,0.0
6949,1,1,2,0,0,0,1,101-500,10000.0,1.0,0.0,1074.0,50.0,1.0,0.0,17700.0,1.0,1,5.0,0.0,0.0,0.0,0.0,0.0,0.0,0.0,0.0
6950,0,1,1,0,0,0,999,1-25,100.0,1.0,0.0,1066.0,500000.0,0.0,1.0,24800.0,6.0,0,4.0,0.0,0.0,0.0,0.0,0.0,0.0,0.0,0.0
6951,1,1,2,0,0,0,1,1-25,100.0,1.0,0.0,1074.0,600.0,0.0,0.0,600.0,1.0,0,2.0,0.0,0.0,0.0,0.0,0.0,0.0,0.0,0.0
6952,1,1,2,0,0,0,1,1-25,100.0,1.0,0.0,1074.0,600.0,0.0,0.0,600.0,1.0,0,2.0,0.0,0.0,0.0,0.0,0.0,0.0,0.0,0.0
6953,1,1,2,0,0,0,10,1-25,100.0,1.0,0.0,1074.0,1800.0,0.0,0.0,3000.0,3.0,0,3.0,0.0,0.0,0.0,0.0,0.0,0.0,0.0,0.0
6954,1,1,2,0,0,0,10,1-25,100.0,1.0,0.0,1074.0,1800.0,0.0,0.0,3000.0,3.0,0,3.0,0.0,0.0,0.0,0.0,0.0,0.0,0.0,0.0
6955,1,1,2,0,0,0,10,1-25,100.0,1.0,0.0,1074.0,1800.0,0.0,0.0,3000.0,3.0,0,3.0,0.0,0.0,0.0,0.0,0.0,0.0,0.0,0.0
6956,1,1,2,0,0,0,10,1-25,10000.0,1.0,0.0,1074.0,250.0,1.0,0.0,64900.0,3.0,1,6.0,0.0,0.0,0.0,0.0,0.0,0.0,0.0,0.0
6957,1,1,2,0,0,0,1,1-25,10000.0,1.0,0.0,1074.0,50.0,1.0,0.0,17700.0,1.0,1,5.0,0.0,0.0,0.0,0.0,0.0,0.0,0.0,0.0
6958,1,1,2,0,0,0,1,1-25,100.0,1.0,0.0,1074.0,50.0,0.0,0.0,50.0,1.0,0,2.0,0.0,0.0,0.0,0.0,0.0,0.0,0.0,0.0
6959,1,1,2,0,0,0,1,26-100,100.0,1.0,0.0,1074.0,650.0,0.0,0.0,650.0,2.0,0,2.0,0.0,0.0,0.0,0.0,0.0,0.0,0.0,0.0
6960,1,1,1,0,0,0,1,26-100,10000.0,1.0,0.0,1073.0,98.0,1.0,0.0,32700.0,2.0,1,5.0,1.0,2.0,5.0,4.0,4.0,0.0,0.0,0.0
6961,1,1,2,0,0,0,1,1-25,100.0,1.0,0.0,1073.0,50.0,0.0,0.0,50.0,1.0,0,2.0,0.0,0.0,0.0,0.0,0.0,0.0,0.0,0.0
6962,1,1,2,0,0,0,1,1-25,100.0,1.0,0.0,1073.0,50.0,0.0,0.0,50.0,1.0,0,2.0,0.0,0.0,0.0,0.0,0.0,0.0,0.0,0.0
6963,1,1,1,0,0,0,999,1-25,100.0,1.0,0.0,1073.0,500000.0,0.0,1.0,100.0,1.0,0,4.0,0.0,0.0,0.0,0.0,0.0,0.0,0.0,0.0
6964,0,1,1,0,0,0,999,1-25,100.0,1.0,0.0,1068.0,500000.0,0.0,1.0,118872599.99,19.0,0,4.0,0.0,0.0,0.0,0.0,0.0,0.0,0.0,0.0
6965,1,1,1,0,0,0,10,26-100,10000.0,1.0,0.0,1073.0,300.0,1.0,0.0,88500.0,3.0,1,6.0,0.0,0.0,0.0,0.0,0.0,0.0,0.0,0.0
6966,1,1,2,0,0,0,10,1-25,10000.0,1.0,0.0,1073.0,250.0,1.0,0.0,64900.0,3.0,1,6.0,0.0,0.0,0.0,0.0,0.0,0.0,0.0,0.0
6968,1,1,1,0,0,0,10,1-25,10000.0,1.0,0.0,771.0,266.0,1.0,0.0,76700.0,3.0,1,6.0,42.0,8.0,379.0,110.0,114.0,0.0,0.0,0.0
6969,1,1,2,0,0,0,1,101-500,10000.0,1.0,0.0,1059.0,50.0,1.0,0.0,15000.0,1.0,1,5.0,1.0,0.0,4.0,0.0,0.0,0.0,0.0,0.0
6970,1,1,1,0,0,0,999,1-25,100.0,1.0,0.0,1073.0,500000.0,0.0,1.0,118849999.99,5.0,0,4.0,0.0,0.0,0.0,0.0,0.0,0.0,0.0,0.0
6971,1,1,2,0,0,0,1,1-25,10000.0,1.0,0.0,1073.0,250.0,1.0,0.0,35400.0,2.0,1,5.0,0.0,0.0,0.0,0.0,0.0,0.0,0.0,0.0
6972,1,1,1,0,0,0,10,1-25,100.0,1.0,0.0,1073.0,5400.0,0.0,0.0,6000.0,4.0,0,3.0,0.0,0.0,0.0,0.0,0.0,0.0,0.0,0.0
6973,1,1,1,0,0,0,1,101-500,100.0,1.0,0.0,1073.0,50.0,0.0,0.0,500.0,1.0,0,2.0,0.0,0.0,0.0,0.0,0.0,0.0,0.0,0.0
6974,1,1,1,0,0,0,1,1-25,100.0,1.0,0.0,1073.0,1250.0,0.0,0.0,1300.0,3.0,0,2.0,0.0,0.0,0.0,0.0,0.0,0.0,0.0,0.0
6975,1,1,1,0,0,0,10,26-100,100.0,1.0,0.0,1073.0,9075.0,0.0,0.0,9200.0,6.0,0,3.0,0.0,0.0,0.0,0.0,0.0,0.0,0.0,0.0
6977,1,1,1,0,0,0,999,101-500,100.0,1.0,0.0,1073.0,500000.0,0.0,1.0,50660.0,6.0,0,4.0,0.0,0.0,0.0,0.0,0.0,0.0,0.0,0.0
6980,1,1,2,0,0,0,1,1-25,10000.0,1.0,0.0,1073.0,50.0,1.0,0.0,17700.0,1.0,1,5.0,0.0,0.0,0.0,0.0,0.0,0.0,0.0,0.0
6981,1,1,2,0,0,0,999,1-25,10000.0,1.0,0.0,1073.0,500000.0,1.0,1.0,20000.0,2.0,1,7.0,0.0,0.0,0.0,0.0,0.0,0.0,0.0,0.0
6982,1,1,1,0,0,0,10,101-500,100.0,1.0,0.0,1073.0,3600.0,0.0,0.0,4200.0,3.0,0,3.0,0.0,0.0,0.0,0.0,0.0,0.0,0.0,0.0
6984,1,1,2,0,0,0,10,1-25,100.0,1.0,0.0,1073.0,250.0,0.0,0.0,180.0,1.0,0,3.0,0.0,0.0,0.0,0.0,0.0,0.0,0.0,0.0
6988,1,1,1,0,0,0,10,1-25,100.0,1.0,0.0,1073.0,3600.0,0.0,0.0,4200.0,3.0,0,3.0,0.0,0.0,0.0,0.0,0.0,0.0,0.0,0.0
6996,1,1,1,0,0,0,1,1-25,100.0,1.0,0.0,1072.0,3000.0,0.0,0.0,3000.0,5.0,0,2.0,0.0,0.0,0.0,0.0,0.0,0.0,0.0,0.0
6997,1,1,2,0,0,0,10,26-100,100.0,1.0,0.0,1072.0,1800.0,0.0,0.0,3050.0,4.0,0,3.0,0.0,0.0,0.0,0.0,0.0,0.0,0.0,0.0
6998,1,1,1,0,0,0,1,26-100,100.0,1.0,0.0,1040.0,1250.0,0.0,0.0,1250.0,3.0,0,2.0,0.0,0.0,0.0,0.0,0.0,0.0,0.0,0.0
7000,1,1,1,0,0,1,11,1-25,10000.0,1.0,0.0,1072.0,1189.0,1.0,0.0,336300.0,13.0,1,6.0,2.0,1.0,3.0,2.0,2.0,0.0,0.0,0.0
7001,1,1,1,0,0,0,10,101-500,100.0,1.0,0.0,1040.0,3750.0,0.0,0.0,3750.0,3.0,0,3.0,0.0,0.0,0.0,0.0,0.0,0.0,0.0,0.0
7002,1,1,1,0,0,0,999,500-1000,100.0,1.0,0.0,1072.0,500000.0,0.0,1.0,130000.0,2.0,0,4.0,0.0,0.0,0.0,0.0,0.0,0.0,0.0,0.0
7003,1,1,2,0,0,0,1,1-25,10000.0,1.0,0.0,1072.0,50.0,1.0,0.0,0.0,1.0,1,5.0,0.0,0.0,0.0,0.0,0.0,0.0,0.0,0.0
7004,1,1,2,0,0,0,1,1-25,100.0,1.0,0.0,1072.0,10.0,0.0,0.0,0.0,1.0,0,2.0,0.0,0.0,0.0,0.0,0.0,0.0,0.0,0.0
7005,1,1,2,0,0,0,10,26-100,100.0,1.0,0.0,1072.0,1800.0,0.0,0.0,3054.0,4.0,0,3.0,0.0,0.0,0.0,0.0,0.0,0.0,0.0,0.0
7007,1,1,1,0,0,0,10,1-25,10000.0,1.0,0.0,1072.0,450.0,1.0,0.0,59000.0,2.0,1,6.0,0.0,0.0,0.0,0.0,0.0,0.0,0.0,0.0
7008,1,1,2,0,0,0,999,26-100,10000.0,1.0,0.0,1072.0,500000.0,1.0,1.0,39500.0,2.0,1,6.0,0.0,0.0,0.0,0.0,0.0,0.0,0.0,0.0
7010,0,1,1,0,0,0,999,26-100,60.0,1.0,0.0,1072.0,500000.0,1.0,1.0,25000.0,2.0,1,7.0,0.0,0.0,0.0,0.0,0.0,0.0,0.0,0.0
7011,1,1,1,0,0,0,10,26-100,100.0,1.0,0.0,1072.0,2031.0,0.0,0.0,1949.0,2.0,0,3.0,0.0,0.0,0.0,0.0,0.0,0.0,0.0,0.0
7012,0,1,1,0,0,0,999,1-25,100.0,1.0,0.0,1059.0,500000.0,0.0,1.0,34950.0,10.0,0,4.0,0.0,0.0,0.0,0.0,0.0,0.0,0.0,0.0
7013,1,1,2,0,0,0,999,1-25,10000.0,1.0,0.0,1072.0,500000.0,1.0,1.0,29500.0,3.0,1,7.0,0.0,0.0,0.0,0.0,0.0,0.0,0.0,0.0
7014,1,1,2,0,0,0,999,1-25,100.0,1.0,0.0,1072.0,500000.0,0.0,1.0,10600.0,2.0,0,4.0,0.0,0.0,0.0,0.0,0.0,0.0,0.0,0.0
7015,1,1,1,0,0,0,10,101-500,100.0,1.0,0.0,1072.0,1950.0,0.0,0.0,1950.0,2.0,0,3.0,0.0,0.0,0.0,0.0,0.0,0.0,0.0,0.0
7016,1,1,2,0,0,0,1,26-100,100.0,1.0,0.0,1072.0,50.0,0.0,0.0,50.0,1.0,0,2.0,0.0,0.0,0.0,0.0,0.0,0.0,0.0,0.0
7017,1,1,2,0,0,0,1,26-100,100.0,1.0,0.0,1072.0,50.0,0.0,0.0,50.0,1.0,0,2.0,0.0,0.0,0.0,0.0,0.0,0.0,0.0,0.0
7018,1,1,1,0,0,0,1,26-100,100.0,1.0,0.0,1072.0,50.0,0.0,0.0,50.0,1.0,0,2.0,0.0,0.0,0.0,0.0,0.0,0.0,0.0,0.0
7019,1,1,1,0,0,0,10,More than 1000,100.0,1.0,0.0,1068.0,33022.0,0.0,0.0,38400.0,28.0,0,3.0,1.0,1.0,0.0,0.0,0.0,0.0,0.0,0.0
7020,1,1,2,0,0,0,10,26-100,10000.0,1.0,0.0,1068.0,410.0,1.0,0.0,138900.0,6.0,1,6.0,0.0,0.0,0.0,0.0,0.0,0.0,0.0,0.0
7023,1,1,2,0,0,0,999,101-500,10000.0,1.0,0.0,1038.0,500000.0,1.0,1.0,11800.0,1.0,1,7.0,0.0,0.0,0.0,0.0,0.0,0.0,0.0,0.0
7025,0,1,1,0,0,0,999,26-100,60.0,1.0,0.0,1038.0,500000.0,1.0,1.0,57200.0,3.0,1,7.0,0.0,0.0,0.0,0.0,0.0,0.0,0.0,0.0
7026,1,1,2,0,0,0,999,26-100,100.0,1.0,0.0,1071.0,500000.0,0.0,1.0,90000.0,1.0,0,4.0,0.0,0.0,0.0,0.0,0.0,0.0,0.0,0.0
7027,1,1,1,0,0,0,1,1-25,100.0,1.0,0.0,1071.0,1250.0,0.0,0.0,1250.0,3.0,0,2.0,0.0,0.0,0.0,0.0,0.0,0.0,0.0,0.0
7028,1,1,2,0,0,0,1,26-100,100.0,1.0,0.0,1071.0,50.0,0.0,0.0,10.0,1.0,0,2.0,0.0,0.0,0.0,0.0,0.0,0.0,0.0,0.0
7029,1,1,1,0,0,0,999,101-500,10000.0,1.0,0.0,1038.0,500000.0,1.0,1.0,28320.0,2.0,1,7.0,2.0,1.0,3.0,2.0,3.0,0.0,0.0,0.0
7030,1,1,1,0,0,0,999,26-100,100.0,1.0,0.0,1071.0,500000.0,0.0,1.0,30000.0,3.0,0,4.0,0.0,0.0,0.0,0.0,0.0,0.0,0.0,0.0
7031,1,1,1,0,0,0,999,101-500,100.0,1.0,0.0,1071.0,500000.0,0.0,1.0,20000.0,4.0,0,4.0,0.0,0.0,0.0,0.0,0.0,0.0,0.0,0.0
7032,1,1,1,0,0,1,11,500-1000,100.0,1.0,0.0,1071.0,15800.0,0.0,0.0,6600.0,5.0,0,3.0,0.0,0.0,0.0,0.0,0.0,0.0,0.0,0.0
7033,1,1,2,0,0,0,1,101-500,100.0,1.0,0.0,1071.0,650.0,0.0,0.0,650.0,2.0,0,2.0,0.0,0.0,0.0,0.0,0.0,0.0,0.0,0.0
7035,1,1,1,0,0,0,1,101-500,100.0,1.0,0.0,1067.0,650.0,0.0,0.0,650.0,2.0,0,2.0,0.0,0.0,0.0,0.0,0.0,0.0,0.0,0.0
7036,1,1,2,0,0,0,10,1-25,100.0,1.0,0.0,1071.0,1800.0,0.0,0.0,3600.0,4.0,0,3.0,0.0,0.0,0.0,0.0,0.0,0.0,0.0,0.0
7038,0,1,1,0,0,0,999,101-500,100.0,1.0,0.0,1071.0,500000.0,0.0,1.0,11200.0,3.0,0,4.0,0.0,0.0,0.0,0.0,0.0,0.0,0.0,0.0
7040,1,1,2,0,0,0,10,101-500,100.0,1.0,0.0,1071.0,1800.0,0.0,0.0,2450.0,3.0,0,3.0,0.0,0.0,0.0,0.0,0.0,0.0,0.0,0.0
7042,1,1,1,0,0,0,1,1-25,100.0,1.0,0.0,1071.0,1800.0,0.0,0.0,1800.0,3.0,0,2.0,0.0,0.0,0.0,0.0,0.0,0.0,0.0,0.0
7043,1,1,1,0,0,0,10,500-1000,100.0,1.0,0.0,1071.0,3600.0,0.0,0.0,3600.0,2.0,0,3.0,0.0,0.0,0.0,0.0,0.0,0.0,0.0,0.0
7044,1,1,2,0,0,0,10,101-500,100.0,1.0,0.0,1071.0,3950.0,0.0,0.0,1850.0,2.0,0,3.0,0.0,0.0,0.0,0.0,0.0,0.0,0.0,0.0
7046,1,1,1,0,0,0,999,101-500,100.0,1.0,0.0,1071.0,500000.0,0.0,1.0,1600.0,2.0,0,4.0,0.0,0.0,0.0,0.0,0.0,0.0,0.0,0.0
7048,1,1,2,0,0,0,1,1-25,100.0,1.0,0.0,1071.0,600.0,0.0,0.0,600.0,1.0,0,2.0,1.0,1.0,1.0,1.0,1.0,0.0,0.0,0.0
7049,1,1,1,0,0,0,10,101-500,100.0,1.0,0.0,1071.0,1950.0,0.0,0.0,1950.0,2.0,0,3.0,0.0,0.0,0.0,0.0,0.0,0.0,0.0,0.0
7050,1,1,2,0,0,0,10,1-25,100.0,1.0,0.0,1071.0,1800.0,0.0,0.0,1800.0,1.0,0,3.0,0.0,0.0,0.0,0.0,0.0,0.0,0.0,0.0
7052,1,1,1,0,0,0,999,101-500,100.0,1.0,0.0,1071.0,500000.0,0.0,1.0,20000.0,2.0,0,4.0,0.0,0.0,0.0,0.0,0.0,0.0,0.0,0.0
7054,1,1,2,0,0,1,4,1-25,100.0,1.0,0.0,1071.0,1000.0,0.0,0.0,600.0,1.0,0,2.0,0.0,0.0,0.0,0.0,0.0,0.0,0.0,0.0
7055,1,1,2,0,0,0,10,1-25,100.0,1.0,0.0,1071.0,1800.0,0.0,0.0,1800.0,1.0,0,3.0,1.0,1.0,1.0,1.0,1.0,0.0,0.0,0.0
7056,1,1,2,0,0,0,10,101-500,100.0,1.0,0.0,1071.0,1800.0,0.0,0.0,3000.0,3.0,0,3.0,0.0,0.0,0.0,0.0,0.0,0.0,0.0,0.0
7058,1,1,2,0,0,0,1,26-100,10000.0,1.0,0.0,1071.0,50.0,1.0,0.0,17700.0,1.0,1,5.0,0.0,0.0,0.0,0.0,0.0,0.0,0.0,0.0
7059,1,1,2,0,0,0,10,1-25,10000.0,1.0,0.0,1071.0,200.0,1.0,0.0,47200.0,2.0,1,6.0,0.0,0.0,0.0,0.0,0.0,0.0,0.0,0.0
7060,1,1,2,0,0,0,1,26-100,100.0,1.0,0.0,1071.0,600.0,0.0,0.0,600.0,1.0,0,2.0,0.0,0.0,0.0,0.0,0.0,0.0,0.0,0.0
7061,1,1,1,0,0,0,1,1-25,100.0,1.0,0.0,1071.0,3000.0,0.0,0.0,3000.0,5.0,0,2.0,0.0,0.0,0.0,0.0,0.0,0.0,0.0,0.0
7062,1,1,2,0,0,0,1,1-25,100.0,1.0,0.0,1071.0,750.0,0.0,0.0,600.0,1.0,0,2.0,0.0,0.0,0.0,0.0,0.0,0.0,0.0,0.0
7063,1,1,2,0,0,0,10,1-25,100.0,1.0,0.0,1071.0,1800.0,0.0,0.0,3050.0,4.0,0,3.0,0.0,0.0,0.0,0.0,0.0,0.0,0.0,0.0
7064,1,1,1,0,0,0,999,1-25,10000.0,1.0,0.0,1068.0,500000.0,1.0,1.0,47700.0,4.0,1,7.0,0.0,0.0,0.0,0.0,0.0,0.0,0.0,0.0
7065,1,1,1,0,0,1,12,26-100,100.0,1.0,0.0,1068.0,3600.0,0.0,0.0,6050.0,7.0,0,3.0,0.0,0.0,0.0,0.0,0.0,0.0,0.0,0.0
7066,0,1,1,0,0,0,999,101-500,100.0,1.0,0.0,1067.0,500000.0,0.0,1.0,69250.0,7.0,0,4.0,0.0,0.0,0.0,0.0,0.0,0.0,0.0,0.0
7067,1,1,2,0,0,0,10,500-1000,100.0,1.0,0.0,1067.0,200.0,0.0,0.0,1150.0,2.0,0,3.0,0.0,0.0,0.0,0.0,0.0,0.0,0.0,0.0
7068,1,1,1,0,0,0,999,101-500,100.0,1.0,0.0,1068.0,500000.0,0.0,1.0,11000.0,2.0,0,4.0,0.0,0.0,0.0,0.0,0.0,0.0,0.0,0.0
7069,1,1,1,0,0,0,1,26-100,10000.0,1.0,0.0,1068.0,50.0,1.0,0.0,17700.0,1.0,1,5.0,0.0,0.0,0.0,0.0,0.0,0.0,0.0,0.0
7070,1,1,1,0,0,0,10,101-500,10000.0,1.0,0.0,1068.0,150.0,1.0,0.0,25000.0,1.0,1,6.0,0.0,0.0,0.0,0.0,0.0,0.0,0.0,0.0
7071,1,1,1,0,0,0,999,26-100,10000.0,1.0,0.0,1068.0,500000.0,1.0,1.0,10000.0,1.0,1,7.0,0.0,0.0,0.0,0.0,0.0,0.0,0.0,0.0
7073,1,1,2,0,0,0,1,26-100,10000.0,1.0,0.0,1068.0,50.0,1.0,0.0,17700.0,1.0,1,5.0,0.0,0.0,0.0,0.0,0.0,0.0,0.0,0.0
7074,1,1,1,0,0,0,999,101-500,100.0,1.0,0.0,1067.0,500000.0,0.0,1.0,87000.0,10.0,0,4.0,0.0,0.0,0.0,0.0,0.0,0.0,0.0,0.0
7076,0,1,1,0,0,0,999,1-25,10000.0,1.0,0.0,1068.0,500000.0,1.0,1.0,49500.0,3.0,1,7.0,0.0,0.0,0.0,0.0,0.0,0.0,0.0,0.0
7077,0,1,1,0,0,1,999,26-100,100.0,1.0,0.0,1067.0,500000.0,0.0,1.0,26000.0,17.0,0,4.0,0.0,0.0,0.0,0.0,0.0,0.0,0.0,0.0
7078,1,1,2,0,0,0,1,500-1000,10000.0,1.0,0.0,1068.0,50.0,1.0,0.0,17700.0,1.0,1,5.0,0.0,0.0,0.0,0.0,0.0,0.0,0.0,0.0
7080,1,1,2,0,0,0,10,1-25,100.0,1.0,0.0,1068.0,1800.0,0.0,0.0,2400.0,2.0,0,3.0,0.0,0.0,0.0,0.0,0.0,0.0,0.0,0.0
7082,1,1,2,0,0,0,1,1-25,10000.0,1.0,0.0,1068.0,50.0,1.0,0.0,17700.0,1.0,1,5.0,0.0,0.0,0.0,0.0,0.0,0.0,0.0,0.0
7083,0,1,2,0,0,0,999,1-25,60.0,1.0,0.0,1044.0,500000.0,1.0,1.0,219300.0,10.0,1,7.0,2.0,0.0,8.0,2.0,2.0,0.0,0.0,0.0
7084,1,1,2,0,0,0,10,101-500,100.0,1.0,0.0,1068.0,150.0,0.0,0.0,150.0,1.0,0,3.0,0.0,0.0,0.0,0.0,0.0,0.0,0.0,0.0
7085,1,1,1,0,0,1,11,101-500,100.0,1.0,0.0,1068.0,3953.0,0.0,0.0,3750.0,3.0,0,3.0,0.0,0.0,0.0,0.0,0.0,0.0,0.0,0.0
7086,1,1,1,0,0,1,21,1-25,100.0,1.0,0.0,1068.0,6230.0,0.0,0.0,9200.0,6.0,0,3.0,0.0,0.0,0.0,0.0,0.0,0.0,0.0,0.0
7087,1,1,1,0,0,0,999,26-100,100.0,1.0,0.0,1068.0,500000.0,0.0,1.0,30000.0,3.0,0,4.0,0.0,0.0,0.0,0.0,0.0,0.0,0.0,0.0
7088,1,1,2,0,0,0,10,1-25,10000.0,1.0,0.0,1068.0,150.0,1.0,0.0,29500.0,1.0,1,6.0,0.0,0.0,0.0,0.0,0.0,0.0,0.0,0.0
7089,1,1,2,0,0,0,10,101-500,100.0,1.0,0.0,1068.0,1800.0,0.0,0.0,3000.0,3.0,0,3.0,0.0,0.0,0.0,0.0,0.0,0.0,0.0,0.0
7091,1,1,2,0,0,0,10,500-1000,10000.0,1.0,0.0,1068.0,320.0,1.0,0.0,64900.0,3.0,1,6.0,0.0,0.0,0.0,0.0,0.0,0.0,0.0,0.0
7092,1,1,2,0,0,0,999,101-500,100.0,1.0,0.0,1068.0,500000.0,0.0,1.0,1000.0,1.0,0,4.0,0.0,0.0,0.0,0.0,0.0,0.0,0.0,0.0
7093,1,1,2,0,0,0,10,1-25,100.0,1.0,0.0,1068.0,1800.0,0.0,0.0,2400.0,2.0,0,3.0,0.0,0.0,0.0,0.0,0.0,0.0,0.0,0.0
7095,0,1,2,0,0,0,10,101-500,10000.0,1.0,0.0,1068.0,400.0,1.0,0.0,47200.0,2.0,1,6.0,0.0,0.0,0.0,0.0,0.0,0.0,0.0,0.0
7097,0,1,1,0,0,0,999,26-100,100.0,1.0,0.0,1067.0,500000.0,0.0,1.0,164000.0,20.0,0,4.0,0.0,0.0,0.0,0.0,0.0,0.0,0.0,0.0
7098,1,1,2,0,0,1,10,101-500,100.0,1.0,0.0,1067.0,1800.0,0.0,0.0,13935733.0,3.0,0,3.0,0.0,0.0,0.0,0.0,0.0,0.0,0.0,0.0
7099,1,1,1,0,0,0,10,1-25,60.0,1.0,0.0,814.0,150.0,1.0,0.0,199400.0,10.0,1,7.0,2.0,3.0,23.0,12.0,17.0,0.0,0.0,0.0
7102,1,1,1,0,0,1,12,26-100,100.0,1.0,0.0,1067.0,12004.0,0.0,0.0,10950.0,7.0,0,3.0,0.0,0.0,0.0,0.0,0.0,0.0,0.0,0.0
7103,1,1,2,0,0,0,1,1-25,100.0,1.0,0.0,1067.0,710.0,0.0,0.0,600.0,1.0,0,2.0,0.0,0.0,0.0,0.0,0.0,0.0,0.0,0.0
7106,1,1,2,0,0,0,1,1-25,10000.0,1.0,0.0,1038.0,38.0,1.0,0.0,17700.0,1.0,1,5.0,4.0,3.0,20.0,6.0,12.0,0.0,0.0,0.0
7107,0,1,1,0,0,0,999,26-100,100.0,1.0,0.0,1066.0,500000.0,0.0,1.0,65000.0,7.0,0,4.0,0.0,0.0,0.0,0.0,0.0,0.0,0.0,0.0
7108,0,1,1,0,0,0,999,1-25,10000.0,1.0,0.0,1066.0,500000.0,1.0,1.0,265619.2,24.0,1,7.0,0.0,0.0,0.0,0.0,0.0,0.0,0.0,0.0
7109,1,1,2,0,0,0,10,More than 1000,100.0,1.0,0.0,1067.0,1800.0,0.0,0.0,3000.0,3.0,0,3.0,0.0,0.0,0.0,0.0,0.0,0.0,0.0,0.0
7110,1,1,1,0,0,0,10,1-25,10000.0,1.0,0.0,1067.0,880.0,1.0,0.0,129800.0,6.0,1,6.0,0.0,0.0,0.0,0.0,0.0,0.0,0.0,0.0
7111,0,1,1,0,0,0,10,More than 1000,100.0,1.0,0.0,1067.0,2100.0,0.0,0.0,2100.0,2.0,0,3.0,0.0,0.0,0.0,0.0,0.0,0.0,0.0,0.0
7112,0,1,1,0,0,0,10,1-25,100.0,1.0,0.0,1067.0,2100.0,0.0,0.0,2100.0,2.0,0,3.0,0.0,0.0,0.0,0.0,0.0,0.0,0.0,0.0
7113,1,1,2,0,0,0,10,More than 1000,100.0,1.0,0.0,1067.0,2122.0,0.0,0.0,4800.0,4.0,0,3.0,0.0,0.0,0.0,0.0,0.0,0.0,0.0,0.0
7114,1,1,1,0,0,0,999,101-500,10000.0,1.0,0.0,1067.0,500000.0,1.0,1.0,20000.0,2.0,1,7.0,0.0,0.0,0.0,0.0,0.0,0.0,0.0,0.0
7116,1,1,1,0,0,0,10,26-100,10000.0,1.0,0.0,1067.0,300.0,1.0,0.0,54500.0,2.0,1,6.0,0.0,0.0,0.0,0.0,0.0,0.0,0.0,0.0
7117,1,1,1,0,0,0,1,101-500,10000.0,1.0,0.0,1067.0,100.0,1.0,0.0,32700.0,2.0,1,5.0,0.0,0.0,0.0,0.0,0.0,0.0,0.0,0.0
7118,1,1,2,0,0,0,10,500-1000,100.0,1.0,0.0,1067.0,1800.0,0.0,0.0,3000.0,3.0,0,3.0,0.0,0.0,0.0,0.0,0.0,0.0,0.0,0.0
7119,1,1,2,0,0,0,1,1-25,10000.0,1.0,0.0,1067.0,50.0,1.0,0.0,17700.0,1.0,1,5.0,0.0,0.0,0.0,0.0,0.0,0.0,0.0,0.0
7120,1,1,2,0,0,0,10,1-25,10000.0,1.0,0.0,1067.0,490.0,1.0,0.0,82600.0,4.0,1,6.0,0.0,0.0,0.0,0.0,0.0,0.0,0.0,0.0
7121,1,1,2,0,0,0,10,1-25,10000.0,1.0,0.0,1067.0,150.0,1.0,0.0,29500.0,1.0,1,6.0,1.0,1.0,1.0,0.0,0.0,0.0,0.0,0.0
7122,1,1,2,0,0,0,999,101-500,10000.0,1.0,0.0,1067.0,500000.0,1.0,1.0,10000.0,1.0,1,7.0,0.0,0.0,0.0,0.0,0.0,0.0,0.0,0.0
7123,0,1,1,0,0,0,10,101-500,100.0,1.0,0.0,1067.0,400.0,0.0,0.0,200.0,2.0,0,3.0,0.0,0.0,0.0,0.0,0.0,0.0,0.0,0.0
7124,0,1,1,0,0,0,10,101-500,60.0,1.0,0.0,1067.0,300.0,1.0,0.0,40000.0,2.0,1,6.0,0.0,0.0,0.0,0.0,0.0,0.0,0.0,0.0
7125,1,1,2,0,0,0,1,1-25,10000.0,1.0,0.0,1067.0,50.0,1.0,0.0,15000.0,1.0,1,5.0,0.0,0.0,0.0,0.0,0.0,0.0,0.0,0.0
7126,1,1,2,0,0,0,10,26-100,10000.0,1.0,0.0,1067.0,150.0,1.0,0.0,25000.0,1.0,1,6.0,0.0,0.0,0.0,0.0,0.0,0.0,0.0,0.0
7127,1,1,2,0,0,0,999,26-100,10000.0,1.0,0.0,1067.0,500000.0,1.0,1.0,10000.0,1.0,1,7.0,0.0,0.0,0.0,0.0,0.0,0.0,0.0,0.0
7128,1,1,2,0,0,0,10,26-100,10000.0,1.0,0.0,1067.0,250.0,1.0,0.0,48716.0,3.0,1,6.0,0.0,0.0,0.0,0.0,0.0,0.0,0.0,0.0
7129,0,1,1,0,0,0,10,101-500,100.0,1.0,0.0,1067.0,200.0,0.0,0.0,200.0,2.0,0,3.0,0.0,0.0,0.0,0.0,0.0,0.0,0.0,0.0
7130,1,1,2,0,0,0,999,26-100,10000.0,1.0,0.0,1067.0,500000.0,1.0,1.0,15000.0,1.0,1,7.0,0.0,0.0,0.0,0.0,0.0,0.0,0.0,0.0
7131,1,1,2,0,0,0,999,1-25,10000.0,1.0,0.0,1067.0,500000.0,1.0,1.0,10000.0,1.0,1,7.0,0.0,0.0,0.0,0.0,0.0,0.0,0.0,0.0
7133,1,1,2,0,0,0,10,1-25,10000.0,1.0,0.0,1067.0,200.0,1.0,0.0,47200.0,2.0,1,6.0,0.0,0.0,0.0,0.0,0.0,0.0,0.0,0.0
7134,1,1,2,0,0,0,10,1-25,10000.0,1.0,0.0,1067.0,150.0,1.0,0.0,29500.0,1.0,1,6.0,0.0,0.0,0.0,0.0,0.0,0.0,0.0,0.0
7135,1,1,2,0,0,0,999,101-500,10000.0,1.0,0.0,1067.0,500000.0,1.0,1.0,685.0,1.0,1,7.0,0.0,0.0,0.0,0.0,0.0,0.0,0.0,0.0
7136,1,1,2,0,0,0,999,26-100,10000.0,1.0,0.0,1067.0,500000.0,1.0,1.0,10000.0,1.0,1,7.0,0.0,0.0,0.0,0.0,0.0,0.0,0.0,0.0
7137,1,1,1,0,0,0,10,1-25,100.0,1.0,0.0,1066.0,3860.0,0.0,0.0,4800.0,4.0,0,3.0,0.0,0.0,0.0,0.0,0.0,0.0,0.0,0.0
7140,0,1,1,0,0,0,10,26-100,100.0,1.0,0.0,1067.0,800.0,0.0,0.0,2150.0,5.0,0,3.0,0.0,0.0,0.0,0.0,0.0,0.0,0.0,0.0
7141,0,1,1,0,0,0,1,101-500,10000.0,1.0,0.0,1066.0,650.0,1.0,0.0,18136.0,3.0,1,5.0,0.0,0.0,0.0,0.0,0.0,0.0,0.0,0.0
7142,0,1,1,0,0,0,1,101-500,100.0,1.0,0.0,1066.0,4430.0,0.0,0.0,1600.0,4.0,0,2.0,0.0,0.0,0.0,0.0,0.0,0.0,0.0,0.0
7143,0,1,1,0,0,0,10,101-500,100.0,1.0,0.0,1066.0,4500.0,0.0,0.0,6200.0,7.0,0,3.0,0.0,0.0,0.0,0.0,0.0,0.0,0.0,0.0
7144,1,1,1,0,0,1,11,1-25,100.0,1.0,0.0,1066.0,3600.0,0.0,0.0,4800.0,4.0,0,3.0,0.0,0.0,0.0,0.0,0.0,0.0,0.0,0.0
7145,1,1,1,0,0,0,999,101-500,100.0,1.0,0.0,1066.0,500000.0,0.0,1.0,10000.0,1.0,0,4.0,0.0,0.0,0.0,0.0,0.0,0.0,0.0,0.0
7146,0,1,2,0,0,0,10,101-500,10000.0,1.0,0.0,1066.0,920.0,1.0,0.0,65100.0,4.0,1,6.0,0.0,0.0,0.0,0.0,0.0,0.0,0.0,0.0
7148,1,1,1,0,0,0,1,1-25,10000.0,1.0,0.0,1066.0,100.0,1.0,0.0,17900.0,2.0,1,5.0,0.0,0.0,0.0,0.0,0.0,0.0,0.0,0.0
7149,1,1,2,0,0,0,1,1-25,100.0,1.0,0.0,1066.0,600.0,0.0,0.0,600.0,1.0,0,2.0,0.0,0.0,0.0,0.0,0.0,0.0,0.0,0.0
7150,0,1,2,0,0,0,999,1-25,100.0,1.0,0.0,1066.0,500000.0,0.0,1.0,14200.0,6.0,0,4.0,0.0,0.0,0.0,0.0,0.0,0.0,0.0,0.0
7151,1,1,1,0,1,0,999,26-100,60.0,1.0,0.0,60.0,500000.0,1.0,1.0,39500.0,2.0,1,7.0,55.0,120.0,2262.0,1222.0,1069.0,150.0,0.0,0.0
7152,1,1,2,0,0,0,999,26-100,10000.0,1.0,0.0,1066.0,500000.0,1.0,1.0,10000.0,1.0,1,7.0,0.0,0.0,0.0,0.0,0.0,0.0,0.0,0.0
7153,0,1,1,0,0,0,999,26-100,60.0,1.0,0.0,1066.0,500000.0,1.0,1.0,77700.0,4.0,1,7.0,0.0,0.0,0.0,0.0,0.0,0.0,0.0,0.0
7154,1,1,1,0,0,0,999,26-100,10000.0,1.0,0.0,1066.0,500000.0,1.0,1.0,20000.0,2.0,1,7.0,0.0,0.0,0.0,0.0,0.0,0.0,0.0,0.0
7155,1,1,2,0,0,0,1,1-25,10000.0,1.0,0.0,1066.0,50.0,1.0,0.0,17700.0,1.0,1,5.0,0.0,0.0,0.0,0.0,0.0,0.0,0.0,0.0
7156,1,1,1,0,0,0,999,26-100,100.0,1.0,0.0,1066.0,500000.0,0.0,1.0,20000.0,2.0,0,4.0,0.0,0.0,0.0,0.0,0.0,0.0,0.0,0.0
7158,1,1,2,0,0,0,1,1-25,100.0,1.0,0.0,1066.0,600.0,0.0,0.0,600.0,1.0,0,2.0,0.0,0.0,0.0,0.0,0.0,0.0,0.0,0.0
7159,1,1,2,0,0,0,999,1-25,10000.0,1.0,0.0,1066.0,500000.0,1.0,1.0,10000.0,1.0,1,7.0,0.0,0.0,0.0,0.0,0.0,0.0,0.0,0.0
7160,1,1,1,0,0,0,10,101-500,10000.0,1.0,0.0,1066.0,350.0,1.0,0.0,76700.0,3.0,1,6.0,0.0,0.0,0.0,0.0,0.0,0.0,0.0,0.0
7161,1,1,2,0,0,0,10,26-100,100.0,1.0,0.0,1066.0,2122.0,0.0,0.0,3600.0,4.0,0,3.0,0.0,0.0,0.0,0.0,0.0,0.0,0.0,0.0
7162,1,1,2,0,0,0,1,1-25,10000.0,1.0,0.0,1066.0,50.0,1.0,0.0,17700.0,1.0,1,5.0,0.0,0.0,0.0,0.0,0.0,0.0,0.0,0.0
7163,1,1,2,0,0,0,1,1-25,10000.0,1.0,0.0,1066.0,50.0,1.0,0.0,17700.0,1.0,1,5.0,0.0,0.0,0.0,0.0,0.0,0.0,0.0,0.0
7164,0,1,1,0,0,1,10,26-100,100.0,1.0,0.0,1066.0,1950.0,0.0,0.0,4550.0,5.0,0,3.0,0.0,0.0,0.0,0.0,0.0,0.0,0.0,0.0
7165,1,1,2,0,0,0,1,1-25,10000.0,1.0,0.0,1066.0,50.0,1.0,0.0,17700.0,1.0,1,5.0,0.0,0.0,0.0,0.0,0.0,0.0,0.0,0.0
7166,1,1,2,0,0,0,10,1-25,100.0,1.0,0.0,1066.0,1800.0,0.0,0.0,1800.0,1.0,0,3.0,0.0,0.0,0.0,0.0,0.0,0.0,0.0,0.0
7167,1,1,2,0,0,0,1,1-25,10000.0,1.0,0.0,1066.0,50.0,1.0,0.0,17700.0,1.0,1,5.0,0.0,0.0,0.0,0.0,0.0,0.0,0.0,0.0
7168,1,1,2,0,0,0,1,1-25,100.0,1.0,0.0,1066.0,600.0,0.0,0.0,600.0,1.0,0,2.0,0.0,0.0,0.0,0.0,0.0,0.0,0.0,0.0
7169,1,1,1,0,0,0,10,1-25,10000.0,1.0,0.0,1066.0,300.0,1.0,0.0,59000.0,2.0,1,6.0,0.0,0.0,0.0,0.0,0.0,0.0,0.0,0.0
7170,1,1,1,0,0,1,10,1-25,10000.0,1.0,0.0,1029.0,520.0,1.0,0.0,47200.0,2.0,1,6.0,1.0,0.0,1.0,1.0,1.0,0.0,0.0,0.0
7171,1,1,2,0,0,0,10,1-25,10000.0,1.0,0.0,1066.0,520.0,1.0,0.0,64900.0,3.0,1,6.0,0.0,0.0,0.0,0.0,0.0,0.0,0.0,0.0
7172,1,1,2,0,0,0,10,1-25,10000.0,1.0,0.0,1066.0,150.0,1.0,0.0,29500.0,1.0,1,6.0,0.0,0.0,0.0,0.0,0.0,0.0,0.0,0.0
7174,1,1,1,0,0,0,10,1-25,100.0,1.0,0.0,1066.0,3600.0,0.0,0.0,4800.0,4.0,0,3.0,0.0,0.0,0.0,0.0,0.0,0.0,0.0,0.0
7175,1,1,2,0,0,0,10,1-25,100.0,1.0,0.0,1066.0,1800.0,0.0,0.0,1800.0,1.0,0,3.0,0.0,0.0,0.0,0.0,0.0,0.0,0.0,0.0
7176,1,1,1,0,0,0,1,1-25,100.0,1.0,0.0,1066.0,5565.0,0.0,0.0,1200.0,2.0,0,2.0,0.0,0.0,0.0,0.0,0.0,0.0,0.0,0.0
7177,1,1,2,0,0,0,10,1-25,10000.0,1.0,0.0,1053.0,150.0,1.0,0.0,29500.0,1.0,1,6.0,2.0,6.0,7.0,1.0,2.0,0.0,0.0,0.0
7178,1,1,2,0,0,0,1,1-25,100.0,1.0,0.0,1066.0,600.0,0.0,0.0,600.0,1.0,0,2.0,0.0,0.0,0.0,0.0,0.0,0.0,0.0,0.0
7179,1,1,2,0,0,0,10,1-25,100.0,1.0,0.0,1066.0,1800.0,0.0,0.0,1800.0,1.0,0,3.0,0.0,0.0,0.0,0.0,0.0,0.0,0.0,0.0
7180,1,1,2,0,0,0,10,1-25,10000.0,1.0,0.0,1066.0,340.0,1.0,0.0,64900.0,3.0,1,6.0,0.0,0.0,0.0,0.0,0.0,0.0,0.0,0.0
7181,1,1,2,0,0,0,1,1-25,100.0,1.0,0.0,1066.0,600.0,0.0,0.0,600.0,1.0,0,2.0,0.0,0.0,0.0,0.0,0.0,0.0,0.0,0.0
7182,0,1,2,0,0,0,10,1-25,10000.0,1.0,0.0,1066.0,580.0,1.0,0.0,82600.0,4.0,1,6.0,0.0,0.0,0.0,0.0,0.0,0.0,0.0,0.0
7183,1,1,1,0,0,0,1,1-25,100.0,2.0,0.0,1065.0,1400.0,0.0,0.0,1200.0,2.0,0,2.0,0.0,0.0,0.0,0.0,0.0,0.0,0.0,0.0
7184,1,1,2,0,0,0,1,1-25,100.0,2.0,0.0,1065.0,600.0,0.0,0.0,600.0,1.0,0,2.0,0.0,0.0,0.0,0.0,0.0,0.0,0.0,0.0
7185,1,1,2,0,0,0,10,1-25,10000.0,1.0,0.0,1066.0,200.0,1.0,0.0,47200.0,2.0,1,6.0,0.0,0.0,0.0,0.0,0.0,0.0,0.0,0.0
7186,1,1,1,0,0,0,10,101-500,100.0,1.0,0.0,1065.0,6000.0,0.0,0.0,6200.0,5.0,0,3.0,0.0,0.0,0.0,0.0,0.0,0.0,0.0,0.0
7187,1,1,2,0,0,1,999,1-25,10000.0,1.0,0.0,1065.0,500000.0,1.0,1.0,69000.0,3.0,1,7.0,0.0,0.0,0.0,0.0,0.0,0.0,0.0,0.0
7189,1,1,1,0,0,1,2,1-25,10000.0,1.0,0.0,1065.0,500220.0,1.0,0.0,53100.0,3.0,1,5.0,0.0,0.0,0.0,0.0,0.0,0.0,0.0,0.0
7190,1,1,2,0,0,0,1,1-25,10000.0,1.0,0.0,1065.0,50.0,1.0,0.0,17700.0,1.0,1,5.0,0.0,0.0,0.0,0.0,0.0,0.0,0.0,0.0
7191,0,1,1,0,0,0,10,1-25,100.0,1.0,0.0,1065.0,6010.0,0.0,0.0,7200.0,6.0,0,3.0,0.0,0.0,0.0,0.0,0.0,0.0,0.0,0.0
7192,1,1,2,0,0,0,10,1-25,10000.0,1.0,0.0,1065.0,150.0,1.0,0.0,0.0,1.0,1,6.0,0.0,0.0,0.0,0.0,0.0,0.0,0.0,0.0
7193,1,1,2,0,0,1,11,1-25,10000.0,1.0,0.0,1065.0,390.0,1.0,0.0,64900.0,3.0,1,6.0,0.0,0.0,0.0,0.0,0.0,0.0,0.0,0.0
7194,1,1,2,0,0,0,1,1-25,100.0,1.0,0.0,1065.0,50.0,0.0,0.0,0.0,1.0,0,2.0,0.0,0.0,0.0,0.0,0.0,0.0,0.0,0.0
7195,1,1,2,0,0,0,999,26-100,10000.0,1.0,0.0,1065.0,500000.0,1.0,1.0,10000.0,1.0,1,7.0,0.0,0.0,0.0,0.0,0.0,0.0,0.0,0.0
7196,1,1,2,0,0,0,1,26-100,10000.0,1.0,0.0,1065.0,50.0,1.0,0.0,15000.0,1.0,1,5.0,0.0,0.0,0.0,0.0,0.0,0.0,0.0,0.0
7197,1,1,2,0,0,0,999,1-25,10000.0,1.0,0.0,1065.0,500000.0,1.0,1.0,10000.0,1.0,1,7.0,0.0,0.0,0.0,0.0,0.0,0.0,0.0,0.0
7198,0,1,1,0,0,0,1,26-100,100.0,1.0,0.0,1065.0,50.0,0.0,0.0,40050.0,5.0,0,4.0,0.0,0.0,0.0,0.0,0.0,0.0,0.0,0.0
7199,1,1,2,0,0,0,999,26-100,10000.0,1.0,0.0,1065.0,500000.0,1.0,1.0,60000.0,1.0,1,7.0,0.0,0.0,0.0,0.0,0.0,0.0,0.0,0.0
7202,1,1,2,0,0,1,3,More than 1000,10000.0,1.0,0.0,1065.0,350.0,1.0,0.0,15000.0,1.0,1,5.0,0.0,0.0,0.0,0.0,0.0,0.0,0.0,0.0
7203,1,1,2,0,0,0,10,1-25,10000.0,1.0,0.0,1065.0,220.0,1.0,0.0,29500.0,1.0,1,6.0,0.0,0.0,0.0,0.0,0.0,0.0,0.0,0.0
7208,1,1,1,0,0,0,10,1-25,10000.0,1.0,0.0,1065.0,600.0,1.0,0.0,141600.0,6.0,1,6.0,0.0,0.0,0.0,0.0,0.0,0.0,0.0,0.0
7209,1,1,2,0,0,0,10,1-25,10000.0,1.0,0.0,1065.0,150.0,1.0,0.0,29500.0,1.0,1,6.0,0.0,0.0,0.0,0.0,0.0,0.0,0.0,0.0
7210,1,1,1,0,0,0,10,1-25,10000.0,1.0,0.0,1065.0,300.0,1.0,0.0,59000.0,2.0,1,6.0,0.0,0.0,0.0,0.0,0.0,0.0,0.0,0.0
7211,1,1,2,0,0,0,10,101-500,10000.0,1.0,0.0,1065.0,150.0,1.0,0.0,54500.0,2.0,1,6.0,0.0,0.0,0.0,0.0,0.0,0.0,0.0,0.0
7212,1,1,2,0,0,0,1,1-25,100.0,1.0,0.0,1065.0,20.0,0.0,0.0,0.0,1.0,0,2.0,0.0,0.0,0.0,0.0,0.0,0.0,0.0,0.0
7213,1,1,1,0,0,0,1,1-25,10000.0,1.0,0.0,1065.0,50.0,1.0,0.0,15000.0,1.0,1,5.0,0.0,0.0,0.0,0.0,0.0,0.0,0.0,0.0
7214,1,1,2,0,0,0,10,26-100,10000.0,1.0,0.0,1065.0,150.0,1.0,0.0,25000.0,1.0,1,6.0,0.0,0.0,0.0,0.0,0.0,0.0,0.0,0.0
7215,1,1,1,0,0,0,10,101-500,10000.0,1.0,0.0,1065.0,400.0,1.0,0.0,91700.0,4.0,1,6.0,0.0,0.0,0.0,0.0,0.0,0.0,0.0,0.0
7216,1,1,2,0,0,0,10,1-25,100.0,1.0,0.0,1065.0,2010.0,0.0,0.0,3600.0,4.0,0,3.0,0.0,0.0,0.0,0.0,0.0,0.0,0.0,0.0
7217,1,1,2,0,0,0,999,101-500,10000.0,1.0,0.0,1065.0,500000.0,1.0,1.0,10000.0,1.0,1,7.0,0.0,0.0,0.0,0.0,0.0,0.0,0.0,0.0
7219,1,1,1,0,0,0,999,26-100,10000.0,1.0,0.0,1065.0,500000.0,1.0,1.0,10000.0,1.0,1,7.0,0.0,0.0,0.0,0.0,0.0,0.0,0.0,0.0
7220,1,1,2,0,0,0,10,26-100,10000.0,1.0,0.0,1065.0,150.0,1.0,0.0,25000.0,1.0,1,6.0,0.0,0.0,0.0,0.0,0.0,0.0,0.0,0.0
7221,1,1,1,0,0,0,10,26-100,10000.0,1.0,0.0,1065.0,600.0,1.0,0.0,113500.0,4.0,1,6.0,0.0,0.0,0.0,0.0,0.0,0.0,0.0,0.0
7222,1,1,2,0,0,0,999,26-100,10000.0,1.0,0.0,1065.0,500000.0,1.0,1.0,10000.0,1.0,1,7.0,0.0,0.0,0.0,0.0,0.0,0.0,0.0,0.0
7223,1,1,1,0,0,0,1,1-25,100.0,1.0,0.0,1065.0,20.0,0.0,0.0,0.0,1.0,0,2.0,0.0,0.0,0.0,0.0,0.0,0.0,0.0,0.0
7224,1,1,1,0,0,0,1,1-25,100.0,1.0,0.0,1065.0,20.0,0.0,0.0,0.0,1.0,0,2.0,0.0,0.0,0.0,0.0,0.0,0.0,0.0,0.0
7226,1,1,1,0,0,0,1,1-25,100.0,1.0,0.0,1065.0,20.0,0.0,0.0,0.0,1.0,0,2.0,0.0,0.0,0.0,0.0,0.0,0.0,0.0,0.0
7227,1,1,2,0,0,0,1,26-100,100.0,1.0,0.0,1065.0,50.0,0.0,0.0,50.0,1.0,0,2.0,0.0,0.0,0.0,0.0,0.0,0.0,0.0,0.0
7228,1,1,2,0,0,0,999,101-500,10000.0,1.0,0.0,1029.0,500000.0,1.0,1.0,60000.0,2.0,1,7.0,0.0,0.0,0.0,0.0,0.0,0.0,0.0,0.0
7229,1,1,2,0,0,0,1,1-25,100.0,1.0,0.0,1064.0,20.0,0.0,0.0,0.0,1.0,0,2.0,0.0,0.0,0.0,0.0,0.0,0.0,0.0,0.0
7230,1,1,1,0,0,0,1,26-100,100.0,1.0,0.0,1064.0,50.0,0.0,0.0,0.0,1.0,0,2.0,0.0,0.0,0.0,0.0,0.0,0.0,0.0,0.0
7231,1,1,2,0,0,0,999,101-500,10000.0,1.0,0.0,1064.0,500000.0,1.0,1.0,94400.0,2.0,1,7.0,0.0,0.0,0.0,0.0,0.0,0.0,0.0,0.0
7232,1,1,2,0,0,0,1,26-100,10000.0,1.0,0.0,1064.0,250.0,1.0,0.0,0.0,1.0,1,5.0,0.0,0.0,0.0,0.0,0.0,0.0,0.0,0.0
7233,1,1,2,0,0,0,999,26-100,10000.0,1.0,0.0,1064.0,500000.0,1.0,1.0,20000.0,2.0,1,7.0,0.0,0.0,0.0,0.0,0.0,0.0,0.0,0.0
7234,1,1,1,0,0,0,1,1-25,100.0,1.0,0.0,1064.0,550.0,0.0,0.0,50.0,1.0,0,2.0,0.0,0.0,0.0,0.0,0.0,0.0,0.0,0.0
7235,1,1,2,0,0,0,999,101-500,10000.0,1.0,0.0,1064.0,500000.0,1.0,1.0,23600.0,2.0,1,7.0,0.0,0.0,0.0,0.0,0.0,0.0,0.0,0.0
7236,1,1,1,0,0,0,1,1-25,10000.0,1.0,0.0,1064.0,50.0,1.0,0.0,15000.0,1.0,1,5.0,0.0,0.0,0.0,0.0,0.0,0.0,0.0,0.0
7237,1,1,2,0,0,0,999,101-500,10000.0,1.0,0.0,1064.0,500000.0,1.0,1.0,20000.0,1.0,1,7.0,0.0,0.0,0.0,0.0,0.0,0.0,0.0,0.0
7238,1,1,2,0,0,0,1,1-25,10000.0,1.0,0.0,1064.0,50.0,1.0,0.0,15000.0,1.0,1,5.0,0.0,0.0,0.0,0.0,0.0,0.0,0.0,0.0
7239,1,1,1,0,0,0,1,1-25,10000.0,1.0,0.0,1064.0,5.0,1.0,0.0,0.0,1.0,1,5.0,0.0,0.0,0.0,0.0,0.0,0.0,0.0,0.0
7240,1,1,2,0,0,0,999,101-500,10000.0,1.0,0.0,1064.0,500000.0,1.0,1.0,11800.0,1.0,1,7.0,0.0,0.0,0.0,0.0,0.0,0.0,0.0,0.0
7241,1,1,1,0,0,0,1,1-25,10000.0,1.0,0.0,1064.0,50.0,1.0,0.0,17700.0,1.0,1,5.0,0.0,0.0,0.0,0.0,0.0,0.0,0.0,0.0
7242,1,1,2,0,0,0,1,1-25,10000.0,1.0,0.0,1064.0,50.0,1.0,0.0,15000.0,1.0,1,5.0,0.0,0.0,0.0,0.0,0.0,0.0,0.0,0.0
7243,1,1,2,0,0,0,999,101-500,10000.0,1.0,0.0,1064.0,500000.0,1.0,1.0,10000.0,1.0,1,7.0,0.0,0.0,0.0,0.0,0.0,0.0,0.0,0.0
7244,0,1,1,0,0,0,999,1-25,10000.0,1.0,0.0,982.0,500000.0,1.0,1.0,107760.0,9.0,1,7.0,0.0,0.0,0.0,0.0,0.0,0.0,0.0,0.0
7245,1,1,2,0,0,0,1,101-500,10000.0,1.0,0.0,1064.0,50.0,1.0,0.0,15000.0,1.0,1,5.0,0.0,0.0,0.0,0.0,0.0,0.0,0.0,0.0
7246,1,1,2,0,0,0,1,1-25,10000.0,1.0,0.0,1064.0,50.0,1.0,0.0,17700.0,1.0,1,5.0,0.0,0.0,0.0,0.0,0.0,0.0,0.0,0.0
7247,0,1,1,0,0,0,10,1-25,100.0,1.0,0.0,1061.0,1050.0,0.0,0.0,1050.0,5.0,0,3.0,0.0,0.0,0.0,0.0,0.0,0.0,0.0,0.0
7248,1,1,2,0,0,0,1,1-25,10000.0,1.0,0.0,1064.0,50.0,1.0,0.0,17700.0,1.0,1,5.0,0.0,0.0,0.0,0.0,0.0,0.0,0.0,0.0
7249,1,1,2,0,0,0,1,1-25,10000.0,1.0,0.0,1064.0,50.0,1.0,0.0,17700.0,1.0,1,5.0,0.0,0.0,0.0,0.0,0.0,0.0,0.0,0.0
7250,1,1,2,0,0,0,1,26-100,10000.0,1.0,0.0,1064.0,50.0,1.0,0.0,15000.0,1.0,1,5.0,0.0,0.0,0.0,0.0,0.0,0.0,0.0,0.0
7251,1,1,2,0,0,0,10,1-25,10000.0,1.0,0.0,1064.0,150.0,1.0,0.0,29500.0,1.0,1,6.0,0.0,0.0,0.0,0.0,0.0,0.0,0.0,0.0
7252,1,1,2,0,0,0,10,101-500,10000.0,1.0,0.0,1064.0,150.0,1.0,0.0,25000.0,1.0,1,6.0,0.0,0.0,0.0,0.0,0.0,0.0,0.0,0.0
7253,1,1,2,0,0,0,999,101-500,10000.0,1.0,0.0,1064.0,500000.0,1.0,1.0,10000.0,1.0,1,7.0,0.0,0.0,0.0,0.0,0.0,0.0,0.0,0.0
7254,1,1,2,0,0,0,999,101-500,10000.0,1.0,0.0,1040.0,500000.0,1.0,1.0,40000.0,2.0,1,7.0,0.0,0.0,0.0,0.0,0.0,0.0,0.0,0.0
7255,1,1,2,0,0,0,1,1-25,10000.0,1.0,0.0,1064.0,50.0,1.0,0.0,15000.0,1.0,1,5.0,0.0,0.0,0.0,0.0,0.0,0.0,0.0,0.0
7256,1,1,2,0,0,0,999,101-500,10000.0,1.0,0.0,1064.0,500000.0,1.0,1.0,70800.0,2.0,1,7.0,0.0,0.0,0.0,0.0,0.0,0.0,0.0,0.0
7257,1,1,2,0,0,0,999,101-500,10000.0,1.0,0.0,1064.0,500000.0,1.0,1.0,60000.0,2.0,1,7.0,0.0,0.0,0.0,0.0,0.0,0.0,0.0,0.0
7258,1,1,1,0,0,0,1,1-25,10000.0,1.0,0.0,1064.0,100.0,1.0,0.0,35400.0,2.0,1,5.0,0.0,0.0,0.0,0.0,0.0,0.0,0.0,0.0
7259,1,1,2,0,0,0,1,26-100,10000.0,1.0,0.0,1064.0,50.0,1.0,0.0,15000.0,1.0,1,5.0,0.0,0.0,0.0,0.0,0.0,0.0,0.0,0.0
7260,1,1,2,0,0,0,1,101-500,10000.0,1.0,0.0,1064.0,100.0,1.0,0.0,32700.0,2.0,1,5.0,0.0,0.0,0.0,0.0,0.0,0.0,0.0,0.0
7261,1,1,2,0,0,0,1,1-25,10000.0,1.0,0.0,1064.0,50.0,1.0,0.0,15000.0,1.0,1,5.0,0.0,0.0,0.0,0.0,0.0,0.0,0.0,0.0
7262,1,1,1,0,0,0,10,1-25,10000.0,1.0,0.0,1064.0,300.0,1.0,0.0,59000.0,2.0,1,6.0,0.0,0.0,0.0,0.0,0.0,0.0,0.0,0.0
7263,1,1,2,0,0,0,10,101-500,10000.0,1.0,0.0,1064.0,300.0,1.0,0.0,54500.0,2.0,1,6.0,0.0,0.0,0.0,0.0,0.0,0.0,0.0,0.0
7264,1,1,2,0,0,0,1,1-25,10000.0,1.0,0.0,1064.0,50.0,1.0,0.0,15000.0,1.0,1,5.0,0.0,0.0,0.0,0.0,0.0,0.0,0.0,0.0
7269,1,1,2,0,0,0,1,1-25,10000.0,1.0,0.0,1064.0,50.0,1.0,0.0,15000.0,1.0,1,5.0,0.0,0.0,0.0,0.0,0.0,0.0,0.0,0.0
7270,1,1,1,0,0,0,10,1-25,10000.0,1.0,0.0,1064.0,465.0,1.0,0.0,54500.0,2.0,1,6.0,0.0,0.0,0.0,0.0,0.0,0.0,0.0,0.0
7272,1,1,2,0,0,0,999,101-500,100.0,1.0,0.0,1064.0,500000.0,0.0,1.0,10000.0,1.0,0,4.0,0.0,0.0,0.0,0.0,0.0,0.0,0.0,0.0
7273,1,1,1,0,0,0,10,1-25,100.0,1.0,0.0,1064.0,7200.0,0.0,0.0,7200.0,4.0,0,3.0,1.0,0.0,1.0,1.0,1.0,0.0,0.0,0.0
7274,1,1,2,0,0,0,999,101-500,100.0,1.0,0.0,1064.0,500000.0,0.0,1.0,20000.0,1.0,0,4.0,0.0,0.0,0.0,0.0,0.0,0.0,0.0,0.0
7275,1,1,2,0,0,0,999,500-1000,10000.0,1.0,0.0,1064.0,500000.0,1.0,1.0,10723.84,1.0,1,7.0,0.0,0.0,0.0,0.0,0.0,0.0,0.0,0.0
7276,0,1,2,0,0,0,10,26-100,60.0,1.0,0.0,1059.0,550.0,1.0,0.0,85000.0,5.0,1,6.0,0.0,0.0,0.0,0.0,0.0,0.0,0.0,0.0
7277,0,1,2,0,0,0,1,26-100,60.0,1.0,0.0,1060.0,50.0,1.0,0.0,125263.0,10.0,1,6.0,0.0,0.0,0.0,0.0,0.0,0.0,0.0,0.0
7280,1,1,2,0,0,0,1,26-100,100.0,1.0,0.0,1061.0,600.0,0.0,0.0,600.0,1.0,0,2.0,0.0,0.0,0.0,0.0,0.0,0.0,0.0,0.0
7281,1,1,2,0,0,0,10,1-25,10000.0,1.0,0.0,1061.0,440.0,1.0,0.0,82600.0,4.0,1,6.0,0.0,0.0,0.0,0.0,0.0,0.0,0.0,0.0
7282,0,1,1,0,0,0,1,101-500,100.0,1.0,0.0,1061.0,950.0,0.0,0.0,800.0,7.0,0,2.0,0.0,0.0,0.0,0.0,0.0,0.0,0.0,0.0
7284,0,1,1,0,0,0,1,1-25,10000.0,1.0,0.0,1061.0,1499.0,1.0,0.0,47800.0,4.0,1,5.0,1.0,0.0,1.0,1.0,1.0,0.0,0.0,0.0
7286,1,1,1,0,0,0,10,1-25,10000.0,1.0,0.0,1061.0,470.0,1.0,0.0,59000.0,2.0,1,6.0,0.0,0.0,0.0,0.0,0.0,0.0,0.0,0.0
7287,1,1,1,0,0,0,1,1-25,10000.0,1.0,0.0,1061.0,50.0,1.0,0.0,15000.0,1.0,1,5.0,0.0,0.0,0.0,0.0,0.0,0.0,0.0,0.0
7288,1,1,2,0,0,0,999,1-25,10000.0,1.0,0.0,1061.0,500000.0,1.0,1.0,11800.0,1.0,1,7.0,0.0,0.0,0.0,0.0,0.0,0.0,0.0,0.0
7290,1,1,2,0,0,0,10,1-25,10000.0,1.0,0.0,1061.0,5.0,1.0,0.0,0.0,1.0,1,6.0,0.0,0.0,0.0,0.0,0.0,0.0,0.0,0.0
7291,1,1,2,0,0,0,10,1-25,10000.0,1.0,0.0,1061.0,5.0,1.0,0.0,0.0,1.0,1,6.0,0.0,0.0,0.0,0.0,0.0,0.0,0.0,0.0
7292,1,1,2,0,0,0,10,1-25,100.0,1.0,0.0,1060.0,10.0,0.0,0.0,0.0,1.0,0,3.0,0.0,0.0,0.0,0.0,0.0,0.0,0.0,0.0
7293,1,1,2,0,0,0,999,1-25,10000.0,1.0,0.0,1060.0,500000.0,1.0,1.0,0.0,1.0,1,7.0,0.0,0.0,0.0,0.0,0.0,0.0,0.0,0.0
7294,0,1,1,0,0,0,1,26-100,100.0,1.0,0.0,1061.0,950.0,0.0,0.0,650.0,2.0,0,2.0,0.0,0.0,0.0,0.0,0.0,0.0,0.0,0.0
7295,1,1,2,0,0,0,1,26-100,100.0,1.0,0.0,1061.0,600.0,0.0,0.0,600.0,1.0,0,2.0,0.0,0.0,0.0,0.0,0.0,0.0,0.0,0.0
7296,1,1,2,0,0,0,1,1-25,10000.0,1.0,0.0,1061.0,20.0,1.0,0.0,0.0,1.0,1,5.0,0.0,0.0,0.0,0.0,0.0,0.0,0.0,0.0
7297,1,1,2,0,0,0,1,1-25,100.0,1.0,0.0,1061.0,600.0,0.0,0.0,600.0,1.0,0,2.0,0.0,0.0,0.0,0.0,0.0,0.0,0.0,0.0
7300,1,1,1,0,0,0,10,26-100,10000.0,1.0,0.0,1060.0,650.0,0.0,0.0,168000.0,7.0,1,6.0,0.0,0.0,0.0,0.0,0.0,0.0,0.0,0.0
7301,1,1,1,0,0,0,1,26-100,100.0,1.0,0.0,1060.0,1650.0,0.0,0.0,1800.0,4.0,0,2.0,0.0,0.0,0.0,0.0,0.0,0.0,0.0,0.0
7302,1,1,2,0,0,0,1,1-25,100.0,1.0,0.0,1060.0,50.0,0.0,0.0,50.0,1.0,0,2.0,0.0,0.0,0.0,0.0,0.0,0.0,0.0,0.0
7304,1,1,2,0,0,1,12,500-1000,100.0,1.0,0.0,1060.0,150.0,0.0,0.0,800.0,3.0,0,3.0,0.0,0.0,0.0,0.0,0.0,0.0,0.0,0.0
7305,1,1,2,0,0,0,10,1-25,10000.0,1.0,0.0,1060.0,5.0,1.0,0.0,0.0,1.0,1,6.0,0.0,0.0,0.0,0.0,0.0,0.0,0.0,0.0
7306,1,1,2,0,0,0,999,1-25,100.0,1.0,0.0,1060.0,500000.0,0.0,1.0,0.0,1.0,0,4.0,0.0,0.0,0.0,0.0,0.0,0.0,0.0,0.0
7307,1,1,2,0,0,0,10,1-25,100.0,1.0,0.0,1060.0,1805.0,0.0,0.0,1800.0,2.0,0,3.0,0.0,0.0,0.0,0.0,0.0,0.0,0.0,0.0
7308,1,1,2,0,0,0,1,1-25,10000.0,1.0,0.0,1060.0,50.0,1.0,0.0,0.0,1.0,1,5.0,0.0,0.0,0.0,0.0,0.0,0.0,0.0,0.0
7309,1,1,2,0,0,0,1,1-25,10000.0,1.0,0.0,1060.0,50.0,1.0,0.0,17700.0,1.0,1,5.0,0.0,0.0,0.0,0.0,0.0,0.0,0.0,0.0
7310,1,1,2,0,0,0,10,1-25,10000.0,1.0,0.0,1060.0,221.0,1.0,0.0,29603.84,3.0,1,6.0,0.0,0.0,0.0,0.0,0.0,0.0,0.0,0.0
7311,1,1,2,0,0,0,1,1-25,10000.0,1.0,0.0,1060.0,15.0,1.0,0.0,0.0,1.0,1,5.0,0.0,0.0,0.0,0.0,0.0,0.0,0.0,0.0
7312,1,1,1,0,0,0,10,1-25,10000.0,1.0,0.0,1060.0,15.0,1.0,0.0,0.0,1.0,1,6.0,0.0,0.0,0.0,0.0,0.0,0.0,0.0,0.0
7313,1,1,1,0,0,0,10,1-25,100.0,1.0,0.0,1046.0,3600.0,0.0,0.0,4200.0,3.0,0,3.0,0.0,0.0,0.0,0.0,0.0,0.0,0.0,0.0
7314,1,1,1,0,0,0,10,1-25,100.0,1.0,0.0,1060.0,3800.0,0.0,0.0,10200.0,9.0,0,3.0,0.0,0.0,0.0,0.0,0.0,0.0,0.0,0.0
7316,1,1,2,0,0,0,1,500-1000,100.0,1.0,0.0,1060.0,650.0,0.0,0.0,650.0,2.0,0,2.0,0.0,0.0,0.0,0.0,0.0,0.0,0.0,0.0
7317,1,1,1,0,0,0,10,26-100,100.0,1.0,0.0,1060.0,5600.0,0.0,0.0,5400.0,3.0,0,3.0,0.0,0.0,0.0,0.0,0.0,0.0,0.0,0.0
7318,1,1,1,0,0,0,1,1-25,100.0,1.0,0.0,1060.0,605.0,0.0,0.0,600.0,2.0,0,2.0,1.0,0.0,1.0,0.0,0.0,0.0,0.0,0.0
7319,1,1,1,0,0,0,999,101-500,100.0,1.0,0.0,1060.0,500000.0,0.0,1.0,200000.0,4.0,0,4.0,0.0,0.0,0.0,0.0,0.0,0.0,0.0,0.0
7321,1,1,1,0,0,0,10,101-500,100.0,1.0,0.0,1060.0,3600.0,0.0,0.0,5400.0,5.0,0,3.0,0.0,0.0,0.0,0.0,0.0,0.0,0.0,0.0
7323,1,1,2,0,0,0,999,1-25,100.0,1.0,0.0,1060.0,500000.0,0.0,1.0,0.0,1.0,0,4.0,0.0,0.0,0.0,0.0,0.0,0.0,0.0,0.0
7324,1,1,2,0,0,0,1,1-25,100.0,1.0,0.0,1060.0,5.0,0.0,0.0,0.0,1.0,0,2.0,0.0,0.0,0.0,0.0,0.0,0.0,0.0,0.0
7325,1,1,1,0,0,0,10,1-25,100.0,1.0,0.0,1060.0,10.0,0.0,0.0,0.0,1.0,0,3.0,0.0,0.0,0.0,0.0,0.0,0.0,0.0,0.0
7326,1,1,1,0,0,0,999,1-25,100.0,1.0,0.0,1060.0,500000.0,0.0,1.0,0.0,1.0,0,4.0,0.0,0.0,0.0,0.0,0.0,0.0,0.0,0.0
7327,1,1,2,0,0,0,1,1-25,100.0,1.0,0.0,1060.0,5.0,0.0,0.0,0.0,1.0,0,2.0,0.0,0.0,0.0,0.0,0.0,0.0,0.0,0.0
7328,1,1,1,0,0,0,999,1-25,100.0,1.0,0.0,1060.0,500000.0,0.0,1.0,0.0,1.0,0,4.0,0.0,0.0,0.0,0.0,0.0,0.0,0.0,0.0
7329,0,1,1,0,0,0,1,1-25,100.0,1.0,0.0,1059.0,2605.0,0.0,0.0,1800.0,4.0,0,2.0,0.0,0.0,0.0,0.0,0.0,0.0,0.0,0.0
7331,0,1,2,0,0,0,1,1-25,100.0,1.0,0.0,1059.0,70.0,0.0,0.0,50.0,4.0,0,2.0,0.0,0.0,0.0,0.0,0.0,0.0,0.0,0.0
7332,1,1,2,0,0,0,1,1-25,100.0,1.0,0.0,1059.0,50.0,0.0,0.0,0.0,1.0,0,2.0,0.0,0.0,0.0,0.0,0.0,0.0,0.0,0.0
7333,0,1,2,0,0,0,999,26-100,100.0,1.0,0.0,1059.0,500000.0,0.0,1.0,12680.0,12.0,0,4.0,0.0,0.0,0.0,0.0,0.0,0.0,0.0,0.0
7334,1,1,2,0,0,0,999,1-25,100.0,1.0,0.0,1059.0,500000.0,0.0,1.0,0.0,1.0,0,4.0,1.0,0.0,1.0,0.0,0.0,0.0,0.0,0.0
7335,1,1,2,0,0,0,999,26-100,10000.0,1.0,0.0,1051.0,500000.0,1.0,1.0,106200.0,6.0,1,7.0,0.0,0.0,0.0,0.0,0.0,0.0,0.0,0.0
7336,1,1,2,0,0,0,999,1-25,100.0,1.0,0.0,1059.0,500000.0,0.0,1.0,20000.0,2.0,0,4.0,0.0,0.0,0.0,0.0,0.0,0.0,0.0,0.0
7337,1,1,2,0,0,0,1,1-25,10000.0,1.0,0.0,1059.0,49.0,1.0,0.0,0.0,1.0,1,5.0,1.0,0.0,2.0,2.0,2.0,0.0,0.0,0.0
7338,1,1,2,0,0,0,1,1-25,100.0,1.0,0.0,1059.0,48.0,0.0,0.0,0.0,1.0,0,2.0,1.0,0.0,2.0,2.0,2.0,0.0,0.0,0.0
7340,1,1,2,0,0,0,10,1-25,100.0,1.0,0.0,1059.0,5.0,0.0,0.0,0.0,1.0,0,3.0,0.0,0.0,0.0,0.0,0.0,0.0,0.0,0.0
7341,1,1,2,0,0,0,10,1-25,10000.0,1.0,0.0,1059.0,5.0,1.0,0.0,0.0,1.0,1,6.0,0.0,0.0,0.0,0.0,0.0,0.0,0.0,0.0
7342,1,1,2,0,0,0,1,1-25,10000.0,1.0,0.0,1059.0,5.0,1.0,0.0,0.0,1.0,1,5.0,0.0,0.0,0.0,0.0,0.0,0.0,0.0,0.0
7343,1,1,2,0,0,0,10,1-25,10000.0,1.0,0.0,1059.0,150.0,1.0,0.0,0.0,1.0,1,6.0,0.0,0.0,0.0,0.0,0.0,0.0,0.0,0.0
7344,0,1,1,0,0,0,999,1-25,100.0,1.0,0.0,1059.0,500000.0,0.0,1.0,30120.0,6.0,0,4.0,0.0,0.0,0.0,0.0,0.0,0.0,0.0,0.0
7346,1,1,2,0,0,0,999,1-25,10000.0,1.0,0.0,1059.0,500000.0,1.0,1.0,0.0,1.0,1,7.0,0.0,0.0,0.0,0.0,0.0,0.0,0.0,0.0
7347,1,1,2,0,0,0,999,1-25,10000.0,1.0,0.0,1059.0,500000.0,1.0,1.0,0.0,1.0,1,7.0,0.0,0.0,0.0,0.0,0.0,0.0,0.0,0.0
7348,1,1,2,0,0,0,999,More than 1000,10000.0,1.0,0.0,1059.0,500000.0,1.0,1.0,29510.0,2.0,1,7.0,0.0,0.0,0.0,0.0,0.0,0.0,0.0,0.0
7349,1,1,2,0,0,0,10,1-25,100.0,1.0,0.0,1059.0,2000.0,0.0,0.0,3050.0,4.0,0,3.0,0.0,0.0,0.0,0.0,0.0,0.0,0.0,0.0
7350,1,1,1,0,0,0,10,26-100,100.0,1.0,0.0,1059.0,3950.0,0.0,0.0,3750.0,3.0,0,3.0,1.0,0.0,0.0,0.0,0.0,0.0,0.0,0.0
7351,1,1,2,0,0,0,10,1-25,10000.0,1.0,0.0,1059.0,450.0,1.0,0.0,29500.0,2.0,1,6.0,0.0,0.0,0.0,0.0,0.0,0.0,0.0,0.0
7353,1,1,2,0,0,0,999,26-100,10000.0,1.0,0.0,1059.0,500000.0,1.0,1.0,500.0,1.0,1,7.0,0.0,0.0,0.0,0.0,0.0,0.0,0.0,0.0
7354,1,1,2,0,0,0,10,1-25,10000.0,1.0,0.0,1059.0,5.0,1.0,0.0,0.0,1.0,1,6.0,0.0,0.0,0.0,0.0,0.0,0.0,0.0,0.0
7355,1,1,2,0,0,0,10,101-500,10000.0,1.0,0.0,1058.0,270.0,1.0,0.0,47200.0,2.0,1,6.0,0.0,0.0,0.0,0.0,0.0,0.0,0.0,0.0
7356,1,1,2,0,0,0,10,1-25,100.0,1.0,0.0,1059.0,5.0,0.0,0.0,0.0,1.0,0,3.0,0.0,0.0,0.0,0.0,0.0,0.0,0.0,0.0
7358,1,1,2,0,0,0,10,101-500,10000.0,1.0,0.0,1059.0,150.0,1.0,0.0,29500.0,1.0,1,6.0,0.0,0.0,0.0,0.0,0.0,0.0,0.0,0.0
7359,1,1,2,0,0,0,10,1-25,10000.0,1.0,0.0,1059.0,5.0,1.0,0.0,0.0,1.0,1,6.0,0.0,0.0,0.0,0.0,0.0,0.0,0.0,0.0
7360,1,1,2,0,0,0,1,1-25,10000.0,1.0,0.0,1059.0,5.0,1.0,0.0,0.0,1.0,1,5.0,0.0,0.0,0.0,0.0,0.0,0.0,0.0,0.0
7361,1,1,2,0,0,0,999,1-25,10000.0,1.0,0.0,1059.0,500000.0,1.0,1.0,0.0,1.0,1,7.0,0.0,0.0,0.0,0.0,0.0,0.0,0.0,0.0
7362,1,1,2,0,0,0,10,1-25,100.0,1.0,0.0,1059.0,1805.0,1.0,0.0,600000.0,3.0,1,6.0,0.0,0.0,0.0,0.0,0.0,0.0,0.0,0.0
7363,1,1,2,0,0,0,999,1-25,10000.0,1.0,0.0,1059.0,500000.0,1.0,1.0,0.0,1.0,1,7.0,0.0,0.0,0.0,0.0,0.0,0.0,0.0,0.0
7364,1,1,1,0,0,0,999,26-100,100.0,1.0,0.0,1059.0,500000.0,0.0,1.0,40000.0,4.0,0,4.0,0.0,0.0,0.0,0.0,0.0,0.0,0.0,0.0
7366,1,1,2,0,0,0,999,101-500,10000.0,1.0,0.0,1059.0,500000.0,1.0,1.0,1000.0,1.0,1,7.0,0.0,0.0,0.0,0.0,0.0,0.0,0.0,0.0
7367,1,1,2,0,0,1,1,500-1000,10000.0,1.0,0.0,1059.0,110.0,1.0,0.0,15000.0,1.0,1,5.0,0.0,0.0,0.0,0.0,0.0,0.0,0.0,0.0
7368,1,1,1,0,0,0,1,101-500,10000.0,1.0,0.0,1045.0,5.0,1.0,0.0,1900.0,1.0,1,5.0,1.0,0.0,5.0,0.0,0.0,0.0,0.0,0.0
7369,1,1,2,0,0,0,1,1-25,10000.0,1.0,0.0,1058.0,120.0,1.0,0.0,17700.0,1.0,1,5.0,0.0,0.0,0.0,0.0,0.0,0.0,0.0,0.0
7370,1,1,2,0,0,0,10,500-1000,10000.0,1.0,0.0,1058.0,150.0,1.0,0.0,29500.0,1.0,1,6.0,0.0,0.0,0.0,0.0,0.0,0.0,0.0,0.0
7371,1,1,2,0,0,0,999,101-500,10000.0,1.0,0.0,1058.0,500000.0,1.0,1.0,20000.0,1.0,1,7.0,0.0,0.0,0.0,0.0,0.0,0.0,0.0,0.0
7372,1,1,2,0,0,0,5,500-1000,10000.0,1.0,0.0,1058.0,220.0,1.0,0.0,2500.0,1.0,1,6.0,0.0,0.0,0.0,0.0,0.0,0.0,0.0,0.0
7373,1,1,2,0,0,0,1,26-100,10000.0,1.0,0.0,1058.0,20.0,1.0,0.0,0.0,1.0,1,5.0,0.0,0.0,0.0,0.0,0.0,0.0,0.0,0.0
7374,1,1,2,0,0,0,10,1-25,10000.0,1.0,0.0,1058.0,150.0,1.0,0.0,29500.0,1.0,1,6.0,0.0,0.0,0.0,0.0,0.0,0.0,0.0,0.0
7375,1,1,2,0,0,0,1,1-25,10000.0,1.0,0.0,1012.0,50.0,1.0,0.0,17700.0,1.0,1,5.0,1.0,1.0,5.0,0.0,0.0,0.0,0.0,0.0
7376,1,1,2,0,0,0,999,101-500,10000.0,1.0,0.0,1058.0,500000.0,1.0,1.0,2360.0,1.0,1,7.0,0.0,0.0,0.0,0.0,0.0,0.0,0.0,0.0
7377,0,1,2,0,0,0,1,26-100,10000.0,1.0,0.0,1058.0,400.0,1.0,0.0,1300.0,1.0,1,5.0,0.0,0.0,0.0,0.0,0.0,0.0,0.0,0.0
7378,1,1,2,0,0,0,1,1-25,10000.0,1.0,0.0,1058.0,50.0,1.0,0.0,17700.0,1.0,1,5.0,1.0,10.0,0.0,0.0,0.0,0.0,0.0,0.0
7379,1,1,2,0,0,0,10,1-25,10000.0,1.0,0.0,1058.0,150.0,1.0,0.0,29500.0,1.0,1,6.0,0.0,0.0,0.0,0.0,0.0,0.0,0.0,0.0
7380,0,1,2,0,0,0,10,1-25,60.0,1.0,0.0,1058.0,200.0,1.0,0.0,20200.0,2.0,1,6.0,0.0,0.0,0.0,0.0,0.0,0.0,0.0,0.0
7381,0,1,2,0,0,0,10,1-25,60.0,1.0,0.0,1057.0,355.0,1.0,0.0,42700.0,2.0,1,6.0,0.0,0.0,0.0,0.0,0.0,0.0,0.0,0.0
7382,1,1,2,0,0,0,1,101-500,10000.0,1.0,0.0,1057.0,10.0,1.0,0.0,0.0,1.0,1,5.0,0.0,0.0,0.0,0.0,0.0,0.0,0.0,0.0
7383,1,1,2,0,0,0,1,101-500,10000.0,1.0,0.0,1057.0,10.0,1.0,0.0,0.0,1.0,1,5.0,0.0,0.0,0.0,0.0,0.0,0.0,0.0,0.0
7384,1,1,2,0,0,0,10,1-25,10000.0,1.0,0.0,1057.0,150.0,1.0,0.0,0.0,1.0,1,6.0,0.0,0.0,0.0,0.0,0.0,0.0,0.0,0.0
7385,1,1,1,0,0,0,1,1-25,10000.0,1.0,0.0,1057.0,50.0,1.0,0.0,0.0,1.0,1,5.0,0.0,0.0,0.0,0.0,0.0,0.0,0.0,0.0
7386,1,1,2,0,0,0,10,1-25,10000.0,1.0,0.0,1057.0,150.0,1.0,0.0,0.0,1.0,1,6.0,0.0,0.0,0.0,0.0,0.0,0.0,0.0,0.0
7387,1,1,2,0,0,0,10,1-25,10000.0,1.0,0.0,1057.0,150.0,1.0,0.0,0.0,1.0,1,6.0,0.0,0.0,0.0,0.0,0.0,0.0,0.0,0.0
7388,0,1,2,0,0,0,999,1-25,60.0,1.0,0.0,1057.0,500000.0,1.0,1.0,69000.0,8.0,1,7.0,0.0,0.0,0.0,0.0,0.0,0.0,0.0,0.0
7390,1,1,1,0,0,0,10,500-1000,100.0,1.0,0.0,1046.0,5675.0,0.0,0.0,7800.0,7.0,0,3.0,0.0,0.0,0.0,0.0,0.0,0.0,0.0,0.0
7391,1,1,1,0,0,0,1,1-25,100.0,1.0,0.0,1054.0,1200.0,0.0,0.0,1200.0,2.0,0,2.0,0.0,0.0,0.0,0.0,0.0,0.0,0.0,0.0
7392,1,1,1,0,0,0,10,1-25,100.0,1.0,0.0,1053.0,11070.0,0.0,0.0,10800.0,6.0,0,3.0,0.0,0.0,0.0,0.0,0.0,0.0,0.0,0.0
7393,1,1,1,0,0,0,10,26-100,100.0,1.0,0.0,1054.0,3600.0,0.0,0.0,3600.0,2.0,0,3.0,0.0,0.0,0.0,0.0,0.0,0.0,0.0,0.0
7394,1,1,2,0,0,0,1,1-25,100.0,1.0,0.0,1053.0,600.0,0.0,0.0,600.0,1.0,0,2.0,0.0,0.0,0.0,0.0,0.0,0.0,0.0,0.0
7396,1,1,2,0,0,0,10,500-1000,10000.0,1.0,0.0,228.0,140.0,1.0,0.0,47200.0,2.0,1,6.0,13.0,3.0,75.0,67.0,73.0,0.0,0.0,0.0
7397,1,1,2,0,0,0,1,1-25,100.0,1.0,0.0,1053.0,600.0,0.0,0.0,600.0,1.0,0,2.0,0.0,0.0,0.0,0.0,0.0,0.0,0.0,0.0
7399,0,1,2,0,0,0,999,1-25,60.0,1.0,0.0,749.0,499933.0,1.0,1.0,74900.0,4.0,1,7.0,1.0,2.0,337.0,189.0,200.0,0.0,0.0,0.0
7402,0,1,2,0,0,0,1,26-100,100.0,1.0,0.0,1052.0,100.0,0.0,0.0,60.0,1.0,0,2.0,0.0,0.0,0.0,0.0,0.0,0.0,0.0,0.0
7405,1,1,2,0,0,0,1,1-25,100.0,1.0,0.0,1051.0,600.0,0.0,0.0,600.0,1.0,0,2.0,0.0,0.0,0.0,0.0,0.0,0.0,0.0,0.0
7406,1,1,2,0,0,0,1,1-25,100.0,1.0,0.0,1051.0,600.0,0.0,0.0,600.0,1.0,0,2.0,0.0,0.0,0.0,0.0,0.0,0.0,0.0,0.0
7407,1,1,1,0,0,0,1,1-25,100.0,1.0,0.0,1051.0,7400.0,0.0,0.0,9000.0,15.0,0,2.0,0.0,0.0,0.0,0.0,0.0,0.0,0.0,0.0
7408,1,1,1,0,0,0,1,1-25,100.0,1.0,0.0,1051.0,7950.0,0.0,0.0,9000.0,15.0,0,2.0,0.0,0.0,0.0,0.0,0.0,0.0,0.0,0.0
7409,1,1,2,0,0,0,1,1-25,100.0,1.0,0.0,1051.0,600.0,0.0,0.0,600.0,1.0,0,2.0,0.0,0.0,0.0,0.0,0.0,0.0,0.0,0.0
7410,1,1,2,0,0,0,1,1-25,10000.0,1.0,0.0,1051.0,50.0,1.0,0.0,17700.0,1.0,1,5.0,0.0,0.0,0.0,0.0,0.0,0.0,0.0,0.0
7412,1,1,2,0,0,0,999,1-25,100.0,1.0,0.0,1051.0,500000.0,0.0,1.0,10000.0,1.0,0,4.0,0.0,0.0,0.0,0.0,0.0,0.0,0.0,0.0
7413,1,1,2,0,0,0,1,1-25,10000.0,1.0,0.0,1051.0,50.0,1.0,0.0,17700.0,1.0,1,5.0,0.0,0.0,0.0,0.0,0.0,0.0,0.0,0.0
7415,1,1,2,0,0,0,10,1-25,10000.0,1.0,0.0,1051.0,200.0,1.0,0.0,47200.0,2.0,1,6.0,0.0,0.0,0.0,0.0,0.0,0.0,0.0,0.0
7416,1,1,2,0,0,0,10,1-25,10000.0,1.0,0.0,1051.0,200.0,1.0,0.0,47200.0,2.0,1,6.0,0.0,0.0,0.0,0.0,0.0,0.0,0.0,0.0
7418,1,1,1,0,0,0,1,1-25,100.0,1.0,0.0,1051.0,6000.0,0.0,0.0,5400.0,9.0,0,2.0,0.0,0.0,0.0,0.0,0.0,0.0,0.0,0.0
7419,1,1,1,0,0,0,1,1-25,100.0,1.0,0.0,1051.0,9600.0,0.0,0.0,9600.0,16.0,0,2.0,0.0,0.0,0.0,0.0,0.0,0.0,0.0,0.0
7420,1,1,2,0,0,0,10,1-25,100.0,1.0,0.0,1051.0,1800.0,0.0,0.0,1800.0,1.0,0,3.0,0.0,0.0,0.0,0.0,0.0,0.0,0.0,0.0
7421,1,1,1,0,0,0,1,26-100,100.0,1.0,0.0,1051.0,9600.0,0.0,0.0,9600.0,16.0,0,2.0,0.0,0.0,0.0,0.0,0.0,0.0,0.0,0.0
7422,1,1,1,0,0,0,1,1-25,100.0,1.0,0.0,1051.0,9000.0,0.0,0.0,9000.0,15.0,0,2.0,0.0,0.0,0.0,0.0,0.0,0.0,0.0,0.0
7423,1,1,2,0,0,0,999,101-500,100.0,1.0,0.0,1051.0,500000.0,0.0,1.0,40000.0,2.0,0,4.0,0.0,0.0,0.0,0.0,0.0,0.0,0.0,0.0
7424,1,1,1,0,0,0,1,1-25,100.0,1.0,0.0,1051.0,9000.0,0.0,0.0,9000.0,15.0,0,2.0,0.0,0.0,0.0,0.0,0.0,0.0,0.0,0.0
7425,1,1,1,0,0,1,5,1-25,100.0,1.0,0.0,1047.0,8700.0,0.0,0.0,7800.0,13.0,0,2.0,1.0,0.0,1.0,0.0,0.0,0.0,0.0,0.0
7426,1,1,2,0,0,0,1,1-25,10000.0,1.0,0.0,1051.0,50.0,1.0,0.0,17700.0,1.0,1,5.0,0.0,0.0,0.0,0.0,0.0,0.0,0.0,0.0
7427,1,1,1,0,0,0,1,1-25,100.0,1.0,0.0,1050.0,9000.0,0.0,0.0,9000.0,15.0,0,2.0,0.0,0.0,0.0,0.0,0.0,0.0,0.0,0.0
7428,1,1,2,0,0,0,10,1-25,10000.0,1.0,0.0,1051.0,150.0,1.0,0.0,29500.0,1.0,1,6.0,0.0,0.0,0.0,0.0,0.0,0.0,0.0,0.0
7429,1,1,2,0,0,0,1,1-25,10000.0,1.0,0.0,1051.0,50.0,1.0,0.0,17700.0,1.0,1,5.0,0.0,0.0,0.0,0.0,0.0,0.0,0.0,0.0
7431,0,1,1,0,0,1,11,1-25,10000.0,1.0,0.0,1003.0,458.0,1.0,0.0,159300.0,7.0,1,6.0,0.0,0.0,8.0,3.0,5.0,0.0,0.0,0.0
7432,0,1,2,0,0,0,999,1-25,60.0,1.0,0.0,1050.0,500000.0,1.0,1.0,50700.0,4.0,1,7.0,0.0,0.0,0.0,0.0,0.0,0.0,0.0,0.0
7433,0,1,2,0,0,0,999,1-25,60.0,1.0,0.0,1043.0,500000.0,1.0,1.0,60000.0,3.0,1,7.0,0.0,0.0,0.0,0.0,0.0,0.0,0.0,0.0
7434,1,1,1,0,0,0,10,26-100,100.0,1.0,0.0,1047.0,12640.0,0.0,0.0,14400.0,8.0,0,3.0,1.0,0.0,1.0,0.0,0.0,0.0,0.0,0.0
7435,1,1,1,0,0,0,10,26-100,10000.0,1.0,0.0,1050.0,456.0,1.0,0.0,88500.0,3.0,1,6.0,0.0,0.0,0.0,0.0,0.0,0.0,0.0,0.0
7436,1,1,2,0,0,0,10,1-25,10000.0,1.0,0.0,1050.0,150.0,1.0,0.0,29500.0,1.0,1,6.0,0.0,0.0,0.0,0.0,0.0,0.0,0.0,0.0
7437,1,1,2,0,0,0,10,1-25,100.0,1.0,0.0,1039.0,3600.0,0.0,0.0,4200.0,3.0,0,3.0,0.0,0.0,0.0,0.0,0.0,0.0,0.0,0.0
7438,1,1,2,0,0,0,10,1-25,100.0,1.0,0.0,1039.0,2100.0,0.0,0.0,3000.0,3.0,0,3.0,0.0,0.0,0.0,0.0,0.0,0.0,0.0,0.0
7439,1,1,2,0,0,0,999,101-500,10000.0,1.0,0.0,1047.0,500000.0,1.0,1.0,1200.0,1.0,1,7.0,0.0,0.0,0.0,0.0,0.0,0.0,0.0,0.0
7440,0,1,2,0,0,0,999,101-500,60.0,1.0,0.0,1040.0,500000.0,1.0,1.0,68400.0,5.0,1,7.0,0.0,0.0,0.0,0.0,0.0,0.0,0.0,0.0
7442,0,1,2,0,0,1,14,500-1000,10000.0,1.0,0.0,1040.0,150.0,1.0,0.0,29500.0,1.0,1,6.0,0.0,0.0,0.0,0.0,0.0,0.0,0.0,0.0
7443,1,1,2,0,0,0,10,1-25,10000.0,1.0,0.0,1050.0,150.0,1.0,0.0,29500.0,1.0,1,6.0,0.0,0.0,0.0,0.0,0.0,0.0,0.0,0.0
7444,1,1,1,0,0,0,10,1-25,100.0,1.0,0.0,1050.0,3600.0,0.0,0.0,3600.0,2.0,0,3.0,0.0,0.0,0.0,0.0,0.0,0.0,0.0,0.0
7445,1,1,1,0,0,1,26,26-100,100.0,1.0,0.0,1040.0,7200.0,0.0,0.0,16200.0,9.0,0,3.0,0.0,0.0,0.0,0.0,0.0,0.0,0.0,0.0
7447,1,1,1,0,0,1,14,1-25,100.0,1.0,0.0,1047.0,5700.0,0.0,0.0,5400.0,3.0,0,3.0,1.0,2.0,1.0,0.0,0.0,0.0,0.0,0.0
7448,1,1,2,0,0,0,10,1-25,100.0,1.0,0.0,1050.0,1800.0,0.0,0.0,1800.0,1.0,0,3.0,0.0,0.0,0.0,0.0,0.0,0.0,0.0,0.0
7449,1,1,1,0,0,0,999,500-1000,10000.0,1.0,0.0,1047.0,500000.0,1.0,1.0,4400.0,2.0,1,7.0,0.0,0.0,0.0,0.0,0.0,0.0,0.0,0.0
7450,1,1,1,0,0,0,10,1-25,100.0,1.0,0.0,1047.0,23400.0,0.0,0.0,23400.0,13.0,0,3.0,1.0,1.0,0.0,0.0,0.0,0.0,0.0,0.0
7451,1,1,2,0,0,0,999,More than 1000,10000.0,1.0,0.0,1047.0,500000.0,1.0,1.0,2200.0,1.0,1,7.0,0.0,0.0,0.0,0.0,0.0,0.0,0.0,0.0
7452,0,1,2,0,0,0,10,500-1000,10000.0,1.0,0.0,1044.0,100.0,1.0,0.0,76700.0,3.0,1,6.0,0.0,0.0,0.0,0.0,0.0,0.0,0.0,0.0
7453,1,1,2,0,0,0,999,101-500,100.0,1.0,0.0,1047.0,500000.0,0.0,1.0,50000.0,5.0,0,4.0,1.0,1.0,0.0,0.0,0.0,0.0,0.0,0.0
7454,1,1,2,0,0,0,10,101-500,10000.0,1.0,0.0,1047.0,200.0,1.0,0.0,29500.0,1.0,1,6.0,0.0,0.0,0.0,0.0,0.0,0.0,0.0,0.0
7455,1,1,2,0,0,0,999,101-500,10000.0,1.0,0.0,1044.0,500000.0,1.0,1.0,1652.0,1.0,1,7.0,0.0,0.0,0.0,0.0,0.0,0.0,0.0,0.0
7458,1,1,2,0,0,0,999,26-100,100.0,1.0,0.0,1047.0,500000.0,0.0,1.0,80000.0,4.0,0,4.0,0.0,0.0,0.0,0.0,0.0,0.0,0.0,0.0
7459,1,1,1,0,0,0,1,26-100,100.0,1.0,0.0,1047.0,4200.0,0.0,0.0,4200.0,7.0,0,2.0,0.0,0.0,0.0,0.0,0.0,0.0,0.0,0.0
7460,1,1,2,0,0,0,999,26-100,100.0,1.0,0.0,1047.0,500000.0,0.0,1.0,40000.0,2.0,0,4.0,0.0,0.0,0.0,0.0,0.0,0.0,0.0,0.0
7461,1,1,2,0,0,0,10,500-1000,10000.0,1.0,0.0,1047.0,149.0,1.0,0.0,29500.0,1.0,1,6.0,1.0,0.0,1.0,1.0,1.0,0.0,0.0,0.0
7462,1,1,2,0,0,0,1,1-25,10000.0,1.0,0.0,1046.0,50.0,1.0,0.0,17700.0,1.0,1,5.0,0.0,0.0,0.0,0.0,0.0,0.0,0.0,0.0
7463,0,1,1,0,0,1,10,1-25,100.0,1.0,0.0,448.0,8600.0,0.0,0.0,23400.0,13.0,0,3.0,0.0,0.0,0.0,0.0,0.0,0.0,0.0,0.0
7464,1,1,2,0,0,1,29,1-25,100.0,1.0,0.0,921.0,0.0,0.0,0.0,37400.0,27.0,0,4.0,90.0,8.0,95.0,27.0,26.0,0.0,0.0,0.0
7465,1,1,2,0,0,0,999,26-100,100.0,1.0,0.0,862.0,500000.0,0.0,1.0,181250.0,17.0,0,4.0,0.0,0.0,0.0,0.0,0.0,0.0,0.0,0.0
7466,1,1,2,0,0,0,10,500-1000,100.0,1.0,0.0,1046.0,9000.0,0.0,0.0,9000.0,5.0,0,3.0,0.0,0.0,0.0,0.0,0.0,0.0,0.0,0.0
7467,0,1,2,0,0,0,1,1-25,100.0,1.0,0.0,1046.0,158.0,0.0,0.0,600.0,1.0,0,2.0,1.0,1.0,5.0,2.0,2.0,0.0,0.0,0.0
7468,1,1,2,0,0,0,1,1-25,100.0,1.0,0.0,1046.0,600.0,0.0,0.0,600.0,1.0,0,2.0,0.0,0.0,0.0,0.0,0.0,0.0,0.0,0.0
7469,0,1,2,0,0,0,10,101-500,10000.0,1.0,0.0,1046.0,410.0,1.0,0.0,74000.0,3.0,1,6.0,0.0,0.0,0.0,0.0,0.0,0.0,0.0,0.0
7470,1,1,2,0,0,0,1,1-25,100.0,1.0,0.0,1046.0,700.0,0.0,0.0,600.0,1.0,0,2.0,0.0,0.0,0.0,0.0,0.0,0.0,0.0,0.0
7472,1,1,2,0,0,0,1,26-100,100.0,1.0,0.0,1046.0,50.0,0.0,0.0,600.0,1.0,0,2.0,0.0,0.0,0.0,0.0,0.0,0.0,0.0,0.0
7473,1,1,2,0,0,0,1,1-25,10000.0,1.0,0.0,1046.0,50.0,1.0,0.0,17700.0,1.0,1,5.0,0.0,0.0,0.0,0.0,0.0,0.0,0.0,0.0
7474,0,1,2,0,0,0,10,26-100,10000.0,1.0,0.0,1046.0,300.0,1.0,0.0,29500.0,1.0,1,6.0,0.0,0.0,0.0,0.0,0.0,0.0,0.0,0.0
7475,1,1,2,0,0,0,999,101-500,10000.0,1.0,0.0,1046.0,500000.0,1.0,1.0,10000.0,1.0,1,7.0,0.0,0.0,0.0,0.0,0.0,0.0,0.0,0.0
7476,1,1,1,0,0,0,1,101-500,10000.0,1.0,0.0,1046.0,50.0,1.0,0.0,1770.0,1.0,1,5.0,0.0,0.0,0.0,0.0,0.0,0.0,0.0,0.0
7477,1,1,2,0,0,0,1,101-500,100.0,1.0,0.0,1045.0,1200.0,0.0,0.0,1200.0,2.0,0,2.0,0.0,0.0,0.0,0.0,0.0,0.0,0.0,0.0
7478,1,1,2,0,0,1,2,101-500,10000.0,1.0,0.0,1038.0,43.0,1.0,0.0,17700.0,1.0,1,5.0,6.0,28.0,18.0,7.0,8.0,0.0,0.0,0.0
7480,1,1,2,0,0,0,10,101-500,100.0,1.0,0.0,1043.0,5400.0,0.0,0.0,5400.0,3.0,0,3.0,0.0,0.0,0.0,0.0,0.0,0.0,0.0,0.0
7481,1,1,2,0,0,0,10,1-25,100.0,1.0,0.0,1044.0,1800.0,0.0,0.0,2400.0,2.0,0,3.0,0.0,0.0,0.0,0.0,0.0,0.0,0.0,0.0
7482,1,1,2,0,0,0,10,1-25,100.0,1.0,0.0,1044.0,1800.0,0.0,0.0,2400.0,2.0,0,3.0,0.0,0.0,0.0,0.0,0.0,0.0,0.0,0.0
7483,1,1,2,0,0,0,1,1-25,100.0,1.0,0.0,1044.0,1200.0,0.0,0.0,1200.0,2.0,0,2.0,1.0,0.0,1.0,1.0,1.0,0.0,0.0,0.0
7484,0,1,2,0,0,0,10,101-500,100.0,1.0,0.0,1032.0,430.0,1.0,0.0,1750.0,9.0,1,5.0,0.0,0.0,0.0,0.0,0.0,0.0,0.0,0.0
7485,0,1,2,0,0,0,1,1-25,100.0,1.0,0.0,1040.0,60.0,1.0,0.0,50.0,3.0,1,6.0,0.0,0.0,0.0,0.0,0.0,0.0,0.0,0.0
7486,1,1,2,0,0,0,1,500-1000,10000.0,1.0,0.0,1038.0,20.0,1.0,0.0,0.0,1.0,1,5.0,0.0,0.0,0.0,0.0,0.0,0.0,0.0,0.0
7487,1,1,2,0,0,0,10,26-100,10000.0,1.0,0.0,1043.0,15.0,1.0,0.0,0.0,1.0,1,6.0,0.0,0.0,0.0,0.0,0.0,0.0,0.0,0.0
7488,1,1,2,0,0,0,999,101-500,10000.0,1.0,0.0,1044.0,500000.0,1.0,1.0,0.0,1.0,1,7.0,0.0,0.0,0.0,0.0,0.0,0.0,0.0,0.0
7489,1,1,2,0,0,0,999,101-500,10000.0,1.0,0.0,1043.0,500000.0,1.0,1.0,0.0,1.0,1,7.0,0.0,0.0,0.0,0.0,0.0,0.0,0.0,0.0
7490,1,1,1,0,0,0,1,101-500,100.0,1.0,0.0,1044.0,50.0,0.0,0.0,50.0,1.0,0,2.0,0.0,0.0,0.0,0.0,0.0,0.0,0.0,0.0
7491,1,1,2,0,0,0,1,1-25,10000.0,1.0,0.0,1043.0,5.0,1.0,0.0,0.0,1.0,1,5.0,0.0,0.0,0.0,0.0,0.0,0.0,0.0,0.0
7492,1,1,2,0,0,0,1,1-25,100.0,1.0,0.0,1043.0,600.0,0.0,0.0,600.0,1.0,0,2.0,0.0,0.0,0.0,0.0,0.0,0.0,0.0,0.0
7493,1,1,2,0,0,0,1,1-25,100.0,1.0,0.0,1043.0,600.0,0.0,0.0,600.0,1.0,0,2.0,0.0,0.0,0.0,0.0,0.0,0.0,0.0,0.0
7494,1,1,2,0,0,0,10,1-25,100.0,1.0,0.0,1043.0,1800.0,0.0,0.0,1800.0,1.0,0,3.0,0.0,0.0,0.0,0.0,0.0,0.0,0.0,0.0
7495,1,1,2,0,0,0,10,1-25,100.0,1.0,0.0,1043.0,1800.0,0.0,0.0,1800.0,1.0,0,3.0,0.0,0.0,0.0,0.0,0.0,0.0,0.0,0.0
7496,1,1,2,0,0,0,999,101-500,100.0,1.0,0.0,1043.0,500000.0,0.0,1.0,30000.0,1.0,0,4.0,0.0,0.0,0.0,0.0,0.0,0.0,0.0,0.0
7497,1,1,2,0,0,0,10,1-25,100.0,1.0,0.0,1031.0,1800.0,0.0,0.0,1800.0,1.0,0,3.0,0.0,0.0,0.0,0.0,0.0,0.0,0.0,0.0
7498,1,1,2,0,0,0,1,1-25,100.0,1.0,0.0,941.0,23800.0,0.0,0.0,3600.0,6.0,0,2.0,1.0,1.0,1.0,0.0,0.0,0.0,0.0,0.0
7499,1,1,2,0,0,0,999,26-100,100.0,1.0,0.0,1043.0,500000.0,0.0,1.0,1000.0,1.0,0,4.0,0.0,0.0,0.0,0.0,0.0,0.0,0.0,0.0
7500,1,1,2,0,0,0,10,101-500,100.0,1.0,0.0,1031.0,9500.0,0.0,0.0,9000.0,5.0,0,3.0,1.0,2.0,0.0,0.0,0.0,0.0,0.0,0.0
7501,1,1,2,0,0,0,999,500-1000,100.0,1.0,0.0,855.0,500000.0,0.0,1.0,40000.0,4.0,0,4.0,0.0,0.0,0.0,0.0,0.0,0.0,0.0,0.0
7502,0,1,2,0,0,0,1,1-25,100.0,1.0,0.0,1043.0,70.0,1.0,0.0,500.0,3.0,1,6.0,0.0,0.0,0.0,0.0,0.0,0.0,0.0,0.0
7504,1,1,2,0,0,0,999,101-500,100.0,1.0,0.0,1040.0,500000.0,0.0,1.0,80000.0,2.0,0,4.0,1.0,1.0,1.0,0.0,0.0,0.0,0.0,0.0
7508,1,1,2,0,0,0,10,500-1000,100.0,1.0,0.0,1043.0,1800.0,0.0,0.0,1800.0,1.0,0,3.0,0.0,0.0,0.0,0.0,0.0,0.0,0.0,0.0
7509,1,1,2,0,0,0,10,1-25,100.0,1.0,0.0,1043.0,1800.0,0.0,0.0,1800.0,1.0,0,3.0,0.0,0.0,0.0,0.0,0.0,0.0,0.0,0.0
7511,1,1,2,0,0,0,1,1-25,100.0,1.0,0.0,1043.0,600.0,0.0,0.0,600.0,1.0,0,2.0,0.0,0.0,0.0,0.0,0.0,0.0,0.0,0.0
7512,1,1,2,0,0,0,1,500-1000,100.0,1.0,0.0,1040.0,1500.0,0.0,0.0,1200.0,2.0,0,2.0,0.0,0.0,0.0,0.0,0.0,0.0,0.0,0.0
7513,1,1,2,0,0,0,1,26-100,100.0,1.0,0.0,1040.0,600.0,0.0,0.0,600.0,1.0,0,2.0,0.0,0.0,0.0,0.0,0.0,0.0,0.0,0.0
7514,1,1,2,0,0,0,1,1-25,100.0,1.0,0.0,1040.0,600.0,0.0,0.0,600.0,1.0,0,2.0,0.0,0.0,0.0,0.0,0.0,0.0,0.0,0.0
7515,1,1,2,0,0,0,1,1-25,100.0,1.0,0.0,1040.0,600.0,0.0,0.0,600.0,1.0,0,2.0,0.0,0.0,0.0,0.0,0.0,0.0,0.0,0.0
7516,1,1,2,0,0,0,1,1-25,100.0,1.0,0.0,1040.0,600.0,0.0,0.0,600.0,1.0,0,2.0,0.0,0.0,0.0,0.0,0.0,0.0,0.0,0.0
7517,1,1,2,0,0,0,10,1-25,100.0,1.0,0.0,1040.0,1800.0,0.0,0.0,1800.0,1.0,0,3.0,0.0,0.0,0.0,0.0,0.0,0.0,0.0,0.0
7518,1,1,2,0,0,0,1,1-25,10000.0,1.0,0.0,1040.0,50.0,1.0,0.0,17700.0,1.0,1,5.0,0.0,0.0,0.0,0.0,0.0,0.0,0.0,0.0
7519,1,1,2,0,0,0,1,1-25,100.0,1.0,0.0,1040.0,600.0,0.0,0.0,600.0,1.0,0,2.0,0.0,0.0,0.0,0.0,0.0,0.0,0.0,0.0
7521,1,1,2,0,0,0,1,101-500,100.0,1.0,0.0,1040.0,1200.0,0.0,0.0,1200.0,2.0,0,2.0,0.0,0.0,0.0,0.0,0.0,0.0,0.0,0.0
7522,1,1,2,0,0,0,10,1-25,100.0,1.0,0.0,1040.0,1800.0,0.0,0.0,1800.0,1.0,0,3.0,0.0,0.0,0.0,0.0,0.0,0.0,0.0,0.0
7523,0,1,2,0,0,0,1,1-25,100.0,1.0,0.0,1040.0,60.0,0.0,0.0,600.0,3.0,0,2.0,0.0,0.0,0.0,0.0,0.0,0.0,0.0,0.0
7524,1,1,1,0,0,0,999,1-25,100.0,1.0,0.0,1040.0,500000.0,0.0,1.0,40000.0,1.0,0,4.0,0.0,0.0,0.0,0.0,0.0,0.0,0.0,0.0
7525,1,1,2,0,0,0,999,500-1000,100.0,1.0,0.0,1040.0,500000.0,0.0,1.0,30000.0,1.0,0,4.0,0.0,0.0,0.0,0.0,0.0,0.0,0.0,0.0
7527,1,1,1,0,0,0,1,1-25,100.0,1.0,0.0,1040.0,605.0,0.0,0.0,600.0,2.0,0,2.0,0.0,0.0,0.0,0.0,0.0,0.0,0.0,0.0
7529,1,1,2,0,0,0,1,1-25,100.0,1.0,0.0,1040.0,5.0,0.0,0.0,0.0,1.0,0,2.0,0.0,0.0,0.0,0.0,0.0,0.0,0.0,0.0
7530,1,1,2,0,0,0,1,1-25,100.0,1.0,0.0,1040.0,5.0,0.0,0.0,0.0,1.0,0,2.0,0.0,0.0,0.0,0.0,0.0,0.0,0.0,0.0
7531,1,1,2,0,0,0,10,101-500,10000.0,1.0,0.0,1040.0,150.0,1.0,0.0,29500.0,1.0,1,6.0,0.0,6.0,0.0,0.0,0.0,0.0,0.0,0.0
7532,1,1,2,0,0,0,1,500-1000,10000.0,1.0,0.0,1040.0,5.0,1.0,0.0,0.0,1.0,1,5.0,0.0,0.0,0.0,0.0,0.0,0.0,0.0,0.0
7533,1,1,2,0,0,0,1,1-25,10000.0,1.0,0.0,1040.0,50.0,1.0,0.0,0.0,1.0,1,5.0,0.0,0.0,0.0,0.0,0.0,0.0,0.0,0.0
7534,1,1,2,0,0,0,1,1-25,10000.0,1.0,0.0,1040.0,50.0,1.0,0.0,17700.0,1.0,1,5.0,0.0,14.0,0.0,0.0,0.0,0.0,0.0,0.0
7535,1,1,2,0,0,0,10,1-25,10000.0,1.0,0.0,1040.0,150.0,1.0,0.0,0.0,1.0,1,6.0,0.0,0.0,0.0,0.0,0.0,0.0,0.0,0.0
7536,1,1,2,0,0,0,10,1-25,10000.0,1.0,0.0,1039.0,150.0,1.0,0.0,29500.0,1.0,1,6.0,1.0,4.0,0.0,0.0,0.0,0.0,0.0,0.0
7537,0,1,2,0,0,1,2,101-500,100.0,1.0,0.0,1038.0,3300.0,0.0,0.0,1800.0,3.0,0,2.0,0.0,0.0,0.0,0.0,0.0,0.0,0.0,0.0
7538,0,1,1,0,0,0,10,1-25,60.0,1.0,0.0,1037.0,1050.0,1.0,0.0,164500.0,7.0,1,6.0,1.0,1.0,0.0,0.0,0.0,0.0,0.0,0.0
7539,1,1,2,0,0,0,1,1-25,10000.0,1.0,0.0,1039.0,5.0,1.0,0.0,0.0,1.0,1,5.0,0.0,0.0,0.0,0.0,0.0,0.0,0.0,0.0
7540,1,1,2,0,0,0,10,101-500,10000.0,1.0,0.0,1039.0,200.0,1.0,0.0,15000.0,2.0,1,6.0,0.0,0.0,0.0,0.0,0.0,0.0,0.0,0.0
7541,0,1,2,0,0,0,10,500-1000,10000.0,1.0,0.0,1038.0,510.0,1.0,0.0,47402.8,4.0,1,6.0,0.0,0.0,0.0,0.0,0.0,0.0,0.0,0.0
7543,1,1,2,0,0,0,999,101-500,10000.0,1.0,0.0,1039.0,500000.0,1.0,1.0,1200.0,1.0,1,7.0,0.0,0.0,0.0,0.0,0.0,0.0,0.0,0.0
7545,1,1,2,0,0,0,10,1-25,100.0,1.0,0.0,1039.0,1800.0,0.0,0.0,2400.0,2.0,0,3.0,0.0,0.0,0.0,0.0,0.0,0.0,0.0,0.0
7547,1,1,1,0,0,0,1,1-25,100.0,1.0,0.0,1039.0,605.0,0.0,0.0,600.0,2.0,0,2.0,0.0,0.0,0.0,0.0,0.0,0.0,0.0,0.0
7548,1,1,2,0,0,0,1,1-25,10000.0,1.0,0.0,1039.0,5.0,1.0,0.0,0.0,1.0,1,5.0,0.0,0.0,0.0,0.0,0.0,0.0,0.0,0.0
7549,1,1,2,0,0,0,1000,1-25,100.0,1.0,0.0,850.0,0.0,0.0,0.0,20700.0,6.0,0,4.0,11.0,0.0,5.0,3.0,3.0,0.0,0.0,0.0
7550,1,1,2,0,0,0,1,1-25,100.0,1.0,0.0,1039.0,1100.0,0.0,0.0,600.0,2.0,0,2.0,0.0,0.0,0.0,0.0,0.0,0.0,0.0,0.0
7551,1,1,1,0,0,0,1,1-25,10000.0,1.0,0.0,1039.0,125.0,1.0,0.0,17700.0,2.0,1,5.0,0.0,0.0,0.0,0.0,0.0,0.0,0.0,0.0
7553,1,1,1,0,0,0,1,1-25,100.0,1.0,0.0,1039.0,605.0,0.0,0.0,600.0,2.0,0,2.0,0.0,0.0,0.0,0.0,0.0,0.0,0.0,0.0
7554,1,1,2,0,0,1,11,101-500,100.0,1.0,0.0,1026.0,4150.0,0.0,0.0,5550.0,4.0,0,3.0,0.0,0.0,0.0,0.0,0.0,0.0,0.0,0.0
7556,0,1,2,0,0,0,10,500-1000,100.0,1.0,0.0,1039.0,2850.0,0.0,0.0,2550.0,5.0,0,3.0,0.0,0.0,0.0,0.0,0.0,0.0,0.0,0.0
7557,1,1,2,0,0,0,1,1-25,100.0,1.0,0.0,1039.0,600.0,0.0,0.0,600.0,1.0,0,2.0,0.0,0.0,0.0,0.0,0.0,0.0,0.0,0.0
7558,1,1,2,0,0,0,1,1-25,100.0,1.0,0.0,1039.0,50.0,0.0,0.0,0.0,1.0,0,2.0,0.0,0.0,0.0,0.0,0.0,0.0,0.0,0.0
7559,1,1,2,0,0,0,999,101-500,10000.0,1.0,0.0,1039.0,500000.0,1.0,1.0,10000.0,1.0,1,7.0,0.0,0.0,0.0,0.0,0.0,0.0,0.0,0.0
7560,0,1,1,0,0,0,1,1-25,100.0,1.0,0.0,1039.0,1200.0,0.0,0.0,1200.0,3.0,0,2.0,0.0,0.0,0.0,0.0,0.0,0.0,0.0,0.0
7561,0,1,2,0,0,0,1,1-25,10000.0,1.0,0.0,1039.0,10.0,1.0,0.0,0.0,2.0,1,5.0,0.0,0.0,0.0,0.0,0.0,0.0,0.0,0.0
7562,0,1,2,0,0,0,1,1-25,60.0,1.0,0.0,1039.0,615.0,1.0,0.0,60000.0,6.0,1,5.0,0.0,0.0,0.0,0.0,0.0,0.0,0.0,0.0
7563,0,1,2,0,0,0,10,1-25,100.0,1.0,0.0,1039.0,150.0,0.0,0.0,150.0,4.0,0,3.0,0.0,0.0,0.0,0.0,0.0,0.0,0.0,0.0
7564,1,1,2,0,0,0,1,1-25,10000.0,1.0,0.0,1039.0,5.0,1.0,0.0,0.0,1.0,1,5.0,0.0,0.0,0.0,0.0,0.0,0.0,0.0,0.0
7565,1,1,2,0,0,0,1,1-25,100.0,1.0,0.0,941.0,1300.0,0.0,0.0,1200.0,2.0,0,2.0,0.0,0.0,0.0,0.0,0.0,0.0,0.0,0.0
7566,1,1,2,0,0,0,1,101-500,10000.0,1.0,0.0,1039.0,50.0,1.0,0.0,15000.0,1.0,1,5.0,0.0,0.0,0.0,0.0,0.0,0.0,0.0,0.0
7567,1,1,2,0,0,0,1,1-25,100.0,1.0,0.0,1039.0,600.0,0.0,0.0,600.0,1.0,0,2.0,0.0,0.0,0.0,0.0,0.0,0.0,0.0,0.0
7568,1,1,2,0,0,0,1,1-25,100.0,1.0,0.0,1039.0,600.0,0.0,0.0,600.0,1.0,0,2.0,0.0,0.0,0.0,0.0,0.0,0.0,0.0,0.0
7569,0,1,2,0,0,0,10,101-500,10000.0,1.0,0.0,1037.0,170.0,1.0,0.0,29500.0,3.0,1,6.0,0.0,0.0,0.0,0.0,0.0,0.0,0.0,0.0
7570,0,1,2,0,0,0,10,More than 1000,10000.0,1.0,0.0,1038.0,155.0,1.0,0.0,0.0,2.0,1,6.0,0.0,0.0,0.0,0.0,0.0,0.0,0.0,0.0
7575,1,1,2,0,0,0,1,1-25,100.0,1.0,0.0,1038.0,600.0,0.0,0.0,600.0,1.0,0,2.0,0.0,0.0,0.0,0.0,0.0,0.0,0.0,0.0
7577,0,1,2,0,0,0,1,26-100,10000.0,1.0,0.0,1038.0,115.0,1.0,0.0,17700.0,1.0,1,5.0,0.0,0.0,0.0,0.0,0.0,0.0,0.0,0.0
7578,1,1,2,0,0,0,1,1-25,100.0,1.0,0.0,1038.0,50.0,0.0,0.0,50.0,1.0,0,2.0,0.0,0.0,0.0,0.0,0.0,0.0,0.0,0.0
7579,1,1,2,0,0,0,10,26-100,100.0,1.0,0.0,1038.0,150.0,0.0,0.0,150.0,1.0,0,3.0,0.0,0.0,0.0,0.0,0.0,0.0,0.0,0.0
7580,1,1,2,0,0,0,1,26-100,100.0,1.0,0.0,1038.0,50.0,0.0,0.0,50.0,1.0,0,2.0,0.0,0.0,0.0,0.0,0.0,0.0,0.0,0.0
7581,1,1,2,0,0,0,10,26-100,100.0,1.0,0.0,1038.0,150.0,0.0,0.0,150.0,1.0,0,3.0,0.0,0.0,0.0,0.0,0.0,0.0,0.0,0.0
7582,1,1,2,0,0,0,1,26-100,100.0,1.0,0.0,1038.0,50.0,0.0,0.0,50.0,1.0,0,2.0,0.0,0.0,0.0,0.0,0.0,0.0,0.0,0.0
7583,1,1,2,0,0,0,999,1-25,10000.0,1.0,0.0,1025.0,500000.0,1.0,1.0,2.0,1.0,1,7.0,9.0,5.0,1.0,0.0,0.0,0.0,0.0,0.0
7584,1,1,2,0,0,0,1,1-25,10000.0,1.0,0.0,1038.0,50.0,1.0,0.0,17700.0,1.0,1,5.0,0.0,0.0,0.0,0.0,0.0,0.0,0.0,0.0
7585,0,1,1,0,0,0,1,26-100,60.0,1.0,0.0,1038.0,251.0,1.0,0.0,50400.0,3.0,1,5.0,0.0,0.0,0.0,0.0,0.0,0.0,0.0,0.0
7586,1,1,2,0,0,0,1,26-100,60.0,1.0,0.0,1038.0,50.0,1.0,0.0,40000.0,2.0,1,6.0,0.0,0.0,0.0,0.0,0.0,0.0,0.0,0.0
7587,1,1,2,0,0,0,10,1-25,10000.0,1.0,0.0,1038.0,150.0,1.0,0.0,29500.0,1.0,1,6.0,0.0,0.0,0.0,0.0,0.0,0.0,0.0,0.0
7590,1,1,2,0,0,0,1,1-25,100.0,1.0,0.0,1038.0,605.0,0.0,0.0,600.0,2.0,0,2.0,0.0,0.0,0.0,0.0,0.0,0.0,0.0,0.0
7591,1,1,2,0,0,0,1,1-25,100.0,1.0,0.0,1038.0,605.0,0.0,0.0,600.0,2.0,0,2.0,0.0,0.0,0.0,0.0,0.0,0.0,0.0,0.0
7592,1,1,2,0,0,0,10,500-1000,10000.0,1.0,0.0,1038.0,150.0,1.0,0.0,29500.0,1.0,1,6.0,0.0,0.0,0.0,0.0,0.0,0.0,0.0,0.0
7593,0,1,1,0,0,0,1,1-25,100.0,1.0,0.0,1038.0,1205.0,0.0,0.0,1200.0,3.0,0,3.0,0.0,0.0,0.0,0.0,0.0,0.0,0.0,0.0
7594,0,1,2,0,0,0,10,1-25,60.0,1.0,0.0,1038.0,150.0,1.0,0.0,25000.0,2.0,1,6.0,0.0,0.0,0.0,0.0,0.0,0.0,0.0,0.0
7595,0,1,2,0,0,0,10,500-1000,10000.0,1.0,0.0,1038.0,465.0,1.0,0.0,91700.0,5.0,1,6.0,0.0,0.0,0.0,0.0,0.0,0.0,0.0,0.0
7596,1,1,2,0,0,0,10,1-25,10000.0,1.0,0.0,1001.0,130.0,1.0,0.0,29500.0,1.0,1,6.0,29.0,26.0,144.0,110.0,112.0,0.0,0.0,0.0
7597,0,1,2,0,0,0,10,101-500,100.0,1.0,0.0,1038.0,840.0,0.0,0.0,750.0,2.0,0,3.0,0.0,0.0,0.0,0.0,0.0,0.0,0.0,0.0
7598,0,1,1,0,0,0,1,1-25,60.0,1.0,0.0,1038.0,295.0,1.0,0.0,32700.0,4.0,1,5.0,0.0,0.0,0.0,0.0,0.0,0.0,0.0,0.0
7599,0,1,2,0,0,0,10,101-500,100.0,1.0,0.0,1038.0,500.0,0.0,0.0,13200.0,6.0,0,4.0,0.0,0.0,0.0,0.0,0.0,0.0,0.0,0.0
7600,1,1,2,0,0,0,1,1-25,100.0,1.0,0.0,1038.0,600.0,0.0,0.0,600.0,1.0,0,2.0,0.0,0.0,0.0,0.0,0.0,0.0,0.0,0.0
7605,0,1,2,0,0,0,10,101-500,10000.0,1.0,0.0,1037.0,370.0,1.0,0.0,62200.0,3.0,1,6.0,0.0,0.0,0.0,0.0,0.0,0.0,0.0,0.0
7606,0,1,2,0,0,0,10,1-25,100.0,1.0,0.0,963.0,2054.0,0.0,0.0,4050.0,7.0,0,4.0,4.0,0.0,1.0,1.0,1.0,0.0,0.0,0.0
7607,1,1,1,0,0,0,999,101-500,100.0,1.0,0.0,1037.0,500000.0,0.0,1.0,90000.0,3.0,0,4.0,0.0,0.0,0.0,0.0,0.0,0.0,0.0,0.0
7608,0,1,2,0,0,0,1,1-25,100.0,1.0,0.0,1037.0,425.0,0.0,0.0,0.0,2.0,0,2.0,0.0,0.0,0.0,0.0,0.0,0.0,0.0,0.0
7609,1,1,2,0,0,0,1,1-25,100.0,1.0,0.0,1037.0,600.0,0.0,0.0,600.0,1.0,0,2.0,0.0,0.0,0.0,0.0,0.0,0.0,0.0,0.0
7610,1,1,2,0,0,0,3,500-1000,100.0,1.0,0.0,1037.0,50.0,0.0,0.0,50.0,1.0,0,2.0,1.0,1.0,0.0,0.0,0.0,0.0,0.0,0.0
7611,1,1,2,0,0,0,10,1-25,10000.0,1.0,0.0,1037.0,150.0,1.0,0.0,0.0,1.0,1,6.0,0.0,0.0,0.0,0.0,0.0,0.0,0.0,0.0
7612,1,1,2,0,0,0,1,1-25,10000.0,1.0,0.0,1037.0,50.0,1.0,0.0,0.0,1.0,1,5.0,0.0,0.0,0.0,0.0,0.0,0.0,0.0,0.0
7613,0,1,1,0,0,0,1,1-25,100.0,1.0,0.0,1037.0,1250.0,0.0,0.0,1250.0,3.0,0,2.0,0.0,0.0,0.0,0.0,0.0,0.0,0.0,0.0
7614,0,1,1,0,0,0,1,1-25,100.0,1.0,0.0,1037.0,655.0,0.0,0.0,650.0,3.0,0,2.0,0.0,0.0,0.0,0.0,0.0,0.0,0.0,0.0
7615,0,1,1,0,0,0,1,1-25,10000.0,1.0,0.0,1037.0,110.0,1.0,0.0,32700.0,4.0,1,5.0,0.0,0.0,0.0,0.0,0.0,0.0,0.0,0.0
7616,0,1,1,0,0,0,10,26-100,100.0,1.0,0.0,1037.0,2000.0,0.0,0.0,2000.0,3.0,0,3.0,0.0,0.0,0.0,0.0,0.0,0.0,0.0,0.0
7617,1,1,2,0,0,0,999,26-100,10000.0,1.0,0.0,904.0,500000.0,1.0,1.0,1.0,1.0,1,7.0,0.0,2.0,0.0,0.0,0.0,0.0,0.0,0.0
7618,1,1,2,0,0,0,1,1-25,10000.0,1.0,0.0,1037.0,50.0,1.0,0.0,17700.0,1.0,1,5.0,0.0,4.0,0.0,0.0,0.0,0.0,0.0,0.0
7619,0,1,1,0,0,0,1,1-25,100.0,1.0,0.0,861.0,2359.0,0.0,0.0,2400.0,4.0,0,2.0,0.0,0.0,0.0,0.0,0.0,0.0,0.0,0.0
7620,0,1,2,0,0,0,10,101-500,100.0,1.0,0.0,1037.0,350.0,0.0,0.0,1350.0,3.0,0,3.0,0.0,0.0,0.0,0.0,0.0,0.0,0.0,0.0
7622,0,1,1,0,0,0,1,500-1000,100.0,1.0,0.0,1037.0,2550.0,0.0,0.0,2450.0,5.0,0,2.0,0.0,0.0,0.0,0.0,0.0,0.0,0.0,0.0
7624,1,1,2,0,0,0,1,101-500,10000.0,1.0,0.0,1037.0,50.0,1.0,0.0,15000.0,1.0,1,5.0,0.0,0.0,0.0,0.0,0.0,0.0,0.0,0.0
7627,0,1,2,0,0,0,10,1-25,10000.0,1.0,0.0,1037.0,350.0,1.0,0.0,29500.0,1.0,1,6.0,0.0,0.0,0.0,0.0,0.0,0.0,0.0,0.0
7628,0,1,1,0,0,0,10,1-25,100.0,1.0,0.0,1037.0,9700.0,0.0,0.0,9000.0,5.0,0,3.0,0.0,0.0,0.0,0.0,0.0,0.0,0.0,0.0
7629,0,1,2,0,0,0,10,101-500,100.0,1.0,0.0,1037.0,750.0,0.0,0.0,750.0,2.0,0,3.0,0.0,0.0,0.0,0.0,0.0,0.0,0.0,0.0
7630,0,1,1,0,0,0,999,26-100,100.0,1.0,0.0,1037.0,500000.0,0.0,1.0,27200.0,6.0,0,4.0,0.0,0.0,0.0,0.0,0.0,0.0,0.0,0.0
7631,1,1,2,0,0,0,10,101-500,100.0,1.0,0.0,1037.0,150.0,0.0,0.0,750.0,2.0,0,3.0,0.0,0.0,0.0,0.0,0.0,0.0,0.0,0.0
7632,1,1,2,0,0,0,1,101-500,10000.0,1.0,0.0,1037.0,50.0,1.0,0.0,15000.0,1.0,1,5.0,0.0,0.0,0.0,0.0,0.0,0.0,0.0,0.0
7633,1,1,2,0,0,0,10,500-1000,10000.0,1.0,0.0,1037.0,150.0,1.0,0.0,25000.0,1.0,1,6.0,0.0,0.0,0.0,0.0,0.0,0.0,0.0,0.0
7634,1,1,2,0,0,0,1,1-25,10000.0,1.0,0.0,1037.0,50.0,1.0,0.0,17700.0,1.0,1,5.0,0.0,0.0,0.0,0.0,0.0,0.0,0.0,0.0
7635,1,1,2,0,0,0,999,26-100,100.0,1.0,0.0,1037.0,500000.0,0.0,1.0,2000.0,2.0,0,4.0,0.0,0.0,0.0,0.0,0.0,0.0,0.0,0.0
7636,1,1,2,0,0,0,10,1-25,10000.0,1.0,0.0,1037.0,150.0,1.0,0.0,29500.0,1.0,1,6.0,0.0,0.0,0.0,0.0,0.0,0.0,0.0,0.0
7637,0,1,1,0,0,0,10,1-25,100.0,1.0,0.0,1036.0,3700.0,0.0,0.0,6000.0,6.0,0,3.0,0.0,0.0,0.0,0.0,0.0,0.0,0.0,0.0
7640,0,1,2,0,0,0,10,1-25,60.0,1.0,0.0,1036.0,425.0,1.0,0.0,57700.0,4.0,1,6.0,0.0,0.0,0.0,0.0,0.0,0.0,0.0,0.0
7641,1,1,2,0,0,0,1,1-25,100.0,1.0,0.0,1036.0,50.0,0.0,0.0,0.0,1.0,0,2.0,0.0,0.0,0.0,0.0,0.0,0.0,0.0,0.0
7642,0,1,2,0,0,0,1,1-25,100.0,1.0,0.0,1036.0,60.0,0.0,0.0,50.0,3.0,0,2.0,0.0,0.0,0.0,0.0,0.0,0.0,0.0,0.0
7643,0,1,2,0,0,0,1,1-25,60.0,1.0,0.0,1036.0,320.0,1.0,0.0,15000.0,2.0,1,6.0,0.0,0.0,0.0,0.0,0.0,0.0,0.0,0.0
7644,1,1,2,0,0,0,999,26-100,10000.0,1.0,0.0,1036.0,500000.0,1.0,1.0,10000.0,1.0,1,7.0,0.0,0.0,0.0,0.0,0.0,0.0,0.0,0.0
7645,1,1,1,0,0,0,999,500-1000,10000.0,1.0,0.0,1036.0,500000.0,1.0,1.0,16160.0,3.0,1,7.0,0.0,0.0,0.0,0.0,0.0,0.0,0.0,0.0
7646,1,1,2,0,0,0,999,26-100,10000.0,1.0,0.0,1036.0,500000.0,1.0,1.0,10000.0,1.0,1,7.0,0.0,0.0,0.0,0.0,0.0,0.0,0.0,0.0
7647,0,1,1,0,0,0,999,101-500,60.0,1.0,0.0,1019.0,500000.0,1.0,1.0,20000.0,2.0,1,7.0,1.0,0.0,2.0,2.0,2.0,0.0,0.0,0.0
7648,0,1,1,0,0,0,999,26-100,10000.0,1.0,0.0,1036.0,500000.0,1.0,1.0,30000.0,3.0,1,7.0,0.0,0.0,0.0,0.0,0.0,0.0,0.0,0.0
7649,0,1,2,0,0,0,10,26-100,10000.0,1.0,0.0,1036.0,520.0,1.0,0.0,65000.0,3.0,1,6.0,0.0,0.0,0.0,0.0,0.0,0.0,0.0,0.0
7650,0,1,2,0,0,0,1,1-25,10000.0,1.0,0.0,1036.0,200.0,1.0,0.0,60400.0,4.0,1,5.0,0.0,0.0,0.0,0.0,0.0,0.0,0.0,0.0
7651,1,1,2,0,0,0,1,1-25,100.0,1.0,0.0,1036.0,600.0,0.0,0.0,600.0,1.0,0,2.0,0.0,0.0,0.0,0.0,0.0,0.0,0.0,0.0
7652,1,1,2,0,0,0,10,1-25,10000.0,1.0,0.0,1036.0,150.0,1.0,0.0,29500.0,1.0,1,6.0,0.0,0.0,0.0,0.0,0.0,0.0,0.0,0.0
7653,1,1,2,0,0,0,1,1-25,10000.0,1.0,0.0,1036.0,50.0,1.0,0.0,17700.0,1.0,1,5.0,0.0,0.0,0.0,0.0,0.0,0.0,0.0,0.0
7654,1,1,2,0,0,0,1,101-500,100.0,1.0,0.0,1036.0,600.0,0.0,0.0,2400.0,2.0,0,2.0,0.0,0.0,0.0,0.0,0.0,0.0,0.0,0.0
7655,1,1,2,0,0,0,999,101-500,100.0,1.0,0.0,1036.0,500000.0,0.0,1.0,10000.0,1.0,0,4.0,0.0,0.0,0.0,0.0,0.0,0.0,0.0,0.0
7656,1,1,2,0,0,0,10,101-500,10000.0,1.0,0.0,1036.0,150.0,1.0,0.0,25000.0,1.0,1,6.0,0.0,0.0,0.0,0.0,0.0,0.0,0.0,0.0
7657,1,1,1,0,0,1,3,101-500,100.0,1.0,0.0,1033.0,1550.0,0.0,0.0,1800.0,3.0,0,2.0,0.0,0.0,0.0,0.0,0.0,0.0,0.0,0.0
7658,1,1,2,0,0,0,1,500-1000,10000.0,1.0,0.0,1033.0,10.0,1.0,0.0,0.0,1.0,1,5.0,0.0,0.0,0.0,0.0,0.0,0.0,0.0,0.0
7659,1,1,2,0,0,0,10,1-25,10000.0,1.0,0.0,1033.0,20.0,1.0,0.0,0.0,1.0,1,6.0,0.0,0.0,0.0,0.0,0.0,0.0,0.0,0.0
7660,1,1,2,0,0,0,999,More than 1000,10000.0,1.0,0.0,1033.0,500000.0,1.0,1.0,0.0,1.0,1,7.0,0.0,0.0,0.0,0.0,0.0,0.0,0.0,0.0
7661,1,1,2,0,0,0,10,1-25,10000.0,1.0,0.0,1033.0,15.0,1.0,0.0,0.0,1.0,1,6.0,0.0,0.0,0.0,0.0,0.0,0.0,0.0,0.0
7662,1,1,1,0,0,0,1,101-500,100.0,1.0,0.0,1033.0,650.0,0.0,0.0,600.0,2.0,0,2.0,0.0,0.0,0.0,0.0,0.0,0.0,0.0,0.0
7663,1,1,2,0,0,0,999,1-25,100.0,1.0,0.0,1033.0,500000.0,0.0,1.0,0.0,1.0,0,4.0,0.0,0.0,0.0,0.0,0.0,0.0,0.0,0.0
7664,1,1,1,0,0,0,999,500-1000,100.0,1.0,0.0,1033.0,500000.0,0.0,1.0,0.0,1.0,0,4.0,0.0,0.0,0.0,0.0,0.0,0.0,0.0,0.0
7665,1,1,2,0,0,0,1,1-25,100.0,1.0,0.0,1033.0,5.0,0.0,0.0,0.0,1.0,0,2.0,0.0,0.0,0.0,0.0,0.0,0.0,0.0,0.0
7666,1,1,2,0,0,0,999,26-100,100.0,1.0,0.0,1033.0,500000.0,0.0,1.0,20000.0,2.0,0,4.0,0.0,0.0,0.0,0.0,0.0,0.0,0.0,0.0
7667,1,1,2,0,0,0,1,1-25,100.0,1.0,0.0,1033.0,600.0,0.0,0.0,600.0,1.0,0,2.0,0.0,0.0,0.0,0.0,0.0,0.0,0.0,0.0
7669,1,1,2,0,0,0,1,1-25,100.0,1.0,0.0,1033.0,600.0,0.0,0.0,600.0,1.0,0,2.0,0.0,0.0,0.0,0.0,0.0,0.0,0.0,0.0
7670,1,1,2,0,0,0,1,1-25,100.0,1.0,0.0,1033.0,600.0,0.0,0.0,600.0,1.0,0,2.0,0.0,0.0,0.0,0.0,0.0,0.0,0.0,0.0
7671,0,1,1,0,0,0,10,1-25,100.0,1.0,0.0,1033.0,1950.0,0.0,0.0,1950.0,2.0,0,3.0,0.0,0.0,0.0,0.0,0.0,0.0,0.0,0.0
7672,1,1,2,0,0,0,10,101-500,100.0,1.0,0.0,1033.0,1800.0,0.0,0.0,1800.0,1.0,0,3.0,0.0,0.0,0.0,0.0,0.0,0.0,0.0,0.0
7673,1,1,2,0,0,0,10,1-25,100.0,1.0,0.0,1033.0,1800.0,0.0,0.0,1800.0,1.0,0,3.0,0.0,0.0,0.0,0.0,0.0,0.0,0.0,0.0
7674,1,1,2,0,0,0,10,1-25,10000.0,1.0,0.0,1033.0,150.0,1.0,0.0,29500.0,1.0,1,6.0,0.0,0.0,0.0,0.0,0.0,0.0,0.0,0.0
7675,1,1,2,0,0,0,1,101-500,100.0,1.0,0.0,1033.0,600.0,0.0,0.0,600.0,1.0,0,2.0,0.0,0.0,0.0,0.0,0.0,0.0,0.0,0.0
7676,1,1,2,0,0,0,1,1-25,10000.0,1.0,0.0,1033.0,50.0,1.0,0.0,17700.0,1.0,1,5.0,0.0,0.0,0.0,0.0,0.0,0.0,0.0,0.0
7680,1,1,2,0,0,0,10,1-25,100.0,1.0,0.0,1033.0,1800.0,0.0,0.0,1800.0,1.0,0,3.0,0.0,0.0,0.0,0.0,0.0,0.0,0.0,0.0
7681,0,1,2,0,0,0,10,101-500,100.0,1.0,0.0,1032.0,1050.0,0.0,0.0,750.0,2.0,0,3.0,0.0,0.0,0.0,0.0,0.0,0.0,0.0,0.0
7682,1,1,2,0,0,0,999,500-1000,100.0,1.0,0.0,1032.0,500000.0,0.0,1.0,1000.0,1.0,0,4.0,0.0,0.0,0.0,0.0,0.0,0.0,0.0,0.0
7683,0,1,2,0,0,0,1,101-500,100.0,1.0,0.0,1030.0,1455.0,0.0,0.0,1250.0,3.0,0,2.0,0.0,0.0,0.0,0.0,0.0,0.0,0.0,0.0
7684,1,1,2,0,0,0,10,26-100,100.0,1.0,0.0,1032.0,1950.0,0.0,0.0,1950.0,2.0,0,3.0,0.0,0.0,0.0,0.0,0.0,0.0,0.0,0.0
7685,1,1,2,0,0,0,1,26-100,100.0,1.0,0.0,1032.0,50.0,0.0,0.0,50.0,1.0,0,2.0,0.0,0.0,0.0,0.0,0.0,0.0,0.0,0.0
7686,1,1,2,0,0,0,1,101-500,100.0,1.0,0.0,1032.0,50.0,0.0,0.0,50.0,1.0,0,2.0,0.0,0.0,0.0,0.0,0.0,0.0,0.0,0.0
7687,1,1,2,0,0,0,10,26-100,100.0,1.0,0.0,1032.0,150.0,0.0,0.0,150.0,1.0,0,3.0,0.0,0.0,0.0,0.0,0.0,0.0,0.0,0.0
7688,1,1,2,0,0,0,999,26-100,100.0,1.0,0.0,1032.0,500000.0,0.0,1.0,1000.0,1.0,0,4.0,0.0,0.0,0.0,0.0,0.0,0.0,0.0,0.0
7689,1,1,2,0,0,0,999,101-500,100.0,1.0,0.0,1032.0,500000.0,0.0,1.0,1000.0,1.0,0,4.0,0.0,0.0,0.0,0.0,0.0,0.0,0.0,0.0
7690,1,1,2,0,0,0,999,1-25,100.0,1.0,0.0,1032.0,500000.0,0.0,1.0,0.0,1.0,0,4.0,0.0,0.0,0.0,0.0,0.0,0.0,0.0,0.0
7691,1,1,2,0,0,0,10,1-25,100.0,1.0,0.0,1032.0,3600.0,0.0,0.0,3000.0,3.0,0,3.0,0.0,0.0,0.0,0.0,0.0,0.0,0.0,0.0
7692,1,1,2,0,0,0,10,500-1000,100.0,1.0,0.0,1032.0,5950.0,0.0,0.0,5900.0,4.0,0,3.0,0.0,0.0,0.0,0.0,0.0,0.0,0.0,0.0
7693,1,1,2,0,0,0,1,1-25,100.0,1.0,0.0,1032.0,600.0,0.0,0.0,600.0,1.0,0,2.0,0.0,0.0,0.0,0.0,0.0,0.0,0.0,0.0
7694,1,1,2,0,0,0,999,101-500,100.0,1.0,0.0,1032.0,500000.0,0.0,1.0,10000.0,1.0,0,4.0,0.0,0.0,0.0,0.0,0.0,0.0,0.0,0.0
7695,0,1,1,0,0,0,999,1-25,100.0,1.0,0.0,1032.0,500000.0,0.0,1.0,20600.0,3.0,0,4.0,0.0,0.0,0.0,0.0,0.0,0.0,0.0,0.0
7698,1,1,2,0,0,0,1,1-25,100.0,1.0,0.0,1032.0,5.0,0.0,0.0,0.0,1.0,0,2.0,0.0,0.0,0.0,0.0,0.0,0.0,0.0,0.0
7699,1,1,2,0,0,0,10,1-25,100.0,1.0,0.0,1032.0,150.0,0.0,0.0,150.0,1.0,0,3.0,0.0,0.0,0.0,0.0,0.0,0.0,0.0,0.0
7700,1,1,2,0,0,0,999,1-25,100.0,1.0,0.0,1032.0,500000.0,0.0,1.0,0.0,1.0,0,4.0,0.0,0.0,0.0,0.0,0.0,0.0,0.0,0.0
7701,1,1,2,0,0,0,1,1-25,100.0,1.0,0.0,1032.0,5.0,0.0,0.0,0.0,1.0,0,2.0,0.0,0.0,0.0,0.0,0.0,0.0,0.0,0.0
7702,1,1,2,0,0,0,10,1-25,100.0,1.0,0.0,1032.0,150.0,0.0,0.0,1800.0,1.0,0,3.0,0.0,0.0,0.0,0.0,0.0,0.0,0.0,0.0
7703,1,1,2,0,0,0,10,1-25,10000.0,1.0,0.0,1032.0,150.0,1.0,0.0,29500.0,1.0,1,6.0,0.0,0.0,0.0,0.0,0.0,0.0,0.0,0.0
7704,0,1,2,0,0,0,10,101-500,100.0,1.0,0.0,1032.0,1550.0,0.0,0.0,1350.0,4.0,0,3.0,0.0,0.0,0.0,0.0,0.0,0.0,0.0,0.0
7705,1,1,2,0,0,0,1,1-25,100.0,1.0,0.0,1032.0,900.0,0.0,0.0,600.0,1.0,0,2.0,0.0,0.0,0.0,0.0,0.0,0.0,0.0,0.0
7707,1,1,2,0,0,0,1,1-25,100.0,1.0,0.0,1032.0,150.0,0.0,0.0,0.0,1.0,0,2.0,0.0,0.0,0.0,0.0,0.0,0.0,0.0,0.0
7710,1,1,2,0,0,0,999,101-500,100.0,1.0,0.0,1031.0,500000.0,0.0,1.0,5000.0,1.0,0,4.0,0.0,0.0,0.0,0.0,0.0,0.0,0.0,0.0
7711,1,1,2,0,0,0,999,101-500,100.0,1.0,0.0,1031.0,500000.0,0.0,1.0,80000.0,2.0,0,4.0,0.0,0.0,0.0,0.0,0.0,0.0,0.0,0.0
7712,1,1,2,0,0,0,1,1-25,100.0,1.0,0.0,1031.0,765.0,0.0,0.0,650.0,3.0,0,2.0,0.0,0.0,0.0,0.0,0.0,0.0,0.0,0.0
7713,1,1,2,0,0,0,1,1-25,10000.0,1.0,0.0,1031.0,20.0,1.0,0.0,0.0,1.0,1,5.0,0.0,0.0,0.0,0.0,0.0,0.0,0.0,0.0
7715,1,1,2,0,0,0,999,101-500,100.0,1.0,0.0,1030.0,500000.0,0.0,1.0,10600.0,2.0,0,4.0,0.0,0.0,0.0,0.0,0.0,0.0,0.0,0.0
7716,1,1,2,0,0,0,1,101-500,100.0,1.0,0.0,1031.0,50.0,0.0,0.0,50.0,1.0,0,2.0,0.0,0.0,0.0,0.0,0.0,0.0,0.0,0.0
7717,1,1,2,0,0,0,10,More than 1000,100.0,1.0,0.0,1031.0,1800.0,0.0,0.0,2400.0,2.0,0,3.0,0.0,0.0,0.0,0.0,0.0,0.0,0.0,0.0
7718,1,1,2,0,0,0,10,1-25,100.0,2.0,0.0,1031.0,1800.0,0.0,0.0,1800.0,1.0,0,3.0,0.0,0.0,0.0,0.0,0.0,0.0,0.0,0.0
7719,1,1,2,0,0,0,999,101-500,100.0,1.0,0.0,1031.0,600.0,0.0,0.0,10600.0,2.0,0,4.0,0.0,0.0,0.0,0.0,0.0,0.0,0.0,0.0
7721,1,1,2,0,0,0,1,1-25,10000.0,1.0,0.0,1031.0,50.0,1.0,0.0,17700.0,1.0,1,5.0,6.0,1.0,0.0,0.0,0.0,0.0,0.0,0.0
7722,1,1,2,0,0,0,10,1-25,100.0,1.0,0.0,1031.0,1800.0,0.0,0.0,1800.0,1.0,0,3.0,0.0,0.0,0.0,0.0,0.0,0.0,0.0,0.0
7723,0,1,1,0,0,0,10,1-25,100.0,1.0,0.0,1031.0,5750.0,0.0,0.0,5550.0,4.0,0,3.0,0.0,0.0,0.0,0.0,0.0,0.0,0.0,0.0
7725,1,1,2,0,0,0,1,1-25,100.0,1.0,0.0,1031.0,600.0,0.0,0.0,600.0,1.0,0,2.0,0.0,0.0,0.0,0.0,0.0,0.0,0.0,0.0
7726,1,1,2,0,0,0,1,1-25,100.0,1.0,0.0,1030.0,600.0,0.0,0.0,600.0,1.0,0,2.0,0.0,0.0,0.0,0.0,0.0,0.0,0.0,0.0
7727,1,1,2,0,0,0,10,1-25,100.0,1.0,0.0,1030.0,1800.0,0.0,0.0,1800.0,1.0,0,3.0,0.0,0.0,0.0,0.0,0.0,0.0,0.0,0.0
7728,1,1,2,0,0,0,1,1-25,100.0,1.0,0.0,1030.0,600.0,0.0,0.0,600.0,1.0,0,2.0,0.0,0.0,0.0,0.0,0.0,0.0,0.0,0.0
7729,1,1,2,0,0,0,10,1-25,100.0,1.0,0.0,1030.0,1800.0,0.0,0.0,1850.0,2.0,0,3.0,0.0,0.0,0.0,0.0,0.0,0.0,0.0,0.0
7730,1,1,2,0,0,0,1,1-25,100.0,1.0,0.0,1030.0,600.0,0.0,0.0,600.0,1.0,0,2.0,0.0,0.0,0.0,0.0,0.0,0.0,0.0,0.0
7731,1,1,2,0,0,0,1,101-500,100.0,1.0,0.0,1030.0,700.0,0.0,0.0,600.0,1.0,0,2.0,0.0,0.0,0.0,0.0,0.0,0.0,0.0,0.0
7732,1,1,2,0,0,0,10,1-25,100.0,1.0,0.0,1030.0,1800.0,0.0,0.0,1800.0,1.0,0,3.0,0.0,0.0,0.0,0.0,0.0,0.0,0.0,0.0
7733,1,1,2,0,0,0,1,1-25,100.0,1.0,0.0,1030.0,600.0,0.0,0.0,600.0,1.0,0,2.0,0.0,0.0,0.0,0.0,0.0,0.0,0.0,0.0
7734,1,1,2,0,0,0,10,1-25,100.0,1.0,0.0,1030.0,1800.0,0.0,0.0,1800.0,1.0,0,3.0,0.0,0.0,0.0,0.0,0.0,0.0,0.0,0.0
7736,1,1,2,0,0,0,1,26-100,100.0,1.0,0.0,1030.0,50.0,0.0,0.0,50.0,1.0,0,2.0,0.0,0.0,0.0,0.0,0.0,0.0,0.0,0.0
7737,1,1,1,0,0,0,10,500-1000,100.0,1.0,0.0,1030.0,150.0,0.0,0.0,150.0,1.0,0,3.0,0.0,0.0,0.0,0.0,0.0,0.0,0.0,0.0
7738,1,1,2,0,0,0,10,26-100,100.0,1.0,0.0,1026.0,1950.0,0.0,0.0,2000.0,3.0,0,3.0,0.0,0.0,0.0,0.0,0.0,0.0,0.0,0.0
7739,1,1,1,0,0,0,999,101-500,100.0,1.0,0.0,1030.0,500000.0,0.0,1.0,2500.0,2.0,0,4.0,0.0,0.0,0.0,0.0,0.0,0.0,0.0,0.0
7741,1,1,2,0,0,0,1,1-25,100.0,1.0,0.0,1030.0,600.0,0.0,0.0,600.0,1.0,0,2.0,0.0,0.0,0.0,0.0,0.0,0.0,0.0,0.0
7742,1,1,2,0,0,0,10,1-25,100.0,1.0,0.0,1030.0,1800.0,0.0,0.0,1800.0,1.0,0,3.0,0.0,0.0,0.0,0.0,0.0,0.0,0.0,0.0
7743,1,1,2,0,0,0,1,1-25,100.0,1.0,0.0,1030.0,600.0,0.0,0.0,600.0,1.0,0,2.0,0.0,0.0,0.0,0.0,0.0,0.0,0.0,0.0
7744,1,1,1,0,0,0,1,26-100,100.0,1.0,0.0,1030.0,2000.0,0.0,0.0,1800.0,3.0,0,2.0,0.0,0.0,0.0,0.0,0.0,0.0,0.0,0.0
7745,1,1,2,0,0,0,10,26-100,100.0,1.0,0.0,1030.0,150.0,0.0,0.0,1350.0,3.0,0,3.0,0.0,0.0,0.0,0.0,0.0,0.0,0.0,0.0
7746,1,1,2,0,0,0,10,1-25,100.0,1.0,0.0,1029.0,150.0,0.0,0.0,200.0,2.0,0,3.0,0.0,0.0,0.0,0.0,0.0,0.0,0.0,0.0
7747,1,1,2,0,0,0,10,1-25,100.0,2.0,0.0,1031.0,150.0,0.0,0.0,0.0,1.0,0,3.0,0.0,0.0,0.0,0.0,0.0,0.0,0.0,0.0
7748,1,1,2,0,0,0,10,1-25,100.0,1.0,0.0,1030.0,1800.0,0.0,0.0,1800.0,1.0,0,3.0,0.0,0.0,0.0,0.0,0.0,0.0,0.0,0.0
7749,1,1,2,0,0,0,10,1-25,100.0,1.0,0.0,1030.0,2000.0,0.0,0.0,1800.0,1.0,0,3.0,0.0,0.0,0.0,0.0,0.0,0.0,0.0,0.0
7750,1,1,2,0,0,0,10,26-100,100.0,1.0,0.0,1030.0,2400.0,0.0,0.0,2400.0,2.0,0,3.0,0.0,0.0,0.0,0.0,0.0,0.0,0.0,0.0
7751,1,1,2,0,0,1,6,1-25,100.0,1.0,0.0,1029.0,600.0,0.0,0.0,600.0,1.0,0,2.0,0.0,0.0,0.0,0.0,0.0,0.0,0.0,0.0
7752,1,1,2,0,0,0,10,1-25,10000.0,1.0,0.0,1029.0,150.0,1.0,0.0,29500.0,1.0,1,6.0,0.0,0.0,0.0,0.0,0.0,0.0,0.0,0.0
7753,1,1,2,0,0,0,10,1-25,10000.0,1.0,0.0,1029.0,650.0,1.0,0.0,131200.0,5.0,1,6.0,0.0,0.0,0.0,0.0,0.0,0.0,0.0,0.0
7754,1,1,2,0,0,0,1,1-25,100.0,1.0,0.0,1027.0,0.0,0.0,0.0,0.0,1.0,0,0.0,0.0,0.0,0.0,0.0,0.0,0.0,0.0,0.0
7755,1,1,2,0,0,0,1,1-25,100.0,1.0,0.0,1026.0,0.0,0.0,0.0,0.0,1.0,0,2.0,0.0,0.0,0.0,0.0,0.0,0.0,0.0,0.0
7756,1,1,1,0,0,0,1,1-25,100.0,1.0,0.0,1026.0,650.0,0.0,0.0,650.0,2.0,0,2.0,0.0,0.0,0.0,0.0,0.0,0.0,0.0,0.0
7757,1,1,2,0,0,0,1,26-100,100.0,1.0,0.0,966.0,600.0,0.0,0.0,600.0,1.0,0,2.0,6.0,1.0,4.0,2.0,2.0,0.0,0.0,0.0
7758,1,1,2,0,0,0,999,1-25,100.0,1.0,0.0,1026.0,500000.0,0.0,1.0,500.0,1.0,0,4.0,0.0,0.0,0.0,0.0,0.0,0.0,0.0,0.0
7759,1,1,2,0,0,0,999,1-25,100.0,1.0,0.0,1026.0,500000.0,0.0,1.0,500.0,1.0,0,4.0,0.0,0.0,0.0,0.0,0.0,0.0,0.0,0.0
7760,1,1,2,0,0,0,999,1-25,100.0,2.0,0.0,1026.0,500000.0,0.0,1.0,5001.0,1.0,0,4.0,0.0,0.0,0.0,0.0,0.0,0.0,0.0,0.0
7761,1,1,2,0,0,0,999,1-25,100.0,2.0,0.0,1026.0,500000.0,0.0,1.0,5001.0,1.0,0,4.0,0.0,0.0,0.0,0.0,0.0,0.0,0.0,0.0
7762,1,1,2,0,0,0,999,More than 1000,100.0,1.0,0.0,1025.0,500000.0,0.0,1.0,10000.0,1.0,0,4.0,0.0,0.0,0.0,0.0,0.0,0.0,0.0,0.0
7763,1,1,2,0,0,0,10,1-25,100.0,1.0,0.0,1025.0,150.0,0.0,0.0,150.0,1.0,0,3.0,0.0,0.0,0.0,0.0,0.0,0.0,0.0,0.0
7764,0,1,2,0,0,0,10,26-100,100.0,1.0,0.0,1025.0,200.0,0.0,0.0,200.0,2.0,0,3.0,0.0,0.0,0.0,0.0,0.0,0.0,0.0,0.0
7765,1,1,2,0,0,0,1,1-25,10000.0,1.0,0.0,1024.0,50.0,1.0,0.0,17700.0,1.0,1,5.0,0.0,0.0,0.0,0.0,0.0,0.0,0.0,0.0
7766,1,1,2,0,0,0,999,1-25,100.0,1.0,0.0,1025.0,500000.0,0.0,1.0,10000.0,1.0,0,4.0,0.0,0.0,0.0,0.0,0.0,0.0,0.0,0.0
7767,1,1,2,0,0,0,10,1-25,10000.0,1.0,0.0,1025.0,150.0,1.0,0.0,29500.0,1.0,1,6.0,0.0,0.0,0.0,0.0,0.0,0.0,0.0,0.0
7768,1,1,2,0,0,0,1,1-25,100.0,1.0,0.0,1025.0,600.0,0.0,0.0,600.0,1.0,0,2.0,0.0,0.0,0.0,0.0,0.0,0.0,0.0,0.0
7769,1,1,2,0,0,0,1,1-25,100.0,1.0,0.0,1025.0,600.0,0.0,0.0,600.0,1.0,0,2.0,0.0,0.0,0.0,0.0,0.0,0.0,0.0,0.0
7770,1,1,2,0,0,0,1,1-25,100.0,1.0,0.0,1025.0,600.0,0.0,0.0,600.0,1.0,0,2.0,0.0,0.0,0.0,0.0,0.0,0.0,0.0,0.0
7771,1,1,2,0,0,0,1,500-1000,100.0,1.0,0.0,1025.0,600.0,0.0,0.0,600.0,1.0,0,2.0,0.0,0.0,0.0,0.0,0.0,0.0,0.0,0.0
7772,1,1,1,0,0,0,999,1-25,100.0,1.0,0.0,966.0,499993.0,0.0,1.0,30000.0,3.0,0,4.0,2.0,0.0,3.0,3.0,3.0,0.0,0.0,0.0
7773,1,1,2,0,0,0,1,26-100,10000.0,1.0,0.0,1025.0,50.0,1.0,0.0,15000.0,1.0,1,5.0,0.0,0.0,0.0,0.0,0.0,0.0,0.0,0.0
7774,1,1,2,0,0,0,10,26-100,10000.0,1.0,0.0,1025.0,15.0,1.0,0.0,2950.0,1.0,1,6.0,0.0,0.0,0.0,0.0,0.0,0.0,0.0,0.0
7775,1,1,2,0,0,0,10,1-25,100.0,1.0,0.0,1025.0,4200.0,0.0,0.0,3600.0,2.0,0,3.0,0.0,0.0,0.0,0.0,0.0,0.0,0.0,0.0
7777,1,1,2,0,0,0,1,1-25,100.0,1.0,0.0,863.0,2105.0,0.0,0.0,1800.0,3.0,0,2.0,1.0,0.0,1.0,0.0,0.0,0.0,0.0,0.0
7779,1,1,2,0,0,0,10,1-25,100.0,1.0,0.0,1025.0,1500.0,0.0,0.0,1500.0,1.0,0,3.0,0.0,0.0,0.0,0.0,0.0,0.0,0.0,0.0
7781,1,1,2,0,0,0,10,26-100,100.0,1.0,0.0,1025.0,150.0,0.0,0.0,150.0,1.0,0,3.0,0.0,0.0,0.0,0.0,0.0,0.0,0.0,0.0
7783,1,1,2,0,0,0,1,26-100,100.0,1.0,0.0,1025.0,50.0,0.0,0.0,50.0,1.0,0,2.0,0.0,0.0,0.0,0.0,0.0,0.0,0.0,0.0
7784,0,1,2,0,0,0,10,1-25,100.0,1.0,0.0,1025.0,240.0,0.0,0.0,150.0,1.0,0,3.0,0.0,0.0,0.0,0.0,0.0,0.0,0.0,0.0
7785,1,1,1,0,0,0,1,500-1000,100.0,1.0,0.0,1025.0,2900.0,0.0,0.0,1800.0,3.0,0,2.0,0.0,0.0,0.0,0.0,0.0,0.0,0.0,0.0
7787,1,1,2,0,0,0,10,More than 1000,100.0,1.0,0.0,1025.0,1800.0,0.0,0.0,1800.0,1.0,0,3.0,0.0,0.0,0.0,0.0,0.0,0.0,0.0,0.0
7788,1,1,1,0,0,0,999,500-1000,100.0,1.0,0.0,1024.0,500000.0,0.0,1.0,40000.0,2.0,0,4.0,0.0,0.0,0.0,0.0,0.0,0.0,0.0,0.0
7789,1,1,2,0,0,0,10,26-100,100.0,1.0,0.0,1023.0,250.0,0.0,0.0,200.0,2.0,0,3.0,0.0,0.0,0.0,0.0,0.0,0.0,0.0,0.0
7790,1,1,2,0,0,0,999,1-25,100.0,1.0,0.0,1024.0,500000.0,0.0,1.0,10000.0,1.0,0,4.0,0.0,0.0,0.0,0.0,0.0,0.0,0.0,0.0
7791,1,1,2,0,0,0,1,1-25,10000.0,1.0,0.0,1024.0,50.0,1.0,0.0,17700.0,1.0,1,5.0,0.0,0.0,0.0,0.0,0.0,0.0,0.0,0.0
7792,1,1,2,0,0,0,999,1-25,100.0,1.0,0.0,1024.0,500000.0,0.0,1.0,20000.0,1.0,0,4.0,0.0,0.0,0.0,0.0,0.0,0.0,0.0,0.0
7793,1,1,2,0,0,0,10,101-500,100.0,1.0,0.0,1024.0,115.0,0.0,0.0,150.0,1.0,0,3.0,5.0,1.0,36.0,30.0,33.0,0.0,0.0,0.0
7794,0,1,1,0,0,0,10,1-25,100.0,1.0,0.0,1024.0,2000.0,0.0,0.0,1950.0,2.0,0,3.0,0.0,0.0,0.0,0.0,0.0,0.0,0.0,0.0
7795,1,1,2,0,0,0,1,1-25,10000.0,1.0,0.0,1024.0,60.0,1.0,0.0,1000.0,2.0,1,5.0,0.0,0.0,0.0,0.0,0.0,0.0,0.0,0.0
7796,1,1,2,0,0,0,1,500-1000,10000.0,1.0,0.0,1024.0,20.0,1.0,0.0,0.0,1.0,1,5.0,0.0,0.0,0.0,0.0,0.0,0.0,0.0,0.0
7797,1,1,2,0,0,0,1,More than 1000,10000.0,1.0,0.0,1024.0,65.0,1.0,0.0,1416.0,2.0,1,5.0,0.0,0.0,0.0,0.0,0.0,0.0,0.0,0.0
7798,0,1,1,0,0,1,11,1-25,100.0,1.0,0.0,1023.0,9310.0,0.0,0.0,11400.0,9.0,0,3.0,0.0,0.0,0.0,0.0,0.0,0.0,0.0,0.0
7799,0,1,1,0,0,0,10,More than 1000,60.0,1.0,0.0,1024.0,620.0,1.0,0.0,80500.0,5.0,1,6.0,0.0,0.0,0.0,0.0,0.0,0.0,0.0,0.0
7801,1,1,2,0,0,0,1,1-25,100.0,1.0,0.0,1024.0,600.0,0.0,0.0,600.0,1.0,0,2.0,0.0,0.0,0.0,0.0,0.0,0.0,0.0,0.0
7802,1,1,2,0,0,0,999,26-100,10000.0,1.0,0.0,1024.0,500000.0,1.0,1.0,50000.0,1.0,1,7.0,2.0,3.0,0.0,0.0,0.0,0.0,0.0,0.0
7803,1,1,2,0,0,0,999,1-25,100.0,1.0,0.0,1024.0,500000.0,0.0,1.0,10000.0,1.0,0,4.0,0.0,0.0,0.0,0.0,0.0,0.0,0.0,0.0
7804,1,1,2,0,0,0,1,26-100,100.0,1.0,0.0,1024.0,50.0,0.0,0.0,50.0,1.0,0,2.0,0.0,0.0,0.0,0.0,0.0,0.0,0.0,0.0
7805,0,1,2,0,0,0,10,101-500,60.0,1.0,0.0,1024.0,250.0,1.0,0.0,55000.0,3.0,1,6.0,0.0,0.0,0.0,0.0,0.0,0.0,0.0,0.0
7807,1,1,2,0,0,0,999,101-500,100.0,1.0,0.0,1024.0,500000.0,0.0,1.0,10000.0,1.0,0,4.0,0.0,0.0,0.0,0.0,0.0,0.0,0.0,0.0
7808,1,1,2,0,0,0,1,101-500,100.0,1.0,0.0,1024.0,600.0,0.0,0.0,600.0,1.0,0,2.0,0.0,0.0,0.0,0.0,0.0,0.0,0.0,0.0
7809,1,1,2,0,0,0,10,101-500,100.0,1.0,0.0,1024.0,150.0,0.0,0.0,150.0,1.0,0,3.0,0.0,0.0,0.0,0.0,0.0,0.0,0.0,0.0
7810,1,1,1,0,0,1,14,101-500,100.0,1.0,0.0,520.0,22106.0,0.0,0.0,2100.0,3.0,0,3.0,0.0,1.0,943.0,461.0,479.0,0.0,0.0,0.0
7811,1,1,2,0,0,0,999,101-500,10000.0,1.0,0.0,1023.0,500000.0,1.0,1.0,118.0,1.0,1,7.0,0.0,0.0,0.0,0.0,0.0,0.0,0.0,0.0
7812,1,1,1,0,0,0,999,101-500,100.0,1.0,0.0,1023.0,500000.0,0.0,1.0,4000.0,2.0,0,4.0,0.0,0.0,0.0,0.0,0.0,0.0,0.0,0.0
7813,1,1,2,0,0,0,10,500-1000,100.0,1.0,0.0,1023.0,2251.0,0.0,0.0,1950.0,2.0,0,3.0,0.0,0.0,0.0,0.0,0.0,0.0,0.0,0.0
7815,1,1,2,0,0,0,1,1-25,10000.0,1.0,0.0,1023.0,150.0,1.0,0.0,17700.0,1.0,1,5.0,0.0,0.0,0.0,0.0,0.0,0.0,0.0,0.0
7816,1,1,2,0,0,0,999,26-100,100.0,1.0,0.0,1023.0,500000.0,0.0,1.0,10000.0,1.0,0,4.0,0.0,0.0,0.0,0.0,0.0,0.0,0.0,0.0
7817,1,1,2,0,0,0,1,26-100,100.0,1.0,0.0,1023.0,50.0,0.0,0.0,50.0,1.0,0,2.0,0.0,0.0,0.0,0.0,0.0,0.0,0.0,0.0
7818,1,1,2,0,0,0,10,1-25,10000.0,1.0,0.0,1023.0,150.0,1.0,0.0,29500.0,1.0,1,6.0,0.0,0.0,0.0,0.0,0.0,0.0,0.0,0.0
7819,1,1,1,0,0,0,1,1-25,60.0,1.0,0.0,1009.0,520.0,1.0,0.0,34200.0,11.0,1,5.0,0.0,0.0,0.0,0.0,0.0,0.0,0.0,0.0
7820,1,1,2,0,0,0,999,101-500,100.0,1.0,0.0,1023.0,500000.0,0.0,1.0,20000.0,1.0,0,4.0,1.0,0.0,0.0,0.0,0.0,0.0,0.0,0.0
7823,1,1,2,0,0,0,10,101-500,100.0,1.0,0.0,1023.0,1800.0,0.0,0.0,1800.0,1.0,0,3.0,0.0,0.0,0.0,0.0,0.0,0.0,0.0,0.0
7824,1,1,2,0,0,0,1,1-25,100.0,1.0,0.0,1023.0,5.0,0.0,0.0,0.0,1.0,0,2.0,0.0,0.0,0.0,0.0,0.0,0.0,0.0,0.0
7825,1,1,2,0,0,0,10,1-25,100.0,1.0,0.0,1023.0,1927.0,0.0,0.0,1800.0,2.0,0,3.0,0.0,0.0,0.0,0.0,0.0,0.0,0.0,0.0
7829,1,1,1,0,0,1,999,500-1000,100.0,1.0,0.0,1015.0,2750.0,0.0,0.0,21400.0,29.0,0,4.0,0.0,1.0,0.0,0.0,0.0,0.0,0.0,0.0
7830,1,1,2,0,0,1,10,101-500,100.0,1.0,0.0,987.0,11150.0,0.0,0.0,11050.0,7.0,0,3.0,0.0,0.0,0.0,0.0,0.0,0.0,0.0,0.0
7831,1,1,2,0,0,0,999,500-1000,100.0,1.0,0.0,1011.0,500000.0,0.0,1.0,270050.0,25.0,0,4.0,0.0,0.0,0.0,0.0,0.0,0.0,0.0,0.0
7832,1,1,1,0,0,1,1,26-100,100.0,1.0,0.0,942.0,900.0,0.0,0.0,28450.0,29.0,0,4.0,1.0,5.0,4.0,2.0,2.0,0.0,0.0,0.0
7833,1,1,1,0,0,0,10,26-100,100.0,1.0,0.0,956.0,11300.0,0.0,0.0,13000.0,9.0,0,3.0,1.0,0.0,1.0,0.0,0.0,0.0,0.0,0.0
7834,1,1,2,0,0,0,999,500-1000,100.0,1.0,0.0,955.0,500000.0,0.0,1.0,40000.0,4.0,0,4.0,1.0,2.0,3.0,3.0,3.0,0.0,0.0,0.0
7835,1,1,2,0,0,0,1,1-25,100.0,1.0,0.0,1023.0,5.0,0.0,0.0,0.0,1.0,0,2.0,0.0,0.0,0.0,0.0,0.0,0.0,0.0,0.0
7836,0,1,2,0,0,0,1,1-25,10000.0,1.0,0.0,1023.0,10.0,1.0,0.0,0.0,2.0,1,5.0,0.0,0.0,0.0,0.0,0.0,0.0,0.0,0.0
7838,0,1,2,0,0,0,1,500-1000,10000.0,1.0,0.0,1017.0,20.0,1.0,0.0,0.0,2.0,1,5.0,0.0,0.0,0.0,0.0,0.0,0.0,0.0,0.0
7839,0,1,1,0,0,0,1,500-1000,10000.0,1.0,0.0,1017.0,110.0,1.0,0.0,32700.0,4.0,1,5.0,0.0,0.0,0.0,0.0,0.0,0.0,0.0,0.0
7840,0,1,2,0,0,0,1,1-25,10000.0,1.0,0.0,1023.0,10.0,1.0,0.0,0.0,2.0,1,5.0,0.0,0.0,0.0,0.0,0.0,0.0,0.0,0.0
7843,1,1,1,0,0,0,1,101-500,100.0,1.0,0.0,1022.0,640.0,0.0,0.0,650.0,2.0,0,2.0,0.0,0.0,0.0,0.0,0.0,0.0,0.0,0.0
7846,1,1,2,0,0,0,1,101-500,100.0,1.0,0.0,1022.0,50.0,0.0,0.0,50.0,1.0,0,2.0,0.0,0.0,0.0,0.0,0.0,0.0,0.0,0.0
7847,1,1,2,0,0,0,2,101-500,100.0,1.0,0.0,1022.0,50.0,0.0,0.0,50.0,1.0,0,2.0,0.0,0.0,0.0,0.0,0.0,0.0,0.0,0.0
7848,1,1,2,0,0,0,10,26-100,100.0,1.0,0.0,1022.0,150.0,0.0,0.0,150.0,1.0,0,3.0,0.0,0.0,0.0,0.0,0.0,0.0,0.0,0.0
7849,1,1,2,0,0,0,1,101-500,100.0,1.0,0.0,1022.0,50.0,0.0,0.0,50.0,1.0,0,2.0,0.0,0.0,0.0,0.0,0.0,0.0,0.0,0.0
7850,1,1,2,0,0,0,1,500-1000,100.0,1.0,0.0,1022.0,50.0,0.0,0.0,50.0,1.0,0,2.0,0.0,0.0,0.0,0.0,0.0,0.0,0.0,0.0
7852,1,1,1,0,0,0,10,500-1000,100.0,1.0,0.0,1022.0,2000.0,0.0,0.0,2000.0,2.0,0,3.0,0.0,0.0,0.0,0.0,0.0,0.0,0.0,0.0
7853,1,1,2,0,0,0,10,26-100,100.0,1.0,0.0,1022.0,150.0,0.0,0.0,150.0,1.0,0,3.0,0.0,0.0,0.0,0.0,0.0,0.0,0.0,0.0
7854,1,1,2,0,0,0,16,26-100,100.0,1.0,0.0,1022.0,270.0,0.0,0.0,150.0,1.0,0,3.0,0.0,0.0,0.0,0.0,0.0,0.0,0.0,0.0
7855,1,1,2,0,0,0,999,101-500,100.0,1.0,0.0,1022.0,500000.0,0.0,1.0,2000.0,1.0,0,4.0,0.0,0.0,0.0,0.0,0.0,0.0,0.0,0.0
7856,1,1,2,0,0,0,2,500-1000,100.0,1.0,0.0,1022.0,600.0,0.0,0.0,600.0,1.0,0,2.0,0.0,0.0,0.0,0.0,0.0,0.0,0.0,0.0
7857,1,1,2,0,0,0,100,26-100,100.0,1.0,0.0,1022.0,1800.0,0.0,0.0,1800.0,1.0,0,3.0,0.0,0.0,0.0,0.0,0.0,0.0,0.0,0.0
7858,1,1,2,0,0,0,999,26-100,100.0,1.0,0.0,1022.0,500000.0,0.0,1.0,100.0,1.0,0,4.0,0.0,0.0,0.0,0.0,0.0,0.0,0.0,0.0
7859,1,1,2,0,0,0,999,1-25,100.0,1.0,0.0,1022.0,500000.0,0.0,1.0,10000.0,1.0,0,4.0,0.0,0.0,0.0,0.0,0.0,0.0,0.0,0.0
7860,1,1,2,0,0,0,1,1-25,100.0,1.0,0.0,1022.0,50.0,0.0,0.0,50.0,1.0,0,2.0,0.0,0.0,0.0,0.0,0.0,0.0,0.0,0.0
7861,1,1,2,0,0,0,999,1-25,100.0,1.0,0.0,1022.0,500000.0,0.0,1.0,10000.0,1.0,0,4.0,0.0,0.0,0.0,0.0,0.0,0.0,0.0,0.0
7862,1,1,2,0,0,0,999,101-500,100.0,1.0,0.0,1022.0,500000.0,0.0,1.0,10000.0,1.0,0,4.0,0.0,0.0,0.0,0.0,0.0,0.0,0.0,0.0
7863,1,1,2,0,0,0,999,26-100,100.0,1.0,0.0,1022.0,500000.0,0.0,1.0,10000.0,1.0,0,4.0,0.0,0.0,0.0,0.0,0.0,0.0,0.0,0.0
7866,1,1,2,0,0,0,1,1-25,100.0,1.0,0.0,1022.0,50.0,0.0,0.0,0.0,1.0,0,2.0,0.0,0.0,0.0,0.0,0.0,0.0,0.0,0.0
7867,0,1,2,0,0,0,1,101-500,100.0,1.0,0.0,1022.0,650.0,0.0,0.0,600.0,2.0,0,2.0,0.0,0.0,0.0,0.0,0.0,0.0,0.0,0.0
7870,1,1,2,0,0,0,999,101-500,100.0,1.0,0.0,1022.0,500000.0,0.0,1.0,10000.0,1.0,0,4.0,0.0,0.0,0.0,0.0,0.0,0.0,0.0,0.0
7871,1,1,2,0,0,0,10,1-25,100.0,1.0,0.0,1022.0,150.0,0.0,0.0,150.0,1.0,0,3.0,0.0,0.0,0.0,0.0,0.0,0.0,0.0,0.0
7872,1,1,1,0,0,0,999,1-25,100.0,1.0,0.0,1022.0,500000.0,0.0,1.0,20000.0,2.0,0,4.0,0.0,0.0,0.0,0.0,0.0,0.0,0.0,0.0
7873,1,1,2,0,0,0,999,26-100,100.0,1.0,0.0,1022.0,500000.0,0.0,1.0,10000.0,1.0,0,4.0,0.0,0.0,0.0,0.0,0.0,0.0,0.0,0.0
7874,1,1,2,0,0,0,1,101-500,100.0,1.0,0.0,1022.0,50.0,0.0,0.0,50.0,1.0,0,2.0,0.0,0.0,0.0,0.0,0.0,0.0,0.0,0.0
7875,0,1,1,0,0,0,1,26-100,100.0,1.0,0.0,1022.0,100.0,0.0,0.0,100.0,2.0,0,2.0,0.0,0.0,0.0,0.0,0.0,0.0,0.0,0.0
7876,1,1,2,0,0,0,10,26-100,100.0,1.0,0.0,1022.0,150.0,0.0,0.0,150.0,1.0,0,3.0,0.0,0.0,0.0,0.0,0.0,0.0,0.0,0.0
7877,1,1,2,0,0,0,1,101-500,100.0,1.0,0.0,1022.0,122.0,0.0,0.0,122.0,1.0,0,2.0,0.0,0.0,0.0,0.0,0.0,0.0,0.0,0.0
7878,1,1,2,0,0,0,10,101-500,100.0,1.0,0.0,1022.0,150.0,0.0,0.0,150.0,1.0,0,3.0,0.0,0.0,0.0,0.0,0.0,0.0,0.0,0.0
7879,1,1,2,0,0,0,999,500-1000,100.0,1.0,0.0,1022.0,500000.0,1.0,1.0,1180.0,1.0,1,4.0,0.0,0.0,0.0,0.0,0.0,0.0,0.0,0.0
7881,1,1,2,0,0,0,999,26-100,10000.0,1.0,0.0,1019.0,500000.0,1.0,1.0,10000.0,1.0,1,7.0,1.0,1.0,4.0,0.0,2.0,0.0,0.0,0.0
7882,1,1,2,0,0,0,1,101-500,100.0,1.0,0.0,1019.0,272.0,0.0,0.0,50.0,1.0,0,2.0,0.0,0.0,0.0,0.0,0.0,0.0,0.0,0.0
7883,0,1,1,0,0,1,14,26-100,100.0,1.0,0.0,1019.0,4020.0,0.0,0.0,5700.0,5.0,0,3.0,0.0,0.0,0.0,0.0,0.0,0.0,0.0,0.0
7884,1,1,2,0,0,0,1,1-25,10000.0,1.0,0.0,1019.0,50.0,1.0,0.0,17700.0,1.0,1,5.0,0.0,0.0,0.0,0.0,0.0,0.0,0.0,0.0
7885,0,1,2,0,0,0,10,101-500,10000.0,1.0,0.0,1019.0,280.0,1.0,0.0,74500.0,6.0,1,6.0,0.0,0.0,0.0,0.0,0.0,0.0,0.0,0.0
7886,1,1,1,0,0,0,3,101-500,100.0,1.0,0.0,1019.0,750.0,0.0,0.0,650.0,2.0,0,2.0,1.0,2.0,0.0,0.0,0.0,0.0,0.0,0.0
7887,0,1,1,0,0,1,3,26-100,10000.0,1.0,0.0,1019.0,300.0,1.0,0.0,106200.0,7.0,1,5.0,0.0,0.0,0.0,0.0,0.0,0.0,0.0,0.0
7891,0,1,2,0,0,1,4,101-500,100.0,1.0,0.0,1019.0,418.0,0.0,0.0,50.0,1.0,0,2.0,3.0,2.0,11.0,6.0,7.0,0.0,0.0,0.0
7892,1,1,2,0,0,0,1,1-25,100.0,1.0,0.0,1019.0,105.0,0.0,0.0,0.0,1.0,0,2.0,0.0,0.0,0.0,0.0,0.0,0.0,0.0,0.0
7894,1,1,2,0,0,0,1,26-100,100.0,1.0,0.0,1019.0,100.0,0.0,0.0,250.0,3.0,0,2.0,0.0,0.0,0.0,0.0,0.0,0.0,0.0,0.0
7896,1,1,2,0,0,0,1,26-100,100.0,1.0,0.0,1019.0,650.0,0.0,0.0,800.0,3.0,0,2.0,0.0,0.0,0.0,0.0,0.0,0.0,0.0,0.0
7897,0,1,1,0,0,0,10,26-100,100.0,1.0,0.0,1019.0,400.0,0.0,0.0,550.0,5.0,0,3.0,0.0,0.0,0.0,0.0,0.0,0.0,0.0,0.0
7898,0,1,1,0,0,0,1,26-100,100.0,1.0,0.0,1019.0,100.0,0.0,0.0,10250.0,4.0,0,2.0,0.0,0.0,0.0,0.0,0.0,0.0,0.0,0.0
7899,1,1,2,0,0,0,999,101-500,10000.0,1.0,0.0,1019.0,500000.0,1.0,1.0,11000.0,1.0,1,7.0,0.0,0.0,0.0,0.0,0.0,0.0,0.0,0.0
7900,1,1,1,0,0,0,10,101-500,10000.0,1.0,0.0,1018.0,150.0,1.0,0.0,29500.0,1.0,1,6.0,0.0,0.0,0.0,0.0,0.0,0.0,0.0,0.0
7901,1,1,2,0,0,0,999,101-500,100.0,1.0,0.0,1018.0,500000.0,0.0,1.0,10000.0,1.0,0,4.0,0.0,0.0,0.0,0.0,0.0,0.0,0.0,0.0
7902,1,1,2,0,0,0,1,26-100,100.0,1.0,0.0,1018.0,600.0,0.0,0.0,600.0,1.0,0,2.0,0.0,0.0,0.0,0.0,0.0,0.0,0.0,0.0
7903,1,1,2,0,0,0,1,500-1000,100.0,1.0,0.0,1018.0,100.0,0.0,0.0,2.0,1.0,0,2.0,1.0,0.0,3.0,3.0,3.0,0.0,0.0,0.0
7905,0,1,1,0,0,0,10,26-100,100.0,1.0,0.0,1018.0,2000.0,0.0,0.0,2000.0,3.0,0,3.0,0.0,0.0,0.0,0.0,0.0,0.0,0.0,0.0
7906,1,1,1,0,0,0,999,26-100,10000.0,1.0,0.0,1018.0,500000.0,1.0,1.0,23800.0,2.0,1,4.0,0.0,0.0,0.0,0.0,0.0,0.0,0.0,0.0
7907,1,1,2,0,0,0,20,1-25,100.0,1.0,0.0,1018.0,600.0,0.0,0.0,600.0,1.0,0,2.0,0.0,0.0,0.0,0.0,0.0,0.0,0.0,0.0
7908,1,1,2,0,0,0,1,1-25,100.0,1.0,0.0,1018.0,50.0,0.0,0.0,50.0,1.0,0,2.0,0.0,0.0,0.0,0.0,0.0,0.0,0.0,0.0
7909,1,1,2,0,0,0,20,26-100,100.0,1.0,0.0,1018.0,600.0,0.0,0.0,600.0,1.0,0,2.0,0.0,0.0,0.0,0.0,0.0,0.0,0.0,0.0
7910,0,1,2,0,0,1,999,26-100,60.0,1.0,0.0,949.0,500000.0,1.0,1.0,54500.0,3.0,1,7.0,0.0,1.0,0.0,0.0,0.0,0.0,0.0,0.0
7912,1,1,2,0,0,0,1,101-500,100.0,1.0,0.0,1018.0,50.0,0.0,0.0,600.0,1.0,0,2.0,0.0,0.0,0.0,0.0,0.0,0.0,0.0,0.0
7914,1,1,2,0,0,0,20,26-100,100.0,1.0,0.0,1018.0,50.0,0.0,0.0,50.0,1.0,0,2.0,0.0,0.0,0.0,0.0,0.0,0.0,0.0,0.0
7915,0,1,2,0,0,0,20,101-500,100.0,1.0,0.0,1018.0,590.0,0.0,0.0,699.0,1.0,0,2.0,0.0,0.0,0.0,0.0,0.0,0.0,0.0,0.0
7917,1,1,2,0,0,0,1,500-1000,10000.0,1.0,0.0,1018.0,50.0,1.0,0.0,15000.0,1.0,1,5.0,0.0,0.0,0.0,0.0,0.0,0.0,0.0,0.0
7918,1,1,2,0,0,0,1,1-25,100.0,1.0,0.0,1018.0,50.0,0.0,0.0,50.0,1.0,0,2.0,0.0,0.0,0.0,0.0,0.0,0.0,0.0,0.0
7920,1,1,1,0,0,0,1,26-100,100.0,1.0,0.0,1018.0,1250.0,0.0,0.0,1250.0,3.0,0,2.0,0.0,0.0,0.0,0.0,0.0,0.0,0.0,0.0
7921,1,1,2,0,0,0,1,26-100,100.0,1.0,0.0,1018.0,50.0,0.0,0.0,50.0,1.0,0,2.0,0.0,0.0,0.0,0.0,0.0,0.0,0.0,0.0
7922,0,1,2,0,0,0,10,26-100,100.0,1.0,0.0,1018.0,200.0,0.0,0.0,200.0,2.0,0,3.0,0.0,0.0,0.0,0.0,0.0,0.0,0.0,0.0
7923,1,1,2,0,0,0,1,101-500,100.0,1.0,0.0,1018.0,50.0,0.0,0.0,50.0,1.0,0,2.0,0.0,0.0,0.0,0.0,0.0,0.0,0.0,0.0
7924,1,1,2,0,0,0,1,101-500,100.0,1.0,0.0,1018.0,50.0,0.0,0.0,50.0,1.0,0,2.0,0.0,0.0,0.0,0.0,0.0,0.0,0.0,0.0
7925,1,1,2,0,0,0,1,500-1000,100.0,1.0,0.0,1018.0,50.0,0.0,0.0,50.0,1.0,0,2.0,0.0,0.0,0.0,0.0,0.0,0.0,0.0,0.0
7926,1,1,1,0,0,0,1,1-25,100.0,1.0,0.0,1017.0,750.0,0.0,0.0,650.0,2.0,0,2.0,0.0,0.0,0.0,0.0,0.0,0.0,0.0,0.0
7927,1,1,2,0,0,0,10,1-25,10000.0,1.0,0.0,1016.0,150.0,1.0,0.0,29500.0,1.0,1,6.0,0.0,0.0,0.0,0.0,0.0,0.0,0.0,0.0
7930,1,1,2,0,0,0,1,1-25,10000.0,1.0,0.0,1017.0,120.0,1.0,0.0,47700.0,3.0,1,5.0,0.0,0.0,0.0,0.0,0.0,0.0,0.0,0.0
7931,1,1,1,0,0,1,16,101-500,100.0,1.0,0.0,1012.0,2200.0,0.0,0.0,1900.0,5.0,0,2.0,0.0,0.0,0.0,0.0,0.0,0.0,0.0,0.0
7932,1,1,2,0,0,0,15,26-100,100.0,1.0,0.0,1017.0,150.0,0.0,0.0,150.0,1.0,0,3.0,0.0,0.0,0.0,0.0,0.0,0.0,0.0,0.0
7933,1,1,1,0,0,0,999,26-100,100.0,1.0,0.0,1016.0,500000.0,0.0,1.0,10750.0,5.0,0,4.0,0.0,0.0,0.0,0.0,0.0,0.0,0.0,0.0
7936,1,1,2,0,0,0,1,26-100,100.0,1.0,0.0,1017.0,600.0,0.0,0.0,600.0,1.0,0,2.0,0.0,0.0,0.0,0.0,0.0,0.0,0.0,0.0
7937,1,1,2,0,0,0,20,101-500,100.0,1.0,0.0,1017.0,1800.0,0.0,0.0,1800.0,1.0,0,3.0,0.0,0.0,0.0,0.0,0.0,0.0,0.0,0.0
7938,1,1,1,0,0,0,1,101-500,100.0,1.0,0.0,1017.0,722.0,0.0,0.0,722.0,2.0,0,2.0,0.0,0.0,0.0,0.0,0.0,0.0,0.0,0.0
7940,1,1,2,0,0,0,1,500-1000,10000.0,1.0,0.0,1005.0,48.0,1.0,0.0,17700.0,1.0,1,5.0,6.0,6.0,19.0,20.0,21.0,0.0,0.0,0.0
7942,1,1,2,0,0,0,5,101-500,100.0,1.0,0.0,1016.0,50.0,0.0,0.0,50.0,1.0,0,2.0,0.0,0.0,0.0,0.0,0.0,0.0,0.0,0.0
7943,1,1,2,0,0,0,10,26-100,100.0,1.0,0.0,1016.0,600.0,0.0,0.0,600.0,1.0,0,2.0,0.0,0.0,0.0,0.0,0.0,0.0,0.0,0.0
7944,1,1,1,0,0,0,999,26-100,10000.0,1.0,0.0,1016.0,500000.0,1.0,1.0,35600.0,4.0,1,7.0,0.0,0.0,0.0,0.0,0.0,0.0,0.0,0.0
7945,1,1,2,0,0,0,10,101-500,10000.0,1.0,0.0,1016.0,150.0,1.0,0.0,29500.0,1.0,1,6.0,0.0,0.0,0.0,0.0,0.0,0.0,0.0,0.0
7946,1,1,2,0,0,0,1,1-25,100.0,1.0,0.0,1016.0,600.0,0.0,0.0,600.0,1.0,0,2.0,0.0,0.0,0.0,0.0,0.0,0.0,0.0,0.0
7947,1,1,2,0,0,0,15,101-500,100.0,1.0,0.0,1015.0,150.0,0.0,0.0,150.0,1.0,0,3.0,0.0,0.0,0.0,0.0,0.0,0.0,0.0,0.0
7948,1,1,2,0,0,0,1,26-100,100.0,1.0,0.0,1015.0,1300.0,0.0,0.0,1200.0,2.0,0,2.0,0.0,0.0,0.0,0.0,0.0,0.0,0.0,0.0
7949,1,1,2,0,0,0,10,26-100,10000.0,1.0,0.0,1015.0,420.0,1.0,0.0,64900.0,3.0,1,6.0,0.0,0.0,0.0,0.0,0.0,0.0,0.0,0.0
7950,1,1,2,0,0,0,1,26-100,100.0,1.0,0.0,1015.0,600.0,0.0,0.0,600.0,1.0,0,2.0,0.0,0.0,0.0,0.0,0.0,0.0,0.0,0.0
7951,1,1,1,0,0,0,10,101-500,100.0,1.0,0.0,1015.0,2500.0,0.0,0.0,2100.0,3.0,0,3.0,0.0,0.0,0.0,0.0,0.0,0.0,0.0,0.0
7952,1,1,1,0,0,0,10,101-500,60.0,1.0,0.0,1015.0,500300.0,1.0,0.0,62100.0,6.0,1,7.0,0.0,0.0,0.0,0.0,0.0,0.0,0.0,0.0
7954,1,1,2,0,0,0,10,500-1000,60.0,1.0,0.0,1015.0,150.0,1.0,0.0,36900.0,3.0,1,7.0,0.0,0.0,0.0,0.0,0.0,0.0,0.0,0.0
7957,1,1,2,0,0,0,2,500-1000,100.0,1.0,0.0,1015.0,50.0,0.0,0.0,50.0,1.0,0,2.0,0.0,0.0,0.0,0.0,0.0,0.0,0.0,0.0
7958,1,1,2,0,0,0,5,500-1000,100.0,1.0,0.0,1015.0,150.0,0.0,0.0,150.0,1.0,0,3.0,0.0,0.0,0.0,0.0,0.0,0.0,0.0,0.0
7959,1,1,2,0,0,0,1,1-25,10000.0,1.0,0.0,1012.0,100.0,1.0,0.0,17700.0,1.0,1,5.0,0.0,0.0,0.0,0.0,0.0,0.0,0.0,0.0
7960,1,1,1,0,0,1,11,101-500,100.0,1.0,0.0,1004.0,2610.0,0.0,0.0,2400.0,5.0,0,3.0,0.0,0.0,0.0,0.0,0.0,0.0,0.0,0.0
7961,1,1,1,0,0,1,1,101-500,100.0,1.0,0.0,1012.0,2450.0,0.0,0.0,1950.0,6.0,0,2.0,0.0,0.0,0.0,0.0,0.0,0.0,0.0,0.0
7963,1,1,1,0,0,0,10,101-500,10000.0,1.0,0.0,1012.0,300.0,1.0,0.0,59000.0,2.0,1,6.0,0.0,0.0,0.0,0.0,0.0,0.0,0.0,0.0
7964,1,1,1,0,0,0,15,More than 1000,100.0,1.0,0.0,980.0,3110.0,0.0,0.0,2050.0,2.0,0,3.0,2.0,2.0,6.0,3.0,2.0,0.0,0.0,0.0
7965,1,1,2,0,0,0,10,500-1000,10000.0,1.0,0.0,977.0,200.0,1.0,0.0,47200.0,2.0,1,6.0,0.0,0.0,0.0,0.0,0.0,0.0,0.0,0.0
7966,1,1,1,0,0,0,999,101-500,10000.0,1.0,0.0,1012.0,500000.0,1.0,1.0,23600.0,2.0,1,7.0,0.0,0.0,0.0,0.0,0.0,0.0,0.0,0.0
7969,1,1,2,0,0,0,1,1-25,10000.0,1.0,0.0,1012.0,50.0,1.0,0.0,17700.0,1.0,1,5.0,0.0,0.0,0.0,0.0,0.0,0.0,0.0,0.0
7971,1,1,2,0,0,0,999,26-100,10000.0,1.0,0.0,1012.0,500000.0,1.0,1.0,1200.0,1.0,1,7.0,0.0,0.0,0.0,0.0,0.0,0.0,0.0,0.0
7973,1,1,1,0,0,0,999,500-1000,100.0,1.0,0.0,1012.0,500000.0,0.0,1.0,140000.0,2.0,0,4.0,0.0,0.0,0.0,0.0,0.0,0.0,0.0,0.0
7976,1,1,1,0,0,0,1,101-500,60.0,1.0,0.0,1012.0,60.0,1.0,0.0,30000.0,2.0,1,5.0,0.0,0.0,0.0,0.0,0.0,0.0,0.0,0.0
7977,1,1,2,0,0,0,10,1-25,100.0,1.0,0.0,1012.0,2500.0,0.0,0.0,6150.0,7.0,0,3.0,0.0,0.0,0.0,0.0,0.0,0.0,0.0,0.0
7979,1,1,2,0,0,0,10,101-500,60.0,1.0,0.0,1012.0,205.0,1.0,0.0,25000.0,4.0,1,6.0,0.0,0.0,0.0,0.0,0.0,0.0,0.0,0.0
7980,1,1,1,0,0,1,1,26-100,100.0,1.0,0.0,1012.0,1900.0,0.0,0.0,2500.0,6.0,0,2.0,0.0,0.0,0.0,0.0,0.0,0.0,0.0,0.0
7982,1,1,2,0,0,0,999,500-1000,100.0,1.0,0.0,1012.0,500000.0,0.0,1.0,22900.0,6.0,0,4.0,0.0,0.0,0.0,0.0,0.0,0.0,0.0,0.0
7987,1,1,1,0,0,0,999,500-1000,100.0,1.0,0.0,1011.0,500000.0,0.0,1.0,10000.0,4.0,0,4.0,0.0,0.0,0.0,0.0,0.0,0.0,0.0,0.0
7988,1,1,1,0,0,0,6,26-100,100.0,1.0,0.0,977.0,950.0,0.0,0.0,650.0,2.0,0,2.0,1.0,1.0,1.0,0.0,0.0,0.0,0.0,0.0
7989,1,1,1,0,0,1,11,More than 1000,100.0,1.0,0.0,1008.0,4830.0,0.0,0.0,12750.0,8.0,0,3.0,1.0,1.0,3.0,3.0,3.0,0.0,0.0,0.0
7990,1,1,2,0,0,0,10,500-1000,100.0,1.0,0.0,1009.0,146.0,0.0,0.0,150.0,1.0,0,3.0,2.0,1.0,1.0,1.0,1.0,0.0,0.0,0.0
7993,1,1,2,0,0,0,999,101-500,100.0,1.0,0.0,1008.0,500000.0,0.0,1.0,10000.0,1.0,0,4.0,0.0,0.0,0.0,0.0,0.0,0.0,0.0,0.0
7994,1,1,2,0,0,0,999,101-500,100.0,1.0,0.0,862.0,500000.0,0.0,1.0,10000.0,1.0,0,4.0,1.0,0.0,0.0,0.0,0.0,0.0,0.0,0.0
7995,1,1,2,0,0,0,999,26-100,100.0,1.0,0.0,1008.0,500000.0,0.0,1.0,10000.0,1.0,0,4.0,0.0,0.0,0.0,0.0,0.0,0.0,0.0,0.0
7996,1,1,1,0,0,0,1,500-1000,100.0,1.0,0.0,1008.0,200748.0,0.0,0.0,650.0,2.0,0,2.0,0.0,0.0,0.0,0.0,0.0,0.0,0.0,0.0
7998,1,1,2,0,0,0,999,26-100,100.0,1.0,0.0,990.0,500000.0,1.0,1.0,200.0,1.0,1,4.0,1.0,0.0,0.0,0.0,0.0,0.0,0.0,0.0
7999,1,1,2,0,0,0,100,26-100,100.0,1.0,0.0,757.0,1500.0,0.0,0.0,1500.0,1.0,0,3.0,1.0,0.0,1.0,1.0,1.0,0.0,0.0,0.0
8002,1,1,2,0,0,0,10,26-100,10000.0,1.0,0.0,1002.0,147.0,1.0,0.0,29500.0,1.0,1,6.0,1.0,1.0,6.0,5.0,6.0,0.0,0.0,0.0
8003,1,1,2,0,0,0,1,1-25,100.0,1.0,0.0,1002.0,600.0,0.0,0.0,540.0,1.0,0,2.0,0.0,0.0,0.0,0.0,0.0,0.0,0.0,0.0
8004,1,1,2,0,0,0,10,1-25,10000.0,1.0,0.0,1001.0,147.0,1.0,0.0,29500.0,1.0,1,6.0,2.0,2.0,6.0,5.0,5.0,0.0,0.0,0.0
8005,1,1,2,0,0,0,10,1-25,10000.0,1.0,0.0,1001.0,147.0,1.0,0.0,29500.0,1.0,1,6.0,2.0,0.0,3.0,3.0,3.0,0.0,0.0,0.0
8006,1,1,2,0,0,0,10,1-25,10000.0,1.0,0.0,1001.0,150.0,1.0,0.0,29500.0,1.0,1,6.0,0.0,0.0,0.0,0.0,0.0,0.0,0.0,0.0
8007,1,1,2,0,0,0,1,101-500,100.0,1.0,0.0,1001.0,50.0,0.0,0.0,50.0,1.0,0,2.0,1.0,0.0,1.0,1.0,1.0,0.0,0.0,0.0
8008,1,1,2,0,0,0,1,1-25,10000.0,1.0,0.0,1001.0,50.0,1.0,0.0,17700.0,1.0,1,5.0,0.0,0.0,0.0,0.0,0.0,0.0,0.0,0.0
8009,1,1,2,0,0,0,10,26-100,100.0,1.0,0.0,1001.0,150.0,0.0,0.0,150.0,1.0,0,3.0,2.0,0.0,0.0,0.0,0.0,0.0,0.0,0.0
8010,1,1,2,0,0,0,10,1-25,10000.0,1.0,0.0,1001.0,150.0,1.0,0.0,29500.0,1.0,1,6.0,1.0,1.0,3.0,2.0,2.0,0.0,0.0,0.0
8011,1,1,2,0,0,0,1,1-25,10000.0,1.0,0.0,1001.0,50.0,1.0,0.0,17700.0,1.0,1,5.0,0.0,0.0,0.0,0.0,0.0,0.0,0.0,0.0
8012,1,1,2,0,0,0,10,1-25,10000.0,1.0,0.0,1001.0,150.0,1.0,0.0,29500.0,1.0,1,6.0,0.0,0.0,0.0,0.0,0.0,0.0,0.0,0.0
8013,1,1,2,0,0,0,1,1-25,10000.0,1.0,0.0,1001.0,50.0,1.0,0.0,17700.0,1.0,1,5.0,0.0,0.0,0.0,0.0,0.0,0.0,0.0,0.0
8014,1,1,2,0,0,0,1,1-25,10000.0,1.0,0.0,1001.0,50.0,1.0,0.0,17700.0,1.0,1,5.0,3.0,1.0,6.0,5.0,5.0,0.0,0.0,0.0
8016,1,1,2,0,0,0,1,1-25,100.0,1.0,0.0,1001.0,600.0,0.0,0.0,600.0,1.0,0,2.0,0.0,0.0,0.0,0.0,0.0,0.0,0.0,0.0
8017,1,1,2,0,0,0,1,1-25,100.0,1.0,0.0,1001.0,600.0,0.0,0.0,600.0,1.0,0,2.0,0.0,0.0,0.0,0.0,0.0,0.0,0.0,0.0
8018,1,1,2,0,0,0,1,1-25,100.0,1.0,0.0,1001.0,600.0,0.0,0.0,480.0,1.0,0,2.0,0.0,0.0,0.0,0.0,0.0,0.0,0.0,0.0
8019,1,1,2,0,0,0,10,1-25,10000.0,1.0,0.0,962.0,149.0,1.0,0.0,29500.0,1.0,1,6.0,1.0,0.0,6.0,1.0,1.0,0.0,0.0,0.0
8024,1,1,2,0,0,0,10,1-25,100.0,1.0,0.0,998.0,1800.0,0.0,0.0,2880.0,3.0,0,3.0,0.0,0.0,0.0,0.0,0.0,0.0,0.0,0.0
8025,1,1,2,0,0,0,1,1-25,10000.0,1.0,0.0,998.0,50.0,1.0,0.0,17700.0,1.0,1,5.0,1.0,1.0,2.0,0.0,0.0,0.0,0.0,0.0
8026,1,1,2,0,0,0,10,500-1000,100.0,1.0,0.0,998.0,1800.0,0.0,0.0,1440.0,1.0,0,3.0,0.0,0.0,0.0,0.0,0.0,0.0,0.0,0.0
8028,1,1,2,0,0,0,999,More than 1000,100.0,1.0,0.0,998.0,500000.0,0.0,1.0,10000.0,1.0,0,4.0,0.0,0.0,0.0,0.0,0.0,0.0,0.0,0.0
8029,1,1,2,0,0,0,1,500-1000,100.0,1.0,0.0,998.0,600.0,0.0,0.0,480.0,1.0,0,2.0,0.0,0.0,0.0,0.0,0.0,0.0,0.0,0.0
8030,1,1,2,0,0,0,1,1-25,100.0,1.0,0.0,998.0,600.0,0.0,0.0,480.0,1.0,0,2.0,0.0,0.0,0.0,0.0,0.0,0.0,0.0,0.0
8031,1,1,2,0,0,0,10,101-500,100.0,1.0,0.0,998.0,1800.0,0.0,0.0,1440.0,1.0,0,3.0,0.0,0.0,0.0,0.0,0.0,0.0,0.0,0.0
8032,1,1,2,0,0,0,1,More than 1000,10000.0,1.0,0.0,998.0,50.0,1.0,0.0,17700.0,1.0,1,5.0,0.0,0.0,0.0,0.0,0.0,0.0,0.0,0.0
8033,1,1,2,0,0,0,10,1-25,100.0,1.0,0.0,998.0,1800.0,0.0,0.0,1440.0,1.0,0,3.0,0.0,0.0,0.0,0.0,0.0,0.0,0.0,0.0
8035,1,1,2,0,0,0,10,1-25,100.0,1.0,0.0,998.0,1800.0,0.0,0.0,1440.0,1.0,0,3.0,0.0,0.0,0.0,0.0,0.0,0.0,0.0,0.0
8036,1,1,2,0,0,0,1,1-25,10000.0,1.0,0.0,998.0,50.0,1.0,0.0,17700.0,1.0,1,5.0,0.0,0.0,0.0,0.0,0.0,0.0,0.0,0.0
8038,1,1,2,0,0,0,10,1-25,10000.0,1.0,0.0,998.0,150.0,1.0,0.0,29500.0,1.0,1,6.0,0.0,0.0,0.0,0.0,0.0,0.0,0.0,0.0
8039,1,1,2,0,0,0,1,101-500,100.0,1.0,0.0,998.0,600.0,0.0,0.0,480.0,1.0,0,2.0,0.0,0.0,0.0,0.0,0.0,0.0,0.0,0.0
8040,1,1,2,0,0,0,1,1-25,100.0,1.0,0.0,998.0,600.0,0.0,0.0,480.0,1.0,0,2.0,0.0,0.0,0.0,0.0,0.0,0.0,0.0,0.0
8041,1,1,1,0,0,0,10,500-1000,100.0,1.0,0.0,996.0,3800.0,0.0,0.0,5040.0,3.0,0,3.0,0.0,0.0,0.0,0.0,0.0,0.0,0.0,0.0
8042,1,1,1,0,0,0,10,1-25,100.0,1.0,0.0,998.0,3600.0,0.0,0.0,3240.0,2.0,0,3.0,0.0,0.0,0.0,0.0,0.0,0.0,0.0,0.0
8043,1,1,2,0,0,0,999,101-500,100.0,1.0,0.0,998.0,499999.0,0.0,1.0,10000.0,1.0,0,4.0,1.0,1.0,1.0,1.0,1.0,0.0,0.0,0.0
8044,1,1,2,0,0,0,1,101-500,100.0,1.0,0.0,998.0,600.0,0.0,0.0,480.0,1.0,0,2.0,0.0,0.0,0.0,0.0,0.0,0.0,0.0,0.0
8045,1,1,2,0,0,0,1,101-500,100.0,1.0,0.0,998.0,50.0,0.0,0.0,50.0,1.0,0,2.0,0.0,0.0,0.0,0.0,0.0,0.0,0.0,0.0
8046,1,1,2,0,0,0,1,26-100,100.0,1.0,0.0,998.0,600.0,0.0,0.0,480.0,1.0,0,2.0,0.0,0.0,0.0,0.0,0.0,0.0,0.0,0.0
8047,1,1,1,0,0,0,1,1-25,100.0,1.0,0.0,998.0,1200.0,0.0,0.0,1080.0,2.0,0,2.0,0.0,0.0,0.0,0.0,0.0,0.0,0.0,0.0
8048,1,1,2,0,0,0,1,101-500,10000.0,1.0,0.0,998.0,50.0,1.0,0.0,17700.0,1.0,1,5.0,0.0,0.0,0.0,0.0,0.0,0.0,0.0,0.0
8049,1,1,2,0,0,0,999,1-25,100.0,1.0,0.0,970.0,499986.0,1.0,1.0,100000.0,1.0,1,4.0,11.0,17.0,39.0,14.0,14.0,0.0,0.0,0.0
8050,1,1,2,0,0,0,999,500-1000,100.0,1.0,0.0,998.0,500000.0,0.0,1.0,10000.0,1.0,0,4.0,0.0,0.0,0.0,0.0,0.0,0.0,0.0,0.0
8051,1,1,2,0,0,0,10,More than 1000,100.0,1.0,0.0,998.0,1800.0,0.0,0.0,1440.0,1.0,0,3.0,0.0,0.0,0.0,0.0,0.0,0.0,0.0,0.0
8052,1,1,2,0,0,0,1,101-500,100.0,1.0,0.0,996.0,599.0,0.0,0.0,480.0,1.0,0,2.0,2.0,2.0,2.0,1.0,1.0,0.0,0.0,0.0
8053,1,1,2,0,0,0,999,101-500,100.0,1.0,0.0,996.0,500000.0,0.0,1.0,13390.0,4.0,0,4.0,2.0,2.0,2.0,0.0,0.0,0.0,0.0,0.0
8054,1,1,1,0,0,0,999,101-500,100.0,1.0,0.0,996.0,500000.0,0.0,1.0,20000.0,2.0,0,4.0,0.0,0.0,0.0,0.0,0.0,0.0,0.0,0.0
8055,1,1,2,0,0,0,1,1-25,100.0,1.0,0.0,997.0,600.0,0.0,0.0,480.0,1.0,0,2.0,0.0,0.0,0.0,0.0,0.0,0.0,0.0,0.0
8056,1,1,2,0,0,0,10,26-100,100.0,1.0,0.0,997.0,150.0,0.0,0.0,150.0,1.0,0,3.0,1.0,1.0,3.0,2.0,2.0,0.0,0.0,0.0
8058,1,1,2,0,0,0,1,26-100,10000.0,1.0,0.0,997.0,49.0,1.0,0.0,17700.0,1.0,1,5.0,1.0,1.0,1.0,1.0,1.0,0.0,0.0,0.0
8059,1,1,2,0,0,0,1,101-500,100.0,1.0,0.0,996.0,600.0,0.0,0.0,480.0,1.0,0,2.0,0.0,0.0,0.0,0.0,0.0,0.0,0.0,0.0
8060,1,1,2,0,0,0,1,26-100,100.0,1.0,0.0,996.0,600.0,0.0,0.0,480.0,1.0,0,2.0,0.0,0.0,0.0,0.0,0.0,0.0,0.0,0.0
8061,1,1,2,0,0,1,2,26-100,100.0,1.0,0.0,996.0,599.0,0.0,0.0,480.0,1.0,0,2.0,2.0,1.0,6.0,5.0,5.0,0.0,0.0,0.0
8062,1,1,1,0,0,0,10,101-500,100.0,1.0,0.0,996.0,3600.0,0.0,0.0,5040.0,3.0,0,3.0,1.0,0.0,2.0,0.0,0.0,0.0,0.0,0.0
8063,1,1,2,0,0,0,10,1-25,100.0,1.0,0.0,996.0,1800.0,0.0,0.0,1440.0,1.0,0,3.0,0.0,0.0,0.0,0.0,0.0,0.0,0.0,0.0
8064,1,1,1,0,0,0,10,101-500,100.0,1.0,0.0,995.0,3600.0,0.0,0.0,4680.0,4.0,0,3.0,1.0,1.0,0.0,0.0,0.0,0.0,0.0,0.0
8065,1,1,2,0,0,0,10,More than 1000,10000.0,1.0,0.0,995.0,150.0,1.0,0.0,29500.0,1.0,1,6.0,0.0,0.0,0.0,0.0,0.0,0.0,0.0,0.0
8066,1,1,1,0,0,0,10,More than 1000,100.0,1.0,0.0,995.0,3600.0,0.0,0.0,3240.0,2.0,0,3.0,0.0,0.0,0.0,0.0,0.0,0.0,0.0,0.0
8067,1,1,2,0,0,0,10,More than 1000,10000.0,1.0,0.0,949.0,144.0,1.0,0.0,47200.0,2.0,1,6.0,25.0,4.0,397.0,164.0,173.0,0.0,0.0,0.0
8068,1,1,1,0,0,0,1,101-500,100.0,1.0,0.0,995.0,1200.0,0.0,0.0,1080.0,2.0,0,2.0,0.0,0.0,0.0,0.0,0.0,0.0,0.0,0.0
8069,1,1,1,0,0,0,10,More than 1000,100.0,1.0,0.0,995.0,3600.0,0.0,0.0,3240.0,2.0,0,3.0,0.0,0.0,0.0,0.0,0.0,0.0,0.0,0.0
8071,1,1,1,0,0,0,1,500-1000,10000.0,1.0,0.0,995.0,100.0,1.0,0.0,35400.0,2.0,1,5.0,0.0,0.0,0.0,0.0,0.0,0.0,0.0,0.0
8072,1,1,2,0,0,0,10,1-25,10000.0,1.0,0.0,995.0,150.0,1.0,0.0,29500.0,1.0,1,6.0,0.0,0.0,0.0,0.0,0.0,0.0,0.0,0.0
8073,1,1,2,0,0,0,1,101-500,100.0,1.0,0.0,995.0,600.0,0.0,0.0,480.0,1.0,0,2.0,0.0,0.0,0.0,0.0,0.0,0.0,0.0,0.0
8074,1,1,1,0,0,0,10,More than 1000,100.0,1.0,0.0,995.0,3600.0,0.0,0.0,3240.0,2.0,0,3.0,0.0,0.0,0.0,0.0,0.0,0.0,0.0,0.0
8075,1,1,1,0,0,0,10,26-100,10000.0,1.0,0.0,995.0,300.0,1.0,0.0,59000.0,2.0,1,6.0,0.0,0.0,0.0,0.0,0.0,0.0,0.0,0.0
8076,1,1,2,0,0,0,1,101-500,100.0,1.0,0.0,995.0,600.0,0.0,0.0,480.0,1.0,0,2.0,0.0,0.0,0.0,0.0,0.0,0.0,0.0,0.0
8077,1,1,2,0,0,0,999,101-500,100.0,1.0,0.0,994.0,200.0,0.0,0.0,20400.0,3.0,0,4.0,0.0,0.0,0.0,0.0,0.0,0.0,0.0,0.0
8079,1,1,2,0,0,0,1,101-500,100.0,1.0,0.0,994.0,600.0,0.0,0.0,480.0,1.0,0,2.0,0.0,0.0,0.0,0.0,0.0,0.0,0.0,0.0
8080,1,1,2,0,0,0,1,101-500,10000.0,1.0,0.0,994.0,50.0,1.0,0.0,17700.0,1.0,1,5.0,0.0,0.0,0.0,0.0,0.0,0.0,0.0,0.0
8081,1,1,2,0,0,0,10,1-25,10000.0,1.0,0.0,994.0,150.0,1.0,0.0,29500.0,1.0,1,6.0,0.0,0.0,0.0,0.0,0.0,0.0,0.0,0.0
8083,1,1,1,0,0,0,1,1-25,60.0,1.0,0.0,989.0,100.0,1.0,0.0,32700.0,2.0,1,5.0,0.0,0.0,0.0,0.0,0.0,0.0,0.0,0.0
8085,1,1,2,0,0,0,1,26-100,100.0,1.0,0.0,990.0,50.0,0.0,0.0,50.0,1.0,0,2.0,0.0,0.0,0.0,0.0,0.0,0.0,0.0,0.0
8086,1,1,2,0,0,0,999,1-25,100.0,1.0,0.0,989.0,500000.0,1.0,1.0,500.0,1.0,1,4.0,0.0,0.0,0.0,0.0,0.0,0.0,0.0,0.0
8087,1,1,2,0,0,0,1,1-25,100.0,1.0,0.0,989.0,850.0,0.0,0.0,650.0,2.0,0,2.0,0.0,0.0,0.0,0.0,0.0,0.0,0.0,0.0
8089,1,1,2,0,0,1,26,1-25,100.0,1.0,0.0,977.0,1800.0,0.0,0.0,2300.0,2.0,0,3.0,0.0,0.0,0.0,0.0,0.0,0.0,0.0,0.0
8090,1,1,2,0,0,0,10,1-25,100.0,1.0,0.0,989.0,3600.0,0.0,0.0,3600.0,2.0,0,3.0,0.0,0.0,0.0,0.0,0.0,0.0,0.0,0.0
8092,1,1,2,0,0,0,999,1-25,10000.0,1.0,0.0,988.0,500000.0,1.0,1.0,1000.0,1.0,1,7.0,1.0,1.0,2.0,0.0,0.0,0.0,0.0,0.0
8093,1,1,2,0,0,0,1,1-25,10000.0,1.0,0.0,989.0,50.0,1.0,0.0,15000.0,1.0,1,5.0,0.0,0.0,0.0,0.0,0.0,0.0,0.0,0.0
8094,1,1,2,0,0,0,1,26-100,10000.0,1.0,0.0,989.0,50.0,1.0,0.0,15000.0,1.0,1,5.0,0.0,0.0,0.0,0.0,0.0,0.0,0.0,0.0
8095,1,1,2,0,0,0,1,1-25,100.0,1.0,0.0,989.0,50.0,0.0,0.0,50.0,1.0,0,2.0,0.0,0.0,0.0,0.0,0.0,0.0,0.0,0.0
8096,1,1,2,0,0,0,999,26-100,10000.0,1.0,0.0,988.0,500000.0,1.0,1.0,10000.0,1.0,1,7.0,0.0,0.0,0.0,0.0,0.0,0.0,0.0,0.0
8097,1,1,2,0,0,0,1,26-100,10000.0,1.0,0.0,988.0,50.0,1.0,0.0,1000.0,1.0,1,5.0,0.0,0.0,0.0,0.0,0.0,0.0,0.0,0.0
8098,1,1,2,0,0,0,1,101-500,10000.0,1.0,0.0,988.0,50.0,1.0,0.0,15000.0,1.0,1,5.0,0.0,0.0,0.0,0.0,0.0,0.0,0.0,0.0
8101,1,1,2,0,0,0,1,101-500,10000.0,1.0,0.0,988.0,50.0,1.0,0.0,17700.0,1.0,1,5.0,0.0,0.0,0.0,0.0,0.0,0.0,0.0,0.0
8102,1,1,2,0,0,0,10,500-1000,10000.0,1.0,0.0,988.0,150.0,1.0,0.0,2500.0,1.0,1,6.0,2.0,1.0,4.0,0.0,0.0,0.0,0.0,0.0
8103,1,1,2,0,0,0,10,26-100,10000.0,1.0,0.0,988.0,150.0,1.0,0.0,25000.0,1.0,1,6.0,0.0,0.0,0.0,0.0,0.0,0.0,0.0,0.0
8104,1,1,1,0,0,1,11,101-500,100.0,1.0,0.0,988.0,1950.0,0.0,0.0,3750.0,3.0,0,3.0,0.0,0.0,0.0,0.0,0.0,0.0,0.0,0.0
8105,1,1,1,0,0,0,10,26-100,10000.0,1.0,0.0,988.0,400.0,1.0,0.0,84000.0,3.0,1,6.0,0.0,0.0,0.0,0.0,0.0,0.0,0.0,0.0
8106,1,1,2,0,0,0,1,26-100,10000.0,1.0,0.0,988.0,170.0,1.0,0.0,17700.0,1.0,1,5.0,0.0,0.0,0.0,0.0,0.0,0.0,0.0,0.0
8107,1,1,2,0,0,0,10,101-500,10000.0,1.0,0.0,988.0,250.0,1.0,0.0,25000.0,1.0,1,6.0,0.0,0.0,0.0,0.0,0.0,0.0,0.0,0.0
8108,1,1,2,0,0,0,1,1-25,10000.0,1.0,0.0,987.0,50.0,1.0,0.0,17700.0,1.0,1,5.0,0.0,0.0,0.0,0.0,0.0,0.0,0.0,0.0
8109,1,1,2,0,0,0,1,1-25,10000.0,1.0,0.0,987.0,50.0,1.0,0.0,17700.0,1.0,1,5.0,0.0,0.0,0.0,0.0,0.0,0.0,0.0,0.0
8110,1,1,2,0,0,0,1,1-25,10000.0,1.0,0.0,987.0,50.0,1.0,0.0,15000.0,1.0,1,5.0,0.0,0.0,0.0,0.0,0.0,0.0,0.0,0.0
8111,1,1,2,0,0,0,1,1-25,10000.0,1.0,0.0,987.0,50.0,1.0,0.0,15000.0,1.0,1,5.0,0.0,0.0,0.0,0.0,0.0,0.0,0.0,0.0
8112,1,1,2,0,0,0,1,1-25,100.0,1.0,0.0,987.0,50.0,0.0,0.0,50.0,1.0,0,2.0,0.0,0.0,0.0,0.0,0.0,0.0,0.0,0.0
8113,1,1,2,0,0,0,10,1-25,100.0,1.0,0.0,987.0,150.0,0.0,0.0,150.0,1.0,0,3.0,0.0,0.0,0.0,0.0,0.0,0.0,0.0,0.0
8114,1,1,2,0,0,0,10,1-25,10000.0,1.0,0.0,987.0,150.0,1.0,0.0,29500.0,1.0,1,6.0,0.0,0.0,0.0,0.0,0.0,0.0,0.0,0.0
8115,1,1,1,0,0,0,1,26-100,10000.0,1.0,0.0,987.0,100.0,1.0,0.0,32700.0,2.0,1,5.0,0.0,0.0,0.0,0.0,0.0,0.0,0.0,0.0
8116,1,1,2,0,0,0,10,101-500,10000.0,1.0,0.0,987.0,150.0,1.0,0.0,29500.0,1.0,1,6.0,0.0,0.0,0.0,0.0,0.0,0.0,0.0,0.0
8117,1,1,2,0,0,0,999,101-500,10000.0,1.0,0.0,987.0,500000.0,1.0,1.0,11800.0,1.0,1,7.0,0.0,0.0,0.0,0.0,0.0,0.0,0.0,0.0
8118,1,1,2,0,0,0,10,101-500,10000.0,1.0,0.0,987.0,150.0,1.0,0.0,25000.0,1.0,1,6.0,0.0,0.0,0.0,0.0,0.0,0.0,0.0,0.0
8119,1,1,2,0,0,1,10,101-500,10000.0,1.0,0.0,977.0,200.0,1.0,0.0,47200.0,2.0,1,6.0,0.0,0.0,0.0,0.0,0.0,0.0,0.0,0.0
8120,1,1,1,0,0,1,11,26-100,10000.0,1.0,0.0,962.0,1305.0,1.0,0.0,186100.0,8.0,1,6.0,8.0,2.0,1.0,1.0,1.0,0.0,0.0,0.0
8121,1,1,2,0,0,0,10,101-500,10000.0,1.0,0.0,983.0,250.0,1.0,0.0,30000.0,1.0,1,6.0,1.0,1.0,0.0,0.0,0.0,0.0,0.0,0.0
8123,1,1,2,0,0,0,10,More than 1000,100.0,1.0,0.0,987.0,143.0,0.0,0.0,1800.0,1.0,0,3.0,2.0,0.0,0.0,0.0,0.0,0.0,0.0,0.0
8124,1,1,2,0,0,0,1,1-25,10000.0,1.0,0.0,987.0,107.0,1.0,0.0,17700.0,1.0,1,5.0,0.0,0.0,0.0,0.0,0.0,0.0,0.0,0.0
8128,1,1,2,0,0,0,1,500-1000,100.0,1.0,0.0,983.0,500.0,0.0,0.0,500.0,1.0,0,2.0,0.0,0.0,0.0,0.0,0.0,0.0,0.0,0.0
8129,1,1,2,0,0,0,1,1-25,10000.0,1.0,0.0,983.0,50.0,1.0,0.0,15000.0,1.0,1,5.0,1.0,1.0,1.0,1.0,1.0,0.0,0.0,0.0
8130,1,1,2,0,0,0,1,1-25,10000.0,1.0,0.0,983.0,50.0,1.0,0.0,15000.0,1.0,1,5.0,0.0,0.0,0.0,0.0,0.0,0.0,0.0,0.0
8131,1,1,1,0,0,1,14,500-1000,100.0,1.0,0.0,983.0,5600.0,0.0,0.0,5500.0,4.0,0,3.0,0.0,0.0,0.0,0.0,0.0,0.0,0.0,0.0
8132,1,1,2,0,0,0,999,101-500,10000.0,1.0,0.0,981.0,500000.0,1.0,1.0,10000.0,1.0,1,7.0,0.0,0.0,0.0,0.0,0.0,0.0,0.0,0.0
8133,1,1,2,0,0,0,1,26-100,100.0,1.0,0.0,983.0,50.0,0.0,0.0,50.0,1.0,0,2.0,0.0,0.0,0.0,0.0,0.0,0.0,0.0,0.0
8134,1,1,2,0,0,0,10,500-1000,100.0,1.0,0.0,983.0,1800.0,0.0,0.0,6050.0,9.0,0,3.0,0.0,0.0,0.0,0.0,0.0,0.0,0.0,0.0
8135,1,1,1,0,0,0,10,101-500,100.0,1.0,0.0,872.0,3600.0,0.0,0.0,6050.0,7.0,0,3.0,0.0,0.0,0.0,0.0,0.0,0.0,0.0,0.0
8136,1,1,2,0,0,0,1,101-500,10000.0,1.0,0.0,983.0,149.0,1.0,0.0,15000.0,1.0,1,5.0,1.0,0.0,1.0,1.0,1.0,0.0,0.0,0.0
8137,1,1,1,0,0,0,10,500-1000,100.0,1.0,0.0,983.0,4104.0,0.0,0.0,3750.0,3.0,0,3.0,0.0,0.0,0.0,0.0,0.0,0.0,0.0,0.0
8139,1,1,2,0,0,0,999,500-1000,10000.0,1.0,0.0,983.0,500000.0,1.0,1.0,11800.0,1.0,1,7.0,0.0,0.0,0.0,0.0,0.0,0.0,0.0,0.0
8140,1,1,1,0,0,0,999,500-1000,100.0,1.0,0.0,935.0,500000.0,0.0,1.0,10000.0,5.0,0,4.0,0.0,0.0,0.0,0.0,0.0,0.0,0.0,0.0
8141,1,1,1,0,0,0,10,500-1000,100.0,1.0,0.0,982.0,4214.0,0.0,0.0,4850.0,5.0,0,3.0,0.0,0.0,0.0,0.0,0.0,0.0,0.0,0.0
8142,1,1,1,0,0,1,11,101-500,100.0,1.0,0.0,982.0,4100.0,0.0,0.0,3750.0,3.0,0,3.0,0.0,0.0,0.0,0.0,0.0,0.0,0.0,0.0
8144,1,1,1,0,0,0,999,101-500,100.0,1.0,0.0,982.0,500000.0,0.0,1.0,3000.0,3.0,0,4.0,0.0,0.0,0.0,0.0,0.0,0.0,0.0,0.0
8145,1,1,2,0,0,0,10,500-1000,100.0,1.0,0.0,982.0,150.0,0.0,0.0,150.0,1.0,0,3.0,0.0,0.0,0.0,0.0,0.0,0.0,0.0,0.0
8146,1,1,1,0,0,0,999,26-100,100.0,1.0,0.0,982.0,500000.0,0.0,1.0,8000.0,8.0,0,4.0,0.0,0.0,0.0,0.0,0.0,0.0,0.0,0.0
8148,1,1,1,0,0,1,11,500-1000,100.0,1.0,0.0,891.0,3600.0,0.0,0.0,4750.0,4.0,0,3.0,9.0,17.0,39.0,16.0,10.0,0.0,0.0,0.0
8150,1,1,2,0,0,0,1,1-25,100.0,1.0,0.0,982.0,20.0,0.0,0.0,0.0,1.0,0,2.0,0.0,0.0,0.0,0.0,0.0,0.0,0.0,0.0
8151,1,1,2,0,0,0,10,1-25,100.0,1.0,0.0,982.0,10.0,0.0,0.0,0.0,1.0,0,3.0,0.0,0.0,0.0,0.0,0.0,0.0,0.0,0.0
8152,1,1,1,0,0,0,1,1-25,100.0,1.0,0.0,982.0,1255.0,0.0,0.0,50.0,2.0,0,2.0,0.0,0.0,0.0,0.0,0.0,0.0,0.0,0.0
8163,1,1,1,0,0,0,1,101-500,100.0,1.0,0.0,500.0,650.0,0.0,0.0,650.0,2.0,0,2.0,1.0,1.0,1.0,0.0,0.0,0.0,0.0,0.0
8177,1,1,2,0,0,1,10,500-1000,60.0,1.0,0.0,980.0,650.0,1.0,0.0,1575400.0,5.0,1,6.0,1.0,1.0,1.0,0.0,0.0,0.0,0.0,0.0
8178,1,1,2,0,0,0,1,101-500,10000.0,1.0,0.0,954.0,49.0,1.0,0.0,1500000.0,1.0,1,5.0,11.0,1.0,28.0,6.0,6.0,0.0,0.0,0.0
8179,1,1,2,0,0,0,999,1-25,10000.0,1.0,0.0,977.0,500000.0,1.0,1.0,10000.0,1.0,1,7.0,1.0,1.0,1.0,1.0,1.0,0.0,0.0,0.0
8180,1,1,2,0,0,1,106,101-500,100.0,1.0,0.0,966.0,310.0,0.0,0.0,6650.0,6.0,0,3.0,4.0,1.0,2.0,1.0,1.0,0.0,0.0,0.0
8181,1,1,2,0,0,0,1,26-100,100.0,1.0,0.0,977.0,600.0,0.0,0.0,600.0,1.0,0,2.0,1.0,0.0,0.0,0.0,0.0,0.0,0.0,0.0
8182,1,1,2,0,0,0,1,1-25,100.0,1.0,0.0,977.0,50.0,0.0,0.0,50.0,1.0,0,2.0,1.0,1.0,1.0,0.0,0.0,0.0,0.0,0.0
8193,1,1,2,0,0,1,110,26-100,100.0,1.0,0.0,976.0,110.0,0.0,0.0,5550.0,4.0,0,3.0,1.0,1.0,1.0,1.0,1.0,0.0,0.0,0.0
8194,1,1,1,0,0,0,999,500-1000,100.0,1.0,0.0,974.0,500000.0,0.0,1.0,6000.0,6.0,0,4.0,0.0,0.0,0.0,0.0,0.0,0.0,0.0,0.0
8197,1,1,1,0,0,1,73,1-25,100.0,1.0,0.0,974.0,15632.0,0.0,0.0,6050.0,5.0,0,3.0,1.0,1.0,2.0,1.0,1.0,0.0,0.0,0.0
8199,1,1,1,0,0,0,10,101-500,100.0,1.0,0.0,921.0,4600.0,0.0,0.0,4250.0,4.0,0,3.0,0.0,0.0,0.0,0.0,0.0,0.0,0.0,0.0
8200,1,1,2,0,0,0,10,26-100,100.0,1.0,0.0,976.0,150.0,0.0,0.0,150.0,1.0,0,3.0,0.0,0.0,0.0,0.0,0.0,0.0,0.0,0.0
8201,1,1,1,0,0,0,999,101-500,100.0,1.0,0.0,976.0,499999.0,0.0,1.0,20000.0,2.0,0,4.0,1.0,0.0,1.0,1.0,1.0,0.0,0.0,0.0
8207,1,1,2,0,0,0,1,26-100,100.0,1.0,0.0,974.0,50.0,0.0,0.0,50.0,1.0,0,2.0,0.0,0.0,0.0,0.0,0.0,0.0,0.0,0.0
8208,1,1,2,0,0,0,10,500-1000,100.0,1.0,0.0,969.0,250.0,0.0,0.0,1500.0,1.0,0,3.0,0.0,0.0,0.0,0.0,0.0,0.0,0.0,0.0
8209,1,1,2,0,0,0,10,1-25,100.0,1.0,0.0,975.0,105.0,0.0,0.0,2450.0,3.0,0,3.0,0.0,0.0,0.0,0.0,0.0,0.0,0.0,0.0
8211,1,1,2,0,0,0,1,500-1000,100.0,1.0,0.0,974.0,50.0,0.0,0.0,50.0,1.0,0,2.0,0.0,0.0,0.0,0.0,0.0,0.0,0.0,0.0
8212,1,1,1,0,0,0,10,26-100,100.0,1.0,0.0,975.0,1950.0,0.0,0.0,1950.0,2.0,0,3.0,0.0,0.0,0.0,0.0,0.0,0.0,0.0,0.0
8213,1,1,2,0,0,0,1,500-1000,100.0,1.0,0.0,974.0,50.0,0.0,0.0,50.0,1.0,0,2.0,0.0,0.0,0.0,0.0,0.0,0.0,0.0,0.0
8214,1,1,2,0,0,0,1,101-500,10000.0,1.0,0.0,974.0,119.0,1.0,0.0,15000.0,1.0,1,5.0,1.0,1.0,2.0,1.0,1.0,0.0,0.0,0.0
8217,1,1,2,0,0,0,999,26-100,10000.0,1.0,0.0,974.0,499998.0,1.0,1.0,10000.0,1.0,1,7.0,3.0,3.0,5.0,2.0,2.0,0.0,0.0,0.0
8218,1,1,2,0,0,1,2,500-1000,100.0,1.0,0.0,973.0,740.0,0.0,0.0,1850.0,4.0,0,2.0,4.0,0.0,0.0,0.0,0.0,0.0,0.0,0.0
8219,1,1,2,0,0,0,5,26-100,100.0,1.0,0.0,953.0,146.0,0.0,0.0,1500.0,1.0,0,3.0,4.0,12.0,4.0,3.0,2.0,0.0,0.0,0.0
8222,1,1,2,0,0,0,1,500-1000,10000.0,1.0,0.0,973.0,50.0,1.0,0.0,15000.0,1.0,1,5.0,1.0,1.0,2.0,1.0,1.0,0.0,0.0,0.0
8223,1,1,2,0,0,0,1,500-1000,10000.0,1.0,0.0,973.0,50.0,1.0,0.0,15000.0,1.0,1,5.0,0.0,0.0,0.0,0.0,0.0,0.0,0.0,0.0
8224,1,1,1,0,0,1,11,101-500,100.0,1.0,0.0,956.0,392.0,0.0,0.0,650.0,2.0,0,2.0,18.0,6.0,60.0,31.0,39.0,0.0,0.0,0.0
8226,1,1,2,0,0,0,1,1-25,100.0,1.0,0.0,970.0,45.0,0.0,0.0,50.0,1.0,0,2.0,2.0,0.0,1.0,1.0,1.0,0.0,0.0,0.0
8227,1,1,2,0,0,1,11,500-1000,100.0,1.0,0.0,970.0,1940.0,0.0,0.0,1950.0,2.0,0,3.0,0.0,0.0,0.0,0.0,0.0,0.0,0.0,0.0
8228,1,1,2,0,0,0,999,500-1000,100.0,1.0,0.0,949.0,499985.0,0.0,1.0,10000.0,1.0,0,4.0,4.0,197.0,21.0,4.0,4.0,0.0,0.0,0.0
8229,1,1,2,0,0,0,1,1-25,100.0,1.0,0.0,968.0,5.0,0.0,0.0,0.0,1.0,0,2.0,0.0,0.0,0.0,0.0,0.0,0.0,0.0,0.0
8230,1,1,2,0,0,0,1,500-1000,100.0,1.0,0.0,967.0,50.0,0.0,0.0,50.0,1.0,0,2.0,0.0,0.0,0.0,0.0,0.0,0.0,0.0,0.0
8231,1,1,2,0,0,0,10,101-500,100.0,1.0,0.0,948.0,1600.0,0.0,0.0,1500.0,1.0,0,3.0,1.0,1.0,0.0,0.0,0.0,0.0,0.0,0.0
8233,1,1,1,0,0,0,10,101-500,10000.0,1.0,0.0,963.0,412.0,1.0,0.0,91700.0,4.0,1,6.0,0.0,0.0,0.0,0.0,0.0,0.0,0.0,0.0
8234,1,1,2,0,0,1,11,500-1000,10000.0,1.0,0.0,500.0,846.0,1.0,0.0,363100.0,16.0,1,6.0,1.0,0.0,0.0,0.0,0.0,0.0,0.0,0.0
8236,1,1,2,0,0,0,1,101-500,100.0,1.0,0.0,963.0,50.0,0.0,0.0,50.0,1.0,0,2.0,0.0,0.0,0.0,0.0,0.0,0.0,0.0,0.0
8240,1,1,2,0,0,1,2,500-1000,10000.0,1.0,0.0,962.0,120.0,1.0,0.0,15000.0,1.0,1,5.0,0.0,0.0,0.0,0.0,0.0,0.0,0.0,0.0
8244,1,1,2,0,0,0,1,101-500,10000.0,1.0,0.0,962.0,120.0,1.0,0.0,15000.0,1.0,1,5.0,0.0,0.0,0.0,0.0,0.0,0.0,0.0,0.0
8245,1,1,2,0,0,0,1,101-500,10000.0,1.0,0.0,921.0,190.0,1.0,0.0,15000.0,1.0,1,5.0,0.0,0.0,0.0,0.0,0.0,0.0,0.0,0.0
8246,1,1,2,0,0,1,3,500-1000,10000.0,1.0,0.0,959.0,605.0,1.0,0.0,15000.0,1.0,1,5.0,1.0,0.0,0.0,0.0,0.0,0.0,0.0,0.0
8247,1,1,2,0,0,0,1,101-500,100.0,1.0,0.0,962.0,20050.0,0.0,0.0,50.0,1.0,0,2.0,0.0,0.0,0.0,0.0,0.0,0.0,0.0,0.0
8249,1,1,2,0,0,0,10,500-1000,10000.0,1.0,0.0,961.0,310.0,1.0,0.0,91700.0,4.0,1,6.0,5.0,1.0,10.0,10.0,10.0,0.0,0.0,0.0
8251,1,1,2,0,0,0,1,101-500,10000.0,1.0,0.0,961.0,41.0,1.0,0.0,15000.0,1.0,1,5.0,1.0,0.0,2.0,2.0,2.0,0.0,0.0,0.0
8267,1,1,2,0,0,0,1,101-500,100.0,1.0,0.0,959.0,50.0,0.0,0.0,50.0,1.0,0,2.0,0.0,0.0,0.0,0.0,0.0,0.0,0.0,0.0
8269,1,1,2,0,0,0,10,1-25,10000.0,1.0,0.0,956.0,60.0,1.0,0.0,25000.0,1.0,1,6.0,5.0,1.0,6.0,6.0,6.0,0.0,0.0,0.0
8270,1,1,2,0,0,0,1,26-100,100.0,1.0,0.0,956.0,48.0,0.0,0.0,50.0,1.0,0,2.0,1.0,0.0,1.0,1.0,1.0,0.0,0.0,0.0
8271,1,1,2,0,0,0,999,26-100,10000.0,1.0,0.0,949.0,500000.0,1.0,1.0,10000.0,1.0,1,7.0,0.0,195.0,5.0,2.0,0.0,0.0,0.0,0.0
8272,1,1,2,0,0,0,10,101-500,100.0,1.0,0.0,955.0,40.0,0.0,0.0,150.0,1.0,0,3.0,7.0,1.0,10.0,10.0,10.0,0.0,0.0,0.0
8274,1,1,2,0,0,0,10,500-1000,10000.0,1.0,0.0,939.0,57.0,1.0,0.0,109400.0,5.0,1,6.0,15.0,2.0,83.0,54.0,70.0,0.0,0.0,0.0
8275,1,1,2,0,0,0,1,26-100,10000.0,1.0,0.0,954.0,1499.0,1.0,0.0,15000.0,1.0,1,5.0,1.0,1.0,1.0,1.0,1.0,0.0,0.0,0.0
8276,1,1,2,0,0,0,1,101-500,100.0,1.0,0.0,415.0,40.0,0.0,0.0,50.0,1.0,0,2.0,4.0,2.0,8.0,3.0,3.0,0.0,0.0,0.0
8278,1,1,1,0,0,0,10,101-500,100.0,1.0,0.0,942.0,1942.0,0.0,0.0,1950.0,2.0,0,3.0,6.0,5.0,15.0,5.0,5.0,0.0,0.0,0.0
8279,1,1,2,0,0,0,1,1-25,10000.0,1.0,0.0,954.0,1498.0,1.0,0.0,15000.0,1.0,1,5.0,2.0,2.0,3.0,2.0,2.0,0.0,0.0,0.0
8281,1,1,2,0,0,0,1,500-1000,10000.0,1.0,0.0,934.0,6.0,1.0,0.0,15000.0,1.0,1,5.0,6.0,1.0,19.0,8.0,9.0,0.0,0.0,0.0
8283,1,1,2,0,0,0,10,1-25,10000.0,1.0,0.0,953.0,2492.0,1.0,0.0,29500.0,1.0,1,6.0,4.0,3.0,14.0,4.0,8.0,0.0,0.0,0.0
8285,1,1,2,0,0,0,10,1-25,100.0,1.0,0.0,948.0,1858.0,0.0,0.0,1850.0,2.0,0,3.0,6.0,1.0,12.0,9.0,13.0,0.0,0.0,0.0
8287,1,1,2,0,0,1,13,101-500,100.0,1.0,0.0,952.0,150.0,0.0,0.0,150.0,1.0,0,3.0,0.0,0.0,0.0,0.0,0.0,0.0,0.0,0.0
8299,1,1,2,0,0,0,1,101-500,60.0,1.0,0.0,952.0,50.0,1.0,0.0,157700.0,12.0,1,7.0,0.0,0.0,0.0,0.0,0.0,0.0,0.0,0.0
8300,1,1,2,0,0,0,10,500-1000,10000.0,1.0,0.0,939.0,86.0,1.0,0.0,25000.0,1.0,1,6.0,7.0,19.0,33.0,22.0,23.0,0.0,0.0,0.0
8301,1,1,2,0,0,0,1,26-100,100.0,1.0,0.0,949.0,50.0,0.0,0.0,50.0,1.0,0,2.0,0.0,0.0,0.0,0.0,0.0,0.0,0.0,0.0
8302,1,1,2,0,0,0,1,500-1000,100.0,1.0,0.0,949.0,50.0,0.0,0.0,3050.0,4.0,0,2.0,0.0,0.0,0.0,0.0,0.0,0.0,0.0,0.0
8303,1,1,2,0,0,0,10,26-100,10000.0,1.0,0.0,883.0,142.0,1.0,0.0,25000.0,1.0,1,6.0,4.0,6.0,32.0,13.0,13.0,0.0,0.0,0.0
8304,1,1,2,0,0,0,1,26-100,100.0,1.0,0.0,949.0,48.0,0.0,0.0,50.0,1.0,0,2.0,1.0,1.0,1.0,1.0,1.0,0.0,0.0,0.0
8305,1,1,2,0,0,0,10,1-25,10000.0,1.0,0.0,920.0,2343.0,1.0,0.0,25000.0,1.0,1,6.0,25.0,11.0,100.0,146.0,88.0,0.0,0.0,0.0
8306,1,1,2,0,0,0,1,1-25,10000.0,1.0,0.0,949.0,50.0,1.0,0.0,15000.0,1.0,1,5.0,2.0,0.0,3.0,1.0,1.0,0.0,0.0,0.0
8307,1,1,2,0,0,0,1,101-500,100.0,1.0,0.0,948.0,50.0,0.0,0.0,50.0,1.0,0,2.0,1.0,1.0,2.0,2.0,2.0,0.0,0.0,0.0
8308,1,1,2,0,0,1,10,101-500,10000.0,1.0,0.0,946.0,200.0,1.0,0.0,44500.0,2.0,1,6.0,7.0,0.0,17.0,15.0,15.0,0.0,0.0,0.0
8311,1,1,2,0,0,1,2,26-100,10000.0,1.0,0.0,947.0,50.0,1.0,0.0,15000.0,1.0,1,5.0,0.0,0.0,0.0,0.0,0.0,0.0,0.0,0.0
8314,1,1,2,0,0,0,999,101-500,100.0,1.0,0.0,948.0,500000.0,0.0,1.0,10000.0,1.0,0,4.0,0.0,1.0,1.0,0.0,0.0,0.0,0.0,0.0
8316,1,1,2,0,0,0,1,26-100,10000.0,1.0,0.0,947.0,50.0,1.0,0.0,62200.0,3.0,1,5.0,1.0,0.0,0.0,0.0,0.0,0.0,0.0,0.0
8317,1,1,2,0,0,0,1,101-500,100.0,1.0,0.0,948.0,50.0,0.0,0.0,4850.0,5.0,0,2.0,0.0,0.0,0.0,0.0,0.0,0.0,0.0,0.0
8318,1,1,1,0,0,1,3,26-100,100.0,1.0,0.0,946.0,650.0,0.0,0.0,4850.0,7.0,0,2.0,0.0,0.0,0.0,0.0,0.0,0.0,0.0,0.0
8319,1,1,2,0,0,0,1,101-500,10000.0,1.0,0.0,947.0,50.0,1.0,0.0,15000.0,1.0,1,5.0,0.0,0.0,0.0,0.0,0.0,0.0,0.0,0.0
8320,1,1,1,0,0,1,26,101-500,10000.0,1.0,0.0,815.0,2449.0,1.0,0.0,633800.0,30.0,1,6.0,0.0,0.0,0.0,0.0,0.0,0.0,0.0,0.0
8322,1,1,2,0,0,0,10,101-500,10000.0,1.0,0.0,935.0,200.0,1.0,0.0,44500.0,2.0,1,6.0,0.0,0.0,0.0,0.0,0.0,0.0,0.0,0.0
8323,1,1,2,0,0,1,1,500-1000,100.0,1.0,0.0,935.0,50.0,0.0,0.0,11900.0,4.0,0,4.0,0.0,0.0,0.0,0.0,0.0,0.0,0.0,0.0
8339,1,1,2,0,0,1,11,500-1000,100.0,1.0,0.0,865.0,1800.0,0.0,0.0,2450.0,3.0,0,3.0,0.0,0.0,0.0,0.0,0.0,0.0,0.0,0.0
8351,1,1,1,0,0,1,12,26-100,100.0,1.0,0.0,941.0,3600.0,0.0,0.0,4250.0,4.0,0,3.0,0.0,0.0,0.0,0.0,0.0,0.0,0.0,0.0
8363,1,1,2,0,0,0,1,101-500,100.0,1.0,0.0,935.0,42.0,0.0,0.0,50.0,1.0,0,2.0,1.0,1.0,1.0,1.0,1.0,0.0,0.0,0.0
8375,1,1,2,0,0,1,53,101-500,100.0,1.0,0.0,942.0,1800.0,0.0,0.0,11900.0,17.0,0,3.0,0.0,0.0,0.0,0.0,0.0,0.0,0.0,0.0
8387,1,1,2,0,0,0,1,26-100,10000.0,1.0,0.0,945.0,50.0,1.0,0.0,15000.0,1.0,1,5.0,0.0,0.0,0.0,0.0,0.0,0.0,0.0,0.0
8388,1,1,2,0,0,0,999,500-1000,100.0,1.0,0.0,942.0,500000.0,1.0,1.0,10000.0,1.0,1,4.0,1.0,0.0,0.0,0.0,0.0,0.0,0.0,0.0
8389,1,1,2,0,0,0,23,101-500,100.0,1.0,0.0,939.0,1800.0,0.0,0.0,6750.0,8.0,0,3.0,0.0,0.0,0.0,0.0,0.0,0.0,0.0,0.0
8390,1,1,1,0,0,0,2,26-100,60.0,1.0,0.0,941.0,300.0,1.0,0.0,70000.0,4.0,1,6.0,0.0,0.0,0.0,0.0,0.0,0.0,0.0,0.0
8396,1,1,2,0,0,1,22,1-25,100.0,1.0,0.0,935.0,1800.0,0.0,0.0,2900.0,3.0,0,3.0,1.0,0.0,0.0,0.0,0.0,0.0,0.0,0.0
8412,1,1,1,0,0,1,22,101-500,10000.0,1.0,0.0,935.0,450.0,1.0,0.0,109400.0,5.0,1,6.0,0.0,0.0,0.0,0.0,0.0,0.0,0.0,0.0
8426,1,1,2,0,0,0,999,1-25,10000.0,1.0,0.0,934.0,500000.0,1.0,1.0,10000.0,1.0,1,7.0,0.0,0.0,0.0,0.0,0.0,0.0,0.0,0.0
8427,1,1,2,0,0,0,999,1-25,10000.0,1.0,0.0,934.0,500000.0,1.0,1.0,10000.0,1.0,1,7.0,1.0,0.0,1.0,0.0,0.0,0.0,0.0,0.0
8428,1,1,2,0,0,0,1,1-25,10000.0,1.0,0.0,758.0,50.0,1.0,0.0,15000.0,1.0,1,5.0,1.0,1.0,2.0,0.0,0.0,0.0,0.0,0.0
8429,1,1,2,0,0,0,999,26-100,10000.0,1.0,0.0,934.0,500000.0,1.0,1.0,10000.0,1.0,1,7.0,1.0,0.0,1.0,0.0,0.0,0.0,0.0,0.0
8430,1,1,2,0,0,0,1,1-25,10000.0,1.0,0.0,934.0,50.0,1.0,0.0,15000.0,1.0,1,5.0,1.0,1.0,2.0,0.0,0.0,0.0,0.0,0.0
8431,1,1,2,0,0,0,999,1-25,10000.0,1.0,0.0,934.0,500000.0,1.0,1.0,10000.0,1.0,1,7.0,0.0,0.0,0.0,0.0,0.0,0.0,0.0,0.0
8432,1,1,2,0,0,0,999,1-25,10000.0,1.0,0.0,928.0,500000.0,1.0,1.0,10000.0,1.0,1,7.0,1.0,0.0,1.0,0.0,0.0,0.0,0.0,0.0
8433,1,1,2,0,0,0,1,1-25,100.0,1.0,0.0,928.0,500.0,0.0,0.0,500.0,1.0,0,2.0,0.0,0.0,0.0,0.0,0.0,0.0,0.0,0.0
8434,1,1,2,0,0,0,1,1-25,100.0,1.0,0.0,918.0,50.0,0.0,0.0,50.0,1.0,0,2.0,0.0,0.0,0.0,0.0,0.0,0.0,0.0,0.0
8435,1,1,2,0,0,0,999,1-25,10000.0,1.0,0.0,925.0,500000.0,1.0,1.0,10000.0,1.0,1,7.0,5.0,1.0,5.0,4.0,6.0,0.0,0.0,0.0
8436,1,1,2,0,0,0,999,26-100,100.0,0.0,0.0,0.0,500000.0,0.0,1.0,10000.0,1.0,0,4.0,1.0,2.0,7.0,6.0,6.0,0.0,0.0,0.0
8437,1,1,1,0,0,0,1,1-25,10000.0,1.0,0.0,918.0,12.0,1.0,0.0,68100.0,4.0,1,5.0,1.0,0.0,36.0,96.0,34.0,0.0,0.0,0.0
8438,1,1,2,0,0,0,1,26-100,10000.0,1.0,0.0,919.0,46.0,1.0,0.0,15000.0,1.0,1,5.0,2.0,2.0,5.0,4.0,5.0,0.0,0.0,0.0
8439,1,1,2,0,0,0,1,More than 1000,10000.0,1.0,0.0,919.0,49.0,1.0,0.0,15000.0,1.0,1,5.0,1.0,0.0,1.0,1.0,1.0,0.0,0.0,0.0
8440,1,1,2,0,0,0,1,101-500,10000.0,1.0,0.0,905.0,50.0,1.0,0.0,15000.0,1.0,1,5.0,0.0,0.0,0.0,0.0,0.0,0.0,0.0,0.0
8441,1,1,2,0,0,0,999,26-100,10000.0,1.0,0.0,918.0,500000.0,1.0,1.0,10000.0,1.0,1,7.0,3.0,0.0,2.0,2.0,2.0,0.0,0.0,0.0
8442,1,1,2,0,0,0,10,500-1000,10000.0,1.0,0.0,918.0,0.0,1.0,0.0,25000.0,1.0,1,6.0,1.0,0.0,1.0,1.0,1.0,0.0,0.0,0.0
8443,1,1,2,0,0,0,999,26-100,10000.0,1.0,0.0,905.0,500000.0,1.0,1.0,10000.0,1.0,1,7.0,1.0,0.0,1.0,1.0,1.0,0.0,0.0,0.0
8444,1,1,2,0,0,0,1,26-100,100.0,1.0,0.0,912.0,50.0,0.0,0.0,50.0,1.0,0,2.0,0.0,0.0,0.0,0.0,0.0,0.0,0.0,0.0
8445,1,1,2,0,0,0,1,26-100,10000.0,1.0,0.0,912.0,50.0,1.0,0.0,15000.0,1.0,1,5.0,0.0,0.0,0.0,0.0,0.0,0.0,0.0,0.0
8446,1,1,2,0,0,0,10,1-25,10000.0,1.0,0.0,905.0,150.0,1.0,0.0,29500.0,1.0,1,6.0,0.0,0.0,0.0,0.0,0.0,0.0,0.0,0.0
8448,1,1,2,0,0,0,1,1-25,100.0,1.0,0.0,904.0,50.0,0.0,0.0,50.0,1.0,0,2.0,1.0,2.0,0.0,0.0,0.0,0.0,0.0,0.0
8450,1,1,2,0,0,0,1,101-500,100.0,1.0,0.0,890.0,50.0,0.0,0.0,1200.0,1.0,0,2.0,0.0,0.0,0.0,0.0,0.0,0.0,0.0,0.0
8451,1,1,1,0,0,0,999,500-1000,10000.0,1.0,0.0,899.0,500000.0,1.0,1.0,0.0,0.0,0,0.0,0.0,0.0,0.0,0.0,0.0,0.0,0.0,0.0
8453,1,1,2,0,0,0,10,101-500,100.0,1.0,0.0,108.0,150.0,0.0,0.0,150.0,1.0,0,3.0,5.0,0.0,0.0,0.0,0.0,0.0,0.0,0.0
8458,1,1,2,0,0,0,10,101-500,100.0,1.0,0.0,814.0,150.0,0.0,0.0,150.0,1.0,0,3.0,0.0,0.0,0.0,0.0,0.0,0.0,0.0,0.0
8460,1,1,1,0,0,0,1,101-500,10000.0,1.0,0.0,889.0,106.0,1.0,0.0,32700.0,2.0,1,5.0,0.0,0.0,0.0,0.0,0.0,0.0,0.0,0.0
8461,1,1,2,0,0,1,2,500-1000,10000.0,1.0,0.0,758.0,62.0,1.0,0.0,15000.0,1.0,1,5.0,0.0,0.0,0.0,0.0,0.0,0.0,0.0,0.0
8462,1,1,1,0,0,1,2,26-100,100.0,1.0,0.0,840.0,750.0,0.0,0.0,650.0,2.0,0,2.0,0.0,0.0,0.0,0.0,0.0,0.0,0.0,0.0
8463,1,1,2,0,0,0,1,1-25,10000.0,1.0,0.0,749.0,50.0,1.0,0.0,15000.0,1.0,1,5.0,1.0,1.0,0.0,0.0,0.0,0.0,0.0,0.0
8464,1,1,1,0,1,0,999,1-25,100.0,1.0,0.0,22.0,499963.0,0.0,1.0,10010000.0,2.0,0,4.0,41.0,15.0,124.0,21.0,23.0,2.0,0.0,0.0
8465,1,1,2,0,0,0,1000,1-25,100.0,1.0,0.0,872.0,150.0,0.0,0.0,100050149.99,7.0,0,4.0,1.0,0.0,0.0,0.0,0.0,0.0,0.0,0.0
8467,1,1,2,0,0,0,11,500-1000,100.0,1.0,0.0,746.0,49.0,0.0,0.0,1850.0,2.0,0,3.0,6.0,1.0,3.0,1.0,1.0,0.0,0.0,0.0
8468,1,1,2,0,0,0,999,500-1000,100.0,1.0,0.0,857.0,500000.0,0.0,1.0,10000.0,1.0,0,4.0,1.0,0.0,0.0,0.0,0.0,0.0,0.0,0.0
8469,1,1,2,0,0,0,1,101-500,10000.0,1.0,0.0,823.0,50.0,1.0,0.0,15000.0,1.0,1,5.0,1.0,0.0,0.0,0.0,0.0,0.0,0.0,0.0
8474,1,1,2,0,0,0,1000,26-100,60.0,1.0,0.0,835.0,49.0,1.0,0.0,25000.0,2.0,1,7.0,1.0,0.0,2.0,1.0,1.0,0.0,0.0,0.0
8477,1,1,2,0,0,0,1,1-25,100.0,1.0,0.0,837.0,50.0,0.0,0.0,5000.0,1.0,0,2.0,1.0,0.0,1.0,0.0,0.0,0.0,0.0,0.0
8479,1,1,1,0,0,0,999,500-1000,100.0,1.0,0.0,840.0,500000.0,0.0,1.0,20000.0,2.0,0,4.0,0.0,0.0,0.0,0.0,0.0,0.0,0.0,0.0
8480,1,1,2,0,0,0,10,1-25,100.0,1.0,0.0,721.0,147.0,0.0,0.0,150.0,1.0,0,3.0,2.0,0.0,15.0,2.0,2.0,0.0,0.0,0.0
8481,1,1,2,0,0,0,999,101-500,10000.0,1.0,0.0,497.0,500000.0,1.0,1.0,10000.0,1.0,1,7.0,0.0,0.0,0.0,0.0,0.0,0.0,0.0,0.0
8482,1,1,2,0,0,0,1,101-500,100.0,1.0,0.0,823.0,26.0,0.0,0.0,50.0,1.0,0,2.0,0.0,0.0,9.0,5.0,5.0,0.0,0.0,0.0
8483,1,1,2,0,0,0,66,26-100,100.0,1.0,0.0,794.0,1800.0,0.0,0.0,11100.0,12.0,0,3.0,1.0,0.0,1.0,1.0,2.0,0.0,0.0,0.0
8484,1,1,2,0,0,0,10,1-25,10000.0,1.0,0.0,766.0,122.0,1.0,0.0,25000.0,1.0,1,6.0,4.0,0.0,35.0,28.0,28.0,0.0,0.0,0.0
8485,1,0,2,0,0,0,1,1-25,100.0,1.0,0.0,819.0,0.0,0.0,0.0,199.0,1.0,0,0.0,0.0,0.0,0.0,0.0,0.0,0.0,0.0,0.0
8486,1,1,2,0,0,0,1,1-25,100.0,1.0,0.0,758.0,50.0,0.0,0.0,50.0,1.0,0,2.0,0.0,0.0,0.0,0.0,0.0,0.0,0.0,0.0
8487,1,1,1,0,0,0,1,500-1000,100.0,1.0,0.0,819.0,50.0,0.0,0.0,50.0,1.0,0,2.0,0.0,0.0,0.0,0.0,0.0,0.0,0.0,0.0
8488,1,1,2,0,0,1,14,1-25,10000.0,1.0,0.0,819.0,456.0,1.0,0.0,94959.0,6.0,1,6.0,0.0,0.0,0.0,0.0,0.0,0.0,0.0,0.0
8489,1,1,1,0,0,1,14,1-25,100.0,1.0,0.0,819.0,100.0,0.0,0.0,2500.0,4.0,0,3.0,0.0,0.0,0.0,0.0,0.0,0.0,0.0,0.0
8490,1,1,2,0,0,1,110,1-25,100.0,1.0,0.0,815.0,1800.0,0.0,0.0,42050.0,51.0,0,3.0,0.0,0.0,0.0,0.0,0.0,0.0,0.0,0.0
8491,1,1,2,0,0,0,1,1-25,100.0,1.0,0.0,815.0,470.0,0.0,0.0,50.0,1.0,0,2.0,0.0,0.0,0.0,0.0,0.0,0.0,0.0,0.0
8492,1,1,2,0,0,0,11,1-25,100.0,1.0,0.0,777.0,3600.0,0.0,0.0,4250.0,4.0,0,3.0,0.0,0.0,0.0,0.0,0.0,0.0,0.0,0.0
8493,1,1,2,0,0,0,999,1-25,10000.0,1.0,0.0,814.0,500000.0,1.0,1.0,10000.0,1.0,1,7.0,0.0,0.0,0.0,0.0,0.0,0.0,0.0,0.0
8494,1,1,2,0,0,0,999,26-100,10000.0,1.0,0.0,814.0,500000.0,1.0,1.0,10000.0,1.0,1,7.0,0.0,0.0,0.0,0.0,0.0,0.0,0.0,0.0
8495,1,1,2,0,0,0,999,1-25,10000.0,1.0,0.0,814.0,500000.0,1.0,1.0,10000.0,1.0,1,7.0,0.0,0.0,0.0,0.0,0.0,0.0,0.0,0.0
8496,1,1,2,0,0,0,999,1-25,10000.0,1.0,0.0,814.0,500000.0,1.0,1.0,10000.0,1.0,1,7.0,0.0,0.0,0.0,0.0,0.0,0.0,0.0,0.0
8497,1,1,2,0,0,0,1000,1-25,60.0,1.0,0.0,812.0,175.0,1.0,0.0,25000.0,2.0,1,7.0,0.0,0.0,0.0,0.0,0.0,0.0,0.0,0.0
8498,1,1,2,0,0,0,1,1-25,10000.0,1.0,0.0,415.0,126.0,1.0,0.0,15000.0,1.0,1,5.0,0.0,0.0,0.0,0.0,0.0,0.0,0.0,0.0
8499,1,1,2,0,0,0,999,1-25,100.0,1.0,0.0,814.0,500000.0,0.0,1.0,10000.0,1.0,0,4.0,1.0,0.0,4.0,2.0,3.0,0.0,0.0,0.0
8500,1,1,1,0,0,0,1000,1-25,100.0,1.0,0.0,812.0,33870.0,0.0,0.0,10100.0,3.0,0,4.0,0.0,0.0,0.0,0.0,0.0,0.0,0.0,0.0
8501,1,1,2,0,0,0,1,1-25,100.0,1.0,0.0,814.0,50.0,0.0,0.0,50.0,1.0,0,2.0,1.0,0.0,0.0,0.0,0.0,0.0,0.0,0.0
8502,1,1,2,0,0,0,1,1-25,10000.0,1.0,0.0,780.0,132.0,1.0,0.0,15000.0,1.0,1,5.0,0.0,0.0,0.0,0.0,0.0,0.0,0.0,0.0
8503,1,1,2,0,0,0,1,1-25,100.0,1.0,0.0,806.0,50.0,0.0,0.0,50.0,1.0,0,2.0,0.0,0.0,0.0,0.0,0.0,0.0,0.0,0.0
8504,1,1,2,0,0,0,1,1-25,100.0,1.0,0.0,806.0,50.0,0.0,0.0,50.0,1.0,0,2.0,0.0,0.0,0.0,0.0,0.0,0.0,0.0,0.0
8505,1,1,2,0,0,0,1,1-25,100.0,1.0,0.0,806.0,50.0,0.0,0.0,50.0,1.0,0,2.0,0.0,0.0,0.0,0.0,0.0,0.0,0.0,0.0
8506,1,1,2,0,0,0,1,1-25,10000.0,1.0,0.0,758.0,49.0,1.0,0.0,15000.0,1.0,1,5.0,1.0,1.0,4.0,1.0,1.0,0.0,0.0,0.0
8507,1,1,2,0,0,0,1,1-25,100.0,1.0,0.0,758.0,50.0,0.0,0.0,50.0,1.0,0,2.0,0.0,0.0,0.0,0.0,0.0,0.0,0.0,0.0
8508,1,1,2,0,0,0,1,26-100,100.0,1.0,0.0,758.0,50.0,0.0,0.0,50.0,1.0,0,2.0,0.0,0.0,0.0,0.0,0.0,0.0,0.0,0.0
8509,1,1,2,0,0,0,1,1-25,10000.0,1.0,0.0,758.0,49.0,1.0,0.0,15000.0,1.0,1,5.0,2.0,0.0,0.0,0.0,0.0,0.0,0.0,0.0
8510,1,1,2,0,0,0,999,1-25,100.0,1.0,0.0,757.0,500000.0,0.0,1.0,10000.0,1.0,0,4.0,1.0,0.0,0.0,0.0,0.0,0.0,0.0,0.0
8511,1,1,2,0,0,0,10,1-25,100.0,1.0,0.0,749.0,5.0,0.0,0.0,0.0,1.0,0,3.0,1.0,0.0,0.0,0.0,0.0,0.0,0.0,0.0
8512,1,1,2,0,0,0,999,500-1000,100.0,1.0,0.0,213.0,500000.0,0.0,1.0,10000.0,1.0,0,4.0,0.0,0.0,0.0,0.0,0.0,0.0,0.0,0.0
8513,1,1,2,0,0,0,1,101-500,100.0,1.0,0.0,739.0,23.0,0.0,0.0,50.0,1.0,0,2.0,5.0,1.0,1.0,1.0,1.0,0.0,0.0,0.0
8514,1,1,2,0,0,0,1,101-500,100.0,1.0,0.0,749.0,13.0,0.0,0.0,50.0,1.0,0,2.0,3.0,0.0,1.0,0.0,0.0,0.0,0.0,0.0
8515,1,1,2,0,0,0,1,26-100,100.0,1.0,0.0,749.0,48.0,0.0,0.0,50.0,1.0,0,2.0,6.0,0.0,0.0,0.0,0.0,0.0,0.0,0.0
8516,1,1,2,0,0,0,1,1-25,100.0,1.0,0.0,749.0,10.0,0.0,0.0,0.0,1.0,0,2.0,0.0,0.0,0.0,0.0,0.0,0.0,0.0,0.0
8517,1,1,2,0,0,0,10,1-25,10000.0,1.0,0.0,744.0,148.0,1.0,0.0,25000.0,1.0,1,6.0,2.0,1.0,3.0,2.0,2.0,0.0,0.0,0.0
8518,1,1,2,0,0,0,999,More than 1000,10000.0,1.0,0.0,749.0,500000.0,1.0,1.0,10000.0,1.0,1,7.0,1.0,2.0,4.0,3.0,3.0,0.0,0.0,0.0
8519,1,1,2,0,0,0,999,500-1000,100.0,1.0,0.0,749.0,500000.0,0.0,1.0,10000.0,1.0,0,4.0,2.0,0.0,0.0,0.0,0.0,0.0,0.0,0.0
8520,1,1,2,0,0,0,999,500-1000,100.0,1.0,0.0,746.0,500000.0,0.0,1.0,10000.0,1.0,0,4.0,2.0,0.0,0.0,0.0,0.0,0.0,0.0,0.0
8521,1,1,2,0,0,0,10,500-1000,10000.0,1.0,0.0,682.0,106.0,1.0,0.0,25000.0,1.0,1,6.0,5.0,1.0,16.0,4.0,4.0,0.0,0.0,0.0
8522,1,1,2,0,0,0,999,500-1000,100.0,1.0,0.0,228.0,499984.0,0.0,1.0,10000.0,1.0,0,4.0,6.0,0.0,2.0,0.0,0.0,0.0,0.0,0.0
8523,1,1,2,0,0,0,999,More than 1000,10000.0,1.0,0.0,701.0,500000.0,1.0,1.0,10000.0,1.0,1,7.0,2.0,3.0,5.0,4.0,4.0,0.0,0.0,0.0
8524,1,1,2,0,0,0,999,101-500,100.0,1.0,0.0,701.0,500000.0,0.0,1.0,10000.0,1.0,0,4.0,0.0,0.0,0.0,0.0,0.0,0.0,0.0,0.0
8525,1,1,2,0,0,0,999,1-25,10000.0,1.0,0.0,701.0,500000.0,1.0,1.0,11800.0,1.0,1,7.0,0.0,0.0,0.0,0.0,0.0,0.0,0.0,0.0
8526,1,1,2,0,0,0,999,26-100,100.0,1.0,0.0,701.0,500000.0,0.0,1.0,10000.0,1.0,0,4.0,0.0,0.0,0.0,0.0,0.0,0.0,0.0,0.0
8527,1,1,2,0,0,0,999,500-1000,100.0,1.0,0.0,701.0,500000.0,0.0,1.0,10000.0,1.0,0,4.0,0.0,0.0,0.0,0.0,0.0,0.0,0.0,0.0
8528,1,1,2,0,0,0,999,500-1000,100.0,1.0,0.0,213.0,500000.0,0.0,1.0,10050.0,2.0,0,4.0,1.0,0.0,0.0,0.0,0.0,0.0,0.0,0.0
8530,1,1,1,0,0,0,999,26-100,100.0,1.0,0.0,674.0,500000.0,0.0,1.0,10000.0,1.0,0,4.0,0.0,0.0,0.0,0.0,0.0,0.0,0.0,0.0
8531,1,1,1,0,0,0,999,26-100,100.0,1.0,0.0,674.0,500000.0,0.0,1.0,10000.0,1.0,0,4.0,0.0,0.0,0.0,0.0,0.0,0.0,0.0,0.0
8532,1,1,1,0,0,0,999,101-500,100.0,1.0,0.0,674.0,500000.0,0.0,1.0,10000.0,1.0,0,4.0,0.0,0.0,0.0,0.0,0.0,0.0,0.0,0.0
8533,1,1,1,0,0,0,10,101-500,100.0,1.0,0.0,673.0,150.0,0.0,0.0,150.0,1.0,0,3.0,0.0,0.0,0.0,0.0,0.0,0.0,0.0,0.0
8534,1,1,1,0,0,0,10,26-100,100.0,1.0,0.0,646.0,150.0,0.0,0.0,150.0,1.0,0,3.0,0.0,0.0,0.0,0.0,0.0,0.0,0.0,0.0
8535,1,1,1,0,0,0,10,26-100,100.0,1.0,0.0,673.0,150.0,0.0,0.0,150.0,1.0,0,3.0,0.0,0.0,0.0,0.0,0.0,0.0,0.0,0.0
8536,1,1,1,0,0,0,10,26-100,100.0,1.0,0.0,673.0,250.0,0.0,0.0,150.0,1.0,0,3.0,0.0,0.0,0.0,0.0,0.0,0.0,0.0,0.0
8538,1,1,1,0,0,0,1,26-100,100.0,1.0,0.0,673.0,50.0,0.0,0.0,50.0,1.0,0,2.0,0.0,0.0,0.0,0.0,0.0,0.0,0.0,0.0
8539,1,1,1,0,0,0,999,26-100,100.0,0.0,0.0,0.0,500000.0,0.0,1.0,10000.0,1.0,0,4.0,1.0,0.0,0.0,0.0,0.0,0.0,0.0,0.0
8540,1,1,1,0,0,0,999,26-100,100.0,1.0,0.0,673.0,500000.0,0.0,1.0,10000.0,1.0,0,4.0,0.0,0.0,0.0,0.0,0.0,0.0,0.0,0.0
8541,1,1,1,0,0,0,1,26-100,100.0,1.0,0.0,673.0,150.0,0.0,0.0,10050.0,2.0,0,4.0,0.0,0.0,0.0,0.0,0.0,0.0,0.0,0.0
8542,1,1,1,0,0,1,3,26-100,100.0,1.0,0.0,673.0,50.0,0.0,0.0,10050.0,2.0,0,4.0,0.0,0.0,0.0,0.0,0.0,0.0,0.0,0.0
8543,1,1,2,0,0,0,10,26-100,100.0,1.0,0.0,672.0,150.0,0.0,0.0,150.0,1.0,0,3.0,0.0,0.0,0.0,0.0,0.0,0.0,0.0,0.0
8544,1,1,1,0,0,0,10,1-25,10000.0,1.0,0.0,646.0,150.0,1.0,0.0,25000.0,1.0,1,6.0,0.0,0.0,0.0,0.0,0.0,0.0,0.0,0.0
8545,1,1,1,0,0,0,1,500-1000,100.0,1.0,0.0,672.0,50.0,0.0,0.0,50.0,1.0,0,2.0,0.0,0.0,0.0,0.0,0.0,0.0,0.0,0.0
8546,1,1,1,0,0,0,999,101-500,100.0,1.0,0.0,672.0,500000.0,0.0,1.0,10000.0,1.0,0,4.0,0.0,0.0,0.0,0.0,0.0,0.0,0.0,0.0
8549,1,1,1,0,0,0,1,26-100,100.0,1.0,0.0,669.0,50.0,0.0,0.0,50.0,1.0,0,2.0,0.0,0.0,0.0,0.0,0.0,0.0,0.0,0.0
8550,1,1,1,0,0,0,10,26-100,100.0,1.0,0.0,669.0,150.0,0.0,0.0,150.0,1.0,0,3.0,0.0,0.0,0.0,0.0,0.0,0.0,0.0,0.0
8551,1,1,2,0,0,0,1,101-500,100.0,1.0,0.0,646.0,50.0,0.0,0.0,0.0,1.0,0,2.0,0.0,0.0,0.0,0.0,0.0,0.0,0.0,0.0
8552,1,1,2,0,0,0,1,1-25,100.0,1.0,0.0,443.0,50.0,0.0,0.0,0.0,1.0,1,2.0,0.0,0.0,0.0,0.0,0.0,0.0,0.0,0.0
8553,1,1,1,0,0,0,1,26-100,100.0,1.0,0.0,625.0,1851.0,0.0,0.0,650.0,2.0,0,2.0,1.0,2.0,4.0,0.0,0.0,0.0,0.0,0.0
8554,1,1,2,0,0,0,999,500-1000,100.0,0.0,0.0,0.0,500000.0,0.0,1.0,10000.0,1.0,0,4.0,1.0,1.0,0.0,0.0,0.0,0.0,0.0,0.0
8555,1,1,1,0,0,0,10,1-25,100.0,1.0,0.0,662.0,150.0,0.0,0.0,150.0,1.0,0,3.0,1.0,1.0,2.0,0.0,0.0,0.0,0.0,0.0
8556,1,1,1,0,0,0,2,1-25,100.0,1.0,0.0,651.0,100.0,0.0,0.0,100.0,2.0,0,2.0,0.0,0.0,0.0,0.0,0.0,0.0,0.0,0.0
8557,1,1,2,0,0,0,10,More than 1000,10000.0,1.0,0.0,443.0,137.0,1.0,0.0,25000.0,1.0,1,6.0,3.0,9.0,22.0,7.0,9.0,0.0,0.0,0.0
8559,1,1,1,0,0,0,1,500-1000,100.0,1.0,0.0,539.0,2.0,0.0,0.0,50.0,1.0,0,2.0,5.0,5.0,44.0,13.0,13.0,0.0,0.0,0.0
8560,1,1,1,0,0,0,1,500-1000,100.0,1.0,0.0,598.0,40.0,0.0,0.0,50.0,1.0,0,2.0,4.0,0.0,0.0,0.0,0.0,0.0,0.0,0.0
8561,1,1,1,0,0,0,1,1-25,100.0,1.0,0.0,625.0,50.0,0.0,0.0,0.0,1.0,1,2.0,1.0,1.0,3.0,0.0,0.0,0.0,0.0,0.0
8562,1,1,1,0,0,0,1,1-25,100.0,1.0,0.0,625.0,50.0,0.0,0.0,0.0,1.0,1,2.0,1.0,1.0,5.0,0.0,0.0,0.0,0.0,0.0
8564,1,1,1,0,0,0,999,500-1000,60.0,1.0,0.0,444.0,500000.0,1.0,1.0,65000.0,6.0,1,7.0,6.0,6.0,37.0,26.0,28.0,0.0,0.0,0.0
8565,1,1,1,0,1,0,10,1-25,100.0,1.0,0.0,22.0,14996.0,0.0,0.0,15010.0,3.0,1,4.0,46.0,77.0,714.0,122.0,80.0,57.0,4.0,0.0
8566,1,1,1,0,0,0,999,1-25,100.0,1.0,0.0,613.0,500000.0,0.0,1.0,0.0,1.0,1,4.0,1.0,3.0,0.0,0.0,0.0,0.0,0.0,0.0
8574,1,1,1,0,0,0,999,500-1000,60.0,1.0,0.0,520.0,500000.0,1.0,1.0,10050.0,2.0,1,7.0,0.0,0.0,0.0,0.0,0.0,0.0,0.0,0.0
8595,1,1,1,0,0,0,999,1-25,100.0,1.0,0.0,141.0,500000.0,0.0,1.0,10000.0,1.0,0,4.0,1.0,1.0,2.0,0.0,0.0,0.0,0.0,0.0
8597,1,1,1,0,1,0,10,1-25,100.0,1.0,0.0,23.0,49853.0,0.0,0.0,10350.0,4.0,0,4.0,84.0,5.0,303.0,79.0,95.0,24.0,1.0,5.0
8599,1,1,1,0,0,0,10,1-25,100.0,1.0,0.0,560.0,150.0,0.0,0.0,150.0,1.0,0,3.0,1.0,3.0,0.0,0.0,0.0,0.0,0.0,0.0
8621,1,1,1,0,0,0,999,500-1000,100.0,1.0,0.0,560.0,500000.0,0.0,1.0,0.0,1.0,1,4.0,0.0,0.0,0.0,0.0,0.0,0.0,0.0,0.0
8623,1,1,1,0,0,0,999,1-25,100.0,1.0,0.0,554.0,500000.0,0.0,1.0,10000.0,1.0,0,4.0,0.0,0.0,0.0,0.0,0.0,0.0,0.0,0.0
8625,1,1,1,0,0,0,10,1-25,100.0,1.0,0.0,550.0,500000.0,0.0,1.0,0.0,1.0,1,4.0,0.0,0.0,0.0,0.0,0.0,0.0,0.0,0.0
8687,1,1,1,0,0,0,999,1-25,10000.0,1.0,0.0,539.0,499991.0,1.0,1.0,10000.0,1.0,1,7.0,2.0,7.0,14.0,12.0,14.0,0.0,0.0,0.0
8701,1,1,1,0,0,0,999,1-25,100.0,1.0,0.0,540.0,500000.0,0.0,1.0,10000.0,1.0,0,4.0,0.0,0.0,0.0,0.0,0.0,0.0,0.0,0.0
8703,1,1,1,0,0,0,999,1-25,100.0,1.0,0.0,540.0,500000.0,0.0,1.0,10000.0,1.0,0,4.0,0.0,0.0,0.0,0.0,0.0,0.0,0.0,0.0
8713,1,1,2,0,0,0,999,1-25,10000.0,1.0,0.0,416.0,500000.0,1.0,1.0,10297.0,5.0,1,7.0,2.0,1.0,15.0,10.0,0.0,10.0,0.0,0.0
8715,1,1,1,0,0,0,999,1-25,100.0,1.0,0.0,526.0,500000.0,0.0,1.0,10000.0,1.0,0,4.0,1.0,0.0,1.0,0.0,0.0,0.0,0.0,0.0
8721,1,1,1,0,0,0,999,1-25,100.0,1.0,0.0,534.0,500000.0,0.0,1.0,10000.0,1.0,0,4.0,0.0,0.0,0.0,0.0,0.0,0.0,0.0,0.0
8723,1,1,1,0,0,0,10,1-25,60.0,1.0,0.0,477.0,350.0,1.0,0.0,65000.0,3.0,1,6.0,1.0,4.0,8.0,0.0,0.0,0.0,0.0,0.0
8729,1,1,1,0,0,0,999,1-25,100.0,1.0,0.0,534.0,500000.0,0.0,1.0,0.0,1.0,1,4.0,1.0,5.0,0.0,0.0,0.0,0.0,0.0,0.0
8731,1,1,1,0,0,1,62,1-25,100.0,1.0,0.0,56.0,2500.0,0.0,0.0,0.0,1.0,1,2.0,0.0,0.0,0.0,0.0,0.0,0.0,0.0,0.0
8853,1,1,1,0,0,0,1,1-25,100.0,1.0,0.0,515.0,5000.0,0.0,0.0,0.0,1.0,1,2.0,0.0,0.0,0.0,0.0,0.0,0.0,0.0,0.0
8857,1,1,1,0,0,0,1,1-25,100.0,1.0,0.0,512.0,50.0,0.0,0.0,0.0,1.0,1,2.0,1.0,1.0,2.0,0.0,0.0,0.0,0.0,0.0
8858,1,1,1,0,0,0,999,1-25,100.0,1.0,0.0,511.0,500000.0,0.0,1.0,0.0,1.0,1,4.0,0.0,0.0,0.0,0.0,0.0,0.0,0.0,0.0
8859,1,1,1,0,0,0,999,1-25,100.0,1.0,0.0,511.0,500000.0,0.0,1.0,0.0,1.0,1,4.0,0.0,0.0,0.0,0.0,0.0,0.0,0.0,0.0
8860,1,1,1,0,0,0,10,1-25,100.0,1.0,0.0,511.0,150.0,0.0,0.0,0.0,1.0,1,3.0,0.0,0.0,0.0,0.0,0.0,0.0,0.0,0.0
8861,1,1,1,0,0,0,10,1-25,100.0,1.0,0.0,511.0,150.0,0.0,0.0,0.0,1.0,1,3.0,0.0,0.0,0.0,0.0,0.0,0.0,0.0,0.0
8862,1,1,1,0,0,0,999,1-25,100.0,1.0,0.0,511.0,500000.0,0.0,1.0,0.0,1.0,1,4.0,0.0,0.0,0.0,0.0,0.0,0.0,0.0,0.0
8863,1,1,1,0,0,0,999,1-25,100.0,1.0,0.0,511.0,500000.0,0.0,1.0,0.0,1.0,1,4.0,0.0,0.0,0.0,0.0,0.0,0.0,0.0,0.0
8864,1,1,1,0,0,0,1,1-25,100.0,1.0,0.0,499.0,50.0,0.0,0.0,0.0,1.0,1,2.0,1.0,1.0,5.0,0.0,0.0,0.0,0.0,0.0
8865,1,1,1,0,0,0,1,101-500,100.0,1.0,0.0,477.0,50.0,0.0,0.0,50.0,1.0,0,2.0,1.0,1.0,0.0,0.0,0.0,0.0,0.0,0.0
8869,1,1,1,0,0,1,11,26-100,100.0,1.0,0.0,170.0,52288.0,0.0,0.0,200.0,3.0,1,3.0,8.0,5.0,21.0,5.0,5.0,0.0,0.0,0.0
8871,1,1,1,0,0,0,10,1-25,100.0,1.0,0.0,469.0,150.0,0.0,0.0,0.0,1.0,1,3.0,0.0,0.0,0.0,0.0,0.0,0.0,0.0,0.0
8873,1,1,1,0,1,1,21,1-25,100.0,1.0,0.0,23.0,2601.0,0.0,0.0,0.0,1.0,1,2.0,7.0,17.0,169.0,33.0,39.0,1.0,10.0,0.0
8877,1,1,1,0,0,0,10,1-25,100.0,1.0,0.0,436.0,145.0,0.0,0.0,150.0,1.0,0,3.0,1.0,0.0,1.0,1.0,1.0,0.0,0.0,0.0
8879,1,1,1,0,0,0,1,1-25,100.0,1.0,0.0,444.0,50.0,0.0,0.0,0.0,1.0,1,2.0,1.0,0.0,2.0,0.0,0.0,0.0,0.0,0.0
8881,1,1,1,0,0,0,50,1-25,100.0,1.0,0.0,95.0,10000.0,0.0,0.0,0.0,1.0,1,2.0,1.0,1.0,0.0,0.0,0.0,0.0,0.0,0.0
8885,1,1,1,0,0,1,2,500-1000,100.0,1.0,0.0,252.0,50.0,0.0,0.0,50.0,1.0,0,2.0,19.0,18.0,17.0,0.0,0.0,0.0,0.0,0.0
8891,1,1,1,0,0,0,50,1-25,100.0,1.0,0.0,95.0,9986.0,0.0,0.0,0.0,1.0,1,2.0,4.0,6.0,54.0,12.0,8.0,7.0,0.0,0.0
8893,1,1,1,0,0,0,5,101-500,100.0,1.0,0.0,23.0,397.0,0.0,0.0,0.0,1.0,1,2.0,8.0,10.0,55.0,27.0,28.0,0.0,0.0,0.0
8897,1,1,1,0,0,1,18,1-25,100.0,1.0,0.0,78.0,4473.0,0.0,0.0,0.0,1.0,1,2.0,1.0,1.0,2.0,0.0,0.0,0.0,0.0,0.0
8899,1,1,1,0,0,0,999,500-1000,100.0,1.0,0.0,342.0,500000.0,0.0,1.0,10000.0,1.0,0,4.0,1.0,3.0,0.0,0.0,0.0,0.0,0.0,0.0
8905,1,1,1,0,0,0,999,1-25,100.0,1.0,0.0,421.0,500000.0,0.0,1.0,0.0,1.0,1,4.0,1.0,1.0,0.0,0.0,0.0,0.0,0.0,0.0
8923,1,1,1,0,0,0,999,1-25,10000.0,1.0,0.0,417.0,500000.0,1.0,1.0,11800.0,1.0,1,7.0,0.0,0.0,0.0,0.0,0.0,0.0,0.0,0.0
8925,1,1,1,0,0,0,999,500-1000,100.0,1.0,0.0,417.0,500000.0,0.0,1.0,10000.0,1.0,0,4.0,0.0,0.0,0.0,0.0,0.0,0.0,0.0,0.0
8927,1,1,1,0,0,0,999,1-25,100.0,1.0,0.0,417.0,500000.0,0.0,1.0,10000.0,1.0,0,4.0,0.0,0.0,0.0,0.0,0.0,0.0,0.0,0.0
8929,1,1,1,0,0,0,999,500-1000,100.0,1.0,0.0,417.0,500000.0,0.0,1.0,10000.0,1.0,0,4.0,0.0,0.0,0.0,0.0,0.0,0.0,0.0,0.0
8931,1,1,1,0,0,0,999,500-1000,100.0,1.0,0.0,417.0,500000.0,0.0,1.0,10000.0,1.0,0,4.0,0.0,0.0,0.0,0.0,0.0,0.0,0.0,0.0
8933,1,1,1,0,0,0,999,101-500,100.0,1.0,0.0,403.0,500000.0,0.0,1.0,10000.0,1.0,0,4.0,0.0,0.0,0.0,0.0,0.0,0.0,0.0,0.0
8943,1,1,1,0,0,0,1,1-25,100.0,1.0,0.0,415.0,500.0,0.0,0.0,0.0,1.0,1,2.0,1.0,0.0,1.0,0.0,0.0,0.0,0.0,0.0
8945,1,1,1,0,0,0,999,1-25,100.0,1.0,0.0,415.0,500000.0,0.0,1.0,10000.0,1.0,0,4.0,0.0,0.0,0.0,0.0,0.0,0.0,0.0,0.0
8947,1,1,1,0,1,1,13,1-25,100.0,1.0,0.0,58.0,5500.0,0.0,0.0,0.0,1.0,1,2.0,2.0,3.0,3.0,0.0,0.0,0.0,0.0,0.0
8957,1,1,1,0,0,0,999,26-100,100.0,1.0,0.0,403.0,500000.0,0.0,1.0,10000.0,1.0,0,4.0,0.0,0.0,0.0,0.0,0.0,0.0,0.0,0.0
8963,1,1,1,0,0,1,2,1-25,100.0,1.0,0.0,413.0,50.0,0.0,0.0,0.0,1.0,1,2.0,1.0,0.0,7.0,0.0,0.0,0.0,0.0,0.0
8967,1,1,1,0,0,0,999,More than 1000,100.0,1.0,0.0,413.0,500000.0,0.0,1.0,10000.0,1.0,0,4.0,0.0,0.0,0.0,0.0,0.0,0.0,0.0,0.0
8969,1,1,1,0,0,0,10,1-25,100.0,1.0,0.0,413.0,150.0,0.0,0.0,0.0,1.0,1,3.0,0.0,0.0,0.0,0.0,0.0,0.0,0.0,0.0
8971,1,1,1,0,0,0,10,1-25,100.0,1.0,0.0,413.0,150.0,0.0,0.0,0.0,1.0,1,3.0,0.0,0.0,0.0,0.0,0.0,0.0,0.0,0.0
8977,1,1,1,0,0,0,10,500-1000,100.0,1.0,0.0,413.0,150.0,0.0,0.0,150.0,1.0,0,3.0,0.0,0.0,0.0,0.0,0.0,0.0,0.0,0.0
8979,1,1,1,0,0,0,1,1-25,100.0,1.0,0.0,413.0,50.0,0.0,0.0,50.0,1.0,0,2.0,0.0,0.0,0.0,0.0,0.0,0.0,0.0,0.0
8981,1,1,1,0,0,0,1,1-25,100.0,1.0,0.0,413.0,50.0,0.0,0.0,50.0,1.0,0,2.0,0.0,0.0,0.0,0.0,0.0,0.0,0.0,0.0
8987,1,1,1,0,0,0,999,101-500,100.0,1.0,0.0,410.0,500000.0,0.0,1.0,10000.0,1.0,0,4.0,0.0,0.0,0.0,0.0,0.0,0.0,0.0,0.0
8991,1,1,1,0,0,0,999,1-25,100.0,1.0,0.0,410.0,500000.0,0.0,1.0,10000.0,1.0,0,4.0,0.0,0.0,0.0,0.0,0.0,0.0,0.0,0.0
8993,1,1,1,0,0,0,10,500-1000,100.0,1.0,0.0,410.0,150.0,0.0,0.0,150.0,1.0,0,3.0,0.0,0.0,0.0,0.0,0.0,0.0,0.0,0.0
8995,1,1,1,0,0,0,10,1-25,100.0,1.0,0.0,410.0,150.0,0.0,0.0,0.0,1.0,1,3.0,0.0,0.0,0.0,0.0,0.0,0.0,0.0,0.0
9001,1,1,1,0,0,0,10,1-25,100.0,1.0,0.0,410.0,150.0,0.0,0.0,150.0,1.0,0,3.0,0.0,0.0,0.0,0.0,0.0,0.0,0.0,0.0
9003,1,1,1,0,0,0,10,1-25,100.0,1.0,0.0,410.0,150.0,0.0,0.0,150.0,1.0,0,3.0,0.0,0.0,0.0,0.0,0.0,0.0,0.0,0.0
9005,1,1,1,0,0,0,10,1-25,100.0,1.0,0.0,410.0,150.0,0.0,0.0,150.0,1.0,0,3.0,0.0,0.0,0.0,0.0,0.0,0.0,0.0,0.0
9007,1,1,2,0,0,0,10,1-25,100.0,1.0,0.0,410.0,150.0,0.0,0.0,0.0,1.0,1,3.0,0.0,0.0,0.0,0.0,0.0,0.0,0.0,0.0
9009,1,1,1,0,0,0,999,1-25,100.0,1.0,0.0,403.0,500000.0,0.0,1.0,10000.0,1.0,0,4.0,0.0,0.0,0.0,0.0,0.0,0.0,0.0,0.0
9011,1,1,2,0,0,0,999,1-25,100.0,1.0,0.0,410.0,500000.0,0.0,1.0,0.0,1.0,1,4.0,0.0,0.0,0.0,0.0,0.0,0.0,0.0,0.0
9013,1,1,1,0,0,0,10,101-500,100.0,1.0,0.0,410.0,150.0,0.0,0.0,150.0,1.0,0,3.0,0.0,0.0,0.0,0.0,0.0,0.0,0.0,0.0
9015,1,1,2,0,0,0,10,1-25,100.0,1.0,0.0,403.0,150.0,0.0,0.0,0.0,1.0,1,3.0,0.0,0.0,0.0,0.0,0.0,0.0,0.0,0.0
9017,1,1,2,0,0,0,999,1-25,100.0,2.0,0.0,410.0,500000.0,0.0,1.0,0.0,1.0,1,4.0,0.0,0.0,0.0,0.0,0.0,0.0,0.0,0.0
9019,1,1,2,0,0,0,999,1-25,100.0,1.0,0.0,410.0,500000.0,0.0,1.0,0.0,1.0,1,4.0,0.0,0.0,0.0,0.0,0.0,0.0,0.0,0.0
9021,1,1,2,0,0,0,999,1-25,100.0,1.0,0.0,410.0,500000.0,0.0,1.0,0.0,1.0,1,4.0,0.0,0.0,0.0,0.0,0.0,0.0,0.0,0.0
9023,1,1,2,0,0,0,10,1-25,100.0,2.0,0.0,407.0,150.0,0.0,0.0,0.0,1.0,1,3.0,0.0,0.0,0.0,0.0,0.0,0.0,0.0,0.0
9025,1,1,2,0,0,0,999,1-25,100.0,1.0,0.0,410.0,500000.0,0.0,1.0,0.0,1.0,1,4.0,0.0,0.0,0.0,0.0,0.0,0.0,0.0,0.0
9027,1,1,1,0,0,0,10,500-1000,100.0,1.0,0.0,410.0,150.0,0.0,0.0,150.0,1.0,0,3.0,0.0,0.0,0.0,0.0,0.0,0.0,0.0,0.0
9031,1,1,2,0,0,0,10,1-25,100.0,2.0,0.0,407.0,150.0,0.0,0.0,150.0,1.0,0,3.0,0.0,0.0,0.0,0.0,0.0,0.0,0.0,0.0
9033,1,1,2,0,0,0,1,1-25,100.0,2.0,0.0,410.0,50.0,0.0,0.0,50.0,1.0,0,2.0,0.0,0.0,0.0,0.0,0.0,0.0,0.0,0.0
9035,1,0,1,0,0,1,3,1-25,100.0,1.0,0.0,305.0,1496.0,0.0,0.0,0.0,1.0,1,2.0,30.0,29.0,113.0,21.0,20.0,0.0,0.0,0.0
9037,1,1,1,0,0,0,10,26-100,10000.0,1.0,0.0,402.0,219.0,1.0,0.0,29500.0,1.0,1,6.0,1.0,0.0,1.0,1.0,1.0,0.0,0.0,0.0
9083,1,1,1,0,0,0,10,1-25,10000.0,1.0,0.0,386.0,150.0,1.0,0.0,29500.0,1.0,1,6.0,0.0,0.0,0.0,0.0,0.0,0.0,0.0,0.0
9085,1,1,1,0,0,0,1,1-25,10000.0,1.0,0.0,386.0,50.0,1.0,0.0,15000.0,1.0,1,5.0,0.0,0.0,0.0,0.0,0.0,0.0,0.0,0.0
9087,1,1,1,0,0,0,10,1-25,10000.0,1.0,0.0,386.0,150.0,1.0,0.0,29500.0,1.0,1,6.0,0.0,0.0,0.0,0.0,0.0,0.0,0.0,0.0
9089,1,1,1,0,0,0,10,500-1000,10000.0,1.0,0.0,386.0,150.0,1.0,0.0,29500.0,1.0,1,6.0,0.0,0.0,0.0,0.0,0.0,0.0,0.0,0.0
9091,1,1,1,0,0,0,10,1-25,10000.0,1.0,0.0,386.0,150.0,1.0,0.0,29500.0,1.0,1,6.0,0.0,0.0,0.0,0.0,0.0,0.0,0.0,0.0
9093,1,1,1,0,0,0,10,1-25,10000.0,1.0,0.0,386.0,150.0,1.0,0.0,29500.0,1.0,1,6.0,0.0,0.0,0.0,0.0,0.0,0.0,0.0,0.0
9095,1,1,1,0,0,0,10,500-1000,100.0,1.0,0.0,386.0,150.0,0.0,0.0,150.0,1.0,0,3.0,0.0,0.0,0.0,0.0,0.0,0.0,0.0,0.0
9099,1,1,1,0,0,0,10,1-25,100.0,1.0,0.0,386.0,150.0,0.0,0.0,0.0,1.0,1,3.0,0.0,0.0,0.0,0.0,0.0,0.0,0.0,0.0
9101,1,1,1,0,0,0,10,1-25,100.0,1.0,0.0,386.0,150.0,0.0,0.0,0.0,1.0,1,3.0,0.0,0.0,0.0,0.0,0.0,0.0,0.0,0.0
9103,1,1,2,0,0,0,10,1-25,100.0,1.0,0.0,386.0,150.0,0.0,0.0,0.0,1.0,1,3.0,0.0,0.0,0.0,0.0,0.0,0.0,0.0,0.0
9105,1,1,1,0,0,0,10,1-25,100.0,1.0,0.0,386.0,150.0,0.0,0.0,0.0,1.0,1,3.0,0.0,0.0,0.0,0.0,0.0,0.0,0.0,0.0
9107,1,1,2,0,0,0,10,1-25,100.0,1.0,0.0,386.0,150.0,0.0,0.0,0.0,1.0,1,3.0,0.0,0.0,0.0,0.0,0.0,0.0,0.0,0.0
9109,1,1,2,0,0,0,10,1-25,100.0,1.0,0.0,386.0,150.0,0.0,0.0,0.0,1.0,1,3.0,0.0,0.0,0.0,0.0,0.0,0.0,0.0,0.0
9115,1,1,2,0,0,0,10,1-25,100.0,1.0,0.0,385.0,150.0,0.0,0.0,0.0,1.0,1,3.0,0.0,0.0,0.0,0.0,0.0,0.0,0.0,0.0
9117,1,1,2,0,0,0,10,1-25,100.0,1.0,0.0,385.0,150.0,0.0,0.0,0.0,1.0,1,3.0,0.0,0.0,0.0,0.0,0.0,0.0,0.0,0.0
9119,1,1,2,0,0,0,10,1-25,100.0,1.0,0.0,385.0,300.0,0.0,0.0,150.0,2.0,1,3.0,0.0,0.0,0.0,0.0,0.0,0.0,0.0,0.0
9121,1,1,2,0,0,0,10,1-25,100.0,1.0,0.0,385.0,150.0,0.0,0.0,0.0,1.0,1,3.0,0.0,0.0,0.0,0.0,0.0,0.0,0.0,0.0
9123,1,1,2,0,0,0,10,1-25,100.0,1.0,0.0,385.0,300.0,0.0,0.0,150.0,2.0,1,3.0,0.0,0.0,0.0,0.0,0.0,0.0,0.0,0.0
9125,1,1,1,0,0,0,10,101-500,100.0,5.0,0.0,385.0,150.0,0.0,0.0,150.0,1.0,0,3.0,0.0,0.0,0.0,0.0,0.0,0.0,0.0,0.0
9127,1,1,1,0,0,0,10,101-500,100.0,5.0,0.0,385.0,150.0,0.0,0.0,150.0,1.0,0,3.0,0.0,0.0,0.0,0.0,0.0,0.0,0.0,0.0
9129,1,1,1,0,0,0,10,101-500,100.0,5.0,0.0,385.0,150.0,0.0,0.0,150.0,1.0,0,3.0,0.0,0.0,0.0,0.0,0.0,0.0,0.0,0.0
9131,1,1,1,0,0,0,10,101-500,100.0,5.0,0.0,385.0,150.0,0.0,0.0,150.0,1.0,0,3.0,0.0,0.0,0.0,0.0,0.0,0.0,0.0,0.0
9133,1,1,1,0,0,0,10,101-500,100.0,5.0,0.0,385.0,150.0,0.0,0.0,150.0,1.0,0,3.0,0.0,0.0,0.0,0.0,0.0,0.0,0.0,0.0
9135,1,1,1,0,0,0,10,101-500,100.0,3.0,0.0,385.0,150.0,0.0,0.0,150.0,1.0,0,3.0,0.0,0.0,0.0,0.0,0.0,0.0,0.0,0.0
9137,1,1,1,0,0,0,10,101-500,100.0,3.0,0.0,385.0,150.0,0.0,0.0,150.0,1.0,0,3.0,0.0,0.0,0.0,0.0,0.0,0.0,0.0,0.0
9139,1,1,1,0,0,0,10,101-500,100.0,3.0,0.0,385.0,150.0,0.0,0.0,150.0,1.0,0,3.0,0.0,0.0,0.0,0.0,0.0,0.0,0.0,0.0
9141,1,1,1,0,0,0,10,1-25,100.0,1.0,0.0,385.0,150.0,0.0,0.0,150.0,1.0,0,3.0,0.0,0.0,0.0,0.0,0.0,0.0,0.0,0.0
9143,1,1,1,0,0,0,10,1-25,100.0,1.0,0.0,385.0,150.0,0.0,0.0,150.0,1.0,0,3.0,0.0,0.0,0.0,0.0,0.0,0.0,0.0,0.0
9145,1,1,1,0,0,0,10,1-25,100.0,1.0,0.0,385.0,150.0,0.0,0.0,150.0,1.0,0,3.0,0.0,0.0,0.0,0.0,0.0,0.0,0.0,0.0
9147,1,1,1,0,0,0,10,101-500,100.0,1.0,0.0,385.0,150.0,0.0,0.0,150.0,1.0,0,3.0,0.0,0.0,0.0,0.0,0.0,0.0,0.0,0.0
9149,1,1,1,0,0,0,10,101-500,100.0,1.0,0.0,385.0,150.0,0.0,0.0,150.0,1.0,0,3.0,0.0,0.0,0.0,0.0,0.0,0.0,0.0,0.0
9151,1,1,2,0,0,0,10,1-25,100.0,1.0,0.0,385.0,150.0,0.0,0.0,0.0,1.0,1,3.0,0.0,0.0,0.0,0.0,0.0,0.0,0.0,0.0
9153,1,1,2,0,0,0,10,1-25,100.0,1.0,0.0,385.0,150.0,0.0,0.0,0.0,1.0,1,3.0,0.0,0.0,0.0,0.0,0.0,0.0,0.0,0.0
9155,1,1,2,0,0,0,10,1-25,100.0,1.0,0.0,385.0,150.0,0.0,0.0,0.0,1.0,1,3.0,0.0,0.0,0.0,0.0,0.0,0.0,0.0,0.0
9157,1,1,2,0,0,0,10,1-25,100.0,1.0,0.0,385.0,150.0,0.0,0.0,0.0,1.0,1,3.0,0.0,0.0,0.0,0.0,0.0,0.0,0.0,0.0
9159,1,1,2,0,0,0,10,1-25,100.0,1.0,0.0,385.0,150.0,0.0,0.0,0.0,1.0,1,3.0,0.0,0.0,0.0,0.0,0.0,0.0,0.0,0.0
9161,1,1,2,0,0,0,10,1-25,100.0,1.0,0.0,385.0,150.0,0.0,0.0,0.0,1.0,1,3.0,0.0,0.0,0.0,0.0,0.0,0.0,0.0,0.0
9163,1,1,2,0,0,0,10,1-25,100.0,1.0,0.0,385.0,150.0,0.0,0.0,0.0,1.0,1,3.0,0.0,0.0,0.0,0.0,0.0,0.0,0.0,0.0
9165,1,1,2,0,0,0,10,1-25,100.0,1.0,0.0,385.0,150.0,0.0,0.0,0.0,1.0,1,3.0,0.0,0.0,0.0,0.0,0.0,0.0,0.0,0.0
9167,1,1,2,0,0,0,10,1-25,100.0,3.0,0.0,385.0,150.0,0.0,0.0,0.0,1.0,1,3.0,0.0,0.0,0.0,0.0,0.0,0.0,0.0,0.0
9169,1,1,2,0,0,0,10,1-25,100.0,3.0,0.0,385.0,150.0,0.0,0.0,0.0,1.0,1,3.0,0.0,0.0,0.0,0.0,0.0,0.0,0.0,0.0
9171,1,1,2,0,0,0,10,1-25,100.0,2.0,0.0,385.0,150.0,0.0,0.0,0.0,1.0,1,3.0,0.0,0.0,0.0,0.0,0.0,0.0,0.0,0.0
9173,1,1,2,0,0,0,10,1-25,100.0,1.0,0.0,385.0,150.0,0.0,0.0,0.0,1.0,1,3.0,0.0,0.0,0.0,0.0,0.0,0.0,0.0,0.0
9175,1,1,2,0,0,0,10,1-25,100.0,1.0,0.0,385.0,150.0,0.0,0.0,0.0,1.0,1,3.0,0.0,0.0,0.0,0.0,0.0,0.0,0.0,0.0
9177,1,1,1,0,0,0,10,1-25,100.0,2.0,0.0,385.0,150.0,0.0,0.0,150.0,1.0,0,3.0,0.0,0.0,0.0,0.0,0.0,0.0,0.0,0.0
9179,1,1,1,0,0,0,10,1-25,100.0,2.0,0.0,385.0,150.0,0.0,0.0,150.0,1.0,0,3.0,0.0,0.0,0.0,0.0,0.0,0.0,0.0,0.0
9181,1,1,1,0,0,0,10,1-25,100.0,1.0,0.0,385.0,150.0,0.0,0.0,150.0,1.0,0,3.0,0.0,0.0,0.0,0.0,0.0,0.0,0.0,0.0
9183,1,1,1,0,0,0,10,101-500,100.0,1.0,0.0,385.0,150.0,0.0,0.0,150.0,1.0,0,3.0,0.0,0.0,0.0,0.0,0.0,0.0,0.0,0.0
9185,1,1,2,0,0,0,10,1-25,100.0,1.0,0.0,382.0,300.0,0.0,0.0,150.0,2.0,1,3.0,0.0,0.0,0.0,0.0,0.0,0.0,0.0,0.0
9187,1,1,2,0,0,0,10,1-25,100.0,1.0,0.0,382.0,150.0,0.0,0.0,0.0,1.0,1,3.0,0.0,0.0,0.0,0.0,0.0,0.0,0.0,0.0
9189,1,1,1,0,0,0,10,101-500,100.0,1.0,0.0,382.0,150.0,0.0,0.0,150.0,1.0,0,3.0,0.0,0.0,0.0,0.0,0.0,0.0,0.0,0.0
9191,1,1,2,0,0,0,10,1-25,100.0,2.0,0.0,382.0,150.0,0.0,0.0,0.0,1.0,1,3.0,0.0,0.0,0.0,0.0,0.0,0.0,0.0,0.0
9193,1,1,2,0,0,0,10,1-25,100.0,2.0,0.0,382.0,150.0,0.0,0.0,0.0,1.0,1,3.0,0.0,0.0,0.0,0.0,0.0,0.0,0.0,0.0
9195,1,1,2,0,0,0,10,1-25,100.0,1.0,0.0,382.0,150.0,0.0,0.0,0.0,1.0,1,3.0,0.0,0.0,0.0,0.0,0.0,0.0,0.0,0.0
9197,1,1,2,0,0,0,10,1-25,100.0,2.0,0.0,382.0,150.0,0.0,0.0,0.0,1.0,1,3.0,0.0,0.0,0.0,0.0,0.0,0.0,0.0,0.0
9199,1,1,2,0,0,0,10,1-25,100.0,2.0,0.0,382.0,150.0,0.0,0.0,0.0,1.0,1,3.0,0.0,0.0,0.0,0.0,0.0,0.0,0.0,0.0
9201,1,1,2,0,0,0,10,1-25,100.0,1.0,0.0,382.0,150.0,0.0,0.0,0.0,1.0,1,3.0,0.0,0.0,0.0,0.0,0.0,0.0,0.0,0.0
9203,1,1,1,0,0,0,10,101-500,100.0,1.0,0.0,382.0,150.0,0.0,0.0,150.0,1.0,0,3.0,0.0,0.0,0.0,0.0,0.0,0.0,0.0,0.0
9205,1,1,2,0,0,0,10,1-25,100.0,1.0,0.0,382.0,150.0,0.0,0.0,0.0,1.0,1,3.0,0.0,0.0,0.0,0.0,0.0,0.0,0.0,0.0
9207,1,1,1,0,0,0,10,1-25,100.0,1.0,0.0,382.0,150.0,0.0,0.0,150.0,1.0,0,3.0,0.0,0.0,0.0,0.0,0.0,0.0,0.0,0.0
9209,1,1,1,0,0,0,10,101-500,100.0,2.0,0.0,382.0,150.0,0.0,0.0,150.0,1.0,0,3.0,0.0,0.0,0.0,0.0,0.0,0.0,0.0,0.0
9211,1,1,2,0,0,0,10,101-500,100.0,1.0,0.0,382.0,150.0,0.0,0.0,150.0,1.0,0,3.0,0.0,0.0,0.0,0.0,0.0,0.0,0.0,0.0
9213,1,1,2,0,0,0,1,101-500,100.0,2.0,0.0,382.0,50.0,0.0,0.0,0.0,1.0,0,2.0,0.0,0.0,0.0,0.0,0.0,0.0,0.0,0.0
9215,1,1,2,0,0,0,10,1-25,100.0,2.0,0.0,382.0,150.0,0.0,0.0,0.0,1.0,1,3.0,0.0,0.0,0.0,0.0,0.0,0.0,0.0,0.0
9217,1,1,2,0,0,0,10,1-25,100.0,2.0,0.0,382.0,150.0,0.0,0.0,150.0,1.0,0,3.0,0.0,0.0,0.0,0.0,0.0,0.0,0.0,0.0
9219,1,1,2,0,0,0,1,1-25,100.0,2.0,0.0,385.0,50.0,0.0,0.0,0.0,1.0,0,2.0,0.0,0.0,0.0,0.0,0.0,0.0,0.0,0.0
9221,1,1,1,0,0,0,10,101-500,100.0,1.0,0.0,382.0,150.0,0.0,0.0,150.0,1.0,0,3.0,0.0,0.0,0.0,0.0,0.0,0.0,0.0,0.0
9223,1,1,1,0,0,0,10,101-500,100.0,1.0,0.0,382.0,150.0,0.0,0.0,150.0,1.0,0,3.0,0.0,0.0,0.0,0.0,0.0,0.0,0.0,0.0
9225,1,1,1,0,0,0,10,101-500,100.0,1.0,0.0,382.0,150.0,0.0,0.0,150.0,1.0,0,3.0,0.0,0.0,0.0,0.0,0.0,0.0,0.0,0.0
9229,1,1,1,0,0,0,10,26-100,100.0,1.0,0.0,381.0,150.0,0.0,0.0,150.0,1.0,0,3.0,0.0,0.0,0.0,0.0,0.0,0.0,0.0,0.0
9231,1,1,1,0,0,0,10,26-100,100.0,1.0,0.0,381.0,150.0,0.0,0.0,150.0,1.0,0,3.0,0.0,0.0,0.0,0.0,0.0,0.0,0.0,0.0
9233,1,1,2,0,0,0,10,1-25,100.0,1.0,0.0,381.0,150.0,0.0,0.0,0.0,1.0,1,3.0,0.0,0.0,0.0,0.0,0.0,0.0,0.0,0.0
9235,1,1,1,0,0,0,10,26-100,100.0,1.0,0.0,381.0,150.0,0.0,0.0,150.0,1.0,0,3.0,0.0,0.0,0.0,0.0,0.0,0.0,0.0,0.0
9237,1,1,1,0,0,0,10,26-100,100.0,1.0,0.0,381.0,150.0,0.0,0.0,150.0,1.0,0,3.0,0.0,0.0,0.0,0.0,0.0,0.0,0.0,0.0
9239,1,1,1,0,0,0,10,26-100,100.0,1.0,0.0,381.0,150.0,0.0,0.0,150.0,1.0,0,3.0,0.0,0.0,0.0,0.0,0.0,0.0,0.0,0.0
9241,1,1,1,0,0,0,10,26-100,100.0,1.0,0.0,381.0,150.0,0.0,0.0,150.0,1.0,0,3.0,0.0,0.0,0.0,0.0,0.0,0.0,0.0,0.0
9243,1,1,1,0,0,0,10,26-100,100.0,1.0,0.0,381.0,150.0,0.0,0.0,150.0,1.0,0,3.0,0.0,0.0,0.0,0.0,0.0,0.0,0.0,0.0
9245,1,1,1,0,0,0,10,26-100,100.0,2.0,0.0,381.0,150.0,0.0,0.0,150.0,1.0,0,3.0,0.0,0.0,0.0,0.0,0.0,0.0,0.0,0.0
9247,1,1,1,0,0,0,10,26-100,100.0,2.0,0.0,381.0,150.0,0.0,0.0,150.0,1.0,0,3.0,0.0,0.0,0.0,0.0,0.0,0.0,0.0,0.0
9251,1,1,1,0,0,0,10,26-100,100.0,1.0,0.0,381.0,150.0,0.0,0.0,150.0,1.0,0,3.0,0.0,0.0,0.0,0.0,0.0,0.0,0.0,0.0
9253,1,1,1,0,0,0,10,26-100,100.0,1.0,0.0,381.0,150.0,0.0,0.0,150.0,1.0,0,3.0,0.0,0.0,0.0,0.0,0.0,0.0,0.0,0.0
9257,1,1,1,0,0,0,10,26-100,100.0,1.0,0.0,381.0,150.0,0.0,0.0,150.0,1.0,0,3.0,0.0,0.0,0.0,0.0,0.0,0.0,0.0,0.0
9279,1,1,1,0,0,0,10,1-25,100.0,1.0,0.0,381.0,150.0,0.0,0.0,150.0,1.0,0,3.0,0.0,0.0,0.0,0.0,0.0,0.0,0.0,0.0
9283,1,1,2,0,0,0,10,1-25,100.0,1.0,0.0,380.0,300.0,0.0,0.0,150.0,2.0,1,3.0,0.0,0.0,0.0,0.0,0.0,0.0,0.0,0.0
9287,1,1,1,0,0,0,1,26-100,100.0,1.0,0.0,169.0,50.0,0.0,0.0,50.0,1.0,0,2.0,0.0,0.0,0.0,0.0,0.0,0.0,0.0,0.0
9289,1,1,1,0,0,0,1,1-25,100.0,1.0,0.0,371.0,50.0,0.0,0.0,50.0,1.0,0,2.0,2.0,0.0,0.0,0.0,0.0,0.0,0.0,0.0
9293,1,1,1,0,0,0,999,101-500,100.0,1.0,0.0,65.0,500400.0,0.0,1.0,10000.0,1.0,0,4.0,0.0,0.0,0.0,0.0,0.0,0.0,0.0,0.0
9297,1,1,1,0,0,0,999,500-1000,100.0,1.0,0.0,329.0,500000.0,0.0,1.0,10000.0,1.0,0,4.0,0.0,0.0,0.0,0.0,0.0,0.0,0.0,0.0
9299,1,1,1,0,0,0,1,1-25,100.0,1.0,0.0,92.0,0.0,0.0,0.0,10050.0,2.0,0,4.0,1.0,4.0,2.0,2.0,0.0,0.0,1.0,2.0
9311,1,1,1,0,0,0,10,1-25,100.0,1.0,0.0,351.0,150.0,0.0,0.0,150.0,1.0,0,3.0,1.0,0.0,0.0,0.0,0.0,0.0,0.0,0.0
9313,1,1,1,0,0,0,1,500-1000,100.0,1.0,0.0,325.0,0.0,0.0,0.0,50.0,1.0,0,2.0,1.0,0.0,1.0,0.0,0.0,0.0,1.0,0.0
9315,1,1,1,0,0,0,999,More than 1000,100.0,2.0,0.0,45.0,500000.0,0.0,1.0,10000.0,1.0,0,4.0,10.0,18.0,152.0,41.0,51.0,6.0,0.0,0.0
9319,1,1,1,0,0,0,999,1-25,100.0,1.0,0.0,63.0,500000.0,0.0,1.0,0.0,1.0,1,4.0,1.0,400.0,1.0,1.0,1.0,0.0,0.0,0.0
9365,1,1,1,0,0,1,21,26-100,100.0,1.0,0.0,220.0,137.0,0.0,0.0,50.0,1.0,0,2.0,0.0,4.0,25.0,5.0,7.0,0.0,0.0,0.0
9405,1,1,1,0,0,0,999,1-25,100.0,1.0,0.0,93.0,500000.0,0.0,1.0,0.0,1.0,1,4.0,0.0,0.0,0.0,0.0,0.0,0.0,0.0,0.0
9413,1,1,1,0,0,0,10,101-500,100.0,1.0,0.0,213.0,15000.0,0.0,0.0,150.0,1.0,0,3.0,1.0,2.0,3.0,0.0,0.0,0.0,0.0,0.0
9445,1,1,1,0,0,0,10,1-25,100.0,3.0,0.0,385.0,150.0,0.0,0.0,0.0,1.0,0,3.0,0.0,0.0,0.0,0.0,0.0,0.0,0.0,0.0
