catcher_id,jobma_catcher_company,jobma_functional,jobma_catcher_indus,jobma_catcher_title,jobma_catcher_otype,jobma_catcher_status,jobma_catcher_creation,jobma_catcher_type,is_premium,jobma_verified,subscription_status,sub_user,per_sub_user,live_interview_credit,pre_recorded_credit,ai_live_interview_credit,interview_cost_type,referral_credit,company_size,ai_live_interview
1,Jobma,,,0,,0,2023-06-21,1,0,1,1,0,100,1.0,1.0,1.0,0,0,1-25,0
92,Select Source International,,,0,1,1,2016-11-22,1,1,1,2,999,100,1.0,1.0,1.0,1,0,1-25,0
96,Select Source International,IT Application Programming / Maintenance,IT-Software/Software Services,0,,1,2016-01-20,0,0,1,1,0,100,1.0,1.0,1.0,1,0,1-25,0
106,Singhal System Solutions Pvt. Ltd.,IT Software- ERP / CRM,IT-Software/Software Services,0,,-1,2012-12-08,0,1,1,2,999,100,1.0,1.0,1.0,1,0,1-25,0
117,Select Source International,Human Resources,"Computer (Hardware, Software, & IT)",0,1,1,2013-09-17,0,0,1,1,0,100,1.0,1.0,1.0,1,0,1-25,0
124,Aviation Company,Airlines & Automotive,Airline,0,,1,2013-11-15,0,1,1,2,999,100,1.0,1.0,1.0,1,0,1-25,0
125,Uk Aviation Company,Airlines & Automotive,Airline,0,,1,2013-11-18,0,1,1,2,999,100,1.0,1.0,1.0,1,0,1-25,0
126,EMMINENT COMPANY,Airlines & Automotive,Airline,0,,1,2013-11-22,0,1,1,2,999,100,1.0,1.0,1.0,1,0,1-25,0
127,C H Robinson,Supply Chain,Shipping Services,0,,1,2013-11-28,0,1,1,2,999,100,1.0,1.0,1.0,1,0,1-25,0
128,Medtronic,Accounting & Finance,Accounting & Finance,0,,1,2013-12-01,0,1,1,2,999,100,1.0,1.0,1.0,1,0,1-25,0
129,Aegis Communications Group,Human Resources,BPO/KPO/ITES,0,,1,2013-12-03,0,1,1,2,999,100,1.0,1.0,1.0,1,0,1-25,0
130,"Golden Compas, LLC",Business,Business Services,0,,1,2013-12-09,0,1,1,2,999,100,1.0,1.0,1.0,1,0,1-25,0
131,"Pump and Meter Service, Inc",Sales,Construction,0,,1,2014-01-06,0,1,1,2,999,100,1.0,1.0,1.0,1,0,1-25,0
132,Vaultara ,IT & Software Development,Medical & Health/Wellbeing Services,0,,1,2014-01-06,0,1,1,2,999,100,1.0,1.0,1.0,1,0,1-25,0
133,Westridge Marketing,Business,Internet,0,,1,2014-01-06,0,1,1,2,999,100,1.0,1.0,1.0,1,0,1-25,0
134,Xigent Solutions,Professional Services,"IT Recruiting, Staffing, & Temporary Labor",0,,1,2014-01-06,0,1,1,2,999,100,1.0,1.0,1.0,1,0,1-25,0
136,"Creditor Advocates, Inc",Accounting & Finance,Accounting & Finance,0,,1,2014-01-06,0,1,1,2,999,100,1.0,1.0,1.0,1,0,1-25,0
137,Swimwear Anywhere,Marketing & Media,Clothing & Textile Manufacturing,0,,1,2014-01-07,0,1,1,2,999,100,1.0,1.0,1.0,1,0,1-25,0
138,Hennepin County WorkForce Center,Government,Government & Military,0,,1,2014-01-07,0,1,1,2,999,100,1.0,1.0,1.0,1,0,1-25,0
143,H&H Partners Inc,IT & Software Development,"Computer (Hardware, Software, & IT)",0,,1,2014-01-14,0,1,1,2,999,100,1.0,1.0,1.0,1,0,1-25,0
148,Case Concepts,Business,Manufacturing,0,,1,2014-01-29,0,1,1,2,999,100,1.0,1.0,1.0,1,0,1-25,0
151,sunwest,IT & Software Development,IT-Software/Software Services,0,,-1,2014-01-30,0,1,1,2,999,100,1.0,1.0,1.0,1,0,1-25,0
159,Skywings Advisors Pvt Ltd,Human Resources,"IT Recruiting, Staffing, & Temporary Labor",0,,0,2014-02-04,0,1,1,2,999,100,1.0,1.0,1.0,1,0,1-25,0
198,Select Source International,Other,Recruitment,0,1,1,2014-04-08,0,0,1,1,0,100,1.0,1.0,1.0,1,0,1-25,0
203,Select Source International,Other,Recruitment,0,1,1,2014-04-08,0,0,1,1,0,100,1.0,1.0,1.0,1,0,1-25,0
207,Select Source International,Other,Recruitment,0,1,1,2014-04-08,0,0,1,1,0,100,1.0,1.0,1.0,1,0,1-25,0
209,Select Source International,Other,Recruitment,0,1,1,2014-04-08,0,0,1,1,0,100,1.0,1.0,1.0,1,0,1-25,0
211,Select Source International,Other,Recruitment,0,1,1,2014-04-08,0,0,1,1,0,100,1.0,1.0,1.0,1,0,1-25,0
212,Select Source International,Other,Recruitment,0,1,1,2014-04-08,0,0,1,1,0,100,1.0,1.0,1.0,1,0,1-25,0
223,Select Source International,,,0,1,1,2016-11-01,0,0,1,1,0,100,1.0,1.0,1.0,1,0,1-25,0
241,Select Source International,Other,Recruitment,0,1,1,2014-04-08,0,0,1,1,0,100,1.0,1.0,1.0,1,0,1-25,0
252,Nationwide,Insurance,Insurance,0,,1,2014-05-14,0,1,1,2,999,100,1.0,1.0,1.0,1,0,1-25,0
256,Grasslands Group of Companies Inc.,Other,Other,0,,0,2014-05-14,0,1,1,2,999,100,1.0,1.0,1.0,1,0,1-25,0
260,Au Consultants Inc,Engineering,Engineering,0,,0,2014-05-24,0,1,1,2,999,100,1.0,1.0,1.0,1,0,1-25,0
262,Pacestone Construction Ltd,Engineering,Engineering,0,,0,2014-06-01,0,1,1,2,999,100,1.0,1.0,1.0,1,0,1-25,0
263,Red Clay Consulting,Consulting,Energy & Utilities,0,,1,2014-06-03,0,1,1,2,999,100,1.0,1.0,1.0,1,0,1-25,0
264,ANNAPPA.S,Health Care & Medical,Medical & Health/Wellbeing Services,0,,0,2014-06-06,0,1,1,2,999,100,1.0,1.0,1.0,1,0,1-25,0
265,SRG ,Administrative & Clerical,Accounting & Finance,0,,1,2014-06-06,0,1,1,2,999,100,1.0,1.0,1.0,1,0,1-25,0
266,medienkreis,Sales,Real Estate & Property Management,0,,0,2014-06-19,0,1,1,2,999,100,1.0,1.0,1.0,1,0,1-25,0
267,DChef Catering,Business,"IT Recruiting, Staffing, & Temporary Labor",0,,0,2014-06-19,0,1,1,2,999,100,1.0,1.0,1.0,1,0,1-25,0
268,b.pharnacy,Pharmaceutical,Research & Analysis,0,,0,2014-06-20,0,1,1,2,999,100,1.0,1.0,1.0,1,0,1-25,0
269,Enter Company Name,Hospitality,"Hotels, Lodging, & Tourism",0,,0,2014-06-21,0,1,1,2,999,100,1.0,1.0,1.0,1,0,1-25,0
270,Rajat kumar singh,Human Resources,BPO/KPO/ITES,0,,0,2014-06-21,0,1,1,2,999,100,1.0,1.0,1.0,1,0,1-25,0
271,dongil,Construction,Engineering,0,,0,2014-06-22,0,1,1,2,999,100,1.0,1.0,1.0,1,0,1-25,0
272,syntel,IT & Software Development,"Computer (Hardware, Software, & IT)",0,,1,2014-06-22,0,1,1,2,999,100,1.0,1.0,1.0,1,0,1-25,0
273,PARLE,Research,Research & Analysis,0,,0,2014-06-23,0,1,1,2,999,100,1.0,1.0,1.0,1,0,1-25,0
274,gov job,"Installation, Maintenance, & Repair",Electronics & Appliances,0,,0,2014-06-24,0,1,1,2,999,100,1.0,1.0,1.0,1,0,1-25,0
275,Asian paints ltd,Supply Chain,Department Store,0,,0,2014-06-24,0,1,1,2,999,100,1.0,1.0,1.0,1,0,1-25,0
276,3CIT ,IT & Software Development,IT-Software/Software Services,0,,0,2014-06-25,0,1,1,2,999,100,1.0,1.0,1.0,1,0,1-25,0
277,Angel Broking Pvt. Ltd.,Accounting & Finance,Business Services,0,,0,2014-06-26,0,1,1,2,999,100,1.0,1.0,1.0,1,0,1-25,0
278,Enter Company Name,Engineering,Clothing & Textile Manufacturing,0,,0,2014-06-27,0,1,1,2,999,100,1.0,1.0,1.0,1,0,1-25,0
279,"paint,petrol,chemical",Manufacturing,Manufacturing,0,,0,2014-07-01,0,1,1,2,999,100,1.0,1.0,1.0,1,0,1-25,0
280,high torque system private limited,Manufacturing,Manufacturing,0,,0,2014-07-01,0,1,1,2,999,100,1.0,1.0,1.0,1,0,1-25,0
281,pune,Biotech & Science,Biotechnology & Pharmaceuticals,0,,-1,2014-07-01,0,1,1,2,999,100,1.0,1.0,1.0,1,0,1-25,0
282,Enter Company Name,Creative & Design,"Computer (Hardware, Software, & IT)",0,,-1,2014-07-01,0,1,1,2,999,100,1.0,1.0,1.0,1,0,1-25,0
283, Serco Bpo,BPO/ITES,BPO/KPO/ITES,0,,1,2014-07-06,0,1,1,2,999,100,1.0,1.0,1.0,1,0,1-25,0
284,Flippa,Editorial & Writing,Printing & Publishing,0,,0,2014-07-09,0,1,1,2,999,100,1.0,1.0,1.0,1,0,1-25,0
286,Select Source International,Consulting,"IT Recruiting, Staffing, & Temporary Labor",0,,1,2014-07-10,0,1,1,2,999,100,1.0,1.0,1.0,1,0,1-25,0
288,Memorial Medical Center,Health Care & Medical,Medical & Health/Wellbeing Services,0,,1,2014-07-25,0,1,1,2,999,100,1.0,1.0,1.0,1,0,1-25,0
289,Select Source International,,,0,1,1,2016-11-01,0,0,1,1,0,100,1.0,1.0,1.0,1,0,1-25,0
294,Azul Systems,IT & Software Development,IT-Software/Software Services,0,,1,2014-08-21,0,1,1,2,999,100,1.0,1.0,1.0,1,0,1-25,0
296,Bio-Nucleonics Inc,Biotech & Science,Biotechnology & Pharmaceuticals,0,,1,2014-08-27,0,0,1,1,0,100,1.0,1.0,1.0,1,0,1-25,0
297,meco ind,Accounting & Finance,Accounting & Finance,0,,0,2014-09-03,0,1,1,2,999,100,1.0,1.0,1.0,1,0,1-25,0
298,Perimeter Healthcare Staffing,Health Care & Medical,Recruitment,0,,0,2014-09-03,0,1,1,2,999,100,1.0,1.0,1.0,1,0,1-25,0
299,Testing comp,IT & Software Development,IT-Software/Software Services,0,,1,2014-09-08,0,1,1,2,999,100,1.0,1.0,1.0,1,0,1-25,0
303,Conquerors Market,Accounting & Finance,Accounting & Finance,0,,0,2014-10-14,0,1,1,2,999,100,1.0,1.0,1.0,1,0,1-25,0
305,Demo Employer,IT Software- ERP / CRM,IT-Software/Software Services,0,,1,2014-10-18,0,0,1,1,0,100,1.0,1.0,1.0,1,0,1-25,0
307,Alpha Gamma Delta,Consulting,Non-Profit,0,,0,2014-10-21,0,1,1,2,999,100,1.0,1.0,1.0,1,0,1-25,0
308,Frank Company,Skilled Labor,Construction,0,,-1,2014-10-22,0,1,1,2,999,100,1.0,1.0,1.0,1,0,1-25,0
309,Innovate Solutions Group,Skilled Labor,Construction,0,,-1,2014-10-28,0,1,1,2,999,100,1.0,1.0,1.0,1,0,1-25,0
310,jnl pty ltd,Sales,Other,0,,-1,2014-11-14,0,1,1,2,999,100,1.0,1.0,1.0,1,0,1-25,0
313,IT Solution Provider,IT & Software Development,IT-Software/Software Services,0,,0,2014-12-29,0,1,1,2,999,100,1.0,1.0,1.0,1,0,1-25,0
314,IICT,IT & Software Development,"Computer (Hardware, Software, & IT)",0,,1,2015-01-03,0,1,1,2,999,100,1.0,1.0,1.0,1,0,1-25,0
315,InterCo,Professional Services,"Computer (Hardware, Software, & IT)",0,,0,2015-01-06,0,1,1,2,999,100,1.0,1.0,1.0,1,0,1-25,0
318,Antela Developments Limited,Real Estate,Real Estate & Property Management,0,,0,2015-01-07,0,1,1,2,999,100,1.0,1.0,1.0,1,0,1-25,0
319,Yahoo US,Accounting & Finance,Advertising & PR Services,0,Employer,0,2015-01-08,0,1,1,2,999,100,1.0,1.0,1.0,1,0,1-25,0
321,Gutter Force,Sales,Consumer Products,0,,1,2015-01-09,0,1,1,2,999,100,1.0,1.0,1.0,1,0,1-25,0
322,GTS,Accounting & Finance,Accounting & Finance,0,Employer,1,2015-01-13,0,1,1,2,999,100,1.0,1.0,1.0,1,0,1-25,0
326,"Selectek, Inc",Professional Services,Engineering,0,Employer,1,2015-03-05,0,1,1,2,999,100,1.0,1.0,1.0,1,0,1-25,0
327,Envision27 Recruitment Private Limited,Recruitment,Recruitment,0,Recruiting Firm,0,2015-03-06,0,1,1,2,999,100,1.0,1.0,1.0,1,0,1-25,0
328,DaddyBrand,Accounting & Finance,Internet,0,Employer,0,2015-03-09,0,1,1,2,999,100,1.0,1.0,1.0,1,0,1-25,0
329,DaddyJo,Accounting & Finance,"Computer (Hardware, Software, & IT)",0,Ad Agency,0,2015-03-09,0,1,1,2,999,100,1.0,1.0,1.0,1,0,1-25,0
330,http://www.dizercorp.com/,Recruitment,"IT Recruiting, Staffing, & Temporary Labor",0,,1,2015-03-12,0,1,1,2,999,100,1.0,1.0,1.0,1,0,1-25,0
331,cookie,Accounting & Finance,Accounting & Finance,0,,0,2015-03-24,0,1,1,2,999,100,1.0,1.0,1.0,1,0,1-25,0
333,InTravelGroup,Accounting & Finance,Accounting & Finance,0,,0,2015-03-27,0,1,1,2,999,100,1.0,1.0,1.0,1,0,1-25,0
335,Vivir Amoura,Accounting & Finance,Advertising & PR Services,0,Employer,0,2015-04-06,0,1,1,2,999,100,1.0,1.0,1.0,1,0,1-25,0
336,Engen Enterprises,Accounting & Finance,Accounting & Finance,0,Employer,0,2015-04-07,0,1,1,2,999,100,1.0,1.0,1.0,1,0,1-25,0
337,www.findingengineers.com,Engineering,Engineering,0,Recruiting Firm,0,2015-04-08,0,1,1,2,999,100,1.0,1.0,1.0,1,0,1-25,0
352,russwheeler.com,Accounting & Finance,Accounting & Finance,0,Employer,0,2015-05-02,0,1,1,2,999,100,1.0,1.0,1.0,1,0,1-25,0
353,"Peterborough Players, Inc.",Marketing & Media,Non-Profit,0,Employer,1,2015-05-13,0,1,1,2,999,100,1.0,1.0,1.0,1,0,1-25,0
355,Aroha Technologies Inc,Accounting & Finance,Accounting & Finance,0,Recruiting Firm,1,2015-05-18,0,1,1,2,999,100,1.0,1.0,1.0,1,0,1-25,0
356,HPT,Accounting & Finance,Accounting & Finance,0,Employer,0,2015-05-19,0,1,1,2,999,100,1.0,1.0,1.0,1,0,1-25,0
358,Select Source International,Consulting,"IT Recruiting, Staffing, & Temporary Labor",0,,1,2015-05-21,0,0,1,1,0,100,1.0,1.0,1.0,1,0,1-25,0
359,SolTech,IT & Software Development,"Computer (Hardware, Software, & IT)",0,Recruiting Firm,0,2015-05-22,0,1,1,2,999,100,1.0,1.0,1.0,1,0,1-25,0
360,TRADING OFHOSPITAL & HEALTH CARE EDUCATIONAL,Accounting & Finance,Accounting & Finance,0,Employer,0,2015-05-25,0,1,1,2,999,100,1.0,1.0,1.0,1,0,1-25,0
363,Cyprus home and garden,Business,Retail,0,Employer,1,2015-05-27,0,1,1,2,999,100,1.0,1.0,1.0,1,0,1-25,0
365,Select Source International,Other,Recruitment,0,1,1,2014-04-08,0,0,1,1,0,100,1.0,1.0,1.0,1,0,1-25,0
369,Select Source International,Other,Recruitment,0,1,1,2014-04-08,0,0,1,1,0,100,1.0,1.0,1.0,1,0,1-25,0
372,Bhim International,Accounting & Finance,Accounting & Finance,0,Employer,0,2015-06-04,0,1,1,2,999,100,1.0,1.0,1.0,1,0,1-25,0
373,AHM PSSPL,Accounting & Finance,Accounting & Finance,0,Recruiting Firm,0,2015-06-04,0,1,1,2,999,100,1.0,1.0,1.0,1,0,1-25,0
379,abubakar,Human Resources,Accounting & Finance,0,Recruiting Firm,0,2015-06-15,0,1,1,2,999,100,1.0,1.0,1.0,1,0,1-25,0
384,jobconnection,Accounting & Finance,Accounting & Finance,0,Recruiting Firm,1,2015-06-19,0,1,1,2,999,100,1.0,1.0,1.0,1,0,1-25,0
385,HMS,Accounting & Finance,Accounting & Finance,0,Employer,1,2015-06-22,0,1,1,2,999,100,1.0,1.0,1.0,1,0,1-25,0
387,Cobonak,Accounting & Finance,Accounting & Finance,0,Employer,1,2015-07-01,0,1,1,2,999,100,1.0,1.0,1.0,1,0,1-25,0
389,ogonyc,Retail,Clothing & Textile Manufacturing,0,Employer,1,2015-07-02,0,1,1,2,999,100,1.0,1.0,1.0,1,0,1-25,0
392,Acosta Tax & Advisory PA,Accounting & Finance,Accounting & Finance,0,Employer,0,2015-07-06,0,1,1,2,999,100,1.0,1.0,1.0,1,0,1-25,0
395,global roto sheka,IT & Software Development,Printing & Publishing,0,Employer,0,2015-07-09,0,1,1,2,999,100,1.0,1.0,1.0,1,0,1-25,0
396,instajobs,Accounting & Finance,Accounting & Finance,0,Employer,0,2015-07-12,0,1,1,2,999,100,1.0,1.0,1.0,1,0,1-25,0
404,Pinnacle Group,IT Application Programming / Maintenance,"IT Recruiting, Staffing, & Temporary Labor",0,Recruiting Firm,1,2015-07-17,0,1,1,2,999,100,1.0,1.0,1.0,1,0,1-25,0
407,Select Source International,Other,Recruitment,0,1,1,2014-04-08,0,0,1,1,0,100,1.0,1.0,1.0,1,0,1-25,0
414,Contract Central,Accounting & Finance,Accounting & Finance,0,Employer,1,2015-07-29,0,1,1,2,999,100,1.0,1.0,1.0,1,0,1-25,0
426,Select Source International,Other,Recruitment,0,1,1,2014-04-08,0,0,1,1,0,100,1.0,1.0,1.0,1,0,1-25,0
427,Montana distributors,Administrative & Clerical,Wholesalers,0,Employer,0,2015-08-06,0,1,1,2,999,100,1.0,1.0,1.0,1,0,1-25,0
428,goTask,Other,Other,0,Recruiting Firm,1,2015-08-11,0,1,1,2,999,100,1.0,1.0,1.0,1,0,1-25,0
431,Engage Hospitality,Hospitality,"Hotels, Lodging, & Tourism",0,Employer,1,2015-08-13,0,1,1,2,999,100,1.0,1.0,1.0,1,0,1-25,0
433,Sweta Singh ,Accounting & Finance,Accounting & Finance,0,Employer,1,2015-08-17,0,1,1,2,999,100,1.0,1.0,1.0,1,0,1-25,0
434,Sita,IT Software- ERP / CRM,Business Services,0,Employer,0,2015-08-17,0,1,1,2,999,100,1.0,1.0,1.0,1,0,1-25,0
437,Adriana Hallmark,Accounting & Finance,Accounting & Finance,0,Recruiting Firm,1,2015-08-19,0,1,1,2,999,100,1.0,1.0,1.0,1,0,1-25,0
440,Standard Window Cleaning Inc,Skilled Labor,Accounting & Finance,0,Employer,1,2015-08-23,0,1,1,2,999,100,1.0,1.0,1.0,1,0,1-25,0
443,Hugelife Management Services Private Limited,Sales,Management,0,Recruiting Firm,1,2015-08-26,0,1,1,2,999,100,1.0,1.0,1.0,1,0,1-25,0
446,Select Source International,Recruitment,"IT Recruiting, Staffing, & Temporary Labor",0,1,1,2015-08-29,0,1,1,2,999,100,1.0,1.0,1.0,1,0,1-25,0
447,WDI pvt ltd,Accounting & Finance,Accounting & Finance,0,Employer,0,2015-08-29,0,1,1,2,999,100,1.0,1.0,1.0,1,0,1-25,0
454,Select Source International,Other,Recruitment,0,1,1,2014-04-08,0,0,1,1,0,100,1.0,1.0,1.0,1,0,1-25,0
456,Loopat,Accounting & Finance,Accounting & Finance,0,Employer,0,2015-09-04,0,1,1,2,999,100,1.0,1.0,1.0,1,0,1-25,0
457,Autusbridge Ltd,Business,Accounting & Finance,0,Employer,0,2015-09-05,0,1,1,2,999,100,1.0,1.0,1.0,1,0,1-25,0
462,Envision27 Recruitment Private Limited,Recruitment,Recruitment,0,,0,2015-09-09,0,0,1,1,0,100,1.0,1.0,1.0,1,0,1-25,0
466,Cyber Cerebs,Accounting & Finance,Accounting & Finance,0,Employer,1,2015-09-15,0,1,1,2,999,100,1.0,1.0,1.0,1,0,1-25,0
467,QuadRipple,Accounting & Finance,Accounting & Finance,0,Employer,1,2015-09-15,0,1,1,2,999,100,1.0,1.0,1.0,1,0,1-25,0
469,Amazon,Recruitment,Recruitment,0,,1,2015-09-18,0,0,1,1,0,100,1.0,1.0,1.0,1,0,1-25,0
476,Pitch Creative ,Accounting & Finance,Accounting & Finance,0,Employer,0,2015-10-04,0,1,1,2,999,100,1.0,1.0,1.0,1,0,1-25,0
478,Envision27 Recruitment Private Limited,Recruitment,Recruitment,0,,1,2015-10-05,0,0,1,1,0,100,1.0,1.0,1.0,1,0,1-25,0
481,Ajith Kumar Bairneni,Accounting & Finance,Accounting & Finance,0,Employer,0,2015-10-10,0,1,1,2,999,100,1.0,1.0,1.0,1,0,1-25,0
482,"15, 12 spring street",Accounting & Finance,Management,0,Employer,0,2015-10-12,0,1,1,2,999,100,1.0,1.0,1.0,1,0,1-25,0
487,Select Source International,Health Care & Medical,Biotechnology & Pharmaceuticals,0,1,1,2014-04-08,0,0,1,1,0,100,1.0,1.0,1.0,1,0,1-25,0
488,Macquarie Group Limited,Accounting & Finance,Accounting & Finance,0,Employer,1,2015-10-20,0,1,1,2,999,100,1.0,1.0,1.0,1,0,1-25,0
500,guci consulting,Accounting & Finance,Accounting & Finance,0,Recruiting Firm,0,2015-10-28,0,1,1,2,999,100,1.0,1.0,1.0,1,0,1-25,0
504,lodash,Accounting & Finance,Accounting & Finance,0,Employer,0,2015-10-30,0,1,1,2,999,100,1.0,1.0,1.0,1,0,1-25,0
507,Pinnacle Group,IT Application Programming / Maintenance,"IT Recruiting, Staffing, & Temporary Labor",0,,1,2015-11-02,0,0,1,1,0,100,1.0,1.0,1.0,1,0,1-25,0
508,Lucky Group,IT & Software Development,Accounting & Finance,0,Employer,0,2015-11-03,0,1,1,2,999,100,1.0,1.0,1.0,1,0,1-25,0
514,Airwil Group,Real Estate,Real Estate & Property Management,0,Employer,1,2015-11-09,0,1,1,2,999,100,1.0,1.0,1.0,1,0,1-25,0
516,Sprout Accounting,Accounting & Finance,Accounting & Finance,0,Employer,1,2015-11-10,0,1,1,2,999,100,1.0,1.0,1.0,1,0,1-25,0
518,WNS Global Services Pvt Ltd,BPO/ITES,Transportation & Travel,0,Employer,1,2015-11-17,0,1,1,2,999,100,1.0,1.0,1.0,1,0,1-25,0
521,Spectrum HR Solutions,Accounting & Finance,Recruitment,0,Recruiting Firm,1,2015-11-20,0,1,1,2,999,100,1.0,1.0,1.0,1,0,1-25,0
527,qqq,Accounting & Finance,Accounting & Finance,0,Employer,0,2015-11-27,0,1,1,2,999,100,1.0,1.0,1.0,1,0,1-25,0
528,keya it,Accounting & Finance,Accounting & Finance,0,Recruiting Firm,0,2015-11-29,0,1,1,2,999,100,1.0,1.0,1.0,1,0,1-25,0
530,Demo,IT Application Programming / Maintenance,IT-Software/Software Services,0,,0,2015-12-04,0,1,1,2,999,100,1.0,1.0,1.0,1,0,1-25,0
531,Select Demo,Accounting & Finance,Accounting & Finance,0,,1,2015-12-10,0,1,1,2,999,100,1.0,1.0,1.0,1,0,1-25,0
532,ABC Consultants,Accounting & Finance,Accounting & Finance,0,Employer,0,2015-12-10,0,1,1,2,999,100,1.0,1.0,1.0,1,0,1-25,0
533,Select Demo,IT Application Programming / Maintenance,IT-Software/Software Services,0,,0,2015-12-14,0,1,1,2,999,100,1.0,1.0,1.0,1,0,1-25,0
536,Select Source International,Other,Recruitment,0,1,1,2014-04-08,0,0,1,1,0,100,1.0,1.0,1.0,1,0,1-25,0
537,Select Source International,Other,Recruitment,0,1,1,2014-04-08,0,0,1,1,0,100,1.0,1.0,1.0,1,0,1-25,0
538,Select Source International,Other,Recruitment,0,1,1,2014-04-08,0,0,1,1,0,100,1.0,1.0,1.0,1,0,1-25,0
539,Select Source International,Other,Recruitment,0,1,1,2014-04-08,0,0,1,1,0,100,1.0,1.0,1.0,1,0,1-25,0
540,Select Source International,Other,Recruitment,0,1,1,2014-04-08,0,0,1,1,0,100,1.0,1.0,1.0,1,0,1-25,0
542,Select Source International,Other,Recruitment,0,1,1,2014-04-08,0,0,1,1,0,100,1.0,1.0,1.0,1,0,1-25,0
543,Select Source International,Other,Recruitment,0,1,1,2014-04-08,0,0,1,1,0,100,1.0,1.0,1.0,1,0,1-25,0
546,Quant Finance Academy,Accounting & Finance,Accounting & Finance,0,Recruiting Firm,0,2015-12-15,0,1,1,2,999,100,1.0,1.0,1.0,1,0,1-25,0
549,Demo,Accounting & Finance,Accounting & Finance,0,,0,2015-12-28,0,1,1,2,999,100,1.0,1.0,1.0,1,0,1-25,0
551,DOS Recruiting & Consulting,Human Resources,"IT Recruiting, Staffing, & Temporary Labor",0,Recruiting Firm,0,2016-01-01,0,1,1,2,999,100,1.0,1.0,1.0,1,0,1-25,0
552,Demo Select ,Accounting & Finance,Accounting & Finance,0,,1,2016-01-04,0,1,1,2,999,100,1.0,1.0,1.0,1,0,1-25,0
553,Agentimpress.me,Accounting & Finance,Accounting & Finance,0,Employer,0,2016-01-04,0,1,1,2,999,100,1.0,1.0,1.0,1,0,1-25,0
554,err,Insurance,Insurance,0,Employer,0,2016-01-08,0,1,1,2,999,100,1.0,1.0,1.0,1,0,1-25,0
555,Demooo,Accounting & Finance,Accounting & Finance,0,,0,2016-01-11,0,1,1,2,999,100,1.0,1.0,1.0,1,0,1-25,0
556,Graduate Research Assistant,Education,Education,0,Employer,1,2016-01-12,0,1,1,2,999,100,1.0,1.0,1.0,1,0,1-25,0
557,Select Source International,Other,Recruitment,0,1,1,2016-01-12,0,0,1,1,0,100,1.0,1.0,1.0,1,0,1-25,0
558,Select Source International,Other,Recruitment,0,1,1,2014-04-08,0,0,1,1,0,100,1.0,1.0,1.0,1,0,1-25,0
560,Eutopia Solutions,Accounting & Finance,"IT Recruiting, Staffing, & Temporary Labor",0,Recruiting Firm,0,2016-01-13,0,1,1,2,999,100,1.0,1.0,1.0,1,0,1-25,0
561,Demo Selectsssss,Accounting & Finance,Accounting & Finance,0,,0,2016-01-18,0,1,1,2,999,100,1.0,1.0,1.0,1,0,1-25,0
563,Select Source International,Other,Recruitment,0,,1,2016-01-20,0,0,1,1,0,100,1.0,1.0,1.0,1,0,1-25,0
564,Select Source International,Other,Recruitment,0,,1,2016-01-20,0,0,1,1,0,100,1.0,1.0,1.0,1,0,1-25,0
565,Ideal Personnel Services,Recruitment,"IT Recruiting, Staffing, & Temporary Labor",0,Recruiting Firm,1,2016-01-23,0,1,1,2,999,100,1.0,1.0,1.0,1,0,1-25,0
566,AXA LIMITED,Accounting & Finance,Accounting & Finance,0,Employer,0,2016-01-25,0,1,1,2,999,100,1.0,1.0,1.0,1,0,1-25,0
567,Autusbridge Consulting Limited,Accounting & Finance,Management,0,Employer,0,2016-01-27,0,1,1,2,999,100,1.0,1.0,1.0,1,0,1-25,0
568,Aditya Birla Nuvo,Consulting,Architecture & Design Services,0,Employer,0,2016-01-29,0,1,1,2,999,100,1.0,1.0,1.0,1,0,1-25,0
569,saba,Accounting & Finance,Accounting & Finance,0,Employer,0,2016-02-01,0,1,1,2,999,100,1.0,1.0,1.0,1,0,1-25,0
570,Liperote properties,Real Estate,Real Estate & Property Management,0,Employer,0,2016-02-01,0,1,1,2,999,100,1.0,1.0,1.0,1,0,1-25,0
571,JWITS,Accounting & Finance,Accounting & Finance,0,Employer,0,2016-02-01,0,1,1,2,999,100,1.0,1.0,1.0,1,0,1-25,0
572,Quikjobs,Accounting & Finance,Accounting & Finance,0,Employer,0,2016-02-02,0,1,1,2,999,100,1.0,1.0,1.0,1,0,1-25,0
573,CV-Insider,Recruitment,Recruitment,0,Employer,0,2016-02-21,0,1,1,2,999,100,1.0,1.0,1.0,1,0,1-25,0
574,sheba,Accounting & Finance,Accounting & Finance,0,Employer,0,2016-02-21,0,1,1,2,999,100,1.0,1.0,1.0,1,0,1-25,0
575,Select Source International,Other,Recruitment,0,1,1,2014-04-08,0,0,1,1,0,100,1.0,1.0,1.0,1,0,1-25,0
577,Select Source International,Other,Recruitment,0,1,1,2014-04-08,0,0,1,1,0,100,1.0,1.0,1.0,1,0,1-25,0
579,Montclair Community Hospital,Accounting & Finance,Accounting & Finance,0,Employer,0,2016-02-26,0,1,1,2,999,100,1.0,1.0,1.0,1,0,1-25,0
580,Sungard Financial Systems,Administrative & Clerical,Accounting & Finance,0,Employer,1,2016-03-03,0,1,1,2,999,100,1.0,1.0,1.0,1,0,1-25,0
581,Nemo Enim Ipsam,IT & Software Development,IT-Software/Software Services,0,Employer,1,2016-03-11,0,1,1,2,999,100,1.0,1.0,1.0,1,0,1-25,0
582,ddadad,Accounting & Finance,Accounting & Finance,0,Employer,0,2016-03-11,0,1,1,2,999,100,1.0,1.0,1.0,1,0,1-25,0
583,Akram,IT Software- ERP / CRM,"Computer (Hardware, Software, & IT)",0,Recruiting Firm,1,2016-03-15,0,1,1,2,999,100,1.0,1.0,1.0,1,0,1-25,0
584,Atrium Staffing,Human Resources,Research & Analysis,0,Recruiting Firm,1,2016-03-15,0,1,1,2,999,100,1.0,1.0,1.0,1,0,1-25,0
585,Triciel Technologies Pvt Ltd,IT & Software Development,IT-Software/Software Services,0,Employer,1,2016-03-23,0,1,1,2,999,100,1.0,1.0,1.0,1,0,1-25,0
586,Sticker Factory,Creative & Design,Printing & Publishing,0,Employer,1,2016-03-24,0,1,1,2,999,100,1.0,1.0,1.0,1,0,1-25,0
587,Zeliant,IT & Software Development,IT-Software/Software Services,0,Employer,0,2016-04-04,0,1,1,2,999,100,1.0,1.0,1.0,1,0,1-25,0
588,RO LTD,Retail,Accounting & Finance,0,Employer,0,2016-04-04,0,1,1,2,999,100,1.0,1.0,1.0,1,0,1-25,0
589,Lifecare Hospital,Accounting & Finance,Accounting & Finance,0,Employer,1,2016-04-06,0,1,1,2,999,100,1.0,1.0,1.0,1,0,1-25,0
590,Innotech Laser,Other,Manufacturing,0,Employer,1,2016-04-07,0,1,1,2,999,100,1.0,1.0,1.0,1,0,1-25,0
591,Acme,Accounting & Finance,Accounting & Finance,0,Employer,0,2016-04-07,0,1,1,2,999,100,1.0,1.0,1.0,1,0,1-25,0
592,Dubal Holding LLC,Manufacturing,Manufacturing,0,Employer,1,2016-04-08,0,1,1,2,999,100,1.0,1.0,1.0,1,0,1-25,0
593,ABC Corporation,IT & Software Development,"Computer (Hardware, Software, & IT)",0,Employer,0,2016-04-10,0,1,1,2,999,100,1.0,1.0,1.0,1,0,1-25,0
594,Origin International SRL,Accounting & Finance,Accounting & Finance,0,Employer,0,2016-04-12,0,1,1,2,999,100,1.0,1.0,1.0,1,0,1-25,0
595,JGCM Inc.,Construction,Construction,0,,1,2016-04-14,0,1,1,2,999,100,1.0,1.0,1.0,1,0,1-25,0
596,Sunrun,Sales,Accounting & Finance,0,Employer,1,2016-04-19,0,1,1,2,999,100,1.0,1.0,1.0,1,0,1-25,0
597,big ideas,Accounting & Finance,Accounting & Finance,0,Employer,0,2016-04-19,0,1,1,2,999,100,1.0,1.0,1.0,1,0,1-25,0
598,Company m=name,IT & Software Development,"Computer (Hardware, Software, & IT)",0,Employer,0,2016-04-20,0,1,1,2,999,100,1.0,1.0,1.0,1,0,1-25,0
599,DPM & Co,Accounting & Finance,Accounting & Finance,0,Recruiting Firm,0,2016-04-21,0,1,1,2,999,100,1.0,1.0,1.0,1,0,1-25,0
601,"Ergo Sum Healthcare, Inc.",IT & Software Development,Medical & Health/Wellbeing Services,0,Employer,1,2016-04-28,0,1,1,2,999,100,1.0,1.0,1.0,1,0,1-25,0
602,Source Direction,Accounting & Finance,Accounting & Finance,0,Employer,0,2016-04-28,0,1,1,2,999,100,1.0,1.0,1.0,1,0,1-25,0
603,Adam Huda Ads Agency,Accounting & Finance,Accounting & Finance,0,Ad Agency,0,2016-04-29,0,1,1,2,999,100,1.0,1.0,1.0,1,0,1-25,0
605,Hello,Accounting & Finance,Accounting & Finance,0,Employer,0,2016-05-02,0,1,1,2,999,100,1.0,1.0,1.0,1,0,1-25,0
606,JWnrs,Accounting & Finance,Accounting & Finance,0,Ad Agency,0,2016-05-08,0,1,1,2,999,100,1.0,1.0,1.0,1,0,1-25,0
607,KIPL,IT & Software Development,Accounting & Finance,0,Employer,0,2016-05-11,0,1,1,2,999,100,1.0,1.0,1.0,1,0,1-25,0
608,Apartment Reviewers ,Real Estate,Accounting & Finance,0,Employer,0,2016-05-15,0,1,1,2,999,100,1.0,1.0,1.0,1,0,1-25,0
609,Thijssen ,Accounting & Finance,Accounting & Finance,0,Employer,0,2016-05-16,0,1,1,2,999,100,1.0,1.0,1.0,1,0,1-25,0
610,Prestige,Accounting & Finance,Accounting & Finance,0,Recruiting Firm,0,2016-05-19,0,1,1,2,999,100,1.0,1.0,1.0,1,0,1-25,0
611,Jazz Marketing,Business,Business Services,0,Employer,0,2016-05-20,0,1,1,2,999,100,1.0,1.0,1.0,1,0,1-25,0
612,Supporttalent,Accounting & Finance,Accounting & Finance,0,Recruiting Firm,1,2016-05-24,0,1,1,2,999,100,1.0,1.0,1.0,1,0,1-25,0
614,WomenCorporateDirectors,Non-Profit,Other,0,Employer,0,2016-05-26,0,1,1,2,999,100,1.0,1.0,1.0,1,0,1-25,0
615,Mirne,Marketing & Media,Other,0,Employer,0,2016-05-31,0,1,1,2,999,100,1.0,1.0,1.0,1,0,1-25,0
616,Websterapp,IT & Software Development,"Computer (Hardware, Software, & IT)",0,Employer,0,2016-06-01,0,1,1,2,999,100,1.0,1.0,1.0,1,0,1-25,0
619,Amazon,IT & Software Development,Accounting & Finance,0,Employer,1,2016-06-02,0,1,1,2,999,100,1.0,1.0,1.0,1,0,1-25,0
621,Vasko,Accounting & Finance,Accounting & Finance,0,Employer,0,2016-06-06,0,1,1,2,999,100,1.0,1.0,1.0,1,0,1-25,0
622,Select Source International,Other,Recruitment,0,1,1,2014-04-08,0,0,1,1,0,100,1.0,1.0,1.0,1,0,1-25,0
623,fdgdfg,Accounting & Finance,Accounting & Finance,0,Employer,0,2016-06-06,0,1,1,2,999,100,1.0,1.0,1.0,1,0,1-25,0
624,Select Source International,Other,Recruitment,0,1,1,2014-04-08,0,0,1,1,0,100,1.0,1.0,1.0,1,0,1-25,0
625,Vasko Personal,Sales,Recruitment,0,Recruiting Firm,0,2016-06-09,0,1,1,2,999,100,1.0,1.0,1.0,1,0,1-25,0
626,SS solution,Accounting & Finance,Accounting & Finance,0,Recruiting Firm,0,2016-06-11,0,1,1,2,999,100,1.0,1.0,1.0,1,0,1-25,0
629,Select Source International,Consulting,Recruitment,0,Recruiting Firm,1,2016-06-20,0,0,1,1,0,100,1.0,1.0,1.0,1,0,1-25,0
630,abc company,Accounting & Finance,Accounting & Finance,0,Employer,0,2016-06-21,0,1,1,2,999,100,1.0,1.0,1.0,1,0,1-25,0
631,SSNT,Accounting & Finance,Accounting & Finance,0,Employer,0,2016-06-22,0,1,1,2,999,100,1.0,1.0,1.0,1,0,1-25,0
633,Team Velocity Marketing,Marketing & Media,Automotive,0,Ad Agency,1,2016-06-29,0,1,1,2,999,100,1.0,1.0,1.0,1,0,1-25,0
634,Gannett ,Marketing & Media,Advertising & PR Services,0,Employer,0,2016-06-30,0,1,1,2,999,100,1.0,1.0,1.0,1,0,1-25,0
635,papa Johns,Accounting & Finance,Accounting & Finance,0,Employer,0,2016-06-30,0,1,1,2,999,100,1.0,1.0,1.0,1,0,1-25,0
636,Mitchell Morrison,Consulting,Education,0,,0,2016-07-02,0,1,1,2,999,100,1.0,1.0,1.0,1,0,1-25,0
637,CompuSource HCC,Consulting,"Computer (Hardware, Software, & IT)",0,Recruiting Firm,1,2016-07-05,0,1,1,2,999,100,1.0,1.0,1.0,1,0,1-25,0
638,ProVal Technologies,IT Application Programming / Maintenance,IT-Software/Software Services,0,Employer,1,2016-07-07,0,1,1,2,999,100,1.0,1.0,1.0,1,0,1-25,0
639,Proval Technologies,Accounting & Finance,Accounting & Finance,0,Employer,1,2016-07-08,0,1,1,2,999,100,1.0,1.0,1.0,1,0,1-25,0
641,ninehertz,Hospitality,Consumer Products,0,Employer,1,2016-07-13,0,1,1,2,999,100,1.0,1.0,1.0,1,0,1-25,0
642,abc,Accounting & Finance,Accounting & Finance,0,Employer,0,2016-07-14,0,1,1,2,999,100,1.0,1.0,1.0,1,0,1-25,0
643,http://www.hcsgcorp.com,Management,Medical & Health/Wellbeing Services,0,Employer,1,2016-07-26,0,1,1,2,999,100,1.0,1.0,1.0,1,0,1-25,0
644,N/A,Accounting & Finance,Accounting & Finance,0,Recruiting Firm,0,2016-07-27,0,1,1,2,999,100,1.0,1.0,1.0,1,0,1-25,0
645,Joel Mikelionis,Engineering,Engineering,0,,0,2016-07-29,0,1,1,2,999,100,1.0,1.0,1.0,1,0,1-25,0
649,Innov8 Change ,Consulting,Business Services,0,,0,2016-08-16,0,1,1,2,999,100,1.0,1.0,1.0,1,0,1-25,0
650,Seagate,Accounting & Finance,Accounting & Finance,0,Employer,0,2016-08-16,0,1,1,2,999,100,1.0,1.0,1.0,1,0,1-25,0
651,TR,Accounting & Finance,Accounting & Finance,0,Employer,0,2016-08-20,0,1,1,2,999,100,1.0,1.0,1.0,1,0,1-25,0
652,PT Dumo Diagnostik Indonesia,Distribution,Chemicals,0,Employer,1,2016-08-22,0,1,1,2,999,100,1.0,1.0,1.0,1,0,1-25,0
653,Daimler Trucks north america,Engineering,Accounting & Finance,0,,0,2016-08-23,0,1,1,2,999,100,1.0,1.0,1.0,1,0,1-25,0
654,1974,Warehouse,Waste Management,0,Recruiting Firm,0,2016-08-24,0,1,1,2,999,100,1.0,1.0,1.0,1,0,1-25,0
655,University of Michigan-Dearborn,Engineering,Industrial,0,Employer,1,2016-08-24,0,1,1,2,999,100,1.0,1.0,1.0,1,0,1-25,0
656,De Souza Direct,Customer Service,Retail,0,Employer,0,2016-08-26,0,1,1,2,999,100,1.0,1.0,1.0,1,0,1-25,0
657,Sanver Group,Accounting & Finance,Accounting & Finance,0,Employer,1,2016-08-31,0,1,1,2,999,100,1.0,1.0,1.0,1,0,1-25,0
658,Einrot,Business,Business Services,0,Ad Agency,0,2016-09-02,0,1,1,2,999,100,1.0,1.0,1.0,1,0,1-25,0
659,Nine Square Prints i Pvt Ltd,Purchasing,Printing & Publishing,0,Employer,0,2016-09-03,0,1,1,2,999,100,1.0,1.0,1.0,1,0,1-25,0
660,The Strategic Sales Center,Accounting & Finance,Accounting & Finance,0,Employer,0,2016-09-07,0,1,1,2,999,100,1.0,1.0,1.0,1,0,1-25,0
662,Select Source International,Other,Recruitment,0,1,1,2014-04-08,0,0,1,1,0,100,1.0,1.0,1.0,1,0,1-25,0
663,Select Source International,Other,Recruitment,0,1,1,2014-04-08,0,0,1,1,0,100,1.0,1.0,1.0,1,0,1-25,0
664,dji consul,Consulting,Business Services,0,Employer,0,2016-09-19,0,1,1,2,999,100,1.0,1.0,1.0,1,0,1-25,0
665,Select Source International,Other,Recruitment,0,1,1,2014-04-08,0,0,1,1,0,100,1.0,1.0,1.0,1,0,1-25,0
666,Select Source International,Other,Recruitment,0,1,1,2014-04-08,0,0,1,1,0,100,1.0,1.0,1.0,1,0,1-25,0
668,Optima,Sales,Insurance,0,,0,2016-09-22,0,1,1,2,999,100,1.0,1.0,1.0,1,0,1-25,0
675,ABC Consulting,12,14,0,2,1,2016-10-03,1,1,1,2,999,100,1.0,1.0,1.0,1,0,1-25,0
677,Select Source International,Other,Recruitment,0,1,1,2014-04-08,0,0,1,1,0,100,1.0,1.0,1.0,1,0,1-25,0
687,visog,13,0,0,2,0,2016-10-16,1,1,1,2,999,100,1.0,1.0,1.0,1,0,1-25,0
688,Maladent Bt.,34,17,0,1,1,2016-10-17,1,1,1,2,999,100,1.0,1.0,1.0,1,0,1-25,0
691,Geekshore,,,0,,1,2016-10-27,1,0,1,1,0,100,1.0,1.0,1.0,1,0,1-25,0
692,DTAWAVE,12,4,0,1,1,2016-10-28,1,1,1,2,999,100,1.0,1.0,1.0,1,0,1-25,0
707,Cynet Systems,82,20|73,0,2,1,2016-11-08,1,1,1,2,999,100,1.0,1.0,1.0,1,0,1-25,0
708,GeekWave,2,1,0,1,1,2016-11-08,1,1,1,2,999,100,1.0,1.0,1.0,1,0,1-25,0
709,Select Source International 1,82,73,0,1,1,2016-11-09,1,1,1,2,999,100,1.0,1.0,1.0,1,0,1-25,0
710,Z Staffing,18,20,0,2,1,2016-11-09,1,1,1,2,999,100,1.0,1.0,1.0,1,0,1-25,0
711,Select Source International,,,0,1,1,2016-11-01,0,0,1,1,0,100,1.0,1.0,1.0,1,0,1-25,0
712,Select Source International,,,0,1,1,2016-11-11,1,0,1,1,0,100,1.0,1.0,1.0,1,0,1-25,0
713,Select Source International,Consulting,Recruitment,0,1,1,2016-11-11,1,0,1,1,0,100,1.0,1.0,1.0,1,0,1-25,0
714,Select Source International,Consulting,Recruitment,0,1,1,2016-11-11,1,0,1,1,0,100,1.0,1.0,1.0,1,0,1-25,0
715,Select Source International,Consulting,Recruitment,0,1,1,2016-11-11,1,0,1,1,0,100,1.0,1.0,1.0,1,0,1-25,0
716,Select Source International,Consulting,Recruitment,0,1,1,2016-11-11,1,0,1,1,0,100,1.0,1.0,1.0,1,0,1-25,0
717,Select Source International,Consulting,Recruitment,0,1,1,2016-11-11,1,0,1,1,0,100,1.0,1.0,1.0,1,0,1-25,0
718,Select Source International,Consulting,Recruitment,0,1,1,2016-11-11,1,0,1,1,0,100,1.0,1.0,1.0,1,0,1-25,0
719,Select Source International,Consulting,Recruitment,0,1,1,2016-11-11,1,0,1,1,0,100,1.0,1.0,1.0,1,0,1-25,0
720,Select Source International,Consulting,Recruitment,0,1,1,2016-11-11,1,0,1,1,0,100,1.0,1.0,1.0,1,0,1-25,0
721,Select Source International,Consulting,Recruitment,0,1,1,2016-11-11,1,0,1,1,0,100,1.0,1.0,1.0,1,0,1-25,0
722,Select Source International,Consulting,Recruitment,0,1,1,2016-11-11,1,0,1,1,0,100,1.0,1.0,1.0,1,0,1-25,0
723,Leading MNC comapny,,,0,1,1,2016-11-11,1,0,1,1,0,100,1.0,1.0,1.0,1,0,1-25,0
724,our home transitional company,3,0,0,1,1,2016-11-11,1,1,1,2,999,100,1.0,1.0,1.0,1,0,1-25,0
725,Future Balloons,57,85,0,1,1,2016-11-16,1,1,1,2,999,100,1.0,1.0,1.0,1,0,1-25,0
726,SSI,14|15,15,0,1,1,2016-11-16,1,1,1,2,999,100,1.0,1.0,1.0,1,0,1-25,0
727,Geekshore,,,0,,1,2016-11-17,1,0,1,1,0,100,1.0,1.0,1.0,1,0,1-25,0
728,Rising Sun Energy Center,62,80,0,1,1,2016-11-18,1,1,1,2,999,100,1.0,1.0,1.0,1,0,1-25,0
730,Zagg Global,28,18,0,1,1,2016-11-22,1,1,1,2,999,100,1.0,1.0,1.0,1,0,1-25,0
731,600096,81,18,0,101,1,2016-11-23,1,1,1,2,999,100,1.0,1.0,1.0,1,0,1-25,0
732,SSI Testing,4|5|10,2|3|4,0,2,1,2016-11-24,1,1,1,2,999,100,1.0,1.0,1.0,1,0,1-25,0
737,Stellium Consulting India Pvt Ltd,22|25,23,0,1,0,2016-11-24,1,1,1,2,999,100,1.0,1.0,1.0,1,0,1-25,0
741,43243242,62,2,0,1,0,2016-11-26,1,1,1,2,999,100,1.0,1.0,1.0,1,0,1-25,0
742,66464,4|5|6,2|3|4,0,1,0,2016-11-30,1,1,1,2,999,100,1.0,1.0,1.0,1,0,1-25,0
745,Select Source International,,,0,1,1,2016-11-30,1,0,1,1,0,100,1.0,1.0,1.0,1,0,1-25,0
746,SSI,4|5|6|8,2|3|4,0,2,1,2016-11-30,1,1,1,2,999,100,1.0,1.0,1.0,1,0,1-25,0
747,Select Source International,,,0,1,1,2016-11-30,1,0,1,1,0,100,1.0,1.0,1.0,1,0,1-25,0
748,Select Source International,,,0,1,1,2016-11-30,1,0,1,1,0,100,1.0,1.0,1.0,1,0,1-25,0
749,RE,50|91,113,0,1,1,2016-11-30,1,1,1,2,999,100,1.0,1.0,1.0,1,0,1-25,0
750,DTAWAVE,,,0,,1,2016-12-05,1,0,1,1,0,100,1.0,1.0,1.0,1,0,1-25,0
751,Select Source International,,,0,1,1,2016-12-06,1,0,1,1,0,100,1.0,1.0,1.0,1,0,1-25,0
752,Select Source International,,,0,1,1,2016-12-06,1,0,1,1,0,100,1.0,1.0,1.0,1,0,1-25,0
753,Select Source International,,,0,1,1,2016-12-06,1,0,1,1,0,100,1.0,1.0,1.0,1,0,1-25,0
755,Viifie,13,36,0,1,1,2016-12-06,1,1,1,2,999,100,1.0,1.0,1.0,1,0,1-25,0
758,Transdev,102,121,0,1,1,2016-12-11,1,1,1,2,999,100,1.0,1.0,1.0,1,0,1-25,0
759,Gorgeous Gorgeous,9,15,0,1,1,2016-12-14,1,1,1,2,999,100,1.0,1.0,1.0,1,0,1-25,0
760,Belle Maison Agency,75,36,0,2,1,2016-12-19,1,1,1,2,999,100,1.0,1.0,1.0,1,0,1-25,0
761,Pinnacle Info Services PVT LTD,39,36,0,2,1,2016-12-20,1,1,1,2,999,100,1.0,1.0,1.0,1,0,1-25,0
763,Jobma LLc,22,24,0,1,1,2016-12-23,1,1,1,2,999,100,1.0,1.0,1.0,1,0,1-25,0
764,Sky Blue,8,76,0,2,1,2016-12-24,1,1,1,2,999,100,1.0,1.0,1.0,1,0,1-25,0
766,Jobma LLc,,,0,,1,2016-12-27,1,0,1,1,0,100,1.0,1.0,1.0,1,0,1-25,0
767,PT Aed Oil,4,1,0,2,1,2016-12-29,1,1,1,2,999,100,1.0,1.0,1.0,1,0,1-25,0
768,PT Angkasa Pura,13,1,0,1,1,2016-12-29,1,1,1,2,999,100,1.0,1.0,1.0,1,0,1-25,0
769,Career Buzz,6,1,0,1,1,2016-12-31,1,1,1,2,999,100,1.0,1.0,1.0,1,0,1-25,0
770,Select Source International,,,0,1,1,2017-01-04,1,0,1,1,0,100,1.0,1.0,1.0,1,0,1-25,0
771,NIH,34,28,0,1,0,2017-01-04,1,1,1,2,999,100,1.0,1.0,1.0,1,0,1-25,0
772,National Institutes of Health,74,28,0,1,1,2017-01-04,1,1,1,2,999,100,1.0,1.0,1.0,1,0,1-25,0
773,Groupon,23,72,0,1,1,2017-01-07,1,1,1,2,999,100,1.0,1.0,1.0,1,0,1-25,0
774,Alexion Pharmaceutical Company,34,43,0,2,1,2017-01-09,1,1,1,2,999,100,1.0,1.0,1.0,1,0,1-25,0
775,Xpert Conexions,66,36,0,2,1,2017-01-09,1,1,1,2,999,100,1.0,1.0,1.0,1,0,1-25,0
777,Select Source International,,,0,1,1,2017-01-12,1,0,1,1,0,100,1.0,1.0,1.0,1,0,1-25,0
778,Magid Glove & Safety Manufacturing Company LLC,54,105,0,1,1,2017-01-16,1,1,1,2,999,100,1.0,1.0,1.0,1,0,1-25,0
780,Acres Craft Cannabis ,34,107,0,1,1,2017-01-17,1,1,1,2,999,100,1.0,1.0,1.0,1,0,1-25,0
781,DTAwave,21,23,0,1,1,2017-01-18,1,1,1,2,999,100,1.0,1.0,1.0,1,0,1-25,0
782,Amin,78,23,0,1,1,2017-01-20,1,1,1,2,999,100,1.0,1.0,1.0,1,0,1-25,0
783,mahal,4,78,0,1,1,2017-01-20,1,1,1,2,999,100,1.0,1.0,1.0,1,0,1-25,0
784,TextRecruit,25,36,0,1,1,2017-01-24,1,1,1,2,999,100,1.0,1.0,1.0,1,0,1-25,0
785,bab,8,7,0,1,1,2017-01-27,1,1,1,2,999,100,1.0,1.0,1.0,1,0,1-25,0
787,Select Source International,,,0,1,1,2017-01-27,1,0,1,1,0,100,1.0,1.0,1.0,1,0,1-25,0
788,Precision Additives,57,8,0,1,1,2017-02-01,1,1,1,2,999,100,1.0,1.0,1.0,1,0,1-25,0
789,SELECT SOURCE INTERNATIONAL,69,98,0,2,0,2017-02-02,1,1,1,2,999,100,1.0,1.0,1.0,1,0,1-25,0
790,amazone,,,3,1,1,2017-02-03,1,1,1,2,999,100,1.0,1.0,1.0,1,0,1-25,0
791,websites,,,8,2,1,2017-02-03,1,1,1,2,999,100,1.0,1.0,1.0,1,0,1-25,0
792,1204,71,14,0,18,1,2017-02-04,1,1,1,2,999,100,1.0,1.0,1.0,1,0,1-25,0
793,Intention Consulting,41,2,0,1,1,2017-02-04,1,1,1,2,999,100,1.0,1.0,1.0,1,0,1-25,0
794,"Wonderlic, Inc",,,3,1,1,2017-02-06,1,1,1,2,999,100,1.0,1.0,1.0,1,0,1-25,0
795,Checkr Inc.,25,23,0,1,1,2017-02-06,1,1,1,2,999,100,1.0,1.0,1.0,1,0,1-25,0
796,rtyuijhh,,,4,1,1,2017-02-08,1,1,1,2,999,100,1.0,1.0,1.0,1,0,1-25,0
798,Select Source International,,,0,1,1,2017-02-28,1,0,1,1,0,100,1.0,1.0,1.0,1,0,1-25,0
799,eeeeeeeeeeeee,78,23,0,1,0,2017-03-02,1,1,1,2,999,100,1.0,1.0,1.0,1,0,1-25,0
800,SSI,4,10,0,1,0,2017-03-10,1,1,1,2,999,100,1.0,1.0,1.0,1,0,1-25,0
801,Tela Network,,,1,1,1,2017-03-18,1,1,1,2,999,100,1.0,1.0,1.0,1,0,1-25,0
802,Recrudio,76,1,0,1,0,2017-03-20,1,1,1,2,999,100,1.0,1.0,1.0,1,0,1-25,0
803,jobma,,,1,1,1,2017-03-24,1,1,1,2,999,100,1.0,1.0,1.0,1,0,1-25,0
804,Digi,,,2,1,1,2017-03-24,1,1,1,2,999,100,1.0,1.0,1.0,1,0,1-25,0
805,SSI,,,3,1,1,2017-03-27,1,1,1,2,999,100,1.0,1.0,1.0,1,0,1-25,0
806,ArteezHR Pvt. Ltd.,108,36,0,2,1,2017-04-06,1,1,1,2,999,100,1.0,1.0,1.0,1,0,1-25,0
807,Select Source International,,,0,1,1,2017-04-07,1,0,1,1,0,100,1.0,1.0,1.0,1,0,1-25,0
808,JOBMA,,,1,1,1,2017-04-14,1,1,1,2,999,100,1.0,1.0,1.0,1,0,1-25,0
809,Select Source International,,,0,,1,2017-04-19,1,0,1,1,0,100,1.0,1.0,1.0,1,0,1-25,0
810,Select Source International,,,0,,1,2017-04-19,1,0,1,1,0,100,1.0,1.0,1.0,1,0,1-25,0
813,Select Source International,,,0,,1,2017-04-20,1,0,1,1,0,100,1.0,1.0,1.0,1,0,1-25,0
814,NewStyle Communities,91,113,0,1,1,2017-04-20,1,1,1,2,999,100,1.0,1.0,1.0,1,0,1-25,0
815,JAC,35,90,8,,1,2017-04-26,1,1,1,2,999,100,1.0,1.0,1.0,1,0,1-25,0
816,Newsom,,,1,,1,2017-05-05,1,1,1,2,999,100,1.0,1.0,1.0,1,0,1-25,0
817,joe bloggs ltd,3,11,1,,1,2017-05-06,1,1,1,2,999,100,1.0,1.0,1.0,1,0,1-25,0
818,Bio-Rad Laboratories,13,80,2,1,1,2017-05-10,1,1,1,2,999,100,1.0,1.0,1.0,1,0,1-25,0
819,Elite Staffing Group LLC,59|60|74|78,1|23|28|36|82,1,,1,2017-05-18,1,1,1,2,999,100,1.0,1.0,1.0,1,0,1-25,0
820,Select Source International,,,0,1,1,2017-05-19,1,0,1,1,0,100,1.0,1.0,1.0,1,0,1-25,0
821,zain,,,1,,1,2017-05-25,1,1,1,2,999,100,1.0,1.0,1.0,1,0,1-25,0
822,IonIdea Inc,21|22|23|25|26|35|58,85,4,,1,2017-05-25,1,1,1,2,999,100,1.0,1.0,1.0,1,0,1-25,0
823,Corporate Press,35,32,4,,1,2017-05-30,1,1,1,2,999,100,1.0,1.0,1.0,1,0,1-25,0
824,Glenda Shop,,,7,1,1,2017-06-05,1,1,1,2,999,100,1.0,1.0,1.0,1,0,1-25,0
825,Lumata,21,64,2,,1,2017-06-05,1,1,1,2,999,100,1.0,1.0,1.0,1,0,1-25,0
826,TRINIDIGITAL,50,43,1,,1,2017-06-08,1,1,1,2,999,100,1.0,1.0,1.0,1,0,1-25,0
827,Industrial Fabrics,,,4,,1,2017-06-09,1,1,1,2,999,100,1.0,1.0,1.0,1,0,1-25,0
828,Recrudio,76,36,2,,0,2017-06-11,1,1,1,2,999,100,1.0,1.0,1.0,1,0,1-25,0
829,local testing,,,4,1,1,2017-06-12,1,1,1,2,999,100,1.0,1.0,1.0,1,0,1-25,0
830,adad,50,100,1,,1,2017-06-12,1,1,1,2,999,100,1.0,1.0,1.0,1,0,1-25,0
832,Sunnylife,94,37,2,1,1,2017-06-19,1,1,1,2,999,100,1.0,1.0,1.0,1,0,1-25,0
833,Hitachi India,,,0,1,1,2017-06-21,1,1,1,2,999,100,1.0,1.0,1.0,1,0,1-25,0
834,Looking For Value,6,82,8,,1,2017-06-26,1,1,1,2,999,100,1.0,1.0,1.0,1,0,1-25,0
837,faca export sl,,,2,,1,2017-06-28,1,1,1,2,999,100,1.0,1.0,1.0,1,0,1-25,0
838,select source internanional ,62,78,1,,0,2017-07-03,1,1,1,2,999,100,1.0,1.0,1.0,1,0,1-25,0
839,ABC,4,2,2,,-1,2017-07-04,1,1,1,2,999,100,1.0,1.0,1.0,1,0,1-25,0
840,Body Sculpting Clinics,52,79,1,,1,2017-07-11,1,1,1,2,999,100,1.0,1.0,1.0,1,0,1-25,0
841,Mavenco,95,36,1,,1,2017-07-11,1,1,1,2,999,100,1.0,1.0,1.0,1,0,1-25,0
842,Trigno,,,2,1,-1,2017-07-13,1,1,1,2,999,100,1.0,1.0,1.0,1,0,1-25,0
843,Skye,21,23,4,,-1,2017-07-18,1,1,1,2,999,100,1.0,1.0,1.0,1,0,1-25,0
844,Jobma,54,36,1,,1,2017-07-21,1,1,1,2,999,100,1.0,1.0,1.0,1,0,1-25,0
845,MyPost,40,23|24,1,,0,2017-07-24,1,1,1,2,999,100,1.0,1.0,1.0,1,0,1-25,0
846,DTAWAVE,,,0,,0,2017-07-25,1,0,1,1,0,100,1.0,1.0,1.0,1,0,1-25,0
847,Select Source International,76,23,2,,0,2017-07-27,1,1,1,2,999,100,1.0,1.0,1.0,1,0,1-25,0
848,Select Source International,,,0,1,0,2017-07-27,1,0,1,1,0,100,1.0,1.0,1.0,1,0,1-25,0
849,Select Source International,,,0,1,0,2017-07-27,1,0,1,1,0,100,1.0,1.0,1.0,1,0,1-25,0
850,Select Source International,,,0,1,0,2017-07-27,1,0,1,1,0,100,1.0,1.0,1.0,1,0,1-25,0
851,Select Source International,13,101,6,,0,2017-07-27,1,1,1,2,999,100,1.0,1.0,1.0,1,0,1-25,0
852,Easy Solution Services,52,56,2,,1,2017-07-30,1,1,1,2,999,100,1.0,1.0,1.0,1,0,1-25,0
853,Mindstree,4,7,2,,0,2017-07-31,1,1,1,2,999,100,1.0,1.0,1.0,1,0,1-25,0
855,ManSquare,,,1,,0,2017-08-17,1,1,1,2,999,100,1.0,1.0,1.0,1,0,1-25,0
859,Select source int,,,1,,1,2017-08-22,1,1,1,2,999,100,1.0,1.0,1.0,1,0,1-25,0
871,SELECT SOURCE INTL,"49,61",1,1,2,1,2017-03-17,1,1,1,2,999,100,1.0,1.0,1.0,0,0,1-25,0
874,SSI_JOBMA,,,0,,1,2017-09-05,1,0,1,1,0,100,1.0,1.0,1.0,1,0,1-25,0
876,Select source int,,,1,,1,2017-09-07,1,1,1,2,999,100,1.0,1.0,1.0,1,0,1-25,0
877,Select source int,,,1,,-1,2017-09-07,1,1,1,2,999,100,1.0,1.0,1.0,1,0,1-25,0
878,Select source int,,,1,1,-1,2017-09-07,1,1,1,2,999,100,1.0,1.0,1.0,1,0,1-25,0
880,SSI_JOBMA,,,0,,1,2017-09-11,1,0,1,1,0,100,1.0,1.0,1.0,1,0,1-25,0
881,SSI,,,0,,0,2017-09-18,1,0,1,1,0,100,1.0,1.0,1.0,1,0,1-25,0
886,ss,,,1,,0,2017-09-25,1,1,1,2,999,100,1.0,1.0,1.0,1,0,1-25,0
888,1212121212,,,2,1,1,2017-10-03,1,1,1,2,999,100,1.0,1.0,1.0,1,0,1-25,0
889,SSI,,,1,1,1,2017-10-03,1,1,1,2,999,100,1.0,1.0,1.0,1,0,1-25,0
890,SSI_JOBMA,,,0,1,1,2017-10-11,1,0,1,1,0,100,1.0,1.0,1.0,1,0,1-25,0
893,SSI_JOBMA,,,0,,1,2017-10-31,1,0,1,1,0,100,1.0,1.0,1.0,1,0,1-25,0
894,SSI_JOBMA,,,0,,1,2017-10-31,1,0,1,1,0,100,1.0,1.0,1.0,1,0,1-25,0
895,Select Source International PvT. Ltd,13,23,3,2,1,2017-11-01,1,1,1,2,999,100,1.0,1.0,1.0,1,0,1-25,0
896,SSI_JOBMA,,,0,,1,2017-11-01,1,0,1,1,0,100,1.0,1.0,1.0,1,0,1-25,0
897,SSI_JOBMA,,,0,,1,2017-11-03,1,0,1,1,0,100,1.0,1.0,1.0,1,0,1-25,0
898,test ssi,,,1,,0,2017-11-03,1,1,1,2,999,100,1.0,1.0,1.0,1,0,1-25,0
899,test ssi,,,3,,0,2017-11-03,1,1,1,2,999,100,1.0,1.0,1.0,1,0,1-25,0
901,ssi,,,1,,0,2017-11-06,1,1,1,2,999,100,1.0,1.0,1.0,1,0,1-25,0
902,SSI_JOBMA,,,0,,1,2017-11-06,1,0,1,1,0,100,1.0,1.0,1.0,1,0,1-25,0
903,fdgfdg,,,3,,0,2017-11-06,1,1,1,2,999,100,1.0,1.0,1.0,1,0,1-25,0
904,ssi,,,1,,0,2017-11-06,1,1,1,2,999,100,1.0,1.0,1.0,1,0,1-25,0
905,test ssi,,,1,,1,2017-11-07,1,1,1,2,999,100,1.0,1.0,1.0,1,0,1-25,0
906,SSI_JOBMA,,,0,,1,2017-11-07,1,0,1,1,0,100,1.0,1.0,1.0,1,0,1-25,0
908,ssi,61,,2,2,-1,2017-11-10,1,1,1,2,999,100,2.0,2.0,1.0,1,0,1-25,0
909,SSI_JOBMA,,,0,,1,2017-11-12,1,0,1,1,0,100,1.0,1.0,1.0,1,0,1-25,0
910,SSI,,,3,,0,2017-11-15,1,1,1,2,999,100,2.0,2.0,1.0,1,0,1-25,0
913,SSI,,,1,,1,2017-11-26,1,1,1,2,999,100,1.0,1.0,1.0,1,0,1-25,0
914,SSI,,,3,,0,2017-11-27,1,1,1,2,999,100,1.0,1.0,1.0,1,0,1-25,0
915,SSI,,,1,,0,2017-11-27,1,1,1,2,999,100,1.0,1.0,1.0,1,0,1-25,0
916,SSI_JOBMA selectsource,,,0,,1,2017-11-29,1,0,1,1,0,100,1.0,1.0,1.0,1,0,1-25,0
917,SSI_JOBMA selectsource,,,0,,1,2017-11-29,1,0,1,1,0,100,1.0,1.0,1.0,1,0,1-25,0
918,Jobma Inc,,,3,,0,2017-11-29,1,1,1,2,999,100,1.0,1.0,1.0,1,0,1-25,0
919,ARVIND,,,7,,1,2017-11-30,1,1,1,2,999,100,1.0,1.0,1.0,1,0,1-25,0
920,SSI,,,6,,1,2017-11-30,1,1,1,2,999,100,1.0,1.0,1.0,1,0,1-25,0
921,SSI,,,1,,0,2017-11-30,1,1,1,2,999,100,1.0,1.0,1.0,1,0,1-25,0
922,select source,,,2,,0,2017-12-01,1,1,1,2,999,100,3.0,1.0,1.0,1,0,1-25,0
923,ssi,,,1,,0,2017-12-05,1,1,1,2,999,100,1.0,1.0,1.0,1,0,1-25,0
925,ssi,,,0,,-1,2017-12-06,1,0,1,1,0,100,1.0,1.0,1.0,1,0,1-25,0
926,ssi,,,0,,-1,2017-12-06,1,0,1,1,0,100,1.0,1.0,1.0,1,0,1-25,0
927,select source,,,0,,0,2017-12-15,1,0,1,1,0,100,1.0,1.0,1.0,1,0,1-25,0
929,ssi,,,3,1,1,2017-12-19,1,1,1,2,999,100,1.0,1.0,1.0,1,0,1-25,0
930,ssi,,,4,1,1,2017-12-19,1,1,1,2,999,100,1.0,1.0,1.0,1,0,1-25,0
931,ssi,,,0,,0,2017-12-19,1,0,1,1,0,100,1.0,1.0,1.0,1,0,1-25,0
932,dft,,,6,1,0,2017-12-19,1,1,1,2,999,100,1.0,1.0,1.0,1,0,1-25,0
933,Google,,,3,2,1,2017-12-20,1,1,1,2,999,100,1.0,1.0,1.0,1,0,1-25,0
934,33,1,,0,,0,2017-12-20,1,0,1,1,0,100,1.0,1.0,1.0,1,0,1-25,0
935,ssi,,,2,2,1,2017-12-27,1,1,1,2,999,100,1.0,1.0,1.0,1,0,1-25,0
936,232,,,4,2,1,2017-12-27,1,1,1,2,999,100,1.0,1.0,1.0,1,0,1-25,0
937,ssi,,,6,2,1,2017-12-28,1,1,1,2,999,100,1.0,1.0,1.0,1,0,1-25,0
938,ssi,,,5,1,0,2017-12-28,1,1,1,2,999,100,1.0,1.0,1.0,1,0,1-25,0
939,12,,,2,2,1,2017-12-29,1,1,1,2,999,100,1.0,1.0,1.0,1,0,1-25,0
940,Select Source intl,,,1,1,1,2017-12-29,1,1,1,2,999,100,1.0,1.0,1.0,1,0,1-25,0
941,hdhdjdjdjf,,,4,,1,2018-01-11,1,1,1,2,999,100,1.0,1.0,1.0,1,0,1-25,0
942,select source international,,,2,2,1,2018-01-16,1,1,1,2,999,100,1.0,1.0,1.0,1,0,1-25,0
943,ssi,,,2,,1,2018-01-17,1,1,1,2,999,100,1.0,1.0,1.0,1,0,1-25,0
944,ssi,,,0,,0,2018-01-17,1,0,1,1,0,100,1.0,1.0,1.0,1,0,1-25,0
945,ssi,,,1,,1,2018-01-23,1,1,1,2,999,100,1.0,1.0,1.0,1,0,1-25,0
946,ssi,,,0,,-1,2018-01-24,1,0,1,1,0,100,1.0,1.0,1.0,1,0,1-25,0
947,SSI_JOBMA selectsource,,,0,,1,2018-01-28,1,0,1,1,0,100,1.0,1.0,1.0,1,0,1-25,0
948,SSI_JOBMA selectsource,,,0,,1,2018-01-29,1,0,1,1,0,100,1.0,1.0,1.0,1,0,1-25,0
951,SSI_JOBMA selectsource,,,0,,1,2018-01-30,1,0,1,1,0,100,1.0,1.0,1.0,1,0,1-25,0
952,SSI_JOBMA selectsource,,,0,,1,2018-01-30,1,0,1,1,0,100,1.0,1.0,1.0,1,0,1-25,0
953,ssi,,,2,,1,2018-01-31,1,1,1,2,999,100,1.0,1.0,1.0,1,0,1-25,0
954,ssi,,,2,,1,2018-01-31,1,1,1,2,999,100,1.0,1.0,1.0,1,0,1-25,0
955,si,,,2,,1,2018-01-31,1,1,1,2,999,100,1.0,1.0,1.0,1,0,1-25,0
956,dt,,,1,2,1,2018-01-31,1,1,1,2,999,100,1.0,1.0,1.0,1,0,1-25,0
957,SSI_JOBMA selectsource,,,0,,1,2018-02-01,1,0,1,1,0,100,1.0,1.0,1.0,1,0,1-25,0
958,ssi,,,3,,1,2018-02-06,1,1,1,2,999,100,1.0,1.0,1.0,1,0,1-25,0
959,Ssi,,,1,,1,2018-02-06,1,1,1,2,999,100,1.0,1.0,1.0,1,0,1-25,0
960,cA,,,0,,0,2018-02-06,1,0,1,1,0,100,1.0,1.0,1.0,1,0,1-25,0
961,cA,,,0,,0,2018-02-06,1,0,1,1,0,100,1.0,1.0,1.0,1,0,1-25,0
962,Select Source intl,,,0,,0,2018-02-06,1,0,1,1,0,100,1.0,1.0,1.0,1,0,1-25,0
963,jobma,,,1,2,0,2018-02-06,1,1,1,2,999,100,1.0,1.0,1.0,1,0,1-25,0
964,Ssi,,,0,,0,2018-02-06,1,0,1,1,0,100,1.0,1.0,1.0,1,0,1-25,0
965,Ssi,,,0,,0,2018-02-06,1,0,1,1,0,100,1.0,1.0,1.0,1,0,1-25,0
966,Select Source intl,,,0,,0,2018-02-06,1,0,1,1,0,100,1.0,1.0,1.0,1,0,1-25,0
968,Ssi,,,0,,0,2018-02-06,1,0,1,1,0,100,1.0,1.0,1.0,1,0,1-25,0
969,SSI,,,0,,0,2018-02-06,1,0,1,1,0,100,1.0,1.0,1.0,1,0,1-25,0
972,ssi,,,0,,0,2018-02-06,1,0,1,1,0,100,1.0,1.0,1.0,1,0,1-25,0
973,ssi,,,0,,0,2018-02-06,1,0,1,1,0,100,1.0,1.0,1.0,1,0,1-25,0
974,SSI,,,0,,0,2018-02-06,1,0,1,1,0,100,1.0,1.0,1.0,1,0,1-25,0
975,SSI,,,0,,0,2018-02-06,1,0,1,1,0,100,1.0,1.0,1.0,1,0,1-25,0
976,websites,,,0,,0,2018-02-06,1,0,1,1,0,100,1.0,1.0,1.0,1,0,1-25,0
977,jobma,,,1,2,0,2018-02-06,1,1,1,2,999,100,1.0,1.0,1.0,1,0,1-25,0
978,SSI_JOBMA,,,0,,1,2018-02-06,1,0,1,1,0,100,1.0,1.0,1.0,1,0,1-25,0
979,ssi,,,0,,0,2018-02-07,1,0,1,1,0,100,1.0,1.0,1.0,1,0,1-25,0
980,PT HM Sampoerna Tbk,,,1,2,0,2018-02-08,1,1,1,2,999,100,1.0,1.0,1.0,1,0,1-25,0
981,SSI_JOBMA,,,0,,1,2018-02-12,1,0,1,1,0,100,1.0,1.0,1.0,1,0,1-25,0
982,Ssi,,,4,,1,2018-02-27,1,1,1,2,999,100,1.0,1.0,1.0,1,0,1-25,0
983,SSI_JOBMA,,,0,,1,2018-02-28,1,0,1,1,0,100,1.0,1.0,1.0,1,0,1-25,0
984,ssi,,,1,,1,2018-03-06,1,1,1,2,999,100,10.0,10.0,1.0,1,0,1-25,0
985,ssi,,,0,,0,2018-03-06,1,0,1,1,0,100,1.0,1.0,1.0,1,0,1-25,0
986,ssi,,,1,,1,2018-03-06,1,1,1,2,999,100,1.0,1.0,1.0,1,0,1-25,0
987,rrrr,,,1,,1,2018-03-06,1,1,1,2,999,100,1.0,1.0,1.0,1,0,1-25,0
988,ssi,,,0,,0,2018-03-06,1,0,1,1,0,100,1.0,1.0,1.0,1,0,1-25,0
989,ssi,,,1,,1,2018-03-06,1,1,1,2,999,100,1.0,1.0,1.0,1,0,1-25,0
990,SSI_JOBMA,,,0,,1,2018-03-07,1,0,1,1,0,100,1.0,1.0,1.0,1,0,1-25,0
993,ssi,,,0,,0,2018-03-12,1,0,1,1,0,100,1.0,1.0,1.0,1,0,1-25,0
994,ssi,,,0,,0,2018-03-12,1,0,1,1,0,100,1.0,1.0,1.0,1,0,1-25,0
996,ssi,,,0,,0,2018-03-12,1,0,1,1,0,100,1.0,1.0,1.0,1,0,1-25,0
997,ssi,,,0,,0,2018-03-12,1,0,1,1,0,100,1.0,1.0,1.0,1,0,1-25,0
998,ssi,,,0,,0,2018-03-12,1,0,1,1,0,100,1.0,1.0,1.0,1,0,1-25,0
999,ssi,,,0,,0,2018-03-12,1,0,1,1,0,100,1.0,1.0,1.0,1,0,1-25,0
1000,ssi,,,3,,1,2018-03-12,1,1,1,2,999,100,1.0,1.0,1.0,1,0,1-25,0
1001,ssi,,,1,,1,2018-03-13,1,1,1,2,999,100,1.0,1.0,1.0,1,0,1-25,0
1002,ssi,,,1,,1,2018-03-13,1,1,1,2,999,100,1.0,1.0,1.0,1,0,1-25,0
1003,ssi,,,1,,1,2018-03-13,1,1,1,2,999,100,1.0,1.0,1.0,1,0,1-25,0
1004,ssi,,,1,,1,2018-03-13,1,1,1,2,999,100,1.0,1.0,1.0,1,0,1-25,0
1005,ssi,,,1,,1,2018-03-13,1,1,1,2,999,100,1.0,1.0,1.0,1,0,1-25,0
1006,ssi,,,1,,1,2018-03-13,1,1,1,2,999,100,1.0,1.0,1.0,1,0,1-25,0
1007,ssi,,,1,,1,2018-03-13,1,1,1,2,999,100,1.0,1.0,1.0,1,0,1-25,0
1008,ssi,,,0,,0,2018-03-13,1,0,1,1,0,100,1.0,1.0,1.0,1,0,1-25,0
1009,ssi,,,1,,1,2018-03-16,1,1,1,2,999,100,1.0,1.0,1.0,1,0,1-25,0
1010,ssi,,,1,,1,2018-03-16,1,1,1,2,999,100,1.0,1.0,1.0,1,0,1-25,0
1011,Jobma,,,3,,1,2018-03-16,1,1,1,2,999,100,1.0,1.0,1.0,1,0,1-25,0
1012,SSi,,,1,,1,2018-03-16,1,1,1,2,999,100,1.0,1.0,1.0,1,0,1-25,0
1013,ssi,,,1,2,1,2018-03-19,1,1,1,2,999,100,1.0,85.0,1.0,1,0,1-25,0
1014,ffi,,,2,1,1,2018-03-19,1,1,1,2,999,100,1.0,1.0,1.0,1,0,1-25,0
1015,SSI,,,1,,1,2018-03-19,1,1,1,2,999,100,1.0,1.0,1.0,1,0,1-25,0
1016,ssi,,,0,,0,2018-03-20,1,0,1,1,0,100,1.0,1.0,1.0,1,0,1-25,0
1017,SSi,,,1,,1,2018-03-20,1,1,1,2,999,100,1.0,1.0,1.0,1,0,1-25,0
1018,ssi,,,1,,1,2018-03-21,1,1,1,2,999,100,1.0,1.0,1.0,1,0,1-25,0
1019,ssi,,,1,,1,2018-03-21,1,1,1,0,999,100,1.0,1.0,1.0,1,0,1-25,0
1021,Archrival,,,3,,1,2018-04-26,1,1,1,2,999,100,1.0,1.0,1.0,1,0,1-25,0
1022,sdfghsfh,,,1,,1,2018-03-27,1,1,1,2,999,100,1.0,1.0,1.0,1,0,1-25,0
1023,ssi ssi,,,1,2,1,2018-03-27,1,1,1,2,999,100,1.0,1.0,1.0,1,0,1-25,0
1024,sdg,,,1,,1,2018-03-27,1,1,1,2,999,100,1.0,1.0,1.0,1,0,1-25,0
1025,ssi,,,1,,1,2018-03-27,1,1,1,2,999,100,1.0,1.0,1.0,1,0,1-25,0
1026,ssi,,,1,,1,2018-03-28,1,1,1,2,999,100,1.0,1.0,1.0,1,0,1-25,0
1027,ssi,,,1,,1,2018-03-28,1,1,1,2,999,100,1.0,1.0,1.0,1,0,1-25,0
1028,ssi,,,1,,1,2018-03-28,1,1,1,2,999,100,1.0,1.0,1.0,1,0,1-25,0
1029,ssi,,,1,,1,2018-03-28,1,1,1,2,999,100,1.0,1.0,1.0,1,0,1-25,0
1030,sss,,,1,,1,2018-03-28,1,1,1,2,999,100,1.0,1.0,1.0,1,0,1-25,0
1031,select source international,,,0,2,0,2018-03-30,1,0,1,1,0,100,1.0,1.0,1.0,1,0,1-25,0
1032,select source international,,,0,2,0,2018-03-30,1,0,1,1,0,100,1.0,1.0,1.0,1,0,1-25,0
1033,ssi,,,1,,1,2018-04-02,1,1,1,2,999,100,1.0,1.0,1.0,1,0,1-25,0
1034,ssi,,,1,,1,2018-04-02,1,1,1,2,999,100,1.0,1.0,1.0,1,0,1-25,0
1035,ssi,,,1,1,1,2018-04-02,1,1,1,2,999,100,1.0,1.0,1.0,1,0,1-25,0
1036,SSI,,,1,,1,2018-04-03,1,1,1,2,999,100,1.0,1.0,1.0,1,0,1-25,0
1037,ssi,,,1,,1,2018-04-03,1,1,1,2,999,100,1.0,1.0,1.0,1,0,1-25,0
1038,Company Name,,,1,,1,2018-04-04,1,1,1,2,999,100,1.0,1.0,1.0,1,0,1-25,0
1039,Arvind,,,1,,-1,2018-04-04,1,1,1,2,999,100,1.0,1.0,1.0,1,0,1-25,0
1040,Arvind,,,1,,1,2018-04-12,1,1,1,2,999,100,1.0,1.0,1.0,1,0,1-25,0
1041,jaskaransingh,,,2,,1,2018-04-16,1,1,1,2,999,100,1.0,1.0,1.0,1,0,1-25,0
1042,jaskaransingh,,,1,2,1,2018-04-16,1,1,1,2,999,100,1.0,1.0,1.0,1,0,1-25,0
1043,ssi,,,0,,-1,2018-04-17,1,0,1,1,0,100,1.0,1.0,1.0,1,0,1-25,0
1044,ARVIND,,,1,,1,2018-04-18,1,1,1,2,999,100,1.0,1.0,1.0,1,0,1-25,0
1045,SSI ,,,1,,1,2018-04-19,1,1,1,2,999,100,1.0,1.0,1.0,1,0,1-25,0
1046,SELECT SOURCE INTL,,,0,,1,2018-04-19,1,0,1,1,0,100,1.0,1.0,1.0,1,0,1-25,0
1047,ssi ,,,1,,1,2018-04-19,1,1,1,2,999,100,1.0,1.0,1.0,1,0,1-25,0
1048,SSI,,,4,,1,2018-04-19,1,1,1,2,999,100,1.0,1.0,1.0,1,0,1-25,0
1049,SSI,,,1,,1,2018-04-20,1,1,1,2,999,100,1.0,1.0,1.0,1,0,1-25,0
1050,SSI,,,0,,0,2018-04-20,1,0,1,1,0,100,1.0,1.0,1.0,1,0,1-25,0
1051,SSI ,,,1,,-1,2018-04-20,1,1,1,2,999,100,1.0,1.0,1.0,1,0,1-25,0
1052,ssi,,,0,,-1,2018-04-24,1,0,1,1,0,100,1.0,1.0,1.0,1,0,1-25,0
1053,ssi,,,0,,-1,2018-04-24,1,0,1,1,0,100,1.0,1.0,1.0,1,0,1-25,0
1054,ssi,,,0,,-1,2018-04-25,1,0,1,1,0,100,1.0,1.0,1.0,1,0,1-25,0
1055,select source,,,0,,0,2018-04-27,1,0,1,1,0,100,1.0,1.0,1.0,1,0,1-25,0
1057,SSI ,,,2,,1,2018-05-17,1,1,1,2,999,100,1.0,1.0,1.0,1,0,1-25,0
1058,SSI,,,0,2,1,2018-05-22,1,1,1,2,999,100,1.0,1.0,1.0,1,0,1-25,0
1059,SSI,,,7,,1,2018-05-24,1,1,1,2,999,100,1.0,1.0,1.0,1,0,1-25,0
1060,SSI,,,7,,1,2018-05-24,1,1,1,2,999,100,1.0,1.0,1.0,1,0,1-25,0
1061,ssi,,,1,,1,2018-05-24,1,1,1,2,999,100,1.0,1.0,1.0,1,0,1-25,0
1062,ssi,,,1,,1,2018-05-24,1,1,1,2,999,100,1.0,1.0,1.0,1,0,1-25,0
1063,SSi,,,1,,1,2018-05-24,1,1,1,2,999,100,1.0,1.0,1.0,1,0,1-25,0
1064,ssi,,,1,,1,2018-05-25,1,1,1,2,999,100,1.0,1.0,1.0,1,0,1-25,0
1065,SSI,,,1,,1,2018-05-29,1,1,1,2,999,100,1.0,1.0,1.0,1,0,1-25,0
1066,SSI,,,1,,1,2018-05-29,1,1,1,2,999,100,1.0,1.0,1.0,1,0,1-25,0
1067,SSI,,,1,,1,2018-05-29,1,1,1,2,999,100,1.0,1.0,1.0,1,0,1-25,0
1068,SSI,,,1,,1,2018-05-29,1,1,1,2,999,100,1.0,1.0,1.0,1,0,1-25,0
1069,SSI,,,1,,1,2018-05-29,1,1,1,2,999,100,1.0,1.0,1.0,1,0,1-25,0
1070,SSI,,,1,,1,2018-05-29,1,1,1,2,999,100,1.0,1.0,1.0,1,0,1-25,0
1071,SSI,,,1,,1,2018-05-29,1,1,1,2,999,100,1.0,1.0,1.0,1,0,1-25,0
1072,SSi,,,1,,1,2018-05-29,1,1,1,2,999,100,1.0,1.0,1.0,1,0,1-25,0
1073,ssi,,,1,,1,2018-05-29,1,1,1,2,999,100,1.0,1.0,1.0,1,0,1-25,0
1074,ssi,,,1,,1,2018-05-29,1,1,1,2,999,100,1.0,1.0,1.0,1,0,1-25,0
1081,ssi,,,1,,1,2018-05-29,1,1,1,2,999,100,1.0,1.0,1.0,1,0,1-25,0
1082,SSI ,,,1,,1,2018-05-29,1,1,1,2,999,100,1.0,1.0,1.0,1,0,1-25,0
1083,SSI,,,1,,1,2018-05-30,1,1,1,2,999,100,1.0,1.0,1.0,1,0,1-25,0
1084,SSI,,,1,,1,2018-05-30,1,1,1,2,999,100,1.0,1.0,1.0,1,0,1-25,0
1085,SSI,,,1,,1,2018-05-30,1,1,1,2,999,100,1.0,1.0,1.0,1,0,1-25,0
1086,SSI,,,1,,1,2018-05-30,1,1,1,2,999,100,1.0,1.0,1.0,1,0,1-25,0
1087,SSI,,,1,,1,2018-05-30,1,1,1,2,999,100,1.0,1.0,1.0,1,0,1-25,0
1088,SSI,,,1,,1,2018-05-30,1,1,1,2,999,100,1.0,1.0,1.0,1,0,1-25,0
1089,SSI,,,1,,1,2018-05-31,1,1,1,2,999,100,1.0,1.0,1.0,1,0,1-25,0
1090,SSI,,,1,,1,2018-05-31,1,1,1,2,999,100,4.0,4.0,1.0,1,0,1-25,0
1091,ssi,,,1,,1,2018-06-05,1,1,1,2,999,100,1.0,1.0,1.0,1,0,1-25,0
1092,ssi,,,1,2,0,2018-06-05,1,1,1,2,999,100,1.0,1.0,1.0,1,0,1-25,0
1093,ssi,,,1,,1,2018-06-05,1,1,1,2,999,100,1.0,1.0,1.0,1,0,1-25,0
1094,SSI,,,1,,1,2018-06-05,1,1,1,2,999,100,1.0,1.0,1.0,1,0,1-25,0
1095,ssi,,,1,,1,2018-06-05,1,1,1,2,999,100,1.0,1.0,1.0,1,0,1-25,0
1096,ssi,,,1,,1,2018-06-05,1,1,1,2,999,100,1.0,1.0,1.0,1,0,1-25,0
1097,ssi,,,1,,1,2018-06-05,1,1,1,2,999,100,1.0,1.0,1.0,1,0,1-25,0
1098,ssi,,,1,2,0,2018-06-05,1,1,1,2,999,100,1.0,1.0,1.0,1,0,1-25,0
1099,ssi,,,1,2,0,2018-06-05,1,1,1,2,999,100,1.0,1.0,1.0,1,0,1-25,0
1100,ssi,,,1,,1,2018-06-06,1,1,1,2,999,100,1.0,1.0,1.0,1,0,1-25,0
1101,SSI,,,1,,1,2018-06-06,1,1,1,2,999,100,1.0,1.0,1.0,1,0,1-25,0
1102,ssi,,,1,,1,2018-06-06,1,1,1,2,999,100,1.0,1.0,1.0,1,0,1-25,0
1103,ssi,,,1,,1,2018-06-06,1,1,1,2,999,100,1.0,1.0,1.0,1,0,1-25,0
1104,ssi,,,1,,1,2018-06-06,1,1,1,2,999,100,1.0,1.0,1.0,1,0,1-25,0
1105,ssi,,,1,,1,2018-06-06,1,1,1,2,999,100,1.0,1.0,1.0,1,0,1-25,0
1106,SELECT SOURCE INTL,,,0,,1,2018-06-08,1,0,1,1,0,100,1.0,1.0,1.0,1,0,1-25,0
1107,ssi,,,1,,1,2018-06-12,1,1,1,2,999,100,1.0,1.0,1.0,1,0,1-25,0
1109,Ssi,,,1,,1,2018-06-14,1,1,1,2,999,100,1.0,1.0,1.0,1,0,1-25,0
1110,ssi,,,1,,1,2018-06-14,1,1,1,2,999,100,1.0,1.0,1.0,1,0,1-25,0
1111,ssi,,,1,,1,2018-06-14,1,1,1,2,999,100,1.0,1.0,1.0,1,0,1-25,0
1112,ssi,,,1,,1,2018-06-14,1,1,1,2,999,100,1.0,1.0,1.0,1,0,1-25,0
1113,ssi,,,1,,1,2018-06-14,1,1,1,2,999,100,1.0,1.0,1.0,1,0,1-25,0
1114,ssi,,,1,,1,2018-06-14,1,1,1,2,999,100,1.0,1.0,1.0,1,0,1-25,0
1115,ssi,,,1,2,1,2018-06-18,1,1,1,2,999,100,1.0,1.0,1.0,1,0,1-25,0
1116,ssi,,,1,,1,2018-06-18,1,1,1,2,999,100,1.0,1.0,1.0,1,0,1-25,0
1117,ssi,,,1,,1,2018-06-18,1,1,1,2,999,100,1.0,1.0,1.0,1,0,1-25,0
1118,SSI,,,1,,1,2018-06-19,1,1,1,2,999,100,1.0,1.0,1.0,1,0,1-25,0
1119,SSI,,,1,,1,2018-06-19,1,1,1,2,999,100,1.0,1.0,1.0,1,0,1-25,0
1120,SSI,,,1,,1,2018-06-19,1,1,1,2,999,100,1.0,1.0,1.0,1,0,1-25,0
1121,SSI,,,1,,1,2018-06-19,1,1,1,2,999,100,1.0,1.0,1.0,1,0,1-25,0
1122,SSI,,,1,,1,2018-06-19,1,1,1,2,999,100,1.0,1.0,1.0,1,0,1-25,0
1123,SSI,,,1,,1,2018-06-19,1,1,1,2,999,100,1.0,1.0,1.0,1,0,1-25,0
1124,SSI,,,1,,1,2018-06-19,1,1,1,2,999,100,1.0,1.0,1.0,1,0,1-25,0
1125,SSI,,,1,,1,2018-06-19,1,1,1,2,999,100,1.0,1.0,1.0,1,0,1-25,0
1126,SSI,,,1,,1,2018-06-19,1,1,1,2,999,100,1.0,1.0,1.0,1,0,1-25,0
1127,ssi,,,1,,1,2018-06-19,1,1,1,2,999,100,1.0,1.0,1.0,1,0,1-25,0
1128,ssi,,,1,,1,2018-06-19,1,1,1,2,999,100,1.0,1.0,1.0,1,0,1-25,0
1129,select source,,,0,,0,2018-06-20,1,0,1,2,0,100,1.0,1.0,1.0,1,0,1-25,0
1130,ABC ,,,2,,1,2018-06-21,1,1,1,2,999,100,1.0,1.0,1.0,1,0,1-25,0
1131,ABC,,,3,,1,2018-06-21,1,1,1,2,999,100,1.0,1.0,1.0,1,0,1-25,0
1132,SSI,,,1,,1,2018-06-26,1,1,1,2,999,100,1.0,1.0,1.0,1,0,1-25,0
1133,ssi,,,1,,1,2018-06-29,1,1,1,2,999,100,1.0,1.0,1.0,1,0,1-25,0
1134,sss,,,4,,1,2018-06-29,1,1,1,2,999,100,1.0,1.0,1.0,1,0,1-25,0
1135,ssi,,,1,,1,2018-06-29,1,1,1,2,999,100,1.0,1.0,1.0,1,0,1-25,0
1137,Google,,,3,,1,2018-07-02,1,1,1,2,999,100,1.0,1.0,1.0,1,0,1-25,0
1138,wwwwww,,,3,,1,2018-07-02,1,1,1,2,999,100,1.0,1.0,1.0,1,0,1-25,0
1139,wwwwww,,,3,,1,2018-07-02,1,1,1,2,999,100,1.0,1.0,1.0,1,0,1-25,0
1140,Google,,,1,,1,2018-07-02,1,1,1,2,999,100,1.0,1.0,1.0,1,0,1-25,0
1141,SSI ,,,1,1,0,2018-07-02,1,1,1,2,999,100,1.0,1.0,1.0,1,0,1-25,0
1142,Google,,,4,1,0,2018-07-02,1,1,1,2,999,100,1.0,1.0,1.0,1,0,1-25,0
1143,Google,,,4,1,0,2018-07-02,1,1,1,2,999,100,1.0,1.0,1.0,1,0,1-25,0
1144,JOBMA,,,1,,1,2018-07-02,1,1,1,2,999,100,1.0,1.0,1.0,1,0,1-25,0
1145,abc,,,1,,1,2018-07-02,1,1,1,2,999,100,1.0,1.0,1.0,1,0,1-25,0
1146,abc,,,1,,1,2018-07-02,1,1,1,2,999,100,1.0,1.0,1.0,1,0,1-25,0
1147,Google,,,3,,1,2018-07-02,1,1,1,2,999,100,1.0,1.0,1.0,1,0,1-25,0
1148,select source,,,1,2,0,2018-07-03,1,1,1,2,999,100,1.0,1.0,1.0,1,0,1-25,0
1149,select source,,,4,1,0,2018-07-03,1,1,1,2,999,100,1.0,1.0,1.0,1,0,1-25,0
1150,select source,,,1,1,0,2018-07-03,1,1,1,2,999,100,1.0,1.0,1.0,1,0,1-25,0
1151,SSI,,,1,,1,2018-07-03,1,1,1,2,999,100,1.0,1.0,1.0,1,0,1-25,0
1152,Google,,,1,1,0,2018-07-03,1,1,1,2,999,100,1.0,1.0,1.0,1,0,1-25,0
1153,Google,,,1,1,0,2018-07-03,1,1,1,2,999,100,1.0,1.0,1.0,1,0,1-25,0
1154,Google,,,1,1,0,2018-07-03,1,1,1,2,999,100,1.0,1.0,1.0,1,0,1-25,0
1155,Google,,,4,1,0,2018-07-03,1,1,1,2,999,100,1.0,1.0,1.0,1,0,1-25,0
1156,Google,,,3,1,0,2018-07-03,1,1,1,2,999,100,1.0,1.0,1.0,1,0,1-25,0
1157,Google,,,2,1,0,2018-07-03,1,1,1,2,999,100,1.0,1.0,1.0,1,0,1-25,0
1158,Google,,,1,1,0,2018-07-03,1,1,1,2,999,100,1.0,1.0,1.0,1,0,1-25,0
1159,abc,,,1,1,0,2018-07-03,1,1,1,2,999,100,1.0,1.0,1.0,1,0,1-25,0
1160,abc,,,1,1,0,2018-07-03,1,1,1,2,999,100,1.0,1.0,1.0,1,0,1-25,0
1161,ssi,,,1,,1,2018-07-04,1,1,1,2,999,100,1.0,1.0,1.0,1,0,1-25,0
1162,ssi,,,1,2,0,2018-07-04,1,1,1,2,999,100,1.0,1.0,1.0,1,0,1-25,0
1163,asd,,,1,1,0,2018-07-04,1,1,1,2,999,100,1.0,1.0,1.0,1,0,1-25,0
1164,abc,,,1,1,0,2018-07-04,1,1,1,2,999,100,1.0,1.0,1.0,1,0,1-25,0
1165,abc,,,1,,1,2018-07-04,1,1,1,2,999,100,1.0,1.0,1.0,1,0,1-25,0
1166,ssi,,,1,2,0,2018-07-04,1,1,1,2,999,100,1.0,1.0,1.0,1,0,1-25,0
1167,ssi,,,1,2,0,2018-07-04,1,1,1,2,999,100,1.0,1.0,1.0,1,0,1-25,0
1168,ssi,,,1,2,0,2018-07-05,1,1,1,2,999,100,1.0,1.0,1.0,1,0,1-25,0
1169,test,,,1,1,0,2018-07-05,1,1,1,2,999,100,1.0,1.0,1.0,1,0,1-25,0
1170,ssi,,,1,,1,2018-07-06,1,1,1,2,999,100,1.0,1.0,1.0,1,0,1-25,0
1171,ssi,,,1,,1,2018-07-06,1,1,1,2,999,100,1.0,1.0,1.0,1,0,1-25,0
1172,xfdsa,,,1,,1,2018-07-06,1,1,1,2,999,100,1.0,1.0,1.0,1,0,1-25,0
1174,ssi,,,1,,1,2018-07-10,1,1,1,2,999,100,1.0,1.0,1.0,1,0,1-25,0
1177,SSI,,,1,,1,2018-07-10,1,1,1,2,999,100,1.0,1.0,1.0,1,0,1-25,0
1178,SSI,,,1,,-1,2018-07-11,1,1,1,2,999,100,1.0,1.0,1.0,1,0,1-25,0
1179,Test,,,1,2,0,2018-07-11,1,1,1,2,999,100,1.0,1.0,1.0,1,0,1-25,0
1181,sdasa@yopmail.com,,,4,,1,2018-07-12,1,1,1,2,999,100,1.0,1.0,1.0,1,0,1-25,0
1182,ssi,,,1,2,0,2018-07-12,1,1,1,2,999,100,1.0,1.0,1.0,1,0,1-25,0
1183,ssi,,,1,2,1,2018-07-12,1,1,1,2,999,100,1.0,1.0,1.0,1,0,1-25,0
1184,test,,,1,2,0,2018-07-12,1,1,1,2,999,100,1.0,1.0,1.0,1,0,1-25,0
1185,authbridge,,,1,,0,2018-07-12,1,1,1,2,999,100,1.0,1.0,1.0,1,0,1-25,0
1186,Ghs,,,3,,1,2018-07-12,1,1,1,2,999,100,1.0,1.0,1.0,1,0,1-25,0
1187,SSI,,,1,,1,2018-07-12,1,1,1,2,999,100,1.0,1.0,1.0,1,0,1-25,0
1188,fgvdghbg,,,2,,1,2018-07-12,1,1,1,2,999,100,1.0,1.0,1.0,1,0,1-25,0
1189,Test,,,1,2,0,2018-07-13,1,1,1,2,999,100,1.0,1.0,1.0,1,0,1-25,0
1190,ssi,,,1,,1,2018-07-13,1,1,1,2,999,100,1.0,1.0,1.0,1,0,1-25,0
1191,SSI,,,1,,1,2018-07-13,1,1,1,2,999,100,1.0,1.0,1.0,1,0,1-25,0
1192,test,,,1,,1,2018-07-13,1,1,1,2,999,100,1.0,1.0,1.0,1,0,1-25,0
1193,Ssi,,,1,2,0,2018-07-13,1,1,1,2,999,100,1.0,1.0,1.0,1,0,1-25,0
1194,Test,,,0,,0,2018-07-13,1,0,1,1,0,100,1.0,1.0,1.0,1,0,1-25,0
1195,Test,,,1,2,0,2018-07-13,1,1,1,2,999,100,1.0,1.0,1.0,1,0,1-25,0
1196,Ssi,,,1,2,0,2018-07-13,1,1,1,2,999,100,1.0,1.0,1.0,1,0,1-25,0
1197,Ssi,,,1,,1,2018-07-13,1,1,1,2,999,100,1.0,1.0,1.0,1,0,1-25,0
1198,Ssi,,,1,2,0,2018-07-13,1,1,1,2,999,100,1.0,1.0,1.0,1,0,1-25,0
1199,Test,,,1,,1,2018-07-16,1,1,1,2,999,100,1.0,1.0,1.0,1,0,1-25,0
1200,Test,,,1,,1,2018-07-17,1,1,1,2,999,100,1.0,1.0,1.0,1,0,1-25,0
1201,Test,,,1,2,0,2018-07-17,1,1,1,2,999,100,1.0,1.0,1.0,1,0,1-25,0
1202,test,,,1,2,0,2018-07-17,1,1,1,2,999,100,1.0,1.0,1.0,1,0,1-25,0
1203,Test,,,1,,1,2018-07-18,1,1,1,2,999,100,1.0,1.0,1.0,1,0,1-25,0
1204,SSI,"3,4",,1,2,1,2018-07-18,1,1,1,2,999,100,1.0,1.0,1.0,0,0,1-25,0
1205,asdfas,,,1,,1,2018-07-18,1,1,1,2,999,100,1.0,1.0,1.0,1,0,1-25,0
1206,asdfas,,,1,,1,2018-07-18,1,1,1,2,999,100,1.0,1.0,1.0,1,0,1-25,0
1207,test,,,1,,1,2018-07-18,1,1,1,2,999,100,1.0,1.0,1.0,1,0,1-25,0
1208,test,,,1,2,0,2018-07-18,1,1,1,2,999,100,1.0,1.0,1.0,1,0,1-25,0
1209,Ssi,"62,107,64",,1,1,1,2018-07-18,1,1,1,2,999,100,1.0,1.0,1.0,0,0,1-25,0
1210,acen,,,1,,1,2018-07-19,1,1,1,2,999,100,1.0,1.0,1.0,1,0,1-25,0
1211,ntpc,,,1,1,0,2018-07-19,1,1,1,2,999,100,1.0,1.0,1.0,1,0,1-25,0
1212,ntpc,,,0,,0,2018-07-19,1,0,1,1,0,100,1.0,1.0,1.0,1,0,1-25,0
1213,SELECT SOURCE INTL,,,0,,1,2018-07-24,1,0,1,1,0,100,1.0,1.0,1.0,1,0,1-25,0
1214,SSI,,,1,,1,2018-07-24,1,1,1,2,999,100,1.0,1.0,1.0,1,0,1-25,0
1215,SSI,,,1,,1,2018-07-24,1,1,1,2,999,100,1.0,1.0,1.0,1,0,1-25,0
1216,SELECT SOURCE INTL,,,0,,1,2018-07-25,1,0,1,1,0,100,1.0,1.0,1.0,1,0,1-25,0
1220,Ssi,,,0,1,0,2018-07-27,1,0,1,1,0,100,1.0,1.0,1.0,1,0,1-25,0
1221,infoi,,,3,,1,2018-07-27,1,1,1,2,999,100,1.0,1.0,1.0,1,0,1-25,0
1222,elogy,,,3,,1,2018-07-27,1,1,1,2,999,100,1.0,1.0,1.0,0,0,1-25,0
1223,Ssi,,,0,1,0,2018-07-30,1,0,1,1,0,100,1.0,1.0,1.0,1,0,1-25,0
1224,Ssi,,,0,1,0,2018-07-30,1,0,1,1,0,100,1.0,1.0,1.0,1,0,1-25,0
1226,SELECT SOURCE INTL,,,0,,1,2018-08-02,1,0,1,1,0,100,1.0,1.0,1.0,0,0,1-25,0
1228,Ssi,,,0,1,0,2018-08-03,1,0,1,1,0,100,1.0,1.0,1.0,0,0,1-25,0
1229,Ssi,,,0,1,0,2018-08-03,1,0,1,1,0,100,1.0,1.0,1.0,0,0,1-25,0
1233,eon,,,6,,1,2018-08-06,1,1,1,2,999,100,1.0,1.0,1.0,0,0,1-25,0
1234,eon,,,0,,0,2018-08-06,1,0,1,1,0,100,1.0,1.0,1.0,0,0,1-25,0
1235,pop,,2,1,2,1,2018-08-07,1,1,1,2,999,100,1.0,1.0,1.0,0,0,1-25,0
1236,test,,,1,,1,2018-08-07,1,1,1,2,999,100,1.0,1.0,1.0,0,0,1-25,0
1237,ssi,,,1,,1,2018-08-08,1,1,1,2,999,100,1.0,1.0,1.0,0,0,1-25,0
1238,dfds@mailinator.com,,,1,,1,2018-08-08,1,1,1,2,999,100,1.0,1.0,1.0,0,0,1-25,0
1239,wqwe,,,1,,1,2018-08-08,1,1,1,2,999,100,1.0,1.0,1.0,0,0,1-25,0
1240,ernest young,,,6,,1,2018-08-09,1,1,1,2,999,100,1.0,1.0,1.0,0,0,1-25,0
1241,subuser,,,0,2,0,2018-08-09,1,0,1,1,0,100,1.0,1.0,1.0,0,0,1-25,0
1242,Google,,,1,,1,2018-08-09,1,1,1,2,999,100,1.0,1.0,1.0,0,0,1-25,0
1243,Google,,,1,,1,2018-08-09,1,1,1,2,999,100,1.0,1.0,1.0,0,0,1-25,0
1244,Werngo,,,1,,1,2018-08-09,1,1,1,2,999,100,1.0,1.0,1.0,0,0,1-25,0
1245,ernest young,,,0,,0,2018-08-09,1,0,1,1,0,100,1.0,1.0,1.0,0,0,1-25,0
1246,test,,,1,,1,2018-08-09,1,1,1,2,999,100,1.0,1.0,1.0,0,0,1-25,0
1247,test,,,1,,1,2018-08-09,1,1,1,2,999,100,1.0,1.0,1.0,0,0,1-25,0
1248,SSI,,,1,,1,2018-08-09,1,1,1,2,999,100,1.0,1.0,1.0,0,0,1-25,0
1249,test,,,1,,1,2018-08-09,1,1,1,2,999,100,1.0,1.0,1.0,0,0,1-25,0
1250,SSI,,,1,,1,2018-08-09,1,1,1,2,999,100,1.0,1.0,1.0,0,0,1-25,0
1251,test,,,1,,1,2018-08-09,1,1,1,2,999,100,1.0,1.0,1.0,0,0,1-25,0
1252,Google,,,1,,1,2018-08-09,1,1,1,2,999,100,1.0,1.0,1.0,0,0,1-25,0
1253,test,,,1,,1,2018-08-09,1,1,1,2,999,100,1.0,1.0,1.0,0,0,1-25,0
1254,try,,,3,2,0,2018-08-09,1,1,1,2,999,100,1.0,1.0,1.0,0,0,1-25,0
1255,postjob,,,1,1,0,2018-08-09,1,1,1,2,999,100,1.0,1.0,1.0,1,0,1-25,0
1256,try,,,0,,0,2018-08-10,1,0,1,1,0,100,1.0,1.0,1.0,0,0,1-25,0
1257,Actiview,,,1,,-1,2018-08-17,1,1,1,2,999,100,1.0,1.0,1.0,0,0,1-25,0
1258,ssi,,,1,,1,2018-08-17,1,1,1,2,999,100,1.0,1.0,1.0,0,0,1-25,0
1259,test,,,1,,1,2018-08-20,1,1,1,2,999,100,1.0,1.0,1.0,0,0,1-25,0
1261,test,,,1,2,0,2018-08-20,1,1,1,2,999,100,1.0,1.0,1.0,0,0,1-25,0
1262,pop,,,0,2,0,2018-08-21,1,0,1,1,0,100,1.0,1.0,1.0,0,0,1-25,0
1263,SELECT SOURCE INTL,,,0,,1,2018-08-22,1,0,1,1,0,100,1.0,1.0,1.0,0,0,1-25,0
1266,pop,,,0,2,0,2018-08-24,1,0,1,1,0,100,1.0,1.0,1.0,0,0,1-25,0
1267,pop,,,0,2,0,2018-08-24,1,0,1,1,0,100,1.0,1.0,1.0,0,0,1-25,0
1268,ssi,,,1,,1,2018-08-28,1,1,1,2,999,100,1.0,1.0,1.0,0,0,1-25,0
1269,ssi,,,1,2,0,2018-08-30,1,1,1,2,999,100,1.0,1.0,1.0,0,0,1-25,0
1270,ssi,,,0,,0,2018-08-31,1,0,1,1,0,100,1.0,1.0,1.0,0,0,1-25,0
1271,auction,,,3,2,0,2018-08-31,1,1,1,2,999,100,1.0,1.0,1.0,1,0,1-25,0
1272,auction,,,0,,0,2018-08-31,1,0,1,1,0,100,1.0,1.0,1.0,0,0,1-25,0
1273,ssi,,,1,2,0,2018-09-01,1,1,1,2,999,100,1.0,1.0,1.0,0,0,1-25,0
1274,ssi,,,0,,0,2018-09-01,1,0,1,1,0,100,1.0,1.0,1.0,0,0,1-25,0
1275,ssi,,,0,,1,2018-09-03,1,1,1,2,999,100,1.0,1.0,1.0,0,0,1-25,0
1276,Mainusereditedmobile,,,0,1,1,2018-09-03,1,1,1,2,37,100,1.0,2.0,1.0,1,0,1-25,0
1277,ssi,,,0,,0,2018-09-03,1,0,1,1,0,100,1.0,1.0,1.0,0,0,1-25,0
1278,SSI,,,0,,1,2018-09-04,1,1,1,2,999,100,1.0,1.0,1.0,0,0,1-25,0
1279,SSI,,,0,,0,2018-09-05,1,0,1,1,0,100,1.0,1.0,1.0,0,0,1-25,0
1280,ssi,,,0,,1,2018-09-05,1,1,1,2,999,100,1.0,1.0,1.0,0,0,1-25,0
1281,SSI ,,,0,,0,2018-09-05,1,1,1,2,999,100,1.0,1.0,1.0,0,0,1-25,0
1282,ssi,,,0,,1,2018-09-05,1,1,1,2,999,100,1.0,1.0,1.0,0,0,1-25,0
1283,ssi,,,0,,0,2018-09-05,1,1,1,2,999,100,1.0,1.0,1.0,0,0,1-25,0
1284,ssi,,,0,,1,2018-09-05,1,1,1,2,999,100,1.0,1.0,1.0,0,0,1-25,0
1285,SSIO ,,,0,,1,2018-09-05,1,1,1,2,999,100,1.0,1.0,1.0,0,0,1-25,0
1286,ssi,,,0,,1,2018-09-05,1,1,1,2,999,100,1.0,1.0,1.0,0,0,1-25,0
1287,111111111,,,0,,1,2018-09-05,1,1,1,2,999,100,1.0,1.0,1.0,0,0,1-25,0
1288,ssi,,,0,,1,2018-09-06,1,1,1,2,999,100,1.0,1.0,1.0,0,0,1-25,0
1289,ssi,,,0,,0,2018-09-06,1,1,1,2,999,100,1.0,1.0,1.0,0,0,1-25,0
1290,ssi,,,0,,1,2018-09-06,1,1,1,2,999,100,1.0,1.0,1.0,0,0,1-25,0
1291,ssi,,,0,,1,2018-09-06,1,1,1,2,999,100,1.0,1.0,1.0,0,0,1-25,0
1292,ssi,,,0,,1,2018-09-07,1,1,1,2,999,100,1.0,1.0,1.0,0,0,1-25,0
1293,Ssi,,,1,,1,2018-09-10,1,1,1,2,999,100,1.0,1.0,1.0,0,0,1-25,0
1294,Ssi,,,0,,0,2018-09-10,1,0,1,1,0,100,1.0,1.0,1.0,0,0,1-25,0
1295,ssi,,,0,,1,2018-09-10,1,1,1,2,999,100,1.0,1.0,1.0,0,0,1-25,0
1298,ssi,,,0,,0,2018-09-12,1,0,1,1,0,100,1.0,1.0,1.0,0,0,1-25,0
1299,ssi,,,0,,0,2018-09-12,1,0,1,1,0,100,1.0,1.0,1.0,0,0,1-25,0
1300,ssi,,,0,,0,2018-09-12,1,0,1,1,0,100,1.0,1.0,1.0,0,0,1-25,0
1301,ssi,,,0,,0,2018-09-12,1,0,1,1,0,100,1.0,1.0,1.0,0,0,1-25,0
1302,ssi,,,0,,0,2018-09-12,1,0,1,1,0,100,1.0,1.0,1.0,0,0,1-25,0
1303,RAM,,,0,,1,2018-09-14,1,1,1,2,999,100,1.0,1.0,1.0,0,0,1-25,0
1304,ssi,,,0,,1,2018-09-14,1,1,1,2,999,100,1.0,1.0,1.0,0,0,1-25,0
1305,SSI,,,1,,1,2018-09-17,1,1,1,2,999,100,1.0,1.0,1.0,0,0,1-25,0
1306,TEST DATA,,,0,,0,2018-09-18,1,0,1,1,0,100,1.0,1.0,1.0,0,0,1-25,0
1307,SSI,,,1,,1,2018-09-19,1,1,1,2,999,100,1.0,1.0,1.0,0,0,1-25,0
1308,SSI,,,0,,1,2018-09-19,1,1,1,2,999,100,1.0,1.0,1.0,0,0,1-25,0
1309,ssi,,,2,,1,2018-09-19,1,1,1,2,999,100,1.0,1.0,1.0,0,0,1-25,0
1310,test,,,0,,0,2018-09-20,1,1,1,2,999,100,1.0,1.0,1.0,0,0,1-25,0
1311,Ssi,,,0,1,0,2018-09-20,1,0,1,1,0,100,1.0,1.0,1.0,0,0,1-25,0
1312,RAM,,,1,,1,2018-09-21,1,1,1,2,999,100,1.0,1.0,1.0,0,0,1-25,0
1313,JOBMA gurgaon,,,0,,1,2018-09-25,1,1,1,2,999,100,1.0,1.0,1.0,0,0,1-25,0
1314,JOBMA gurgaon,,,0,,1,2018-09-25,1,1,1,2,999,100,1.0,1.0,1.0,0,0,1-25,0
1315,Ssi,,,0,1,0,2018-09-25,1,0,1,1,0,100,1.0,1.0,1.0,0,0,1-25,0
1316,RAM,,,0,,1,2018-09-26,1,1,1,2,999,100,1.0,1.0,1.0,0,0,1-25,0
1317,SSI,,,0,,0,2018-09-27,1,0,1,1,0,100,1.0,1.0,1.0,0,0,1-25,0
1321,Ssi,,,0,1,0,2018-09-28,1,0,1,1,0,100,1.0,1.0,1.0,0,0,1-25,0
1324,SSI,,,0,,0,2018-10-01,1,0,1,1,0,100,1.0,1.0,1.0,0,0,1-25,0
1325,SSI,,,0,,0,2018-10-01,1,0,1,1,0,100,1.0,1.0,1.0,0,0,1-25,0
1326,SSI,,,0,,0,2018-10-01,1,0,1,1,0,100,1.0,1.0,1.0,0,0,1-25,0
1330,Ssi,,,0,1,0,2018-10-05,1,0,1,1,0,100,1.0,1.0,1.0,0,0,1-25,0
1331,Ssi,,,0,1,0,2018-10-05,1,0,1,1,0,100,1.0,1.0,1.0,0,0,1-25,0
1336,Mainusereditedmobile,,,0,,0,2018-10-15,1,0,1,1,0,100,1.0,1.0,1.0,0,0,1-25,0
1338,Ssi,,,0,1,0,2018-10-18,1,0,1,1,0,100,1.0,1.0,1.0,0,0,1-25,0
1339,Ssi,,,0,1,0,2018-10-22,1,0,1,1,0,100,1.0,1.0,1.0,0,0,1-25,0
1340,SELECT SOURCE INTL,,,0,,0,2018-10-22,1,0,1,1,0,100,1.0,1.0,1.0,0,0,1-25,0
1341,Jobma Test,,,0,,1,2018-10-23,1,1,1,2,999,100,1.0,1.0,1.0,0,0,1-25,0
1342,Jobma Test,,,0,,1,2018-10-23,1,1,1,2,999,100,1.0,1.0,1.0,0,0,1-25,0
1343,Jobma Test,,,0,,1,2018-10-25,1,1,1,2,999,100,1.0,1.0,1.0,0,0,1-25,0
1344,Jobma Test,,,0,,1,2018-10-25,1,1,1,2,999,100,1.0,1.0,1.0,0,0,1-25,0
1345,ssi,,,0,,1,2018-10-25,1,1,1,2,999,100,1.0,1.0,1.0,0,0,1-25,0
1346,abc,,,0,,1,2018-10-25,1,1,1,2,999,100,1.0,1.0,1.0,0,0,1-25,0
1347,Jobma Test,,,0,,1,2018-10-26,1,1,1,2,999,100,1.0,1.0,1.0,0,0,1-25,0
1348,fgdgdfgd,,,0,,1,2018-10-29,1,1,1,2,999,100,1.0,1.0,1.0,0,0,1-25,0
1349,Jobma Test,,,0,,0,2018-10-30,1,0,1,1,0,100,1.0,1.0,1.0,0,0,1-25,0
1350,test ssi,,,0,,1,2018-11-02,1,1,1,2,999,100,1.0,1.0,1.0,0,0,1-25,0
1351,ssi test,,,0,,1,2018-11-02,1,1,1,2,999,100,1.0,1.0,1.0,0,0,1-25,0
1352,ssi test,,,0,,1,2018-11-02,1,1,1,2,999,100,1.0,1.0,1.0,0,0,1-25,0
1353,Jobma Test,,,0,,1,2018-11-02,1,1,1,2,999,100,1.0,1.0,1.0,0,0,1-25,0
1354,Jobma Test,,,0,,1,2018-11-02,1,1,1,2,999,100,1.0,1.0,1.0,0,0,1-25,0
1355,ssi,,,0,,1,2018-11-05,1,1,1,2,999,100,1.0,1.0,1.0,0,0,1-25,0
1356,Jobma Test,,,0,,1,2018-11-05,1,1,1,2,999,100,1.0,1.0,1.0,0,0,1-25,0
1357,Jobma Test,,,0,,1,2018-11-09,1,1,1,2,999,100,1.0,1.0,1.0,0,0,1-25,0
1358,Jobma Test,,,0,,1,2018-11-09,1,1,1,2,999,100,1.0,1.0,1.0,0,0,1-25,0
1359,Jobma Test,,,0,,1,2018-11-09,1,1,1,2,999,100,1.0,1.0,1.0,0,0,1-25,0
1360,Mainusereditedmobile,,,0,,0,2018-11-09,1,0,1,1,0,100,1.0,1.0,1.0,0,0,1-25,0
1361,test,,,0,,1,2018-11-13,1,1,1,2,999,100,2.0,1.5,1.0,0,0,1-25,0
1362,test,,,0,,0,2018-11-13,1,0,1,1,0,100,1.0,1.0,1.0,0,0,1-25,0
1363,ssi,,,0,,1,2018-11-15,1,1,1,2,999,100,1.0,1.0,1.0,0,0,1-25,0
1364,afsv,,,0,,1,2018-11-15,1,1,1,1,999,100,1.0,1.0,1.0,0,0,1-25,0
1365,test,,,0,,1,2018-11-16,1,1,1,2,999,100,1.0,1.0,1.0,0,0,1-25,0
1366,rewer,,,0,,1,2018-11-16,1,1,1,2,999,100,1.5,1.5,1.0,0,0,1-25,0
1367,ssi,,,0,,1,2018-11-18,1,1,1,2,999,100,1.0,1.0,1.0,0,0,1-25,0
1368,SSI,,,0,,1,2018-11-18,1,1,1,2,999,100,1.0,1.0,1.0,0,0,1-25,0
1369,abc,,,0,,1,2018-11-18,1,1,1,2,999,100,1.0,1.0,1.0,0,0,1-25,0
1370,Ssi,,,0,1,0,2018-11-19,1,0,1,1,0,100,1.0,1.0,1.0,0,0,1-25,0
1371,ram june test,"49,3,10",,0,2,1,2018-11-20,1,1,1,2,999,100,1.0,2.0,1.0,0,0,1-25,0
1372,jobma test,107,,0,2,1,2018-11-20,1,1,1,2,999,100,5.0,1.0,1.0,0,0,1-25,0
1373,ssi,,,0,,1,2018-11-21,1,1,1,2,999,100,1.0,1.0,1.0,0,0,1-25,0
1374,ram june test,,,0,2,0,2018-11-21,1,0,1,1,0,100,1.0,1.0,1.0,0,0,1-25,0
1375,sdfasd,,,0,,1,2018-11-22,1,1,1,2,999,100,1.5,1.5,1.0,1,0,1-25,0
1376,dfsdf,,,0,,1,2018-11-22,1,1,1,2,999,100,1.33,1.33,1.0,1,0,1-25,0
1377,Jobma Test,,,0,,1,2018-11-23,1,1,1,2,999,100,1.0,1.0,1.0,0,0,1-25,0
1394,test,,,0,,1,2018-11-28,1,1,1,2,999,100,1.0,1.0,1.0,0,0,1-25,0
1395,ssis,,,0,,1,2018-11-28,1,1,1,2,999,100,1.0,1.0,1.0,0,0,1-25,0
1396,ssi,,,0,,1,2018-11-28,1,1,1,2,999,100,1.0,1.0,1.0,0,0,1-25,0
1400,ssi,,,0,,1,2018-11-29,1,1,1,2,999,100,1.0,1.0,1.0,0,0,1-25,0
1401,ssi,,,0,,1,2018-11-29,1,1,1,2,999,100,1.0,1.0,1.0,0,0,1-25,0
1402,ssi,,,0,,1,2018-11-29,1,1,1,2,999,100,1.0,1.0,1.0,0,0,1-25,0
1403,ssi,,,0,,1,2018-11-29,1,1,1,2,999,100,1.0,1.0,1.0,0,0,1-25,0
1404,ssi,,,0,,1,2018-11-29,1,1,1,2,999,100,1.0,1.0,1.0,0,0,1-25,0
1405,ssi,,,0,,1,2018-11-29,1,1,1,2,999,100,1.0,1.0,1.0,0,0,1-25,0
1406,ssi,,,0,,1,2018-11-29,1,1,1,2,999,100,1.0,1.0,1.0,0,0,1-25,0
1407,ssi,,,0,,1,2018-11-29,1,1,1,2,999,100,1.0,1.0,1.0,0,0,1-25,0
1408,ssi,,,0,,1,2018-11-29,1,1,1,2,999,100,1.0,1.0,1.0,0,0,1-25,0
1409,ssi,,,0,,1,2018-11-29,1,1,1,2,999,100,1.0,1.0,1.0,0,0,1-25,0
1410,ssi,,,0,,1,2018-11-29,1,1,1,2,999,100,1.0,5.0,1.0,1,0,1-25,0
1411,ssi,,,0,,1,2018-11-29,1,1,1,2,999,100,1.0,1.0,1.0,0,0,1-25,0
1412,jobma,"61,63,57",,0,2,1,2018-11-29,1,1,1,2,999,100,1.0,1.0,1.0,0,0,1-25,0
1413,ssi,,,0,,1,2018-11-29,1,1,1,2,999,100,1.0,1.0,1.0,0,0,1-25,0
1414,ssi,,,0,,1,2018-11-29,1,1,1,2,999,100,1.0,1.0,1.0,0,0,1-25,0
1417,fsgdg,,,0,,1,2018-11-30,1,1,1,2,999,100,1.5,1.5,1.0,1,0,1-25,0
1418,rwdgg,,,0,,1,2018-11-30,1,1,1,2,999,100,1.5,1.5,1.0,1,0,1-25,0
1419,qdafsf,,,0,,1,2018-11-30,1,1,1,2,999,100,1.5,1.5,1.0,1,0,1-25,0
1420,fsgg,,,0,,1,2018-11-30,1,1,1,2,999,12000,1.5,1.5,1.0,1,0,1-25,0
1421,afssafgsg,,,0,,1,2018-11-30,1,1,1,2,999,12000,1.5,1.5,1.0,1,0,1-25,0
1422,afsf,,,0,,1,2018-11-30,1,1,1,2,999,100,1.0,1.0,1.0,0,0,1-25,0
1423,fssdgsgsg,,,0,,1,2018-11-30,1,1,1,2,999,12000,1.5,1.5,1.0,1,0,1-25,0
1424,sdfsd,,,0,,1,2018-11-30,1,1,1,2,999,12000,1.5,1.5,1.0,1,0,1-25,0
1425,fhyghh,,,0,,1,2018-11-30,1,1,1,2,999,12000,1.5,1.5,1.0,1,0,1-25,0
1426,affsfsfsf,,,0,,1,2018-11-30,1,1,1,2,999,12000,1.5,1.5,1.0,1,0,1-25,0
1427,adafs,,,0,,1,2018-11-30,1,1,1,2,999,12000,1.5,1.5,1.0,1,0,1-25,0
1428,dsdas,,,0,,1,2018-11-30,1,1,1,2,999,12000,1.5,1.5,1.0,1,0,1-25,0
1429,fdsdb,,,0,,1,2018-11-30,1,1,1,2,999,12000,1.5,1.5,1.0,1,0,1-25,0
1430,Final Test Dev,,,0,,1,2018-12-03,1,1,1,2,999,100,1.5,1.5,1.0,1,0,1-25,0
1431,sssi,,,0,,1,2018-12-03,1,1,1,2,999,100,1.0,1.0,1.0,0,0,1-25,0
1432,assgsgsfs,,,0,,1,2018-12-03,1,1,1,2,999,100,1.0,1.0,1.0,0,0,1-25,0
1433,test,,,0,,1,2018-12-03,1,1,1,2,999,12000,1.5,1.5,1.0,1,0,1-25,0
1434,dfwer,,,0,,1,2018-12-03,1,1,1,2,999,12000,1.33,1.33,1.0,1,0,1-25,0
1435,ssi test,,,0,,1,2018-12-04,1,1,1,2,999,100,1.0,1.0,1.0,0,0,1-25,0
1436,test,,,0,,1,2018-12-04,1,1,1,2,999,100,1.0,1.0,1.0,0,0,1-25,0
1437,adsczc,,,0,,1,2018-12-04,1,1,1,2,999,100,1.0,1.0,1.0,0,0,1-25,0
1438,ssi ,,,0,,1,2018-12-04,1,1,1,2,999,100,1.0,1.0,1.0,0,0,1-25,0
1439,adafsfsf,,,0,,1,2018-12-04,1,1,1,2,999,100,1.0,1.0,1.0,0,0,1-25,0
1440,affsf,,,0,,1,2018-12-04,1,1,1,2,999,100,1.0,1.0,1.0,0,0,1-25,0
1441,aafsgdsgsg,,,0,,1,2018-12-04,1,1,1,2,999,12000,1.5,1.5,1.0,1,0,1-25,0
1443,test,,,0,,1,2018-12-05,1,1,1,2,999,100,1.0,1.0,1.0,0,0,1-25,0
1444,test,,,0,,1,2018-12-05,1,1,1,2,999,12000,1.5,1.5,1.0,1,0,1-25,0
1445,test,,,0,,1,2018-12-05,1,1,1,2,999,100,1.0,1.0,1.0,0,0,1-25,0
1446,test,,,0,,1,2018-12-05,1,1,1,2,999,100,1.33,1.33,1.0,1,0,1-25,0
1447,test,,,0,,1,2018-12-05,1,1,1,2,999,100,1.33,1.33,1.0,1,0,1-25,0
1448,test,,,0,,1,2018-12-05,1,1,1,2,999,100,1.33,1.33,1.0,1,0,1-25,0
1449,test,,,0,,1,2018-12-05,1,1,1,2,999,100,1.0,1.0,1.0,0,0,1-25,0
1450,test,,,0,,1,2018-12-05,1,1,1,2,999,100,1.0,1.0,1.0,0,0,1-25,0
1451,test,,,0,,1,2018-12-05,1,1,1,2,999,100,1.0,1.0,1.0,0,0,1-25,0
1452,test,,,0,,1,2018-12-05,1,1,1,2,999,100,1.5,1.5,1.0,1,0,1-25,0
1453,test,,,0,,1,2018-12-05,1,1,1,2,999,100,1.5,1.5,1.0,1,0,1-25,0
1454,test,,,0,,1,2018-12-05,1,1,1,2,999,12000,1.5,1.5,1.0,1,0,1-25,0
1455,test,,,0,,1,2018-12-05,1,1,1,2,999,100,1.5,1.5,1.0,1,0,1-25,0
1458,dds,,,0,,1,2018-12-06,1,1,1,2,999,100,1.5,1.5,1.0,1,0,1-25,0
1459,test,,,0,,1,2018-12-06,1,1,1,2,999,100,1.5,1.5,1.0,1,0,1-25,0
1460,Jobma Test,,,0,,1,2018-12-06,1,1,1,2,999,100,1.5,1.5,1.0,1,0,1-25,0
1461,Jobma Test,,,0,,1,2018-12-06,1,1,1,2,999,100,1.5,1.5,1.0,1,0,1-25,0
1462,Jobma Test,,,0,,1,2018-12-06,1,1,1,2,999,100,1.5,1.5,1.0,1,0,1-25,0
1463,Jobma Test,,,0,,1,2018-12-06,1,1,1,2,999,100,1.5,1.5,1.0,1,0,1-25,0
1464,Jobma Test,,,0,,1,2018-12-06,1,1,1,2,999,100,1.5,1.5,1.0,1,0,1-25,0
1465,Jobma Test,,,0,,1,2018-12-06,1,1,1,2,999,100,1.5,1.5,1.0,1,0,1-25,0
1466,test,,,0,,1,2018-12-06,1,1,1,2,999,12000,1.5,1.5,1.0,1,0,1-25,0
1467,Jobma Test,,,0,,1,2018-12-06,1,1,1,2,999,100,1.5,1.5,1.0,1,0,1-25,0
1468,Jobma Test,,,0,,1,2018-12-06,1,1,1,2,999,100,1.0,1.0,1.0,0,0,1-25,0
1469,Jobma Test,,,0,,1,2018-12-07,1,1,1,2,999,100,1.5,1.5,1.0,1,0,1-25,0
1470,Jobma Test,,,0,,1,2018-12-08,1,1,1,2,999,12000,1.5,1.5,1.0,1,0,1-25,0
1471,Jobma Test,,,0,,1,2018-12-08,1,1,1,2,999,12000,1.5,1.5,1.0,1,0,1-25,0
1472,Jobma Test,,,0,,1,2018-12-08,1,1,1,2,999,100,1.5,1.5,1.0,1,0,1-25,0
1473,Mainusereditedmobile,,,0,,0,2018-12-10,1,0,1,1,0,100,1.0,1.0,1.0,0,0,1-25,0
1474,ssi,,,0,,0,2018-12-11,1,0,1,1,0,100,1.0,1.0,1.0,0,0,1-25,0
1475,Mainusereditedmobile,,,0,,0,2018-12-11,1,0,1,1,0,100,1.0,1.0,1.0,0,0,1-25,0
1476,Mainusereditedmobile,,,0,,0,2018-12-11,1,0,1,1,0,100,1.0,1.0,1.0,0,0,1-25,0
1477,test,,,0,,1,2018-12-12,1,1,1,2,999,100,1.0,1.0,1.0,0,0,1-25,0
1478,Jobma Test,,,0,,1,2018-12-13,1,1,1,2,999,100,1.0,1.0,1.0,0,0,1-25,0
1479,Jobma Test,,,0,,1,2018-12-13,1,1,1,2,999,100,1.0,1.0,1.0,0,0,1-25,0
1480,ssi,,,1,,1,2018-12-13,1,1,1,2,999,100,1.0,1.0,1.0,0,0,1-25,0
1481,Jobma Test,,,0,,1,2018-12-13,1,1,1,2,999,100,1.0,1.0,1.0,0,0,1-25,0
1482,Jobma Test,,,0,,1,2018-12-14,1,1,1,2,999,100,1.0,1.0,1.0,0,0,1-25,0
1483,Jobma Test,,,0,,1,2018-12-14,1,1,1,2,999,100,1.0,1.0,1.0,0,0,1-25,0
1484,Jobma Test,,,0,,1,2018-12-14,1,1,1,2,999,12000,1.5,1.5,1.0,1,0,1-25,0
1485,Jobma Test,,,0,,1,2018-12-14,1,1,1,2,999,12000,1.5,1.5,1.0,1,0,1-25,0
1486,Ssi,,,0,1,0,2018-12-16,1,0,1,1,0,100,1.0,1.0,1.0,0,0,1-25,0
1487,Test,,,0,,1,2018-12-17,1,1,1,2,999,100,1.0,1.0,1.0,0,0,1-25,0
1488,Test,,,0,,1,2018-12-17,1,1,1,2,999,100,1.0,1.0,1.0,0,0,1-25,0
1489,fsdf,,,0,,1,2018-12-18,1,1,1,2,999,100,1.0,1.0,1.0,0,0,1-25,0
1490,test,,,1,,1,2018-12-20,1,1,1,2,999,100,1.0,1.0,1.0,0,0,1-25,0
1504,Ssi,,,0,1,0,2018-12-26,1,0,1,1,0,100,1.0,1.0,1.0,0,0,1-25,0
1505,Ssi,,,0,1,0,2018-12-26,1,0,1,1,0,100,1.0,1.0,1.0,0,0,1-25,0
1506,Ssi,,,0,1,0,2018-12-26,1,0,1,1,0,100,1.0,1.0,1.0,0,0,1-25,0
1520,JOBMA,"62,49",,0,2,1,2019-01-02,1,1,1,2,999,100,1.0,1.0,1.0,0,0,1-25,0
1521,TestData,,,0,,0,2019-01-02,1,0,1,1,0,100,1.0,1.0,1.0,0,0,1-25,0
1523,SSI,"62,49, 3, 6",,0,2,0,2019-01-03,1,0,1,1,0,100,1.0,1.0,1.0,0,0,1-25,0
1524,TestData,,,0,,0,2019-01-03,1,0,1,1,0,100,1.0,1.0,1.0,0,0,1-25,0
1525,XYZ,62,,0,2,1,2019-01-03,1,1,1,2,999,100,1.0,1.75,1.0,0,0,1-25,0
1527,TestData,,,0,,0,2019-01-03,1,0,1,1,0,100,1.0,1.0,1.0,0,0,1-25,0
1528,test,,,0,,1,2019-01-03,1,1,1,2,999,12000,1.33,1.33,1.0,1,0,1-25,0
1538,XYZ,,,0,,0,2019-01-07,1,0,1,1,0,100,1.0,1.0,1.0,0,0,1-25,0
1539,Mainusereditedmobile,,,0,,0,2019-01-07,1,0,1,1,0,100,1.0,1.0,1.0,0,0,1-25,0
1540,Mainusereditedmobile,,,0,,0,2019-01-07,1,0,1,1,0,100,1.0,1.0,1.0,0,0,1-25,0
1541,Mainusereditedmobile,,,0,,0,2019-01-07,1,0,1,1,0,100,1.0,1.0,1.0,0,0,1-25,0
1542,Mainusereditedmobile,,,0,,0,2019-01-07,1,0,1,1,0,100,1.0,1.0,1.0,0,0,1-25,0
1547,Tata ,,,0,,1,2019-01-07,1,1,1,2,999,12000,1.0,1.0,1.0,1,0,1-25,0
1548,jobma test,,,0,,0,2019-01-08,1,0,1,1,0,100,1.0,1.0,1.0,0,0,1-25,0
1550,XYZ,,,0,,0,2019-01-08,1,0,1,1,0,100,1.0,1.75,1.0,0,0,1-25,0
1577,jobma test,,,0,,0,2019-01-12,1,0,1,1,0,100,1.0,1.0,1.0,0,0,1-25,0
1582,ABC,,,0,,1,2019-01-16,1,1,1,2,999,100,1.0,1.0,1.0,0,0,1-25,0
1583,Test,,,0,,1,2019-01-16,1,1,1,2,999,100,1.0,1.0,1.0,0,0,1-25,0
1584,ABC,,,0,2,1,2019-01-17,1,1,1,2,999,100,1.0,1.0,1.0,0,0,1-25,0
1585,klopiutyr,,,0,,1,2019-01-17,1,1,1,2,999,100,1.0,1.0,1.0,0,0,1-25,0
1586,ssi,,,0,,1,2019-01-17,1,1,1,2,999,100,1.0,1.0,1.0,0,0,1-25,0
1587,ABC,,,0,1,1,2019-01-17,1,1,1,2,999,100,1.0,1.0,1.0,0,0,1-25,0
1588,Text,,,0,,0,2019-01-17,1,0,1,1,0,100,1.0,1.0,1.0,0,0,1-25,0
1589,test,,,0,,1,2019-01-17,1,1,1,2,999,12000,1.5,1.5,1.0,1,0,1-25,0
1590,ABC,,,0,,0,2019-01-20,1,0,1,1,0,100,1.0,1.0,1.0,0,0,1-25,0
1591,ABC,,,0,,0,2019-01-21,1,0,1,1,0,100,1.0,1.0,1.0,0,0,1-25,0
1592,ABCDE,64,,0,1,1,2019-01-21,1,1,1,2,999,100,1.0,1.0,1.0,0,0,1-25,0
1593,ABCDE,,,0,,1,2019-01-21,1,1,1,2,999,100,1.0,1.0,1.0,0,0,1-25,0
1594,ABCDE,,,0,,1,2019-01-21,1,1,1,2,999,100,1.0,1.0,1.0,0,0,1-25,0
1595,test,,,0,,1,2019-01-21,1,1,1,2,999,12000,1.5,1.5,1.0,1,0,1-25,0
1596,test,,,0,,0,2019-01-21,1,0,1,1,0,100,1.0,1.0,1.0,0,0,1-25,0
1598,test,,,0,,1,2019-01-23,1,1,1,2,999,12000,5.0,4.0,1.0,0,0,1-25,0
1599,SSI,"3,4",,0,1,1,2019-01-23,1,1,1,2,999,100,1.0,1.0,1.0,0,0,1-25,0
1600,test,,,0,,1,2019-01-24,1,1,1,2,999,12000,1.5,1.5,1.0,1,0,1-25,0
1601,ABCDE,,,0,,0,2019-01-29,1,0,1,1,0,100,1.0,1.0,1.0,0,0,1-25,0
1602,ABC,,,0,,1,2019-01-29,1,1,1,2,999,100,1.0,1.0,1.0,0,0,1-25,0
1603,fsfsfsf,,,0,,1,2019-01-29,1,1,1,2,999,100,1.0,1.0,1.0,0,0,1-25,0
1604,ABC,,,0,,0,2019-01-29,1,0,1,1,0,100,1.0,1.0,1.0,0,0,1-25,0
1605,gdgdgdg ,,,0,,1,2019-01-29,1,1,1,2,999,100,1.0,1.0,1.0,0,0,1-25,0
1606,test,,,0,,1,2019-01-29,1,1,1,2,999,100,1.0,1.0,1.0,0,0,1-25,0
1607,ABC,,,0,,1,2019-01-29,1,1,1,2,999,100,1.0,1.0,1.0,0,0,1-25,0
1608,ABCD,,,0,,1,2019-01-29,1,1,1,2,999,100,1.0,1.0,1.0,0,0,1-25,0
1609,test,,,0,,1,2019-01-29,1,1,1,2,999,100,1.0,1.0,1.0,0,0,1-25,0
1610,test,,,0,,1,2019-01-29,1,1,1,2,999,100,1.0,1.0,1.0,0,0,1-25,0
1611,test,,,0,,1,2019-01-29,1,1,1,2,999,100,1.0,1.0,1.0,0,0,1-25,0
1612,test,,,0,,1,2019-01-29,1,1,1,2,999,100,1.0,1.0,1.0,0,0,1-25,0
1613,test,,,0,,1,2019-01-29,1,1,1,2,999,100,1.0,1.0,1.0,0,0,1-25,0
1614,ABC,,,0,,1,2019-01-29,1,1,1,2,999,100,1.0,1.0,1.0,0,0,1-25,0
1615,ABC,,,0,,1,2019-01-29,1,1,1,2,999,100,1.0,1.0,1.0,0,0,1-25,0
1616,test,,,0,,1,2019-01-29,1,1,1,2,999,100,1.0,1.0,1.0,0,0,1-25,0
1617,test,,,0,,1,2019-01-29,1,1,1,2,999,100,1.0,1.0,1.0,0,0,1-25,0
1618,test,,,0,,1,2019-01-29,1,1,1,2,999,12000,1.5,1.5,1.0,1,0,1-25,0
1619,test,,,0,,1,2019-01-29,1,1,1,2,999,100,1.0,1.0,1.0,0,0,1-25,0
1620,test,,,0,,1,2019-01-29,1,1,1,2,999,100,1.0,1.0,1.0,0,0,1-25,0
1621,test,,,0,,1,2019-01-29,1,1,1,2,999,100,1.0,1.0,1.0,0,0,1-25,0
1622,jobma test,,,0,,0,2019-01-30,1,0,1,1,0,100,1.0,1.0,1.0,0,0,1-25,0
1623,jobma test,,,0,,0,2019-01-30,1,0,1,1,0,100,1.0,1.0,1.0,0,0,1-25,0
1624,jobma test,,,0,,0,2019-01-30,1,0,1,1,0,100,1.0,1.0,1.0,0,0,1-25,0
1625,abc,,,0,,0,2019-01-31,1,0,1,1,0,100,1.0,1.0,1.0,0,0,1-25,0
1626,test,,,0,,0,2019-01-31,1,0,1,1,0,100,1.0,1.0,1.0,0,0,1-25,0
1627,ABCDE,,,0,,1,2019-02-01,1,1,1,2,999,100,1.0,1.0,1.0,0,0,1-25,0
1628,ssi,,,0,,0,2019-02-01,1,0,1,1,0,100,1.0,1.0,1.0,0,0,1-25,0
1629,ABCDE,,,0,,0,2019-02-01,1,0,1,1,0,100,1.0,1.0,1.0,0,0,1-25,0
1630,jobma test,,,0,,0,2019-02-04,1,0,1,1,0,100,1.0,1.0,1.0,0,0,1-25,0
1631,ram june test,,,0,2,0,2019-02-05,1,0,1,1,0,100,1.0,1.0,1.0,0,0,1-25,0
1632,ABCDE,,,0,,0,2019-02-06,1,0,1,1,0,100,1.0,1.0,1.0,0,0,1-25,0
1633,ABCD,,,0,,0,2019-02-06,1,0,1,1,0,100,1.0,1.0,1.0,0,0,1-25,0
1634,ABC,,,0,,0,2019-02-07,1,0,1,1,0,100,1.0,1.0,1.0,0,0,1-25,0
1636,test,,,0,,1,2019-02-12,1,1,1,2,999,100,1.0,1.0,1.0,0,0,1-25,0
1637,test,,,0,,1,2019-02-14,1,1,1,2,999,100,1.0,1.0,1.0,0,0,1-25,0
1638,test,,,0,,1,2019-02-14,1,1,1,2,999,12000,1.5,1.5,1.0,1,0,1-25,0
1639,SSI,,,0,,1,2019-02-14,1,1,1,2,999,12000,1.5,1.5,1.0,1,0,1-25,0
1640,ssi,,,0,,1,2019-02-14,1,1,1,2,999,100,1.0,1.0,1.0,0,0,1-25,0
1641,test,,,0,,1,2019-02-14,1,1,1,2,999,100,1.0,1.0,1.0,0,0,1-25,0
1642,aafsaf,,,0,,1,2019-02-14,1,1,1,2,999,100,1.0,1.0,1.0,0,0,1-25,0
1643,test,,,0,,1,2019-02-15,1,1,1,2,999,12000,1.5,1.5,1.0,1,0,1-25,0
1644,test,,,0,,1,2019-02-15,1,1,1,2,999,100,1.0,1.0,1.0,0,0,1-25,0
1645,test,,,0,,1,2019-02-15,1,1,1,2,999,12000,1.33,1.33,1.0,1,0,1-25,0
1646,tet,,,0,,1,2019-02-15,1,1,1,2,999,100,1.0,1.0,1.0,0,0,1-25,0
1647,test,,,0,,1,2019-02-15,1,1,1,2,999,100,1.0,1.0,1.0,0,0,1-25,0
1648,ABC,,,0,,0,2019-02-18,1,0,1,1,0,100,1.0,1.0,1.0,0,0,1-25,0
1649,Select Source International,,,0,,0,2019-02-18,1,0,1,1,0,100,1.0,1.0,1.0,0,0,1-25,0
1650,ssi,,,0,,0,2019-02-20,1,0,1,1,0,100,1.0,1.0,1.0,0,0,1-25,0
1651,Select Source International,,,0,,0,2019-02-20,1,0,1,1,0,100,1.0,1.0,1.0,0,0,1-25,0
1652,ram june test,,,0,2,0,2019-02-20,1,0,1,1,0,100,1.0,1.0,1.0,0,0,1-25,0
1653,Abc,,,0,,1,2019-02-26,1,1,1,2,999,12000,1.5,1.5,1.0,1,0,1-25,0
1654,test,,,0,,0,2019-02-27,1,0,1,1,0,100,1.0,1.0,1.0,0,0,1-25,0
1655,ABC,,,0,,1,2019-02-27,1,1,1,2,999,100,1.0,1.0,1.0,1,0,1-25,0
1656,ABC,,,0,,0,2019-02-27,1,0,1,1,0,100,1.0,1.0,1.0,0,0,1-25,0
1657,jobma,,,0,,1,2019-02-27,1,1,1,2,999,12000,1.5,1.5,1.0,1,0,1-25,0
1658,ABC,,,0,1,1,2019-02-28,1,1,1,2,999,100,1.0,1.0,1.0,0,0,1-25,0
1659,ABC,,,0,,0,2019-03-01,1,0,1,1,0,100,1.0,1.0,1.0,0,0,1-25,0
1660,New test,,,0,2,1,2019-03-01,1,1,1,2,999,100,1.0,1.0,1.0,0,0,1-25,0
1661,ssi,,,0,,1,2019-03-01,1,1,1,2,999,12000,1.5,1.5,1.0,1,0,1-25,0
1662,ssi,,,0,,0,2019-03-04,1,0,1,1,0,100,1.0,1.0,1.0,0,0,1-25,0
1663,ssi,,,0,,0,2019-03-04,1,0,1,1,0,100,1.0,1.0,1.0,0,0,1-25,0
1664,jobma,,,0,,0,2019-03-04,1,0,1,1,0,100,1.0,1.0,1.0,0,0,1-25,0
1665,ssi,,,0,,0,2019-03-04,1,0,1,1,0,100,1.0,1.0,1.0,0,0,1-25,0
1666,ssi,,,0,,0,2019-03-04,1,0,1,1,0,100,1.0,1.0,1.0,0,0,1-25,0
1667,jobma,,,0,,0,2019-03-04,1,0,1,1,0,100,1.0,1.0,1.0,0,0,1-25,0
1668,ssi,,,0,,0,2019-03-04,1,0,1,1,0,100,1.0,1.0,1.0,0,0,1-25,0
1669,ssi,,,0,,0,2019-03-04,1,0,1,1,0,100,1.0,1.0,1.0,0,0,1-25,0
1670,jobma,,,0,,1,2019-03-04,1,1,1,2,999,12000,1.5,1.5,1.0,1,0,1-25,0
1671,jobma,,,0,,0,2019-03-04,1,0,1,1,0,100,1.0,1.0,1.0,0,0,1-25,0
1672,jobma,,,0,,0,2019-03-04,1,0,1,1,0,100,1.0,1.0,1.0,0,0,1-25,0
1673,jobma,,,0,,0,2019-03-04,1,0,1,1,0,100,1.0,1.0,1.0,0,0,1-25,0
1674,jobma,,,0,,1,2019-03-04,1,1,1,2,999,100,1.0,1.0,1.0,0,0,1-25,0
1675,jobma,,,0,,0,2019-03-04,1,0,1,1,0,100,1.0,1.0,1.0,0,0,1-25,0
1676,jobma,,,0,,0,2019-03-04,1,0,1,1,0,100,1.0,1.0,1.0,0,0,1-25,0
1677,jobma,,,0,,0,2019-03-04,1,0,1,1,0,100,1.0,1.0,1.0,0,0,1-25,0
1678,jobma,,,0,,0,2019-03-04,1,0,1,1,0,100,1.0,1.0,1.0,0,0,1-25,0
1679,jobma,,,0,,0,2019-03-04,1,0,1,1,0,100,1.0,1.0,1.0,0,0,1-25,0
1680,jobma,,,0,,0,2019-03-04,1,0,1,1,0,100,1.0,1.0,1.0,0,0,1-25,0
1681,jobma,,,0,,0,2019-03-04,1,0,1,1,0,100,1.0,1.0,1.0,0,0,1-25,0
1682,jobma,,,0,,0,2019-03-05,1,0,1,1,0,100,1.0,1.0,1.0,0,0,1-25,0
1683,TestSetUp,,,0,,1,2019-03-06,1,1,1,2,999,100,1.0,1.0,1.0,0,0,1-25,0
1684,SelectSource International,,,0,1,1,2019-03-06,1,1,1,2,999,100,4.0,2.0,1.0,0,0,1-25,0
1685,ABC,,,0,,0,2019-03-07,1,0,1,1,0,100,1.0,1.0,1.0,0,0,1-25,0
1686,ram june test,,,0,2,0,2019-03-07,1,0,1,1,0,100,1.0,1.0,1.0,0,0,1-25,0
1687,no_kit@yopmail.com,,,0,,0,2019-03-07,1,0,1,1,0,100,1.0,1.0,1.0,0,0,1-25,0
1688,no_kit@yopmail.com,,,0,,0,2019-03-07,1,0,1,1,0,100,1.0,1.0,1.0,0,0,1-25,0
1689,ssi,,,0,,0,2019-03-08,1,0,1,1,0,100,1.0,1.0,1.0,0,0,1-25,0
1690,Test,,,0,,0,2019-03-12,1,0,1,1,0,100,1.0,1.0,1.0,0,0,1-25,0
1691,Test tracking,,,0,,1,2019-03-12,1,1,1,2,999,100,1.0,1.0,1.0,0,0,1-25,0
1692,SSI jobma New,"3,4","2,8",0,1,1,2019-03-12,1,1,1,2,999,100,2.0,4.0,1.0,1,0,1-25,0
1693,jobma,,,0,,1,2019-03-12,1,1,1,2,999,100,1.0,1.0,1.0,0,0,1-25,0
1694,jobma,,,0,,0,2019-03-12,1,0,1,1,0,100,1.0,1.0,1.0,0,0,1-25,0
1695,ram june test,,,0,2,0,2019-03-13,1,0,1,1,0,100,1.0,1.0,1.0,0,0,1-25,0
1696,Track,,,0,,0,2019-03-13,1,0,1,1,0,100,1.0,1.0,1.0,0,0,1-25,0
1697,jobma,,,0,,1,2019-03-13,1,1,1,2,999,100,1.0,1.0,1.0,0,0,1-25,0
1698,Track,,,0,,0,2019-03-14,1,0,1,1,0,100,1.0,1.0,1.0,0,0,1-25,0
1699,jobma,,,0,,0,2019-03-14,1,0,1,1,0,100,1.0,1.0,1.0,0,0,1-25,0
1700,ABC,,,0,1,1,2019-03-14,1,1,1,2,999,100,1.0,1.0,1.0,0,0,1-25,0
1701,test,,,0,,0,2019-03-14,1,0,1,1,0,100,1.0,1.0,1.0,0,0,1-25,0
1702,aafsff,,,0,,1,2019-03-14,1,1,1,2,999,100,1.0,1.0,1.0,0,0,1-25,0
1703,Test,,,0,,1,2019-03-15,1,1,1,2,999,100,1.0,1.0,1.0,0,0,1-25,0
1704,Test,,,0,,0,2019-03-15,1,0,1,1,0,100,1.0,1.0,1.0,0,0,1-25,0
1705,cugjn,,,0,,1,2019-03-19,1,1,1,2,999,12000,1.5,1.5,1.0,1,0,1-25,0
1706,sfsgdgdg,,,0,,1,2019-03-19,1,1,1,2,999,12000,1.5,1.5,1.0,1,0,1-25,0
1707,ram june test,,,0,2,0,2019-03-19,1,0,1,1,0,100,1.0,1.0,1.0,0,0,1-25,0
1708,sfsgdgdg,,,0,,0,2019-03-19,1,0,1,1,0,100,1.0,1.0,1.0,0,0,1-25,0
1709,ABCD,,,0,,0,2019-03-19,1,0,1,1,0,100,1.0,1.0,1.0,0,0,1-25,0
1710,jobma,,,0,2,1,2019-03-19,1,1,1,2,999,100,1.0,1.0,1.0,0,0,1-25,0
1711,jobma,,,0,,0,2019-03-19,1,0,1,1,0,100,1.0,1.0,1.0,0,0,1-25,0
1712,Track,,,0,,0,2019-03-20,1,0,1,1,0,100,1.0,1.0,1.0,0,0,1-25,0
1713,test,,,0,,1,2019-03-25,1,1,1,2,999,100,1.0,1.0,1.0,0,0,1-25,0
1714,Track,,,0,,0,2019-03-27,1,0,1,1,0,100,1.0,1.0,1.0,0,0,1-25,0
1715,ABC,,,0,,1,2019-03-27,1,1,1,2,999,100,1.0,1.0,1.0,0,0,1-25,0
1716,ABC,,,0,,0,2019-03-27,1,0,1,1,0,100,1.0,1.0,1.0,0,0,1-25,0
1717,ABC,,,0,,1,2019-03-28,1,1,1,2,999,100,1.0,1.0,1.0,0,0,1-25,0
1718,Track,,,0,,0,2019-03-28,1,0,1,1,0,100,1.0,1.0,1.0,0,0,1-25,0
1719,jobma,,,0,,1,2019-04-01,1,1,1,2,999,12000,1.5,1.5,1.0,1,0,1-25,0
1720,ssi,,,0,,0,2019-04-01,1,0,1,1,0,100,1.0,1.0,1.0,0,0,1-25,0
1721,ssi,,,0,,0,2019-04-01,1,0,1,1,0,100,1.0,1.0,1.0,0,0,1-25,0
1722,jobma,,,0,,1,2019-04-01,1,1,1,2,999,100,1.0,1.0,1.0,0,0,1-25,0
1723,ram june test,,,0,2,0,2019-04-02,1,0,1,1,0,100,1.0,1.0,1.0,0,0,1-25,0
1724,ssi,,,0,,1,2019-04-03,1,1,1,2,999,100,1.0,1.0,1.0,0,0,1-25,0
1725,applicnatcompare,,,0,,1,2019-04-03,1,1,1,2,999,100,1.0,1.0,1.0,0,0,1-25,0
1726,ssi,,,0,,1,2019-04-04,1,1,1,2,999,100,1.0,1.0,1.0,0,0,1-25,0
1727,hfhg,,,0,,1,2019-04-08,1,1,1,2,999,12000,1.5,1.5,1.0,1,0,1-25,0
1728,plans,,,0,,1,2019-04-08,1,1,1,2,999,100,1.0,1.0,1.0,0,0,1-25,0
1729,ssi test,,,0,,1,2019-04-11,1,1,1,2,999,100,1.0,1.0,1.0,0,0,1-25,0
1730,Automate script company name,,,0,1,1,2019-04-12,1,1,1,2,999,100,1.0,1.0,1.0,0,0,1-25,0
1731,ssi test,,,0,,0,2019-04-15,1,0,1,1,0,100,1.0,1.0,1.0,0,0,1-25,0
1732,ssi test,,,0,,0,2019-04-15,1,0,1,1,0,100,1.0,1.0,1.0,0,0,1-25,0
1733,ssi test,,,0,,0,2019-04-15,1,0,1,1,0,100,1.0,1.0,1.0,0,0,1-25,0
1734,ssi,,,0,,0,2019-04-16,1,0,1,1,0,100,1.0,1.0,1.0,0,0,1-25,0
1735,ssi,,,0,,0,2019-04-16,1,0,1,1,0,100,1.0,1.0,1.0,0,0,1-25,0
1736,Track,,,0,,0,2019-04-17,1,0,1,1,0,100,1.0,1.0,1.0,0,0,1-25,0
1737,Automate script company name,,,0,,0,2019-04-19,1,0,1,1,0,100,1.0,1.0,1.0,0,0,1-25,0
1738,Automate script company name,,,0,,0,2019-04-19,1,0,1,1,0,100,1.0,1.0,1.0,0,0,1-25,0
1739,Automate script company name,,,0,,0,2019-04-19,1,0,1,1,0,100,1.0,1.0,1.0,0,0,1-25,0
1740,Automate script company name,,,0,,0,2019-04-19,1,0,1,1,0,100,1.0,1.0,1.0,0,0,1-25,0
1741,Automate script company name,,,0,,0,2019-04-19,1,0,1,1,0,100,1.0,1.0,1.0,0,0,1-25,0
1742,ssi,,,0,,1,2019-04-29,1,1,1,2,999,100,1.0,1.0,1.0,0,0,1-25,0
1743,NO Name Please,,,2,,1,2019-05-10,1,1,1,2,999,100,1.0,1.0,1.0,0,0,1-25,0
1744,ssi,,,0,,0,2019-05-14,1,0,1,1,0,100,1.0,1.0,1.0,0,0,1-25,0
1745,ABC,,,0,,1,2019-05-15,1,1,1,2,999,100,1.0,1.0,1.0,0,0,1-25,0
1746,test,,,1,,1,2019-05-15,1,1,1,2,999,100,1.0,1.0,1.0,0,0,1-25,0
1747,test,,,0,,0,2019-05-15,1,0,1,1,0,100,1.0,1.0,1.0,0,0,1-25,0
1748,Test ABC,,,0,,1,2019-05-17,1,1,1,2,999,100,1.0,1.0,1.0,0,0,1-25,0
1749,Track,,,0,,0,2019-05-21,1,0,1,1,0,100,1.0,1.0,1.0,0,0,1-25,0
1757,Track,,,0,,0,2019-05-30,1,0,1,1,0,100,1.0,1.0,1.0,0,0,1-25,0
1758,SSI,,,0,,0,2019-05-30,1,0,1,1,0,100,1.0,1.0,1.0,0,0,1-25,0
1759,SSI,,,0,,0,2019-05-30,1,0,1,1,0,100,1.0,1.0,1.0,0,0,1-25,0
1760,SSI,,,0,,0,2019-05-30,1,0,1,1,0,100,1.0,1.0,1.0,0,0,1-25,0
1761,SSI,,,0,,0,2019-05-30,1,0,1,1,0,100,1.0,1.0,1.0,0,0,1-25,0
1762,Test,,,1,,1,2019-05-30,1,1,1,2,999,100,1.0,1.0,1.0,0,0,1-25,0
1763,API,,,0,,1,2019-05-30,1,1,1,2,999,100,1.0,1.0,1.0,0,0,1-25,0
1764,ssi,,,0,,0,2019-06-03,1,0,1,1,0,100,1.0,1.0,1.0,0,0,1-25,0
1765,ssi,,,0,,0,2019-06-03,1,0,1,1,0,100,1.0,1.0,1.0,0,0,1-25,0
1766,1344,,,0,,1,2019-06-03,1,1,1,2,999,100,1.0,1.0,1.0,0,0,1-25,0
1767,1344,,,0,,0,2019-06-03,1,0,1,1,0,100,1.0,1.0,1.0,0,0,1-25,0
1768,Track,,,0,,0,2019-06-04,1,0,1,1,0,100,1.0,1.0,1.0,0,0,1-25,0
1769,ssi test,"64,57,65",,0,2,1,2019-06-07,1,1,1,2,999,100,5.0,2.0,1.0,0,0,1-25,0
1770,ssi,,,0,,1,2019-06-07,1,1,1,2,999,12000,1.5,1.5,1.0,1,0,1-25,0
1771,ssi,,,0,,0,2019-06-07,1,0,1,1,0,100,1.0,1.0,1.0,0,0,1-25,0
1772,ssi test,,,0,,0,2019-06-07,1,0,1,1,0,100,1.0,1.0,1.0,0,0,1-25,0
1773,jobma,,,0,,0,2019-06-10,1,0,1,1,0,100,1.0,1.0,1.0,0,0,1-25,0
1774,jobma,,,0,,1,2019-06-11,1,1,1,2,999,12000,1.5,1.5,1.0,1,0,1-25,0
1775,jobma,,,0,,0,2019-06-11,1,0,1,1,0,100,1.0,1.0,1.0,0,0,1-25,0
1776,jobma,,,0,,1,2019-06-11,1,1,1,2,999,100,1.0,1.0,1.0,0,0,1-25,0
1777,jobma,,,0,,0,2019-06-11,1,0,1,1,0,100,1.0,1.0,1.0,0,0,1-25,0
1778,wert,,,0,,1,2019-06-13,1,1,1,2,999,100,1.0,1.0,1.0,0,0,1-25,0
1779,wert,,,0,,0,2019-06-13,1,0,1,1,0,100,1.0,1.0,1.0,0,0,1-25,0
1780,jobma,,,0,,0,2019-06-13,1,0,1,1,0,100,1.0,1.0,1.0,0,0,1-25,0
1781,test,,,0,,1,2019-06-13,1,1,1,2,999,100,1.0,1.0,1.0,0,0,1-25,0
1782,test,,,0,,1,2019-06-13,1,1,1,2,999,100,1.0,1.0,1.0,0,0,1-25,0
1783,test,,,0,,0,2019-06-13,1,0,1,1,0,100,1.0,1.0,1.0,0,0,1-25,0
1784,ABCDE,,,0,,0,2019-06-17,1,0,1,1,0,100,1.0,1.0,1.0,0,0,1-25,0
1785,ABC,,,0,,1,2019-06-18,1,1,1,2,999,100,1.0,1.0,1.0,0,0,1-25,0
1786,ABC,,,0,,0,2019-06-19,1,0,1,1,0,100,1.0,1.0,1.0,0,0,1-25,0
1787,ssi,,,0,,1,2019-06-20,1,1,1,2,999,12000,1.5,1.5,1.0,1,0,1-25,0
1788,jobma,,,0,,0,2019-06-21,1,0,1,1,0,100,1.0,1.0,1.0,0,0,1-25,0
1789,jobma,,,0,,0,2019-06-21,1,0,1,1,0,100,1.0,1.0,1.0,0,0,1-25,0
1790,jobma,,,0,,0,2019-06-21,1,0,1,1,0,100,1.0,1.0,1.0,0,0,1-25,0
1791,jobma,,,0,,0,2019-06-21,1,0,1,1,0,100,1.0,1.0,1.0,0,0,1-25,0
1792,SSI,,,0,,0,2019-06-21,1,0,1,1,0,100,1.0,1.0,1.0,0,0,1-25,0
1793,ssi test,,,0,,0,2019-06-21,1,0,1,1,0,100,1.0,1.0,1.0,0,0,1-25,0
1794,ssi test,,,0,,0,2019-06-21,1,0,1,1,0,100,1.0,1.0,1.0,0,0,1-25,0
1795,jobma,,,0,,0,2019-06-21,1,0,1,1,0,100,1.0,1.0,1.0,0,0,1-25,0
1796,SSI,,,0,,1,2019-06-26,1,1,1,2,999,100,1.0,1.0,1.0,0,0,1-25,0
1797,jobma,,,0,,0,2019-06-26,1,0,1,1,0,100,1.0,1.0,1.0,0,0,1-25,0
1798,jobma,,,0,,0,2019-06-28,1,0,1,1,0,100,1.0,1.0,1.0,0,0,1-25,0
1799,jobma,,,0,,0,2019-06-28,1,0,1,1,0,100,1.0,1.0,1.0,0,0,1-25,0
1800,SSI,,,0,,1,2019-07-02,1,1,1,2,999,100,1.0,1.0,1.0,0,0,1-25,0
1801,SSI,,,0,,1,2019-07-02,1,1,1,2,999,100,1.0,1.0,1.0,0,0,1-25,0
1802,ssi,,,0,,1,2019-07-03,1,1,1,2,999,100,1.0,1.0,1.0,0,0,1-25,0
1803,jobma,,,0,,0,2019-07-04,1,0,1,1,0,100,1.0,1.0,1.0,0,0,1-25,0
1804,jobma,,,0,,0,2019-07-04,1,0,1,1,0,100,1.0,1.0,1.0,0,0,1-25,0
1805,jobma,,,0,,0,2019-07-04,1,0,1,1,0,100,1.0,1.0,1.0,0,0,1-25,0
1806,ssi,,,0,,0,2019-07-04,1,0,1,1,0,100,1.0,1.0,1.0,0,0,1-25,0
1807,jobma,,,0,,0,2019-07-04,1,0,1,1,0,100,1.0,1.0,1.0,0,0,1-25,0
1808,ssi,,,0,,0,2019-07-04,1,0,1,1,0,100,1.0,1.0,1.0,0,0,1-25,0
1809,ssi,,,0,,0,2019-07-04,1,0,1,1,0,100,1.0,1.0,1.0,0,0,1-25,0
1810,SSI,,,0,,1,2019-07-08,1,1,1,2,999,100,1.0,1.0,1.0,0,0,1-25,0
1811,SSI,,,0,,1,2019-07-08,1,1,1,2,999,100,1.0,1.0,1.0,0,0,1-25,0
1812,jobma test,,,0,,0,2019-07-10,1,0,1,1,0,100,1.0,1.0,1.0,0,0,1-25,0
1813,jobma ssi,,,0,,0,2019-07-11,1,0,1,1,0,100,1.0,1.0,1.0,0,0,1-25,0
1814,jobma ssi,,,0,,0,2019-07-11,1,0,1,1,0,100,1.0,1.0,1.0,0,0,1-25,0
1815,jobma ssi,,,0,,0,2019-07-11,1,0,1,1,0,100,1.0,1.0,1.0,0,0,1-25,0
1816,jobma ssi,,,0,,0,2019-07-11,1,0,1,1,0,100,1.0,1.0,1.0,0,0,1-25,0
1817,jobma ssi,,,0,,0,2019-07-11,1,0,1,1,0,100,1.0,1.0,1.0,0,0,1-25,0
1818,jobma ssi,,,0,,0,2019-07-11,1,0,1,1,0,100,1.0,1.0,1.0,0,0,1-25,0
1819,jobma ssi,,,0,,0,2019-07-11,1,0,1,1,0,100,1.0,1.0,1.0,0,0,1-25,0
1820,jobma ssi,,,0,,0,2019-07-11,1,0,1,1,0,100,1.0,1.0,1.0,0,0,1-25,0
1821,jobma ssi,,,0,,0,2019-07-11,1,0,1,1,0,100,1.0,1.0,1.0,0,0,1-25,0
1822,jobma test,,,0,,0,2019-07-11,1,0,1,1,0,100,1.0,1.0,1.0,0,0,1-25,0
1823,jobma test,,,0,,0,2019-07-11,1,0,1,1,0,100,1.0,1.0,1.0,0,0,1-25,0
1824,jobma test,,,0,,0,2019-07-11,1,0,1,1,0,100,1.0,1.0,1.0,0,0,1-25,0
1825,jobma test,,,0,,0,2019-07-11,1,0,1,1,0,100,1.0,1.0,1.0,0,0,1-25,0
1826,jobma ssi,,,0,,0,2019-07-11,1,0,1,1,0,100,1.0,1.0,1.0,0,0,1-25,0
1827,jobma ssi,,,0,,0,2019-07-11,1,0,1,1,0,100,1.0,1.0,1.0,0,0,1-25,0
1828,ssi,"62,4,63",,0,2,1,2019-07-11,1,1,1,2,999,100,1.0,1.0,1.0,0,0,1-25,0
1829,ssi,,,0,2,0,2019-07-11,1,0,1,1,0,100,1.0,1.0,1.0,0,0,1-25,0
1830,ssi,,,0,2,0,2019-07-11,1,0,1,1,0,100,1.0,1.0,1.0,0,0,1-25,0
1831,ssi,,,0,2,0,2019-07-11,1,0,1,1,0,100,1.0,1.0,1.0,0,0,1-25,0
1832,ssi,,,0,2,0,2019-07-11,1,0,1,1,0,100,1.0,1.0,1.0,0,0,1-25,0
1833,jobma ssi,,,0,,0,2019-07-11,1,0,1,1,0,100,1.0,1.0,1.0,0,0,1-25,0
1834,ssi,,,0,2,0,2019-07-11,1,0,1,1,0,100,1.0,1.0,1.0,0,0,1-25,0
1835,jobma ssi,,,0,,0,2019-07-11,1,0,1,1,0,100,1.0,1.0,1.0,0,0,1-25,0
1836,jobma ssi,,,0,,0,2019-07-11,1,0,1,1,0,100,1.0,1.0,1.0,0,0,1-25,0
1837,jobma test,,,0,,0,2019-07-11,1,0,1,1,0,100,1.0,1.0,1.0,0,0,1-25,0
1838,jobma test,,,0,,0,2019-07-11,1,0,1,1,0,100,1.0,1.0,1.0,0,0,1-25,0
1839,ABCSol,,1,0,2,0,2019-07-16,1,1,1,2,10,10000,1.0,1.0,1.0,1,0,1-25,0
1841,SSI,,,0,,1,2019-07-16,1,1,1,2,999,100,1.0,1.0,1.0,0,0,1-25,0
1842,SSI,,,0,,1,2019-07-16,1,1,1,2,999,100,1.0,1.0,1.0,0,0,1-25,0
1843,SSi,,,0,,1,2019-07-16,1,1,1,2,999,100,1.0,1.0,1.0,0,0,1-25,0
1846,ssi,,,0,2,0,2019-07-17,1,0,1,1,0,100,1.0,1.0,1.0,0,0,1-25,0
1847,ABCDE,,,0,,0,2019-07-17,1,0,1,1,0,100,1.0,1.0,1.0,0,0,1-25,0
1848,SSI,,,0,,0,2019-07-17,1,0,1,1,0,100,1.0,1.0,1.0,0,0,1-25,0
1849,TestSetUp,,,0,,0,2019-07-17,1,0,1,1,0,100,1.0,1.0,1.0,0,0,1-25,0
1850,123456,,,0,,1,2019-07-19,1,1,1,2,999,100,1.0,1.0,1.0,0,0,1-25,0
1851,jobma,,,0,,1,2019-07-19,1,1,1,2,999,100,1.0,1.0,1.0,0,0,1-25,0
1852,jobma,,,0,,1,2019-07-19,1,1,1,2,999,100,1.0,1.0,1.0,0,0,1-25,0
1853,ssi,,,0,,1,2019-07-19,1,1,1,2,999,100,1.0,1.0,1.0,0,0,1-25,0
1854,aaf sfsff,,,0,,1,2019-07-19,1,1,1,2,999,100,1.0,1.0,1.0,0,0,1-25,0
1856,grouping jobma,,,0,,1,2019-07-19,1,1,1,2,999,12000,1.5,1.5,1.0,1,0,1-25,0
1857,grouping jobma,,,0,,0,2019-07-19,1,0,1,1,0,100,1.0,1.0,1.0,0,0,1-25,0
1858,jnhlk,,,0,,1,2019-07-26,1,1,1,2,999,12000,1.5,1.5,1.0,1,0,1-25,0
1859,Zoho,,,2,,1,2019-07-28,1,1,1,2,999,100,1.0,1.0,1.0,0,0,1-25,0
1860,Ssi,,,0,1,0,2019-08-05,1,0,1,1,0,100,1.0,1.0,1.0,0,0,1-25,0
1864,ssi,,,0,2,0,2019-08-09,1,0,1,1,0,100,1.0,1.0,1.0,0,0,1-25,0
1865,ssi,,,0,2,0,2019-08-09,1,0,1,1,0,100,1.0,1.0,1.0,0,0,1-25,0
1866,ssi,,,0,2,0,2019-08-09,1,0,1,1,0,100,1.0,1.0,1.0,0,0,1-25,0
1867,SSI,,,0,,1,2019-08-09,1,1,1,2,999,100,1.0,1.0,1.0,0,0,1-25,0
1868,SSI,,,0,,1,2019-08-09,1,1,1,2,999,12000,1.5,1.5,1.0,1,0,1-25,0
1869,ABC,,,0,,0,2019-08-12,1,0,1,1,0,100,1.0,1.0,1.0,0,0,1-25,0
1870,AnsIt,,,0,,1,2019-08-21,1,1,1,2,999,12000,1.33,1.33,1.0,1,0,1-25,0
1873,Jobma,"6,61,60","73,4",0,1,1,2020-06-03,1,1,1,1,999,100,2.0,5.0,2.0,0,44400,500-1000,1
1875,JOBMA SSI TEST,,,0,,0,2019-08-28,1,0,1,1,0,100,1.0,1.0,1.0,0,0,1-25,0
1876,casd da,,,0,,1,2019-08-29,1,1,1,2,999,12000,1.5,1.5,1.0,1,0,1-25,0
1877,sdf s fsdfs,,,0,,1,2019-08-29,1,1,1,2,999,12000,1.33,1.33,1.0,1,0,1-25,0
1878,SSI,,,0,,1,2019-08-29,1,1,1,2,999,100,1.0,1.0,1.0,0,0,1-25,0
1879,ssi test,,,0,,0,2019-08-29,1,0,1,1,0,100,1.0,1.0,1.0,0,0,1-25,0
1883,SSi,,,0,,1,2019-08-30,1,1,1,2,999,100,1.0,1.0,1.0,0,0,1-25,0
1885,SSi,,,0,,1,2019-09-03,1,1,1,2,999,12000,1.5,1.5,1.0,1,0,1-25,0
1886,SSi,,,0,,0,2019-09-03,1,0,1,1,0,100,1.0,1.0,1.0,0,0,1-25,0
1887,SSi,,,0,,0,2019-09-03,1,0,1,1,0,100,1.0,1.0,1.0,0,0,1-25,0
1888,SSI,,,0,,1,2019-09-04,1,1,1,1,999,100,1.0,1.0,1.0,0,0,1-25,0
1889,SSI,,,0,,1,2019-09-04,1,1,1,2,999,100,1.0,1.0,1.0,0,0,1-25,0
1890,SSI,,,8,,1,2019-09-05,1,1,1,2,999,100,1.0,1.0,1.0,0,0,1-25,0
1891,SSI,,,0,,1,2019-09-06,1,1,1,2,999,100,2.0,2.0,1.0,1,0,1-25,0
1892,SSI,,,0,,0,2019-09-06,1,0,1,1,0,100,1.0,1.0,1.0,0,0,1-25,0
1893,SSI,,,0,,0,2019-09-06,1,0,1,1,0,100,1.0,1.0,1.0,0,0,1-25,0
1894,SSI,,,0,,0,2019-09-06,1,0,1,1,0,100,1.0,1.0,1.0,0,0,1-25,0
1895,SSI,,,0,,1,2019-09-06,1,1,1,2,999,12000,1.5,1.5,1.0,1,0,1-25,0
1896,Jobma Testing,,,0,,1,2019-09-06,1,1,1,2,999,12000,1.5,1.5,1.0,1,0,1-25,0
1897,SSI Gurgaon Automation,,,0,,1,2019-09-06,1,1,1,2,999,100,1.0,1.0,1.0,0,0,1-25,0
1900,ssi,,,0,,1,2019-09-13,1,1,1,2,999,100,1.0,1.0,1.0,0,0,1-25,0
1901,SSI jobma,,,0,,0,2019-09-16,1,0,1,1,0,100,1.0,1.0,1.0,0,0,1-25,0
1902,SSI jobma,,,0,,0,2019-09-16,1,0,1,1,0,100,1.0,1.0,1.0,0,0,1-25,0
1903,SSI,,,0,,1,2019-09-18,1,1,1,2,999,100,1.0,1.0,1.0,0,0,1-25,0
1904,Jobma,,,0,,1,2019-09-18,1,1,1,2,999,100,1.0,1.0,1.0,0,0,1-25,0
1906,JOBMA,,,0,,1,2019-09-18,1,1,1,2,999,100,1.0,1.0,1.0,0,0,1-25,0
1907,JOBMA,,,0,,1,2019-09-18,1,1,1,2,999,100,1.0,1.0,1.0,0,0,1-25,0
1909,SSI,,,0,,1,2019-09-19,1,1,1,2,999,100,1.0,1.0,1.0,0,0,1-25,0
1910,test,,,0,,1,2019-09-19,1,1,1,2,999,100,1.0,1.0,1.0,0,0,1-25,0
1911,ssi,,,0,,1,2019-09-20,1,1,1,2,999,12000,1.33,1.33,1.0,1,0,1-25,0
1912,Select source international,,,0,,1,2019-09-20,1,1,1,2,999,12000,1.5,1.5,1.0,1,0,1-25,0
1913,sdfg,,,0,,1,2019-09-20,1,1,1,2,999,12000,1.5,1.5,1.0,1,0,1-25,0
1914,ssi,,,0,,1,2019-09-23,1,1,1,2,999,100,1.0,1.0,1.0,0,0,1-25,0
1915,ssi,,,0,,1,2019-09-23,1,1,1,2,999,100,1.0,1.0,1.0,0,0,1-25,0
1916,jobma,,,0,,1,2019-09-23,1,1,1,2,999,100,1.0,1.0,1.0,0,0,1-25,0
1917,ssi,,,0,,1,2019-09-23,1,1,1,2,999,100,1.0,1.0,1.0,0,0,1-25,0
1918,ssi,,,0,,1,2019-09-24,1,1,1,2,999,12000,1.5,1.5,1.0,1,0,1-25,0
1919,ssi,,,0,,1,2019-09-24,1,1,1,2,999,100,1.0,1.0,1.0,0,0,1-25,0
1920,ssi,,,0,,1,2019-09-24,1,1,1,2,999,12000,1.5,1.5,1.0,1,0,1-25,0
1921,ssi,,,0,,1,2019-09-24,1,1,1,2,999,12000,1.5,1.5,1.0,1,0,1-25,0
1922,SSI,,,8,,1,2019-09-24,1,1,1,2,999,100,1.0,1.0,1.0,0,0,1-25,0
1923,dfg,,,0,,1,2019-09-24,1,1,1,2,999,12000,1.5,1.5,1.0,1,0,1-25,0
1924,ssi,,,0,,1,2019-09-25,1,1,1,2,999,100,1.0,1.0,1.0,0,0,1-25,0
1925,ssi,,,0,2,1,2019-09-25,1,1,1,2,999,12000,1.5,1.5,1.0,1,0,1-25,0
1926,SSI,,,0,,1,2019-09-25,1,1,1,2,999,12000,1.5,1.5,1.0,1,0,1-25,0
1927,SSI New,,,0,,1,2019-09-25,1,1,1,2,999,12000,1.5,1.5,1.0,1,0,1-25,0
1928,SSi,,,0,,1,2019-09-25,1,1,1,2,999,100,1.0,1.0,1.0,0,0,1-25,0
1929,Select Source Intl Gurgaon,,,0,,1,2019-09-25,1,1,1,2,999,12000,1.5,1.5,1.0,1,0,1-25,0
1930,SSI,,,0,,1,2019-09-25,1,1,1,2,999,100,1.0,1.0,1.0,0,0,1-25,0
1931,gfds,,,0,,1,2019-09-25,1,1,1,2,999,12000,1.33,1.33,1.0,1,0,1-25,0
1932,SSI jobma,,,0,,0,2019-09-25,1,0,1,1,0,100,1.0,1.0,1.0,0,0,1-25,0
1933,bdhgdhh,,,0,,1,2019-09-25,1,1,1,2,999,12000,1.5,1.5,1.0,1,0,1-25,0
1934,123456,,,0,,1,2019-09-25,1,1,1,2,999,100,1.0,1.0,1.0,0,0,1-25,0
1935,vnvnvnv,,,0,,1,2019-09-25,1,1,1,2,999,100,1.0,1.0,1.0,0,0,1-25,0
1936,SSI,,,0,,1,2019-09-25,1,1,1,2,999,100,1.0,1.0,1.0,0,0,1-25,0
1937,Mainusereditedmobile,,,0,,0,2019-09-26,1,0,1,1,0,100,1.0,1.0,1.0,0,0,1-25,0
1938,vnvnvnv,,,0,,0,2019-09-26,1,0,1,1,0,100,1.0,1.0,1.0,0,0,1-25,0
1939,vnvnvnv,,,0,,0,2019-09-26,1,0,1,1,0,100,1.0,1.0,1.0,0,0,1-25,0
1940,ssi,,,0,,0,2019-09-26,1,0,1,1,0,100,1.0,1.0,1.0,0,0,1-25,0
1941,ssi,,,0,,0,2019-09-26,1,0,1,1,0,100,1.0,1.0,1.0,0,0,1-25,0
1942,Test,,,0,,1,2019-09-26,1,1,1,2,999,100,1.0,1.0,1.0,0,0,1-25,0
1943,sdad,,,0,,1,2019-09-26,1,1,1,2,999,12000,1.5,1.5,1.0,1,0,1-25,0
1944,Test,,,0,,0,2019-09-26,1,0,1,1,0,100,1.0,1.0,1.0,0,0,1-25,0
1945,Test,,,0,,0,2019-09-26,1,0,1,1,0,100,1.0,1.0,1.0,0,0,1-25,0
1946,adff,,,0,,1,2019-09-26,1,1,1,2,999,100,1.0,1.0,1.0,0,0,1-25,0
1947,Test,,,0,,0,2019-09-26,1,0,1,1,0,100,1.0,1.0,1.0,0,0,1-25,0
1948,Test,,,0,,0,2019-09-26,1,0,1,1,0,100,1.0,1.0,1.0,0,0,1-25,0
1949,Test,,,0,,0,2019-09-26,1,0,1,1,0,100,1.0,1.0,1.0,0,0,1-25,0
1950,Test,,,0,,0,2019-09-26,1,0,1,1,0,100,1.0,1.0,1.0,0,0,1-25,0
1951,Test,,,0,,0,2019-09-26,1,0,1,1,0,100,1.0,1.0,1.0,0,0,1-25,0
1952,Test,,,0,,0,2019-09-26,1,0,1,1,0,100,1.0,1.0,1.0,0,0,1-25,0
1953,Test,,,0,,0,2019-09-26,1,0,1,1,0,100,1.0,1.0,1.0,0,0,1-25,0
1954,Test,,,0,,0,2019-09-26,1,0,1,1,0,100,1.0,1.0,1.0,0,0,1-25,0
1955,ssi,,,0,,1,2019-09-26,1,1,1,2,999,100,1.0,1.0,1.0,0,0,1-25,0
1956,ssi,,,0,,1,2019-09-26,1,1,1,2,999,12000,1.5,1.5,1.0,1,0,1-25,0
1957,ssi,,,0,,0,2019-09-26,1,0,1,1,0,100,1.0,1.0,1.0,0,0,1-25,0
1958,ssi,,,0,,0,2019-09-26,1,0,1,1,0,100,1.0,1.0,1.0,0,0,1-25,0
1959,ssi,,,0,,0,2019-09-26,1,0,1,1,0,100,1.0,1.0,1.0,0,0,1-25,0
1960,ssi,,,0,,1,2019-09-26,1,1,1,2,999,100,1.0,1.0,1.0,0,0,1-25,0
1961,ssi,,,0,,0,2019-09-26,1,0,1,1,0,100,1.0,1.0,1.0,0,0,1-25,0
1962,vnvnvnv,,,0,,0,2019-09-26,1,0,1,1,0,100,1.0,1.0,1.0,0,0,1-25,0
1963,ssi,,,0,,0,2019-09-26,1,0,1,1,0,100,1.0,1.0,1.0,0,0,1-25,0
1964,ssi,,,0,,0,2019-09-26,1,0,1,1,0,100,1.0,1.0,1.0,0,0,1-25,0
1965,ssi,,,0,,0,2019-09-26,1,0,1,1,0,100,1.0,1.0,1.0,0,0,1-25,0
1966,ssi,,,0,,0,2019-09-26,1,0,1,1,0,100,1.0,1.0,1.0,0,0,1-25,0
1967,ssi,,,0,,0,2019-09-26,1,0,1,1,0,100,1.0,1.0,1.0,0,0,1-25,0
1968,sgdgdgdh,,,0,,1,2019-09-26,1,1,1,2,999,100,1.0,1.0,1.0,0,0,1-25,0
1969,sgdgdgdh,,,0,,0,2019-09-26,1,0,1,1,0,100,1.0,1.0,1.0,0,0,1-25,0
1970,sgdgdgdh,,,0,,0,2019-09-26,1,0,1,1,0,100,1.0,1.0,1.0,0,0,1-25,0
1971,vnvnvnv,,,0,,0,2019-09-26,1,0,1,1,0,100,1.0,1.0,1.0,0,0,1-25,0
1972,vnvnvnv,,,0,,0,2019-09-26,1,0,1,1,0,100,1.0,1.0,1.0,0,0,1-25,0
1973,vnvnvnv,,,0,,0,2019-09-26,1,0,1,1,0,100,1.0,1.0,1.0,0,0,1-25,0
1974,vnvnvnv,,,0,,0,2019-09-26,1,0,1,1,0,100,1.0,1.0,1.0,0,0,1-25,0
1975,vnvnvnv,,,0,,0,2019-09-26,1,0,1,1,0,100,1.0,1.0,1.0,0,0,1-25,0
1976,vnvnvnv,,,0,,0,2019-09-26,1,0,1,1,0,100,1.0,1.0,1.0,0,0,1-25,0
1977,vnvnvnv,,,0,,0,2019-09-26,1,0,1,1,0,100,1.0,1.0,1.0,0,0,1-25,0
1978,sgdgdgdh,,,0,,0,2019-09-26,1,0,1,1,0,100,1.0,1.0,1.0,0,0,1-25,0
1979,sgdgdgdh,,,0,,0,2019-09-26,1,0,1,1,0,100,1.0,1.0,1.0,0,0,1-25,0
1980,sgdgdgdh,,,0,,0,2019-09-26,1,0,1,1,0,100,1.0,1.0,1.0,0,0,1-25,0
1981,sgdgdgdh,,,0,,0,2019-09-26,1,0,1,1,0,100,1.0,1.0,1.0,0,0,1-25,0
1982,sgdgdgdh,,,0,,0,2019-09-26,1,0,1,1,0,100,1.0,1.0,1.0,0,0,1-25,0
1983,sgdgdgdh,,,0,,0,2019-09-26,1,0,1,1,0,100,1.0,1.0,1.0,0,0,1-25,0
1984,sgdgdgdh,,,0,,0,2019-09-26,1,0,1,1,0,100,1.0,1.0,1.0,0,0,1-25,0
1985,sgdgdgdh,,,0,,0,2019-09-26,1,0,1,1,0,100,1.0,1.0,1.0,0,0,1-25,0
1986,SSI,,,0,,1,2019-09-26,1,1,1,2,999,100,1.0,1.0,1.0,0,0,1-25,0
1987,SSI,,,0,,0,2019-09-26,1,0,1,1,0,100,1.0,1.0,1.0,0,0,1-25,0
1988,Jobma,,,0,,1,2019-09-26,1,1,1,2,999,100,1.0,1.0,1.0,0,0,1-25,0
1989,Jobma,,,0,,0,2019-09-26,1,0,1,1,0,100,1.0,1.0,1.0,0,0,1-25,0
1990,Jobma,,,0,,0,2019-09-26,1,0,1,1,0,100,1.0,1.0,1.0,0,0,1-25,0
1991,Jobma,,,0,,0,2019-09-26,1,0,1,1,0,100,1.0,1.0,1.0,0,0,1-25,0
1992,Jobma,,,0,,0,2019-09-26,1,0,1,1,0,100,1.0,1.0,1.0,0,0,1-25,0
1993,Jobma,,,0,,0,2019-09-26,1,0,1,1,0,100,1.0,1.0,1.0,0,0,1-25,0
1994,Jobma,,,0,,0,2019-09-26,1,0,1,1,0,100,1.0,1.0,1.0,0,0,1-25,0
1995,Jobma,,,0,,0,2019-09-26,1,0,1,1,0,100,1.0,1.0,1.0,0,0,1-25,0
1996,Jobma,,,0,,0,2019-09-26,1,0,1,1,0,100,1.0,1.0,1.0,0,0,1-25,0
1997,Jobma,,,0,,0,2019-09-26,1,0,1,1,0,100,1.0,1.0,1.0,0,0,1-25,0
1998,Jobma,,,0,,0,2019-09-26,1,0,1,1,0,100,1.0,1.0,1.0,0,0,1-25,0
1999,Jobma,,,0,,0,2019-09-26,1,0,1,1,0,100,1.0,1.0,1.0,0,0,1-25,0
2000,Jobma,,,0,,0,2019-09-26,1,0,1,1,0,100,1.0,1.0,1.0,0,0,1-25,0
2001,Jobma,,,0,,0,2019-09-26,1,0,1,1,0,100,1.0,1.0,1.0,0,0,1-25,0
2002,Jobma,,,0,,0,2019-09-26,1,0,1,1,0,100,1.0,1.0,1.0,0,0,1-25,0
2003,Jobma,,,0,,0,2019-09-26,1,0,1,1,0,100,1.0,1.0,1.0,0,0,1-25,0
2004,Jobma,,,0,,0,2019-09-26,1,0,1,1,0,100,1.0,1.0,1.0,0,0,1-25,0
2005,Jobma,,,0,,0,2019-09-26,1,0,1,1,0,100,1.0,1.0,1.0,0,0,1-25,0
2006,Jobma,,,0,,0,2019-09-26,1,0,1,1,0,100,1.0,1.0,1.0,0,0,1-25,0
2007,Jobma,,,0,,0,2019-09-26,1,0,1,1,0,100,1.0,1.0,1.0,0,0,1-25,0
2008,Jobma,,,0,,0,2019-09-26,1,0,1,1,0,100,1.0,1.0,1.0,0,0,1-25,0
2009,SSi,,,0,,1,2019-09-26,1,1,1,2,999,100,1.0,1.0,1.0,0,0,1-25,0
2010,ssi,,,0,,1,2019-09-27,1,1,1,2,999,100,1.0,1.0,1.0,0,0,1-25,0
2011,SSI,,,0,,1,2019-09-27,1,1,1,2,999,100,1.0,1.0,1.0,0,0,1-25,0
2012,ssi,,,0,,1,2019-09-27,1,1,1,2,999,100,1.0,1.0,1.0,0,0,1-25,0
2013,ssi,,,0,,1,2019-09-30,1,1,1,2,999,100,1.0,1.0,1.0,0,0,1-25,0
2014,ssi,,,0,,0,2019-09-30,1,0,1,1,0,100,1.0,1.0,1.0,0,0,1-25,0
2015,ssi,,,0,,0,2019-09-30,1,0,1,1,0,100,1.0,1.0,1.0,0,0,1-25,0
2016,ssi,,,0,,0,2019-09-30,1,0,1,1,0,100,1.0,1.0,1.0,0,0,1-25,0
2017,ssi,,,0,,1,2019-09-30,1,1,1,2,999,100,1.0,1.0,1.0,0,0,1-25,0
2018,ssi,,,0,,0,2019-09-30,1,0,1,1,0,100,1.0,1.0,1.0,0,0,1-25,0
2019,ssi,,,0,,0,2019-10-01,1,0,1,1,0,100,1.0,1.0,1.0,0,0,1-25,0
2020,ssi,,,0,,0,2019-10-01,1,0,1,1,0,100,1.0,1.0,1.0,0,0,1-25,0
2021,ssi,,,0,1,1,2019-10-03,1,1,1,2,7,100,1.0,1.0,1.0,0,0,1-25,0
2022,ssi,,,0,,0,2019-10-03,1,0,1,1,0,100,1.0,1.0,1.0,0,0,1-25,0
2024,ssi,,,0,,1,2019-10-07,1,0,1,2,1,12000,1.5,1.5,1.0,1,0,1-25,0
2025,ssi,,,0,,0,2019-10-07,1,0,1,1,0,100,1.0,1.0,1.0,0,0,1-25,0
2026,jobma,,,0,,1,2019-10-07,1,1,1,2,3,100,1.0,1.0,1.0,0,0,1-25,0
2027,ssi,,,0,,1,2019-10-07,1,1,1,2,109,90,1.0,1.0,1.0,0,0,1-25,0
2028,SSI,,,0,,1,2019-10-09,1,1,1,2,3,100,1.0,1.0,1.0,0,0,1-25,0
2029,SSI,,,0,,0,2019-10-09,1,0,1,1,0,100,1.0,1.0,1.0,0,0,1-25,0
2030,ssi,,,0,,0,2019-10-09,1,0,1,1,0,100,1.0,1.0,1.0,0,0,1-25,0
2031,SSI,,,0,,1,2019-10-10,1,0,1,2,1,100,1.0,1.0,1.0,0,0,1-25,0
2032,SSI,,,0,,1,2019-10-10,1,1,1,2,12,100,1.0,1.0,1.0,0,0,1-25,0
2033,SSI,,,0,,0,2019-10-10,1,0,1,1,0,100,1.0,1.0,1.0,0,0,1-25,0
2034,SSI,,,0,,0,2019-10-10,1,0,1,1,0,100,1.0,1.0,1.0,0,0,1-25,0
2035,SSI,,,0,,0,2019-10-10,1,0,1,1,0,100,1.0,1.0,1.0,0,0,1-25,0
2036,SSI,,,0,,0,2019-10-10,1,0,1,1,0,100,1.0,1.0,1.0,0,0,1-25,0
2037,SSI,,,0,,0,2019-10-10,1,0,1,1,0,100,1.0,1.0,1.0,0,0,1-25,0
2038,SSI,,,0,,0,2019-10-10,1,0,1,1,0,100,1.0,1.0,1.0,0,0,1-25,0
2039,SSI,,,0,,1,2019-10-10,1,1,1,2,4,100,1.0,1.0,1.0,0,0,1-25,0
2040,SSI,,,0,,0,2019-10-11,1,0,1,1,0,100,1.0,1.0,1.0,0,0,1-25,0
2041,ssi,,,0,,1,2019-10-14,1,0,1,2,1,100,1.0,1.0,1.0,0,0,1-25,0
2042,ssi,,,0,,1,2019-10-14,1,0,1,2,1,100,1.0,1.0,1.0,0,0,1-25,0
2043,ssi,,,0,,0,2019-10-15,1,0,1,1,0,100,1.0,1.0,1.0,0,0,1-25,0
2044,ssi,,,0,,0,2019-10-15,1,0,1,1,0,100,1.0,1.0,1.0,0,0,1-25,0
2045,ssi,,,0,,1,2019-10-15,1,1,1,2,10,100,1.0,1.0,1.0,0,0,1-25,0
2046,"SSI- recuirtment  , it devlopment",,,0,1,1,2019-10-15,1,1,1,2,22,100,7.0,5.0,1.0,0,0,1-25,0
2047,ssi,,,0,,0,2019-10-15,1,0,1,1,0,100,1.0,1.0,1.0,0,0,1-25,0
2048,"SSI- recuirtment  , it devlopment",,,0,1,0,2019-10-15,1,0,1,1,0,100,1.0,1.0,1.0,0,0,1-25,0
2049,ssi,,,0,,0,2019-10-15,1,0,1,1,0,100,1.0,1.0,1.0,0,0,1-25,0
2050,"SSI- recuirtment  , it devlopment",,,0,1,0,2019-10-15,1,0,1,1,0,100,1.0,1.0,1.0,0,0,1-25,0
2051,"SSI- recuirtment  , it devlopment",,,0,1,0,2019-10-15,1,0,1,1,0,100,1.0,1.0,1.0,0,0,1-25,0
2052,"SSI- recuirtment  , it devlopment",,,0,1,0,2019-10-15,1,0,1,1,0,100,1.0,1.0,1.0,0,0,1-25,0
2053,ssi,,,0,,0,2019-10-15,1,0,1,1,0,100,1.0,1.0,1.0,0,0,1-25,0
2054,"SSI- recuirtment  , it devlopment",,,0,1,0,2019-10-15,1,0,1,1,0,100,1.0,1.0,1.0,0,0,1-25,0
2055,ssi,,,0,,1,2019-10-15,1,1,1,2,3,100,1.0,1.0,1.0,0,0,1-25,0
2056,SSI,,,0,,1,2019-10-15,1,0,1,2,1,100,1.0,1.0,1.0,0,0,1-25,0
2057,sdf,,,0,,1,2019-10-15,1,0,1,2,1,100,1.0,1.0,1.0,0,0,1-25,0
2058,ssi,,,0,,0,2019-10-15,1,0,1,1,0,100,1.0,1.0,1.0,0,0,1-25,0
2059,ssi,,,0,,0,2019-10-15,1,0,1,1,0,100,1.0,1.0,1.0,0,0,1-25,0
2060,ssi,,,0,,0,2019-10-15,1,0,1,1,0,100,1.0,1.0,1.0,0,0,1-25,0
2061,ssi,,,0,,0,2019-10-15,1,0,1,1,0,100,1.0,1.0,1.0,0,0,1-25,0
2062,"SSI- recuirtment  , it devlopment",,,0,1,0,2019-10-15,1,0,1,1,0,100,1.0,1.0,1.0,0,0,1-25,0
2063,"SSI- recuirtment  , it devlopment",,,0,1,0,2019-10-15,1,0,1,1,0,100,1.0,1.0,1.0,0,0,1-25,0
2064,"SSI- recuirtment  , it devlopment",,,0,1,0,2019-10-15,1,0,1,1,0,100,1.0,1.0,1.0,0,0,1-25,0
2065,"SSI- recuirtment  , it devlopment",,,0,1,0,2019-10-15,1,0,1,1,0,100,1.0,1.0,1.0,0,0,1-25,0
2066,"SSI- recuirtment  , it devlopment",,,0,1,0,2019-10-15,1,0,1,1,0,100,1.0,1.0,1.0,0,0,1-25,0
2067,"SSI- recuirtment  , it devlopment",,,0,1,0,2019-10-15,1,0,1,1,0,100,1.0,1.0,1.0,0,0,1-25,0
2068,"SSI- recuirtment  , it devlopment",,,0,1,0,2019-10-15,1,0,1,1,0,100,1.0,1.0,1.0,0,0,1-25,0
2069,"SSI- recuirtment  , it devlopment",,,0,1,0,2019-10-15,1,0,1,1,0,100,1.0,1.0,1.0,0,0,1-25,0
2070,"SSI- recuirtment  , it devlopment",,,0,1,0,2019-10-15,1,0,1,1,0,100,1.0,1.0,1.0,0,0,1-25,0
2071,SSi,,,0,,1,2019-10-15,1,1,1,2,5,100,1.0,1.0,1.0,0,0,1-25,0
2072,ssi,,,0,,0,2019-10-15,1,0,1,1,0,100,1.0,1.0,1.0,0,0,1-25,0
2073,SSi,,,0,,0,2019-10-15,1,0,1,1,0,100,1.0,1.0,1.0,0,0,1-25,0
2074,SSi,,,0,,0,2019-10-15,1,0,1,1,0,100,1.0,1.0,1.0,0,0,1-25,0
2075,SSi,,,0,,0,2019-10-15,1,0,1,1,0,100,1.0,1.0,1.0,0,0,1-25,0
2076,SSi,,,0,,0,2019-10-15,1,0,1,1,0,100,1.0,1.0,1.0,0,0,1-25,0
2077,ssi,,,0,,0,2019-10-15,1,0,1,1,0,100,1.0,1.0,1.0,0,0,1-25,0
2078,SSi,,,0,,0,2019-10-15,1,0,1,1,0,100,1.0,1.0,1.0,0,0,1-25,0
2079,ssi,,,0,,0,2019-10-15,1,0,1,1,0,100,1.0,1.0,1.0,0,0,1-25,0
2080,SSi,,,0,,0,2019-10-15,1,0,1,1,0,100,1.0,1.0,1.0,0,0,1-25,0
2081,ssi,,,0,,0,2019-10-15,1,0,1,1,0,100,1.0,1.0,1.0,0,0,1-25,0
2082,ssi,,,0,,0,2019-10-15,1,0,1,1,0,100,1.0,1.0,1.0,0,0,1-25,0
2083,ssi,,,0,,0,2019-10-15,1,0,1,1,0,100,1.0,1.0,1.0,0,0,1-25,0
2084,ssi,,,0,,0,2019-10-15,1,0,1,1,0,100,1.0,1.0,1.0,0,0,1-25,0
2085,"SSI- recuirtment  , it devlopment",,,0,1,0,2019-10-16,1,0,1,1,0,100,1.0,1.0,1.0,0,0,1-25,0
2086,"SSI- recuirtment  , it devlopment",,,0,1,0,2019-10-16,1,0,1,1,0,100,1.0,1.0,1.0,0,0,1-25,0
2087,"SSI- recuirtment  , it devlopment",,,0,1,0,2019-10-16,1,0,1,1,0,100,1.0,1.0,1.0,0,0,1-25,0
2088,"SSI- recuirtment  , it devlopment",,,0,1,0,2019-10-16,1,0,1,1,0,100,1.0,1.0,1.0,0,0,1-25,0
2089,ssi,,,0,,0,2019-10-16,1,0,1,1,0,100,1.0,1.0,1.0,0,0,1-25,0
2090,SSI Jobma,,,0,,1,2019-10-16,1,1,1,2,3,100,1.0,1.0,1.0,0,0,1-25,0
2091,SSI Jobma,,,0,,0,2019-10-16,1,0,1,1,0,100,1.0,1.0,1.0,0,0,1-25,0
2092,SSI Jobma,,,0,,0,2019-10-16,1,0,1,1,0,100,1.0,1.0,1.0,0,0,1-25,0
2093,SSI Jobma,,,0,,0,2019-10-16,1,0,1,1,0,100,1.0,1.0,1.0,0,0,1-25,0
2094,SSI Jobma,,,0,,0,2019-10-16,1,0,1,1,0,100,1.0,1.0,1.0,0,0,1-25,0
2095,ssi,,,0,,1,2019-10-16,1,0,1,2,1,100,1.0,1.0,1.0,0,0,1-25,0
2096,ssi,,,0,,1,2019-10-16,1,0,1,2,1,100,1.0,1.0,1.0,0,0,1-25,0
2097,ssi,,,0,,1,2019-10-16,1,0,1,2,1,100,1.0,1.0,1.0,0,0,1-25,0
2098,SSI,,,0,,1,2019-10-16,1,1,1,2,3,100,1.0,1.0,1.0,0,0,1-25,0
2099,SSI,,,0,,0,2019-10-16,1,0,1,1,0,100,1.0,1.0,1.0,0,0,1-25,0
2100,SSI,,,0,,0,2019-10-16,1,0,1,1,0,100,1.0,1.0,1.0,0,0,1-25,0
2101,SSI,,,0,,0,2019-10-16,1,0,1,1,0,100,1.0,1.0,1.0,0,0,1-25,0
2102,SSI,,,0,,0,2019-10-16,1,0,1,1,0,100,1.0,1.0,1.0,0,0,1-25,0
2103,SSI,,,0,,1,2019-10-16,1,1,1,2,2,100,1.0,1.0,1.0,0,0,1-25,0
2104,SSI,,,0,,0,2019-10-16,1,0,1,1,0,100,1.0,1.0,1.0,0,0,1-25,0
2105,SSI,,,0,,0,2019-10-16,1,0,1,1,0,100,1.0,1.0,1.0,0,0,1-25,0
2106,SSI,,,0,,0,2019-10-16,1,0,1,1,0,100,1.0,1.0,1.0,0,0,1-25,0
2107,ssi,,,0,,1,2019-10-17,1,0,1,1,1,12000,1.5,1.5,1.0,1,0,1-25,0
2108,ssi,,,0,,0,2019-10-17,1,0,1,1,0,100,1.0,1.0,1.0,0,0,1-25,0
2109,ssi,,,0,,0,2019-10-17,1,0,1,1,0,100,1.0,1.0,1.0,0,0,1-25,0
2110,JOBMA,,,0,,1,2019-10-17,1,1,1,2,3,100,1.0,1.0,1.0,0,0,1-25,0
2111,SSI,,,0,,1,2019-10-17,1,1,1,2,3,100,1.0,1.0,1.0,0,0,1-25,0
2112,ssi,,,0,,1,2019-10-17,1,1,1,2,4,100,1.0,1.0,1.0,0,0,1-25,0
2113,fghgf,,,0,,1,2019-10-17,1,1,1,2,2,100,1.0,1.0,1.0,0,0,1-25,0
2114,bcgfh,,,0,,1,2019-10-17,1,1,1,2,6,100,1.0,1.0,1.0,0,0,1-25,0
2115,ssi,,,0,,1,2019-10-17,1,1,1,2,4,100,1.0,1.0,1.0,0,0,1-25,0
2116,cvbfxcb,,,0,,1,2019-10-17,1,1,1,2,6,100,1.0,1.0,1.0,0,0,1-25,0
2117,ssi,,,0,,1,2019-10-17,1,1,1,2,4,100,1.0,1.0,1.0,0,0,1-25,0
2118,dfgc,,,0,,1,2019-10-17,1,1,1,2,3,100,1.0,1.0,1.0,0,0,1-25,0
2120,ssi,,,0,,1,2019-10-17,1,0,1,2,1,12000,1.5,1.5,1.0,1,0,1-25,0
2121,ssi,,,0,,1,2019-10-17,1,0,1,2,1,12000,1.33,1.33,1.0,1,0,1-25,0
2122,67nbvbv,,,0,,1,2019-10-17,1,0,1,2,1,12000,1.33,1.33,1.0,1,0,1-25,0
2123,ssi,,,0,,1,2019-10-17,1,1,1,2,2,100,1.0,1.0,1.0,0,0,1-25,0
2124,ssi,,,0,,1,2019-10-17,1,0,1,2,1,12000,1.33,1.33,1.0,1,0,1-25,0
2125,SSI,,,0,,1,2019-10-17,1,1,1,2,2,100,1.0,1.0,1.0,0,0,1-25,0
2126,SSI,,,0,,1,2019-10-17,1,1,1,2,2,100,1.0,1.0,1.0,0,0,1-25,0
2127,SSI,,,0,,1,2019-10-17,1,0,1,2,1,12000,1.33,1.33,1.0,1,0,1-25,0
2128,SSI,,,0,,1,2019-10-17,1,0,1,2,1,12000,1.0,1.0,1.0,1,0,1-25,0
2129,SSI,,,0,,1,2019-10-17,1,1,1,2,2,100,1.0,1.0,1.0,0,0,1-25,0
2130,ssi,,,0,,1,2019-10-18,1,0,1,2,1,100,1.0,1.0,1.0,0,0,1-25,0
2131,ssi,,,0,,1,2019-10-18,1,0,1,2,1,12000,1.5,1.5,1.0,1,0,1-25,0
2132,ssi,,,0,,1,2019-10-18,1,0,1,2,1,12000,1.5,1.5,1.0,1,0,1-25,0
2133,jobma,,,0,,1,2019-10-18,1,1,1,2,3,100,1.0,1.0,1.0,0,0,1-25,0
2134,ssi,,,0,,1,2019-10-18,1,0,1,2,1,100,1.0,1.0,1.0,0,0,1-25,0
2135,hnghnjgjy,,,0,,1,2019-10-18,1,1,1,2,3,100,1.0,1.0,1.0,0,0,1-25,0
2136,SSI,,,0,,1,2019-10-18,1,1,1,2,11,100,1.0,1.0,1.0,0,0,1-25,0
2137,ghmghj,,,0,,1,2019-10-18,1,1,1,2,3,100,1.0,1.0,1.0,0,0,1-25,0
2138,JObma,,,0,,1,2019-10-18,1,1,1,2,11,100,1.0,1.0,1.0,0,0,1-25,0
2139,",jhkjh,jh",,,0,,1,2019-10-18,1,1,1,2,3,100,1.0,1.0,1.0,0,0,1-25,0
2140,fsgdsgdgg,,,0,,1,2019-10-18,1,1,1,2,3,100,1.0,1.0,1.0,0,0,1-25,0
2141,JOBMA,,,0,,1,2019-10-18,1,1,1,2,11,100,1.0,1.0,1.0,0,0,1-25,0
2142,ssi,,,0,,1,2019-10-18,1,1,1,2,3,100,1.0,1.0,1.0,0,0,1-25,0
2143,jobma,,,0,,1,2019-10-18,1,0,1,2,1,100,1.0,1.0,1.0,0,0,1-25,0
2144,jobma,,,0,,0,2019-10-18,1,0,1,1,0,100,1.0,1.0,1.0,0,0,1-25,0
2145,fsgdgdgd,,,0,,1,2019-10-18,1,0,1,2,1,100,1.0,1.0,1.0,0,0,1-25,0
2146,"SSI- recuirtment  , it devlopment",,,0,1,0,2019-10-21,1,0,1,1,0,100,1.0,1.0,1.0,0,0,1-25,0
2147,jobma,,,0,,0,2019-10-21,1,0,1,1,0,100,1.0,1.0,1.0,0,0,1-25,0
2148,"SSI- recuirtment  , it devlopment",,,0,1,0,2019-10-21,1,0,1,1,0,100,1.0,1.0,1.0,0,0,1-25,0
2149,ssi,,,0,,0,2019-10-21,1,0,1,1,0,100,1.0,1.0,1.0,0,0,1-25,0
2150,"SSI- recuirtment  , it devlopment",,,0,1,0,2019-10-21,1,0,1,1,0,100,1.0,1.0,1.0,0,0,1-25,0
2151,ssi,,,0,,0,2019-10-21,1,0,1,1,0,100,1.0,1.0,1.0,0,0,1-25,0
2153,jobma,,,0,,1,2019-10-23,1,0,1,2,1,100,1.0,1.0,1.0,0,0,1-25,0
2154,SSI Jobma,,,0,,1,2019-10-23,1,0,1,2,1,100,1.0,1.0,1.0,0,0,1-25,0
2155,nik ,,,0,1,1,2019-10-23,1,0,1,2,1,12000,1.5,1.5,1.0,1,0,1-25,0
2156,vchdgh,,,0,,1,2019-10-23,1,0,1,2,1,100,1.0,1.0,1.0,0,0,1-25,0
2157,gsgdsgdg,,,0,,1,2019-10-25,1,0,1,2,1,100,1.0,1.0,1.0,0,0,1-25,0
2158,etryetr,,,0,,0,2019-10-25,1,0,1,1,0,100,1.0,1.0,1.0,0,0,1-25,0
2159,SSI jobma,,,0,,0,2019-10-25,1,0,1,1,0,100,1.0,1.0,1.0,0,0,1-25,0
2160,SSI jobma,,,0,,0,2019-10-25,1,0,1,1,0,100,1.0,1.0,1.0,0,0,1-25,0
2164,ssi,,,0,,0,2019-10-30,1,0,1,1,0,100,1.0,1.0,1.0,0,0,1-25,0
2165,ssi,,,0,,0,2019-10-30,1,0,1,1,0,100,1.0,1.0,1.0,0,0,1-25,0
2168,jobma,,,0,,1,2019-11-03,1,0,1,2,1,100,1.0,1.0,1.0,0,0,1-25,0
2169,ssi,,"72,2,73",0,2,1,2019-11-07,1,1,1,2,1,100,1.0,1.0,1.0,0,0,1-25,0
2170,ssi,,,0,,1,2019-11-08,1,0,1,2,1,12000,1.5,1.5,1.0,1,0,1-25,0
2171,ssi,,,0,,1,2019-11-08,1,0,1,2,1,100,1.0,1.0,1.0,0,0,1-25,0
2172,ssi,,,0,,1,2019-11-11,1,0,1,2,1,12000,1.5,1.5,1.0,1,0,1-25,0
2173,ssi,,,0,,1,2019-11-12,1,0,1,2,1,12000,1.5,1.5,1.0,1,0,1-25,0
2174,dhgdgdhdh,,,0,,1,2019-11-12,1,0,1,2,1,12000,1.5,1.5,1.0,1,0,1-25,0
2175,SSi,,,0,,1,2019-11-12,1,1,1,2,3,100,1.0,1.0,1.0,0,0,1-25,0
2176,SSi,,,0,,0,2019-11-12,1,0,1,1,0,100,1.0,1.0,1.0,0,0,1-25,0
2177,SSi,,,0,,0,2019-11-12,1,0,1,1,0,100,1.0,1.0,1.0,0,0,1-25,0
2178,JOBMA,,,7,,1,2019-11-12,1,0,1,2,1,100,1.0,1.0,1.0,0,0,1-25,0
2180,SSI jobma,,,0,,0,2019-11-15,1,0,1,1,0,100,1.0,1.0,1.0,0,0,1-25,0
2181,ssi,,,0,,1,2019-11-15,1,0,1,2,1,100,1.0,1.0,1.0,0,0,1-25,0
2182,dfd,,,1,,1,2019-11-15,1,0,1,2,1,100,1.0,1.0,1.0,0,0,1-25,0
2183,ssi,,,0,,1,2019-11-18,1,0,1,2,1,12000,1.5,1.5,1.0,1,0,1-25,0
2184,ssi,,,0,,1,2019-11-19,1,0,1,2,1,100,1.0,1.0,1.0,0,0,1-25,0
2185,sgdh,,,0,,1,2019-11-19,1,0,1,2,1,12000,1.5,1.5,1.0,1,0,1-25,0
2186,ssi,,,0,,1,2019-11-21,1,0,1,2,1,100,1.0,1.0,1.0,0,0,1-25,0
2187,ssi,,,0,,1,2019-11-21,1,0,1,2,1,100,1.0,1.0,1.0,0,0,1-25,0
2188,JOBMA,,,0,,1,2019-11-21,1,0,1,1,1,100,1.0,1.0,1.0,0,0,1-25,0
2189,JOBMA,,,3,,1,2019-11-21,1,0,1,2,1,100,1.0,1.0,1.0,0,0,1-25,0
2190,JOBMA,,,0,,1,2019-11-21,1,0,1,2,1,100,1.0,1.0,1.0,0,0,1-25,0
2191,sssi,,,0,,1,2019-11-22,1,0,1,2,1,100,1.0,1.0,1.0,0,0,1-25,0
2192,ssssssf,,,6,,1,2019-11-22,1,0,1,2,1,100,1.0,1.0,1.0,0,0,1-25,0
2193,sgdsgdg,,,2,,1,2019-11-22,1,0,1,2,1,100,1.0,1.0,1.0,0,0,1-25,0
2194,sssi,,,0,,1,2019-11-22,1,0,1,2,1,100,1.0,1.0,1.0,0,0,1-25,0
2196,ssi,,,0,,1,2019-11-25,1,1,1,2,5,100,1.0,1.0,1.0,0,0,1-25,0
2197,ssi,,,0,,0,2019-11-27,1,0,1,1,0,100,1.0,1.0,1.0,0,0,1-25,0
2200,ssi,,,0,,0,2019-11-27,1,0,1,1,0,100,1.0,1.0,1.0,0,0,1-25,0
2201,Mainusereditedmobile,,,0,,0,2019-11-27,1,0,1,1,0,100,1.0,1.0,1.0,0,0,1-25,0
2203,ssi,,,0,,1,2019-11-27,1,1,1,2,2,12000,1.5,1.5,1.0,1,0,1-25,0
2204,ssi,,,0,,0,2019-11-27,1,0,1,1,0,100,1.0,1.0,1.0,0,0,1-25,0
2205,ssi,,,0,,0,2019-11-27,1,0,1,1,0,100,1.0,1.0,1.0,0,0,1-25,0
2206,ssi,,,0,,1,2019-11-27,1,0,1,2,1,100,1.0,1.0,1.0,0,0,1-25,0
2207,ssi,,,0,,0,2019-11-27,1,0,1,1,0,100,1.0,1.0,1.0,0,0,1-25,0
2208,ssi,,,0,,1,2019-11-27,1,1,1,2,11,100,1.0,1.0,1.0,0,0,1-25,0
2209,ssi,,,0,,1,2019-11-27,1,1,1,2,11,100,1.0,1.0,1.0,0,0,1-25,0
2210,ssi,,,0,,0,2019-11-27,1,0,1,1,0,100,1.0,1.0,1.0,0,0,1-25,0
2211,ssi,,,0,,0,2019-11-27,1,0,1,1,0,100,1.0,1.0,1.0,0,0,1-25,0
2212,ssi,,,0,,0,2019-11-27,1,0,1,1,0,100,1.0,1.0,1.0,0,0,1-25,0
2213,ssi,,,0,,0,2019-11-27,1,0,1,1,0,100,1.0,1.0,1.0,0,0,1-25,0
2214,sdfsdf,,,0,,1,2019-12-03,1,0,1,2,1,12000,1.5,1.5,1.0,1,0,1-25,0
2215,ssi,,,0,,1,2019-12-03,1,1,1,2,3,12000,1.5,1.5,1.0,1,0,1-25,0
2216,JOBMA,,,0,,1,2019-12-03,1,1,1,2,6,12000,1.5,1.5,1.0,1,0,1-25,0
2217,132123,,,0,,1,2019-12-03,1,0,1,2,1,12000,1.5,1.5,1.0,1,0,1-25,0
2218,JOBMA,,,0,,1,2019-12-03,1,1,1,2,5,12000,1.5,1.5,1.0,1,0,1-25,0
2219,ssss,,,0,,1,2019-12-03,1,1,1,2,35,12000,1.5,1.5,1.0,1,0,1-25,0
2220,ssi,,,0,,1,2019-12-03,1,1,1,2,4,12000,1.5,1.5,1.0,1,0,1-25,0
2221,gbjgh,,,0,,1,2019-12-03,1,0,1,2,1,12000,1.5,1.5,1.0,1,0,1-25,0
2222,JOBMA,,,0,,1,2019-12-03,1,1,1,2,2,12000,1.5,1.5,1.0,1,0,1-25,0
2223,sdfsdfdsf,,,0,,1,2019-12-03,1,1,1,2,5,12000,1.5,1.5,1.0,1,0,1-25,0
2224,sdfsdf,,,0,,1,2019-12-03,1,1,1,2,4,12000,1.5,1.5,1.0,1,0,1-25,0
2225,ssi,,,0,,1,2019-12-03,1,1,1,2,5,12000,1.5,1.5,1.0,1,0,1-25,0
2226,JOBMA,,,0,,1,2019-12-03,1,0,1,2,1,12000,1.0,1.0,1.0,1,0,1-25,0
2227,JOBMA,,,0,,1,2019-12-04,1,0,1,2,1,12000,1.0,1.0,1.0,1,0,1-25,0
2228,asd,,,0,,1,2019-12-04,1,0,1,2,1,12000,1.33,1.33,1.0,1,0,1-25,0
2229,sddasdfasdf,,,0,,1,2019-12-04,1,1,1,2,6,100,1.0,1.0,1.0,0,0,1-25,0
2230,132123,,,0,,1,2019-12-04,1,1,1,2,2,100,1.0,1.0,1.0,0,0,1-25,0
2231,com,,,0,,1,2019-12-04,1,1,1,2,2,12000,1.5,1.5,1.0,1,0,1-25,0
2232,SSI-JOBMA,,,0,,1,2019-12-06,1,0,1,2,1,100,1.0,1.0,1.0,0,0,1-25,0
2233,ssi,,,0,,0,2019-12-09,1,0,1,1,0,100,1.0,1.0,1.0,0,0,1-25,0
2234,ssi,,,0,,1,2019-12-11,1,0,1,2,1,100,1.0,1.0,1.0,0,0,1-25,0
2235,ssi,,,0,,1,2019-12-11,1,0,1,2,1,12000,1.5,1.5,1.0,1,0,1-25,0
2236,ssi,,,0,,1,2019-12-11,1,1,1,2,2,12000,1.5,1.5,1.0,1,0,1-25,0
2237,test,,,0,,1,2019-12-11,1,0,1,2,1,12000,1.5,1.5,1.0,1,0,1-25,0
2238,xcfgdfgh,,,0,,1,2019-12-11,1,0,1,2,1,12000,1.5,1.5,1.0,1,0,1-25,0
2239,ssi,,,0,,0,2019-12-11,1,0,1,1,0,100,1.0,1.0,1.0,0,0,1-25,0
2240,ssi,,,0,,0,2019-12-11,1,0,1,1,0,100,1.0,1.0,1.0,0,0,1-25,0
2241,ssi,,,0,,0,2019-12-11,1,0,1,1,0,100,1.0,1.0,1.0,0,0,1-25,0
2242,ssi,,,0,,1,2019-12-12,1,0,1,2,1,100,1.0,1.0,1.0,0,0,1-25,0
2243,JOBMA,,,0,,1,2019-12-12,1,0,1,2,1,12000,1.0,1.0,1.0,1,0,1-25,0
2244,SBI,,,0,,1,2019-12-12,1,0,1,2,1,12000,1.5,1.5,1.0,1,0,1-25,0
2245,SSi,,,0,,1,2019-12-12,1,0,1,2,1,12000,1.5,1.5,1.0,1,0,1-25,0
2246,SSI,,,0,,1,2019-12-12,1,0,1,2,1,12000,1.0,1.0,1.0,1,0,1-25,0
2247,ssi,,,0,,1,2019-12-12,1,0,1,2,1,100,1.0,1.0,1.0,0,0,1-25,0
2248,dfsdfsd sd fsdf,,,0,,1,2019-12-13,1,0,1,2,1,12000,1.5,1.5,1.0,1,0,1-25,0
2249,SSI,,,0,,1,2019-12-13,1,0,1,2,1,12000,1.5,1.5,1.0,1,0,1-25,0
2250,JOBMA,,,0,,1,2019-12-13,1,0,1,2,1,12000,1.0,1.0,1.0,1,0,1-25,0
2251,ssi,,,0,,1,2019-12-15,1,0,1,2,1,100,1.0,1.0,1.0,0,0,1-25,0
2252,sfsdfsdf,,,0,,1,2019-12-17,1,0,1,2,1,12000,1.5,1.5,1.0,1,0,1-25,0
2253,ssi,,,0,,0,2019-12-17,1,0,1,1,0,100,1.0,1.0,1.0,0,0,1-25,0
2254,asd,,"1,72",0,1,1,2019-12-18,1,0,1,2,1,12000,1.5,1.5,1.0,1,0,26-100,0
2255,JOBMA,,73,0,,1,2019-12-18,1,0,1,2,1,100,1.0,1.0,1.0,0,0,1-25,0
2256,Jobma,,"72,74,61",0,,1,2019-12-19,1,0,1,2,1,100,1.0,1.0,1.0,0,0,101-500,0
2257,sdfsdf,,1,0,,1,2019-12-19,1,0,1,2,1,12000,1.5,1.5,1.0,1,0,1-25,0
2258,sadaf,,1,0,,1,2019-12-19,1,0,1,2,1,12000,2.0,1.0,1.0,1,0,1-25,0
2259,asdffsdf,,1,0,,1,2019-12-19,1,0,1,2,1,12000,1.5,1.5,1.0,1,0,1-25,0
2260,asdasd,,"1,2",0,,1,2019-12-20,1,0,1,2,1,12000,1.5,1.5,1.0,1,0,26-100,0
2261,Jobma,,"72,73,74",0,,1,2019-12-20,1,0,1,2,1,12000,1.5,1.5,1.0,1,0,101-500,0
2262,Jobma,,"72,73,74",0,,1,2019-12-20,1,1,1,2,4,100,1.0,1.0,1.0,0,0,26-100,0
2263,jobma,,"53,46",0,1,1,2019-12-23,1,0,1,2,1,12000,1.5,1.5,1.0,1,0,26-100,0
2264,JOBMA,,"2,74",0,,1,2019-12-25,1,0,1,2,1,100,1.0,1.0,1.0,0,0,26-100,0
2265,gfhfghf,,83,0,,1,2019-12-26,1,0,1,2,1,12000,1.5,1.5,1.0,1,0,26-100,0
2266,xyz,,"72,73",0,,1,2019-12-30,1,0,1,2,1,12000,1.5,1.5,1.0,1,0,26-100,0
2267,ssi,,2,0,,1,2019-12-31,1,0,1,2,1,12000,1.5,1.5,1.0,1,0,1-25,0
2268,ssi,,,0,,0,2019-12-31,1,0,1,1,0,100,1.0,1.0,1.0,0,0,1-25,0
2269,ssi,,72,0,,1,2020-01-02,1,0,1,2,1,12000,1.5,1.5,1.0,1,0,26-100,0
2270,ssi4,,2,0,1,1,2020-01-03,1,0,1,2,1,100,1.0,1.0,1.0,0,0,500-1000,0
2271,ssi4,,,0,1,0,2020-01-03,1,0,1,1,0,100,1.0,1.0,1.0,0,0,500-1000,0
2272,JOBMAAAAA,,"72,2,74",0,1,1,2020-01-03,1,0,1,2,1,12000,1.0,1.0,1.0,1,0,26-100,0
2274,ssi,,"72,73,74",0,,1,2020-01-07,1,0,1,2,1,100,1.0,1.0,1.0,0,0,26-100,0
2276,ssi,,1,0,,1,2020-01-08,1,1,1,2,2,100,1.0,1.0,1.0,0,0,26-100,0
2277,ssi,,,0,,0,2020-01-09,1,0,1,1,0,100,1.0,1.0,1.0,0,0,26-100,0
2278,JOBMA,,,0,,1,2020-01-09,1,0,1,2,1,100,1.0,1.0,1.0,0,0,1-25,0
2281,Jobma,,,0,,1,2020-01-09,1,0,1,2,1,100,1.0,1.0,1.0,0,0,1-25,0
2282,JJ,,,0,,1,2020-01-09,1,0,1,2,1,100,1.0,1.0,1.0,0,0,1-25,0
2283,jjj,,,0,,1,2020-01-09,1,0,1,2,1,100,1.0,1.0,1.0,0,0,1-25,0
2286,Test JJ,,,0,,1,2020-01-09,1,1,1,2,2,100,1.0,1.0,1.0,0,0,1-25,0
2287,jobma,,,0,,1,2020-01-09,1,1,1,2,2,100,1.0,1.0,1.0,0,0,1-25,0
2288,gfh,,,0,,1,2020-01-09,1,0,1,2,1,100,1.0,1.0,1.0,0,0,1-25,0
2289,Jobma,,,0,,1,2020-01-09,1,0,1,2,1,100,1.0,1.0,1.0,0,0,1-25,0
2290,jobma,,"72,2",0,,1,2020-01-09,1,0,1,2,1,100,1.0,1.0,1.0,0,0,26-100,0
2291,Jobma,,,0,,1,2020-01-09,1,0,1,2,1,100,1.0,1.0,1.0,0,0,1-25,0
2292,asdfasdfdsf,,,0,,1,2020-01-09,1,1,1,2,5,100,1.0,1.0,1.0,0,0,1-25,0
2294,jobma,,,0,,1,2020-01-09,1,0,1,2,1,100,1.0,1.0,1.0,0,0,1-25,0
2295,jobma,,,0,,1,2020-01-09,1,0,1,2,1,100,1.0,1.0,1.0,0,0,1-25,0
2296,jobma,,,0,,0,2020-01-09,1,0,1,1,0,100,1.0,1.0,1.0,0,0,1-25,0
2297,ssi,,,0,,1,2020-01-10,1,1,1,2,3,100,1.0,1.0,1.0,0,0,1-25,0
2298,ssi,,,0,,0,2020-01-10,1,0,1,1,0,100,1.0,1.0,1.0,0,0,1-25,0
2299,ssi,,,0,,0,2020-01-10,1,0,1,1,0,100,1.0,1.0,1.0,0,0,1-25,0
2300,ssi,,,0,,0,2020-01-10,1,0,1,1,0,100,1.0,1.0,1.0,0,0,1-25,0
2301,ssi,,,0,,1,2020-01-10,1,0,1,2,1,100,1.0,1.0,1.0,0,0,1-25,0
2302,sfffsf,,72,0,,1,2020-01-10,1,0,1,2,1,12000,1.5,1.5,1.0,1,0,1-25,0
2303,ssi,,,0,,1,2020-01-10,1,0,1,2,1,100,1.0,1.0,1.0,0,0,1-25,0
2304,ssi,,,0,,1,2020-01-10,1,0,1,2,1,12000,1.5,1.5,1.0,1,0,1-25,0
2305,jobma,,,0,,1,2020-01-10,1,0,1,2,1,100,1.0,1.0,1.0,0,0,1-25,0
2306,ssi,,,0,,1,2020-01-10,1,0,1,2,1,100,1.0,1.0,1.0,0,0,1-25,0
2307,ssi,,,0,,1,2020-01-10,1,0,1,2,1,100,1.0,1.0,1.0,0,0,1-25,0
2308,ssi,,,0,,1,2020-01-10,1,0,1,2,1,100,1.0,1.0,1.0,0,0,1-25,0
2309,Jobma,,,0,,1,2020-01-10,1,0,1,2,1,100,1.0,1.0,1.0,0,0,1-25,0
2310,JOBMA,,,0,,1,2020-01-10,1,1,1,2,3,100,1.0,1.0,1.0,0,0,1-25,0
2311,Jobma,,,0,,1,2020-01-12,1,1,1,2,2,100,1.0,1.0,1.0,0,0,1-25,0
2312,ssi,,,0,,0,2020-01-13,1,0,1,1,0,100,1.0,1.0,1.0,0,0,26-100,0
2313,Jobma,,,0,,1,2020-01-13,1,0,1,2,1,100,1.0,1.0,1.0,0,0,1-25,0
2314,JJ,,,0,,1,2020-01-13,1,0,1,2,1,12000,1.33,1.33,1.0,1,0,1-25,0
2315,Jobma,,,0,,0,2020-01-13,1,0,1,2,1,12000,1.5,1.5,1.0,1,0,1-25,0
2316,ssi,,1,0,,1,2020-01-21,1,0,1,2,1,100,1.0,1.0,1.0,0,0,26-100,0
2317,SSI,,101,0,,1,2020-01-21,1,1,1,2,3,100,1.0,1.0,1.0,0,0,26-100,0
2318,Jobma,,"2,73,74",0,,1,2020-01-21,1,0,1,2,1,10000,1.33,1.33,1.0,1,0,26-100,0
2319,Test,,72,0,,1,2020-01-21,1,0,1,2,1,10000,50.0,50.0,1.0,1,0,26-100,0
2320,ssi,,73,0,,1,2020-01-21,1,0,1,2,1,10000,1.33,1.33,1.0,1,0,26-100,0
2321,ramesh,,74,0,,1,2020-01-21,1,1,1,2,2,10000,1.33,1.33,1.0,1,0,500-1000,0
2322,ssi,,72,0,,1,2020-01-21,1,0,1,2,1,100,1.0,1.0,1.0,0,0,1-25,0
2323,ssi,,73,0,,1,2020-01-21,1,0,1,2,1,100,1.0,1.0,1.0,0,0,1-25,0
2324,Rahul,,51,0,,1,2020-01-21,1,1,1,2,4,100,1.0,1.0,1.0,0,0,26-100,0
2325,Jobma,,"2,4",0,,1,2020-01-22,1,1,1,2,2,10000,3.0,3.0,1.0,1,0,26-100,0
2326,ssi,,72,0,,1,2020-01-22,1,1,1,2,2,10000,3.0,3.0,1.0,1,0,1-25,0
2327,cisco,,85,0,,1,2020-01-22,1,1,1,2,2,10000,15.0,15.0,1.0,1,0,101-500,0
2328,ssi,,,0,,0,2020-01-22,1,0,1,1,0,100,1.0,1.0,1.0,0,0,1-25,0
2329,ssi,,,0,,0,2020-01-22,1,0,1,1,0,100,1.0,1.0,1.0,0,0,26-100,0
2330,New York,,124,0,,1,2020-01-22,1,0,1,2,1,100,1.0,1.0,1.0,0,0,26-100,0
2331,newagri,,74,0,,1,2020-01-22,1,1,1,2,3,10000,15.0,15.0,1.0,1,0,26-100,0
2332,ssi,,2,0,,1,2020-01-22,1,0,1,2,1,10000,15.0,15.0,1.0,1,0,101-500,0
2333,ssi,,,0,,0,2020-01-22,1,0,1,1,0,100,1.0,1.0,1.0,0,0,101-500,0
2334,Achme,,73,0,1,0,2020-01-22,1,1,1,1,999,100,2.0,3.0,1.0,0,0,101-500,0
2335,ad services,,73,0,2,1,2020-01-22,1,1,1,1,10,10000,1.0,1.0,1.0,0,0,26-100,0
2336,ssi,,2,0,,1,2020-01-22,1,1,1,2,2,10000,15.0,15.0,1.0,1,0,26-100,0
2337,ssi,,72,0,,1,2020-01-22,1,0,1,2,1,10000,3.0,3.0,1.0,1,0,26-100,0
2338,sdgg,,1,0,,1,2020-01-23,1,0,1,2,1,10000,15.0,15.0,1.0,1,0,1-25,0
2339,sdfsdfsdf,,3,0,,1,2020-01-23,1,1,1,2,3,100,1.0,1.0,1.0,0,0,26-100,0
2340,ssi,,2,0,,1,2020-01-23,1,1,1,2,2,10000,3.0,3.0,1.0,1,0,1-25,0
2341,ssi,,"2,4,7",0,,1,2020-01-23,1,1,1,2,2,100,1.0,1.0,1.0,0,0,26-100,0
2342,Jobma,,2,0,,1,2020-01-23,1,0,1,2,1,10000,15.0,15.0,1.0,1,0,26-100,0
2343,dxfg,,2,0,,1,2020-01-23,1,1,1,2,3,10000,3.0,3.0,1.0,1,0,1-25,0
2344,dxfg,,,0,,0,2020-01-23,1,0,1,1,0,100,1.0,1.0,1.0,0,0,1-25,0
2345,dxfg,,3,0,,1,2020-01-23,1,1,1,2,2,100,1.0,1.0,1.0,0,0,26-100,0
2346,Jobma,,"2,4",0,,1,2020-01-23,1,0,1,2,1,10000,15.0,15.0,1.0,1,0,26-100,0
2347,Indian Employer,,74,0,,1,2020-01-23,1,1,1,2,2,10000,15.0,15.0,1.0,1,0,26-100,0
2348,dxfg,,3,0,,1,2020-01-23,1,1,1,2,3,10000,15.0,15.0,1.0,1,0,26-100,0
2349,Jobma,,3,0,,1,2020-01-23,1,0,1,2,1,100,1.0,1.0,1.0,0,0,26-100,0
2350,dxfg,,,0,,0,2020-01-23,1,0,1,1,0,100,1.0,1.0,1.0,0,0,26-100,0
2351,dxfg,,,0,,0,2020-01-23,1,0,1,1,0,100,1.0,1.0,1.0,0,0,26-100,0
2352,dxfg,,,0,,0,2020-01-23,1,0,1,1,0,100,1.0,1.0,1.0,0,0,26-100,0
2353,dxfg,,,0,,0,2020-01-23,1,0,1,1,0,100,1.0,1.0,1.0,0,0,26-100,0
2354,ssdsdfdsf,,2,0,,1,2020-01-23,1,1,1,2,4,10000,3.0,3.0,1.0,1,0,26-100,0
2355,sdfsdfdsf,,3,0,,1,2020-01-23,1,1,1,2,4,100,1.0,1.0,1.0,0,0,26-100,0
2356,SSI,,3,0,,1,2020-01-23,1,1,1,2,13,100,1.0,1.0,1.0,0,0,26-100,0
2357,Select Source,,73,0,,1,2020-01-23,1,0,1,2,1,10000,15.0,15.0,1.0,1,0,26-100,0
2358,Jobma,,"73,74",0,,1,2020-01-23,1,0,1,2,1,10000,16.0,16.0,1.0,1,0,26-100,0
2359,Jobma,,"72,74",0,,1,2020-01-24,1,0,1,2,1,10000,50.0,50.0,1.0,1,0,26-100,0
2360,SSI,,23,0,,1,2020-01-24,1,1,1,2,4,10000,15.0,15.0,1.0,1,0,26-100,0
2361,Jobma,,"2,4",0,,1,2020-01-24,1,0,1,2,1,10000,15.0,15.0,1.0,1,0,26-100,0
2362,SSI,,"2,3",0,,1,2020-01-24,1,1,1,2,2,10000,15.0,15.0,1.0,1,0,26-100,0
2363,Jobma,,"3,4",0,,1,2020-01-24,1,1,1,2,12,100,1.0,1.0,1.0,0,0,500-1000,0
2364,SSI,,,0,,0,2020-01-24,1,0,1,1,0,100,1.0,1.0,1.0,0,0,26-100,0
2365,samsung,,51,0,,1,2020-01-24,1,0,1,2,1,10000,15.0,15.0,1.0,1,0,101-500,0
2366,ssi,,72,0,,1,2020-01-24,1,0,1,2,1,10000,50.0,50.0,1.0,1,0,26-100,0
2367,SSI,,1,0,,1,2020-01-24,1,1,1,2,5,100,1.0,1.0,1.0,0,0,26-100,0
2368,ssi,,1,0,,1,2020-01-24,1,1,1,2,5,100,1.0,1.0,1.0,0,0,26-100,0
2369,ssi,,3,0,,1,2020-01-24,1,1,1,2,9,100,1.0,1.0,1.0,0,0,26-100,0
2370,ssi,,3,0,,1,2020-01-24,1,1,1,2,9,10000,2.0,2.0,1.0,1,0,26-100,0
2371,ssi,,3,0,,1,2020-01-24,1,1,1,2,9,10000,2.0,2.0,1.0,1,0,101-500,0
2372,ssi,,3,0,,1,2020-01-24,1,1,1,2,9,10000,15.0,15.0,1.0,1,0,26-100,0
2373,ssi,,,0,,0,2020-01-27,1,0,1,1,0,100,1.0,1.0,1.0,0,0,26-100,0
2388,ssi,,"1,3,4",0,,1,2020-01-28,1,1,1,2,11,100,1.0,1.0,1.0,0,0,26-100,0
2391,456789,,"1,72,2",0,,1,2020-01-28,1,0,1,2,1,100,1.0,1.0,1.0,0,0,1-25,0
2392,ssi,,"1,2",0,,1,2020-01-28,1,1,1,2,4,100,1.0,1.0,1.0,0,0,1-25,0
2393,ssi,,,0,,0,2020-01-28,1,0,1,1,0,100,1.0,1.0,1.0,0,0,1-25,0
2394,ssi,,"1,2",0,,1,2020-01-28,1,1,1,2,3,10000,15.0,15.0,1.0,1,0,26-100,0
2395,ssi,,,0,,0,2020-01-28,1,0,1,1,0,100,1.0,1.0,1.0,0,0,26-100,0
2396,ssi,,1,0,,1,2020-01-28,1,0,1,2,1,100,1.0,1.0,1.0,0,0,26-100,0
2397,sai,,72,0,,1,2020-01-28,1,1,1,2,2,10000,15.0,15.0,1.0,1,0,1-25,0
2398,ssi,,,0,,0,2020-01-28,1,0,1,1,0,100,1.0,1.0,1.0,0,0,26-100,0
2399,ssi,,,0,,0,2020-01-28,1,0,1,1,0,100,1.0,1.0,1.0,0,0,26-100,0
2400,gfh,,2,0,,1,2020-01-28,1,0,1,2,1,100,1.0,1.0,1.0,0,0,26-100,0
2403,sssi,,2,0,,1,2020-01-30,1,0,1,1,1,10000,7.0,2.0,1.0,1,0,26-100,0
2404,ert,,2,0,,1,2020-01-30,1,1,1,2,2,100,1.0,1.0,1.0,0,0,1-25,0
2405,ssi,,4,0,,1,2020-01-30,1,1,1,2,2,100,1.0,1.0,1.0,0,0,26-100,0
2407,ssi,,"2,4",0,,1,2020-01-30,1,1,1,2,11,100,1.0,1.0,1.0,0,0,26-100,0
2408,sssi,,,0,,0,2020-01-30,1,0,1,1,0,100,1.0,1.0,1.0,0,0,26-100,0
2409,fghfg,,2,0,,1,2020-01-30,1,1,1,2,2,10000,1.0,1.0,1.0,1,0,26-100,0
2410,ssi,,"2,4",0,,1,2020-01-30,1,1,1,2,11,10000,15.0,15.0,1.0,1,0,1-25,0
2411,sdfs,,2,0,,1,2020-01-30,1,0,1,1,1,10000,50.0,50.0,1.0,1,0,26-100,0
2412,ssi,,72,0,,1,2020-01-31,1,1,1,2,11,100,1.0,1.0,1.0,0,0,26-100,0
2413,Jobma,,"2,74",0,,1,2020-01-31,1,0,1,2,1,100,1.0,1.0,1.0,0,0,26-100,0
2414,dfg,,2,0,,1,2020-01-31,1,0,1,2,1,100,1.0,1.0,1.0,0,0,1-25,0
2415,ssi,,"72,2,73",0,,1,2020-01-31,1,0,1,2,1,10000,15.0,15.0,1.0,1,0,26-100,0
2416,ssi,,,0,,0,2020-01-31,1,0,1,1,0,100,1.0,1.0,1.0,0,0,26-100,0
2417,ssi,,,0,,0,2020-01-31,1,0,1,1,0,100,1.0,1.0,1.0,0,0,26-100,0
2418,ssi,,,0,,0,2020-01-31,1,1,1,1,1,100,1.0,1.0,1.0,0,0,26-100,0
2419,ssi,,"1,2",0,,1,2020-01-31,1,0,1,2,1,10000,0.67,0.67,1.0,1,0,26-100,0
2420,GlowUp,,79,0,,1,2020-02-02,1,0,1,2,1,10000,15.0,15.0,1.0,1,0,101-500,0
2421,dfds,,72,0,,1,2020-02-02,1,0,1,2,1,10000,15.0,15.0,1.0,1,0,26-100,0
2422,gjy,,2,0,,1,2020-02-02,1,0,1,2,1,10000,15.0,15.0,1.0,1,0,1-25,0
2423,dfds,,,0,,0,2020-02-03,1,0,1,1,0,100,1.0,1.0,1.0,0,0,26-100,0
2424,sdfvsdf,,72,0,,1,2020-02-03,1,0,1,1,1,100,1.0,1.0,1.0,0,0,1-25,0
2425,Aerocraft,,73,0,,1,2020-02-03,1,0,1,2,1,10000,0.0,0.0,1.0,1,0,1-25,0
2426,Adme,,72,0,,1,2020-02-03,1,0,1,2,1,10000,0.0,0.0,1.0,1,0,1-25,0
2427,dgfh,,1,0,,1,2020-02-03,1,0,1,2,1,10000,0.0,0.0,1.0,1,0,1-25,0
2428,dgfh,,,0,,0,2020-02-03,1,0,1,1,0,100,1.0,1.0,1.0,0,0,1-25,0
2429,abc,,72,0,,1,2020-02-03,1,0,1,2,1,10000,0.0,0.0,1.0,1,0,1-25,0
2430,gfddf,,2,0,,1,2020-02-03,1,0,1,2,1,10000,0.0,0.0,1.0,1,0,26-100,0
2431,gfddf,,,0,,0,2020-02-03,1,0,1,1,0,100,1.0,1.0,1.0,0,0,1-25,0
2432,ssi,,2,0,,1,2020-02-03,1,1,1,2,9,100,1.0,1.0,1.0,0,0,1-25,0
2433,ssi,,,0,,0,2020-02-03,1,0,1,1,0,100,1.0,1.0,1.0,0,0,1-25,0
2434,ssi,,,0,,0,2020-02-03,1,0,1,1,0,100,1.0,1.0,1.0,0,0,1-25,0
2435,ssi,,"1,2,3",0,,1,2020-02-03,1,1,1,2,3,100,1.0,1.0,1.0,0,0,1-25,0
2436,ssi,,2,0,,1,2020-02-03,1,1,1,2,15,10000,15.0,15.0,1.0,1,0,1-25,0
2437,SSI,,3,0,,1,2020-02-03,1,1,1,2,3,100,1.0,1.0,1.0,0,0,500-1000,0
2438,zzz,,3,0,,1,2020-02-03,1,1,1,2,3,100,1.0,1.0,1.0,0,0,26-100,0
2439,ssi,,"1,2,3",0,,1,2020-02-04,1,1,1,2,3,100,1.0,1.0,1.0,0,0,1-25,0
2440,ssi,,"1,2",0,,1,2020-02-04,1,1,1,2,4,100,1.0,1.0,1.0,0,0,26-100,0
2441,StartFresh,,89,0,,1,2020-02-04,1,1,1,2,3,100,1.0,1.0,1.0,0,0,1-25,0
2442,Abhi Nahi to Kabhi Nahi,,65,0,,1,2020-02-04,1,1,1,2,3,100,1.0,1.0,1.0,0,0,26-100,0
2443,arnav ltd,,2,0,,1,2020-02-04,1,1,1,2,2,10000,15.0,15.0,1.0,1,0,26-100,0
2444,JOBMA,,"73,74",0,,1,2020-02-04,1,0,1,2,1,10000,0.0,0.0,1.0,1,0,101-500,0
2445,AT&T,,73,0,,1,2020-02-04,1,1,1,2,3,100,1.0,1.0,1.0,0,0,26-100,0
2446,ssi,,"1,72,2",0,,0,2020-02-04,1,1,1,2,4,10000,0.0,0.0,1.0,1,0,1-25,0
2447,ssi,,,0,,0,2020-02-04,1,0,1,1,0,100,1.0,1.0,1.0,0,0,1-25,0
2448,ssi,,,0,,0,2020-02-04,1,0,1,1,0,100,1.0,1.0,1.0,0,0,1-25,0
2449,AT&T,,,0,,0,2020-02-05,1,0,1,1,0,100,1.0,1.0,1.0,0,0,26-100,0
2450,ssi,,"1,2,73",0,,1,2020-02-05,1,0,1,2,1,100,1.0,1.0,1.0,0,0,26-100,0
2451,ssi,,"1,72,2",0,1,1,2020-02-05,1,1,1,2,15,100,1.0,1.0,1.0,0,0,1-25,0
2452,ssi,,,0,1,1,2020-02-05,1,0,1,1,0,100,1.0,1.0,1.0,0,0,1-25,0
2453,ssi,,,0,1,1,2020-02-05,1,0,1,1,0,100,1.0,1.0,1.0,0,0,1-25,0
2454,ssi,,,0,1,1,2020-02-05,1,0,1,1,0,100,1.0,1.0,1.0,0,0,1-25,0
2455,AT&T,,,0,,0,2020-02-05,1,0,1,1,0,100,1.0,1.0,1.0,0,0,26-100,0
2456,ssi,,,0,1,1,2020-02-05,1,0,1,1,0,100,1.0,1.0,1.0,0,0,1-25,0
2457,ssi,,,0,1,1,2020-02-05,1,0,1,1,0,100,1.0,1.0,1.0,0,0,1-25,0
2458,ssi,,,0,1,1,2020-02-05,1,0,1,1,0,100,1.0,1.0,1.0,0,0,1-25,0
2459,ssi,,,0,1,1,2020-02-05,1,0,1,1,0,100,1.0,1.0,1.0,0,0,1-25,0
2460,ssi,,,0,1,1,2020-02-05,1,0,1,1,0,100,1.0,1.0,1.0,0,0,1-25,0
2461,ssi,,,0,1,1,2020-02-05,1,0,1,1,0,100,1.0,1.0,1.0,0,0,1-25,0
2462,ssi,,,0,,0,2020-02-05,1,0,1,1,0,100,1.0,1.0,1.0,0,0,1-25,0
2463,ssi,,,0,,0,2020-02-05,1,0,1,1,0,100,1.0,1.0,1.0,0,0,1-25,0
2464,ssi,,"1,2,4",0,,1,2020-02-05,1,1,1,2,3,500,15.0,15.0,1.0,1,0,1-25,0
2465,ssi,,,0,,0,2020-02-05,1,0,1,1,0,100,1.0,1.0,1.0,0,0,1-25,0
2466,ssi,,,0,,0,2020-02-05,1,0,1,1,0,100,1.0,1.0,1.0,0,0,1-25,0
2467,ssi,,,0,,0,2020-02-05,1,0,1,1,0,100,1.0,1.0,1.0,0,0,1-25,0
2468,ssi,,"1,2,3",0,,1,2020-02-06,1,1,1,2,5,500,15.0,15.0,1.0,1,0,26-100,0
2469,ssi,,,0,,0,2020-02-06,1,0,1,1,0,100,1.0,1.0,1.0,0,0,26-100,0
2470,ssi,,,0,,0,2020-02-06,1,0,1,1,0,100,1.0,1.0,1.0,0,0,26-100,0
2471,ssi,,,0,,0,2020-02-06,1,0,1,1,0,100,1.0,1.0,1.0,0,0,26-100,0
2472,ssi,,,0,,0,2020-02-06,1,0,1,1,0,100,1.0,1.0,1.0,0,0,26-100,0
2473,ssi,,"1,2,3",0,,1,2020-02-06,1,0,1,2,1,100,1.0,1.0,1.0,0,0,1-25,0
2474,ssi,,,0,,0,2020-02-06,1,0,1,1,0,100,1.0,1.0,1.0,0,0,1-25,0
2475,fgfg,,2,0,,1,2020-02-06,1,1,1,2,11,500,15.0,15.0,1.0,1,0,1-25,0
2476,fgnhfghfg,,4,0,,1,2020-02-06,1,1,1,2,17,500,15.0,15.0,1.0,1,0,26-100,0
2477,dgfdfg,,2,0,,1,2020-02-06,1,1,1,2,5,500,15.0,15.0,1.0,1,0,26-100,0
2478,gdfdfg,,2,0,,1,2020-02-06,1,1,1,2,5,100,1.0,1.0,1.0,0,0,26-100,0
2479,jfgjf,,7,0,,1,2020-02-06,1,1,1,2,9,500,15.0,15.0,1.0,1,0,1-25,0
2480,ssi,,1,0,,1,2020-02-06,1,1,1,2,7,100,1.0,1.0,1.0,0,0,26-100,0
2481,ssi,,"1,3,4",0,,1,2020-02-06,1,1,1,2,3,500,15.0,15.0,1.0,1,0,26-100,0
2482,ssi,,1,0,,1,2020-02-06,1,1,1,2,13,500,15.0,15.0,1.0,1,0,1-25,0
2483,ssi,,"1,72",0,,1,2020-02-06,1,1,1,2,2,500,0.0,0.0,1.0,1,0,1-25,0
2484,ssi,,"1,72,2",0,,1,2020-02-07,1,0,1,2,1,500,0.0,0.0,1.0,1,0,1-25,0
2485,rese,,2,0,,1,2020-02-11,1,0,1,2,1,500,0.0,0.0,1.0,1,0,1-25,0
2486,ssi,,"1,2,73",0,,1,2020-02-11,1,1,1,2,2,100,1.0,1.0,1.0,0,0,26-100,0
2487,ssi,,,0,,0,2020-02-11,1,0,1,1,0,100,1.0,1.0,1.0,0,0,26-100,0
2488,ssi,,,0,,0,2020-02-12,1,0,1,1,0,100,1.0,1.0,1.0,0,0,1-25,0
2489,ssi,,,0,,0,2020-02-12,1,0,1,1,0,100,1.0,1.0,1.0,0,0,1-25,0
2490,ssi,,,0,,0,2020-02-12,1,0,1,1,0,100,1.0,1.0,1.0,0,0,1-25,0
2491,ssi,,,0,,0,2020-02-12,1,0,1,1,0,100,1.0,1.0,1.0,0,0,1-25,0
2492,ssi,,72,0,,1,2020-02-12,1,0,1,2,1,100,1.0,1.0,1.0,0,0,26-100,0
2493,Jobma,,"73,74",0,,1,2020-02-12,1,0,1,2,1,80,0.1,0.1,1.0,1,0,26-100,0
2494,Jobma,,3,0,,1,2020-02-12,1,1,1,2,2,100,1.0,1.0,1.0,0,0,1-25,0
2495,ssi,,72,0,,1,2020-02-12,1,0,1,2,1,80,0.0,0.0,1.0,1,0,1-25,0
2496,ssi,,73,0,,1,2020-02-12,1,1,1,2,3,80,0.1,0.1,1.0,1,0,26-100,0
2497,ssi,,,0,,0,2020-02-12,1,0,1,1,0,100,1.0,1.0,1.0,0,0,26-100,0
2498,StartupEco,,7,0,,1,2020-02-12,1,1,1,2,2,100,1.0,1.0,1.0,0,0,26-100,0
2499,ssi,,"3,4",0,,1,2020-02-12,1,1,1,2,2,80,15.0,15.0,1.0,1,0,1-25,0
2500,Ecohouse,,3,0,,1,2020-02-13,1,1,1,2,2,80,15.0,15.0,1.0,1,0,26-100,0
2501,Jobma,,"73,74",0,,1,2020-02-13,1,0,1,2,1,100,1.0,1.0,1.0,0,0,101-500,0
2502,ssi,,"1,2,73",0,,1,2020-02-13,1,0,1,2,1,80,15.0,15.0,1.0,1,0,26-100,0
2503,ssi,,"1,3,4",0,,1,2020-02-14,1,1,1,2,2,80,15.0,15.0,1.0,1,0,1-25,0
2504,ssi,,1,0,,1,2020-02-14,1,0,1,2,1,80,15.0,15.0,1.0,1,0,1-25,0
2505,ssi,,1,0,,1,2020-02-14,1,1,1,2,2,80,15.0,15.0,1.0,1,0,1-25,0
2506,JOBMA,,"4,7",0,,1,2020-02-14,1,0,1,2,1,80,15.0,15.0,1.0,1,0,101-500,0
2507,Jobma,,3,0,,1,2020-02-14,1,0,1,2,1,100,1.0,1.0,1.0,0,0,26-100,0
2508,Jobma,,"3,4",0,,1,2020-02-14,1,0,1,2,1,80,15.0,15.0,1.0,1,0,26-100,0
2509,ssi,,2,0,,1,2020-02-14,1,1,1,2,2,100,1.0,1.0,1.0,0,0,1-25,0
2510,ssi,,3,0,,1,2020-02-14,1,1,1,2,3,100,1.0,1.0,1.0,0,0,1-25,0
2511,ssi,,72,0,,1,2020-02-14,1,0,1,2,1,100,1.0,1.0,1.0,0,0,26-100,0
2512,fsfsfsf,,,0,,1,2020-02-14,1,0,1,2,1,100,1.0,1.0,1.0,0,0,1-25,0
2513,ssi,,4,0,,1,2020-02-14,1,1,1,2,3,100,1.0,1.0,1.0,0,0,26-100,0
2514,ssi,,3,0,,1,2020-02-14,1,1,1,2,2,100,1.0,1.0,1.0,0,0,26-100,0
2515,gfhgf,,1,0,,1,2020-02-14,1,1,1,2,3,100,1.0,1.0,1.0,0,0,26-100,0
2516,nik,,3,0,,1,2020-02-14,1,1,1,2,3,100,1.0,1.0,1.0,0,0,26-100,0
2517,SSI,,73,0,,1,2020-02-17,1,0,1,2,1,80,15.0,15.0,1.0,1,0,101-500,0
2518,SSI,,2,0,,1,2020-02-17,1,1,1,2,2,80,16.0,16.0,1.0,1,0,101-500,0
2519,SSI,,3,0,,1,2020-02-17,1,0,1,2,1,80,50.0,50.0,1.0,1,0,26-100,0
2520,SSI,,73,0,,1,2020-02-17,1,0,1,2,1,100,1.0,1.0,1.0,0,0,500-1000,0
2521,JOBMA,,"2,74",0,,1,2020-02-17,1,0,1,2,1,100,1.0,1.0,1.0,0,0,26-100,0
2522,DDI,,73,0,,1,2020-02-18,1,0,1,2,1,100,1.0,1.0,1.0,0,0,500-1000,0
2523,SSI,,2,0,,1,2020-02-18,1,1,1,2,5,100,1.0,1.0,1.0,0,0,26-100,0
2524,ssi,,"1,2,73",0,,1,2020-02-18,1,0,1,2,1,80,15.0,15.0,1.0,1,0,26-100,0
2525,ssi,,"1,2,73",0,,1,2020-02-18,1,0,1,2,1,80,16.0,16.0,1.0,1,0,101-500,0
2526,ssi,,"72,73",0,,1,2020-02-18,1,0,1,2,1,80,0.1,0.1,1.0,1,0,26-100,0
2527,Jobma,,"73,74",0,,1,2020-02-18,1,0,1,2,1,100,1.0,1.0,1.0,0,0,26-100,0
2528,ssi,,,0,,0,2020-02-18,1,0,1,1,0,100,1.0,1.0,1.0,0,0,101-500,0
2529,Jobma,,"2,74",0,,1,2020-02-18,1,0,1,2,1,100,1.0,1.0,1.0,0,0,500-1000,0
2530,Jobma,,"4,7",0,,1,2020-02-18,1,0,1,2,1,100,1.0,1.0,1.0,0,0,26-100,0
2531,Jobma,,"3,4",0,,1,2020-02-18,1,0,1,2,1,100,1.0,1.0,1.0,0,0,101-500,0
2532,SSI,,"2,73",0,,1,2020-02-18,1,0,1,2,1,100,1.0,1.0,1.0,0,0,101-500,0
2533,SSI,,"73,74",0,,1,2020-02-18,1,0,1,2,1,100,1.0,1.0,1.0,0,0,101-500,0
2534,sdf,,2,0,,1,2020-02-18,1,1,1,2,31,80,1.0,1.0,1.0,1,0,1-25,0
2535,SSI,,2,0,,1,2020-02-18,1,0,1,2,1,100,1.0,1.0,1.0,0,0,26-100,0
2536,SSi,,"2,74",0,,1,2020-02-18,1,0,1,2,1,100,1.0,1.0,1.0,0,0,101-500,0
2537,SSI,,2,0,,1,2020-02-19,1,0,1,2,1,100,1.0,1.0,1.0,0,0,26-100,0
2538,ssi,,"1,72,2",0,,1,2020-02-19,1,0,1,2,1,80,0.0,0.0,1.0,1,0,26-100,0
2539,ssi,,2,0,,1,2020-02-19,1,1,1,2,3,80,1.0,1.0,1.0,1,0,1-25,0
2540,Jobma,,"2,74",0,,1,2020-02-19,1,0,1,2,1,100,1.0,1.0,1.0,0,0,101-500,0
2541,ssi,,3,0,,1,2020-02-19,1,0,1,2,1,80,1.0,1.0,1.0,1,0,1-25,0
2542,ssi,,"2,3",0,,1,2020-02-19,1,1,1,2,2,80,15.0,15.0,1.0,1,0,26-100,0
2544,SSI,,2,4,,1,2020-02-19,1,0,1,2,1,100,1.0,1.0,1.0,0,0,1-25,0
2546,JazzHr-demio,,73,1,,1,2020-02-19,1,0,1,1,1,100,1.0,1.0,1.0,0,0,1-25,0
2549,sdf,,,0,,0,2020-02-19,1,0,1,1,0,100,1.0,1.0,1.0,0,0,1-25,0
2550,adv,,2,0,,1,2020-02-19,1,0,1,2,1,80,16.0,16.0,1.0,1,0,1-25,0
2551,ssi,,2,0,,1,2020-02-19,1,1,1,1,2,100,1.0,1.0,1.0,0,0,101-500,0
2552,ssi,,,0,,0,2020-02-20,1,0,1,1,0,100,1.0,1.0,1.0,0,0,101-500,0
2553,ssi,,73,0,,1,2020-02-20,1,0,1,2,1,80,16.0,16.0,1.0,1,0,101-500,0
2554,ssi,,3,0,,-1,2020-02-20,1,1,1,2,13,80,1.22,1.22,1.0,1,0,26-100,0
2556,ssi,,,0,1,1,2020-02-20,1,0,1,1,0,100,1.0,1.0,1.0,0,0,1-25,0
2557,ssi,,,0,1,1,2020-02-20,1,0,1,1,0,100,1.0,1.0,1.0,0,0,1-25,0
2558,ssi,,2,0,,1,2020-02-21,1,1,1,2,3,100,1.0,1.0,1.0,0,0,26-100,0
2559,ssi,,7,0,,1,2020-02-21,1,1,1,2,2,100,1.0,1.0,1.0,0,0,1-25,0
2560,AAA,,"72,74",0,,1,2020-02-21,1,0,1,2,1,60,15.0,15.0,1.0,1,0,1-25,0
2561,xyz,,73,0,,1,2020-02-22,1,0,1,1,1,60,15.0,15.0,1.0,1,0,1-25,0
2562,ghfgh,,3,0,,1,2020-02-24,1,1,1,2,3,60,0.67,0.67,1.0,1,0,26-100,0
2563,Eco,,"2,73,74",0,,1,2020-02-24,1,0,1,2,1,60,16.0,16.0,1.0,1,0,26-100,0
2564,StartupEco,,"72,73,78",0,,1,2020-02-24,1,0,1,2,1,60,0.1,0.1,1.0,1,0,1-25,0
2565,StartupEco,,"2,73,74",0,,1,2020-02-24,1,0,1,2,1,60,0.1,0.1,1.0,1,0,101-500,0
2566,cvbcvnbc,,4,0,,1,2020-02-24,1,1,1,2,3,100,1.0,1.0,1.0,0,0,26-100,0
2567,hgfghf,,2,0,,1,2020-02-24,1,1,1,1,14,100,1.0,1.0,1.0,0,0,26-100,0
2568,ghjghj,,4,0,,1,2020-02-24,1,1,1,2,3,60,15.0,15.0,1.0,1,0,26-100,0
2569,sfd,,73,0,,1,2020-02-24,1,1,1,2,5,60,0.67,0.67,1.0,1,0,1-25,0
2570,ssi,,"2,4,7",0,,1,2020-02-24,1,1,1,2,2,60,2.0,2.0,1.0,1,0,26-100,0
2571,hfgh,,74,0,,1,2020-02-24,1,0,1,2,1,100,1.0,1.0,1.0,0,0,26-100,0
2572,ssi,,,0,,0,2020-02-24,1,0,1,1,0,100,1.0,1.0,1.0,0,0,26-100,0
2573,ssi,,,0,,0,2020-02-24,1,0,1,1,0,100,1.0,1.0,1.0,0,0,26-100,0
2574,hfgh,,,0,,0,2020-02-24,1,0,1,1,0,100,1.0,1.0,1.0,0,0,26-100,0
2575,Eco,,73,0,,1,2020-02-24,1,0,1,2,1,60,15.0,15.0,1.0,1,0,26-100,0
2576,Eco,,2,0,,1,2020-02-24,1,0,1,2,1,60,16.0,16.0,1.0,1,0,26-100,0
2577,hfgh,,4,0,,1,2020-02-24,1,1,1,2,4,60,15.0,15.0,1.0,1,0,101-500,0
2578,hfgh,,4,0,,1,2020-02-24,1,1,1,2,4,100,1.0,1.0,1.0,0,0,26-100,0
2579,Jobma,,73,0,,-1,2020-02-24,1,0,1,2,1,100,1.0,1.0,1.0,0,0,26-100,0
2580,Jobma,,73,0,,1,2020-02-24,1,0,1,2,1,100,1.0,1.0,1.0,0,0,26-100,0
2581,dfg,,2,0,,1,2020-02-24,1,1,1,2,2,60,0.67,0.67,1.0,1,0,26-100,0
2582,Jobma,,"73,74",0,,1,2020-02-24,1,0,1,2,1,100,1.0,1.0,1.0,0,0,26-100,0
2583,hfgh,,7,0,,1,2020-02-24,1,1,1,2,4,60,15.0,15.0,1.0,1,0,1-25,0
2584,Eco,,73,0,,1,2020-02-24,1,0,1,2,1,60,16.0,16.0,1.0,1,0,26-100,0
2585,hfgh,,3,0,,1,2020-02-24,1,0,1,2,1,100,1.0,1.0,1.0,0,0,1-25,0
2586,hfgh,,3,0,,1,2020-02-24,1,1,1,2,3,100,1.0,1.0,1.0,0,0,26-100,0
2587,ssi,,1,0,,0,2020-02-24,1,1,1,2,2,100,1.0,1.0,1.0,0,0,26-100,0
2588,fghfg,,73,0,,1,2020-02-24,1,0,1,2,1,100,1.0,1.0,1.0,0,0,26-100,0
2589,thfg,,4,0,,1,2020-02-25,1,1,1,2,3,60,15.0,15.0,1.0,1,0,26-100,0
2590,scdf,,3,0,,1,2020-02-25,1,1,1,2,3,100,1.0,1.0,1.0,0,0,26-100,0
2591,Gymo,,4,0,,1,2020-02-25,1,1,1,2,3,60,15.0,15.0,1.0,1,0,101-500,0
2592,ssi,,,0,1,1,2020-02-25,1,0,1,1,0,100,1.0,1.0,1.0,0,0,1-25,0
2593,ssi,,,0,1,1,2020-02-25,1,0,1,1,0,100,1.0,1.0,1.0,0,0,1-25,0
2594,Gymo,,,0,,0,2020-02-25,1,0,1,1,0,100,1.0,1.0,1.0,0,0,101-500,0
2595,ssi,,"1,72,2",0,,1,2020-02-25,1,1,1,2,2,60,15.0,15.0,1.0,1,0,26-100,0
2596,ssi,,,0,,0,2020-02-25,1,0,1,1,0,100,1.0,1.0,1.0,0,0,26-100,0
2597,ssi,,,0,,0,2020-02-25,1,0,1,1,0,100,1.0,1.0,1.0,0,0,26-100,0
2598,hgfghf,,,0,,0,2020-02-25,1,0,1,1,0,100,1.0,1.0,1.0,0,0,26-100,0
2599,456,,72,0,,1,2020-02-25,1,1,1,2,2,100,1.0,1.0,1.0,0,0,26-100,0
2600,456,,,0,,0,2020-02-25,1,0,1,1,0,100,1.0,1.0,1.0,0,0,26-100,0
2601,ghf,,4,0,,1,2020-02-25,1,1,1,2,2,60,15.0,15.0,1.0,1,0,1-25,0
2602,vfdv,,3,0,,1,2020-02-25,1,1,1,2,2,60,15.0,15.0,1.0,1,0,101-500,0
2603,hjbjhb,,4,0,,1,2020-02-25,1,1,1,2,4,60,15.0,15.0,1.0,1,0,26-100,0
2604,StartupEco,,3,0,,1,2020-02-25,1,1,1,2,3,100,1.0,1.0,1.0,0,0,26-100,0
2605,ssi,,72,0,,1,2020-02-25,1,0,1,2,1,100,1.0,1.0,1.0,0,0,26-100,0
2606,ssi,,,0,,-1,2020-02-25,1,0,1,1,0,100,1.0,1.0,1.0,0,0,26-100,0
2607,ssi,,,0,,-1,2020-02-26,1,0,1,1,0,100,1.0,1.0,1.0,0,0,26-100,0
2608,StartupEco,,7,0,,1,2020-02-26,1,1,1,2,2,60,15.0,15.0,1.0,1,0,101-500,0
2609,Jobma,,"2,74",0,,1,2020-02-26,1,0,1,2,1,100,1.0,1.0,1.0,0,0,101-500,0
2610,Jobma,,,0,,-1,2020-02-26,1,0,1,1,0,100,1.0,1.0,1.0,0,0,26-100,0
2611,StartupEco,,3,0,,1,2020-02-26,1,1,1,2,4,60,15.0,15.0,1.0,1,0,101-500,0
2612,hfgh,,,0,,0,2020-02-26,1,0,1,1,0,100,1.0,1.0,1.0,0,0,26-100,0
2613,StartupEco,,,0,,0,2020-02-26,1,0,1,1,0,100,1.0,1.0,1.0,0,0,101-500,0
2614,vfdv,,,0,,0,2020-02-26,1,0,1,1,0,100,1.0,1.0,1.0,0,0,101-500,0
2615,hjbjhb,,,0,,1,2020-02-26,1,0,1,1,0,100,1.0,1.0,1.0,0,0,26-100,0
2616,StartupEco,,4,0,,1,2020-02-26,1,1,1,2,2,100,1.0,1.0,1.0,0,0,1-25,0
2617,Ecohouse,,7,0,,1,2020-02-26,1,1,1,2,102,100,1.0,1.0,1.0,0,0,500-1000,0
2618,Ecohouse,,,0,,0,2020-02-26,1,0,1,1,0,100,1.0,1.0,1.0,0,0,500-1000,0
2619,Shiv,,2,0,,1,2020-02-26,1,0,1,2,1,60,15.0,15.0,1.0,1,0,101-500,0
2620,ZOO,,3,0,,1,2020-02-26,1,1,1,2,2,100,1.0,1.0,1.0,0,0,1-25,0
2621,Jobma,,"2,73",0,,1,2020-02-26,1,0,1,2,1,100,1.0,1.0,1.0,0,0,101-500,0
2622,test,,,0,,1,2020-02-26,1,0,1,2,1,60,1.0,1.0,1.0,1,0,1-25,0
2623,vcfcv,,3,0,,1,2020-02-26,1,0,1,2,1,60,15.0,15.0,1.0,1,0,1-25,0
2624,Sa,,2,0,,1,2020-02-26,1,1,1,2,123,60,15.0,15.0,1.0,1,0,26-100,0
2625,Jobma,,"2,74",0,,1,2020-02-27,1,0,1,2,1,100,1.0,1.0,1.0,0,0,26-100,0
2626,Jobma,,,0,,0,2020-02-27,1,0,1,1,0,100,1.0,1.0,1.0,0,0,26-100,0
2627,324,,72,0,,1,2020-02-28,1,0,1,2,1,60,1.0,1.0,1.0,1,0,26-100,0
2628,ssi,,,0,,0,2020-02-28,1,0,1,1,0,100,1.0,1.0,1.0,0,0,26-100,0
2629,Info Edge India Ltd,,"23,36",3,,1,2020-02-28,1,0,1,2,1,60,1.0,1.0,1.0,1,0,101-500,0
2630,dfg,,3,0,,1,2020-02-28,1,0,1,2,1,100,1.0,1.0,1.0,0,0,101-500,0
2631,dsadad,,4,0,,1,2020-02-28,1,0,1,2,1,100,1.0,1.0,1.0,0,0,26-100,0
2632,Jobma,,"4,7",0,,1,2020-03-01,1,1,1,2,13,100,1.0,1.0,1.0,0,0,500-1000,0
2633,Jobma,,2,0,,1,2020-03-01,1,0,1,2,1,100,1.0,1.0,1.0,0,0,1-25,0
2634,xxx,,2,0,,1,2020-03-02,1,0,1,2,1,60,15.0,15.0,1.0,1,0,1-25,0
2635,ssi,,"72,2",0,,1,2020-03-02,1,0,1,2,1,100,1.0,1.0,1.0,0,0,26-100,0
2636,Jobma,,"3,7",0,,1,2020-03-02,1,0,1,2,1,100,1.0,1.0,1.0,0,0,500-1000,0
2637,xxx,,,0,,0,2020-03-02,1,0,1,1,0,100,1.0,1.0,1.0,0,0,1-25,0
2638,ssi,,72,0,,1,2020-03-02,1,0,1,2,1,100,1.0,1.0,1.0,0,0,26-100,0
2639,ssi,,,0,,0,2020-03-02,1,0,1,1,0,100,1.0,1.0,1.0,0,0,26-100,0
2640,Jobma,,2,0,,1,2020-03-03,1,0,1,2,1,60,15.0,15.0,1.0,1,0,101-500,0
2641,Jobma,,72,0,,1,2020-03-03,1,0,1,2,1,60,16.0,16.0,1.0,1,0,26-100,0
2642,Jobma,,73,0,,1,2020-03-03,1,1,1,2,12,100,1.0,1.0,1.0,0,0,26-100,0
2643,Jobma,,2,0,,1,2020-03-03,1,0,1,2,1,60,1.0,1.0,1.0,1,0,26-100,0
2644,ssi,,"1,72",0,,1,2020-03-03,1,0,1,2,1,100,1.0,1.0,1.0,0,0,26-100,0
2645,ssi,,72,0,,1,2020-03-04,1,1,1,2,2,60,0.5,0.5,1.0,1,0,26-100,0
2646,ssi,,72,0,,1,2020-03-04,1,0,1,2,999,10000,0.1,0.1,1.0,1,0,26-100,0
2647,Abcd,,"72,73,3",0,,1,2020-03-04,1,1,1,2,3,100,1.0,1.0,1.0,0,0,26-100,0
2648,ssi,,"72,73,74",0,,1,2020-03-04,1,0,1,2,1,60,0.1,0.1,1.0,1,0,26-100,0
2649,ssi,,2,0,,1,2020-03-04,1,0,1,2,1,60,0.86,0.86,1.0,1,0,101-500,0
2650,Abcd,,,0,,0,2020-03-04,1,0,1,1,0,100,1.0,1.0,1.0,0,0,26-100,0
2651,Abcd,,,0,,0,2020-03-04,1,0,1,1,0,100,1.0,1.0,1.0,0,0,26-100,0
2652,Abcd,,,0,,0,2020-03-04,1,0,1,1,0,100,1.0,1.0,1.0,0,0,26-100,0
2653,ssi,,,0,,0,2020-03-04,1,0,1,1,0,100,1.0,1.0,1.0,0,0,26-100,0
2654,qwerty,,2,0,,1,2020-03-04,1,1,1,2,2,100,1.0,1.0,1.0,0,0,1-25,0
2655,qwerty,,,0,,0,2020-03-04,1,0,1,1,0,100,1.0,1.0,1.0,0,0,1-25,0
2656,qwerty,,,0,,0,2020-03-04,1,0,1,1,0,100,1.0,1.0,1.0,0,0,1-25,0
2657,qwerty,,4,0,,1,2020-03-04,1,1,1,2,2,100,1.0,1.0,1.0,0,0,101-500,0
2658,qwerty,,3,0,,1,2020-03-04,1,1,1,2,2,100,1.0,1.0,1.0,0,0,26-100,0
2659,qwerty,,4,0,,1,2020-03-04,1,1,1,2,3,100,1.0,1.0,1.0,0,0,101-500,0
2660,qwerty,,,0,,0,2020-03-04,1,0,1,1,0,100,1.0,1.0,1.0,0,0,101-500,0
2661,Gs,,4,0,,1,2020-03-04,1,1,1,2,3,100,1.0,1.0,1.0,0,0,26-100,0
2662,Gs,,,0,,0,2020-03-04,1,0,1,1,0,100,1.0,1.0,1.0,0,0,26-100,0
2663,ssss,,4,0,,1,2020-03-04,1,1,1,2,3,100,1.0,1.0,1.0,0,0,26-100,0
2664,ssss,,73,0,,1,2020-03-04,1,0,1,2,1,100,1.0,1.0,1.0,0,0,26-100,0
2665,ssss,,2,0,,1,2020-03-04,1,0,1,2,1,100,1.0,1.0,1.0,0,0,1-25,0
2666,ssss,,2,0,,1,2020-03-04,1,0,1,2,1,100,1.0,1.0,1.0,0,0,1-25,0
2667,www,,2,0,,1,2020-03-04,1,1,1,2,3,100,1.0,1.0,1.0,0,0,101-500,0
2668,ssi,,"1,72,2",0,,1,2020-03-04,1,0,1,2,1,60,0.0,0.0,1.0,1,0,26-100,0
2669,ssi,,"1,2,73",0,,1,2020-03-04,1,0,1,2,1,60,0.0,0.0,1.0,1,0,26-100,0
2670,ssi,,2,0,,1,2020-03-04,1,0,1,2,1,60,0.0,0.0,1.0,1,0,26-100,0
2671,ssi,,2,0,,1,2020-03-04,1,0,1,2,1,60,0.0,0.0,1.0,1,0,26-100,0
2672,Jobma,,2,0,,1,2020-03-04,1,0,1,2,1,60,1.0,1.0,1.0,1,0,26-100,0
2674,ssi,,3,0,,1,2020-03-04,1,0,1,2,1,60,1.0,1.0,1.0,1,0,26-100,0
2675,ssi,,"1,2,73",0,,1,2020-03-04,1,0,1,2,1,100,1.0,1.0,1.0,0,0,26-100,0
2677,Jobma,,72,0,,1,2020-03-04,1,0,1,2,1,60,1.0,1.0,1.0,1,0,26-100,0
2678,JObma,,2,0,,1,2020-03-04,1,0,1,2,1,60,1.0,1.0,1.0,1,0,26-100,0
2679,ssi,,3,0,,1,2020-03-04,1,0,1,2,1,100,1.0,1.0,1.0,0,0,26-100,0
2680,ssi,,3,0,,1,2020-03-04,1,0,1,2,1,60,1.0,1.0,1.0,1,0,1-25,0
2681,ssi,,2,0,,1,2020-03-04,1,1,1,2,2,100,1.0,2.0,1.0,0,0,26-100,0
2682,ssi,,72,0,,1,2020-03-04,1,0,1,2,1,100,1.0,1.0,1.0,0,0,26-100,0
2683,Jobma,,72,0,,1,2020-03-04,1,0,1,2,1,60,1.0,1.0,1.0,1,0,26-100,0
2684,Jobma,,,0,,0,2020-03-04,1,0,1,1,0,100,1.0,1.0,1.0,0,0,1-25,0
2685,asdfg,,73,0,,1,2020-03-04,1,0,1,2,1,60,1.0,1.0,1.0,1,0,101-500,0
2686,ssi,,3,0,,1,2020-03-04,1,1,1,2,3,60,1.0,1.0,1.0,1,0,26-100,0
2687,ssi,,4,0,,1,2020-03-04,1,1,1,2,3,60,1.0,1.0,1.0,1,0,1-25,0
2688,ssss,,72,0,,1,2020-03-05,1,0,1,2,1,60,1.0,1.0,1.0,1,0,1-25,0
2689,ssss,,,0,,0,2020-03-05,1,0,1,1,0,100,1.0,1.0,1.0,0,0,1-25,0
2692,Will Ent,,72,0,,1,2020-03-09,1,0,1,2,1,60,1.0,1.0,1.0,1,0,26-100,0
2693,ssi,,"72,2,73",0,,1,2020-03-11,1,0,1,2,1,60,1.0,1.0,1.0,1,0,101-500,0
2694,Jobma,,"72,2",0,,1,2020-03-11,1,0,1,2,1,60,1.0,1.0,1.0,1,0,1-25,0
2697,ssi,,"1,72,2",0,,1,2020-03-12,1,0,1,2,1,60,1.0,1.0,1.0,1,0,1-25,0
2698,ssi,,,0,,0,2020-03-12,1,0,1,1,0,100,1.0,1.0,1.0,0,0,1-25,0
2700,ssi,,2,0,,1,2020-03-13,1,1,1,2,2,60,1.0,1.0,1.0,1,0,1-25,0
2701,ssi,,2,0,,1,2020-03-13,1,1,1,2,2,60,1.0,1.0,1.0,1,0,1-25,0
2702,ssi,,3,0,,1,2020-03-13,1,1,1,2,2,100,1.0,1.0,1.0,0,0,26-100,0
2703,ssi,,,0,,0,2020-03-14,1,0,1,1,0,100,1.0,1.0,1.0,0,0,26-100,0
2704,ssi,,,0,,0,2020-03-14,1,0,1,1,0,100,1.0,1.0,1.0,0,0,26-100,0
2705,Jobma,,72,0,,1,2020-03-14,1,0,1,2,1,100,1.0,1.0,1.0,0,0,26-100,0
2706,Jobma,,"3,4",0,,1,2020-03-16,1,0,1,2,1,100,1.0,1.0,1.0,0,0,26-100,0
2707,Jobma,,3,0,,1,2020-03-16,1,1,1,2,2,100,1.0,1.0,1.0,0,0,26-100,0
2708,New Jazz HR,,2,0,,1,2020-03-16,1,1,1,2,2,100,1.0,1.0,1.0,0,0,101-500,0
2709,zzz,,7,0,,1,2020-03-16,1,0,1,2,1,100,1.0,1.0,1.0,0,0,26-100,0
2710,New Jazz HR,,2,0,,1,2020-03-16,1,0,1,2,1,100,1.0,1.0,1.0,0,0,26-100,0
2711,Jobma,,"3,7",0,,1,2020-03-16,1,0,1,2,1,100,1.0,1.0,1.0,0,0,26-100,0
2712,New Jazz HR,,3,0,,1,2020-03-16,1,1,1,2,1,100,1.0,1.0,1.0,0,0,1-25,0
2713,jobma,,2,0,,1,2020-03-16,1,1,1,2,2,100,1.0,1.0,1.0,0,0,1-25,0
2714,Jobma,,"4,7",0,,1,2020-03-16,1,1,1,2,1,100,1.0,1.0,1.0,0,0,101-500,0
2715,Jobma,,3,0,,1,2020-03-16,1,0,1,2,1,100,1.0,1.0,1.0,0,0,26-100,0
2716,jobma,,,0,,0,2020-03-16,1,0,1,1,0,100,1.0,1.0,1.0,0,0,1-25,0
2717,cv,,"73,85",0,,1,2020-03-16,1,0,1,2,1,100,1.0,1.0,1.0,0,0,101-500,0
2718,ssi,,2,0,,1,2020-03-16,1,1,1,2,1,60,1.0,1.0,1.0,1,0,1-25,0
2719,ssi,,,0,,0,2020-03-16,1,0,1,1,0,100,1.0,1.0,1.0,0,0,1-25,0
2722,ssi,,1,0,,1,2020-03-16,1,0,1,2,1,60,1.0,1.0,1.0,1,0,26-100,0
2723,ssi,,"72,2",0,,1,2020-03-16,1,0,1,2,1,60,1.0,1.0,1.0,1,0,26-100,0
2724,Test,,2,0,,1,2020-03-17,1,0,1,2,1,100,1.0,1.0,1.0,0,0,1-25,0
2725,Test,,,0,,0,2020-03-17,1,0,1,1,0,100,1.0,1.0,1.0,0,0,1-25,0
2726,Test,,3,0,,1,2020-03-17,1,0,1,2,1,100,1.0,1.0,1.0,0,0,1-25,0
2727,Jobma,,2,0,,1,2020-03-17,1,0,1,2,1,100,1.0,1.0,1.0,0,0,26-100,0
2728,Jobma,,4,0,,1,2020-03-17,1,1,1,2,5,100,1.0,1.0,1.0,0,0,26-100,0
2729,Jobma,,,0,,0,2020-03-17,1,0,1,1,0,100,1.0,1.0,1.0,0,0,26-100,0
2730,Jobma,,,0,,0,2020-03-17,1,0,1,1,0,100,1.0,1.0,1.0,0,0,26-100,0
2731,Jobma,,,0,,0,2020-03-17,1,0,1,1,0,100,1.0,1.0,1.0,0,0,26-100,0
2732,Jobma,,,0,,0,2020-03-17,1,0,1,1,0,100,1.0,1.0,1.0,0,0,26-100,0
2733,Test,,3,0,,1,2020-03-17,1,1,1,2,1000,60,1.0,1.0,1.0,1,0,26-100,0
2734,Test,,,0,,0,2020-03-17,1,0,1,1,0,100,1.0,1.0,1.0,0,0,26-100,0
2735,Jazz,,3,0,,1,2020-03-17,1,1,1,2,4,60,1.0,1.0,1.0,1,0,101-500,0
2736,Jazz,,,0,,0,2020-03-17,1,0,1,1,0,100,1.0,1.0,1.0,0,0,101-500,0
2737,Jazz,,,0,,0,2020-03-17,1,0,1,1,0,100,1.0,1.0,1.0,0,0,101-500,0
2738,Jazz,,,0,,0,2020-03-17,1,0,1,1,0,100,1.0,1.0,1.0,0,0,101-500,0
2739,Jazz,,,0,,0,2020-03-17,1,0,1,1,0,100,1.0,1.0,1.0,0,0,101-500,0
2740,Jazz,,,0,,0,2020-03-17,1,0,1,1,0,100,1.0,1.0,1.0,0,0,101-500,0
2741,SOFTUNIK SOLUTIONS,,23,0,,1,2020-03-17,1,1,1,2,1,100,1.0,1.0,1.0,0,0,1-25,0
2742,sdf,,4,0,,1,2020-03-17,1,0,1,2,1,100,1.0,1.0,1.0,0,0,1-25,0
2743,ssi,,3,0,,1,2020-03-17,1,0,1,2,1,100,1.0,1.0,1.0,0,0,26-100,0
2744,sdf,,3,0,,1,2020-03-17,1,0,1,2,1,100,1.0,1.0,1.0,0,0,26-100,0
2745,New Jazz HR,,3,0,,1,2020-03-17,1,0,1,2,1,100,1.0,1.0,1.0,0,0,1-25,0
2746,Ecosystem,,24,0,,1,2020-03-17,1,0,1,2,1,60,1.0,1.0,1.0,1,0,26-100,0
2747,ssi,,2,0,,1,2020-03-18,1,1,1,2,1,100,1.0,1.0,1.0,0,0,1-25,0
2748,ssi,,,0,,0,2020-03-18,1,0,1,1,0,100,1.0,1.0,1.0,0,0,1-25,0
2749,sdf,,3,0,,1,2020-03-18,1,1,1,2,0,100,1.0,1.0,1.0,0,0,101-500,0
2750,Eco,,3,0,,1,2020-03-18,1,1,1,2,1,100,1.0,1.0,1.0,0,0,101-500,0
2751,Ecoworld,,4,0,,1,2020-03-18,1,1,1,2,2,60,1.0,1.0,1.0,1,0,26-100,0
2752,Ecoworld,,,0,,0,2020-03-18,1,0,1,1,0,100,1.0,1.0,1.0,0,0,26-100,0
2753,Ecoworld,,,0,,0,2020-03-18,1,0,1,1,0,100,1.0,1.0,1.0,0,0,26-100,0
2754,fd,,3,0,,1,2020-03-18,1,1,1,2,0,60,1.0,1.0,1.0,1,0,1-25,0
2755,hggh,,7,0,,1,2020-03-18,1,1,1,2,1,100,1.0,1.0,1.0,0,0,26-100,0
2756,dgf,,3,0,,1,2020-03-18,1,1,1,2,4,60,1.0,1.0,1.0,1,0,26-100,0
2757,Ecoworld,,7,0,,1,2020-03-18,1,1,1,2,0,60,1.0,1.0,1.0,1,0,500-1000,0
2758,Jobma,,3,0,,1,2020-03-18,1,1,1,2,0,60,1.0,1.0,1.0,1,0,26-100,0
2759,Ecoworld,,2,0,,1,2020-03-18,1,1,1,2,2,60,1.0,1.0,1.0,1,0,26-100,0
2760,AB,,85,0,,1,2020-03-18,1,0,1,2,1,60,1.0,1.0,1.0,1,0,26-100,0
2761,Eco,,73,0,,1,2020-03-18,1,0,1,2,1,60,1.0,1.0,1.0,1,0,101-500,0
2762,Jobma,,"2,73",0,,1,2020-03-18,1,0,1,2,1,60,1.0,1.0,1.0,1,0,101-500,0
2763,EcoTech,,2,0,,1,2020-03-18,1,0,1,2,1,60,1.0,1.0,1.0,1,0,1-25,0
2764,TechEco,,82,0,,1,2020-03-19,1,0,1,2,1,60,1.0,1.0,1.0,1,0,101-500,0
2765,KSI,,85,0,,1,2020-03-19,1,0,1,2,1,60,1.0,1.0,1.0,1,0,26-100,0
2766,TechEco,,73,0,,1,2020-03-19,1,1,1,2,4,60,1.0,1.0,1.0,1,0,26-100,0
2767,HSS,,81,0,,1,2020-03-19,1,0,1,2,1,60,1.0,1.0,1.0,1,0,26-100,0
2768,TechEco,,,0,,0,2020-03-19,1,0,1,1,0,100,1.0,1.0,1.0,0,0,26-100,0
2769,TechEco,,,0,,0,2020-03-19,1,0,1,1,0,100,1.0,1.0,1.0,0,0,26-100,0
2770,HSS,,72,0,,1,2020-03-19,1,0,1,2,1,60,1.0,1.0,1.0,1,0,26-100,0
2771,TSS,,74,0,,1,2020-03-19,1,1,1,2,5,60,1.0,1.0,1.0,1,0,1-25,0
2772,HSS,,83,0,,1,2020-03-19,1,0,1,2,1,60,1.0,1.0,1.0,1,0,26-100,0
2773,TechEco,,2,0,,1,2020-03-19,1,0,1,2,1,100,1.0,1.0,1.0,0,0,26-100,0
2774,HSS,,73,0,,1,2020-03-19,1,0,1,2,1,60,1.0,1.0,1.0,1,0,1-25,0
2775,TechEco,,,0,,0,2020-03-19,1,0,1,1,0,100,1.0,1.0,1.0,0,0,26-100,0
2776,TechEco,,,0,,0,2020-03-19,1,0,1,1,0,100,1.0,1.0,1.0,0,0,26-100,0
2777,TSS,,,0,,0,2020-03-19,1,0,1,1,0,100,1.0,1.0,1.0,0,0,1-25,0
2778,TSS,,,0,,0,2020-03-19,1,0,1,1,0,100,1.0,1.0,1.0,0,0,1-25,0
2779,TSS,,,0,,0,2020-03-19,1,0,1,1,0,100,1.0,1.0,1.0,0,0,1-25,0
2780,TSS,,,0,,0,2020-03-19,1,0,1,1,0,100,1.0,1.0,1.0,0,0,1-25,0
2781,TechEco,,73,0,,1,2020-03-19,1,1,1,2,3,100,1.0,1.0,1.0,0,0,101-500,0
2782,TechEco,,,0,,0,2020-03-19,1,0,1,1,0,100,1.0,1.0,1.0,0,0,101-500,0
2783,HSS,,73,0,,1,2020-03-19,1,1,1,2,2,100,1.0,1.0,1.0,0,0,26-100,0
2784,TechEco,,3,0,,1,2020-03-19,1,1,1,2,1,60,1.0,1.0,1.0,1,0,26-100,0
2785,HSS,,,0,,0,2020-03-19,1,0,1,1,0,100,1.0,1.0,1.0,0,0,26-100,0
2786,TechEco,,4,0,,1,2020-03-19,1,1,1,2,0,60,1.0,1.0,1.0,1,0,26-100,0
2787,HSS,,,0,,0,2020-03-19,1,0,1,1,0,100,1.0,1.0,1.0,0,0,26-100,0
2788,HSS,,72,0,,1,2020-03-19,1,1,1,2,2,100,1.0,1.0,1.0,0,0,1-25,0
2789,HSS,,,0,,0,2020-03-19,1,0,1,1,0,100,1.0,1.0,1.0,0,0,1-25,0
2790,HSS,,80,0,,1,2020-03-19,1,0,1,2,1,100,1.0,1.0,1.0,0,0,26-100,0
2791,ssi,,"2,73",0,,1,2020-03-19,1,0,1,2,1,60,1.0,1.0,1.0,1,0,26-100,0
2792,HSS,,27,0,,1,2020-03-19,1,1,1,2,3,100,1.0,1.0,1.0,0,0,26-100,0
2793,HSS,,,0,,0,2020-03-19,1,0,1,1,0,100,1.0,1.0,1.0,0,0,26-100,0
2794,HSS,,,0,,0,2020-03-19,1,0,1,1,0,100,1.0,1.0,1.0,0,0,26-100,0
2795,HSS,,,0,,0,2020-03-19,1,0,1,1,0,100,1.0,1.0,1.0,0,0,26-100,0
2796,HSS,,3,0,,1,2020-03-19,1,1,1,2,1,60,1.0,1.0,1.0,1,0,26-100,0
2797,HSS,,,0,,0,2020-03-19,1,0,1,1,0,100,1.0,1.0,1.0,0,0,26-100,0
2798,HSS,,3,0,,1,2020-03-19,1,1,1,2,0,60,1.0,1.0,1.0,1,0,500-1000,0
2801,ssi,,,0,1,0,2020-03-19,1,0,1,1,0,100,1.0,1.0,1.0,0,0,1-25,0
2802,ssi,,"4,8,95",0,2,1,2020-03-20,1,1,1,2,15,100,4.0,1.0,1.0,0,0,1-25,0
2803,ssi,,,0,2,0,2020-03-20,1,0,1,1,0,100,1.0,1.0,1.0,0,0,1-25,0
2804,Eco,,74,0,,1,2020-03-20,1,0,1,2,1,60,1.0,1.0,1.0,1,0,26-100,0
2805,Eco,,2,0,,1,2020-03-20,1,0,1,2,1,100,1.0,1.0,1.0,0,0,101-500,0
2806,NewTech,,2,0,,1,2020-03-20,1,0,1,2,1,60,1.0,1.0,1.0,1,0,26-100,0
2807,JSSI,,3,0,,1,2020-03-23,1,1,1,2,0,60,1.0,1.0,1.0,1,0,500-1000,0
2808,SSI INDIA,,3,0,,1,2020-03-23,1,1,1,2,1,60,1.0,1.0,1.0,1,0,26-100,0
2809,Jobma,,2,0,,1,2020-03-23,1,0,1,2,1,60,1.0,1.0,1.0,1,0,26-100,0
2810,Jobma,,3,0,,1,2020-03-23,1,1,1,2,1,60,1.0,1.0,1.0,1,0,26-100,0
2811,Jobma,,4,0,,1,2020-03-23,1,1,1,2,1,60,1.0,1.0,1.0,1,0,101-500,0
2812,Jobma,,4,0,,1,2020-03-23,1,1,1,2,1,60,1.0,1.0,1.0,1,0,101-500,0
2813,TechiWorld,,7,0,,1,2020-03-23,1,1,1,2,1,100,1.0,1.0,1.0,0,0,101-500,0
2814,TechiWorld,,4,0,,1,2020-03-23,1,1,1,2,0,60,1.0,1.0,1.0,1,0,26-100,0
2815,TechiWorld,,4,0,,1,2020-03-23,1,1,1,2,1,60,1.0,1.0,1.0,1,0,26-100,0
2816,TechiWorld,,2,0,,1,2020-03-23,1,0,1,2,1,60,1.0,1.0,1.0,1,0,26-100,0
2817,TechiWorld,,73,0,,1,2020-03-23,1,0,1,2,1,100,1.0,1.0,1.0,0,0,26-100,0
2818,ssi,,3,0,,1,2020-03-23,1,1,1,2,0,100,1.0,1.0,1.0,0,0,500-1000,0
2819,ssi,,"2,3,7",0,,1,2020-03-23,1,1,1,2,0,60,1.0,1.0,1.0,1,0,1-25,0
2820,Techoo,,73,0,,1,2020-03-23,1,1,1,2,3,60,1.0,1.0,1.0,1,0,500-1000,0
2821,Techoo,,,0,,0,2020-03-23,1,0,1,1,0,100,1.0,1.0,1.0,0,0,500-1000,0
2822,Techoo,,,0,,0,2020-03-23,1,0,1,1,0,100,1.0,1.0,1.0,0,0,500-1000,0
2823,Techoo,,,0,,0,2020-03-23,1,0,1,1,0,100,1.0,1.0,1.0,0,0,500-1000,0
2824,xxx,,2,0,,1,2020-03-23,1,0,1,2,1,100,1.0,1.0,1.0,0,0,26-100,0
2825,Techo,,73,0,,1,2020-03-24,1,0,1,2,1,60,1.0,1.0,1.0,1,0,26-100,0
2826,ssi,,"2,4",0,,1,2020-03-24,1,1,1,2,0,60,1.0,1.0,1.0,1,0,26-100,0
2827,ssi,,2,0,,1,2020-03-24,1,1,1,2,0,60,1.0,1.0,1.0,1,0,26-100,0
2828,SoftTech,,2,0,,1,2020-03-25,1,1,1,2,101,60,2.0,2.0,1.0,1,0,500-1000,0
2829,ssi,,"1,2",0,,1,2020-03-25,1,1,1,2,1,60,1.0,1.0,1.0,1,0,26-100,0
2830,SoftTech,,,0,,0,2020-03-25,1,0,1,1,0,100,1.0,1.0,1.0,0,0,500-1000,0
2831,ssi,,2,0,,1,2020-03-25,1,1,1,2,1,60,1.0,1.0,1.0,1,0,26-100,0
2832,Techie,,73,0,,1,2020-03-25,1,0,1,2,1,60,1.0,1.0,1.0,1,0,26-100,0
2833,Aspire,,73,0,,1,2020-03-25,1,1,1,2,2,60,1.0,1.0,1.0,1,0,500-1000,0
2834,ssi,,2,0,,1,2020-03-25,1,1,1,2,1,60,1.0,1.0,1.0,1,0,26-100,0
2835,ssi,,3,0,,1,2020-03-25,1,1,1,2,1,100,1.0,1.0,1.0,0,0,1-25,0
2836,Aspire,,73,0,,1,2020-03-25,1,0,1,2,1,100,1.0,1.0,1.0,0,0,26-100,0
2837,ssi,,,0,,0,2020-03-25,1,0,1,1,0,100,1.0,1.0,1.0,0,0,1-25,0
2838,sdfds,,2,0,,1,2020-03-25,1,1,1,2,0,100,1.0,1.0,1.0,0,0,26-100,0
2839,ssi,,3,0,,1,2020-03-25,1,1,1,2,2,60,1.0,1.0,1.0,1,0,26-100,0
2840,Aspire,,73,0,,1,2020-03-25,1,1,1,2,3,100,3.0,3.0,1.0,0,0,1-25,0
2841,ssi,,3,0,,1,2020-03-25,1,1,1,2,2,100,1.0,1.0,1.0,0,0,26-100,0
2842,ssi,,2,0,,1,2020-03-25,1,1,1,2,2,100,1.0,1.0,1.0,0,0,101-500,0
2843,Aspire,,,0,,0,2020-03-25,1,0,1,1,0,100,1.0,1.0,1.0,0,0,1-25,0
2844,Aspire,,,0,,0,2020-03-25,1,0,1,1,0,100,1.0,1.0,1.0,0,0,1-25,0
2845,ssi,,72,0,,1,2020-03-25,1,1,1,2,5,60,1.0,1.0,1.0,1,0,26-100,0
2846,ssi,,"2,3,4",0,,1,2020-03-25,1,1,1,2,0,60,1.0,1.0,1.0,1,0,26-100,0
2847,ssi,,72,0,,1,2020-03-25,1,1,1,2,2,100,1.0,1.0,1.0,1,0,26-100,0
2848,ssi,,2,0,,1,2020-03-25,1,1,1,2,0,60,1.0,1.0,1.0,1,0,26-100,0
2849,reset,,3,0,1,1,2020-03-26,1,1,1,2,1,60,1.0,1.0,1.0,1,0,1-25,0
2850,ssi,,7,0,,1,2020-03-26,1,1,1,2,1,100,1.0,1.0,1.0,0,0,26-100,0
2851,Jobma,,3,0,,1,2020-03-26,1,1,1,2,5,60,1.0,1.0,1.0,1,0,26-100,0
2852,ssi,,3,0,,1,2020-03-26,1,1,1,2,3,60,1.0,1.0,1.0,1,0,26-100,0
2853,jobma,,2,0,,1,2020-03-26,1,1,1,2,3,60,1.0,1.0,1.0,1,0,26-100,0
2854,ssi,,7,0,,1,2020-03-26,1,1,1,2,0,60,1.0,1.0,1.0,0,0,26-100,0
2855,ssi,,"72,2,73",0,,1,2020-03-26,1,0,1,2,1,60,1.0,1.0,1.0,1,0,26-100,0
2856,SSI,,3,0,,1,2020-03-26,1,1,1,2,0,60,1.0,1.0,1.0,1,0,101-500,0
2857,ssi,,"72,2",0,,1,2020-03-26,1,0,1,2,1,60,1.0,1.0,1.0,1,0,26-100,0
2858,jobma,,2,0,,1,2020-03-26,1,0,1,2,1,60,1.0,1.0,1.0,1,0,1-25,0
2859,ssi,,2,0,,1,2020-03-26,1,0,1,2,1,60,1.0,1.0,1.0,1,0,101-500,0
2860,ssi,,7,0,,1,2020-03-26,1,1,1,2,4,60,1.0,1.0,1.0,1,0,26-100,0
2861,ssi,,,0,,0,2020-03-26,1,0,1,1,0,100,1.0,1.0,1.0,0,0,26-100,0
2862,ssi,,3,0,,1,2020-03-26,1,1,1,2,1,100,1.0,1.0,1.0,0,0,26-100,0
2863,ssi,,3,0,,1,2020-03-26,1,1,1,2,5,60,1.0,1.0,1.0,1,0,26-100,0
2864,ssi,,3,0,,1,2020-03-26,1,1,1,2,1,100,1.0,1.0,1.0,0,0,1-25,0
2865,ssi,,,0,,0,2020-03-26,1,0,1,1,0,100,1.0,1.0,1.0,0,0,1-25,0
2866,TechWorld,,7,0,,1,2020-03-27,1,1,1,2,7,100,1.0,1.0,1.0,0,0,26-100,0
2867,TechWorld,,4,0,,1,2020-03-27,1,1,1,2,1,60,1.0,1.0,1.0,1,0,101-500,0
2868,TechWorld,,,0,,0,2020-03-27,1,0,1,1,0,100,1.0,1.0,1.0,0,0,101-500,0
2870,Techo,,7,0,,1,2020-03-27,1,1,1,2,1,60,2.0,3.0,1.0,1,0,101-500,0
2871,Texch,,"72,2,73",0,,1,2020-03-27,1,0,1,2,1,60,1.0,1.0,1.0,1,0,26-100,0
2872,Texch,,,0,,0,2020-03-27,1,0,1,1,0,100,1.0,1.0,1.0,0,0,26-100,0
2874,ad services,,,0,2,0,2020-04-01,1,1,1,1,3,100,1.0,1.0,1.0,0,0,26-100,0
2875,HiringThing,,101,0,,1,2020-04-02,1,1,1,2,1,100,1.0,1.0,1.0,0,0,500-1000,0
2876,ssi,,72,0,,1,2020-04-03,1,0,1,2,1,60,1.0,1.0,1.0,1,0,26-100,0
2879,ssi,,73,0,,1,2020-04-06,1,1,1,2,5,60,1.0,1.0,1.0,1,0,101-500,0
2880,ssi,,,0,,0,2020-04-06,1,0,1,1,0,100,1.0,1.0,1.0,0,0,101-500,0
2881,ssi,,,0,,0,2020-04-06,1,0,1,1,0,100,1.0,1.0,1.0,0,0,101-500,0
2882,ssi,,,0,,0,2020-04-10,1,0,1,1,0,100,1.0,1.0,1.0,0,0,26-100,0
2883,ssi,,72,0,,1,2020-04-10,1,0,1,2,1,60,1.0,1.0,1.0,1,0,26-100,0
2884,XXX company,,"2,74,47",0,,1,2020-04-13,1,1,1,2,5,60,1.0,1.0,1.0,1,0,26-100,0
2885,XXX company,,,0,,0,2020-04-13,1,0,1,1,0,100,1.0,1.0,1.0,0,0,26-100,0
2886,XXX company,,72,0,,1,2020-04-13,1,1,1,2,2,100,1.0,1.0,1.0,0,0,26-100,0
2889,ssi,,,0,2,0,2020-04-14,1,0,1,1,0,100,1.0,1.0,1.0,0,0,1-25,0
2890,xedwe,,2,0,,1,2020-04-15,1,0,1,2,1,100,1.0,1.0,1.0,0,0,26-100,0
2891,ssi,,,0,,0,2020-04-15,1,0,1,1,0,100,1.0,1.0,1.0,0,0,26-100,0
2893,ssi,,,0,,0,2020-04-21,1,0,1,1,0,100,1.0,1.0,1.0,0,0,26-100,0
2894,ssi,,,0,2,0,2020-04-22,1,0,1,1,0,100,1.0,1.0,1.0,0,0,1-25,0
2895,ad services,,,0,2,0,2020-04-27,1,0,1,1,0,100,1.0,1.0,1.0,0,0,26-100,0
2896,ssi,,73,0,,1,2020-04-27,1,0,1,2,1,60,1.0,1.0,1.0,1,0,More than 1000,0
2897,MIT,,14,0,,1,2020-04-27,1,1,1,2,1,100,1.0,1.0,1.0,0,0,More than 1000,0
2898,Techie,,72,0,,1,2020-04-28,1,0,1,2,1,60,1.0,1.0,1.0,1,0,26-100,0
2899,ggg,,1,0,,1,2020-04-29,1,0,1,2,1,60,1.0,1.0,1.0,1,0,1-25,0
2900,xxx,,2,0,,1,2020-04-29,1,0,1,2,1,60,1.0,1.0,1.0,1,0,26-100,0
2901,xxx,,2,0,,1,2020-04-29,1,0,1,2,1,100,1.0,1.0,1.0,0,0,1-25,0
2902,xxx,,,0,,0,2020-04-29,1,0,1,1,0,100,1.0,1.0,1.0,0,0,1-25,0
2903,ssi,,73,0,,1,2020-04-29,1,0,1,2,1,60,1.0,1.0,1.0,1,0,101-500,0
2904,xxx,,72,0,,1,2020-04-29,1,0,1,2,1,100,1.0,1.0,1.0,0,0,26-100,0
2905,sss,,2,0,,1,2020-04-30,1,0,1,2,1,60,1.0,1.0,1.0,1,0,26-100,0
2906,ttt,,2,0,,1,2020-04-30,1,1,1,2,2,100,1.0,1.0,1.0,0,0,26-100,0
2907,MIT,,,0,,0,2020-04-30,1,0,1,1,0,100,1.0,1.0,1.0,0,0,More than 1000,0
2908,Techiworld,,"72,73,74",0,,1,2020-05-04,1,0,1,2,1,60,1.0,1.0,1.0,1,0,26-100,0
2909,Techiworld,,,0,,0,2020-05-04,1,0,1,1,0,100,1.0,1.0,1.0,0,0,26-100,0
2911,ssi,,"2,73,74",0,,1,2020-05-19,1,0,1,2,1,60,1.0,1.0,1.0,1,0,26-100,0
2912,ttest,,"1,72,2",0,,1,2020-05-19,1,1,1,2,2,60,1.0,1.0,1.0,1,0,1-25,0
2913,ssi,,,0,,0,2020-05-19,1,0,1,1,0,100,1.0,1.0,1.0,0,0,1-25,0
2914,ttest,,,0,,0,2020-05-19,1,0,1,1,0,100,1.0,1.0,1.0,0,0,1-25,0
2915,ssi,,72,0,,1,2020-05-20,1,0,1,2,1,60,1.0,1.0,1.0,1,0,1-25,0
2916,Test,,72,0,,1,2020-05-20,1,0,1,2,1,60,1.0,1.0,1.0,1,0,1-25,0
2917,Test,,2,0,,1,2020-05-20,1,0,1,2,1,60,1.0,1.0,1.0,1,0,1-25,0
2918,Test,,72,0,,1,2020-05-21,1,0,1,2,1,60,1.0,1.0,1.0,1,0,101-500,0
2920,Test,,72,0,,1,2020-05-21,1,0,1,2,1,60,1.0,1.0,1.0,1,0,1-25,0
2921,ssi,,2,0,,1,2020-05-21,1,0,1,2,1,60,1.0,1.0,1.0,1,0,26-100,0
2922,ssi,,,0,1,0,2020-05-22,1,0,1,1,0,100,1.0,1.0,1.0,0,0,1-25,0
2923,ssi,,,0,1,0,2020-05-22,1,0,1,1,0,100,1.0,1.0,1.0,0,0,1-25,0
2924,ttest,,,0,,0,2020-05-22,1,0,1,1,0,100,1.0,1.0,1.0,0,0,1-25,0
2925,Jobma,,2,0,,1,2020-05-25,1,0,1,2,1,100,1.0,1.0,1.0,0,0,101-500,0
2926,ad services,,,0,2,0,2020-05-25,1,0,1,1,0,100,1.0,1.0,1.0,0,0,26-100,0
2927,ssi,,"72,73",0,,1,2020-05-26,1,0,1,2,1,100,1.0,1.0,1.0,0,0,1-25,0
2929,ssi,,1,0,,1,2020-05-27,1,0,1,2,1,100,1.0,1.0,1.0,0,0,1-25,0
2930,Test,,72,0,,1,2020-05-27,1,0,1,2,1,60,1.0,1.0,1.0,1,0,1-25,0
2931,ssi,,1,0,,1,2020-05-28,1,0,1,2,1,60,1.0,1.0,1.0,1,0,26-100,0
2932,SSI,,,1,,1,2020-05-28,1,0,1,2,1,60,1.0,1.0,1.0,1,0,1-25,0
2933,TestDemo,,"72,2,73",0,,1,2020-05-29,1,0,1,2,1,100,1.0,1.0,1.0,0,0,1-25,0
2934,TestDemo,,72,0,,1,2020-05-29,1,0,1,2,1,60,1.0,1.0,1.0,1,0,1-25,0
2935,TestDemo,,2,0,,1,2020-05-29,1,0,1,2,1,60,1.0,1.0,1.0,1,0,26-100,0
2936,ssi,,73,0,,1,2020-06-01,1,0,1,2,1,60,1.0,1.0,1.0,1,0,1-25,0
2937,Jobma,,"61,62,134,135",0,,1,2020-06-01,1,0,1,2,1,60,1.0,1.0,1.0,1,0,101-500,0
2938,ssi,,"136,72,137,138,139",0,,1,2020-06-01,1,0,1,2,1,60,1.0,1.0,1.0,1,0,26-100,0
2939,ssi,,"146,147,148",0,,1,2020-06-01,1,0,1,2,1,60,1.0,1.0,1.0,1,0,26-100,0
2940,ssi,,"140,136,137,149",0,,1,2020-06-01,1,0,1,2,1,60,1.0,1.0,1.0,1,0,26-100,0
2941,ssi,,"140,136,137",0,,1,2020-06-02,1,0,1,2,1,60,1.0,1.0,1.0,1,0,26-100,0
2942,Test,,1,0,,1,2020-06-02,1,0,1,2,1,60,1.0,1.0,1.0,1,0,1-25,0
2943,ssi,,"1,72,74",0,,1,2020-06-02,1,0,1,2,1,60,1.0,1.0,1.0,1,0,1-25,0
2944,Jobma,,"124,81,8",0,,1,2020-06-02,1,0,1,2,1,100,1.0,1.0,1.0,0,0,101-500,0
2945,SSI,,1,0,,1,2020-06-02,1,0,1,2,1,60,1.0,1.0,1.0,1,0,26-100,0
2946,Jobma,,"2,3",0,,1,2020-06-02,1,1,1,2,0,100,1.0,1.0,1.0,0,0,101-500,0
2947,ssi,,"1,72,2",0,,1,2020-06-02,1,0,1,2,1,60,1.0,1.0,1.0,1,0,500-1000,0
2948,ssi,,,0,,1,2020-06-02,1,0,1,2,1,60,1.0,1.0,1.0,1,0,1-25,0
2949,ssi,,"72,2,73",0,,1,2020-06-02,1,0,1,2,1,60,1.0,1.0,1.0,1,0,101-500,0
2950,Test,,3,0,,1,2020-06-02,1,1,1,2,0,100,1.0,1.0,1.0,0,0,101-500,0
2951,Test,,3,0,,1,2020-06-02,1,1,1,2,0,60,1.0,1.0,1.0,1,0,1-25,0
2952,ssi,,"2,3,4",0,,1,2020-06-02,1,1,1,2,1,60,1.0,1.0,1.0,1,0,1-25,0
2953,ssi,,"153,154,155",0,,1,2020-06-03,1,0,1,2,1,60,1.0,1.0,1.0,1,0,101-500,0
2954,ssi,,"153,79,83",0,,1,2020-06-03,1,0,1,2,1,60,1.0,1.0,1.0,1,0,26-100,0
2955,ssi,,157,0,,1,2020-06-03,1,0,1,2,1,60,1.0,1.0,1.0,1,0,1-25,0
2956,sdds,,2,0,,1,2020-06-04,1,0,1,2,1,60,1.0,1.0,1.0,1,0,101-500,0
2957,ssi,,1,0,,1,2020-06-04,1,1,1,2,7,100,1.0,1.0,1.0,0,0,1-25,0
2958,ssi,,1,0,,1,2020-06-04,1,0,1,2,1,60,1.0,1.0,1.0,1,0,1-25,0
2959,ssi,,2,0,,1,2020-06-04,1,1,1,2,4,60,1.0,1.0,1.0,1,0,26-100,0
2960,SSI,,"158,159",0,,1,2020-06-04,1,0,1,2,1,60,1.0,1.0,1.0,1,0,1-25,0
2961,SSI,,"162,163",0,,1,2020-06-04,1,0,1,2,1,60,1.0,1.0,1.0,1,0,1-25,0
2962,ssi,,"qqqq,qqqq1",0,,1,2020-06-04,1,1,1,2,2,60,1.0,1.0,1.0,1,0,1-25,0
2963,ssi,,"164,165",0,,1,2020-06-04,1,1,1,2,1,100,1.0,1.0,1.0,0,0,1-25,0
2964,asas,,"166,167,168",0,,1,2020-06-04,1,1,1,2,1,60,1.0,1.0,1.0,1,0,1-25,0
2965,asas,,,0,,0,2020-06-04,1,0,1,1,0,100,1.0,1.0,1.0,0,0,1-25,0
2966,ssi,,1,0,,1,2020-06-04,1,1,1,2,1,100,1.0,1.0,1.0,0,0,26-100,0
2967,sad,,"2,biotechnology,medical staff",0,,1,2020-06-05,1,1,1,2,0,100,1.0,1.0,1.0,0,0,1-25,0
2968,ssi,,"2,153,medical duty",0,,1,2020-06-05,1,1,1,2,0,100,1.0,1.0,1.0,0,0,1-25,0
2969,ssi,,"3,staff,housekeeping staff",0,,1,2020-06-05,1,1,1,2,0,100,1.0,1.0,1.0,0,0,26-100,0
2970,sds,,"7,biotech,retailer",0,,1,2020-06-05,1,1,1,2,22,60,1.0,1.0,1.0,1,0,101-500,0
2971,ssi,,169,1,,1,2020-06-05,1,0,1,2,1,100,1.0,1.0,1.0,0,0,1-25,0
2972,ssi,,170,1,,1,2020-06-05,1,0,1,2,1,100,1.0,1.0,1.0,0,0,1-25,0
2973,ssi,,"171,172,173",1,,1,2020-06-05,1,0,1,2,1,100,1.0,1.0,1.0,0,0,1-25,0
2974,ssi,,"171,automation,scientist",0,,1,2020-06-05,1,1,1,2,2,60,1.0,1.0,1.0,1,0,101-500,0
2975,sdf,,"2,mnc's,judge",0,,1,2020-06-05,1,1,1,2,2,100,1.0,1.0,1.0,0,0,26-100,0
2976,sdfds,,"3,mnc,export",0,,1,2020-06-05,1,1,1,2,0,60,1.0,1.0,1.0,1,0,26-100,0
2977,testaccount,,"41,iii,ddd",1,,1,2020-06-05,1,0,1,2,1,100,1.0,1.0,1.0,0,0,1-25,0
2978,ssi,,"61,politics,farming",1,,1,2020-06-08,1,0,1,2,1,100,1.0,1.0,1.0,0,0,1-25,0
2979,dfsdf,,174,0,,1,2020-06-08,1,0,1,2,1,60,1.0,1.0,1.0,1,0,26-100,0
2980,ssi,,"61,175,176",1,,1,2020-06-08,1,0,1,2,1,100,1.0,1.0,1.0,0,0,1-25,0
2981,ZXC,,"180,179,1",0,,1,2020-06-08,1,0,1,2,1,60,1.0,1.0,1.0,1,0,26-100,0
2982,Jobma,,179,0,,1,2020-06-08,1,0,1,2,1,60,1.0,1.0,1.0,1,0,1-25,0
2983,ssi,,"181,182,183",0,,1,2020-06-08,1,0,1,2,1,60,1.0,1.0,1.0,1,0,1-25,0
2984,SSI,,"20,184",0,,1,2020-06-08,1,1,1,2,0,100,1.0,1.0,1.0,0,0,1-25,0
2985,JOBMA,,"72,3,75",0,,1,2020-06-09,1,0,1,2,1,60,1.0,1.0,1.0,1,0,1-25,0
2986,JOBMA,,"72,3,75",0,,1,2020-06-09,1,0,1,2,1,60,1.0,1.0,1.0,1,0,1-25,0
2987,JOBMA,,"72,3,75",0,,1,2020-06-09,1,0,1,2,1,60,1.0,1.0,1.0,1,0,1-25,0
2988,JOBMA,,"72,3,75",0,,1,2020-06-09,1,0,1,2,1,60,1.0,1.0,1.0,1,0,1-25,0
2989,JOBMA,,"72,3,75",0,,1,2020-06-09,1,0,1,2,1,60,1.0,1.0,1.0,1,0,1-25,0
2990,JOBMA,,"72,3,75",0,,1,2020-06-09,1,0,1,2,1,60,1.0,1.0,1.0,1,0,1-25,0
2991,ssi,,"172,191,192",0,,1,2020-06-10,1,1,1,2,0,100,1.0,1.0,1.0,0,0,26-100,0
2992,DSFDSF,,"1,193,194",0,,1,2020-06-10,1,1,1,2,0,60,1.0,1.0,1.0,1,0,26-100,0
2993,sdsa,,"67,195,196",0,,1,2020-06-10,1,1,1,2,0,100,1.0,1.0,1.0,0,0,26-100,0
2994,tets trail account,,"74,197",1,,1,2020-06-10,1,0,1,2,1,100,1.0,1.0,1.0,0,0,1-25,0
2997,sads,,73,0,,1,2020-06-10,1,0,1,2,1,60,1.0,1.0,1.0,1,0,26-100,0
2998,JOBMA,,2,0,,1,2020-06-10,1,0,1,2,1,60,1.0,1.0,1.0,1,0,101-500,0
2999,SSI,,"61,198",0,,1,2020-06-10,1,0,1,2,1,60,1.0,1.0,1.0,1,0,1-25,0
3000,Jobma,,2,0,,1,2020-06-11,1,0,1,2,1,60,1.0,1.0,1.0,1,0,101-500,0
3001,JOBMA,,"72,3,75",0,,1,2020-06-11,1,0,1,2,1,60,1.0,1.0,1.0,1,0,1-25,0
3002,JOBMA,,"72,3,75",0,,1,2020-06-11,1,0,1,2,1,60,1.0,1.0,1.0,1,0,1-25,0
3003,ssi,,"199,200,201",0,,1,2020-06-12,1,0,1,2,1,60,1.0,1.0,1.0,1,0,26-100,0
3004,dsd,,"202,203,204",0,,1,2020-06-12,1,0,1,2,1,60,1.0,1.0,1.0,1,0,26-100,0
3005,ssi,,"124,205,206",0,,1,2020-06-12,1,1,1,2,0,100,1.0,1.0,1.0,0,0,26-100,0
3006,ssi,,"121,189,200",1,,1,2020-06-12,1,0,1,2,1,100,1.0,1.0,1.0,0,0,1-25,0
3007,ssi,,"189,190,207",0,,1,2020-06-12,1,1,1,2,0,100,1.0,1.0,1.0,0,0,1-25,0
3009,xvxc,,"189,174,208",0,,1,2020-06-12,1,1,1,2,0,100,1.0,1.0,1.0,0,0,1-25,0
3010,ssi,,"186,189,209",0,,1,2020-06-12,1,1,1,2,0,100,1.0,1.0,1.0,0,0,1-25,0
3011,ssi,,1,0,,1,2020-06-13,1,0,1,2,1,60,1.0,1.0,1.0,1,0,1-25,0
3012,Test,,2,0,,1,2020-06-13,1,0,1,2,1,60,1.0,1.0,1.0,1,0,1-25,0
3013,Jobma,,2,0,,1,2020-06-13,1,1,1,2,3,60,1.0,1.0,1.0,1,0,500-1000,0
3014,SSI,,3,0,,1,2020-06-13,1,1,1,2,0,100,1.0,1.0,1.0,0,0,26-100,0
3015,SSI,,4,0,,1,2020-06-13,1,1,1,2,0,60,1.0,1.0,1.0,1,0,101-500,0
3016,Test,,2,0,,1,2020-06-13,1,1,1,2,0,100,1.0,1.0,1.0,0,0,1-25,0
3017,Test,,1,0,,1,2020-06-13,1,1,1,2,0,60,1.0,1.0,1.0,1,0,26-100,0
3018,ssi,,"1,2,3",0,,1,2020-06-13,1,1,1,2,0,60,1.0,1.0,1.0,1,0,1-25,0
3019,Test,,,0,,0,2020-06-13,1,0,1,1,0,100,1.0,1.0,1.0,0,0,1-25,0
3020,JOBMA,,"72,3,75",0,,1,2020-06-14,1,0,1,2,1,60,1.0,1.0,1.0,1,0,1-25,0
3021,JOBMA,,"72,3,75",0,,1,2020-06-14,1,0,1,2,1,60,1.0,1.0,1.0,1,0,1-25,0
3022,ssi,,"41,62,210",1,,1,2020-06-15,1,0,1,2,1,100,1.0,1.0,1.0,0,0,1-25,0
3023,ssi,,"185,211",0,,0,2020-06-16,1,0,1,2,1,60,1.0,1.0,1.0,1,0,101-500,0
3024,JOBMA,,"72,3,75",0,,1,2020-06-17,1,0,1,2,1,60,1.0,1.0,1.0,1,0,1-25,0
3025,JOBMA,,"72,3,75",0,,1,2020-06-17,1,0,1,2,1,60,1.0,1.0,1.0,1,0,1-25,0
3026,JOBMA,,"72,3,75",0,,1,2020-06-17,1,0,1,2,1,60,1.0,1.0,1.0,1,0,1-25,0
3027,JOBMA,,"72,3,75",0,,1,2020-06-17,1,0,1,2,1,60,1.0,1.0,1.0,1,0,1-25,0
3029,test,,73,0,,1,2020-06-17,1,0,1,2,1,60,1.0,1.0,1.0,1,0,1-25,0
3030,JOBMA,,,0,,0,2020-06-17,1,0,1,1,0,100,1.0,1.0,1.0,0,0,1-25,0
3031,JOBMA,,"72,3,75",0,,1,2020-06-18,1,0,1,2,1,60,1.0,1.0,1.0,1,0,1-25,0
3032,JOBMA,,"72,3,75",0,,1,2020-06-18,1,0,1,2,1,60,1.0,1.0,1.0,1,0,1-25,0
3033,Jobma,,212,0,,1,2020-06-19,1,0,1,2,1,60,1.0,1.0,1.0,1,0,1-25,0
3034,ssi,,"72,2,73",0,,1,2020-06-22,1,0,1,2,1,60,1.0,1.0,1.0,1,0,101-500,0
3035,df,,3,0,,1,2020-06-22,1,1,1,2,2,100,1.0,1.0,1.0,0,0,26-100,0
3036,ssi,,3,0,,1,2020-06-22,1,1,1,2,3,100,1.0,1.0,1.0,0,0,26-100,0
3037,ssi,,3,0,,0,2020-06-22,1,1,1,2,10,100,1.0,1.0,1.0,0,0,26-100,0
3038,ssi,,,0,,0,2020-06-22,1,0,1,1,0,100,1.0,1.0,1.0,0,0,26-100,0
3039,Jobma,,2,0,,1,2020-06-23,1,1,1,2,999,100,1.0,1.0,1.0,0,0,101-500,0
3040,Jobma,,3,0,,1,2020-06-23,1,1,1,2,0,100,1.0,1.0,1.0,0,0,101-500,0
3041,ssi,,"92,213,214",0,,1,2020-06-23,1,0,1,2,1,60,1.0,1.0,1.0,1,0,1-25,0
3043,ssi,,"73,74",1,,1,2020-06-24,1,1,1,2,4,100,1.0,1.0,1.0,0,0,1-25,0
3044,ssi,,,0,,0,2020-06-24,1,0,1,1,0,100,1.0,1.0,1.0,0,0,1-25,0
3045,ssi,,,0,,0,2020-06-24,1,0,1,1,0,100,1.0,1.0,1.0,0,0,1-25,0
3046,ssi,,"74,3,4",1,,1,2020-06-24,1,0,1,2,1,100,1.0,1.0,1.0,0,0,1-25,0
3047,ssi,,"1,2,74",1,,1,2020-06-24,1,0,1,2,1,100,1.0,1.0,1.0,0,0,1-25,0
3048,ssi,,,0,,0,2020-06-24,1,0,1,1,0,100,1.0,1.0,1.0,0,0,1-25,0
3049,ssi,,73,1,,1,2020-06-24,1,0,1,2,1,100,1.0,1.0,1.0,0,0,1-25,0
3050,ssi,,74,1,,1,2020-06-24,1,0,1,2,1,60,1.0,1.0,1.0,1,0,1-25,0
3051,ssi,,,0,,0,2020-06-24,1,0,1,1,0,100,1.0,1.0,1.0,0,0,1-25,0
3052,fwer,,3,1,,1,2020-06-24,1,0,1,2,1,100,1.0,1.0,1.0,0,0,1-25,0
3053,Test,,72,0,,1,2020-06-24,1,0,1,2,1,100,1.0,1.0,1.0,0,0,26-100,0
3054,ssi,,"2,4,7",0,,1,2020-06-25,1,1,1,2,0,60,1.0,1.0,1.0,1,0,101-500,0
3055,ssi,,"2,3,7",0,,1,2020-06-25,1,1,1,2,2,60,1.0,1.0,1.0,1,0,500-1000,0
3056,ssi,,3,0,,1,2020-06-25,1,1,1,2,0,100,1.0,1.0,1.0,0,0,26-100,0
3057,ssi,,3,0,,1,2020-06-25,1,1,1,2,1,60,1.0,1.0,1.0,1,0,101-500,0
3058,ssi,,3,0,,1,2020-06-25,1,1,1,2,0,60,1.0,1.0,1.0,1,0,26-100,0
3059,ssi,,1,0,,1,2020-06-25,1,0,1,2,1,100,1.0,1.0,1.0,0,0,26-100,0
3060,ssi,,2,0,,1,2020-06-25,1,0,1,2,1,60,1.0,1.0,1.0,1,0,26-100,0
3061,ssi,,,0,,0,2020-06-25,1,0,1,1,0,100,1.0,1.0,1.0,0,0,26-100,0
3062,ssi,,"72,2,74",1,,1,2020-06-25,1,0,1,2,1,100,1.0,1.0,1.0,0,0,1-25,0
3063,ssi,,,0,,0,2020-06-25,1,0,1,1,0,100,1.0,1.0,1.0,0,0,1-25,0
3064,ssi,,4,0,,1,2020-06-25,1,1,1,2,3,100,1.0,1.0,1.0,0,0,101-500,0
3065,ssi,,4,0,,1,2020-06-25,1,1,1,2,3,100,1.0,1.0,1.0,0,0,500-1000,0
3066,ssi,,3,0,,1,2020-06-25,1,1,1,2,2,100,1.0,1.0,1.0,0,0,500-1000,0
3067,ssi,,3,0,,1,2020-06-25,1,1,1,2,3,60,1.0,1.0,1.0,1,0,500-1000,0
3068,ssi,,2,0,,1,2020-06-25,1,1,1,2,0,100,1.0,1.0,1.0,0,0,1-25,0
3069,sdf,,4,0,,1,2020-06-25,1,1,1,2,3,60,1.0,1.0,1.0,1,0,101-500,0
3070,ssi,,4,0,,1,2020-06-25,1,1,1,2,3,60,1.0,1.0,1.0,1,0,26-100,0
3071,ssi,,4,0,,1,2020-06-25,1,1,1,2,1,100,1.0,1.0,1.0,0,0,26-100,0
3072,ssi,,4,0,,1,2020-06-25,1,1,1,2,1,100,1.0,1.0,1.0,0,0,26-100,0
3073,ssi,,3,0,,1,2020-06-25,1,1,1,2,1,60,1.0,1.0,1.0,1,0,101-500,0
3074,Test,,72,0,,1,2020-06-25,1,0,1,2,1,60,1.0,1.0,1.0,1,0,101-500,0
3075,ssi,,"2,3,7",0,,1,2020-06-25,1,1,1,2,1,100,1.0,1.0,1.0,0,0,101-500,0
3076,ssi,,3,0,,1,2020-06-26,1,1,1,2,1,100,1.0,1.0,1.0,0,0,26-100,0
3077,ssi,,,0,,0,2020-06-26,1,0,1,1,0,100,1.0,1.0,1.0,0,0,101-500,0
3078,ssi,,1,0,,1,2020-06-26,1,0,1,2,1,60,1.0,1.0,1.0,1,0,26-100,0
3079,assi,,3,0,,1,2020-06-26,1,1,1,2,0,100,1.0,1.0,1.0,0,0,1-25,0
3081,ssi,,3,0,,1,2020-06-26,1,1,1,2,3,60,1.0,1.0,1.0,1,0,1-25,0
3082,jobma,,2,1,,1,2020-06-26,1,0,1,2,1,100,1.0,1.0,1.0,0,0,1-25,0
3084,ssi,,73,1,,1,2020-06-26,1,0,1,2,1,100,1.0,1.0,1.0,0,0,1-25,0
3085,ssi,,,0,,0,2020-06-26,1,0,1,1,0,100,1.0,1.0,1.0,0,0,26-100,0
3087,ssi,,2,1,,1,2020-06-26,1,0,1,2,1,100,1.0,1.0,1.0,0,0,1-25,0
3088,ssi,,3,1,,1,2020-06-26,1,0,1,2,1,100,1.0,1.0,1.0,0,0,1-25,0
3089,dsfsd,,2,0,,1,2020-06-26,1,1,1,2,3,60,1.0,1.0,1.0,1,0,1-25,0
3090,dsfsd,,,0,,0,2020-06-26,1,0,1,1,0,100,1.0,1.0,1.0,0,0,1-25,0
3091,ssi,,4,0,,1,2020-06-26,1,1,1,2,13,100,1.0,1.0,1.0,0,0,101-500,0
3092,New Jazz HR,,3,1,,1,2020-06-26,1,0,1,2,1,100,1.0,1.0,1.0,0,0,1-25,0
3093,Jobma,,3,0,,1,2020-06-26,1,1,1,2,2,100,1.0,1.0,1.0,0,0,101-500,0
3094,Jobma,,,0,,0,2020-06-26,1,0,1,1,0,100,1.0,1.0,1.0,0,0,101-500,0
3095,Jobma,,,0,,0,2020-06-26,1,0,1,1,0,100,1.0,1.0,1.0,0,0,101-500,0
3096,Jobma,,,0,,0,2020-06-26,1,0,1,1,0,100,1.0,1.0,1.0,0,0,101-500,0
3098,Jobma,,2,0,,1,2020-06-26,1,0,1,2,1,100,1.0,1.0,1.0,0,0,101-500,0
3099,Jobma,,,0,,0,2020-06-26,1,0,1,1,0,100,1.0,1.0,1.0,0,0,101-500,0
3100,ssi,,3,0,,1,2020-06-26,1,1,1,2,4,60,1.0,1.0,1.0,1,0,101-500,0
3101,ssi,,,0,,0,2020-06-26,1,0,1,1,0,100,1.0,1.0,1.0,0,0,101-500,0
3102,ssi,,3,0,,1,2020-06-26,1,1,1,2,2,100,1.0,1.0,1.0,0,0,1-25,0
3103,ssi,,,0,,0,2020-06-26,1,0,1,1,0,100,1.0,1.0,1.0,0,0,1-25,0
3104,sdsd,,4,0,,1,2020-06-26,1,1,1,2,2,60,1.0,1.0,1.0,1,0,500-1000,0
3105,sdf,,3,0,,1,2020-06-26,1,1,1,2,2,100,1.0,1.0,1.0,0,0,500-1000,0
3106,sdf,,,0,,0,2020-06-26,1,0,1,1,0,100,1.0,1.0,1.0,0,0,500-1000,0
3107,sds,,3,0,,1,2020-06-26,1,1,1,2,2,60,1.0,1.0,1.0,1,0,101-500,0
3108,dsfsd,,,0,,0,2020-06-26,1,0,1,1,0,100,1.0,1.0,1.0,0,0,1-25,0
3109,ssi,,4,0,,1,2020-06-26,1,1,1,2,2,100,1.0,1.0,1.0,0,0,26-100,0
3110,ssi,,,0,,0,2020-06-26,1,0,1,1,0,100,1.0,1.0,1.0,0,0,26-100,0
3111,edasd,,3,1,,1,2020-06-26,1,1,1,2,4,100,1.0,1.0,1.0,0,0,1-25,0
3112,edasd,,,0,,0,2020-06-26,1,0,1,1,0,100,1.0,1.0,1.0,0,0,1-25,0
3113,ssi,,"1,2,73",0,,1,2020-06-29,1,1,1,2,3,60,1.0,1.0,1.0,1,0,101-500,0
3114,ssi,,,0,,0,2020-06-29,1,0,1,1,0,100,1.0,1.0,1.0,0,0,1-25,0
3115,ssi,,,0,,0,2020-06-29,1,0,1,1,0,100,1.0,1.0,1.0,0,0,1-25,0
3116,ssi,,7,0,,1,2020-06-29,1,1,1,2,2,100,1.0,1.0,1.0,0,0,101-500,0
3117,ssi,,,0,,0,2020-06-29,1,0,1,1,0,100,1.0,1.0,1.0,0,0,101-500,0
3118,ssii,,"2,73",0,,1,2020-06-29,1,0,1,2,1,60,1.0,1.0,1.0,1,0,26-100,0
3119,ssi,,"72,2,74",0,,1,2020-06-29,1,0,1,2,1,60,1.0,1.0,1.0,1,0,26-100,0
3120,ssi,,,0,,0,2020-06-29,1,0,1,1,0,100,1.0,1.0,1.0,0,0,1-25,0
3121,ssi,,"2,73",0,,1,2020-06-29,1,1,1,2,6,60,1.0,1.0,1.0,1,0,26-100,0
3122,ssi,,,0,,0,2020-06-29,1,0,1,1,0,100,1.0,1.0,1.0,0,0,1-25,0
3123,ssi,,,0,,0,2020-06-29,1,0,1,1,0,100,1.0,1.0,1.0,0,0,1-25,0
3124,ssi,,,0,,0,2020-06-29,1,0,1,1,0,100,1.0,1.0,1.0,0,0,1-25,0
3125,ssi,,3,0,,1,2020-06-29,1,1,1,2,5,100,1.0,1.0,1.0,0,0,101-500,0
3126,ssi,,,0,,0,2020-06-29,1,0,1,1,0,100,1.0,1.0,1.0,0,0,101-500,0
3127,ssi,,,0,,0,2020-06-29,1,0,1,1,0,100,1.0,1.0,1.0,0,0,101-500,0
3128,ssi,,,0,,0,2020-06-29,1,0,1,1,0,100,1.0,1.0,1.0,0,0,101-500,0
3129,ssi,,,0,,0,2020-06-29,1,0,1,1,0,100,1.0,1.0,1.0,0,0,101-500,0
3130,ssi,,,0,,0,2020-06-29,1,0,1,1,0,100,1.0,1.0,1.0,0,0,101-500,0
3131,ssi,,"4,242323",0,,1,2020-06-30,1,1,1,2,11,100,1.0,1.0,1.0,0,0,26-100,0
3132,ssi,,,0,,0,2020-06-30,1,0,1,1,0,100,1.0,1.0,1.0,0,0,26-100,0
3133,ssi,,,0,,0,2020-06-30,1,0,1,1,0,100,1.0,1.0,1.0,0,0,26-100,0
3134,ssi,,,0,,0,2020-06-30,1,0,1,1,0,100,1.0,1.0,1.0,0,0,26-100,0
3135,ssi,,,0,,0,2020-06-30,1,0,1,1,0,100,1.0,1.0,1.0,0,0,26-100,0
3136,ssi,,,0,,0,2020-06-30,1,0,1,1,0,100,1.0,1.0,1.0,0,0,26-100,0
3137,ssi,,,0,,0,2020-07-01,1,0,1,1,0,100,1.0,1.0,1.0,0,0,26-100,0
3138,ssi,,,0,,0,2020-07-01,1,0,1,1,0,100,1.0,1.0,1.0,0,0,26-100,0
3139,ssi,,"72,73,3",0,,1,2020-07-01,1,1,1,2,4,60,1.0,1.0,1.0,1,0,500-1000,0
3140,ssi,,,0,,0,2020-07-01,1,0,1,1,0,100,1.0,1.0,1.0,0,0,500-1000,0
3141,ssi,,,0,,0,2020-07-01,1,0,1,1,0,100,1.0,1.0,1.0,0,0,500-1000,0
3143,ssi,,74,1,,1,2020-07-01,1,0,1,2,1,100,1.0,1.0,1.0,0,0,1-25,0
3144,ssi,,,0,,0,2020-07-01,1,0,1,1,0,100,1.0,1.0,1.0,0,0,1-25,0
3145,Test,,2,0,,1,2020-07-01,1,1,1,2,2,60,1.0,1.0,1.0,1,0,26-100,0
3146,Test,,,0,,0,2020-07-01,1,0,1,1,0,100,1.0,1.0,1.0,0,0,1-25,0
3147,Test,,72,0,,1,2020-07-01,1,1,1,2,2,100,1.0,1.0,1.0,0,0,1-25,0
3150,Rins,,"1,51",8,,1,2020-07-02,1,0,1,2,1,60,1.0,1.0,1.0,1,0,26-100,0
3151,ad services,,,0,2,0,2020-07-02,1,0,1,1,0,100,1.0,1.0,1.0,0,0,26-100,0
3152,Jobma,,2,0,,1,2020-07-02,1,0,1,2,1,100,1.0,1.0,1.0,0,0,101-500,0
3153,ssi,,1,0,,1,2020-07-02,1,1,1,2,1,100,1.0,1.0,1.0,0,0,26-100,0
3154,Jobma,,,0,,0,2020-07-02,1,0,1,1,0,100,1.0,1.0,1.0,0,0,101-500,0
3155,ssi,,2,0,,1,2020-07-02,1,1,1,2,1,100,1.0,1.0,1.0,0,0,1-25,0
3156,ssi,,3,0,,1,2020-07-02,1,1,1,2,0,100,3.0,5.0,1.0,0,0,26-100,0
3157,ssi,,2,0,,1,2020-07-02,1,1,1,2,0,60,1.0,1.0,1.0,1,0,101-500,0
3158,ssi,,7,0,,1,2020-07-02,1,1,1,2,2,100,1.0,1.0,1.0,0,0,500-1000,0
3159,ssi,,"72,73,74",0,,1,2020-07-02,1,0,1,2,1,60,1.0,1.0,1.0,1,0,26-100,0
3160,cdds,,3,0,,1,2020-07-02,1,1,1,2,0,60,1.0,1.0,1.0,1,0,1-25,0
3161,ssi,,1,0,,1,2020-07-02,1,1,1,2,1,60,1.0,1.0,1.0,1,0,1-25,0
3163,ssi,,215,0,,1,2020-07-03,1,1,1,2,4,100,1.0,1.0,1.0,0,0,1-25,0
3164,ssi,,4,0,,1,2020-07-03,1,1,1,2,2,100,1.0,1.0,1.0,0,0,500-1000,0
3165,ssi,,,0,,0,2020-07-03,1,0,1,1,0,100,1.0,1.0,1.0,0,0,500-1000,0
3166,test,,3,0,,1,2020-07-03,1,1,1,2,1,60,1.0,1.0,1.0,1,0,26-100,0
3167,ad services,,,0,2,0,2020-07-03,1,0,1,1,0,100,1.0,1.0,1.0,0,0,26-100,0
3168,Test,,72,0,,1,2020-07-03,1,0,1,2,1,60,1.0,1.0,1.0,1,0,1-25,0
3169,ssi,,73,0,,1,2020-07-03,1,0,1,2,1,60,1.0,1.0,1.0,1,0,101-500,0
3171,ssi,,2,0,,1,2020-07-07,1,1,1,2,2,60,1.0,1.0,1.0,1,0,26-100,0
3172,ssi,,,0,,0,2020-07-07,1,0,1,1,0,100,1.0,1.0,1.0,0,0,26-100,0
3173,ssi,,2,0,,1,2020-07-07,1,1,1,2,1,100,1.0,1.0,1.0,0,0,1-25,0
3174,ssi,,72,0,,1,2020-07-07,1,0,1,2,1,60,1.0,1.0,1.0,1,0,26-100,0
3175,ssi,,,0,,0,2020-07-07,1,0,1,1,0,100,1.0,1.0,1.0,0,0,26-100,0
3176,ssi,,2,0,,1,2020-07-08,1,0,1,2,1,60,1.0,1.0,1.0,1,0,1-25,0
3177,ssi,,,0,,0,2020-07-08,1,0,1,1,0,100,1.0,1.0,1.0,0,0,1-25,0
3178,Jobma,,2,0,,1,2020-07-08,1,0,1,2,1,60,1.0,1.0,1.0,1,0,1-25,0
3179,Jobma,,72,0,,1,2020-07-08,1,0,1,2,1,100,1.0,1.0,1.0,0,0,1-25,0
3180,Jobma,,,0,,0,2020-07-08,1,0,1,1,0,100,1.0,1.0,1.0,0,0,1-25,0
3181,Jobma,,2,0,,1,2020-07-08,1,1,1,2,1,100,1.0,1.0,1.0,0,0,1-25,0
3182,Test,,,0,,0,2020-07-08,1,0,1,1,0,100,1.0,1.0,1.0,0,0,1-25,0
3183,Demo,,3,0,,1,2020-07-09,1,1,1,2,0,60,1.0,1.0,1.0,1,0,26-100,0
3184,Test,,3,0,,1,2020-07-09,1,1,1,2,0,60,1.0,1.0,1.0,1,0,1-25,0
3185,Test,,2,0,,1,2020-07-09,1,1,1,2,0,60,1.0,1.0,1.0,1,0,1-25,0
3186,Test,,3,0,,1,2020-07-09,1,1,1,2,0,100,1.0,1.0,1.0,0,0,1-25,0
3187,Test,,2,0,,1,2020-07-09,1,1,1,2,0,100,1.0,1.0,1.0,0,0,1-25,0
3188,Test,,7,0,,1,2020-07-09,1,1,1,2,0,60,1.0,1.0,1.0,1,0,1-25,0
3189,test,,3,0,,1,2020-07-09,1,1,1,2,0,60,1.0,1.0,1.0,1,0,26-100,0
3190,ad services,,,0,2,0,2020-07-09,1,0,1,1,0,100,1.0,1.0,1.0,0,0,26-100,0
3194,ssi,,3,0,,1,2020-07-09,1,1,1,2,0,100,1.0,1.0,1.0,0,0,26-100,0
3196,Jobma,,3,0,,1,2020-07-09,1,1,1,2,0,100,1.0,1.0,1.0,0,0,1-25,0
3197,Jobma,,3,0,,1,2020-07-09,1,1,1,2,0,100,1.0,1.0,1.0,0,0,26-100,0
3198,Jobma,,2,0,,1,2020-07-09,1,1,1,2,0,60,1.0,1.0,1.0,1,0,101-500,0
3199,test,,3,0,,1,2020-07-09,1,1,1,2,0,60,1.0,1.0,1.0,1,0,26-100,0
3202,ad services,,,0,2,0,2020-07-09,1,0,1,1,0,100,1.0,1.0,1.0,0,0,26-100,0
3203,sdfsdf,,2,0,,1,2020-07-09,1,1,1,2,100,60,1.0,1.0,1.0,1,0,1-25,0
3205,ssi,,3,0,,1,2020-07-09,1,1,1,2,100,60,1.0,1.0,1.0,1,0,26-100,0
3206,ssi,,3,0,,1,2020-07-09,1,1,1,2,100,100,1.0,10.0,1.0,0,0,1-25,0
3207,Test,,,0,,0,2020-07-09,1,0,1,1,100,100,1.0,1.0,1.0,0,0,1-25,0
3208,Jobma,,,0,,0,2020-07-09,1,0,1,1,100,100,1.0,1.0,1.0,0,0,101-500,0
3209,DSFDS,,3,0,,1,2020-07-09,1,1,1,2,0,60,1.0,1.0,1.0,1,0,101-500,0
3213,Jobma,,,0,,0,2020-07-09,1,0,1,1,0,100,1.0,1.0,1.0,0,0,101-500,0
3214,ZQ,,2,0,,1,2020-07-09,1,1,1,2,100,100,1.0,1.0,1.0,0,0,1-25,0
3215,ZQ,,,0,,0,2020-07-09,1,0,1,1,0,100,1.0,1.0,1.0,0,0,1-25,0
3216,ssi,,,0,,0,2020-07-09,1,0,1,1,0,100,1.0,1.0,1.0,0,0,1-25,0
3217,ssi,,,0,,0,2020-07-09,1,0,1,1,0,100,1.0,1.0,1.0,0,0,1-25,0
3218,test,,3,0,,1,2020-07-09,1,1,1,2,100,60,1.0,1.0,1.0,1,0,26-100,0
3219,test,,,0,,0,2020-07-09,1,0,1,1,0,100,1.0,1.0,1.0,0,0,26-100,0
3220,MS,,7,0,,1,2020-07-09,1,1,1,2,100,60,1.0,1.0,1.0,1,0,1-25,0
3221,sfdff,,3,0,,1,2020-07-09,1,1,1,2,0,60,1.0,1.0,1.0,1,0,1-25,0
3222,MS,,,0,,0,2020-07-09,1,0,1,1,0,100,1.0,1.0,1.0,0,0,1-25,0
3223,dsfs,,216,0,,1,2020-07-09,1,0,1,2,1,60,1.0,1.0,1.0,1,0,26-100,0
3224,dsfs,,,0,,0,2020-07-09,1,0,1,1,0,100,1.0,1.0,1.0,0,0,1-25,0
3225,ssi,,2,0,,1,2020-07-10,1,1,1,2,100,100,1.0,1.0,1.0,0,0,1-25,0
3226,ssi,,2,0,,1,2020-07-10,1,1,1,2,100,60,1.0,1.0,1.0,1,0,26-100,0
3227,test,,,0,,0,2020-07-10,1,0,1,1,0,100,1.0,1.0,1.0,0,0,26-100,0
3228,ssi,,"3,4,7",0,,1,2020-07-10,1,1,1,2,100,100,1.0,1.0,1.0,0,0,26-100,0
3229,ssi,,74,1,,1,2020-07-10,1,1,1,2,4,100,1.0,1.0,1.0,0,0,1-25,0
3230,ssi,,,0,,0,2020-07-10,1,0,1,1,0,100,1.0,1.0,1.0,0,0,26-100,0
3231,test,,,0,,0,2020-07-10,1,0,1,1,0,100,1.0,1.0,1.0,0,0,26-100,0
3232,ssi,,,0,,0,2020-07-10,1,0,1,1,0,100,1.0,1.0,1.0,0,0,1-25,0
3233,ssi,,,0,,0,2020-07-10,1,0,1,1,0,100,1.0,1.0,1.0,0,0,1-25,0
3234,ad services,,,0,2,0,2020-07-10,1,0,1,1,0,100,1.0,1.0,1.0,0,0,26-100,0
3236,ssi,,,0,,0,2020-07-10,1,0,1,1,0,100,1.0,1.0,1.0,0,0,1-25,0
3238,ssi,,"3,4,7",0,,1,2020-07-10,1,1,1,2,100,100,1.0,1.0,1.0,0,0,26-100,0
3239,ssi,,,0,,0,2020-07-10,1,0,1,1,0,100,1.0,1.0,1.0,0,0,26-100,0
3240,ssi,,,0,,0,2020-07-10,1,0,1,1,0,100,1.0,1.0,1.0,0,0,1-25,0
3241,ssi,,72,0,,1,2020-07-10,1,0,1,2,1,60,1.0,1.0,1.0,1,0,26-100,0
3242,ASD,,52,0,,1,2020-07-10,1,1,1,2,100,60,1.0,1.0,1.0,1,0,1-25,0
3243,ssi,,,0,,0,2020-07-13,1,0,1,1,0,100,1.0,1.0,1.0,0,0,26-100,0
3244,ASD,,,0,,0,2020-07-13,1,0,1,1,0,100,1.0,1.0,1.0,0,0,1-25,0
3245,ASD,,,0,,0,2020-07-13,1,0,1,1,0,100,1.0,1.0,1.0,0,0,1-25,0
3246,ASD,,,0,,0,2020-07-13,1,0,1,1,0,100,1.0,1.0,1.0,0,0,1-25,0
3247,ASD,,,0,,0,2020-07-13,1,0,1,1,0,100,1.0,1.0,1.0,0,0,1-25,0
3248,ASD,,,0,,0,2020-07-13,1,0,1,1,0,100,1.0,1.0,1.0,0,0,1-25,0
3249,Jobma,,3,0,,1,2020-07-13,1,1,1,2,100,100,1.0,1.0,1.0,0,0,26-100,0
3250,ssi,,1,0,,1,2020-07-13,1,1,1,2,100,100,1.0,1.0,1.0,0,0,26-100,0
3251,ssi,,"1,72,73",0,,1,2020-07-13,1,1,1,2,4,60,1.0,1.0,1.0,1,0,101-500,0
3252,ssi,,,0,,0,2020-07-13,1,0,1,1,0,100,1.0,1.0,1.0,0,0,1-25,0
3253,ssi,,,0,,0,2020-07-13,1,0,1,1,0,100,1.0,1.0,1.0,0,0,1-25,0
3254,Jobma,,,0,,0,2020-07-13,1,0,1,1,0,100,1.0,1.0,1.0,0,0,26-100,0
3255,ssi,,,0,,0,2020-07-13,1,0,1,1,0,100,1.0,1.0,1.0,0,0,26-100,0
3256,ssi,,,0,,0,2020-07-13,1,0,1,1,0,100,1.0,1.0,1.0,0,0,1-25,0
3257,ssi,,2,0,,1,2020-07-13,1,1,1,2,2,100,1.0,1.0,1.0,0,0,1-25,0
3258,ssi,,3,0,,1,2020-07-13,1,1,1,2,100,100,1.0,1.0,1.0,0,0,26-100,0
3259,ssi,,,0,,0,2020-07-13,1,0,1,1,0,100,1.0,1.0,1.0,0,0,1-25,0
3261,ssi,,3,0,,1,2020-07-13,1,1,1,2,100,60,1.0,1.0,1.0,1,0,101-500,0
3262,Jobma,,,0,,0,2020-07-13,1,0,1,1,0,100,1.0,1.0,1.0,0,0,26-100,0
3263,sda,,3,0,,1,2020-07-13,1,1,1,2,100,60,1.0,1.0,1.0,1,0,101-500,0
3264,RinCustom,,3,0,,1,2020-07-13,1,1,1,2,100,100,1.0,1.0,1.0,0,0,26-100,0
3265,test,,4,0,,1,2020-07-13,1,1,1,2,100,60,1.0,1.0,1.0,1,0,26-100,0
3266,xzzhcgzxjkc,,4,0,,1,2020-07-13,1,1,1,2,100,100,1.0,1.0,1.0,0,0,26-100,0
3267,ssi,,2,0,,1,2020-07-13,1,1,1,2,100,100,1.0,1.0,1.0,0,0,1-25,0
3268,ssi,,72,0,,1,2020-07-13,1,0,1,2,1,60,1.0,1.0,1.0,1,0,101-500,0
3269,dsfsdf,,3,0,,1,2020-07-13,1,1,1,2,100,60,1.0,1.0,1.0,1,0,26-100,0
3270,sdf,,2,0,,1,2020-07-13,1,1,1,2,0,60,1.0,1.0,1.0,1,0,26-100,0
3271,ssi,,2,0,,1,2020-07-14,1,1,1,2,100,100,1.0,1.0,1.0,0,0,101-500,0
3272,si,,3,0,,1,2020-07-14,1,1,1,2,0,100,1.0,1.0,1.0,0,0,1-25,0
3273,Company,,73,3,,1,2020-07-14,1,0,1,2,1,100,1.0,1.0,1.0,0,0,1-25,0
3274,ssi,,,0,,0,2020-07-14,1,0,1,1,0,100,1.0,1.0,1.0,0,0,26-100,0
3275,jobma,,2,0,,1,2020-07-14,1,1,1,2,1,100,1.0,1.0,1.0,0,0,1-25,0
3276,jobma,,,0,,0,2020-07-14,1,0,1,1,0,100,1.0,1.0,1.0,0,0,1-25,0
3277,ssi,,2,0,,1,2020-07-14,1,1,1,2,2,100,1.0,1.0,1.0,0,0,26-100,0
3278,ssi,,,0,,0,2020-07-14,1,0,1,1,0,100,1.0,1.0,1.0,0,0,26-100,0
3279,fwewr,,"72,73,74",1,,1,2020-07-14,1,0,1,2,1,100,1.0,1.0,1.0,0,0,1-25,0
3280,SSI,,3,0,,1,2020-07-14,1,1,1,2,100,100,10.0,15.0,1.0,0,0,26-100,0
3281,ds,,3,0,,1,2020-07-14,1,1,1,2,100,100,1.0,1.0,1.0,0,0,26-100,0
3282,Production,,2,0,,1,2020-07-14,1,1,1,2,100,100,1.0,1.0,1.0,0,0,26-100,0
3283,sd,,3,0,,1,2020-07-14,1,1,1,2,100,100,1.0,1.0,1.0,0,0,101-500,0
3284,sdf,,3,0,,1,2020-07-14,1,1,1,2,100,60,1.0,1.0,1.0,1,0,1-25,0
3285,dfdsf,,4,0,,1,2020-07-14,1,1,1,2,0,100,1.0,1.0,1.0,0,0,26-100,0
3286,Jobma,,"2,73,74",0,,1,2020-07-14,1,0,1,2,1,60,1.0,1.0,1.0,1,0,26-100,0
3287,ssi,,,0,,0,2020-07-14,1,0,1,1,0,100,1.0,1.0,1.0,0,0,1-25,0
3288,Jobma,,"2,4",0,,1,2020-07-14,1,1,1,2,4,100,1.0,1.0,1.0,0,0,1-25,0
3289,ssi,,4,0,,1,2020-07-14,1,1,1,2,2,100,1.0,1.0,1.0,0,0,26-100,0
3290,ssi,,,0,,0,2020-07-14,1,0,1,1,0,100,1.0,1.0,1.0,0,0,26-100,0
3291,sds,,2,0,,1,2020-07-14,1,1,1,2,100,100,1.0,1.0,1.0,0,0,101-500,0
3292,Jobma,,"3,7",0,,1,2020-07-14,1,1,1,2,100,100,1.0,1.0,1.0,0,0,26-100,0
3293,Jobma,,"3,7",0,,1,2020-07-14,1,1,1,2,100,60,1.0,1.0,1.0,1,0,101-500,0
3294,ssi,,4,0,,1,2020-07-14,1,1,1,2,100,60,1.0,1.0,1.0,1,0,1-25,0
3295,Jobma,,,0,,0,2020-07-14,1,0,1,1,0,100,1.0,1.0,1.0,0,0,26-100,0
3296,Jobma,,,0,,0,2020-07-14,1,0,1,1,0,100,1.0,1.0,1.0,0,0,1-25,0
3297,sdf,,73,1,,1,2020-07-14,1,0,1,1,1,100,1.0,1.0,1.0,0,0,1-25,0
3298,sdas,,2,0,,1,2020-07-14,1,1,1,2,100,100,1.0,1.0,1.0,0,0,1-25,0
3299,Jobma,,"2,4",0,,1,2020-07-14,1,1,1,2,100,100,1.0,1.0,1.0,0,0,26-100,0
3300,SSI,,,0,,0,2020-07-14,1,0,1,1,0,100,1.0,1.0,1.0,0,0,26-100,0
3301,SSI,,,0,,0,2020-07-14,1,0,1,1,0,100,1.0,1.0,1.0,0,0,26-100,0
3302,SSI,,,0,,0,2020-07-14,1,0,1,1,0,100,1.0,1.0,1.0,0,0,26-100,0
3303,ssi,,3,0,,1,2020-07-14,1,1,1,2,100,60,1.0,1.0,1.0,1,0,26-100,0
3304,ssi,,4,0,,1,2020-07-14,1,1,1,2,100,100,1.0,1.0,1.0,0,0,26-100,0
3305,sdf,,3,0,,1,2020-07-14,1,1,1,2,100,60,1.0,1.0,1.0,1,0,26-100,0
3306,ssii,,4,0,,1,2020-07-14,1,1,1,2,0,100,1.0,1.0,1.0,0,0,101-500,0
3307,ssi,,73,0,,1,2020-07-14,1,0,1,2,1,60,1.0,1.0,1.0,1,0,101-500,0
3308,sdf,,73,0,,1,2020-07-14,1,0,1,2,1,60,1.0,1.0,1.0,1,0,101-500,0
3309,ssi,,2,0,,1,2020-07-14,1,0,1,2,1,60,1.0,1.0,1.0,1,0,26-100,0
3310,test,,2,0,,1,2020-07-14,1,0,1,2,1,100,1.0,1.0,1.0,0,0,26-100,0
3311,Jobma,,"73,74",0,,1,2020-07-14,1,0,1,2,1,100,1.0,1.0,1.0,0,0,101-500,0
3312,ssi,,2,0,,1,2020-07-14,1,0,1,2,1,100,1.0,1.0,1.0,0,0,26-100,0
3313,ssi,,73,0,,1,2020-07-14,1,0,1,2,1,100,1.0,1.0,1.0,0,0,500-1000,0
3314,ssi,,2,0,,1,2020-07-14,1,0,1,2,1,60,1.0,1.0,1.0,1,0,26-100,0
3315,Jobma,,"72,2",0,,1,2020-07-14,1,0,1,2,1,100,1.0,1.0,1.0,0,0,26-100,0
3316,sdf,,72,0,,1,2020-07-14,1,0,1,2,1,60,1.0,1.0,1.0,1,0,1-25,0
3317,Changed Comp Name,,2,0,1,1,2020-07-14,1,1,1,2,4,100,1.0,1.0,1.0,1,0,26-100,0
3318,Test,,"72,2,73",0,,1,2020-07-15,1,1,1,2,3,60,1.0,1.0,1.0,1,0,1-25,0
3319,Test,,,0,,0,2020-07-15,1,0,1,1,0,100,1.0,1.0,1.0,0,0,1-25,0
3320,mm,,72,0,,1,2020-07-15,1,1,1,2,2,100,1.0,1.0,1.0,0,0,1-25,0
3321,mm,,,0,,0,2020-07-15,1,0,1,1,0,100,1.0,1.0,1.0,0,0,1-25,0
3322,Test,,3,0,,1,2020-07-15,1,1,1,2,1,100,1.0,1.0,1.0,0,0,101-500,0
3323,Test,,,0,,0,2020-07-15,1,0,1,1,0,100,1.0,1.0,1.0,0,0,101-500,0
3324,SSI,,217,0,,1,2020-07-15,1,0,1,2,1,60,1.0,1.0,1.0,1,0,1-25,0
3325,Test,,4,0,,1,2020-07-15,1,1,1,2,100,100,1.0,1.0,1.0,0,0,1-25,0
3326,Test,,,0,,0,2020-07-15,1,0,1,1,0,100,1.0,1.0,1.0,0,0,1-25,0
3327,gfb,,2,0,,1,2020-07-15,1,1,1,2,100,60,1.0,1.0,1.0,1,0,26-100,0
3328,Test,,4,0,,1,2020-07-15,1,1,1,2,3,60,1.0,1.0,1.0,1,0,26-100,0
3329,Jobma,,4,0,,1,2020-07-15,1,1,1,2,0,100,1.0,1.0,1.0,0,0,26-100,0
3330,Jobma,,3,0,,1,2020-07-15,1,1,1,2,100,60,1.0,1.0,1.0,1,0,26-100,0
3331,Test,,,0,,0,2020-07-15,1,0,1,1,0,100,1.0,1.0,1.0,0,0,26-100,0
3332,Test,,2,0,,1,2020-07-15,1,1,1,2,100,60,1.0,1.0,1.0,1,0,1-25,0
3333,Test,,2,0,,1,2020-07-15,1,1,1,2,100,100,1.0,1.0,1.0,0,0,1-25,0
3334,ssi,,3,0,,1,2020-07-15,1,1,1,2,100,100,1.0,1.0,1.0,0,0,1-25,0
3335,SSI,,,0,,0,2020-07-16,1,0,1,1,0,100,1.0,1.0,1.0,0,0,1-25,0
3336,sysi,,3,0,,1,2020-07-17,1,0,1,2,1,60,1.0,1.0,1.0,1,0,26-100,0
3337,sd,,2,0,,1,2020-07-17,1,1,1,2,3,60,1.0,1.0,1.0,1,0,26-100,0
3338,Changed Comp Name,,,0,1,0,2020-07-17,1,0,1,1,0,100,1.0,1.0,1.0,0,0,26-100,0
3339,dsd,,73,0,,1,2020-07-17,1,0,1,2,1,60,1.0,1.0,1.0,1,0,26-100,0
3340,ssi,,72,0,,1,2020-07-17,1,1,1,2,2,100,1.0,1.0,1.0,0,0,26-100,0
3341,ssi,,3,0,,1,2020-07-17,1,1,1,2,100,100,1.0,1.0,1.0,0,0,101-500,0
3342,ssi,,3,0,,1,2020-07-17,1,1,1,2,100,60,1.0,1.0,1.0,1,0,101-500,0
3343,sdsa,,3,0,,1,2020-07-17,1,1,1,2,4,100,1.0,1.0,1.0,0,0,26-100,0
3344,ssi,,3,0,,1,2020-07-17,1,1,1,2,4,60,1.0,1.0,1.0,1,0,26-100,0
3345,JOBMA,,"72,3,75",0,,1,2020-07-17,1,1,1,2,15,60,1.0,1.0,1.0,1,0,1-25,0
3346,Jobm,,218,0,,1,2020-07-20,1,0,1,2,1,60,1.0,1.0,1.0,1,0,26-100,0
3347,JOBMA,,"72,3,75",0,,1,2020-07-20,1,0,1,2,1,60,1.0,1.0,1.0,1,0,1-25,0
3348,JOBMA,,"72,3,75",0,,1,2020-07-20,1,0,1,2,1,60,1.0,1.0,1.0,1,0,1-25,0
3349,JOBMA,,"72,3,75",0,,1,2020-07-20,1,0,1,2,1,60,1.0,1.0,1.0,1,0,1-25,0
3350,JOBMA,,"72,3,75",0,,1,2020-07-20,1,0,1,2,1,60,1.0,1.0,1.0,1,0,1-25,0
3351,JOBMA,,"72,3,75",0,,1,2020-07-21,1,0,1,2,1,60,1.0,1.0,1.0,1,0,1-25,0
3352,JOBMA,,"72,3,75",0,,1,2020-07-21,1,1,1,2,3,60,1.0,1.0,1.0,1,0,1-25,0
3353,SSI,,"2,8,10",0,,1,2020-07-23,1,1,1,2,2,60,1.0,1.0,1.0,1,0,1-25,0
3354,SSI,,"2,8,10",0,,1,2020-07-24,1,1,1,2,2,60,1.0,1.0,1.0,1,0,1-25,0
3355,SSI,,"2,8,10",0,,1,2020-07-24,1,1,1,2,2,60,1.0,1.0,1.0,1,0,1-25,0
3356,SSI,,"2,8,10",0,,1,2020-07-24,1,1,1,2,2,60,1.0,1.0,1.0,1,0,1-25,0
3357,SSI,,"2,8,10",0,,1,2020-07-24,1,1,1,2,2,60,1.0,1.0,1.0,1,0,1-25,0
3358,SSI,,"2,8,10",0,,1,2020-07-24,1,1,1,2,2,60,1.0,1.0,1.0,1,0,1-25,0
3359,SSI,,"2,8,10",0,,1,2020-07-24,1,1,1,2,2,60,1.0,1.0,1.0,1,0,1-25,0
3360,SSI,,"2,8,10",0,,1,2020-07-24,1,1,1,2,2,60,1.0,1.0,1.0,1,0,1-25,0
3361,SSI,,"2,8,10",0,,1,2020-07-24,1,1,1,2,2,60,1.0,1.0,1.0,1,0,1-25,0
3362,SSI,,"2,8,10",0,,1,2020-07-24,1,1,1,2,6,60,1.0,1.0,1.0,1,0,1-25,0
3363,SSI,,"2,8,10",0,,1,2020-07-24,1,1,1,2,2,60,1.0,1.0,1.0,1,0,1-25,0
3364,ssi,,73,0,,1,2020-07-24,1,0,1,2,1,60,1.0,1.0,1.0,1,0,26-100,0
3365,Test,,72,0,,1,2020-07-24,1,0,1,2,1,60,1.0,1.0,1.0,1,0,26-100,0
3366,SSI,,"2,8,10",0,,1,2020-07-24,1,1,1,2,2,60,1.0,1.0,1.0,1,0,1-25,0
3367,JOBMA,,"72,3,75",0,,1,2020-07-24,1,0,1,2,1,60,1.0,1.0,1.0,1,0,1-25,0
3368,SSI,,"2,8,10",0,,1,2020-07-27,1,1,1,2,1,60,1.0,1.0,1.0,1,0,1-25,0
3369,SSI,,"2,8,10",0,,1,2020-07-28,1,1,1,2,1,60,1.0,1.0,1.0,1,0,1-25,0
3370,SSI,,"2,8,10",0,,1,2020-07-28,1,1,1,2,1,60,1.0,1.0,1.0,1,0,1-25,0
3371,SSI,,"2,8,10",0,,1,2020-07-28,1,1,1,2,5,60,1.0,1.0,1.0,1,0,1-25,0
3372,Jobma,,2,0,,1,2020-07-28,1,1,1,2,100,60,1.0,1.0,1.0,1,0,26-100,0
3373,AVM,,73,0,,1,2020-07-28,1,0,1,2,1,60,1.0,1.0,1.0,1,0,1-25,0
3374,AVM,,73,0,,1,2020-07-28,1,1,1,2,2,100,1.0,1.0,1.0,0,0,26-100,0
3375,MBV,,3,0,,1,2020-07-28,1,1,1,2,2,100,1.0,1.0,1.0,0,0,26-100,0
3376,SSI,,"2,8,10",0,,1,2020-07-28,1,1,1,2,100,60,1.0,1.0,1.0,1,0,1-25,0
3377,SSM,,4,0,,1,2020-07-28,1,1,1,2,2,60,1.0,1.0,1.0,1,0,26-100,0
3378,SSI,,"2,8,10",0,,1,2020-07-29,1,1,1,2,100,60,1.0,1.0,1.0,1,0,1-25,0
3379,SSI,,"2,8,10",0,,1,2020-07-29,1,1,1,2,100,60,1.0,1.0,1.0,1,0,1-25,0
3380,SSI,,"2,8,10",0,,1,2020-07-29,1,1,1,2,100,60,1.0,1.0,1.0,1,0,1-25,0
3381,SSI,,"2,8,10",0,,1,2020-07-29,1,1,1,2,100,60,1.0,1.0,1.0,1,0,1-25,0
3382,SSI,,"2,8,10",0,,1,2020-07-29,1,1,1,2,100,60,1.0,1.0,1.0,1,0,1-25,0
3383,SSI,,"2,8,10",0,,1,2020-07-29,1,1,1,2,100,60,1.0,1.0,1.0,1,0,1-25,0
3384,JOBMA,,"72,3,75",0,,1,2020-07-29,1,0,1,2,1,60,1.0,1.0,1.0,1,0,1-25,0
3385,JOBMA,,,0,,0,2020-07-30,1,0,1,1,0,100,1.0,1.0,1.0,0,0,1-25,0
3389,ssi,,"3,4,7",0,,1,2020-07-31,1,1,1,2,100,100,1.0,1.0,1.0,0,0,101-500,0
3390,jobma,,72,0,,1,2020-07-31,1,1,1,2,4,100,1.0,1.0,1.0,0,0,26-100,0
3392,ad services,,,0,2,0,2020-07-31,1,0,1,1,0,100,1.0,1.0,1.0,0,0,26-100,0
3394,ssi,,2,0,,1,2020-08-03,1,0,1,2,1,60,1.0,1.0,1.0,1,0,26-100,0
3395,ssi,,"1,2,3",0,,1,2020-08-03,1,1,1,2,0,60,1.0,1.0,1.0,1,0,1-25,0
3396,ssi,,1,0,,1,2020-08-03,1,1,1,2,0,60,1.0,1.0,1.0,1,0,1-25,0
3397,ssi,,1,0,,1,2020-08-03,1,1,1,2,0,60,1.0,1.0,1.0,1,0,1-25,0
3400,JOBMA,,"72,3,75",0,,1,2020-08-05,1,0,1,2,1,60,1.0,1.0,1.0,1,0,1-25,0
3401,ssi,,73,0,,1,2020-08-05,1,1,1,1,14,100,1.0,1.0,1.0,0,0,26-100,0
3402,Jobma,,2,0,,1,2020-08-05,1,0,1,2,1,100,1.0,1.0,1.0,0,0,26-100,0
3403,Jobma,,2,0,,1,2020-08-05,1,0,1,2,1,100,1.0,1.0,1.0,0,0,101-500,0
3404,ssi,,1,0,,1,2020-08-05,1,0,1,2,1,60,1.0,1.0,1.0,1,0,26-100,0
3405,jobma,,72,0,,1,2020-08-05,1,0,1,2,1,100,1.0,1.0,1.0,0,0,1-25,0
3406,ssi,,73,0,,1,2020-08-05,1,0,1,2,1,60,1.0,1.0,1.0,1,0,26-100,0
3407,Jobma,,"3,7",0,,1,2020-08-05,1,1,1,2,4,100,1.0,1.0,1.0,0,0,26-100,0
3408,New Jazz HR,,72,0,,1,2020-08-06,1,0,1,2,1,60,0.0,0.0,1.0,1,0,1-25,0
3410,ssi,,"72,2",0,,1,2020-08-07,1,0,1,2,1,100,1.0,1.0,1.0,0,0,26-100,0
3411,ssi,,,0,,0,2020-08-07,1,0,1,1,0,100,1.0,1.0,1.0,0,0,26-100,0
3412,Jobma,,"2,8,10",0,,1,2020-08-08,1,1,1,2,2,100,1.0,1.0,1.0,0,0,26-100,0
3413,Jobma,,"2,8,10",0,,1,2020-08-08,1,1,1,2,2,100,1.0,1.0,1.0,0,0,26-100,0
3414,Jobma,,"2,8,10",0,,1,2020-08-09,1,1,1,2,2,100,1.0,1.0,1.0,0,0,26-100,0
3415,Jobma,,"2,8,10",0,,1,2020-08-09,1,1,1,2,2,100,1.0,1.0,1.0,0,0,26-100,0
3417,ssi,,1,0,,1,2020-08-24,1,1,1,2,2,60,1.0,1.0,1.0,1,0,1-25,0
3418,SSI,,"2,8,10",0,,1,2020-08-24,1,1,1,2,2,60,1.0,1.0,1.0,1,0,1-25,0
3419,SSI,,"2,8,10",0,,1,2020-08-24,1,1,1,2,1,60,1.0,1.0,1.0,1,0,1-25,0
3420,SSI,,"2,8,10",0,,1,2020-08-24,1,1,1,2,100,60,1.0,1.0,1.0,1,0,1-25,0
3424,SDIL,,220,0,,1,2020-08-25,1,0,1,2,1,60,1.0,1.0,1.0,1,0,26-100,0
3425,Test,,2,0,,1,2020-08-25,1,1,1,2,1,60,1.0,1.0,1.0,1,0,1-25,0
3427,QWERTY,,221,0,,1,2020-08-26,1,0,1,2,1,60,1.0,1.0,1.0,1,0,1-25,0
3428,SG,,222,0,,1,2020-08-26,1,0,1,2,1,60,1.0,1.0,1.0,1,0,1-25,0
3429,Demo,,1,0,,1,2020-08-26,1,1,1,2,4,100,1.0,1.0,1.0,0,0,26-100,0
3430,Test,,8,0,,1,2020-08-26,1,1,1,2,13,60,1.0,1.0,1.0,1,0,1-25,0
3431,TEST,,"72,74,222",0,,1,2020-08-26,1,0,1,2,1,60,1.0,1.0,1.0,1,0,26-100,0
3432,AXD,,"72,222",0,,1,2020-08-26,1,0,1,2,1,60,1.0,1.0,1.0,1,0,26-100,0
3433,QW,,222,0,,1,2020-08-26,1,1,1,2,2,60,1.0,1.0,1.0,1,0,1-25,0
3434,Test,,,0,,0,2020-08-26,1,0,1,1,0,100,1.0,1.0,1.0,0,0,1-25,0
3435,Test,,3,0,,1,2020-08-26,1,1,1,2,100,60,1.0,1.0,1.0,1,0,101-500,0
3436,GH,,"1,222",0,,1,2020-08-26,1,0,1,2,1,60,1.0,1.0,1.0,1,0,1-25,0
3437,Test,,2,0,,1,2020-08-26,1,1,1,2,100,60,1.0,1.0,1.0,1,0,26-100,0
3438,GH,,"1,222",0,,1,2020-08-26,1,0,1,2,1,60,1.0,1.0,1.0,1,0,1-25,0
3439,HJ,,"1,222",0,,1,2020-08-26,1,0,1,2,1,60,1.0,1.0,1.0,1,0,1-25,0
3440,LK,,2,0,,1,2020-08-26,1,0,1,2,1,60,1.0,1.0,1.0,1,0,1-25,0
3441,Test,,72,0,,1,2020-08-27,1,1,1,2,2,60,1.0,1.0,1.0,1,0,1-25,0
3442,sssi,,72,0,,1,2020-08-27,1,0,1,2,1,60,1.0,1.0,1.0,1,0,1-25,0
3443,Test,,2,0,,1,2020-08-27,1,1,1,2,100,60,1.0,1.0,1.0,1,0,26-100,0
3444,test,,2,0,,1,2020-08-27,1,1,1,2,1,100,1.0,1.0,1.0,0,0,1-25,0
3445,test,,7,0,,1,2020-08-27,1,1,1,2,100,100,1.0,1.0,1.0,0,0,1-25,0
3446,test,,72,0,,1,2020-08-27,1,1,1,2,2,100,1.0,1.0,1.0,0,0,26-100,0
3447,Test,,72,0,,1,2020-08-27,1,1,1,2,2,60,1.0,1.0,1.0,1,0,500-1000,0
3448,test,,2,0,,1,2020-08-27,1,1,1,2,0,60,1.0,1.0,1.0,1,0,26-100,0
3449,Test,,2,0,,1,2020-08-27,1,0,1,2,1,60,1.0,1.0,1.0,1,0,26-100,0
3450,sds,,234,0,,1,2020-08-28,1,0,1,2,1,60,1.0,1.0,1.0,1,0,26-100,0
3451,ssi,,3,0,,1,2020-08-28,1,1,1,2,4,60,1.0,1.0,1.0,1,0,26-100,0
3452,ssi,,4,0,,1,2020-08-28,1,1,1,2,5,60,1.0,1.0,1.0,1,0,1-25,0
3453,ssi,,2,0,,1,2020-08-28,1,1,1,2,1,100,1.0,1.0,1.0,0,0,1-25,0
3454,ssi,,2,0,,1,2020-08-31,1,1,1,2,2,100,1.0,1.0,1.0,0,0,1-25,0
3455,Test,,4,0,,1,2020-08-31,1,1,1,2,0,100,1.0,1.0,1.0,0,0,26-100,0
3456,ssi,,2,0,,1,2020-08-31,1,1,1,2,2,60,1.0,1.0,1.0,1,0,1-25,0
3457,Test,,72,0,,1,2020-08-31,1,0,1,2,1,60,1.0,1.0,1.0,1,0,1-25,0
3458,ssi,,"2,3",0,,1,2020-08-31,1,1,1,2,2,60,1.0,1.0,1.0,1,0,26-100,0
3459,jobma,,73,0,,1,2020-08-31,1,0,1,2,1,60,1.0,1.0,1.0,1,0,26-100,0
3460,ssi,,3,0,,1,2020-08-31,1,1,1,2,3,60,1.0,1.0,1.0,1,0,500-1000,0
3461,ssi,,3,0,,1,2020-08-31,1,1,1,2,2,100,1.0,1.0,1.0,0,0,26-100,0
3462,ssi,,2,0,,1,2020-08-31,1,1,1,2,4,100,1.0,1.0,1.0,0,0,1-25,0
3463,selectsource,,3,0,,1,2020-08-31,1,1,1,2,100,100,1.0,1.0,1.0,0,0,26-100,0
3464,ssi,,2,0,,1,2020-08-31,1,1,1,2,1,60,1.0,1.0,1.0,1,0,101-500,0
3466,Test,,72,0,,1,2020-08-31,1,0,1,2,1,60,1.0,1.0,1.0,1,0,1-25,0
3467,SSI,,73,0,,1,2020-09-01,1,1,1,2,2,60,1.0,1.0,1.0,1,0,1-25,0
3468,ssi,,72,0,,1,2020-09-01,1,0,1,2,1,60,1.0,1.0,1.0,1,0,26-100,0
3469,Jobma,,"2,74",0,,1,2020-09-01,1,0,1,2,1,100,1.0,1.0,1.0,0,0,26-100,0
3470,ssi,,72,0,,1,2020-09-01,1,1,1,2,3,60,1.0,1.0,1.0,1,0,26-100,0
3472,ssi,,2,0,,1,2020-09-01,1,1,1,2,1,60,1.0,1.0,1.0,1,0,101-500,0
3473,ssi,,2,0,,1,2020-09-01,1,1,1,2,1,60,1.0,1.0,1.0,1,0,1-25,0
3475,ssi,,72,0,,1,2020-09-01,1,0,1,2,1,60,1.0,1.0,1.0,1,0,26-100,0
3476,ssi,,3,0,,1,2020-09-01,1,1,1,2,0,60,1.0,1.0,1.0,1,0,26-100,0
3477,ssi,,,0,,0,2020-09-01,1,0,1,1,0,100,1.0,1.0,1.0,0,0,1-25,0
3478,ssi,,"1,72",0,,1,2020-09-02,1,0,1,2,1,60,1.0,1.0,1.0,1,0,26-100,0
3480,ssi,,,0,,0,2020-09-02,1,0,1,1,0,100,1.0,1.0,1.0,0,0,26-100,0
3481,Test,,72,0,,1,2020-09-02,1,1,1,2,2,60,1.0,1.0,1.0,1,0,1-25,0
3482,ssi,,72,0,,1,2020-09-02,1,0,1,2,1,100,1.0,1.0,1.0,0,0,26-100,0
3483,ssi,,2,0,,1,2020-09-02,1,1,1,2,1,100,1.0,1.0,1.0,0,0,26-100,0
3484,ssi,,"1,2",0,,1,2020-09-02,1,1,1,2,5,60,1.0,1.0,1.0,1,0,26-100,0
3488,ssi,,,0,,0,2020-09-02,1,0,1,1,0,100,1.0,1.0,1.0,0,0,1-25,0
3489,ssi,,,0,,0,2020-09-02,1,0,1,1,0,100,1.0,1.0,1.0,0,0,1-25,0
3490,ssi,,,0,,0,2020-09-02,1,0,1,1,0,100,1.0,1.0,1.0,0,0,1-25,0
3492,Jobma,,2,0,,1,2020-09-02,1,1,1,2,4,100,1.0,1.0,1.0,0,0,26-100,0
3498,ssi,,3,0,,1,2020-09-03,1,1,1,2,1,60,1.0,1.0,1.0,1,0,26-100,0
3499,ssi,,72,0,,1,2020-09-03,1,1,1,2,3,100,1.0,1.0,1.0,0,0,26-100,0
3500,ssi,,2,0,,1,2020-09-03,1,1,1,2,1,60,1.0,1.0,1.0,1,0,101-500,0
3501,Jobma,,2,0,,1,2020-09-03,1,1,1,2,3,100,1.0,1.0,1.0,0,0,1-25,0
3502,ssi,,2,0,,1,2020-09-03,1,1,1,2,9,60,1.0,1.0,1.0,1,0,26-100,0
3503,test,,2,0,,1,2020-09-03,1,0,1,2,1,60,1.0,1.0,1.0,1,0,26-100,0
3504,SSI,,2,0,,1,2020-09-03,1,0,1,2,1,60,1.0,1.0,1.0,1,0,26-100,0
3508,ssi,,1,0,,1,2020-09-03,1,1,1,2,1,100,1.0,1.0,1.0,0,0,1-25,0
3510,Test,,2,0,,1,2020-09-03,1,0,1,2,1,60,1.0,1.0,1.0,1,0,1-25,0
3512,ssi,,2,0,,1,2020-09-03,1,1,1,2,0,60,1.0,1.0,1.0,1,0,101-500,0
3513,dfgsdf,,3,0,,1,2020-09-04,1,1,1,2,0,60,1.0,1.0,1.0,1,0,26-100,0
3514,dsgsdg,,3,0,,1,2020-09-04,1,1,1,2,0,60,1.0,1.0,1.0,1,0,1-25,0
3515,ssi,,"2,73,74",0,,1,2020-09-04,1,0,1,2,1,60,1.0,1.0,1.0,1,0,26-100,0
3516,werwer,,72,0,,1,2020-09-04,1,0,1,2,1,60,1.0,1.0,1.0,1,0,26-100,0
3517,ssi,,,0,,0,2020-09-04,1,0,1,1,0,100,1.0,1.0,1.0,0,0,26-100,0
3518,test,,2,0,,1,2020-09-04,1,0,1,2,1,60,1.0,1.0,1.0,1,0,1-25,0
3522,ssi,,,0,,0,2020-09-07,1,0,1,1,0,100,1.0,1.0,1.0,0,0,26-100,0
3523,ssi,,,0,,0,2020-09-07,1,0,1,1,0,100,1.0,1.0,1.0,0,0,26-100,0
3535,ssi,,,0,2,1,2020-09-07,1,1,1,1,1,100,1.0,1.0,1.0,0,0,1-25,0
3536,IBM,,74,0,,1,2020-09-07,1,1,1,2,3,60,1.0,1.0,1.0,1,0,1-25,0
3538,ssi,,2,0,,1,2020-09-08,1,0,1,2,1,60,1.0,1.0,1.0,1,0,500-1000,0
3549,ssi,,73,0,,1,2020-09-09,1,0,1,2,1,60,1.0,1.0,1.0,1,0,101-500,0
3550,ssi,,73,0,,1,2020-09-09,1,0,1,2,1,60,1.0,1.0,1.0,1,0,26-100,0
3551,ssi,,1,0,,1,2020-09-09,1,0,1,2,1,60,1.0,1.0,1.0,1,0,1-25,0
3552,ssi,,73,0,,1,2020-09-09,1,0,1,2,1,60,1.0,1.0,1.0,1,0,26-100,0
3553,JObma,,2,0,,1,2020-09-09,1,0,1,2,1,60,1.0,1.0,1.0,1,0,26-100,0
3554,Jobma,,73,0,,1,2020-09-10,1,0,1,2,1,60,1.0,1.0,1.0,1,0,26-100,0
3555,Smart,,1,0,,1,2020-09-10,1,0,1,2,1,60,1.0,1.0,1.0,1,0,1-25,0
3556,Jobma,,,0,,0,2020-09-10,1,0,1,1,0,100,1.0,1.0,1.0,0,0,26-100,0
3557,Dharu,,72,0,,1,2020-09-10,1,1,1,2,2,60,1.0,1.0,1.0,1,0,1-25,0
3558,dwadfawrfw,,2,0,,1,2020-09-11,1,0,1,2,1,60,1.0,1.0,1.0,1,0,26-100,0
3560,ssi,,"1,73,74",0,,1,2020-09-11,1,1,1,2,4,60,1.0,1.0,1.0,1,0,101-500,0
3561,JOBMA,,"72,3,75",0,,1,2020-09-11,1,0,1,2,1,60,1.0,1.0,1.0,1,0,1-25,0
3562,Arya,,73,0,,1,2020-09-11,1,0,1,2,1,60,1.0,1.0,1.0,1,0,101-500,0
3563,yathc,,72,0,,1,2020-09-11,1,0,1,2,1,60,1.0,1.0,1.0,1,0,26-100,0
3564,wttw,,72,0,,1,2020-09-11,1,0,1,2,1,60,1.0,1.0,1.0,1,0,500-1000,0
3565,hnas,,2,0,,1,2020-09-11,1,0,1,2,1,60,1.0,1.0,1.0,1,0,101-500,0
3566,Jobma,,72,0,,1,2020-09-11,1,0,1,2,1,60,1.0,1.0,1.0,1,0,26-100,0
3567,ssi,,2,0,,1,2020-09-11,1,0,1,2,1,60,1.0,1.0,1.0,1,0,26-100,0
3568,SSI,,74,0,,1,2020-09-11,1,1,1,2,2,60,1.0,1.0,1.0,1,0,1-25,0
3569,ssi,,2,0,,1,2020-09-11,1,0,1,2,1,60,1.0,1.0,1.0,1,0,26-100,0
3570,fsfsf,,2,0,,1,2020-09-11,1,0,1,2,1,60,1.0,1.0,1.0,1,0,1-25,0
3571,ssi,,73,0,,1,2020-09-11,1,0,1,2,1,60,1.0,1.0,1.0,1,0,1-25,0
3572,ssi,,73,0,,1,2020-09-11,1,0,1,2,1,60,1.0,1.0,1.0,1,0,26-100,0
3573,ssi,,73,0,,1,2020-09-11,1,0,1,2,1,60,1.0,1.0,1.0,1,0,1-25,0
3574,Jobma,,2,0,,1,2020-09-11,1,0,1,2,1,60,1.0,1.0,1.0,1,0,26-100,0
3575,Ghoda,,2,0,,1,2020-09-11,1,0,1,2,1,60,1.0,1.0,1.0,1,0,101-500,0
3576,ssi,,3,0,,1,2020-09-11,1,1,1,2,6,60,1.0,1.0,1.0,1,0,26-100,0
3577,ssi,,3,0,,1,2020-09-11,1,1,1,2,100,60,1.0,1.0,1.0,1,0,1-25,0
3578,ssi,,4,0,,1,2020-09-11,1,1,1,2,2,60,1.0,1.0,1.0,1,0,1-25,0
3579,JOBMA,,"72,3,75",0,,1,2020-09-11,1,0,1,2,1,60,1.0,1.0,1.0,1,0,1-25,0
3580,JOBMA,,"72,3,75",0,,1,2020-09-11,1,0,1,2,1,60,1.0,1.0,1.0,1,0,1-25,0
3581,JOBMA,,"72,3,75",0,,1,2020-09-12,1,0,1,2,1,60,1.0,1.0,1.0,1,0,1-25,0
3582,ad services,,,0,2,0,2020-09-14,1,0,1,1,0,100,1.0,1.0,1.0,0,0,26-100,0
3584,ad services,,,0,2,0,2020-09-14,1,0,1,1,0,100,1.0,1.0,1.0,0,0,26-100,0
3597,ssi,,3,0,,1,2020-09-14,1,1,1,2,100,60,1.0,1.0,1.0,1,0,26-100,0
3598,sdfsdf,,3,0,,1,2020-09-14,1,1,1,2,100,60,1.0,1.0,1.0,1,0,26-100,0
3599,SSI,,"2,8,10",0,,1,2020-09-14,1,1,1,2,2,60,1.0,1.0,1.0,1,0,1-25,0
3600,fgdfg,,4,0,,1,2020-09-14,1,1,1,2,100,60,1.0,1.0,1.0,1,0,26-100,0
3601,Test,,2,0,,1,2020-09-14,1,0,1,2,1,60,1.0,1.0,1.0,1,0,1-25,0
3602,Test,,2,0,,1,2020-09-14,1,0,1,2,1,60,1.0,1.0,1.0,1,0,101-500,0
3603,SSI,,"2,8,10",0,,1,2020-09-14,1,1,1,2,2,60,1.0,1.0,1.0,1,0,1-25,0
3604,ssi,,4,0,,1,2020-09-14,1,1,1,2,4,60,1.0,1.0,1.0,1,0,26-100,0
3605,Test,,2,0,,1,2020-09-14,1,0,1,2,1,60,1.0,1.0,1.0,1,0,26-100,0
3606,SSI,,"2,8,10",0,,1,2020-09-14,1,1,1,2,2,60,1.0,1.0,1.0,1,0,1-25,0
3607,SSI,,"2,8,10",0,,1,2020-09-14,1,1,1,2,2,60,1.0,1.0,1.0,1,0,1-25,0
3608,ssi,,3,0,,1,2020-09-14,1,1,1,2,5,60,1.0,1.0,1.0,1,0,26-100,0
3609,SSI,,"2,8,10",0,,1,2020-09-14,1,1,1,2,2,60,1.0,1.0,1.0,1,0,1-25,0
3610,JOBMA,,"72,3,75",0,,1,2020-09-14,1,0,1,2,1,60,1.0,1.0,1.0,1,0,1-25,0
3611,ssi,,4,0,,1,2020-09-14,1,1,1,2,4,60,1.0,1.0,1.0,1,0,26-100,0
3612,ssi,,3,0,,1,2020-09-14,1,1,1,2,6,60,1.0,1.0,1.0,1,0,26-100,0
3613,Jobma,,2,0,,1,2020-09-14,1,1,1,2,0,60,1.0,1.0,1.0,1,0,1-25,0
3614,Jobma,,"2,8,10",0,,1,2020-09-14,1,1,1,2,2,100,1.0,1.0,1.0,0,0,26-100,0
3615,ssi,,1,0,,1,2020-09-14,1,1,1,2,3,100,1.0,1.0,1.0,0,0,26-100,0
3616,ssi,,4,0,,1,2020-09-14,1,1,1,2,103,60,1.0,1.0,1.0,1,0,26-100,0
3617,Jobma,,"2,8,10",0,,1,2020-09-14,1,1,1,2,2,100,1.0,1.0,1.0,0,0,26-100,0
3618,Test,,73,0,,1,2020-09-14,1,0,1,2,1,100,1.0,1.0,1.0,0,0,26-100,0
3619,ssi,,2,0,,1,2020-09-14,1,1,1,2,4,60,1.0,1.0,1.0,1,0,26-100,0
3620,Jobma,,"2,8,10",0,,1,2020-09-14,1,1,1,2,2,100,1.0,1.0,1.0,0,0,26-100,0
3621,Jobma,,3,0,,1,2020-09-14,1,1,1,2,0,100,1.0,1.0,1.0,0,0,1-25,0
3622,ssi,,4,0,,1,2020-09-14,1,1,1,2,100,60,1.0,1.0,1.0,1,0,101-500,0
3623,ssi,,,0,,0,2020-09-14,1,0,1,1,0,100,1.0,1.0,1.0,0,0,26-100,0
3624,ssi,,4,0,,1,2020-09-14,1,1,1,2,6,60,1.0,1.0,1.0,1,0,26-100,0
3625,dfdsf,,73,0,,1,2020-09-14,1,0,1,2,1,60,1.0,1.0,1.0,1,0,26-100,0
3626,Jobma,,"72,2",0,,1,2020-09-15,1,1,1,2,5,60,1.0,1.0,1.0,1,0,1-25,0
3627,Jobma,,,0,,0,2020-09-15,1,0,1,1,0,100,1.0,1.0,1.0,0,0,1-25,0
3628,ssi,,2,0,,1,2020-09-15,1,1,1,2,3,60,1.0,1.0,1.0,1,0,26-100,0
3629,ssi,,"1,72,2",0,,1,2020-09-15,1,1,1,2,2,60,1.0,1.0,1.0,1,0,1-25,0
3630,ssi,,,0,,0,2020-09-15,1,0,1,1,0,100,1.0,1.0,1.0,0,0,1-25,0
3631,ssi,,73,0,,1,2020-09-15,1,1,1,2,5,60,1.0,1.0,1.0,1,0,26-100,0
3632,ssi,,1,0,,1,2020-09-15,1,0,1,2,1,100,1.0,1.0,1.0,0,0,1-25,0
3633,ad services,,,0,2,0,2020-09-15,1,0,1,1,0,100,1.0,1.0,1.0,0,0,26-100,0
3634,ssi,,72,0,,1,2020-09-15,1,0,1,2,1,60,1.0,1.0,1.0,1,0,1-25,0
3635,prakash and entr,,2,0,,1,2020-09-15,1,0,1,2,1,60,1.0,1.0,1.0,1,0,26-100,0
3636,Test,,2,0,,1,2020-09-15,1,0,1,2,1,60,1.0,1.0,1.0,1,0,26-100,0
3637,Test,,73,0,,1,2020-09-15,1,0,1,2,1,60,1.0,1.0,1.0,1,0,1-25,0
3638,Jobma,,72,0,,1,2020-09-15,1,0,1,2,1,60,1.0,1.0,1.0,1,0,26-100,0
3639,Test,,72,0,,1,2020-09-15,1,1,1,2,3,100,1.0,1.0,1.0,0,0,101-500,0
3640,Test,,2,0,,1,2020-09-15,1,1,1,2,0,60,1.0,1.0,1.0,1,0,26-100,0
3641,Test,,2,0,,1,2020-09-15,1,1,1,2,100,60,1.0,1.0,1.0,1,0,1-25,0
3642,Test,,2,0,,1,2020-09-15,1,1,1,2,1,60,1.0,1.0,1.0,1,0,101-500,0
3643,Jobma,,2,0,,1,2020-09-15,1,1,1,2,2,60,1.0,1.0,1.0,1,0,26-100,0
3647,ssi,,73,0,,1,2020-09-15,1,1,1,2,9,60,1.0,1.0,1.0,1,0,101-500,0
3648,Test Pvt Ltd,,74,0,,1,2020-09-15,1,0,1,2,1,100,1.0,1.0,1.0,0,0,1-25,0
3649,Jobma,,72,0,,1,2020-09-15,1,0,1,2,1,60,1.0,1.0,1.0,1,0,1-25,0
3650,ssi,,4,0,,1,2020-09-15,1,1,1,2,100,100,1.0,1.0,1.0,0,0,1-25,0
3651,ssi,,"1,3",0,,1,2020-09-15,1,1,1,2,100,100,1.0,1.0,1.0,0,0,26-100,0
3652,ssi,,"3,4",0,,1,2020-09-15,1,1,1,2,100,100,1.0,1.0,1.0,0,0,101-500,0
3653,ssi,,72,0,,1,2020-09-15,1,1,1,2,5,60,1.0,1.0,1.0,1,0,26-100,0
3654,ssi,,1,0,,1,2020-09-15,1,1,1,2,1,60,1.0,1.0,1.0,1,0,26-100,0
3655,sda,,2,0,,1,2020-09-15,1,0,1,2,1,60,1.0,1.0,1.0,1,0,1-25,0
3656,ssi,,73,0,,1,2020-09-15,1,0,1,2,1,60,1.0,1.0,1.0,1,0,101-500,0
3658,ssi,,3,0,,1,2020-09-15,1,1,1,2,100,100,1.0,1.0,1.0,0,0,101-500,0
3659,ssi,,3,0,,1,2020-09-18,1,1,1,2,100,60,1.0,1.0,1.0,1,0,26-100,0
3660,ssi,,2,0,,1,2020-09-18,1,0,1,2,1,60,1.0,1.0,1.0,1,0,26-100,0
3661,ssi,,,0,,0,2020-09-18,1,0,1,1,0,100,1.0,1.0,1.0,0,0,26-100,0
3662,ssi,,,0,,0,2020-09-18,1,0,1,1,0,100,1.0,1.0,1.0,0,0,1-25,0
3663,ssi,,4,0,,1,2020-09-18,1,1,1,2,100,100,1.0,1.0,1.0,0,0,1-25,0
3664,ssi,,74,0,,1,2020-09-18,1,0,1,2,1,60,1.0,1.0,1.0,1,0,26-100,0
3665,SSP,,79,0,,1,2020-09-18,1,0,1,2,1,60,1.0,1.0,1.0,1,0,26-100,0
3666,ssi,,3,0,,1,2020-09-18,1,1,1,2,5,100,1.0,1.0,1.0,0,0,26-100,0
3667,ssi,,2,0,,1,2020-09-18,1,1,1,2,1,60,1.0,1.0,1.0,1,0,26-100,0
3668,SSP,,72,0,,1,2020-09-18,1,1,1,2,3,60,1.0,1.0,1.0,1,0,1-25,0
3669,ssi,,4,0,,1,2020-09-18,1,1,1,2,3,60,1.0,1.0,1.0,1,0,1-25,0
3670,ssi,,4,0,,1,2020-09-18,1,1,1,2,3,60,1.0,1.0,1.0,1,0,26-100,0
3671,ssi,,7,0,,1,2020-09-18,1,1,1,2,4,60,1.0,1.0,1.0,1,0,26-100,0
3672,ssi,,4,0,,1,2020-09-18,1,1,1,2,100,60,1.0,1.0,1.0,1,0,101-500,0
3673,ssi,,4,0,,1,2020-09-18,1,1,1,2,100,60,1.0,1.0,1.0,1,0,26-100,0
3674,ssi,,4,0,,1,2020-09-18,1,1,1,2,100,60,1.0,1.0,1.0,1,0,26-100,0
3675,ssi,,3,0,,1,2020-09-18,1,1,1,2,100,60,1.0,1.0,1.0,1,0,1-25,0
3676,SSS,,79,0,,1,2020-09-18,1,1,1,2,100,60,1.0,1.0,1.0,1,0,1-25,0
3677,WER,,75,0,,1,2020-09-21,1,0,1,2,1,60,1.0,1.0,1.0,1,0,1-25,0
3678,ssi,,72,0,1,1,2020-09-21,1,1,1,2,40,60,1.0,1.0,1.0,1,0,26-100,0
3679,ssi,,,0,1,0,2020-09-21,1,0,1,0,0,100,1.0,1.0,1.0,0,0,26-100,0
3680,ad services,,,0,2,0,2020-09-21,1,0,1,1,0,100,1.0,1.0,1.0,0,0,26-100,0
3681,SSI,,222,0,,1,2020-09-22,1,1,1,2,3,100,1.0,1.0,1.0,0,0,1-25,0
3682,SSI,,4,0,,1,2020-09-22,1,1,1,2,100,100,1.0,1.0,1.0,0,0,26-100,0
3683,SSI,,4,0,,1,2020-09-22,1,1,1,2,100,60,1.0,1.0,1.0,1,0,1-25,0
3684,SSI,,4,0,,1,2020-09-22,1,1,1,2,3,60,1.0,1.0,1.0,1,0,1-25,0
3685,Jobma,,3,0,,1,2020-09-22,1,1,1,2,100,60,1.0,1.0,1.0,1,0,26-100,0
3686,ssi,,,0,,0,2020-09-22,1,0,1,1,0,100,1.0,1.0,1.0,0,0,1-25,0
3687,ad services,,,0,2,0,2020-09-22,1,1,1,1,1,100,1.0,1.0,1.0,0,0,26-100,0
3688,Jobma,,3,0,,1,2020-09-22,1,1,1,2,100,60,1.0,1.0,1.0,1,0,26-100,0
3689,Test,,4,0,,1,2020-09-22,1,1,1,2,100,60,1.0,1.0,1.0,1,0,26-100,0
3690,Jobma,,3,0,,1,2020-09-22,1,1,1,2,1,60,1.0,1.0,1.0,1,0,26-100,0
3691,ssi,,1,0,,1,2020-09-22,1,1,1,2,100,100,1.0,1.0,1.0,0,0,26-100,0
3692,Test,,3,0,,1,2020-09-22,1,1,1,2,0,60,1.0,1.0,1.0,1,0,500-1000,0
3693,Jobma,,4,0,,1,2020-09-22,1,1,1,2,100,60,1.0,1.0,1.0,1,0,26-100,0
3694,Test,,74,0,,1,2020-09-22,1,0,1,2,1,60,1.0,1.0,1.0,1,0,101-500,0
3695,Jobma,,2,0,,1,2020-09-22,1,1,1,2,100,60,1.0,1.0,1.0,1,0,26-100,0
3696,Jobma,,3,0,,1,2020-09-22,1,1,1,2,100,60,1.0,1.0,1.0,1,0,101-500,0
3697,ad services,,,0,2,0,2020-09-22,1,0,1,1,0,100,1.0,1.0,1.0,0,0,26-100,0
3698,software developer,,2,0,,1,2020-09-22,1,1,1,2,100,60,1.0,1.0,1.0,1,0,1-25,0
3699,ssi,,2,0,,1,2020-09-22,1,1,1,2,100,60,1.0,1.0,1.0,1,0,1-25,0
3700,kjhkjh,,3,0,,1,2020-09-22,1,1,1,2,100,60,1.0,1.0,1.0,1,0,1-25,0
3701,ad services,,,0,2,0,2020-09-22,1,1,1,1,1,100,1.0,1.0,1.0,0,0,26-100,0
3702,kjhkjh,,3,0,,1,2020-09-23,1,1,1,2,100,100,1.0,1.0,1.0,0,0,26-100,0
3703,ad services,,,0,2,0,2020-09-23,1,1,1,1,1,100,1.0,1.0,1.0,0,0,26-100,0
3704,ad services,,,0,2,0,2020-09-23,1,1,1,1,2,100,1.0,1.0,1.0,0,0,26-100,0
3705,kjhkjh,,3,0,,1,2020-09-23,1,1,1,2,100,100,1.0,1.0,1.0,0,0,1-25,0
3706,ssi,,2,0,,1,2020-09-23,1,1,1,2,100,100,1.0,1.0,1.0,0,0,101-500,0
3707,software developer,,2,0,,1,2020-09-23,1,1,1,2,100,100,1.0,1.0,1.0,0,0,1-25,0
3708,Test,,73,0,,1,2020-09-23,1,1,1,2,16,60,1.0,1.0,1.0,1,0,101-500,0
3709,ssi,,2,0,,1,2020-09-23,1,1,1,2,0,60,1.0,1.0,1.0,1,0,26-100,0
3710,Test,,,0,,0,2020-09-23,1,1,1,1,5,100,1.0,1.0,1.0,0,0,1-25,0
3711,ssi,,2,0,,1,2020-09-23,1,1,1,2,0,60,1.0,1.0,1.0,1,0,26-100,0
3712,Test,,74,0,,1,2020-09-23,1,0,1,2,1,60,1.0,1.0,1.0,1,0,26-100,0
3713,Test,,73,0,,1,2020-09-23,1,1,1,2,4,60,1.0,1.0,1.0,1,0,1-25,0
3714,Test,,,0,,0,2020-09-23,1,1,1,1,9,100,1.0,1.0,1.0,0,0,1-25,0
3715,ssi,,2,0,,1,2020-09-23,1,1,1,2,100,100,1.0,1.0,1.0,0,0,101-500,0
3716,ssi,,,0,,0,2020-09-23,1,0,1,1,0,100,1.0,1.0,1.0,0,0,101-500,0
3717,Test,,74,0,,1,2020-09-23,1,1,1,2,7,100,1.0,1.0,1.0,0,0,1-25,0
3718,Test,,,0,,0,2020-09-23,1,0,1,1,0,100,1.0,1.0,1.0,0,0,1-25,0
3719,ssi,,2,0,,1,2020-09-23,1,1,1,2,0,100,1.0,1.0,1.0,0,0,26-100,0
3720,ssi,,2,0,,1,2020-09-23,1,1,1,2,100,100,1.0,1.0,1.0,0,0,26-100,0
3721,ssi,,1,0,,1,2020-09-23,1,1,1,2,1,100,1.0,1.0,1.0,0,0,26-100,0
3722,ssi,,,0,,0,2020-09-23,1,0,1,1,0,100,1.0,1.0,1.0,0,0,26-100,0
3723,Test,,72,0,,1,2020-09-23,1,1,1,2,4,60,1.0,1.0,1.0,1,0,1-25,0
3724,ssi,,2,0,,1,2020-09-24,1,0,1,2,1,60,1.0,1.0,1.0,1,0,101-500,0
3725,Test,,3,0,,1,2020-09-24,1,1,1,2,1,60,1.0,1.0,1.0,1,0,101-500,0
3726,Test,,3,0,,1,2020-09-24,1,1,1,2,4,60,1.0,1.0,1.0,1,0,101-500,0
3727,Test,,3,0,,1,2020-09-24,1,1,1,2,2,60,1.0,1.0,1.0,1,0,1-25,0
3728,Test,,2,0,,1,2020-09-24,1,0,1,2,1,60,1.0,1.0,1.0,1,0,26-100,0
3729,Test,,74,1,,1,2020-09-24,1,0,1,2,1,60,1.0,1.0,1.0,1,0,26-100,0
3730,Test,,73,1,,1,2020-09-24,1,0,1,2,1,60,1.0,1.0,1.0,1,0,1-25,0
3731,Test,,72,0,,1,2020-09-24,1,0,1,2,1,60,1.0,1.0,1.0,1,0,101-500,0
3732,Test,,2,0,,1,2020-09-24,1,0,1,2,1,60,1.0,1.0,1.0,1,0,1-25,0
3733,Test,,73,1,,1,2020-09-24,1,1,1,2,2,100,1.0,1.0,1.0,0,0,1-25,0
3734,Test,,2,0,,1,2020-09-24,1,1,1,2,100,100,1.0,1.0,1.0,0,0,1-25,0
3735,jkhjlj,,72,0,,1,2020-09-24,1,0,1,2,1,60,1.0,1.0,1.0,0,0,26-100,0
3736,ssi,,,0,1,0,2020-09-24,1,1,1,1,4,100,1.0,1.0,1.0,0,0,26-100,0
3737,Test,,4,0,,1,2020-09-24,1,1,1,2,1,60,1.0,1.0,1.0,1,0,26-100,0
3738,Test,,2,0,,1,2020-09-24,1,1,1,2,3,60,1.0,1.0,1.0,1,0,26-100,0
3739,Test,,2,0,,1,2020-09-24,1,1,1,2,2,60,1.0,1.0,1.0,1,0,1-25,0
3740,JOBMA,,"72,3,75",0,,1,2020-09-24,1,0,1,2,1,60,1.0,1.0,1.0,1,0,1-25,0
3741,jkhjlj,,,0,,0,2020-09-24,1,0,1,1,0,100,1.0,1.0,1.0,0,0,1-25,0
3742,ssi,,"3,75,76",2,,1,2020-09-25,1,0,1,2,1,60,1.0,1.0,1.0,1,0,1-25,0
3743,Test,,"2,73,74",1,,1,2020-09-25,1,0,1,2,1,60,1.0,1.0,1.0,1,0,1-25,0
3744,ssi,,,0,,0,2020-09-25,1,1,1,1,1,100,1.0,1.0,1.0,0,0,1-25,0
3745,Test,,74,1,,1,2020-09-25,1,0,1,2,1,60,1.0,1.0,1.0,1,0,1-25,0
3746,fgh,,74,1,,1,2020-09-25,1,1,1,1,13,60,1.0,1.0,1.0,1,0,1-25,0
3747,Test,,74,1,,1,2020-09-25,1,0,1,2,1,100,1.0,1.0,1.0,0,0,1-25,0
3748,JOBMA,,"72,3,75",0,,1,2020-09-25,1,0,1,2,1,60,1.0,1.0,1.0,1,0,1-25,0
3749,ssi,,73,1,,1,2020-09-25,1,0,1,2,1,60,1.0,1.0,1.0,1,0,1-25,0
3750,JOBMA,,"72,3,75",0,,1,2020-09-25,1,0,1,2,1,60,1.0,1.0,1.0,1,0,1-25,0
3751,ssi,,73,1,,1,2020-09-25,1,0,1,2,1,60,1.0,1.0,1.0,1,0,1-25,0
3752,sdfsd,,74,1,,1,2020-09-25,1,0,1,2,1,60,1.0,1.0,1.0,1,0,1-25,0
3753,JOBMA,,"72,3,75",0,,1,2020-09-25,1,0,1,2,1,60,1.0,1.0,1.0,1,0,1-25,0
3754,sdfsd,,73,1,,1,2020-09-25,1,1,1,2,4,100,1.0,1.0,1.0,0,0,1-25,0
3755,sdfsd,,,0,,0,2020-09-25,1,0,1,1,0,100,1.0,1.0,1.0,0,0,1-25,0
3756,ad services,,,0,2,0,2020-09-25,1,0,1,1,0,100,1.0,1.0,1.0,0,0,26-100,0
3757,ad services,,,0,2,0,2020-09-25,1,0,1,1,0,100,1.0,1.0,1.0,0,0,26-100,0
3758,ad services,,,0,2,0,2020-09-25,1,0,1,1,0,100,1.0,1.0,1.0,0,0,26-100,0
3759,ssi,,4,0,,1,2020-09-25,1,1,1,2,100,100,1.0,1.0,1.0,0,0,101-500,0
3760,JOBMA,,"72,3,75",0,,1,2020-09-25,1,0,1,2,1,60,1.0,1.0,1.0,1,0,1-25,0
3761,ssi,,4,0,,1,2020-09-25,1,1,1,2,100,60,1.0,1.0,1.0,1,0,26-100,0
3762,ssi,,,0,,0,2020-09-25,1,0,1,1,0,100,1.0,1.0,1.0,0,0,26-100,0
3763,ssi,,3,0,,1,2020-09-25,1,1,1,2,22,60,1.0,1.0,1.0,1,0,26-100,0
3764,ssi,,,0,,0,2020-09-25,1,0,1,1,0,100,1.0,1.0,1.0,0,0,26-100,0
3765,ssi,,2,0,,1,2020-09-25,1,0,1,2,1,60,1.0,1.0,1.0,1,0,26-100,0
3766,sdfsd,,3,1,,1,2020-09-25,1,0,1,2,1,60,1.0,1.0,1.0,1,0,1-25,0
3767,SSI,,"2,8,10",0,,1,2020-09-25,1,1,1,2,2,60,1.0,1.0,1.0,1,0,1-25,0
3768,hfgh,,3,0,,1,2020-09-25,1,1,1,2,2,60,1.0,1.0,1.0,1,0,26-100,0
3769,ssi,,,0,,0,2020-09-25,1,0,1,1,0,100,1.0,1.0,1.0,0,0,26-100,0
3770,ssi,,,0,,0,2020-09-25,1,0,1,1,0,100,1.0,1.0,1.0,0,0,26-100,0
3771,ssi,,3,0,,1,2020-09-25,1,1,1,2,5,60,1.0,1.0,1.0,1,0,101-500,0
3772,hfgh,,,0,,0,2020-09-25,1,0,1,1,0,100,1.0,1.0,1.0,0,0,26-100,0
3773,ssi,,,0,,0,2020-09-25,1,0,1,1,0,100,1.0,1.0,1.0,0,0,101-500,0
3774,hfgh,,3,0,,1,2020-09-25,1,1,1,2,100,100,1.0,1.0,1.0,0,0,1-25,0
3775,4564675765,,72,0,,1,2020-09-25,1,0,1,2,1,100,1.0,1.0,1.0,0,0,101-500,0
3776,4564675765,,,0,,0,2020-09-25,1,0,1,1,0,100,1.0,1.0,1.0,0,0,101-500,0
3777,ssi,,1,0,,1,2020-09-25,1,1,1,2,6,100,1.0,1.0,1.0,0,0,1-25,0
3779,ssi,,4,0,,1,2020-09-25,1,1,1,2,9,60,1.0,1.0,1.0,1,0,101-500,0
3780,ssi,,,0,,0,2020-09-25,1,0,1,1,0,100,1.0,1.0,1.0,0,0,1-25,0
3781,ssi,,,0,,0,2020-09-25,1,0,1,1,0,100,1.0,1.0,1.0,0,0,101-500,0
3782,ssi,,,0,,0,2020-09-25,1,0,1,1,0,100,1.0,1.0,1.0,0,0,1-25,0
3783,ssi,,73,0,,1,2020-09-25,1,1,1,2,10,60,1.0,1.0,1.0,1,0,26-100,0
3784,ssi,,,0,,0,2020-09-25,1,0,1,1,0,100,1.0,1.0,1.0,0,0,26-100,0
3786,ssi,,,0,,0,2020-09-25,1,0,1,1,0,100,1.0,1.0,1.0,0,0,26-100,0
3787,ssi,,4,0,,1,2020-09-25,1,1,1,2,1,100,1.0,1.0,1.0,0,0,26-100,0
3790,ssi,,,0,,0,2020-09-25,1,0,1,1,0,100,1.0,1.0,1.0,0,0,26-100,0
3793,ssi,,73,1,,1,2020-09-25,1,0,1,2,1,100,1.0,1.0,1.0,0,0,1-25,0
3794,ssi,,73,1,,1,2020-09-25,1,1,1,2,3,100,1.0,1.0,1.0,0,0,1-25,0
3795,ssi,,73,2,,1,2020-09-25,1,1,1,2,2,60,1.0,1.0,1.0,1,0,1-25,0
3796,ssi,,,0,,0,2020-09-25,1,0,1,1,0,100,1.0,1.0,1.0,0,0,1-25,0
3797,ssi,,74,0,,1,2020-09-25,1,1,1,2,2,60,1.0,1.0,1.0,1,0,26-100,0
3798,hfgh,,3,0,,1,2020-09-25,1,1,1,2,6,60,1.0,1.0,1.0,1,0,26-100,0
3799,ssi,,,0,,0,2020-09-25,1,0,1,1,0,100,1.0,1.0,1.0,0,0,1-25,0
3800,SSI,,"2,8,10",0,,1,2020-09-25,1,0,1,2,1,60,0.0,0.0,1.0,1,0,1-25,0
3801,SSI,,"2,8,10",0,,1,2020-09-25,1,0,1,2,1,100,1.0,1.0,1.0,0,0,1-25,0
3802,Logitech,,"51,78",0,,1,2020-09-28,1,0,1,2,1,60,1.0,1.0,1.0,1,0,500-1000,0
3803,ssi,,4,0,,1,2020-09-28,1,1,1,2,100,100,1.0,1.0,1.0,0,0,1-25,0
3804,ssi,,,0,,0,2020-09-28,1,0,1,1,0,100,1.0,1.0,1.0,0,0,1-25,0
3805,ssi,,3,0,,1,2020-09-28,1,1,1,2,7,100,1.0,1.0,1.0,0,0,101-500,0
3806,HCL,,"51,78",0,,1,2020-09-28,1,1,1,2,12,60,1.0,1.0,1.0,1,0,500-1000,0
3807,ssi,,,0,,0,2020-09-28,1,0,1,1,0,100,1.0,1.0,1.0,0,0,101-500,0
3809,ssi,,,0,,0,2020-09-28,1,1,1,1,1,100,1.0,1.0,1.0,0,0,101-500,0
3810,Test,,,0,,0,2020-09-28,1,0,1,1,0,100,1.0,1.0,1.0,0,0,1-25,0
3811,ssi,,3,0,,1,2020-09-28,1,1,1,2,2,100,1.0,1.0,1.0,0,0,26-100,0
3812,ssi,,3,0,,1,2020-09-28,1,1,1,2,8,100,1.0,1.0,1.0,0,0,1-25,0
3815,ssi,,,0,,0,2020-09-28,1,1,1,1,1,100,1.0,1.0,1.0,0,0,1-25,0
3816,DEMCO,,"74,75",0,,1,2020-09-28,1,1,1,2,3,60,1.0,1.0,1.0,1,0,500-1000,0
3818,Test,,2,0,,1,2020-09-28,1,0,1,2,1,60,1.0,1.0,1.0,1,0,1-25,0
3819,ssi,,1,0,,1,2020-09-28,1,1,1,1,100,100,1.0,1.0,1.0,0,0,1-25,0
3820,ssi,,,0,,0,2020-09-28,1,0,1,1,0,100,1.0,1.0,1.0,0,0,1-25,0
3821,ssi,,,0,,0,2020-09-28,1,0,1,1,0,100,1.0,1.0,1.0,0,0,1-25,0
3822,ssi,,,0,,0,2020-09-28,1,0,1,1,0,100,1.0,1.0,1.0,0,0,1-25,0
3823,ssi,,,0,,0,2020-09-28,1,0,1,1,0,100,1.0,1.0,1.0,0,0,1-25,0
3824,JOBMA,,"72,3,75",0,,1,2020-09-28,1,0,1,2,1,60,1.0,1.0,1.0,1,0,1-25,0
3825,ssi,,72,0,,1,2020-09-28,1,1,1,2,2,100,1.0,1.0,1.0,0,0,26-100,0
3826,ssi,,,0,,0,2020-09-28,1,0,1,1,0,100,1.0,1.0,1.0,0,0,26-100,0
3827,ssi,,73,0,,1,2020-09-28,1,1,1,2,7,100,1.0,1.0,1.0,0,0,1-25,0
3828,ssi,,72,0,,1,2020-09-28,1,0,1,2,1,60,0.0,0.0,1.0,1,0,26-100,0
3829,fsdf,,72,1,,1,2020-09-28,1,1,1,2,6,100,1.0,1.0,1.0,0,0,1-25,0
3830,fsdf,,,0,,0,2020-09-28,1,0,1,1,0,100,1.0,1.0,1.0,0,0,1-25,0
3831,SSI,,"2,8,10",0,,1,2020-09-28,1,1,1,2,2,60,1.0,1.0,1.0,1,0,1-25,0
3832,New Jazz HRing,,72,1,,1,2020-09-29,1,0,1,2,1,100,1.0,1.0,1.0,0,0,1-25,0
3833,xlq,,74,1,,1,2020-09-29,1,0,1,2,1,100,1.0,1.0,1.0,0,0,1-25,0
3834,hgjhgjkgk,,3,0,,1,2020-09-29,1,0,1,2,1,60,0.0,0.0,1.0,1,0,26-100,0
3835,Xyz,,72,1,,1,2020-09-29,1,0,1,2,1,100,1.0,1.0,1.0,0,0,1-25,0
3836,sdfsdf,,73,1,,1,2020-09-29,1,0,1,2,1,100,1.0,1.0,1.0,0,0,1-25,0
3837,Test,,74,0,,1,2020-09-29,1,0,1,2,1,60,1.0,1.0,1.0,1,0,1-25,0
3838,Test,,,0,,0,2020-09-29,1,0,1,1,0,100,1.0,1.0,1.0,0,0,1-25,0
3839,ssi,,4,0,,1,2020-09-29,1,1,1,2,2,60,1.0,1.0,1.0,1,0,26-100,0
3840,ssi,,4,0,,1,2020-09-29,1,1,1,2,0,60,1.0,1.0,1.0,1,0,101-500,0
3841,sd,,74,1,,1,2020-09-29,1,0,1,2,1,60,1.0,1.0,1.0,1,0,1-25,0
3842,ssi,,3,0,,1,2020-09-29,1,1,1,2,2,60,1.0,1.0,1.0,1,0,500-1000,0
3843,ssi,,,0,,0,2020-09-29,1,0,1,1,0,100,1.0,1.0,1.0,0,0,500-1000,0
3844,ssi,,73,0,,1,2020-09-29,1,0,1,2,1,60,1.0,1.0,1.0,1,0,101-500,0
3845,New Jazz HRing,,74,1,,1,2020-09-29,1,0,1,2,1,100,1.0,1.0,1.0,0,0,1-25,0
3846,sd,,3,0,,1,2020-09-29,1,1,1,2,2,60,1.0,1.0,1.0,1,0,101-500,0
3847,ssi,,74,1,,1,2020-09-29,1,0,1,2,1,100,1.0,1.0,1.0,0,0,1-25,0
3848,asd,,73,1,,1,2020-09-29,1,0,1,2,1,60,1.0,1.0,1.0,1,0,1-25,0
3849,asd,,,0,,0,2020-09-29,1,0,1,1,0,100,1.0,1.0,1.0,0,0,1-25,0
3850,sd,,,0,,0,2020-09-29,1,0,1,1,0,100,1.0,1.0,1.0,0,0,101-500,0
3852,NRI,,"74,75",0,,1,2020-09-30,1,0,1,2,1,100,1.0,1.0,1.0,0,0,26-100,0
3853,Logitech,,"7,15",0,,1,2020-09-30,1,1,1,2,100,100,1.0,1.0,1.0,0,0,26-100,0
3854,MIF,,"3,7",0,,1,2020-09-30,1,1,1,2,100,60,1.0,1.0,1.0,1,0,26-100,0
3855,Test,,2,0,,1,2020-09-30,1,0,1,2,1,60,1.0,1.0,1.0,1,0,1-25,0
3856,Test,,74,0,,1,2020-09-30,1,0,1,2,1,60,1.0,1.0,1.0,1,0,1-25,0
3857,Test,,2,0,,1,2020-09-30,1,0,1,2,1,60,1.0,1.0,1.0,1,0,26-100,0
3858,Test,,72,0,,1,2020-09-30,1,0,1,2,1,60,1.0,1.0,1.0,1,0,101-500,0
3859,Orange,,"1,73",0,,1,2020-09-30,1,0,1,2,1,60,1.0,1.0,1.0,1,0,26-100,0
3860,BT,,"2,73",0,,1,2020-09-30,1,0,1,2,1,100,1.0,1.0,1.0,0,0,26-100,0
3861,dfgdfg,,4,0,,1,2020-09-30,1,1,1,2,2,60,1.0,1.0,1.0,1,0,26-100,0
3862,Test,,73,0,,1,2020-09-30,1,0,1,2,1,60,1.0,1.0,1.0,1,0,1-25,0
3863,SSI,,74,1,,1,2020-09-30,1,0,1,2,1,100,1.0,1.0,1.0,0,0,1-25,0
3864,HP,,"1,3",0,,1,2020-09-30,1,1,1,2,3,100,1.0,1.0,1.0,0,0,26-100,0
3865,dfgdfg,,,0,,0,2020-09-30,1,0,1,0,0,100,1.0,1.0,1.0,0,0,26-100,0
3866,JK TYRE,,"1,3",0,,1,2020-09-30,1,1,1,2,3,60,1.0,1.0,1.0,1,0,26-100,0
3867,EA,,"2,4",0,,1,2020-09-30,1,1,1,2,3,60,1.0,1.0,1.0,1,0,26-100,0
3868,SSI,,74,1,,1,2020-09-30,1,0,1,2,1,100,1.0,1.0,1.0,0,0,1-25,0
3869,Test,,"72,2",0,,1,2020-09-30,1,0,1,2,1,60,1.0,1.0,1.0,1,0,101-500,0
3870,Jobma,,73,0,,1,2020-09-30,1,0,1,2,1,60,1.0,1.0,1.0,1,0,101-500,0
3871,Test,,"1,2",0,,1,2020-09-30,1,0,1,2,1,60,1.0,1.0,1.0,1,0,500-1000,0
3872,Test,,72,0,,1,2020-09-30,1,0,1,2,1,60,1.0,1.0,1.0,1,0,101-500,0
3873,Jobma,,,0,,0,2020-09-30,1,0,1,1,0,100,1.0,1.0,1.0,0,0,101-500,0
3874,Orange,,,0,,0,2020-09-30,1,0,1,0,0,100,1.0,1.0,1.0,0,0,26-100,0
3875,DELL,,"2,3",0,,1,2020-09-30,1,1,1,2,4,60,1.0,1.0,1.0,1,0,26-100,0
3876,DELL,,4,0,,1,2020-09-30,1,1,1,2,4,100,1.0,1.0,1.0,0,0,26-100,0
3877,DELL,,3,0,,1,2020-09-30,1,1,1,2,4,60,1.0,1.0,1.0,1,0,26-100,0
3878,SSL,,"1,74",0,,1,2020-09-30,1,0,1,2,1,60,1.0,1.0,1.0,1,0,26-100,0
3879,Demo,,"2,73",0,,1,2020-09-30,1,0,1,2,1,100,1.0,1.0,1.0,0,0,26-100,0
3880,Test,,73,0,,1,2020-09-30,1,1,1,2,2,60,1.0,1.0,1.0,1,0,101-500,0
3881,ssi,,,0,1,0,2020-09-30,1,0,1,1,0,100,1.0,1.0,1.0,0,0,26-100,0
3882,Test,,72,0,,1,2020-09-30,1,1,1,2,3,60,1.0,1.0,1.0,1,0,500-1000,0
3883,Jobma,,2,0,,1,2020-09-30,1,0,1,2,1,60,1.0,1.0,1.0,1,0,26-100,0
3884,dfgdfg,,3,0,,1,2020-09-30,1,1,1,2,1,100,1.0,1.0,1.0,0,0,26-100,0
3885,dfgdfg,,,0,,0,2020-09-30,1,0,1,1,0,100,1.0,1.0,1.0,0,0,26-100,0
3886,Jobma,,,0,,0,2020-09-30,1,0,1,1,0,100,1.0,1.0,1.0,0,0,26-100,0
3887,JJ,,"3,7,16",0,,1,2020-09-30,1,1,1,2,10,60,1.0,1.0,1.0,1,0,101-500,0
3888,JJ,,"4,16,21",0,,1,2020-09-30,1,1,1,2,100,60,1.0,1.0,1.0,1,0,101-500,0
3889,JJ,,,0,,0,2020-09-30,1,0,1,1,0,100,1.0,1.0,1.0,0,0,101-500,0
3890,EA,,"72,73",0,,1,2020-09-30,1,0,1,2,1,100,1.0,1.0,1.0,0,0,26-100,0
3891,ssi,,"2,3",0,,1,2020-09-30,1,1,1,2,1,100,1.0,1.0,1.0,0,0,26-100,0
3892,Jd,,"2,37,94",0,,1,2020-09-30,1,1,1,2,10,100,1.0,1.0,1.0,0,0,26-100,0
3893,ssi,,,0,,0,2020-09-30,1,0,1,1,0,100,1.0,1.0,1.0,0,0,26-100,0
3894,SSI,,2,0,,1,2020-09-30,1,0,1,2,1,60,1.0,1.0,1.0,1,0,1-25,0
3895,selectsource,,72,0,,1,2020-10-01,1,1,1,2,5,60,1.0,1.0,1.0,1,0,26-100,0
3896,selectsource,,,0,,0,2020-10-01,1,0,1,1,0,100,1.0,1.0,1.0,0,0,26-100,0
3897,ssi,,72,0,,1,2020-10-01,1,0,1,2,1,100,1.0,1.0,1.0,0,0,26-100,0
3898,ssi,,74,0,,1,2020-10-01,1,1,1,1,6,60,1.0,1.0,1.0,1,0,26-100,0
3899,Test,,72,0,,1,2020-10-01,1,0,1,2,1,60,1.0,1.0,1.0,1,0,26-100,0
3900,Test,,1,0,,1,2020-10-01,1,1,1,2,3,60,1.0,1.0,1.0,1,0,101-500,0
3901,ssi,,1,0,,1,2020-10-01,1,0,1,2,1,100,1.0,1.0,1.0,0,0,26-100,0
3902,ssi,,1,0,2,1,2020-10-01,1,1,1,2,17,100,1.0,1.0,1.0,0,0,26-100,0
3903,ssi,,,0,,0,2020-10-01,1,0,1,1,0,100,1.0,1.0,1.0,0,0,26-100,0
3904,Test,,,0,,0,2020-10-01,1,0,1,1,0,100,1.0,1.0,1.0,0,0,101-500,0
3905,Test,,73,0,,1,2020-10-01,1,0,1,2,1,60,1.0,1.0,1.0,1,0,26-100,0
3906,commercial comp,,"76,4",0,2,1,2020-10-01,1,1,1,2,13,60,1.0,1.0,1.0,1,0,26-100,0
3907,Test,,2,0,,1,2020-10-01,1,0,1,2,1,60,1.0,1.0,1.0,1,0,500-1000,0
3908,ssi,,,0,,0,2020-10-01,1,0,1,1,0,100,1.0,1.0,1.0,0,0,1-25,0
3909,ssi,,,0,,0,2020-10-01,1,0,1,1,0,100,1.0,1.0,1.0,0,0,1-25,0
3910,Test,,"1,2,74",0,,1,2020-10-01,1,0,1,2,1,60,1.0,1.0,1.0,1,0,101-500,0
3911,Test,,74,0,,1,2020-10-01,1,0,1,2,1,60,1.0,1.0,1.0,1,0,1-25,0
3912,Test,,74,0,,1,2020-10-01,1,0,1,2,1,60,1.0,1.0,1.0,1,0,1-25,0
3913,ssi,,3,0,,1,2020-10-01,1,1,1,2,100,60,1.0,1.0,1.0,1,0,26-100,0
3914,ssi,,,0,,0,2020-10-01,1,0,1,1,0,100,1.0,1.0,1.0,0,0,26-100,0
3915,Test,,72,0,,1,2020-10-01,1,0,1,2,1,60,1.0,1.0,1.0,1,0,500-1000,0
3916,Test,,72,0,,1,2020-10-01,1,0,1,2,1,60,1.0,1.0,1.0,1,0,101-500,0
3917,Test,,1,0,,1,2020-10-01,1,0,1,2,1,60,1.0,1.0,1.0,1,0,1-25,0
3918,Test,,74,0,,1,2020-10-01,1,0,1,2,1,60,1.0,1.0,1.0,1,0,26-100,0
3919,Test,,3,0,,1,2020-10-01,1,1,1,2,5,100,1.0,1.0,1.0,0,0,1-25,0
3920,Test,,,0,,0,2020-10-01,1,0,1,1,0,100,1.0,1.0,1.0,0,0,1-25,0
3921,Test,,7,0,,1,2020-10-01,1,1,1,2,2,100,1.0,1.0,1.0,0,0,26-100,0
3922,Test,,,0,,0,2020-10-01,1,0,1,1,0,100,1.0,1.0,1.0,0,0,26-100,0
3923,EA Sports,,"72,74",0,,1,2020-10-01,1,0,1,2,1,100,1.0,1.0,1.0,0,0,26-100,0
3924,Test,,2,0,,1,2020-10-01,1,0,1,2,1,60,1.0,1.0,1.0,1,0,26-100,0
3925,ssi test,,2,0,1,1,2020-10-01,1,1,1,1,8,60,1.0,1.0,1.0,1,0,26-100,0
3927,ssi,,2,0,,1,2020-10-01,1,1,1,2,0,100,1.0,1.0,1.0,0,0,26-100,0
3928,Test,,3,0,,1,2020-10-01,1,1,1,2,0,60,1.0,1.0,1.0,1,0,101-500,0
3929,QWE,,74,3,,1,2020-10-01,1,0,1,2,1,100,1.0,1.0,1.0,0,0,1-25,0
3930,QWE,,74,3,,1,2020-10-01,1,0,1,2,1,100,1.0,1.0,1.0,0,0,1-25,0
3931,QWE,,74,1,,1,2020-10-01,1,0,1,2,1,60,1.0,1.0,1.0,1,0,1-25,0
3932,QWE,,73,1,,1,2020-10-01,1,0,1,2,1,60,1.0,1.0,1.0,1,0,26-100,0
3933,ssi,,3,0,,1,2020-10-01,1,1,1,2,0,60,1.0,1.0,1.0,1,0,26-100,0
3934,ssi,,,0,1,0,2020-10-05,1,0,1,1,0,100,1.0,1.0,1.0,0,0,26-100,0
3935,Test,,73,0,,1,2020-10-05,1,0,1,2,1,60,1.0,1.0,1.0,1,0,26-100,0
3936,ssi,,73,2,,1,2020-10-05,1,1,1,2,4,60,1.0,1.0,1.0,1,0,1-25,0
3937,Test,,4,0,,1,2020-10-05,1,1,1,2,2,100,1.0,1.0,1.0,0,0,26-100,0
3938,Test,,,0,,0,2020-10-05,1,0,1,1,0,100,1.0,1.0,1.0,0,0,26-100,0
3939,ssi,,,0,,0,2020-10-05,1,0,1,1,0,100,1.0,1.0,1.0,0,0,1-25,0
3940,Test,,3,0,,1,2020-10-05,1,1,1,2,3,100,1.0,1.0,1.0,0,0,26-100,0
3941,Test,,4,0,,1,2020-10-05,1,1,1,2,1,60,1.0,1.0,1.0,1,0,500-1000,0
3942,ssi,,,0,1,0,2020-10-05,1,0,1,1,0,100,1.0,1.0,1.0,0,0,26-100,0
3944,Dell,,"73,74",0,,1,2020-10-05,1,1,1,2,4,60,1.0,1.0,1.0,1,0,26-100,0
3945,Test,,"3,7",0,,1,2020-10-05,1,1,1,2,1,60,1.0,1.0,1.0,1,0,101-500,0
3946,ssi,,73,0,,1,2020-10-05,1,0,1,2,1,60,1.0,1.0,1.0,1,0,26-100,0
3947,Test,,2,0,,1,2020-10-05,1,0,1,2,1,60,1.0,1.0,1.0,1,0,26-100,0
3948,ssi,,2,0,,1,2020-10-05,1,0,1,1,1,60,1.0,1.0,1.0,1,0,26-100,0
3949,Dell,,,0,,0,2020-10-05,1,0,1,1,0,100,1.0,1.0,1.0,0,0,26-100,0
3950,Test,,"3,7,56",0,,1,2020-10-05,1,1,1,2,100,100,1.0,1.0,1.0,0,0,26-100,0
3951,Test,,,0,,0,2020-10-05,1,0,1,1,0,100,1.0,1.0,1.0,0,0,26-100,0
3952,JOBMA,,"72,3,75",0,,1,2020-10-05,1,0,1,2,1,60,1.0,1.0,1.0,1,0,1-25,0
3953,Test,,2,0,,1,2020-10-05,1,0,1,2,1,60,1.0,1.0,1.0,1,0,1-25,0
3954,JOBMA,,"72,3,75",0,,1,2020-10-05,1,0,1,2,1,60,1.0,1.0,1.0,1,0,1-25,0
3955,JOBMA,,"72,3,75",0,,1,2020-10-05,1,0,1,2,1,60,1.0,1.0,1.0,1,0,1-25,0
3956,JOBMA,,"72,3,75",0,,1,2020-10-05,1,0,1,2,1,60,1.0,1.0,1.0,1,0,1-25,0
3957,ssi,,7,0,,1,2020-10-05,1,1,1,2,2,100,1.0,1.0,1.0,0,0,1-25,0
3958,JOBMA,,"72,3,75",0,,1,2020-10-05,1,0,1,2,1,60,1.0,1.0,1.0,1,0,1-25,0
3959,JOBMA,,"72,3,75",0,,1,2020-10-05,1,0,1,2,1,60,1.0,1.0,1.0,1,0,1-25,0
3960,Friday,,"74,3",0,,1,2020-10-06,1,1,1,2,5,60,1.0,1.0,1.0,1,0,26-100,0
3961,Friday1,,"2,73",0,,1,2020-10-06,1,1,1,2,4,100,1.0,1.0,1.0,0,0,26-100,0
3962,Friday1,,,0,,0,2020-10-06,1,0,1,1,0,100,1.0,1.0,1.0,0,0,26-100,0
3963,Friday,,,0,,1,2020-10-06,1,0,1,1,0,100,1.0,1.0,1.0,0,0,26-100,0
3964,Friday,,"3,4",0,,1,2020-10-06,1,1,1,2,3,100,1.0,1.0,1.0,0,0,26-100,0
3965,Friday,,,0,,0,2020-10-06,1,0,1,1,0,100,1.0,1.0,1.0,0,0,26-100,0
3966,Friday,,"3,4",0,,1,2020-10-06,1,1,1,2,3,60,1.0,1.0,1.0,1,0,26-100,0
3967,Friday,,,0,,0,2020-10-06,1,0,1,1,0,100,1.0,1.0,1.0,0,0,26-100,0
3968,ssi,,72,0,,1,2020-10-06,1,0,1,2,1,100,1.0,1.0,1.0,0,0,26-100,0
3969,ssi,,,0,,0,2020-10-06,1,0,1,1,0,100,1.0,1.0,1.0,0,0,26-100,0
3970,Jobma,,2,0,,1,2020-10-06,1,0,1,2,1,60,1.0,1.0,1.0,1,0,26-100,0
3971,ssi,,4,0,,1,2020-10-06,1,1,1,2,100,100,1.0,1.0,1.0,0,0,26-100,0
3972,ssi,,74,1,,1,2020-10-06,1,0,1,2,1,100,1.0,1.0,1.0,0,0,1-25,0
3973,ssi,,2,0,,1,2020-10-06,1,1,1,2,2,100,1.0,1.0,1.0,0,0,26-100,0
3974,ssi,,3,0,,1,2020-10-06,1,1,1,2,2,60,1.0,1.0,1.0,1,0,26-100,0
3975,sds,,2,0,,1,2020-10-06,1,0,1,2,1,60,1.0,1.0,1.0,1,0,26-100,0
3976,ssi,,2,0,,1,2020-10-06,1,0,1,2,1,60,1.0,1.0,1.0,1,0,101-500,0
3977,ssi,,4,0,,1,2020-10-07,1,1,1,2,5,100,1.0,1.0,1.0,0,0,26-100,0
3978,select,,73,0,,1,2020-10-07,1,1,1,2,4,60,1.0,1.0,1.0,1,0,26-100,0
3979,ssi,,,0,,0,2020-10-07,1,0,1,1,0,100,1.0,1.0,1.0,0,0,26-100,0
3980,ssi,,3,0,,1,2020-10-07,1,1,1,2,100,100,1.0,1.0,1.0,0,0,26-100,0
3981,ssi,,4,0,,1,2020-10-07,1,1,1,2,12,100,1.0,1.0,1.0,0,0,26-100,0
3982,select,,4,0,,-1,2020-10-07,1,1,1,2,103,60,1.0,1.0,1.0,1,0,101-500,0
3983,ssi,,,0,,0,2020-10-07,1,0,1,1,0,100,1.0,1.0,1.0,0,0,26-100,0
3985,ssi,,74,1,,1,2020-10-07,1,0,1,2,1,60,1.0,1.0,1.0,1,0,1-25,0
3986,Jobma,,73,0,,1,2020-10-07,1,0,1,2,1,60,0.0,0.0,1.0,1,0,500-1000,0
3987,ssi,,74,1,,1,2020-10-07,1,0,1,2,1,100,1.0,1.0,1.0,0,0,1-25,0
3988,ssi,,3,1,,1,2020-10-07,1,0,1,2,1,60,1.0,1.0,1.0,1,0,1-25,0
3989,Test,,73,0,,1,2020-10-08,1,0,1,2,1,60,1.0,1.0,1.0,1,0,101-500,0
3990,Test,,,0,,0,2020-10-08,1,0,1,1,0,100,1.0,1.0,1.0,0,0,101-500,0
3991,Tesr,,7,0,,1,2020-10-08,1,1,1,2,3,60,1.0,1.0,1.0,1,0,26-100,0
3992,Test,,2,0,,1,2020-10-08,1,1,1,2,120,60,1.0,1.0,1.0,1,0,500-1000,0
3993,Test,,7,0,,1,2020-10-08,1,1,1,2,2,60,1.0,1.0,1.0,1,0,1-25,0
3994,ssi,,,0,,0,2020-10-08,1,0,1,1,0,100,1.0,1.0,1.0,0,0,1-25,0
3995,Test,,4,0,,1,2020-10-08,1,1,1,2,2,60,1.0,1.0,1.0,1,0,101-500,0
3996,Tesr,,,0,,0,2020-10-08,1,0,1,1,0,100,1.0,1.0,1.0,0,0,26-100,0
3997,Test,,73,0,,1,2020-10-08,1,0,1,2,1,60,1.0,1.0,1.0,1,0,26-100,0
4000,Test,,73,0,,1,2020-10-08,1,0,1,2,1,60,1.0,1.0,1.0,1,0,1-25,0
4001,Test,,,0,,0,2020-10-08,1,0,1,1,0,100,1.0,1.0,1.0,0,0,1-25,0
4002,SSI,,2,0,,1,2020-10-08,1,0,1,2,1,60,1.0,1.0,1.0,1,0,500-1000,0
4003,Jobma,,2,0,,1,2020-10-08,1,0,1,2,1,60,1.0,1.0,1.0,1,0,500-1000,0
4004,Jobma,,,0,,0,2020-10-08,1,0,1,1,0,100,1.0,1.0,1.0,0,0,1-25,0
4005,SSI,,72,0,,1,2020-10-08,1,0,1,2,1,60,1.0,1.0,1.0,1,0,1-25,0
4006,ssi,,3,0,,1,2020-10-08,1,1,1,2,100,100,1.0,1.0,1.0,0,0,101-500,0
4007,ssi,,3,0,,1,2020-10-08,1,1,1,2,2,100,1.0,1.0,1.0,0,0,101-500,0
4008,SSI,,,0,,0,2020-10-08,1,0,1,1,0,100,1.0,1.0,1.0,0,0,1-25,0
4009,mhghjghj,,2,0,,1,2020-10-08,1,1,1,2,0,60,1.0,1.0,1.0,1,0,1-25,0
4010,SSI,,72,0,,1,2020-10-08,1,0,1,2,1,60,1.0,1.0,1.0,1,0,1-25,0
4011,Test,,72,0,,1,2020-10-08,1,0,1,2,1,60,1.0,1.0,1.0,1,0,101-500,0
4012,Test,,,0,,0,2020-10-08,1,0,1,1,0,100,1.0,1.0,1.0,0,0,1-25,0
4013,SSI,,"4,7",0,,1,2020-10-09,1,1,1,2,10,100,1.0,1.0,1.0,0,0,26-100,0
4014,SSI,,"3,4",0,,1,2020-10-09,1,1,1,2,10,60,1.0,1.0,1.0,1,0,26-100,0
4015,select,,2,0,,1,2020-10-09,1,1,1,2,10,60,1.0,1.0,1.0,1,0,1-25,0
4016,Logic2020,,"4,7",0,,1,2020-10-09,1,1,1,2,100,60,1.0,1.0,1.0,1,0,101-500,0
4017,ssi,,"7,124",0,,1,2020-10-09,1,0,1,2,1,100,1.0,1.0,1.0,0,0,26-100,0
4018,SSI,,"2,4",0,,1,2020-10-09,1,1,1,2,100,60,1.0,1.0,1.0,1,0,101-500,0
4020,Test,,2,0,,1,2020-10-09,1,1,1,2,2,60,1.0,1.0,1.0,1,0,500-1000,0
4021,SSI,,"2,4",0,,1,2020-10-09,1,1,1,2,100,60,1.0,1.0,1.0,1,0,26-100,0
4022,ssi,,3,0,,1,2020-10-09,1,1,1,2,2,60,1.0,1.0,1.0,1,0,26-100,0
4023,Jobma,,"72,74,3",1,,1,2020-10-09,1,1,1,2,2,60,1.0,1.0,1.0,1,0,101-500,0
4024,dshfgsjgf,,72,0,,1,2020-10-09,1,0,1,2,1,60,1.0,1.0,1.0,1,0,26-100,0
4025,dshfgsjgf,,,0,,0,2020-10-09,1,0,1,1,0,100,1.0,1.0,1.0,0,0,26-100,0
4026,ssi,,1,0,,1,2020-10-09,1,1,1,2,2,100,1.0,1.0,1.0,0,0,26-100,0
4027,Jobma,,,0,,0,2020-10-09,1,0,1,1,0,100,1.0,1.0,1.0,0,0,101-500,0
4028,SSi,,4,0,,1,2020-10-09,1,1,1,2,10,60,1.0,1.0,1.0,1,0,26-100,0
4029,select,,4,0,,1,2020-10-09,1,1,1,2,0,60,1.0,1.0,1.0,1,0,26-100,0
4030,SSI,,2,0,,1,2020-10-09,1,1,1,2,100,60,1.0,1.0,1.0,1,0,26-100,0
4031,SSI,,"2,4",0,,1,2020-10-09,1,1,1,2,10,60,1.0,1.0,1.0,1,0,26-100,0
4032,Test,,2,0,,1,2020-10-09,1,0,1,2,1,60,1.0,1.0,1.0,1,0,26-100,0
4033,SSI,,2,0,,1,2020-10-09,1,1,1,2,100,60,1.0,1.0,1.0,1,0,101-500,0
4034,SSI,,4,0,,1,2020-10-09,1,1,1,2,10,60,1.0,1.0,1.0,1,0,26-100,0
4035,SSI,,4,0,,1,2020-10-09,1,1,1,2,100,60,1.0,1.0,1.0,1,0,101-500,0
4036,SSI,,4,0,,1,2020-10-09,1,1,1,2,10,60,1.0,1.0,1.0,1,0,101-500,0
4037,select,,2,0,,1,2020-10-09,1,1,1,1,0,60,1.0,1.0,1.0,1,0,1-25,0
4038,reter,,3,0,,1,2020-10-09,1,1,1,2,2,60,1.0,1.0,1.0,1,0,26-100,0
4039,Test,,73,0,,1,2020-10-09,1,1,1,2,3,60,1.0,1.0,1.0,1,0,500-1000,0
4040,select,,3,0,,1,2020-10-09,1,1,1,2,2,60,1.0,1.0,1.0,1,0,26-100,0
4041,select,,,0,,0,2020-10-09,1,0,1,1,0,100,1.0,1.0,1.0,0,0,26-100,0
4042,SSI,,"2,4",0,,1,2020-10-09,1,1,1,2,100,60,1.0,1.0,1.0,1,0,26-100,0
4043,ssi,,"1,72",0,,1,2020-10-09,1,0,1,2,1,100,1.0,1.0,1.0,0,0,26-100,0
4044,SSI,,4,0,,1,2020-10-09,1,1,1,2,10,60,1.0,1.0,1.0,1,0,26-100,0
4045,SSI,,2,0,,1,2020-10-09,1,1,1,2,10,60,1.0,1.0,1.0,1,0,26-100,0
4046,SSI,,"2,4",0,,1,2020-10-09,1,1,1,2,100,60,1.0,1.0,1.0,1,0,101-500,0
4047,SSI,,"2,4",0,,1,2020-10-09,1,1,1,2,10,60,1.0,1.0,1.0,1,0,101-500,0
4048,Jobma,,2,1,,1,2020-10-09,1,0,1,2,1,60,1.0,1.0,1.0,1,0,1-25,0
4049,ssi,,2,0,,1,2020-10-09,1,1,1,2,1,100,1.0,1.0,1.0,0,0,26-100,0
4050,Jobma,,74,1,,1,2020-10-09,1,0,1,2,1,100,1.0,1.0,1.0,0,0,1-25,0
4051,Jobma,,73,1,,1,2020-10-09,1,0,1,2,1,60,1.0,1.0,1.0,1,0,1-25,0
4052,sdfsd,,73,1,,1,2020-10-09,1,0,1,2,1,100,1.0,1.0,1.0,0,0,1-25,0
4053,dasDAD,,73,1,,1,2020-10-09,1,0,1,2,1,100,1.0,1.0,1.0,0,0,1-25,0
4054,ssi,,"2,74,3",1,,1,2020-10-12,1,1,1,2,5,100,1.0,1.0,1.0,0,0,1-25,0
4055,ssi,,,0,,0,2020-10-12,1,0,1,1,0,100,1.0,1.0,1.0,0,0,1-25,0
4056,ssi,,,0,,0,2020-10-12,1,0,1,1,0,100,1.0,1.0,1.0,0,0,1-25,0
4057,ssi,,,0,,0,2020-10-12,1,0,1,1,0,100,1.0,1.0,1.0,0,0,1-25,0
4058,sdf,,3,0,,1,2020-10-12,1,1,1,1,2,100,1.0,1.0,1.0,0,0,101-500,0
4059,sdf,,4,0,,1,2020-10-12,1,1,1,1,6,60,1.0,1.0,1.0,1,0,500-1000,0
4060,sdf,,,0,,0,2020-10-12,1,0,1,1,0,100,1.0,1.0,1.0,0,0,500-1000,0
4062,sdf,,3,0,,1,2020-10-12,1,1,1,2,0,60,1.0,1.0,1.0,1,0,500-1000,0
4063,ssi,,74,0,,1,2020-10-12,1,1,1,2,6,60,1.0,1.0,1.0,1,0,101-500,0
4064,dgfsdf,,73,0,,1,2020-10-12,1,0,1,2,1,60,1.0,1.0,1.0,1,0,26-100,0
4065,interviewrate,,"1,72,73",0,,1,2020-10-12,1,0,1,2,1,60,1.0,1.0,1.0,1,0,26-100,0
4066,fxdfx,,73,0,,1,2020-10-12,1,0,1,2,1,100,1.0,1.0,1.0,0,0,101-500,0
4067,dg,,73,0,,1,2020-10-12,1,0,1,2,1,60,1.0,1.0,1.0,1,0,500-1000,0
4068,dg,,,0,,0,2020-10-12,1,0,1,1,0,100,1.0,1.0,1.0,0,0,500-1000,0
4070,interviewrate,,,0,,0,2020-10-13,1,0,1,1,0,100,1.0,1.0,1.0,0,0,26-100,0
4071,ssi,,73,0,,1,2020-10-13,1,1,1,2,4,60,1.0,1.0,1.0,1,0,26-100,0
4072,ssi,,,0,,0,2020-10-13,1,0,1,1,0,100,1.0,1.0,1.0,0,0,1-25,0
4073,ssi,,,0,,0,2020-10-13,1,0,1,1,0,100,1.0,1.0,1.0,0,0,1-25,0
4074,ssi,,3,0,,1,2020-10-13,1,1,1,2,3,60,1.0,1.0,1.0,1,0,26-100,0
4075,ssi,,2,0,,1,2020-10-13,1,1,1,2,4,60,1.0,1.0,1.0,1,0,26-100,0
4076,ssi,,,0,,0,2020-10-13,1,0,1,1,0,100,1.0,1.0,1.0,0,0,26-100,0
4077,ssi,,,0,,0,2020-10-13,1,0,1,1,0,100,1.0,1.0,1.0,0,0,26-100,0
4079,Test,,72,0,,1,2020-10-14,1,0,1,2,1,100,1.0,1.0,1.0,0,0,26-100,0
4080,Test,,73,0,,1,2020-10-14,1,1,1,2,5,100,1.0,1.0,1.0,0,0,500-1000,0
4081,Test,,,0,,0,2020-10-14,1,0,1,1,0,100,1.0,1.0,1.0,0,0,500-1000,0
4082,"Testing  Industries and Corporations, Private Limited",,"2,73",0,,1,2020-10-14,1,1,1,2,4,100,1.0,1.0,1.0,0,0,101-500,0
4083,"Testing  Industries and Corporations, Private Limited",,,0,,0,2020-10-14,1,0,1,1,0,100,1.0,1.0,1.0,0,0,101-500,0
4084,Test,,72,0,,1,2020-10-14,1,0,1,2,1,60,1.0,1.0,1.0,1,0,26-100,0
4085,Test,,,0,,0,2020-10-14,1,0,1,1,0,100,1.0,1.0,1.0,0,0,26-100,0
4086,NRI Corporations and Sons Private Limited,,"1,2,4",0,,1,2020-10-14,1,1,1,2,100,100,1.0,1.0,1.0,0,0,1-25,0
4087,NRI Corporations and Sons Private Limited,,,0,,0,2020-10-14,1,0,1,1,0,100,1.0,1.0,1.0,0,0,1-25,0
4088,Test,,"1,2,3",0,,1,2020-10-14,1,1,1,2,107,100,1.0,1.0,1.0,0,0,26-100,0
4089,Test,,,0,,0,2020-10-14,1,0,1,1,0,100,1.0,1.0,1.0,0,0,26-100,0
4090,Test,,,0,,0,2020-10-14,1,0,1,1,0,100,1.0,1.0,1.0,0,0,26-100,0
4091,Test,,,0,,0,2020-10-14,1,0,1,1,0,100,1.0,1.0,1.0,0,0,26-100,0
4092,Test,,,0,,0,2020-10-14,1,0,1,1,0,100,1.0,1.0,1.0,0,0,26-100,0
4093,Test,,,0,,0,2020-10-14,1,0,1,1,0,100,1.0,1.0,1.0,0,0,26-100,0
4094,SSL,,4,0,,1,2020-10-14,1,1,1,2,2,100,1.0,1.0,1.0,0,0,26-100,0
4095,SSL,,,0,,0,2020-10-14,1,0,1,1,0,100,1.0,1.0,1.0,0,0,26-100,0
4096,Test Pvt Ltd ~!@#$%^&*()_+_+-,,3,0,,1,2020-10-14,1,1,1,2,3,100,1.0,1.0,1.0,0,0,1-25,0
4097,Test Pvt Ltd ~!@#$%^&*()_+_+-,,,0,,0,2020-10-14,1,0,1,1,0,100,1.0,1.0,1.0,0,0,1-25,0
4098,Test Pvt Ltd ~!@#$%^&*()_+_+-,,,0,,0,2020-10-14,1,0,1,1,0,100,1.0,1.0,1.0,0,0,1-25,0
4099,Test Company Pvt Ltd.,,3,0,,1,2020-10-14,1,1,1,2,106,100,1.0,1.0,1.0,0,0,26-100,0
4100,Test Company Pvt Ltd.,,,0,,0,2020-10-14,1,0,1,1,0,100,1.0,1.0,1.0,0,0,26-100,0
4101,Test Company Pvt Ltd.,,,0,,0,2020-10-14,1,0,1,1,0,100,1.0,1.0,1.0,0,0,26-100,0
4102,ssi,,,0,,0,2020-10-14,1,0,1,1,0,100,1.0,1.0,1.0,0,0,101-500,0
4103,ssi,,2,0,,1,2020-10-14,1,0,1,2,1,60,1.0,1.0,1.0,1,0,500-1000,0
4104,ssi,,73,0,,1,2020-10-14,1,1,1,2,7,60,1.0,1.0,1.0,1,0,500-1000,0
4105,ssi,,74,0,,1,2020-10-15,1,1,1,2,11,60,1.0,1.0,1.0,1,0,500-1000,0
4106,ssi,,,0,,0,2020-10-15,1,0,1,1,0,100,1.0,1.0,1.0,0,0,500-1000,0
4107,ssi,,,0,,0,2020-10-15,1,0,1,1,0,100,1.0,1.0,1.0,0,0,500-1000,0
4108,ssi,,,0,,0,2020-10-15,1,0,1,1,0,100,1.0,1.0,1.0,0,0,500-1000,0
4109,ssi,,3,1,,1,2020-10-15,1,1,1,2,13,60,1.0,1.0,1.0,1,0,1-25,0
4110,ssi,,,0,,0,2020-10-15,1,0,1,1,0,100,1.0,1.0,1.0,0,0,1-25,0
4111,ssi,,,0,,0,2020-10-15,1,0,1,1,0,100,1.0,1.0,1.0,0,0,1-25,0
4112,Test Company,,2,0,,1,2020-10-15,1,1,1,2,2,60,1.0,1.0,1.0,1,0,101-500,0
4113,ssi,,73,0,,1,2020-10-15,1,1,1,2,5,60,1.0,1.0,1.0,1,0,500-1000,0
4114,ssi,,,0,,0,2020-10-15,1,0,1,1,0,100,1.0,1.0,1.0,0,0,500-1000,0
4115,ssi,,,0,,0,2020-10-15,1,0,1,1,0,100,1.0,1.0,1.0,0,0,500-1000,0
4116,ssi,,2,0,,1,2020-10-15,1,1,1,2,8,60,1.0,1.0,1.0,1,0,500-1000,0
4117,ssi,,,0,,0,2020-10-15,1,0,1,1,0,100,1.0,1.0,1.0,0,0,500-1000,0
4118,ssi,,,0,,0,2020-10-15,1,0,1,1,0,100,1.0,1.0,1.0,0,0,500-1000,0
4119,ssi,,2,0,,1,2020-10-15,1,0,1,2,1,100,1.0,1.0,1.0,0,0,500-1000,0
4120,ssi,,,0,,0,2020-10-15,1,0,1,1,0,100,1.0,1.0,1.0,0,0,500-1000,0
4121,ssi,,,0,,0,2020-10-15,1,0,1,1,0,100,1.0,1.0,1.0,0,0,1-25,0
4122,Test,,2,0,,1,2020-10-15,1,1,1,2,0,60,1.0,1.0,1.0,1,0,101-500,0
4123,ssi,,2,0,,1,2020-10-16,1,1,1,2,7,60,1.0,1.0,1.0,1,0,1-25,0
4124,ssi,,2,0,,1,2020-10-16,1,1,1,2,17,60,1.0,1.0,1.0,1,0,500-1000,0
4125,ssi,,,0,,0,2020-10-16,1,0,1,1,0,100,1.0,1.0,1.0,0,0,500-1000,0
4126,ssi,,,0,,0,2020-10-16,1,0,1,1,0,100,1.0,1.0,1.0,0,0,500-1000,0
4129,ssi,,,0,,0,2020-10-16,1,0,1,1,0,100,1.0,1.0,1.0,0,0,1-25,0
4130,ssi,,,0,,0,2020-10-16,1,0,1,1,0,100,1.0,1.0,1.0,0,0,500-1000,0
4131,ssi,,,0,,0,2020-10-16,1,0,1,1,0,100,1.0,1.0,1.0,0,0,1-25,0
4132,ssi,,23,0,1,1,2020-10-16,1,1,1,2,26,100,1.0,1.0,1.0,0,0,26-100,0
4133,ssi,,,0,1,0,2020-10-16,1,0,1,1,0,100,1.0,1.0,1.0,0,0,26-100,0
4135,ssi,,,0,,0,2020-10-16,1,0,1,1,0,100,1.0,1.0,1.0,0,0,500-1000,0
4136,ssi,,,0,,0,2020-10-16,1,0,1,1,0,100,1.0,1.0,1.0,0,0,26-100,0
4137,ssi test,,,0,1,0,2020-10-16,1,0,1,1,0,100,1.0,1.0,1.0,0,0,26-100,0
4138,sso,,7,0,,1,2020-10-16,1,1,1,2,2,60,1.0,1.0,1.0,1,0,500-1000,0
4140,ssi,,2,0,,1,2020-10-16,1,0,1,2,1,60,1.0,1.0,1.0,1,0,500-1000,0
4141,ssi,,,0,,0,2020-10-16,1,0,1,1,0,100,1.0,1.0,1.0,0,0,500-1000,0
4142,Test,,74,0,,1,2020-10-16,1,0,1,2,1,60,1.0,1.0,1.0,1,0,1-25,0
4143,Test & Co.,,"73,74",0,,1,2020-10-19,1,1,1,2,4,60,1.0,1.0,1.0,1,0,101-500,0
4144,Test & Co.,,,0,,0,2020-10-19,1,0,1,1,0,100,1.0,1.0,1.0,0,0,101-500,0
4145,Test & Co.,,2,0,,1,2020-10-19,1,1,1,2,2,60,1.0,1.0,1.0,1,0,101-500,0
4146,Test & Co.,,,0,,0,2020-10-19,1,0,1,1,0,100,1.0,1.0,1.0,0,0,101-500,0
4147,SSi,,"23,222",0,,1,2020-10-19,1,1,1,2,4,60,1.0,1.0,1.0,1,0,26-100,0
4148,SSi,,,0,,0,2020-10-19,1,0,1,1,0,100,1.0,1.0,1.0,0,0,26-100,0
4149,Test & Co.,,72,0,,1,2020-10-19,1,0,1,2,1,60,1.0,1.0,1.0,1,0,1-25,0
4150,Test & Co.,,2,0,,1,2020-10-19,1,0,1,2,1,60,1.0,1.0,1.0,1,0,1-25,0
4151,Test & Co.,,,0,,0,2020-10-19,1,0,1,1,0,100,1.0,1.0,1.0,0,0,1-25,0
4152,Test & Co.,,2,0,,1,2020-10-19,1,0,1,2,1,60,1.0,1.0,1.0,1,0,101-500,0
4153,Test & Co.,,,0,,0,2020-10-19,1,0,1,1,0,100,1.0,1.0,1.0,0,0,101-500,0
4154,Test & Co.,,61,0,,1,2020-10-19,1,1,1,2,2,100,1.0,1.0,1.0,0,0,26-100,0
4155,Test & Co.,,,0,,0,2020-10-19,1,0,1,1,0,100,1.0,1.0,1.0,0,0,26-100,0
4156,Test & Co.,,189,0,,1,2020-10-19,1,1,1,2,3,60,1.0,1.0,1.0,1,0,26-100,0
4157,Test & Co.,,,0,,0,2020-10-19,1,0,1,1,0,100,1.0,1.0,1.0,0,0,26-100,0
4158,Test & Co.,,2,0,,1,2020-10-19,1,1,1,2,2,100,1.0,1.0,1.0,0,0,101-500,0
4159,Test & Co.,,,0,,0,2020-10-19,1,0,1,1,0,100,1.0,1.0,1.0,0,0,101-500,0
4160,JOBMA,,"72,3,75",0,,1,2020-10-19,1,0,1,2,1,60,1.0,1.0,1.0,1,0,1-25,0
4161,JOBMA,,"72,3,75",0,,1,2020-10-19,1,0,1,2,1,60,1.0,1.0,1.0,1,0,1-25,0
4162,JOBMA,,"72,3,75",0,,1,2020-10-19,1,0,1,2,1,60,1.0,1.0,1.0,1,0,1-25,0
4163,Test & Co.,,73,0,,1,2020-10-19,1,0,1,2,1,60,1.0,1.0,1.0,1,0,101-500,0
4164,Test & Co.,,,0,,0,2020-10-19,1,0,1,1,0,100,1.0,1.0,1.0,0,0,101-500,0
4165,Test & Co.,,72,0,,1,2020-10-19,1,0,1,2,1,60,1.0,1.0,1.0,1,0,101-500,0
4166,Test & Co.,,,0,,0,2020-10-19,1,0,1,1,0,100,1.0,1.0,1.0,0,0,101-500,0
4167,Test & Co.,,72,0,,1,2020-10-19,1,0,1,2,1,60,1.0,1.0,1.0,1,0,26-100,0
4168,Test & Co.,,,0,,0,2020-10-19,1,0,1,1,0,100,1.0,1.0,1.0,0,0,26-100,0
4169,ssi,,"1,2",0,,1,2020-10-20,1,0,1,2,1,100,1.0,1.0,1.0,0,0,26-100,0
4170,ssi,,"1,72",0,,1,2020-10-20,1,0,1,2,1,100,1.0,1.0,1.0,0,0,26-100,0
4171,JOBMA,,"72,3,75",0,,1,2020-10-20,1,0,1,2,1,60,1.0,1.0,1.0,1,0,1-25,0
4172,ssi,,,0,,0,2020-10-20,1,0,1,1,0,100,1.0,1.0,1.0,0,0,26-100,0
4173,JOBMA,,"72,3,75",0,,1,2020-10-20,1,0,1,2,1,60,1.0,1.0,1.0,1,0,1-25,0
4174,Test Pvt Ltd,,"24,23",0,2,1,2020-10-20,1,0,1,2,1,60,1.0,1.0,1.0,1,0,500-1000,0
4175,Test Co & Sons,,"37,66",0,,1,2020-10-21,1,1,1,2,2,60,1.0,1.0,1.0,1,0,1-25,0
4176,Test Co & Sons,,,0,,0,2020-10-21,1,0,1,1,0,100,1.0,1.0,1.0,0,0,1-25,0
4177,JOBMA,,"72,3,75",0,,1,2020-10-21,1,0,1,2,1,60,1.0,1.0,1.0,1,0,1-25,0
4178,JOBMA,,"72,3,75",0,,1,2020-10-21,1,1,1,2,2,60,1.0,1.0,1.0,1,0,1-25,0
4179,JOBMA,,"72,3,75",0,,1,2020-10-21,1,0,1,2,1,60,1.0,1.0,1.0,1,0,1-25,0
4180,SSI,,"2,8,10",0,,1,2020-10-21,1,1,1,2,2,60,1.0,1.0,1.0,1,0,1-25,0
4181,ssi,,"1,72,2",0,,1,2020-10-21,1,0,1,2,1,60,1.0,1.0,1.0,1,0,26-100,0
4182,JOBMA,,"72,3,75",0,,1,2020-10-21,1,0,1,2,1,60,1.0,1.0,1.0,1,0,1-25,0
4183,JOBMA,,"72,3,75",0,,1,2020-10-21,1,0,1,2,1,60,1.0,1.0,1.0,1,0,1-25,0
4184,JOBMA,,"72,3,75",0,,1,2020-10-21,1,0,1,2,1,60,1.0,1.0,1.0,1,0,1-25,0
4185,SSI,,78,0,,1,2020-10-22,1,0,1,2,1,60,1.0,1.0,1.0,1,0,26-100,0
4186,SSI,,75,0,,1,2020-10-22,1,1,1,2,14,100,1.0,1.0,1.0,0,0,26-100,0
4187,SSI,,,0,,0,2020-10-22,1,0,1,1,0,100,1.0,1.0,1.0,0,0,26-100,0
4188,Test,,73,0,,1,2020-10-22,1,0,1,2,1,60,1.0,1.0,1.0,1,0,26-100,0
4189,Test,,,0,,0,2020-10-22,1,0,1,1,0,100,1.0,1.0,1.0,0,0,26-100,0
4190,SSI,,7,0,,1,2020-10-22,1,1,1,2,100,100,1.0,1.0,1.0,0,0,101-500,0
4191,SSI,,7,0,,1,2020-10-22,1,1,1,2,100,100,1.0,1.0,1.0,0,0,26-100,0
4192,Test,,72,0,,1,2020-10-22,1,0,1,2,1,60,1.0,1.0,1.0,1,0,1-25,0
4193,JOBMA,,"72,3,75",0,,1,2020-10-22,1,0,1,2,1,60,1.0,1.0,1.0,1,0,1-25,0
4194,JOBMA,,"72,3,75",0,,1,2020-10-22,1,0,1,2,1,60,1.0,1.0,1.0,1,0,1-25,0
4195,JOBMA,,"72,3,75",0,,1,2020-10-23,1,0,1,2,1,60,1.0,1.0,1.0,1,0,1-25,0
4196,Test Co.,,72,0,,1,2020-10-23,1,1,1,2,5,100,1.0,1.0,1.0,0,0,101-500,0
4197,Test Co.,,,0,,0,2020-10-23,1,0,1,1,0,100,1.0,1.0,1.0,0,0,101-500,0
4198,SSI,,78,0,,1,2020-10-23,1,0,1,2,1,60,1.0,1.0,1.0,1,0,26-100,0
4199,SSI,,,0,,0,2020-10-23,1,0,1,1,0,100,1.0,1.0,1.0,0,0,26-100,0
4200,Test Co.,,73,0,,1,2020-10-23,1,1,1,2,4,100,1.0,1.0,1.0,0,0,1-25,0
4201,SSI,,10,0,,1,2020-10-23,1,1,1,2,103,100,1.0,1.0,1.0,0,0,26-100,0
4202,Test Co.,,,0,,0,2020-10-23,1,0,1,1,0,100,1.0,1.0,1.0,0,0,1-25,0
4203,SSI,,,0,,0,2020-10-23,1,0,1,1,0,100,1.0,1.0,1.0,0,0,26-100,0
4204,ssi,,4,0,2,1,2020-10-23,1,1,1,2,3,60,1.0,1.0,1.0,1,0,500-1000,0
4205,ssi,,,0,2,0,2020-10-23,1,0,1,1,0,100,1.0,1.0,1.0,0,0,500-1000,0
4206,ssi,,1,0,,1,2020-10-23,1,0,1,2,1,60,1.0,1.0,1.0,1,0,26-100,0
4207,Test,,2,0,,1,2020-10-23,1,1,1,2,3,100,1.0,1.0,1.0,0,0,1-25,0
4208,Test,,,0,,0,2020-10-23,1,0,1,1,0,100,1.0,1.0,1.0,0,0,1-25,0
4209,sdfsd,,73,0,,1,2020-10-26,1,0,1,2,1,60,1.0,1.0,1.0,1,0,26-100,0
4210,Test Co.,,2,0,,1,2020-10-26,1,0,1,1,1,60,1.0,1.0,1.0,1,0,500-1000,0
4211,ssi,,2,0,,1,2020-10-26,1,1,1,2,2,100,1.0,1.0,1.0,0,0,26-100,0
4212,Test Co.,,72,0,,1,2020-10-26,1,1,1,1,3,100,1.0,1.0,1.0,0,0,101-500,0
4213,Test Co.,,73,0,,1,2020-10-26,1,0,1,2,1,60,1.0,1.0,1.0,1,0,101-500,0
4214,Test Co,,72,0,,1,2020-10-26,1,1,1,2,2,60,1.0,1.0,1.0,1,0,26-100,0
4215,Test,,3,0,,1,2020-10-26,1,1,1,2,5,100,1.0,1.0,1.0,0,0,101-500,0
4216,Test,,,0,,0,2020-10-26,1,0,1,1,0,100,1.0,1.0,1.0,0,0,101-500,0
4217,SSI,,3,0,,1,2020-10-26,1,1,1,2,1000,100,1.0,1.0,1.0,0,0,26-100,0
4218,SSI,,10,0,,1,2020-10-26,1,1,1,2,100,100,1.0,1.0,1.0,0,0,101-500,0
4219,SSI,,15,0,,1,2020-10-26,1,1,1,2,100,60,1.0,1.0,1.0,1,0,101-500,0
4220,Jobma,,"72,73",0,,1,2020-10-26,1,1,1,2,3,60,1.0,1.0,1.0,1,0,26-100,0
4221,ssi,,72,0,,1,2020-10-26,1,0,1,2,1,60,1.0,1.0,1.0,1,0,26-100,0
4222,ssi,,,0,,0,2020-10-26,1,0,1,1,0,100,1.0,1.0,1.0,0,0,26-100,0
4223,SSI,,72,0,,1,2020-10-26,1,1,1,2,2,60,1.0,1.0,1.0,1,0,26-100,0
4224,Test Co,,72,0,,1,2020-10-26,1,0,1,2,1,60,1.0,1.0,1.0,1,0,26-100,0
4225,ssi,,72,0,,1,2020-10-26,1,0,1,2,1,100,1.0,1.0,1.0,0,0,26-100,0
4226,Test,,3,0,,1,2020-10-26,1,1,1,2,0,60,1.0,1.0,1.0,1,0,101-500,0
4227,ssi,,,0,,0,2020-10-26,1,0,1,1,0,100,1.0,1.0,1.0,0,0,26-100,0
4228,ssi,,72,0,,1,2020-10-26,1,1,1,2,3,60,1.0,1.0,1.0,1,0,26-100,0
4229,ssi,,,0,,0,2020-10-26,1,0,1,1,0,100,1.0,1.0,1.0,0,0,26-100,0
4230,ssi,,,0,,0,2020-10-26,1,0,1,1,0,100,1.0,1.0,1.0,0,0,26-100,0
4231,SSI,,2,0,,1,2020-10-26,1,1,1,1,100,100,1.0,1.0,1.0,0,0,101-500,0
4232,SSI,,2,0,,1,2020-10-26,1,1,1,2,100,100,1.0,1.0,1.0,0,0,101-500,0
4233,ssi,,"2,3",0,,1,2020-10-26,1,1,1,2,1,100,1.0,1.0,1.0,0,0,101-500,0
4234,JOBMA,,"72,3,75",0,,1,2020-10-26,1,0,1,2,1,60,0.0,0.0,1.0,1,0,1-25,0
4235,ssi,,72,0,,1,2020-10-26,1,0,1,2,1,60,1.0,1.0,1.0,1,0,26-100,0
4236,ssi,,72,0,,1,2020-10-26,1,0,1,2,1,60,0.0,0.0,1.0,1,0,26-100,0
4237,Test Co.,,,0,,0,2020-10-26,1,0,1,1,0,100,1.0,1.0,1.0,0,0,101-500,0
4238,APJ,,72,1,,1,2020-10-27,1,0,1,2,1,100,1.0,1.0,1.0,0,0,1-25,0
4239,APJ,,,0,,0,2020-10-27,1,0,1,1,0,100,1.0,1.0,1.0,0,0,1-25,0
4240,Test,,2,0,,1,2020-10-27,1,1,1,2,100,60,1.0,1.0,1.0,1,0,26-100,0
4242,Test,,,0,,0,2020-10-27,1,0,1,1,0,100,1.0,1.0,1.0,0,0,26-100,0
4243,PUMA,,7,0,,1,2020-10-27,1,1,1,2,130,100,1.0,1.0,1.0,0,0,26-100,0
4244,SSI,,8,0,,1,2020-10-27,1,1,1,2,145,100,1.0,1.0,1.0,0,0,26-100,0
4245,Jobma,,2,0,,1,2020-10-27,1,0,1,2,1,60,1.0,1.0,1.0,1,0,101-500,0
4246,SSI,,,0,,0,2020-10-27,1,0,1,1,0,100,1.0,1.0,1.0,0,0,26-100,0
4247,ssi,,,0,,0,2020-10-27,1,0,1,1,0,100,1.0,1.0,1.0,0,0,26-100,0
4248,ssi,,2,0,,1,2020-10-27,1,0,1,2,1,60,1.0,1.0,1.0,1,0,1-25,0
4249,ssi,,,0,,0,2020-10-27,1,0,1,1,0,100,1.0,1.0,1.0,0,0,1-25,0
4250,Jobma,,74,0,,1,2020-10-27,1,0,1,2,1,100,1.0,1.0,1.0,0,0,101-500,0
4251,Jobma,,,0,,0,2020-10-27,1,0,1,1,0,100,1.0,1.0,1.0,0,0,101-500,0
4252,ssi,,,0,,0,2020-10-27,1,0,1,1,0,100,1.0,1.0,1.0,0,0,26-100,0
4253,Test,,2,0,,1,2020-10-27,1,1,1,2,2,60,1.0,1.0,1.0,1,0,26-100,0
4254,ssi,,72,0,,1,2020-10-27,1,0,1,2,1,60,1.0,1.0,1.0,1,0,26-100,0
4255,Test,,,0,,0,2020-10-27,1,0,1,1,0,100,1.0,1.0,1.0,0,0,26-100,0
4256,SSI,,74,0,,1,2020-10-27,1,0,1,2,1,60,1.0,1.0,1.0,1,0,26-100,0
4257,ssi,,1,0,,1,2020-10-27,1,0,1,2,1,100,1.0,1.0,1.0,0,0,26-100,0
4258,ssi,,,0,,0,2020-10-28,1,0,1,1,0,100,1.0,1.0,1.0,0,0,26-100,0
4259,ssi,,72,0,,1,2020-10-28,1,0,1,2,1,100,1.0,1.0,1.0,0,0,1-25,0
4260,Apj,,1,1,,1,2020-10-28,1,0,1,2,1,100,1.0,1.0,1.0,0,0,1-25,0
4261,Apj,,,0,,0,2020-10-28,1,0,1,1,0,100,1.0,1.0,1.0,0,0,1-25,0
4262,New Jazz HRing,,1,1,,1,2020-10-28,1,0,1,2,1,100,1.0,1.0,1.0,0,0,1-25,0
4263,New Jazz HRing,,,0,,0,2020-10-28,1,0,1,1,0,100,1.0,1.0,1.0,0,0,1-25,0
4264,Test Co.,,72,0,,1,2020-10-28,1,0,1,2,1,100,1.0,1.0,1.0,0,0,1-25,0
4265,Test Co.,,,0,,0,2020-10-28,1,0,1,1,0,100,1.0,1.0,1.0,0,0,1-25,0
4266,Test Co,,2,0,,1,2020-10-28,1,0,1,1,1,60,1.0,1.0,1.0,1,0,26-100,0
4267,JOBMA,,"72,3,75",0,,1,2020-10-28,1,0,1,2,1,60,1.0,1.0,1.0,1,0,1-25,0
4268,Test Co,,,0,,0,2020-10-28,1,0,1,1,0,100,1.0,1.0,1.0,0,0,26-100,0
4269,Test Co,,73,0,,1,2020-10-28,1,1,1,2,4,100,1.0,1.0,1.0,0,0,1-25,0
4270,Test Co,,,0,,0,2020-10-28,1,0,1,1,0,100,1.0,1.0,1.0,0,0,1-25,0
4271,Test,,2,0,,1,2020-10-28,1,1,1,2,1,100,1.0,1.0,1.0,0,0,101-500,0
4276,Test,,73,0,,1,2020-10-30,1,0,1,2,1,60,1.0,1.0,1.0,1,0,1-25,0
4277,New Jazz HR,,72,0,,1,2020-10-30,1,1,1,2,5,60,1.0,1.0,1.0,1,0,1-25,0
4278,New Jazz HR,,,0,,0,2020-10-30,1,0,1,1,0,100,1.0,1.0,1.0,0,0,1-25,0
4279,New Jazz HR,,,0,,0,2020-10-30,1,0,1,1,0,100,1.0,1.0,1.0,0,0,1-25,0
4280,New Jazz HR,,,0,,0,2020-10-30,1,0,1,1,0,100,1.0,1.0,1.0,0,0,1-25,0
4281,New Jazz HR,,,0,,0,2020-10-30,1,0,1,1,0,100,1.0,1.0,1.0,0,0,1-25,0
4283,ssi,,72,1,,1,2020-11-02,1,0,1,2,1,100,1.0,1.0,1.0,0,0,1-25,0
4284,ssi,,72,0,,1,2020-11-02,1,0,1,2,1,60,2.0,2.0,1.0,1,0,26-100,0
4285,nik,,73,0,,1,2020-11-02,1,0,1,2,1,100,1.0,1.0,1.0,0,0,26-100,0
4286,ssi,,72,0,,1,2020-11-02,1,0,1,2,1,60,1.0,1.0,1.0,1,0,26-100,0
4287,ssi,,2,0,,1,2020-11-02,1,1,1,2,100,100,1.0,1.0,1.0,0,0,26-100,0
4288,ssi,,"1,2,3",0,,1,2020-11-02,1,1,1,2,2,100,1.0,1.0,1.0,0,0,26-100,0
4289,ssi,,"108,43,56",1,,1,2020-11-02,1,0,1,2,1,60,1.0,1.0,1.0,1,0,1-25,0
4290,ssi,,73,0,,1,2020-11-02,1,0,1,2,1,100,1.0,1.0,1.0,0,0,26-100,0
4291,ssi,,,0,1,0,2020-11-03,1,0,1,1,0,100,1.0,1.0,1.0,0,0,26-100,0
4292,ssi,,,0,1,0,2020-11-03,1,0,1,1,0,100,1.0,1.0,1.0,0,0,26-100,0
4293,ssi,,,0,1,0,2020-11-03,1,0,1,1,0,100,1.0,1.0,1.0,0,0,26-100,0
4294,ssi,,,0,1,0,2020-11-03,1,0,1,1,0,100,1.0,1.0,1.0,0,0,26-100,0
4295,ssi,,,0,1,0,2020-11-06,1,0,1,1,0,100,1.0,1.0,1.0,0,0,26-100,0
4296,ssi,,,0,1,0,2020-11-06,1,0,1,1,0,100,1.0,1.0,1.0,0,0,26-100,0
4297,Jobma,,"72,2",0,,1,2020-11-09,1,0,1,2,1,60,1.0,1.0,1.0,1,0,101-500,0
4298,Jobma,,72,0,,1,2020-11-09,1,1,1,2,4,60,1.0,1.0,1.0,1,0,26-100,0
4300,Jobma,,2,0,,1,2020-11-09,1,1,1,2,0,100,1.0,1.0,1.0,0,0,26-100,0
4301,SSI,,4,0,,1,2020-11-09,1,0,1,2,1,60,1.0,1.0,1.0,1,0,More than 1000,0
4303,"Fullfill, Inc.",,227,0,1,1,2020-11-10,1,1,1,2,1,100,1.0,1.0,1.0,0,0,101-500,0
4304,ssi,,3,0,,1,2020-11-10,1,1,1,2,0,100,1.0,1.0,1.0,0,0,1-25,0
4305,ssi,,3,0,,1,2020-11-10,1,1,1,2,0,100,1.0,1.0,1.0,0,0,26-100,0
4306,SSI,,72,0,,1,2020-11-11,1,0,1,2,1,60,1.0,1.0,1.0,1,0,1-25,0
4307,ssi,,4,0,,1,2020-11-11,1,1,1,2,100,60,1.0,1.0,1.0,1,0,26-100,0
4308,Appium,,229,0,,1,2020-11-11,1,0,1,2,1,60,1.0,1.0,1.0,1,0,26-100,0
4310,Appium,,72,0,,1,2020-11-11,1,0,1,2,1,60,1.0,1.0,1.0,1,0,26-100,0
4311,SSI,,72,0,,1,2020-11-11,1,0,1,2,1,60,1.0,1.0,1.0,1,0,1-25,0
4312,SSI,,2,0,,1,2020-11-13,1,0,1,2,1,60,1.0,1.0,1.0,1,0,26-100,0
4313,ertye,,2,0,,1,2020-11-18,1,0,1,2,1,100,1.0,1.0,1.0,0,0,101-500,0
4315,ertye,,2,0,,1,2020-11-18,1,0,1,2,1,100,1.0,1.0,1.0,0,0,26-100,0
4316,ertye,,73,0,,1,2020-11-18,1,0,1,2,1,100,1.0,1.0,1.0,0,0,26-100,0
4317,ssi,,"72,73,74",3,,1,2020-11-18,1,0,1,2,1,60,1.0,1.0,1.0,1,0,1-25,0
4318,ssi,,74,1,,1,2020-11-18,1,0,1,2,1,100,1.0,1.0,1.0,0,0,1-25,0
4319,ssi,,73,0,,1,2020-11-19,1,0,1,2,1,60,1.0,1.0,1.0,1,0,26-100,0
4320,ssi,,74,0,,1,2020-11-21,1,0,1,2,1,60,1.0,1.0,1.0,1,0,26-100,0
4321,ssi,,73,0,,1,2020-11-24,1,0,1,2,1,100,1.0,1.0,1.0,0,0,26-100,0
4322,ssi,,2,0,,1,2020-11-24,1,0,1,2,1,60,0.0,0.0,1.0,1,0,26-100,0
4323,ijokl,,72,0,,1,2020-11-24,1,0,1,2,1,100,1.0,1.0,1.0,0,0,1-25,0
4324,ghtfjfgh,,2,0,,1,2020-11-24,1,0,1,2,1,100,1.0,1.0,1.0,0,0,26-100,0
4325,ghbjklm,,72,0,,1,2020-11-24,1,0,1,2,1,100,1.0,1.0,1.0,0,0,26-100,0
4326,ghtfjfgh,,2,0,,1,2020-11-24,1,0,1,2,1,100,1.0,1.0,1.0,0,0,1-25,0
4327,ssi,,74,1,,1,2020-11-24,1,0,1,2,1,100,1.0,1.0,1.0,0,0,1-25,0
4328,ssi,,,0,,0,2020-11-27,1,0,1,1,0,100,1.0,1.0,1.0,0,0,1-25,0
4329,ssi,,,0,,0,2020-11-27,1,0,1,1,0,100,1.0,1.0,1.0,0,0,1-25,0
4330,sunwest,,,0,,0,2020-11-27,1,0,1,1,0,100,1.0,1.0,1.0,0,0,1-25,0
4331,ssi,,185,1,,1,2020-11-27,1,0,1,2,1,100,1.0,1.0,1.0,0,0,1-25,0
4332,Select Source International,,,0,1,0,2020-11-27,1,0,1,1,0,100,1.0,1.0,1.0,0,0,1-25,0
4333,Select Source International,,,0,1,0,2020-11-27,1,0,1,1,0,100,1.0,1.0,1.0,0,0,1-25,0
4334,ssi,,72,0,,1,2020-11-30,1,1,1,2,2,60,1.0,1.0,1.0,1,0,26-100,0
4336,ssi,,,0,,0,2020-11-29,1,0,1,1,0,100,1.0,1.0,1.0,0,0,26-100,0
4337,Test,,74,0,,1,2020-12-02,1,1,1,2,11,60,1.0,1.0,1.0,1,0,500-1000,0
4338,Test,,72,0,,1,2020-12-02,1,0,1,2,1,60,1.0,1.0,1.0,1,0,26-100,0
4341,Test,,2,0,,1,2020-12-02,1,1,1,2,4,100,1.0,1.0,1.0,0,0,26-100,0
4342,Achme,,,0,1,1,2020-12-02,1,0,1,1,0,100,1.0,1.0,1.0,0,0,101-500,0
4343,Test,,72,0,,1,2020-12-02,1,0,1,2,1,100,1.0,1.0,1.0,0,0,500-1000,0
4345,vghuyu,,72,0,,1,2020-12-07,1,0,1,2,1,60,0.0,0.0,1.0,1,0,26-100,0
4346,Test,,,0,,0,2020-12-10,1,0,1,1,0,100,1.0,1.0,1.0,0,0,26-100,0
4347,Test,,,0,,0,2020-12-11,1,0,1,1,0,100,1.0,1.0,1.0,0,0,500-1000,0
4348,ssi,,72,0,,1,2020-12-11,1,0,1,2,1,60,0.0,0.0,1.0,1,0,26-100,0
4352,3245234,,2,1,,1,2020-12-14,1,0,1,2,1,100,1.0,1.0,1.0,0,0,1-25,0
4353,sdfsd,,72,0,,1,2020-12-14,1,0,1,2,1,60,0.0,0.0,1.0,1,0,26-100,0
4354,ssi,,231,0,,1,2020-12-15,1,0,1,2,1,60,0.0,0.0,1.0,1,0,26-100,0
4355,ssi,,"231,2",0,,1,2020-12-15,1,0,1,2,1,100,1.0,1.0,1.0,0,0,26-100,0
4356,Jobma,,72,0,,1,2020-12-16,1,0,1,2,1,60,1.0,1.0,1.0,1,0,26-100,0
4357,ad services,,,0,2,0,2020-12-16,1,0,1,1,0,100,1.0,1.0,1.0,0,0,26-100,0
4358,SSI,,"2,8,10",0,,1,2020-12-16,1,1,1,2,3,60,1.0,1.0,1.0,1,0,1-25,0
4359,ad services,,,0,2,0,2020-12-17,1,0,1,1,0,100,1.0,1.0,1.0,0,0,26-100,0
4361,ad services,,,0,2,0,2020-12-18,1,0,1,1,0,100,1.0,1.0,1.0,0,0,26-100,0
4362,sssi,,1,0,,1,2020-12-18,1,0,1,2,1,60,1.0,1.0,1.0,1,0,1-25,0
4363,ssi,,,0,,0,2020-12-18,1,0,1,1,0,100,1.0,1.0,1.0,0,0,1-25,0
4364,ssi,,"231,72,2",0,,1,2020-12-21,1,1,1,1,7,60,1.0,1.0,1.0,1,0,26-100,0
4365,ssi,,,0,,0,2020-12-21,1,0,1,1,0,100,1.0,1.0,1.0,0,0,1-25,0
4366,ssi,,,0,,0,2020-12-21,1,0,1,1,0,100,1.0,1.0,1.0,0,0,26-100,0
4367,ssi,,,0,,0,2020-12-21,1,0,1,1,0,100,1.0,1.0,1.0,0,0,26-100,0
4368,ssi,,,0,,0,2020-12-21,1,0,1,1,0,100,1.0,1.0,1.0,0,0,26-100,0
4369,SSI,,,0,,0,2020-12-21,1,0,1,1,0,100,1.0,1.0,1.0,0,0,1-25,0
4370,ssi,,,0,,0,2020-12-21,1,0,1,1,0,100,1.0,1.0,1.0,0,0,26-100,0
4371,Jobma,,231,0,,1,2020-12-21,1,0,1,2,1,60,1.0,1.0,1.0,1,0,26-100,0
4372,Jobma,,,0,,0,2020-12-21,1,0,1,1,0,100,1.0,1.0,1.0,0,0,26-100,0
4374,ssi,,72,0,,1,2020-12-23,1,0,1,2,1,100,1.0,1.0,1.0,0,0,1-25,0
4375,ssi,,,0,1,0,2020-12-23,1,0,1,1,0,100,1.0,1.0,1.0,0,0,26-100,0
4376,123456,,,0,,1,2020-12-27,1,0,1,2,1,100,1.0,1.0,1.0,0,0,1-25,0
4377,sdfsd,,2,1,,1,2020-12-28,1,0,1,2,1,60,1.0,1.0,1.0,1,0,1-25,0
4378,ssi,,4,0,,1,2020-12-28,1,1,1,1,0,100,1.0,1.0,1.0,0,0,26-100,0
4379,Jobma,,72,0,,1,2020-12-29,1,0,1,1,1,60,1.0,1.0,1.0,1,0,101-500,0
4380,SSI,,,0,,0,2020-12-30,1,0,1,1,0,100,1.0,1.0,1.0,0,0,26-100,0
4381,SSI,,,0,,0,2020-12-30,1,0,1,1,0,100,1.0,1.0,1.0,0,0,26-100,0
4382,Jobma,,72,0,,1,2020-12-31,1,0,1,2,1,60,1.0,1.0,1.0,1,0,101-500,0
4383,Jobma,,72,0,,1,2020-12-31,1,0,1,2,1,60,1.0,1.0,1.0,1,0,101-500,0
4384,Jobma,,4,0,,1,2020-12-31,1,1,1,2,0,100,1.0,1.0,1.0,0,0,26-100,0
4385,SSI,,,0,,0,2020-12-31,1,0,1,1,0,100,1.0,1.0,1.0,0,0,26-100,0
4386,SSI,,,0,,0,2020-12-31,1,0,1,1,0,100,1.0,1.0,1.0,0,0,26-100,0
4387,SSI,,,0,,0,2020-12-31,1,0,1,1,0,100,1.0,1.0,1.0,0,0,26-100,0
4388,ssi,,"1,72,2",0,,1,2021-01-04,1,0,1,2,1,60,1.0,1.0,1.0,1,0,26-100,0
4389,Test co.,,72,0,,1,2021-01-04,1,1,1,1,2,60,1.0,1.0,1.0,1,0,1-25,0
4391,jobma,,1,0,,1,2021-01-04,1,0,1,1,1,60,0.0,0.0,1.0,1,0,26-100,0
4392,Test co.,,2,0,,1,2021-01-04,1,0,1,1,1,60,1.0,1.0,1.0,1,0,26-100,0
4393,Test co.,,,0,,0,2021-01-04,1,0,1,1,0,100,1.0,1.0,1.0,0,0,26-100,0
4394,SSI,,"2,8,10",0,,1,2021-01-04,1,0,1,1,1,60,0.0,0.0,1.0,1,0,1-25,0
4395,Test co.,,,0,,0,2021-01-04,1,0,1,1,0,100,1.0,1.0,1.0,0,0,1-25,0
4396,Test co.,,,0,,0,2021-01-04,1,0,1,1,0,100,1.0,1.0,1.0,0,0,1-25,0
4397,SSI,,"2,8,10",0,,1,2021-01-05,1,0,1,2,1,60,0.0,0.0,1.0,1,0,1-25,0
4398,SSI,,"2,8,10",0,,1,2021-01-05,1,0,1,2,1,60,0.0,0.0,1.0,1,0,1-25,0
4399,gdff,,231,0,,1,2021-01-05,1,1,1,2,2,100,1.0,1.0,1.0,0,0,101-500,0
4400,SSI,,"2,8,10",0,,1,2021-01-05,1,0,1,2,1,60,0.0,0.0,1.0,1,0,1-25,0
4401,ssi,,2,0,,1,2021-01-05,1,1,1,2,5,60,1.0,1.0,1.0,1,0,26-100,0
4402,ertye,,2,0,,1,2021-01-05,1,0,1,2,1,100,1.0,1.0,1.0,0,0,26-100,0
4403,ssi,,72,0,,1,2021-01-05,1,0,1,2,1,60,1.0,1.0,1.0,1,0,26-100,0
4404,Jobma,,3,0,,1,2021-01-05,1,1,1,2,100,60,1.0,1.0,1.0,1,0,26-100,0
4405,ssi,,3,0,,1,2021-01-05,1,1,1,2,100,60,1.0,1.0,1.0,1,0,26-100,0
4406,ssi,,72,0,,1,2021-01-06,1,1,1,2,11,100,1.0,1.0,1.0,0,0,26-100,0
4407,ssi,,,0,,0,2021-01-05,1,0,1,1,0,100,1.0,1.0,1.0,0,0,26-100,0
4408,test,,3,0,,1,2021-01-06,1,0,1,2,1,60,0.0,0.0,1.0,1,0,26-100,0
4409,MAX,,73,7,,1,2021-01-06,1,0,1,2,1,60,1.0,1.0,1.0,1,0,26-100,0
4410,New Jazz HRing,,1,1,,1,2021-01-06,1,0,1,2,1,100,1.0,1.0,1.0,0,0,1-25,0
4411,ad services,,,0,2,0,2021-01-06,1,0,1,1,0,100,1.0,1.0,1.0,0,0,26-100,0
4412,ssi,,,0,,0,2021-01-06,1,0,1,1,0,100,1.0,1.0,1.0,0,0,1-25,0
4413,Test,,2,0,,1,2021-01-06,1,1,1,2,4,60,1.0,1.0,1.0,1,0,500-1000,0
4414,Test,,,0,,0,2021-01-06,1,0,1,1,0,100,1.0,1.0,1.0,0,0,500-1000,0
4415,Test,,,0,,0,2021-01-06,1,0,1,1,0,100,1.0,1.0,1.0,0,0,500-1000,0
4416,ssi,,,0,,0,2021-01-06,1,0,1,1,0,100,1.0,1.0,1.0,0,0,26-100,0
4417,ssi,,,0,,0,2021-01-06,1,0,1,1,0,100,1.0,1.0,1.0,0,0,26-100,0
4418,ssi,,"231,72",0,,1,2021-01-06,1,1,1,2,2,60,1.0,1.0,1.0,1,0,26-100,0
4419,ssi,,,0,,0,2021-01-06,1,0,1,1,0,100,1.0,1.0,1.0,0,0,26-100,0
4420,ssi,,3,0,,1,2021-01-06,1,1,1,2,0,100,1.0,1.0,1.0,0,0,101-500,0
4421,ssi,,4,0,,1,2021-01-06,1,1,1,2,1,100,1.0,1.0,1.0,0,0,26-100,0
4422,ssi,,,0,,0,2021-01-06,1,0,1,1,0,100,1.0,1.0,1.0,0,0,26-100,0
4423,ssi,,,0,,0,2021-01-06,1,0,1,1,0,100,1.0,1.0,1.0,0,0,26-100,0
4424,ssi,,2,0,,1,2021-01-06,1,0,1,2,1,60,1.0,1.0,1.0,1,0,101-500,0
4425,ssi,,,0,,0,2021-01-06,1,0,1,1,0,100,1.0,1.0,1.0,0,0,26-100,0
4426,ssi,,,0,,0,2021-01-06,1,0,1,1,0,100,1.0,1.0,1.0,0,0,101-500,0
4427,Achme,,,0,1,1,2021-01-06,1,0,1,1,0,100,1.0,1.0,1.0,0,0,101-500,0
4428,ssi,,,0,1,0,2021-01-06,1,0,1,1,0,100,1.0,1.0,1.0,0,0,26-100,0
4429,SSI,,"2,8,10",0,,1,2021-01-06,1,0,1,2,1,60,0.0,0.0,1.0,1,0,1-25,0
4430,SSI,,"2,8,10",0,,1,2021-01-06,1,0,1,2,1,60,0.0,0.0,1.0,1,0,1-25,0
4431,pip,,2,0,,1,2021-01-07,1,1,1,1,3,60,1.0,1.0,1.0,1,0,101-500,0
4432,ssi,,"1,72,2",0,1,1,2021-01-07,1,1,1,2,2,60,1.0,1.0,1.0,1,0,26-100,0
4433,JOBMA,,"231,74,3",0,,1,2021-01-07,1,0,1,2,1,60,1.0,1.0,1.0,1,0,1-25,0
4434,JOBMA,,"231,74,3",0,,1,2021-01-07,1,0,1,2,1,60,1.0,1.0,1.0,1,0,1-25,0
4435,JOBMA,,"231,74,3",0,,1,2021-01-07,1,0,1,2,1,60,1.0,1.0,1.0,1,0,1-25,0
4437,Select source intl,,2,0,,1,2021-01-07,1,1,1,2,7,60,1.0,1.0,1.0,1,0,101-500,0
4438,JOBMA,,"231,74,3",0,,1,2021-01-07,1,0,1,2,1,60,1.0,1.0,1.0,1,0,1-25,0
4439,JOBMA,,"231,74,3",0,,1,2021-01-07,1,0,1,2,1,60,1.0,1.0,1.0,1,0,1-25,0
4440,Test,,72,0,,1,2021-01-07,1,1,1,2,6,60,1.0,1.0,1.0,1,0,26-100,0
4441,Test,,,0,,0,2021-01-07,1,0,1,1,0,100,1.0,1.0,1.0,0,0,26-100,0
4442,ssi,,,0,1,0,2021-01-07,1,0,1,1,0,100,1.0,1.0,1.0,0,0,26-100,0
4443,JOBMA,,"231,74,3",0,,1,2021-01-07,1,0,1,2,1,60,1.0,1.0,1.0,1,0,1-25,0
4444,Test,,72,0,,1,2021-01-07,1,1,1,2,2,60,1.0,1.0,1.0,1,0,101-500,0
4445,Test,,,0,,0,2021-01-07,1,0,1,1,0,100,1.0,1.0,1.0,0,0,101-500,0
4446,Test,,231,0,,1,2021-01-07,1,0,1,2,1,60,1.0,1.0,1.0,1,0,26-100,0
4447,ssi,,2,0,,1,2021-01-07,1,1,1,2,0,60,1.0,1.0,1.0,1,0,26-100,0
4448,Test,,,0,,0,2021-01-07,1,0,1,1,0,100,1.0,1.0,1.0,0,0,26-100,0
4449,JOBMA,,"231,74,3",0,,1,2021-01-07,1,0,1,2,1,60,1.0,1.0,1.0,1,0,1-25,0
4450,Select source intl,,4,0,,1,2021-01-07,1,1,1,2,0,60,1.0,1.0,1.0,1,0,101-500,0
4451,JOBMA,,"231,74,3",0,,1,2021-01-07,1,0,1,2,1,60,1.0,1.0,1.0,1,0,1-25,0
4452,ssi,,3,0,,1,2021-01-08,1,1,1,2,100,100,1.0,1.0,1.0,0,0,101-500,0
4453,ssi,,3,0,,1,2021-01-08,1,1,1,1,5,60,1.0,1.0,1.0,1,0,26-100,0
4454,ssi,,3,0,,1,2021-01-08,1,1,1,2,3,60,1.0,1.0,1.0,1,0,26-100,0
4455,ssi,,,0,,0,2021-01-08,1,0,1,1,0,100,1.0,1.0,1.0,0,0,26-100,0
4456,ssi,,,0,,0,2021-01-08,1,0,1,1,0,100,1.0,1.0,1.0,0,0,26-100,0
4457,JOBMA,,"231,74,3",0,,1,2021-01-08,1,1,1,2,9,60,1.0,1.0,1.0,1,0,1-25,0
4458,sso,,73,1,,1,2021-01-08,1,0,1,2,1,100,1.0,1.0,1.0,0,0,1-25,0
4459,sso,,,0,,0,2021-01-08,1,0,1,1,0,100,1.0,1.0,1.0,0,0,1-25,0
4460,JOBMA,,"231,74,3",0,,1,2021-01-08,1,0,1,2,1,60,0.0,0.0,1.0,1,0,1-25,0
4461,dshfgsjgf,,231,0,,1,2021-01-08,1,0,1,2,1,60,0.0,0.0,1.0,1,0,26-100,0
4462,JOBMA,,"231,74,3",0,,1,2021-01-08,1,0,1,2,1,60,1.0,1.0,1.0,1,0,1-25,0
4463,SSI,,"2,8,10",0,,1,2021-01-08,1,1,1,2,100,60,1.0,1.0,1.0,1,0,1-25,0
4464,JOBMA,,"231,74,3",0,,1,2021-01-08,1,0,1,2,1,60,1.0,1.0,1.0,1,0,1-25,0
4466,JOBMA,,"231,74,3",0,,1,2021-01-11,1,0,1,2,1,60,1.0,1.0,1.0,1,0,1-25,0
4467,SSI,,"2,8,10",0,,0,2021-01-11,1,1,1,2,2,60,1.0,1.0,1.0,1,0,1-25,0
4468,SSI,,"2,8,10",0,,1,2021-01-11,1,1,1,2,2,60,1.0,1.0,1.0,1,0,1-25,0
4469,SSI,,"2,8,10",0,,1,2021-01-12,1,0,1,2,1,60,0.0,0.0,1.0,1,0,1-25,0
4470,SSI,,"2,8,10",0,,1,2021-01-12,1,0,1,2,1,100,1.0,1.0,1.0,0,0,1-25,0
4471,JOBMA,,"231,74,3",0,,1,2021-01-12,1,0,1,2,1,100,1.0,1.0,1.0,0,0,1-25,0
4472,Jobma,,72,0,,1,2021-01-12,1,0,1,2,1,60,1.0,1.0,1.0,1,0,500-1000,0
4473,Jobma,,231,0,,1,2021-01-12,1,0,1,2,1,60,0.0,0.0,1.0,1,0,26-100,0
4474,SSI,,"2,8,10",0,,1,2021-01-12,1,0,1,2,1,60,0.0,0.0,1.0,1,0,1-25,0
4477,SSI,,"2,8,10",0,,1,2021-01-12,1,0,1,2,1,60,0.0,0.0,1.0,1,0,1-25,0
4478,SSI,,"2,8,10",0,,1,2021-01-12,1,0,1,2,1,60,0.0,0.0,1.0,1,0,1-25,0
4479,SSI,,"2,8,10",0,,1,2021-01-12,1,0,1,2,1,60,0.0,0.0,1.0,1,0,1-25,0
4480,SSI,,"2,8,10",0,,1,2021-01-12,1,0,1,2,1,60,0.0,0.0,1.0,1,0,1-25,0
4481,Achme,,,0,1,1,2021-01-13,1,0,1,1,0,100,1.0,1.0,1.0,0,0,101-500,0
4482,Test Co,,72,0,,1,2021-01-13,1,1,1,2,3,100,1.0,1.0,1.0,0,0,101-500,0
4483,Test Co,,,0,,0,2021-01-13,1,0,1,1,0,100,1.0,1.0,1.0,0,0,101-500,0
4484,SSI,,"2,8,10",0,,1,2021-01-13,1,1,1,2,2,60,1.0,1.0,1.0,1,0,1-25,0
4485,SSI,,"2,8,10",0,,1,2021-01-13,1,1,1,2,2,60,1.0,1.0,1.0,1,0,1-25,0
4486,SSI,,"2,8,10",0,,1,2021-01-13,1,1,1,2,2,60,1.0,1.0,1.0,1,0,1-25,0
4487,Jobma,,"2,8,10",0,,1,2021-01-13,1,1,1,2,2,100,1.0,1.0,1.0,0,0,26-100,0
4488,Jobma,,"2,8,10",0,,1,2021-01-13,1,1,1,2,2,100,1.0,1.0,1.0,0,0,26-100,0
4489,Jobma,,"2,8,10",0,,1,2021-01-13,1,1,1,2,2,100,1.0,1.0,1.0,0,0,26-100,0
4490,Jobma,,"2,8,10",0,,1,2021-01-13,1,1,1,2,2,100,1.0,1.0,1.0,0,0,26-100,0
4491,Jobma,,"2,8,10",0,,1,2021-01-14,1,1,1,2,2,100,1.0,1.0,1.0,0,0,26-100,0
4492,SSI,,"2,8,10",0,,1,2021-01-14,1,0,1,2,1,60,0.0,0.0,1.0,1,0,1-25,0
4493,SSI,,"2,8,10",0,,1,2021-01-14,1,0,1,2,1,60,0.0,0.0,1.0,1,0,1-25,0
4494,SSI,,"2,8,10",0,,1,2021-01-14,1,0,1,2,1,60,0.0,0.0,1.0,1,0,1-25,0
4495,ssi,,72,0,,1,2021-01-14,1,0,1,2,1,60,0.0,0.0,1.0,1,0,26-100,0
4496,SSI,,74,0,,1,2021-01-14,1,0,1,2,1,100,1.0,1.0,1.0,0,0,101-500,0
4497,Jobma,,3,0,,1,2021-01-14,1,1,1,2,2,60,1.0,1.0,1.0,1,0,26-100,0
4498,Testcomp,,73,0,,1,2021-01-14,1,1,1,1,2,100,1.0,1.0,1.0,0,0,26-100,0
4499,Jobma,,3,0,,1,2021-01-14,1,1,1,1,0,60,1.0,1.0,1.0,1,0,26-100,0
4500,BHS,,3,0,,1,2021-01-14,1,1,1,2,2,60,1.0,1.0,1.0,1,0,1-25,0
4501,SKP,,3,0,,1,2021-01-14,1,1,1,2,1,60,1.0,1.0,1.0,1,0,1-25,0
4502,Testcomp,,,0,,0,2021-01-14,1,0,1,1,0,100,1.0,1.0,1.0,0,0,26-100,0
4503,KLM,,4,0,,1,2021-01-14,1,1,1,2,0,60,1.0,1.0,1.0,1,0,1-25,0
4504,Testcomp,,,0,,0,2021-01-14,1,0,1,1,0,100,1.0,1.0,1.0,0,0,26-100,0
4505,Testcomp,,2,0,,1,2021-01-14,1,0,1,1,1,100,1.0,1.0,1.0,0,0,26-100,0
4506,Testcomp,,2,0,,1,2021-01-14,1,0,1,2,1,100,1.0,1.0,1.0,0,0,26-100,0
4507,SSI,,"2,8,10",0,,1,2021-01-14,1,0,1,2,1,60,0.0,0.0,1.0,1,0,1-25,0
4508,ACF,,2,0,,1,2021-01-14,1,1,1,1,1,60,1.0,1.0,1.0,1,0,1-25,0
4509,ssi,,73,0,,1,2021-01-15,1,1,1,2,2,100,1.0,1.0,1.0,0,0,1-25,0
4510,SSI,,,0,,0,2021-01-15,1,0,1,1,0,100,1.0,1.0,1.0,0,0,101-500,0
4511,SSI,,"2,8,10",0,,1,2021-01-15,1,0,1,2,1,60,0.0,0.0,1.0,1,0,1-25,0
4512,ssi,,3,0,,1,2021-01-15,1,1,1,1,2,100,1.0,1.0,1.0,0,0,1-25,0
4513,ssi,,3,0,,1,2021-01-15,1,1,1,2,100,100,1.0,1.0,1.0,0,0,1-25,0
4514,SSI,,"2,8,10",0,,1,2021-01-15,1,0,1,2,1,60,0.0,0.0,1.0,1,0,1-25,0
4515,sdfsd,,73,1,,1,2021-01-15,1,0,1,2,1,60,1.0,1.0,1.0,1,0,1-25,0
4516,ssi,,73,1,,1,2021-01-15,1,0,1,2,1,100,1.0,1.0,1.0,0,0,1-25,0
4517,dd,,1,1,,1,2021-01-15,1,0,1,2,1,100,1.0,1.0,1.0,0,0,1-25,0
4518,SSI,,"2,8,10",0,,1,2021-01-15,1,0,1,2,1,60,0.0,0.0,1.0,1,0,1-25,0
4519,ssi,,72,0,,1,2021-01-15,1,0,1,2,1,60,1.0,1.0,1.0,1,0,1-25,0
4520,Jobma,,2,0,,1,2021-01-15,1,0,1,2,1,100,1.0,1.0,1.0,0,0,26-100,0
4521,SSI,,"73,74",0,,1,2021-01-15,1,0,1,2,1,100,1.0,1.0,1.0,0,0,26-100,0
4522,ssi,,1,0,,1,2021-01-15,1,0,1,2,1,60,1.0,1.0,1.0,1,0,26-100,0
4523,ssi,,72,0,,1,2021-01-15,1,0,1,2,1,100,1.0,1.0,1.0,0,0,26-100,0
4524,SSI,,72,0,,1,2021-01-15,1,0,1,1,1,60,1.0,1.0,1.0,1,0,26-100,0
4525,Test & Test Co.,,"231,72",0,,1,2021-01-18,1,0,1,2,1,60,1.0,1.0,1.0,1,0,500-1000,0
4526,SSI,,,0,,0,2021-01-18,1,0,1,1,0,100,1.0,1.0,1.0,0,0,101-500,0
4527,BCA,,51,0,,1,2021-01-18,1,1,1,2,2,100,1.0,1.0,1.0,0,0,1-25,0
4528,kjhkjh,,3,0,,1,2021-01-18,1,1,1,1,2,60,1.0,1.0,1.0,1,0,26-100,0
4529,BCAA,,231,0,,1,2021-01-18,1,1,1,1,6,100,1.0,1.0,1.0,0,0,1-25,0
4530,BCAA,,,0,,0,2021-01-18,1,0,1,1,0,100,1.0,1.0,1.0,0,0,1-25,0
4531,sdfsd,,72,0,,1,2021-01-18,1,0,1,1,1,60,1.0,1.0,1.0,1,0,26-100,0
4532,hjgj,,2,0,,1,2021-01-18,1,0,1,2,1,60,1.0,1.0,1.0,1,0,500-1000,0
4533,BCA,,,0,,0,2021-01-18,1,0,1,1,0,100,1.0,1.0,1.0,0,0,1-25,0
4534,sdfsd,,4,0,,1,2021-01-18,1,1,1,1,4,60,1.0,1.0,1.0,1,0,26-100,0
4535,sdfsd,,3,0,,1,2021-01-18,1,1,1,2,0,60,1.0,1.0,1.0,1,0,26-100,0
4536,Test & Test Co.,,,0,,0,2021-01-18,1,0,1,1,0,100,1.0,1.0,1.0,0,0,500-1000,0
4537,sdfsd,,3,0,,1,2021-01-18,1,1,1,2,100,60,1.0,1.0,1.0,1,0,26-100,0
4538,Jobma,,72,2,,1,2021-01-18,1,0,1,2,1,60,1.0,1.0,1.0,1,0,500-1000,0
4539,Testcomp,,2,0,,1,2021-01-18,1,0,1,2,1,60,1.0,1.0,1.0,1,0,101-500,0
4540,Jobma,,2,0,,1,2021-01-18,1,0,1,2,1,60,0.0,0.0,1.0,1,0,101-500,0
4541,Testcomp,,73,1,,1,2021-01-18,1,0,1,2,1,60,1.0,1.0,1.0,1,0,101-500,0
4542,sdfsd,,3,0,,1,2021-01-18,1,1,1,2,100,60,1.0,1.0,1.0,1,0,1-25,0
4543,sdfsd,,3,0,,1,2021-01-18,1,1,1,2,0,60,1.0,1.0,1.0,1,0,26-100,0
4544,sdfsd,,4,0,,1,2021-01-18,1,1,1,2,0,60,1.0,1.0,1.0,1,0,101-500,0
4545,ssi,,2,0,,1,2021-01-18,1,0,1,2,1,100,1.0,1.0,1.0,0,0,101-500,0
4546,BCA,,231,0,,1,2021-01-18,1,1,1,2,100,100,1.0,1.0,1.0,0,0,1-25,0
4547,Testcomp,,,0,,0,2021-01-18,1,0,1,1,0,100,1.0,1.0,1.0,0,0,101-500,0
4548,NTW,,73,7,,1,2021-01-19,1,0,1,2,1,60,1.0,1.0,1.0,1,0,1-25,0
4549,SSI,,78,0,,1,2021-01-19,1,0,1,2,1,60,1.0,1.0,1.0,1,0,26-100,0
4551,SSI,,"2,8,10",0,,1,2021-01-19,1,0,1,2,1,60,0.0,0.0,1.0,1,0,1-25,0
4552,ssi,,1,0,,1,2021-01-19,1,0,1,2,1,60,1.0,1.0,1.0,1,0,1-25,0
4553,Test PvT Ltd,,2,0,,1,2021-01-19,1,1,1,2,1,60,1.0,1.0,1.0,1,0,1-25,0
4554,Test PvT Ltd,,,0,,0,2021-01-19,1,0,1,1,0,100,1.0,1.0,1.0,0,0,1-25,0
4555,Test Co.,,2,0,,1,2021-01-19,1,1,1,2,1,60,1.0,1.0,1.0,1,0,1-25,0
4556,Test Co.,,3,0,,1,2021-01-19,1,1,1,2,3,60,1.0,1.0,1.0,1,0,26-100,0
4557,Test Co.,,,0,,0,2021-01-19,1,0,1,1,0,100,1.0,1.0,1.0,0,0,26-100,0
4558,ssi,,231,0,,1,2021-01-19,1,0,1,2,1,60,0.0,0.0,1.0,1,0,26-100,0
4559,Test Co Pvt Ltd,,2,0,,1,2021-01-19,1,0,1,2,1,60,0.0,0.0,1.0,1,0,1-25,0
4560,SSI,,"2,8,10",0,,1,2021-01-20,1,0,1,2,1,60,0.0,0.0,1.0,1,0,1-25,0
4561,SSI,,"2,8,10",0,,1,2021-01-20,1,0,1,2,1,60,0.0,0.0,1.0,1,0,1-25,0
4562,ssi,,72,0,,1,2021-01-20,1,0,1,2,1,60,0.0,0.0,1.0,1,0,26-100,0
4563,SSI,,"2,8,10",0,,1,2021-01-20,1,0,1,2,1,60,0.0,0.0,1.0,1,0,1-25,0
4564,SSI,,"2,8,10",0,,1,2021-01-20,1,0,1,2,1,60,0.0,0.0,1.0,1,0,1-25,0
4565,Jobma,,72,0,,1,2021-01-20,1,1,1,2,4,60,1.0,1.0,1.0,1,0,26-100,0
4566,JOBMA,,"231,74,3",0,,1,2021-01-20,1,0,1,2,1,60,0.0,0.0,1.0,1,0,1-25,0
4567,JOBMA,,"231,74,3",0,,1,2021-01-20,1,0,1,2,1,60,0.0,0.0,1.0,1,0,1-25,0
4568,Jobma,,2,1,,1,2021-01-20,1,0,1,2,1,60,1.0,1.0,1.0,1,0,1-25,0
4569,Jobma,,231,0,,1,2021-01-20,1,1,1,2,5,100,1.0,1.0,1.0,0,0,101-500,0
4570,6896knkjh,,72,0,,1,2021-01-20,1,0,1,2,1,100,1.0,1.0,1.0,0,0,26-100,0
4571,SSI,,"2,8,10",0,,1,2021-01-20,1,0,1,2,1,60,0.0,0.0,1.0,1,0,1-25,0
4572,SSI,,"2,8,10",0,,1,2021-01-20,1,0,1,2,1,60,0.0,0.0,1.0,1,0,1-25,0
4573,BCM,,231,0,,1,2021-01-20,1,0,1,2,1,100,1.0,1.0,1.0,0,0,1-25,0
4574,Jobma,,4,0,,1,2021-01-20,1,1,1,2,4,60,1.0,1.0,1.0,1,0,26-100,0
4575,Jobma,,2,0,,1,2021-01-20,1,0,1,1,1,60,1.0,1.0,1.0,1,0,26-100,0
4576,ss,,73,1,,1,2021-01-21,1,0,1,1,1,60,1.0,1.0,1.0,1,0,1-25,0
4577,ssi,,2,1,,1,2021-01-21,1,1,1,2,5,100,1.0,1.0,1.0,0,0,1-25,0
4578,SSI,,"2,8,10",0,,1,2021-01-21,1,0,1,1,1,100,1.0,1.0,1.0,0,0,1-25,0
4579,Testcomp,,73,1,,1,2021-01-21,1,0,1,2,1,60,1.0,1.0,1.0,1,0,1-25,0
4580,ssi,,72,0,,1,2021-01-21,1,0,1,2,1,60,0.0,0.0,1.0,1,0,26-100,0
4581,Testcomp,,72,1,,1,2021-01-21,1,0,1,2,1,100,1.0,1.0,1.0,0,0,1-25,0
4582,Testcomp,,72,0,,1,2021-01-21,1,0,1,2,1,60,0.0,0.0,1.0,1,0,26-100,0
4583,ssi,,2,0,,1,2021-01-21,1,0,1,2,1,100,1.0,1.0,1.0,0,0,101-500,0
4584,ssi,,72,0,,1,2021-01-21,1,0,1,1,1,60,0.0,0.0,1.0,1,0,500-1000,0
4585,ssi,,72,0,,1,2021-01-22,1,0,1,2,1,100,1.0,1.0,1.0,0,0,26-100,0
4586,sdf,,3,0,,1,2021-01-22,1,1,1,2,2,100,1.0,1.0,1.0,0,0,26-100,0
4587,hgjk,,72,0,,1,2021-01-22,1,0,1,2,1,100,1.0,1.0,1.0,0,0,26-100,0
4588,Jobma,,72,0,,1,2021-01-22,1,0,1,2,1,100,1.0,1.0,1.0,0,0,1-25,0
4589,BCAA,,,0,,0,2021-01-22,1,0,1,1,0,100,1.0,1.0,1.0,0,0,1-25,0
4590,jobma,,231,0,,1,2021-01-22,1,0,1,2,1,100,1.0,1.0,1.0,0,0,1-25,0
4591,JOBMA,,"231,74,3",0,,1,2021-01-22,1,1,1,2,10,100,1.0,1.0,1.0,0,0,101-500,0
4592,JOBMA,,"231,74,3",0,,1,2021-01-22,1,0,1,2,1,60,0.0,0.0,1.0,1,0,101-500,0
4593,JOBMA,,"231,74,3",0,,1,2021-01-24,1,0,1,2,1,100,1.0,1.0,1.0,0,0,101-500,0
4594,JOBMA,,"231,74,3",0,,1,2021-01-25,1,1,1,2,5,100,1.0,1.0,1.0,0,0,101-500,0
4595,Test,,72,0,,1,2021-01-25,1,0,1,2,1,60,0.0,0.0,1.0,1,0,101-500,0
4596,JOBMA,,"72,3,75",0,,1,2021-01-25,1,0,1,2,1,60,0.0,0.0,1.0,1,0,1-25,0
4597,JOBMA,,"231,74,3",0,,1,2021-01-25,1,0,1,2,1,100,1.0,1.0,1.0,0,0,101-500,0
4598,JOBMA,,"231,74,3",0,,1,2021-01-25,1,0,1,2,1,100,1.0,1.0,1.0,0,0,101-500,0
4599,JOBMA,,"231,74,3",0,,1,2021-01-25,1,0,1,2,1,100,1.0,1.0,1.0,0,0,101-500,0
4600,JOBMA,,"231,74,3",0,,1,2021-01-25,1,0,1,2,1,100,1.0,1.0,1.0,0,0,101-500,0
4601,JOBMA,,"231,74,3",0,,1,2021-01-25,1,0,1,2,1,60,0.0,0.0,1.0,1,0,101-500,0
4602,JOBMA,,"231,74,3",0,,1,2021-01-25,1,0,1,2,1,100,1.0,1.0,1.0,0,0,101-500,0
4603,JOBMA,,"231,74,3",0,,1,2021-01-25,1,0,1,2,1,100,1.0,1.0,1.0,0,0,101-500,0
4604,jobma,,72,0,,1,2021-01-25,1,0,1,2,1,100,100.0,100.0,1.0,1,0,26-100,0
4605,Jobma,,72,0,,1,2021-01-25,1,0,1,2,1,100,1.0,1.0,1.0,0,0,26-100,0
4606,Jobma,,231,0,,1,2021-01-27,1,0,1,2,1,60,1000.0,1000.0,1.0,1,0,26-100,0
4607,Jobma,,231,0,,1,2021-01-27,1,0,1,2,1,100,1.0,1.0,1.0,0,0,26-100,0
4608,JOBMA,,"231,74,3",0,,1,2021-01-28,1,0,1,2,1,100,1.0,1.0,1.0,0,0,101-500,0
4609,JOBMA,,"231,74,3",0,,1,2021-01-28,1,1,1,2,5,100,1.0,1.0,1.0,0,0,101-500,0
4610,JOBMA,,"231,74,3",0,,1,2021-01-29,1,1,1,2,5,100,1.0,1.0,1.0,0,0,101-500,0
4611,Jobma,,72,0,,1,2021-01-29,1,0,1,2,1,60,0.0,0.0,1.0,1,0,101-500,0
4612,JOBMA,,"231,74,3",0,,1,2021-01-29,1,1,1,2,5,100,1.0,1.0,1.0,0,0,101-500,0
4613,JOBMA,,"231,74,3",0,,1,2021-01-29,1,1,1,2,5,100,1.0,1.0,1.0,0,0,101-500,0
4614,JOBMA,,"231,74,3",0,,1,2021-01-29,1,1,1,1,10,100,1.0,1.0,1.0,0,0,101-500,0
4615,JOBMA,,"231,74,3",0,,1,2021-01-29,1,1,1,2,5,100,1.0,1.0,1.0,0,0,101-500,0
4616,JOBMA,,"231,74,3",0,,1,2021-01-29,1,1,1,2,5,100,1.0,1.0,1.0,0,0,101-500,0
4617,JOBMA,,"231,74,3",0,,1,2021-01-29,1,1,1,2,5,100,1.0,1.0,1.0,0,0,101-500,0
4618,JOBMA,,"231,74,3",0,,1,2021-01-29,1,1,1,2,5,100,1.0,1.0,1.0,0,0,101-500,0
4619,Jobma,,72,0,,1,2021-02-01,1,0,1,2,1,60,1.0,1.0,1.0,1,0,26-100,0
4620,ssi,,,0,,0,2021-02-01,1,0,1,1,0,100,1.0,1.0,1.0,0,0,1-25,0
4621,Jobma,,"2,8,10",0,,1,2021-02-01,1,1,1,2,100,100,1.0,1.0,1.0,0,0,26-100,0
4622,Google Inc,,2,0,,1,2021-02-01,1,0,1,2,1,60,1.0,1.0,1.0,1,0,26-100,0
4623,Google Inc,,2,0,,1,2021-02-01,1,1,1,2,100,60,1.0,1.0,1.0,1,0,500-1000,0
4624,Google Inc,,72,0,,1,2021-02-01,1,0,1,2,1,60,1.0,1.0,1.0,1,0,500-1000,0
4625,Jobma,,"2,8,10",0,,1,2021-02-01,1,1,1,2,2,100,1.0,1.0,1.0,0,0,26-100,0
4626,Jobma,,"2,8,10",0,,1,2021-02-01,1,1,1,2,6,100,1.0,1.0,1.0,0,0,26-100,0
4627,Jobma,,"2,8,10",0,,1,2021-02-01,1,1,1,2,100,100,1.0,1.0,1.0,0,0,26-100,0
4629,tef77,,"1,231,72",5,,1,2021-02-02,1,0,1,2,1,100,1.0,1.0,1.0,0,0,1-25,0
4630,ssi,,1,0,,1,2021-02-02,1,0,1,2,1,60,1.0,1.0,1.0,1,0,26-100,0
4631,Jobma,,4,0,,1,2021-02-03,1,1,1,2,100,100,1.0,1.0,1.0,0,0,26-100,0
4632,Jobma,,3,0,,1,2021-02-03,1,1,1,2,100,100,1.0,1.0,1.0,0,0,26-100,0
4633,Jobma,,72,0,,1,2021-02-03,1,0,1,2,1,60,1.0,1.0,1.0,1,0,26-100,0
4634,ABCSol,,,0,2,0,2021-02-03,1,0,1,1,0,100,1.0,1.0,1.0,0,0,1-25,0
4635,Jobma,,,0,,0,2021-02-03,1,0,1,1,0,100,1.0,1.0,1.0,0,0,26-100,0
4636,Jobma,,,0,,0,2021-02-03,1,0,1,1,0,100,1.0,1.0,1.0,0,0,26-100,0
4637,Jobma,,72,0,,1,2021-02-03,1,1,1,2,2,60,1.0,1.0,1.0,1,0,26-100,0
4638,Jobma,,,0,,0,2021-02-03,1,0,1,1,0,100,1.0,1.0,1.0,0,0,26-100,0
4639,Jobma,,,0,,0,2021-02-03,1,0,1,1,0,100,1.0,1.0,1.0,0,0,26-100,0
4640,Jobma,,,0,,0,2021-02-03,1,0,1,1,0,100,1.0,1.0,1.0,0,0,26-100,0
4643,JOBMA,,,0,,0,2021-02-03,1,0,1,1,0,100,1.0,1.0,1.0,0,0,101-500,0
4644,JOBMA,,,0,,0,2021-02-03,1,0,1,1,0,100,1.0,1.0,1.0,0,0,101-500,0
4646,ssi,,72,0,,1,2021-02-08,1,0,1,2,1,60,1.0,1.0,1.0,1,0,26-100,0
4647,ssi,,72,0,,1,2021-02-08,1,0,1,2,1,60,1.0,1.0,1.0,1,0,26-100,0
4648,ssi,,,0,,0,2021-02-08,1,0,1,1,0,100,1.0,1.0,1.0,0,0,1-25,0
4649,ABCSol,,,0,2,0,2021-02-10,1,0,1,1,0,100,1.0,1.0,1.0,0,0,1-25,0
4650,ABCSol,,,0,2,0,2021-02-11,1,0,1,1,0,100,1.0,1.0,1.0,0,0,1-25,0
4653,SSI,,2,0,,1,2021-03-08,0,0,1,2,1,"[""60"",""100""]",1.0,1.0,1.0,1,0,26-100,0
4654,SSI,,3,0,,1,2021-03-08,0,0,1,2,1,100,1.0,1.0,1.0,0,0,26-100,0
4655,SSI,,4,0,,1,2021-03-08,0,0,1,2,1,100,1.0,1.0,1.0,0,0,26-100,0
4656,SSI,,3,0,,1,2021-03-08,0,0,1,2,1,"[""60"",""100""]",1.0,1.0,1.0,1,0,26-100,0
4657,SSI,,2,0,,1,2021-03-08,0,0,1,2,1,"[""60"",""100""]",1.0,1.0,1.0,1,0,26-100,0
4658,SSI,,2,0,,1,2021-03-08,0,0,1,2,1,"[""60"",""100""]",1.0,1.0,1.0,1,0,26-100,0
4659,SSI,,3,0,,1,2021-03-08,0,0,1,2,1,100,1.0,1.0,1.0,0,0,26-100,0
4660,SSI,,2,0,,1,2021-03-08,0,0,1,2,0,100,1.0,1.0,1.0,0,0,26-100,0
4661,SSI,,3,0,,1,2021-03-08,0,0,1,2,1,100,1.0,1.0,1.0,0,0,26-100,0
4662,ssi,,7,0,,1,2021-03-08,0,0,1,2,1,"[""60"",""100""]",1.0,1.0,1.0,1,0,101-500,0
4663,ssi,,3,0,,1,2021-03-08,0,0,1,2,1,"[""60"",""100""]",1.0,1.0,1.0,1,0,26-100,0
4664,sdfsd,,2,0,,1,2021-03-08,0,0,1,2,3,100,1.0,1.0,1.0,0,0,500-1000,0
4665,ssi,,3,0,,1,2021-03-08,0,0,1,2,1,"[""60"",""100""]",1.0,1.0,1.0,1,0,26-100,0
4666,ssi,,3,0,,1,2021-03-08,0,0,1,2,0,100,1.0,1.0,1.0,0,0,500-1000,0
4674,Test Company,,1,0,,1,2021-03-09,0,0,1,2,1,"[""60"",""100""]",1.0,1.0,1.0,1,0,101-500,0
4675,Test Company,,4,0,,1,2021-03-09,0,0,1,2,1,"[""60"",""100""]",1.0,1.0,1.0,1,0,500-1000,0
4676,Test com,,2,0,,1,2021-03-10,0,0,1,2,1,"[""60"",""100""]",1.0,1.0,1.0,1,0,500-1000,0
4677,Test address,,2,0,,1,2021-03-10,0,0,1,2,1,"[""60"",""100""]",1.0,1.0,1.0,1,0,500-1000,0
4679,Test Company,,"1,3,7",0,,1,2021-03-11,0,1,1,1,2,100,1.0,1.0,1.0,0,0,500-1000,0
4680,Test,,2,0,,1,2021-03-11,0,0,1,2,1,"[""60"",""100""]",1.0,1.0,1.0,1,0,26-100,0
4681,Test,,2,0,,1,2021-03-11,0,0,1,2,100,100,1.0,1.0,1.0,0,0,26-100,0
4682,Tes Company,,3,0,,1,2021-03-11,0,0,1,2,1,100,1.0,1.0,1.0,0,0,101-500,0
4683,Test Co,,2,0,,0,2021-03-11,0,1,1,1,3,"[""60"",""100""]",1.0,1.0,1.0,1,0,101-500,0
4684,Test Company,,2,0,,1,2021-03-12,0,0,1,2,1,"[""60"",""100""]",1.0,1.0,1.0,1,0,101-500,0
4685,WOW,,27,0,,1,2021-03-12,0,0,1,2,1,"[""60"",""100""]",1.0,1.0,1.0,1,0,26-100,0
4686,Test Company,,2,0,,1,2021-03-12,0,0,1,2,1,"[""60"",""100""]",0.0,0.0,1.0,1,0,500-1000,0
4687,Test Company,,4,0,,1,2021-03-12,0,0,1,1,1,"[""60"",""100""]",0.0,0.0,1.0,1,0,More than 1000,0
4688,ssi,,3,0,,1,2021-03-12,0,0,1,2,1,100,1.0,1.0,1.0,0,0,26-100,0
4689,Test,,2,0,,1,2021-03-12,0,0,1,2,1,"[""60"",""100""]",0.0,0.0,1.0,1,0,500-1000,0
4690,sdfsd,,2,0,,1,2021-03-12,0,0,1,2,1,100,1.0,1.0,1.0,0,0,500-1000,0
4691,erdfd,,2,0,,1,2021-03-12,0,0,1,2,1,100,1.0,1.0,1.0,0,0,More than 1000,0
4694,AWS,,"72,2,76",0,,1,2021-03-15,0,0,1,2,1,"[""60"",""100""]",1.0,1.0,1.0,1,0,1-25,0
4695,NVC,,231,0,,1,2021-03-15,0,0,1,2,1,100,1.0,1.0,1.0,0,0,1-25,0
4696,TEST,,72,0,,1,2021-03-16,0,0,1,2,1,"[""60"",""100""]",1.0,1.0,1.0,1,0,26-100,0
4697,ssi,,72,0,,1,2021-03-16,0,0,1,2,1,"[""60"",""100""]",1.0,1.0,1.0,1,0,26-100,0
4698,TEST,,2,0,,1,2021-03-16,0,0,1,2,1,"[""60"",""100""]",1.0,1.0,1.0,1,0,1-25,0
4699,ERT,,231,0,,1,2021-03-16,0,1,1,2,2,100,1.0,1.0,1.0,0,0,1-25,0
4700,Test,,2,0,,1,2021-03-16,0,1,1,2,4,100,1.0,1.0,1.0,0,0,1-25,0
4704,GBN,,3,0,,1,2021-03-17,0,0,1,2,1,100,1.0,1.0,1.0,0,0,1-25,0
4705,HSK,,4,0,,1,2021-03-17,0,0,1,2,1,100,1.0,1.0,1.0,0,0,More than 1000,0
4706,HSK,,7,0,,1,2021-03-17,0,0,1,2,1,100,1.0,1.0,1.0,0,0,26-100,0
4707,HKM,,72,0,,1,2021-03-17,0,0,1,2,1,"[""60"",""100""]",1.0,1.0,1.0,1,0,1-25,0
4708,SSI,,231,0,,1,2021-03-17,0,0,1,2,1,"[""60"",""100""]",1.0,1.0,1.0,1,0,101-500,0
4709,SSI,,73,0,,1,2021-03-18,0,0,1,2,1,"[""60"",""100""]",1.0,1.0,1.0,1,0,26-100,0
4710,Google Inc,,2,0,,1,2021-03-18,0,0,1,2,100,100,1.0,1.0,1.0,0,0,101-500,0
4711,Achme,,,0,1,1,2021-03-18,1,0,1,1,0,100,1.0,1.0,1.0,0,0,101-500,0
4712,Jobma,,231,0,,1,2021-03-18,0,0,1,2,1,"[""60"",""100""]",1.0,1.0,1.0,1,0,1-25,0
4713,jobma,,72,0,,1,2021-03-18,0,0,1,2,1,"[""60"",""100""]",0.0,0.0,1.0,1,0,26-100,0
4714,ssi,,3,0,,1,2021-03-18,0,0,1,2,100,100,1.0,1.0,1.0,0,0,500-1000,0
4715,Jobma,,231,0,,1,2021-03-18,0,0,1,2,1,"[""60"",""100""]",0.0,0.0,1.0,1,0,26-100,0
4716,BNH,,72,0,,1,2021-03-18,0,0,1,2,1,100,1.0,1.0,1.0,0,0,1-25,0
4717,OPP,,2,0,,1,2021-03-18,0,0,1,2,1,"[""60"",""100""]",0.0,0.0,1.0,1,0,26-100,0
4718,Test Coorporate,,231,0,,1,2021-03-19,0,1,1,1,4,"[""60"",""100""]",1.0,1.0,1.0,1,0,101-500,0
4719,Test Cooperate,,231,0,,1,2021-03-19,0,0,1,2,1,100,1.0,1.0,1.0,0,0,More than 1000,0
4720,ssi,,72,0,,1,2021-03-19,0,0,1,2,1,"[""60"",""100""]",1.0,1.0,1.0,1,0,26-100,0
4721,Pawan Intl,,1,0,,1,2021-03-19,0,0,1,2,1,"[""60"",""100""]",1.0,1.0,1.0,1,0,1-25,0
4722,Jobma,,231,0,,1,2021-03-19,0,0,1,2,1,"[""60"",""100""]",1.0,1.0,1.0,1,0,1-25,0
4723,Test Co Pvt Ltd,,2,0,,1,2021-03-19,0,0,1,2,100,"[""60"",""100""]",1.0,1.0,1.0,1,0,26-100,0
4724,Jobma,,2,0,,1,2021-03-19,0,0,1,2,100,100,1.0,1.0,1.0,0,0,26-100,0
4725,Test Cooperate,,2,0,,1,2021-03-19,0,0,1,2,100,100,1.0,1.0,1.0,0,0,1-25,0
4726,Pawan Intl,,1,0,,1,2021-03-19,0,0,1,2,1,"[""60"",""100""]",1.0,1.0,1.0,1,0,1-25,0
4727,IPL,,72,0,,1,2021-03-19,0,0,1,2,1,"[""60"",""100""]",1.0,1.0,1.0,1,0,1-25,0
4728,Test Company,,1,0,,1,2021-03-19,0,0,1,2,1,100,1.0,1.0,1.0,0,0,101-500,0
4729,Testing Co,,231,0,,1,2021-03-19,0,1,1,2,2,"[""60"",""100""]",1.0,1.0,1.0,1,0,101-500,0
4730,Test Company,,2,0,,1,2021-03-19,0,0,1,2,0,"[""60"",""100""]",1.0,1.0,1.0,1,0,More than 1000,0
4731,Pawan Intl,,1,0,,1,2021-03-19,0,0,1,2,100,100,1.0,1.0,1.0,0,0,1-25,0
4732,BHK,,231,0,,1,2021-03-19,0,0,1,2,1,"[""60"",""100""]",1.0,1.0,1.0,1,0,1-25,0
4733,MPL,,2,0,,1,2021-03-19,0,0,1,2,100,"[""60"",""100""]",1.0,1.0,1.0,1,0,1-25,0
4734,CVN,,72,0,,1,2021-03-19,0,0,1,2,1,100,1.0,1.0,1.0,0,0,1-25,0
4735,TNT,,231,0,,1,2021-03-22,0,0,1,2,1,"[""60"",""100""]",0.0,0.0,1.0,1,0,1-25,0
4736,Test Company,,"1,72,73",0,,1,2021-03-22,0,1,1,2,10,100,1.0,1.0,1.0,0,0,500-1000,0
4737,Test Company,,2,0,,1,2021-03-22,0,0,1,2,100,100,1.0,1.0,1.0,0,0,500-1000,0
4738,Test Coorporate,,,0,,0,2021-03-22,1,0,1,1,0,100,1.0,1.0,1.0,0,0,1-25,0
4739,Test Coorporate,,,0,,0,2021-03-22,1,0,1,1,0,100,1.0,1.0,1.0,0,0,1-25,0
4740,Test Coorporate,,,0,,0,2021-03-22,1,0,1,1,0,100,1.0,1.0,1.0,0,0,1-25,0
4741,Test co,,2,0,,1,2021-03-22,0,0,1,2,1,"[""60"",""100""]",1.0,1.0,1.0,1,0,1-25,0
4742,Test Co Pvt Ltd,,,0,,0,2021-03-22,1,0,1,1,0,100,1.0,1.0,1.0,0,0,1-25,0
4743,Test Co Pvt Ltd,,,0,,0,2021-03-22,1,0,1,1,0,100,1.0,1.0,1.0,0,0,1-25,0
4744,Test Com,,4,0,,1,2021-03-22,0,0,1,2,100,100,1.0,1.0,1.0,0,0,500-1000,0
4745,Test Com,,2,0,,1,2021-03-22,0,0,1,2,100,"[""60"",""100""]",1.0,1.0,1.0,1,0,500-1000,0
4746,HKM,,3,0,,1,2021-03-22,0,0,1,2,100,100,1.0,1.0,1.0,0,0,101-500,0
4747,Test,,3,0,,1,2021-03-22,0,0,1,2,100,"[""60"",""100""]",1.0,1.0,1.0,1,0,500-1000,0
4748,interviewrate,,3,0,,1,2021-03-22,0,0,1,2,100,"[""60"",""100""]",1.0,1.0,1.0,1,0,500-1000,0
4751,kjhkjh,,2,0,,1,2021-03-22,0,0,1,2,100,100,1.0,1.0,1.0,0,0,101-500,0
4752,Test Coorporate,,,0,,0,2021-03-22,1,0,1,1,0,100,1.0,1.0,1.0,0,0,1-25,0
4753,New Jazz HRing,,231,1,,1,2021-03-22,0,0,1,2,1,100,1.0,1.0,1.0,0,0,1-25,0
4754,ssi,,"72,2,73",1,,1,2021-03-22,0,0,1,2,1,100,1.0,1.0,1.0,0,0,1-25,0
4755,ssi,,73,1,,1,2021-03-22,0,0,1,2,1,100,1.0,1.0,1.0,0,0,1-25,0
4756,sssss,,1,1,,1,2021-03-22,0,0,1,2,1,"[""60"",""100""]",1.0,1.0,1.0,1,0,1-25,0
4757,sssss,,1,1,,1,2021-03-22,0,0,1,2,1,"[""60"",""100""]",1.0,1.0,1.0,1,0,1-25,0
4758,ssi,,73,1,,1,2021-03-22,0,0,1,2,1,"[""60"",""100""]",1.0,1.0,1.0,1,0,1-25,0
4759,ssi,,73,1,,1,2021-03-22,0,0,1,2,1,"[""60"",""100""]",1.0,1.0,1.0,1,0,1-25,0
4760,ssi,,73,1,,1,2021-03-22,0,0,1,2,1,"[""60"",""100""]",1.0,1.0,1.0,1,0,1-25,0
4761,Test Company,,231,0,,1,2021-03-23,0,0,1,2,1,"[""60"",""100""]",1.0,1.0,1.0,1,0,26-100,0
4762,Test Co,,72,0,,1,2021-03-23,0,0,1,2,1,"[""60"",""100""]",0.0,0.0,1.0,1,0,500-1000,0
4763,OPL,,"231,4",0,,1,2021-03-23,0,0,1,2,1,100,1.0,1.0,1.0,0,0,101-500,0
4764,LKS,,2,0,,1,2021-03-23,0,0,1,2,1,100,1.0,1.0,1.0,0,0,1-25,0
4765,Test Company,,231,0,,1,2021-03-23,0,0,1,2,1,100,1.0,1.0,1.0,0,0,26-100,0
4766,Test Company,,,0,,0,2021-03-23,1,0,1,1,0,100,1.0,1.0,1.0,0,0,1-25,0
4767,Test Company,,,0,,0,2021-03-23,1,0,1,1,0,100,1.0,1.0,1.0,0,0,1-25,0
4768,ssi,,72,1,,1,2021-03-23,0,0,1,2,1,100,1.0,1.0,1.0,0,0,1-25,0
4769,Test Company,,231,0,,1,2021-03-23,0,0,1,2,1,100,1.0,1.0,1.0,0,0,101-500,0
4770,Test Company,,,0,,0,2021-03-23,1,0,1,1,0,100,1.0,1.0,1.0,0,0,1-25,0
4771,ssi,,2,0,,1,2021-03-23,0,0,1,2,100,100,1.0,1.0,1.0,0,0,26-100,0
4772,ssi,,,0,,0,2021-03-23,1,0,1,1,0,100,1.0,1.0,1.0,0,0,1-25,0
4773,ssi,,,0,,0,2021-03-23,1,0,1,1,0,100,1.0,1.0,1.0,0,0,1-25,0
4774,ssi,,3,0,,1,2021-03-23,0,0,1,2,100,100,1.0,1.0,1.0,0,0,500-1000,0
4775,tef77,,,0,,0,2021-03-24,1,0,1,1,0,100,1.0,1.0,1.0,0,0,1-25,0
4776,Pawan Intl,,1,0,,1,2021-03-24,0,0,1,2,1,"[""60"",""100""]",1.0,1.0,1.0,1,0,1-25,0
4777,JOBMA,,,0,,0,2021-03-24,1,0,1,1,0,100,1.0,1.0,1.0,0,0,101-500,0
4778,kjhkjh,,2,0,,1,2021-03-24,0,0,1,2,1,100,1.0,1.0,1.0,0,0,101-500,0
4779,kjhkjh,,,0,,0,2021-03-24,1,0,1,1,0,100,1.0,1.0,1.0,0,0,1-25,0
4780,Test,,3,0,,1,2021-03-24,0,0,1,2,100,100,1.0,1.0,1.0,0,0,26-100,0
4781,Test,,3,0,,1,2021-03-24,0,0,1,2,100,100,1.0,1.0,1.0,0,0,More than 1000,0
4782,Test,,72,0,,1,2021-03-24,0,0,1,2,1,"[""60"",""100""]",1.0,1.0,1.0,1,0,500-1000,0
4783,Pawan Intl,,1,0,,1,2021-03-24,0,0,1,2,1,"[""60"",""100""]",1.0,1.0,1.0,1,0,1-25,0
4784,ssi,,3,0,,1,2021-03-25,0,0,1,2,100,100,1.0,1.0,1.0,0,0,101-500,0
4785,ssi,,3,0,,1,2021-03-25,0,0,1,2,100,100,1.0,1.0,1.0,0,0,26-100,0
4786,Jobma,,72,0,,1,2021-03-25,0,0,1,2,1,"[""60"",""100""]",1.0,1.0,1.0,1,0,26-100,0
4787,ssi,,3,0,,1,2021-03-25,0,0,1,2,100,100,1.0,1.0,1.0,0,0,101-500,0
4788,Jobma,,,0,,0,2021-03-25,1,0,1,1,0,100,1.0,1.0,1.0,0,0,1-25,0
4789,Tester,,2,0,,1,2021-03-25,0,1,1,2,2,100,1.0,2.0,1.0,0,0,26-100,0
4790,ssi,,3,0,,1,2021-03-25,0,0,1,2,100,100,1.0,1.0,1.0,0,0,500-1000,0
4791,Test Com,,72,0,2,0,2021-03-25,0,0,1,0,100,"[""60"",""100""]",1.0,1.0,1.0,1,0,500-1000,0
4792,SSI,,231,0,,1,2021-03-25,0,0,1,2,1,"[""60"",""100""]",1.0,1.0,1.0,1,0,101-500,0
4793,SSI,,72,0,,1,2021-03-25,0,0,1,2,1,"[""60"",""100""]",1.0,1.0,1.0,1,0,26-100,0
4794,ssi,,72,0,,1,2021-03-25,0,0,1,2,1,"[""60"",""100""]",1.0,1.0,1.0,1,0,26-100,0
4795,TSL,,2,0,,1,2021-03-25,0,0,1,2,1,100,1.0,1.0,1.0,0,0,26-100,0
4796,ssi,,3,0,,1,2021-03-25,0,0,1,2,100,100,1.0,1.0,1.0,0,0,More than 1000,0
4797,ASW,,3,0,,1,2021-03-25,0,0,1,2,1,100,1.0,1.0,1.0,0,0,26-100,0
4798,Test,,231,0,,0,2021-03-25,0,0,1,1,100,100,1.0,1.0,1.0,0,0,1-25,0
4799,Test Company,,231,0,,0,2021-03-26,0,0,1,1,1,100,1.0,1.0,1.0,0,0,26-100,0
4800,Jobma,,2,0,,1,2021-03-26,0,0,1,2,1,"[""60"",""100""]",1.0,1.0,1.0,1,0,26-100,0
4801,Jobma,,231,0,,1,2021-03-26,0,0,1,2,1,100,1.0,1.0,1.0,0,0,26-100,0
4802,Test C,,231,0,,0,2021-03-26,0,0,1,1,1,"[""60"",""100""]",1.0,1.0,1.0,1,0,26-100,0
4803,Test Company,,,0,,0,2021-03-26,1,0,1,1,0,100,1.0,1.0,1.0,0,0,1-25,0
4804,DSC,,51,0,,1,2021-03-26,0,0,1,2,1,"[""60"",""100""]",1.0,1.0,1.0,1,0,26-100,0
4805,DSC,,73,0,,1,2021-03-26,0,0,1,2,1,"[""60"",""100""]",1.0,1.0,1.0,1,0,26-100,0
4806,ss,,72,0,,1,2021-03-26,0,0,1,2,1,"[""60"",""100""]",1.0,1.0,1.0,1,0,26-100,0
4807,Jobma,,2,0,,1,2021-03-26,0,0,1,2,1,100,1.0,1.0,1.0,0,0,26-100,0
4808,Test Company,,231,0,,0,2021-03-30,0,0,1,2,1,"[""60"",""100""]",1.0,1.0,1.0,1,0,101-500,0
4809,ssi,,"72,2,73",0,,0,2021-03-30,0,1,1,1,3,"[""60"",""100""]",1.0,1.0,1.0,1,0,500-1000,0
4810,fgcvh,,1,0,,1,2021-03-30,0,0,1,2,1,"[""60"",""100""]",1.0,1.0,1.0,1,0,1-25,0
4811,NEW,,3,0,,1,2021-03-30,0,0,1,2,1,100,1.0,1.0,1.0,0,0,101-500,0
4812,NEW,,1,0,,1,2021-03-30,0,0,1,2,1,100,1.0,1.0,1.0,0,0,1-25,0
4813,SSB,,231,0,,1,2021-03-30,0,1,1,2,2,100,1.0,1.0,1.0,0,0,101-500,0
4814,SSI,,4,0,,1,2021-03-30,0,0,1,2,100,100,1.0,1.0,1.0,0,0,500-1000,0
4815,ssi,,72,0,,0,2021-03-30,0,1,1,2,2,100,1.0,1.0,1.0,0,0,101-500,0
4816,ssi,,72,0,,1,2021-03-30,0,0,1,2,1,100,1.0,1.0,1.0,0,0,500-1000,0
4817,TSL,,4,0,,1,2021-03-30,0,0,1,2,0,100,1.0,1.0,1.0,0,0,26-100,0
4818,NVV,,4,0,,1,2021-03-30,0,0,1,2,0,100,1.0,1.0,1.0,0,0,26-100,0
4819,SSI,,231,0,,0,2021-03-30,0,0,1,2,1,100,1.0,1.0,1.0,0,0,101-500,0
4820,ssi,,2,0,,1,2021-03-30,0,0,1,2,0,100,1.0,1.0,1.0,0,0,101-500,0
4821,Select source intl,,2,0,,1,2021-03-30,0,0,1,2,0,"[""60"",""100""]",1.0,1.0,1.0,1,0,101-500,0
4822,ssi,,2,0,,1,2021-03-30,0,0,1,2,0,"[""60"",""100""]",1.0,1.0,1.0,1,0,More than 1000,0
4823,Jobma,,231,0,,1,2021-03-30,0,0,1,2,1,100,1.0,1.0,1.0,0,0,26-100,0
4824,ssi,,231,0,,1,2021-03-30,0,0,1,2,1,100,1.0,1.0,1.0,0,0,101-500,0
4825,Test Company,,1,0,,1,2021-03-30,0,0,1,2,1,100,1.0,1.0,1.0,0,0,101-500,0
4826,SSI,,4,0,,1,2021-03-30,0,0,1,2,100,100,1.0,1.0,1.0,0,0,101-500,0
4827,SSI,,2,0,,1,2021-03-30,0,0,1,2,100,100,1.0,1.0,1.0,0,0,101-500,0
4828,SSI,,2,0,,1,2021-03-30,0,0,1,2,100,100,1.0,1.0,1.0,0,0,101-500,0
4829,ssi,,2,0,,1,2021-03-31,0,0,1,2,0,100,1.0,1.0,1.0,0,0,101-500,0
4830,ssi,,3,0,,0,2021-03-31,0,1,1,1,3,100,1.0,1.0,1.0,0,0,500-1000,0
4831,ssi,,2,0,,1,2021-03-31,0,0,1,2,1,100,1.0,1.0,1.0,0,0,500-1000,0
4832,ssi,,3,0,,0,2021-03-31,0,0,1,2,100,"[""60"",""100""]",1.0,1.0,1.0,1,0,101-500,0
4833,Jobma,,72,0,,1,2021-03-31,0,0,1,2,1,"[""60"",""100""]",1.0,1.0,1.0,1,0,26-100,0
4834,ssi,,72,0,,1,2021-03-31,0,0,1,2,1,"[""60"",""100""]",1.0,1.0,1.0,1,0,101-500,0
4835,ssi,,,0,,0,2021-03-31,1,0,1,1,0,100,1.0,1.0,1.0,0,0,1-25,0
4836,Test Company,,1,0,,1,2021-03-31,0,0,1,2,1,"[""60"",""100""]",1.0,1.0,1.0,1,0,500-1000,0
4837,Test Company,,72,0,,1,2021-03-31,0,0,1,2,1,"[""60"",""100""]",1.0,1.0,1.0,1,0,500-1000,0
4838,Test Company,,2,0,,1,2021-03-31,0,0,1,2,1,100,1.0,1.0,1.0,0,0,26-100,0
4839,ssi,,3,0,,1,2021-03-31,0,0,1,2,100,100,1.0,1.0,1.0,0,0,26-100,0
4840,SSI,,231,0,,1,2021-03-31,0,0,1,2,1,"[""60"",""100""]",1.0,1.0,1.0,1,0,1-25,0
4841,ssi,,3,0,,1,2021-03-31,0,0,1,2,100,100,1.0,1.0,1.0,0,0,26-100,0
4842,SSI,,231,0,,1,2021-03-31,0,0,1,2,1,100,1.0,1.0,1.0,0,0,26-100,0
4843,SSI,,231,0,,1,2021-03-31,0,0,1,2,1,100,1.0,1.0,1.0,0,0,26-100,0
4844,235345,,73,1,,1,2021-03-31,0,0,1,2,1,100,1.0,1.0,1.0,0,0,1-25,0
4845,435345,,2,1,,0,2021-03-31,0,1,1,2,2,100,1.0,1.0,1.0,0,0,1-25,0
4846,Jobma,,231,0,,1,2021-03-31,0,0,1,2,1,"[""60"",""100""]",1.0,1.0,1.0,1,0,26-100,0
4847,45645,,3,0,,1,2021-03-31,0,1,1,2,2,100,1.0,1.0,1.0,0,0,500-1000,0
4848,Test Company,,231,0,,1,2021-03-31,0,0,1,2,1,100,1.0,1.0,1.0,0,0,1-25,0
4849,Test Company,,231,0,,1,2021-03-31,0,0,1,2,1,"[""60"",""100""]",1.0,1.0,1.0,1,0,26-100,0
4850,ABCSol,,,0,2,0,2021-03-31,1,0,1,1,0,100,1.0,1.0,1.0,0,0,1-25,0
4851,Test Company,,231,0,,1,2021-03-31,0,0,1,2,1,100,1.0,1.0,1.0,0,0,101-500,0
4852,ssi,,231,0,,1,2021-03-31,0,0,1,2,1,"[""60"",""100""]",0.0,0.0,1.0,1,0,1-25,0
4853,ssi,,231,0,,1,2021-03-31,0,0,1,2,1,"[""60"",""100""]",1.0,1.0,1.0,1,0,26-100,0
4854,Test Company,,231,0,,1,2021-03-31,0,0,1,2,1,"[""60"",""100""]",1.0,1.0,1.0,1,0,101-500,0
4855,SSI,,3,0,,1,2021-03-31,0,0,1,2,0,100,1.0,1.0,1.0,0,0,101-500,0
4856,Test,,1,0,,1,2021-03-31,0,0,1,2,1,100,1.0,1.0,1.0,0,0,101-500,0
4858,fgd,,1,0,,1,2021-04-01,0,0,1,2,100,100,1.0,1.0,1.0,0,0,500-1000,0
4859,ssi,,2,0,,1,2021-04-01,0,0,1,2,100,"[""60"",""100""]",1.0,1.0,1.0,1,0,500-1000,0
4860,Test,,72,0,,1,2021-04-01,0,0,1,2,1,"[""60"",""100""]",0.0,0.0,1.0,1,0,500-1000,0
4861,ssi,,,0,,0,2021-04-01,1,0,1,1,0,100,1.0,1.0,1.0,0,0,1-25,0
4862,Select source intl,,2,0,,1,2021-04-01,0,0,1,2,1,100,1.0,1.0,1.0,0,0,101-500,0
4863,tesr,,3,0,,1,2021-04-01,0,0,1,2,100,"[""60"",""100""]",1.0,1.0,1.0,1,0,101-500,0
4864,SSI,,2,0,,1,2021-04-01,0,0,1,2,1,"[""60"",""100""]",1.0,1.0,1.0,1,0,26-100,0
4865,si,,3,0,,1,2021-04-01,0,0,1,2,100,"[""60"",""100""]",1.0,1.0,1.0,1,0,26-100,0
4866,VIP,,3,0,,1,2021-04-01,0,0,1,2,100,100,1.0,1.0,1.0,0,0,26-100,0
4867,3453,,3,0,,1,2021-04-01,0,0,1,2,0,100,1.0,1.0,1.0,0,0,101-500,0
4868,ssi,,73,0,,1,2021-04-01,0,0,1,2,1,"[""60"",""100""]",0.0,0.0,1.0,1,0,26-100,0
4869,SSI,,2,0,,1,2021-04-01,0,0,1,2,1,100,1.0,1.0,1.0,0,0,101-500,0
4870,Jobma,,72,0,,0,2021-04-01,0,0,1,2,1,"[""60"",""100""]",0.0,0.0,1.0,1,0,101-500,0
4871,Select source intl,,72,0,,0,2021-04-01,0,0,1,2,1,100,1.0,1.0,1.0,0,0,101-500,0
4872,SSI,,231,0,,1,2021-04-01,0,0,1,2,1,100,1.0,1.0,1.0,0,0,101-500,0
4873,ssi,,72,0,,1,2021-04-01,0,0,1,2,1,100,1.0,1.0,1.0,0,0,26-100,0
4874,ssi,,72,0,,1,2021-04-01,0,0,1,2,1,100,1.0,1.0,1.0,0,0,101-500,0
4875,ssi,,,0,,0,2021-04-01,1,0,1,1,0,100,1.0,1.0,1.0,0,0,1-25,0
4876,SSI,,2,0,,1,2021-04-01,0,0,1,2,1,"[""60"",""100""]",0.0,0.0,1.0,1,0,26-100,0
4877,SAQ,,3,0,,1,2021-04-01,0,0,1,2,1,100,1.0,1.0,1.0,0,0,500-1000,0
4878,SSI,,72,0,,1,2021-04-01,0,0,1,2,1,100,1.0,1.0,1.0,0,0,26-100,0
4879,ssi,,4,0,,1,2021-04-01,0,0,1,2,1,"[""60"",""100""]",0.0,0.0,1.0,1,0,101-500,0
4880,Jobma,,72,0,,1,2021-04-01,0,0,1,2,1,100,1.0,1.0,1.0,0,0,26-100,0
4881,Test C,,2,0,,1,2021-04-01,0,0,1,2,1,100,1.0,1.0,1.0,0,0,More than 1000,0
4882,Test,,231,0,,0,2021-04-01,0,0,1,2,1,"[""60"",""100""]",1.0,1.0,1.0,1,0,101-500,0
4883,Test,,1,0,,1,2021-04-01,0,0,1,2,1,100,1.0,1.0,1.0,0,0,101-500,0
4884,Test,,1,0,,1,2021-04-01,0,0,1,2,1,100,1.0,1.0,1.0,0,0,101-500,0
4885,Test,,,0,,0,2021-04-01,1,0,1,1,0,100,1.0,1.0,1.0,0,0,1-25,0
4886,SSI,,72,0,,1,2021-04-01,0,0,1,2,1,100,1.0,1.0,1.0,0,0,26-100,0
4887,TLS,,231,0,,1,2021-04-01,0,0,1,2,1,"[""60"",""100""]",0.0,0.0,1.0,1,0,26-100,0
4888,Jobma,,72,0,,1,2021-04-01,0,0,1,2,1,"[""60"",""100""]",0.0,0.0,1.0,1,0,101-500,0
4889,Test,,1,0,,1,2021-04-01,0,0,1,2,1,"[""60"",""100""]",0.0,0.0,1.0,1,0,101-500,0
4890,ssi,,4,0,,1,2021-04-01,0,0,1,2,0,100,1.0,1.0,1.0,0,0,1-25,0
4891,interviewrate,,72,0,,1,2021-04-01,0,0,1,2,1,100,1.0,1.0,1.0,0,0,26-100,0
4892,Pawan Intl,,1,0,,1,2021-04-01,0,0,1,2,1,"[""60"",""100""]",0.0,0.0,1.0,1,0,1-25,0
4893,ssi,,2,0,,1,2021-04-01,0,0,1,2,0,"[""60"",""100""]",1.0,1.0,1.0,1,0,26-100,0
4894,fgd,,72,0,,1,2021-04-01,0,0,1,2,1,"[""60"",""100""]",0.0,0.0,1.0,1,0,26-100,0
4895,SSI,,2,0,,0,2021-04-01,0,0,1,2,1,"[""60"",""100""]",0.0,0.0,1.0,1,0,101-500,0
4896,ssi,,72,1,,1,2021-04-02,0,0,1,2,1,100,1.0,1.0,1.0,0,0,1-25,0
4897,ssi,,3,0,,0,2021-04-02,0,0,1,2,0,100,1.0,1.0,1.0,0,0,500-1000,0
4898,Test Company,,72,0,,1,2021-04-02,0,0,1,2,1,"[""60"",""100""]",0.0,0.0,1.0,1,0,500-1000,0
4900,Test,,231,0,,1,2021-04-05,0,0,1,2,1,100,1.0,1.0,1.0,0,0,101-500,0
4901,ssi,,3,0,,1,2021-04-05,0,0,1,2,100,100,1.0,1.0,1.0,0,0,500-1000,0
4902,Jobma,,73,0,2,1,2021-04-05,0,1,1,2,3,"[""60"",""100""]",1.0,1.0,1.0,1,0,101-500,0
4906,ssi,,231,0,,1,2021-04-06,0,0,1,2,1,"[""60"",""100""]",1.0,1.0,1.0,1,0,1-25,0
4907,ssi,,72,0,,1,2021-04-06,0,1,1,2,3,"[""60"",""100""]",1.0,1.0,1.0,1,0,26-100,0
4908,Jobma,,72,0,,1,2021-04-06,0,0,1,2,100,"[""60"",""100""]",1.0,1.0,1.0,1,0,26-100,0
4909,Jobma,,231,0,,1,2021-04-07,0,0,1,2,1,100,1.0,1.0,1.0,0,0,101-500,0
4910,Jobma,,231,0,,1,2021-04-07,0,0,1,2,1,100,1.0,1.0,1.0,0,0,26-100,0
4912,ssi,,,0,,0,2021-04-08,1,0,1,1,0,100,1.0,1.0,1.0,0,0,1-25,0
4913,ssi,,,0,,0,2021-04-08,1,0,1,1,0,100,1.0,1.0,1.0,0,0,1-25,0
4915,dd,,1,1,,1,2021-04-08,0,0,1,2,1,100,1.0,1.0,1.0,0,0,1-25,0
4916,ssi,,2,0,,1,2021-04-09,1,0,1,2,1,100,1.0,1.0,1.0,0,0,26-100,0
4917,ssi,,,0,,0,2021-04-09,1,0,1,1,0,100,1.0,1.0,1.0,0,0,26-100,0
4918,Test Company,,72,0,,1,2021-04-09,1,0,1,2,1,"[""60"",""100""]",1.0,1.0,1.0,1,0,1-25,0
4919,NVS,,231,0,,1,2021-04-09,1,0,1,2,1,"[""60"",""100""]",0.0,0.0,1.0,1,0,26-100,0
4925,Test,,72,0,,1,2021-04-13,1,0,1,2,1,"[""60"",""100""]",1.0,1.0,1.0,1,0,101-500,0
4928,Jobma,,72,0,,1,2021-04-13,1,0,1,2,1,100,1.0,1.0,1.0,0,0,26-100,0
4929,Jobma,,231,0,,1,2021-04-13,1,0,1,2,1,100,1.0,1.0,1.0,0,0,26-100,0
4930,ddx,,2,0,,1,2021-04-13,1,0,1,2,2,100,1.0,1.0,1.0,0,0,1-25,0
4931,Jobma,,3,0,,1,2021-04-13,1,0,1,2,1,100,1.0,1.0,1.0,0,0,101-500,0
4932,Jobma,,231,0,,1,2021-04-13,1,0,1,2,1,100,1.0,1.0,1.0,0,0,26-100,0
4933,Jobma,,231,0,,1,2021-04-13,1,0,1,2,1,100,1.0,1.0,1.0,0,0,26-100,0
4934,SSI,,72,0,,1,2021-04-13,1,0,1,2,1,"[""60"",""100""]",0.0,0.0,1.0,1,0,101-500,0
4935,NGS,,2,0,,1,2021-04-13,1,0,1,2,1,"[""60"",""100""]",0.0,0.0,1.0,1,0,1-25,0
4936,MIU,,2,0,,1,2021-04-14,1,0,1,2,1,"[""60"",""100""]",1.0,1.0,1.0,1,0,26-100,0
4939,ssi,,,0,,0,2021-04-15,1,0,1,1,0,100,1.0,1.0,1.0,0,0,1-25,0
4940,ssi,,,0,,0,2021-04-15,1,0,1,1,0,100,1.0,1.0,1.0,0,0,1-25,0
4941,Jobma,,3,0,,1,2021-04-15,1,0,1,2,100,100,1.0,1.0,1.0,0,0,26-100,0
4942,ssi,,72,0,,1,2021-04-15,1,1,1,2,100,"[""60"",""100""]",1.0,1.0,1.0,1,0,101-500,0
4943,ssi,,,0,,0,2021-04-15,1,0,1,1,0,100,1.0,1.0,1.0,0,0,101-500,0
4944,Test New UI,,"2,73,3",0,1,1,2021-04-15,1,0,1,2,1,"[""60"",""100""]",1.0,1.0,1.0,1,0,101-500,0
4945,Test New UI,,,0,1,0,2021-04-15,1,0,1,1,0,100,1.0,1.0,1.0,0,0,101-500,0
4946,Google Inc,,73,0,1,1,2021-04-16,1,0,1,2,1,"[""60"",""100""]",1.0,1.0,1.0,1,0,500-1000,0
4947,Test,,2,0,,1,2021-04-16,1,0,1,2,100,100,1.0,1.0,1.0,0,0,More than 1000,0
4948,BCA,,2,0,,1,2021-04-16,1,0,1,2,1,"[""60"",""100""]",1.0,1.0,1.0,1,0,1-25,0
4949,Test,,72,0,,1,2021-04-17,1,0,1,2,1,100,1.0,1.0,1.0,0,0,101-500,0
4950,ssi,,72,0,,1,2021-04-17,1,0,1,2,1,100,1.0,1.0,1.0,0,0,26-100,0
4951,AACN,,2,0,,1,2021-04-19,1,0,1,2,1,"[""60"",""100""]",1.0,1.0,1.0,1,0,26-100,0
4952,Test,,72,0,,1,2021-04-19,1,0,1,2,1,100,1.0,1.0,1.0,0,0,500-1000,0
4954,Test Company,,231,0,,1,2021-04-19,1,0,1,2,1,100,1.0,1.0,1.0,0,0,26-100,0
4955,Test Company,,,0,,0,2021-04-19,1,0,1,1,0,100,1.0,1.0,1.0,0,0,1-25,0
4956,Jobma,,,0,2,0,2021-04-20,1,0,1,1,0,100,1.0,1.0,1.0,0,0,101-500,0
4957,Jobma,,,0,2,0,2021-04-20,1,0,1,1,0,100,1.0,1.0,1.0,0,0,101-500,0
4958,Jobma,,,0,2,0,2021-04-20,1,0,1,1,0,100,1.0,1.0,1.0,0,0,101-500,0
4959,ssi,,,0,1,0,2021-04-20,1,0,1,1,0,100,1.0,1.0,1.0,0,0,26-100,0
4960,ssi,,2,0,,0,2021-04-21,1,0,1,2,100,100,1.0,1.0,1.0,0,0,500-1000,0
4961,ssi,,7,0,,1,2021-04-21,1,0,1,2,0,100,1.0,1.0,1.0,0,0,101-500,0
4962,ssi,,74,0,,1,2021-04-21,1,0,1,2,1,"[""60"",""100""]",1.0,1.0,1.0,1,0,101-500,0
4964,ssi,,"72,73,74",0,,1,2021-04-21,1,0,1,2,1,"[""60"",""100""]",0.0,0.0,1.0,1,0,1-25,0
4965,ssi,,,0,1,0,2021-04-21,1,0,1,1,0,100,1.0,1.0,1.0,0,0,26-100,0
4968,Jobma,,2,0,,1,2021-04-21,1,0,1,2,100,100,1.0,1.0,1.0,0,0,26-100,0
4970,Jobma,,,0,,0,2021-04-21,1,0,1,1,0,100,1.0,1.0,1.0,0,0,26-100,0
4971,Jobma,,,0,,0,2021-04-21,1,0,1,1,0,100,1.0,1.0,1.0,0,0,26-100,0
4972,Jobma,,,0,,0,2021-04-21,1,0,1,1,0,100,1.0,1.0,1.0,0,0,26-100,0
4974,Jobma,,,0,,0,2021-04-21,1,0,1,1,0,100,1.0,1.0,1.0,0,0,26-100,0
4976,Jobma,,,0,,0,2021-04-21,1,0,1,1,0,100,1.0,1.0,1.0,0,0,26-100,0
4977,Jobma,,,0,,0,2021-04-21,1,0,1,1,0,100,1.0,1.0,1.0,0,0,26-100,0
4978,ssi,,2,0,,1,2021-04-22,1,0,1,2,1,"[""60"",""100""]",1.0,1.0,1.0,1,0,101-500,0
4981,ABCSol,,,0,2,0,2021-04-22,1,0,1,1,0,100,1.0,1.0,1.0,0,0,1-25,0
4982,ABCSol,,,0,2,0,2021-04-22,1,0,1,1,0,100,1.0,1.0,1.0,0,0,1-25,0
4983,ABCSol,,,0,2,0,2021-04-22,1,0,1,1,0,100,1.0,1.0,1.0,0,0,1-25,0
4984,ABCSol,,,0,2,0,2021-04-22,1,0,1,1,0,100,1.0,1.0,1.0,0,0,1-25,0
4985,ABCSol,,,0,2,0,2021-04-22,1,0,1,1,0,100,1.0,1.0,1.0,0,0,1-25,0
4986,ABCSol,,,0,2,0,2021-04-22,1,0,1,1,0,100,1.0,1.0,1.0,0,0,1-25,0
4987,ABCSol,,,0,2,0,2021-04-22,1,0,1,1,0,100,1.0,1.0,1.0,0,0,1-25,0
4988,ssi,,,0,,0,2021-04-23,1,0,1,1,0,100,1.0,1.0,1.0,0,0,101-500,0
4989,ssi,,"72,2,73",0,,1,2021-04-23,1,0,1,2,1,"[""60"",""100""]",1.0,1.0,1.0,1,0,26-100,0
4990,ssi,,,0,,0,2021-04-23,1,0,1,1,0,100,1.0,1.0,1.0,0,0,101-500,0
4991,ssi,,72,0,,1,2021-04-24,1,0,1,2,1,"[""60"",""100""]",0.0,0.0,1.0,1,0,26-100,0
4992,Pawan Intl,,231,0,,1,2021-04-25,1,0,1,2,1,"[""60"",""100""]",1.0,1.0,1.0,1,0,1-25,0
4994,ssi,,231,0,,0,2021-04-26,1,1,1,1,3,"[""60"",""100""]",1.0,1.0,1.0,1,0,1-25,0
4999,Test Company,,72,0,,0,2021-04-26,1,0,1,1,1,"[""60"",""100""]",1.0,1.0,1.0,1,0,26-100,0
5000,ssi,,72,0,,0,2021-04-26,1,1,1,1,12,"[""60"",""100""]",1.0,1.0,1.0,1,0,1-25,0
5001,Test Company,,72,0,,0,2021-04-26,1,0,1,1,1,100,1.0,1.0,1.0,0,0,26-100,0
5002,Test Company,,72,0,,1,2021-04-26,1,1,1,2,5,100,1.0,1.0,1.0,0,0,101-500,0
5003,ssi,,,0,,0,2021-04-26,1,0,1,1,0,100,1.0,1.0,1.0,0,0,101-500,0
5014,Test Company,,,0,,0,2021-04-26,1,0,1,1,0,100,1.0,1.0,1.0,0,0,101-500,0
5015,ssi,,,0,2,1,2021-04-26,1,0,1,1,0,100,1.0,1.0,1.0,0,0,1-25,0
5016,ssi,,,0,2,1,2021-04-26,1,0,1,1,0,100,1.0,1.0,1.0,0,0,1-25,0
5024,ssi,,,0,,0,2021-04-27,1,0,1,0,0,100,1.0,1.0,1.0,0,0,1-25,0
5026,ssi,,72,0,,1,2021-04-27,1,0,1,2,1,100,1.0,1.0,1.0,0,0,101-500,0
5027,ssi,,2,0,,1,2021-04-27,1,0,1,2,100,100,1.0,1.0,1.0,0,0,1-25,0
5028,ssi,,73,0,,1,2021-04-27,1,0,1,2,1,100,1.0,1.0,1.0,0,0,500-1000,0
5029,ssi,,,0,,0,2021-04-27,1,0,1,1,0,100,1.0,1.0,1.0,0,0,1-25,0
5030,ssi,,74,0,,1,2021-04-27,1,0,1,1,1,100,1.0,1.0,1.0,0,0,26-100,0
5031,Test & Test company,,2,0,,0,2021-04-27,1,0,1,1,1,100,1.0,1.0,1.0,0,0,101-500,0
5032,SSI,,72,0,,1,2021-04-27,1,0,1,2,1,"[""60"",""100""]",1.0,1.0,1.0,1,0,101-500,0
5033,ssssssdddd,,72,1,,1,2021-04-27,1,0,1,2,1,100,1.0,1.0,1.0,0,0,1-25,0
5034,QA,,3,0,,1,2021-04-27,1,0,1,2,0,100,1.0,1.0,1.0,0,0,101-500,0
5035,QA,,2,0,,1,2021-04-27,1,0,1,2,100,100,1.0,1.0,1.0,0,0,500-1000,0
5036,NVC,,3,0,,1,2021-04-27,1,0,1,2,0,"[""60"",""100""]",1.0,1.0,1.0,1,0,500-1000,0
5037,ssi,,2,0,,1,2021-04-28,1,0,1,2,1,"[""60"",""100""]",0.0,0.0,1.0,1,0,101-500,0
5038,Pawan Intl,,231,0,,1,2021-04-28,1,0,1,2,1,"[""60"",""100""]",1.0,1.0,1.0,1,0,1-25,0
5039,QA,,73,1,,1,2021-04-28,1,0,1,2,1,100,1.0,1.0,1.0,0,0,1-25,0
5040,ssi,,74,1,,1,2021-04-28,1,0,1,2,1,"[""60"",""100""]",1.0,1.0,1.0,1,0,1-25,0
5041,New Steels,,7,0,,1,2021-04-28,1,0,1,2,1,100,1.0,1.0,1.0,0,0,26-100,0
5042,Newa,,7,0,,1,2021-04-28,1,0,1,2,0,"[""60"",""100""]",1.0,1.0,1.0,1,0,101-500,0
5043,CVN,,3,0,,1,2021-04-28,1,0,1,2,0,100,1.0,1.0,1.0,0,0,26-100,0
5044,Jobma,,3,0,,1,2021-04-28,1,0,1,2,1,"[""60"",""100""]",1.0,1.0,1.0,1,0,26-100,0
5045,Test Company,,"231,74",0,,1,2021-04-28,1,0,1,2,1,"[""60"",""100""]",1.0,1.0,1.0,1,0,26-100,0
5046,Jobma,,2,0,,1,2021-04-28,1,0,1,2,1,"[""60"",""100""]",1.0,1.0,1.0,1,0,101-500,0
5047,Jobma,,3,0,,1,2021-04-28,1,0,1,2,100,100,1.0,1.0,1.0,0,0,1-25,0
5048,Test,,"73,74",0,,1,2021-04-28,1,1,1,2,2,"[""60"",""100""]",1.0,1.0,1.0,1,0,26-100,0
5049,Jobma,,2,0,,1,2021-04-28,1,0,1,2,1,"[""60"",""100""]",1.0,1.0,1.0,1,0,26-100,0
5050,Google Inc,,75,0,1,1,2021-04-28,1,0,1,2,1,"[""60"",""100""]",1.0,1.0,1.0,1,0,26-100,0
5051,Google Inc,,2,0,,1,2021-04-28,1,0,1,2,1,"[""60"",""100""]",1.0,1.0,1.0,1,0,101-500,0
5052,To The New,,2,0,,1,2021-04-29,1,0,1,2,1,100,1.0,1.0,1.0,0,0,26-100,0
5053,NHG,,4,0,,1,2021-04-29,1,0,1,2,5,100,1.0,1.0,1.0,0,0,101-500,0
5054,UAT,,"84,36",0,,1,2021-04-29,1,0,1,2,1,100,1.0,1.0,1.0,0,0,26-100,0
5055,ssi,,72,0,,1,2021-04-29,1,0,1,2,100,"[""60"",""100""]",1.0,1.0,1.0,1,0,26-100,0
5056,Pawan Intl,,231,0,,1,2021-04-29,1,0,1,2,1,"[""60"",""100""]",1.0,1.0,1.0,1,0,1-25,0
5057,UIT,,2,0,,1,2021-04-29,1,0,1,2,1,100,1.0,1.0,1.0,0,0,1-25,0
5058,Jobma,,"2,74,187",0,,1,2021-04-29,1,1,1,2,16,"[""60"",""100""]",1.0,1.0,1.0,1,0,101-500,0
5059,MVA,,2,0,,1,2021-04-29,1,0,1,2,1,"[""60"",""100""]",1.0,1.0,1.0,1,0,26-100,0
5060,ssi,,72,0,,1,2021-04-29,1,0,1,2,1,"[""60"",""100""]",1.0,1.0,1.0,1,0,1-25,0
5061,ssi,,72,0,,0,2021-04-29,1,1,1,2,2,"[""60"",""100""]",1.0,1.0,1.0,1,0,26-100,0
5062,dd,,2,0,,1,2021-04-29,1,0,1,2,100,100,1.0,1.0,1.0,0,0,1-25,0
5063,Jobma,,72,0,,1,2021-04-29,1,0,1,2,1,"[""60"",""100""]",1.0,1.0,1.0,1,0,26-100,0
5064,ssi,,231,0,,1,2021-04-29,1,0,1,2,1,"[""60"",""100""]",1.0,1.0,1.0,1,0,26-100,0
5065,Test,,231,0,,1,2021-04-29,1,0,1,2,1,100,1.0,1.0,1.0,0,0,500-1000,0
5066,Pawan Intl,,72,0,,1,2021-04-29,1,0,1,2,1,"[""60"",""100""]",0.0,0.0,1.0,1,0,1-25,0
5068,dskk,,2,0,,1,2021-04-29,1,0,1,2,1,100,1.0,1.0,1.0,0,0,1-25,0
5069,Test,,7,0,,1,2021-04-30,1,0,1,2,999,60,1.0,1.0,1.0,1,0,1-25,0
5070,ssi,,72,0,,1,2021-04-30,1,1,1,2,8,"[""60"",""100""]",1.0,1.0,1.0,1,0,1-25,0
5071,ssi,,72,0,,1,2021-04-30,1,0,1,2,1,"[""60"",""100""]",1.0,1.0,1.0,1,0,1-25,0
5072,ssi,,72,0,,1,2021-04-30,1,0,1,2,1,"[""60"",""100""]",1.0,1.0,1.0,1,0,1-25,0
5073,ssi,,3,0,,1,2021-04-30,1,1,1,2,6,100,1.0,1.0,1.0,0,0,101-500,0
5075,Jobma,,,0,,0,2021-04-30,1,0,1,1,0,100,1.0,1.0,1.0,0,0,101-500,0
5077,ssi,,,0,,0,2021-04-30,1,0,1,1,0,100,1.0,1.0,1.0,0,0,1-25,0
5080,Company Test,,4,0,,1,2021-04-30,1,0,1,2,100,100,1.0,1.0,1.0,0,0,26-100,0
5081,Pawan Intl,,231,0,,1,2021-04-30,1,0,1,2,2,60,1.0,1.0,1.0,1,0,1-25,0
5082,Pawan Intl,,,0,,0,2021-04-30,1,0,1,1,0,100,1.0,1.0,1.0,0,0,1-25,0
5083,Pawan Intl,,,0,,0,2021-04-30,1,0,1,1,0,100,1.0,1.0,1.0,0,0,1-25,0
5085,ssi,,,0,,0,2021-04-30,1,0,1,1,0,100,1.0,1.0,1.0,0,0,101-500,0
5090,ssi,,72,0,,1,2021-05-03,1,1,1,2,61,60,1.0,1.0,1.0,1,0,26-100,0
5092,Pawan Intl,,231,0,,1,2021-05-03,1,0,1,2,10,60,1.0,1.0,1.0,1,0,1-25,0
5095,Jobma,,,0,,0,2021-05-03,1,0,1,1,0,100,1.0,1.0,1.0,0,0,101-500,0
5096,New Company,,"72,2",0,,1,2021-05-03,1,0,1,2,10,60,1.0,1.0,1.0,1,0,101-500,0
5100,Company Test,,,0,,0,2021-05-03,1,0,1,1,0,100,1.0,1.0,1.0,0,0,26-100,0
5101,ssi,,73,0,,1,2021-05-03,1,0,1,2,60,60,1.0,1.0,1.0,1,0,26-100,0
5102,test,,73,0,,1,2021-05-03,1,0,1,2,999,100,1.0,1.0,1.0,0,0,101-500,0
5103,goibibo,,1,0,,1,2021-05-03,1,0,1,2,100,"[""60"",""100""]",1.0,1.0,1.0,1,0,26-100,0
5104,Testcomp,,73,0,,1,2021-05-03,1,0,1,2,999,60,1.0,1.0,1.0,1,0,101-500,0
5105,Testcomp,,,0,,0,2021-05-03,1,0,1,1,0,100,1.0,1.0,1.0,0,0,101-500,0
5106,ssi,,72,0,,0,2021-05-03,1,0,1,2,10,60,1.0,1.0,1.0,1,0,26-100,0
5107,ssi,,,0,,0,2021-05-03,1,0,1,1,0,100,1.0,1.0,1.0,0,0,26-100,0
5108,Jobma,,,0,,0,2021-05-03,1,0,1,1,0,100,1.0,1.0,1.0,0,0,101-500,0
5109,ssi,,72,0,,1,2021-05-03,1,1,1,2,61,60,1.0,1.0,1.0,1,0,1-25,0
5110,ssi,,,0,,0,2021-05-03,1,0,1,1,0,100,1.0,1.0,1.0,0,0,1-25,0
5111,ssi,,,0,1,0,2021-05-03,1,0,1,1,0,100,1.0,1.0,1.0,0,0,26-100,0
5112,ssi,,72,0,,1,2021-05-03,1,0,1,2,999,60,1.0,1.0,1.0,1,0,101-500,0
5113,ssi,,,0,,0,2021-05-03,1,0,1,1,0,100,1.0,1.0,1.0,0,0,1-25,0
5114,Jobma,,2,0,,1,2021-05-03,1,0,1,2,999,60,1.0,1.0,1.0,1,0,101-500,0
5115,Jobma,,,0,,0,2021-05-03,1,0,1,1,0,100,1.0,1.0,1.0,0,0,101-500,0
5117,ssi,,231,0,,1,2021-05-04,1,1,1,2,65,60,1.0,1.0,1.0,1,0,26-100,0
5118,Pawan Intl,,231,0,,1,2021-05-04,1,0,1,2,60,60,1.0,1.0,1.0,1,0,1-25,0
5119,ssi,,72,0,,1,2021-05-04,1,0,1,2,60,60,1.0,1.0,1.0,1,0,26-100,0
5120,Test Company,,,0,,0,2021-05-04,1,0,1,1,0,100,1.0,1.0,1.0,0,0,101-500,0
5121,Jobma,,73,0,,1,2021-05-04,1,0,1,2,60,60,1.0,1.0,1.0,1,0,101-500,0
5122,ssi,,,0,,0,2021-05-04,1,0,1,1,0,100,1.0,1.0,1.0,0,0,26-100,0
5123,AMB,,73,0,,1,2021-05-04,1,0,1,2,60,60,1.0,1.0,1.0,1,0,26-100,0
5124,Company Test,,3,0,,1,2021-05-04,1,0,1,2,12,100,1.0,1.0,1.0,0,0,26-100,0
5125,ssi,,72,0,,0,2021-05-04,1,1,1,2,11,60,1.0,1.0,1.0,1,0,1-25,0
5126,ssi,,,0,,0,2021-05-04,1,0,1,1,0,100,1.0,1.0,1.0,0,0,1-25,0
5127,TTL,,73,0,,1,2021-05-04,1,0,1,2,100,60,1.0,1.0,1.0,1,0,101-500,0
5128,TTL,,,0,,1,2021-05-04,1,0,1,1,0,100,1.0,1.0,1.0,0,0,101-500,0
5129,Jobma,,,0,1,0,2021-05-04,1,0,1,1,0,100,1.0,1.0,1.0,0,0,500-1000,0
5130,ssi,,2,0,,1,2021-05-04,1,0,1,2,100,60,1.0,1.0,1.0,1,0,101-500,0
5131,ssi,,72,0,,0,2021-05-04,1,0,1,2,100,60,1.0,1.0,1.0,1,0,26-100,0
5132,ssi,,,0,,0,2021-05-04,1,0,1,1,0,100,1.0,1.0,1.0,0,0,26-100,0
5134,ssi,,72,0,,1,2021-05-04,1,0,1,2,60,60,1.0,1.0,1.0,1,0,101-500,0
5135,ssi,,,0,,0,2021-05-04,1,0,1,1,0,100,1.0,1.0,1.0,0,0,101-500,0
5136,ssi,,,0,,0,2021-05-04,1,0,1,1,0,100,1.0,1.0,1.0,0,0,101-500,0
5137,test,,3,0,,1,2021-05-04,1,0,1,2,100,"[""60"",""100""]",1.0,1.0,1.0,1,0,101-500,0
5138,Jobma,,73,0,,1,2021-05-04,1,0,1,2,10,60,1.0,1.0,1.0,1,0,26-100,0
5139,nik,,72,0,,0,2021-05-04,1,0,1,2,60,60,1.0,1.0,1.0,1,0,1-25,0
5140,Pawan Intl,,231,0,,1,2021-05-04,1,0,1,2,60,60,1.0,1.0,1.0,1,0,1-25,0
5141,Pawan Intl,,231,0,,1,2021-05-04,1,0,1,2,60,60,1.0,1.0,1.0,1,0,1-25,0
5142,Pawan Intl,,231,0,,1,2021-05-04,1,0,1,2,60,60,1.0,1.0,1.0,1,0,1-25,0
5143,Jobma,,73,0,,1,2021-05-04,1,0,1,2,60,60,1.0,1.0,1.0,1,0,26-100,0
5144,Jobma,,,0,1,0,2021-05-04,1,0,1,1,0,100,1.0,1.0,1.0,0,0,500-1000,0
5145,ssi,,72,0,,1,2021-05-05,1,0,1,2,60,60,1.0,1.0,1.0,1,0,101-500,0
5146,SSI,,2,0,,1,2021-05-05,1,0,1,2,0,100,1.0,1.0,1.0,0,0,26-100,0
5147,ssi,,3,0,,0,2021-05-05,1,0,1,2,0,100,1.0,1.0,1.0,0,0,26-100,0
5148,1234,,"73,104",0,,1,2021-05-05,1,0,1,2,100,60,1.0,1.0,1.0,1,0,101-500,0
5149,essential Pvt Ltd,,231,0,,0,2021-05-05,1,1,1,2,63,60,1.0,1.0,1.0,1,0,500-1000,0
5150,ssi,,72,0,,0,2021-05-05,1,0,1,2,100,60,1.0,1.0,1.0,1,0,26-100,0
5151,dd,,2,0,,1,2021-05-05,1,0,1,2,10,"[""60"",""100""]",1.0,1.0,1.0,1,0,1-25,0
5152,essential Pvt Ltd,,,0,,0,2021-05-05,1,0,1,1,0,100,1.0,1.0,1.0,0,0,500-1000,0
5153,ssi,,,0,,0,2021-05-05,1,0,1,1,0,100,1.0,1.0,1.0,0,0,1-25,0
5154,ssi,,,0,,0,2021-05-05,1,0,1,1,0,100,1.0,1.0,1.0,0,0,101-500,0
5155,ssi,,,0,,0,2021-05-05,1,0,1,1,0,100,1.0,1.0,1.0,0,0,101-500,0
5156,ssi,,,0,,0,2021-05-05,1,0,1,1,0,100,1.0,1.0,1.0,0,0,101-500,0
5157,ssi,,,0,,0,2021-05-05,1,0,1,1,0,100,1.0,1.0,1.0,0,0,101-500,0
5158,ssi,,,0,,0,2021-05-05,1,0,1,1,0,100,1.0,1.0,1.0,0,0,101-500,0
5159,ssi,,,0,,0,2021-05-05,1,0,1,1,0,100,1.0,1.0,1.0,0,0,101-500,0
5160,sdf,,2,0,,1,2021-05-05,1,0,1,2,60,60,1.0,1.0,1.0,1,0,101-500,0
5161,sdf,,,0,,0,2021-05-05,1,0,1,1,0,100,1.0,1.0,1.0,0,0,101-500,0
5162,Jobma,,,0,,0,2021-05-05,1,0,1,1,0,100,1.0,1.0,1.0,0,0,1-25,0
5163,abcd,,74,1,,1,2021-05-06,1,0,1,2,1,100,1.0,1.0,1.0,0,0,1-25,0
5164,Pawan Intl,,231,0,,1,2021-05-06,1,0,1,2,100,60,1.0,1.0,1.0,1,0,1-25,0
5165,abcd,,3,0,,1,2021-05-06,1,0,1,2,4,60,1.0,1.0,1.0,1,0,More than 1000,0
5166,Test Limited,,4,0,,1,2021-05-06,1,1,1,2,3,100,1.0,1.0,1.0,0,0,26-100,0
5167,Test Company,,,0,,0,2021-05-06,1,0,1,1,0,100,1.0,1.0,1.0,0,0,1-25,0
5168,ssi,,,0,,0,2021-05-06,1,0,1,1,0,100,1.0,1.0,1.0,0,0,26-100,0
5169,ssi,,"3,4,7",0,,0,2021-05-06,1,1,1,1,999,60,1.0,1.0,1.0,1,0,101-500,0
5170,Test Limited,,,0,,0,2021-05-06,1,0,1,1,0,100,1.0,1.0,1.0,0,0,26-100,0
5171,ssi,,,0,,0,2021-05-06,1,0,1,1,0,100,1.0,1.0,1.0,0,0,101-500,0
5172,Test Limited,,,0,,0,2021-05-06,1,0,1,1,0,100,1.0,1.0,1.0,0,0,26-100,0
5173,1234,,,0,,0,2021-05-06,1,0,1,1,0,100,1.0,1.0,1.0,0,0,101-500,0
5174,abc,,2,0,,0,2021-05-06,1,1,1,2,18,60,1.0,1.0,1.0,1,0,101-500,0
5175,1234,,,0,,0,2021-05-06,1,0,1,1,0,100,1.0,1.0,1.0,0,0,101-500,0
5176,ssi,,72,0,,0,2021-05-06,1,0,1,2,10,60,1.0,1.0,1.0,1,0,26-100,0
5177,abc,,,0,,0,2021-05-06,1,0,1,1,0,100,1.0,1.0,1.0,0,0,101-500,0
5178,ssi,,2,0,,1,2021-05-06,1,0,1,2,0,60,1.0,1.0,1.0,1,0,101-500,0
5179,ssi,,2,0,,1,2021-05-06,1,0,1,2,0,60,1.0,1.0,1.0,1,0,500-1000,0
5180,ssi,,2,0,,1,2021-05-06,1,0,1,2,999,60,1.0,1.0,1.0,1,0,26-100,0
5181,Test,,2,0,,1,2021-05-06,1,0,1,2,999,60,1.0,1.0,1.0,1,0,101-500,0
5182,ssi,,,0,,0,2021-05-06,1,0,1,1,0,100,1.0,1.0,1.0,0,0,1-25,0
5183,TEST COMPANY,,72,0,,1,2021-05-06,1,0,1,2,60,60,1.0,1.0,1.0,1,0,1-25,0
5184,ssi,,2,0,,1,2021-05-07,1,0,1,2,10,60,1.0,1.0,1.0,1,0,101-500,0
5185,ssi,,,0,,0,2021-05-07,1,0,1,1,0,100,1.0,1.0,1.0,0,0,101-500,0
5186,ssi,,72,0,,1,2021-05-07,1,0,1,2,10,60,1.0,1.0,1.0,1,0,26-100,0
5187,ssi,,,0,,0,2021-05-07,1,0,1,1,0,100,1.0,1.0,1.0,0,0,26-100,0
5188,ssi,,72,0,,1,2021-05-07,1,0,1,2,999,60,1.0,1.0,1.0,1,0,101-500,0
5189,ssi,,,0,,0,2021-05-07,1,0,1,1,0,100,1.0,1.0,1.0,0,0,101-500,0
5190,Test Co,,72,0,,1,2021-05-07,1,0,1,2,10,60,1.0,1.0,1.0,1,0,101-500,0
5191,ssi,,72,0,,1,2021-05-07,1,0,1,2,60,60,1.0,1.0,1.0,1,0,26-100,0
5192,ssi,,,0,,0,2021-05-07,1,0,1,1,0,100,1.0,1.0,1.0,0,0,26-100,0
5193,Test,,231,0,,1,2021-05-07,1,1,1,2,999,100,1.0,1.0,1.0,0,0,101-500,0
5194,Test,,,0,,0,2021-05-07,1,0,1,1,0,100,1.0,1.0,1.0,0,0,101-500,0
5195,Test,,,0,,0,2021-05-07,1,0,1,1,0,100,1.0,1.0,1.0,0,0,101-500,0
5196,Test,,,0,,0,2021-05-07,1,0,1,1,0,100,1.0,1.0,1.0,0,0,101-500,0
5197,Test Co,,,0,,0,2021-05-07,1,0,1,1,0,100,1.0,1.0,1.0,0,0,1-25,0
5198,Test Co,,,0,,0,2021-05-07,1,0,1,1,0,100,1.0,1.0,1.0,0,0,1-25,0
5199,Test Co,,,0,,0,2021-05-07,1,0,1,0,0,100,1.0,1.0,1.0,0,0,1-25,0
5200,Test Co,,,0,,0,2021-05-07,1,0,1,1,0,100,1.0,1.0,1.0,0,0,1-25,0
5201,Test Comapny,,72,0,,1,2021-05-07,1,0,1,2,999,60,1.0,1.0,1.0,1,0,26-100,0
5202,ssi,,,0,,0,2021-05-07,1,0,1,1,0,100,1.0,1.0,1.0,0,0,26-100,0
5203,ssi,,,0,,0,2021-05-07,1,0,1,1,0,100,1.0,1.0,1.0,0,0,26-100,0
5204,ssi,,2,0,,1,2021-05-07,1,0,1,2,999,60,1.0,1.0,1.0,1,0,26-100,0
5205,fasd,,2,0,,1,2021-05-07,1,0,1,2,60,60,1.0,1.0,1.0,1,0,500-1000,0
5206,ssi,,72,0,,1,2021-05-07,1,0,1,2,60,60,1.0,1.0,1.0,1,0,1-25,0
5207,ssi,,2,0,,1,2021-05-07,1,0,1,2,60,60,1.0,1.0,1.0,1,0,101-500,0
5208,Test Company,,72,0,,1,2021-05-07,1,0,1,2,999,60,1.0,1.0,1.0,1,0,101-500,0
5210,ABCSol,,,0,2,0,2021-05-08,1,0,1,1,0,100,1.0,1.0,1.0,0,0,1-25,0
5211,Test,,,0,,0,2021-05-08,1,0,1,1,0,100,1.0,1.0,1.0,0,0,101-500,0
5212,Testing Company,,"231,72,2",0,,1,2021-05-08,1,0,1,2,10,60,1.0,1.0,1.0,1,0,101-500,0
5213,TCS,,73,0,,1,2021-05-08,1,1,1,2,13,60,1.0,1.0,1.0,1,0,101-500,0
5214,TCS,,,0,,0,2021-05-08,1,0,1,1,0,100,1.0,1.0,1.0,0,0,101-500,0
5215,Java Program,,72,0,,1,2021-05-08,1,1,1,2,64,60,1.0,1.0,1.0,1,0,26-100,0
5216,Test Company,,231,0,,1,2021-05-08,1,1,1,1,0,100,1.0,1.0,1.0,0,0,1-25,0
5217,test,,2,0,,0,2021-05-08,1,1,1,2,10,60,1.0,1.0,1.0,1,0,26-100,0
5218,Jobma,,,0,1,0,2021-05-08,1,0,1,1,0,100,1.0,1.0,1.0,0,0,500-1000,0
5219,TEST COMPANY,,72,0,,1,2021-05-08,1,0,1,2,0,100,1.0,1.0,1.0,0,0,26-100,0
5220,Jobma,,72,0,,0,2021-05-08,1,1,1,1,62,60,1.0,1.0,1.0,1,0,101-500,0
5221,Jobma,,2,0,,1,2021-05-08,1,1,1,2,66,60,1.0,1.0,1.0,1,0,101-500,0
5222,Jobma,,,0,,0,2021-05-08,1,0,1,1,0,100,1.0,1.0,1.0,0,0,101-500,0
5223,Test Comapny,,,0,,0,2021-05-08,1,0,1,1,0,100,1.0,1.0,1.0,0,0,26-100,0
5224,NYS,,2,0,,1,2021-05-08,1,1,1,2,12,100,1.0,1.0,1.0,0,0,1-25,0
5225,ssi,,3,0,,0,2021-05-08,1,1,1,2,60,60,1.0,1.0,1.0,1,0,More than 1000,0
5226,ssi,,,0,,0,2021-05-08,1,0,1,1,0,100,1.0,1.0,1.0,0,0,More than 1000,0
5227,Test Company,,,0,,0,2021-05-08,1,0,1,1,0,100,1.0,1.0,1.0,0,0,1-25,0
5228,Test,,92,0,,0,2021-05-08,1,1,1,2,30,60,1.0,1.0,1.0,1,0,101-500,0
5229,ORANGE BUSINESS SOLUTIONS PVT. LTD.,,72,0,,1,2021-05-08,1,0,1,2,0,100,1.0,1.0,1.0,0,0,26-100,0
5230,Test Company,,2,0,,1,2021-05-08,1,0,1,2,1,"[""60"",""100""]",0.0,0.0,1.0,1,0,500-1000,0
5231,Test Company,,"72,2,73",0,,0,2021-05-08,1,0,1,1,999,60,2.0,2.0,1.0,1,0,101-500,0
5232,Test,,,0,,0,2021-05-08,1,0,1,1,0,100,1.0,1.0,1.0,0,0,101-500,0
5233,TestCompany,,3,0,,0,2021-05-08,1,0,1,1,16,60,2.0,2.0,1.0,1,0,101-500,0
5234,NEW COMPANY,,1,0,,1,2021-05-09,1,0,1,2,2,100,1.0,1.0,1.0,0,0,101-500,0
5235,NEW TEST COMPANY,,2,0,,1,2021-05-09,1,0,1,2,10,100,1.0,1.0,1.0,0,0,26-100,0
5236,NBS,,4,0,,1,2021-05-09,1,0,1,2,999,100,1.0,1.0,1.0,0,0,101-500,0
5237,nik,,3,0,,1,2021-05-09,1,1,1,2,5,60,2.0,2.0,1.0,1,0,500-1000,0
5238,nik,,,0,,0,2021-05-09,1,0,1,1,0,100,1.0,1.0,1.0,0,0,500-1000,0
5239,NEW COMPANY NRI,,72,0,,1,2021-05-09,1,0,1,2,999,100,1.0,1.0,1.0,0,0,26-100,0
5240,NEW TEST,,72,0,,1,2021-05-09,1,0,1,2,0,100,1.0,1.0,1.0,0,0,26-100,0
5241,ssi,,2,0,,0,2021-05-09,1,0,1,2,60,60,1.0,1.0,1.0,1,0,101-500,0
5242,NEW COMPANY,,2,0,,1,2021-05-09,1,0,1,2,999,100,1.0,1.0,1.0,0,0,26-100,0
5243,ssi,,,0,,0,2021-05-09,1,0,1,1,0,100,1.0,1.0,1.0,0,0,101-500,0
5244,ssi,,,0,,0,2021-05-09,1,0,1,1,0,100,1.0,1.0,1.0,0,0,101-500,0
5245,ssi,,,0,,0,2021-05-09,1,0,1,1,0,100,1.0,1.0,1.0,0,0,101-500,0
5246,TYU,,2,0,,1,2021-05-09,1,0,1,2,999,100,1.0,1.0,1.0,0,0,1-25,0
5247,NEW COMPANY,,,0,,0,2021-05-09,1,0,1,1,0,100,1.0,1.0,1.0,0,0,26-100,0
5248,Jobma,,,0,,0,2021-05-09,1,0,1,1,0,100,1.0,1.0,1.0,0,0,101-500,0
5249,ABC,,72,0,,1,2021-05-09,1,0,1,1,999,10000,1.0,1.0,1.0,1,0,26-100,0
5250,TestCompany,,7,0,,1,2021-05-09,1,1,1,2,13,60,2.0,2.0,1.0,0,0,500-1000,0
5251,TestCompany,,,0,,0,2021-05-09,1,0,1,1,0,100,1.0,1.0,1.0,0,0,500-1000,0
5252,TESTING,,72,0,,1,2021-05-09,1,0,1,2,0,100,1.0,1.0,1.0,0,0,26-100,0
5253,NYS,,,0,,0,2021-05-09,1,0,1,1,0,100,1.0,1.0,1.0,0,0,1-25,0
5254,Test Company,,,0,,0,2021-05-09,1,0,1,1,0,100,1.0,1.0,1.0,0,0,101-500,0
5255,TestCompany,,,0,,0,2021-05-09,1,0,1,1,0,100,1.0,1.0,1.0,0,0,101-500,0
5256,Test Company,,,0,,0,2021-05-09,1,0,1,1,0,100,1.0,1.0,1.0,0,0,101-500,0
5257,essential Pvt Ltd,,,0,,0,2021-05-09,1,0,1,1,0,100,1.0,1.0,1.0,0,0,500-1000,0
5258,ssi,,2,0,,1,2021-05-09,1,1,1,2,13,60,1.0,1.0,1.0,1,0,26-100,0
5259,TESTING,,231,0,,1,2021-05-09,1,0,1,2,10,100,1.0,1.0,1.0,0,0,26-100,0
5260,ssi,,,0,,0,2021-05-09,1,0,1,1,0,100,1.0,1.0,1.0,0,0,26-100,0
5261,Test,,3,0,,1,2021-05-09,1,1,1,2,2,100,1.0,1.0,1.0,0,0,26-100,0
5262,NYR,,74,0,,1,2021-05-10,1,0,1,2,0,100,1.0,1.0,1.0,0,0,1-25,0
5269,SSI,,72,0,,1,2021-05-11,1,0,1,2,60,60,1.0,1.0,1.0,1,0,26-100,0
5270,,,,0,,0,2021-05-11,1,,1,1,1,100,1.0,1.0,1.0,0,0,1-25,0
5273,Test,,,0,,0,2021-05-12,1,0,1,1,0,100,1.0,1.0,1.0,0,0,1-25,0
5274,dd,,2,0,,1,2021-05-12,1,0,1,2,999,100,1.0,1.0,1.0,0,0,1-25,0
5275,Testcomp,,231,0,,1,2021-05-12,1,0,1,2,1,100,1.0,1.0,1.0,0,0,500-1000,0
5276,MNB,,73,0,,1,2021-05-12,1,0,1,2,1,100,1.0,1.0,1.0,0,0,1-25,0
5277,qwerty,,73,0,,1,2021-05-13,1,0,1,2,10,60,1.0,1.0,1.0,1,0,1-25,0
5278,Test com,,72,0,,1,2021-05-14,1,0,1,2,10,60,1.0,1.0,1.0,1,0,500-1000,0
5279,SSI,,72,0,,1,2021-05-15,1,0,1,2,10,60,1.0,1.0,1.0,1,0,26-100,0
5280,SSI,,72,0,,1,2021-05-15,1,0,1,2,60,60,1.0,1.0,1.0,1,0,101-500,0
5281,SSI,,72,0,,1,2021-05-15,1,0,1,2,10,60,1.0,1.0,1.0,1,0,26-100,0
5282,SSI,,2,0,,1,2021-05-15,1,0,1,2,10,10000,1.0,1.0,1.0,1,0,26-100,0
5283,SSI,,3,0,,1,2021-05-15,1,0,1,2,0,100,1.0,1.0,1.0,0,0,101-500,0
5287,SSI,,2,0,,1,2021-05-16,1,0,1,2,10,60,1.0,1.0,1.0,1,0,101-500,0
5289,SSI,,231,0,,1,2021-05-16,1,0,1,2,10,60,1.0,1.0,1.0,1,0,26-100,0
5290,SSI,,72,0,,1,2021-05-16,1,0,1,2,10,60,1.0,1.0,1.0,1,0,26-100,0
5292,Test Com,,72,0,,1,2021-05-17,1,0,1,2,999,60,1.0,1.0,1.0,1,0,26-100,0
5293,Test com,,2,0,,1,2021-05-17,1,0,1,2,999,60,1.0,1.0,1.0,1,0,101-500,0
5294,SSI,,72,0,,1,2021-05-21,1,0,1,2,10,60,1.0,1.0,1.0,1,0,26-100,0
5295,SSI,,2,0,,1,2021-05-24,1,0,1,2,999,60,1.0,1.0,1.0,1,0,101-500,0
5296,12345678,,231,0,,1,2021-05-25,1,0,1,2,0,60,1.0,1.0,1.0,1,0,1-25,0
5297,qwerty,,231,0,,1,2021-06-14,1,0,1,2,10,10000,1.0,1.0,1.0,1,0,1-25,0
5298,qwerty,,,0,,0,2021-06-14,1,0,1,1,0,100,1.0,1.0,1.0,0,0,1-25,0
5299,SSI,,2,0,,1,2021-06-14,1,0,1,2,1,100,1.0,1.0,1.0,1,0,26-100,0
5300,ssi,,73,1,,1,2021-06-14,1,0,1,2,10,10000,1.0,1.0,1.0,1,0,1-25,0
5301,ssi,,,0,,0,2021-06-14,1,0,1,1,0,100,1.0,1.0,1.0,0,0,1-25,0
5302,qwerty,,72,0,,1,2021-06-14,1,0,1,2,10,10000,1.0,1.0,1.0,1,0,1-25,0
5303,qwerty,,,0,,0,2021-06-14,1,0,1,1,0,100,1.0,1.0,1.0,0,0,1-25,0
5304,qwerty,,72,0,,1,2021-06-14,1,0,1,2,10,10000,1.0,1.0,1.0,1,0,1-25,0
5305,qwerty,,,0,,0,2021-06-14,1,0,1,1,0,100,1.0,1.0,1.0,0,0,1-25,0
5306,qwertyu,,2,0,,1,2021-06-14,1,0,1,2,10,10000,1.0,1.0,1.0,1,0,1-25,0
5307,qwertyu,,,0,,0,2021-06-14,1,0,1,1,0,100,1.0,1.0,1.0,0,0,1-25,0
5308,qwerty,,72,0,,1,2021-06-14,1,0,1,2,10,10000,1.0,1.0,1.0,1,0,1-25,0
5309,qwerty,,,0,,0,2021-06-14,1,0,1,1,0,100,1.0,1.0,1.0,0,0,1-25,0
5310,qwerty,,72,0,,1,2021-06-14,1,0,1,2,10,10000,1.0,1.0,1.0,1,0,1-25,0
5311,qwerty,,,0,,0,2021-06-14,1,0,1,1,0,100,1.0,1.0,1.0,0,0,1-25,0
5312,qwertyu,,72,0,,1,2021-06-14,1,0,1,2,10,10000,1.0,1.0,1.0,1,0,26-100,0
5313,qwertyu,,,0,,0,2021-06-14,1,0,1,1,0,100,1.0,1.0,1.0,0,0,26-100,0
5314,qwerty,,72,0,,1,2021-06-14,1,0,1,2,10,10000,1.0,1.0,1.0,1,0,1-25,0
5315,qwerty,,,0,,0,2021-06-14,1,0,1,1,0,100,1.0,1.0,1.0,0,0,1-25,0
5316,qwerty,,72,0,,1,2021-06-14,1,0,1,2,10,10000,1.0,1.0,1.0,1,0,1-25,0
5317,qwerty,,,0,,0,2021-06-14,1,0,1,1,0,100,1.0,1.0,1.0,0,0,1-25,0
5318,qwerty,,72,0,,1,2021-06-14,1,0,1,2,10,10000,1.0,1.0,1.0,1,0,1-25,0
5319,qwerty,,,0,,0,2021-06-14,1,0,1,1,0,100,1.0,1.0,1.0,0,0,1-25,0
5320,qwerty,,72,0,,1,2021-06-14,1,0,1,2,10,10000,1.0,1.0,1.0,1,0,1-25,0
5321,qwerty,,,0,,0,2021-06-14,1,0,1,1,0,100,1.0,1.0,1.0,0,0,1-25,0
5322,qqqqqqqqqqq,,231,0,,1,2021-06-14,1,0,1,2,10,10000,1.0,1.0,1.0,1,0,1-25,0
5323,qqqqqqqqqqq,,,0,,0,2021-06-14,1,0,1,1,0,100,1.0,1.0,1.0,0,0,1-25,0
5324,qwerty,,72,0,,1,2021-06-14,1,0,1,2,10,10000,1.0,1.0,1.0,1,0,1-25,0
5325,qwerty,,,0,,0,2021-06-14,1,0,1,1,0,100,1.0,1.0,1.0,0,0,1-25,0
5326,SSI,,2,0,,1,2021-06-17,1,0,1,2,10,100,1.0,1.0,1.0,1,0,500-1000,0
5327,SSI,,72,0,,1,2021-06-21,1,0,1,2,1,100,1.0,1.0,1.0,1,0,26-100,0
5328,Google Inc,,2,0,,1,2021-06-21,1,0,1,2,1,100,1.0,1.0,1.0,1,0,101-500,0
5329,BBD,,73,0,,1,2021-06-21,1,0,1,2,1,10000,1.0,1.0,1.0,1,0,26-100,0
5330,Test Compnay Pvt Ltd,,2,0,,1,2021-06-21,1,0,1,2,10,10000,1.0,1.0,1.0,1,0,101-500,0
5331,Pawan Intl,,231,0,,1,2021-06-22,1,0,1,2,1,10000,1.0,1.0,1.0,1,0,1-25,0
5332,Pawan Intl,,231,0,,1,2021-06-22,1,0,1,2,1,100,1.0,1.0,1.0,1,0,1-25,0
5333,Test Company,,2,0,,1,2021-06-23,1,0,1,2,1,10000,1.0,1.0,1.0,1,0,500-1000,0
5334,Test Company,,,0,,0,2021-06-23,1,0,1,1,0,100,1.0,1.0,1.0,0,0,500-1000,0
5335,Test International Company Pvt ok,,2,0,2,0,2021-06-23,1,1,1,1,21,100,1.0,1.0,1.0,0,0,500-1000,0
5337,Test Company,,73,0,,1,2021-06-23,1,0,1,2,10,10000,1.0,1.0,1.0,1,0,26-100,0
5338,Test Company,,,0,,0,2021-06-23,1,0,1,1,0,100,1.0,1.0,1.0,0,0,26-100,0
5339,Jobma,,74,0,,1,2021-06-23,1,0,1,2,1,100,1.0,1.0,1.0,1,0,101-500,0
5340,Test,,2,0,,1,2021-06-23,1,0,1,2,10,10000,1.0,1.0,1.0,1,0,500-1000,0
5341,Test,,231,0,,1,2021-06-23,1,1,1,2,1,100,1.0,1.0,1.0,1,0,500-1000,0
5342,Jobma,,2,0,,1,2021-06-23,1,0,1,2,1,10000,1.0,1.0,1.0,1,0,101-500,0
5343,Jobma,,73,0,,1,2021-06-23,1,0,1,2,1,100,1.0,1.0,1.0,1,0,500-1000,0
5344,Test,,72,0,,1,2021-06-23,1,1,1,2,2,100,1.0,1.0,1.0,1,0,500-1000,0
5345,Jobma,,2,0,,1,2021-06-23,1,0,1,2,1,100,1.0,1.0,1.0,1,0,26-100,0
5346,test,,72,0,,1,2021-06-23,1,0,1,2,1,100,1.0,1.0,1.0,1,0,26-100,0
5347,Jobma,,,0,,0,2021-06-23,1,0,1,1,0,100,1.0,1.0,1.0,0,0,101-500,0
5348,test,,,0,,0,2021-06-23,1,0,1,1,0,100,1.0,1.0,1.0,0,0,26-100,0
5349,Jobma,,,0,,0,2021-06-23,1,0,1,1,0,100,1.0,1.0,1.0,0,0,26-100,0
5350,Test Pvt Ltd,,72,0,,1,2021-06-23,1,0,1,2,1,100,1.0,1.0,1.0,1,0,101-500,0
5351,Test,,,0,,0,2021-06-23,1,0,1,1,0,100,1.0,1.0,1.0,0,0,500-1000,0
5352,ssi,,72,0,,1,2021-06-23,1,0,1,2,1,10000,1.0,1.0,1.0,1,0,101-500,0
5353,ssi,,,0,,0,2021-06-23,1,0,1,1,0,100,1.0,1.0,1.0,0,0,101-500,0
5354,Select Source International,,72,0,,1,2021-06-23,1,0,1,2,1,100,1.0,1.0,1.0,1,0,26-100,0
5355,Test,,3,0,,1,2021-06-24,1,0,1,2,0,100,1.0,1.0,1.0,0,0,26-100,0
5356,Jobma,,73,0,,1,2021-06-28,1,0,1,2,10,10000,1.0,1.0,1.0,1,0,101-500,0
5357,Jobma,,,0,,0,2021-06-28,1,0,1,1,0,100,1.0,1.0,1.0,0,0,101-500,0
5358,TSV,,3,0,,1,2021-06-28,1,0,1,2,10,100,1.0,1.0,1.0,0,0,26-100,0
5359,TSV,,,0,,0,2021-06-28,1,0,1,1,0,100,1.0,1.0,1.0,0,0,26-100,0
5360,TSV,,3,0,,1,2021-06-28,1,0,1,2,10,10000,1.0,1.0,1.0,1,0,26-100,0
5361,Pawan Intl,,1,0,,1,2021-06-28,1,0,1,2,1,100,1.0,1.0,1.0,0,0,26-100,0
5362,Pawan Intl,,1,0,,1,2021-06-28,1,0,1,2,1,100,1.0,1.0,1.0,0,0,26-100,0
5363,TSV,,2,0,,1,2021-06-28,1,0,1,2,10,100,1.0,1.0,1.0,0,0,1-25,0
5364,Jobma,,,0,1,0,2021-06-28,1,0,1,1,0,100,1.0,1.0,1.0,0,0,500-1000,0
5365,Jobma,,,0,1,0,2021-06-28,1,0,1,1,0,100,1.0,1.0,1.0,0,0,500-1000,0
5366,TSV,,,0,,0,2021-06-29,1,0,1,1,0,100,1.0,1.0,1.0,0,0,26-100,0
5367,TSV,,,0,,0,2021-06-29,1,0,1,1,0,100,1.0,1.0,1.0,0,0,26-100,0
5368,ssi,,72,0,,0,2021-06-29,1,0,1,2,1,100,1.0,1.0,1.0,1,0,500-1000,0
5369,TSVM,,2,0,,1,2021-06-29,1,1,1,2,999,100,1.0,1.0,1.0,0,0,1-25,0
5370,TSVM,,,0,,0,2021-06-29,1,0,1,1,0,100,1.0,1.0,1.0,0,0,1-25,0
5371,ssi,,73,0,,1,2021-06-29,1,0,1,2,10,100,1.0,1.0,1.0,1,0,101-500,0
5372,TSVM,,,0,,0,2021-06-29,1,0,1,1,0,100,1.0,1.0,1.0,0,0,1-25,0
5373,TSVM,,,0,,0,2021-06-29,1,0,1,1,0,100,1.0,1.0,1.0,0,0,1-25,0
5374,Test Co Pvt Ltd,,2,0,,1,2021-06-29,1,0,1,2,10,100,1.0,1.0,1.0,0,0,500-1000,0
5375,ssi,,74,0,,1,2021-06-29,1,0,1,2,1,100,1.0,1.0,1.0,1,0,500-1000,0
5376,Jobma,,2,0,,1,2021-06-29,1,0,1,2,10,10000,1.0,1.0,1.0,1,0,26-100,0
5377,Jobma,,2,0,,1,2021-06-29,1,0,1,2,10,100,1.0,1.0,1.0,1,0,101-500,0
5378,ssi,,72,0,,1,2021-06-30,1,0,1,2,1,10000,1.0,2.0,1.0,0,0,101-500,0
5379,ssi,,,0,,0,2021-06-30,1,0,1,1,0,100,1.0,1.0,1.0,0,0,101-500,0
5380,Jobma,,73,0,,1,2021-06-30,1,0,1,2,1,10000,1.0,2.0,1.0,0,0,101-500,0
5381,Jobma,,73,0,,1,2021-06-30,1,0,1,2,1,100,1.0,1.0,1.0,1,0,101-500,0
5382,ssi,,73,0,,0,2021-07-01,1,1,1,2,1,10000,1.0,1.0,1.0,1,0,500-1000,0
5383,Test,,,0,,0,2021-07-01,1,0,1,1,0,100,1.0,1.0,1.0,0,0,500-1000,0
5384,Test,,,0,,0,2021-07-01,1,0,1,1,0,100,1.0,1.0,1.0,0,0,500-1000,0
5385,ssi,,72,0,,1,2021-07-01,1,0,1,2,1,100,1.0,1.0,1.0,1,0,500-1000,0
5386,Test Company,,72,0,,1,2021-07-01,1,1,1,2,1,100,1.0,1.0,1.0,1,0,101-500,0
5387,Test Company,,,0,,0,2021-07-01,1,0,1,1,0,100,1.0,1.0,1.0,0,0,101-500,0
5388,Test Company,,,0,,0,2021-07-01,1,0,1,1,0,100,1.0,1.0,1.0,0,0,101-500,0
5389,Test,,231,0,,1,2021-07-01,1,0,1,2,1,100,1.0,1.0,1.0,1,0,1-25,0
5390,Test,,,0,,0,2021-07-01,1,0,1,1,0,100,1.0,1.0,1.0,0,0,1-25,0
5391,ssi,,72,0,,1,2021-07-01,1,0,1,2,10,10000,1.0,1.0,1.0,1,0,1-25,0
5392,ssi,,,0,,0,2021-07-01,1,0,1,1,0,100,1.0,1.0,1.0,0,0,1-25,0
5393,Pawan Intl,,231,0,,1,2021-07-02,1,0,1,2,1,100,1.0,1.0,1.0,1,0,1-25,0
5394,test,,72,0,,1,2021-07-05,1,0,1,2,999,100,1.0,1.0,1.0,1,0,500-1000,0
5395,Pawan Intl,,231,0,,1,2021-07-05,1,1,1,2,2,10000,1.0,1.0,1.0,1,0,1-25,0
5396,Jobma,,,0,,0,2021-07-06,1,0,1,1,0,100,1.0,1.0,1.0,0,0,101-500,0
5397,ssi,,2,0,,1,2021-07-06,1,0,1,2,10,10000,1.0,1.0,1.0,1,0,101-500,0
5398,ssi,,,0,,0,2021-07-06,1,0,1,1,0,100,1.0,1.0,1.0,0,0,101-500,0
5399,test,,,0,,0,2021-07-06,1,0,1,1,0,100,1.0,1.0,1.0,0,0,500-1000,0
5400,ssi,,,0,,0,2021-07-06,1,0,1,1,0,100,1.0,1.0,1.0,0,0,500-1000,0
5401,ets,,231,0,,1,2021-07-06,1,0,1,2,999,100,1.0,1.0,1.0,1,0,1-25,0
5402,test,,,0,,0,2021-07-06,1,0,1,1,0,100,1.0,1.0,1.0,0,0,500-1000,0
5403,ssi,,2,0,,1,2021-07-07,1,1,1,2,2,10000,1.0,1.0,1.0,1,0,101-500,0
5404,ssi,,"2,73",0,,1,2021-07-07,1,1,1,2,2,10000,1.0,1.0,1.0,1,0,26-100,0
5405,TSTR,,3,0,,1,2021-07-07,1,0,1,2,1,100,1.0,1.0,1.0,0,0,101-500,0
5406,Jobma,,36,0,,1,2021-07-07,1,0,1,2,999,100,1.0,1.0,1.0,0,0,26-100,0
5407,ssi,,2,0,,1,2021-07-07,1,0,1,2,10,10000,1.0,1.0,1.0,1,0,101-500,0
5408,TSVM,,3,0,,1,2021-07-07,1,0,1,2,10,100,1.0,1.0,1.0,0,0,26-100,0
5409,ssi,,2,0,,1,2021-07-07,1,0,1,2,10,10000,1.0,1.0,1.0,1,0,101-500,0
5410,ssi,,74,0,,1,2021-07-07,1,1,1,2,11,10000,1.0,1.0,1.0,1,0,26-100,0
5411,ssi,,73,0,,1,2021-07-07,1,1,1,2,5,10000,1.0,1.0,1.0,1,0,26-100,0
5413,SSI,,2,0,,1,2021-07-07,1,1,1,2,4,10000,1.0,1.0,1.0,1,0,26-100,0
5414,TSVM,,3,0,,1,2021-07-07,1,0,1,2,10,100,1.0,1.0,1.0,0,0,1-25,0
5415,SSI,,,0,,0,2021-07-07,1,0,1,1,0,100,1.0,1.0,1.0,0,0,26-100,0
5416,SSI,,2,0,,1,2021-07-07,1,0,1,2,10,10000,1.0,1.0,1.0,0,0,101-500,0
5417,sspg test,,1,0,,1,2021-07-07,1,1,1,2,10,100,1.0,1.0,1.0,0,0,26-100,0
5418,ssi,,72,0,,1,2021-07-07,1,0,1,2,10,100,1.0,1.0,1.0,1,0,500-1000,0
5419,ssi,,72,0,,1,2021-07-07,1,0,1,2,10,100,1.0,1.0,1.0,1,0,500-1000,0
5420,ssi,,72,0,,1,2021-07-08,1,0,1,2,0,100,1.0,1.0,1.0,1,0,101-500,0
5421,Jobma,,72,0,,1,2021-07-08,1,1,1,2,1,100,1.0,1.0,1.0,1,0,1-25,0
5422,Jobma,,,0,,0,2021-07-08,1,0,1,1,0,100,1.0,1.0,1.0,0,0,1-25,0
5423,Jobma,,2,0,,1,2021-07-08,1,0,1,2,1,10000,1.0,1.0,1.0,1,0,26-100,0
5424,Jobma,,2,0,,1,2021-07-08,1,1,1,2,3,10000,1.0,1.0,1.0,1,0,26-100,0
5425,SSi,,72,0,,1,2021-07-08,1,0,1,2,10,10000,1.0,1.0,1.0,1,0,101-500,0
5426,JOBMA,,72,0,,1,2021-07-08,1,0,1,2,10,100,1.0,1.0,1.0,1,0,26-100,0
5427,Jobma,,,0,,0,2021-07-08,1,0,1,1,0,100,1.0,1.0,1.0,0,0,26-100,0
5428,Test Company,,72,0,,1,2021-07-09,1,0,1,2,1,10000,1.0,1.0,1.0,0,0,101-500,0
5429,ssi,,72,0,,1,2021-07-09,1,1,1,2,5,10000,1.0,1.0,1.0,1,0,101-500,0
5430,SSI,,2,0,,1,2021-07-09,1,0,1,2,10,10000,1.0,1.0,1.0,0,0,101-500,0
5431,goibibo,,3,0,,1,2021-07-09,1,0,1,2,999,10000,1.0,1.0,1.0,1,0,26-100,0
5432,ssi,,72,0,,1,2021-07-09,1,0,1,2,1,10000,1.0,1.0,1.0,1,0,500-1000,0
5433,ssi,,,0,,0,2021-07-09,1,0,1,1,0,100,1.0,1.0,1.0,0,0,101-500,0
5434,Test Company,,,0,,0,2021-07-09,1,0,1,1,0,100,1.0,1.0,1.0,0,0,101-500,0
5435,Test,,72,0,,1,2021-07-09,1,0,1,2,1,100,1.0,1.0,1.0,0,0,101-500,0
5436,Compay,,231,1,,1,2021-07-09,1,0,1,2,1,100,1.0,1.0,1.0,0,0,1-25,0
5437,Google Inc,,72,0,,1,2021-07-09,1,0,1,2,1,100,1.0,1.0,1.0,1,0,101-500,0
5438,JOBMA,,72,0,,1,2021-07-12,1,0,1,2,10,10000,1.0,1.0,1.0,1,0,26-100,0
5440,SSI,,,0,,0,2021-07-12,1,0,1,1,0,100,1.0,1.0,1.0,0,0,101-500,0
5441,JOBMA,,2,0,,1,2021-07-12,1,0,1,2,1,10000,1.0,1.0,1.0,1,0,26-100,0
5442,JOBMA,,,0,,0,2021-07-12,1,0,1,1,0,100,1.0,1.0,1.0,0,0,26-100,0
5443,SSI,,,0,,0,2021-07-12,1,0,1,1,0,100,1.0,1.0,1.0,0,0,101-500,0
5444,SSI,,,0,,0,2021-07-12,1,0,1,1,0,100,1.0,1.0,1.0,0,0,101-500,0
5445,SSI,,,0,,0,2021-07-12,1,0,1,1,0,100,1.0,1.0,1.0,0,0,101-500,0
5448,sspg test,,,0,,0,2021-07-12,1,0,1,1,0,100,1.0,1.0,1.0,0,0,26-100,0
5449,ssi,,4,0,,1,2021-07-12,1,0,1,2,1,10000,1.0,30.0,1.0,1,0,500-1000,0
5452,ssi,,,0,,0,2021-07-12,1,0,1,1,0,100,1.0,1.0,1.0,0,0,500-1000,0
5453,ssi,,73,1,,1,2021-07-12,1,0,1,2,1,100,1.0,1.0,1.0,0,0,1-25,0
5454,ssi,,73,8,,1,2021-07-12,1,0,1,2,1,10000,1.0,1.0,1.0,1,0,1-25,0
5457,ssi,,74,1,,1,2021-07-12,1,0,1,2,1,10000,1.0,1.0,1.0,1,0,1-25,0
5458,ssi,,74,1,,1,2021-07-12,1,0,1,2,0,100,1.0,1.0,1.0,0,0,1-25,0
5459,SSI,,,0,,0,2021-07-12,1,0,1,1,0,100,1.0,1.0,1.0,0,0,101-500,0
5460,SSI,,,0,,0,2021-07-12,1,0,1,1,0,100,1.0,1.0,1.0,0,0,101-500,0
5461,aai,,123,0,,1,2021-07-12,1,0,1,2,1,100,1.0,1.0,1.0,1,0,26-100,0
5462,JOBMA,,2,0,,1,2021-07-13,1,0,1,2,999,10000,1.0,1.0,1.0,1,0,26-100,0
5463,goibibo,,72,0,,1,2021-07-13,1,0,1,2,1,10000,10.0,10.0,1.0,1,0,26-100,0
5464,SSI,,3,0,,1,2021-07-13,1,0,1,2,999,10000,1.0,1.0,1.0,1,0,101-500,0
5465,ssi,,72,0,,1,2021-07-13,1,0,0,2,10,100,1.0,1.0,1.0,1,0,26-100,0
5466,ssi,,2,0,,1,2021-07-13,1,0,0,2,1,10000,1.0,1.0,1.0,1,0,1-25,0
5467,SSI,,,0,,0,2021-07-13,1,0,1,1,0,100,1.0,1.0,1.0,0,0,101-500,0
5469,SSI,,,0,,0,2021-07-13,1,0,1,1,0,100,1.0,1.0,1.0,0,0,101-500,0
5470,JOBMA,,72,0,,1,2021-07-13,1,1,1,2,999,10000,1.0,1.0,1.0,1,0,26-100,0
5471,SSI,,,0,,0,2021-07-13,1,0,1,1,0,100,1.0,1.0,1.0,0,0,101-500,0
5473,SSI,,72,0,,1,2021-07-13,1,0,1,2,10,100,1.0,1.0,1.0,1,0,500-1000,0
5474,Pawan Intl,,231,0,,1,2021-07-13,1,0,1,2,1,10000,3.0,3.0,1.0,1,0,1-25,0
5475,ssi,,72,0,,1,2021-07-13,1,0,1,2,1,10000,1.0,1.0,1.0,1,0,1-25,0
5476,Pawan Intl,,231,0,,1,2021-07-14,1,0,1,2,1,10000,1.0,1.0,1.0,1,0,1-25,0
5477,SSI,,3,0,,1,2021-07-14,1,0,1,2,1,10000,1.0,1.0,1.0,1,0,101-500,0
5478,SSI,,2,0,,1,2021-07-14,1,0,1,2,999,100,1.0,1.0,1.0,0,0,101-500,0
5479,JOBMA,,72,0,,1,2021-07-14,1,0,1,2,1,10000,0.0,0.0,1.0,1,0,26-100,0
5480,JOBMA,,72,0,,1,2021-07-14,1,0,1,2,1,10000,0.0,0.0,1.0,1,0,26-100,0
5481,ssi,,,0,,0,2021-07-14,1,0,1,1,0,100,1.0,1.0,1.0,0,0,101-500,0
5482,ssi,,74,1,,1,2021-07-14,1,0,1,2,1,10000,1.0,1.0,1.0,1,0,1-25,0
5483,SSI,,73,1,,1,2021-07-14,1,0,1,2,0,100,1.0,1.0,1.0,0,0,1-25,0
5484,Jobma,,,0,,0,2021-07-14,1,0,1,1,0,100,1.0,1.0,1.0,0,0,26-100,0
5485,Jobma,,2,0,,1,2021-07-14,1,0,1,2,1,10000,0.0,0.0,1.0,1,0,26-100,0
5486,ssi,,72,0,,1,2021-07-14,1,0,1,2,0,100,1.0,1.0,1.0,0,0,101-500,0
5487,ssi,,72,0,,1,2021-07-14,1,0,1,2,1,100,1.0,1.0,1.0,0,0,1-25,0
5488,Jobma,,72,0,,1,2021-07-15,1,0,1,2,0,100,1.0,1.0,1.0,1,0,101-500,0
5489,SSI,,2,0,,1,2021-07-15,1,0,1,2,10,100,1.0,1.0,1.0,0,0,500-1000,0
5490,SCI,,2,0,,1,2021-07-15,1,0,1,2,10,10000,0.0,0.0,1.0,1,0,26-100,0
5491,ssi,,72,0,,1,2021-07-15,1,0,1,2,0,100,1.0,1.0,1.0,1,0,101-500,0
5492,SSI,,73,0,,1,2021-07-15,1,1,1,2,6,10000,1.0,1.0,1.0,1,0,101-500,0
5493,ssi,,"72,2,73",0,,1,2021-07-15,1,0,1,2,10,100,1.0,1.0,1.0,1,0,26-100,0
5494,ssi,,72,0,,1,2021-07-15,1,0,1,2,10,100,1.0,1.0,1.0,1,0,26-100,0
5495,Jobma,,2,0,,1,2021-07-15,1,0,1,2,10,100,1.0,1.0,1.0,1,0,500-1000,0
5496,ssi,,73,1,,1,2021-07-15,1,0,1,2,10,100,1.0,1.0,1.0,0,0,1-25,0
5497,TESTING,,72,0,,1,2021-07-15,1,0,1,2,1,10000,1.0,1.0,1.0,1,0,26-100,0
5498,ssi,,72,0,,1,2021-07-16,1,0,1,2,1,10000,1.0,1.0,1.0,1,0,26-100,0
5499,SSI,,73,0,,1,2021-07-16,1,0,1,2,10,10000,1.0,1.0,1.0,1,0,26-100,0
5500,ssi,,,0,,0,2021-07-16,1,0,1,1,0,100,1.0,1.0,1.0,0,0,26-100,0
5501,SSI,,73,0,,1,2021-07-16,1,1,1,2,140000,10000,1.0,1.0,1.0,1,0,26-100,0
5502,goibibo,,2,0,,1,2021-07-16,1,1,1,2,999,10000,1.0,1.0,1.0,1,0,500-1000,0
5503,SSI,,73,0,,1,2021-07-16,1,1,1,1,10,100,1.0,1.0,1.0,1,0,26-100,0
5504,SSI,,72,0,,1,2021-07-16,1,0,1,2,10,10000,1.0,1.0,1.0,1,0,500-1000,0
5505,ssi,,231,0,,1,2021-07-16,1,1,1,2,0,10000,1.0,1.0,1.0,1,0,26-100,0
5506,JOBMA,,2,0,,1,2021-07-16,1,0,1,2,1,10000,1.0,1.0,1.0,1,0,26-100,0
5507,SSI,,2,0,,1,2021-07-16,1,0,1,2,1,10000,1.0,1.0,1.0,1,0,26-100,0
5508,JOBMA,,2,0,,1,2021-07-16,1,0,1,2,1,100,1.0,1.0,1.0,1,0,26-100,0
5509,ssi,,72,0,,1,2021-07-19,1,0,1,2,0,100,1.0,1.0,1.0,1,0,1-25,0
5510,ssi,,2,0,,1,2021-07-19,1,1,1,2,10,100,1.0,1.0,1.0,1,0,26-100,0
5511,NLP,,2,0,,1,2021-07-19,1,1,1,2,14,100,1.0,1.0,1.0,0,0,26-100,0
5512,ssi,,72,0,,0,2021-07-19,1,0,1,2,999,10000,1.0,1.0,1.0,1,0,101-500,0
5513,VCL,,2,0,,1,2021-07-19,1,1,1,2,15,10000,1.0,1.0,1.0,1,0,101-500,0
5514,VDI,,73,0,,1,2021-07-19,1,1,1,2,999,10000,1.0,1.0,1.0,1,0,101-500,0
5515,ssi,,72,0,,1,2021-07-19,1,1,1,2,4,10000,1.0,1.0,1.0,1,0,1-25,0
5516,VCL,,,0,,0,2021-07-19,1,0,1,1,0,100,1.0,1.0,1.0,0,0,101-500,0
5517,JOBMA,,72,0,,1,2021-07-19,1,0,1,2,10,10000,1.0,1.0,1.0,1,0,26-100,0
5518,Test Com,,72,0,,1,2021-07-19,1,0,1,2,1,10000,1.0,1.0,1.0,1,0,500-1000,0
5519,JOBMA,,72,0,,1,2021-07-19,1,0,1,2,10,100,1.0,1.0,1.0,1,0,26-100,0
5520,JOBMA,,2,0,,1,2021-07-19,1,0,1,2,10,10000,1.0,1.0,1.0,1,0,26-100,0
5521,JOBMA,,72,0,,1,2021-07-19,1,0,1,2,10,10000,1.0,1.0,1.0,1,0,26-100,0
5522,JOBMA,,2,0,,1,2021-07-19,1,1,1,2,2,10000,1.0,1.0,1.0,1,0,26-100,0
5523,JOBMA,,72,0,,1,2021-07-19,1,0,1,2,10,10000,1.0,1.0,1.0,1,0,26-100,0
5524,ssi,,72,0,,1,2021-07-19,1,1,1,2,15,10000,1.0,1.0,1.0,1,0,26-100,0
5525,ssi,,,0,,0,2021-07-19,1,0,1,1,0,100,1.0,1.0,1.0,0,0,26-100,0
5526,ssi,,2,0,2,1,2021-07-20,1,1,1,2,999,10000,1.0,1.0,1.0,1,0,26-100,0
5527,ssi,,2,0,,1,2021-07-20,1,0,1,2,1,10000,1.0,1.0,1.0,1,0,101-500,0
5528,ssi,,73,0,,0,2021-07-20,1,0,1,2,10,10000,1.0,1.0,1.0,1,0,26-100,0
5529,SSI,,2,0,,1,2021-07-21,1,0,1,2,10,10000,1.0,1.0,1.0,1,0,26-100,0
5530,SSI,,2,0,,1,2021-07-21,1,0,1,2,10,10000,1.0,1.0,1.0,1,0,1-25,0
5531,Test,,72,0,,1,2021-07-21,1,0,1,2,1,10000,1.0,1.0,1.0,1,0,101-500,0
5532,ssi,,,0,2,0,2021-07-21,1,0,1,1,0,100,1.0,1.0,1.0,0,0,26-100,0
5533,SSI,,72,0,,1,2021-07-21,1,1,1,2,4,10000,1.0,1.0,1.0,1,0,26-100,0
5534,Test Company,,2,0,,1,2021-07-21,1,0,1,2,1,10000,1.0,1.0,1.0,1,0,101-500,0
5535,ssi,,72,0,,1,2021-07-21,1,0,1,2,1,10000,1.0,1.0,1.0,1,0,1-25,0
5536,Test Company,,,0,,0,2021-07-21,1,0,1,1,0,100,1.0,1.0,1.0,0,0,101-500,0
5537,Pawan Intl,,231,0,,1,2021-07-21,1,0,1,2,1,100,1.0,1.0,1.0,1,0,1-25,0
5538,ssi,,72,0,,1,2021-07-22,1,0,1,2,10,10000,1.0,1.0,1.0,1,0,26-100,0
5539,ssi,,,0,,0,2021-07-22,1,0,1,1,0,100,1.0,1.0,1.0,0,0,26-100,0
5540,ssi,,72,0,,1,2021-07-22,1,0,1,2,1,100,1.0,1.0,1.0,1,0,26-100,0
5541,asdas,,2,0,,1,2021-07-22,1,0,1,2,1,100,1.0,1.0,1.0,1,0,101-500,0
5542,ssi,,4,0,,1,2021-07-22,1,0,1,2,1,100,1.0,1.0,1.0,0,0,101-500,0
5543,dfas,,72,0,,1,2021-07-22,1,0,1,2,1,100,1.0,1.0,1.0,1,0,101-500,0
5544,SSI,,72,0,,1,2021-07-22,1,0,1,2,1,10000,1.0,1.0,1.0,1,0,101-500,0
5545,ssi,,2,0,,1,2021-07-22,1,0,1,2,10,100,1.0,1.0,1.0,1,0,26-100,0
5546,Test Company,,2,0,,1,2021-07-22,1,1,1,2,2,10000,1.0,1.0,1.0,1,0,500-1000,0
5547,ssi,,2,0,,1,2021-07-22,1,0,1,2,1,100,1.0,1.0,1.0,1,0,26-100,0
5548,ssi,,2,0,,1,2021-07-22,1,0,1,2,1,100,1.0,1.0,1.0,1,0,26-100,0
5549,SSI,,72,0,,1,2021-07-22,1,0,1,2,1,10000,1.0,1.0,1.0,1,0,1-25,0
5550,Test Company,,72,0,,1,2021-07-22,1,0,1,1,10,100,1.0,1.0,1.0,1,0,101-500,0
5551,JOBMA,,72,0,,1,2021-07-22,1,0,1,2,1,100,1.0,1.0,1.0,1,0,26-100,0
5552,Test Company,,2,0,,1,2021-07-22,1,0,1,2,1,100,1.0,1.0,1.0,1,0,500-1000,0
5553,ssi,,72,0,,1,2021-07-22,1,0,1,2,1,100,1.0,1.0,1.0,1,0,101-500,0
5554,ssi,,2,0,,1,2021-07-22,1,0,1,2,1,100,1.0,1.0,1.0,1,0,26-100,0
5555,ssi,,73,0,,1,2021-07-22,1,0,1,2,1,100,1.0,1.0,1.0,1,0,1-25,0
5556,JOBMA,,72,0,,1,2021-07-23,1,0,1,2,10,100,1.0,1.0,1.0,1,0,26-100,0
5557,JOBMA,,72,0,,1,2021-07-23,1,0,1,2,1,100,1.0,1.0,1.0,1,0,26-100,0
5558,SSI,,2,0,,1,2021-07-23,1,0,1,2,1,10000,1.0,1.0,1.0,1,0,101-500,0
5559,tre,,72,0,,1,2021-07-23,1,0,1,2,1,100,1.0,1.0,1.0,1,0,26-100,0
5560,OPq,,72,0,,1,2021-07-23,1,0,1,2,1,100,1.0,1.0,1.0,1,0,1-25,0
5561,TYU,,83,0,,1,2021-07-23,1,0,1,2,1,100,1.0,1.0,1.0,1,0,1-25,0
5562,PRE,,80,0,,1,2021-07-23,1,0,1,2,1,100,1.0,1.0,1.0,1,0,1-25,0
5563,JOBMA,,2,0,,1,2021-07-23,1,0,1,2,1,100,1.0,1.0,1.0,1,0,26-100,0
5564,Jobma New Data12,,73,0,2,0,2021-07-26,1,1,1,2,1,100,1.0,1.0,1.0,1,0,500-1000,0
5565,Jobma,,2,0,,1,2021-07-26,1,0,1,2,10,100,1.0,1.0,1.0,1,0,26-100,0
5566,Jobma,,3,0,,1,2021-07-26,1,0,1,2,1,100,1.0,1.0,1.0,0,0,101-500,0
5567,ssi,,7,0,,1,2021-07-26,1,0,1,2,1,100,1.0,1.0,1.0,0,0,101-500,0
5568,Test Company,,72,0,,1,2021-07-26,1,0,1,2,1,10000,0.0,0.0,1.0,1,0,26-100,0
5569,Test Company,,2,0,,1,2021-07-26,1,1,1,2,10,10000,1.0,1.0,1.0,1,0,500-1000,0
5570,Test Company,,72,0,,1,2021-07-26,1,0,1,2,1,10000,0.0,0.0,1.0,1,0,26-100,0
5571,JOBMA,,2,0,,1,2021-07-26,1,0,1,2,999,100,1.0,1.0,1.0,0,0,26-100,0
5572,Test Company,,72,0,,0,2021-07-26,1,0,1,2,1,10000,0.0,0.0,1.0,1,0,101-500,0
5573,JOBMA,,,0,,0,2021-07-26,1,0,1,1,0,100,1.0,1.0,1.0,0,0,26-100,0
5574,Test Company,,,0,,0,2021-07-26,1,0,1,1,0,100,1.0,1.0,1.0,0,0,500-1000,0
5575,ssi,,72,0,,-1,2021-07-27,1,1,1,2,999,60,11.0,11.0,1.0,1,0,1-25,0
5576,ssi,,,0,,-1,2021-07-27,1,0,1,1,0,100,1.0,1.0,1.0,0,0,1-25,0
5577,ssi,,,0,,-1,2021-07-27,1,0,1,1,0,100,1.0,1.0,1.0,0,0,1-25,0
5578,Test Com,,2,0,,1,2021-07-27,1,0,1,2,999,100,1.0,1.0,1.0,0,0,More than 1000,0
5579,SSI,,2,0,,1,2021-07-27,1,0,1,2,10,10000,1.0,1.0,1.0,1,0,26-100,0
5580,Test Company,,2,0,,1,2021-07-27,1,0,1,2,1,10000,1.0,1.0,1.0,1,0,26-100,0
5581,JOBMA,,2,0,1,1,2021-07-29,1,1,1,2,15,10000,1.0,1.0,1.0,1,0,26-100,0
5582,JOBMA,,,0,1,0,2021-07-29,1,0,1,1,0,100,1.0,1.0,1.0,0,0,26-100,0
5583,Test Company,,231,0,,1,2021-07-29,1,0,1,2,1,"[""10000"",""100""]",0.0,0.0,1.0,1,0,101-500,0
5584,Test,,73,0,,1,2021-07-29,1,0,1,2,1,"[""10000"",""100""]",0.0,0.0,1.0,1,0,1-25,0
5585,NBG,,2,0,,1,2021-07-29,1,0,1,2,10,100,0.0,0.0,1.0,1,0,1-25,0
5586,JOBMA,,,0,1,0,2021-07-30,1,0,1,1,0,100,1.0,1.0,1.0,0,0,26-100,0
5587,ssi,,2,0,,1,2021-07-30,1,0,1,2,1,100,1.0,1.0,1.0,1,0,26-100,0
5588,ssi,,,0,,0,2021-07-30,1,0,1,1,0,100,1.0,1.0,1.0,0,0,26-100,0
5589,Pawan Intl,,231,0,,1,2021-07-30,1,0,1,2,1,10000,1.0,1.0,1.0,1,0,1-25,0
5590,ssi,,2,0,,1,2021-07-30,1,0,1,2,1,10000,1.0,1.0,1.0,1,0,101-500,0
5591,ssi,,73,0,,1,2021-08-02,1,0,1,2,10,10000,1.0,1.0,1.0,1,0,26-100,0
5592,fsf,,72,0,,1,2021-08-02,1,0,1,2,10,10000,1.0,1.0,1.0,1,0,1-25,0
5593,Jobma,,73,0,,1,2021-08-02,1,0,1,2,1,10000,1.0,1.0,1.0,1,0,26-100,0
5594,JOBMA,,72,0,,1,2021-08-02,1,0,1,2,1,10000,1.0,1.0,1.0,1,0,26-100,0
5595,Test Company,,,0,,0,2021-08-02,1,0,1,1,0,100,1.0,1.0,1.0,0,0,101-500,0
5596,Test Company,,72,0,,1,2021-08-02,1,0,1,2,10,10000,0.0,0.0,1.0,1,0,26-100,0
5597,Test Company,,2,0,,1,2021-08-02,1,0,1,2,1,10000,0.0,0.0,1.0,1,0,500-1000,0
5598,Test Company,,72,0,,1,2021-08-02,1,0,1,2,1,10000,1.0,1.0,1.0,1,0,101-500,0
5599,Test Co Pvt Ltd,,2,0,,1,2021-08-02,1,0,1,2,10,10000,0.0,0.0,1.0,1,0,500-1000,0
5600,ssi,,3,0,,1,2021-08-03,1,0,1,2,999,10000,1.0,1.0,1.0,1,0,More than 1000,0
5605,ssi,,2,0,,1,2021-08-03,1,0,1,2,1,10000,0.0,0.0,1.0,1,0,101-500,0
5606,ssi,,74,5,,1,2021-08-03,1,0,1,2,1,100,1.0,1.0,1.0,0,0,1-25,0
5608,Test Co Pvt Ltd,,"3,4",0,,1,2021-08-03,1,0,1,2,10,100,1.0,1.0,1.0,0,0,101-500,0
5610,ssi,,74,3,,0,2021-08-03,1,1,1,2,1,10000,1.0,1.0,1.0,1,0,1-25,0
5612,ssi,,4,0,,1,2021-08-04,1,0,1,2,1,10000,1.0,1.0,1.0,1,0,26-100,0
5613,Jobma,,74,0,,1,2021-08-04,1,1,1,2,13,10000,1.0,1.0,1.0,1,0,26-100,0
5614,ssi,,72,0,,0,2021-08-04,1,1,1,2,2,10000,0.0,0.0,1.0,1,0,101-500,0
5615,ssi,,74,1,,0,2021-08-04,1,0,1,2,1,100,1.0,1.0,1.0,1,0,1-25,0
5616,ssi,,3,0,,1,2021-08-04,1,0,1,2,1,10000,1.0,1.0,1.0,1,0,More than 1000,0
5617,Jobma,,2,0,,1,2021-08-04,1,0,1,2,1,10000,0.0,0.0,1.0,1,0,500-1000,0
5619,Test International Company Pvt ok,,,0,2,0,2021-08-05,1,0,1,1,0,100,1.0,1.0,1.0,0,0,500-1000,0
5620,ssi,,3,0,,1,2021-08-05,1,0,1,2,1,10000,1.0,1.0,1.0,1,0,101-500,0
5621,ssi,,7,0,,1,2021-08-05,1,0,1,2,1,10000,1.0,1.0,1.0,1,0,101-500,0
5622,ssi,,73,1,,0,2021-08-05,1,0,1,2,1,100,1.0,1.0,1.0,0,0,1-25,0
5623,ssi,,74,1,,1,2021-08-05,1,0,1,2,1,100,1.0,1.0,1.0,0,0,1-25,0
5624,efsdfsdf,,73,1,,1,2021-08-05,1,0,1,2,1,100,1.0,1.0,1.0,0,0,1-25,0
5625,ssi,,73,1,,1,2021-08-05,1,0,1,2,1,100,1.0,1.0,1.0,0,0,1-25,0
5626,Jobma,,72,0,,0,2021-08-05,1,0,1,2,1,10000,0.0,0.0,1.0,1,0,101-500,0
5627,Jobma,,72,0,,1,2021-08-05,1,0,1,2,1,10000,1.0,1.0,1.0,1,0,26-100,0
5628,Jobma,,73,0,,1,2021-08-05,1,0,1,2,1,10000,0.0,0.0,1.0,1,0,26-100,0
5629,Test Co Pvt Ltd,,2,0,,1,2021-08-05,1,0,1,2,1,10000,0.0,0.0,1.0,1,0,101-500,0
5630,JOBMA,,72,0,,1,2021-08-06,1,0,1,2,10,10000,1.0,1.0,1.0,1,0,26-100,0
5631,ssi,,73,1,,0,2021-08-06,1,0,1,2,999,10000,1.0,1.0,1.0,1,0,More than 1000,0
5632,Test Company,,72,0,,1,2021-08-09,1,0,1,2,10,10000,1.0,1.0,1.0,1,0,101-500,0
5633,ssi,,2,0,,0,2021-08-09,1,0,1,2,1,100,1.0,1.0,1.0,1,0,1-25,0
5634,JOBMA,,231,0,,1,2021-08-09,1,0,1,2,10,100,1.0,1.0,1.0,1,0,26-100,0
5635,JOBMA,,2,0,,1,2021-08-09,1,0,1,2,1,100,1.0,1.0,1.0,1,0,26-100,0
5636,JOBMA,,,0,,0,2021-08-09,1,0,1,1,0,100,1.0,1.0,1.0,0,0,26-100,0
5637,ssi,,,0,,0,2021-08-09,1,0,1,1,0,100,1.0,1.0,1.0,0,0,101-500,0
5638,JOBMA,,72,0,,1,2021-08-09,1,0,1,2,10,10000,1.0,1.0,1.0,1,0,26-100,0
5639,Jobma,,3,0,,1,2021-08-09,1,0,1,2,10,100,1.0,1.0,1.0,0,0,101-500,0
5640,ssi,,,0,,0,2021-08-09,1,0,1,1,0,100,1.0,1.0,1.0,0,0,1-25,0
5641,ssi,,2,0,,1,2021-08-09,1,0,1,2,10,100,1.0,1.0,1.0,1,0,26-100,0
5642,ssi,,,0,,0,2021-08-09,1,0,1,1,0,100,1.0,1.0,1.0,0,0,26-100,0
5643,Jobma,,7,0,,1,2021-08-09,1,0,1,2,10,100,1.0,1.0,1.0,0,0,101-500,0
5644,select source international pvt ltd,,72,0,,1,2021-08-10,1,0,1,2,10,100,1.0,1.0,1.0,1,0,26-100,0
5645,ssi,,,0,,0,2021-08-10,1,0,1,1,0,100,1.0,1.0,1.0,0,0,26-100,0
5646,Test Co. Pvt. Ltd.,,2,0,,1,2021-08-10,1,1,1,1,11,100,1.0,2.0,1.0,0,0,26-100,0
5647,select source international pvt ltd,,2,0,,1,2021-08-10,1,0,1,2,10,100,1.0,1.0,1.0,1,0,101-500,0
5648,Test Co. Pvt. Ltd.,,72,0,,0,2021-08-10,1,1,1,2,2,60,1.0,1.0,1.0,1,0,101-500,0
5649,ssi,,72,0,,1,2021-08-10,1,0,1,2,1,10000,0.0,0.0,1.0,1,0,101-500,0
5650,Test Co. Pvt. Ltd.,,,0,,0,2021-08-10,1,0,1,1,0,100,1.0,1.0,1.0,0,0,26-100,0
5651,ssi,,72,0,,1,2021-08-10,1,0,1,2,1,10000,0.0,0.0,1.0,1,0,26-100,0
5652,ssi,,73,1,,1,2021-08-10,1,0,1,2,1,100,1.0,1.0,1.0,0,0,500-1000,0
5653,ssi,,2,0,,0,2021-08-10,1,1,1,2,9,10000,1.0,1.0,1.0,1,0,26-100,0
5654,ssi,,72,0,,1,2021-08-10,1,0,1,2,1,100,1.0,1.0,1.0,1,0,101-500,0
5655,Test,,2,1,,1,2021-08-11,1,0,1,2,10,100,1.0,1.0,1.0,0,0,1-25,0
5656,ssi,,,0,,0,2021-08-11,1,0,1,1,0,100,1.0,1.0,1.0,0,0,101-500,0
5657,Test,,73,7,,0,2021-08-11,1,0,1,2,1,100,1.0,1.0,1.0,0,0,1-25,0
5658,Test,,2,0,,1,2021-08-11,1,0,1,2,1,10000,1.0,1.0,1.0,1,0,1-25,0
5661,JOBMA,,72,0,,1,2021-08-12,1,0,1,2,1,100,1.0,1.0,1.0,1,0,26-100,0
5662,dfdg,,72,0,,1,2021-08-12,1,0,1,2,10,10000,1.0,1.0,1.0,1,0,26-100,0
5663,mnm,,231,0,,1,2021-08-13,1,0,1,2,10,10000,1.0,1.0,1.0,1,0,101-500,0
5664,ghh,,72,0,,1,2021-08-13,1,0,1,2,10,10000,1.0,1.0,1.0,1,0,26-100,0
5665,SSI,,2,0,,1,2021-08-16,1,0,1,2,1,10000,1.0,60.0,1.0,1,0,26-100,0
5666,JOBMA,,2,0,,1,2021-08-16,1,0,1,2,1,10000,1.0,1.0,1.0,1,0,26-100,0
5667,Test company,,72,0,,1,2021-08-16,1,0,1,2,1,10000,1.0,1.0,1.0,1,0,26-100,0
5668,SSI,,,0,,0,2021-08-16,1,0,1,1,0,100,1.0,1.0,1.0,0,0,26-100,0
5670,ssi,,2,0,,1,2021-08-17,1,0,1,2,1,10000,1.0,1.0,1.0,1,0,26-100,0
5672,Massachusetts Institute of Technology,,14,0,,1,2021-08-18,1,0,1,2,1,100,1.0,1.0,1.0,0,0,500-1000,0
5673,Aca,,53,0,,0,2021-08-18,1,1,1,2,2,100,1.0,1.0,1.0,1,0,1-25,0
5674,ssi,,2,0,,0,2021-08-19,1,0,1,2,1,10000,1.0,1.0,1.0,1,0,101-500,0
5676,ssi,,,0,,1,2021-08-19,1,0,1,1,0,100,1.0,1.0,1.0,0,0,26-100,0
5677,Test Company,,72,0,,1,2021-08-19,1,0,1,2,1,10000,0.0,0.0,1.0,1,0,1-25,0
5678,SSI,,2,0,,1,2021-08-19,1,0,1,2,1,10000,1.0,1.0,1.0,1,0,101-500,0
5679,Jobma,,51,0,,1,2021-08-19,1,1,1,2,12,10000,1.0,1.0,1.0,1,0,101-500,0
5680,Jobma New Data12,,,0,2,0,2021-08-20,1,0,1,1,0,100,1.0,1.0,1.0,0,0,500-1000,0
5681,Jobma New Data12,,,0,2,0,2021-08-20,1,0,1,1,0,100,1.0,1.0,1.0,0,0,500-1000,0
5682,Jobma New Data12,,,0,2,0,2021-08-20,1,0,1,1,0,100,1.0,1.0,1.0,0,0,500-1000,0
5683,Jobma New Data12,,,0,2,0,2021-08-20,1,0,1,1,0,100,1.0,1.0,1.0,0,0,500-1000,0
5684,Test Co. Pvt. Ltd.,,,0,,0,2021-08-20,1,0,1,1,0,100,1.0,1.0,1.0,0,0,101-500,0
5686,Jobma New Data12,,,0,2,0,2021-08-20,1,0,1,1,0,100,1.0,1.0,1.0,0,0,500-1000,0
5687,Test Co. Pvt. Ltd.,,,0,,0,2021-08-20,1,0,1,1,0,100,1.0,1.0,1.0,0,0,101-500,0
5688,Jobma New Data12,,,0,2,0,2021-08-20,1,0,1,1,0,100,1.0,1.0,1.0,0,0,500-1000,0
5689,Jobma New Data12,,,0,2,0,2021-08-20,1,0,1,1,0,100,1.0,1.0,1.0,0,0,500-1000,0
5690,Jobma,,2,0,,1,2021-08-20,1,0,1,2,1,100,1.0,1.0,1.0,1,0,26-100,0
5691,Jobma,,,0,,0,2021-08-20,1,0,1,1,0,100,1.0,1.0,1.0,0,0,26-100,0
5692,Jobma,,3,0,,1,2021-08-20,1,1,1,2,1,100,1.0,1.0,1.0,0,0,500-1000,0
5693,Jobma,,,0,,0,2021-08-20,1,0,1,1,0,100,1.0,1.0,1.0,0,0,500-1000,0
5694,Test Company,,72,0,,1,2021-08-20,1,0,1,2,10,10000,1.0,1.0,1.0,1,0,1-25,0
5695,ssi,,"3,4",0,,1,2021-08-20,1,0,1,2,999,100,1.0,1.0,1.0,0,0,101-500,0
5699,dd,,1,0,,1,2021-08-23,1,0,1,2,10,10000,1.0,1.0,1.0,1,0,1-25,0
5701,ssi,,3,0,,1,2021-08-23,1,0,1,2,999,100,1.0,1.0,1.0,0,0,26-100,0
5702,ssi,,3,0,,1,2021-08-23,1,0,1,2,1,100,1.0,1.0,1.0,0,0,500-1000,0
5703,ssi,,3,0,,1,2021-08-23,1,1,1,2,2,100,1.0,1.0,1.0,0,0,26-100,0
5704,Test,,2,0,,1,2021-08-23,1,0,1,2,1,100,1.0,1.0,1.0,0,0,500-1000,0
5705,Jobma,,3,0,,1,2021-08-23,1,0,1,2,10,10000,1.0,1.0,1.0,1,0,26-100,0
5706,ssi,,2,0,,0,2021-08-25,1,0,1,2,1,10000,1.0,1.0,1.0,1,0,1-25,0
5707,ssi,,,0,,0,2021-08-25,1,0,1,1,0,100,1.0,1.0,1.0,0,0,1-25,0
5708,test com,,72,0,,1,2021-08-26,1,0,1,2,10,10000,1.0,1.0,1.0,1,0,1-25,0
5709,Test Company Private Limited,,2,0,,1,2021-08-26,1,0,1,2,999,10000,1.0,1.0,1.0,1,0,500-1000,0
5710,test com,,72,0,,1,2021-08-26,1,0,1,2,1,100,1.0,1.0,1.0,0,0,1-25,0
5711,Pawan Intl,,231,0,,1,2021-08-26,1,0,1,2,1,10000,0.0,0.0,1.0,1,0,1-25,0
5712,test,,2,0,,1,2021-08-27,1,0,1,2,1,10000,1.0,1.0,1.0,1,0,101-500,0
5713,ssi,,2,0,,1,2021-08-27,1,0,1,2,1,10000,1.0,1.0,1.0,1,0,26-100,0
5714,ssi,,73,0,,1,2021-08-27,1,0,1,2,1,10000,1.0,1.0,1.0,1,0,26-100,0
5715,ssi,,72,0,,1,2021-08-27,1,0,1,2,1,10000,1.0,1.0,1.0,1,0,1-25,0
5716,test,,231,0,,1,2021-08-27,1,0,1,2,1,10000,1.0,1.0,1.0,1,0,1-25,0
5717,dd,,231,0,,1,2021-08-27,1,0,1,2,1,10000,1.0,1.0,1.0,1,0,1-25,0
5718,dd,,72,0,,1,2021-08-27,1,0,1,2,1,10000,1.0,1.0,1.0,1,0,1-25,0
5719,ssi,,72,0,,1,2021-08-27,1,0,1,2,1,10000,1.0,1.0,1.0,1,0,101-500,0
5720,ssi,,2,0,,1,2021-08-27,1,0,1,2,1,100,1.0,1.0,1.0,1,0,26-100,0
5721,dd,,231,0,,1,2021-08-27,1,0,1,2,1,10000,1.0,1.0,1.0,1,0,1-25,0
5722,select source intenational pvt ltd,,73,0,,1,2021-08-27,1,1,1,2,6,10000,1.0,1.0,1.0,1,0,101-500,0
5723,select source intenational pvt ltd,,,0,,0,2021-08-27,1,0,1,1,0,100,1.0,1.0,1.0,0,0,101-500,0
5724,ssi,,,0,,0,2021-08-27,1,0,1,1,0,100,1.0,1.0,1.0,0,0,101-500,0
5725,Test Co Pvt Ltd,,3,0,,1,2021-08-30,1,1,1,2,1,100,1.0,1.0,1.0,0,0,101-500,0
5727,Test Co Pvt Ltd,,,0,,0,2021-08-30,1,0,1,1,0,100,1.0,1.0,1.0,0,0,101-500,0
5728,Test Co Pvt Ltd,,,0,,0,2021-08-30,1,0,1,1,0,100,1.0,1.0,1.0,0,0,101-500,0
5729,Test Co Pvt Ltd,,,0,,0,2021-08-30,1,0,1,1,0,100,1.0,1.0,1.0,0,0,101-500,0
5730,Test Company,,,0,,0,2021-08-30,1,0,1,1,0,100,1.0,1.0,1.0,0,0,1-25,0
5731,Test Company,,,0,,0,2021-08-30,1,0,1,1,0,100,1.0,1.0,1.0,0,0,1-25,0
5732,test com,,,0,,0,2021-08-30,1,0,1,1,0,100,1.0,1.0,1.0,0,0,1-25,0
5733,test com,,,0,,0,2021-08-30,1,0,1,1,0,100,1.0,1.0,1.0,0,0,1-25,0
5736,ssi,,,0,2,0,2021-08-31,1,0,1,1,0,100,1.0,1.0,1.0,0,0,26-100,0
5737,Test Company,,2,0,,1,2021-08-31,1,1,1,1,1,100,1.0,1.0,1.0,0,0,500-1000,0
5738,Achme,,,0,1,0,2021-08-31,1,0,1,1,0,100,1.0,1.0,1.0,0,0,101-500,0
5739,Test Company,,,0,,0,2021-08-31,1,0,1,1,0,100,1.0,1.0,1.0,0,0,500-1000,0
5740,Test Company,,,0,,0,2021-08-31,1,0,1,1,0,100,1.0,1.0,1.0,0,0,500-1000,0
5741,select source international private limited,,72,0,,0,2021-09-01,1,1,1,1,3,60,1.0,1.0,1.0,1,0,26-100,0
5742,select source intenational pvt ltd,,,0,,0,2021-09-01,1,0,1,1,0,100,1.0,1.0,1.0,0,0,101-500,0
5743,select source intenational pvt ltd,,,0,,0,2021-09-01,1,0,1,1,0,100,1.0,1.0,1.0,0,0,101-500,0
5744,select source intenational pvt ltd,,,0,,0,2021-09-01,1,0,1,1,0,100,1.0,1.0,1.0,0,0,101-500,0
5745,select source intenational pvt ltd,,,0,,0,2021-09-01,1,0,1,1,0,100,1.0,1.0,1.0,0,0,101-500,0
5746,select source international private limited,,,0,,0,2021-09-01,1,0,1,1,0,100,1.0,1.0,1.0,0,0,26-100,0
5747,select source international private limited,,,0,,0,2021-09-01,1,0,1,1,0,100,1.0,1.0,1.0,0,0,26-100,0
5748,Test International,,"72,2,73",0,,1,2021-09-02,1,0,1,2,1,10000,1.0,1.0,1.0,1,0,26-100,0
5749,ssi,,,0,2,0,2021-09-03,1,0,1,1,0,100,1.0,1.0,1.0,0,0,26-100,0
5750,select source international pvt ltd,,2,0,,1,2021-09-06,1,0,1,2,1,10000,1.0,1.0,1.0,1,0,1-25,0
5751,ssi,,72,0,,1,2021-09-06,1,0,1,2,10,100,1.0,1.0,1.0,1,0,26-100,0
5752,Test Comp,,72,0,,1,2021-09-06,1,0,1,1,1,10000,1.0,1.0,1.0,1,0,1-25,0
5753,Test Comp,,,0,,0,2021-09-06,1,0,1,1,0,100,1.0,1.0,1.0,0,0,1-25,0
5754,Test International Company Pvt ok,,,0,2,0,2021-09-06,1,0,1,1,0,100,1.0,1.0,1.0,0,0,500-1000,0
5755,ssi,,2,0,,1,2021-09-08,1,0,1,2,1,100,1.0,1.0,1.0,1,0,1-25,0
5756,select source international private limited,,2,0,,1,2021-09-13,1,0,1,2,1,10000,1.0,1.0,1.0,1,0,26-100,0
5757,select source international private limited,,,0,,0,2021-09-13,1,0,1,1,0,100,1.0,1.0,1.0,0,0,26-100,0
5758,Test Company,,4,0,,1,2021-09-13,1,0,1,2,999,100,1.0,1.0,1.0,0,0,500-1000,0
5759,Comanny pvt ltd,,3,0,,0,2021-09-14,1,0,1,2,10,100,1.0,1.0,1.0,0,0,26-100,0
5760,Comanny pvt ltd,,,0,,0,2021-09-14,1,0,1,1,0,100,1.0,1.0,1.0,0,0,26-100,0
5761,Test Com,,231,0,,1,2021-09-14,1,0,1,2,10,100,1.0,1.0,1.0,1,0,1-25,0
5762,Test Com,,,0,,0,2021-09-14,1,0,1,1,0,100,1.0,1.0,1.0,0,0,1-25,0
5763,Achme,,,0,1,0,2021-09-14,1,0,1,1,0,100,1.0,1.0,1.0,0,0,101-500,0
5764,DGL,,73,0,,1,2021-09-15,1,0,1,2,1,100,1.0,1.0,1.0,1,0,1-25,0
5765,ssi,,2,0,,1,2021-09-15,1,0,1,1,10,100,1.0,1.0,1.0,1,0,26-100,0
5766,Test Company,,"72,2,73",0,,0,2021-09-15,1,1,1,1,999,10000,1.0,1.0,1.0,1,0,101-500,0
5767,Test Company,,,0,,0,2021-09-15,1,0,1,1,0,100,1.0,1.0,1.0,0,0,101-500,0
5768,helloo,,2,0,,1,2021-09-15,1,1,1,2,10,10000,1.0,1.0,1.0,1,0,26-100,0
5769,helloo,,,0,,0,2021-09-15,1,0,1,1,0,100,1.0,1.0,1.0,0,0,26-100,0
5770,ssi,,,0,,0,2021-09-15,1,0,1,1,0,100,1.0,1.0,1.0,0,0,26-100,0
5771,ssi,,72,0,,1,2021-09-15,1,0,1,1,1,100,1.0,1.0,1.0,1,0,1-25,0
5772,ssi,,,0,,0,2021-09-15,1,0,1,1,0,100,1.0,1.0,1.0,0,0,1-25,0
5773,Test Company,,72,0,,1,2021-09-15,1,0,1,2,10,10000,1.0,1.0,1.0,1,0,26-100,0
5774,Test Company,,72,0,,1,2021-09-15,1,0,1,2,1,10000,1.0,1.0,1.0,1,0,1-25,0
5775,Test Company,,2,0,,0,2021-09-15,1,0,1,1,999,10000,1.0,1.0,1.0,1,0,500-1000,0
5776,ssi,,3,0,,0,2021-09-16,1,0,1,2,10,60,1.0,1.0,1.0,1,0,1-25,0
5777,Test Company,,72,0,,1,2021-09-16,1,0,1,2,10,10000,1.0,1.0,1.0,1,0,26-100,0
5778,Test Company Private Limited,,2,0,,1,2021-09-16,1,0,1,1,999,10000,1.0,1.0,1.0,1,0,500-1000,0
5779,Test,,2,0,,1,2021-09-16,1,0,1,2,999,100,1.0,1.0,1.0,0,0,500-1000,0
5780,test,,3,0,,1,2021-09-16,1,0,1,1,999,10000,1.0,1.0,1.0,1,0,500-1000,0
5781,Test Company,,3,0,,0,2021-09-16,1,0,1,2,999,100,1.0,1.0,1.0,0,0,101-500,0
5782,DGL,,2,0,,1,2021-09-17,1,0,1,2,1,100,1.0,1.0,1.0,1,0,26-100,0
5783,ssi,,"2,73",0,,1,2021-09-20,1,0,1,2,1,100,1.0,1.0,1.0,1,0,26-100,0
5784,Test Company,,2,0,,1,2021-09-21,1,0,1,2,999,10000,0.0,0.0,1.0,1,0,26-100,0
5785,ssssssdddd,,231,0,,1,2021-09-21,1,0,1,2,999,10000,0.0,0.0,1.0,1,0,1-25,0
5786,jobma,,72,0,,1,2021-09-21,1,0,1,2,10,10000,1.0,1.0,1.0,1,0,26-100,0
5787,ssssssdddd,,231,0,,1,2021-09-21,1,0,1,2,999,10000,0.0,0.0,1.0,1,0,1-25,0
5788,text,,231,0,,1,2021-09-21,1,0,1,2,999,100,1.0,1.0,1.0,0,0,1-25,0
5789,Test company,,2,0,,1,2021-09-21,1,0,1,2,999,10000,0.0,0.0,1.0,1,0,101-500,0
5790,dd,,231,0,,1,2021-09-21,1,0,1,2,999,10000,0.0,0.0,1.0,1,0,1-25,0
5791,dd,,1,0,,1,2021-09-21,1,0,1,2,999,10000,0.0,0.0,1.0,1,0,1-25,0
5792,text,,231,0,,0,2021-09-21,1,0,1,2,1,60,0.0,0.0,1.0,1,0,1-25,0
5793,Test Company,,2,0,,1,2021-09-22,1,0,1,2,999,10000,0.0,0.0,1.0,1,0,26-100,0
5794,New Jazz HRing,,231,0,,1,2021-09-22,1,0,1,2,999,100,1.0,1.0,1.0,0,0,1-25,0
5795,ssssssdddd,,231,0,,1,2021-09-22,1,0,1,2,999,100,1.0,1.0,1.0,0,0,1-25,0
5796,Test Company,,3,0,,1,2021-09-22,1,0,1,1,999,10000,1.0,1.0,1.0,1,0,500-1000,0
5797,Test Company,,,0,,0,2021-09-23,1,0,1,1,0,100,1.0,1.0,1.0,0,0,500-1000,0
5798,Test Company,,3,0,,1,2021-09-27,1,0,1,2,1,100,1.0,1.0,1.0,0,0,More than 1000,0
5799,Achme,,,0,1,0,2021-09-28,1,0,1,1,0,100,1.0,1.0,1.0,0,0,101-500,0
5800,jobma,,72,0,,0,2021-09-28,1,1,1,1,12,100,1.0,3.0,1.0,1,0,26-100,0
5801,ssi,,2,0,,1,2021-09-28,1,1,1,2,10,10000,1.0,1.0,1.0,1,0,26-100,0
5802,ssi,,,0,,0,2021-09-28,1,0,1,1,0,100,1.0,1.0,1.0,0,0,26-100,0
5803,ssi,,,0,,0,2021-09-29,1,0,1,1,0,100,1.0,1.0,1.0,0,0,26-100,0
5804,jobma,,,0,,0,2021-09-30,1,0,1,1,0,100,1.0,1.0,1.0,0,0,26-100,0
5805,abc,,2,0,,0,2021-09-30,1,0,1,2,999,100,1.0,1.0,1.0,0,0,26-100,0
5806,ssi,,73,1,,1,2021-09-30,1,0,1,2,1,10000,1.0,1.0,1.0,1,0,More than 1000,0
5807,ssi,,73,1,,1,2021-09-30,1,0,1,2,1,10000,1.0,1.0,1.0,1,0,1-25,0
5808,ssi,,,0,,0,2021-09-30,1,0,1,1,0,100,1.0,1.0,1.0,0,0,1-25,0
5809,test com,,2,0,,1,2021-09-30,1,0,1,1,10,100,1.0,1.0,1.0,0,0,1-25,0
5810,WSws,,73,1,,1,2021-09-30,1,0,1,1,10,100,1.0,1.0,1.0,0,0,1-25,0
5811,WSws,,73,1,,1,2021-09-30,1,0,1,1,10,100,1.0,1.0,1.0,0,0,1-25,0
5812,ssi,,231,0,,1,2021-10-01,1,0,1,2,1,10000,1.0,1.0,1.0,1,0,1-25,0
5813,R&R traders,,72,0,,1,2021-10-01,1,0,1,2,1,100,1.0,1.0,1.0,1,0,26-100,0
5814,Pion,,72,0,,1,2021-10-01,1,1,1,1,18,10000,1.0,1.0,1.0,1,0,101-500,0
5815,R&R traders,,72,0,,1,2021-10-01,1,0,1,2,999,100,1.0,1.0,1.0,1,0,1-25,0
5816,test,,,0,,0,2021-10-01,1,0,1,1,0,100,1.0,1.0,1.0,0,0,500-1000,0
5817,R&R traders,,231,0,,1,2021-10-01,1,0,1,2,1,100,1.0,1.0,1.0,1,0,More than 1000,0
5818,Pioneer,,,0,,0,2021-10-01,1,0,1,1,0,100,1.0,1.0,1.0,0,0,101-500,0
5819,ssi,,2,0,,1,2021-10-04,1,0,1,2,1,10000,0.0,0.0,1.0,1,0,26-100,0
5820,ssi,,2,0,,1,2021-10-04,1,0,1,2,1,10000,0.0,0.0,1.0,1,0,101-500,0
5821,ssi,,3,0,,1,2021-10-04,1,0,1,2,999,10000,1.0,1.0,1.0,1,0,More than 1000,0
5822,ssi,,72,0,,1,2021-10-04,1,0,1,2,1,10000,1.0,1.0,1.0,1,0,1-25,0
5823,data dyamx,,78,0,2,1,2021-10-04,1,1,1,2,3,10000,1.0,1.0,1.0,1,0,1-25,0
5824,adlas,,72,0,,1,2021-10-04,1,0,1,2,10,100,1.0,1.0,1.0,1,0,26-100,0
5826,ssi,,,0,,0,2021-10-05,1,0,1,1,0,100,1.0,1.0,1.0,0,0,1-25,0
5827,data dyamx,,,0,,0,2021-10-05,1,0,1,1,0,100,1.0,1.0,1.0,0,0,1-25,0
5828,Test Com ok,,72,0,,1,2021-10-08,1,0,1,2,1,10000,1.0,1.0,1.0,0,0,26-100,0
5829,Jobma,,72,0,,1,2021-10-08,1,0,1,2,1,10000,1.0,1.0,1.0,1,0,26-100,0
5830,ssi,,,0,,0,2021-10-19,1,0,1,1,0,100,1.0,1.0,1.0,0,0,26-100,0
5831,Jobma,,72,0,,1,2021-10-20,1,0,1,2,1,10000,1.0,1.0,1.0,1,0,26-100,0
5832,Achme,,,0,1,0,2021-10-20,1,0,1,1,0,100,1.0,1.0,1.0,0,0,101-500,0
5833,Jobma,,,0,,0,2021-10-20,1,0,1,1,0,100,1.0,1.0,1.0,0,0,26-100,0
5834,Freshteam,,23,0,,0,2021-10-25,1,0,1,2,999,100,1.0,1.0,1.0,1,0,101-500,0
5835,Test Company,,,0,,0,2021-11-09,1,0,1,1,0,100,1.0,1.0,1.0,0,0,More than 1000,0
5836,ssi,,,0,,0,2021-11-12,1,0,1,1,0,100,1.0,1.0,1.0,0,0,26-100,0
5837,ssi,,78,0,,1,2021-11-12,1,1,1,2,26,100,1.0,1.0,1.0,1,0,1-25,0
5838,Jobma,,3,0,,1,2021-11-12,1,0,1,2,999,10000,1.0,1.0,1.0,1,0,101-500,0
5839,jobma,,72,0,,1,2021-11-15,1,1,1,1,5,10000,1.0,1.0,1.0,1,0,26-100,0
5840,SSI,,72,0,,1,2021-11-16,1,0,1,2,1,100,1.0,1.0,1.0,1,0,26-100,0
5841,SSI,,72,0,,1,2021-11-16,1,0,1,2,1,100,1.0,1.0,1.0,1,0,1-25,0
5842,Jobma,,23,0,,1,2021-11-16,1,0,1,2,1,100,1.0,1.0,1.0,1,0,101-500,0
5843,jobma,,23,0,,1,2021-11-16,1,0,1,2,1,100,1.0,1.0,1.0,1,0,500-1000,0
5844,Jobma,,23,0,,1,2021-11-16,1,0,1,2,10,100,1.0,1.0,1.0,1,0,500-1000,0
5845,jobma,,23,0,,1,2021-11-16,1,1,1,2,113,100,1.0,1.0,1.0,1,0,500-1000,0
5846,Jobma,,3,0,,1,2021-11-16,1,0,1,2,999,100,1.0,1.0,1.0,0,0,26-100,0
5849,Jobma,,2,0,,1,2021-11-17,1,0,1,2,10,10000,1.0,1.0,1.0,1,0,26-100,0
5850,ggjgj,,2,0,,1,2021-11-17,1,0,1,2,1,10000,1.0,1.0,1.0,1,0,1-25,0
5851,jobma,,3,0,,1,2021-11-17,1,0,1,2,10,100,1.0,1.0,1.0,0,0,101-500,0
5852,sala,,72,0,,1,2021-11-17,1,0,1,2,1,100,1.0,1.0,1.0,1,0,1-25,0
5853,jobma,,3,0,,1,2021-11-17,1,0,1,2,10,100,1.0,1.0,1.0,0,0,1-25,0
5854,asas,,2,0,,1,2021-11-18,1,1,1,1,3,100,1.0,1.0,1.0,0,0,101-500,0
5855,ssi,,,0,,0,2021-11-23,1,0,1,1,0,100,1.0,1.0,1.0,0,0,26-100,0
5856,Tyyyyuu,,72,0,,1,2021-11-24,1,1,1,2,1,10000,1.0,1.0,1.0,1,0,26-100,0
5857,abc,,72,0,,1,2021-11-24,1,0,1,2,1,10000,1.0,1.0,1.0,1,0,26-100,0
5858,mhjhkh,,72,0,,1,2021-11-25,1,0,1,2,10,10000,1.0,1.0,1.0,1,0,1-25,0
5859,JOBMA,,231,0,,1,2021-11-29,1,0,1,2,1,100,1.0,1.0,1.0,1,0,26-100,0
5860,Test Company,,,0,,0,2021-11-30,1,0,1,1,0,100,1.0,1.0,1.0,0,0,26-100,0
5861,Test Com,,,0,,0,2021-11-30,1,0,1,1,0,100,1.0,1.0,1.0,0,0,26-100,0
5862,Test Company,,,0,,0,2021-11-30,1,0,1,1,0,100,1.0,1.0,1.0,0,0,26-100,0
5864,Test Company,,,0,,0,2021-12-01,1,0,1,1,0,100,1.0,1.0,1.0,0,0,26-100,0
5865,Jobma,,,0,1,0,2021-12-02,1,0,1,1,0,100,1.0,1.0,1.0,0,0,500-1000,0
5866,Test company,,,0,,0,2021-12-02,1,0,1,1,0,100,1.0,1.0,1.0,0,0,26-100,0
5868,abc,,72,0,1,1,2021-12-06,1,1,1,1,14,10000,1.0,1.0,1.0,1,0,1-25,0
5869,abc,,,0,,0,2021-12-06,1,0,1,1,0,100,1.0,1.0,1.0,0,0,1-25,0
5870,abc,,,0,,0,2021-12-07,1,0,1,1,0,100,1.0,1.0,1.0,0,0,1-25,0
5871,abc,,,0,,0,2021-12-07,1,0,1,1,0,100,1.0,1.0,1.0,0,0,1-25,0
5872,abc,,,0,,0,2021-12-07,1,0,1,1,0,100,1.0,1.0,1.0,0,0,1-25,0
5874,Ssi,,73,0,2,0,2021-12-08,1,1,1,1,19,10000,1.0,1.0,1.0,0,0,26-100,0
5875,Abhi solutions,,76,0,,1,2021-12-09,1,1,1,2,2,10000,1.0,1.0,1.0,1,0,1-25,0
5876,Abhi solutions,,,0,,0,2021-12-09,1,0,1,1,0,100,1.0,1.0,1.0,0,0,1-25,0
5877,Test Company,,2,0,,1,2021-12-09,1,0,1,2,1,100,1.0,1.0,1.0,1,0,26-100,0
5878,zzz,,73,0,,1,2021-12-09,1,0,1,2,1,10000,1.0,1.0,1.0,1,0,101-500,0
5879,zzz,,,0,,0,2021-12-09,1,0,1,1,0,100,1.0,1.0,1.0,0,0,101-500,0
5880,Test Company Pvt Ltd,,2,0,,1,2021-12-09,1,0,1,2,10,10000,1.0,1.0,1.0,1,0,26-100,0
5881,Test Company Pvt Ltd,,,0,,0,2021-12-09,1,0,1,1,0,100,1.0,1.0,1.0,0,0,26-100,0
5882,Abhi solutions,,,0,,0,2021-12-10,1,0,1,1,0,100,1.0,1.0,1.0,0,0,1-25,0
5883,Test Company Pvt Ltd,,2,0,,1,2021-12-10,1,0,1,2,1,10000,1.0,1.0,1.0,1,0,101-500,0
5884,Test Company Pvt Ltd,,,0,,0,2021-12-10,1,0,1,1,0,100,1.0,1.0,1.0,0,0,101-500,0
5885,aman,,2,0,,1,2021-12-10,1,0,1,2,10,10000,1.0,1.0,1.0,1,0,500-1000,0
5886,Eco,,74,0,,1,2021-12-14,1,0,1,2,10,10000,1.0,1.0,1.0,1,0,26-100,0
5887,Test Company okay ok,,2,0,,1,2021-12-14,1,0,1,2,10,10000,1.0,2.0,1.0,0,0,1-25,0
5888,aman,,,0,,0,2021-12-15,1,0,1,1,0,100,1.0,1.0,1.0,0,0,500-1000,0
5890,Test Company,,,0,,0,2021-12-15,1,0,1,1,0,100,1.0,1.0,1.0,0,0,1-25,0
5891,abhishek,,72,0,,1,2021-12-16,1,0,1,2,1,100,1.0,1.0,1.0,1,0,26-100,0
5892,abc,,2,0,,1,2021-12-17,1,0,1,2,1,100,1.0,1.0,1.0,1,0,26-100,0
5893,anc,,2,0,,1,2021-12-17,1,0,1,2,10,100,1.0,1.0,1.0,1,0,1-25,0
5894,asdad,,72,0,,1,2021-12-23,1,0,1,2,1,100,1.0,1.0,1.0,1,0,1-25,0
5895,Pioneer,,72,0,,1,2021-12-27,1,0,1,2,1,10000,1.0,1.0,1.0,1,0,26-100,0
5896,Jk,,231,0,,1,2021-12-27,1,0,1,2,10,10000,1.0,1.0,1.0,1,0,26-100,0
5897,Test Company Pvt Ltd,,2,0,,1,2021-12-27,1,0,1,2,1,10000,1.0,1.0,1.0,1,0,101-500,0
5898,Optum,,76,0,1,0,2021-12-27,1,1,1,2,14,10000,1.0,2.0,1.0,0,0,26-100,0
5899,Testing pvt ltd,,231,0,,1,2021-12-27,1,0,1,2,10,10000,1.0,1.0,1.0,1,0,26-100,0
5900,Test Company,,72,0,,1,2021-12-28,1,0,1,2,10,10000,1.0,1.0,1.0,1,0,1-25,0
5901,Test Company,,2,0,,0,2021-12-28,1,1,1,2,1,100,1.0,2.0,1.0,0,0,1-25,0
5902,Test Company,,,0,,0,2021-12-28,1,0,1,1,0,100,1.0,1.0,1.0,0,0,1-25,0
5903,Jobma,,72,0,,1,2021-12-28,1,1,1,2,10,100,1.0,1.0,1.0,1,0,26-100,0
5904,Testing pvt ltd,,231,0,,1,2021-12-28,1,0,1,2,10,10000,1.0,1.0,1.0,1,0,26-100,0
5905,Jobma,,72,0,,0,2021-12-28,1,1,1,1,2,10000,1.0,1.0,1.0,1,0,26-100,0
5906,Jobma,,,0,,0,2021-12-29,1,0,1,1,0,100,1.0,1.0,1.0,0,0,26-100,0
5907,Test International Company Pvt ok,,,0,2,0,2021-12-29,1,0,1,1,0,100,1.0,1.0,1.0,0,0,500-1000,0
5908,Jobma,,3,0,,0,2021-12-29,1,1,1,2,4,10000,1.0,1.0,1.0,1,0,101-500,0
5909,R&R traders,,72,0,,0,2022-01-03,1,1,1,2,999,100,1.0,1.0,1.0,1,0,More than 1000,0
5910,R&R traders,,,0,,0,2022-01-03,1,0,1,1,0,100,1.0,1.0,1.0,0,0,More than 1000,0
5911,R&R traders,,,0,,0,2022-01-03,1,0,1,1,0,100,1.0,1.0,1.0,0,0,More than 1000,0
5912,R&R traders,,,0,,0,2022-01-03,1,0,1,1,0,100,1.0,1.0,1.0,0,0,More than 1000,0
5913,Test International Company Pvt ok,,,0,2,0,2022-01-03,1,0,1,1,0,100,1.0,1.0,1.0,0,0,500-1000,0
5914,Jobma,,,0,1,0,2022-01-03,1,0,1,1,0,100,1.0,1.0,1.0,0,0,500-1000,0
5916,Testing pvt ltd,,,0,,0,2022-01-03,1,0,1,1,0,100,1.0,1.0,1.0,0,0,26-100,0
5917,sagitec,,2,0,,0,2022-01-03,1,1,1,2,999,10000,1.0,1.0,1.0,1,0,26-100,0
5918,R&R traders,,,0,,0,2022-01-03,1,0,1,1,0,100,1.0,1.0,1.0,0,0,More than 1000,0
5919,sagitec,,,0,,0,2022-01-03,1,0,1,1,0,100,1.0,1.0,1.0,0,0,26-100,0
5920,Testing pvt ltd,,,0,,0,2022-01-03,1,0,1,1,0,100,1.0,1.0,1.0,0,0,26-100,0
5921,Test Company,,231,0,,1,2022-01-03,1,0,1,2,1,100,1.0,1.0,1.0,1,0,26-100,0
5922,R&R traders,,,0,,0,2022-01-03,1,0,1,1,0,100,1.0,1.0,1.0,0,0,More than 1000,0
5923,Test Company,,,0,,0,2022-01-04,1,0,1,1,0,100,1.0,1.0,1.0,0,0,26-100,0
5924,abhcishek,,72,0,,1,2022-01-04,1,1,1,2,999,100,1.0,1.0,1.0,1,0,1-25,0
5925,Navita Pvt Ltd,,3,0,,1,2022-01-05,1,0,1,2,999,10000,1.0,1.0,1.0,1,0,More than 1000,0
5926,Priya Pvt Ltd,,3,0,,0,2022-01-05,1,0,1,1,1,60,1.0,1.0,1.0,1,0,500-1000,0
5927,abhcishek,,,0,,0,2022-01-05,1,0,1,1,0,100,1.0,1.0,1.0,0,0,1-25,0
5928,skoda,,72,0,,1,2022-01-06,1,0,1,2,1,10000,0.0,0.0,1.0,1,0,26-100,0
5929,Test Co Pvt Ltd,,3,0,,1,2022-01-06,1,0,1,2,10,10000,0.0,0.0,1.0,1,0,500-1000,0
5930,Test Company,,2,0,,1,2022-01-06,1,0,1,2,1,10000,1.0,1.0,1.0,1,0,26-100,0
5931,Test Company,,"231,72,2",0,,1,2022-01-07,1,0,1,2,10,100,1.0,1.0,1.0,1,0,1-25,0
5932,Test Company,,2,0,,1,2022-01-07,1,0,1,2,999,100,1.0,1.0,1.0,0,0,More than 1000,0
5933,SSI,,85,0,,1,2022-01-07,1,0,1,2,1,100,1.0,1.0,1.0,1,0,101-500,0
5934,Test Company,,,0,,0,2022-01-07,1,0,1,1,0,100,1.0,1.0,1.0,0,0,1-25,0
5935,Jobma,,,0,1,0,2022-01-07,1,0,1,1,0,100,1.0,1.0,1.0,0,0,500-1000,0
5936,Jobma,,2,0,,1,2022-01-07,1,0,1,2,999,10000,1.0,1.0,1.0,1,0,101-500,0
5937,New Jazz HRing,,1,0,,1,2022-01-07,1,0,1,2,999,100,1.0,1.0,1.0,0,0,1-25,0
5938,dd,,1,0,,1,2022-01-07,1,0,1,2,999,100,1.0,1.0,1.0,0,0,1-25,0
5939,xyz,,78,0,,1,2022-01-10,1,0,1,2,1,10000,1.0,1.0,1.0,1,0,1-25,0
5940,aezy,,85,0,,1,2022-01-10,1,0,1,2,1,10000,1.0,1.0,1.0,1,0,26-100,0
5941,xyz,,85,0,,1,2022-01-10,1,0,1,2,10,10000,1.0,1.0,1.0,1,0,1-25,0
5942,Abhi,,72,0,,1,2022-01-10,1,0,1,2,10,10000,1.0,1.0,1.0,1,0,26-100,0
5943,Aezy,,84,0,,1,2022-01-10,1,1,1,1,10,10000,1.0,1.0,1.0,1,0,26-100,0
5944,Test Company,,,0,,0,2022-01-10,1,0,1,1,0,100,1.0,1.0,1.0,0,0,26-100,0
5945,ssi,,231,0,,1,2022-01-11,1,0,1,2,10,10000,1.0,1.0,1.0,1,0,101-500,0
5946,iefgukhwf,,3,0,,1,2022-01-11,1,0,1,2,999,10000,1.0,1.0,1.0,1,0,26-100,0
5947,Sri infotech,,2,0,1,1,2022-01-11,1,1,1,1,999,100,1.0,1.0,1.0,1,0,101-500,0
5948,Test Company,,72,0,,1,2022-01-11,1,0,1,2,1,100,1.0,1.0,1.0,1,0,1-25,0
5949,Test Company,,72,0,,1,2022-01-11,1,0,1,2,1,10000,1.0,1.0,1.0,1,0,1-25,0
5950,Test Company,,,0,,0,2022-01-11,1,0,1,1,0,100,1.0,1.0,1.0,0,0,1-25,0
5951,Test Company,,2,0,,1,2022-01-11,1,0,1,2,10,10000,1.0,1.0,1.0,1,0,26-100,0
5952,Test,,3,0,,1,2022-01-11,1,0,1,2,999,10000,1.0,1.0,1.0,1,0,26-100,0
5953,Test Company,,2,0,,1,2022-01-11,1,0,1,2,1,100,1.0,1.0,1.0,1,0,26-100,0
5954,1234,,,0,,0,2022-01-11,1,0,1,1,0,100,1.0,1.0,1.0,0,0,101-500,0
5955,Test Company Pvt Ltd,,,0,,0,2022-01-11,1,0,1,1,0,100,1.0,1.0,1.0,0,0,101-500,0
5956,anccooc,,72,0,,1,2022-01-12,1,0,1,2,10,100,1.0,1.0,1.0,1,0,26-100,0
5957,anccooc,,,0,,0,2022-01-12,1,0,1,1,0,100,1.0,1.0,1.0,0,0,26-100,0
5958,Test Company,,3,0,,1,2022-01-12,1,0,1,2,999,100,1.0,1.0,1.0,0,0,More than 1000,0
5959,Tata testing,,224,0,,1,2022-01-12,1,0,1,2,1,10000,1.0,1.0,1.0,1,0,26-100,0
5960,abhishek,,72,0,,1,2022-01-12,1,0,1,2,1,10000,1.0,1.0,1.0,1,0,101-500,0
5961,Navita Pvt Ltd,,,0,,0,2022-01-13,1,0,1,1,0,100,1.0,1.0,1.0,0,0,More than 1000,0
5962,Aezy,,,0,,1,2022-01-13,1,0,1,1,0,100,1.0,1.0,1.0,0,0,26-100,0
5963,Aezy,,,0,,1,2022-01-13,1,0,1,1,0,100,1.0,1.0,1.0,0,0,26-100,0
5964,Jobma,,,0,1,0,2022-01-13,1,0,1,1,0,100,1.0,1.0,1.0,0,0,500-1000,0
5965,Test International Company Pvt ok,,,0,2,0,2022-01-13,1,0,1,1,0,100,1.0,1.0,1.0,0,0,500-1000,0
5966,srksafl,,72,0,,1,2022-01-13,1,0,1,2,1,10000,1.0,1.0,1.0,1,0,26-100,0
5967,xyz,,,0,,0,2022-01-13,1,0,1,1,0,100,1.0,1.0,1.0,0,0,1-25,0
5968,Tatatesting,,,0,,0,2022-01-14,1,0,1,1,0,100,1.0,1.0,1.0,0,0,26-100,0
5969,Test Company,,72,0,,1,2022-01-14,1,1,1,2,2,100,1.0,1.0,1.0,1,0,26-100,0
5970,Test Company,,,0,,0,2022-01-14,1,0,1,1,0,100,1.0,1.0,1.0,0,0,26-100,0
5971,Test Company,,2,0,,1,2022-01-17,1,0,1,2,1,10000,1.0,1.0,1.0,1,0,1-25,0
5972,Test Company,,2,0,,1,2022-01-17,1,0,1,2,10,10000,0.0,0.0,1.0,1,0,1-25,0
5973,Test Co Pvt Ltd,,3,0,,1,2022-01-17,1,0,1,2,1,100,1.0,1.0,1.0,0,0,500-1000,0
5974,abhi1234,,76,0,1,1,2022-01-18,1,0,1,2,1,10000,1.0,1.0,1.0,1,0,101-500,0
5975,anccooc,,,0,,0,2022-01-18,1,0,1,1,0,100,1.0,1.0,1.0,0,0,101-500,0
5976,1234,,,0,,0,2022-01-19,1,0,1,1,0,100,1.0,1.0,1.0,0,0,101-500,0
5978,Test Company,,,0,,0,2022-01-19,1,0,1,1,0,100,1.0,1.0,1.0,0,0,26-100,0
5979,Test International Company Pvt ok,,,0,2,0,2022-01-19,1,0,1,1,0,100,1.0,1.0,1.0,0,0,500-1000,0
5980,RenewPower,,85,0,,1,2022-01-20,1,0,1,2,10,10000,1.0,1.0,1.0,1,0,More than 1000,0
5981,1234,,4,0,,1,2022-01-20,1,0,1,2,999,10000,1.0,1.0,1.0,1,0,500-1000,0
5983,jmd,,85,0,,1,2022-01-20,1,0,1,2,999,10000,1.0,1.0,1.0,1,0,More than 1000,0
5985,Test Company,,"2,3,4",0,,1,2022-01-21,1,0,1,2,1,100,1.0,1.0,1.0,0,0,More than 1000,0
5986,Test Company,,,0,,0,2022-01-21,1,0,1,1,0,100,1.0,1.0,1.0,0,0,More than 1000,0
5987,Jobma,,2,0,,1,2022-01-24,1,0,1,2,999,100,1.0,1.0,1.0,0,0,101-500,0
5988,Pioneer,,72,0,,1,2022-01-24,1,0,1,2,1,10000,1.0,1.0,1.0,1,0,26-100,0
5989,jobma,,72,0,,1,2022-01-24,1,0,1,2,10,10000,1.0,1.0,1.0,1,0,26-100,0
5990,Jobma,,2,0,,1,2022-01-24,1,0,1,2,999,10000,1.0,1.0,1.0,1,0,26-100,0
5991,Test Indain Company,,72,0,,1,2022-01-24,1,0,1,2,1,10000,1.0,1.0,1.0,1,0,101-500,0
5992,Jobma,,2,0,,1,2022-01-24,1,0,1,2,10,100,1.0,1.0,1.0,0,0,26-100,0
5993,Jobma,,3,0,,1,2022-01-24,1,0,1,2,999,100,1.0,1.0,1.0,0,0,101-500,0
5994,Test Compnay,,2,0,,1,2022-01-24,1,0,1,2,10,10000,1.0,1.0,1.0,1,0,1-25,0
5995,Test Indain Company,,,0,,0,2022-01-24,1,0,1,1,0,100,1.0,1.0,1.0,0,0,101-500,0
5996,ssi,,72,0,,1,2022-01-24,1,0,1,2,10,100,1.0,1.0,1.0,1,0,1-25,0
5997,abc,,2,0,,1,2022-01-24,1,0,1,2,1,10000,1.0,1.0,1.0,1,0,26-100,0
5998,sfsdfsd,,72,0,,1,2022-01-24,1,0,1,2,10,10000,1.0,1.0,1.0,1,0,26-100,0
5999,ssi,,,0,,0,2022-01-24,1,0,1,1,0,100,1.0,1.0,1.0,0,0,1-25,0
6000,asjga,,2,0,,1,2022-01-24,1,0,1,2,999,100,1.0,1.0,1.0,0,0,101-500,0
6001,asjga,,,0,,0,2022-01-24,1,0,1,1,0,100,1.0,1.0,1.0,0,0,101-500,0
6002,Test Compnay,,3,0,,1,2022-01-24,1,0,1,2,999,10000,1.0,1.0,1.0,1,0,500-1000,0
6003,Test Compnay,,,0,,0,2022-01-24,1,0,1,1,0,100,1.0,1.0,1.0,0,0,500-1000,0
6004,wfawfwfasv,,3,0,,1,2022-01-24,1,0,1,2,10,100,1.0,1.0,1.0,0,0,101-500,0
6005,Test Company,,3,0,,1,2022-01-25,1,0,1,2,999,10000,1.0,1.0,1.0,1,0,500-1000,0
6006,Test Company,,3,0,,1,2022-01-25,1,1,1,1,12,100,1.0,1.0,1.0,0,0,500-1000,0
6007,Test Co Pvt Ltd,,3,0,,1,2022-01-25,1,0,1,2,10,100,1.0,1.0,1.0,0,0,500-1000,0
6008,vip,,2,0,,1,2022-01-25,1,0,1,2,999,100,1.0,1.0,1.0,0,0,101-500,0
6009,vip,,2,0,,1,2022-01-25,1,0,1,2,999,100,1.0,1.0,1.0,0,0,1-25,0
6010,Test Co Pvt Ltd,,,0,,0,2022-01-25,1,0,1,1,0,100,1.0,1.0,1.0,0,0,500-1000,0
6011,vip,,,0,,0,2022-01-25,1,0,1,1,0,100,1.0,1.0,1.0,0,0,1-25,0
6013,Test Company,,,0,,0,2022-01-25,1,0,1,1,0,100,1.0,1.0,1.0,0,0,500-1000,0
6014,TesTing Urasia,,"74,75,76,4,51,78,7,124,82,83",0,2,1,2022-01-27,1,1,1,1,116,10000,1.0,1.0,1.0,0,0,500-1000,0
6015,Tesing,,,0,,0,2022-01-27,1,0,1,1,0,100,1.0,1.0,1.0,0,0,101-500,0
6016,vip,,72,0,,1,2022-01-27,1,0,1,2,1,100,1.0,1.0,1.0,1,0,26-100,0
6017,Testing USA,,222,0,,1,2022-01-27,1,1,1,2,10,100,1.0,1.0,1.0,1,0,500-1000,0
6018,Testing USA,,,0,,0,2022-01-27,1,0,1,1,0,100,1.0,1.0,1.0,0,0,500-1000,0
6019,vip,,72,0,,1,2022-01-27,1,0,1,2,1,10000,1.0,1.0,1.0,1,0,26-100,0
6020,"234234324#(*9.d;""@#$",,,0,,0,2022-01-27,1,0,1,1,0,100,1.0,1.0,1.0,0,0,101-500,0
6021,Test Company,,73,0,,1,2022-01-28,1,1,1,2,14,100,1.0,1.0,1.0,1,0,500-1000,0
6022,Test Company,,,0,,0,2022-01-28,1,0,1,1,0,100,1.0,1.0,1.0,0,0,500-1000,0
6023,Enterprise company,,2,0,,1,2022-01-31,1,0,1,2,999,10000,1.0,1.0,1.0,1,0,More than 1000,0
6024,Enterprise company,,,0,,0,2022-01-31,1,0,1,1,0,100,1.0,1.0,1.0,0,0,More than 1000,0
6025,vip,,2,0,,1,2022-01-31,1,1,1,2,2,100,1.0,1.0,1.0,0,0,26-100,0
6026,vip,,,0,,0,2022-01-31,1,0,1,1,0,100,1.0,1.0,1.0,0,0,26-100,0
6027,Test,,2,0,,1,2022-02-01,1,0,1,2,1,10000,1.0,1.0,1.0,1,0,101-500,0
6028,Sri infotech,,231,0,,1,2022-02-02,1,0,1,2,1,100,1.0,1.0,1.0,1,0,26-100,0
6029,Test Company,,2,0,,1,2022-02-03,1,1,1,2,1,100,1.0,1.0,1.0,1,0,500-1000,0
6030,Test Company,,,0,,0,2022-02-03,1,0,1,1,0,100,1.0,1.0,1.0,0,0,500-1000,0
6031,Test Co Pvt Ltd,,2,0,,1,2022-02-03,1,0,1,2,999,100,1.0,1.0,1.0,0,0,500-1000,0
6032,Sri infotech,,2,0,,1,2022-02-03,1,0,1,2,999,100,1.0,1.0,1.0,0,0,26-100,0
6033,vip,,3,0,,1,2022-02-04,1,0,1,2,1,100,1.0,1.0,1.0,0,0,26-100,0
6034,vip,,,0,,0,2022-02-04,1,0,1,1,0,100,1.0,1.0,1.0,0,0,26-100,0
6035,Test Company,,73,0,,1,2022-02-07,1,0,1,2,1,10000,1.0,1.0,1.0,1,0,1-25,0
6036,Test Company,,2,0,,1,2022-02-07,1,1,1,2,5,10000,1.0,1.0,1.0,1,0,26-100,0
6037,Test,,2,0,,1,2022-02-08,1,0,1,2,10,10000,1.0,1.0,1.0,1,0,More than 1000,0
6038,Test Company Pvt Ltd,,73,0,,1,2022-02-08,1,0,1,2,10,100,1.0,1.0,1.0,1,0,26-100,0
6039,mdciksnd,,2,0,,1,2022-02-08,1,0,1,2,10,10000,1.0,1.0,1.0,1,0,26-100,0
6040,Test Company Pvt Ltd,,,0,,0,2022-02-08,1,0,1,1,0,100,1.0,1.0,1.0,0,0,26-100,0
6041,mdciksnd,,,0,,0,2022-02-08,1,0,1,1,0,100,1.0,1.0,1.0,0,0,26-100,0
6042,Test Compnay,,2,0,,1,2022-02-09,1,1,1,2,12,100,1.0,1.0,1.0,0,0,26-100,0
6043,Test Compnay,,,0,,0,2022-02-09,1,0,1,1,0,100,1.0,1.0,1.0,0,0,26-100,0
6044,Test Industries,,2,0,,1,2022-02-11,1,0,1,2,1,10000,1.0,1.0,1.0,1,0,26-100,0
6045,Test Industries,,,0,,0,2022-02-11,1,0,1,1,0,100,1.0,1.0,1.0,0,0,26-100,0
6046,test engineer,,72,0,,1,2022-02-14,1,0,1,2,10,10000,1.0,1.0,1.0,1,0,26-100,0
6047,Test Company,,"2,3,4",0,,1,2022-02-16,1,0,1,2,10,100,1.0,1.0,1.0,0,0,More than 1000,0
6048,Test Compnay,,,0,,0,2022-02-21,1,0,1,1,0,100,1.0,1.0,1.0,0,0,26-100,0
6049,Test Compnay,,,0,,0,2022-02-21,1,0,1,1,0,100,1.0,1.0,1.0,0,0,26-100,0
6051,Test Compnay,,,0,,0,2022-02-21,1,0,1,1,0,100,1.0,1.0,1.0,0,0,26-100,0
6052,Test Compnay,,,0,,0,2022-02-21,1,0,1,1,0,100,1.0,1.0,1.0,0,0,26-100,0
6053,Test Compnay,,,0,,0,2022-02-21,1,0,1,1,0,100,1.0,1.0,1.0,0,0,26-100,0
6054,Test Compnay,,,0,,0,2022-02-21,1,0,1,1,0,100,1.0,1.0,1.0,0,0,26-100,0
6055,Test Compnay,,,0,,0,2022-02-21,1,0,1,1,0,100,1.0,1.0,1.0,0,0,26-100,0
6056,Test Compnay,,,0,,0,2022-02-21,1,0,1,1,0,100,1.0,1.0,1.0,0,0,26-100,0
6057,Test Compnay,,,0,,0,2022-02-21,1,0,1,1,0,100,1.0,1.0,1.0,0,0,26-100,0
6058,wfawfwfasv,,3,0,,1,2022-02-21,1,1,1,2,10,100,1.0,1.0,1.0,0,0,More than 1000,0
6059,wfawfwfasv,,,0,,0,2022-02-21,1,0,1,1,0,100,1.0,1.0,1.0,0,0,More than 1000,0
6060,wfawfwfasv,,,0,,0,2022-02-21,1,0,1,1,0,100,1.0,1.0,1.0,0,0,More than 1000,0
6061,Test Company,,,0,,0,2022-02-21,1,0,1,1,0,100,1.0,1.0,1.0,0,0,500-1000,0
6062,Test Company,,,0,,0,2022-02-21,1,0,1,1,0,100,1.0,1.0,1.0,0,0,500-1000,0
6063,Test Company,,,0,,0,2022-02-21,1,0,1,1,0,100,1.0,1.0,1.0,0,0,500-1000,0
6064,Test Company,,,0,,0,2022-02-21,1,0,1,1,0,100,1.0,1.0,1.0,0,0,500-1000,0
6065,Test Company,,,0,,0,2022-02-21,1,0,1,1,0,100,1.0,1.0,1.0,0,0,500-1000,0
6066,Test Company,,,0,,0,2022-02-21,1,0,1,1,0,100,1.0,1.0,1.0,0,0,500-1000,0
6067,Test Company,,,0,,0,2022-02-21,1,0,1,1,0,100,1.0,1.0,1.0,0,0,26-100,0
6068,Test Company,,,0,,0,2022-02-21,1,0,1,1,0,100,1.0,1.0,1.0,0,0,26-100,0
6069,SSI,,85,0,,1,2022-02-22,1,0,1,2,10,10000,1.0,1.0,1.0,1,0,1-25,0
6070,jobma,,72,0,,1,2022-02-24,1,1,1,2,10,10000,1.0,1.0,1.0,1,0,26-100,0
6071,Jobma,,2,0,,1,2022-02-24,1,0,1,2,999,10000,1.0,1.0,1.0,1,0,26-100,0
6072,Payment Module,,85,0,,1,2022-02-25,1,1,1,2,3,10000,1.0,1.0,1.0,1,0,More than 1000,0
6073,Payment Module,,,0,,0,2022-02-25,1,0,1,1,0,100,1.0,1.0,1.0,0,0,More than 1000,0
6074,Payment Module,,,0,,0,2022-02-25,1,0,1,1,0,100,1.0,1.0,1.0,0,0,More than 1000,0
6075,Payment Module,,,0,,0,2022-02-25,1,0,1,1,0,100,1.0,1.0,1.0,0,0,More than 1000,0
6076,jobma,,72,0,,1,2022-02-25,1,0,1,2,1,100,1.0,1.0,1.0,1,0,26-100,0
6078,RenewPayment,,231,0,,1,2022-02-25,1,0,1,2,1,10000,1.0,1.0,1.0,1,0,101-500,0
6079,ralakji,,2,0,,1,2022-02-25,1,0,1,2,1,10000,1.0,1.0,1.0,1,0,101-500,0
6080,pay,,231,0,,1,2022-02-25,1,0,1,2,1,10000,1.0,1.0,1.0,1,0,26-100,0
6081,Overall Tester,,1,0,,1,2022-03-01,1,0,1,1,999,100,1.0,1.0,1.0,1,0,More than 1000,0
6082,Testing Overall,,2,0,,1,2022-03-01,1,0,1,2,999,10000,1.0,1.0,1.0,1,0,500-1000,0
6083,Testing Scope,,"7,10",0,,1,2022-03-01,1,1,1,2,3,10000,1.0,1.0,1.0,1,0,1-25,0
6084,Relax,,72,0,,1,2022-03-02,1,1,1,2,102,10000,1.0,1.0,1.0,1,0,1-25,0
6085,ABCD,,79,0,,1,2022-03-02,1,0,1,2,1,10000,1.0,1.0,1.0,1,0,26-100,0
6086,asd,,1,0,,1,2022-03-02,1,0,1,2,10,10000,1.0,1.0,1.0,1,0,26-100,0
6087,Relaxo,,2,0,,1,2022-03-02,1,0,1,2,60,10000,1.0,1.0,1.0,1,0,More than 1000,0
6088,jobma,,231,0,,1,2022-03-02,1,1,1,2,10,100,1.0,1.0,1.0,1,0,26-100,0
6089,SSI,,23,0,,1,2022-03-02,1,0,1,2,1,10000,1.0,1.0,1.0,1,0,1-25,0
6090,laksh,,2,0,,1,2022-03-02,1,0,1,2,999,10000,1.0,1.0,1.0,1,0,More than 1000,0
6091,Renewenergy,,7,0,,1,2022-03-02,1,0,1,2,999,10000,1.0,1.0,1.0,1,0,More than 1000,0
6092,hiwi,,4,0,,1,2022-03-02,1,0,1,2,999,10000,1.0,1.0,1.0,1,0,More than 1000,0
6093,Renewenergy,,3,0,,1,2022-03-03,1,0,1,2,10,10000,1.0,1.0,1.0,1,0,500-1000,0
6094,bakshibrothers,,1,0,,1,2022-03-03,1,0,1,2,10,10000,1.0,1.0,1.0,1,0,26-100,0
6095,bakshibrothers,,3,0,,1,2022-03-03,1,0,1,2,10,10000,1.0,1.0,1.0,1,0,26-100,0
6096,solar,,2,0,,1,2022-03-03,1,0,1,2,1,10000,1.0,1.0,1.0,1,0,500-1000,0
6097,Test Company,,4,0,,1,2022-03-03,1,0,1,2,1,10000,1.0,1.0,1.0,1,0,26-100,0
6098,rt,,3,0,,1,2022-03-03,1,0,1,2,1,10000,1.0,1.0,1.0,1,0,101-500,0
6099,Jobma,,3,0,,1,2022-03-03,1,0,1,2,1,10000,1.0,1.0,1.0,1,0,101-500,0
6100,Jobma,,3,0,,1,2022-03-03,1,0,1,2,1,10000,1.0,1.0,1.0,1,0,101-500,0
6101,rnalot,,72,0,,1,2022-03-03,1,0,1,2,1,10000,1.0,1.0,1.0,1,0,26-100,0
6102,renew,,2,0,,1,2022-03-03,1,0,1,2,999,10000,1.0,1.0,1.0,1,0,101-500,0
6103,wetr,,2,0,,1,2022-03-03,1,0,1,2,10,10000,1.0,1.0,1.0,1,0,1-25,0
6104,rebel,,2,0,,1,2022-03-03,1,0,1,2,1,10000,1.0,1.0,1.0,1,0,500-1000,0
6105,remorse,,2,0,,1,2022-03-03,1,0,1,2,999,10000,1.0,1.0,1.0,1,0,500-1000,0
6107,renew,,72,0,,1,2022-03-03,1,1,1,2,10,100,1.0,1.0,1.0,1,0,101-500,0
6108,JK Tech,,78,0,,1,2022-03-03,1,0,1,2,1,10000,1.0,1.0,1.0,1,0,101-500,0
6109,Darcl,,124,0,,1,2022-03-03,1,1,1,2,12,10000,1.0,1.0,1.0,1,0,1-25,0
6110,abc,,92,0,,1,2022-03-03,1,0,1,2,1,10000,1.0,1.0,1.0,1,0,1-25,0
6111,SSI,,23,0,,1,2022-03-04,1,0,1,2,10,10000,1.0,1.0,1.0,1,0,1-25,0
6112,fried,,2,0,,1,2022-03-04,1,1,1,2,11,100,1.0,1.0,1.0,0,0,500-1000,0
6113,wega,,2,0,,1,2022-03-04,1,0,1,2,1,100,1.0,1.0,1.0,1,0,1-25,0
6114,Bilki,,2,0,,1,2022-03-04,1,0,1,2,999,100,1.0,1.0,1.0,0,0,More than 1000,0
6115,kiler,,74,1,,1,2022-03-04,1,0,1,2,999,100,1.0,1.0,1.0,0,0,1-25,0
6116,kiler,,74,1,,1,2022-03-04,1,0,1,2,999,100,1.0,1.0,1.0,0,0,1-25,0
6117,bili,,74,1,,1,2022-03-04,1,0,1,2,999,100,1.0,1.0,1.0,0,0,1-25,0
6118,Testing Candidate,,"10,15,16",0,,1,2022-03-04,1,0,1,2,999,100,1.0,1.0,1.0,0,0,101-500,0
6119,wek,,2,0,,1,2022-03-04,1,0,1,2,10,100,1.0,1.0,1.0,0,0,26-100,0
6120,AEJI,,2,0,,1,2022-03-04,1,0,1,2,10,100,1.0,1.0,1.0,0,0,101-500,0
6121,gogo,,3,0,,1,2022-03-04,1,0,1,2,10,100,1.0,1.0,1.0,0,0,500-1000,0
6122,wrt,,2,0,,1,2022-03-04,1,0,1,2,10,100,1.0,1.0,1.0,0,0,26-100,0
6123,Testing Name,,73,7,,1,2022-03-04,1,0,1,2,10,100,1.0,1.0,1.0,0,0,1-25,0
6124,SenegalSoftware,,23,0,,1,2022-03-04,1,0,1,2,1,100,1.0,1.0,1.0,1,0,500-1000,0
6125,gugu,,2,0,,1,2022-03-04,1,0,1,2,999,100,1.0,1.0,1.0,0,0,101-500,0
6126,Renewpuke,,3,0,,1,2022-03-04,1,0,1,2,999,100,1.0,1.0,1.0,0,0,101-500,0
6127,bideg,,72,0,,1,2022-03-04,1,0,1,2,1,100,1.0,1.0,1.0,1,0,26-100,0
6128,akla,,4,0,,1,2022-03-04,1,0,1,2,999,100,1.0,1.0,1.0,0,0,26-100,0
6129,nany,,3,0,,1,2022-03-04,1,0,1,2,999,100,1.0,1.0,1.0,0,0,More than 1000,0
6130,fried,,,0,,0,2022-03-07,1,0,1,1,0,100,1.0,1.0,1.0,0,0,500-1000,0
6131,Sri infotech,,72,0,,1,2022-03-07,1,0,1,2,1,10000,1.0,1.0,1.0,1,0,101-500,0
6132,sri infotech,,72,0,,1,2022-03-07,1,0,1,2,1,10000,1.0,1.0,1.0,1,0,101-500,0
6133,Test Company,,2,0,,1,2022-03-07,1,0,1,2,1,10000,1.0,1.0,1.0,1,0,101-500,0
6134,Test Compan,,2,0,,1,2022-03-07,1,0,1,2,1,10000,1.0,1.0,1.0,1,0,1-25,0
6135,sri infotech,,2,0,,1,2022-03-07,1,0,1,2,1,10000,1.0,1.0,1.0,1,0,26-100,0
6136,sri infotech,,74,0,,1,2022-03-07,1,0,1,2,1,10000,1.0,1.0,1.0,1,0,101-500,0
6137,Sri infotech,,2,0,,1,2022-03-07,1,0,1,2,1,10000,1.0,1.0,1.0,1,0,26-100,0
6138,Renew,,72,0,,1,2022-03-07,1,0,1,2,1,10000,1.0,1.0,1.0,1,0,101-500,0
6139,Demo,,231,0,,1,2022-03-07,1,0,1,2,10,10000,1.0,3.0,1.0,0,0,1-25,0
6141,Overall Tester 2,,233,0,,1,2022-03-08,1,0,1,1,10,10000,0.0,0.0,1.0,1,0,1-25,0
6142,TestingJobma,,72,0,,1,2022-03-08,1,0,1,2,1,100,1.0,1.0,1.0,0,0,26-100,0
6143,dugu,,2,0,,1,2022-03-08,1,0,1,1,1,10000,0.0,0.0,1.0,1,0,26-100,0
6144,sagitec,,2,0,,1,2022-03-08,1,0,1,1,1,10000,0.0,0.0,1.0,1,0,26-100,0
6145,ssi,,2,0,,1,2022-03-08,1,0,1,1,10,100,1.0,1.0,1.0,0,0,101-500,0
6146,Optum,,26,0,,1,2022-03-08,1,0,1,2,999,10000,0.0,0.0,1.0,1,0,26-100,0
6147,Sri infotech,,73,1,,1,2022-03-08,1,0,1,2,10,100,1.0,1.0,1.0,0,0,1-25,0
6148,Sri infotech,,73,1,,1,2022-03-08,1,0,1,2,1,100,1.0,1.0,1.0,0,0,1-25,0
6149,Testing King,,73,1,,1,2022-03-08,1,0,1,1,999,10000,1.0,1.0,1.0,1,0,1-25,0
6151,Sri Infotech,,3,0,,1,2022-03-08,1,0,1,2,1,10000,1.0,1.0,1.0,1,0,1-25,0
6152,Seller,,10,0,,1,2022-03-08,1,0,1,2,999,10000,1.0,1.0,1.0,1,0,26-100,0
6154,SSR,,74,0,,1,2022-03-08,1,1,1,2,2,10000,1.0,1.0,1.0,1,0,26-100,0
6155,abc,,,0,,0,2022-03-08,1,0,1,1,0,100,1.0,1.0,1.0,0,0,1-25,0
6157,Test Company,,4,0,,1,2022-03-08,1,0,1,2,999,100,1.0,1.0,1.0,0,0,500-1000,0
6165,renew,,74,0,,1,2022-03-08,1,0,1,2,1,10000,1.0,1.0,1.0,1,0,26-100,0
6166,renew,,,0,,0,2022-03-08,1,0,1,1,0,100,1.0,1.0,1.0,0,0,26-100,0
6167,capgemini,,85,0,,1,2022-03-09,1,1,1,2,4,10000,1.0,1.0,1.0,1,0,101-500,0
6168,Demo,,,0,,0,2022-03-09,1,0,1,1,0,100,1.0,1.0,1.0,0,0,1-25,0
6169,SSI,,23,0,,1,2022-03-09,1,0,1,1,20,10000,1.0,1.0,1.0,1,0,1-25,0
6170,Institute Ltd,,78,0,,0,2022-03-09,1,1,1,2,10,100,1.0,1.0,1.0,1,0,26-100,0
6171,SSI,,23,0,,0,2022-03-09,1,0,1,2,1,100,1.0,1.0,1.0,0,0,1-25,0
6172,Testing pvt ltd,,,0,,0,2022-03-10,1,0,1,1,0,100,1.0,1.0,1.0,0,0,26-100,0
6173,Institute Ltd,,,0,,0,2022-03-10,1,0,1,1,0,100,1.0,1.0,1.0,0,0,26-100,0
6174,Test Company,,72,0,,1,2022-03-10,1,0,1,2,1,10000,1.0,1.0,1.0,1,0,26-100,0
6175,Select Source,,78,0,,1,2022-03-11,1,0,1,2,1,10000,1.0,1.0,1.0,1,0,26-100,0
6176,Source Ltd,,75,1,,1,2022-03-11,1,0,1,2,1,100,1.0,1.0,1.0,0,0,1-25,0
6177,ssi,,73,0,,1,2022-03-11,1,0,1,2,1,100,1.0,1.0,1.0,0,0,26-100,0
6178,SSI,,23,0,,1,2022-03-11,1,0,1,2,1,10000,0.0,0.0,1.0,1,0,1-25,0
6179,&^%&^%,,43,0,,1,2022-03-14,1,0,1,2,1,10000,1.0,1.0,1.0,1,0,500-1000,0
6180,Test Company,,2,0,,1,2022-03-14,1,0,1,2,1,100,1.0,1.0,1.0,1,0,26-100,0
6181,^&%^&%,,73,0,,1,2022-03-14,1,0,1,2,1,10000,1.0,1.0,1.0,1,0,500-1000,0
6182,Jobma,,73,0,,1,2022-03-14,1,0,1,2,1,10000,1.0,1.0,1.0,1,0,26-100,0
6183,jobma,,92,0,,1,2022-03-14,1,1,1,2,10,10000,1.0,1.0,1.0,1,0,26-100,0
6184,jobma,,72,0,1,1,2022-03-14,1,1,1,1,13,10000,1.0,1.0,1.0,1,0,101-500,0
6185,SSI indore,,23,0,2,1,2022-03-15,1,1,1,1,3,10000,1.0,1.0,1.0,1,0,More than 1000,0
6186,Jobma,,72,0,,1,2022-03-15,1,0,1,2,1,10000,1.0,1.0,1.0,1,0,1-25,0
6187,Demo,,,0,,0,2022-03-15,1,0,1,1,0,100,1.0,1.0,1.0,0,0,1-25,0
6188,Testing Manual,,72,0,,1,2022-03-15,1,0,1,2,1,10000,1.0,1.0,1.0,1,0,1-25,0
6189,Abc,,235,0,,1,2022-03-15,1,1,1,2,31,10000,1.0,1.0,1.0,1,0,1-25,0
6190,Jobmaa,,72,0,,1,2022-03-15,1,0,1,2,10,10000,1.0,1.0,1.0,1,0,1-25,0
6191,jobma,,,0,,0,2022-03-15,1,0,1,1,0,100,1.0,1.0,1.0,0,0,26-100,0
6192,jobma,,,0,,0,2022-03-15,1,0,1,1,0,100,1.0,1.0,1.0,0,0,26-100,0
6193,jobma,,,0,,0,2022-03-16,1,0,1,1,0,100,1.0,1.0,1.0,0,0,26-100,0
6194,34234,,73,0,,1,2022-03-16,1,0,1,2,1,100,1.0,1.0,1.0,1,0,101-500,0
6195,Sri infotech,,2,0,,1,2022-03-16,1,0,1,2,1,10000,1.0,1.0,1.0,1,0,101-500,0
6196,fkjslk;,,74,0,,1,2022-03-16,1,0,1,2,1,100,1.0,1.0,1.0,1,0,101-500,0
6197,sdkjfhasj,,73,0,,1,2022-03-16,1,0,1,2,1,10000,1.0,1.0,1.0,1,0,101-500,0
6199,SSI,,72,0,,1,2022-03-16,1,0,1,2,10,10000,1.0,1.0,1.0,1,0,26-100,0
6200,Test Company,,72,0,,1,2022-03-16,1,0,1,2,10,10000,1.0,1.0,1.0,1,0,1-25,0
6201,Jobma,,,0,1,0,2022-03-17,1,0,1,1,0,100,1.0,1.0,1.0,0,0,500-1000,0
6202,Jobma,,,0,1,0,2022-03-17,1,0,1,1,0,100,1.0,1.0,1.0,0,0,500-1000,0
6204,Jobma,,,0,1,0,2022-03-17,1,0,1,1,0,100,1.0,1.0,1.0,0,0,500-1000,0
6206,Test Company,,,0,,0,2022-03-17,1,0,1,1,0,100,1.0,1.0,1.0,0,0,26-100,0
6207,Ranjan Testing,,"72,2",0,,1,2022-03-17,1,1,1,1,11,100,1.0,1.0,1.0,1,0,26-100,0
6208,jobma,,,0,,0,2022-03-21,1,0,1,1,0,100,1.0,1.0,1.0,0,0,26-100,0
6209,SSI,,"7,124",0,,1,2022-03-21,1,0,1,2,10,10000,1.0,1.0,1.0,1,0,500-1000,0
6210,Fine testing,,72,0,,1,2022-03-21,1,0,1,2,1,100,1.0,1.0,1.0,1,0,500-1000,0
6211,Renewable,,73,0,,1,2022-03-22,1,0,1,2,5,10000,1.0,1.0,1.0,1,0,1-25,0
6212,Emerge Testing,,7,0,,1,2022-03-22,1,0,1,1,10,100,1.0,1.0,1.0,0,0,26-100,0
6213,victor,,73,0,,1,2022-03-22,1,0,1,2,1,10000,1.0,1.0,1.0,1,0,26-100,0
6214,Ambar Testing,,1,0,,1,2022-03-22,1,0,1,2,10,100,1.0,1.0,1.0,0,0,26-100,0
6215,renewti,,2,0,,1,2022-03-22,1,0,1,2,10,10000,1.0,1.0,1.0,1,0,26-100,0
6216,Anibh Testing,,"1,7",0,,1,2022-03-22,1,0,1,2,1,100,1.0,1.0,1.0,0,0,26-100,0
6217,Nirjan Testing,,72,0,,1,2022-03-22,1,0,1,2,10,10000,1.0,1.0,1.0,1,0,101-500,0
6218,ABCDEFGH,,4,0,,1,2022-03-22,1,0,1,2,11,10000,1.0,1.0,1.0,1,0,500-1000,0
6219,Renewable,,,0,,0,2022-03-22,1,0,1,1,0,100,1.0,1.0,1.0,0,0,1-25,0
6220,Emerge Testing,,,0,,0,2022-03-22,1,0,1,1,0,100,1.0,1.0,1.0,0,0,26-100,0
6221,Renewable,,,0,,0,2022-03-22,1,0,1,1,0,100,1.0,1.0,1.0,0,0,1-25,0
6222,guitar,,72,0,,1,2022-03-23,1,0,1,2,1,10000,1.0,1.0,1.0,1,0,1-25,0
6223,abc,,2,0,,1,2022-03-23,1,1,1,2,1009,100,1.0,1.0,1.0,0,0,500-1000,0
6224,Sri infotech,,3,0,,1,2022-03-23,1,1,1,2,1009,100,1.0,1.0,1.0,0,0,101-500,0
6225,weelbourn,,74,1,,1,2022-03-23,1,0,1,2,999,100,1.0,1.0,1.0,0,0,1-25,0
6226,SSI indore,,23,0,,1,2022-03-23,1,0,1,2,1,100,1.0,1.0,1.0,1,0,101-500,0
6227,JOBMA Indore,,23,0,,1,2022-03-23,1,1,1,2,11,10000,1.0,1.0,1.0,1,0,500-1000,0
6228,ABCD,,,0,,0,2022-03-24,1,0,1,1,0,100,1.0,1.0,1.0,0,0,26-100,0
6229,dsad,,72,0,,1,2022-03-25,1,0,1,2,0,100,1.0,1.0,1.0,1,0,26-100,0
6232,SSI,,7,0,,1,2022-03-25,1,0,1,2,10,100,1.0,1.0,1.0,1,0,1-25,0
6234,testingtrial,,2,0,,1,2022-03-28,1,0,1,2,0,100,1.0,1.0,1.0,1,0,101-500,0
6235,dfdsf,,2,0,,1,2022-03-28,1,0,1,2,0,100,1.0,1.0,1.0,1,0,26-100,0
6236,Test Company Pvt Ltd,,2,0,,1,2022-03-28,1,1,1,2,1,100,1.0,1.0,1.0,1,0,26-100,0
6237,dsfdsf,,2,0,,1,2022-03-28,1,0,1,2,10,100,1.0,1.0,1.0,1,0,101-500,0
6238,Basic Testing,,231,0,,1,2022-03-28,1,1,1,2,6,100,1.0,1.0,1.0,1,0,101-500,0
6239,Basic Testing,,,0,,0,2022-03-28,1,0,1,1,0,100,1.0,1.0,1.0,0,0,101-500,0
6240,Basic Testing,,,0,,0,2022-03-28,1,0,1,1,0,100,1.0,1.0,1.0,0,0,101-500,0
6241,Primary Testing NRI,,"72,73",0,,1,2022-03-29,1,1,1,2,1,100,1.0,1.0,1.0,1,0,101-500,0
6242,Test Company,,2,0,,1,2022-03-29,1,0,1,2,10,100,1.0,1.0,1.0,0,0,More than 1000,0
6243,Primary Testing NRI,,,0,,0,2022-03-29,1,0,1,1,0,100,1.0,1.0,1.0,0,0,101-500,0
6244,wfawfwfasv,,2,0,,1,2022-03-29,1,0,1,2,999,10000,1.0,1.0,1.0,1,0,More than 1000,0
6245,jobma,,2,0,,1,2022-03-29,1,0,1,2,0,100,1.0,1.0,1.0,1,0,101-500,0
6246,Reko,,72,0,,1,2022-03-29,1,0,1,2,10,100,1.0,1.0,1.0,1,0,1-25,0
6247,rto,,2,0,,1,2022-03-29,1,0,1,2,999,100,1.0,1.0,1.0,0,0,More than 1000,0
6248,jobma,,72,0,,1,2022-03-29,1,0,1,2,1,100,1.0,1.0,1.0,1,0,26-100,0
6249,JOBMA,,231,0,,1,2022-03-29,1,0,1,2,0,100,1.0,1.0,1.0,1,0,26-100,0
6250,dd,,72,0,,1,2022-03-29,1,0,1,2,1,10000,1.0,1.0,1.0,1,0,1-25,0
6251,jobma,,72,0,,1,2022-03-29,1,0,1,2,1,10000,1.0,1.0,1.0,1,0,1-25,0
6252,jobma,,72,0,,1,2022-03-29,1,0,1,2,1,10000,1.0,1.0,1.0,1,0,26-100,0
6253,jobma,,2,0,,1,2022-03-30,1,0,1,2,1,100,1.0,1.0,1.0,0,0,101-500,0
6254,jobma,,3,0,,1,2022-03-30,1,0,1,2,10,100,1.0,1.0,1.0,0,0,26-100,0
6255,jobma,,2,0,,1,2022-03-30,1,0,1,2,999,100,1.0,1.0,1.0,0,0,101-500,0
6256,jobma,,2,0,,1,2022-03-30,1,1,1,2,21,100,1.0,1.0,1.0,1,0,1-25,0
6257,jobma,,72,0,,0,2022-03-30,1,1,1,2,16,100,1.0,1.0,1.0,1,0,26-100,0
6258,Jobma,,2,0,,1,2022-03-30,1,0,1,1,999,100,1.0,1.0,1.0,0,0,26-100,0
6259,Test Company,,72,0,,1,2022-03-30,1,0,1,2,0,100,1.0,1.0,1.0,1,0,1-25,0
6260,Test Company,,72,0,,1,2022-03-30,1,0,1,2,0,100,1.0,1.0,1.0,1,0,1-25,0
6261,jobma,,72,0,,1,2022-03-30,1,0,1,2,0,100,1.0,1.0,1.0,1,0,1-25,0
6262,DDI,,73,0,,1,2022-03-31,1,1,1,2,10,10000,1.0,1.0,1.0,1,0,26-100,0
6263,DDI,,,0,,0,2022-03-31,1,0,1,1,0,100,1.0,1.0,1.0,0,0,26-100,0
6264,Test Company,,"21,41,62",0,,1,2022-03-31,1,0,1,2,1,100,1.0,1.0,1.0,0,0,500-1000,0
6265,Test Company,,3,0,,1,2022-03-31,1,0,1,2,1,10000,1.0,1.0,1.0,1,0,500-1000,0
6266,Incento,,23,0,,1,2022-03-31,1,0,1,2,10,10000,1.0,1.0,1.0,1,0,26-100,0
6267,Water supply company,,24,0,,1,2022-03-31,1,0,1,2,10,100,1.0,1.0,1.0,0,0,101-500,0
6268,Ultra tech,,14,0,,1,2022-03-31,1,0,1,2,999,10000,1.0,1.0,1.0,1,0,26-100,0
6269,Juke ltd,,16,0,,1,2022-03-31,1,0,1,2,1,10000,1.0,1.0,1.0,1,0,26-100,0
6270,darcl,,15,0,,1,2022-03-31,1,0,1,2,999,100,1.0,1.0,1.0,0,0,101-500,0
6271,cars24,,4,0,,1,2022-03-31,1,0,1,2,5,100,1.0,1.0,1.0,0,0,26-100,0
6272,Testing Properly,,2,0,,1,2022-03-31,1,0,1,2,1,10000,1.0,1.0,1.0,1,0,26-100,0
6273,Testing Words,,2,0,,1,2022-03-31,1,0,1,2,999,100,1.0,1.0,1.0,0,0,101-500,0
6276,Testing Preserverance,,231,0,,1,2022-03-31,1,1,1,2,2,10000,1.0,1.0,1.0,1,0,26-100,0
6277,Jobma Hiring,,72,0,,1,2022-03-31,1,0,1,2,10,10000,1.0,1.0,1.0,1,0,101-500,0
6278,Cooks in Minutes,,2,0,,1,2022-03-31,1,0,1,2,999,10000,1.0,1.0,1.0,1,0,500-1000,0
6279,Harish,,231,0,,1,2022-03-31,1,0,1,2,10,10000,1.0,1.0,1.0,1,0,101-500,0
6280,SSI indore,,,0,,0,2022-03-31,1,0,1,1,0,100,1.0,1.0,1.0,0,0,More than 1000,0
6283,jobma,,72,0,,1,2022-03-31,1,0,1,2,1,100,1.0,1.0,1.0,1,0,26-100,0
6284,DDIK,,78,0,,1,2022-03-31,1,0,1,2,10,10000,1.0,1.0,1.0,1,0,101-500,0
6285,DARCL,,2,0,,1,2022-03-31,1,0,1,2,0,100,1.0,1.0,1.0,1,0,101-500,0
6286,DDIK,,73,0,,1,2022-03-31,1,0,1,2,0,100,1.0,1.0,1.0,1,0,26-100,0
6287,Darcl,,54,0,,1,2022-03-31,1,1,1,1,16,100,1.0,1.0,1.0,1,0,26-100,0
6288,DARCL,,3,0,,1,2022-03-31,1,0,1,2,999,100,1.0,1.0,1.0,0,0,101-500,0
6289,Hackthon,,72,0,,1,2022-03-31,1,0,1,2,10,10000,1.0,1.0,1.0,1,0,1-25,0
6290,JOBMA Indore,,,0,,0,2022-03-31,1,0,1,1,0,100,1.0,1.0,1.0,0,0,500-1000,0
6291,JOBMA Indore,,,0,,0,2022-03-31,1,0,1,1,0,100,1.0,1.0,1.0,0,0,500-1000,0
6292,JOBMA Indore,,,0,,0,2022-03-31,1,0,1,1,0,100,1.0,1.0,1.0,0,0,500-1000,0
6293,Basic Testing,,72,0,,1,2022-03-31,1,1,1,2,2,10000,1.0,1.0,1.0,1,0,26-100,0
6294,JOBMA Indore,,,0,,0,2022-03-31,1,0,1,1,0,100,1.0,1.0,1.0,0,0,500-1000,0
6295,JOBMA Indore,,,0,,0,2022-03-31,1,0,1,1,0,100,1.0,1.0,1.0,0,0,500-1000,0
6296,JOBMA Indore,,,0,,0,2022-03-31,1,0,1,1,0,100,1.0,1.0,1.0,0,0,500-1000,0
6297,JOBMA Indore,,,0,,0,2022-03-31,1,0,1,1,0,100,1.0,1.0,1.0,0,0,500-1000,0
6298,JOBMA Indore,,,0,,0,2022-03-31,1,0,1,1,0,100,1.0,1.0,1.0,0,0,500-1000,0
6299,JOBMA Indore,,,0,,0,2022-03-31,1,0,1,1,0,100,1.0,1.0,1.0,0,0,500-1000,0
6300,JOBMA Indore,,,0,,0,2022-03-31,1,0,1,1,0,100,1.0,1.0,1.0,0,0,500-1000,0
6301,jobma,,2,0,,1,2022-03-31,1,0,1,2,0,100,1.0,1.0,1.0,0,0,26-100,0
6302,Optum,,4,0,,1,2022-03-31,1,0,1,2,999,100,1.0,1.0,1.0,0,0,101-500,0
6303,Mama earth,,87,0,,1,2022-03-31,1,0,1,2,0,100,1.0,1.0,1.0,1,0,101-500,0
6304,Jk tech,,47,0,,1,2022-03-31,1,0,1,2,0,100,1.0,1.0,1.0,1,0,101-500,0
6305,UO Testing,,72,0,,1,2022-03-31,1,0,1,2,0,100,1.0,1.0,1.0,1,0,26-100,0
6306,UO Testing,,72,0,,1,2022-03-31,1,0,1,2,0,100,1.0,1.0,1.0,1,0,26-100,0
6307,UO Testing,,72,0,,1,2022-03-31,1,0,1,2,0,100,1.0,1.0,1.0,1,0,26-100,0
6308,Test,,231,0,,1,2022-03-31,1,0,1,2,0,100,1.0,1.0,1.0,1,0,26-100,0
6309,Test,,231,0,,1,2022-03-31,1,0,1,2,0,100,1.0,1.0,1.0,1,0,26-100,0
6310,IG,,2,0,,1,2022-03-31,1,0,1,2,10,100,1.0,1.0,1.0,1,0,26-100,0
6311,Bengal Testing,,2,0,,1,2022-03-31,1,0,1,2,0,100,1.0,1.0,1.0,1,0,101-500,0
6312,Gaurav Testing,,72,0,,1,2022-04-01,1,1,1,2,10,10000,1.0,1.0,1.0,1,0,26-100,0
6313,anand Diary,,231,0,,1,2022-04-01,1,0,1,2,0,100,1.0,1.0,1.0,1,0,26-100,0
6314,anand Diary,,231,0,,1,2022-04-01,1,0,1,2,0,100,1.0,1.0,1.0,1,0,26-100,0
6315,DDIK,,,0,,0,2022-04-01,1,0,1,1,0,100,1.0,1.0,1.0,0,0,101-500,0
6316,Optum,,,0,,0,2022-04-01,1,0,1,1,0,100,1.0,1.0,1.0,0,0,101-500,0
6317,Darcl,,,0,,0,2022-04-01,1,0,1,1,0,100,1.0,1.0,1.0,0,0,26-100,0
6318,Select Source,,,0,,0,2022-04-01,1,0,1,1,0,100,1.0,1.0,1.0,0,0,26-100,0
6319,bhu,,73,0,,1,2022-04-01,1,0,1,2,10,10000,1.0,1.0,1.0,1,0,26-100,0
6320,DDI,,,0,,0,2022-04-01,1,0,1,1,0,100,1.0,1.0,1.0,0,0,26-100,0
6321,Testing Rishabh,,2,0,,1,2022-04-01,1,1,1,2,11,10000,1.0,1.0,1.0,1,0,101-500,0
6322,DDIK,,,0,,0,2022-04-01,1,0,1,1,0,100,1.0,1.0,1.0,0,0,101-500,0
6323,Rishabh Testing Mails,,2,0,,1,2022-04-01,1,1,1,2,11,10000,1.0,1.0,1.0,1,0,26-100,0
6324,Abhit Testing Ltd,,2,0,,1,2022-04-01,1,0,1,2,10,10000,1.0,1.0,1.0,1,0,101-500,0
6325,Darcl,,,0,,0,2022-04-01,1,0,1,1,0,100,1.0,1.0,1.0,0,0,26-100,0
6326,TRENEW,,72,0,,1,2022-04-01,1,0,1,2,1,10000,1.0,1.0,1.0,1,0,26-100,0
6327,DARCL,,,0,,0,2022-04-01,1,0,1,1,0,100,1.0,1.0,1.0,0,0,101-500,0
6328,Naren Testing,,1,0,,1,2022-04-01,1,0,1,2,1,10000,1.0,1.0,1.0,1,0,101-500,0
6329,DARCL,,,0,,0,2022-04-01,1,0,1,1,0,100,1.0,1.0,1.0,0,0,101-500,0
6330,Ranjan Testing,,,0,,0,2022-04-01,1,0,1,1,0,100,1.0,1.0,1.0,0,0,26-100,0
6331,Testing Overall,,,0,,0,2022-04-01,1,0,1,1,0,100,1.0,1.0,1.0,0,0,500-1000,0
6332,Anirudh Testing Live,,3,0,,1,2022-04-04,1,0,1,2,999,100,1.0,1.0,1.0,0,0,101-500,0
6333,Saurabh,,2,0,,1,2022-04-04,1,0,1,2,0,100,1.0,1.0,1.0,0,0,1-25,0
6334,Darcl,,,0,,0,2022-04-04,1,0,1,1,0,100,1.0,1.0,1.0,0,0,1-25,0
6335,Sri infotech,,2,0,,1,2022-04-04,1,0,1,2,999,10000,1.0,1.0,1.0,1,0,26-100,0
6336,Sri infotech,,,0,,0,2022-04-04,1,0,1,1,0,100,1.0,1.0,1.0,0,0,26-100,0
6337,Infotech,,75,0,,1,2022-04-04,1,0,1,2,10,10000,1.0,1.0,1.0,1,0,1-25,0
6338,Infotech,,,0,,0,2022-04-04,1,0,1,1,0,100,1.0,1.0,1.0,0,0,1-25,0
6339,Sri infotech,,,0,,0,2022-04-04,1,0,1,1,0,100,1.0,1.0,1.0,0,0,26-100,0
6340,Sri infotech,,,0,,0,2022-04-04,1,0,1,1,0,100,1.0,1.0,1.0,0,0,26-100,0
6341,Sri infotech,,,0,,0,2022-04-04,1,0,1,1,0,100,1.0,1.0,1.0,0,0,26-100,0
6342,Sri infotech,,3,0,,1,2022-04-04,1,0,1,2,10,10000,1.0,1.0,1.0,1,0,101-500,0
6343,Sri infotech,,,0,,0,2022-04-04,1,0,1,1,0,100,1.0,1.0,1.0,0,0,101-500,0
6344,Sri infotech,,4,0,,1,2022-04-04,1,0,1,2,1,100,1.0,1.0,1.0,0,0,101-500,0
6345,Sri infotech,,,0,,0,2022-04-04,1,0,1,1,0,100,1.0,1.0,1.0,0,0,101-500,0
6346,Sri infotech,,4,0,,1,2022-04-04,1,0,1,2,1,10000,1.0,1.0,1.0,1,0,101-500,0
6347,Sri infotech,,,0,,0,2022-04-04,1,0,1,1,0,100,1.0,1.0,1.0,0,0,101-500,0
6348,1234,,3,0,,1,2022-04-04,1,0,1,2,10,100,1.0,1.0,1.0,0,0,101-500,0
6349,1234,,,0,,0,2022-04-04,1,0,1,1,0,100,1.0,1.0,1.0,0,0,101-500,0
6350,Tech Big,,72,0,,1,2022-04-04,1,0,1,2,1,10000,1.0,1.0,1.0,1,0,1-25,0
6351,TRENEW,,,0,,0,2022-04-04,1,0,1,1,0,100,1.0,1.0,1.0,0,0,26-100,0
6352,Delhivery,,7,0,,1,2022-04-04,1,0,1,2,1,100,1.0,1.0,1.0,0,0,1-25,0
6353,Testing Farukh,,4,0,,1,2022-04-04,1,0,1,2,10,100,1.0,1.0,1.0,0,0,26-100,0
6354,renew,,73,0,,1,2022-04-04,1,0,1,2,10,10000,0.0,0.0,1.0,1,0,101-500,0
6355,JOBMA indore,,23,0,,1,2022-04-04,1,0,1,2,1,10000,0.0,0.0,1.0,1,0,More than 1000,0
6356,Jobma,,73,0,,1,2022-04-04,1,0,1,2,1,10000,0.0,0.0,1.0,1,0,101-500,0
6357,Testing Name,,72,0,,1,2022-04-04,1,0,1,2,10,100,1.0,1.0,1.0,0,0,26-100,0
6358,Sri infotech,,72,0,,1,2022-04-05,1,0,1,2,1,10000,1.0,1.0,1.0,1,0,26-100,0
6359,Sri infotech,,72,0,,1,2022-04-05,1,1,1,2,3,10000,1.0,1.0,1.0,1,0,101-500,0
6360,Sri infotech,,,0,,0,2022-04-05,1,0,1,1,0,100,1.0,1.0,1.0,0,0,101-500,0
6361,Test Company,,72,0,,1,2022-04-05,1,0,1,2,0,100,1.0,1.0,1.0,1,0,26-100,0
6362,Sri infotech,,2,0,,1,2022-04-05,1,0,1,2,10,10000,1.0,1.0,1.0,1,0,101-500,0
6363,abc,,72,0,,1,2022-04-05,1,0,1,2,0,100,1.0,1.0,1.0,1,0,26-100,0
6364,Test Company,,73,0,,1,2022-04-05,1,0,1,2,0,100,1.0,1.0,1.0,1,0,101-500,0
6365,Delta tower,,2,0,,1,2022-04-05,1,0,1,2,1,100,1.0,1.0,1.0,1,0,500-1000,0
6366,Delta tower,,,0,,0,2022-04-05,1,0,1,1,0,100,1.0,1.0,1.0,0,0,500-1000,0
6367,Sri infotech,,72,0,,1,2022-04-05,1,0,1,2,10,100,1.0,1.0,1.0,1,0,101-500,0
6368,Sri infotech,,,0,,0,2022-04-05,1,0,1,1,0,100,1.0,1.0,1.0,0,0,101-500,0
6369,Sri infotech,,73,0,,1,2022-04-05,1,0,1,2,0,100,1.0,1.0,1.0,1,0,101-500,0
6370,test comp,,2,0,,1,2022-04-05,1,0,1,2,0,100,1.0,1.0,1.0,1,0,26-100,0
6371,test company,,231,0,,1,2022-04-05,1,0,1,2,0,100,1.0,1.0,1.0,1,0,26-100,0
6381,jobma,,72,0,,0,2022-04-06,1,0,1,2,0,100,1.0,1.0,1.0,1,0,26-100,0
6382,Sri infotech,,74,0,,1,2022-04-11,1,0,1,2,1,100,1.0,1.0,1.0,1,0,101-500,0
6383,Test Company,,73,0,,1,2022-04-11,1,0,1,2,0,100,1.0,1.0,1.0,1,0,26-100,0
6384,sri infotech,,2,0,,1,2022-04-11,1,0,1,2,0,100,1.0,1.0,1.0,1,0,26-100,0
6385,Sri infotech,,73,0,,-1,2022-04-11,1,0,1,2,0,100,1.0,1.0,1.0,1,0,101-500,0
6386,Sri Infotech,,73,0,,1,2022-04-11,1,0,1,2,0,100,1.0,1.0,1.0,1,0,101-500,0
6387,Sri infotech,,2,0,,1,2022-04-11,1,0,1,2,0,100,1.0,1.0,1.0,1,0,101-500,0
6388,Sri infotech,,2,0,,1,2022-04-11,1,0,1,2,0,100,1.0,1.0,1.0,0,0,26-100,0
6389,Test Compnay,,72,0,,1,2022-04-11,1,0,1,2,1,10000,1.0,1.0,1.0,1,0,1-25,0
6390,jobma,,7,0,,1,2022-04-11,1,0,1,2,1,10000,1.0,1.0,1.0,1,0,26-100,0
6391,Test Company,,72,0,,1,2022-04-11,1,0,1,2,1,100,1.0,1.0,1.0,1,0,1-25,0
6392,abc,,51,0,,1,2022-04-11,1,0,1,2,10,10000,1.0,1.0,1.0,1,0,26-100,0
6393,ibm,,23,0,,1,2022-04-11,1,0,1,2,1,100,1.0,1.0,1.0,1,0,101-500,0
6394,Bridge,,72,0,,1,2022-04-11,1,0,1,2,1,100,1.0,1.0,1.0,1,0,1-25,0
6395,Sri infotech,,4,0,,1,2022-04-11,1,0,1,2,10,100,1.0,1.0,1.0,0,0,26-100,0
6396,jkl,,74,0,,1,2022-04-11,1,0,1,2,10,10000,1.0,1.0,1.0,1,0,1-25,0
6397,ibm,,231,0,,1,2022-04-11,1,0,1,2,1,100,1.0,1.0,1.0,1,0,1-25,0
6398,qwe,,72,0,,1,2022-04-11,1,0,1,2,10,10000,1.0,1.0,1.0,1,0,101-500,0
6399,dsfsdf,,2,0,,1,2022-04-11,1,0,1,2,1,10000,1.0,1.0,1.0,1,0,26-100,0
6400,fsdf,,2,0,,1,2022-04-11,1,0,1,2,1,10000,1.0,1.0,1.0,1,0,26-100,0
6401,Sri infotech,,3,0,,1,2022-04-11,1,0,1,2,10,100,1.0,1.0,1.0,0,0,500-1000,0
6402,Sri Infotech,,3,0,,1,2022-04-11,1,0,1,2,11,100,1.0,1.0,1.0,0,0,26-100,0
6403,Sri infotech,,2,0,,1,2022-04-11,1,0,1,2,10,100,1.0,1.0,1.0,0,0,101-500,0
6404,Test Company,,"72,2,73",0,,1,2022-04-12,1,0,1,2,1,10000,1.0,1.0,1.0,1,0,101-500,0
6405,Testing Coding,,72,0,,1,2022-04-12,1,1,1,2,1,100,1.0,1.0,1.0,1,0,1-25,0
6406,Test Company,,72,0,,1,2022-04-12,1,0,1,2,1,100,1.0,1.0,1.0,1,0,1-25,0
6407,Testing Coding,,,0,,0,2022-04-12,1,0,1,1,0,100,1.0,1.0,1.0,0,0,1-25,0
6408,Demo,,"85,23",0,,1,2022-04-12,1,0,1,2,10,100,1.0,1.0,1.0,1,0,1-25,0
6409,Demo,,23,0,,1,2022-04-13,1,0,1,2,10,10000,1.0,1.0,1.0,1,0,1-25,0
6410,Testing,,23,0,,1,2022-04-13,1,0,1,2,10,10000,1.0,1.0,1.0,1,0,1-25,0
6411,jobma 12222,,"231,7",0,2,1,2022-04-13,1,1,1,1,4,10000,1.0,1.0,1.0,1,0,26-100,0
6412,Testing,,23,0,,1,2022-04-13,1,0,1,2,10,10000,1.0,1.0,1.0,1,0,1-25,0
6413,SSI,,72,0,,1,2022-04-13,1,0,1,2,1,10000,1.0,1.0,1.0,1,0,1-25,0
6414,SelectSource,,85,0,,1,2022-04-13,1,0,1,2,10,10000,1.0,1.0,1.0,1,0,500-1000,0
6415,Jobma,,231,0,,1,2022-04-14,1,0,1,2,1,10000,1.0,1.0,1.0,1,0,1-25,0
6416,Software Development,,23,0,,1,2022-04-14,1,0,1,2,10,10000,1.0,1.0,1.0,1,0,1-25,0
6417,jobma,,1,0,,1,2022-04-14,1,0,1,2,0,100,1.0,1.0,1.0,0,0,1-25,0
6418,Jobma ssi,,23,0,,1,2022-04-14,1,0,1,2,10,10000,1.0,1.0,1.0,1,0,500-1000,0
6419,Jobma ssi,,,0,,1,2022-04-14,1,0,1,1,0,100,1.0,1.0,1.0,0,0,500-1000,0
6420,SSI JOBMA,,23,0,,1,2022-04-14,1,0,1,2,10,10000,1.0,1.0,1.0,1,0,500-1000,0
6421,jobma,,72,0,,0,2022-04-14,1,0,1,2,0,100,1.0,1.0,1.0,1,0,1-25,0
6422,jobma us,,23,0,,1,2022-04-14,1,0,1,2,1,100,1.0,1.0,1.0,1,0,1-25,0
6423,jobma us,,,0,,0,2022-04-14,1,0,1,1,0,100,1.0,1.0,1.0,0,0,1-25,0
6424,jobma,,231,0,,0,2022-04-14,1,0,1,2,0,100,1.0,1.0,1.0,1,0,1-25,0
6425,Optum,,,0,,0,2022-04-14,1,0,1,1,0,100,1.0,1.0,1.0,0,0,26-100,0
6426,jobma,,2,0,,1,2022-04-14,1,0,1,2,1,100,1.0,1.0,1.0,0,0,26-100,0
6427,SSI indore,,233,0,,1,2022-04-14,1,1,1,2,6,10000,1.0,1.0,1.0,1,0,1-25,0
6428,Test Company,,2,0,,1,2022-04-14,1,0,1,2,1,10000,1.0,1.0,1.0,1,0,1-25,0
6429,Test Company,,72,0,,1,2022-04-14,1,0,1,2,1,10000,1.0,1.0,1.0,1,0,26-100,0
6430,jaymishra,,2,0,,1,2022-04-15,1,0,1,2,10,10000,1.0,1.0,1.0,1,0,26-100,0
6431,saad,,2,0,,1,2022-04-15,1,0,1,2,10,10000,1.0,1.0,1.0,1,0,1-25,0
6432,SSI indore,,,0,,0,2022-04-15,1,0,1,1,0,100,1.0,1.0,1.0,0,0,1-25,0
6433,ghj,,2,0,,1,2022-04-15,1,0,1,2,10,10000,1.0,1.0,1.0,1,0,26-100,0
6434,SSI indore,,,0,,0,2022-04-15,1,0,1,1,0,100,1.0,1.0,1.0,0,0,1-25,0
6435,SelectSource,,,0,,0,2022-04-15,1,0,1,1,0,100,1.0,1.0,1.0,0,0,500-1000,0
6436,PayUMoney,,72,0,,1,2022-04-15,1,1,1,2,10,10000,1.0,1.0,1.0,1,0,26-100,0
6437,PaperTest,,72,0,,1,2022-04-15,1,1,1,2,12,100,1.0,1.0,1.0,1,0,26-100,0
6438,Jk tech,,3,0,,1,2022-04-15,1,0,1,2,5,10000,1.0,1.0,1.0,1,0,101-500,0
6439,Sri infotech,,4,0,,1,2022-04-18,1,0,1,2,1,100,1.0,1.0,1.0,0,0,500-1000,0
6440,Sri infotech,,,0,,0,2022-04-18,1,0,1,1,0,100,1.0,1.0,1.0,0,0,500-1000,0
6443,Sri infotech,,4,0,,0,2022-04-18,1,1,1,1,10,100,1.0,1.0,1.0,0,0,26-100,0
6444,JOBMA indore,,23,0,,1,2022-04-18,1,0,1,2,10,10000,1.0,1.0,1.0,1,0,26-100,0
6445,Sri infotech,,3,0,,1,2022-04-18,1,0,1,2,999,100,1.0,1.0,1.0,0,0,500-1000,0
6446,Sri infotech,,,0,,0,2022-04-18,1,0,1,1,0,100,1.0,1.0,1.0,0,0,500-1000,0
6447,ded,,1,0,,1,2022-04-18,1,1,1,2,2,10000,1.0,1.0,1.0,1,0,26-100,0
6448,JOBMA indore,,,0,,0,2022-04-18,1,0,1,1,0,100,1.0,1.0,1.0,0,0,26-100,0
6449,Test Compnay,,72,0,,1,2022-04-18,1,0,1,2,1,10000,1.0,1.0,1.0,1,0,26-100,0
6450,monthlycredits,,2,0,,1,2022-04-18,1,0,1,2,1,10000,1.0,1.0,1.0,1,0,26-100,0
6451,Sri infotech,,4,0,,1,2022-04-18,1,0,1,2,999,100,1.0,1.0,1.0,0,0,26-100,0
6452,Sri infotech,,,0,,0,2022-04-18,1,0,1,1,0,100,1.0,1.0,1.0,0,0,26-100,0
6453,Sri infotech,,3,0,,1,2022-04-18,1,1,1,2,8,10000,1.0,1.0,1.0,1,0,500-1000,0
6454,Sri infotech,,,0,,0,2022-04-18,1,0,1,1,0,100,1.0,1.0,1.0,0,0,500-1000,0
6455,delta tower,,4,0,,1,2022-04-18,1,1,1,2,27,10000,1.0,1.0,1.0,1,0,101-500,0
6456,delta tower,,,0,,0,2022-04-18,1,0,1,1,0,100,1.0,1.0,1.0,0,0,101-500,0
6457,Sri infotech,,3,0,,1,2022-04-18,1,0,1,2,999,10000,1.0,1.0,1.0,1,0,26-100,0
6458,Sri infotech,,,0,,0,2022-04-18,1,0,1,1,0,100,1.0,1.0,1.0,0,0,26-100,0
6459,Sriinfotech,,72,0,,1,2022-04-18,1,0,1,2,1,10000,1.0,1.0,1.0,1,0,26-100,0
6460,Sriinfotech,,,0,,0,2022-04-18,1,0,1,1,0,100,1.0,1.0,1.0,0,0,26-100,0
6461,Dekata,,2,0,,1,2022-04-18,1,0,1,2,1,10000,1.0,1.0,1.0,1,0,500-1000,0
6462,ssi,,2,0,,1,2022-04-18,1,0,1,2,1,10000,1.0,1.0,1.0,1,0,26-100,0
6463,Sri infotech,,2,0,,1,2022-04-18,1,0,1,2,10,10000,1.0,1.0,1.0,1,0,101-500,0
6464,Sri infotech,,,0,,0,2022-04-18,1,0,1,1,0,100,1.0,1.0,1.0,0,0,101-500,0
6465,SSI Ggn,,"7,81,82",0,,1,2022-04-18,1,0,1,2,1,10000,1.0,1.0,1.0,1,0,101-500,0
6466,s;oixj,,236,0,,1,2022-04-18,1,0,1,2,10,10000,1.0,1.0,1.0,1,0,500-1000,0
6467,renew,,,0,,0,2022-04-18,1,0,1,1,0,100,1.0,1.0,1.0,0,0,101-500,0
6468,delta,,72,0,,0,2022-04-18,1,0,1,1,1,100,1.0,1.0,1.0,1,0,101-500,0
6469,delta,,,0,,0,2022-04-18,1,0,1,1,0,100,1.0,1.0,1.0,0,0,101-500,0
6470,ssi,,7,0,,1,2022-04-18,1,0,1,2,1,10000,1.0,1.0,1.0,1,0,26-100,0
6471,abhishek,,2,0,,1,2022-04-18,1,1,1,2,11,100,1.0,1.0,1.0,1,0,26-100,0
6472,abhishek,,,0,,0,2022-04-18,1,0,1,1,0,100,1.0,1.0,1.0,0,0,26-100,0
6473,SSI GGN,,23,0,,1,2022-04-18,1,0,1,2,1,10000,1.0,1.0,1.0,1,0,26-100,0
6474,EFGH,,,0,,0,2022-04-18,1,0,1,1,0,100,1.0,1.0,1.0,0,0,26-100,0
6475,ssi,,85,0,,1,2022-04-18,1,1,1,1,1009,10000,1.0,1.0,1.0,0,0,1-25,0
6476,SSI,,85,0,,1,2022-04-18,1,1,1,2,3,10000,1.0,1.0,1.0,1,0,101-500,0
6477,SSI,,85,0,,1,2022-04-19,1,0,1,2,1,10000,1.0,1.0,1.0,1,0,1-25,0
6478,Magma,,2,0,,1,2022-04-19,1,0,1,2,1,10000,1.0,1.0,1.0,1,0,26-100,0
6479,text,,72,0,,1,2022-04-19,1,0,1,2,1,10000,1.0,1.0,1.0,1,0,1-25,0
6480,Delta tower,,3,0,,1,2022-04-19,1,0,1,2,999,100,1.0,1.0,1.0,0,0,101-500,0
6481,Test Co,,73,0,,1,2022-04-19,1,0,1,2,1,10000,1.0,1.0,1.0,1,0,500-1000,0
6482,Delta tower,,,0,,0,2022-04-19,1,0,1,1,0,100,1.0,1.0,1.0,0,0,101-500,0
6483,Delta tower,,4,0,,1,2022-04-19,1,0,1,2,999,100,1.0,1.0,1.0,0,0,26-100,0
6484,Delta tower,,,0,,0,2022-04-19,1,0,1,1,0,100,1.0,1.0,1.0,0,0,26-100,0
6485,SSIII,,7,0,,0,2022-04-19,1,0,1,1,999,10000,1.0,50.0,1.0,0,0,26-100,0
6486,Kk trading group,,4,0,,1,2022-04-19,1,0,1,2,999,10000,1.0,1.0,1.0,1,0,26-100,0
6487,Kk trading group,,,0,,0,2022-04-19,1,0,1,1,0,100,1.0,1.0,1.0,0,0,26-100,0
6488,ssi,,72,0,,1,2022-04-19,1,0,1,2,1,10000,1.0,1.0,1.0,1,0,101-500,0
6489,Sri infotech,,4,0,,1,2022-04-19,1,0,1,2,999,10000,1.0,1.0,1.0,1,0,26-100,0
6490,Sri infotech,,,0,,0,2022-04-19,1,0,1,1,0,100,1.0,1.0,1.0,0,0,26-100,0
6491,5653,,3,0,,1,2022-04-19,1,0,1,2,999,100,1.0,1.0,1.0,0,0,101-500,0
6492,5653,,,0,,0,2022-04-19,1,0,1,1,0,100,1.0,1.0,1.0,0,0,101-500,0
6493,SSI,,,0,,0,2022-04-19,1,0,1,1,0,100,1.0,1.0,1.0,0,0,101-500,0
6495,ssi,,,0,,0,2022-04-19,1,0,1,1,0,100,1.0,1.0,1.0,0,0,1-25,0
6496,ssi,,,0,,0,2022-04-19,1,0,1,1,0,100,1.0,1.0,1.0,0,0,1-25,0
6497,ssi,,,0,,0,2022-04-19,1,0,1,1,0,100,1.0,1.0,1.0,0,0,1-25,0
6498,ssi,,,0,,0,2022-04-19,1,0,1,1,0,100,1.0,1.0,1.0,0,0,1-25,0
6499,SIIII,,7,0,,0,2022-04-19,1,0,1,2,10,100,1.0,1.0,1.0,0,0,1-25,0
6500,Sri infotech,,73,0,,0,2022-04-20,1,0,1,2,1,60,1.0,1.0,1.0,1,0,26-100,0
6501,Sri Infotech,,73,0,,0,2022-04-20,1,0,1,2,10,100,1.0,1.0,1.0,1,0,500-1000,0
6502,SIIII,,231,0,,1,2022-04-20,1,0,1,1,10,100,1.0,1.0,1.0,1,0,1-25,0
6503,Delta tower,,3,0,,1,2022-04-20,1,1,1,2,101,100,1.0,1.0,1.0,0,0,26-100,0
6504,ssll,,2,0,,1,2022-04-20,1,0,1,2,1,10000,1.0,10.0,1.0,0,0,1-25,0
6505,Tesing,,,0,,0,2022-04-20,1,0,1,1,0,100,1.0,1.0,1.0,0,0,More than 1000,0
6506,sii,,3,0,,1,2022-04-20,1,0,1,2,10,10000,1.0,10.0,1.0,1,0,1-25,0
6507,Jobma,,85,0,,1,2022-04-21,1,0,1,2,10,10000,1.0,1.0,1.0,1,0,26-100,0
6508,delta tower,,3,0,,0,2022-04-21,1,0,1,1,10,100,1.0,1.0,1.0,0,0,101-500,0
6509,SSI,,85,0,,1,2022-04-21,1,1,1,2,101,10000,1.0,1.0,1.0,1,0,1-25,0
6510,SSI,,,0,,0,2022-04-21,1,0,1,1,0,100,1.0,1.0,1.0,0,0,1-25,0
6511,SSI,,,0,,0,2022-04-21,1,0,1,1,0,100,1.0,1.0,1.0,0,0,1-25,0
6512,SSI,,,0,,0,2022-04-21,1,0,1,1,0,100,1.0,1.0,1.0,0,0,1-25,0
6513,dasdsa,,2,0,,1,2022-04-21,1,0,1,2,1,100,1.0,1.0,1.0,1,0,101-500,0
6514,SIIII,,2,0,,1,2022-04-21,1,0,1,2,1,10000,1.0,1.0,1.0,1,0,1-25,0
6515,fuhs,,3,0,,1,2022-04-21,1,0,1,2,10,100,1.0,1.0,1.0,0,0,101-500,0
6516,dcg,,1,0,,1,2022-04-21,1,0,1,2,10,100,1.0,1.0,1.0,0,0,26-100,0
6517,Jobma,,85,0,,1,2022-04-21,1,0,1,2,10,10000,1.0,1.0,1.0,1,0,26-100,0
6518,JOBMA,,2,0,,1,2022-04-21,1,0,1,2,1,100,1.0,1.0,1.0,1,0,1-25,0
6519,Delta tower,,74,0,,1,2022-04-21,1,0,1,2,1,100,1.0,1.0,1.0,1,0,101-500,0
6520,Jobma,,85,0,,1,2022-04-21,1,0,1,2,10,10000,1.0,1.0,1.0,1,0,26-100,0
6521,ssssssdddd,,73,1,,1,2022-04-21,1,0,1,2,1,100,1.0,1.0,1.0,0,0,1-25,0
6522,JOBMA,,,0,,0,2022-04-21,1,0,1,1,0,100,1.0,1.0,1.0,0,0,1-25,0
6523,Sri Infotecg,,2,0,,1,2022-04-22,1,1,1,2,110,100,1.0,1.0,1.0,1,0,500-1000,0
6524,SSIII,,89,0,,1,2022-04-22,1,0,1,2,10,10000,1.0,1.0,1.0,1,0,26-100,0
6525,SSIII,,2,0,,1,2022-04-22,1,0,1,2,10,10000,1.0,1.0,1.0,1,0,1-25,0
6526,delta da,,73,0,,1,2022-04-22,1,0,1,2,1,10000,1.0,1.0,1.0,1,0,500-1000,0
6527,Test Company,,74,0,,1,2022-04-22,1,0,1,1,10,100,1.0,1.0,1.0,1,0,101-500,0
6528,Test Company,,73,0,,1,2022-04-22,1,1,1,2,11,10000,1.0,1.0,1.0,1,0,26-100,0
6529,SSI,,124,0,,1,2022-04-22,1,0,1,2,10,10000,1.0,1.0,1.0,1,0,26-100,0
6530,SSI,,2,0,,1,2022-04-22,1,0,1,2,1,10000,1.0,1.0,1.0,1,0,26-100,0
6531,asas,,,0,,0,2022-04-22,1,0,1,1,0,100,1.0,1.0,1.0,0,0,101-500,0
6532,Sri infotech,,74,0,,1,2022-04-22,1,1,1,2,12,100,1.0,1.0,1.0,1,0,500-1000,0
6533,ssi,,2,0,,1,2022-04-22,1,0,1,2,10,10000,1.0,10.0,1.0,0,0,26-100,0
6534,delta tower,,4,0,,1,2022-04-22,1,0,1,2,999,100,1.0,1.0,1.0,0,0,101-500,0
6535,Abc,,3,0,,1,2022-04-22,1,0,1,2,10,100,1.0,1.0,1.0,0,0,101-500,0
6536,Yash Testing,,74,1,,1,2022-04-22,1,0,1,1,10,100,1.0,1.0,1.0,0,0,1-25,0
6537,Sri Enterprises,,3,0,,1,2022-04-22,1,0,1,2,999,100,1.0,1.0,1.0,0,0,101-500,0
6538,SpecterLitt,,103,0,,1,2022-04-22,1,0,1,2,1,10000,1.0,1.0,1.0,1,0,500-1000,0
6539,SpecterLitt,,,0,,0,2022-04-22,1,0,1,1,0,100,1.0,1.0,1.0,0,0,500-1000,0
6540,Sii,,2,0,,0,2022-04-22,1,0,1,1,999,60,1.0,1.0,1.0,1,0,26-100,0
6541,Sri Enterprises,,3,0,,1,2022-04-22,1,0,1,2,10,100,1.0,1.0,1.0,0,0,26-100,0
6542,SSI,,4,0,,1,2022-04-22,1,0,1,2,999,10000,1.0,1.0,1.0,1,0,26-100,0
6543,Toxsl,,"74,11",0,1,1,2022-04-22,1,0,1,1,10,10000,1.0,2.0,1.0,1,400,More than 1000,0
6544,Rubal Testing,,73,0,,1,2022-04-25,1,0,1,2,10,10000,1.0,1.0,1.0,1,0,500-1000,0
6545,Jobma,,85,0,,1,2022-04-25,1,0,1,2,1,100,1.0,1.0,1.0,1,0,1-25,0
6546,Sri Interprises,,74,0,,1,2022-04-25,1,1,1,2,10,100,1.0,1.0,1.0,1,0,500-1000,0
6547,Jobma,,85,0,,1,2022-04-25,1,0,1,2,1,100,1.0,1.0,1.0,1,0,1-25,0
6548,Rubal Testing,,,0,,0,2022-04-25,1,0,1,1,0,100,1.0,1.0,1.0,0,0,500-1000,0
6549,SSI,,7,0,,1,2022-04-25,1,0,1,1,1,10000,1.0,1.0,1.0,1,0,101-500,0
6550,Sri infotech,,,0,,0,2022-04-25,1,0,1,1,0,100,1.0,1.0,1.0,0,0,101-500,0
6551,iiuiu,,73,0,,1,2022-04-25,1,1,1,2,110,100,1.0,1.0,1.0,1,0,101-500,0
6552,Tman,,73,0,,1,2022-04-25,1,0,1,2,1,10000,1.0,1.0,1.0,1,0,101-500,0
6553,sri infotech,,72,0,,1,2022-04-25,1,0,1,2,10,100,1.0,1.0,1.0,1,0,26-100,0
6554,Sri infotech,,74,0,,1,2022-04-25,1,0,1,2,1,100,1.0,1.0,1.0,1,0,26-100,0
6555,JOBMA,,,0,,0,2022-04-25,1,0,1,1,0,100,1.0,1.0,1.0,0,0,26-100,0
6556,jobma,,72,0,,1,2022-04-26,1,0,1,2,1,100,1.0,1.0,1.0,1,0,26-100,0
6557,Jobma,,85,0,,1,2022-04-26,1,0,1,2,10,100,1.0,1.0,1.0,1,0,1-25,0
6558,Jobma,,2,0,,1,2022-04-26,1,0,1,2,10,100,1.0,1.0,1.0,1,0,1-25,0
6559,ewrwer,,2,0,,1,2022-04-26,1,0,1,1,10,100,1.0,1.0,1.0,1,0,1-25,0
6560,jobma,,72,0,,1,2022-04-26,1,0,1,1,10,100,1.0,1.0,1.0,1,0,26-100,0
6561,jobma,,72,0,,1,2022-04-26,1,0,1,2,1,100,1.0,1.0,1.0,1,0,1-25,0
6562,jobma,,231,0,,1,2022-04-26,1,0,1,1,10,100,1.0,1.0,1.0,1,0,1-25,0
6563,jobma,,231,0,,1,2022-04-26,1,0,1,1,10,100,1.0,1.0,1.0,1,0,1-25,0
6564,SIIII,,2,0,,1,2022-04-27,1,0,1,2,10,100,1.0,1.0,1.0,1,0,1-25,0
6565,SIIII,,2,0,,1,2022-04-27,1,0,1,1,1,100,1.0,1.0,1.0,1,0,26-100,0
6566,SIIII,,3,0,,1,2022-04-27,1,0,1,2,1,100,1.0,1.0,1.0,0,0,26-100,0
6621,sdfsdf,,2,0,,1,2022-04-28,1,0,1,2,10,100,1.0,1.0,1.0,1,0,1-25,0
6622,ssi,,72,0,,1,2022-04-28,1,0,1,2,10,10000,1.0,1.0,1.0,1,0,1-25,0
6623,Jobma,,73,0,,1,2022-04-28,1,1,1,1,12,100,1.0,1.0,1.0,1,0,26-100,0
6624,ssi,,2,0,,1,2022-04-28,1,0,1,2,1,10000,1.0,1.0,1.0,1,0,More than 1000,0
6625,Dev@123,,73,0,,1,2022-04-28,1,0,1,2,10,100,1.0,1.0,1.0,1,0,101-500,0
6626,jobma,,4,0,,1,2022-04-28,1,0,1,2,1,100,1.0,1.0,1.0,0,0,26-100,0
6627,Test International Company Pvt ok,,,0,2,0,2022-04-29,1,0,1,1,0,100,1.0,1.0,1.0,0,0,500-1000,0
6628,Test International Company Pvt ok,,,0,2,0,2022-04-29,1,0,1,1,0,100,1.0,1.0,1.0,0,0,500-1000,0
6629,Test International Company Pvt ok,,,0,2,0,2022-04-29,1,0,1,1,0,100,1.0,1.0,1.0,0,0,500-1000,0
6630,data dyanamx,,2,0,,1,2022-04-29,1,0,1,2,999,10000,1.0,1.0,1.0,1,0,101-500,0
6631,jobma,,4,0,,1,2022-04-29,1,0,1,1,999,100,1.0,1.0,1.0,0,0,26-100,0
6632,jobma,,2,0,,1,2022-04-29,1,0,1,2,1,10000,1.0,1.0,1.0,1,0,26-100,0
6633,jobma,,73,0,,1,2022-04-29,1,0,1,2,1,100,1.0,1.0,1.0,1,0,26-100,0
6634,SSI-JOBMA,,23,0,,1,2022-04-29,1,0,1,2,1,10000,1.0,1.0,1.0,1,0,500-1000,0
6635,Test International Company Pvt ok,,,0,2,0,2022-04-29,1,0,1,1,0,100,1.0,1.0,1.0,0,0,500-1000,0
6636,JOBMA,,23,0,,1,2022-04-29,1,0,1,2,10,100,1.0,1.0,1.0,0,0,More than 1000,0
6637,Test International Company Pvt ok,,,0,2,0,2022-04-29,1,0,1,1,0,100,1.0,1.0,1.0,0,0,500-1000,0
6638,SSI,,23,0,,1,2022-04-29,1,0,1,2,10,100,1.0,1.0,1.0,0,0,500-1000,0
6639,SSI,,23,0,,1,2022-04-29,1,0,1,2,999,100,1.0,1.0,1.0,0,0,101-500,0
6640,jobma,,,0,,0,2022-04-29,1,0,1,1,0,100,1.0,1.0,1.0,0,0,26-100,0
6641,SSI indore,,7,0,,1,2022-04-29,1,0,1,2,999,100,1.0,1.0,1.0,0,0,500-1000,0
6642,Jobma,,,0,,0,2022-04-29,1,0,1,1,0,100,1.0,1.0,1.0,0,0,26-100,0
6643,ABC,,2,0,,1,2022-04-29,1,0,1,2,999,10000,1.0,1.0,1.0,1,0,26-100,0
6644,Jobma,,3,0,,1,2022-04-29,1,0,1,1,1,100,1.0,1.0,1.0,0,0,101-500,0
6645,SSI indore,,7,0,,1,2022-04-29,1,1,1,2,2,10000,1.0,1.0,1.0,1,0,500-1000,0
6646,test com,,72,0,,1,2022-04-29,1,0,1,2,1,100,1.0,1.0,1.0,1,0,101-500,0
6647,tset,,2,0,,1,2022-04-29,1,0,1,2,1,10000,1.0,1.0,1.0,1,0,101-500,0
6648,SSI,,4,0,,1,2022-04-29,1,0,1,2,999,10000,1.0,1.0,1.0,1,0,500-1000,0
6649,sagitec,,74,0,,1,2022-04-29,1,0,1,2,1,10000,1.0,1.0,1.0,1,0,26-100,0
6650,jobma,,2,0,,1,2022-04-29,1,1,1,2,4,100,1.0,1.0,1.0,1,0,26-100,0
6651,jobma,,2,0,,1,2022-04-29,1,1,1,2,18,100,1.0,1.0,1.0,1,0,101-500,0
6652,ssi,,2,0,,1,2022-04-29,1,0,1,2,999,10000,1.0,1.0,1.0,1,0,101-500,0
6653,jobma,,73,0,,1,2022-04-29,1,0,1,2,10,100,1.0,1.0,1.0,1,0,101-500,0
6654,jobma,,2,0,,1,2022-04-29,1,0,1,2,10,100,1.0,1.0,1.0,1,0,101-500,0
6655,JOBMA,,7,0,,1,2022-04-29,1,0,1,2,999,10000,1.0,1.0,1.0,1,0,101-500,0
6656,xyz,,3,0,,1,2022-04-29,1,0,1,2,999,100,1.0,1.0,1.0,0,0,101-500,0
6657,ssi,,124,0,,1,2022-04-29,1,0,1,2,1,10000,1.0,1.0,1.0,1,0,101-500,0
6658,Jobma,,3,0,,1,2022-04-29,1,0,1,2,1,100,1.0,1.0,1.0,0,0,101-500,0
6659,ssi,,74,0,,1,2022-04-29,1,0,1,1,1,10000,1.0,1.0,1.0,1,0,101-500,0
6660,ssi,,,0,,0,2022-04-29,1,0,1,1,0,100,1.0,1.0,1.0,0,0,101-500,0
6661,Sri Enterprises,,73,0,,1,2022-04-29,1,0,1,2,1,10000,1.0,1.0,1.0,1,0,500-1000,0
6662,test comp,,72,0,,1,2022-04-29,1,0,1,2,1,10000,1.0,1.0,1.0,1,0,26-100,0
6663,Jobma,,,0,,0,2022-04-29,1,0,1,1,0,100,1.0,1.0,1.0,0,0,101-500,0
6664,Test Com,,2,0,,1,2022-04-29,1,0,1,2,1,10000,1.0,1.0,1.0,1,0,26-100,0
6665,SSI,,3,0,,1,2022-04-29,1,0,1,2,999,100,1.0,1.0,1.0,0,0,500-1000,0
6666,JOBMA,,3,0,,1,2022-04-29,1,0,1,2,999,10000,1.0,1.0,1.0,1,0,500-1000,0
6667,ssi,,3,0,,1,2022-04-29,1,1,1,2,14,10000,1.0,1.0,1.0,1,0,500-1000,0
6668,ssi,,,0,,0,2022-04-29,1,0,1,1,0,100,1.0,1.0,1.0,0,0,500-1000,0
6669,SSI,,72,0,,1,2022-04-29,1,1,1,2,11,10000,1.0,1.0,1.0,1,0,500-1000,0
6670,ssi,,2,0,,1,2022-04-29,1,0,1,2,999,10000,1.0,1.0,1.0,1,0,26-100,0
6671,jobma,,2,0,,1,2022-04-29,1,0,1,2,10,100,1.0,1.0,1.0,1,0,26-100,0
6672,Union Company,,73,0,,1,2022-05-02,1,0,1,1,1,10000,1.0,1.0,1.0,1,0,500-1000,0
6673,Union Company,,,0,,0,2022-05-02,1,0,1,1,0,100,1.0,1.0,1.0,0,0,500-1000,0
6674,SSI,,2,0,,0,2022-05-02,1,0,1,2,1,10000,1.0,1.0,1.0,1,0,101-500,0
6675,SIIII,,24,0,,1,2022-05-02,1,0,1,1,10,100,1.0,1.0,1.0,0,0,1-25,0
6676,ssi,,74,0,,1,2022-05-02,1,0,1,2,1,100,1.0,1.0,1.0,1,0,101-500,0
6677,Sri Enterprises,,72,0,,1,2022-05-02,1,1,1,2,22,10000,1.0,1.0,1.0,1,0,101-500,0
6678,Test Company,,73,0,,1,2022-05-02,1,1,1,2,2,10000,1.0,1.0,1.0,1,0,500-1000,0
6679,jobma,,2,0,,1,2022-05-02,1,1,1,1,12,10000,1.0,1.0,1.0,1,0,26-100,0
6680,Test Company,,,0,,0,2022-05-02,1,0,1,1,0,100,1.0,1.0,1.0,0,0,500-1000,0
6681,JOBMA Indore,,,0,,0,2022-05-02,1,0,1,1,0,100,1.0,1.0,1.0,0,0,500-1000,0
6682,faidan company,,72,0,,1,2022-05-02,1,0,1,2,10,100,1.0,1.0,1.0,1,0,101-500,0
6683,Dev,,73,0,,1,2022-05-02,1,1,1,2,2,100,1.0,1.0,1.0,1,0,26-100,0
6684,ssi,,2,0,,1,2022-05-02,1,0,1,2,10,100,1.0,1.0,1.0,1,0,26-100,0
6685,Delta tower,,2,0,,1,2022-05-02,1,0,1,2,1,100,1.0,1.0,1.0,1,0,101-500,0
6686,jobma,,73,0,,1,2022-05-02,1,1,1,2,15,10000,1.0,1.0,1.0,1,0,26-100,0
6687,Sri interprises,,74,0,,1,2022-05-02,1,0,1,2,10,100,1.0,1.0,1.0,1,0,500-1000,0
6688,Test Company,,"231,72,73",0,,0,2022-05-02,1,1,1,2,10,10000,1.0,1.0,1.0,1,0,101-500,0
6689,Test Company,,,0,,0,2022-05-02,1,0,1,1,0,100,1.0,1.0,1.0,0,0,101-500,0
6690,Test Company,,,0,,0,2022-05-02,1,0,1,1,0,100,1.0,1.0,1.0,0,0,101-500,0
6691,ssi,,72,0,,1,2022-05-02,1,0,1,2,10,100,1.0,1.0,1.0,1,0,1-25,0
6693,ssi,,73,0,,1,2022-05-02,1,0,1,2,10,10000,1.0,1.0,1.0,1,0,500-1000,0
6694,hgtadf,,72,0,,1,2022-05-02,1,0,1,2,1,10000,1.0,1.0,1.0,1,0,1-25,0
6695,Test Company,,,0,,0,2022-05-02,1,0,1,1,0,100,1.0,1.0,1.0,0,0,500-1000,0
6696,jobma,,3,0,,1,2022-05-02,1,0,1,2,999,10000,1.0,1.0,1.0,1,0,26-100,0
6697,Test Company,,,0,,0,2022-05-02,1,0,1,1,0,100,1.0,1.0,1.0,0,0,101-500,0
6698,Test Company,,,0,,0,2022-05-02,1,0,1,1,0,100,1.0,1.0,1.0,0,0,101-500,0
6699,Test Company,,,0,,0,2022-05-02,1,0,1,1,0,100,1.0,1.0,1.0,0,0,101-500,0
6700,Test Company,,,0,,0,2022-05-02,1,0,1,1,0,100,1.0,1.0,1.0,0,0,101-500,0
6701,Test Company,,,0,,0,2022-05-02,1,0,1,1,0,100,1.0,1.0,1.0,0,0,101-500,0
6702,Delta tower,,7,0,,1,2022-05-02,1,0,1,2,1,10000,1.0,1.0,1.0,1,0,More than 1000,0
6703,jobma,,,0,,0,2022-05-02,1,0,1,1,0,100,1.0,1.0,1.0,0,0,26-100,0
6705,SIIII,,3,0,,1,2022-05-02,1,0,1,2,10,100,1.0,1.0,1.0,0,0,26-100,0
6706,jobma,,,0,,0,2022-05-04,1,0,1,1,0,100,1.0,1.0,1.0,0,0,26-100,0
6707,Hindustan brand liver corporation,,2,0,1,1,2022-05-04,1,1,1,2,22,100,1.0,1.0,1.0,1,0,101-500,0
6708,ssi,,2,0,,1,2022-05-04,1,0,1,2,999,100,1.0,1.0,1.0,0,0,500-1000,0
6710,STR,,72,0,,1,2022-05-04,1,0,1,2,1,100,1.0,1.0,1.0,1,0,26-100,0
6711,asp9diufhai,,231,0,,1,2022-05-04,1,0,1,2,10,100,1.0,1.0,1.0,1,0,101-500,0
6712,ssi,,3,0,,1,2022-05-04,1,0,1,1,10,100,1.0,1.0,1.0,0,0,101-500,0
6713,Tesing,,,0,,0,2022-05-04,1,0,1,1,0,100,1.0,1.0,1.0,0,0,More than 1000,0
6714,SSI,,74,0,,1,2022-05-04,1,0,1,2,10,10000,1.0,1.0,1.0,1,0,26-100,0
6715,International Consolidated Airlines Group SA,,74,0,1,1,2022-05-04,1,0,1,2,10,10000,1.0,1.0,1.0,1,0,26-100,0
6716,Sri Enterprises,,,0,,0,2022-05-04,1,0,1,1,0,100,1.0,1.0,1.0,0,0,101-500,0
6717,DEER,,4,0,,1,2022-05-04,1,0,1,2,999,100,1.0,1.0,1.0,0,0,500-1000,0
6718,jobma,,,0,,0,2022-05-04,1,0,1,1,0,100,1.0,1.0,1.0,0,0,26-100,0
6719,Test Company,,73,0,,0,2022-05-04,1,1,1,1,1,100,1.0,1.0,1.0,1,0,101-500,0
6720,Sri Enterprises,,,0,,0,2022-05-04,1,0,1,1,0,100,1.0,1.0,1.0,0,0,101-500,0
6721,SIIII,,74,0,,0,2022-05-04,1,0,1,2,10,100,1.0,1.0,1.0,1,0,26-100,0
6722,Test Company,,,0,,0,2022-05-04,1,0,1,1,0,100,1.0,1.0,1.0,0,0,101-500,0
6723,Tesing,,,0,,0,2022-05-04,1,0,1,1,0,100,1.0,1.0,1.0,0,0,More than 1000,0
6724,JFK,,51,0,,1,2022-05-04,1,0,1,2,10,100,1.0,1.0,1.0,1,0,500-1000,0
6725,ssi,,,0,,0,2022-05-04,1,0,1,1,0,100,1.0,1.0,1.0,0,0,101-500,0
6726,jobma,,72,0,,1,2022-05-04,1,0,1,2,10,100,1.0,1.0,1.0,1,0,1-25,0
6727,Jobma,,73,0,,1,2022-05-04,1,0,1,1,1,100,1.0,1.0,1.0,1,0,26-100,0
6728,AND,,73,0,,1,2022-05-05,1,0,1,2,10,10000,1.0,1.0,1.0,1,0,101-500,0
6729,SSI indore,,74,0,,1,2022-05-05,1,0,1,2,1,10000,1.0,1.0,1.0,1,0,More than 1000,0
6730,WAN,,2,0,,1,2022-05-05,1,0,1,1,1,100,1.0,1.0,1.0,0,0,101-500,0
6731,JOBMA,,23,0,,1,2022-05-05,1,1,1,2,20,10000,1.0,1.0,1.0,1,0,500-1000,0
6732,Infosys,,,0,,0,2022-05-06,1,0,1,1,999,60,1.0,1.0,1.0,1,0,More than 1000,0
6733,DEN,,1,0,,1,2022-05-06,1,0,1,1,999,100,1.0,1.0,1.0,0,0,101-500,0
6734,JOBMA,,",1",0,,1,2022-05-06,1,0,1,2,999,10000,1.0,1.0,1.0,1,0,101-500,0
6735,Infosys,,,0,,0,2022-05-06,1,0,1,1,0,100,1.0,1.0,1.0,0,0,More than 1000,0
6736,JOBMA,,,0,,0,2022-05-06,1,0,1,1,0,100,1.0,1.0,1.0,0,0,101-500,0
6737,Infosys,,,0,,0,2022-05-06,1,0,1,1,0,100,1.0,1.0,1.0,0,0,More than 1000,0
6739,DEN,,,0,,0,2022-05-06,1,0,1,1,0,100,1.0,1.0,1.0,0,0,101-500,0
6740,DEN,,,0,,0,2022-05-06,1,0,1,1,0,100,1.0,1.0,1.0,0,0,101-500,0
6741,DEN,,,0,,0,2022-05-06,1,0,1,1,0,100,1.0,1.0,1.0,0,0,101-500,0
6743,SSII,,72,0,,0,2022-05-06,1,0,1,1,10,100,1.0,1.0,1.0,1,0,1-25,0
6744,VAN,,24,0,,0,2022-05-06,1,0,1,2,0,60,1.0,1.0,1.0,1,0,101-500,0
6745,saurabh,,72,0,,1,2022-05-06,1,0,1,2,1,10000,1.0,1.0,1.0,1,0,1-25,0
6746,VAN,,,0,,0,2022-05-06,1,0,1,1,0,100,1.0,1.0,1.0,0,0,101-500,0
6747,saurabh,,,0,,0,2022-05-06,1,0,1,1,0,100,1.0,1.0,1.0,0,0,1-25,0
6748,JOBMA,,2,0,,1,2022-05-06,1,0,1,2,10,10000,1.0,1.0,1.0,1,0,1-25,0
6749,Jobma World,,"72,74",0,,1,2022-05-09,1,1,1,2,10,10000,1.0,1.0,1.0,1,0,26-100,0
6750,wertyui,,72,0,,0,2022-05-09,1,0,1,2,10,100,1.0,1.0,1.0,1,0,1-25,0
6751,asd,,2,0,,1,2022-05-09,1,0,1,2,1,10000,1.0,1.0,1.0,1,0,1-25,0
6752,Devloper,,73,0,,1,2022-05-09,1,1,1,2,22,10000,1.0,1.0,1.0,1,0,1-25,0
6753,Jitendra Testing,,"2,73,74",0,,1,2022-05-09,1,1,1,2,10,100,1.0,1.0,1.0,1,0,1-25,0
6754,Test Company,,"231,72,73",0,,1,2022-05-09,1,0,1,2,10,10000,1.0,1.0,1.0,1,0,101-500,0
6755,Test Company,,2,0,,1,2022-05-09,1,0,1,1,1,100,1.0,1.0,1.0,1,0,1-25,0
6756,asd,,2,0,,1,2022-05-09,1,0,1,2,10,10000,1.0,1.0,1.0,1,0,1-25,0
6757,Test Company,,73,0,,1,2022-05-09,1,0,1,2,1,100,1.0,1.0,1.0,1,0,1-25,0
6758,In,,73,0,,1,2022-05-09,1,0,1,2,1,100,1.0,1.0,1.0,1,0,1-25,0
6759,SSI,,72,0,,1,2022-05-09,1,0,1,2,10,100,1.0,1.0,1.0,1,0,1-25,0
6760,mohan,,73,0,,1,2022-05-09,1,0,1,2,10,100,1.0,1.0,1.0,1,0,1-25,0
6761,Disney,,2,0,,1,2022-05-09,1,0,1,2,1,100,1.0,1.0,1.0,1,0,1-25,0
6762,jobma,,2,0,,1,2022-05-09,1,0,1,2,10,100,1.0,1.0,1.0,1,0,1-25,0
6763,asd,,"2,73,74",0,,1,2022-05-09,1,0,1,2,10,10000,1.0,1.0,1.0,1,0,1-25,0
6764,asd,,72,0,,1,2022-05-09,1,0,1,2,10,10000,1.0,1.0,1.0,1,0,1-25,0
6765,mantis,,74,0,,1,2022-05-09,1,0,1,2,10,100,1.0,1.0,1.0,1,0,1-25,0
6766,asd,,2,0,,1,2022-05-09,1,0,1,2,1,10000,1.0,1.0,1.0,1,0,1-25,0
6767,asd,,72,0,,1,2022-05-09,1,0,1,2,1,10000,1.0,1.0,1.0,1,0,1-25,0
6768,sef,,2,0,,1,2022-05-09,1,0,1,2,10,10000,1.0,1.0,1.0,1,0,500-1000,0
6769,Scott,,2,0,,1,2022-05-09,1,0,1,2,1,100,1.0,1.0,1.0,0,0,1-25,0
6770,Sri infotech,,72,0,,1,2022-05-09,1,1,1,2,24,100,1.0,1.0,1.0,1,0,1-25,0
6771,SIII,,2,0,,0,2022-05-09,1,0,1,2,10,100,1.0,1.0,1.0,0,0,26-100,0
6772,mosam,,1,0,,0,2022-05-09,1,0,1,2,10,100,1.0,1.0,1.0,0,0,26-100,0
6773,vcknk,,1,0,,1,2022-05-09,1,0,1,2,1,100,1.0,1.0,1.0,0,0,1-25,0
6774,jobma,,72,0,,0,2022-05-09,1,0,1,2,10,100,1.0,1.0,1.0,1,0,1-25,0
6775,Pioneer,,2,0,,1,2022-05-09,1,0,1,1,10,100,1.0,1.0,1.0,0,0,26-100,0
6776,Capsicum,,2,0,,1,2022-05-09,1,0,1,2,999,100,1.0,1.0,1.0,0,0,1-25,0
6777,Avenger,,3,0,,1,2022-05-09,1,0,1,2,999,100,1.0,1.0,1.0,0,0,26-100,0
6778,asd,,72,0,,1,2022-05-09,1,0,1,2,10,10000,1.0,1.0,1.0,1,0,1-25,0
6779,aPDFJASDN,,2,0,,1,2022-05-09,1,0,1,2,10,100,1.0,1.0,1.0,1,0,1-25,0
6780,xdf,,1,0,,1,2022-05-09,1,0,1,2,1,10000,1.0,1.0,1.0,1,0,1-25,0
6781,jobma,,72,0,,1,2022-05-09,1,0,1,2,10,100,1.0,1.0,1.0,1,0,1-25,0
6782,jobma,,231,0,,1,2022-05-09,1,0,1,1,10,100,1.0,1.0,1.0,1,0,1-25,0
6783,jobma,,72,0,,1,2022-05-09,1,0,1,2,10,100,1.0,1.0,1.0,1,0,1-25,0
6784,Test Company,,73,0,,1,2022-05-09,1,0,1,2,10,100,1.0,1.0,1.0,1,0,1-25,0
6785,Sri infotech,,,0,,0,2022-05-09,1,0,1,1,0,100,1.0,1.0,1.0,0,0,1-25,0
6786,tech,,72,0,,1,2022-05-09,1,0,1,2,1,10000,1.0,1.0,1.0,1,0,1-25,0
6787,ssi,,2,0,,1,2022-05-09,1,0,1,2,999,10000,1.0,1.0,1.0,1,0,1-25,0
6788,jjj,,1,0,,1,2022-05-09,1,0,1,2,999,10000,1.0,1.0,1.0,1,0,101-500,0
6789,53.,,72,0,,1,2022-05-09,1,0,1,2,1,10000,1.0,1.0,1.0,1,0,1-25,0
6790,delta tower,,2,0,,1,2022-05-09,1,0,1,2,10,100,1.0,1.0,1.0,1,0,1-25,0
6791,gdeiug,,72,0,,1,2022-05-09,1,0,1,2,1,10000,1.0,1.0,1.0,1,0,1-25,0
6792,sdf,,72,0,,1,2022-05-09,1,0,1,2,10,10000,1.0,1.0,1.0,1,0,1-25,0
6793,Mausam,,2,0,,1,2022-05-09,1,0,1,2,1,10000,1.0,1.0,1.0,1,0,26-100,0
6794,zipfuvhdiu,,72,0,,1,2022-05-09,1,0,1,2,10,100,1.0,1.0,1.0,1,0,1-25,0
6795,ssi,,2,0,,1,2022-05-09,1,0,1,2,1,10000,1.0,1.0,1.0,1,0,1-25,0
6796,ssi,,"72,2",0,,1,2022-05-09,1,0,1,2,1,10000,1.0,1.0,1.0,1,0,1-25,0
6797,info,,73,0,,1,2022-05-09,1,0,1,2,1,100,1.0,1.0,1.0,1,0,1-25,0
6798,ssi,,2,0,,1,2022-05-09,1,0,1,2,1,10000,1.0,1.0,1.0,1,0,1-25,0
6799,Delta tower,,72,0,,1,2022-05-09,1,0,1,2,10,100,1.0,1.0,1.0,1,0,1-25,0
6800,SSII,,72,0,,1,2022-05-09,1,0,1,2,10,100,1.0,1.0,1.0,1,0,1-25,0
6801,ssi,,2,0,,1,2022-05-09,1,0,1,2,1,10000,1.0,1.0,1.0,1,0,1-25,0
6802,SSII,,72,0,,1,2022-05-09,1,0,1,2,10,100,1.0,1.0,1.0,1,0,1-25,0
6803,sii,,1,0,,1,2022-05-09,1,0,1,2,10,100,1.0,1.0,1.0,0,0,26-100,0
6804,sodfij,,237,0,,0,2022-05-09,1,0,1,2,10,100,1.0,1.0,1.0,1,0,1-25,0
6805,Aezy,,,0,,1,2022-05-09,1,0,1,1,0,100,1.0,1.0,1.0,0,0,26-100,0
6806,jobam,,72,0,,1,2022-05-09,1,0,1,2,10,10000,1.0,1.0,1.0,1,0,1-25,0
6807,sdcskdjnsdkj,,72,0,,1,2022-05-09,1,1,1,1,27,100,1.0,1.0,1.0,1,0,1-25,0
6808,Test Company,,73,0,,1,2022-05-09,1,0,1,2,1,100,1.0,1.0,1.0,1,0,1-25,0
6809,Deloite,,3,0,,1,2022-05-09,1,0,1,2,1,10000,1.0,1.0,1.0,1,0,26-100,0
6810,abndasnasm,,2,0,,1,2022-05-09,1,0,1,2,10,100,1.0,1.0,1.0,1,0,1-25,0
6811,Deloite,,73,0,,1,2022-05-09,1,0,1,2,1,10000,1.0,1.0,1.0,1,0,1-25,0
6812,Test Company,,3,0,,1,2022-05-09,1,0,1,2,10,10000,1.0,1.0,1.0,1,0,26-100,0
6813,ksdhgs,,2,0,,1,2022-05-09,1,0,1,1,1,100,1.0,1.0,1.0,0,0,26-100,0
6814,ewarsdtgyuh,,2,0,,1,2022-05-09,1,0,1,2,10,100,1.0,1.0,1.0,0,0,26-100,0
6815,lkzxjcnlksj,,2,0,,1,2022-05-09,1,0,1,2,10,100,1.0,1.0,1.0,0,0,26-100,0
6816,Tanmay Testing,,72,0,,1,2022-05-10,1,0,1,2,1,10000,1.0,1.0,1.0,1,0,1-25,0
6817,Tanmay Testing,,,0,,0,2022-05-10,1,0,1,1,0,100,1.0,1.0,1.0,0,0,1-25,0
6818,jobma,,2,0,,1,2022-05-10,1,0,1,2,1,10000,1.0,1.0,1.0,1,0,1-25,0
6819,SSII,,72,0,,1,2022-05-10,1,0,1,1,1,100,1.0,1.0,1.0,1,0,1-25,0
6820,Sri Enterprisesessessss,,72,0,,1,2022-05-10,1,1,1,2,10,10000,1.0,1.0,1.0,1,0,1-25,0
6821,Deolite,,1,0,,1,2022-05-10,1,1,1,1,10,10000,1.0,1.0,1.0,1,0,26-100,0
6822,Sri infotech,,2,0,,1,2022-05-10,1,0,1,2,1,10000,1.0,1.0,1.0,1,0,1-25,0
6823,gdfgd,,1,0,,1,2022-05-10,1,0,1,2,10,10000,1.0,1.0,1.0,1,0,1-25,0
6824,jobma,,72,0,,1,2022-05-10,1,0,1,1,1,100,1.0,1.0,1.0,1,0,1-25,0
6825,jobma,,,0,,0,2022-05-10,1,0,1,1,0,100,1.0,1.0,1.0,0,0,26-100,0
6826,JK,,23,0,,1,2022-05-10,1,0,1,2,1,10000,1.0,1.0,1.0,1,0,1-25,0
6827,fdgff,,2,0,,1,2022-05-10,1,0,1,2,10,10000,1.0,1.0,1.0,1,0,1-25,0
6828,SSII,,74,0,,1,2022-05-10,1,0,1,2,999,100,1.0,1.0,1.0,1,0,1-25,0
6829,gfdg,,1,0,,1,2022-05-10,1,0,1,2,10,10000,1.0,1.0,1.0,1,0,1-25,0
6830,Deolite,,,0,,0,2022-05-10,1,0,1,1,0,100,1.0,1.0,1.0,0,0,26-100,0
6831,Test Company,,73,0,,1,2022-05-10,1,0,1,1,10,100,1.0,1.0,1.0,1,0,500-1000,0
6832,Deolite,,1,0,,1,2022-05-10,1,1,1,1,17,10000,1.0,1.0,1.0,1,0,1-25,0
6833,SSI,,74,0,,1,2022-05-10,1,0,1,2,1,10000,1.0,1.0,1.0,1,0,1-25,0
6834,Deolite,,,0,,0,2022-05-10,1,0,1,1,0,100,1.0,1.0,1.0,0,0,1-25,0
6835,Sri Enterprice,,73,0,,1,2022-05-10,1,1,1,1,11,10000,1.0,1.0,1.0,1,0,1-25,0
6836,SSII,,74,0,,1,2022-05-10,1,0,1,1,10,100,1.0,1.0,1.0,1,0,1-25,0
6837,SSII,,73,0,,1,2022-05-10,1,0,1,2,10,100,1.0,1.0,1.0,1,0,1-25,0
6838,Test Company,,73,0,,1,2022-05-10,1,0,1,2,1,100,1.0,1.0,1.0,1,0,1-25,0
6839,SSII,,73,0,,1,2022-05-10,1,0,1,2,10,100,1.0,1.0,1.0,1,0,1-25,0
6840,dfgfg,,72,0,,1,2022-05-10,1,0,1,2,10,100,1.0,1.0,1.0,1,0,1-25,0
6841,Test Company,,2,0,,1,2022-05-10,1,0,1,2,1,100,1.0,1.0,1.0,1,0,1-25,0
6842,Sri Enterprice,,,0,,0,2022-05-10,1,0,1,1,0,100,1.0,1.0,1.0,0,0,1-25,0
6843,SSII,,74,0,,1,2022-05-10,1,0,1,2,10,100,1.0,1.0,1.0,1,0,1-25,0
6844,SSII,,73,0,,1,2022-05-10,1,0,1,2,10,100,1.0,1.0,1.0,1,0,1-25,0
6845,SSII,,73,0,,1,2022-05-10,1,0,1,2,10,100,1.0,1.0,1.0,1,0,1-25,0
6846,Jobma,,"1,2",0,,1,2022-05-10,1,0,1,2,1,100,1.0,1.0,1.0,0,0,1-25,0
6847,Test Company,,2,0,,1,2022-05-10,1,0,1,1,1,100,1.0,1.0,1.0,1,0,1-25,0
6848,Test Company,,,0,,0,2022-05-10,1,0,1,1,0,100,1.0,1.0,1.0,0,0,1-25,0
6849,Test Company,,4,0,,1,2022-05-10,1,0,1,1,10,100,1.0,1.0,1.0,0,0,101-500,0
6850,Test Company,,,0,,0,2022-05-10,1,0,1,1,0,100,1.0,1.0,1.0,0,0,101-500,0
6851,ssi,,231,0,,1,2022-05-11,1,0,1,2,10,10000,1.0,1.0,1.0,1,0,1-25,0
6852,SSII,,74,0,,1,2022-05-11,1,0,1,2,1,100,1.0,1.0,1.0,1,0,1-25,0
6853,Test Company,,"2,3,4",0,,1,2022-05-11,1,1,1,2,2,100,1.0,1.0,1.0,0,0,101-500,0
6854,ZEN,,"231,2,73",0,,1,2022-05-11,1,0,1,2,1,10000,1.0,1.0,1.0,1,0,1-25,0
6855,Test Company,,,0,,0,2022-05-11,1,0,1,1,0,100,1.0,1.0,1.0,0,0,101-500,0
6856,BKY,,2,0,,0,2022-05-11,1,0,1,2,1,100,1.0,1.0,1.0,0,0,101-500,0
6857,BradPitt,,72,0,2,1,2022-05-11,1,1,1,2,10,10000,1.0,1.0,1.0,1,0,1-25,0
6858,Steve,,"72,2",0,,1,2022-05-11,1,0,1,2,1,10000,1.0,1.0,1.0,1,0,More than 1000,0
6859,PST,,2,0,,0,2022-05-11,1,0,1,2,10,60,1.0,1.0,1.0,1,0,26-100,0
6860,FLYAIR,,73,0,,0,2022-05-11,1,0,1,2,10,100,1.0,1.0,1.0,0,0,101-500,0
6861,sii,,74,0,,1,2022-05-12,1,0,1,2,1,10000,1.0,1.0,1.0,1,0,1-25,0
6862,RSP,,1,0,,1,2022-05-12,1,0,1,2,999,10000,1.0,1.0,1.0,1,0,26-100,0
6863,Test Company,,73,0,,0,2022-05-12,1,1,1,2,10,100,1.0,1.0,1.0,1,0,500-1000,0
6864,Test Company,,,0,,0,2022-05-12,1,0,1,1,0,100,1.0,1.0,1.0,0,0,500-1000,0
6865,SFA,,2,0,,0,2022-05-12,1,0,1,2,10,100,1.0,1.0,1.0,0,0,500-1000,0
6866,RN,,3,0,,1,2022-05-12,1,0,1,2,1,10000,1.0,1.0,1.0,1,0,1-25,0
6867,Company,,73,0,,1,2022-05-12,1,0,1,2,1,100,1.0,1.0,1.0,1,0,1-25,0
6868,Test Company,,1,0,,1,2022-05-12,1,0,1,1,1,100,1.0,1.0,1.0,0,0,500-1000,0
6871,ZENX,,72,0,,0,2022-05-13,1,0,1,1,1,100,1.0,1.0,1.0,1,0,101-500,0
6872,Sri Enterprises,,"231,72,74",0,,1,2022-05-13,1,1,1,1,30,100,1.0,1.0,1.0,1,0,1-25,0
6873,SSII,,231,0,,0,2022-05-13,1,1,1,2,999,100,1.0,1.0,1.0,1,0,1-25,0
6874,JKPharm,,80,0,,1,2022-05-13,1,0,1,2,1,100,1.0,1.0,1.0,1,0,101-500,0
6875,QAir,,75,0,,1,2022-05-13,1,0,1,2,1,100,1.0,1.0,1.0,0,0,101-500,0
6876,Sri Enterprises,,,0,,0,2022-05-13,1,0,1,1,0,100,1.0,1.0,1.0,0,0,1-25,0
6877,SSII,,,0,,0,2022-05-13,1,0,1,1,0,100,1.0,1.0,1.0,0,0,1-25,0
6878,Test Company,,73,0,,1,2022-05-13,1,0,1,2,1,100,1.0,1.0,1.0,1,0,1-25,0
6879,GreenAgri,,3,0,,1,2022-05-13,1,0,1,2,10,100,1.0,1.0,1.0,1,0,101-500,0
6880,Test Company,,2,0,,1,2022-05-13,1,0,1,1,1,100,1.0,1.0,1.0,1,0,1-25,0
6881,SSII,,72,0,,1,2022-05-13,1,0,1,2,10,100,1.0,1.0,1.0,1,0,1-25,0
6882,SSII,,73,0,,1,2022-05-13,1,0,1,2,1,100,1.0,1.0,1.0,1,0,1-25,0
6883,Universe,,73,0,,1,2022-05-13,1,0,1,2,1,100,1.0,1.0,1.0,0,0,101-500,0
6884,ssi,,73,1,,1,2022-05-13,1,0,1,2,1,100,1.0,1.0,1.0,0,0,1-25,0
6885,ssi,,73,1,,1,2022-05-13,1,0,1,2,1,100,1.0,1.0,1.0,0,0,1-25,0
6886,MPharma,,80,0,,0,2022-05-13,1,0,1,2,10,100,1.0,1.0,1.0,1,0,26-100,0
6887,RCosmetic,,79,0,,1,2022-05-13,1,0,1,2,10,100,1.0,1.0,1.0,0,0,26-100,0
6888,Test Company,,,0,,0,2022-05-13,1,0,1,1,0,100,1.0,1.0,1.0,0,0,1-25,0
6889,MPharma,,,0,,0,2022-05-13,1,0,1,1,0,100,1.0,1.0,1.0,0,0,26-100,0
6890,Sri Enterprises,,2,0,,1,2022-05-13,1,0,1,1,10,100,1.0,1.0,1.0,1,0,1-25,0
6891,Test Company,,73,0,,1,2022-05-13,1,0,1,1,1,100,1.0,1.0,1.0,1,0,26-100,0
6892,Siii,,1,0,,1,2022-05-13,1,0,1,2,1,100,1.0,1.0,1.0,0,0,1-25,0
6893,Test Company,,,0,,0,2022-05-13,1,0,1,1,0,100,1.0,1.0,1.0,0,0,26-100,0
6894,Test Company,,73,0,,1,2022-05-13,1,0,1,2,10,100,1.0,1.0,1.0,1,0,1-25,0
6895,Test Company,,,0,,0,2022-05-13,1,0,1,1,0,100,1.0,1.0,1.0,0,0,1-25,0
6896,NEXT,,2,0,,1,2022-05-13,1,0,1,2,10,100,1.0,1.0,1.0,0,0,26-100,0
6897,NEXT,,,0,,0,2022-05-13,1,0,1,1,0,100,1.0,1.0,1.0,0,0,26-100,0
6898,VSAT,,2,0,,0,2022-05-13,1,0,1,2,10,100,1.0,1.0,1.0,1,0,1-25,0
6899,VSAT,,,0,,0,2022-05-13,1,0,1,1,0,100,1.0,1.0,1.0,0,0,1-25,0
6900,Test Company,,74,0,,1,2022-05-13,1,0,1,2,10,100,1.0,1.0,1.0,1,0,1-25,0
6901,Test Company,,,0,,0,2022-05-13,1,0,1,1,0,100,1.0,1.0,1.0,0,0,1-25,0
6902,Test Company,,2,0,,0,2022-05-13,1,0,1,1,999,100,1.0,1.0,1.0,1,0,1-25,0
6903,PRT,,2,0,,1,2022-05-13,1,0,1,2,1,100,1.0,1.0,1.0,1,0,101-500,0
6904,XYZ,,72,0,,1,2022-05-13,1,0,1,2,10,100,1.0,1.0,1.0,1,0,26-100,0
6905,XYZ,,,0,,0,2022-05-13,1,0,1,1,0,100,1.0,1.0,1.0,0,0,26-100,0
6906,delta rxtcyhvgj,,73,0,,1,2022-05-13,1,1,1,1,2,10000,1.0,1.0,1.0,1,0,1-25,0
6907,GreenAgri,,,0,,0,2022-05-13,1,0,1,1,0,100,1.0,1.0,1.0,0,0,101-500,0
6908,HKA,,72,0,,1,2022-05-16,1,0,1,2,10,100,1.0,1.0,1.0,1,0,26-100,0
6909,Sri Enterprises,,2,0,,1,2022-05-16,1,1,1,1,27,10000,1.0,1.0,1.0,1,0,1-25,0
6910,SSII,,2,0,,0,2022-05-16,1,0,1,1,10,100,1.0,1.0,1.0,1,0,1-25,0
6911,Sri Enterprises,,,0,,0,2022-05-16,1,0,1,1,0,100,1.0,1.0,1.0,0,0,1-25,0
6912,HKA,,,0,,0,2022-05-16,1,0,1,1,0,100,1.0,1.0,1.0,0,0,26-100,0
6913,SSII,,,0,,0,2022-05-16,1,0,1,1,0,100,1.0,1.0,1.0,0,0,1-25,0
6914,KNT,,4,0,,0,2022-05-16,1,0,1,1,10,100,1.0,1.0,1.0,0,0,101-500,0
6915,DWN,,8,0,,1,2022-05-16,1,0,1,2,1,100,1.0,1.0,1.0,0,0,26-100,0
6916,ZEN,,72,0,,1,2022-05-16,1,0,1,1,10,100,1.0,1.0,1.0,1,0,101-500,0
6917,ZEN,,,0,,0,2022-05-16,1,0,1,1,0,100,1.0,1.0,1.0,0,0,101-500,0
6918,sri enterprises,,2,0,,1,2022-05-16,1,0,1,2,10,10000,1.0,1.0,1.0,1,0,1-25,0
6919,skifh,,238,0,,1,2022-05-16,1,0,1,2,10,10000,1.0,1.0,1.0,1,0,1-25,0
6920,Rcraft,,87,0,,1,2022-05-16,1,0,1,2,10,100,1.0,1.0,1.0,1,0,26-100,0
6921,GreenWay,,74,0,,1,2022-05-16,1,0,1,2,10,10000,1.0,1.0,1.0,1,0,26-100,0
6922,GreenWay,,,0,,0,2022-05-16,1,0,1,1,0,100,1.0,1.0,1.0,0,0,26-100,0
6923,Test Company,,2,0,,0,2022-05-16,1,0,1,1,1,100,1.0,1.0,1.0,1,0,1-25,0
6924,XYZ,,73,0,,1,2022-05-16,1,0,1,2,10,10000,1.0,1.0,1.0,1,0,500-1000,0
6925,ABC,,72,0,,1,2022-05-16,1,0,1,2,1,10000,1.0,1.0,1.0,1,0,1-25,0
6926,ADS,,72,0,,1,2022-05-16,1,0,1,2,1,10000,1.0,1.0,1.0,1,0,101-500,0
6927,jobma,,72,0,,1,2022-05-17,1,0,1,2,1,10000,1.0,1.0,1.0,1,0,1-25,0
6928,QTest,,83,0,,1,2022-05-17,1,0,1,2,1,10000,1.0,1.0,1.0,1,0,101-500,0
6929,Green Agri,,74,0,,1,2022-05-17,1,0,1,2,1,10000,1.0,1.0,1.0,1,0,101-500,0
6930,erewrwer,,1,0,,1,2022-05-17,1,0,1,2,10,100,1.0,1.0,1.0,0,0,1-25,0
6931,sss,,1,0,,1,2022-05-17,1,0,1,2,1,10000,1.0,1.0,1.0,1,0,26-100,0
6932,Test Company,,4,0,,1,2022-05-17,1,0,1,2,1,10000,1.0,1.0,1.0,1,0,26-100,0
6933,ssi,,2,0,,1,2022-05-17,1,0,1,2,1,10000,1.0,1.0,1.0,1,0,1-25,0
6934,ssi,,1,0,,1,2022-05-17,1,0,1,1,10,10000,1.0,1.0,1.0,1,0,26-100,0
6935,we,,2,0,,1,2022-05-17,1,0,1,2,1,100,1.0,1.0,1.0,0,0,101-500,0
6936,sef,,1,0,,1,2022-05-17,1,0,1,2,1,100,1.0,1.0,1.0,0,0,26-100,0
6937,sdftg,,2,0,,1,2022-05-17,1,0,1,1,10,100,1.0,1.0,1.0,0,0,101-500,0
6938,sdc,,1,0,,1,2022-05-17,1,0,1,2,10,100,1.0,1.0,1.0,0,0,101-500,0
6939,Jobma,,1,0,,1,2022-05-17,1,0,1,2,1,100,1.0,1.0,1.0,0,0,1-25,0
6940,jobma,,231,0,,1,2022-05-17,1,0,1,2,1,100,1.0,1.0,1.0,1,0,1-25,0
6941,jobma,,72,0,,1,2022-05-17,1,0,1,2,10,100,1.0,1.0,1.0,1,0,1-25,0
6942,asd,,3,0,,1,2022-05-17,1,0,1,1,999,100,1.0,1.0,1.0,0,0,1-25,0
6943,asd,,1,0,,1,2022-05-17,1,0,1,2,10,10000,1.0,1.0,1.0,1,0,26-100,0
6944,Jimmy@123,,38,0,,0,2022-05-17,1,0,1,2,10,100,1.0,1.0,1.0,0,0,500-1000,0
6945,Davis & Mains,,103,0,,1,2022-05-17,1,0,1,2,12,10000,1.0,1.0,1.0,1,0,500-1000,0
6946,SSII,,72,0,,1,2022-05-17,1,1,1,1,999,100,1.0,1.0,1.0,1,0,1-25,0
6947,dsss,,2,0,,1,2022-05-17,1,0,1,2,4,10000,1.0,1.0,1.0,1,0,101-500,0
6948,SSII,,,0,,0,2022-05-17,1,0,1,1,0,100,1.0,1.0,1.0,0,0,1-25,0
6949,asdc,,2,0,,1,2022-05-17,1,0,1,2,1,10000,1.0,1.0,1.0,1,0,101-500,0
6950,jobma,,72,0,,0,2022-05-17,1,0,1,1,999,100,1.0,1.0,1.0,1,0,1-25,0
6951,Chuck,,103,0,,1,2022-05-17,1,0,1,2,1,100,1.0,1.0,1.0,1,0,1-25,0
6952,jobma,,72,0,,1,2022-05-17,1,0,1,2,1,100,1.0,1.0,1.0,1,0,1-25,0
6953,jobma,,72,0,,1,2022-05-17,1,0,1,2,10,100,1.0,1.0,1.0,1,0,1-25,0
6954,jobma,,231,0,,1,2022-05-17,1,0,1,2,10,100,1.0,1.0,1.0,1,0,1-25,0
6955,jobma,,72,0,,1,2022-05-17,1,0,1,2,10,100,1.0,1.0,1.0,1,0,1-25,0
6956,jobma,,72,0,,1,2022-05-17,1,0,1,2,10,10000,1.0,1.0,1.0,1,0,1-25,0
6957,jobma,,2,0,,1,2022-05-17,1,0,1,2,1,10000,1.0,1.0,1.0,1,0,1-25,0
6958,jobma,,1,0,,1,2022-05-17,1,0,1,2,1,100,1.0,1.0,1.0,0,0,1-25,0
6959,jobma,,1,0,,1,2022-05-17,1,0,1,2,1,100,1.0,1.0,1.0,0,0,26-100,0
6960,StarSpaceUniverse,,73,0,1,1,2022-05-18,1,0,1,1,1,10000,1.0,1.0,1.0,1,0,26-100,0
6961,dsfsdfsdf,,1,0,,1,2022-05-18,1,0,1,2,1,100,1.0,1.0,1.0,0,0,1-25,0
6962,qwerty,,2,0,,1,2022-05-18,1,0,1,2,1,100,1.0,1.0,1.0,0,0,1-25,0
6963,wsw,,1,0,,1,2022-05-18,1,0,1,1,999,100,1.0,1.0,1.0,0,0,1-25,0
6964,SSII,,74,0,,0,2022-05-18,1,0,1,1,999,100,1.0,1.0,1.0,1,0,1-25,0
6965,dddd,,3,0,,1,2022-05-18,1,0,1,1,10,10000,1.0,1.0,1.0,1,0,26-100,0
6966,sdaos,,72,0,,1,2022-05-18,1,0,1,2,10,10000,1.0,1.0,1.0,1,0,1-25,0
6968,Los Pollos Harmanos,,115,0,,1,2022-05-18,1,0,1,1,10,10000,1.0,1.0,1.0,1,0,1-25,0
6969,Messi,,3,0,,1,2022-05-18,1,0,1,2,1,10000,1.0,1.0,1.0,1,0,101-500,0
6970,sss,,3,0,,1,2022-05-18,1,0,1,1,999,100,1.0,1.0,1.0,0,0,1-25,0
6971,SIII,,74,0,,1,2022-05-18,1,0,1,2,1,10000,1.0,1.0,1.0,1,0,1-25,0
6972,Breaking Bad,,72,0,,1,2022-05-18,1,0,1,1,10,100,1.0,1.0,1.0,1,0,1-25,0
6973,sss,,2,0,,1,2022-05-18,1,0,1,1,1,100,1.0,1.0,1.0,0,0,101-500,0
6974,saf,,2,0,,1,2022-05-18,1,0,1,1,1,100,1.0,1.0,1.0,0,0,1-25,0
6975,wss,,1,0,,1,2022-05-18,1,0,1,1,10,100,1.0,1.0,1.0,0,0,26-100,0
6976,SSII,,,0,,0,2022-05-18,1,0,1,1,0,100,1.0,1.0,1.0,0,0,1-25,0
6977,Test Company,,2,0,,1,2022-05-18,1,0,1,1,999,100,1.0,1.0,1.0,0,0,101-500,0
6978,KNT,,,0,,0,2022-05-18,1,0,1,1,0,100,1.0,1.0,1.0,0,0,101-500,0
6979,Test Company,,,0,,0,2022-05-18,1,0,1,1,0,100,1.0,1.0,1.0,0,0,101-500,0
6980,Testing,,231,0,,1,2022-05-18,1,0,1,2,1,10000,1.0,1.0,1.0,1,0,1-25,0
6981,sdvdrg,,1,0,,1,2022-05-18,1,0,1,2,999,10000,1.0,1.0,1.0,1,0,1-25,0
6982,TestCompany,,85,0,,1,2022-05-18,1,0,1,1,10,100,1.0,1.0,1.0,1,0,101-500,0
6983,TestCompany,,,0,,0,2022-05-18,1,0,1,1,0,100,1.0,1.0,1.0,0,0,101-500,0
6984,dsd,,1,0,,1,2022-05-18,1,0,1,2,10,100,1.0,1.0,1.0,0,0,1-25,0
6985,Test Company,,,0,,0,2022-05-18,1,0,1,1,0,100,1.0,1.0,1.0,0,0,101-500,0
6986,Test Company,,,0,,0,2022-05-18,1,0,1,1,0,100,1.0,1.0,1.0,0,0,101-500,0
6987,Test Company,,,0,,0,2022-05-18,1,0,1,1,0,100,1.0,1.0,1.0,0,0,101-500,0
6988,SSII,,74,0,,1,2022-05-18,1,0,1,1,10,100,1.0,1.0,1.0,1,0,1-25,0
6989,Test Company,,,0,,0,2022-05-18,1,0,1,1,0,100,1.0,1.0,1.0,0,0,101-500,0
6990,Test Company,,,0,,0,2022-05-18,1,0,1,1,0,100,1.0,1.0,1.0,0,0,101-500,0
6991,Test Company,,,0,,0,2022-05-18,1,0,1,1,0,100,1.0,1.0,1.0,0,0,101-500,0
6992,Test Company,,,0,,0,2022-05-18,1,0,1,1,0,100,1.0,1.0,1.0,0,0,101-500,0
6993,Test Company,,,0,,0,2022-05-18,1,0,1,1,0,100,1.0,1.0,1.0,0,0,101-500,0
6994,Test Company,,,0,,0,2022-05-18,1,0,1,1,0,100,1.0,1.0,1.0,0,0,101-500,0
6995,Test Company,,,0,,0,2022-05-18,1,0,1,1,0,100,1.0,1.0,1.0,0,0,101-500,0
6996,Jobma,,72,0,,1,2022-05-19,1,0,1,1,1,100,1.0,1.0,1.0,1,0,1-25,0
6997,WestAgri,,3,0,,1,2022-05-19,1,0,1,2,10,100,1.0,1.0,1.0,0,0,26-100,0
6998,R Bank,,1,0,,1,2022-05-19,1,0,1,1,1,100,1.0,1.0,1.0,0,0,26-100,0
6999,Jobma,,,0,,0,2022-05-19,1,0,1,1,0,100,1.0,1.0,1.0,0,0,1-25,0
7000,Sri Enterprises,,"2,73,74",0,,1,2022-05-19,1,1,1,1,11,10000,1.0,1.0,1.0,1,0,1-25,0
7001,Aero,,73,0,,1,2022-05-19,1,0,1,1,10,100,1.0,1.0,1.0,0,0,101-500,0
7002,KAdvert,,2,0,,1,2022-05-19,1,0,1,1,999,100,1.0,1.0,1.0,0,0,500-1000,0
7003,HHM,,74,0,,1,2022-05-19,1,0,1,2,1,10000,0.0,0.0,1.0,1,0,1-25,0
7004,Kevin,,2,1,,1,2022-05-19,1,0,1,2,1,100,1.0,1.0,1.0,0,0,1-25,0
7005,Z Test,,7,0,,1,2022-05-19,1,0,1,2,10,100,1.0,1.0,1.0,0,0,26-100,0
7006,Z Test,,,0,,0,2022-05-19,1,0,1,1,0,100,1.0,1.0,1.0,0,0,26-100,0
7007,Sri infotech,,73,0,,1,2022-05-19,1,0,1,1,10,10000,1.0,1.0,1.0,1,0,1-25,0
7008,Test Company,,"2,73,74",0,,1,2022-05-19,1,0,1,2,999,10000,1.0,1.0,1.0,1,0,26-100,0
7009,Test Company,,,0,,0,2022-05-19,1,0,1,1,0,100,1.0,1.0,1.0,0,0,26-100,0
7010,test com,,2,0,,0,2022-05-19,1,0,1,1,999,60,1.0,1.0,1.0,1,0,26-100,0
7011,KBPO,,7,0,,1,2022-05-19,1,0,1,1,10,100,1.0,1.0,1.0,0,0,26-100,0
7012,SSII,,74,0,,0,2022-05-19,1,0,1,1,999,100,1.0,1.0,1.0,1,0,1-25,0
7013,Test Company,,72,0,,1,2022-05-19,1,0,1,2,999,10000,0.0,0.0,1.0,1,0,1-25,0
7014,Test Compnay,,74,0,,1,2022-05-19,1,0,1,2,999,100,1.0,1.0,1.0,1,0,1-25,0
7015,Testing,,7,0,,1,2022-05-19,1,0,1,1,10,100,1.0,1.0,1.0,0,0,101-500,0
7016,AirSpace,,73,0,,1,2022-05-19,1,0,1,2,1,100,1.0,1.0,1.0,0,0,26-100,0
7017,Z Test,,1,0,,1,2022-05-19,1,0,1,2,1,100,1.0,1.0,1.0,0,0,26-100,0
7018,Greevn View,,3,0,,1,2022-05-19,1,0,1,1,1,100,1.0,1.0,1.0,0,0,26-100,0
7019,Najeeb Testing,,"78,83",0,,1,2022-05-20,1,0,1,1,10,100,1.0,1.0,1.0,1,0,More than 1000,0
7020,G Test,,16,0,,1,2022-05-20,1,0,1,2,10,10000,1.0,1.0,1.0,1,0,26-100,0
7021,Sri Enterprises,,,0,,0,2022-05-20,1,0,1,1,0,100,1.0,1.0,1.0,0,0,1-25,0
7022,Najeeb Testing,,,0,,0,2022-05-20,1,0,1,1,0,100,1.0,1.0,1.0,0,0,More than 1000,0
7023,Agri Green,,3,0,,1,2022-05-20,1,0,1,2,999,10000,1.0,1.0,1.0,1,0,101-500,0
7024,SSII,,,0,,0,2022-05-20,1,0,1,1,0,100,1.0,1.0,1.0,0,0,1-25,0
7025,SpaceAir,,2,0,,0,2022-05-20,1,0,1,1,999,60,1.0,1.0,1.0,1,0,26-100,0
7026,Q Beauty,,79,0,,1,2022-05-20,1,0,1,2,999,100,1.0,1.0,1.0,0,0,26-100,0
7027,Test Company,,73,0,,1,2022-05-20,1,0,1,1,1,100,1.0,1.0,1.0,1,0,1-25,0
7028,jobma,,1,0,,1,2022-05-20,1,0,1,2,1,100,1.0,1.0,1.0,0,0,26-100,0
7029,netCom,,24,0,,1,2022-05-20,1,0,1,1,999,10000,1.0,1.0,1.0,1,0,101-500,0
7030,SIII,,1,0,,1,2022-05-20,1,0,1,1,999,100,1.0,1.0,1.0,0,0,26-100,0
7031,Organic Green,,3,0,,1,2022-05-20,1,0,1,1,999,100,1.0,1.0,1.0,0,0,101-500,0
7032,kanish Company,,"2,4",0,,1,2022-05-20,1,1,1,1,11,100,1.0,1.0,1.0,1,0,500-1000,0
7033,Tadv,,2,0,,1,2022-05-20,1,0,1,2,1,100,1.0,1.0,1.0,0,0,101-500,0
7034,Tadv,,,0,,0,2022-05-20,1,0,1,1,0,100,1.0,1.0,1.0,0,0,101-500,0
7035,Test Company,,74,0,,1,2022-05-20,1,0,1,1,1,100,1.0,1.0,1.0,1,0,101-500,0
7036,jobma,,72,0,,1,2022-05-20,1,0,1,2,10,100,1.0,1.0,1.0,1,0,1-25,0
7037,kanish Company,,,0,,0,2022-05-20,1,0,1,1,0,100,1.0,1.0,1.0,0,0,500-1000,0
7038,Eadvt,,72,0,,0,2022-05-20,1,0,1,1,999,100,1.0,1.0,1.0,1,0,101-500,0
7039,Eadvt,,,0,,0,2022-05-20,1,0,1,1,0,100,1.0,1.0,1.0,0,0,101-500,0
7040,Space1,,73,0,,1,2022-05-20,1,0,1,2,10,100,1.0,1.0,1.0,0,0,101-500,0
7041,Space1,,,0,,0,2022-05-20,1,0,1,1,0,100,1.0,1.0,1.0,0,0,101-500,0
7042,jobma,,231,0,,1,2022-05-20,1,0,1,1,1,100,1.0,1.0,1.0,1,0,1-25,0
7043,D Bank,,78,0,,1,2022-05-20,1,0,1,1,10,100,1.0,1.0,1.0,1,0,500-1000,0
7044,oofijaso,,3,0,,1,2022-05-20,1,0,1,2,10,100,1.0,1.0,1.0,0,0,101-500,0
7045,D Bank,,,0,,0,2022-05-20,1,0,1,1,0,100,1.0,1.0,1.0,0,0,500-1000,0
7046,AeroDef,,73,0,,1,2022-05-20,1,0,1,1,999,100,1.0,1.0,1.0,0,0,101-500,0
7047,AeroDef,,,0,,0,2022-05-20,1,0,1,1,0,100,1.0,1.0,1.0,0,0,101-500,0
7048,ssi,,2,0,,1,2022-05-20,1,0,1,2,1,100,1.0,1.0,1.0,1,0,1-25,0
7049,W Bank,,1,0,,1,2022-05-20,1,0,1,1,10,100,1.0,1.0,1.0,0,0,101-500,0
7050,ssi,,73,0,,1,2022-05-20,1,0,1,2,10,100,1.0,1.0,1.0,1,0,1-25,0
7051,W Bank,,,0,,0,2022-05-20,1,0,1,1,0,100,1.0,1.0,1.0,0,0,101-500,0
7052,M Art,,4,0,,1,2022-05-20,1,0,1,1,999,100,1.0,1.0,1.0,0,0,101-500,0
7053,M Art,,,0,,0,2022-05-20,1,0,1,1,0,100,1.0,1.0,1.0,0,0,101-500,0
7054,Test Company,,73,0,,1,2022-05-20,1,1,1,2,4,100,1.0,1.0,1.0,1,0,1-25,0
7055,Deslfslkd,,2,0,,1,2022-05-20,1,0,1,2,10,100,1.0,1.0,1.0,1,0,1-25,0
7056,J Test,,23,0,,1,2022-05-20,1,0,1,2,10,100,1.0,1.0,1.0,1,0,101-500,0
7057,J Test,,,0,,0,2022-05-20,1,0,1,1,0,100,1.0,1.0,1.0,0,0,101-500,0
7058,onkar,,72,0,,1,2022-05-20,1,0,1,2,1,10000,1.0,1.0,1.0,1,0,26-100,0
7059,DELYTA,,72,0,,1,2022-05-20,1,0,1,2,10,10000,1.0,1.0,1.0,1,0,1-25,0
7060,uitesh company,,"2,7",0,,1,2022-05-20,1,0,1,2,1,100,1.0,1.0,1.0,0,0,26-100,0
7061,jobma,,72,0,,1,2022-05-20,1,0,1,1,1,100,1.0,1.0,1.0,1,0,1-25,0
7062,Jobma,,72,0,,1,2022-05-20,1,0,1,2,1,100,1.0,1.0,1.0,1,0,1-25,0
7063,Uitesh Jagtap,,"2,3",0,,1,2022-05-20,1,0,1,2,10,100,1.0,1.0,1.0,0,0,1-25,0
7064,SII,,74,0,,1,2022-05-23,1,0,1,1,999,10000,1.0,1.0,1.0,1,0,1-25,0
7065,Sri enterprises,,2,0,,1,2022-05-23,1,1,1,1,12,100,1.0,1.0,1.0,0,0,26-100,0
7066,Testing Eastern,,"2,3",0,,0,2022-05-23,1,0,1,1,999,100,1.0,1.0,1.0,0,0,101-500,0
7067,Testing Western,,"7,8",0,,1,2022-05-23,1,0,1,2,10,100,1.0,1.0,1.0,0,0,500-1000,0
7068,Dev@123,,"8,10",0,,1,2022-05-23,1,0,1,1,999,100,1.0,1.0,1.0,0,0,101-500,0
7069,Southern Testing,,"10,23",0,,1,2022-05-23,1,0,1,1,1,10000,1.0,1.0,1.0,1,0,26-100,0
7070,Datesh Testing,,"11,14",0,,1,2022-05-23,1,0,1,1,10,10000,1.0,1.0,1.0,1,0,101-500,0
7071,Dateh Singh Testing,,"15,16",0,,1,2022-05-23,1,0,1,1,999,10000,1.0,1.0,1.0,1,0,26-100,0
7072,Testing Western,,,0,,0,2022-05-23,1,0,1,1,0,100,1.0,1.0,1.0,0,0,500-1000,0
7073,ss,,"2,73,74",0,,1,2022-05-23,1,0,1,2,1,10000,1.0,1.0,1.0,1,0,26-100,0
7074,Test Company,,3,0,,1,2022-05-23,1,0,1,1,999,100,1.0,1.0,1.0,0,0,101-500,0
7075,Test Company,,,0,,0,2022-05-23,1,0,1,1,0,100,1.0,1.0,1.0,0,0,101-500,0
7076,SII,,3,0,,0,2022-05-23,1,0,1,1,999,10000,1.0,1.0,1.0,1,0,1-25,0
7077,Quest Testing,,"2,73",0,,0,2022-05-23,1,1,1,1,999,100,1.0,1.0,1.0,1,0,26-100,0
7078,gg,,"2,51,7",0,,1,2022-05-23,1,0,1,2,1,10000,1.0,1.0,1.0,1,0,500-1000,0
7079,Quest Testing,,,0,,0,2022-05-23,1,0,1,1,0,100,1.0,1.0,1.0,0,0,26-100,0
7080,SII,,231,0,,1,2022-05-23,1,0,1,2,10,100,1.0,1.0,1.0,1,0,1-25,0
7081,SII,,,0,,0,2022-05-23,1,0,1,1,0,100,1.0,1.0,1.0,0,0,1-25,0
7082,Testing company,,"82,11,89",0,,1,2022-05-23,1,0,1,2,1,10000,1.0,1.0,1.0,1,0,1-25,0
7083,SSII,,73,0,,0,2022-05-23,1,0,1,2,999,60,1.0,1.0,1.0,1,0,1-25,0
7084,ari iisdisd,,3,0,,1,2022-05-23,1,0,1,2,10,100,1.0,1.0,1.0,0,0,101-500,0
7085,dvlas;las,,2,0,,1,2022-05-23,1,1,1,1,11,100,1.0,1.0,1.0,0,0,101-500,0
7086,Test Company,,73,0,,1,2022-05-23,1,1,1,1,21,100,1.0,1.0,1.0,1,0,1-25,0
7087,delta tower,,3,0,,1,2022-05-23,1,0,1,1,999,100,1.0,1.0,1.0,0,0,26-100,0
7088,Incent,,84,0,,1,2022-05-23,1,0,1,2,10,10000,1.0,1.0,1.0,1,0,1-25,0
7089,Ranjit Testing,,"2,73",0,,1,2022-05-23,1,0,1,2,10,100,1.0,1.0,1.0,1,0,101-500,0
7090,SSII,,,0,,0,2022-05-23,1,0,1,1,0,100,1.0,1.0,1.0,0,0,1-25,0
7091,Jagriti Company,,"80,11",0,,1,2022-05-23,1,0,1,2,10,10000,1.0,1.0,1.0,1,0,500-1000,0
7092,SSI,,4,0,,1,2022-05-23,1,0,1,2,999,100,1.0,1.0,1.0,0,0,101-500,0
7093,SSII,,73,0,,1,2022-05-23,1,0,1,2,10,100,1.0,1.0,1.0,1,0,1-25,0
7094,SSII,,,0,,0,2022-05-23,1,0,1,1,0,100,1.0,1.0,1.0,0,0,1-25,0
7095,R Agri,,74,0,,0,2022-05-23,1,0,1,2,10,10000,1.0,1.0,1.0,1,0,101-500,0
7096,R Agri,,,0,,0,2022-05-23,1,0,1,1,0,100,1.0,1.0,1.0,0,0,101-500,0
7097,Test,,4,0,,0,2022-05-23,1,0,1,1,999,100,1.0,1.0,1.0,0,0,26-100,0
7098,Sri Infotech,,2,0,,1,2022-05-24,1,1,1,2,10,100,1.0,1.0,1.0,0,0,101-500,0
7099,qwerty,,72,0,,1,2022-05-24,1,0,1,1,10,60,1.0,150.0,1.0,1,0,1-25,0
7100,qwerty,,,0,,0,2022-05-24,1,0,1,1,0,100,1.0,1.0,1.0,0,0,1-25,0
7101,Testing Eastern,,,0,,0,2022-05-24,1,0,1,1,0,100,1.0,1.0,1.0,0,0,101-500,0
7102,kutfytf,,2,0,,1,2022-05-24,1,1,1,1,12,100,1.0,1.0,1.0,0,0,26-100,0
7103,jobma,,72,0,,1,2022-05-24,1,0,1,2,1,100,1.0,1.0,1.0,1,0,1-25,0
7104,kutfytf,,,0,,0,2022-05-24,1,0,1,1,0,100,1.0,1.0,1.0,0,0,26-100,0
7105,Test,,,0,,0,2022-05-24,1,0,1,1,0,100,1.0,1.0,1.0,0,0,26-100,0
7106,SSI,,92,0,,1,2022-05-24,1,0,1,2,1,10000,1.0,1.0,1.0,1,0,1-25,0
7107,fsiuhsh,,3,0,,0,2022-05-24,1,0,1,1,999,100,1.0,1.0,1.0,0,0,26-100,0
7108,Test Company,,73,0,,0,2022-05-24,1,0,1,1,999,10000,1.0,1.0,1.0,1,0,1-25,0
7109,utk Testing,,"83,85",0,,1,2022-05-24,1,0,1,2,10,100,1.0,1.0,1.0,1,0,More than 1000,0
7110,sii,,74,0,,1,2022-05-24,1,0,1,1,10,10000,1.0,1.0,1.0,1,0,1-25,0
7111,Dev,,88,0,,0,2022-05-24,1,0,1,0,10,100,1.0,1.0,1.0,1,0,More than 1000,0
7112,opay,,84,0,,0,2022-05-24,1,0,1,1,10,100,1.0,1.0,1.0,1,0,1-25,0
7113,last tset,,74,0,,1,2022-05-24,1,0,1,2,10,100,1.0,1.0,1.0,1,0,More than 1000,0
7114,kajhdk,,2,0,,1,2022-05-24,1,0,1,1,999,10000,1.0,1.0,1.0,1,0,101-500,0
7115,sii,,,0,,0,2022-05-24,1,0,1,1,0,100,1.0,1.0,1.0,0,0,1-25,0
7116,lidhnsf,,2,0,,1,2022-05-24,1,0,1,1,10,10000,1.0,1.0,1.0,1,0,26-100,0
7117,Desmdhggs,,2,0,,1,2022-05-24,1,0,1,1,1,10000,1.0,1.0,1.0,1,0,101-500,0
7118,nevpaypal,,73,0,,1,2022-05-24,1,0,1,2,10,100,1.0,1.0,1.0,1,0,500-1000,0
7119,sii,,74,0,,1,2022-05-24,1,0,1,2,1,10000,1.0,1.0,1.0,1,0,1-25,0
7120,sii,,74,0,,1,2022-05-24,1,0,1,2,10,10000,1.0,1.0,1.0,1,0,1-25,0
7121,ssi,,231,0,,1,2022-05-24,1,0,1,2,10,10000,1.0,1.0,1.0,1,0,1-25,0
7122,sri infotech,,2,0,,1,2022-05-24,1,0,1,2,999,10000,1.0,1.0,1.0,1,0,101-500,0
7123,Greenfield,,3,0,,0,2022-05-24,1,0,1,1,10,100,1.0,1.0,1.0,0,0,101-500,0
7124,KT Tech,,14,0,,0,2022-05-24,1,0,1,1,10,60,1.0,1.0,1.0,1,0,101-500,0
7125,jobma,,1,0,,1,2022-05-24,1,0,1,2,1,10000,1.0,1.0,1.0,1,0,1-25,0
7126,abhishek,,2,0,,1,2022-05-24,1,0,1,2,10,10000,1.0,1.0,1.0,1,0,26-100,0
7127,jobma,,1,0,,1,2022-05-24,1,0,1,2,999,10000,1.0,1.0,1.0,1,0,26-100,0
7128,Delta tower,,3,0,,1,2022-05-24,1,0,1,2,10,10000,1.0,1.0,1.0,1,0,26-100,0
7129,Fashion,,2,0,,0,2022-05-24,1,0,1,1,10,100,1.0,1.0,1.0,0,0,101-500,0
7130,jobma,,1,0,,1,2022-05-24,1,0,1,2,999,10000,1.0,1.0,1.0,1,0,26-100,0
7131,jobma,,1,0,,1,2022-05-24,1,0,1,2,999,10000,1.0,1.0,1.0,1,0,1-25,0
7132,sii,,,0,,0,2022-05-24,1,0,1,1,0,100,1.0,1.0,1.0,0,0,1-25,0
7133,gjfadshajhl,,72,0,,1,2022-05-24,1,0,1,2,10,10000,1.0,1.0,1.0,1,0,1-25,0
7134,kshaslk,,2,0,,1,2022-05-24,1,0,1,2,10,10000,1.0,1.0,1.0,1,0,1-25,0
7135,3453554635335,,2,0,,1,2022-05-24,1,0,1,2,999,10000,1.0,1.0,1.0,1,0,101-500,0
7136,test,,4,0,,1,2022-05-24,1,0,1,2,999,10000,1.0,1.0,1.0,1,0,26-100,0
7137,SSII,,74,0,,1,2022-05-24,1,0,1,1,10,100,1.0,1.0,1.0,1,0,1-25,0
7138,SSII,,,0,,0,2022-05-24,1,0,1,1,0,100,1.0,1.0,1.0,0,0,1-25,0
7139,Dev,,,0,,0,2022-05-24,1,0,1,1,0,100,1.0,1.0,1.0,0,0,More than 1000,0
7140,Already,,"73,74",0,,0,2022-05-24,1,0,1,1,10,100,1.0,1.0,1.0,1,0,26-100,0
7141,zxc company,,"2,73",0,,0,2022-05-25,1,0,1,1,1,10000,1.0,1.0,1.0,1,0,101-500,0
7142,credit card,,"2,73",0,,0,2022-05-25,1,0,1,1,1,100,1.0,1.0,1.0,1,0,101-500,0
7143,paypal,,74,0,,0,2022-05-25,1,0,1,1,10,100,1.0,1.0,1.0,1,0,101-500,0
7144,ssi,,72,0,,1,2022-05-25,1,1,1,1,11,100,1.0,1.0,1.0,1,0,1-25,0
7145,StarSpace,,240,0,,1,2022-05-25,1,0,1,1,999,100,1.0,1.0,1.0,0,0,101-500,0
7146,mukesh,,"74,79",0,,0,2022-05-25,1,0,1,2,10,10000,1.0,1.0,1.0,1,0,101-500,0
7147,StarSpace,,,0,,0,2022-05-25,1,0,1,1,0,100,1.0,1.0,1.0,0,0,101-500,0
7148,Delta tower,,"2,73,74",0,,1,2022-05-25,1,0,1,1,1,10000,1.0,1.0,1.0,1,0,1-25,0
7149,jobma,,72,0,,1,2022-05-25,1,0,1,2,1,100,1.0,1.0,1.0,1,0,1-25,0
7150,SSII,,74,0,,0,2022-05-25,1,0,1,2,999,100,1.0,1.0,1.0,1,0,1-25,0
7151,jindal  corp.,,85,0,1,1,2022-05-25,1,0,1,1,999,60,1.0,2.0,1.0,1,100,26-100,0
7152,cvb,,3,0,,1,2022-05-25,1,0,1,2,999,10000,1.0,1.0,1.0,1,0,26-100,0
7153,vbn,,28,0,,0,2022-05-25,1,0,1,1,999,60,1.0,1.0,1.0,1,0,26-100,0
7154,khdsfkkj,,2,0,,1,2022-05-25,1,0,1,1,999,10000,1.0,1.0,1.0,1,0,26-100,0
7155,sdadas,,2,0,,1,2022-05-25,1,0,1,2,1,10000,1.0,1.0,1.0,1,0,1-25,0
7156,asf,,3,0,,1,2022-05-25,1,0,1,1,999,100,1.0,1.0,1.0,0,0,26-100,0
7157,SSII,,,0,,0,2022-05-25,1,0,1,1,0,100,1.0,1.0,1.0,0,0,1-25,0
7158,Test Company,,74,0,,1,2022-05-25,1,0,1,2,1,100,1.0,1.0,1.0,1,0,1-25,0
7159,sdkjnskjn,,3,0,,1,2022-05-25,1,0,1,2,999,10000,1.0,1.0,1.0,1,0,1-25,0
7160,Siska Bankings,,78,0,,1,2022-05-25,1,0,1,1,10,10000,1.0,1.0,1.0,1,0,101-500,0
7161,Vivek Company,,"72,2",0,,1,2022-05-25,1,0,1,2,10,100,1.0,1.0,1.0,1,0,26-100,0
7162,Cheema,,74,0,,1,2022-05-25,1,0,1,2,1,10000,1.0,1.0,1.0,1,0,1-25,0
7163,Test Company,,73,0,,1,2022-05-25,1,0,1,2,1,10000,1.0,1.0,1.0,1,0,1-25,0
7164,Test Company,,73,0,,0,2022-05-25,1,1,1,1,10,100,1.0,1.0,1.0,1,0,26-100,0
7165,Test Company,,2,0,,1,2022-05-25,1,0,1,2,1,10000,1.0,1.0,1.0,1,0,1-25,0
7166,Test Company,,74,0,,1,2022-05-25,1,0,1,2,10,100,1.0,1.0,1.0,1,0,1-25,0
7167,Test Company,,2,0,,1,2022-05-25,1,0,1,2,1,10000,1.0,1.0,1.0,1,0,1-25,0
7168,Test Company,,2,0,,1,2022-05-25,1,0,1,2,1,100,1.0,1.0,1.0,1,0,1-25,0
7169,Test Company,,73,0,,1,2022-05-25,1,0,1,1,10,10000,1.0,1.0,1.0,1,0,1-25,0
7170,Meesh IT,,23,0,,1,2022-05-25,1,1,1,1,10,10000,1.0,1.0,1.0,1,0,1-25,0
7171,asdfg,,79,0,,1,2022-05-25,1,0,1,2,10,10000,1.0,1.0,1.0,1,0,1-25,0
7172,zxcvb,,83,0,,1,2022-05-25,1,0,1,2,10,10000,1.0,1.0,1.0,1,0,1-25,0
7173,Demo,,,0,,0,2022-05-25,1,0,1,1,0,100,1.0,1.0,1.0,0,0,1-25,0
7174,vbnm,,73,0,,1,2022-05-25,1,0,1,1,10,100,1.0,1.0,1.0,1,0,1-25,0
7175,ghjkl,,74,0,,1,2022-05-25,1,0,1,2,10,100,1.0,1.0,1.0,1,0,1-25,0
7176,redfghjk,,2,0,,1,2022-05-25,1,0,1,1,1,100,1.0,1.0,1.0,1,0,1-25,0
7177,WTP,,78,0,,1,2022-05-25,1,0,1,2,10,10000,1.0,1.0,1.0,1,0,1-25,0
7178,Less,,74,0,,1,2022-05-25,1,0,1,2,1,100,1.0,1.0,1.0,1,0,1-25,0
7179,register,,73,0,,1,2022-05-25,1,0,1,2,10,100,1.0,1.0,1.0,1,0,1-25,0
7180,SSII,,74,0,,1,2022-05-25,1,0,1,2,10,10000,1.0,1.0,1.0,1,0,1-25,0
7181,ssi,,58,0,,1,2022-05-25,1,0,1,2,1,100,1.0,1.0,1.0,1,0,1-25,0
7182,SSII,,74,0,,0,2022-05-25,1,0,1,2,10,10000,1.0,1.0,1.0,1,0,1-25,0
7183,dipso,,7,0,,1,2022-05-25,1,0,1,1,1,100,1.0,1.0,1.0,1,0,1-25,0
7184,dipso,,7,0,,1,2022-05-25,1,0,1,2,1,100,1.0,1.0,1.0,1,0,1-25,0
7185,jobma,,2,0,,1,2022-05-25,1,0,1,2,10,10000,1.0,1.0,1.0,1,0,1-25,0
7186,NESW Testing,,"74,3",6,,1,2022-05-26,1,0,1,1,10,100,1.0,1.0,1.0,0,0,101-500,0
7187,Alle,,73,0,,1,2022-05-26,1,1,1,2,999,10000,1.0,1.0,1.0,1,0,1-25,0
7188,Alle,,,0,,0,2022-05-26,1,0,1,1,0,100,1.0,1.0,1.0,0,0,1-25,0
7189,Delta tower,,73,0,,1,2022-05-26,1,1,1,1,2,10000,1.0,1.0,1.0,1,0,1-25,0
7190,vinay company,,"74,79",0,,1,2022-05-26,1,0,1,2,1,10000,1.0,1.0,1.0,1,0,1-25,0
7191,SSII,,74,0,,0,2022-05-26,1,0,1,1,10,100,1.0,1.0,1.0,1,0,1-25,0
7192,faster,,74,0,,1,2022-05-26,1,0,1,2,10,10000,0.0,0.0,1.0,1,0,1-25,0
7193,Delta tower,,73,0,,1,2022-05-26,1,1,1,2,11,10000,1.0,1.0,1.0,1,0,1-25,0
7194,Dalmia,,"2,73",0,,1,2022-05-26,1,0,1,2,1,100,1.0,1.0,1.0,0,0,1-25,0
7195,ert,,4,0,,1,2022-05-26,1,0,1,2,999,10000,1.0,1.0,1.0,1,0,26-100,0
7196,ionex,,74,0,,1,2022-05-26,1,0,1,2,1,10000,0.0,0.0,1.0,1,0,26-100,0
7197,hjk,,4,0,,1,2022-05-26,1,0,1,2,999,10000,1.0,1.0,1.0,1,0,1-25,0
7198,Sprite,,"1,2",0,,0,2022-05-26,1,0,1,1,1,100,1.0,1.0,1.0,0,0,26-100,0
7199,hjk,,3,0,,1,2022-05-26,1,0,1,2,999,10000,1.0,1.0,1.0,1,0,26-100,0
7200,SSII,,,0,,0,2022-05-26,1,0,1,1,0,100,1.0,1.0,1.0,0,0,1-25,0
7202,assure,,2,0,,1,2022-05-26,1,1,1,2,3,10000,1.0,1.0,1.0,1,0,More than 1000,0
7203,sdkjnskjns,,72,0,,1,2022-05-26,1,0,1,2,10,10000,1.0,1.0,1.0,1,0,1-25,0
7204,assure,,,0,,0,2022-05-26,1,0,1,1,0,100,1.0,1.0,1.0,0,0,More than 1000,0
7205,Tesing,,,0,,0,2022-05-26,1,0,1,1,0,100,1.0,1.0,1.0,0,0,More than 1000,0
7206,sdkjnskjns,,,0,,0,2022-05-26,1,0,1,1,0,100,1.0,1.0,1.0,0,0,1-25,0
7207,SSII,,,0,,0,2022-05-26,1,0,1,1,0,100,1.0,1.0,1.0,0,0,1-25,0
7208,DELTA TOWER,,72,0,,1,2022-05-26,1,0,1,1,10,10000,1.0,1.0,1.0,1,0,1-25,0
7209,Test Company,,73,0,,1,2022-05-26,1,0,1,2,10,10000,1.0,1.0,1.0,1,0,1-25,0
7210,abhsieia,,73,0,,1,2022-05-26,1,0,1,1,10,10000,1.0,1.0,1.0,1,0,1-25,0
7211,mistik,,4,0,,1,2022-05-26,1,0,1,2,10,10000,1.0,1.0,1.0,1,0,101-500,0
7212,Diary Farms,,3,1,,1,2022-05-26,1,0,1,2,1,100,1.0,1.0,1.0,0,0,1-25,0
7213,better,,"7,81",0,,1,2022-05-26,1,0,1,1,1,10000,0.0,0.0,1.0,1,0,1-25,0
7214,abj,,2,0,,1,2022-05-26,1,0,1,2,10,10000,1.0,1.0,1.0,1,0,26-100,0
7215,jyrdyh,,"2,3,4",0,,1,2022-05-26,1,0,1,1,10,10000,1.0,1.0,1.0,1,0,101-500,0
7216,SSII,,74,0,,1,2022-05-26,1,0,1,2,10,100,1.0,1.0,1.0,1,0,1-25,0
7217,Anm,,3,0,,1,2022-05-26,1,0,1,2,999,10000,1.0,1.0,1.0,1,0,101-500,0
7218,SSII,,,0,,0,2022-05-26,1,0,1,1,0,100,1.0,1.0,1.0,0,0,1-25,0
7219,lkjhgfdsas,,4,0,,1,2022-05-26,1,0,1,1,999,10000,1.0,1.0,1.0,1,0,26-100,0
7220,oojlkjljkl,,2,0,,1,2022-05-26,1,0,1,2,10,10000,1.0,1.0,1.0,1,0,26-100,0
7221,dlijsldkj,,2,0,,1,2022-05-26,1,0,1,1,10,10000,1.0,1.0,1.0,1,0,26-100,0
7222,sdcjhsdj,,2,0,,1,2022-05-26,1,0,1,2,999,10000,1.0,1.0,1.0,1,0,26-100,0
7223,jobma,,231,1,,1,2022-05-26,1,0,1,1,1,100,1.0,1.0,1.0,0,0,1-25,0
7224,jobma,,74,1,,1,2022-05-26,1,0,1,1,1,100,1.0,1.0,1.0,0,0,1-25,0
7226,jobma,,74,1,,1,2022-05-26,1,0,1,1,1,100,1.0,1.0,1.0,0,0,1-25,0
7227,hire,,4,0,,1,2022-05-26,1,0,1,2,1,100,1.0,1.0,1.0,0,0,26-100,0
7228,kjl,,3,0,,1,2022-05-27,1,0,1,2,999,10000,1.0,1.0,1.0,1,0,101-500,0
7229,Hardeep Comp.,,73,1,,1,2022-05-27,1,0,1,2,1,100,1.0,1.0,1.0,0,0,1-25,0
7230,Hardeep sons,,72,0,,1,2022-05-27,1,0,1,1,1,100,1.0,1.0,1.0,0,0,26-100,0
7231,ghjkl,,3,0,,1,2022-05-27,1,0,1,2,999,10000,1.0,1.0,1.0,1,0,101-500,0
7232,HP Sons,,83,0,,1,2022-05-27,1,0,1,2,1,10000,0.0,0.0,1.0,1,0,26-100,0
7233,binani,,2,0,,1,2022-05-27,1,0,1,2,999,10000,1.0,1.0,1.0,1,0,26-100,0
7234,adnan sons,,73,0,,1,2022-05-27,1,0,1,1,1,100,1.0,1.0,1.0,0,0,1-25,0
7235,nilma,,4,0,,1,2022-05-27,1,0,1,2,999,10000,1.0,1.0,1.0,1,0,101-500,0
7236,hinan Comp.,,2,0,,1,2022-05-27,1,0,1,1,1,10000,0.0,0.0,1.0,1,0,1-25,0
7237,CIPLA,,2,0,,1,2022-05-27,1,0,1,2,999,10000,1.0,1.0,1.0,1,0,101-500,0
7238,Test Company,,74,0,,1,2022-05-27,1,0,1,2,1,10000,0.0,0.0,1.0,1,0,1-25,0
7239,bornon Comp.,,73,1,,1,2022-05-27,1,0,1,1,1,10000,1.0,1.0,1.0,1,0,1-25,0
7240,ajkl,,3,0,,1,2022-05-27,1,0,1,2,999,10000,1.0,1.0,1.0,1,0,101-500,0
7241,kanish comp,,4,0,,1,2022-05-27,1,0,1,1,1,10000,1.0,1.0,1.0,1,0,1-25,0
7242,kunaly,,2,0,,1,2022-05-27,1,0,1,2,1,10000,0.0,0.0,1.0,1,0,1-25,0
7243,Sisi,,4,0,,1,2022-05-27,1,0,1,2,999,10000,1.0,1.0,1.0,1,0,101-500,0
7244,Test  Company,,73,0,,0,2022-05-27,1,0,1,1,999,10000,1.0,1.0,1.0,1,0,1-25,0
7245,opd,,2,0,,1,2022-05-27,1,0,1,2,1,10000,1.0,1.0,1.0,1,0,101-500,0
7246,jobma,,72,0,,1,2022-05-27,1,0,1,2,1,10000,1.0,1.0,1.0,1,0,1-25,0
7247,Test Company,,73,0,,0,2022-05-27,1,0,1,1,10,100,1.0,1.0,1.0,1,0,1-25,0
7248,jobma,,72,0,,1,2022-05-27,1,0,1,2,1,10000,1.0,1.0,1.0,1,0,1-25,0
7249,jobma,,72,0,,1,2022-05-27,1,0,1,2,1,10000,1.0,1.0,1.0,1,0,1-25,0
7250,jki,,4,0,,1,2022-05-27,1,0,1,2,1,10000,1.0,1.0,1.0,1,0,26-100,0
7251,cbdwjc,,73,0,,1,2022-05-27,1,0,1,2,10,10000,1.0,1.0,1.0,1,0,1-25,0
7252,XNKEW,,4,0,,1,2022-05-27,1,0,1,2,10,10000,1.0,1.0,1.0,1,0,101-500,0
7253,Test Company,,4,0,,1,2022-05-27,1,0,1,2,999,10000,1.0,1.0,1.0,1,0,101-500,0
7254,hybrid zone,,2,0,,1,2022-05-27,1,0,1,2,999,10000,1.0,1.0,1.0,1,0,101-500,0
7255,jobma,,72,0,,1,2022-05-27,1,0,1,2,1,10000,0.0,0.0,1.0,1,0,1-25,0
7256,Sumiraa Textile,,2,0,,1,2022-05-27,1,0,1,2,999,10000,1.0,1.0,1.0,1,0,101-500,0
7257,Drtyup,,1,0,,1,2022-05-27,1,0,1,2,999,10000,1.0,1.0,1.0,1,0,101-500,0
7258,Dgi,,73,0,,1,2022-05-27,1,0,1,1,1,10000,1.0,1.0,1.0,1,0,1-25,0
7259,dljbs,,2,0,,1,2022-05-27,1,0,1,2,1,10000,0.0,0.0,1.0,1,0,26-100,0
7260,bumig,,3,0,,1,2022-05-27,1,0,1,2,1,10000,1.0,1.0,1.0,1,0,101-500,0
7261,jobma,,72,0,,1,2022-05-27,1,0,1,2,1,10000,0.0,0.0,1.0,1,0,1-25,0
7262,Omega3,,73,0,,1,2022-05-27,1,0,1,1,10,10000,1.0,1.0,1.0,1,0,1-25,0
7263,umedy,,4,0,,1,2022-05-27,1,0,1,2,10,10000,1.0,1.0,1.0,1,0,101-500,0
7264,jobma,,72,0,,1,2022-05-27,1,0,1,2,1,10000,0.0,0.0,1.0,1,0,1-25,0
7267,umedy,,,0,,0,2022-05-27,1,0,1,1,0,100,1.0,1.0,1.0,0,0,101-500,0
7269,gurpreet sons,,4,0,,1,2022-05-27,1,0,1,2,1,10000,0.0,0.0,1.0,1,0,1-25,0
7270,Company,,74,0,,1,2022-05-27,1,0,1,1,10,10000,0.0,0.0,1.0,1,0,1-25,0
7272,mbi,,3,0,,1,2022-05-27,1,0,1,2,999,100,1.0,1.0,1.0,0,0,101-500,0
7273,avdhiexpress,,73,0,,1,2022-05-27,1,0,1,1,10,100,1.0,1.0,1.0,1,0,1-25,0
7274,npl,,4,0,,1,2022-05-27,1,0,1,2,999,100,1.0,1.0,1.0,0,0,101-500,0
7275,npl,,4,0,,1,2022-05-27,1,0,1,2,999,10000,1.0,1.0,1.0,1,0,500-1000,0
7276,Gaurish Chaudhary and Sons,,73,0,,0,2022-05-30,1,0,1,2,10,60,0.0,0.0,1.0,1,0,26-100,0
7277,Shubham Sangwan and Sons,,"74,3",0,,0,2022-05-30,1,0,1,2,1,60,0.0,0.0,1.0,1,0,26-100,0
7278,Shubham Sangwan and Sons,,,0,,0,2022-05-30,1,0,1,1,0,100,1.0,1.0,1.0,0,0,26-100,0
7279,Los Pollos Harmanos,,,0,,0,2022-05-30,1,0,1,1,0,100,1.0,1.0,1.0,0,0,1-25,0
7280,Sukhbir and sons,,"72,73",0,,1,2022-05-30,1,0,1,2,1,100,1.0,1.0,1.0,1,0,26-100,0
7281,sdf,,72,0,,1,2022-05-30,1,0,1,2,10,10000,1.0,1.0,1.0,1,0,1-25,0
7282,Manjit and Sons,,"76,51",0,,0,2022-05-30,1,0,1,1,1,100,1.0,1.0,1.0,0,0,101-500,0
7283,Manjit and Sons,,,0,,0,2022-05-30,1,0,1,1,0,100,1.0,1.0,1.0,0,0,101-500,0
7284,Test Company,,73,0,,0,2022-05-30,1,0,1,1,1,10000,1.0,1.0,1.0,1,0,1-25,0
7285,Test Company,,,0,,0,2022-05-30,1,0,1,1,0,100,1.0,1.0,1.0,0,0,1-25,0
7286,ssi,,2,0,,1,2022-05-30,1,0,1,1,10,10000,1.0,1.0,1.0,1,0,1-25,0
7287,hanif raja and sons,,2,0,,1,2022-05-30,1,0,1,1,1,10000,0.0,0.0,1.0,1,0,1-25,0
7288,yuy,,2,0,,1,2022-05-30,1,0,1,2,999,10000,1.0,1.0,1.0,1,0,1-25,0
7289,yuy,,,0,,0,2022-05-30,1,0,1,1,0,100,1.0,1.0,1.0,0,0,1-25,0
7290,ssi,,74,1,,1,2022-05-30,1,0,1,2,10,10000,1.0,1.0,1.0,1,0,1-25,0
7291,ssi,,73,1,,1,2022-05-30,1,0,1,2,10,10000,1.0,1.0,1.0,1,0,1-25,0
7292,ssi,,73,1,,1,2022-05-30,1,0,1,2,10,100,1.0,1.0,1.0,0,0,1-25,0
7293,ssi,,74,1,,1,2022-05-30,1,0,1,2,999,10000,1.0,1.0,1.0,1,0,1-25,0
7294,mdh and sons,,"2,4",0,,0,2022-05-30,1,0,1,1,1,100,1.0,1.0,1.0,1,0,26-100,0
7295,Test Company,,"231,72,74",0,,1,2022-05-30,1,0,1,2,1,100,1.0,1.0,1.0,1,0,26-100,0
7296,Testing Scope NRI,,"73,75",1,,1,2022-05-30,1,0,1,2,1,10000,1.0,1.0,1.0,1,0,1-25,0
7297,Test Company,,231,0,,1,2022-05-30,1,0,1,2,1,100,1.0,1.0,1.0,1,0,1-25,0
7298,ssi,,,0,,0,2022-05-30,1,0,1,1,0,100,1.0,1.0,1.0,0,0,1-25,0
7299,ssi,,,0,,0,2022-05-30,1,0,1,1,0,100,1.0,1.0,1.0,0,0,1-25,0
7300,Arbaz Khan and sons,,79,0,,1,2022-05-31,1,0,1,1,10,10000,1.0,1.0,1.0,0,0,26-100,0
7301,jashandeep and sons,,75,0,,1,2022-05-31,1,0,1,1,1,100,1.0,1.0,1.0,0,0,26-100,0
7302,Alle,,74,0,,1,2022-05-31,1,0,1,2,1,100,1.0,1.0,1.0,0,0,1-25,0
7303,jashandeep and sons,,,0,,0,2022-05-31,1,0,1,1,0,100,1.0,1.0,1.0,0,0,26-100,0
7304,PeterCar,,73,0,,1,2022-05-31,1,1,1,2,12,100,1.0,1.0,1.0,1,0,500-1000,0
7305,ssi,,74,1,,1,2022-05-31,1,0,1,2,10,10000,1.0,1.0,1.0,1,0,1-25,0
7306,ssi,,74,1,,1,2022-05-31,1,0,1,2,999,100,1.0,1.0,1.0,0,0,1-25,0
7307,data dyanamx,,74,1,,1,2022-05-31,1,0,1,2,10,100,1.0,1.0,1.0,0,0,1-25,0
7308,sdf,,72,0,,1,2022-05-31,1,0,1,2,1,10000,0.0,0.0,1.0,1,0,1-25,0
7309,gjk,,74,0,,1,2022-05-31,1,0,1,2,1,10000,1.0,1.0,1.0,1,0,1-25,0
7310,ssi,,2,0,,1,2022-05-31,1,0,1,2,10,10000,0.0,0.0,1.0,1,0,1-25,0
7311,Goldy Masale and Sons,,"72,73",1,,1,2022-05-31,1,0,1,2,1,10000,1.0,1.0,1.0,1,0,1-25,0
7312,NabhMasale and sons,,74,1,,1,2022-05-31,1,0,1,1,10,10000,1.0,1.0,1.0,1,0,1-25,0
7313,textile,,74,0,,1,2022-05-31,1,0,1,1,10,100,1.0,1.0,1.0,1,0,1-25,0
7314,Testuserone,,"72,73",0,,1,2022-05-31,1,0,1,1,10,100,1.0,1.0,1.0,1,0,1-25,0
7315,Testuserone,,,0,,0,2022-05-31,1,0,1,1,0,100,1.0,1.0,1.0,0,0,1-25,0
7316,jiol,,3,0,,1,2022-05-31,1,0,1,2,1,100,1.0,1.0,1.0,0,0,500-1000,0
7317,Testusertwo,,"2,4",0,,1,2022-05-31,1,0,1,1,10,100,1.0,1.0,1.0,1,0,26-100,0
7318,jkop,,74,1,,1,2022-05-31,1,0,1,1,1,100,1.0,1.0,1.0,0,0,1-25,0
7319,Testuserthree Co.,,4,0,,1,2022-05-31,1,0,1,1,999,100,1.0,1.0,1.0,0,0,101-500,0
7320,Testuserthree Co.,,,0,,0,2022-05-31,1,0,1,1,0,100,1.0,1.0,1.0,0,0,101-500,0
7321,testuserfour and sons,,7,0,,1,2022-05-31,1,0,1,1,10,100,1.0,1.0,1.0,0,0,101-500,0
7322,testuserfour and sons,,,0,,0,2022-05-31,1,0,1,1,0,100,1.0,1.0,1.0,0,0,101-500,0
7323,ssi,,231,1,,1,2022-05-31,1,0,1,2,999,100,1.0,1.0,1.0,0,0,1-25,0
7324,ssi,,72,1,,1,2022-05-31,1,0,1,2,1,100,1.0,1.0,1.0,0,0,1-25,0
7325,testuserfive,,74,1,,1,2022-05-31,1,0,1,1,10,100,1.0,1.0,1.0,0,0,1-25,0
7326,testusersix,,"73,74",1,,1,2022-05-31,1,0,1,1,999,100,1.0,1.0,1.0,0,0,1-25,0
7327,"n,jnj",,74,1,,1,2022-05-31,1,0,1,2,1,100,1.0,1.0,1.0,0,0,1-25,0
7328,jkop,,72,1,,1,2022-05-31,1,0,1,1,999,100,1.0,1.0,1.0,0,0,1-25,0
7329,Testuserseven and sons,,83,1,,0,2022-06-01,1,0,1,1,1,100,1.0,1.0,1.0,0,0,1-25,0
7330,Testuserseven and sons,,,0,,0,2022-06-01,1,0,1,1,0,100,1.0,1.0,1.0,0,0,1-25,0
7331,testusereight and sons,,85,1,,0,2022-06-01,1,0,1,2,1,100,1.0,1.0,1.0,0,0,1-25,0
7332,fuji Films,,2,0,,1,2022-06-01,1,0,1,2,1,100,1.0,1.0,1.0,0,0,1-25,0
7333,regression testing,,88,1,,0,2022-06-01,1,0,1,2,999,100,1.0,1.0,1.0,0,0,26-100,0
7334,vivid,,72,0,,1,2022-06-01,1,0,1,2,999,100,1.0,1.0,1.0,0,0,1-25,0
7335,TATA,,222,0,,1,2022-06-01,1,0,1,2,999,10000,1.0,1.0,1.0,1,0,26-100,0
7336,dipso,,73,0,,1,2022-06-01,1,0,1,2,999,100,1.0,1.0,1.0,0,0,1-25,0
7337,jiolp,,72,0,,1,2022-06-01,1,0,1,2,1,10000,1.0,1.0,1.0,1,0,1-25,0
7338,gui Bros,,231,0,,1,2022-06-01,1,0,1,2,1,100,1.0,1.0,1.0,0,0,1-25,0
7339,regression testing,,,0,,0,2022-06-01,1,0,1,1,0,100,1.0,1.0,1.0,0,0,26-100,0
7340,testuserten,,73,1,,1,2022-06-01,1,0,1,2,10,100,1.0,1.0,1.0,0,0,1-25,0
7341,KILOP,,73,1,,1,2022-06-01,1,0,1,2,10,10000,1.0,1.0,1.0,1,0,1-25,0
7342,fgadf,,73,1,,1,2022-06-01,1,0,1,2,1,10000,1.0,1.0,1.0,1,0,1-25,0
7343,kio,,74,0,,1,2022-06-01,1,0,1,2,10,10000,0.0,0.0,1.0,1,0,1-25,0
7344,testusereleven and sons,,89,1,,0,2022-06-01,1,0,1,1,999,100,1.0,1.0,1.0,0,0,1-25,0
7345,testusereleven and sons,,,0,,0,2022-06-01,1,0,1,1,0,100,1.0,1.0,1.0,0,0,1-25,0
7346,fapti,,74,0,,1,2022-06-01,1,0,1,2,999,10000,0.0,0.0,1.0,1,0,1-25,0
7347,hjif,,72,1,,1,2022-06-01,1,0,1,2,999,10000,1.0,1.0,1.0,1,0,1-25,0
7348,TATA Motors,,72,0,,1,2022-06-01,1,0,1,2,999,10000,1.0,1.0,1.0,1,0,More than 1000,0
7349,testusertweleve and sons,,"4,22",0,,1,2022-06-01,1,0,1,2,10,100,1.0,1.0,1.0,0,0,1-25,0
7350,testuserthirteen and sons,,24,0,,1,2022-06-01,1,0,1,1,10,100,1.0,1.0,1.0,0,0,26-100,0
7351,Duggati,,72,0,,1,2022-06-01,1,0,1,2,10,10000,0.0,0.0,1.0,1,0,1-25,0
7352,testuserthirteen and sons,,,0,,0,2022-06-01,1,0,1,1,0,100,1.0,1.0,1.0,0,0,26-100,0
7353,Darcl,,3,0,,1,2022-06-01,1,0,1,2,999,10000,1.0,1.0,1.0,1,0,26-100,0
7354,fgadf,,72,1,,1,2022-06-01,1,0,1,2,10,10000,1.0,1.0,1.0,1,0,1-25,0
7355,Nagarro,,8,0,,1,2022-06-01,1,0,1,2,10,10000,1.0,1.0,1.0,1,0,101-500,0
7356,dkjfnkjdfkj,,73,1,,1,2022-06-01,1,0,1,2,10,100,1.0,1.0,1.0,0,0,1-25,0
7357,testusertweleve and sons,,,0,,0,2022-06-01,1,0,1,1,0,100,1.0,1.0,1.0,0,0,1-25,0
7358,Sagar Ratna,,20,0,,1,2022-06-01,1,0,1,2,10,10000,1.0,1.0,1.0,1,0,101-500,0
7359,bvgchvb,,73,1,,1,2022-06-01,1,0,1,2,10,10000,1.0,1.0,1.0,1,0,1-25,0
7360,nbjhvgcf,,74,1,,1,2022-06-01,1,0,1,2,1,10000,1.0,1.0,1.0,1,0,1-25,0
7361,jbh,,73,1,,1,2022-06-01,1,0,1,2,999,10000,1.0,1.0,1.0,1,0,1-25,0
7362,"njhjgnm.n,m",,2,1,,1,2022-06-01,1,0,1,2,10,100,1.0,1.0,1.0,1,0,1-25,0
7363,jhvj,,72,1,,1,2022-06-01,1,0,1,2,999,10000,1.0,1.0,1.0,1,0,1-25,0
7364,testuserfourteen,,3,0,,1,2022-06-01,1,0,1,1,999,100,1.0,1.0,1.0,0,0,26-100,0
7365,testuserfourteen,,,0,,0,2022-06-01,1,0,1,1,0,100,1.0,1.0,1.0,0,0,26-100,0
7366,DDIK,,32,0,,1,2022-06-01,1,0,1,2,999,10000,1.0,1.0,1.0,1,0,101-500,0
7367,Titan,,26,0,,1,2022-06-01,1,1,1,2,1,10000,1.0,1.0,1.0,1,0,500-1000,0
7368,Dell,,15,0,,1,2022-06-02,1,0,1,1,1,10000,1.0,1.0,1.0,1,0,101-500,0
7369,DELL,,84,0,,1,2022-06-02,1,0,1,2,1,10000,1.0,1.0,1.0,1,0,1-25,0
7370,Mac,,7,0,,1,2022-06-02,1,0,1,2,10,10000,1.0,1.0,1.0,1,0,500-1000,0
7371,DDIK,,"53,64",0,,1,2022-06-02,1,0,1,2,999,10000,1.0,1.0,1.0,1,0,101-500,0
7372,Lenovo,,15,0,,1,2022-06-02,1,0,1,2,5,10000,1.0,1.0,1.0,1,0,500-1000,0
7373,SSI,,2,3,,1,2022-06-02,1,0,1,2,1,10000,1.0,1.0,1.0,1,0,26-100,0
7374,SSI,,74,0,,1,2022-06-02,1,0,1,2,10,10000,1.0,1.0,1.0,1,0,1-25,0
7375,HEISENBERG,,107,0,,1,2022-06-02,1,0,1,2,1,10000,1.0,1.0,1.0,1,0,1-25,0
7376,DELL,,4,0,,1,2022-06-02,1,0,1,2,999,10000,1.0,1.0,1.0,1,0,101-500,0
7377,Accenture,,55,0,,0,2022-06-02,1,0,1,2,1,10000,1.0,1.0,1.0,1,0,26-100,0
7378,sri infotech,,2,0,,1,2022-06-02,1,0,1,2,1,10000,1.0,1.0,1.0,1,0,1-25,0
7379,ibil,,2,0,,1,2022-06-02,1,0,1,2,10,10000,1.0,1.0,1.0,1,0,1-25,0
7380,SSI,,3,0,,0,2022-06-02,1,0,1,2,10,60,1.0,1.0,1.0,1,0,1-25,0
7381,SSI,,73,0,,0,2022-06-02,1,0,1,2,10,60,1.0,1.0,1.0,1,0,1-25,0
7382,Dell,,"3,75,4",3,,1,2022-06-03,1,0,1,2,1,10000,1.0,1.0,1.0,1,0,101-500,0
7383,Darcl,,"73,8,86",5,,1,2022-06-03,1,0,1,2,1,10000,1.0,1.0,1.0,1,0,101-500,0
7384,SKl,,80,0,,1,2022-06-03,1,0,1,2,10,10000,0.0,0.0,1.0,1,0,1-25,0
7385,Microsoft,,79,0,,1,2022-06-03,1,0,1,1,1,10000,0.0,0.0,1.0,1,0,1-25,0
7386,SKI,,84,0,,1,2022-06-03,1,0,1,2,10,10000,0.0,0.0,1.0,1,0,1-25,0
7387,SKI,,83,0,,1,2022-06-03,1,0,1,2,10,10000,0.0,0.0,1.0,1,0,1-25,0
7388,SKI,,53,0,,0,2022-06-03,1,0,1,2,999,60,0.0,0.0,1.0,1,0,1-25,0
7390,Infosys,,"106,32,64",0,,1,2022-06-06,1,0,1,1,10,100,1.0,1.0,1.0,1,0,500-1000,0
7391,SSII,,74,0,,1,2022-06-06,1,0,1,1,1,100,1.0,1.0,1.0,1,0,1-25,0
7392,sony,,"88,57",0,,1,2022-06-06,1,0,1,1,10,100,1.0,1.0,1.0,1,0,1-25,0
7393,testtwo,,73,0,,1,2022-06-06,1,0,1,1,10,100,1.0,1.0,1.0,1,0,26-100,0
7394,Sony,,73,0,,1,2022-06-07,1,0,1,2,1,100,1.0,1.0,1.0,1,0,1-25,0
7395,SSII,,,0,,0,2022-06-07,1,0,1,1,0,100,1.0,1.0,1.0,0,0,1-25,0
7396,JOBMA,,23,0,1,1,2022-06-07,1,0,1,2,10,10000,1.0,1.0,1.0,1,0,500-1000,0
7397,Sakilo,,74,0,,1,2022-06-07,1,0,1,2,1,100,1.0,1.0,1.0,1,0,1-25,0
7398,JOBMA,,,0,,0,2022-06-07,1,0,1,1,0,100,1.0,1.0,1.0,0,0,500-1000,0
7399,sri infotech,,2,0,,0,2022-06-07,1,0,1,2,999,60,1.0,1.0,1.0,1,0,1-25,0
7400,ssi,,,0,,0,2022-06-07,1,0,1,1,0,100,1.0,1.0,1.0,0,0,1-25,0
7401,sri infotech,,,0,,0,2022-06-07,1,0,1,1,0,100,1.0,1.0,1.0,0,0,1-25,0
7402,ZEE Media,,1,0,,0,2022-06-08,1,0,1,2,1,100,1.0,1.0,1.0,0,0,26-100,0
7403,ZEE Media,,,0,,0,2022-06-08,1,0,1,1,0,100,1.0,1.0,1.0,0,0,26-100,0
7405,jobma,,72,0,,1,2022-06-09,1,0,1,2,1,100,1.0,1.0,1.0,1,0,1-25,0
7406,jobma,,72,0,,1,2022-06-09,1,0,1,2,1,100,1.0,1.0,1.0,1,0,1-25,0
7407,jobma,,231,0,,1,2022-06-09,1,0,1,1,1,100,1.0,1.0,1.0,1,0,1-25,0
7408,jobma,,72,0,,1,2022-06-09,1,0,1,1,1,100,1.0,1.0,1.0,1,0,1-25,0
7409,jobma,,72,0,,1,2022-06-09,1,0,1,2,1,100,1.0,1.0,1.0,1,0,1-25,0
7410,jobma,,72,0,,1,2022-06-09,1,0,1,2,1,10000,1.0,1.0,1.0,1,0,1-25,0
7411,TATA,,,0,,0,2022-06-09,1,0,1,1,0,100,1.0,1.0,1.0,0,0,26-100,0
7412,jobma,,1,0,,1,2022-06-09,1,0,1,2,999,100,1.0,1.0,1.0,0,0,1-25,0
7413,jobma,,2,0,,1,2022-06-09,1,0,1,2,1,10000,1.0,1.0,1.0,1,0,1-25,0
7414,jobma,,,0,,0,2022-06-09,1,0,1,1,0,100,1.0,1.0,1.0,0,0,1-25,0
7415,SSI,,3,0,,1,2022-06-09,1,0,1,2,10,10000,1.0,1.0,1.0,1,0,1-25,0
7416,SSI,,73,0,,1,2022-06-09,1,0,1,2,10,10000,1.0,1.0,1.0,1,0,1-25,0
7417,Overall Tester,,,0,,0,2022-06-09,1,0,1,1,0,100,1.0,1.0,1.0,0,0,More than 1000,0
7418,jobma,,72,0,,1,2022-06-09,1,0,1,1,1,100,1.0,1.0,1.0,1,0,1-25,0
7419,jobma,,72,0,,1,2022-06-09,1,0,1,1,1,100,1.0,1.0,1.0,1,0,1-25,0
7420,jobma,,231,0,,1,2022-06-09,1,0,1,2,10,100,1.0,1.0,1.0,1,0,1-25,0
7421,ADE,,72,0,,1,2022-06-09,1,0,1,1,1,100,1.0,1.0,1.0,1,0,26-100,0
7422,jobma,,72,0,,1,2022-06-09,1,0,1,1,1,100,1.0,1.0,1.0,1,0,1-25,0
7423,Go Green,,74,0,,1,2022-06-09,1,0,1,2,999,100,1.0,1.0,1.0,0,0,101-500,0
7424,Aero,,73,0,,1,2022-06-09,1,0,1,1,1,100,1.0,1.0,1.0,1,0,1-25,0
7425,vika,,74,0,,1,2022-06-09,1,1,1,1,5,100,1.0,1.0,1.0,1,0,1-25,0
7426,Darcl,,4,0,,1,2022-06-09,1,0,1,2,1,10000,1.0,1.0,1.0,1,0,1-25,0
7427,keetnasak,,74,0,,1,2022-06-09,1,0,1,1,1,100,1.0,1.0,1.0,1,0,1-25,0
7428,SSI,,78,0,,1,2022-06-09,1,0,1,2,10,10000,1.0,1.0,1.0,1,0,1-25,0
7429,Darcl,,73,0,,1,2022-06-09,1,0,1,2,1,10000,1.0,1.0,1.0,1,0,1-25,0
7430,Overall Tester,,,0,,0,2022-06-09,1,0,1,1,0,100,1.0,1.0,1.0,0,0,More than 1000,0
7431,Darcl,,87,0,,0,2022-06-10,1,1,1,1,11,10000,1.0,1.0,1.0,1,0,1-25,0
7432,Mama Earth44,,"78,79",0,,0,2022-06-10,1,0,1,2,999,60,1.0,1.0,1.0,1,0,1-25,0
7433,JK Tech,,84,0,,0,2022-06-10,1,0,1,2,999,60,1.0,1.0,1.0,1,0,1-25,0
7434,Test Quality,,7,0,,1,2022-06-10,1,0,1,1,10,100,1.0,1.0,1.0,1,0,26-100,0
7435,Puma43,,"2,51,79",0,,1,2022-06-10,1,0,1,1,10,10000,1.0,1.0,1.0,1,0,26-100,0
7436,SSI,,7,0,,1,2022-06-10,1,0,1,2,10,10000,1.0,1.0,1.0,1,0,1-25,0
7437,JomDp,,73,0,,1,2022-06-10,1,0,1,2,10,100,1.0,1.0,1.0,1,0,1-25,0
7438,avdhiexpress,,72,0,,1,2022-06-10,1,0,1,2,10,100,1.0,1.0,1.0,1,0,1-25,0
7439,Zoom,,3,0,,1,2022-06-10,1,0,1,2,999,10000,1.0,1.0,1.0,1,0,101-500,0
7440,Zee media,,76,0,,0,2022-06-10,1,0,1,2,999,60,1.0,1.0,1.0,1,0,101-500,0
7441,vika,,,0,,0,2022-06-10,1,0,1,1,0,100,1.0,1.0,1.0,0,0,1-25,0
7442,SSI,,8,0,,0,2022-06-10,1,1,1,2,14,10000,1.0,1.0,1.0,1,0,500-1000,0
7443,dddfdf,,82,0,,1,2022-06-10,1,0,1,2,10,10000,1.0,1.0,1.0,1,0,1-25,0
7444,hira,,74,0,,1,2022-06-10,1,0,1,1,10,100,1.0,1.0,1.0,1,0,1-25,0
7445,Testing,,72,0,,1,2022-06-10,1,1,1,1,26,100,1.0,1.0,1.0,1,0,26-100,0
7446,Testing,,,0,,0,2022-06-10,1,0,1,1,0,100,1.0,1.0,1.0,0,0,26-100,0
7447,paradise,,74,0,,1,2022-06-10,1,1,1,1,14,100,1.0,1.0,1.0,1,0,1-25,0
7448,Green Agri,,74,0,,1,2022-06-10,1,0,1,2,10,100,1.0,1.0,1.0,1,0,1-25,0
7449,Fringes,,43,0,,1,2022-06-13,1,0,1,1,999,10000,1.0,1.0,1.0,1,0,500-1000,0
7450,palme,,2,0,,1,2022-06-13,1,0,1,1,10,100,1.0,1.0,1.0,1,0,1-25,0
7451,Darcl,,1,0,,1,2022-06-13,1,0,1,2,999,10000,1.0,1.0,1.0,1,0,More than 1000,0
7452,Cars24,,"84,86",0,,0,2022-06-13,1,0,1,2,10,10000,1.0,1.0,1.0,1,0,500-1000,0
7453,vinodi,,1,0,,1,2022-06-13,1,0,1,2,999,100,1.0,1.0,1.0,0,0,101-500,0
7454,Indigo,,85,0,,1,2022-06-13,1,0,1,2,10,10000,1.0,1.0,1.0,1,0,101-500,0
7455,Accenture,,52,0,,1,2022-06-13,1,0,1,2,999,10000,1.0,1.0,1.0,1,0,101-500,0
7457,vinodi,,,0,,0,2022-06-13,1,0,1,1,0,100,1.0,1.0,1.0,0,0,101-500,0
7458,Q Test,,24,0,,1,2022-06-13,1,0,1,2,999,100,1.0,1.0,1.0,0,0,26-100,0
7459,Go Green,,74,0,,1,2022-06-13,1,0,1,1,1,100,1.0,1.0,1.0,1,0,26-100,0
7460,kj,,4,0,,1,2022-06-13,1,0,1,2,999,100,1.0,1.0,1.0,0,0,26-100,0
7461,JOBMA Indore,,23,0,,1,2022-06-13,1,0,1,2,10,10000,1.0,1.0,1.0,1,0,500-1000,0
7462,ssi,,72,0,,1,2022-06-14,1,0,1,2,1,10000,1.0,1.0,1.0,1,0,1-25,0
7463,Darbari,,2,0,,0,2022-06-14,1,1,1,1,10,100,1.0,1.0,1.0,1,0,1-25,0
7464,JomDp,,74,0,2,1,2022-06-14,1,1,1,2,29,100,1.0,1.0,1.0,1,0,1-25,0
7465,yrp,,1,0,,1,2022-06-14,1,0,1,2,999,100,1.0,1.0,1.0,0,0,26-100,0
7466,Speed Auto,,"4,51,11",0,,1,2022-06-14,1,0,1,2,10,100,1.0,1.0,1.0,1,0,500-1000,0
7467,Test Company,,2,0,,0,2022-06-14,1,0,1,2,1,100,1.0,1.0,1.0,1,0,1-25,0
7468,SSI,,124,0,,1,2022-06-14,1,0,1,2,1,100,1.0,1.0,1.0,1,0,1-25,0
7469,Harshi technologies,,26,0,,0,2022-06-14,1,0,1,2,10,10000,1.0,1.0,1.0,1,0,101-500,0
7470,jobma,,72,0,,1,2022-06-14,1,0,1,2,1,100,1.0,1.0,1.0,1,0,1-25,0
7471,Ssi,,,0,,0,2022-06-14,1,0,1,1,0,100,1.0,1.0,1.0,0,0,26-100,0
7472,Biki,,3,0,,1,2022-06-14,1,0,1,2,1,100,1.0,1.0,1.0,0,0,26-100,0
7473,SSI,,81,0,,1,2022-06-14,1,0,1,2,1,10000,1.0,1.0,1.0,1,0,1-25,0
7474,dell,,27,0,,0,2022-06-14,1,0,1,2,10,10000,1.0,1.0,1.0,1,0,26-100,0
7475,Dare,,"58,70",0,,1,2022-06-14,1,0,1,2,999,10000,1.0,1.0,1.0,1,0,101-500,0
7476,gang,,23,0,,1,2022-06-14,1,0,1,1,1,10000,1.0,1.0,1.0,1,0,101-500,0
7477,High Tech,,"21,101,107",0,,1,2022-06-15,1,0,1,2,1,100,1.0,1.0,1.0,1,0,101-500,0
7478,JOBMA Indore,,23,0,,1,2022-06-15,1,1,1,2,2,10000,1.0,1.0,1.0,1,0,101-500,0
7479,yrp,,,0,,1,2022-06-16,1,0,1,1,0,100,1.0,1.0,1.0,0,0,26-100,0
7480,Tech Auto,,51,0,,1,2022-06-16,1,0,1,2,10,100,1.0,1.0,1.0,1,0,101-500,0
7481,dipso,,74,0,,1,2022-06-16,1,0,1,2,10,100,1.0,1.0,1.0,1,0,1-25,0
7482,JomDp,,2,0,,1,2022-06-16,1,0,1,2,10,100,1.0,1.0,1.0,1,0,1-25,0
7483,Jak,,78,0,,1,2022-06-16,1,0,1,2,1,100,1.0,1.0,1.0,1,0,1-25,0
7484,SSL,,86,1,,0,2022-06-16,1,0,1,2,10,100,1.0,1.0,1.0,1,0,101-500,0
7485,relaxo,,73,1,,0,2022-06-16,1,0,1,2,1,100,1.0,1.0,1.0,1,0,1-25,0
7486,Darcl,,85,1,,1,2022-06-16,1,0,1,2,1,10000,1.0,1.0,1.0,1,0,500-1000,0
7487,express way,,"69,66",1,,1,2022-06-16,1,0,1,2,10,10000,1.0,1.0,1.0,1,0,26-100,0
7488,Sparx,,"111,115",1,,1,2022-06-16,1,0,1,2,999,10000,1.0,1.0,1.0,1,0,101-500,0
7489,cello,,"172,50",5,,1,2022-06-16,1,0,1,2,999,10000,1.0,1.0,1.0,1,0,101-500,0
7490,Infosys,,98,0,,1,2022-06-16,1,0,1,1,1,100,1.0,1.0,1.0,0,0,101-500,0
7491,ssi,,73,6,,1,2022-06-17,1,0,1,2,1,10000,1.0,1.0,1.0,1,0,1-25,0
7492,Test Company,,2,0,,1,2022-06-17,1,0,1,2,1,100,1.0,1.0,1.0,1,0,1-25,0
7493,dipso,,74,0,,1,2022-06-17,1,0,1,2,1,100,1.0,1.0,1.0,1,0,1-25,0
7494,Test Company,,72,0,,1,2022-06-17,1,0,1,2,10,100,1.0,1.0,1.0,1,0,1-25,0
7495,Test Company,,73,0,,1,2022-06-17,1,0,1,2,10,100,1.0,1.0,1.0,1,0,1-25,0
7496,ADE,,2,0,,1,2022-06-17,1,0,1,2,999,100,1.0,1.0,1.0,0,0,101-500,0
7497,Test Company,,73,0,,1,2022-06-17,1,0,1,2,10,100,1.0,1.0,1.0,1,0,1-25,0
7498,giop,,8,0,,1,2022-06-17,1,0,1,2,1,100,1.0,1.0,1.0,0,0,1-25,0
7499,vilal,,4,0,,1,2022-06-17,1,0,1,2,999,100,1.0,1.0,1.0,0,0,26-100,0
7500,yopl,,4,0,,1,2022-06-17,1,0,1,2,10,100,1.0,1.0,1.0,0,0,101-500,0
7501,Amk,,3,0,,1,2022-06-17,1,0,1,2,999,100,1.0,1.0,1.0,0,0,500-1000,0
7502,ssi,,7,4,,0,2022-06-17,1,0,1,2,1,100,1.0,1.0,1.0,1,0,1-25,0
7503,JomDp,,,0,,0,2022-06-17,1,0,1,1,0,100,1.0,1.0,1.0,0,0,1-25,0
7504,A Auto,,51,0,,1,2022-06-17,1,0,1,2,999,100,1.0,1.0,1.0,0,0,101-500,0
7505,JomDp,,,0,,0,2022-06-17,1,0,1,1,0,100,1.0,1.0,1.0,0,0,1-25,0
7506,Darbari,,,0,,0,2022-06-17,1,0,1,1,0,100,1.0,1.0,1.0,0,0,1-25,0
7507,giop,,,0,,0,2022-06-17,1,0,1,1,0,100,1.0,1.0,1.0,0,0,1-25,0
7508,Fine Art,,"76,4,85",0,,1,2022-06-17,1,0,1,2,10,100,1.0,1.0,1.0,1,0,500-1000,0
7509,ssi,,2,0,,1,2022-06-17,1,0,1,2,10,100,1.0,1.0,1.0,1,0,1-25,0
7510,Darcl,,,0,,0,2022-06-17,1,0,1,1,0,100,1.0,1.0,1.0,0,0,1-25,0
7511,jinol,,73,0,,1,2022-06-17,1,0,1,2,1,100,1.0,1.0,1.0,1,0,1-25,0
7512,TNTs,,73,0,,1,2022-06-17,1,0,1,2,1,100,1.0,1.0,1.0,1,0,500-1000,0
7513,Green Agri,,74,0,,1,2022-06-20,1,0,1,2,1,100,1.0,1.0,1.0,1,0,26-100,0
7514,jobma,,72,0,,1,2022-06-20,1,0,1,2,1,100,1.0,1.0,1.0,1,0,1-25,0
7515,jobma,,231,0,,1,2022-06-20,1,0,1,2,1,100,1.0,1.0,1.0,1,0,1-25,0
7516,jobma,,72,0,,1,2022-06-20,1,0,1,2,1,100,1.0,1.0,1.0,1,0,1-25,0
7517,jobma,,72,0,,1,2022-06-20,1,0,1,2,10,100,1.0,1.0,1.0,1,0,1-25,0
7518,jobma,,72,0,,1,2022-06-20,1,0,1,2,1,10000,1.0,1.0,1.0,1,0,1-25,0
7519,jobma,,72,0,,1,2022-06-20,1,0,1,2,1,100,1.0,1.0,1.0,1,0,1-25,0
7520,yopl,,,0,,0,2022-06-20,1,0,1,1,0,100,1.0,1.0,1.0,0,0,101-500,0
7521,Auto,,98,0,,1,2022-06-20,1,0,1,2,1,100,1.0,1.0,1.0,1,0,101-500,0
7522,binjal,,72,0,,1,2022-06-20,1,0,1,2,10,100,1.0,1.0,1.0,1,0,1-25,0
7523,jobma,,72,1,,0,2022-06-20,1,0,1,2,1,100,1.0,1.0,1.0,0,0,1-25,0
7524,jobma,,1,0,,1,2022-06-20,1,0,1,1,999,100,1.0,1.0,1.0,0,0,1-25,0
7525,TestQ,,224,0,,1,2022-06-20,1,0,1,2,999,100,1.0,1.0,1.0,0,0,500-1000,0
7526,SSL,,,0,,0,2022-06-20,1,0,1,1,0,100,1.0,1.0,1.0,0,0,101-500,0
7527,jobma,,72,1,,1,2022-06-20,1,0,1,1,1,100,1.0,1.0,1.0,0,0,1-25,0
7528,JOBMA Indore,,,0,,0,2022-06-20,1,0,1,1,0,100,1.0,1.0,1.0,0,0,101-500,0
7529,jobma,,72,1,,1,2022-06-20,1,0,1,2,1,100,1.0,1.0,1.0,0,0,1-25,0
7530,jobma,,72,1,,1,2022-06-20,1,0,1,2,1,100,1.0,1.0,1.0,0,0,1-25,0
7531,JOBMA indore,,23,0,,1,2022-06-20,1,0,1,2,10,10000,1.0,1.0,1.0,1,0,101-500,0
7532,Zoom,,90,1,,1,2022-06-20,1,0,1,2,1,10000,1.0,1.0,1.0,1,0,500-1000,0
7533,Darcl,,"76,89",0,,1,2022-06-20,1,0,1,2,1,10000,0.0,0.0,1.0,1,0,1-25,0
7534,JOBMA,,23,0,,1,2022-06-20,1,0,1,2,1,10000,1.0,1.0,1.0,1,0,1-25,0
7535,QRG,,8,0,,1,2022-06-20,1,0,1,2,10,10000,0.0,0.0,1.0,1,0,1-25,0
7536,SSI INDORE,,23,0,,1,2022-06-21,1,0,1,2,10,10000,1.0,1.0,1.0,1,0,1-25,0
7537,Speed Auto,,51,0,,0,2022-06-21,1,1,1,2,2,100,1.0,1.0,1.0,1,0,101-500,0
7538,SGI,,8,0,,0,2022-06-21,1,0,1,1,10,60,1.0,1.0,1.0,1,0,1-25,0
7539,indigo,,8,4,,1,2022-06-21,1,0,1,2,1,10000,1.0,1.0,1.0,1,0,1-25,0
7540,Wework,,46,0,,1,2022-06-21,1,0,1,2,10,10000,0.0,0.0,1.0,1,0,101-500,0
7541,ZEE,,79,0,,0,2022-06-21,1,0,1,2,10,10000,0.0,0.0,1.0,1,0,500-1000,0
7542,Speed Auto,,,0,,0,2022-06-21,1,0,1,1,0,100,1.0,1.0,1.0,0,0,101-500,0
7543,SSI,,24,0,,1,2022-06-21,1,0,1,2,999,10000,1.0,1.0,1.0,1,0,101-500,0
7544,ZEE,,,0,,0,2022-06-21,1,0,1,1,0,100,1.0,1.0,1.0,0,0,500-1000,0
7545,virum,,2,0,,1,2022-06-21,1,0,1,2,10,100,1.0,1.0,1.0,1,0,1-25,0
7546,virum,,,0,,0,2022-06-21,1,0,1,1,0,100,1.0,1.0,1.0,0,0,1-25,0
7547,jobma,,72,1,,1,2022-06-21,1,0,1,1,1,100,1.0,1.0,1.0,0,0,1-25,0
7548,jobma,,231,1,,1,2022-06-21,1,0,1,2,1,10000,1.0,1.0,1.0,1,0,1-25,0
7549,gujrati bros,,73,0,,1,2022-06-21,1,0,1,2,1000,100,1.0,1.0,1.0,0,0,1-25,0
7550,minopl,,73,0,,1,2022-06-21,1,0,1,2,1,100,1.0,1.0,1.0,0,0,1-25,0
7551,jobma,,231,1,,1,2022-06-21,1,0,1,1,1,10000,1.0,1.0,1.0,1,0,1-25,0
7552,Darcl,,,0,,0,2022-06-21,1,0,1,1,0,100,1.0,1.0,1.0,0,0,1-25,0
7553,jobma,,72,1,,1,2022-06-21,1,0,1,1,1,100,1.0,1.0,1.0,0,0,1-25,0
7554,T Test,,23,0,,1,2022-06-21,1,1,1,2,11,100,1.0,1.0,1.0,0,0,101-500,0
7555,gujrati bros,,,0,,0,2022-06-21,1,0,1,1,0,100,1.0,1.0,1.0,0,0,1-25,0
7556,Green Envi,,74,0,,0,2022-06-21,1,0,1,2,10,100,1.0,1.0,1.0,1,0,500-1000,0
7557,jobma,,72,0,,1,2022-06-21,1,0,1,2,1,100,1.0,1.0,1.0,0,0,1-25,0
7558,Test Company,,74,0,,1,2022-06-21,1,0,1,2,1,100,1.0,1.0,1.0,0,0,1-25,0
7559,darcl,,2,0,,1,2022-06-21,1,0,1,2,999,10000,0.0,0.0,1.0,1,0,101-500,0
7560,jobma,,72,1,,0,2022-06-21,1,0,1,1,1,100,1.0,1.0,1.0,0,0,1-25,0
7561,SSI,,2,1,,0,2022-06-21,1,0,1,2,1,10000,1.0,1.0,1.0,1,0,1-25,0
7562,jobma,,72,1,,0,2022-06-21,1,0,1,2,1,60,1.0,1.0,1.0,1,0,1-25,0
7563,jobma,,72,1,,0,2022-06-21,1,0,1,2,10,100,1.0,1.0,1.0,0,0,1-25,0
7564,ssi,,89,1,,1,2022-06-21,1,0,1,2,1,10000,1.0,1.0,1.0,1,0,1-25,0
7565,ssi,,78,0,,1,2022-06-21,1,0,1,2,1,100,1.0,1.0,1.0,1,0,1-25,0
7566,SSI,,15,0,,1,2022-06-21,1,0,1,2,1,10000,1.0,1.0,1.0,1,0,101-500,0
7567,jobma,,72,0,,1,2022-06-21,1,0,1,2,1,100,1.0,1.0,1.0,1,0,1-25,0
7568,jobma,,72,0,,1,2022-06-21,1,0,1,2,1,100,1.0,1.0,1.0,1,0,1-25,0
7569,Darcl,,54,3,,0,2022-06-22,1,0,1,2,10,10000,1.0,1.0,1.0,1,0,101-500,0
7570,SSG,,78,0,,0,2022-06-22,1,0,1,2,10,10000,0.0,0.0,1.0,1,0,More than 1000,0
7571,Puma43,,,0,,0,2022-06-22,1,0,1,1,0,100,1.0,1.0,1.0,0,0,26-100,0
7575,jobma,,231,0,,1,2022-06-22,1,0,1,2,1,100,1.0,1.0,1.0,1,0,1-25,0
7576,Harshi technologies,,,0,,0,2022-06-22,1,0,1,1,0,100,1.0,1.0,1.0,0,0,101-500,0
7577,Aerodynamic,,73,0,,0,2022-06-22,1,0,1,2,1,10000,1.0,1.0,1.0,1,0,26-100,0
7578,jobma,,1,0,,1,2022-06-22,1,0,1,2,1,100,1.0,1.0,1.0,0,0,1-25,0
7579,jobma,,2,0,,1,2022-06-22,1,0,1,2,10,100,1.0,1.0,1.0,0,0,26-100,0
7580,biko,,4,0,,1,2022-06-22,1,0,1,2,1,100,1.0,1.0,1.0,0,0,26-100,0
7581,jobma,,1,0,,1,2022-06-22,1,0,1,2,10,100,1.0,1.0,1.0,0,0,26-100,0
7582,niop,,2,0,,1,2022-06-22,1,0,1,2,1,100,1.0,1.0,1.0,0,0,26-100,0
7583,SSI indore,,2,0,,1,2022-06-22,1,0,1,2,999,10000,1.0,1.0,1.0,1,0,1-25,0
7584,Alle,,74,0,,1,2022-06-22,1,0,1,2,1,10000,1.0,1.0,1.0,1,0,1-25,0
7585,Cars 24,,28,0,,0,2022-06-22,1,0,1,1,1,60,1.0,1.0,1.0,1,0,26-100,0
7586,ssi,,21,0,,1,2022-06-22,1,0,1,2,1,60,1.0,1.0,1.0,1,0,26-100,0
7587,salk,,2,0,,1,2022-06-22,1,0,1,2,10,10000,1.0,1.0,1.0,1,0,1-25,0
7588,T Test,,,0,,0,2022-06-22,1,0,1,1,0,100,1.0,1.0,1.0,0,0,101-500,0
7589,T Test,,,0,,0,2022-06-22,1,0,1,1,0,100,1.0,1.0,1.0,0,0,101-500,0
7590,jilo,,72,1,,1,2022-06-22,1,0,1,2,1,100,1.0,1.0,1.0,0,0,1-25,0
7591,jop,,72,1,,1,2022-06-22,1,0,1,2,1,100,1.0,1.0,1.0,0,0,1-25,0
7592,Accenture,,8,0,,1,2022-06-22,1,0,1,2,10,10000,1.0,1.0,1.0,1,0,500-1000,0
7593,hiwal,,73,1,,0,2022-06-22,1,0,1,1,1,100,1.0,1.0,1.0,0,0,1-25,0
7594,hilp,,73,1,,0,2022-06-22,1,0,1,2,10,60,1.0,1.0,1.0,1,0,1-25,0
7595,DWF,,2,1,,0,2022-06-22,1,0,1,2,10,10000,1.0,1.0,1.0,1,0,500-1000,0
7596,ssi,,72,0,,1,2022-06-22,1,0,1,2,10,10000,1.0,1.0,1.0,1,0,1-25,0
7597,Art,,4,0,,0,2022-06-22,1,0,1,2,10,100,1.0,1.0,1.0,1,0,101-500,0
7598,Infosys,,73,4,,0,2022-06-22,1,0,1,1,1,60,1.0,1.0,1.0,1,0,1-25,0
7599,bikalam,,2,0,,0,2022-06-22,1,0,1,2,10,100,1.0,1.0,1.0,0,0,101-500,0
7600,Test Company,,74,0,,1,2022-06-22,1,0,1,2,1,100,1.0,1.0,1.0,1,0,1-25,0
7605,Oracle,,38,0,,0,2022-06-23,1,0,1,2,10,10000,1.0,1.0,1.0,1,0,101-500,0
7606,amaze,,2,1,,0,2022-06-23,1,0,1,2,10,100,1.0,1.0,1.0,0,0,1-25,0
7607,Quality Measure,,23,0,,1,2022-06-23,1,0,1,1,999,100,1.0,1.0,1.0,0,0,101-500,0
7608,amazul,,21,1,,0,2022-06-23,1,0,1,2,1,100,1.0,1.0,1.0,0,0,1-25,0
7609,ASI,,79,0,,1,2022-06-23,1,0,1,2,1,100,1.0,1.0,1.0,1,0,1-25,0
7610,A star,,2,0,,1,2022-06-23,1,0,1,2,3,100,1.0,1.0,1.0,0,0,500-1000,0
7611,Dell,,79,0,,1,2022-06-23,1,0,1,2,10,10000,0.0,0.0,1.0,1,0,1-25,0
7612,ssi,,4,0,,1,2022-06-23,1,0,1,2,1,10000,0.0,0.0,1.0,1,0,1-25,0
7613,jobma,,231,0,,0,2022-06-23,1,0,1,1,1,100,1.0,1.0,1.0,1,0,1-25,0
7614,afga,,74,1,,0,2022-06-23,1,0,1,1,1,100,1.0,1.0,1.0,0,0,1-25,0
7615,ssi,,73,1,,0,2022-06-23,1,0,1,1,1,10000,1.0,1.0,1.0,1,0,1-25,0
7616,bolk,,1,0,,0,2022-06-23,1,0,1,1,10,100,1.0,1.0,1.0,0,0,26-100,0
7617,SSI JOBMA,,23,0,,1,2022-06-23,1,0,1,2,999,10000,1.0,1.0,1.0,1,0,26-100,0
7618,JOBMA,,23,0,,1,2022-06-23,1,0,1,2,1,10000,1.0,1.0,1.0,1,0,1-25,0
7619,Jackon,,72,0,,0,2022-06-23,1,0,1,1,1,100,1.0,1.0,1.0,0,0,1-25,0
7620,A Test,,7,0,,0,2022-06-23,1,0,1,2,10,100,1.0,1.0,1.0,1,0,101-500,0
7621,A Test,,,0,,0,2022-06-23,1,0,1,1,0,100,1.0,1.0,1.0,0,0,101-500,0
7622,ohman bro,,4,0,,0,2022-06-23,1,0,1,1,1,100,1.0,1.0,1.0,0,0,500-1000,0
7623,sri infotech,,,0,,0,2022-06-23,1,0,1,1,0,100,1.0,1.0,1.0,0,0,1-25,0
7624,SSI,,23,0,,1,2022-06-23,1,0,1,2,1,10000,1.0,1.0,1.0,1,0,101-500,0
7625,JOBMA Indore,,,0,,0,2022-06-23,1,0,1,1,0,100,1.0,1.0,1.0,0,0,101-500,0
7626,ohman bro,,,0,,0,2022-06-23,1,0,1,1,0,100,1.0,1.0,1.0,0,0,500-1000,0
7627,Wework,,53,0,,0,2022-06-23,1,0,1,2,10,10000,1.0,1.0,1.0,1,0,1-25,0
7628,well ming,,233,0,,0,2022-06-23,1,0,1,1,10,100,1.0,1.0,1.0,1,0,1-25,0
7629,TWT,,15,0,,0,2022-06-23,1,0,1,2,10,100,1.0,1.0,1.0,1,0,101-500,0
7630,ajkl,,1,0,,0,2022-06-23,1,0,1,1,999,100,1.0,1.0,1.0,0,0,26-100,0
7631,DLD,,8,0,,1,2022-06-23,1,0,1,2,10,100,1.0,1.0,1.0,1,0,101-500,0
7632,ssi,,21,0,,1,2022-06-23,1,0,1,2,1,10000,1.0,1.0,1.0,1,0,101-500,0
7633,ssi,,1,0,,1,2022-06-23,1,0,1,2,10,10000,1.0,1.0,1.0,1,0,500-1000,0
7634,ssiq,,80,0,,1,2022-06-23,1,0,1,2,1,10000,1.0,1.0,1.0,1,0,1-25,0
7635,gio,,3,0,,1,2022-06-23,1,0,1,2,999,100,1.0,1.0,1.0,0,0,26-100,0
7636,wsssw,,231,0,,1,2022-06-23,1,0,1,2,10,10000,1.0,1.0,1.0,1,0,1-25,0
7637,tuna mills,,2,0,,0,2022-06-23,1,0,1,1,10,100,1.0,1.0,1.0,1,0,1-25,0
7638,DLD,,,0,,0,2022-06-23,1,0,1,1,0,100,1.0,1.0,1.0,0,0,101-500,0
7639,Quality Measure,,,0,,0,2022-06-23,1,0,1,1,0,100,1.0,1.0,1.0,0,0,101-500,0
7640,dell,,90,1,,0,2022-06-24,1,0,1,2,10,60,1.0,1.0,1.0,1,0,1-25,0
7641,Alle,,74,0,,1,2022-06-24,1,0,1,2,1,100,1.0,1.0,1.0,0,0,1-25,0
7642,yui,,74,1,,0,2022-06-24,1,0,1,2,1,100,1.0,1.0,1.0,0,0,1-25,0
7643,ssi,,7,0,,0,2022-06-24,1,0,1,2,1,60,0.0,0.0,1.0,1,0,1-25,0
7644,ssi,,16,0,,1,2022-06-24,1,0,1,2,999,10000,1.0,1.0,1.0,1,0,26-100,0
7645,Optum,,20,0,,1,2022-06-24,1,0,1,1,999,10000,1.0,1.0,1.0,1,0,500-1000,0
7646,Go Green Agri,,3,0,,1,2022-06-24,1,0,1,2,999,10000,1.0,1.0,1.0,1,0,26-100,0
7647,ssi,,16,0,,0,2022-06-24,1,0,1,1,999,60,1.0,1.0,1.0,1,0,101-500,0
7648,G Green,,3,0,,0,2022-06-24,1,0,1,1,999,10000,1.0,1.0,1.0,1,0,26-100,0
7649,H Pharm,,63,0,,0,2022-06-24,1,0,1,2,10,10000,1.0,1.0,1.0,1,0,26-100,0
7650,ssi,,7,0,,0,2022-06-24,1,0,1,2,1,10000,1.0,1.0,1.0,1,0,1-25,0
7651,bijk,,2,0,,1,2022-06-24,1,0,1,2,1,100,1.0,1.0,1.0,1,0,1-25,0
7652,ssi,,4,0,,1,2022-06-24,1,0,1,2,10,10000,1.0,1.0,1.0,1,0,1-25,0
7653,ssi,,81,0,,1,2022-06-24,1,0,1,2,1,10000,1.0,1.0,1.0,1,0,1-25,0
7654,WEN,,100,0,,1,2022-06-24,1,0,1,2,1,100,1.0,1.0,1.0,1,0,101-500,0
7655,jiop,,4,0,,1,2022-06-24,1,0,1,2,999,100,1.0,1.0,1.0,0,0,101-500,0
7656,ssi,,16,0,,1,2022-06-24,1,0,1,2,10,10000,1.0,1.0,1.0,1,0,101-500,0
7657,T Test,,85,0,,1,2022-06-27,1,1,1,1,3,100,1.0,1.0,1.0,1,0,101-500,0
7658,agilist technology,,10,7,,1,2022-06-27,1,0,1,2,1,10000,1.0,1.0,1.0,1,0,500-1000,0
7659,agile pvt ltd,,16,1,,1,2022-06-27,1,0,1,2,10,10000,1.0,1.0,1.0,1,0,1-25,0
7660,Accenture,,92,5,,1,2022-06-27,1,0,1,2,999,10000,1.0,1.0,1.0,1,0,More than 1000,0
7661,electro,,74,5,,1,2022-06-27,1,0,1,2,10,10000,1.0,1.0,1.0,1,0,1-25,0
7662,A Agri,,74,0,,1,2022-06-27,1,0,1,1,1,100,1.0,1.0,1.0,0,0,101-500,0
7663,Amlo,,73,0,,1,2022-06-27,1,0,1,2,999,100,1.0,1.0,1.0,0,0,1-25,0
7664,Art Interior,,4,0,,1,2022-06-27,1,0,1,1,999,100,1.0,1.0,1.0,0,0,500-1000,0
7665,gipal,,74,1,,1,2022-06-27,1,0,1,2,1,100,1.0,1.0,1.0,0,0,1-25,0
7666,wertm,,1,0,,1,2022-06-27,1,0,1,2,999,100,1.0,1.0,1.0,0,0,26-100,0
7667,ssi,,2,0,,1,2022-06-27,1,0,1,2,1,100,1.0,1.0,1.0,1,0,1-25,0
7668,T Test,,,0,,0,2022-06-27,1,0,1,1,0,100,1.0,1.0,1.0,0,0,101-500,0
7669,Accenture,,"78,84,86",0,,1,2022-06-27,1,0,1,2,1,100,1.0,1.0,1.0,1,0,1-25,0
7670,Alle,,73,0,,1,2022-06-27,1,0,1,2,1,100,1.0,1.0,1.0,1,0,1-25,0
7671,dipso,,72,0,,0,2022-06-27,1,0,1,1,10,100,1.0,1.0,1.0,1,0,1-25,0
7672,ASI,,"81,82",0,,1,2022-06-27,1,0,1,2,10,100,1.0,1.0,1.0,1,0,101-500,0
7673,ibil,,73,0,,1,2022-06-27,1,0,1,2,10,100,1.0,1.0,1.0,1,0,1-25,0
7674,ssi,,74,0,,1,2022-06-27,1,0,1,2,10,10000,1.0,1.0,1.0,1,0,1-25,0
7675,wework,,79,0,,1,2022-06-27,1,0,1,2,1,100,1.0,1.0,1.0,1,0,101-500,0
7676,akon,,2,0,,1,2022-06-27,1,0,1,2,1,10000,1.0,1.0,1.0,1,0,1-25,0
7677,Testing Scope,,,0,,0,2022-06-27,1,0,1,1,0,100,1.0,1.0,1.0,0,0,1-25,0
7678,Testing Scope,,,0,,0,2022-06-27,1,0,1,1,0,100,1.0,1.0,1.0,0,0,1-25,0
7679,Testing Scope,,,0,,0,2022-06-27,1,0,1,1,0,100,1.0,1.0,1.0,0,0,1-25,0
7680,K Test,,8,0,,1,2022-06-27,1,0,1,2,10,100,1.0,1.0,1.0,1,0,1-25,0
7681,DWN,,88,0,,0,2022-06-28,1,0,1,2,10,100,1.0,1.0,1.0,1,0,101-500,0
7682,SSI,,21,0,,1,2022-06-28,1,0,1,2,999,100,1.0,1.0,1.0,0,0,500-1000,0
7683,SSI,,26,0,,0,2022-06-28,1,0,1,2,1,100,1.0,1.0,1.0,0,0,101-500,0
7684,IFL,,"1,3,15",0,,1,2022-06-28,1,0,1,2,10,100,1.0,1.0,1.0,0,0,26-100,0
7685,ssi,,8,0,,1,2022-06-28,1,0,1,2,1,100,1.0,1.0,1.0,0,0,26-100,0
7686,bui,,2,0,,1,2022-06-28,1,0,1,2,1,100,1.0,1.0,1.0,0,0,101-500,0
7687,jdjdj,,1,0,,1,2022-06-28,1,0,1,2,10,100,1.0,1.0,1.0,0,0,26-100,0
7688,huba,,4,0,,1,2022-06-28,1,0,1,2,999,100,1.0,1.0,1.0,0,0,26-100,0
7689,mbi,,4,0,,1,2022-06-28,1,0,1,2,999,100,1.0,1.0,1.0,0,0,101-500,0
7690,ninl,,73,1,,1,2022-06-28,1,0,1,2,999,100,1.0,1.0,1.0,0,0,1-25,0
7691,JomDp,,2,0,,1,2022-06-28,1,0,1,2,10,100,1.0,1.0,1.0,1,0,1-25,0
7692,A One,,92,0,,1,2022-06-28,1,0,1,2,10,100,1.0,1.0,1.0,1,0,500-1000,0
7693,avdhiexpress,,74,0,,1,2022-06-28,1,0,1,2,1,100,1.0,1.0,1.0,1,0,1-25,0
7694,google,,16,0,,1,2022-06-28,1,0,1,2,999,100,1.0,1.0,1.0,0,0,101-500,0
7695,sisya,,2,0,,0,2022-06-28,1,0,1,1,999,100,1.0,1.0,1.0,1,0,1-25,0
7696,JomDp,,,0,,0,2022-06-28,1,0,1,1,0,100,1.0,1.0,1.0,0,0,1-25,0
7697,sisya,,,0,,0,2022-06-28,1,0,1,1,0,100,1.0,1.0,1.0,0,0,1-25,0
7698,ilo,,2,4,,1,2022-06-28,1,0,1,2,1,100,1.0,1.0,1.0,0,0,1-25,0
7699,Company,,73,0,,1,2022-06-28,1,0,1,2,10,100,1.0,1.0,1.0,0,0,1-25,0
7700,jobma,,72,1,,1,2022-06-28,1,0,1,2,999,100,1.0,1.0,1.0,0,0,1-25,0
7701,jobma,,72,1,,1,2022-06-28,1,0,1,2,1,100,1.0,1.0,1.0,0,0,1-25,0
7702,ssi,,3,0,,1,2022-06-28,1,0,1,2,10,100,1.0,1.0,1.0,0,0,1-25,0
7703,ssi,,73,0,,1,2022-06-28,1,0,1,2,10,10000,1.0,1.0,1.0,1,0,1-25,0
7704,KWL,,82,0,,0,2022-06-28,1,0,1,2,10,100,1.0,1.0,1.0,1,0,101-500,0
7705,steel,,96,0,,1,2022-06-28,1,0,1,2,1,100,1.0,1.0,1.0,0,0,1-25,0
7706,Test International Company Pvt ok,,,0,2,0,2022-06-28,1,0,1,1,0,100,1.0,1.0,1.0,0,0,500-1000,0
7707,AWSQ,,2,0,,1,2022-06-28,1,0,1,2,1,100,1.0,1.0,1.0,0,0,1-25,0
7708,Test International Company Pvt ok,,,0,2,0,2022-06-28,1,0,1,1,0,100,1.0,1.0,1.0,0,0,500-1000,0
7709,steel,,,0,,0,2022-06-28,1,0,1,1,0,100,1.0,1.0,1.0,0,0,1-25,0
7710,oriflame,,79,0,,1,2022-06-29,1,0,1,2,999,100,1.0,1.0,1.0,0,0,101-500,0
7711,Quality Test,,"118,124",0,,1,2022-06-29,1,0,1,2,999,100,1.0,1.0,1.0,0,0,101-500,0
7712,jwell,,85,4,,1,2022-06-29,1,0,1,2,1,100,1.0,1.0,1.0,0,0,1-25,0
7713,dell,,2,3,,1,2022-06-29,1,0,1,2,1,10000,1.0,1.0,1.0,1,0,1-25,0
7714,Quality Test,,,0,,0,2022-06-29,1,0,1,1,0,100,1.0,1.0,1.0,0,0,101-500,0
7715,NM,,72,0,,1,2022-06-29,1,0,1,2,999,100,1.0,1.0,1.0,1,0,101-500,0
7716,yahoo,,7,0,,1,2022-06-29,1,0,1,2,1,100,1.0,1.0,1.0,0,0,101-500,0
7717,tata group,,51,0,,1,2022-06-29,1,0,1,2,10,100,1.0,1.0,1.0,1,0,More than 1000,0
7718,ssi,,190,0,,1,2022-06-29,1,0,1,2,10,100,1.0,1.0,1.0,1,0,1-25,0
7719,kito,,3,0,,1,2022-06-29,1,0,1,2,999,100,1.0,1.0,1.0,0,0,101-500,0
7720,kito,,,0,,0,2022-06-29,1,0,1,1,0,100,1.0,1.0,1.0,0,0,101-500,0
7721,JOBMA ssi,,23,0,,1,2022-06-29,1,0,1,2,1,10000,1.0,1.0,1.0,1,0,1-25,0
7722,dell,,79,0,,1,2022-06-29,1,0,1,2,10,100,1.0,1.0,1.0,1,0,1-25,0
7723,Pvr,,2,0,,0,2022-06-29,1,0,1,1,10,100,1.0,1.0,1.0,1,0,1-25,0
7724,Pvr,,,0,,0,2022-06-29,1,0,1,1,0,100,1.0,1.0,1.0,0,0,1-25,0
7725,Ssi,,75,0,,1,2022-06-29,1,0,1,2,1,100,1.0,1.0,1.0,1,0,1-25,0
7726,ssi,,4,0,,1,2022-06-30,1,0,1,2,1,100,1.0,1.0,1.0,1,0,1-25,0
7727,ssi,,2,0,,1,2022-06-30,1,0,1,2,10,100,1.0,1.0,1.0,1,0,1-25,0
7728,sssi,,72,0,,1,2022-06-30,1,0,1,2,1,100,1.0,1.0,1.0,1,0,1-25,0
7729,ssi,,2,0,,1,2022-06-30,1,0,1,2,10,100,1.0,1.0,1.0,0,0,1-25,0
7730,ssi,,76,0,,1,2022-06-30,1,0,1,2,1,100,1.0,1.0,1.0,1,0,1-25,0
7731,DEN,,2,0,,1,2022-06-30,1,0,1,2,1,100,1.0,1.0,1.0,1,0,101-500,0
7732,dell,,79,0,,1,2022-06-30,1,0,1,2,10,100,1.0,1.0,1.0,1,0,1-25,0
7733,ssi,,76,0,,1,2022-06-30,1,0,1,2,1,100,1.0,1.0,1.0,1,0,1-25,0
7734,ssi,,72,0,,1,2022-06-30,1,0,1,2,10,100,1.0,1.0,1.0,1,0,1-25,0
7735,DEN,,,0,,0,2022-06-30,1,0,1,1,0,100,1.0,1.0,1.0,0,0,101-500,0
7736,SSI,,4,0,,1,2022-06-30,1,0,1,2,1,100,1.0,1.0,1.0,0,0,26-100,0
7737,JKL,,81,0,,1,2022-06-30,1,0,1,1,10,100,1.0,1.0,1.0,0,0,500-1000,0
7738,GH,,97,0,,1,2022-06-30,1,0,1,2,10,100,1.0,1.0,1.0,0,0,26-100,0
7739,SSI,,16,0,,1,2022-06-30,1,0,1,1,999,100,1.0,1.0,1.0,0,0,101-500,0
7740,GH,,,0,,0,2022-06-30,1,0,1,1,0,100,1.0,1.0,1.0,0,0,26-100,0
7741,hibrid,,79,0,,1,2022-06-30,1,0,1,2,1,100,1.0,1.0,1.0,1,0,1-25,0
7742,ibil,,233,0,,1,2022-06-30,1,0,1,2,10,100,1.0,1.0,1.0,1,0,1-25,0
7743,Alle,,73,0,,1,2022-06-30,1,0,1,2,1,100,1.0,1.0,1.0,1,0,1-25,0
7744,GDF,,2,0,,1,2022-06-30,1,0,1,1,1,100,1.0,1.0,1.0,1,0,26-100,0
7745,GYN,,2,0,,1,2022-06-30,1,0,1,2,10,100,1.0,1.0,1.0,1,0,26-100,0
7746,avdhiexpress,,2,0,,1,2022-06-30,1,0,1,2,10,100,1.0,1.0,1.0,0,0,1-25,0
7747,ssi,,190,0,,1,2022-06-30,1,0,1,2,10,100,1.0,1.0,1.0,0,0,1-25,0
7748,ssi,,75,0,,1,2022-06-30,1,0,1,2,10,100,1.0,1.0,1.0,1,0,1-25,0
7749,dell,,2,0,,1,2022-06-30,1,0,1,2,10,100,1.0,1.0,1.0,1,0,1-25,0
7750,airline,,15,0,,1,2022-06-30,1,0,1,2,10,100,1.0,1.0,1.0,0,0,26-100,0
7751,wework,,80,0,,1,2022-07-01,1,1,1,2,6,100,1.0,1.0,1.0,1,0,1-25,0
7752,ibil,,73,0,,1,2022-07-01,1,0,1,2,10,10000,1.0,1.0,1.0,1,0,1-25,0
7753,nio,,73,0,,1,2022-07-01,1,0,1,2,10,10000,1.0,1.0,1.0,1,0,1-25,0
7754,jobma,,231,2,,1,2022-07-03,1,0,1,2,1,100,1.0,1.0,1.0,0,0,1-25,0
7755,jobma,,231,2,,1,2022-07-04,1,0,1,2,1,100,1.0,1.0,1.0,0,0,1-25,0
7756,jobma,,231,1,,1,2022-07-04,1,0,1,1,1,100,1.0,1.0,1.0,0,0,1-25,0
7757,wallmart,,3,0,,1,2022-07-04,1,0,1,2,1,100,1.0,1.0,1.0,0,0,26-100,0
7758,gyt,,73,1,,1,2022-07-04,1,0,1,2,999,100,1.0,1.0,1.0,0,0,1-25,0
7759,bvn,,2,1,,1,2022-07-04,1,0,1,2,999,100,1.0,1.0,1.0,0,0,1-25,0
7760,IJK,,72,1,,1,2022-07-04,1,0,1,2,999,100,1.0,1.0,1.0,0,0,1-25,0
7761,IJK,,72,1,,1,2022-07-04,1,0,1,2,999,100,1.0,1.0,1.0,0,0,1-25,0
7762,bio,,2,1,,1,2022-07-05,1,0,1,2,999,100,1.0,1.0,1.0,0,0,More than 1000,0
7763,fui,,2,1,,1,2022-07-05,1,0,1,2,10,100,1.0,1.0,1.0,0,0,1-25,0
7764,ABD,,"2,3,4",0,,0,2022-07-05,1,0,1,2,10,100,1.0,1.0,1.0,0,0,26-100,0
7765,ssi,,124,0,,1,2022-07-05,1,0,1,2,1,10000,1.0,1.0,1.0,1,0,1-25,0
7766,mbi,,73,1,,1,2022-07-05,1,0,1,2,999,100,1.0,1.0,1.0,0,0,1-25,0
7767,dell,,76,0,,1,2022-07-05,1,0,1,2,10,10000,1.0,1.0,1.0,1,0,1-25,0
7768,mbi,,2,1,,1,2022-07-05,1,0,1,2,1,100,1.0,1.0,1.0,0,0,1-25,0
7769,hui,,73,1,,1,2022-07-05,1,0,1,2,1,100,1.0,1.0,1.0,0,0,1-25,0
7770,vio,,73,1,,1,2022-07-05,1,0,1,2,1,100,1.0,1.0,1.0,0,0,1-25,0
7771,jui,,2,0,,1,2022-07-05,1,0,1,2,1,100,1.0,1.0,1.0,0,0,500-1000,0
7772,yrp,,172,1,,1,2022-07-05,1,0,1,1,999,100,1.0,1.0,1.0,0,0,1-25,0
7773,ssi,,10,0,,1,2022-07-05,1,0,1,2,1,10000,1.0,1.0,1.0,1,0,26-100,0
7774,sso,,2,0,,1,2022-07-05,1,0,1,2,10,10000,1.0,1.0,1.0,1,0,26-100,0
7775,vv,,73,1,,1,2022-07-05,1,0,1,2,10,100,1.0,1.0,1.0,0,0,1-25,0
7776,SSI,,,0,,0,2022-07-05,1,0,1,1,0,100,1.0,1.0,1.0,0,0,500-1000,0
7777,fyi,,74,1,,1,2022-07-05,1,0,1,2,1,100,1.0,1.0,1.0,0,0,1-25,0
7778,fyi,,,0,,0,2022-07-05,1,0,1,1,0,100,1.0,1.0,1.0,0,0,1-25,0
7779,jobma,,72,2,,1,2022-07-05,1,0,1,2,10,100,1.0,1.0,1.0,0,0,1-25,0
7780,vv,,,0,,0,2022-07-05,1,0,1,1,0,100,1.0,1.0,1.0,0,0,1-25,0
7781,JKL,,"72,2,73,83",1,,1,2022-07-05,1,0,1,2,10,100,1.0,1.0,1.0,0,0,26-100,0
7782,SSI indore,,,0,,0,2022-07-05,1,0,1,1,0,100,1.0,1.0,1.0,0,0,1-25,0
7783,Test Company Pvt Ltd,,4,0,,1,2022-07-05,1,0,1,2,1,100,1.0,1.0,1.0,0,0,26-100,0
7784,DSE,,"2,3,4",0,,0,2022-07-05,1,0,1,2,10,100,1.0,1.0,1.0,0,0,1-25,0
7785,mbi,,3,0,,1,2022-07-05,1,0,1,1,1,100,1.0,1.0,1.0,0,0,500-1000,0
7786,mbi,,,0,,0,2022-07-05,1,0,1,1,0,100,1.0,1.0,1.0,0,0,500-1000,0
7787,upo,,3,0,,1,2022-07-05,1,0,1,2,10,100,1.0,1.0,1.0,0,0,More than 1000,0
7788,gyi,,3,0,,1,2022-07-06,1,0,1,1,999,100,1.0,1.0,1.0,0,0,500-1000,0
7789,ASD,,"72,2",3,,1,2022-07-06,1,0,1,2,10,100,1.0,1.0,1.0,0,0,26-100,0
7790,huba,,73,1,,1,2022-07-06,1,0,1,2,999,100,1.0,1.0,1.0,0,0,1-25,0
7791,ssi,,2,0,,1,2022-07-06,1,0,1,2,1,10000,1.0,1.0,1.0,1,0,1-25,0
7792,grt,,2,1,,1,2022-07-06,1,0,1,2,999,100,1.0,1.0,1.0,0,0,1-25,0
7793,Test Company Pvt Ltd,,23,2,,1,2022-07-06,1,0,1,2,10,100,1.0,1.0,1.0,0,0,101-500,0
7794,AWD,,72,3,,0,2022-07-06,1,0,1,1,10,100,1.0,1.0,1.0,0,0,1-25,0
7795,tell,,73,4,,1,2022-07-06,1,0,1,2,1,10000,1.0,1.0,1.0,1,0,1-25,0
7796,ssi,,72,1,,1,2022-07-06,1,0,1,2,1,10000,1.0,1.0,1.0,1,0,500-1000,0
7797,ssi,,47,1,,1,2022-07-06,1,0,1,2,1,10000,1.0,1.0,1.0,1,0,More than 1000,0
7798,zz,,94,1,,0,2022-07-06,1,1,1,1,11,100,1.0,1.0,1.0,0,0,1-25,0
7799,ssi,,172,3,,0,2022-07-06,1,0,1,1,10,60,1.0,1.0,1.0,1,0,More than 1000,0
7800,zz,,,0,,0,2022-07-06,1,0,1,1,0,100,1.0,1.0,1.0,0,0,1-25,0
7801,kj,,172,1,,1,2022-07-06,1,0,1,2,1,100,1.0,1.0,1.0,0,0,1-25,0
7802,SSI,,1,0,,1,2022-07-06,1,0,1,2,999,10000,1.0,1.0,1.0,1,0,26-100,0
7803,yrp,,231,1,,1,2022-07-06,1,0,1,2,999,100,1.0,1.0,1.0,0,0,1-25,0
7804,AQZ,,"2,76,78",7,,1,2022-07-06,1,0,1,2,1,100,1.0,1.0,1.0,0,0,26-100,0
7805,dell,,10,0,,0,2022-07-06,1,0,1,2,10,60,1.0,1.0,1.0,1,0,101-500,0
7806,AQZ,,,0,,0,2022-07-06,1,0,1,1,0,100,1.0,1.0,1.0,0,0,26-100,0
7807,mbi,,73,1,,1,2022-07-06,1,0,1,2,999,100,1.0,1.0,1.0,0,0,101-500,0
7808,npl,,74,1,,1,2022-07-06,1,0,1,2,1,100,1.0,1.0,1.0,0,0,101-500,0
7809,kj,,72,1,,1,2022-07-06,1,0,1,2,10,100,1.0,1.0,1.0,0,0,101-500,0
7810,apple company,,7,0,,1,2022-07-06,1,1,1,1,14,100,1.0,1.0,1.0,0,0,101-500,0
7811,juy,,4,0,,1,2022-07-07,1,0,1,2,999,10000,1.0,1.0,1.0,1,0,101-500,0
7812,gio,,74,1,,1,2022-07-07,1,0,1,0,999,100,1.0,1.0,1.0,0,0,101-500,0
7813,SWQ,,73,4,,1,2022-07-07,1,0,1,2,10,100,1.0,1.0,1.0,0,0,500-1000,0
7814,gio,,,0,,0,2022-07-07,1,0,1,1,0,100,1.0,1.0,1.0,0,0,101-500,0
7815,ssi,,78,0,,1,2022-07-07,1,0,1,2,1,10000,1.0,1.0,1.0,1,0,1-25,0
7816,KYT,,"2,3,4",0,,1,2022-07-07,1,0,1,2,999,100,1.0,1.0,1.0,0,0,26-100,0
7817,gio,,74,1,,1,2022-07-07,1,0,1,2,1,100,1.0,1.0,1.0,0,0,26-100,0
7818,dell,,74,0,,1,2022-07-07,1,0,1,2,10,10000,1.0,1.0,1.0,1,0,1-25,0
7819,ssi,,72,0,,1,2022-07-07,1,0,1,1,1,60,1.0,1.0,1.0,1,0,1-25,0
7820,yrp,,2,0,,1,2022-07-07,1,0,1,2,999,100,1.0,1.0,1.0,0,0,101-500,0
7821,yrp,,,0,,0,2022-07-07,1,0,1,1,0,100,1.0,1.0,1.0,0,0,101-500,0
7822,ssi,,,0,,0,2022-07-07,1,0,1,1,0,100,1.0,1.0,1.0,0,0,1-25,0
7823,diop,,73,1,,1,2022-07-07,1,0,1,2,10,100,1.0,1.0,1.0,0,0,101-500,0
7824,kio,,73,1,,1,2022-07-07,1,0,1,2,1,100,1.0,1.0,1.0,0,0,1-25,0
7825,kio,,73,1,,1,2022-07-07,1,0,1,2,10,100,1.0,1.0,1.0,0,0,1-25,0
7826,kio,,,0,,0,2022-07-07,1,0,1,1,0,100,1.0,1.0,1.0,0,0,1-25,0
7827,Test Company Pvt Ltd,,,0,,0,2022-07-07,1,0,1,1,0,100,1.0,1.0,1.0,0,0,101-500,0
7828,apple company,,,0,,0,2022-07-07,1,0,1,1,0,100,1.0,1.0,1.0,0,0,101-500,0
7829,fty,,"72,2",1,,1,2022-07-07,1,1,1,1,999,100,1.0,1.0,1.0,0,0,500-1000,0
7830,guip,,2,1,,1,2022-07-07,1,1,1,2,10,100,1.0,1.0,1.0,0,0,101-500,0
7831,huim,,74,1,,1,2022-07-07,1,0,1,2,999,100,1.0,1.0,1.0,0,0,500-1000,0
7832,kj,,2,0,,1,2022-07-07,1,1,1,1,1,100,1.0,1.0,1.0,0,0,26-100,0
7833,yrp,,1,0,,1,2022-07-07,1,0,1,1,10,100,1.0,1.0,1.0,0,0,26-100,0
7834,relpy,,3,0,,1,2022-07-07,1,0,1,2,999,100,1.0,1.0,1.0,0,0,500-1000,0
7835,relegar,,73,4,,1,2022-07-07,1,0,1,2,1,100,1.0,1.0,1.0,0,0,1-25,0
7836,we,,15,1,,0,2022-07-07,1,0,1,2,1,10000,1.0,1.0,1.0,1,0,1-25,0
7837,yrp,,,0,,0,2022-07-07,1,0,1,1,0,100,1.0,1.0,1.0,0,0,26-100,0
7838,innostax,,10,1,,0,2022-07-07,1,0,1,2,1,10000,1.0,1.0,1.0,1,0,500-1000,0
7839,ssi,,97,1,,0,2022-07-07,1,0,1,1,1,10000,1.0,1.0,1.0,1,0,500-1000,0
7840,biko,,74,1,,0,2022-07-07,1,0,1,2,1,10000,1.0,1.0,1.0,1,0,1-25,0
7841,fty,,,0,,1,2022-07-08,1,0,1,1,0,100,1.0,1.0,1.0,0,0,500-1000,0
7842,guip,,,0,,0,2022-07-08,1,0,1,1,0,100,1.0,1.0,1.0,0,0,101-500,0
7843,AWQ,,"231,2,73",1,,1,2022-07-08,1,0,1,1,1,100,1.0,1.0,1.0,0,0,101-500,0
7844,AWQ,,,0,,0,2022-07-08,1,0,1,1,0,100,1.0,1.0,1.0,0,0,101-500,0
7845,kj,,,0,,1,2022-07-08,1,0,1,1,0,100,1.0,1.0,1.0,0,0,26-100,0
7846,npl,,73,1,,1,2022-07-08,1,0,1,2,1,100,1.0,1.0,1.0,0,0,101-500,0
7847,yrp,,3,0,,1,2022-07-08,1,0,1,2,2,100,1.0,1.0,1.0,0,0,101-500,0
7848,yrp,,74,1,,1,2022-07-08,1,0,1,2,10,100,1.0,1.0,1.0,0,0,26-100,0
7849,QAS,,"231,2,73",1,,1,2022-07-08,1,0,1,2,1,100,1.0,1.0,1.0,0,0,101-500,0
7850,AQW,,"72,73",1,,1,2022-07-08,1,0,1,2,1,100,1.0,1.0,1.0,0,0,500-1000,0
7851,fty,,,0,,1,2022-07-08,1,0,1,1,0,100,1.0,1.0,1.0,0,0,500-1000,0
7852,hui,,73,1,,1,2022-07-08,1,0,1,1,10,100,1.0,1.0,1.0,0,0,500-1000,0
7853,WEST,,"1,3,4",0,,1,2022-07-08,1,0,1,2,10,100,1.0,1.0,1.0,0,0,26-100,0
7854,HDF,,2,0,,1,2022-07-08,1,0,1,2,16,100,1.0,1.0,1.0,0,0,26-100,0
7855,kio,,47,0,,1,2022-07-08,1,0,1,2,999,100,1.0,1.0,1.0,0,0,101-500,0
7856,hui,,57,0,,1,2022-07-08,1,0,1,2,2,100,1.0,1.0,1.0,0,0,500-1000,0
7857,gui,,1,0,,1,2022-07-08,1,0,1,2,100,100,1.0,1.0,1.0,0,0,26-100,0
7858,hui,,3,0,,1,2022-07-08,1,0,1,2,999,100,1.0,1.0,1.0,0,0,26-100,0
7859,jui,,,0,,1,2022-07-08,1,0,1,2,999,100,1.0,1.0,1.0,0,0,1-25,0
7860,jio,,1,0,,1,2022-07-08,1,0,1,2,1,100,1.0,1.0,1.0,0,0,1-25,0
7861,jui,,1,0,,1,2022-07-08,1,0,1,2,999,100,1.0,1.0,1.0,0,0,1-25,0
7862,hui,,3,0,,1,2022-07-08,1,0,1,2,999,100,1.0,1.0,1.0,0,0,101-500,0
7863,GTR,,"2,73",1,,1,2022-07-08,1,0,1,2,999,100,1.0,1.0,1.0,0,0,26-100,0
7864,fty,,,0,,1,2022-07-08,1,0,1,1,0,100,1.0,1.0,1.0,0,0,500-1000,0
7865,Jobma,,,0,1,0,2022-07-08,1,0,1,1,0,100,1.0,1.0,1.0,0,0,500-1000,0
7866,ssi,,3,0,,1,2022-07-08,1,0,1,2,1,100,1.0,1.0,1.0,0,0,1-25,0
7867,hui,,61,0,,0,2022-07-08,1,0,1,2,1,100,1.0,1.0,1.0,0,0,101-500,0
7869,Jobma,,,0,1,0,2022-07-08,1,0,1,1,0,100,1.0,1.0,1.0,0,0,500-1000,0
7870,Test Company Pvt Ltd,,"2,3,4",0,,1,2022-07-08,1,0,1,2,999,100,1.0,1.0,1.0,0,0,101-500,0
7871,Test Compnay,,4,0,,1,2022-07-08,1,0,1,2,10,100,1.0,1.0,1.0,0,0,1-25,0
7872,JKL,,"2,73",1,,1,2022-07-08,1,0,1,1,999,100,1.0,1.0,1.0,0,0,1-25,0
7873,Test Compnay,,4,0,,1,2022-07-08,1,0,1,2,999,100,1.0,1.0,1.0,0,0,26-100,0
7874,yrp,,2,0,,1,2022-07-08,1,0,1,2,1,100,1.0,1.0,1.0,0,0,101-500,0
7875,STR,,2,0,,0,2022-07-08,1,0,1,1,1,100,1.0,1.0,1.0,0,0,26-100,0
7876,TRS,,"2,3",0,,1,2022-07-08,1,0,1,2,10,100,1.0,1.0,1.0,0,0,26-100,0
7877,huy,,3,0,,1,2022-07-08,1,0,1,2,1,100,1.0,1.0,1.0,0,0,101-500,0
7878,npl,,3,0,,1,2022-07-08,1,0,1,2,10,100,1.0,1.0,1.0,0,0,101-500,0
7879,mbi,,2,0,,1,2022-07-08,1,0,1,2,999,100,1.0,1.0,1.0,1,0,500-1000,0
7880,ssi,,,0,,0,2022-07-08,1,0,1,1,0,100,1.0,1.0,1.0,0,0,1-25,0
7881,SSG,,2,0,,1,2022-07-11,1,0,1,2,999,10000,1.0,1.0,1.0,1,0,26-100,0
7882,udei,,4,0,,1,2022-07-11,1,0,1,2,1,100,1.0,1.0,1.0,0,0,101-500,0
7883,DWQ,,"231,2,73",1,,0,2022-07-11,1,1,1,1,14,100,1.0,1.0,1.0,0,0,26-100,0
7884,aceloc,,74,0,,1,2022-07-11,1,0,1,2,1,10000,1.0,1.0,1.0,1,0,1-25,0
7885,wework,,"87,46",6,,0,2022-07-11,1,0,1,2,10,10000,1.0,1.0,1.0,1,0,101-500,0
7886,gyui,,1,0,,1,2022-07-11,1,0,1,1,3,100,1.0,1.0,1.0,0,0,101-500,0
7887,Accenture,,24,0,,0,2022-07-11,1,1,1,1,3,10000,1.0,1.0,1.0,1,0,26-100,0
7888,Accenture,,,0,,0,2022-07-11,1,0,1,1,0,100,1.0,1.0,1.0,0,0,26-100,0
7889,DWQ,,,0,,0,2022-07-11,1,0,1,1,0,100,1.0,1.0,1.0,0,0,26-100,0
7890,huim,,,0,,0,2022-07-11,1,0,1,1,0,100,1.0,1.0,1.0,0,0,500-1000,0
7891,Test Company Pvt Ltd,,"3,4,189",0,,0,2022-07-11,1,1,1,2,4,100,1.0,1.0,1.0,0,0,101-500,0
7892,yui,,62,1,,1,2022-07-11,1,0,1,2,1,100,1.0,1.0,1.0,0,0,1-25,0
7893,DWQ,,,0,,0,2022-07-11,1,0,1,1,0,100,1.0,1.0,1.0,0,0,26-100,0
7894,TRS,,"2,3",0,,1,2022-07-11,1,0,1,2,1,100,1.0,1.0,1.0,0,0,26-100,0
7895,Test Company Pvt Ltd,,,0,,0,2022-07-11,1,0,1,1,0,100,1.0,1.0,1.0,0,0,101-500,0
7896,DYT,,2,0,,1,2022-07-11,1,0,1,2,1,100,1.0,1.0,1.0,0,0,26-100,0
7897,KTY,,"2,15",0,,0,2022-07-11,1,0,1,1,10,100,1.0,1.0,1.0,0,0,26-100,0
7898,ftyu,,1,0,,0,2022-07-11,1,0,1,1,1,100,1.0,1.0,1.0,0,0,26-100,0
7899,kaka,,20,0,,1,2022-07-11,1,0,1,2,999,10000,1.0,1.0,1.0,1,0,101-500,0
7900,ssi,,24,0,,1,2022-07-11,1,0,1,1,10,10000,1.0,1.0,1.0,1,0,101-500,0
7901,udei,,2,1,,1,2022-07-12,1,0,1,2,999,100,1.0,1.0,1.0,0,0,101-500,0
7902,uyt,,2,1,,1,2022-07-12,1,0,1,2,1,100,1.0,1.0,1.0,0,0,26-100,0
7903,npl,,72,1,,1,2022-07-12,1,0,1,2,1,100,1.0,1.0,1.0,0,0,500-1000,0
7904,Test Company Pvt Ltd,,,0,,0,2022-07-12,1,0,1,1,0,100,1.0,1.0,1.0,0,0,101-500,0
7905,JRT,,2,0,,0,2022-07-12,1,0,1,1,10,100,1.0,1.0,1.0,0,0,26-100,0
7906,HTR,,"1,3",0,,1,2022-07-12,1,0,1,1,999,10000,1.0,1.0,1.0,1,0,26-100,0
7907,gui,,4,0,,1,2022-07-12,1,0,1,2,20,100,1.0,1.0,1.0,0,0,1-25,0
7908,ftyu,,4,0,,1,2022-07-12,1,0,1,2,1,100,1.0,1.0,1.0,0,0,1-25,0
7909,"nkj,",,3,0,,1,2022-07-12,1,0,1,2,20,100,1.0,1.0,1.0,0,0,26-100,0
7910,ssi,,16,0,,0,2022-07-12,1,1,1,2,999,60,1.0,1.0,1.0,1,0,26-100,0
7911,ssi,,,0,,0,2022-07-12,1,0,1,1,0,100,1.0,1.0,1.0,0,0,26-100,0
7912,yuio,,2,0,,1,2022-07-12,1,0,1,2,1,100,1.0,1.0,1.0,0,0,101-500,0
7913,ssi,,,0,,0,2022-07-12,1,0,1,1,0,100,1.0,1.0,1.0,0,0,26-100,0
7914,huy,,1,0,,1,2022-07-12,1,0,1,2,20,100,1.0,1.0,1.0,0,0,26-100,0
7915,mbi,,1,0,,0,2022-07-12,1,0,1,2,20,100,1.0,1.0,1.0,0,0,101-500,0
7916,JRT,,,0,,0,2022-07-12,1,0,1,1,0,100,1.0,1.0,1.0,0,0,26-100,0
7917,ssd,,22,0,,1,2022-07-12,1,0,1,2,1,10000,1.0,1.0,1.0,1,0,500-1000,0
7918,huba,,2,0,,1,2022-07-12,1,0,1,2,1,100,1.0,1.0,1.0,0,0,1-25,0
7919,ssd,,,0,,0,2022-07-12,1,0,1,1,0,100,1.0,1.0,1.0,0,0,500-1000,0
7920,yrp,,3,0,,1,2022-07-12,1,0,1,1,1,100,1.0,1.0,1.0,0,0,26-100,0
7921,TQA,,2,0,,1,2022-07-12,1,0,1,2,1,100,1.0,1.0,1.0,0,0,26-100,0
7922,WQA,,1,0,,0,2022-07-12,1,0,1,2,10,100,1.0,1.0,1.0,0,0,26-100,0
7923,yrp,,64,0,,1,2022-07-12,1,0,1,2,1,100,1.0,1.0,1.0,0,0,101-500,0
7924,kj,,2,0,,1,2022-07-12,1,0,1,2,1,100,1.0,1.0,1.0,0,0,101-500,0
7925,guj,,62,0,,1,2022-07-12,1,0,1,2,1,100,1.0,1.0,1.0,0,0,500-1000,0
7926,fui,,1,0,,1,2022-07-13,1,0,1,1,1,100,1.0,1.0,1.0,0,0,1-25,0
7927,QRG,,79,0,,1,2022-07-13,1,0,1,2,10,10000,1.0,1.0,1.0,1,0,1-25,0
7929,QRG,,,0,,0,2022-07-13,1,0,1,1,0,100,1.0,1.0,1.0,0,0,1-25,0
7930,ACO,,4,0,,1,2022-07-13,1,0,1,2,1,10000,1.0,1.0,1.0,1,0,1-25,0
7931,WSE,,72,1,,1,2022-07-13,1,1,1,1,16,100,1.0,1.0,1.0,0,0,101-500,0
7932,TRA,,4,0,,1,2022-07-13,1,0,1,2,15,100,1.0,1.0,1.0,0,0,26-100,0
7933,HTR,,"2,51",1,,1,2022-07-13,1,0,1,1,999,100,1.0,1.0,1.0,0,0,26-100,0
7934,innostax,,,0,,0,2022-07-13,1,0,1,1,0,100,1.0,1.0,1.0,0,0,500-1000,0
7935,HTR,,,0,,0,2022-07-13,1,0,1,1,0,100,1.0,1.0,1.0,0,0,26-100,0
7936,hra,,3,0,,1,2022-07-13,1,0,1,2,1,100,1.0,1.0,1.0,0,0,26-100,0
7937,hui,,4,0,,1,2022-07-13,1,0,1,2,20,100,1.0,1.0,1.0,0,0,101-500,0
7938,jiu,,2,0,,1,2022-07-13,1,0,1,1,1,100,1.0,1.0,1.0,0,0,101-500,0
7939,apple company,,,0,,0,2022-07-13,1,0,1,1,0,100,1.0,1.0,1.0,0,0,101-500,0
7940,ssi,,118,0,1,1,2022-07-14,1,0,1,2,1,10000,1.0,1.0,1.0,1,0,500-1000,0
7941,ssi,,,0,,0,2022-07-14,1,0,1,1,0,100,1.0,1.0,1.0,0,0,500-1000,0
7942,HRQ,,"72,73,74",1,,1,2022-07-14,1,0,1,2,5,100,1.0,1.0,1.0,0,0,101-500,0
7943,mbi,,2,1,,1,2022-07-14,1,0,1,2,10,100,1.0,1.0,1.0,0,0,26-100,0
7944,riko,,3,0,,1,2022-07-14,1,0,1,1,999,10000,1.0,1.0,1.0,1,0,26-100,0
7945,ssi,,16,0,,1,2022-07-14,1,0,1,2,10,10000,1.0,1.0,1.0,1,0,101-500,0
7946,jobma,,72,0,,1,2022-07-14,1,0,1,2,1,100,1.0,1.0,1.0,1,0,1-25,0
7947,WRT,,"72,73,74",1,,1,2022-07-15,1,0,1,2,15,100,1.0,1.0,1.0,0,0,101-500,0
7948,TGF,,"72,73,74",0,,1,2022-07-15,1,0,1,2,1,100,1.0,1.0,1.0,1,0,26-100,0
7949,TRD,,"72,2,73",0,,1,2022-07-15,1,0,1,2,10,10000,1.0,1.0,1.0,1,0,26-100,0
7950,WSA,,2,0,,1,2022-07-15,1,0,1,2,1,100,1.0,1.0,1.0,1,0,26-100,0
7951,TRD,,"72,2,73",1,,1,2022-07-15,1,0,1,1,10,100,1.0,1.0,1.0,0,0,101-500,0
7952,npl,,3,0,,1,2022-07-15,1,0,1,1,10,60,1.0,1.0,1.0,1,0,101-500,0
7953,Jobma,,,0,1,0,2022-07-15,1,0,1,1,0,100,1.0,1.0,1.0,0,0,500-1000,0
7954,hui,,3,0,,1,2022-07-15,1,0,1,2,10,60,1.0,1.0,1.0,1,0,500-1000,0
7956,hui,,,0,,0,2022-07-15,1,0,1,1,0,100,1.0,1.0,1.0,0,0,500-1000,0
7957,yrp,,73,1,,1,2022-07-15,1,0,1,2,2,100,1.0,1.0,1.0,0,0,500-1000,0
7958,huba,,73,1,,1,2022-07-15,1,0,1,2,5,100,1.0,1.0,1.0,0,0,500-1000,0
7959,SSI,,78,0,,1,2022-07-18,1,0,1,2,1,10000,1.0,1.0,1.0,1,0,1-25,0
7960,WER,,"72,2,73",1,,1,2022-07-18,1,1,1,1,11,100,1.0,1.0,1.0,0,0,101-500,0
7961,trif,,73,1,,1,2022-07-18,1,1,1,1,1,100,1.0,1.0,1.0,0,0,101-500,0
7962,trif,,,0,,0,2022-07-18,1,0,1,1,0,100,1.0,1.0,1.0,0,0,101-500,0
7963,wework,,76,0,,1,2022-07-18,1,0,1,1,10,10000,1.0,1.0,1.0,1,0,101-500,0
7964,Test Company Pvt Ltd,,"2,3,4",0,,1,2022-07-18,1,0,1,1,15,100,1.0,1.0,1.0,0,0,More than 1000,0
7965,QELL,,21,0,,1,2022-07-18,1,0,1,2,10,10000,1.0,1.0,1.0,1,0,500-1000,0
7966,bajaj,,21,0,,1,2022-07-18,1,0,1,1,999,10000,1.0,1.0,1.0,1,0,101-500,0
7967,bajaj,,,0,,0,2022-07-18,1,0,1,1,0,100,1.0,1.0,1.0,0,0,101-500,0
7968,kj,,,0,,0,2022-07-18,1,0,1,1,0,100,1.0,1.0,1.0,0,0,26-100,0
7969,ssk,,2,0,,1,2022-07-18,1,0,1,2,1,10000,1.0,1.0,1.0,1,0,1-25,0
7970,Jobma,,,0,1,0,2022-07-18,1,0,1,1,0,100,1.0,1.0,1.0,0,0,500-1000,0
7971,nodee,,23,0,,1,2022-07-18,1,0,1,2,999,10000,1.0,1.0,1.0,1,0,26-100,0
7973,kj,,74,1,,1,2022-07-18,1,0,1,1,999,100,1.0,1.0,1.0,0,0,500-1000,0
7974,Test Company Pvt Ltd,,,0,,0,2022-07-18,1,0,1,1,0,100,1.0,1.0,1.0,0,0,More than 1000,0
7975,Test Company Pvt Ltd,,,0,,0,2022-07-18,1,0,1,1,0,100,1.0,1.0,1.0,0,0,More than 1000,0
7976,ssd,,32,0,,1,2022-07-18,1,0,1,1,1,60,1.0,1.0,1.0,1,0,101-500,0
7977,avdhiexpress,,73,0,,1,2022-07-18,1,0,1,2,10,100,1.0,1.0,1.0,1,0,1-25,0
7978,avdhiexpress,,,0,,0,2022-07-18,1,0,1,1,0,100,1.0,1.0,1.0,0,0,1-25,0
7979,tata motors,,"87,11",8,2,1,2022-07-18,1,0,1,2,10,60,1.0,5.0,1.0,1,0,101-500,0
7980,QAS,,"72,73,75",0,,1,2022-07-18,1,1,1,1,1,100,1.0,1.0,1.0,1,0,26-100,0
7981,avdhiexpress,,,0,,0,2022-07-18,1,0,1,1,0,100,1.0,1.0,1.0,0,0,1-25,0
7982,jiopl,,4,0,,1,2022-07-18,1,0,1,2,999,100,1.0,1.0,1.0,0,0,500-1000,0
7983,jiopl,,,0,,0,2022-07-18,1,0,1,1,0,100,1.0,1.0,1.0,0,0,500-1000,0
7984,tata motors,,,0,,0,2022-07-18,1,0,1,1,0,100,1.0,1.0,1.0,0,0,101-500,0
7985,tata motors,,,0,,0,2022-07-18,1,0,1,1,0,100,1.0,1.0,1.0,0,0,101-500,0
7986,tata motors,,,0,,0,2022-07-18,1,0,1,1,0,100,1.0,1.0,1.0,0,0,101-500,0
7987,yui,,231,1,,1,2022-07-19,1,0,1,1,999,100,1.0,1.0,1.0,0,0,500-1000,0
7988,DWQ,,"1,2",0,,1,2022-07-19,1,0,1,1,6,100,1.0,1.0,1.0,0,0,26-100,0
7989,Sri Infotech,,1,0,,1,2022-07-20,1,1,1,1,11,100,1.0,120.0,1.0,0,0,More than 1000,0
7990,Test Company Pvt Ltd,,2,0,,1,2022-07-21,1,0,1,2,10,100,1.0,1.0,1.0,0,0,500-1000,0
7991,Test Company Pvt Ltd,,,0,,0,2022-07-21,1,0,1,1,0,100,1.0,1.0,1.0,0,0,500-1000,0
7992,Sri Infotech,,,0,,0,2022-07-21,1,0,1,1,0,100,1.0,1.0,1.0,0,0,More than 1000,0
7993,HTR,,74,1,,1,2022-07-22,1,0,1,2,999,100,1.0,1.0,1.0,0,0,101-500,0
7994,WSD,,72,1,,1,2022-07-22,1,0,1,2,999,100,1.0,1.0,1.0,0,0,101-500,0
7995,huba,,2,1,,1,2022-07-22,1,0,1,2,999,100,1.0,1.0,1.0,0,0,26-100,0
7996,Sri Infotech,,2,0,,1,2022-07-22,1,0,1,1,1,100,1.0,9999.99,1.0,0,0,500-1000,0
7997,Select Source International,,,0,,0,2022-07-22,1,0,1,1,0,100,1.0,1.0,1.0,0,0,1-25,0
7998,SSI,,23,0,,1,2022-07-22,1,0,1,2,999,100,1.0,1.0,1.0,1,0,26-100,0
7999,Ali,,1,0,,1,2022-07-25,1,0,1,2,100,100,1.0,1.0,1.0,0,0,26-100,0
8000,SSI,,,0,,0,2022-07-25,1,0,1,1,0,100,1.0,1.0,1.0,0,0,26-100,0
8001,Jobma,,,0,1,0,2022-07-27,1,0,1,1,0,100,1.0,1.0,1.0,0,0,500-1000,0
8002,ssi,,231,0,,1,2022-07-28,1,0,1,2,10,10000,1.0,1.0,1.0,1,0,26-100,0
8003,jobma,,72,0,,1,2022-07-28,1,0,1,2,1,100,1.0,1.0,1.0,1,0,1-25,0
8004,ssi,,72,0,,1,2022-07-29,1,0,1,2,10,10000,1.0,1.0,1.0,1,0,1-25,0
8005,POLICY,,23,0,,1,2022-07-29,1,0,1,2,10,10000,1.0,1.0,1.0,1,0,1-25,0
8006,SSI,,231,0,,1,2022-07-29,1,0,1,2,10,10000,1.0,1.0,1.0,1,0,1-25,0
8007,Test Company Pvt Ltd,,4,0,,1,2022-07-29,1,0,1,2,1,100,1.0,1.0,1.0,0,0,101-500,0
8008,HCL,,2,0,,1,2022-07-29,1,0,1,2,1,10000,1.0,1.0,1.0,1,0,1-25,0
8009,Amardeep Singh and Sons,,2,0,,1,2022-07-29,1,0,1,2,10,100,1.0,1.0,1.0,0,0,26-100,0
8010,abc,,92,0,,1,2022-07-29,1,0,1,2,10,10000,1.0,1.0,1.0,1,0,1-25,0
8011,jobma,,72,0,,1,2022-07-29,1,0,1,2,1,10000,1.0,1.0,1.0,1,0,1-25,0
8012,jobma,,72,0,,1,2022-07-29,1,0,1,2,10,10000,1.0,1.0,1.0,1,0,1-25,0
8013,jobma,,72,0,,1,2022-07-29,1,0,1,2,1,10000,1.0,1.0,1.0,1,0,1-25,0
8014,Sri Enterprises,,23,0,,1,2022-07-29,1,0,1,2,1,10000,1.0,1.0,1.0,1,0,1-25,0
8015,Ali,,,0,,0,2022-07-29,1,0,1,1,0,100,1.0,1.0,1.0,0,0,26-100,0
8016,jobma,,72,0,,1,2022-07-29,1,0,1,2,1,100,1.0,1.0,1.0,1,0,1-25,0
8017,jobma,,72,0,,1,2022-07-29,1,0,1,2,1,100,1.0,1.0,1.0,1,0,1-25,0
8018,jobma,,72,0,,1,2022-07-29,1,0,1,2,1,100,1.0,1.0,1.0,1,0,1-25,0
8019,JOBMA_shashank,,101,0,,1,2022-07-29,1,0,1,2,10,10000,1.0,1.0,1.0,1,0,1-25,0
8020,Select Source International,,,0,,0,2022-08-01,1,0,1,1,0,100,1.0,1.0,1.0,0,0,1-25,0
8021,Select Source International,,,0,,0,2022-08-01,1,0,1,1,0,100,1.0,1.0,1.0,0,0,1-25,0
8022,Select Source International,,,0,,0,2022-08-01,1,0,1,1,0,100,1.0,1.0,1.0,0,0,1-25,0
8023,Select Source International,,,0,,0,2022-08-01,1,0,1,1,0,100,1.0,1.0,1.0,0,0,1-25,0
8024,ACC,,"72,74,83",0,,1,2022-08-01,1,0,1,2,10,100,1.0,1.0,1.0,1,0,1-25,0
8025,Sri infotech,,72,0,,1,2022-08-01,1,0,1,2,1,10000,1.0,1.0,1.0,1,0,1-25,0
8026,Wework,,51,0,,1,2022-08-01,1,0,1,2,10,100,1.0,1.0,1.0,1,0,500-1000,0
8027,Select Source International,,,0,,0,2022-08-01,1,0,1,1,0,100,1.0,1.0,1.0,0,0,1-25,0
8028,ESL,,"7,11",0,,1,2022-08-01,1,0,1,2,999,100,1.0,1.0,1.0,0,0,More than 1000,0
8029,QRG,,76,0,,1,2022-08-01,1,0,1,2,1,100,1.0,1.0,1.0,1,0,500-1000,0
8030,WQA,,2,0,,1,2022-08-01,1,0,1,2,1,100,1.0,1.0,1.0,1,0,1-25,0
8031,KTR,,"76,51,78",0,,1,2022-08-01,1,0,1,2,10,100,1.0,1.0,1.0,1,0,101-500,0
8032,trell,,72,0,,1,2022-08-01,1,0,1,2,1,10000,1.0,1.0,1.0,1,0,More than 1000,0
8033,Accenture,,79,0,,1,2022-08-01,1,0,1,2,10,100,1.0,1.0,1.0,1,0,1-25,0
8034,Select Source International,,,0,,0,2022-08-01,1,0,1,1,0,100,1.0,1.0,1.0,0,0,1-25,0
8035,Accenture,,83,0,,1,2022-08-01,1,0,1,2,10,100,1.0,1.0,1.0,1,0,1-25,0
8036,ssi,,72,0,,1,2022-08-01,1,0,1,2,1,10000,1.0,1.0,1.0,1,0,1-25,0
8037,Select Source International,,,0,,0,2022-08-01,1,0,1,1,0,100,1.0,1.0,1.0,0,0,1-25,0
8038,ffi,,73,0,,1,2022-08-01,1,0,1,2,10,10000,1.0,1.0,1.0,1,0,1-25,0
8039,PTR,,2,0,,1,2022-08-01,1,0,1,2,1,100,1.0,1.0,1.0,1,0,101-500,0
8040,WQR,,73,0,,1,2022-08-01,1,0,1,2,1,100,1.0,1.0,1.0,1,0,1-25,0
8041,DWQ,,80,0,,1,2022-08-01,1,0,1,1,10,100,1.0,1.0,1.0,1,0,500-1000,0
8042,sds,,72,0,,1,2022-08-01,1,0,1,1,10,100,1.0,1.0,1.0,1,0,1-25,0
8043,RWQ,,"2,4,8",0,,1,2022-08-01,1,0,1,2,999,100,1.0,1.0,1.0,0,0,101-500,0
8044,tft,,74,0,,1,2022-08-01,1,0,1,2,1,100,1.0,1.0,1.0,1,0,101-500,0
8045,ddk,,3,0,,1,2022-08-01,1,0,1,2,1,100,1.0,1.0,1.0,0,0,101-500,0
8046,TEW,,72,0,,1,2022-08-01,1,0,1,2,1,100,1.0,1.0,1.0,1,0,26-100,0
8047,yu,,2,0,,1,2022-08-01,1,0,1,1,1,100,1.0,1.0,1.0,1,0,1-25,0
8048,KTR,,"2,73",0,,1,2022-08-01,1,0,1,2,1,10000,1.0,1.0,1.0,1,0,101-500,0
8049,JOBMA,,23,0,,1,2022-08-01,1,0,1,2,999,100,1.0,1.0,1.0,1,0,1-25,0
8050,ssi,,21,0,,1,2022-08-01,1,0,1,2,999,100,1.0,1.0,1.0,0,0,500-1000,0
8051,ssdio,,4,0,,1,2022-08-01,1,0,1,2,10,100,1.0,1.0,1.0,1,0,More than 1000,0
8052,HQA,,2,0,,1,2022-08-02,1,0,1,2,1,100,1.0,1.0,1.0,1,0,101-500,0
8053,TYG,,"2,73,74",0,,1,2022-08-02,1,0,1,2,999,100,1.0,1.0,1.0,1,0,101-500,0
8054,REQ,,72,1,,1,2022-08-02,1,0,1,1,999,100,1.0,1.0,1.0,0,0,101-500,0
8055,Bahrain Industries,,58,0,,1,2022-08-02,1,0,1,2,1,100,1.0,1.0,1.0,1,0,1-25,0
8056,kumar,,2,0,,1,2022-08-02,1,0,1,2,10,100,1.0,1.0,1.0,0,0,26-100,0
8057,TYG,,,0,,0,2022-08-02,1,0,1,1,0,100,1.0,1.0,1.0,0,0,101-500,0
8058,WRE,,"72,2,73",0,,1,2022-08-02,1,0,1,2,1,10000,1.0,1.0,1.0,1,0,26-100,0
8059,SSI,,124,0,,1,2022-08-03,1,0,1,2,1,100,1.0,1.0,1.0,1,0,101-500,0
8060,GTR,,"72,73",0,,1,2022-08-03,1,0,1,2,1,100,1.0,1.0,1.0,1,0,26-100,0
8061,DSA,,72,0,,1,2022-08-03,1,1,1,2,2,100,1.0,1.0,1.0,1,0,26-100,0
8062,TRF,,2,0,,1,2022-08-03,1,0,1,1,10,100,1.0,1.0,1.0,1,0,101-500,0
8063,SSI Indore,,23,0,,1,2022-08-03,1,0,1,2,10,100,1.0,1.0,1.0,1,0,1-25,0
8064,Yashwant Mobile Corps,,90,0,,1,2022-08-04,1,0,1,1,10,100,1.0,1.0,1.0,1,0,101-500,0
8065,dell,,2,0,,1,2022-08-04,1,0,1,2,10,10000,1.0,1.0,1.0,1,0,More than 1000,0
8066,Opera Testing and Sons,,73,0,,1,2022-08-04,1,0,1,1,10,100,1.0,1.0,1.0,1,0,More than 1000,0
8067,facebook,,73,0,,1,2022-08-04,1,0,1,2,10,10000,1.0,1.0,1.0,1,0,More than 1000,0
8068,Australia Canberra and Sons,,"73,74",0,,1,2022-08-04,1,0,1,1,1,100,1.0,1.0,1.0,1,0,101-500,0
8069,Avenue and Sons,,53,0,,1,2022-08-04,1,0,1,1,10,100,1.0,1.0,1.0,1,0,More than 1000,0
8070,Yashwant Mobile Corps,,,0,,0,2022-08-04,1,0,1,1,0,100,1.0,1.0,1.0,0,0,101-500,0
8071,Haryana and Sons,,"73,74",0,,1,2022-08-04,1,0,1,1,1,10000,1.0,1.0,1.0,1,0,500-1000,0
8072,SSI indore,,23,0,,1,2022-08-04,1,0,1,2,10,10000,1.0,1.0,1.0,1,0,1-25,0
8073,Unknown and sons,,2,0,,1,2022-08-04,1,0,1,2,1,100,1.0,1.0,1.0,1,0,101-500,0
8074,Mansukh and Sons,,"72,73",0,,1,2022-08-04,1,0,1,1,10,100,1.0,1.0,1.0,1,0,More than 1000,0
8075,Uttar Pradesh Territory,,"231,72",0,,1,2022-08-04,1,0,1,1,10,10000,1.0,1.0,1.0,1,0,26-100,0
8076,Mandhir Testing,,"72,2",0,,1,2022-08-04,1,0,1,2,1,100,1.0,1.0,1.0,1,0,101-500,0
8077,Trustradius and Sons,,3,0,,1,2022-08-04,1,0,1,2,999,100,1.0,1.0,1.0,0,0,101-500,0
8078,Select Source International,,,0,,0,2022-08-05,1,0,1,1,0,100,1.0,1.0,1.0,0,0,1-25,0
8079,Kahaani and Company,,2,0,,1,2022-08-05,1,0,1,2,1,100,1.0,1.0,1.0,1,0,101-500,0
8080,Better Version Testing Center,,2,0,,1,2022-08-05,1,0,1,2,1,10000,1.0,1.0,1.0,1,0,101-500,0
8081,Alfreda Tucker,,121,0,,1,2022-08-05,1,0,1,2,10,10000,1.0,1.0,1.0,1,0,1-25,0
8082,Jobma,,,0,1,0,2022-08-08,1,0,1,1,0,100,1.0,1.0,1.0,0,0,500-1000,0
8083,Test Company,,74,0,,1,2022-08-09,1,0,1,1,1,60,1.0,1.0,1.0,1,0,1-25,0
8084,facebook,,,0,,0,2022-08-09,1,0,1,1,0,100,1.0,1.0,1.0,0,0,More than 1000,0
8085,Test Company Pvt Ltd,,4,0,,1,2022-08-09,1,0,1,2,1,100,1.0,1.0,1.0,0,0,26-100,0
8086,Test Company Pvt Ltd,,4,0,,1,2022-08-10,1,0,1,2,999,100,1.0,1.0,1.0,1,0,1-25,0
8087,joy,,3,0,,1,2022-08-10,1,0,1,2,1,100,1.0,1.0,1.0,0,0,1-25,0
8088,Jobma,,,0,1,0,2022-08-10,1,0,1,1,0,100,1.0,1.0,1.0,0,0,500-1000,0
8089,Test Company Pvt Ltd,,2,0,,1,2022-08-10,1,1,1,2,26,100,1.0,1.0,1.0,0,0,1-25,0
8090,jute,,2,1,,1,2022-08-10,1,0,1,2,10,100,1.0,1.0,1.0,0,0,1-25,0
8091,Jobma,,,0,1,0,2022-08-10,1,0,1,1,0,100,1.0,1.0,1.0,0,0,500-1000,0
8092,Dell,,3,0,,1,2022-08-10,1,0,1,2,999,10000,1.0,1.0,1.0,1,0,1-25,0
8093,jobma,,231,1,,1,2022-08-10,1,0,1,2,1,10000,1.0,1.0,1.0,1,0,1-25,0
8094,dgfd,,231,1,,1,2022-08-10,1,0,1,2,1,10000,1.0,1.0,1.0,1,0,26-100,0
8095,ggdgd,,72,1,,1,2022-08-10,1,0,1,2,1,100,1.0,1.0,1.0,0,0,1-25,0
8096,WER,,"2,4,14",0,,1,2022-08-11,1,0,1,2,999,10000,1.0,1.0,1.0,1,0,26-100,0
8097,Dell,,3,0,,1,2022-08-11,1,0,1,2,1,10000,1.0,1.0,1.0,1,0,26-100,0
8098,AQW,,"72,73",1,,1,2022-08-11,1,0,1,2,1,10000,1.0,1.0,1.0,1,0,101-500,0
8101,TRE,,"2,3,4",0,,1,2022-08-11,1,0,1,2,1,10000,1.0,1.0,1.0,1,0,101-500,0
8102,accenture,,2,0,,1,2022-08-11,1,0,1,2,10,10000,1.0,1.0,1.0,1,0,500-1000,0
8103,TRD,,2,1,,1,2022-08-11,1,0,1,2,10,10000,1.0,1.0,1.0,1,0,26-100,0
8104,TUS,,"72,73",1,,1,2022-08-11,1,1,1,1,11,100,1.0,1.0,1.0,0,0,101-500,0
8105,TEU,,"1,2",0,,1,2022-08-11,1,0,1,1,10,10000,1.0,1.0,1.0,1,0,26-100,0
8106,DSW,,"2,4",0,,1,2022-08-11,1,0,1,2,1,10000,1.0,1.0,1.0,1,0,26-100,0
8107,TQA,,"2,3",0,,1,2022-08-11,1,0,1,2,10,10000,1.0,1.0,1.0,1,0,101-500,0
8108,jhjjjjgjgj,,72,1,,1,2022-08-12,1,0,1,2,1,10000,1.0,1.0,1.0,1,0,1-25,0
8109,fhfhfgf,,231,1,,1,2022-08-12,1,0,1,2,1,10000,1.0,1.0,1.0,1,0,1-25,0
8110,gfjgfj,,231,1,,1,2022-08-12,1,0,1,2,1,10000,1.0,1.0,1.0,1,0,1-25,0
8111,fdhfhfhfgh,,231,1,,1,2022-08-12,1,0,1,2,1,10000,1.0,1.0,1.0,1,0,1-25,0
8112,dfghdfdhdh,,231,1,,1,2022-08-12,1,0,1,2,1,100,1.0,1.0,1.0,0,0,1-25,0
8113,gfgdgd,,72,1,,1,2022-08-12,1,0,1,2,10,100,1.0,1.0,1.0,0,0,1-25,0
8114,jjhgjgj,,231,1,,1,2022-08-12,1,0,1,2,10,10000,1.0,1.0,1.0,1,0,1-25,0
8115,WQA,,72,1,,1,2022-08-12,1,0,1,1,1,10000,1.0,1.0,1.0,1,0,26-100,0
8116,ASD,,"231,2,73",1,,1,2022-08-12,1,0,1,2,10,10000,1.0,1.0,1.0,1,0,101-500,0
8117,WSD,,"2,3,4",0,,1,2022-08-12,1,0,1,2,999,10000,1.0,1.0,1.0,1,0,101-500,0
8118,AQW,,72,1,,1,2022-08-12,1,0,1,2,10,10000,1.0,1.0,1.0,1,0,101-500,0
8119,Test Company Pvt Ltd,,3,0,,1,2022-08-12,1,1,1,2,10,10000,1.0,1.0,1.0,1,0,101-500,0
8120,SRI INFOTECH,,1,0,,1,2022-08-12,1,1,1,1,11,10000,1.0,1.0,1.0,1,0,26-100,0
8121,Test Company Pvt Ltd,,3,0,,1,2022-08-12,1,0,1,2,10,10000,1.0,1.0,1.0,1,0,101-500,0
8123,Oorwin,,36,0,,1,2022-08-12,1,0,1,2,10,100,1.0,1.0,1.0,0,0,More than 1000,0
8124,SRI INFOTECH,,1,0,,1,2022-08-12,1,0,1,2,1,10000,1.0,1.0,1.0,1,0,1-25,0
8125,SRI INFOTECH,,,0,,0,2022-08-12,1,0,1,1,0,100,1.0,1.0,1.0,0,0,1-25,0
8126,SRI INFOTECH,,,0,,0,2022-08-12,1,0,1,1,0,100,1.0,1.0,1.0,0,0,1-25,0
8127,SRI INFOTECH,,,0,,0,2022-08-12,1,0,1,1,0,100,1.0,1.0,1.0,0,0,1-25,0
8128,Sri infotech,,1,0,,1,2022-08-16,1,0,1,2,1,100,1.0,1.0,1.0,0,0,500-1000,0
8129,Jobma,,1,0,,1,2022-08-16,1,0,1,2,1,10000,1.0,1.0,1.0,1,0,1-25,0
8130,ssi,,1,0,,1,2022-08-16,1,0,1,2,1,10000,1.0,1.0,1.0,1,0,1-25,0
8131,Abvay Jeet Singh and Sons,,"1,4",0,,1,2022-08-16,1,1,1,1,14,100,1.0,1.0,1.0,0,0,500-1000,0
8132,jobma,,23,0,,1,2022-08-16,1,0,1,2,999,10000,1.0,1.0,1.0,1,0,101-500,0
8133,Nokia and Sons,,1,0,,1,2022-08-16,1,0,1,2,1,100,1.0,1.0,1.0,0,0,26-100,0
8134,Quick Links,,3,0,,1,2022-08-16,1,0,1,2,10,100,1.0,1.0,1.0,0,0,500-1000,0
8135,nriessential1122@yopmail.com,,4,0,,1,2022-08-16,1,0,1,1,10,100,1.0,1.0,1.0,0,0,101-500,0
8136,Test Company Pvt Ltd,,7,0,,1,2022-08-16,1,0,1,2,1,10000,1.0,1.0,1.0,1,0,101-500,0
8137,nriprofessional and sons,,73,1,,1,2022-08-16,1,0,1,1,10,100,1.0,1.0,1.0,0,0,500-1000,0
8138,Test Company Pvt Ltd,,,0,,0,2022-08-16,1,0,1,1,0,100,1.0,1.0,1.0,0,0,101-500,0
8139,user029330@yopmail.com,,1,0,,1,2022-08-16,1,0,1,2,999,10000,1.0,1.0,1.0,1,0,500-1000,0
8140,nrienterprise1155,,2,0,,1,2022-08-16,1,0,1,1,999,100,1.0,1.0,1.0,0,0,500-1000,0
8141,Akshay Mahapatra and Sons,,73,1,,1,2022-08-17,1,0,1,1,10,100,1.0,1.0,1.0,0,0,500-1000,0
8142,Akshay Mandal and sons,,3,0,,1,2022-08-17,1,1,1,1,11,100,1.0,1.0,1.0,0,0,101-500,0
8143,Akshay Mandal and sons,,,0,,0,2022-08-17,1,0,1,1,0,100,1.0,1.0,1.0,0,0,101-500,0
8144,AkshayDhule2211@yopmail.com,,73,1,,1,2022-08-17,1,0,1,1,999,100,1.0,1.0,1.0,0,0,101-500,0
8145,Vidisha and sons,,74,1,,1,2022-08-17,1,0,1,2,10,100,1.0,1.0,1.0,0,0,500-1000,0
8146,Karthik Manveer,,72,1,,1,2022-08-17,1,0,1,1,999,100,1.0,1.0,1.0,0,0,26-100,0
8147,Karthik Manveer,,,0,,0,2022-08-17,1,0,1,1,0,100,1.0,1.0,1.0,0,0,26-100,0
8148,Test Company Pvt Ltd,,"2,4",0,2,1,2022-08-17,1,1,1,1,11,100,1.0,1.0,1.0,0,0,500-1000,0
8149,AkshayDhule2211@yopmail.com,,,0,,0,2022-08-17,1,0,1,1,0,100,1.0,1.0,1.0,0,0,101-500,0
8150,Adminabc,,73,1,,1,2022-08-17,1,0,1,2,1,100,1.0,1.0,1.0,0,0,1-25,0
8151,Tushar Meht22333a,,78,1,,1,2022-08-17,1,0,1,2,10,100,1.0,1.0,1.0,0,0,1-25,0
8152,Adminabcd,,231,1,,1,2022-08-17,1,0,1,1,1,100,1.0,1.0,1.0,0,0,1-25,0
8153,Adminabcd,,,0,,0,2022-08-17,1,0,1,1,0,100,1.0,1.0,1.0,0,0,1-25,0
8154,Jobma,,,0,1,0,2022-08-17,1,0,1,1,0,100,1.0,1.0,1.0,0,0,500-1000,0
8155,JOBMA,,,0,,0,2022-08-17,1,0,1,1,0,100,1.0,1.0,1.0,0,0,1-25,0
8156,Jobma,,,0,1,0,2022-08-17,1,0,1,1,0,100,1.0,1.0,1.0,0,0,500-1000,0
8158,Jobma,,,0,1,0,2022-08-17,1,0,1,1,0,100,1.0,1.0,1.0,0,0,500-1000,0
8159,Test Company Pvt Ltd,,,0,,0,2022-08-17,1,0,1,1,0,100,1.0,1.0,1.0,0,0,500-1000,0
8160,Test International Company Pvt ok,,,0,2,0,2022-08-17,1,0,1,1,0,100,1.0,1.0,1.0,0,0,500-1000,0
8161,Jobma,,,0,1,0,2022-08-17,1,0,1,1,0,100,1.0,1.0,1.0,0,0,500-1000,0
8162,Akshay Mahapatra and Sons,,,0,,0,2022-08-17,1,0,1,1,0,100,1.0,1.0,1.0,0,0,500-1000,0
8163,adminessential1122@yopmail.com,,1,0,,1,2022-08-17,1,0,1,1,1,100,1.0,1.0,1.0,0,0,101-500,0
8164,Test International Company Pvt ok,,,0,2,0,2022-08-17,1,0,1,1,0,100,1.0,1.0,1.0,0,0,500-1000,0
8165,Jobma,,,0,1,0,2022-08-17,1,0,1,1,0,100,1.0,1.0,1.0,0,0,500-1000,0
8169,Test International Company Pvt ok,,,0,2,0,2022-08-18,1,0,1,1,0,100,1.0,1.0,1.0,0,0,500-1000,0
8170,Test International Company Pvt ok,,,0,2,0,2022-08-18,1,0,1,1,0,100,1.0,1.0,1.0,0,0,500-1000,0
8172,Jobma,,,0,1,0,2022-08-18,1,0,1,1,0,100,1.0,1.0,1.0,0,0,500-1000,0
8177,Sri infotech,,23,0,,1,2022-08-19,1,1,1,2,10,60,1.0,1.0,1.0,1,0,500-1000,0
8178,JB,,2,0,,1,2022-08-19,1,0,1,2,1,10000,1.0,1.0,1.0,1,0,101-500,0
8179,SSI,,1,0,,1,2022-08-21,1,0,1,2,999,10000,1.0,1.0,1.0,1,0,1-25,0
8180,Sri infotec,,1,0,,1,2022-08-22,1,1,1,2,106,100,1.0,1.0,1.0,0,0,101-500,0
8181,hio,,2,0,,1,2022-08-22,1,0,1,2,1,100,1.0,1.0,1.0,0,0,26-100,0
8182,hui,,1,0,,1,2022-08-22,1,0,1,2,1,100,1.0,1.0,1.0,0,0,1-25,0
8183,Sri infotec,,,0,,0,2022-08-22,1,0,1,1,0,100,1.0,1.0,1.0,0,0,101-500,0
8184,Sri infotec,,,0,,0,2022-08-22,1,0,1,1,0,100,1.0,1.0,1.0,0,0,101-500,0
8185,Sri infotec,,,0,,0,2022-08-22,1,0,1,1,0,100,1.0,1.0,1.0,0,0,101-500,0
8186,Sri infotec,,,0,,0,2022-08-22,1,0,1,1,0,100,1.0,1.0,1.0,0,0,101-500,0
8187,Sri infotec,,,0,,0,2022-08-22,1,0,1,1,0,100,1.0,1.0,1.0,0,0,101-500,0
8188,Sri infotec,,,0,,0,2022-08-22,1,0,1,1,0,100,1.0,1.0,1.0,0,0,101-500,0
8189,Sri infotec,,,0,,0,2022-08-22,1,0,1,1,0,100,1.0,1.0,1.0,0,0,101-500,0
8190,Test Company Pvt Ltd,,,0,,0,2022-08-22,1,0,1,1,0,100,1.0,1.0,1.0,0,0,1-25,0
8191,Test Company Pvt Ltd,,,0,,0,2022-08-22,1,0,1,1,0,100,1.0,1.0,1.0,0,0,101-500,0
8193,Delta,,1,0,,1,2022-08-23,1,1,1,2,110,100,1.0,1.0,1.0,0,0,26-100,0
8194,delta 1,,1,0,,1,2022-08-23,1,0,1,1,999,100,1.0,1.0,1.0,0,0,500-1000,0
8195,delta 1,,,0,,0,2022-08-23,1,0,1,1,0,100,1.0,1.0,1.0,0,0,500-1000,0
8196,Delta,,,0,,0,2022-08-23,1,0,1,1,0,100,1.0,1.0,1.0,0,0,26-100,0
8197,dev,,1,0,,1,2022-08-23,1,1,1,1,73,100,1.0,1.0,1.0,0,0,1-25,0
8198,JOBMA,,,0,,0,2022-08-23,1,0,1,1,0,100,1.0,1.0,1.0,0,0,1-25,0
8199,addads,,1,0,,1,2022-08-23,1,0,1,1,10,100,1.0,1.0,1.0,0,0,101-500,0
8200,sdsdsd,,2,0,,1,2022-08-23,1,0,1,2,10,100,1.0,1.0,1.0,0,0,26-100,0
8201,dev,,2,0,,1,2022-08-23,1,0,1,1,999,100,1.0,1.0,1.0,0,0,101-500,0
8202,dev,,,0,,0,2022-08-24,1,0,1,1,0,100,1.0,1.0,1.0,0,0,1-25,0
8203,dev,,,0,,0,2022-08-24,1,0,1,1,0,100,1.0,1.0,1.0,0,0,1-25,0
8204,JB,,,0,,0,2022-08-24,1,0,1,1,0,100,1.0,1.0,1.0,0,0,101-500,0
8205,dev,,,0,,0,2022-08-24,1,0,1,1,0,100,1.0,1.0,1.0,0,0,1-25,0
8206,wallmart,,,0,,0,2022-08-24,1,0,1,1,0,100,1.0,1.0,1.0,0,0,26-100,0
8207,testing,,3,0,,1,2022-08-24,1,0,1,2,1,100,1.0,1.0,1.0,0,0,26-100,0
8208,Testing All,,8,0,,1,2022-08-24,1,0,1,2,10,100,1.0,1.0,1.0,0,0,500-1000,0
8209,dev,,1,0,,1,2022-08-24,1,0,1,2,10,100,1.0,1.0,1.0,0,0,1-25,0
8210,dev,,,0,,0,2022-08-24,1,0,1,1,0,100,1.0,1.0,1.0,0,0,1-25,0
8211,usereueieowo@yopmail.com,,1,0,,1,2022-08-24,1,0,1,2,1,100,1.0,1.0,1.0,0,0,500-1000,0
8212,kumae,,1,0,,1,2022-08-24,1,0,1,1,10,100,1.0,1.0,1.0,0,0,26-100,0
8213,cred,,2,0,,1,2022-08-25,1,0,1,2,1,100,1.0,1.0,1.0,0,0,500-1000,0
8214,credr sas,,2,0,,1,2022-08-25,1,0,1,2,1,10000,1.0,1.0,1.0,1,0,101-500,0
8215,credr sas,,,0,,0,2022-08-25,1,0,1,1,0,100,1.0,1.0,1.0,0,0,101-500,0
8217,IBM,,23,0,,1,2022-08-25,1,0,1,2,999,10000,1.0,1.0,1.0,1,0,26-100,0
8218,user91,,74,4,,1,2022-08-25,1,1,1,2,2,100,9.0,1.0,1.0,0,0,500-1000,0
8219,Test Compnay,,"2,73,74",1,,1,2022-08-25,1,0,1,2,5,100,1.0,1.0,1.0,0,0,26-100,0
8220,Test Compnay,,,0,,0,2022-08-25,1,0,1,1,0,100,1.0,1.0,1.0,0,0,26-100,0
8221,Los Pollos Harmanos,,,0,,0,2022-08-25,1,0,1,1,0,100,1.0,1.0,1.0,0,0,1-25,0
8222,sri infotech,,3,0,,1,2022-08-26,1,0,1,2,1,10000,1.0,1.0,1.0,1,0,500-1000,0
8223,sriinfotech,,1,0,,1,2022-08-26,1,0,1,2,1,10000,1.0,1.0,1.0,1,0,500-1000,0
8224,health,,2,0,,1,2022-08-29,1,1,1,1,11,100,1.0,30.0,1.0,0,0,101-500,0
8225,health,,,0,,0,2022-08-29,1,0,1,1,0,100,1.0,1.0,1.0,0,0,101-500,0
8226,sim,,3,0,,1,2022-08-29,1,0,1,2,1,100,1.0,1.0,1.0,0,0,1-25,0
8227,parveen,,1,0,,1,2022-08-29,1,1,1,2,11,100,1.0,1.0,1.0,0,0,500-1000,0
8228,tesing interview,,1,0,,1,2022-08-29,1,0,1,2,999,100,1.0,1.0,1.0,0,0,500-1000,0
8229,fdsfdsf,,72,1,,1,2022-08-31,1,0,1,2,1,100,1.0,1.0,1.0,0,0,1-25,0
8230,statestestunited@gmail.com,,2,0,,1,2022-09-01,1,0,1,2,1,100,1.0,1.0,1.0,0,0,500-1000,0
8231,Company C0.,,15,0,,1,2022-09-02,1,0,1,2,10,100,1.0,1.0,1.0,0,0,101-500,0
8233,Effort Testing and Company,,21,0,,1,2022-09-02,1,0,1,1,10,10000,1.0,1.0,1.0,1,0,101-500,0
8234,Essentialuser and Sons,,4,0,,1,2022-09-05,1,1,1,2,11,10000,1.0,1.0,1.0,1,0,500-1000,0
8235,tesing interview,,,0,,0,2022-09-05,1,0,1,1,0,100,1.0,1.0,1.0,0,0,500-1000,0
8236,Manish,,"3,4",0,,1,2022-09-05,1,0,1,2,1,100,1.0,1.0,1.0,0,0,101-500,0
8237,tesing interview,,,0,,0,2022-09-05,1,0,1,1,0,100,1.0,1.0,1.0,0,0,500-1000,0
8240,Plan Details and Company,,15,0,,1,2022-09-06,1,1,1,2,2,10000,1.0,1.0,1.0,1,0,500-1000,0
8241,Los Pollos Harmanos,,,0,,0,2022-09-06,1,0,1,1,0,100,1.0,1.0,1.0,0,0,1-25,0
8242,Los Pollos Harmanos,,,0,,0,2022-09-06,1,0,1,1,0,100,1.0,1.0,1.0,0,0,1-25,0
8243,Los Pollos Harmanos,,,0,,0,2022-09-06,1,0,1,1,0,100,1.0,1.0,1.0,0,0,1-25,0
8244,Devendra and Sons,,"2,4",0,,1,2022-09-06,1,0,1,2,1,10000,1.0,1.0,1.0,1,0,101-500,0
8245,Amarinder and Sons,,7,0,,1,2022-09-06,1,0,1,2,1,10000,1.0,1.0,1.0,1,0,101-500,0
8246,Gajendra and Co.,,73,1,,1,2022-09-06,1,1,1,2,3,10000,1.0,1.0,1.0,1,0,500-1000,0
8247,adsas,,4,0,,1,2022-09-06,1,0,1,2,1,100,1.0,1.0,1.0,0,0,101-500,0
8248,Gajendra and Co.,,,0,,0,2022-09-06,1,0,1,1,0,100,1.0,1.0,1.0,0,0,500-1000,0
8249,sri infotech,,4,0,,1,2022-09-06,1,0,1,2,10,10000,1.0,1.0,1.0,1,0,500-1000,0
8250,Tesing,,,0,,0,2022-09-07,1,0,1,1,0,100,1.0,1.0,1.0,0,0,More than 1000,0
8251,Sri infotech,,1,0,,1,2022-09-07,1,0,1,2,1,10000,1.0,1.0,1.0,0,0,101-500,0
8252,Sri infotech,,,0,,0,2022-09-07,1,0,1,1,0,100,1.0,1.0,1.0,0,0,101-500,0
8253,Gajendra and Co.,,,0,,0,2022-09-08,1,0,1,1,0,100,1.0,1.0,1.0,0,0,500-1000,0
8254,Jobma,,,0,1,0,2022-09-08,1,0,1,1,0,100,1.0,1.0,1.0,0,0,500-1000,0
8255,Jobma,,,0,1,0,2022-09-08,1,0,1,1,0,100,1.0,1.0,1.0,0,0,500-1000,0
8256,Gajendra and Co.,,,0,,0,2022-09-08,1,0,1,1,0,100,1.0,1.0,1.0,0,0,500-1000,0
8257,Tesing,,,0,,0,2022-09-08,1,0,1,1,0,100,1.0,1.0,1.0,0,0,More than 1000,0
8258,health,,,0,,0,2022-09-08,1,0,1,1,0,100,1.0,1.0,1.0,0,0,101-500,0
8259,Tesing,,,0,,0,2022-09-08,1,0,1,1,0,100,1.0,1.0,1.0,0,0,More than 1000,0
8260,Tesing,,,0,,0,2022-09-08,1,0,1,1,0,100,1.0,1.0,1.0,0,0,More than 1000,0
8261,Tesing,,,0,,0,2022-09-08,1,0,1,1,0,100,1.0,1.0,1.0,0,0,More than 1000,0
8262,Tesing,,,0,,0,2022-09-08,1,0,1,1,0,100,1.0,1.0,1.0,0,0,More than 1000,0
8263,Tesing,,,0,,0,2022-09-08,1,0,1,1,0,100,1.0,1.0,1.0,0,0,More than 1000,0
8264,Tesing,,,0,,0,2022-09-08,1,0,1,1,0,100,1.0,1.0,1.0,0,0,More than 1000,0
8265,Tesing,,,0,,0,2022-09-08,1,0,1,1,0,100,1.0,1.0,1.0,0,0,More than 1000,0
8266,JomDp,,,0,,0,2022-09-08,1,0,1,1,0,100,1.0,1.0,1.0,0,0,1-25,0
8267,Jobma,,1,0,,1,2022-09-09,1,0,1,2,1,100,1.0,1.0,1.0,0,0,101-500,0
8268,Jobma,,,0,1,0,2022-09-09,1,0,1,1,0,100,1.0,1.0,1.0,0,0,500-1000,0
8269,Sri infotech,,2,0,,1,2022-09-12,1,0,1,2,10,10000,1.0,30.0,1.0,0,0,1-25,0
8270,SSI,,1,0,,1,2022-09-12,1,0,1,2,1,100,1.0,1.0,1.0,0,0,26-100,0
8271,Jobma,,1,0,,1,2022-09-12,1,0,1,2,999,10000,1.0,1.0,1.0,1,0,26-100,0
8272,Sri,,1,0,,1,2022-09-12,1,0,1,2,10,100,1.0,100.0,1.0,0,0,101-500,0
8273,Jobma,,,0,1,0,2022-09-12,1,0,1,1,0,100,1.0,1.0,1.0,0,0,500-1000,0
8274,Sri infotech,,1,0,,1,2022-09-13,1,0,1,2,10,10000,1.0,2.0,1.0,0,0,500-1000,0
8275,gio,,15,0,,1,2022-09-14,1,0,1,2,1,10000,1.0,1.0,1.0,1,0,26-100,0
8276,Test NRI,,"2,1",0,1,1,2022-09-14,1,0,1,2,1,100,1.0,1.0,1.0,0,0,101-500,0
8277,gio,,,0,,0,2022-09-14,1,0,1,1,0,100,1.0,1.0,1.0,0,0,26-100,0
8278,Test NRI Professional,,"73,7",1,,1,2022-09-14,1,0,1,1,10,100,1.0,1.0,1.0,0,0,101-500,0
8279,itake,,23,0,,1,2022-09-14,1,0,1,2,1,10000,1.0,1.0,1.0,1,0,1-25,0
8281,Testing Account Zeb,,1,0,,1,2022-09-14,1,0,1,2,1,10000,1.0,1.0,1.0,0,0,500-1000,0
8282,Sri infotech,,,0,,0,2022-09-14,1,0,1,1,0,100,1.0,1.0,1.0,0,0,500-1000,0
8283,etake,,23,0,,1,2022-09-15,1,0,1,2,10,10000,1.0,1.0,1.0,1,0,1-25,0
8284,etake,,,0,,0,2022-09-15,1,0,1,1,0,100,1.0,1.0,1.0,0,0,1-25,0
8285,testing,,1,0,,1,2022-09-15,1,0,1,2,10,100,1.0,2.0,1.0,0,0,1-25,0
8286,testing,,,0,,0,2022-09-15,1,0,1,1,0,100,1.0,1.0,1.0,0,0,1-25,0
8287,Jobma,,4,0,,1,2022-09-15,1,1,1,2,13,100,1.0,1.0,1.0,0,0,101-500,0
8288,Jobma,,,0,,0,2022-09-15,1,0,1,1,0,100,1.0,1.0,1.0,0,0,101-500,0
8289,Jobma,,,0,,0,2022-09-15,1,0,1,1,0,100,1.0,1.0,1.0,0,0,101-500,0
8290,Jobma,,,0,,0,2022-09-15,1,0,1,1,0,100,1.0,1.0,1.0,0,0,101-500,0
8291,Jobma,,,0,,0,2022-09-15,1,0,1,1,0,100,1.0,1.0,1.0,0,0,101-500,0
8292,Jobma,,,0,,0,2022-09-15,1,0,1,1,0,100,1.0,1.0,1.0,0,0,101-500,0
8293,Jobma,,,0,,0,2022-09-15,1,0,1,1,0,100,1.0,1.0,1.0,0,0,101-500,0
8294,Jobma,,,0,,0,2022-09-15,1,0,1,1,0,100,1.0,1.0,1.0,0,0,101-500,0
8295,Jobma,,,0,,0,2022-09-15,1,0,1,1,0,100,1.0,1.0,1.0,0,0,101-500,0
8296,Jobma,,,0,,0,2022-09-15,1,0,1,1,0,100,1.0,1.0,1.0,0,0,101-500,0
8297,Jobma,,,0,,0,2022-09-15,1,0,1,1,0,100,1.0,1.0,1.0,0,0,101-500,0
8298,Jobma,,,0,,0,2022-09-15,1,0,1,1,0,100,1.0,1.0,1.0,0,0,101-500,0
8299,Test Company Pvt. Ltd.,,4,0,,1,2022-09-16,1,0,1,2,1,60,1.0,1.0,1.0,1,0,101-500,0
8300,Test India,,7,0,2,1,2022-09-18,1,0,1,2,10,10000,1.0,1.0,1.0,0,0,500-1000,0
8301,hayat,,2,0,,1,2022-09-19,1,0,1,2,1,100,1.0,1.0,1.0,0,0,26-100,0
8302,Test Upcoming interviews and Co.,,4,0,,1,2022-09-19,1,0,1,2,1,100,1.0,1.0,1.0,0,0,500-1000,0
8303,shah,,2,0,,1,2022-09-19,1,0,1,2,10,10000,1.0,1.0,1.0,1,0,26-100,0
8304,QAS,,2,0,,1,2022-09-19,1,0,1,2,1,100,1.0,1.0,1.0,0,0,26-100,0
8305,Tech,,23,0,,1,2022-09-19,1,0,1,2,10,10000,1.0,2.0,1.0,0,0,1-25,0
8306,testinmgnf,,1,0,,1,2022-09-19,1,0,1,2,1,10000,1.0,1.0,1.0,1,0,1-25,0
8307,Test Universal,,1,0,,1,2022-09-20,1,0,1,2,1,100,1.0,1.0,1.0,0,0,101-500,0
8308,TestSolutions and Company,,1,0,,1,2022-09-20,1,1,1,2,10,10000,1.0,100.0,1.0,0,0,101-500,0
8309,TestSolutions and Company,,,0,,0,2022-09-20,1,0,1,1,0,100,1.0,1.0,1.0,0,0,101-500,0
8310,Jobma,,,0,,0,2022-09-20,1,0,1,1,0,100,1.0,1.0,1.0,0,0,101-500,0
8311,Test Company,,2,0,,1,2022-09-20,1,1,1,2,2,10000,1.0,1.0,1.0,1,0,26-100,0
8312,Test Company,,,0,,0,2022-09-20,1,0,1,1,0,100,1.0,1.0,1.0,0,0,26-100,0
8313,Test Company,,,0,,0,2022-09-20,1,0,1,1,0,100,1.0,1.0,1.0,0,0,26-100,0
8314,test pvt ltd,,2,0,,1,2022-09-20,1,0,1,2,999,100,1.0,1.0,1.0,0,0,101-500,0
8315,test pvt ltd,,,0,,0,2022-09-20,1,0,1,1,0,100,1.0,1.0,1.0,0,0,101-500,0
8316,Testing523indian,,4,0,,1,2022-09-20,1,0,1,2,1,10000,1.0,1.0,1.0,1,0,26-100,0
8317,Testingnri 523,,4,0,,1,2022-09-20,1,0,1,2,1,100,1.0,1.0,1.0,0,0,101-500,0
8318,Testingpopups12@yopmail.com,,3,0,,1,2022-09-21,1,1,1,1,3,100,1.0,1.0,1.0,0,0,26-100,0
8319,Testingpopupsindian,,"3,4",0,,1,2022-09-21,1,0,1,2,1,10000,1.0,1.0,1.0,1,0,101-500,0
8320,TestingIndianuserpopups12@yopmail.com,,"3,4",0,,1,2022-09-21,1,1,1,1,26,10000,1.0,1.0,1.0,1,0,101-500,0
8321,Testing Account Zeb,,,0,,0,2022-09-21,1,0,1,1,0,100,1.0,1.0,1.0,0,0,500-1000,0
8322,Testingenterpriseuserind,,"3,4",0,,1,2022-09-21,1,0,1,2,10,10000,1.0,1.0,1.0,1,0,101-500,0
8323,Testing NRI enterprise,,4,0,,1,2022-09-21,1,1,1,2,1,100,1.0,1.0,1.0,0,0,500-1000,0
8324,Test India,,,0,,0,2022-09-21,1,0,1,1,0,100,1.0,1.0,1.0,0,0,500-1000,0
8325,Testingpopups12@yopmail.com,,,0,,0,2022-09-22,1,0,1,1,0,100,1.0,1.0,1.0,0,0,26-100,0
8326,JOBMA,,,0,,0,2022-09-22,1,0,1,1,0,100,1.0,1.0,1.0,0,0,101-500,0
8327,JOBMA,,,0,,0,2022-09-22,1,0,1,1,0,100,1.0,1.0,1.0,0,0,101-500,0
8328,JOBMA,,,0,,0,2022-09-22,1,0,1,1,0,100,1.0,1.0,1.0,0,0,101-500,0
8329,Test Co. Pvt. Ltd.,,,0,,0,2022-09-22,1,0,1,1,0,100,1.0,1.0,1.0,0,0,26-100,0
8330,Test Co. Pvt. Ltd.,,,0,,0,2022-09-22,1,0,1,1,0,100,1.0,1.0,1.0,0,0,26-100,0
8331,Test Co. Pvt. Ltd.,,,0,,0,2022-09-22,1,0,1,1,0,100,1.0,1.0,1.0,0,0,26-100,0
8332,Test Co. Pvt. Ltd.,,,0,,0,2022-09-22,1,0,1,1,0,100,1.0,1.0,1.0,0,0,26-100,0
8333,Test Co. Pvt. Ltd.,,,0,,0,2022-09-22,1,0,1,1,0,100,1.0,1.0,1.0,0,0,26-100,0
8334,Test Co. Pvt. Ltd.,,,0,,0,2022-09-22,1,0,1,1,0,100,1.0,1.0,1.0,0,0,26-100,0
8335,Test Co. Pvt. Ltd.,,,0,,0,2022-09-22,1,0,1,1,0,100,1.0,1.0,1.0,0,0,26-100,0
8336,Test Co. Pvt. Ltd.,,,0,,0,2022-09-22,1,0,1,1,0,100,1.0,1.0,1.0,0,0,26-100,0
8337,Test Co. Pvt. Ltd.,,,0,,0,2022-09-22,1,0,1,1,0,100,1.0,1.0,1.0,0,0,26-100,0
8338,Test Co. Pvt. Ltd.,,,0,,0,2022-09-22,1,0,1,1,0,100,1.0,1.0,1.0,0,0,26-100,0
8339,Test Private Company,,72,1,,1,2022-09-22,1,1,1,2,11,100,1.0,1.0,1.0,0,0,500-1000,0
8340,Test Private Company,,,0,,0,2022-09-22,1,0,1,1,0,100,1.0,1.0,1.0,0,0,500-1000,0
8341,Test Private Company,,,0,,0,2022-09-22,1,0,1,1,0,100,1.0,1.0,1.0,0,0,500-1000,0
8342,Test Private Company,,,0,,0,2022-09-22,1,0,1,1,0,100,1.0,1.0,1.0,0,0,500-1000,0
8343,Test Private Company,,,0,,0,2022-09-22,1,0,1,1,0,100,1.0,1.0,1.0,0,0,500-1000,0
8344,Test Private Company,,,0,,0,2022-09-22,1,0,1,1,0,100,1.0,1.0,1.0,0,0,500-1000,0
8345,Test Private Company,,,0,,0,2022-09-22,1,0,1,1,0,100,1.0,1.0,1.0,0,0,500-1000,0
8346,Test Private Company,,,0,,0,2022-09-22,1,0,1,1,0,100,1.0,1.0,1.0,0,0,500-1000,0
8347,Test Private Company,,,0,,0,2022-09-22,1,0,1,1,0,100,1.0,1.0,1.0,0,0,500-1000,0
8348,Test Private Company,,,0,,0,2022-09-22,1,0,1,1,0,100,1.0,1.0,1.0,0,0,500-1000,0
8349,Test Private Company,,,0,,0,2022-09-22,1,0,1,1,0,100,1.0,1.0,1.0,0,0,500-1000,0
8350,Test Private Company,,,0,,0,2022-09-22,1,0,1,1,0,100,1.0,1.0,1.0,0,0,500-1000,0
8351,Test Private Company,,3,0,,1,2022-09-22,1,1,1,1,12,100,1.0,1.0,1.0,0,0,26-100,0
8352,Test Private Company,,,0,,0,2022-09-22,1,0,1,1,0,100,1.0,1.0,1.0,0,0,26-100,0
8353,Test Private Company,,,0,,0,2022-09-22,1,0,1,1,0,100,1.0,1.0,1.0,0,0,26-100,0
8354,Test Private Company,,,0,,0,2022-09-22,1,0,1,1,0,100,1.0,1.0,1.0,0,0,26-100,0
8355,Test Private Company,,,0,,0,2022-09-22,1,0,1,1,0,100,1.0,1.0,1.0,0,0,26-100,0
8356,Test Private Company,,,0,,0,2022-09-22,1,0,1,1,0,100,1.0,1.0,1.0,0,0,26-100,0
8357,Test Private Company,,,0,,0,2022-09-22,1,0,1,1,0,100,1.0,1.0,1.0,0,0,26-100,0
8358,Test Private Company,,,0,,0,2022-09-22,1,0,1,1,0,100,1.0,1.0,1.0,0,0,26-100,0
8359,Test Private Company,,,0,,0,2022-09-22,1,0,1,1,0,100,1.0,1.0,1.0,0,0,26-100,0
8360,Test Private Company,,,0,,0,2022-09-22,1,0,1,1,0,100,1.0,1.0,1.0,0,0,26-100,0
8361,Test Private Company,,,0,,0,2022-09-22,1,0,1,1,0,100,1.0,1.0,1.0,0,0,26-100,0
8362,Test Private Company,,,0,,0,2022-09-22,1,0,1,1,0,100,1.0,1.0,1.0,0,0,26-100,0
8363,Test Virendra and Co.,,4,0,,1,2022-09-22,1,0,1,2,1,100,1.0,1.0,1.0,0,0,101-500,0
8364,Test Virendra and Co.,,,0,,0,2022-09-22,1,0,1,1,0,100,1.0,1.0,1.0,0,0,101-500,0
8365,Test Company Pvt Ltd,,,0,,0,2022-09-22,1,0,1,1,0,100,1.0,1.0,1.0,0,0,500-1000,0
8366,Test Company Pvt Ltd,,,0,,0,2022-09-22,1,0,1,1,0,100,1.0,1.0,1.0,0,0,500-1000,0
8367,Test Company Pvt Ltd,,,0,,0,2022-09-22,1,0,1,1,0,100,1.0,1.0,1.0,0,0,500-1000,0
8368,Test Company Pvt Ltd,,,0,,0,2022-09-22,1,0,1,1,0,100,1.0,1.0,1.0,0,0,500-1000,0
8369,Test Company Pvt Ltd,,,0,,0,2022-09-22,1,0,1,1,0,100,1.0,1.0,1.0,0,0,500-1000,0
8370,Test Company Pvt Ltd,,,0,,0,2022-09-22,1,0,1,1,0,100,1.0,1.0,1.0,0,0,500-1000,0
8371,Test Company Pvt Ltd,,,0,,0,2022-09-22,1,0,1,1,0,100,1.0,1.0,1.0,0,0,500-1000,0
8372,Test Company Pvt Ltd,,,0,,0,2022-09-22,1,0,1,1,0,100,1.0,1.0,1.0,0,0,500-1000,0
8373,Test Company Pvt Ltd,,,0,,0,2022-09-22,1,0,1,1,0,100,1.0,1.0,1.0,0,0,500-1000,0
8374,Test Company Pvt Ltd,,,0,,0,2022-09-22,1,0,1,1,0,100,1.0,1.0,1.0,0,0,500-1000,0
8375,Test Private Company,,72,1,,1,2022-09-23,1,1,1,2,53,100,1.0,1.0,1.0,0,0,101-500,0
8376,Test Private Company,,,0,,0,2022-09-23,1,0,1,1,0,100,1.0,1.0,1.0,0,0,101-500,0
8377,Test Private Company,,,0,,0,2022-09-23,1,0,1,1,0,100,1.0,1.0,1.0,0,0,101-500,0
8378,Test Private Company,,,0,,0,2022-09-23,1,0,1,1,0,100,1.0,1.0,1.0,0,0,101-500,0
8379,Test Private Company,,,0,,0,2022-09-23,1,0,1,1,0,100,1.0,1.0,1.0,0,0,101-500,0
8380,Test Private Company,,,0,,0,2022-09-23,1,0,1,1,0,100,1.0,1.0,1.0,0,0,101-500,0
8381,Test Private Company,,,0,,0,2022-09-23,1,0,1,1,0,100,1.0,1.0,1.0,0,0,101-500,0
8382,Test Private Company,,,0,,0,2022-09-23,1,0,1,1,0,100,1.0,1.0,1.0,0,0,101-500,0
8383,Test Private Company,,,0,,0,2022-09-23,1,0,1,1,0,100,1.0,1.0,1.0,0,0,101-500,0
8384,Test Private Company,,,0,,0,2022-09-23,1,0,1,1,0,100,1.0,1.0,1.0,0,0,101-500,0
8385,Test Private Company,,,0,,0,2022-09-23,1,0,1,1,0,100,1.0,1.0,1.0,0,0,101-500,0
8386,Test Private Company,,,0,,0,2022-09-23,1,0,1,1,0,100,1.0,1.0,1.0,0,0,101-500,0
8387,To The New,,2,0,,1,2022-09-23,1,0,1,2,1,10000,1.0,1.0,1.0,1,0,26-100,0
8388,scrum,,2,0,,1,2022-09-23,1,0,1,2,999,100,1.0,1.0,1.0,1,0,500-1000,0
8389,Test Puneet and Company,,4,0,,1,2022-09-26,1,0,1,2,23,100,1.0,1.0,1.0,0,0,101-500,0
8390,SSI,,2,0,,1,2022-09-26,1,0,1,1,2,60,1.0,1.0,1.0,1,0,26-100,0
8391,Tesing,,,0,,0,2022-09-26,1,0,1,1,0,100,1.0,1.0,1.0,0,0,More than 1000,0
8392,JomDp,,,0,,0,2022-09-27,1,0,1,1,0,100,1.0,1.0,1.0,0,0,1-25,0
8393,JomDp,,,0,,0,2022-09-27,1,0,1,1,0,100,1.0,1.0,1.0,0,0,1-25,0
8394,JomDp,,,0,,0,2022-09-27,1,0,1,1,0,100,1.0,1.0,1.0,0,0,1-25,0
8395,Test Private Company,,,0,,0,2022-09-27,1,0,1,1,0,100,1.0,1.0,1.0,0,0,26-100,0
8396,Test Private Company,,3,0,,1,2022-09-27,1,1,1,2,22,100,1.0,1.0,1.0,0,0,1-25,0
8397,Test Private Company,,,0,,0,2022-09-27,1,0,1,1,0,100,1.0,1.0,1.0,0,0,1-25,0
8398,Test Private Company,,,0,,0,2022-09-27,1,0,1,1,0,100,1.0,1.0,1.0,0,0,1-25,0
8399,Test Private Company,,,0,,0,2022-09-27,1,0,1,1,0,100,1.0,1.0,1.0,0,0,1-25,0
8400,Test Private Company,,,0,,0,2022-09-27,1,0,1,1,0,100,1.0,1.0,1.0,0,0,1-25,0
8401,Test Private Company,,,0,,0,2022-09-27,1,0,1,1,0,100,1.0,1.0,1.0,0,0,1-25,0
8402,Test Private Company,,,0,,0,2022-09-27,1,0,1,1,0,100,1.0,1.0,1.0,0,0,1-25,0
8403,Test Private Company,,,0,,0,2022-09-27,1,0,1,1,0,100,1.0,1.0,1.0,0,0,1-25,0
8404,Test Private Company,,,0,,0,2022-09-27,1,0,1,1,0,100,1.0,1.0,1.0,0,0,1-25,0
8405,Test Private Company,,,0,,0,2022-09-27,1,0,1,1,0,100,1.0,1.0,1.0,0,0,1-25,0
8406,Test Private Company,,,0,,0,2022-09-27,1,0,1,1,0,100,1.0,1.0,1.0,0,0,1-25,0
8407,Test Private Company,,,0,,0,2022-09-27,1,0,1,1,0,100,1.0,1.0,1.0,0,0,1-25,0
8408,Test Private Company,,,0,,0,2022-09-27,1,0,1,1,0,100,1.0,1.0,1.0,0,0,1-25,0
8409,Test Private Company,,,0,,0,2022-09-27,1,0,1,1,0,100,1.0,1.0,1.0,0,0,1-25,0
8410,Test Private Company,,,0,,0,2022-09-27,1,0,1,1,0,100,1.0,1.0,1.0,0,0,1-25,0
8411,Test India,,,0,,0,2022-09-27,1,0,1,1,0,100,1.0,1.0,1.0,0,0,500-1000,0
8412,Test Private Company,,3,0,,1,2022-09-27,1,1,1,1,22,10000,1.0,1.0,1.0,1,0,101-500,0
8413,Test Private Company,,,0,,0,2022-09-27,1,0,1,1,0,100,1.0,1.0,1.0,0,0,101-500,0
8414,Test Private Company,,,0,,0,2022-09-27,1,0,1,1,0,100,1.0,1.0,1.0,0,0,101-500,0
8415,Test Private Company,,,0,,0,2022-09-27,1,0,1,1,0,100,1.0,1.0,1.0,0,0,101-500,0
8416,Test Private Company,,,0,,0,2022-09-27,1,0,1,1,0,100,1.0,1.0,1.0,0,0,101-500,0
8417,Test Private Company,,,0,,0,2022-09-27,1,0,1,1,0,100,1.0,1.0,1.0,0,0,101-500,0
8418,Test Private Company,,,0,,0,2022-09-27,1,0,1,1,0,100,1.0,1.0,1.0,0,0,101-500,0
8419,Test Private Company,,,0,,0,2022-09-27,1,0,1,1,0,100,1.0,1.0,1.0,0,0,101-500,0
8420,Test Private Company,,,0,,0,2022-09-27,1,0,1,1,0,100,1.0,1.0,1.0,0,0,101-500,0
8421,Test Private Company,,,0,,0,2022-09-27,1,0,1,1,0,100,1.0,1.0,1.0,0,0,101-500,0
8422,Test Private Company,,,0,,0,2022-09-27,1,0,1,1,0,100,1.0,1.0,1.0,0,0,101-500,0
8423,Test Private Company,,,0,,0,2022-09-27,1,0,1,1,0,100,1.0,1.0,1.0,0,0,101-500,0
8424,Test Private Company,,,0,,0,2022-09-27,1,0,1,1,0,100,1.0,1.0,1.0,0,0,101-500,0
8425,Test Private Company,,,0,,0,2022-09-27,1,0,1,1,0,100,1.0,1.0,1.0,0,0,101-500,0
8426,SSI,,1,0,,1,2022-10-04,1,0,1,2,999,10000,1.0,1.0,1.0,1,0,1-25,0
8427,SSI,,1,0,,1,2022-10-04,1,0,1,2,999,10000,1.0,1.0,1.0,1,0,1-25,0
8428,eshop,,23,0,,1,2022-10-04,1,0,1,2,1,10000,1.0,1.0,1.0,1,0,1-25,0
8429,SSI,,1,0,,1,2022-10-04,1,0,1,2,999,10000,1.0,1.0,1.0,1,0,26-100,0
8430,HighTech,,23,0,,1,2022-10-04,1,0,1,2,1,10000,1.0,2.0,1.0,0,0,1-25,0
8431,Job Tech,,1,0,,1,2022-10-04,1,0,1,2,999,10000,1.0,1.0,1.0,1,0,1-25,0
8432,SSI,,1,0,,1,2022-10-10,1,0,1,2,999,10000,1.0,1.0,1.0,1,0,1-25,0
8433,jispel,,1,0,,1,2022-10-10,1,0,1,2,1,100,1.0,1.0,1.0,0,0,1-25,0
8434,gilak,,2,0,,1,2022-10-12,1,0,1,2,1,100,1.0,1.0,1.0,0,0,1-25,0
8435,Jobma,,1,0,,1,2022-10-13,1,0,1,2,999,10000,1.0,1.0,1.0,1,0,1-25,0
8436,Verified First,,85,1,,1,2022-10-13,1,0,1,2,999,100,1.0,1.0,1.0,0,0,26-100,0
8437,satya info,,23,0,,1,2022-10-17,1,0,1,1,1,10000,1.0,20.0,1.0,1,0,1-25,0
8438,JOBMA,,1,0,,1,2022-10-19,1,0,1,2,1,10000,1.0,1.0,1.0,1,0,26-100,0
8439,SSI,,3,0,,1,2022-10-19,1,0,1,2,1,10000,1.0,1.0,1.0,1,0,More than 1000,0
8440,Testing Route,,"7,10",0,,1,2022-10-19,1,0,1,2,1,10000,1.0,1.0,1.0,1,0,101-500,0
8441,JOBMASSI,,79,0,,1,2022-10-20,1,0,1,2,999,10000,1.0,1.0,1.0,1,0,26-100,0
8442,Jobma,,124,0,,1,2022-10-20,1,0,1,2,10,10000,1.0,1.0,1.0,1,0,500-1000,0
8443,JOBMASSI7,,1,0,,1,2022-10-20,1,0,1,2,999,10000,1.0,1.0,1.0,1,0,26-100,0
8444,jobma,,1,0,,1,2022-10-26,1,0,1,2,1,100,1.0,1.0,1.0,0,0,26-100,0
8445,jobma,,1,0,,1,2022-10-26,1,0,1,2,1,10000,1.0,1.0,1.0,1,0,26-100,0
8446,jobma,,1,0,,1,2022-10-26,1,0,1,2,10,10000,1.0,1.0,1.0,1,0,1-25,0
8447,JomDp,,,0,,0,2022-10-26,1,0,1,1,0,100,1.0,1.0,1.0,0,0,1-25,0
8448,jobma,,1,0,,1,2022-10-26,1,0,1,2,1,100,1.0,1.0,1.0,0,0,1-25,0
8450,Sri infotech,,2,0,,1,2022-11-04,1,0,1,2,1,100,1.0,1.0,1.0,0,0,101-500,0
8451,JOBMA,,26,0,,1,2022-11-08,1,0,1,1,999,10000,1.0,1.0,1.0,1,0,500-1000,0
8452,JOBMA,,,0,,0,2022-11-08,1,0,1,1,0,100,1.0,1.0,1.0,0,0,500-1000,0
8453,Jobma LLC,,72,1,,1,2022-11-10,1,0,1,2,10,100,1.0,1.0,1.0,0,0,101-500,0
8458,Hiring Thing,,101,1,,1,2022-11-17,1,0,1,2,10,100,1.0,1.0,1.0,0,0,101-500,0
8460,itake,,2,0,,1,2022-11-18,1,0,1,1,1,10000,1.0,1.0,1.0,1,0,101-500,0
8461,ssi,,72,1,,1,2022-11-18,1,1,1,2,2,10000,1.0,1.0,1.0,1,0,500-1000,0
8462,TRE,,72,1,,1,2022-11-18,1,1,1,1,2,100,1.0,1.0,1.0,0,0,26-100,0
8463,Loki Inc,,23,0,,1,2022-11-21,1,0,1,2,1,10000,1.0,1.0,1.0,1,0,1-25,0
8464,Jobma,,231,1,,1,2022-11-22,1,0,1,1,999,100,1.0,1.0,1.0,0,200,1-25,1
8465,qwerty,,2,0,,1,2022-11-22,1,0,1,2,1009,100,1.0,1.0,1.0,0,0,1-25,0
8466,shah,,,0,,0,2022-11-24,1,0,1,1,0,100,1.0,1.0,1.0,0,0,26-100,0
8467,Morgan Group of Industries,,4,0,,1,2022-11-29,1,0,1,2,11,100,1.0,1.0,1.0,0,0,500-1000,0
8468,JobAdder,,101,6,2,1,2022-12-02,1,0,1,2,999,100,1.0,1.0,1.0,0,0,500-1000,0
8469,ArturoReman Corporations.,,3,0,,1,2022-12-04,1,0,1,2,1,10000,1.0,1.0,1.0,1,0,101-500,0
8470,ArturoReman Corporations.,,,0,,0,2022-12-05,1,0,1,1,0,100,1.0,1.0,1.0,0,0,101-500,0
8471,Massachusetts Institute of Technology,,,0,,0,2022-12-05,1,0,1,2,0,100,1.0,1.0,1.0,0,0,500-1000,0
8473,itake,,,0,,0,2022-12-07,1,0,1,1,0,100,1.0,1.0,1.0,0,0,101-500,0
8474,SSSI,,1,0,,1,2022-12-09,1,0,1,2,1000,60,1.0,1.0,1.0,1,0,26-100,0
8475,Jackon,,,0,,0,2022-12-14,1,0,1,1,0,100,1.0,1.0,1.0,0,0,1-25,0
8476,Morgan Group of Industries,,,0,,0,2022-12-16,1,0,1,1,0,100,1.0,1.0,1.0,0,0,500-1000,0
8477,Sri infotech,,3,0,,1,2022-12-22,1,0,1,2,1,100,1.0,1.0,1.0,0,0,1-25,0
8478,Sri infotech,,,0,,0,2022-12-26,1,0,1,1,0,100,1.0,1.0,1.0,0,0,1-25,0
8479,Sri infotech,,4,0,,1,2022-12-27,1,0,1,1,999,100,1.0,1.0,1.0,0,0,500-1000,0
8480,Jobma,,231,1,,1,2023-01-11,1,0,1,2,10,100,1.0,1.0,1.0,0,0,1-25,0
8481,Select source,,23,0,,1,2023-01-16,1,0,1,2,999,10000,1.0,1.0,1.0,1,0,101-500,0
8482,"Trent Design, Inc",,51,1,,1,2023-01-18,1,0,1,2,1,100,1.0,1.0,1.0,0,0,101-500,0
8483,Test_Jobma,,1,0,,1,2023-01-24,1,0,1,2,66,100,1.0,2.0,1.0,0,0,26-100,0
8484,Jobma,,231,1,,1,2023-01-25,1,0,1,2,10,10000,1.0,1.0,1.0,1,0,1-25,0
8485,Freelance.com,,,0,,1,2023-01-27,1,0,1,2,1,100,1.0,1.0,1.0,0,0,1-25,0
8486,theme,,231,1,,1,2023-01-27,1,0,1,2,1,100,1.0,1.0,1.0,0,0,1-25,0
8487,Testing Dev regression,,1,0,,1,2023-01-27,1,0,1,1,1,100,1.0,1.0,1.0,0,0,500-1000,0
8488,hhfhhf,,1,0,,1,2023-01-27,1,1,1,2,14,10000,1.0,1.0,1.0,1,0,1-25,0
8489,user,,1,0,,1,2023-01-27,1,1,1,1,14,100,1.0,1.0,1.0,0,0,1-25,0
8490,asdkgasd,,1,0,,1,2023-01-27,1,1,1,2,110,100,1.0,1.0,1.0,0,0,1-25,0
8491,sgdsgs,,1,0,,1,2023-01-31,1,0,1,2,1,100,1.0,1.0,1.0,0,0,1-25,0
8492,sri infotech,,1,0,,1,2023-01-31,1,0,1,2,11,100,1.0,1.0,1.0,0,0,1-25,0
8493,jobma,,1,0,,1,2023-02-01,1,0,1,2,999,10000,1.0,1.0,1.0,1,0,1-25,0
8494,jobma,,1,0,,1,2023-02-01,1,0,1,2,999,10000,1.0,1.0,1.0,1,0,26-100,0
8495,jobma,,1,0,,1,2023-02-01,1,0,1,2,999,10000,1.0,1.0,1.0,1,0,1-25,0
8496,jobma,,1,0,,1,2023-02-01,1,0,1,2,999,10000,1.0,1.0,1.0,1,0,1-25,0
8497,jobma,,1,0,,1,2023-02-01,1,0,1,2,1000,60,1.0,1.0,1.0,1,0,1-25,0
8498,jobma,,1,0,,1,2023-02-01,1,0,1,2,1,10000,1.0,1.0,1.0,1,0,1-25,0
8499,jobma,,1,0,,1,2023-02-01,1,0,1,2,999,100,1.0,1.0,1.0,0,0,1-25,0
8500,jobma,,1,0,,1,2023-02-01,1,0,1,1,1001,100,1.0,1.0,1.0,0,0,1-25,0
8501,jobma,,1,0,,1,2023-02-01,1,0,1,2,1,100,1.0,1.0,1.0,0,0,1-25,0
8502,jobma,,1,0,,1,2023-02-01,1,0,1,2,1,10000,1.0,1.0,1.0,1,0,1-25,0
8503,jobma,,1,0,,1,2023-02-09,1,0,1,2,1,100,1.0,1.0,1.0,0,0,1-25,0
8504,jobma,,1,0,,1,2023-02-09,1,0,1,2,1,100,1.0,1.0,1.0,0,0,1-25,0
8505,jobma,,1,0,,1,2023-02-09,1,0,1,2,1,100,1.0,1.0,1.0,0,0,1-25,0
8506,jobma,,1,0,,1,2023-02-09,1,0,1,2,1,10000,1.0,1.0,1.0,1,0,1-25,0
8507,jobma,,1,0,,1,2023-02-09,1,0,1,2,1,100,1.0,1.0,1.0,0,0,1-25,0
8508,jobma,,2,0,,1,2023-02-09,1,0,1,2,1,100,1.0,1.0,1.0,0,0,26-100,0
8509,jobma,,1,0,,1,2023-02-09,1,0,1,2,1,10000,1.0,1.0,1.0,1,0,1-25,0
8510,jobma,,1,0,,1,2023-02-10,1,0,1,2,999,100,1.0,1.0,1.0,0,0,1-25,0
8511,Jobma,,73,1,,1,2023-02-23,1,0,1,2,10,100,1.0,1.0,1.0,0,0,1-25,0
8512,lever Integrations,,36,1,,1,2023-03-15,1,0,1,2,999,100,1.0,3.0,1.0,0,0,500-1000,0
8513,LEVER ATS,,73,1,,1,2023-03-22,1,0,1,2,1,100,1.0,1.0,1.0,0,0,101-500,0
8514,Lever Corp.,,1,0,,1,2023-03-23,1,0,1,2,1,100,1.0,1.0,1.0,0,0,101-500,0
8515,lever.com,,",1",0,,1,2023-03-23,1,0,1,2,1,100,1.0,1.0,1.0,0,0,26-100,0
8516,Clay HR,,241,1,,1,2023-03-31,1,0,1,2,1,100,1.0,1.0,1.0,0,0,1-25,0
8517,SSI,,74,1,,1,2023-04-07,1,0,1,2,10,10000,1.0,1.0,1.0,1,0,1-25,0
8518,SSI,,74,1,,1,2023-04-07,1,0,1,2,999,10000,1.0,1.0,1.0,1,0,More than 1000,0
8519,Lever,,36,1,2,1,2023-04-07,1,0,1,2,999,100,1.0,1.0,1.0,0,0,500-1000,0
8520,lever,,36,1,2,1,2023-04-07,1,0,1,2,999,100,1.0,1.0,1.0,0,0,500-1000,0
8521,SSI,,73,1,,1,2023-04-10,1,0,1,2,10,10000,1.0,3.0,1.0,1,0,500-1000,0
8522,Dev Enterprise,,75,1,,1,2023-04-12,1,0,1,2,999,100,1.0,2.0,1.0,0,0,500-1000,0
8523,JOBMASSI7,,73,1,,1,2023-04-12,1,0,1,2,999,10000,1.0,1.0,1.0,1,0,More than 1000,0
8524,23,,"231,72",1,,1,2023-04-13,1,0,1,2,999,100,1.0,1.0,1.0,0,0,101-500,0
8525,SSI,,72,1,,1,2023-04-13,1,0,0,2,999,10000,1.0,1.0,1.0,1,0,1-25,0
8526,SSI,,1,0,,1,2023-04-13,1,0,1,2,999,100,1.0,1.0,1.0,0,0,26-100,0
8527,SSA,,",1",0,,1,2023-04-13,1,0,1,2,999,100,1.0,1.0,1.0,0,0,500-1000,0
8528,CATS,,36,0,1,1,2023-04-20,1,0,1,2,999,100,1.0,1.0,1.0,0,0,500-1000,0
8530,jobma,,1,0,,1,2023-06-21,1,0,1,1,999,100,1.0,1.0,1.0,0,0,26-100,0
8531,jobma,,2,0,,1,2023-06-21,1,0,1,1,999,100,1.0,1.0,1.0,0,0,26-100,0
8532,jobma,,1,0,,1,2023-06-21,1,0,1,1,999,100,1.0,1.0,1.0,0,0,101-500,0
8533,jobma,,3,0,,1,2023-06-22,1,0,1,1,10,100,1.0,1.0,1.0,0,0,101-500,0
8534,jobma,,2,0,,1,2023-06-22,1,0,1,1,10,100,1.0,1.0,1.0,0,0,26-100,0
8535,jobma,,2,0,,1,2023-06-22,1,0,1,1,10,100,1.0,1.0,1.0,0,0,26-100,0
8536,jobma,,2,0,,1,2023-06-22,1,0,1,1,10,100,1.0,1.0,1.0,0,0,26-100,0
8537,Jobma,,,0,1,0,2023-06-22,1,0,1,1,0,100,1.0,1.0,1.0,0,0,500-1000,0
8538,jobma,,72,1,,1,2023-06-22,1,0,1,1,1,100,1.0,1.0,1.0,0,0,26-100,0
8539,WebHR,,101,1,2,1,2023-06-22,1,0,1,1,999,100,1.0,1.0,1.0,0,0,26-100,0
8540,jobma,,1,0,,1,2023-06-22,1,0,1,1,999,100,1.0,1.0,1.0,0,0,26-100,0
8541,jobma,,1,0,,1,2023-06-22,1,0,1,1,1,100,1.0,1.0,1.0,0,0,26-100,0
8542,jobma,,2,0,,1,2023-06-22,1,1,1,1,3,100,1.0,1.0,1.0,0,0,26-100,0
8543,jobma,,2,0,,1,2023-06-23,1,0,1,2,10,100,1.0,1.0,1.0,0,0,26-100,0
8544,jobma,,231,1,,1,2023-06-23,1,0,1,1,10,10000,0.0,0.0,1.0,1,0,1-25,0
8545,jobma,,2,0,,1,2023-06-23,1,0,1,1,1,100,1.0,1.0,1.0,0,0,500-1000,0
8546,La Casa Da Papel,,51,0,,1,2023-06-23,1,0,1,1,999,100,1.0,1.0,1.0,0,0,101-500,0
8549,RIZ23,,2,5,,1,2023-06-26,1,0,1,1,1,100,1.0,1.0,1.0,0,0,26-100,0
8550,Quality control ltd.,,73,1,,1,2023-06-26,1,0,1,1,10,100,1.0,1.0,1.0,0,0,26-100,0
8551,jobma,,4,0,,1,2023-06-26,1,0,1,2,1,100,1.0,1.0,1.0,0,0,101-500,0
8552,S32,,2,1,2,1,2023-06-26,1,0,1,2,1,100,1.0,1.0,1.0,1,0,1-25,0
8553,NDS,,"7,23",0,,1,2023-06-26,1,0,1,1,1,100,1.0,1.0,1.0,0,0,26-100,0
8554,WebHR,,101,1,2,1,2023-06-27,1,0,1,2,999,100,1.0,1.0,1.0,0,0,500-1000,0
8555,jobma,,1,0,,1,2023-07-03,1,0,1,1,10,100,1.0,1.0,1.0,0,0,1-25,0
8556,jobma,,1,0,,1,2023-07-05,1,0,1,1,2,100,1.0,1.0,1.0,0,0,1-25,0
8557,releasetoday@yopmail.com,,72,1,,1,0000-00-00,1,0,1,2,10,10000,1.0,1.0,1.0,1,0,More than 1000,0
8558,releasetoday@yopmail.com,,,0,,0,2023-07-19,1,0,1,1,0,100,1.0,1.0,1.0,0,0,More than 1000,0
8559,Select Source International,,76,1,,1,0000-00-00,1,0,1,1,1,100,1.0,1.0,1.0,0,0,500-1000,0
8560,Infinite,,23,1,,1,0000-00-00,1,0,1,1,1,100,1.0,1.0,1.0,0,0,500-1000,0
8561,jobma,,72,1,1,1,0000-00-00,1,0,1,1,1,100,1.0,1.0,1.0,1,0,1-25,0
8562,jobma,,231,1,1,1,0000-00-00,1,0,1,1,1,100,1.0,1.0,1.0,1,0,1-25,0
8563,Jobma,,,0,1,0,2023-08-09,1,0,1,1,0,100,1.0,1.0,1.0,0,0,500-1000,0
8564,shrey,,72,3,1,1,0000-00-00,1,0,1,1,999,60,1.0,1.0,1.0,1,0,500-1000,0
8565,JOBMA,,231,1,1,1,0000-00-00,1,0,1,1,10,100,1.0,1.0,1.0,1,600,1-25,1
8566,JOBMA,,2,1,1,1,0000-00-00,1,0,1,1,999,100,1.0,1.0,1.0,1,0,1-25,0
8574,srs,,1,0,,1,0000-00-00,1,0,0,1,999,60,1.0,1.0,1.0,1,0,500-1000,0
8595,Fast Track FBA,,36,1,2,1,0000-00-00,1,0,1,1,999,100,1.0,1.0,1.0,0,0,1-25,0
8597,Jobma,,1,0,,1,0000-00-00,1,0,1,1,10,100,1.0,1.0,1.0,0,100,1-25,1
8599,NativeAppsAI,,72,1,,1,0000-00-00,1,0,1,1,10,100,1.0,1.0,1.0,0,0,1-25,0
8621,srs pvt ltd,,81,7,1,1,0000-00-00,1,0,1,1,999,100,1.0,1.0,1.0,1,0,500-1000,0
8623,asdfasedf,,2,1,,1,0000-00-00,1,0,1,1,999,100,1.0,1.0,1.0,0,0,1-25,0
8625,JOBMA,,72,1,1,1,0000-00-00,1,0,1,1,10,100,1.0,1.0,1.0,1,0,1-25,0
8627,Jobma,,,0,1,0,2023-10-19,1,0,1,1,0,100,1.0,1.0,1.0,0,0,500-1000,0
8687,Jobma,,1,0,,1,0000-00-00,1,0,1,1,999,10000,1.0,1.0,1.0,1,0,1-25,0
8699,lever Integrations,,,0,,0,2023-11-02,1,0,1,1,0,100,1.0,1.0,1.0,0,0,500-1000,0
8701,qwer,,72,1,,1,0000-00-00,1,0,1,1,999,100,1.0,1.0,1.0,0,0,1-25,0
8703,jobma,,231,1,,1,0000-00-00,1,0,1,1,999,100,1.0,1.0,1.0,0,0,1-25,0
8705,Jobma,,,0,,0,2023-11-03,1,0,1,1,0,100,1.0,1.0,1.0,0,0,1-25,0
8707,jobma,,,0,,0,2023-11-03,1,0,1,1,0,100,1.0,1.0,1.0,0,0,,0
8709,jobma,,,0,,0,2023-11-03,1,0,1,1,0,100,1.0,1.0,1.0,0,0,,0
8711,jobma,,,0,,0,2023-11-03,1,0,1,1,0,100,1.0,1.0,1.0,0,0,,0
8713,testing Account,,231,1,,1,0000-00-00,1,0,1,2,999,10000,1.0,1.0,1.0,1,0,1-25,0
8715,jobma,,231,1,,1,0000-00-00,1,0,1,1,999,100,1.0,1.0,1.0,0,0,1-25,0
8717,jobma,,,0,,0,2023-11-06,1,0,1,1,0,100,1.0,1.0,1.0,0,0,26-100,0
8719,jobma,,,0,,0,2023-11-06,1,0,1,1,0,100,1.0,1.0,1.0,0,0,26-100,0
8721,jobma,,2,1,,1,0000-00-00,1,0,1,1,999,100,1.0,1.0,1.0,0,0,1-25,0
8723,Jobma,,2,0,,1,0000-00-00,1,0,1,1,10,60,1.0,1.0,1.0,1,0,1-25,0
8725,asas,,,0,,0,2023-11-08,1,0,1,1,0,100,1.0,1.0,1.0,0,0,101-500,0
8727,jobma,,,0,,0,2023-11-08,1,0,1,1,0,100,1.0,1.0,1.0,0,0,26-100,0
8729,Posted Jobs,,2,1,1,1,0000-00-00,1,0,1,1,999,100,1.0,1.0,1.0,1,0,1-25,0
8731,SRS,,23,7,1,1,0000-00-00,1,1,1,1,62,100,1.0,1.0,1.0,1,0,1-25,0
8733,jobma,,,0,,0,2023-11-10,1,0,1,1,1,100,1.0,1.0,1.0,0,0,1-25,0
8737,SRS,,,0,,0,2023-11-13,1,0,1,1,0,100,1.0,1.0,1.0,0,0,1-25,0
8739,jobma,,,0,,0,2023-11-13,1,0,1,1,1,100,1.0,1.0,1.0,0,0,1-25,0
8741,shrey,,,0,,0,2023-11-13,1,0,1,1,0,100,1.0,1.0,1.0,0,0,500-1000,0
8743,Jobma,,,0,1,0,2023-11-13,1,0,1,1,1,100,1.0,1.0,1.0,0,0,500-1000,0
8745,Jobma,,,0,1,0,2023-11-13,1,0,1,1,1,100,1.0,1.0,1.0,0,0,500-1000,0
8749,jobma,,,0,,0,2023-11-13,1,0,1,1,1,100,1.0,1.0,1.0,0,0,1-25,0
8751,jobma,,,0,,0,2023-11-13,1,0,1,1,1,100,1.0,1.0,1.0,0,0,1-25,0
8753,jobma,,,0,,0,2023-11-13,1,0,1,1,1,100,1.0,1.0,1.0,0,0,1-25,0
8755,jobma,,,0,,0,2023-11-13,1,0,1,1,1,100,1.0,1.0,1.0,0,0,1-25,0
8759,SRS,,,0,,0,2023-11-13,1,0,1,1,0,100,1.0,1.0,1.0,0,0,1-25,0
8769,jobma,,,0,,0,2023-11-13,1,0,1,1,1,100,1.0,1.0,1.0,0,0,1-25,0
8795,SRS,,,0,,0,2023-11-14,1,0,1,1,0,100,1.0,1.0,1.0,0,0,1-25,0
8849,jobma,,,0,,0,2023-11-15,1,0,1,1,1,100,1.0,1.0,1.0,0,0,1-25,0
8851,jobma,,,0,,0,2023-11-15,1,0,1,1,1,100,1.0,1.0,1.0,0,0,1-25,0
8853,Shelf company,,73,1,1,1,0000-00-00,1,0,1,1,1,100,1.0,2.0,1.0,1,0,1-25,0
8857,jobma,,72,1,1,1,0000-00-00,1,0,1,1,1,100,1.0,1.0,1.0,1,0,1-25,0
8858,jobma,,72,1,1,1,0000-00-00,1,0,1,1,999,100,1.0,1.0,1.0,1,0,1-25,0
8859,jobma,,72,1,1,1,0000-00-00,1,0,1,1,999,100,1.0,1.0,1.0,1,0,1-25,0
8860,jobma,,72,1,1,1,0000-00-00,1,0,1,1,10,100,1.0,1.0,1.0,1,0,1-25,0
8861,jobma,,72,1,1,1,0000-00-00,1,0,1,1,10,100,1.0,1.0,1.0,1,0,1-25,0
8862,jobma,,72,1,1,1,0000-00-00,1,0,1,1,999,100,1.0,1.0,1.0,1,0,1-25,0
8863,jobma,,72,1,1,1,0000-00-00,1,0,1,1,999,100,1.0,1.0,1.0,1,0,1-25,0
8864,jobma,,72,1,1,1,0000-00-00,1,0,1,1,1,100,1.0,1.0,1.0,1,0,1-25,0
8865,cqwfqewfqewd,,67,0,,1,0000-00-00,1,0,1,1,1,100,1.0,1.0,1.0,0,0,101-500,0
8866,Jobma,,,0,,0,2023-12-20,1,0,1,1,0,100,1.0,1.0,1.0,0,0,1-25,0
8867,Jobma,,,0,,0,2023-12-27,1,0,1,1,0,100,1.0,1.0,1.0,0,0,1-25,0
8868,testing Account,,,0,,0,2023-12-27,1,0,1,1,0,100,1.0,1.0,1.0,0,0,1-25,0
8869,Travels UK,,2,1,1,1,0000-00-00,1,1,1,1,11,100,1.0,3.0,1.0,1,0,26-100,0
8871,kjegkn,,2,2,1,1,0000-00-00,1,0,1,1,10,100,1.0,1.0,1.0,1,0,1-25,0
8873,Ifrit pvt ltd,,"3,1",7,1,1,0000-00-00,1,1,0,1,21,100,1.0,3.0,1.0,0,100,1-25,0
8877,Jobma,,1,0,,1,0000-00-00,1,0,1,1,10,100,1.0,1.0,1.0,0,0,1-25,0
8879,Shelf company,,2,1,1,1,0000-00-00,1,0,1,1,1,100,1.0,1.0,1.0,1,0,1-25,0
8881,New Dev  Development and Testing Account,,222,1,1,1,0000-00-00,1,0,1,1,50,100,1.0,1.0,1.0,1,0,1-25,0
8883,Travels UK,,,0,1,0,2024-02-16,1,0,1,1,1,100,1.0,1.0,1.0,0,0,26-100,0
8885,ssi,,2,0,,1,0000-00-00,1,1,1,1,2,100,1.0,2.0,1.0,0,0,500-1000,0
8887,Travels UK,,,0,1,0,2024-02-20,1,0,1,1,1,100,1.0,1.0,1.0,0,0,26-100,0
8891,Development and Testing,,23,1,1,1,0000-00-00,1,0,1,1,50,100,1.0,1.0,1.0,1,0,1-25,0
8893,Jobma,,231,7,1,1,0000-00-00,1,0,1,1,5,100,1.0,2.0,1.0,0,0,101-500,0
8897,Brutus media,,27,7,1,1,0000-00-00,1,1,1,1,18,100,1.0,3.0,1.0,1,0,1-25,0
8899,mavens,,2,0,,1,0000-00-00,1,0,1,1,999,100,1.0,2.0,1.0,0,0,500-1000,0
8905,Jobma,,231,7,1,1,0000-00-00,1,0,1,1,999,100,1.0,1.0,1.0,1,0,1-25,0
8923,jobma,,72,1,,1,0000-00-00,1,0,1,1,999,10000,1.0,1.0,1.0,1,0,1-25,0
8925,Sri infotech,,2,1,,1,0000-00-00,1,0,1,1,999,100,1.0,1.0,1.0,0,0,500-1000,0
8927,jobma,,2,1,,1,0000-00-00,1,0,1,1,999,100,1.0,1.0,1.0,0,0,1-25,0
8929,kkkaj,,73,1,,1,0000-00-00,1,0,1,1,999,100,1.0,1.0,1.0,0,0,500-1000,0
8931,Test,,73,1,,1,0000-00-00,1,0,1,1,999,100,1.0,1.0,1.0,0,0,500-1000,0
8933,Test Vaibhav,,76,1,,1,0000-00-00,1,0,1,1,999,100,1.0,1.0,1.0,0,0,101-500,0
8935,testing Account,,,0,,0,2024-03-05,1,0,1,1,0,100,1.0,1.0,1.0,0,0,1-25,0
8937,testing Account,,,0,,0,2024-03-05,1,0,1,1,0,100,1.0,1.0,1.0,0,0,1-25,0
8939,testing Account,,,0,,0,2024-03-05,1,0,1,1,0,100,1.0,1.0,1.0,0,0,1-25,0
8941,Test Vaibhav,,,0,,0,2024-03-05,1,0,1,1,0,100,1.0,1.0,1.0,0,0,101-500,0
8943,qwdqsd,,72,1,1,1,0000-00-00,1,0,1,1,1,100,1.0,1.0,1.0,1,0,1-25,0
8945,Jobma,,73,1,,1,0000-00-00,1,0,1,1,999,100,1.0,1.0,1.0,0,0,1-25,0
8947,jobma,,72,7,1,1,0000-00-00,1,1,1,1,13,100,1.0,1.0,1.0,1,200,1-25,0
8957,jobma,,73,1,,1,0000-00-00,1,0,1,1,999,100,1.0,1.0,1.0,0,0,26-100,0
8963,FORD,,72,1,1,1,0000-00-00,1,1,1,1,2,100,1.0,3.0,1.0,1,0,1-25,0
8965,FORD,,,0,,0,2024-03-08,1,0,1,1,1,100,1.0,1.0,1.0,0,0,1-25,0
8967,NDI,,4,0,,1,0000-00-00,1,0,1,1,999,100,1.0,1.0,1.0,0,0,More than 1000,0
8969,Jobma LLC,,73,1,1,1,0000-00-00,1,0,1,1,10,100,1.0,1.0,1.0,1,0,1-25,0
8971,Jobma LLC,,2,1,1,1,0000-00-00,1,0,1,1,10,100,1.0,1.0,1.0,1,0,1-25,0
8977,Testing Namit and Sons,,1,0,,1,0000-00-00,1,0,1,1,10,100,1.0,1.0,1.0,0,0,500-1000,0
8979,Jwt pvt ltd,,2,0,,1,0000-00-00,1,0,1,1,1,100,1.0,1.0,1.0,0,0,1-25,0
8981,JWT LTD. PVT,,2,0,,1,0000-00-00,1,0,1,1,1,100,1.0,1.0,1.0,0,0,1-25,0
8987,Test Vaibhav,,2,1,,1,0000-00-00,1,0,1,1,999,100,1.0,1.0,1.0,0,0,101-500,0
8991,dsg,,2,1,,1,0000-00-00,1,0,1,1,999,100,1.0,1.0,1.0,0,0,1-25,0
8993,Test Union,,73,1,,1,0000-00-00,1,0,1,1,10,100,1.0,1.0,1.0,0,0,500-1000,0
8995,Jobma,,73,1,1,1,0000-00-00,1,0,1,1,10,100,1.0,1.0,1.0,1,0,1-25,0
9001,asds,,72,1,,1,0000-00-00,1,0,1,1,10,100,1.0,1.0,1.0,0,0,1-25,0
9003,sdf,,73,1,,1,0000-00-00,1,0,1,1,10,100,1.0,1.0,1.0,0,0,1-25,0
9005,asdf,,2,0,,1,0000-00-00,1,0,1,1,10,100,1.0,1.0,1.0,0,0,1-25,0
9007,Jobma,,2,1,1,1,0000-00-00,1,0,1,2,10,100,1.0,1.0,1.0,1,0,1-25,0
9009,sdfdsgsgd,,2,1,,1,0000-00-00,1,0,1,1,999,100,1.0,1.0,1.0,0,0,1-25,0
9011,job,,72,1,1,1,0000-00-00,1,0,1,2,999,100,1.0,1.0,1.0,1,0,1-25,0
9013,Sri Infotech,,3,0,,1,0000-00-00,1,0,1,1,10,100,1.0,1.0,1.0,0,0,101-500,0
9015,Jobma,,73,1,1,1,0000-00-00,1,0,1,2,10,100,1.0,1.0,1.0,1,0,1-25,0
9017,Job,,73,1,1,1,0000-00-00,1,0,1,2,999,100,1.0,1.0,1.0,1,0,1-25,0
9019,Jonma,,73,1,1,1,0000-00-00,1,0,1,2,999,100,1.0,1.0,1.0,1,0,1-25,0
9021,Jonma,,73,1,1,1,0000-00-00,1,0,1,2,999,100,1.0,1.0,1.0,1,0,1-25,0
9023,Jobma,,73,1,1,1,0000-00-00,1,0,1,2,10,100,1.0,1.0,1.0,1,0,1-25,0
9025,Jobma,,231,1,1,1,0000-00-00,1,0,1,2,999,100,1.0,1.0,1.0,1,0,1-25,0
9027,creda,,1,0,,1,0000-00-00,1,0,1,1,10,100,1.0,1.0,1.0,0,0,500-1000,0
9031,Jobma,,73,1,,1,0000-00-00,1,0,1,2,10,100,1.0,1.0,1.0,0,0,1-25,0
9033,Job,,73,1,,1,0000-00-00,1,0,1,2,1,100,1.0,1.0,1.0,0,0,1-25,0
9035,Jobma pvt ltd.,,"231,2",0,,1,0000-00-00,1,1,1,1,3,100,1.0,5.0,1.0,0,0,1-25,0
9037,dfgd,,72,1,,1,0000-00-00,1,0,1,1,10,10000,1.0,1.0,1.0,1,0,26-100,0
9055,ssi,,,0,,0,2024-03-20,1,0,1,1,1,100,1.0,1.0,1.0,0,0,1-25,0
9059,U.S Airforce,,,0,,0,2024-03-27,1,0,1,1,1,100,1.0,1.0,1.0,0,0,1-25,0
9061,jindal  corp.,,,0,,0,2024-03-29,1,0,1,1,0,100,1.0,1.0,1.0,0,0,26-100,0
9063,jindal  corp.,,,0,,0,2024-03-29,1,0,1,1,0,100,1.0,1.0,1.0,0,0,26-100,0
9065,Jobma,,,0,1,0,2024-03-29,1,0,1,1,0,100,1.0,1.0,1.0,0,0,500-1000,0
9067,jindal  corp.,,,0,,0,2024-03-29,1,0,1,1,0,100,1.0,1.0,1.0,0,0,26-100,0
9069,Brutus media,,,0,,0,2024-04-02,1,0,1,1,1,100,1.0,1.0,1.0,0,0,1-25,0
9071,Brutus media,,,0,,0,2024-04-02,1,0,1,1,1,100,1.0,1.0,1.0,0,0,1-25,0
9073,U.S Airforce,,,0,,0,2024-04-02,1,0,1,1,1,100,1.0,1.0,1.0,0,0,1-25,0
9075,U.S Airforce,,,0,,0,2024-04-02,1,0,1,1,1,100,1.0,1.0,1.0,0,0,1-25,0
9083,jobma,,72,1,,1,0000-00-00,1,0,1,1,10,10000,1.0,1.0,1.0,1,0,1-25,0
9085,sgds,,74,1,,1,0000-00-00,1,0,1,1,1,10000,1.0,1.0,1.0,1,0,1-25,0
9087,Jobma,,124,1,,1,0000-00-00,1,0,1,1,10,10000,1.0,1.0,1.0,1,0,1-25,0
9089,Abhijay Singh and Sons,,86,1,,1,0000-00-00,1,0,1,1,10,10000,1.0,1.0,1.0,1,0,500-1000,0
9091,ssi,,4,1,,1,0000-00-00,1,0,1,1,10,10000,1.0,1.0,1.0,1,0,1-25,0
9093,jobma,,73,1,,1,0000-00-00,1,0,1,1,10,10000,1.0,1.0,1.0,1,0,1-25,0
9095,Sri infotech,,73,1,,1,0000-00-00,1,0,1,1,10,100,1.0,1.0,1.0,0,0,500-1000,0
9097,Brutus media,,,0,,0,2024-04-04,1,0,1,1,1,100,1.0,1.0,1.0,0,0,1-25,0
9099,Jobma,,2,1,1,1,0000-00-00,1,0,1,1,10,100,1.0,1.0,1.0,1,0,1-25,0
9101,Jobma,,73,1,1,1,0000-00-00,1,0,1,1,10,100,1.0,1.0,1.0,1,0,1-25,0
9103,Jobma,,73,1,1,1,0000-00-00,1,0,1,2,10,100,1.0,1.0,1.0,1,0,1-25,0
9105,Jobma,,73,1,1,1,0000-00-00,1,0,1,1,10,100,1.0,1.0,1.0,1,0,1-25,0
9107,Jobma,,73,1,1,1,0000-00-00,1,0,1,2,10,100,1.0,1.0,1.0,1,0,1-25,0
9109,Jobma,,73,1,1,1,0000-00-00,1,0,1,2,10,100,1.0,1.0,1.0,1,0,1-25,0
9111,Brutus media,,,0,,0,2024-04-04,1,0,1,1,1,100,1.0,1.0,1.0,0,0,1-25,0
9113,Brutus media,,,0,,0,2024-04-04,1,0,1,1,1,100,1.0,1.0,1.0,0,0,1-25,0
9115,Jobma,,2,1,1,1,0000-00-00,1,0,1,2,10,100,1.0,1.0,1.0,1,0,1-25,0
9117,Jobma,,73,1,1,1,0000-00-00,1,0,1,2,10,100,1.0,1.0,1.0,1,0,1-25,0
9119,Jobma,,73,1,1,1,0000-00-00,1,0,1,2,10,100,1.0,1.0,1.0,1,0,1-25,0
9121,Jobma,,74,1,1,1,0000-00-00,1,0,1,2,10,100,1.0,1.0,1.0,1,0,1-25,0
9123,Jobma,,73,1,1,1,0000-00-00,1,0,1,2,10,100,1.0,1.0,1.0,1,0,1-25,0
9125,Sri Infotech,,3,0,,1,0000-00-00,1,0,1,1,10,100,1.0,1.0,1.0,0,0,101-500,0
9127,Sri Infotech,,3,0,,1,0000-00-00,1,0,1,1,10,100,1.0,1.0,1.0,0,0,101-500,0
9129,Sri Infotech,,3,0,,1,0000-00-00,1,0,1,1,10,100,1.0,1.0,1.0,0,0,101-500,0
9131,Sri Infotech,,3,0,,1,0000-00-00,1,0,1,1,10,100,1.0,1.0,1.0,0,0,101-500,0
9133,Sri Infotech,,3,0,,1,0000-00-00,1,0,1,1,10,100,1.0,1.0,1.0,0,0,101-500,0
9135,Sri Infotech,,3,1,,1,0000-00-00,1,0,1,1,10,100,1.0,1.0,1.0,0,0,101-500,0
9137,Sri Infotech,,3,1,,1,0000-00-00,1,0,1,1,10,100,1.0,1.0,1.0,0,0,101-500,0
9139,Sri Infotech,,3,1,,1,0000-00-00,1,0,1,1,10,100,1.0,1.0,1.0,0,0,101-500,0
9141,fhhf,,3,0,,1,0000-00-00,1,0,1,1,10,100,1.0,1.0,1.0,0,0,1-25,0
9143,fhhf,,2,1,,1,0000-00-00,1,0,1,1,10,100,1.0,1.0,1.0,0,0,1-25,0
9145,fhhf,,74,1,,1,0000-00-00,1,0,1,1,10,100,1.0,1.0,1.0,0,0,1-25,0
9147,abhishej,,75,1,,1,0000-00-00,1,0,1,1,10,100,1.0,1.0,1.0,0,0,101-500,0
9149,Test Company,,74,1,,1,0000-00-00,1,0,1,1,10,100,1.0,1.0,1.0,0,0,101-500,0
9151,Jobma,,73,1,1,1,0000-00-00,1,0,1,2,10,100,1.0,1.0,1.0,1,0,1-25,0
9153,Jobma,,51,1,1,1,0000-00-00,1,0,1,2,10,100,1.0,1.0,1.0,1,0,1-25,0
9155,Jobma,,3,1,1,1,0000-00-00,1,0,1,2,10,100,1.0,1.0,1.0,1,0,1-25,0
9157,Jobma,,75,1,1,1,0000-00-00,1,0,1,2,10,100,1.0,1.0,1.0,1,0,1-25,0
9159,Jobma,,75,1,1,1,0000-00-00,1,0,1,2,10,100,1.0,1.0,1.0,1,0,1-25,0
9161,Jobma,,82,1,1,1,0000-00-00,1,0,1,2,10,100,1.0,1.0,1.0,1,0,1-25,0
9163,Jobma,,73,1,1,1,0000-00-00,1,0,1,2,10,100,1.0,1.0,1.0,1,0,1-25,0
9165,Jobma,,74,1,1,1,0000-00-00,1,0,1,2,10,100,1.0,1.0,1.0,1,0,1-25,0
9167,Jobma,,74,1,1,1,0000-00-00,1,0,1,2,10,100,1.0,1.0,1.0,1,0,1-25,0
9169,Jobma,,74,1,1,1,0000-00-00,1,0,1,2,10,100,1.0,1.0,1.0,1,0,1-25,0
9171,Jobma,,74,1,1,1,0000-00-00,1,0,1,2,10,100,1.0,1.0,1.0,1,0,1-25,0
9173,Jobma,,2,1,1,1,0000-00-00,1,0,1,2,10,100,1.0,1.0,1.0,1,0,1-25,0
9175,Jobma,,76,1,1,1,0000-00-00,1,0,1,2,10,100,1.0,1.0,1.0,1,0,1-25,0
9177,fgjjfjfjf,,3,0,,1,0000-00-00,1,0,1,1,10,100,1.0,1.0,1.0,0,0,1-25,0
9179,fgjjfjfjf,,3,0,,1,0000-00-00,1,0,1,1,10,100,1.0,1.0,1.0,0,0,1-25,0
9181,jobma,,2,0,,1,0000-00-00,1,0,1,1,10,100,1.0,1.0,1.0,0,0,1-25,0
9183,Test Compnay,,3,0,,1,0000-00-00,1,0,1,1,10,100,1.0,1.0,1.0,0,0,101-500,0
9185,Jobma,,2,1,1,1,0000-00-00,1,0,1,2,10,100,1.0,1.0,1.0,1,0,1-25,0
9187,Jobma,,231,1,1,1,0000-00-00,1,0,1,2,10,100,1.0,1.0,1.0,1,0,1-25,0
9189,Test New Dev Account,,3,0,,1,0000-00-00,1,0,1,1,10,100,1.0,1.0,1.0,0,0,101-500,0
9191,Jobma,,231,1,1,1,0000-00-00,1,0,1,2,10,100,1.0,1.0,1.0,1,0,1-25,0
9193,Jobma,,231,1,1,1,0000-00-00,1,0,1,2,10,100,1.0,1.0,1.0,1,0,1-25,0
9195,Jobma,,231,1,1,1,0000-00-00,1,0,1,2,10,100,1.0,1.0,1.0,1,0,1-25,0
9197,Jobma,,72,1,1,1,0000-00-00,1,0,1,2,10,100,1.0,1.0,1.0,1,0,1-25,0
9199,Jobma,,72,1,1,1,0000-00-00,1,0,1,2,10,100,1.0,1.0,1.0,1,0,1-25,0
9201,Jobma,,3,1,1,1,0000-00-00,1,0,1,2,10,100,1.0,1.0,1.0,1,0,1-25,0
9203,sri info,,3,1,,1,0000-00-00,1,0,1,1,10,100,1.0,1.0,1.0,0,0,101-500,0
9205,Jobma,,231,1,1,1,0000-00-00,1,0,1,2,10,100,1.0,1.0,1.0,1,0,1-25,0
9207,Company name,,72,1,,1,0000-00-00,1,0,1,1,10,100,1.0,1.0,1.0,0,0,1-25,0
9209,programming llc@yopmail.com,,231,1,,1,0000-00-00,1,0,1,1,10,100,1.0,1.0,1.0,0,0,101-500,0
9211,programming llc@yopmail.com,,72,1,,1,0000-00-00,1,0,1,2,10,100,1.0,1.0,1.0,0,0,101-500,0
9213,programming llc@yopmail.com,,231,1,,1,0000-00-00,1,0,1,2,1,100,1.0,1.0,1.0,0,0,101-500,0
9215,Jobma,,72,1,1,1,0000-00-00,1,0,1,2,10,100,1.0,1.0,1.0,1,0,1-25,0
9217,Jobma,,72,1,,1,0000-00-00,1,0,1,2,10,100,1.0,1.0,1.0,0,0,1-25,0
9219,Jobma,,74,1,,1,0000-00-00,1,0,1,2,1,100,1.0,1.0,1.0,0,0,1-25,0
9221,programming llc@yopmail.com,,4,0,,1,0000-00-00,1,0,1,1,10,100,1.0,1.0,1.0,0,0,101-500,0
9223,programming llc@yopmail.com,,3,0,,1,0000-00-00,1,0,1,1,10,100,1.0,1.0,1.0,0,0,101-500,0
9225,programming llc@yopmail.com,,3,0,,1,0000-00-00,1,0,1,1,10,100,1.0,1.0,1.0,0,0,101-500,0
9227,U.S Airforce,,,0,,0,2024-04-08,1,0,1,1,1,100,1.0,1.0,1.0,0,0,1-25,0
9229,dsfsd,,3,0,,1,0000-00-00,1,0,1,1,10,100,1.0,1.0,1.0,0,0,26-100,0
9231,dsfsd,,4,0,,1,0000-00-00,1,0,1,1,10,100,1.0,1.0,1.0,0,0,26-100,0
9233,Jobma,,2,1,1,1,0000-00-00,1,0,1,2,10,100,1.0,1.0,1.0,1,0,1-25,0
9235,dsfsd,,2,0,,1,0000-00-00,1,0,1,1,10,100,1.0,1.0,1.0,0,0,26-100,0
9237,dsfsd,,2,0,,1,0000-00-00,1,0,1,1,10,100,1.0,1.0,1.0,0,0,26-100,0
9239,dsfsd,,3,0,,1,0000-00-00,1,0,1,1,10,100,1.0,1.0,1.0,0,0,26-100,0
9241,dsfsd,,3,0,,1,0000-00-00,1,0,1,1,10,100,1.0,1.0,1.0,0,0,26-100,0
9243,dsfsd,,2,0,,1,0000-00-00,1,0,1,1,10,100,1.0,1.0,1.0,0,0,26-100,0
9245,dsfsd,,3,0,,1,0000-00-00,1,0,1,1,10,100,1.0,1.0,1.0,0,0,26-100,0
9247,dsfsd,,3,0,,1,0000-00-00,1,0,1,1,10,100,1.0,1.0,1.0,0,0,26-100,0
9249,Jobma,,,0,,0,2024-04-09,1,0,1,1,1,100,1.0,1.0,1.0,0,0,1-25,0
9251,dsfsd,,3,0,,1,0000-00-00,1,0,1,1,10,100,1.0,1.0,1.0,0,0,26-100,0
9253,dsfsd,,4,0,,1,0000-00-00,1,0,1,1,10,100,1.0,1.0,1.0,0,0,26-100,0
9255,Jobma,,,0,,0,2024-04-09,1,0,1,1,1,100,1.0,1.0,1.0,0,0,1-25,0
9257,dsfsd,,3,0,,1,0000-00-00,1,0,1,1,10,100,1.0,1.0,1.0,0,0,26-100,0
9259,Jobma,,,0,,0,2024-04-09,1,0,1,1,1,100,1.0,1.0,1.0,0,0,1-25,0
9265,Jobma,,,0,1,0,2024-04-09,1,0,1,1,1,100,1.0,1.0,1.0,0,0,500-1000,0
9279,company,,231,1,,1,0000-00-00,1,0,1,1,10,100,1.0,1.0,1.0,0,0,1-25,0
9283,Jobma,,72,1,1,1,0000-00-00,1,0,1,2,10,100,1.0,1.0,1.0,1,0,1-25,0
9287,Utkarshdubey123@yopmail.com,,2,1,,1,0000-00-00,1,0,1,1,1,100,1.0,1.0,1.0,0,0,26-100,0
9289,Select Source International,,"1,2",0,,1,0000-00-00,1,0,1,1,1,100,1.0,1.0,1.0,0,0,1-25,0
9293,US Navy,,66,0,,1,0000-00-00,1,0,1,1,999,100,1.0,1.0,1.0,0,0,101-500,0
9297,ssi,,2,0,,1,0000-00-00,1,0,1,1,999,100,1.0,1.0,1.0,0,0,500-1000,0
9299,Jobma,,231,1,,1,0000-00-00,1,0,1,1,1,100,1.0,1.0,1.0,0,0,1-25,1
9305,ssi,,,0,,0,2024-05-01,1,0,1,1,1,100,1.0,1.0,1.0,0,0,1-25,0
9307,US Navy,,,0,,0,2024-05-01,1,0,1,1,1,100,1.0,1.0,1.0,0,0,1-25,0
9309,U.S Airforce,,,0,,0,2024-05-07,1,0,1,1,1,100,1.0,1.0,1.0,0,0,1-25,0
9311,Jobma,,72,1,,1,0000-00-00,1,0,1,1,10,100,1.0,1.0,1.0,0,0,1-25,0
9313,US AirForce,,1,0,,1,0000-00-00,1,0,1,1,1,100,1.0,9.0,1.0,0,0,500-1000,1
9314,US AirForce,,,0,,0,2024-05-28,1,0,1,1,1,100,1.0,1.0,1.0,0,0,1-25,0
9315,HP,,85,1,1,1,0000-00-00,1,0,1,1,999,100,1.0,1.0,1.0,0,0,More than 1000,0
9319,IND,,72,4,1,1,0000-00-00,1,0,1,1,999,100,1.0,1.0,1.0,1,0,1-25,0
9321,Travels UK,,,0,1,0,2024-06-24,1,0,1,1,0,100,1.0,1.0,1.0,0,0,26-100,0
9323,Jobma,,,0,1,0,2024-06-25,1,0,1,1,0,100,1.0,1.0,1.0,0,0,500-1000,0
9325,Jobma,,,0,1,0,2024-06-28,1,0,1,1,0,100,1.0,1.0,1.0,0,0,500-1000,0
9333,Jobma,,,0,1,0,2024-07-03,1,0,1,1,0,100,1.0,1.0,1.0,0,0,500-1000,0
9335,US Navy,,,0,,0,2024-07-10,1,0,1,1,1,100,1.0,1.0,1.0,0,0,1-25,0
9337,US Navy,,,0,,0,2024-07-10,1,0,1,1,1,100,1.0,1.0,1.0,0,0,1-25,0
9339,US Navy,,,0,,0,2024-07-10,1,0,1,1,1,100,1.0,1.0,1.0,0,0,1-25,0
9341,US Navy,,,0,,0,2024-07-10,1,0,1,1,1,100,1.0,1.0,1.0,0,0,1-25,0
9343,US Navy,,,0,,0,2024-07-10,1,0,1,1,1,100,1.0,1.0,1.0,0,0,1-25,0
9345,US Navy,,,0,,0,2024-07-10,1,0,1,1,1,100,1.0,1.0,1.0,0,0,1-25,0
9347,US Navy,,,0,,0,2024-07-10,1,0,1,1,1,100,1.0,1.0,1.0,0,0,1-25,0
9349,US Navy,,,0,,0,2024-07-10,1,0,1,1,1,100,1.0,1.0,1.0,0,0,1-25,0
9351,US Navy,,,0,,0,2024-07-10,1,0,1,1,1,100,1.0,1.0,1.0,0,0,1-25,0
9353,US Navy,,,0,,0,2024-07-10,1,0,1,1,1,100,1.0,1.0,1.0,0,0,1-25,0
9355,US Navy,,,0,,0,2024-07-10,1,0,1,1,1,100,1.0,1.0,1.0,0,0,1-25,0
9357,US Navy,,,0,,0,2024-07-10,1,0,1,1,1,100,1.0,1.0,1.0,0,0,1-25,0
9359,US Navy,,,0,,0,2024-07-10,1,0,1,1,1,100,1.0,1.0,1.0,0,0,1-25,0
9361,US Navy,,,0,,0,2024-07-10,1,0,1,1,1,100,1.0,1.0,1.0,0,0,1-25,0
9363,US Navy,,,0,,0,2024-07-10,1,0,1,1,1,100,1.0,1.0,1.0,0,0,1-25,0
9365,SSI,,1,0,,1,0000-00-00,1,1,1,1,21,100,1.0,3.0,1.0,0,0,26-100,0
9371,SSI,,,0,,0,2024-07-22,1,0,1,1,1,100,1.0,1.0,1.0,0,0,1-25,0
9373,SSI,,,0,,0,2024-07-22,1,0,1,1,1,100,1.0,1.0,1.0,0,0,1-25,0
9375,SSI,,,0,,0,2024-07-22,1,0,1,1,1,100,1.0,1.0,1.0,0,0,1-25,0
9377,SSI,,,0,,0,2024-07-22,1,0,1,1,1,100,1.0,1.0,1.0,0,0,1-25,0
9379,SSI,,,0,,0,2024-07-22,1,0,1,1,1,100,1.0,1.0,1.0,0,0,1-25,0
9381,SSI,,,0,,0,2024-07-22,1,0,1,1,1,100,1.0,1.0,1.0,0,0,1-25,0
9383,SSI,,,0,,0,2024-07-22,1,0,1,1,1,100,1.0,1.0,1.0,0,0,1-25,0
9385,SSI,,,0,,0,2024-07-22,1,0,1,1,1,100,1.0,1.0,1.0,0,0,1-25,0
9387,SSI,,,0,,0,2024-07-22,1,0,1,1,1,100,1.0,1.0,1.0,0,0,1-25,0
9389,SSI,,,0,,0,2024-07-22,1,0,1,1,1,100,1.0,1.0,1.0,0,0,1-25,0
9391,SSI,,,0,,0,2024-07-22,1,0,1,1,1,100,1.0,1.0,1.0,0,0,1-25,0
9393,SSI,,,0,,0,2024-07-22,1,0,1,1,1,100,1.0,1.0,1.0,0,0,1-25,0
9395,SSI,,,0,,0,2024-07-22,1,0,1,1,1,100,1.0,1.0,1.0,0,0,1-25,0
9397,SSI,,,0,,0,2024-07-22,1,0,1,1,1,100,1.0,1.0,1.0,0,0,1-25,0
9399,SSI,,,0,,0,2024-07-22,1,0,1,1,1,100,1.0,1.0,1.0,0,0,1-25,0
9401,SSI,,,0,,0,2024-07-22,1,0,1,1,1,100,1.0,1.0,1.0,0,0,1-25,0
9403,Jobma,,,0,1,0,2024-08-28,1,0,1,1,0,100,1.0,1.0,1.0,0,0,500-1000,0
9405,Jobma Share Holder,,85,1,1,1,0000-00-00,1,0,1,1,999,100,1.0,1.0,1.0,1,0,1-25,0
9411,HP,,,0,,0,2024-09-18,1,0,1,1,0,100,1.0,1.0,1.0,0,0,More than 1000,0
9413,Company name,,1,0,,1,0000-00-00,1,0,1,1,10,100,5.0,1.0,1.0,0,0,101-500,1
9415,HP,,,0,,0,2024-11-26,1,0,1,1,0,100,1.0,1.0,1.0,0,0,More than 1000,0
9417,Ifrit pvt ltd,,,0,,0,2024-12-02,1,0,1,1,1,100,1.0,1.0,1.0,0,0,1-25,0
9419,Ifrit pvt ltd,,,0,,0,2024-12-02,1,0,1,1,1,100,1.0,1.0,1.0,0,0,1-25,0
9423,IND,,,0,,0,2024-12-23,1,0,1,1,0,100,1.0,1.0,1.0,0,0,1-25,0
9425,IND,,,0,,0,2024-12-23,1,0,1,1,0,100,1.0,1.0,1.0,0,0,1-25,0
9427,Jobma,,,0,1,0,2024-12-28,1,0,1,1,0,100,1.0,1.0,1.0,0,0,500-1000,0
9429,Jobma,,,0,1,0,2025-01-06,1,0,1,1,0,100,1.0,1.0,1.0,0,0,500-1000,0
9431,JOBMA,,,0,1,0,2025-02-17,1,0,1,1,0,100,1.0,1.0,1.0,0,0,1-25,0
9433,Jobma,,,0,,0,2025-03-05,1,0,1,1,0,100,1.0,1.0,1.0,0,0,500-1000,0
9435,JOBMA,,,0,,0,2025-03-11,1,0,1,1,0,100,1.0,1.0,1.0,0,0,1-25,0
9437,JOBMA,,,0,,0,2025-03-11,1,0,1,1,0,100,1.0,1.0,1.0,0,0,1-25,0
9439,JOBMA,,,0,,0,2025-03-11,1,0,1,1,0,100,1.0,1.0,1.0,0,0,1-25,0
9441,JOBMA,,,0,,0,2025-03-11,1,0,1,1,0,100,1.0,1.0,1.0,0,0,1-25,0
9443,Jobma,,,0,,0,2025-03-12,1,0,1,1,0,100,1.0,1.0,1.0,0,0,500-1000,0
9445,Jobma,,74,1,,1,0000-00-00,1,0,1,1,10,100,1.0,1.0,1.0,0,0,1-25,0
